meeting_key,session_key,driver_number,lap_number,date_start,duration_sector_1,duration_sector_2,duration_sector_3,i1_speed,i2_speed,is_pit_out_lap,lap_duration,segments_sector_1,segments_sector_2,segments_sector_3,st_speed
1258,10015,31,1,,,38.677,35.13,244.0,269,True,,"[2064, 2064, 2064, 2049, 2049, 2049, 2049, 2049, 2049]","[2049, 2049, 2049, 2049, 2049, 2049, 2049]","[2049, 2049, 2051, 2049, 2049, 2049, 2051, 2051, 2051, 2051]",271
1258,10015,23,1,,,40.441,39.991,240.0,184,True,,"[2064, 2064, 2064, 2049, 2049, 2049, 2049, 2049, 2049]","[2049, 2049, 2049, 2049, 2049, 2049, 2049]","[2049, 2049, 2049, 2049, 2049, 2051, 2049, 2049, 2064, 2064]",305
1258,10015,4,1,,,35.607,33.768,248.0,290,True,,"[2064, 2064, 2064, 2049, 2049, 2049, 2049, 2049, 2049]","[2049, 2049, 2049, 2049, 2049, 2049, 2049]","[2051, 2049, 2049, 2049, 2049, 2049, 2049, 2049, 2049, 2049]",224
1258,10015,12,1,,,33.204,40.26,264.0,295,True,,"[2064, 2064, 2064, 2049, 2049, 2049, 2049, 2049, 2049]","[2049, 2049, 2049, 2049, 2049, 2049, 2049]","[2049, 2049, 2049, 2049, 2049, 2049, 2049, 2049, 2049, 2049]",144
1258,10015,55,1,2025-04-18T13:30:19.954000+00:00,,33.12,34.15,276.0,288,True,,"[2064, 2064, 2064, 2049, 2049, 2049, 2051, 2049, 2049]","[2051, 2049, 2051, 2049, 2049, 2051, 2049]","[2049, 2049, 2049, 2051, 2049, 2049, 2051, 2051, 2051, 2051]",302
1258,10015,30,1,2025-04-18T13:30:27.813000+00:00,,37.408,35.541,249.0,231,True,,"[2064, 2064, 2064, 2049, 2049, 2049, 2049, 2049, 2049]","[2049, 2049, 2049, 2049, 2049, 2049, 2049]","[2049, 2049, 2049, 2049, 2049, 2049, 2049, 2049, 2049, 2051]",260
1258,10015,87,1,2025-04-18T13:30:29.673000+00:00,,32.257,31.149,253.0,298,True,,"[2064, 2064, 2064, 2049, 2049, 2049, 2049, 2049, 2049]","[2049, 2051, 2049, 2051, 2049, 2049, 2051]","[2049, 2051, 2051, 2051, 2051, 2051, 2049, 2049, 2049, 2049]",305
1258,10015,1,1,2025-04-18T13:30:31.563000+00:00,,34.901,40.898,271.0,249,True,,"[2064, 2064, 2064, 2049, 2049, 2049, 2049, 2049, 2049]","[2049, 2049, 2049, 2049, 2049, 2049, 2049]","[2049, 2049, 2049, 2049, 2049, 2049, 2049, 2049, 2049, 2049]",270
1258,10015,16,1,2025-04-18T13:30:35.813000+00:00,,38.372,33.833,199.0,280,True,,"[2064, 2064, 2064, 2049, 2049, 2049, 2049, 2049, 2049]","[2049, 2049, 2049, 2049, 2049, 2049, 2049]","[2049, 2049, 2049, 2049, 2049, 2049, 2049, 2049, 2049, 2049]",290
1258,10015,44,1,2025-04-18T13:30:37.345000+00:00,,37.961,34.368,199.0,276,True,,"[2064, 2064, 2064, 2049, 2049, 2049, 2049, 2049, 2049]","[2049, 2049, 2049, 2049, 2049, 2049, 2049]","[2049, 2049, 2049, 2049, 2049, 2049, 2049, 2049, 2049, 2049]",267
1258,10015,22,1,2025-04-18T13:30:39.735000+00:00,,33.401,37.617,257.0,302,True,,"[2064, 2064, 2064, 2049, 2049, 2049, 2049, 2049, 2049]","[2049, 2049, 2049, 2049, 2049, 2049, 2049]","[2049, 2049, 2049, 2049, 2049, 2049, 2049, 2049, 2049, 2049]",298
1258,10015,5,1,2025-04-18T13:30:41.345000+00:00,,35.472,36.408,255.0,237,True,,"[2064, 2064, 2064, 2049, 2049, 2049, 2049, 2049, 2049]","[2049, 2049, 2049, 2049, 2049, 2049, 2049]","[2049, 2049, 2049, 2049, 2049, 2049, 2049, 2049, 2049, 2049]",179
1258,10015,10,1,2025-04-18T13:30:58.673000+00:00,,32.232,33.263,273.0,313,True,,"[2064, 2064, 2064, 2049, 2049, 2049, 2049, 2049, 2049]","[2049, 2049, 2049, 2049, 2049, 2051, 2051]","[2051, 2049, 2051, 2051, 2049, 2049, 2049, 2049, 2049, 2049]",313
1258,10015,81,1,2025-04-18T13:31:02.001000+00:00,,32.572,40.101,261.0,283,True,,"[2064, 2064, 2064, 2049, 2049, 2049, 2049, 2049, 2049]","[2049, 2049, 2049, 2049, 2049, 2049, 2049]","[2049, 2049, 2049, 2049, 2049, 2049, 2051, 2049, 2049, 2049]",120
1258,10015,14,1,2025-04-18T13:31:12.329000+00:00,,34.959,40.607,263.0,296,True,,"[2064, 2064, 2064, 2049, 2049, 2049, 2049, 2049, 2049]","[2049, 2049, 2049, 2049, 2049, 2049, 2049]","[2049, 2049, 2049, 2049, 2049, 2049, 2049, 2049, 2051, 2049]",179
1258,10015,6,1,2025-04-18T13:31:23.455000+00:00,,39.789,44.382,244.0,300,True,,"[2064, 2064, 2064, 2049, 2049, 2049, 2049, 2049, 2049]","[2049, 2049, 2049, 2049, 2049, 2049, 2049]","[2049, 2049, 2049, 2049, 2049, 2049, 2049, 2049, 2049, 2051]",262
1258,10015,7,1,2025-04-18T13:31:41.267000+00:00,,37.037,32.966,266.0,218,True,,"[2064, 2064, 2064, 2049, 2049, 2049, 2049, 2049, 2049]","[2049, 2049, 2049, 2049, 2049, 2049, 2049]","[2049, 2049, 2049, 2049, 2049, 2049, 2049, 2049, 2049, 2049]",312
1258,10015,27,1,2025-04-18T13:31:58.502000+00:00,,38.351,39.362,236.0,296,True,,"[2064, 2064, 2064, 2049, 2049, 2049, 2049, 2049, 2049]","[2049, 2049, 2049, 2049, 2049, 2049, 2049]","[2049, 2049, 2049, 2049, 2049, 2049, 2049, 2049, 2049, 2049]",157
1258,10015,31,2,2025-04-18T13:32:09.268000+00:00,38.501,31.786,36.984,272.0,274,False,107.271,"[2049, 2049, 2049, 2049, 2049, 2049, 2049, 2049, 2049]","[2049, 2049, 2049, 2049, 2049, 2049, 2049]","[2049, 2049, 2049, 2049, 2049, 2049, 2049, 2048, 2064, 2064]",274
1258,10015,63,1,2025-04-18T13:32:12.846000+00:00,,33.193,43.26,272.0,267,True,,"[2064, 2064, 2064, 2049, 2049, 2049, 2049, 2049, 2049]","[2049, 2049, 2049, 2049, 2049, 2049, 2049]","[2049, 2049, 2049, 2049, 2049, 2049, 2049, 2049, 2049, 2049]",100
1258,10015,55,2,2025-04-18T13:32:16.111000+00:00,34.38,29.379,39.287,289.0,289,False,103.046,"[2049, 2049, 2049, 2049, 2049, 2049, 2049, 2049, 2049]","[2049, 2049, 2049, 2049, 2051, 2051, 2049]","[2048, 2048, 2048, 2048, 2048, 2048, 2049, 2049, 2051, 2051]",258
1258,10015,18,1,2025-04-18T13:32:18.908000+00:00,,39.063,42.484,268.0,256,True,,"[2064, 2064, 2064, 2049, 2049, 2049, 2049, 2049, 2049]","[2049, 2049, 2049, 2049, 2049, 2049, 2049]","[2049, 2049, 2049, 2049, 2049, 2049, 2049, 2049, 2049, 2049]",216
1258,10015,4,2,2025-04-18T13:32:29.174000+00:00,33.62,28.954,29.313,289.0,325,False,91.887,"[2049, 2049, 2051, 2049, 2049, 2049, 2049, 2049, 2049]","[2049, 2049, 2049, 2049, 2049, 2049, 2049]","[2049, 2049, 2051, 2051, 2051, 2049, 2049, 2051, 2051]",327
1258,10015,87,2,2025-04-18T13:32:33.737000+00:00,34.362,29.027,29.557,285.0,316,False,92.946,"[2049, 2049, 2049, 2049, 2049, 2049, 2049, 2049, 2049]","[2049, 2049, 2049, 2049, 2049, 2049, 2049]","[2049, 2049, 2049, 2049, 2049, 2048, 2049, 2049, 2049, 2049]",326
1258,10015,30,2,2025-04-18T13:32:43.205000+00:00,34.761,29.87,29.801,287.0,328,False,94.432,"[2049, 2049, 2049, 2049, 2049, 2049, 2049, 2049, 2049]","[2049, 2049, 2049, 2049, 2049, 2049, 2051]","[2051, 2049, 2049, 2049, 2049, 2049, 2049, 2049, 2049]",332
1258,10015,1,2,2025-04-18T13:32:51.518000+00:00,33.681,28.798,29.285,286.0,322,False,91.764,"[2049, 2049, 2049, 2049, 2049, 2051, 2049, 2051, 2051]","[2049, 2049, 2049, 2051, 2049, 2049, 2049]","[2049, 2051, 2049, 2049, 2049, 2051, 2049, 2049, 2049, 2049]",327
1258,10015,12,2,2025-04-18T13:32:58.878000+00:00,34.484,29.061,29.602,287.0,325,False,93.147,"[2049, 2049, 2049, 2049, 2051, 2049, 2049, 2049, 2049]","[2049, 2049, 2051, 2049, 2049, 2049, 2049]","[2049, 2049, 2049, 2049, 2049, 2049, 2049, 2049, 2049]",331
1258,10015,16,2,2025-04-18T13:33:09.534000+00:00,35.257,29.71,30.088,286.0,304,False,95.055,"[2049, 2049, 2049, 2049, 2049, 2049, 2049, 2049, 2049]","[2049, 2049, 2049, 2049, 2049, 2049, 2049]","[2049, 2049, 2049, 2049, 2049, 2049, 2049, 2049, 2049]",309
1258,10015,10,2,2025-04-18T13:33:13.550000+00:00,33.591,28.917,29.836,288.0,322,False,92.344,"[2049, 2051, 2049, 2049, 2049, 2049, 2049, 2049, 2049]","[2049, 2049, 2049, 2049, 2049, 2049, 2049]","[2049, 2049, 2049, 2051, 2049, 2049, 2049, 2049, 2049, 2049]",329
1258,10015,44,2,2025-04-18T13:33:16.628000+00:00,34.585,29.117,29.834,286.0,305,False,93.536,"[2049, 2049, 2049, 2049, 2049, 2049, 2049, 2049, 2049]","[2051, 2049, 2049, 2049, 2049, 2049, 2049]","[2049, 2049, 2049, 2049, 2049, 2049, 2049, 2049, 2049, 2049]",309
1258,10015,22,2,2025-04-18T13:33:17.909000+00:00,43.096,44.122,33.535,180.0,200,False,120.753,"[2049, 2049, 2049, 2049, 2049, 2048, 2048, 2048, 2048]","[2048, 2048, 2048, 2048, 2048, 2048, 2048]","[2048, 2049, 2049, 2048, 2049, 2049, 2049, 2049, 2049]",278
1258,10015,5,2,2025-04-18T13:33:25.284000+00:00,35.515,30.181,29.9,283.0,326,False,95.596,"[2049, 2049, 2049, 2049, 2049, 2049, 2049, 2049, 2049]","[2049, 2049, 2049, 2049, 2049, 2049, 2049]","[2049, 2049, 2049, 2049, 2049, 2049, 2049, 2049, 2049, 2049]",330
1258,10015,81,2,2025-04-18T13:33:34.081000+00:00,33.563,28.668,29.317,286.0,322,False,91.548,"[2049, 2049, 2049, 2049, 2049, 2049, 2051, 2049, 2049]","[2049, 2051, 2049, 2051, 2049, 2049, 2049]","[2049, 2049, 2051, 2049, 2049, 2049, 2048, 2048, 2049, 2049]",326
1258,10015,14,2,2025-04-18T13:33:40.581000+00:00,34.597,29.275,29.566,284.0,325,False,93.438,"[2049, 2049, 2049, 2049, 2049, 2049, 2049, 2049, 2049]","[2049, 2049, 2049, 2049, 2049, 2049, 2049]","[2049, 2049, 2049, 2049, 2049, 2049, 2048, 2048, 2048, 2048]",326
1258,10015,55,3,2025-04-18T13:33:59.088000+00:00,33.646,28.835,29.478,,321,False,91.959,"[None, 2049, 2049, 2051, 2049, 2049, 2049, 2049, 2048]","[2049, 2049, 2049, 2049, 2051, 2049, 2049]","[2049, 2049, 2049, 2049, 2049, 2049, 2048, 2048, 2048, 2048]",327
1258,10015,4,3,2025-04-18T13:34:00.971000+00:00,48.045,59.738,41.09,171.0,94,False,148.873,"[2048, 2048, 2048, 2048, 2048, 2048, 2048, 2048, 2048]","[2048, 2048, 2048, 2048, 2048, 2048, 2048]","[2048, 2048, 2048, 2048, 2048, 2048, 2049, 2048, 2048]",158
1258,10015,7,2,2025-04-18T13:34:05.581000+00:00,45.838,38.719,38.575,245.0,207,False,123.132,"[2049, 2049, 2049, 2049, 2049, 2049, 2048, 2049, 2048]","[2048, 2049, 2048, 2048, 2049, 2049, 2049]","[2048, 2048, 2048, 2048, 2048, 2049, 2051, 2049, 2049]",220
1258,10015,6,2,2025-04-18T13:34:05.674000+00:00,34.835,29.251,29.484,288.0,328,False,93.57,"[2051, 2049, 2049, 2049, 2049, 2049, 2049, 2049, 2049]","[2049, 2049, 2049, 2049, 2049, 2049, 2049]","[2049, 2049, 2049, 2049, 2049, 2049, 2049, 2049, 2048, 2048]",331
1258,10015,87,3,2025-04-18T13:34:06.518000+00:00,60.424,49.191,39.322,163.0,161,False,148.937,"[2048, 2048, 2048, 2048, 2048, 2048, 2048, 2048, 2048]","[2048, 2048, 2048, 2048, 2048, 2048, 2048]","[2048, 2048, 2048, 2048, 2048, 2048, 2051, 2048, 2048, 2048]",260
1258,10015,63,2,2025-04-18T13:34:09.018000+00:00,33.876,28.796,29.188,288.0,331,False,91.86,"[2049, 2049, 2049, 2049, 2049, 2049, 2049, 2049, 2049]","[2049, 2049, 2051, 2049, 2049, 2051, 2051]","[2049, 2049, 2051, 2051, 2049, 2049, 2049, 2051, 2051, 2049]",332
1258,10015,27,2,2025-04-18T13:34:13.800000+00:00,34.913,29.172,29.655,286.0,329,False,93.74,"[2049, 2049, 2049, 2049, 2049, 2049, 2049, 2049, 2049]","[2049, 2049, 2049, 2049, 2049, 2049, 2049]","[2049, 2049, 2049, 2049, 2051, 2049, 2049, 2049, 2049, 2049]",333
1258,10015,30,3,2025-04-18T13:34:17.534000+00:00,56.872,53.111,49.57,161.0,183,False,159.553,"[2048, 2048, 2048, 2048, 2048, 2048, 2048, 2048, 2048]","[2048, 2048, 2048, 2048, 2048, 2048, 2048]","[2048, 2048, 2048, 2048, 2048, 2048, 2048, 2048, 2048, 2048]",120
1258,10015,18,2,2025-04-18T13:34:20.846000+00:00,34.025,29.282,29.509,286.0,324,False,92.816,"[2049, 2049, 2049, 2049, 2049, 2049, 2049, 2049, 2049]","[2049, 2049, 2049, 2049, 2049, 2049, 2049]","[2049, 2049, 2049, 2049, 2049, 2049, 2049, 2049, 2049, 2048]",324
1258,10015,1,3,2025-04-18T13:34:23.346000+00:00,62.034,49.76,47.552,169.0,153,False,159.346,"[2048, 2048, 2048, 2048, 2048, 2048, 2048, 2048, 2048]","[2048, 2048, 2048, 2048, 2048, 2048, 2048]","[2048, 2048, 2048, 2048, 2048, 2048, 2049, 2048, 2048, 2048]",178
1258,10015,12,3,2025-04-18T13:34:31.909000+00:00,56.031,54.882,45.8,189.0,127,False,156.713,"[2048, 2048, 2048, 2048, 2048, 2048, 2048, 0, 0]","[2048, 2048, 2048, 2048, 2048, 2048, 2048]","[2048, 2048, 2048, 2048, 2048, 2048, 2048, 2048, 2048, 2048]",197
1258,10015,16,3,2025-04-18T13:34:44.487000+00:00,34.923,29.4,29.924,285.0,305,False,94.247,"[None, 2049, 2049, 2049, 2049, 2049, 2048, 2049, 2048]","[2049, 2049, 2049, 2049, 2049, 2049, 2049]","[2048, 2049, 2049, 2049, 2048, 2049, 2048, 2048, 2049]",308
1258,10015,10,3,2025-04-18T13:34:45.800000+00:00,57.722,52.252,42.979,196.0,235,False,152.953,"[2048, 2048, 2048, 2048, 2048, 2048, 2048, 2048, 2048]","[2048, 2048, 2048, 2048, 2048, 2048, 2048]","[2048, 2048, 2048, 2048, 2048, 2049, 2049, 2049, 2048, 2048]",257
1258,10015,44,3,2025-04-18T13:34:50.159000+00:00,34.073,30.664,30.176,,299,False,94.913,"[None, 2049, 2049, 2048, 2049, 2049, 2049, 2049, 2049]","[2048, 2049, 2048, 2048, 2048, 2048, 2048]","[2048, 2048, 2048, 2048, 2049, 2048, 2048, 2048, 2048]",308
1258,10015,5,3,2025-04-18T13:35:00.769000+00:00,50.131,51.658,42.47,177.0,176,False,144.259,"[2048, 2048, 2048, 2048, 2048, 2048, 2048, 2048, 2048]","[2048, 2048, 2048, 2048, 2048, 2048, 2048]","[2048, 2048, 2048, 2048, 2048, 2048, 2049, 2048, 2048, 2049]",244
1258,10015,81,3,2025-04-18T13:35:05.550000+00:00,47.435,51.28,55.866,152.0,156,False,154.581,"[2048, 2048, 2048, 2048, 2048, 2048, 2048, 2048, 2048]","[2048, 2048, 2048, 2048, 2048, 2048, 2048]","[2048, 2048, 2048, 2048, 2048, 2049, 2049, 2049, 2049, 2049]",70
1258,10015,14,3,2025-04-18T13:35:14.017000+00:00,50.48,44.016,43.483,243.0,229,False,137.979,"[2048, 2048, 2048, 2048, 2048, 2048, 2048, 2048, 2048]","[2048, 2048, 2048, 2048, 2048, 2048, 2048]","[2048, 2048, 2048, 2048, 2048, 2048, 2049, 2049, 2049]",260
1258,10015,22,3,2025-04-18T13:35:18.485000+00:00,33.835,29.055,29.228,286.0,323,False,92.118,"[None, 2049, 2049, 2049, 2049, 2049, 2049, 2049, 2049]","[2049, 2049, 2049, 2049, 2049, 2049, 2049]","[2049, 2049, 2049, 2049, 2049, 2049, 2049, 2049, 2049]",328
1258,10015,55,4,2025-04-18T13:35:31.079000+00:00,52.577,52.593,38.896,181.0,184,False,144.066,"[2048, 2048, 2048, 2048, 2048, 2048, 2048, 2048, 2048]","[2048, 2048, 2048, 2048, 2048, 2048, 2048]","[2048, 2048, 2048, 2048, 2048, 2049, 2051, 2051, 2049, 2049]",294
1258,10015,6,3,2025-04-18T13:35:39.251000+00:00,62.601,52.782,44.897,137.0,195,False,160.28,"[2048, 2048, 2048, 2048, 2048, 2048, 2048, 2048, 2048]","[2048, 2048, 2048, 2048, 2048, 2048, 2048]","[2048, 2048, 2048, 2048, 2048, 2048, 2049, 2049, 2049, 2048]",112
1258,10015,63,3,2025-04-18T13:35:40.704000+00:00,64.705,64.516,49.404,119.0,124,False,178.625,"[2048, 2048, 2048, 2048, 2048, 2048, 2048, 2048, 2048]","[2048, 2048, 2048, 2048, 2048, 2048, 2048]","[2048, 2048, 2048, 2048, 2048, 2048, 2051, 2049, 2048, 2048]",150
1258,10015,27,3,2025-04-18T13:35:47.439000+00:00,55.329,50.134,39.74,136.0,211,False,145.203,"[2048, 2048, 2048, 2048, 2048, 2048, 2048, 2048, 2048]","[2048, 2048, 2048, 2048, 2048, 2048, 2048]","[2048, 2048, 2048, 2048, 2048, 2048, 2048, 2048, 2048, 2048]",194
1258,10015,18,3,2025-04-18T13:35:53.564000+00:00,52.718,53.52,48.271,243.0,201,False,154.509,"[2048, 2048, 2048, 2048, 2048, 2048, 2048, 2048, 2048]","[2048, 2048, 2048, 2048, 2048, 2048, 2048]","[2048, 2048, 2048, 2048, 2048, 2048, 2048, 2048, 2048, 2048]",61
1258,10015,7,3,2025-04-18T13:36:08.524000+00:00,34.051,29.164,29.617,284.0,320,False,92.832,"[2048, 2049, 2049, 2049, 2049, 2049, 2049, 2049, 2049]","[2049, 2049, 2049, 2049, 2049, 2049, 2049]","[2049, 2049, 2049, 2049, 2049, 2049, 2048, 2048, 2051, 2049]",324
1258,10015,16,4,2025-04-18T13:36:18.734000+00:00,70.351,69.512,38.259,91.0,146,False,178.122,"[2048, 2048, 2048, 2048, 2048, 2048, 2048, 2048, 2048]","[2048, 2048, 2048, 2048, 2048, 2048, 2048]","[2048, 2048, 2048, 2048, 2048, 2048, 2049, 2048, 2049, 2049]",163
1258,10015,44,4,2025-04-18T13:36:25.047000+00:00,74.63,69.23,39.508,103.0,164,False,183.368,"[2048, 2048, 2048, 2048, 2048, 2048, 2048, 2048, 2048]","[2048, 2048, 2048, 2048, 2048, 2048, 2048]","[2048, 2048, 2048, 2048, 2048, 2048, 2048, 2048, 2049, 2049]",263
1258,10015,4,4,2025-04-18T13:36:30.250000+00:00,33.042,28.498,28.914,290.0,321,False,90.454,"[2049, 2048, 2048, 2049, 2049, 2051, 2049, 2049, 2049]","[2051, 2049, 2049, 2051, 2049, 2049, 2048]","[2048, 2051, 2051, 2049, 2048, 2049, 2048, 2048, 2048]",327
1258,10015,87,4,2025-04-18T13:36:35.562000+00:00,33.785,28.946,29.292,283.0,323,False,92.023,"[2049, 2049, 2049, 2048, 2049, 2049, 2049, 2049, 2048]","[2049, 2049, 2048, 2049, 2048, 2048, 2049]","[2049, 2049, 2048, 2048, 2049, 2049, 2048, 2048, 2048, 2048]",326
1258,10015,22,4,2025-04-18T13:36:50.641000+00:00,63.463,55.104,50.629,141.0,155,False,169.196,"[2048, 2048, 2048, 2048, 2048, 2048, 2048, 2048, 2048]","[2048, 2048, 2048, 2048, 2048, 2048, 2048]","[2048, 2048, 2048, 2048, 2048, 2048, 2048, 2048, 2048, 2048]",162
1258,10015,30,4,2025-04-18T13:36:57.122000+00:00,52.759,45.101,33.375,209.0,171,False,131.235,"[None, 2048, 2048, 2048, 2048, 2048, 2048, 2048, 2048]","[2048, 2048, 2048, 2048, 2048, 2048, 2048]","[2048, 2048, 2048, 2048, 2048, 2049, 2049, 2049, 2049, 2049]",288
1258,10015,1,4,2025-04-18T13:37:02.718000+00:00,32.967,28.551,29.084,288.0,322,False,90.602,"[2049, 2049, 2051, 2048, 2049, 2049, 2049, 2051, 2049]","[2049, 2051, 2049, 2049, 2051, 2049, 2048]","[2049, 2049, 2049, 2048, 2049, 2051, 2049, 2049, 2049, 2049]",326
1258,10015,12,4,2025-04-18T13:37:08.657000+00:00,55.853,39.726,39.332,179.0,230,False,134.911,"[None, 2048, 2048, 2048, 2048, 2048, 2048, 2048, 2048]","[2048, 2048, 2048, 2048, 2048, 2048, 2048]","[2048, 2048, 2048, 2048, 2048, 2048, 2049, 2048, 2049, 2049]",233
1258,10015,10,4,2025-04-18T13:37:18.849000+00:00,33.392,28.733,29.065,289.0,321,False,91.19,"[2049, 2048, 2048, 2049, 2048, 2049, 2049, 2049, 2049]","[2049, 2049, 2049, 2049, 2049, 2048, 2048]","[2049, 2049, 2049, 2048, 2048, 2051, 2048, 2048, 2048, 2048]",326
1258,10015,5,4,2025-04-18T13:37:25.107000+00:00,34.578,29.478,29.568,285.0,326,False,93.624,"[None, 2049, 2049, 2049, 2049, 2049, 2049, 2049, 2049]","[2049, 2049, 2049, 2049, 2049, 2049, 2049]","[2049, 2049, 2049, 2049, 2049, 2049, 2048, 2049, 2049]",331
1258,10015,14,4,2025-04-18T13:37:31.928000+00:00,33.328,28.923,29.239,286.0,321,False,91.49,"[2049, 2051, 2049, 2049, 2049, 2049, 2049, 2049, 2049]","[2049, 2049, 2048, 2049, 2049, 2049, 2048]","[2049, 2049, 2049, 2049, 2049, 2049, 2048, 2048, 2048]",323
1258,10015,81,4,2025-04-18T13:37:40.084000+00:00,32.916,28.684,28.967,289.0,321,False,90.567,"[2049, 2049, 2049, 2049, 2049, 2049, 2051, 2049, 2049]","[2049, 2048, 2048, 2048, 2048, 2048, 2048]","[2049, 2049, 2049, 2049, 2048, 2049, 2048, 2049, 2049, 2049]",325
1258,10015,7,4,2025-04-18T13:37:41.537000+00:00,54.191,50.538,39.254,159.0,172,False,143.983,"[None, 2048, 2048, 2048, 2048, 2048, 2048, 2048, 2048]","[2048, 2048, 2048, 2048, 2048, 2048, 2048]","[2048, 2048, 2048, 2048, 2048, 2048, 2049, 2048, 2048, 2048]",254
1258,10015,55,5,2025-04-18T13:37:55.100000+00:00,33.181,28.608,28.989,292.0,327,False,90.778,"[2049, 2048, 2049, 2048, 2051, 2049, 2049, 2049, 2049]","[2049, 2049, 2049, 2049, 2048, 2049, 2049]","[2049, 2049, 2051, 2049, 2048, 2049, 2048, 2048, 2048, 2048]",331
1258,10015,4,5,2025-04-18T13:38:00.522000+00:00,51.907,51.203,45.701,159.0,149,False,148.811,"[2048, 2048, 2048, 2048, 2048, 2048, 2048, 2048, 2048]","[2048, 2048, 2048, 2048, 2048, 2048, 2048]","[2048, 2048, 2048, 2048, 2048, 2048, 2048, 2048, 2048, 2048]",150
1258,10015,87,5,2025-04-18T13:38:07.585000+00:00,65.384,49.488,47.016,185.0,169,False,161.888,"[2048, 2048, 2048, 2048, 2048, 2048, 2048, 2048, 2048]","[2048, 2048, 2048, 2048, 2048, 2048, 2048]","[2048, 2048, 2048, 2048, 2048, 2048, 2048, 2048, 2048, 2048]",136
1258,10015,27,4,2025-04-18T13:38:12.647000+00:00,33.9,28.875,29.287,287.0,327,False,92.062,"[None, 2049, 2049, 2049, 2049, 2049, 2049, 2049, 2049]","[2049, 2049, 2049, 2049, 2049, 2048, 2048]","[2049, 2049, 2048, 2048, 2048, 2049, 2049, 2049, 2048, 2048]",331
1258,10015,6,4,2025-04-18T13:38:19.576000+00:00,33.819,28.641,29.047,291.0,329,False,91.507,"[None, 2048, 2049, 2049, 2049, 2049, 2049, 2049, 2049]","[2051, 2049, 2049, 2049, 2049, 2051, 2049]","[2049, 2049, 2049, 2051, 2049, 2049, 2048, 2049, 2048]",333
1258,10015,23,2,2025-04-18T13:38:26.457000+00:00,,34.281,32.013,281.0,291,True,471.741,"[None, 2064, 2064, 2048, 2049, 2049, 2049, 2049, 2049]","[2049, 2049, 2049, 2049, 2048, 2048, 2049]","[2049, 2049, 2049, 2049, 2048, 2049, 2048, 2048, 2049, 2049]",309
1258,10015,18,4,2025-04-18T13:38:28.204000+00:00,33.573,29.186,29.281,287.0,321,False,92.04,"[None, 2049, 2048, 2049, 2049, 2049, 2049, 2049, 2049]","[2049, 2049, 2048, 2049, 2049, 2049, 2048]","[2049, 2049, 2049, 2048, 2049, 2049, 2048, 2048, 2048, 2048]",323
1258,10015,1,5,2025-04-18T13:38:33.233000+00:00,64.549,58.73,47.349,132.0,134,False,170.628,"[2048, 2048, 2048, 2048, 2048, 2048, 2048, 2048, 2048]","[2048, 2048, 2048, 2048, 2048, 2048, 2048]","[2048, 2048, 2048, 2048, 2048, 2048, 2048, 2048, 2048, 2048]",174
1258,10015,63,4,2025-04-18T13:38:39.467000+00:00,33.15,28.299,28.976,291.0,328,False,90.425,"[None, 2048, 2048, 2051, 2049, 2049, 2049, 2049, 2051]","[2049, 2049, 2051, 2049, 2051, 2048, 2048]","[2049, 2049, 2049, 2048, 2049, 2049, 2048, 2048, 2048, 2048]",327
1258,10015,10,5,2025-04-18T13:38:50.014000+00:00,55.571,48.519,44.299,151.0,213,False,148.389,"[2048, 2048, 2048, 2048, 2048, 2048, 2048, 2048, 2048]","[2048, 2048, 2048, 2048, 2048, 2048, 2048]","[2048, 2048, 2048, 2048, 2048, 2048, 2048, 2048, 2064, 2064]",227
1258,10015,5,5,2025-04-18T13:38:58.592000+00:00,51.811,51.877,48.961,196.0,121,False,152.649,"[None, 2048, 2048, 2048, 2048, 2048, 2048, 2048, 2048]","[2048, 2048, 2048, 2048, 2048, 2048, 2048]","[2048, 2048, 2048, 2048, 2048, 2048, 2049, 2048, 2048, 2048]",227
1258,10015,14,5,2025-04-18T13:39:03.358000+00:00,53.78,52.783,47.452,116.0,146,False,154.015,"[2048, 2048, 2048, 2048, 2048, 2048, 2048, 2048, 2048]","[2048, 2048, 2048, 2048, 2048, 2048, 2048]","[2048, 2048, 2048, 2048, 2048, 2048, 2048, 2049, 2051, 2049]",291
1258,10015,30,5,2025-04-18T13:39:08.467000+00:00,34.046,29.133,29.3,287.0,326,False,92.479,"[2049, 2049, 2049, 2049, 2049, 2049, 2049, 2049, 2048]","[2049, 2049, 2049, 2049, 2049, 2049, 2048]","[2048, 2049, 2049, 2049, 2049, 2048, 2049, 2049, 2048, 2048]",331
1258,10015,81,5,2025-04-18T13:39:10.671000+00:00,48.994,53.346,50.585,156.0,154,False,152.925,"[2048, 2048, 2048, 2048, 2048, 2048, 2048, 2048, 2048]","[2048, 2048, 2048, 2048, 2048, 2048, 2048]","[2048, 2048, 2048, 2048, 2048, 2048, 2049, 2049, 2048, 2048]",138
1258,10015,16,5,2025-04-18T13:39:17.046000+00:00,33.277,28.398,29.135,289.0,324,False,90.81,"[2049, 2049, 2049, 2049, 2049, 2049, 2049, 2049, 2049]","[2049, 2051, 2049, 2051, 2049, 2049, 2049]","[2049, 2049, 2049, 2049, 2051, 2048, 2048, 2049, 2049, 2049]",328
1258,10015,12,5,2025-04-18T13:39:23.608000+00:00,33.544,28.578,29.155,290.0,325,False,91.277,"[2049, 2049, 2049, 2049, 2051, 2049, 2049, 2049, 2049]","[2049, 2049, 2049, 2049, 2049, 2049, 2049]","[2049, 2049, 2049, 2049, 2048, 2049, 2049, 2049, 2049, 2048]",329
1258,10015,55,6,2025-04-18T13:39:25.874000+00:00,57.806,54.442,35.502,154.0,146,False,147.75,"[2048, 2048, 2048, 2048, 2048, 2048, 2048, 2048, 2048]","[2048, 2048, 2048, 2048, 2048, 2048, 2048]","[2048, 2048, 2048, 2048, 2048, 2048, 2048, 2049, 2049, 2049]",269
1258,10015,44,5,2025-04-18T13:39:28.483000+00:00,33.534,28.778,29.209,287.0,325,False,91.521,"[2049, 2049, 2049, 2048, 2048, 2049, 2049, 2049, 2049]","[2049, 2048, 2049, 2049, 2049, 2049, 2049]","[2051, 2049, 2049, 2049, 2049, 2049, 2049, 2049, 2049, 2048]",329
1258,10015,22,5,2025-04-18T13:39:40.015000+00:00,57.791,42.624,40.159,,291,False,140.574,"[None, 2048, 2048, 2048, 2048, 2048, 2048, 2048, 2048]","[2048, 2048, 2048, 2048, 2048, 2048, 2048]","[2048, 2048, 2048, 2048, 2048, 2048, 2048, 2048, 2048, 2049]",241
1258,10015,27,5,2025-04-18T13:39:44.655000+00:00,53.75,43.112,46.592,156.0,197,False,143.454,"[None, 2048, 2048, 2048, 2048, 2048, 2048, 2048, 2048]","[2048, 2048, 2048, 2048, 2048, 2048, 2048]","[2048, 2048, 2048, 2048, 2048, 2048, 2048, 2048, 2064, 2064]",161
1258,10015,6,5,2025-04-18T13:39:50.907000+00:00,53.552,48.73,47.7,178.0,193,False,149.982,"[None, 2048, 2048, 2048, 2048, 2048, 2048, 2048, 2048]","[2048, 2048, 2048, 2048, 2048, 2048, 2048]","[2048, 2048, 2048, 2048, 2048, 2048, 2048, 2048, 2064, 2064]",215
1258,10015,18,5,2025-04-18T13:40:00.169000+00:00,57.234,48.403,37.988,247.0,137,False,143.625,"[None, 2048, 2048, 2048, 2048, 2048, 2048, 2048, 2048]","[2048, 2048, 2048, 2048, 2048, 2048, 2048]","[2048, 2048, 2048, 2048, 2048, 2048, 2048, 2048, 2048]",286
1258,10015,7,5,2025-04-18T13:40:05.497000+00:00,33.11,28.963,29.572,289.0,320,False,91.645,"[2049, 2049, 2049, 2049, 2049, 2049, 2049, 2049, 2049]","[2049, 2049, 2049, 2049, 2048, 2048, 2048]","[2049, 2049, 2049, 2049, 2049, 2048, 2048, 2048, 2048, 2048]",326
1258,10015,63,5,2025-04-18T13:40:09.763000+00:00,74.048,55.348,41.451,110.0,151,False,170.847,"[None, 2048, 2048, 2048, 2048, 2048, 2048, 2048, 2048]","[2048, 2048, 2048, 2048, 2048, 2048, 2048]","[2048, 2048, 2048, 2048, 2048, 2048, 2048, 2048, 2048, 2048]",205
1258,10015,23,3,2025-04-18T13:40:14.294000+00:00,33.649,28.852,29.303,290.0,322,False,91.804,"[2049, 2049, 2049, 2049, 2049, 2049, 2049, 2049, 2049]","[2049, 2049, 2049, 2049, 2049, 2049, 2049]","[2049, 2049, 2049, 2049, 2049, 2049, 2049, 2051, 2049, 2049]",325
1258,10015,4,6,2025-04-18T13:40:29.169000+00:00,32.597,28.468,28.915,290.0,322,False,89.98,"[None, 2049, 2051, 2048, 2049, 2051, 2051, 2049, 2049]","[2049, 2048, 2049, 2048, 2048, 2049, 2048]","[2049, 2048, 2048, 2049, 2048, 2051, 2048, 2048, 2048, 2048]",325
1258,10015,30,6,2025-04-18T13:40:40.841000+00:00,58.289,64.332,43.384,170.0,96,False,166.005,"[2048, 2048, 2048, 2048, 2048, 2048, 2048, 2048, 2048]","[2048, 2048, 2048, 2048, 2048, 2048, 2048]","[2048, 2048, 2048, 2048, 2048, 2048, 2048, 2048, 2049, 2049]",131
1258,10015,16,6,2025-04-18T13:40:47.732000+00:00,69.84,65.982,40.214,105.0,129,False,176.036,"[2048, 2048, 2048, 2048, 2048, 2048, 2048, 2048, 2048]","[2048, 2048, 2048, 2048, 2048, 2048, 2048]","[2048, 2048, 2048, 2048, 2048, 2048, 2048, 2048, 2048, 2048]",170
1258,10015,87,6,2025-04-18T13:40:49.498000+00:00,49.688,45.189,53.867,219.0,167,False,148.744,"[None, 2049, 2048, 2048, 2048, 2048, 2048, 2048, 2048]","[2048, 2048, 2048, 2048, 2048, 2048, 2048]","[2048, 2048, 2048, 2048, 2048, 2048, 2048, 2048, 2064, 2064]",155
1258,10015,12,6,2025-04-18T13:40:54.779000+00:00,61.953,56.765,51.059,131.0,114,False,169.777,"[2048, 2048, 2048, 2048, 2048, 2048, 2048, 2048, 2048]","[2048, 2048, 2048, 2048, 2048, 2048, 2048]","[2048, 2048, 2048, 2048, 2048, 2048, 2048, 2048, 2064, 2064]",189
1258,10015,44,6,2025-04-18T13:41:00.138000+00:00,80.071,68.215,39.803,95.0,183,False,188.089,"[2048, 2048, 2048, 2048, 2048, 2048, 0, 0, 2048]","[2048, 2048, 2048, 2048, 2048, 2048, 2048]","[2048, 2048, 2048, 2048, 2048, 2048, 2048, 2048, 2048, 2048]",198
1258,10015,31,3,2025-04-18T13:41:19.420000+00:00,,32.947,34.863,245.0,297,True,551.409,"[2064, 2064, 2064, 2048, 2048, 2048, 2048, 2048, 2048]","[2048, 2048, 2048, 2048, 2048, 2049, 2049]","[2049, 2049, 2048, 2048, 2048, 2048, 2049, 2049, 2049, 2049]",218
1258,10015,1,6,2025-04-18T13:41:23.873000+00:00,51.702,40.929,36.143,182.0,212,False,128.774,"[None, 2048, 2048, 2048, 2048, 2048, 2048, 2048, 2048]","[2048, 2048, 2048, 2048, 2048, 2048, 2048]","[2048, 2048, 2048, 2048, 2048, 2048, 2048, 2048, 2048, 2049]",238
1258,10015,5,6,2025-04-18T13:41:31.373000+00:00,34.418,29.162,31.506,287.0,329,False,95.086,"[None, 2049, 2048, 2049, 2049, 2049, 2048, 2048, 2049]","[2049, 2049, 2049, 2049, 2049, 2049, 2049]","[2049, 2048, 2048, 2048, 2049, 2048, 2049, 2049, 2048, 2048]",330
1258,10015,7,6,2025-04-18T13:41:37.045000+00:00,49.939,54.125,47.585,174.0,175,False,151.649,"[2048, 2048, 2048, 2048, 2048, 2048, 2048, 2048, 2048]","[2048, 2048, 2048, 2048, 2048, 2048, 2048]","[2048, 2048, 2048, 2048, 2048, 2048, 2048, 2048, 2064, 2064]",175
1258,10015,14,6,2025-04-18T13:41:37.436000+00:00,33.185,28.767,29.178,286.0,317,False,91.13,"[2049, 2051, 2049, 2048, 2048, 2048, 2049, 2049, 2049]","[2048, 2048, 2048, 2049, 2049, 2049, 2048]","[2049, 2049, 2049, 2049, 2048, 2049, 2048, 2048, 2048, 2048]",324
1258,10015,81,6,2025-04-18T13:41:43.585000+00:00,32.853,28.53,28.951,289.0,318,False,90.334,"[2049, 2049, 2049, 2049, 2049, 2049, 2048, 2048, 2048]","[2048, 2049, 2049, 2049, 2049, 2049, 2048]","[2048, 2049, 2049, 2048, 2048, 2051, 2048, 2048, 2048, 2048]",322
1258,10015,10,6,2025-04-18T13:41:45.632000+00:00,74.435,41.374,35.595,272.0,229,True,151.404,"[2064, 2064, 2064, 2048, 2048, 2048, 2048, 2048, 2048]","[2048, 2048, 2048, 2048, 2048, 2048, 2048]","[2048, 2048, 2048, 2048, 2048, 2048, 2048, 2048, 2048, 2048]",288
1258,10015,23,4,2025-04-18T13:41:45.976000+00:00,51.952,57.965,42.06,126.0,154,False,151.977,"[None, 2048, 2048, 2048, 2048, 2048, 2048, 2048, 2048]","[2048, 2048, 2048, 2048, 2048, 2048, 2048]","[2048, 2048, 2048, 2048, 2048, 2048, 2049, 2048, 2048, 2048]",279
1258,10015,55,7,2025-04-18T13:41:53.664000+00:00,32.925,28.474,28.937,291.0,326,False,90.336,"[2049, 2049, 2049, 2049, 2048, 2049, 2049, 2049, 2048]","[2048, 2049, 2049, 2049, 2051, 2051, 2049]","[2049, 2048, 2048, 2049, 2048, 2049, 2048, 2048, 2048, 2048]",332
1258,10015,4,7,2025-04-18T13:41:59.101000+00:00,39.037,34.108,35.716,239.0,218,False,108.861,"[None, 2048, 2048, 2048, 2048, 2048, 2048, 2048, 2048]","[2048, 2048, 2048, 2048, 2048, 2048, 2048]","[2048, 2048, 2048, 2048, 2048, 2048, 2048, 2048, 2064, 2064]",259
1258,10015,22,6,2025-04-18T13:42:00.570000+00:00,32.967,28.574,28.969,290.0,326,False,90.51,"[2049, 2049, 2049, 2048, 2049, 2049, 2049, 2049, 2049]","[2049, 2049, 2049, 2049, 2049, 2049, 2049]","[2049, 2049, 2049, 2049, 2048, 2049, 2049, 2049, 2049]",331
1258,10015,18,6,2025-04-18T13:42:23.804000+00:00,33.309,29.137,29.376,286.0,318,False,91.822,"[None, 2048, 2048, 2049, 2049, 2049, 2049, 2049, 2049]","[2049, 2049, 2048, 2049, 2048, 2048, 2048]","[2048, 2048, 2049, 2048, 2049, 2048, 2048, 2048, 2048]",322
1258,10015,27,6,2025-04-18T13:42:32.258000+00:00,69.661,38.944,35.402,177.0,301,True,144.007,"[2064, 2064, 2064, 2048, 2048, 2048, 2048, 2048, 2048]","[2048, 2048, 2048, 2048, 2048, 2048, 2048]","[2048, 2048, 2048, 2048, 2048, 2048, 2049, 2049, 2049, 2049]",129
1258,10015,6,6,2025-04-18T13:42:48.305000+00:00,77.213,41.059,33.895,226.0,259,True,152.167,"[2064, 2064, 2064, 2048, 2048, 2048, 2048, 2048, 2048]","[2048, 2048, 2048, 2048, 2048, 2048, 2048]","[2048, 2048, 2048, 2048, 2048, 2048, 2049, 2049, 2049, 2048]",266
1258,10015,63,6,2025-04-18T13:43:00.617000+00:00,32.686,28.2,28.788,290.0,329,False,89.674,"[None, 2049, 2049, 2051, 2049, 2049, 2051, 2049, 2051]","[2048, 2049, 2048, 2051, 2048, 2048, 2048]","[2049, 2049, 2049, 2048, 2048, 2049, 2048, 2048, 2048]",330
1258,10015,5,7,2025-04-18T13:43:06.560000+00:00,59.076,56.355,49.103,204.0,142,False,164.534,"[None, 2048, 2048, 2048, 2048, 2048, 2048, 2048, 2048]","[2048, 2048, 2048, 2048, 2048, 2048, 2048]","[2048, 2048, 2048, 2048, 2048, 2048, 2049, 2049, 2049, 2049]",206
1258,10015,31,4,2025-04-18T13:43:07.990000+00:00,34.54,29.264,29.801,282.0,323,False,93.605,"[2049, 2049, 2049, 2049, 2049, 2049, 2049, 2049, 2049]","[2049, 2049, 2049, 2049, 2049, 2049, 2049]","[2049, 2049, 2049, 2049, 2049, 2049, 2048, 2049, 2049]",326
1258,10015,14,7,2025-04-18T13:43:08.604000+00:00,51.768,55.727,43.105,150.0,201,False,150.6,"[2048, 2048, 2048, 2048, 2048, 2048, 2048, 2048, 2048]","[2048, 2048, 2048, 2048, 2048, 2048, 2048]","[2048, 2048, 2048, 2048, 2048, 2048, 2049, 2049, 2051, 2051]",290
1258,10015,81,7,2025-04-18T13:43:13.860000+00:00,41.662,42.801,35.968,185.0,241,False,120.431,"[2048, 2048, 2048, 2048, 2048, 2048, 2048, 2048, 2048]","[2048, 2048, 2048, 2048, 2048, 2048, 2048]","[2048, 2048, 2048, 2048, 2048, 2048, 2048, 2048, 2064, 2064]",259
1258,10015,55,8,2025-04-18T13:43:23.964000+00:00,53.565,55.069,45.437,129.0,227,False,154.071,"[2048, 2048, 2048, 2048, 2048, 2048, 2048, 2048, 2048]","[2048, 2048, 2048, 2048, 2048, 2048, 2048]","[2048, 2048, 2048, 2048, 2048, 2048, 2049, 2051, 2049, 2049]",89
1258,10015,30,7,2025-04-18T13:43:26.886000+00:00,33.539,28.922,29.03,289.0,329,False,91.491,"[2049, 2049, 2049, 2049, 2049, 2049, 2049, 2049, 2049]","[2049, 2049, 2049, 2049, 2048, 2049, 2049]","[2048, 2049, 2049, 2049, 2048, 2049, 2048, 2049, 2048, 2048]",333
1258,10015,22,7,2025-04-18T13:43:30.886000+00:00,61.918,52.906,52.746,164.0,151,False,167.57,"[2048, 2048, 2048, 2048, 2048, 2048, 2048, 2048, 2048]","[2048, 2048, 2048, 2048, 2048, 2048, 2048]","[2048, 2048, 2048, 2048, 2048, 2048, 2048, 2048, 2064, 2064]",159
1258,10015,1,7,2025-04-18T13:43:32.761000+00:00,32.844,28.449,28.771,288.0,326,False,90.064,"[2049, 2049, 2048, 2049, 2049, 2048, 2048, 2048, 2048]","[2049, 2048, 2049, 2049, 2049, 2049, 2049]","[2049, 2049, 2049, 2049, 2049, 2049, 2048, 2049, 2049, 2048]",329
1258,10015,16,7,2025-04-18T13:43:43.761000+00:00,32.958,31.271,49.391,288.0,207,False,113.62,"[None, 2048, 2049, 2049, 2049, 2049, 2049, 2051, 2048]","[2049, 2048, 2048, 2049, 2048, 2048, 2048]","[2048, 2048, 2048, 2048, 2048, 2048, 2048, 2048, 2048]",187
1258,10015,10,7,2025-04-18T13:43:49.917000+00:00,32.875,28.861,28.893,288.0,321,False,90.629,"[2049, 2048, 2049, 2049, 2049, 2049, 2049, 2049, 2048]","[2049, 2048, 2048, 2048, 2048, 2048, 2048]","[2049, 2048, 2048, 2048, 2049, 2049, 2048, 2049, 2048, 2049]",325
1258,10015,18,7,2025-04-18T13:43:55.542000+00:00,60.342,50.713,49.535,247.0,134,False,160.59,"[None, 2048, 2048, 2048, 2048, 2048, 0, 0, 2048]","[2048, 2048, 2048, 2048, 2048, 2048, 2048]","[2048, 2048, 2048, 2048, 2048, 2048, 2048, 2048, 2048, 2049]",121
1258,10015,12,7,2025-04-18T13:43:58.917000+00:00,64.709,39.011,36.548,202.0,256,True,140.268,"[2064, 2064, 2064, 2048, 2048, 2048, 2048, 2048, 2048]","[2048, 2048, 2048, 2048, 2048, 2048, 2048]","[2048, 2048, 2048, 2048, 2048, 2048, 2051, 2049, 2049, 2049]",296
1258,10015,44,7,2025-04-18T13:44:08.027000+00:00,33.199,28.609,29.109,287.0,324,False,90.917,"[None, 2048, 2048, 2049, 2049, 2049, 2049, 2049, 2049]","[2049, 2049, 2049, 2049, 2049, 2048, 2048]","[2048, 2049, 2049, 2048, 2048, 2049, 2048, 2048, 2048]",328
1258,10015,23,5,2025-04-18T13:44:18.152000+00:00,33.027,28.587,29.014,290.0,322,False,90.628,"[None, 2049, 2049, 2049, 2049, 2049, 2049, 2049, 2049]","[2048, 2049, 2048, 2049, 2049, 2049, 2048]","[2049, 2049, 2049, 2049, 2048, 2048, 2048, 2048, 2048, 2048]",325
1258,10015,63,7,2025-04-18T13:44:30.230000+00:00,54.378,36.042,35.668,259.0,294,False,126.088,"[None, 2048, 2048, 2048, 2048, 2048, 2048, 2048, 2048]","[2048, 2048, 2048, 2048, 2048, 2048, 2048]","[2048, 2048, 2048, 2048, 2048, 2048, 2048, 2048, 2064, 2064]",286
1258,10015,27,7,2025-04-18T13:44:32.214000+00:00,33.492,28.672,29.118,276.0,328,False,91.282,"[2048, 2049, 2049, 2049, 2049, 2049, 2049, 2049, 2048]","[2048, 2049, 2049, 2049, 2049, 2049, 2048]","[2049, 2049, 2049, 2048, 2048, 2049, 2048, 2048, 2048]",332
1258,10015,7,7,2025-04-18T13:44:34.230000+00:00,75.622,42.662,36.228,193.0,235,True,154.512,"[2064, 2064, 2064, 2048, 2048, 2048, 2048, 2048, 2048]","[2048, 2048, 2048, 2048, 2048, 2048, 2048]","[2048, 2048, 2048, 2048, 2048, 2048, 2048, 2048, 2048, 2048]",146
1258,10015,31,5,2025-04-18T13:44:41.402000+00:00,48.953,43.682,35.664,182.0,192,False,128.299,"[2048, 2048, 2048, 2048, 2048, 2048, 2048, 2048, 2048]","[2048, 2048, 2048, 2048, 2048, 2048, 2048]","[2048, 2048, 2048, 2048, 2048, 2048, 2049, 2049, 2048, 2049]",268
1258,10015,6,7,2025-04-18T13:44:53.168000+00:00,33.359,28.548,29.617,289.0,329,False,91.524,"[2048, 2049, 2049, 2049, 2049, 2049, 2049, 2049, 2048]","[2051, 2048, 2049, 2049, 2049, 2048, 2048]","[2049, 2049, 2049, 2048, 2049, 2048, 2048, 2048, 2048, 2048]",331
1258,10015,30,8,2025-04-18T13:44:58.199000+00:00,52.667,50.458,47.627,161.0,188,False,150.752,"[2048, 2048, 2048, 2048, 2048, 2048, 2048, 2048, 2048]","[2048, 2048, 2048, 2048, 2048, 2048, 2048]","[2048, 2048, 2048, 2048, 2048, 2048, 2048, 2048, 2048, 2048]",153
1258,10015,1,8,2025-04-18T13:45:02.683000+00:00,43.118,31.511,37.441,257.0,284,False,112.07,"[2048, 2048, 2048, 2048, 2048, 2048, 2048, 2048, 2048]","[2048, 2048, 2048, 2048, 2048, 2048, 2048]","[2048, 2048, 2048, 2048, 2048, 2048, 2048, 2048, 2064, 2064]",308
1258,10015,10,8,2025-04-18T13:45:20.402000+00:00,56.776,51.988,49.47,133.0,151,False,158.234,"[2048, 2048, 2048, 2048, 2048, 2048, 2048, 2048, 2048]","[2048, 2048, 2048, 2048, 2048, 2048, 2048]","[2048, 2048, 2048, 2048, 2048, 2048, 2048, 2048, 2048, 2048]",169
1258,10015,16,8,2025-04-18T13:45:37.355000+00:00,69.234,62.806,34.306,145.0,201,False,166.346,"[None, 2048, 2048, 2048, 2048, 2048, 2048, 2048, 2048]","[2048, 2048, 2048, 2048, 2048, 2048, 2048]","[2048, 2048, 2048, 2048, 2048, 2048, 2048, 2048, 2048, 2048]",288
1258,10015,44,8,2025-04-18T13:45:38.855000+00:00,79.768,67.464,37.62,88.0,252,False,184.852,"[None, 2048, 2048, 2048, 2048, 2048, 0, 0, 2048]","[2048, 2048, 2048, 2048, 2048, 2048, 2048]","[2048, 2048, 2048, 2048, 2048, 2048, 2048, 2048, 2048, 2048]",289
1258,10015,14,8,2025-04-18T13:45:39.168000+00:00,45.053,55.164,44.787,133.0,145,False,145.004,"[None, 2048, 2048, 2048, 2048, 2048, 2048, 2048, 2048]","[2048, 2048, 2048, 2048, 2048, 2048, 2048]","[2048, 2048, 2048, 2048, 2048, 2048, 2048, 2048, 2048, 2048]",274
1258,10015,23,6,2025-04-18T13:45:48.637000+00:00,67.375,59.109,42.794,119.0,145,False,169.278,"[2048, 2048, 2048, 2048, 2048, 2048, 2048, 2048, 2048]","[2048, 2048, 2048, 2048, 2048, 2048, 2048]","[2048, 2048, 2048, 2048, 2048, 2048, 2051, 2051, 2048, 2048]",125
1258,10015,5,8,2025-04-18T13:45:51.023000+00:00,34.073,29.147,32.551,287.0,326,False,95.771,"[2049, 2049, 2049, 2048, 2048, 2049, 2049, 2049, 2049]","[2048, 2048, 2048, 2049, 2049, 2048, 2048]","[2048, 2049, 2049, 2049, 2048, 2049, 2048, 2048, 2064, 2064]",330
1258,10015,55,9,2025-04-18T13:45:58.051000+00:00,33.14,28.634,35.541,291.0,325,False,97.315,"[2049, 2048, 2048, 2048, 2049, 2048, 2048, 2048, 2048]","[2048, 2048, 2048, 2048, 2048, 2048, 2048]","[2048, 2048, 2048, 2048, 2048, 2048, 2048, 2048, 2064, 2064]",280
1258,10015,27,8,2025-04-18T13:46:03.341000+00:00,41.01,29.523,33.989,,303,False,104.522,"[None, 2048, 2048, 2048, 2048, 2048, 2048, 2048, 2048]","[2048, 2048, 2048, 2048, 2048, 2048, 2048]","[2048, 2048, 2048, 2048, 2048, 2048, 2048, 2048, 2064, 2064]",316
1258,10015,12,8,2025-04-18T13:46:05.001000+00:00,33.142,28.479,28.946,290.0,327,False,90.567,"[2049, 2049, 2048, 2049, 2051, 2049, 2049, 2049, 2049]","[2048, 2049, 2048, 2049, 2049, 2048, 2049]","[2049, 2049, 2049, 2049, 2049, 2049, 2048, 2048, 2048]",329
1258,10015,6,8,2025-04-18T13:46:24.685000+00:00,59.627,46.239,45.211,168.0,196,False,151.077,"[None, 2048, 2048, 2048, 2048, 2048, 2048, 2048, 2048]","[2048, 2048, 2048, 2048, 2048, 2048, 2048]","[2048, 2048, 2048, 2048, 2048, 2048, 2048, 2048, 2064, 2064]",208
1258,10015,18,8,2025-04-18T13:46:36.323000+00:00,33.326,29.099,29.396,285.0,314,False,91.821,"[None, 2049, 2049, 2048, 2049, 2048, 2049, 2049, 2048]","[2048, 2048, 2048, 2049, 2049, 2049, 2048]","[2048, 2049, 2048, 2048, 2049, 2048, 2048, 2048, 2048]",320
1258,10015,22,8,2025-04-18T13:46:42.131000+00:00,72.419,35.843,42.323,197.0,284,True,150.585,"[2064, 2064, 2064, 2048, 2048, 2048, 2048, 2048, 2048]","[2048, 2048, 2048, 2048, 2048, 2048, 2048]","[2048, 2048, 2048, 2048, 2048, 2048, 2048, 2048, 2048, 2048]",157
1258,10015,7,8,2025-04-18T13:46:43.376000+00:00,33.112,28.717,29.31,288.0,321,False,91.139,"[2048, 2049, 2048, 2048, 2049, 2049, 2049, 2049, 2048]","[2048, 2049, 2049, 2049, 2049, 2049, 2049]","[2048, 2049, 2049, 2049, 2048, 2048, 2048, 2049, 2048, 2048]",327
1258,10015,31,6,2025-04-18T13:46:49.809000+00:00,33.833,29.043,29.448,284.0,323,False,92.324,"[2049, 2049, 2049, 2049, 2049, 2049, 2049, 2049, 2049]","[2049, 2049, 2049, 2049, 2049, 2049, 2049]","[2049, 2049, 2049, 2049, 2049, 2049, 2048, 2049, 2049, 2049]",326
1258,10015,30,9,2025-04-18T13:47:29.178000+00:00,52.119,45.018,36.369,194.0,174,False,133.506,"[None, 2048, 2048, 2048, 2048, 2048, 2048, 2048, 2048]","[2048, 2048, 2048, 2048, 2048, 2048, 2048]","[2048, 2048, 2048, 2048, 2048, 2048, 2049, 2048, 2048, 2048]",253
1258,10015,12,9,2025-04-18T13:47:35.399000+00:00,45.242,35.276,39.086,238.0,239,False,119.604,"[2048, 2048, 2048, 2048, 2048, 2048, 2048, 2048, 2048]","[2048, 2048, 2048, 2048, 2048, 2048, 2048]","[2048, 2048, 2048, 2048, 2048, 2048, 2048, 2048, 2064, 2064]",203
1258,10015,10,9,2025-04-18T13:47:58.706000+00:00,57.409,40.929,38.715,148.0,212,False,137.053,"[None, 2048, 2048, 2048, 2048, 2048, 2048, 2048, 2048]","[2048, 2048, 2048, 2048, 2048, 2048, 2048]","[2048, 2048, 2048, 2048, 2048, 2048, 2048, 2049, 2049, 2049]",271
1258,10015,14,9,2025-04-18T13:48:04.174000+00:00,33.075,28.446,29.129,287.0,325,False,90.65,"[None, 2048, 2049, 2048, 2049, 2049, 2048, 2049, 2049]","[2049, 2049, 2049, 2049, 2049, 2048, 2048]","[2049, 2049, 2048, 2048, 2051, 2048, 2048, 2048, 2048]",328
1258,10015,18,9,2025-04-18T13:48:07.924000+00:00,55.603,32.899,34.478,255.0,305,False,122.98,"[None, 2048, 2048, 2048, 2048, 2048, 2048, 2048, 2048]","[2048, 2048, 2048, 2048, 2048, 2048, 2048]","[2048, 2048, 2048, 2048, 2048, 2048, 2048, 2048, 2064, 2064]",305
1258,10015,7,9,2025-04-18T13:48:14.315000+00:00,55.197,49.736,45.956,151.0,178,False,150.889,"[None, 2048, 2048, 2048, 2048, 2048, 2048, 2048, 2048]","[2048, 2048, 2048, 2048, 2048, 2048, 2048]","[2048, 2048, 2048, 2048, 2048, 2048, 2048, 2048, 2064, 2064]",197
1258,10015,31,7,2025-04-18T13:48:22.143000+00:00,53.981,46.814,42.665,161.0,176,False,143.46,"[2048, 2048, 2048, 2048, 2048, 2048, 2048, 2048, 2048]","[2048, 2048, 2048, 2048, 2048, 2048, 2048]","[2048, 2048, 2048, 2048, 2048, 2048, 2049, 2048, 2048, 2048]",124
1258,10015,16,9,2025-04-18T13:48:23.847000+00:00,32.937,28.641,29.014,288.0,322,False,90.592,"[2049, 2049, 2049, 2048, 2049, 2048, 2048, 2048, 2048]","[2048, 2048, 2049, 2048, 2048, 2048, 2048]","[2051, 2048, 2048, 2048, 2051, 2049, 2048, 2049, 2049, 2049]",326
1258,10015,23,7,2025-04-18T13:48:38.019000+00:00,33.005,28.317,29.042,292.0,324,False,90.364,"[None, 2049, 2048, 2048, 2049, 2049, 2049, 2048, 2049]","[2049, 2049, 2049, 2049, 2051, 2051, 2049]","[2049, 2048, 2048, 2049, 2049, 2049, 2048, 2048, 2048]",326
1258,10015,44,9,2025-04-18T13:48:43.894000+00:00,33.079,28.517,29.078,288.0,325,False,90.674,"[None, 2049, 2049, 2048, 2049, 2049, 2049, 2049, 2048]","[2049, 2048, 2049, 2049, 2049, 2049, 2049]","[2048, 2048, 2049, 2049, 2049, 2048, 2049, 2049, 2049, 2049]",329
1258,10015,22,9,2025-04-18T13:48:49.238000+00:00,32.833,28.431,28.975,289.0,327,False,90.239,"[2048, 2048, 2049, 2051, 2048, 2049, 2049, 2049, 2049]","[2048, 2049, 2049, 2049, 2049, 2049, 2048]","[2049, 2049, 2049, 2049, 2049, 2048, 2048, 2048, 2049, 2049]",332
1258,10015,14,10,2025-04-18T13:49:34.785000+00:00,47.509,32.815,40.95,231.0,305,False,121.274,"[None, 2048, 2048, 2048, 2048, 2048, 2048, 2048, 2048]","[2048, 2048, 2048, 2048, 2048, 2048, 2048]","[2048, 2048, 2048, 2048, 2048, 2048, 2048, 2048, 2064, 2064]",243
1258,10015,30,10,2025-04-18T13:49:42.660000+00:00,33.34,28.876,28.95,291.0,328,False,91.166,"[None, 2049, 2049, 2049, 2049, 2049, 2048, 2049, 2049]","[2049, 2048, 2048, 2049, 2048, 2048, 2048]","[2049, 2049, 2049, 2048, 2048, 2049, 2048, 2048, 2048]",331
1258,10015,16,10,2025-04-18T13:49:54.254000+00:00,46.211,36.93,36.274,199.0,175,False,119.415,"[2048, 2048, 2048, 2048, 2048, 2048, 2048, 2048, 2048]","[2048, 2048, 2048, 2048, 2048, 2048, 2048]","[2048, 2048, 2048, 2048, 2048, 2048, 2048, 2048, 2064, 2064]",296
1258,10015,23,8,2025-04-18T13:50:08.176000+00:00,66.274,62.796,42.726,136.0,142,False,171.796,"[None, 2048, 2048, 2048, 2048, 2048, 2048, 2048, 2048]","[2048, 2048, 2048, 2048, 2048, 2048, 2048]","[2048, 2048, 2048, 2048, 2048, 2048, 2051, 2051, 2048, 2048]",203
1258,10015,44,10,2025-04-18T13:50:14.426000+00:00,55.052,40.36,34.514,231.0,271,False,129.926,"[None, 2048, 2048, 2048, 2048, 2048, 2048, 2048, 2048]","[2048, 2048, 2048, 2048, 2048, 2048, 2048]","[2048, 2048, 2048, 2048, 2048, 2048, 2048, 2048, 2064, 2064]",292
1258,10015,10,10,2025-04-18T13:50:15.738000+00:00,32.876,28.549,28.893,287.0,320,False,90.318,"[2049, 2048, 2048, 2048, 2048, 2049, 2049, 2049, 2049]","[2048, 2049, 2048, 2049, 2049, 2048, 2048]","[2048, 2049, 2049, 2048, 2048, 2049, 2048, 2048, 2048, 2048]",325
1258,10015,22,10,2025-04-18T13:50:19.316000+00:00,44.607,34.206,34.19,253.0,267,False,113.003,"[None, 2048, 2048, 2048, 2048, 2048, 2048, 2048, 2048]","[2048, 2048, 2048, 2048, 2048, 2048, 2048]","[2048, 2048, 2048, 2048, 2048, 2048, 2048, 2048, 2064, 2064]",299
1258,10015,31,8,2025-04-18T13:50:45.630000+00:00,33.601,29.005,29.246,284.0,321,False,91.852,"[None, 2048, 2048, 2049, 2049, 2049, 2049, 2049, 2049]","[2049, 2049, 2049, 2049, 2048, 2048, 2048]","[2049, 2049, 2049, 2048, 2049, 2049, 2048, 2049, 2048, 2048]",325
1258,10015,7,10,2025-04-18T13:51:09.112000+00:00,69.157,39.168,32.233,229.0,195,True,140.558,"[2064, 2064, 2064, 2048, 2048, 2048, 2048, 2048, 2048]","[2048, 2048, 2048, 2048, 2048, 2048, 2048]","[2048, 2048, 2048, 2048, 2048, 2048, 2048, 2048, 2048, 2048]",295
1258,10015,30,11,2025-04-18T13:51:13.680000+00:00,41.21,33.962,42.005,239.0,212,False,117.177,"[None, 2048, 2048, 2048, 2048, 2048, 2048, 2048, 2048]","[2048, 2048, 2048, 2048, 2048, 2048, 2048]","[2048, 2048, 2048, 2048, 2048, 2048, 2048, 2048, 2064, 2064]",200
1258,10015,10,11,2025-04-18T13:51:45.928000+00:00,43.247,36.643,37.247,239.0,238,False,117.137,"[2048, 2048, 2048, 2048, 2048, 2048, 2048, 2048, 2048]","[2048, 2048, 2048, 2048, 2048, 2048, 2048]","[2048, 2048, 2048, 2048, 2048, 2048, 2048, 2048, 2064, 2064]",275
1258,10015,31,9,2025-04-18T13:52:17.476000+00:00,42.173,32.22,35.129,257.0,295,False,109.522,"[None, 2048, 2048, 2048, 2048, 2048, 2048, 2048, 2048]","[2048, 2048, 2048, 2048, 2048, 2048, 2048]","[2048, 2048, 2048, 2048, 2048, 2048, 2048, 2048, 2064, 2064]",304
1258,10015,23,9,2025-04-18T13:53:00.648000+00:00,32.878,28.393,33.374,290.0,322,False,94.645,"[None, 2048, 2049, 2048, 2049, 2049, 2049, 2049, 2048]","[2049, 2049, 2049, 2048, 2048, 2048, 2048]","[2049, 2051, 2049, 2048, 2048, 2049, 2048, 2048, 2064, 2064]",320
1258,10015,7,11,2025-04-18T13:53:05.820000+00:00,32.994,28.595,28.936,289.0,322,False,90.525,"[2048, 2048, 2048, 2051, 2049, 2049, 2049, 2049, 2049]","[2049, 2049, 2049, 2049, 2048, 2048, 2049]","[2049, 2049, 2049, 2049, 2048, 2049, 2048, 2049, 2048, 2048]",327
1258,10015,55,10,2025-04-18T13:53:28.476000+00:00,,35.96,35.643,256.0,253,True,463.086,"[2064, 2064, 2064, 2048, 2048, 2048, 2048, 2048, 2048]","[2048, 2048, 2048, 2048, 2048, 2048, 2048]","[2048, 2048, 2048, 2048, 2048, 2048, 2051, 2051, 2048, 2048]",292
1258,10015,7,12,2025-04-18T13:54:36.243000+00:00,44.407,35.598,36.31,209.0,242,False,116.315,"[None, 2048, 2048, 2048, 2048, 2048, 2048, 2048, 2048]","[2048, 2048, 2048, 2048, 2048, 2048, 2048]","[2048, 2048, 2048, 2048, 2048, 2048, 2048, 2048, 2064, 2064]",281
1258,10015,55,11,2025-04-18T13:55:18.493000+00:00,32.724,28.438,28.757,288.0,322,False,89.919,"[2048, 2049, 2049, 2051, 2049, 2049, 2049, 2049, 2048]","[2048, 2049, 2048, 2049, 2048, 2048, 2048]","[2048, 2049, 2048, 2048, 2048, 2051, 2048, 2048, 2048, 2048]",325
1258,10015,81,8,2025-04-18T13:55:50.649000+00:00,,34.829,35.882,260.0,275,True,749.202,"[2064, 2064, 2064, 2048, 2048, 2048, 2048, 2048, 2048]","[2048, 2048, 2048, 2048, 2048, 2048, 2048]","[2048, 2048, 2048, 2048, 2048, 2048, 2049, 2049, 2048, 2048]",272
1258,10015,27,9,2025-04-18T13:56:28.136000+00:00,,31.638,36.615,266.0,293,True,626.43,"[2064, 2064, 2064, 2048, 2048, 2048, 2048, 2048, 2048]","[2048, 2048, 2048, 2048, 2048, 2048, 2048]","[2048, 2048, 2048, 2048, 2048, 2048, 2049, 2049, 2049, 2049]",219
1258,10015,4,8,2025-04-18T13:56:37.159000+00:00,,37.314,33.841,254.0,292,True,884.476,"[2064, 2064, 2064, 2048, 2048, 2048, 2048, 2048, 2048]","[2048, 2048, 2048, 2048, 2048, 2048, 2048]","[2048, 2048, 2048, 2048, 2048, 2048, 2049, 2049, 2048, 2048]",276
1258,10015,55,12,2025-04-18T13:56:48.284000+00:00,43.839,38.182,39.497,218.0,236,False,121.518,"[None, 2048, 2048, 2048, 2048, 2048, 2048, 2048, 2048]","[2048, 2048, 2048, 2048, 2048, 2048, 2048]","[2048, 2048, 2048, 2048, 2048, 2048, 2048, 2048, 2064, 2064]",259
1258,10015,1,9,2025-04-18T13:57:02.799000+00:00,,37.005,32.44,224.0,249,True,721.999,"[2064, 2064, 2064, 2048, 2048, 2048, 2048, 2048, 2048]","[2048, 2048, 2048, 2048, 2048, 2048, 2048]","[2048, 2048, 2048, 2048, 2048, 2048, 2048, 2048, 2048, 2048]",292
1258,10015,16,11,2025-04-18T13:57:26.137000+00:00,,35.189,31.166,236.0,295,True,458.48,"[2064, 2064, 2064, 2048, 2048, 2048, 2048, 2048, 2048]","[2048, 2048, 2048, 2048, 2048, 2048, 2048]","[2048, 2048, 2048, 2048, 2048, 2048, 2049, 2048, 2048, 2048]",305
1258,10015,81,9,2025-04-18T13:57:43.708000+00:00,32.392,28.601,28.715,290.0,323,False,89.708,"[2048, 2048, 2049, 2049, 2049, 2049, 2048, 2051, 2051]","[2049, 2048, 2048, 2049, 2048, 2048, 2048]","[2049, 2051, 2049, 2048, 2049, 2049, 2048, 2048, 2048, 2048]",322
1258,10015,44,11,2025-04-18T13:57:45.161000+00:00,,36.78,40.51,245.0,266,True,447.294,"[2064, 2064, 2064, 2048, 2048, 2048, 2048, 2048, 2048]","[2048, 2048, 2048, 2048, 2048, 2048, 2048]","[2048, 2048, 2048, 2048, 2048, 2048, 2049, 2048, 2048, 2048]",265
1258,10015,63,8,2025-04-18T13:57:50.005000+00:00,,35.9,34.51,258.0,292,True,788.989,"[2064, 2064, 2064, 2048, 2048, 2048, 2048, 2048, 2048]","[2048, 2048, 2048, 2048, 2048, 2048, 2048]","[2048, 2048, 2048, 2048, 2048, 2048, 2048, 2048, 2049, 2049]",287
1258,10015,27,10,2025-04-18T13:58:14.443000+00:00,32.738,28.26,28.918,291.0,334,False,89.916,"[2049, 2049, 2049, 2049, 2051, 2049, 2049, 2049, 2049]","[2049, 2049, 2051, 2049, 2049, 2051, 2051]","[2049, 2048, 2049, 2051, 2048, 2049, 2048, 2049, 2051]",340
1258,10015,87,7,2025-04-18T13:58:17.177000+00:00,,30.71,31.828,267.0,303,True,997.717,"[2064, 2064, 2064, 2048, 2048, 2048, 2048, 2048, 2048]","[2048, 2048, 2048, 2048, 2048, 2048, 2048]","[2048, 2048, 2048, 2048, 2048, 2048, 2049, 2049, 2048, 2048]",308
1258,10015,4,9,2025-04-18T13:58:32.508000+00:00,32.322,28.252,28.672,290.0,322,False,89.246,"[2048, 2048, 2051, 2049, 2049, 2051, 2048, 2049, 2049]","[2049, 2051, 2049, 2049, 2049, 2049, 2048]","[2049, 2051, 2049, 2048, 2049, 2048, 2048, 2048, 2048, 2048]",322
1258,10015,1,10,2025-04-18T13:58:56.816000+00:00,32.69,28.382,28.746,288.0,325,False,89.818,"[2048, 2048, 2048, 2049, 2048, 2049, 2049, 2049, 2049]","[2049, 2049, 2049, 2051, 2048, 2048, 2048]","[2049, 2048, 2048, 2048, 2049, 2049, 2049, 2049, 2048, 2048]",329
1258,10015,81,10,2025-04-18T13:59:13.217000+00:00,52.782,46.516,40.105,159.0,121,False,139.403,"[None, 2048, 2048, 2048, 2048, 2048, 2048, 2048, 2048]","[2048, 2048, 2048, 2048, 2048, 2048, 2048]","[2048, 2048, 2048, 2048, 2048, 2048, 2049, 2049, 2049, 2048]",145
1258,10015,16,12,2025-04-18T13:59:32.286000+00:00,32.667,28.385,28.728,287.0,324,False,89.78,"[2048, 2049, 2049, 2049, 2049, 2048, 2049, 2049, 2048]","[2048, 2048, 2049, 2048, 2049, 2049, 2048]","[2048, 2049, 2049, 2049, 2048, 2049, 2048, 2049, 2049, 2049]",328
1258,10015,27,11,2025-04-18T13:59:44.278000+00:00,52.976,47.048,51.429,161.0,167,False,151.453,"[2048, 2048, 2048, 2048, 2048, 2048, 2048, 2048, 2048]","[2048, 2048, 2048, 2048, 2048, 2048, 2048]","[2048, 2048, 2048, 2048, 2048, 2048, 2048, 2048, 2064, 2064]",167
1258,10015,63,9,2025-04-18T13:59:45.434000+00:00,32.626,28.256,28.736,290.0,325,False,89.618,"[2048, 2049, 2049, 2048, 2048, 2048, 2051, 2048, 2048]","[2048, 2048, 2049, 2049, 2048, 2048, 2048]","[2049, 2049, 2048, 2048, 2049, 2049, 2048, 2048, 2048, 2048]",327
1258,10015,44,12,2025-04-18T13:59:51.684000+00:00,32.84,28.463,28.881,289.0,327,False,90.184,"[2048, 2049, 2049, 2048, 2048, 2049, 2049, 2049, 2048]","[2049, 2049, 2049, 2049, 2048, 2049, 2049]","[2051, 2049, 2049, 2049, 2048, 2049, 2048, 2048, 2049]",330
1258,10015,87,8,2025-04-18T13:59:55.997000+00:00,33.061,28.511,29.139,287.0,323,False,90.711,"[2049, 2049, 2049, 2049, 2049, 2048, 2049, 2049, 2049]","[2049, 2049, 2049, 2049, 2049, 2049, 2049]","[2049, 2048, 2049, 2048, 2049, 2048, 2048, 2048, 2048, 2048]",328
1258,10015,22,11,2025-04-18T13:59:56.169000+00:00,,34.707,32.549,213.0,283,True,576.402,"[2064, 2064, 2064, 2048, 2048, 2048, 2048, 2048, 2048]","[2048, 2048, 2048, 2048, 2048, 2048, 2048]","[2048, 2048, 2048, 2048, 2048, 2048, 2049, 2048, 2048, 2048]",283
1258,10015,4,10,2025-04-18T14:00:01.653000+00:00,52.327,46.031,50.04,159.0,163,False,148.398,"[None, 2048, 2048, 2048, 2048, 2048, 2048, 2048, 2048]","[2048, 2048, 2048, 2048, 2048, 2048, 2048]","[2048, 2048, 2048, 2048, 2048, 2048, 2048, 2048, 2064, 2064]",176
1258,10015,1,11,2025-04-18T14:00:26.575000+00:00,60.057,55.518,38.178,116.0,135,False,153.753,"[None, 2048, 2048, 2048, 2048, 2048, 2048, 2048, 2048]","[2048, 2048, 2048, 2048, 2048, 2048, 2048]","[2048, 2048, 2048, 2048, 2048, 2048, 2048, 2048, 2048]",250
1258,10015,23,10,2025-04-18T14:00:50.997000+00:00,,33.107,30.712,284.0,298,True,479.668,"[2064, 2064, 2064, 2048, 2048, 2048, 2048, 2048, 2048]","[2048, 2048, 2048, 2048, 2048, 2048, 2048]","[2048, 2048, 2048, 2048, 2048, 2048, 2051, 2051, 2049, 2048]",315
1258,10015,16,13,2025-04-18T14:01:01.962000+00:00,61.676,59.993,56.765,100.0,173,False,178.434,"[None, 2048, 2048, 2048, 2048, 2048, 2048, 2048, 2048]","[2048, 2048, 2048, 2048, 2048, 2048, 2048]","[2048, 2048, 2048, 2048, 2048, 2048, 2048, 2048, 2064, 2064]",151
1258,10015,5,9,2025-04-18T14:01:10.406000+00:00,,34.365,37.612,262.0,227,True,937.661,"[2064, 2064, 2064, 2048, 2048, 2048, 2048, 2048, 2048]","[2048, 2048, 2048, 2048, 2048, 2048, 2048]","[2048, 2048, 2048, 2048, 2048, 2049, 2049, 2049, 2049, 2048]",151
1258,10015,63,10,2025-04-18T14:01:15.062000+00:00,65.137,53.814,53.572,146.0,199,False,172.523,"[None, 2048, 2048, 2048, 2048, 2048, 2048, 2048, 2048]","[2048, 2048, 2048, 2048, 2048, 2048, 2048]","[2048, 2048, 2048, 2048, 2048, 2048, 2048, 2048, 2064, 2064]",152
1258,10015,44,13,2025-04-18T14:01:21.844000+00:00,74.687,72.282,58.941,97.0,122,False,205.91,"[None, 2048, 2048, 2048, 2048, 2048, 2048, 2048, 2048]","[2048, 2048, 2048, 2048, 2048, 2048, 2048]","[2048, 2048, 2048, 2048, 2048, 2048, 2048, 2048, 2064, 2064]",150
1258,10015,87,9,2025-04-18T14:01:26.484000+00:00,66.374,52.599,54.043,173.0,145,False,173.016,"[2048, 2048, 2048, 2048, 2048, 2048, 2048, 2048, 2048]","[2048, 2048, 2048, 2048, 2048, 2048, 2048]","[2048, 2048, 2048, 2048, 2048, 2048, 2048, 2048, 2064, 2064]",159
1258,10015,12,10,2025-04-18T14:01:31.328000+00:00,,37.968,32.466,229.0,290,True,834.549,"[2064, 2064, 2064, 2048, 2048, 2048, 2048, 2048, 2048]","[2048, 2048, 2048, 2048, 2048, 2048, 2048]","[2048, 2048, 2048, 2048, 2048, 2048, 2048, 2048, 2048]",311
1258,10015,81,11,2025-04-18T14:01:32.797000+00:00,38.239,45.74,41.715,158.0,224,False,125.694,"[None, 2048, 2048, 2049, 2049, 2048, 2048, 2048, 2048]","[2048, 2048, 2048, 2048, 2048, 2048, 2048]","[2048, 2048, 2048, 2048, 2048, 2048, 2048, 2048, 2048, 2048]",131
1258,10015,22,12,2025-04-18T14:01:48.828000+00:00,32.718,28.352,28.817,288.0,324,False,89.887,"[2048, 2049, 2049, 2048, 2049, 2048, 2048, 2049, 2048]","[2048, 2049, 2049, 2049, 2049, 2048, 2048]","[2049, 2049, 2048, 2048, 2048, 2048, 2049, 2049, 2048]",329
1258,10015,14,11,2025-04-18T14:02:12.112000+00:00,,46.086,40.611,248.0,252,True,763.747,"[2064, 2064, 2064, 2048, 2048, 2048, 2048, 2048, 2048]","[2048, 2048, 2048, 2048, 2048, 2048, 2048]","[2048, 2048, 2048, 2048, 2048, 2048, 2049, 2049, 2048, 2048]",260
1258,10015,23,11,2025-04-18T14:02:34.433000+00:00,32.673,43.297,62.235,291.0,119,False,138.205,"[2048, 2049, 2048, 2049, 2049, 2048, 2049, 2048, 2048]","[2049, 2049, 2048, 2048, 2048, 2048, 2048]","[2048, 2048, 2048, 2048, 2048, 2048, 2048, 2048, 2048, 2048]",124
1258,10015,27,12,2025-04-18T14:02:42.842000+00:00,72.481,39.83,44.071,258.0,257,True,156.382,"[2064, 2064, 2064, 2048, 2048, 2048, 2048, 2048, 2048]","[2048, 2048, 2048, 2048, 2048, 2048, 2048]","[2048, 2048, 2048, 2048, 2048, 2048, 2048, 2048, 2048, 2048]",144
1258,10015,55,13,2025-04-18T14:02:48.025000+00:00,,44.001,33.75,188.0,310,True,375.749,"[2064, 2064, 2064, 2048, 2048, 2048, 2048, 2048, 2048]","[2048, 2048, 2048, 2048, 2048, 2048, 2048]","[2048, 2048, 2048, 2048, 2048, 2048, 2048, 2048, 2048, 2048]",303
1258,10015,4,11,2025-04-18T14:03:00.385000+00:00,82.497,43.4,35.929,197.0,76,True,161.826,"[2064, 2064, 2064, 2048, 2048, 2048, 2048, 2048, 2048]","[2048, 2048, 2048, 2048, 2048, 2048, 2048]","[2048, 2048, 2048, 2048, 2048, 2048, 2048, 2048, 2049, 2048]",313
1258,10015,1,12,2025-04-18T14:03:01.399000+00:00,50.804,40.756,48.127,179.0,309,False,139.687,"[None, 2048, 2048, 2048, 2048, 2048, 2048, 2048, 2048]","[2048, 2048, 2048, 2048, 2048, 2048, 2048]","[2048, 2048, 2048, 2048, 2048, 2048, 2048, 2048, 2048, 2048]",298
1258,10015,5,10,2025-04-18T14:03:04.516000+00:00,33.314,28.711,29.152,288.0,327,False,91.177,"[2049, 2049, 2049, 2048, 2048, 2049, 2049, 2049, 2049]","[2049, 2049, 2049, 2049, 2049, 2049, 2048]","[2048, 2049, 2049, 2049, 2048, 2049, 2048, 2048, 2048]",331
1258,10015,22,13,2025-04-18T14:03:18.578000+00:00,61.048,53.581,55.202,151.0,153,False,169.831,"[None, 2048, 2048, 2048, 2048, 2048, 2048, 2048, 2048]","[2048, 2048, 2048, 2048, 2048, 2048, 2048]","[2048, 2048, 2048, 2048, 2048, 2048, 2048, 2048, 2064, 2064]",156
1258,10015,12,11,2025-04-18T14:03:30.406000+00:00,32.878,28.272,28.784,290.0,325,False,89.934,"[2048, 2049, 2049, 2049, 2051, 2048, 2048, 2049, 2049]","[2049, 2049, 2049, 2049, 2048, 2048, 2048]","[2049, 2049, 2048, 2048, 2048, 2049, 2048, 2048, 2048]",325
1258,10015,81,12,2025-04-18T14:03:38.391000+00:00,32.47,28.344,28.619,289.0,324,False,89.433,"[None, 2048, 2048, 2048, 2049, 2048, 2049, 2048, 2048]","[2048, 2049, 2049, 2048, 2049, 2049, 2049]","[2048, 2051, 2051, 2049, 2049, 2048, 2048, 2048, 2049, 2048]",325
1258,10015,10,12,2025-04-18T14:03:50.902000+00:00,,35.149,31.624,225.0,309,True,715.041,"[2064, 2064, 2064, 2048, 2048, 2048, 2048, 2048, 2048]","[2048, 2048, 2048, 2048, 2048, 2048, 2048]","[2048, 2048, 2048, 2048, 2048, 2048, 2049, 2049, 2049, 2049]",301
1258,10015,18,10,2025-04-18T14:03:54.469000+00:00,,35.03,37.195,262.0,242,True,941.432,"[2064, 2064, 2064, 2048, 2048, 2048, 2048, 2048, 2048]","[2048, 2048, 2048, 2048, 2048, 2048, 2048]","[2048, 2048, 2048, 2048, 2048, 2048, 2049, 2048, 2049, 2049]",302
1258,10015,7,13,2025-04-18T14:04:02.842000+00:00,,35.964,35.489,180.0,305,True,569.387,"[2064, 2064, 2064, 2048, 2048, 2048, 2048, 2048, 2048]","[2048, 2048, 2048, 2048, 2048, 2048, 2048]","[2048, 2048, 2048, 2048, 2048, 2048, 2049, 2049, 2048, 2048]",305
1258,10015,14,12,2025-04-18T14:04:19.888000+00:00,32.734,28.307,29.328,287.0,323,False,90.369,"[2048, 2048, 2049, 2049, 2049, 2049, 2049, 2049, 2049]","[2048, 2049, 2048, 2051, 2049, 2048, 2048]","[2049, 2048, 2048, 2048, 2048, 2049, 2048, 2048, 2048, 2048]",325
1258,10015,16,14,2025-04-18T14:04:20.839000+00:00,79.756,40.016,37.16,206.0,279,True,156.932,"[2064, 2064, 2064, 2048, 2048, 2048, 2048, 2048, 2048]","[2048, 2048, 2048, 2048, 2048, 2048, 2048]","[2048, 2048, 2048, 2048, 2048, 2048, 2048, 2048, 2048, 2049]",266
1258,10015,63,11,2025-04-18T14:04:32.583000+00:00,77.859,50.347,37.394,185.0,219,True,165.6,"[2064, 2064, 2064, 2048, 2048, 2048, 2048, 2048, 2048]","[2048, 2048, 2048, 2048, 2048, 2048, 2048]","[2048, 2048, 2048, 2048, 2048, 2048, 2049, 2049, 2048, 2048]",231
1258,10015,5,11,2025-04-18T14:04:35.537000+00:00,58.982,55.306,49.042,133.0,179,False,163.33,"[2048, 2048, 2048, 2048, 2048, 2048, 2048, 2048, 2048]","[2048, 2048, 2048, 2048, 2048, 2048, 2048]","[2048, 2048, 2048, 2048, 2048, 2048, 2048, 2048, 2064, 2064]",188
1258,10015,87,10,2025-04-18T14:04:45.328000+00:00,78.34,40.096,39.404,185.0,201,True,157.84,"[2064, 2064, 2064, 2048, 2048, 2048, 2048, 2048, 2048]","[2048, 2048, 2048, 2048, 2048, 2048, 2048]","[2048, 2048, 2048, 2048, 2048, 2048, 2048, 2048, 2048, 2048]",171
1258,10015,27,13,2025-04-18T14:04:52.188000+00:00,32.902,28.504,28.805,289.0,328,False,90.211,"[2048, 2049, 2049, 2048, 2048, 2049, 2048, 2048, 2048]","[2048, 2048, 2048, 2048, 2048, 2048, 2048]","[2048, 2049, 2049, 2048, 2051, 2048, 2048, 2048, 2048, 2048]",331
1258,10015,23,12,2025-04-18T14:04:52.625000+00:00,83.153,54.924,39.297,131.0,151,False,177.374,"[None, 2048, 2048, 2048, 2048, 2048, 2048, 0, 0]","[2048, 2048, 2048, 2048, 2048, 2048, 2048]","[2048, 2048, 2048, 2048, 2048, 2048, 2048, 2048, 2048, 2048]",234
1258,10015,12,12,2025-04-18T14:04:59.453000+00:00,53.912,50.084,50.838,159.0,150,False,154.834,"[None, 2048, 2048, 2048, 2048, 2048, 2048, 2048, 2048]","[2048, 2048, 2048, 2048, 2048, 2048, 2048]","[2048, 2048, 2048, 2048, 2048, 2048, 2048, 2048, 2064, 2064]",163
1258,10015,55,14,2025-04-18T14:05:05.610000+00:00,32.643,28.398,28.738,292.0,322,False,89.779,"[2048, 2049, 2048, 2049, 2049, 2048, 2048, 2048, 2049]","[2048, 2049, 2049, 2049, 2048, 2048, 2048]","[2048, 2049, 2048, 2048, 2048, 2048, 2048, 2048, 2048, 2048]",327
1258,10015,81,13,2025-04-18T14:05:07.813000+00:00,53.646,44.79,47.908,242.0,138,False,146.344,"[None, 2048, 2048, 2048, 2048, 2048, 2048, 2048, 2048]","[2048, 2048, 2048, 2048, 2048, 2048, 2048]","[2048, 2048, 2048, 2048, 2048, 2048, 2048, 2048, 2049, 2049]",118
1258,10015,44,14,2025-04-18T14:05:11.313000+00:00,79.573,36.112,34.029,229.0,297,True,149.714,"[2064, 2064, 2064, 2048, 2048, 2048, 2048, 2048, 2048]","[2048, 2048, 2048, 2048, 2048, 2048, 2048]","[2048, 2048, 2048, 2048, 2048, 2048, 2049, 2048, 2048, 2048]",301
1258,10015,4,12,2025-04-18T14:05:11.987000+00:00,35.988,28.206,28.651,291.0,322,False,92.845,"[2049, 2048, 2051, 2048, 2048, 2048, 2048, 2048, 2049]","[2048, 2048, 2048, 2051, 2049, 2049, 2049]","[2049, 2048, 2048, 2048, 2048, 2049, 2048, 2048, 2048, 2048]",321
1258,10015,1,13,2025-04-18T14:05:20.047000+00:00,35.882,31.782,34.415,220.0,269,False,102.079,"[None, 2049, 2048, 2049, 2049, 2048, 2049, 0, 0]","[2048, 2048, 2048, 2048, 2048, 2048, 2048]","[2048, 2048, 2048, 2048, 2048, 2048, 2048, 2048, 2064, 2064]",291
1258,10015,10,13,2025-04-18T14:05:38.328000+00:00,32.407,28.296,28.536,288.0,325,False,89.239,"[2049, 2049, 2049, 2049, 2049, 2049, 2049, 2049, 2048]","[2048, 2051, 2049, 2049, 2049, 2049, 2049]","[2048, 2049, 2049, 2049, 2048, 2049, 2048, 2048, 2048, 2048]",332
1258,10015,14,13,2025-04-18T14:05:50.203000+00:00,58.039,51.844,48.447,219.0,150,False,158.33,"[None, 2048, 2048, 2048, 2048, 2048, 2048, 2048, 2048]","[2048, 2048, 2048, 2048, 2048, 2048, 2048]","[2048, 2048, 2048, 2048, 2048, 2048, 2048, 2048, 2064, 2064]",292
1258,10015,18,11,2025-04-18T14:05:52.531000+00:00,32.944,28.657,28.982,287.0,326,False,90.583,"[2048, 2048, 2048, 2051, 2049, 2048, 2049, 2049, 2049]","[2049, 2049, 2049, 2049, 2048, 2049, 2049]","[2049, 2048, 2049, 2049, 2049, 2049, 2048, 2048, 2048]",324
1258,10015,7,14,2025-04-18T14:06:02.110000+00:00,32.75,28.453,28.98,291.0,326,False,90.183,"[2049, 2049, 2048, 2048, 2049, 2049, 2049, 2048, 2048]","[2049, 2049, 2049, 2048, 2049, 2049, 2049]","[2048, 2048, 2048, 2049, 2048, 2049, 2048, 2048, 2048]",331
1258,10015,27,14,2025-04-18T14:06:22.375000+00:00,35.201,32.99,33.615,286.0,304,False,101.806,"[None, 2048, 2048, 2048, 2048, 2048, 2048, 2048, 2048]","[2048, 2048, 2048, 2048, 2048, 2048, 2048]","[2048, 2048, 2048, 2048, 2048, 2048, 2048, 2048, 2064, 2064]",312
1258,10015,22,14,2025-04-18T14:06:32.704000+00:00,87.259,36.697,36.329,204.0,265,True,160.285,"[2064, 2064, 2064, 2048, 2048, 2048, 2048, 2048, 2048]","[2048, 2048, 2048, 2048, 2048, 2048, 2048]","[2048, 2048, 2048, 2048, 2048, 2048, 2048, 2048, 2048, 2048]",198
1258,10015,55,15,2025-04-18T14:06:35.454000+00:00,62.402,47.655,46.985,203.0,174,False,157.042,"[None, 2048, 2048, 2048, 2048, 2048, 2048, 2048, 2048]","[2048, 2048, 2048, 2048, 2048, 2048, 2048]","[2048, 2048, 2048, 2048, 2048, 2048, 2048, 2048, 2064, 2064]",242
1258,10015,16,15,2025-04-18T14:06:37.360000+00:00,32.488,28.154,28.667,290.0,326,False,89.309,"[2048, 2049, 2048, 2049, 2048, 2049, 2049, 2051, 2049]","[2049, 2051, 2049, 2049, 2049, 2049, 2049]","[2048, 2049, 2049, 2049, 2051, 2048, 2048, 2049, 2049, 2048]",329
1258,10015,4,13,2025-04-18T14:06:44.891000+00:00,39.19,33.478,34.964,195.0,272,False,107.632,"[2048, 2049, 2048, 2048, 2048, 2048, 2048, 2048, 2048]","[2048, 2048, 2048, 2048, 2048, 2048, 2048]","[2048, 2048, 2048, 2048, 2048, 2048, 2048, 2048, 2064, 2064]",280
1258,10015,63,12,2025-04-18T14:06:53.188000+00:00,32.698,29.557,34.968,290.0,276,False,97.223,"[2048, 2048, 2048, 2049, 2049, 2048, 2048, 2049, 2048]","[2048, 2048, 2048, 2048, 2048, 2048, 2048]","[2048, 2048, 2048, 2048, 2048, 2048, 2048, 2048, 2064, 2064]",313
1258,10015,87,11,2025-04-18T14:06:57.517000+00:00,33.925,46.758,45.01,237.0,106,False,125.693,"[2048, 2048, 2048, 2049, 2048, 2049, 2048, 2048, 2048]","[2048, 2048, 2048, 2048, 2048, 2048, 2048]","[2048, 2048, 2048, 2048, 2048, 2048, 2048, 2048, 2064, 2064]",246
1258,10015,10,14,2025-04-18T14:07:07.439000+00:00,59.473,63.006,60.776,122.0,135,False,183.255,"[2048, 2048, 2048, 2048, 2048, 2048, 2048, 2048, 2048]","[2048, 2048, 2048, 2048, 2048, 2048, 2048]","[2048, 2048, 2048, 2048, 2048, 2048, 2048, 2048, 2064, 2064]",138
1258,10015,44,15,2025-04-18T14:07:17.611000+00:00,32.828,28.293,28.793,288.0,325,False,89.914,"[2048, 2048, 2048, 2049, 2048, 2049, 2048, 2048, 2049]","[2048, 2049, 2048, 2049, 2049, 2049, 2048]","[2048, 2049, 2049, 2048, 2048, 2048, 2048, 2049, 2049, 2048]",329
1258,10015,18,12,2025-04-18T14:07:22.954000+00:00,66.423,60.995,59.021,165.0,150,False,186.439,"[None, 2048, 2048, 2048, 2048, 2048, 2048, 2048, 2048]","[2048, 2048, 2048, 2048, 2048, 2048, 2048]","[2048, 2048, 2048, 2048, 2048, 2048, 2048, 2048, 2048, 2048]",166
1258,10015,7,15,2025-04-18T14:07:32.142000+00:00,51.027,51.895,64.081,180.0,150,False,167.003,"[2048, 2048, 2048, 2048, 2048, 2048, 2048, 2048, 2048]","[2048, 2048, 2048, 2048, 2048, 2048, 2048]","[2048, 2048, 2048, 2048, 2048, 2048, 2048, 2048, 2064, 2064]",120
1258,10015,31,10,2025-04-18T14:07:32.939000+00:00,,32.183,31.539,259.0,300,True,912.825,"[2064, 2064, 2064, 2048, 2048, 2048, 2048, 2048, 2048]","[2048, 2048, 2048, 2048, 2048, 2048, 2048]","[2048, 2048, 2048, 2048, 2048, 2048, 2049, 2049, 2048, 2048]",302
1258,10015,81,14,2025-04-18T14:07:34.189000+00:00,32.444,28.242,28.655,289.0,322,False,89.341,"[2049, 2049, 2051, 2048, 2048, 2048, 2051, 2048, 2048]","[2048, 2051, 2049, 2049, 2049, 2048, 2048]","[2049, 2048, 2048, 2048, 2048, 2048, 2048, 2048, 2048, 2048]",328
1258,10015,5,12,2025-04-18T14:07:45.705000+00:00,82.723,40.864,44.667,248.0,195,True,168.254,"[2064, 2064, 2064, 2048, 2048, 2048, 2048, 2048, 2048]","[2048, 2048, 2048, 2048, 2048, 2048, 2048]","[2048, 2048, 2048, 2048, 2048, 2048, 2049, 2049, 2049, 2049]",129
1258,10015,12,13,2025-04-18T14:07:49.048000+00:00,78.841,57.777,36.274,116.0,157,True,172.892,"[2064, 2064, 2064, 2048, 2048, 2048, 2048, 2048, 2048]","[2048, 2048, 2048, 2048, 2048, 2048, 2048]","[2048, 2048, 2048, 2048, 2048, 2048, 2048, 2048, 2048, 2048]",273
1258,10015,23,13,2025-04-18T14:07:50.001000+00:00,51.439,40.611,34.271,255.0,237,False,126.321,"[None, 2048, 2048, 2048, 2048, 2048, 2048, 2048, 2048]","[2048, 2048, 2048, 2048, 2048, 2048, 2048]","[2048, 2048, 2048, 2048, 2048, 2048, 2048, 2048, 2048, 2048]",273
1258,10015,16,16,2025-04-18T14:08:06.627000+00:00,47.199,37.19,40.596,193.0,239,False,124.985,"[None, 2048, 2048, 2048, 2048, 2048, 2048, 2048, 2048]","[2048, 2048, 2048, 2048, 2048, 2048, 2048]","[2048, 2048, 2048, 2048, 2048, 2048, 2048, 2048, 2064, 2064]",288
1258,10015,44,16,2025-04-18T14:08:47.402000+00:00,64.328,41.572,49.847,133.0,230,False,155.747,"[None, 2048, 2048, 2048, 2048, 2048, 2048, 2048, 2048]","[2048, 2048, 2048, 2048, 2048, 2048, 2048]","[2048, 2048, 2048, 2048, 2048, 2048, 2048, 2048, 2048, 2048]",176
1258,10015,22,15,2025-04-18T14:08:48.810000+00:00,32.543,28.349,28.929,288.0,322,False,89.821,"[2048, 2048, 2048, 2049, 2048, 2049, 2049, 2049, 2049]","[2048, 2049, 2049, 2048, 2048, 2048, 2048]","[2048, 2048, 2048, 2048, 2048, 2049, 2049, 2049, 2048]",327
1258,10015,14,14,2025-04-18T14:08:53.724000+00:00,70.826,53.236,37.78,252.0,166,True,161.842,"[2064, 2064, 2064, 2048, 2048, 2048, 2048, 2048, 2048]","[2048, 2048, 2048, 2048, 2048, 2048, 2048]","[2048, 2048, 2048, 2048, 2048, 2048, 2049, 2049, 2048, 2048]",299
1258,10015,81,15,2025-04-18T14:09:03.412000+00:00,40.606,32.414,34.014,239.0,279,False,107.034,"[2048, 2048, 2048, 2048, 2048, 2048, 2048, 2048, 2048]","[2048, 2048, 2048, 2048, 2048, 2048, 2048]","[2048, 2048, 2048, 2048, 2048, 2048, 2048, 2048, 2064, 2064]",280
1258,10015,31,11,2025-04-18T14:09:19.787000+00:00,33.335,28.745,29.178,284.0,323,False,91.258,"[2049, 2049, 2049, 2049, 2049, 2049, 2049, 2049, 2048]","[2049, 2049, 2049, 2049, 2049, 2049, 2048]","[2049, 2048, 2048, 2048, 2049, 2049, 2048, 2048, 2049, 2049]",326
1258,10015,55,16,2025-04-18T14:09:33.678000+00:00,75.04,49.543,36.505,138.0,230,True,161.088,"[2064, 2064, 2064, 2048, 2048, 2048, 2048, 2048, 2048]","[2048, 2048, 2048, 2048, 2048, 2048, 2048]","[2048, 2048, 2048, 2048, 2048, 2048, 2048, 2048, 2048, 2048]",307
1258,10015,87,12,2025-04-18T14:09:35.912000+00:00,83.591,42.314,35.17,235.0,118,True,161.075,"[2064, 2064, 2064, 2048, 2048, 2048, 2048, 2048, 2048]","[2048, 2048, 2048, 2048, 2048, 2048, 2048]","[2048, 2048, 2048, 2048, 2048, 2048, 2049, 2049, 2048, 2048]",242
1258,10015,23,14,2025-04-18T14:09:56.361000+00:00,32.723,28.268,28.615,293.0,322,False,89.606,"[None, 2048, 2048, 2048, 2048, 2048, 2049, 2049, 2051]","[2049, 2049, 2048, 2048, 2048, 2048, 2048]","[2048, 2049, 2051, 2048, 2049, 2049, 2048, 2048, 2048, 2048]",326
1258,10015,5,13,2025-04-18T14:10:07.256000+00:00,33.434,28.795,28.809,290.0,331,False,91.038,"[2049, 2048, 2048, 2049, 2049, 2048, 2048, 2049, 2049]","[2049, 2048, 2049, 2048, 2048, 2049, 2049]","[2048, 2048, 2049, 2049, 2048, 2048, 2048, 2048, 2049, 2049]",334
1258,10015,22,16,2025-04-18T14:10:18.495000+00:00,52.843,33.794,35.948,247.0,277,False,122.585,"[None, 2048, 2048, 2048, 2048, 2048, 2048, 2048, 2048]","[2048, 2048, 2048, 2048, 2048, 2048, 2048]","[2048, 2048, 2048, 2048, 2048, 2048, 2048, 2048, 2064, 2064]",285
1258,10015,12,14,2025-04-18T14:10:27.324000+00:00,32.908,28.396,28.787,289.0,325,False,90.091,"[2048, 2049, 2049, 2048, 2048, 2049, 2049, 2049, 2048]","[2048, 2048, 2048, 2048, 2048, 2048, 2048]","[2049, 2048, 2048, 2048, 2049, 2048, 2048, 2048, 2048, 2048]",328
1258,10015,18,13,2025-04-18T14:10:29.495000+00:00,55.706,50.477,41.986,230.0,193,False,148.169,"[None, 2048, 2048, 2048, 2048, 2048, 2048, 2048, 2048]","[2048, 2048, 2048, 2048, 2048, 2048, 2048]","[2048, 2048, 2048, 2048, 2048, 2048, 2048, 2048, 2048, 2048]",163
1258,10015,10,15,2025-04-18T14:10:37.164000+00:00,82.007,43.338,32.036,176.0,269,True,157.381,"[2064, 2064, 2064, 2048, 2048, 2048, 2048, 2048, 2048]","[2048, 2048, 2048, 2048, 2048, 2048, 2048]","[2048, 2048, 2048, 2048, 2048, 2048, 2048, 2048, 2048, 2048]",310
1258,10015,7,16,2025-04-18T14:10:50.930000+00:00,84.725,48.033,34.481,140.0,253,True,167.239,"[2064, 2064, 2064, 2048, 2048, 2048, 2048, 2048, 2048]","[2048, 2048, 2048, 2048, 2048, 2048, 2048]","[2048, 2048, 2048, 2048, 2048, 2048, 2048, 2048, 2048, 2048]",257
1258,10015,31,12,2025-04-18T14:10:50.961000+00:00,47.87,50.715,48.659,147.0,165,False,147.244,"[2048, 2048, 2048, 2048, 2048, 2048, 2048, 2048, 2048]","[2048, 2048, 2048, 2048, 2048, 2048, 2048]","[2048, 2048, 2048, 2048, 2048, 2048, 2048, 2048, 2064, 2064]",185
1258,10015,14,15,2025-04-18T14:11:10.432000+00:00,32.746,28.376,28.854,288.0,319,False,89.976,"[2048, 2048, 2048, 2051, 2049, 2049, 2049, 2048, 2049]","[2048, 2049, 2048, 2048, 2048, 2048, 2048]","[2048, 2049, 2049, 2048, 2048, 2049, 2048, 2048, 2048, 2048]",322
1258,10015,44,17,2025-04-18T14:11:23.279000+00:00,75.878,37.484,32.017,174.0,274,False,145.379,"[None, 2048, 2048, 2048, 2048, 2048, 0, 0, 2048]","[2048, 2048, 2048, 2048, 2048, 2048, 2048]","[2048, 2048, 2048, 2048, 2048, 2048, 2048, 2048, 2048, 2048]",303
1258,10015,23,15,2025-04-18T14:11:25.875000+00:00,44.902,35.125,36.849,240.0,165,False,116.876,"[None, 2048, 2048, 2048, 2048, 2048, 2048, 2048, 2048]","[2048, 2048, 2048, 2048, 2048, 2048, 2048]","[2048, 2048, 2048, 2048, 2048, 2048, 2048, 2048, 2064, 2064]",278
1258,10015,5,14,2025-04-18T14:11:38.222000+00:00,34.99,29.954,37.193,269.0,317,False,102.137,"[2048, 2048, 2048, 2048, 2048, 2048, 2048, 2048, 2048]","[2048, 2048, 2048, 2048, 2048, 2048, 2048]","[2048, 2048, 2048, 2048, 2048, 2048, 2048, 2048, 2064, 2064]",216
1258,10015,87,13,2025-04-18T14:11:44.238000+00:00,32.916,28.391,29.288,289.0,324,False,90.595,"[2048, 2048, 2048, 2049, 2048, 2049, 2049, 2048, 2049]","[2049, 2049, 2049, 2048, 2049, 2049, 2049]","[2048, 2049, 2049, 2048, 2048, 2048, 2048, 2048, 2048, 2048]",327
1258,10015,55,17,2025-04-18T14:11:53.628000+00:00,39.741,40.126,41.833,207.0,215,False,121.7,"[2048, 2048, 2049, 2048, 2048, 2049, 2048, 2048, 2048]","[2048, 2048, 2048, 2048, 2048, 2048, 2048]","[2048, 2048, 2048, 2048, 2048, 2048, 2048, 2048, 2048, 2048]",282
1258,10015,12,15,2025-04-18T14:11:57.496000+00:00,43.667,38.185,40.799,224.0,231,False,122.651,"[None, 2048, 2048, 2048, 2048, 2048, 2048, 2048, 2048]","[2048, 2048, 2048, 2048, 2048, 2048, 2048]","[2048, 2048, 2048, 2048, 2048, 2048, 2048, 2048, 2064, 2064]",239
1258,10015,1,14,2025-04-18T14:12:27.111000+00:00,,30.548,30.396,273.0,286,True,433.102,"[2064, 2064, 2064, 2048, 2048, 2048, 2048, 2048, 2048]","[2048, 2048, 2048, 2048, 2048, 2048, 2048]","[2048, 2048, 2048, 2048, 2048, 2048, 2048, 2048, 2048, 2048]",298
1258,10015,14,16,2025-04-18T14:12:40.393000+00:00,39.196,34.363,42.474,173.0,296,False,116.033,"[None, 2048, 2048, 2048, 2048, 2048, 2048, 2048, 2048]","[2048, 2048, 2048, 2048, 2048, 2048, 2048]","[2048, 2048, 2048, 2048, 2048, 2048, 2048, 2048, 2064, 2064]",277
1258,10015,10,16,2025-04-18T14:12:48.222000+00:00,33.646,28.29,31.658,290.0,321,False,93.594,"[2048, 2048, 2048, 2049, 2048, 2048, 2048, 2048, 2049]","[2048, 2048, 2048, 2049, 2049, 2049, 2048]","[2048, 2048, 2048, 2048, 2049, 2048, 2048, 2048, 2064, 2064]",325
1258,10015,18,14,2025-04-18T14:12:57.737000+00:00,33.054,28.853,28.863,286.0,326,False,90.77,"[None, 2048, 2049, 2048, 2048, 2049, 2048, 2049, 2049]","[2049, 2048, 2048, 2048, 2048, 2048, 2049]","[2049, 2049, 2049, 2049, 2048, 2049, 2048, 2048, 2048, 2048]",327
1258,10015,7,17,2025-04-18T14:13:06.597000+00:00,32.854,28.525,28.883,290.0,322,False,90.262,"[2048, 2048, 2048, 2048, 2048, 2048, 2048, 2048, 2049]","[2048, 2048, 2048, 2048, 2049, 2048, 2048]","[2048, 2048, 2049, 2048, 2048, 2048, 2048, 2048, 2048, 2048]",326
1258,10015,87,14,2025-04-18T14:13:14.725000+00:00,46.284,34.015,36.125,260.0,216,False,116.424,"[None, 2048, 2048, 2048, 2048, 2048, 2048, 2048, 2048]","[2048, 2048, 2048, 2048, 2048, 2048, 2048]","[2048, 2048, 2048, 2048, 2048, 2048, 2048, 2048, 2064, 2064]",303
1258,10015,31,13,2025-04-18T14:13:45.499000+00:00,85.061,39.744,38.131,161.0,273,True,162.936,"[2064, 2064, 2064, 2048, 2048, 2048, 2048, 2048, 2048]","[2048, 2048, 2048, 2048, 2048, 2048, 2048]","[2048, 2048, 2048, 2048, 2048, 2048, 2048, 2048, 0, 0]",153
1258,10015,44,18,2025-04-18T14:13:48.593000+00:00,32.699,28.288,28.828,288.0,325,False,89.815,"[None, 2048, 2048, 2049, 2049, 2049, 2048, 2049, 2049]","[2049, 2049, 2048, 2049, 2048, 2048, 2048]","[2048, 2048, 2048, 2048, 2049, 2048, 2048, 2048, 2049, 2049]",329
1258,10015,55,18,2025-04-18T14:13:55.343000+00:00,32.604,28.323,32.198,291.0,323,False,93.125,"[None, 2048, 2048, 2051, 2049, 2049, 2048, 2048, 2048]","[2048, 2048, 2049, 2049, 2049, 2048, 2048]","[2049, 2048, 2048, 2048, 2048, 2048, 2048, 2048, 2064, 2064]",327
1258,10015,1,15,2025-04-18T14:14:15.312000+00:00,35.082,29.963,30.262,281.0,295,False,95.307,"[2048, 2048, 2048, 2048, 2048, 2048, 2048, 2048, 2048]","[2048, 2048, 2048, 2048, 2048, 2048, 2048]","[2048, 2048, 2048, 2048, 2048, 2048, 2048, 2048, 2048, 2048]",304
1258,10015,18,15,2025-04-18T14:14:28.515000+00:00,56.041,59.373,41.839,166.0,120,False,157.253,"[None, 2048, 2048, 2048, 2048, 2048, 2048, 2048, 2048]","[2048, 2048, 2048, 2048, 2048, 2048, 2048]","[2048, 2048, 2048, 2048, 2048, 2048, 2048, 2048, 2048, 2048]",257
1258,10015,4,14,2025-04-18T14:14:31.796000+00:00,,29.881,29.865,272.0,300,True,468.582,"[2064, 2064, 2064, 2048, 2048, 2048, 2048, 2048, 2048]","[2048, 2048, 2048, 2048, 2048, 2048, 2048]","[2048, 2048, 2048, 2048, 2048, 2048, 2048, 2048, 2048, 2048]",303
1258,10015,7,18,2025-04-18T14:14:36.859000+00:00,54.098,46.096,46.443,196.0,183,False,146.637,"[None, 2048, 2048, 2048, 2048, 2048, 2048, 2048, 2048]","[2048, 2048, 2048, 2048, 2048, 2048, 2048]","[2048, 2048, 2048, 2048, 2048, 2048, 2048, 2048, 2064, 2064]",194
1258,10015,44,19,2025-04-18T14:15:18.349000+00:00,34.904,30.264,33.179,269.0,291,False,98.347,"[None, 2048, 2048, 2048, 2048, 2048, 2048, 2048, 2048]","[2048, 2048, 2048, 2048, 2048, 2048, 2048]","[2048, 2048, 2048, 2048, 2048, 2048, 2048, 2048, 2064, 2064]",303
1258,10015,16,17,2025-04-18T14:15:21.120000+00:00,,30.271,30.31,277.0,294,True,420.088,"[2064, 2064, 2064, 2048, 2048, 2048, 2048, 2048, 2048]","[2048, 2048, 2048, 2048, 2048, 2048, 2048]","[2048, 2048, 2048, 2048, 2048, 2048, 2048, 2048, 2048, 2048]",300
1258,10015,27,15,2025-04-18T14:15:37.933000+00:00,,30.066,30.234,280.0,302,True,557.667,"[2064, 2064, 2064, 2048, 2048, 2048, 2048, 2048, 2048]","[2048, 2048, 2048, 2048, 2048, 2048, 2048]","[2048, 2048, 2048, 2048, 2048, 2048, 2048, 2048, 2048, 2048]",304
1258,10015,1,16,2025-04-18T14:15:50.541000+00:00,34.938,30.01,30.468,283.0,303,False,95.416,"[None, 2048, 2048, 2048, 2048, 2048, 2048, 2048, 2048]","[2048, 2048, 2048, 2048, 2048, 2048, 2048]","[2048, 2048, 2048, 2048, 2048, 2048, 2048, 2048, 2048, 2048]",307
1258,10015,31,14,2025-04-18T14:16:01.497000+00:00,33.261,28.718,29.05,285.0,321,False,91.029,"[2048, 2048, 2048, 2049, 2048, 2049, 2049, 2049, 2049]","[2048, 2048, 2048, 2049, 2049, 2049, 2048]","[2048, 2049, 2048, 2048, 2048, 2049, 2048, 2048, 2049]",325
1258,10015,4,15,2025-04-18T14:16:20.966000+00:00,34.354,29.692,29.753,283.0,299,False,93.799,"[2048, 2048, 2048, 2048, 2048, 2048, 2048, 2048, 2048]","[2048, 2048, 2048, 2048, 2048, 2048, 2048]","[2048, 2048, 2048, 2048, 2048, 2048, 2048, 2048, 2048, 2048]",304
1258,10015,18,16,2025-04-18T14:17:05.748000+00:00,32.921,28.721,28.982,287.0,319,False,90.624,"[None, 2048, 2049, 2048, 2048, 2049, 2048, 2049, 2049]","[2048, 2049, 2048, 2048, 2049, 2048, 2048]","[2048, 2049, 2049, 2048, 2048, 2048, 2049, 2048, 2048, 2048]",323
1258,10015,16,18,2025-04-18T14:17:11.810000+00:00,34.4,29.522,29.989,284.0,300,False,93.911,"[2048, 2048, 2048, 2048, 2048, 2048, 2048, 2048, 2048]","[2048, 2048, 2048, 2048, 2048, 2048, 2048]","[2048, 2048, 2048, 2048, 2048, 2048, 2048, 2048, 2048, 2048]",305
1258,10015,27,16,2025-04-18T14:17:21.895000+00:00,34.859,29.769,30.163,283.0,302,False,94.791,"[2048, 2048, 2048, 2048, 2048, 2048, 2048, 2048, 2048]","[2048, 2048, 2048, 2048, 2048, 2048, 2048]","[2048, 2048, 2048, 2048, 2048, 2048, 2048, 2048, 2048, 2048]",306
1258,10015,1,17,2025-04-18T14:17:26.049000+00:00,34.846,29.928,30.186,,300,False,94.96,"[None, 2048, 2048, 2048, 2048, 2048, 2048, 2048, 2048]","[2048, 2048, 2048, 2048, 2048, 2048, 2048]","[2048, 2048, 2048, 2048, 2048, 2048, 2048, 2048, 2048]",306
1258,10015,31,15,2025-04-18T14:17:32.217000+00:00,48.086,50.465,47.277,160.0,174,False,145.828,"[None, 2048, 2048, 2048, 2048, 2048, 2048, 2048, 2048]","[2048, 2048, 2048, 2048, 2048, 2048, 2048]","[2048, 2048, 2048, 2048, 2048, 2048, 2048, 2048, 2048, 2048]",87
1258,10015,63,13,2025-04-18T14:17:35.716000+00:00,,29.845,30.09,283.0,302,True,667.168,"[2064, 2064, 2064, 2048, 2048, 2048, 2048, 2048, 2048]","[2048, 2048, 2048, 2048, 2048, 2048, 2048]","[2048, 2048, 2048, 2048, 2048, 2048, 2048, 2048, 2048, 2048]",302
1258,10015,22,17,2025-04-18T14:17:46.329000+00:00,,32.553,30.324,244.0,294,True,442.777,"[2064, 2064, 2064, 2048, 2048, 2048, 2048, 2048, 2048]","[2048, 2048, 2048, 2048, 2048, 2048, 2048]","[2048, 2048, 2048, 2048, 2048, 2048, 2048, 2048, 2048, 2048]",301
1258,10015,4,16,2025-04-18T14:17:54.795000+00:00,34.234,29.57,29.957,282.0,299,False,93.761,"[None, 2048, 2048, 2048, 2048, 2048, 2048, 2048, 2048]","[2048, 2048, 2048, 2048, 2048, 2048, 2048]","[2048, 2048, 2048, 2048, 2048, 2048, 2048, 2048, 2048, 2048]",303
1258,10015,81,16,2025-04-18T14:18:06.608000+00:00,,29.891,30.139,281.0,301,True,537.328,"[2064, 2064, 2064, 2048, 2048, 2048, 2048, 2048, 2048]","[2048, 2048, 2048, 2048, 2048, 2048, 2048]","[2048, 2048, 2048, 2048, 2048, 2048, 2048, 2048, 2048, 2048]",303
1258,10015,18,17,2025-04-18T14:18:36.398000+00:00,40.338,32.434,38.984,260.0,225,False,111.756,"[None, 2048, 2048, 2048, 2048, 2048, 2048, 2048, 2048]","[2048, 2048, 2048, 2048, 2048, 2048, 2048]","[2048, 2048, 2048, 2048, 2048, 2048, 2048, 2048, 2064, 2064]",222
1258,10015,16,19,2025-04-18T14:18:45.682000+00:00,34.855,29.803,30.138,281.0,298,False,94.796,"[None, 2048, 2048, 2048, 2048, 2048, 2048, 2048, 2048]","[2048, 2048, 2048, 2048, 2048, 2048, 2048]","[2048, 2048, 2048, 2048, 2048, 2048, 2048, 2048, 2048, 2048]",309
1258,10015,5,15,2025-04-18T14:18:47.129000+00:00,,30.079,30.186,281.0,302,True,438.41,"[2064, 2064, 2064, 2048, 2048, 2048, 2048, 2048, 2048]","[2048, 2048, 2048, 2048, 2048, 2048, 2048]","[2048, 2048, 2048, 2048, 2048, 2048, 2048, 2048, 2048, 2048]",306
1258,10015,12,16,2025-04-18T14:18:50.974000+00:00,,29.953,37.037,281.0,303,True,408.731,"[2064, 2064, 2064, 2048, 2048, 2048, 2048, 2048, 2048]","[2048, 2048, 2048, 2048, 2048, 2048, 2048]","[2048, 2048, 2048, 2048, 2048, 2048, 2048, 2048, 2048, 2048]",152
1258,10015,27,17,2025-04-18T14:18:56.618000+00:00,35.071,29.911,30.276,280.0,301,False,95.258,"[None, 2048, 2048, 2048, 2048, 2048, 2048, 2048, 2048]","[2048, 2048, 2048, 2048, 2048, 2048, 2048]","[2048, 2048, 2048, 2048, 2048, 2048, 2048, 2048, 2048, 2048]",305
1258,10015,1,18,2025-04-18T14:19:01.134000+00:00,34.822,29.924,32.831,281.0,299,False,97.577,"[None, 2048, 2048, 2048, 2048, 2048, 2048, 2048, 2048]","[2048, 2048, 2048, 2048, 2048, 2048, 2048]","[2048, 2048, 2048, 2048, 2048, 2048, 2048, 2048, 2064, 2064]",303
1258,10015,4,17,2025-04-18T14:19:28.587000+00:00,34.101,29.445,29.862,285.0,296,False,93.408,"[None, 2048, 2048, 2048, 2048, 2048, 2048, 2048, 2048]","[2048, 2048, 2048, 2048, 2048, 2048, 2048]","[2048, 2048, 2048, 2048, 2048, 2048, 2048, 2048, 2048, 2048]",306
1258,10015,63,14,2025-04-18T14:19:37.571000+00:00,34.623,29.643,30.018,,303,False,94.284,"[2048, 2048, 2048, 2048, 2048, 2048, 2048, 2048, 2048]","[2048, 2048, 2048, 2048, 2048, 2048, 2048]","[2048, 2048, 2048, 2048, 2048, 2048, 2048, 2048, 2048, 2048]",307
1258,10015,22,18,2025-04-18T14:19:44.087000+00:00,34.964,29.894,30.27,281.0,297,False,95.128,"[2048, 2048, 2048, 2048, 2048, 2048, 2048, 2048, 2048]","[2048, 2048, 2048, 2048, 2048, 2048, 2048]","[2048, 2048, 2048, 2048, 2048, 2048, 2048, 2048, 2048, 2048]",302
1258,10015,81,17,2025-04-18T14:19:47.900000+00:00,34.429,29.809,29.982,285.0,304,False,94.22,"[2048, 2048, 2048, 2048, 2048, 2048, 2048, 2048, 2048]","[2048, 2048, 2048, 2048, 2048, 2048, 2048]","[2048, 2048, 2048, 2048, 2048, 2048, 2048, 2048, 2048, 2048]",306
1258,10015,10,17,2025-04-18T14:19:54.884000+00:00,,30.249,30.214,274.0,298,True,447.968,"[2064, 2064, 2064, 2048, 2048, 2048, 2048, 2048, 2048]","[2048, 2048, 2048, 2048, 2048, 2048, 2048]","[2048, 2048, 2048, 2048, 2048, 2048, 2048, 2048, 2048, 2048]",302
1258,10015,31,16,2025-04-18T14:19:58.025000+00:00,33.324,28.875,34.799,284.0,306,False,96.998,"[None, 2048, 2048, 2049, 2048, 2049, 2049, 2048, 2048]","[2048, 2049, 2048, 2048, 2048, 2048, 2048]","[2048, 2049, 2049, 2048, 2048, 2048, 2048, 2048, 2064, 2064]",322
1258,10015,30,12,2025-04-18T14:19:58.619000+00:00,,36.72,34.64,212.0,259,True,1733.325,"[2064, 2064, 2064, 2048, 2048, 2048, 2048, 2048, 2048]","[2048, 2048, 2048, 2048, 2048, 2048, 2048]","[2048, 2048, 2048, 2048, 2048, 2048, 2049, 2049, 2049, 2048]",264
1258,10015,6,9,2025-04-18T14:20:05.978000+00:00,,37.415,46.748,177.0,194,True,2002.251,"[2064, 2064, 2064, 2048, 2048, 2048, 2048, 2048, 2048]","[2048, 2048, 2048, 2048, 2048, 2048, 2048]","[2048, 2048, 2048, 2048, 2048, 2048, 2048, 2048, 2048, 2048]",220
1258,10015,16,20,2025-04-18T14:20:20.525000+00:00,34.498,29.761,30.061,284.0,300,False,94.32,"[None, 2048, 2048, 2048, 2048, 2048, 2048, 2048, 2048]","[2048, 2048, 2048, 2048, 2048, 2048, 2048]","[2048, 2048, 2048, 2048, 2048, 2048, 2048, 2048, 2048, 2048]",305
1258,10015,23,16,2025-04-18T14:20:25.072000+00:00,,30.276,30.496,284.0,306,True,535.618,"[2064, 2064, 2064, 2048, 2048, 2048, 2048, 2048, 2048]","[2048, 2048, 2048, 2048, 2048, 2048, 2048]","[2048, 2048, 2048, 2048, 2048, 2048, 2048, 2048, 2048, 2048]",308
1258,10015,27,18,2025-04-18T14:20:31.994000+00:00,35.209,30.026,30.356,279.0,301,False,95.591,"[None, 2048, 2048, 2048, 2048, 2048, 2048, 2048, 2048]","[2048, 2048, 2048, 2048, 2048, 2048, 2048]","[2048, 2048, 2048, 2048, 2048, 2048, 2048, 2048, 2048, 2048]",304
1258,10015,5,16,2025-04-18T14:20:38.760000+00:00,34.769,29.947,30.261,283.0,302,False,94.977,"[2048, 2048, 2048, 2048, 2048, 2048, 2048, 2048, 2048]","[2048, 2048, 2048, 2048, 2048, 2048, 2048]","[2048, 2048, 2048, 2048, 2048, 2048, 2048, 2048, 2048, 2048]",305
1258,10015,55,19,2025-04-18T14:20:43.150000+00:00,,30.977,30.574,262.0,305,True,432.285,"[2064, 2064, 2064, 2048, 2048, 2048, 2048, 2048, 2048]","[2048, 2048, 2048, 2048, 2048, 2048, 2048]","[2048, 2048, 2048, 2048, 2048, 2048, 2048, 2048, 2048, 2048]",300
1258,10015,12,17,2025-04-18T14:20:48.885000+00:00,34.64,29.787,30.226,284.0,302,False,94.653,"[2048, 2048, 2048, 2048, 2048, 2048, 2048, 2048, 2048]","[2048, 2048, 2048, 2048, 2048, 2048, 2048]","[2048, 2048, 2048, 2048, 2048, 2048, 2048, 2048, 2048, 2048]",305
1258,10015,14,17,2025-04-18T14:20:51.900000+00:00,,30.716,30.208,267.0,293,True,471.862,"[2064, 2064, 2064, 2048, 2048, 2048, 2048, 2048, 2048]","[2048, 2048, 2048, 2048, 2048, 2048, 2048]","[2048, 2048, 2048, 2048, 2048, 2048, 2048, 2048, 2048, 2048]",305
1258,10015,1,19,2025-04-18T14:21:00.885000+00:00,61.769,30.418,33.963,282.0,304,True,126.15,"[2064, 2064, 2064, 2048, 2048, 2048, 2048, 2048, 2048]","[2048, 2048, 2048, 2048, 2048, 2048, 2048]","[2048, 2048, 2048, 2048, 2048, 2048, 2049, 2048, 2048, 2048]",189
1258,10015,4,18,2025-04-18T14:21:02.010000+00:00,34.05,29.457,29.911,288.0,299,False,93.418,"[None, 2048, 2048, 2048, 2048, 2048, 2048, 2048, 2048]","[2048, 2048, 2048, 2048, 2048, 2048, 2048]","[2048, 2048, 2048, 2048, 2048, 2048, 2048, 2048, 2048, 2048]",307
1258,10015,63,15,2025-04-18T14:21:11.791000+00:00,34.585,29.715,30.174,286.0,305,False,94.474,"[None, 2048, 2048, 2048, 2048, 2048, 2048, 2048, 2048]","[2048, 2048, 2048, 2048, 2048, 2048, 2048]","[2048, 2048, 2048, 2048, 2048, 2048, 2048, 2048, 2048, 2048]",307
1258,10015,22,19,2025-04-18T14:21:19.198000+00:00,34.943,29.811,30.313,283.0,297,False,95.067,"[None, 2048, 2048, 2048, 2048, 2048, 2048, 2048, 2048]","[2048, 2048, 2048, 2048, 2048, 2048, 2048]","[2048, 2048, 2048, 2048, 2048, 2048, 2048, 2048, 2048, 2048]",301
1258,10015,81,18,2025-04-18T14:21:22.057000+00:00,34.467,29.588,29.961,286.0,306,False,94.016,"[None, 2048, 2048, 2048, 2048, 2048, 2048, 2048, 2048]","[2048, 2048, 2048, 2048, 2048, 2048, 2048]","[2048, 2048, 2048, 2048, 2048, 2048, 2048, 2048, 2048, 2048]",307
1258,10015,44,20,2025-04-18T14:21:31.339000+00:00,,30.648,30.29,273.0,292,True,376.518,"[2064, 2064, 2064, 2048, 2048, 2048, 2048, 2048, 2048]","[2048, 2048, 2048, 2048, 2048, 2048, 2048]","[2048, 2048, 2048, 2048, 2048, 2048, 2048, 2048, 2048, 2048]",296
1258,10015,7,19,2025-04-18T14:21:39.839000+00:00,,30.291,30.424,283.0,302,True,397.797,"[2064, 2064, 2064, 2048, 2048, 2048, 2048, 2048, 2048]","[2048, 2048, 2048, 2048, 2048, 2048, 2048]","[2048, 2048, 2048, 2048, 2048, 2048, 2048, 2048, 2048, 2048]",306
1258,10015,10,18,2025-04-18T14:21:49.752000+00:00,34.767,29.885,30.034,278.0,299,False,94.686,"[2048, 2048, 2048, 2048, 2048, 2048, 2048, 2048, 2048]","[2048, 2048, 2048, 2048, 2048, 2048, 2048]","[2048, 2048, 2048, 2048, 2048, 2048, 2048, 2048, 2048, 2048]",304
1258,10015,16,21,2025-04-18T14:21:54.853000+00:00,34.708,29.921,30.16,,300,False,94.789,"[None, 2048, 2048, 2048, 2048, 2048, 2048, 2048, 2048]","[2048, 2048, 2048, 2048, 2048, 2048, 2048]","[2048, 2048, 2048, 2048, 2048, 2048, 2048, 2048, 2048]",305
1258,10015,30,13,2025-04-18T14:22:04.386000+00:00,32.89,28.451,28.566,292.0,328,False,89.907,"[2048, 2049, 2049, 2049, 2049, 2049, 2049, 2049, 2049]","[2049, 2049, 2049, 2049, 2049, 2049, 2049]","[2048, 2049, 2049, 2049, 2048, 2049, 2049, 2049, 2049, 2048]",329
1258,10015,27,19,2025-04-18T14:22:07.519000+00:00,35.504,30.328,30.338,278.0,304,False,96.17,"[None, 2048, 2048, 2048, 2048, 2048, 2048, 2048, 2048]","[2048, 2048, 2048, 2048, 2048, 2048, 2048]","[2048, 2048, 2048, 2048, 2048, 2048, 2048, 2048, 2048, 2048]",307
1258,10015,5,17,2025-04-18T14:22:13.752000+00:00,35.639,30.182,30.415,276.0,300,False,96.236,"[None, 2048, 2048, 2048, 2048, 2048, 2048, 2048, 2048]","[2048, 2048, 2048, 2048, 2048, 2048, 2048]","[2048, 2048, 2048, 2048, 2048, 2048, 2048, 2048, 2048, 2048]",302
1258,10015,6,10,2025-04-18T14:22:17.970000+00:00,33.049,48.818,55.957,293.0,167,False,137.824,"[2048, 2048, 2048, 2049, 2049, 2049, 2049, 2049, 2049]","[2048, 2048, 2048, 2048, 2048, 2048, 2048]","[2048, 2048, 2048, 2048, 2048, 2048, 2048, 2048, 2048, 2048]",121
1258,10015,23,17,2025-04-18T14:22:18.531000+00:00,35.117,29.949,30.222,,308,False,95.288,"[2048, 2048, 2048, 2048, 2048, 2048, 2048, 2048, 2048]","[2048, 2048, 2048, 2048, 2048, 2048, 2048]","[2048, 2048, 2048, 2048, 2048, 2048, 2048, 2048, 2048, 2048]",310
1258,10015,12,18,2025-04-18T14:22:23.477000+00:00,34.543,29.63,30.303,285.0,304,False,94.476,"[None, 2048, 2048, 2048, 2048, 2048, 2048, 2048, 2048]","[2048, 2048, 2048, 2048, 2048, 2048, 2048]","[2048, 2048, 2048, 2048, 2048, 2048, 2048, 2048, 2048, 2048]",308
1258,10015,14,18,2025-04-18T14:22:28.368000+00:00,34.782,29.744,30.187,284.0,300,False,94.713,"[2048, 2048, 2048, 2048, 2048, 2048, 2048, 2048, 2048]","[2048, 2048, 2048, 2048, 2048, 2048, 2048]","[2048, 2048, 2048, 2048, 2048, 2048, 2048, 2048, 2048, 2048]",304
1258,10015,4,19,2025-04-18T14:22:35.446000+00:00,34.283,29.437,30.203,286.0,301,False,93.923,"[None, 2048, 2048, 2048, 2048, 2048, 2048, 2048, 2048]","[2048, 2048, 2048, 2048, 2048, 2048, 2048]","[2048, 2048, 2048, 2048, 2048, 2048, 2048, 2048, 2048, 2048]",314
1258,10015,87,15,2025-04-18T14:22:35.728000+00:00,,30.051,30.161,279.0,302,True,551.693,"[2064, 2064, 2064, 2048, 2048, 2048, 2048, 2048, 2048]","[2048, 2048, 2048, 2048, 2048, 2048, 2048]","[2048, 2048, 2048, 2048, 2048, 2048, 2048, 2048, 2048, 2048]",306
1258,10015,55,20,2025-04-18T14:22:40.650000+00:00,34.532,29.763,30.122,284.0,303,False,94.417,"[2048, 2048, 2048, 2048, 2048, 2048, 2048, 2048, 2048]","[2048, 2048, 2048, 2048, 2048, 2048, 2048]","[2048, 2048, 2048, 2048, 2048, 2048, 2048, 2048, 2048, 2048]",307
1258,10015,1,20,2025-04-18T14:22:44.603000+00:00,35.058,30.043,30.322,281.0,300,False,95.423,"[2048, 2048, 2048, 2048, 2048, 2048, 2048, 2048, 2048]","[2048, 2048, 2048, 2048, 2048, 2048, 2048]","[2048, 2048, 2048, 2048, 2048, 2048, 2048, 2048, 2048, 2048]",302
1258,10015,63,16,2025-04-18T14:22:46.368000+00:00,35.057,29.667,32.47,285.0,316,False,97.194,"[None, 2048, 2048, 2048, 2048, 2048, 2048, 2048, 2048]","[2048, 2048, 2048, 2048, 2048, 2048, 2048]","[2048, 2048, 2048, 2048, 2048, 2048, 2048, 2048, 2064, 2064]",328
1258,10015,22,20,2025-04-18T14:22:54.285000+00:00,34.749,29.873,30.339,284.0,300,False,94.961,"[None, 2048, 2048, 2048, 2048, 2048, 2048, 2048, 2048]","[2048, 2048, 2048, 2048, 2048, 2048, 2048]","[2048, 2048, 2048, 2048, 2048, 2048, 2048, 2048, 2048, 2048]",305
1258,10015,81,19,2025-04-18T14:22:56.126000+00:00,34.732,29.876,34.238,283.0,302,False,98.846,"[None, 2048, 2048, 2048, 2048, 2048, 2048, 2048, 2048]","[2048, 2048, 2048, 2048, 2048, 2048, 2048]","[2048, 2048, 2048, 2048, 2048, 2048, 2048, 2048, 2048, 2048]",154
1258,10015,44,21,2025-04-18T14:23:13.354000+00:00,34.517,29.849,30.555,280.0,298,False,94.921,"[2048, 2048, 2048, 2048, 2048, 2048, 2048, 2048, 2048]","[2048, 2048, 2048, 2048, 2048, 2048, 2048]","[2048, 2048, 2048, 2048, 2048, 2048, 2048, 2048, 2048, 2048]",302
1258,10015,10,19,2025-04-18T14:23:24.453000+00:00,34.62,29.664,30.067,283.0,300,False,94.351,"[None, 2048, 2048, 2048, 2048, 2048, 2048, 2048, 2048]","[2048, 2048, 2048, 2048, 2048, 2048, 2048]","[2048, 2048, 2048, 2048, 2048, 2048, 2048, 2048, 2048, 2048]",306
1258,10015,16,22,2025-04-18T14:23:30.503000+00:00,34.714,29.832,30.129,,298,False,94.675,"[None, 2048, 2048, 2048, 2048, 2048, 2048, 2048, 2048]","[2048, 2048, 2048, 2048, 2048, 2048, 2048]","[2048, 2048, 2048, 2048, 2048, 2048, 2048, 2048, 2048, 2048]",304
1258,10015,30,14,2025-04-18T14:23:34.194000+00:00,58.044,43.195,51.079,163.0,217,False,152.318,"[None, 2048, 2048, 2048, 2048, 2048, 2048, 2048, 2048]","[2048, 2048, 2048, 2048, 2048, 2048, 2048]","[2048, 2048, 2048, 2048, 2048, 2048, 2048, 2048, 2048, 2048]",159
1258,10015,7,20,2025-04-18T14:23:41.254000+00:00,34.941,30.08,30.406,279.0,298,False,95.427,"[2048, 2048, 2048, 2048, 2048, 2048, 2048, 2048, 2048]","[2048, 2048, 2048, 2048, 2048, 2048, 2048]","[2048, 2048, 2048, 2048, 2048, 2048, 2048, 2048, 2048, 2048]",303
1258,10015,27,20,2025-04-18T14:23:43.722000+00:00,35.447,30.089,33.212,284.0,307,False,98.748,"[None, 2048, 2048, 2048, 2048, 2048, 2048, 2048, 2048]","[2048, 2048, 2048, 2048, 2048, 2048, 2048]","[2048, 2048, 2048, 2048, 2048, 2048, 2048, 2048, 2064, 2064]",309
1258,10015,5,18,2025-04-18T14:23:50.133000+00:00,35.534,30.167,30.492,279.0,301,False,96.193,"[None, 2048, 2048, 2048, 2048, 2048, 2048, 2048, 2048]","[2048, 2048, 2048, 2048, 2048, 2048, 2048]","[2048, 2048, 2048, 2048, 2048, 2048, 2048, 2048, 2048, 2048]",303
1258,10015,23,18,2025-04-18T14:23:53.702000+00:00,35.235,29.949,30.299,285.0,305,False,95.483,"[None, 2048, 2048, 2048, 2048, 2048, 2048, 2048, 2048]","[2048, 2048, 2048, 2048, 2048, 2048, 2048]","[2048, 2048, 2048, 2048, 2048, 2048, 2048, 2048, 2048, 2048]",308
1258,10015,12,19,2025-04-18T14:23:57.886000+00:00,34.717,29.701,30.095,287.0,301,False,94.513,"[None, 2048, 2048, 2048, 2048, 2048, 2048, 2048, 2048]","[2048, 2048, 2048, 2048, 2048, 2048, 2048]","[2048, 2048, 2048, 2048, 2048, 2048, 2048, 2048, 2048, 2048]",312
1258,10015,14,19,2025-04-18T14:24:03.026000+00:00,34.91,29.786,30.282,,297,False,94.978,"[None, 2048, 2048, 2048, 2048, 2048, 2048, 2048, 2048]","[2048, 2048, 2048, 2048, 2048, 2048, 2048]","[2048, 2048, 2048, 2048, 2048, 2048, 2048, 2048, 2048, 2048]",304
1258,10015,4,20,2025-04-18T14:24:09.322000+00:00,34.181,29.496,30.031,288.0,301,False,93.708,"[None, 2048, 2048, 2048, 2048, 2048, 2048, 2048, 2048]","[2048, 2048, 2048, 2048, 2048, 2048, 2048]","[2048, 2048, 2048, 2048, 2048, 2048, 2048, 2048, 2048, 2048]",311
1258,10015,55,21,2025-04-18T14:24:15.103000+00:00,34.657,29.635,30.103,286.0,307,False,94.395,"[None, 2048, 2048, 2048, 2048, 2048, 2048, 2048, 2048]","[2048, 2048, 2048, 2048, 2048, 2048, 2048]","[2048, 2048, 2048, 2048, 2048, 2048, 2048, 2048, 2048, 2048]",310
1258,10015,1,21,2025-04-18T14:24:20.103000+00:00,34.947,30.035,30.308,282.0,300,False,95.29,"[None, 2048, 2048, 2048, 2048, 2048, 2048, 2048, 2048]","[2048, 2048, 2048, 2048, 2048, 2048, 2048]","[2048, 2048, 2048, 2048, 2048, 2048, 2048, 2048, 2048, 2048]",304
1258,10015,87,16,2025-04-18T14:24:22.994000+00:00,34.847,29.857,30.273,282.0,298,False,94.977,"[2048, 2048, 2048, 2048, 2048, 2048, 2048, 2048, 2048]","[2048, 2048, 2048, 2048, 2048, 2048, 2048]","[2048, 2048, 2048, 2048, 2048, 2048, 2048, 2048, 2048, 2048]",304
1258,10015,18,18,2025-04-18T14:24:26.338000+00:00,,29.471,32.069,285.0,311,True,339.998,"[2064, 2064, 2064, 2048, 2048, 2048, 2048, 2048, 2048]","[2048, 2048, 2048, 2048, 2048, 2048, 2048]","[2048, 2048, 2048, 2048, 2048, 2048, 2048, 2048, 2048, 2048]",242
1258,10015,22,21,2025-04-18T14:24:29.213000+00:00,35.235,29.964,30.417,283.0,299,False,95.616,"[None, 2048, 2048, 2048, 2048, 2048, 2048, 2048, 2048]","[2048, 2048, 2048, 2048, 2048, 2048, 2048]","[2048, 2048, 2048, 2048, 2048, 2048, 2048, 2048, 2048, 2048]",305
1258,10015,81,20,2025-04-18T14:24:35.025000+00:00,34.454,29.77,30.008,286.0,303,False,94.232,"[None, 2048, 2048, 2048, 2048, 2048, 2048, 2048, 2048]","[2048, 2048, 2048, 2048, 2048, 2048, 2048]","[2048, 2048, 2048, 2048, 2048, 2048, 2048, 2048, 2048, 2048]",308
1258,10015,6,11,2025-04-18T14:24:35.838000+00:00,55.567,38.272,39.581,218.0,271,False,133.42,"[None, 2048, 2048, 2048, 2048, 2048, 2048, 2048, 2048]","[2048, 2048, 2048, 2048, 2048, 2048, 2048]","[2048, 2048, 2048, 2048, 2048, 2048, 2049, 2049, 2049, 2048]",132
1258,10015,63,17,2025-04-18T14:24:37.603000+00:00,51.843,31.157,30.088,198.0,303,True,113.088,"[2064, 2064, 2064, 2048, 2048, 2048, 2048, 2048, 2048]","[2048, 2048, 2048, 2048, 2048, 2048, 2048]","[2048, 2048, 2048, 2048, 2048, 2048, 2048, 2048, 2048, 2048]",309
1258,10015,44,22,2025-04-18T14:24:48.229000+00:00,34.778,29.968,30.271,279.0,295,False,95.017,"[None, 2048, 2048, 2048, 2048, 2048, 2048, 2048, 2048]","[2048, 2048, 2048, 2048, 2048, 2048, 2048]","[2048, 2048, 2048, 2048, 2048, 2048, 2048, 2048, 2048, 2048]",299
1258,10015,10,20,2025-04-18T14:24:58.713000+00:00,34.833,29.761,30.349,285.0,299,False,94.943,"[None, 2048, 2048, 2048, 2048, 2048, 2048, 2048, 2048]","[2048, 2048, 2048, 2048, 2048, 2048, 2048]","[2048, 2048, 2048, 2048, 2048, 2048, 2048, 2048, 2048, 2048]",306
1258,10015,16,23,2025-04-18T14:25:04.291000+00:00,34.62,29.909,30.218,283.0,298,False,94.747,"[None, 2048, 2048, 2048, 2048, 2048, 2048, 2048, 2048]","[2048, 2048, 2048, 2048, 2048, 2048, 2048]","[2048, 2048, 2048, 2048, 2048, 2048, 2048, 2048, 2048, 2048]",304
1258,10015,7,21,2025-04-18T14:25:16.635000+00:00,34.735,29.805,30.24,283.0,300,False,94.78,"[None, 2048, 2048, 2048, 2048, 2048, 2048, 2048, 2048]","[2048, 2048, 2048, 2048, 2048, 2048, 2048]","[2048, 2048, 2048, 2048, 2048, 2048, 2048, 2048, 2048, 2048]",307
1258,10015,5,19,2025-04-18T14:25:26.276000+00:00,35.437,30.077,30.472,282.0,300,False,95.986,"[None, 2048, 2048, 2048, 2048, 2048, 2048, 2048, 2048]","[2048, 2048, 2048, 2048, 2048, 2048, 2048]","[2048, 2048, 2048, 2048, 2048, 2048, 2048, 2048, 2048, 2048]",304
1258,10015,23,19,2025-04-18T14:25:29.151000+00:00,35.245,30.098,30.298,286.0,304,False,95.641,"[None, 2048, 2048, 2048, 2048, 2048, 2048, 2048, 2048]","[2048, 2048, 2048, 2048, 2048, 2048, 2048]","[2048, 2048, 2048, 2048, 2048, 2048, 2048, 2048, 2048, 2048]",308
1258,10015,12,20,2025-04-18T14:25:32.495000+00:00,36.394,29.907,30.241,284.0,303,False,96.542,"[None, 2048, 2048, 2048, 2048, 2048, 2048, 2048, 2048]","[2048, 2048, 2048, 2048, 2048, 2048, 2048]","[2048, 2048, 2048, 2048, 2048, 2048, 2048, 2048, 2048, 2048]",310
1258,10015,14,20,2025-04-18T14:25:38.026000+00:00,34.879,29.732,30.247,,299,False,94.858,"[None, 2048, 2048, 2048, 2048, 2048, 2048, 2048, 2048]","[2048, 2048, 2048, 2048, 2048, 2048, 2048]","[2048, 2048, 2048, 2048, 2048, 2048, 2048, 2048, 2048, 2048]",306
1258,10015,4,21,2025-04-18T14:25:43.089000+00:00,34.135,29.441,29.941,286.0,302,False,93.517,"[None, 2048, 2048, 2048, 2048, 2048, 2048, 2048, 2048]","[2048, 2048, 2048, 2048, 2048, 2048, 2048]","[2048, 2048, 2048, 2048, 2048, 2048, 2048, 2048, 2048, 2048]",311
1258,10015,27,21,2025-04-18T14:25:46.229000+00:00,69.854,30.068,30.07,279.0,304,True,129.992,"[2064, 2064, 2064, 2048, 2048, 2048, 2048, 2048, 2048]","[2048, 2048, 2048, 2048, 2048, 2048, 2048]","[2048, 2048, 2048, 2048, 2048, 2048, 2048, 2048, 2048, 2048]",307
1258,10015,55,22,2025-04-18T14:25:49.542000+00:00,34.734,29.633,30.082,,309,False,94.449,"[None, 2048, 2048, 2048, 2048, 2048, 2048, 2048, 2048]","[2048, 2048, 2048, 2048, 2048, 2048, 2048]","[2048, 2048, 2048, 2048, 2048, 2048, 2048, 2048, 2048, 2048]",308
1258,10015,1,22,2025-04-18T14:25:55.495000+00:00,34.858,30.0,30.25,280.0,300,False,95.108,"[None, 2048, 2048, 2048, 2048, 2048, 2048, 2048, 2048]","[2048, 2048, 2048, 2048, 2048, 2048, 2048]","[2048, 2048, 2048, 2048, 2048, 2048, 2048, 2048, 2048, 2048]",305
1258,10015,87,17,2025-04-18T14:25:57.932000+00:00,35.148,30.222,30.201,279.0,307,False,95.571,"[None, 2048, 2048, 2048, 2048, 2048, 2048, 2048, 2048]","[2048, 2048, 2048, 2048, 2048, 2048, 2048]","[2048, 2048, 2048, 2048, 2048, 2048, 2048, 2048, 2048, 2048]",317
1258,10015,31,17,2025-04-18T14:25:58.276000+00:00,,30.67,30.708,275.0,293,True,372.681,"[2064, 2064, 2064, 2048, 2048, 2048, 2048, 2048, 2048]","[2048, 2048, 2048, 2048, 2048, 2048, 2048]","[2048, 2048, 2048, 2048, 2048, 2048, 2048, 2048, 2048, 2048]",299
1258,10015,22,22,2025-04-18T14:26:04.870000+00:00,35.107,29.88,30.28,284.0,300,False,95.267,"[None, 2048, 2048, 2048, 2048, 2048, 2048, 2048, 2048]","[2048, 2048, 2048, 2048, 2048, 2048, 2048]","[2048, 2048, 2048, 2048, 2048, 2048, 2048, 2048, 2048, 2048]",307
1258,10015,30,15,2025-04-18T14:26:06.511000+00:00,54.741,44.537,38.255,240.0,215,False,137.533,"[None, 2048, 2048, 2048, 2048, 2048, 2048, 2048, 2048]","[2048, 2048, 2048, 2048, 2048, 2048, 2048]","[2048, 2048, 2048, 2048, 2048, 2048, 2048, 2048, 2048, 2048]",254
1258,10015,18,19,2025-04-18T14:26:08.167000+00:00,34.121,29.335,30.044,288.0,306,False,93.5,"[2048, 2048, 2048, 2048, 2048, 2048, 2048, 2048, 2048]","[2048, 2048, 2048, 2048, 2048, 2048, 2048]","[2048, 2048, 2048, 2048, 2048, 2048, 2048, 2048, 2048, 2048]",310
1258,10015,81,21,2025-04-18T14:26:09.167000+00:00,34.991,29.925,30.013,285.0,302,False,94.929,"[None, 2048, 2048, 2048, 2048, 2048, 2048, 2048, 2048]","[2048, 2048, 2048, 2048, 2048, 2048, 2048]","[2048, 2048, 2048, 2048, 2048, 2048, 2048, 2048, 2048, 2048]",311
1258,10015,63,18,2025-04-18T14:26:16.589000+00:00,34.621,29.587,30.048,286.0,307,False,94.256,"[2048, 2048, 2048, 2048, 2048, 2048, 2048, 2048, 2048]","[2048, 2048, 2048, 2048, 2048, 2048, 2048]","[2048, 2048, 2048, 2048, 2048, 2048, 2048, 2048, 2048, 2048]",314
1258,10015,44,23,2025-04-18T14:26:23.264000+00:00,35.001,30.174,30.776,277.0,295,False,95.951,"[None, 2048, 2048, 2048, 2048, 2048, 2048, 2048, 2048]","[2048, 2048, 2048, 2048, 2048, 2048, 2048]","[2048, 2048, 2048, 2048, 2048, 2048, 2048, 2048, 2048, 2048]",300
1258,10015,10,21,2025-04-18T14:26:33.733000+00:00,35.038,30.199,30.329,278.0,299,False,95.566,"[None, 2048, 2048, 2048, 2048, 2048, 2048, 2048, 2048]","[2048, 2048, 2048, 2048, 2048, 2048, 2048]","[2048, 2048, 2048, 2048, 2048, 2048, 2048, 2048, 2048, 2048]",305
1258,10015,16,24,2025-04-18T14:26:39.021000+00:00,35.067,30.008,30.196,,298,False,95.271,"[None, 2048, 2048, 2048, 2048, 2048, 2048, 2048, 2048]","[2048, 2048, 2048, 2048, 2048, 2048, 2048]","[2048, 2048, 2048, 2048, 2048, 2048, 2048, 2048, 2048, 2048]",305
1258,10015,6,12,2025-04-18T14:26:49.318000+00:00,32.847,28.32,28.844,293.0,327,False,90.011,"[None, 2049, 2048, 2049, 2048, 2049, 2049, 2049, 2049]","[2048, 2049, 2049, 2049, 2049, 2048, 2048]","[2049, 2049, 2049, 2048, 2048, 2048, 2048, 2048, 2049, 2048]",332
1258,10015,7,22,2025-04-18T14:26:51.391000+00:00,35.293,30.021,30.406,281.0,301,False,95.72,"[None, 2048, 2048, 2048, 2048, 2048, 2048, 2048, 2048]","[2048, 2048, 2048, 2048, 2048, 2048, 2048]","[2048, 2048, 2048, 2048, 2048, 2048, 2048, 2048, 2048, 2048]",306
1258,10015,5,20,2025-04-18T14:27:02.288000+00:00,35.449,30.164,30.499,281.0,299,False,96.112,"[None, 2048, 2048, 2048, 2048, 2048, 2048, 2048, 2048]","[2048, 2048, 2048, 2048, 2048, 2048, 2048]","[2048, 2048, 2048, 2048, 2048, 2048, 2048, 2048, 2048, 2048]",305
1258,10015,23,20,2025-04-18T14:27:04.788000+00:00,35.35,30.042,30.162,,308,False,95.554,"[None, 2048, 2048, 2048, 2048, 2048, 2048, 2048, 2048]","[2048, 2048, 2048, 2048, 2048, 2048, 2048]","[2048, 2048, 2048, 2048, 2048, 2048, 2048, 2048, 2048, 2048]",316
1258,10015,12,21,2025-04-18T14:27:09.040000+00:00,34.989,29.712,30.134,286.0,306,False,94.835,"[None, 2048, 2048, 2048, 2048, 2048, 2048, 2048, 2048]","[2048, 2048, 2048, 2048, 2048, 2048, 2048]","[2048, 2048, 2048, 2048, 2048, 2048, 2048, 2048, 2048, 2048]",315
1258,10015,14,21,2025-04-18T14:27:12.856000+00:00,34.905,29.979,30.365,,293,False,95.249,"[None, 2048, 2048, 2048, 2048, 2048, 2048, 2048, 2048]","[2048, 2048, 2048, 2048, 2048, 2048, 2048]","[2048, 2048, 2048, 2048, 2048, 2048, 2048, 2048, 2048, 2048]",306
1258,10015,4,22,2025-04-18T14:27:16.565000+00:00,34.226,29.53,32.332,287.0,304,False,96.088,"[None, 2048, 2048, 2048, 2048, 2048, 2048, 2048, 2048]","[2048, 2048, 2048, 2048, 2048, 2048, 2048]","[2048, 2048, 2048, 2048, 2048, 2048, 2048, 2048, 2064, 2064]",311
1258,10015,55,23,2025-04-18T14:27:23.991000+00:00,34.92,29.902,30.224,284.0,297,False,95.046,"[None, 2048, 2048, 2048, 2048, 2048, 2048, 2048, 2048]","[2048, 2048, 2048, 2048, 2048, 2048, 2048]","[2048, 2048, 2048, 2048, 2048, 2048, 2048, 2048, 2048, 2048]",306
1258,10015,1,23,2025-04-18T14:27:31.351000+00:00,34.78,29.966,30.322,282.0,297,False,95.068,"[None, 2048, 2048, 2048, 2048, 2048, 2048, 2048, 2048]","[2048, 2048, 2048, 2048, 2048, 2048, 2048]","[2048, 2048, 2048, 2048, 2048, 2048, 2048, 2048, 2048, 2048]",306
1258,10015,27,22,2025-04-18T14:27:32.382000+00:00,34.806,29.744,29.97,286.0,306,False,94.52,"[2048, 2048, 2048, 2048, 2048, 2048, 2048, 2048, 2048]","[2048, 2048, 2048, 2048, 2048, 2048, 2048]","[2048, 2048, 2048, 2048, 2048, 2048, 2048, 2048, 2048, 2048]",311
1258,10015,87,18,2025-04-18T14:27:33.554000+00:00,35.311,30.275,30.451,280.0,298,False,96.037,"[None, 2048, 2048, 2048, 2048, 2048, 2048, 2048, 2048]","[2048, 2048, 2048, 2048, 2048, 2048, 2048]","[2048, 2048, 2048, 2048, 2048, 2048, 2048, 2048, 2048, 2048]",302
1258,10015,22,23,2025-04-18T14:27:40.001000+00:00,35.14,30.066,30.542,283.0,300,False,95.748,"[None, 2048, 2048, 2048, 2048, 2048, 2048, 2048, 2048]","[2048, 2048, 2048, 2048, 2048, 2048, 2048]","[2048, 2048, 2048, 2048, 2048, 2048, 2048, 2048, 2048, 2048]",308
1258,10015,18,20,2025-04-18T14:27:41.640000+00:00,34.94,29.746,35.785,286.0,306,False,100.471,"[None, 2048, 2048, 2048, 2048, 2048, 2048, 2048, 2048]","[2048, 2048, 2048, 2048, 2048, 2048, 2048]","[2048, 2048, 2048, 2048, 2048, 2048, 2048, 2048, 2048, 2048]",241
1258,10015,81,22,2025-04-18T14:27:44.258000+00:00,34.852,30.112,32.65,284.0,311,False,97.614,"[None, 2048, 2048, 2048, 2048, 2048, 2048, 2048, 2048]","[2048, 2048, 2048, 2048, 2048, 2048, 2048]","[2048, 2048, 2048, 2048, 2048, 2048, 2048, 2048, 2064, 2064]",316
1258,10015,31,18,2025-04-18T14:27:47.834000+00:00,34.862,30.003,30.246,279.0,298,False,95.111,"[2048, 2048, 2048, 2048, 2048, 2048, 2048, 2048, 2048]","[2048, 2048, 2048, 2048, 2048, 2048, 2048]","[2048, 2048, 2048, 2048, 2048, 2048, 2048, 2048, 2048, 2048]",302
1258,10015,63,19,2025-04-18T14:27:50.959000+00:00,34.901,49.933,52.355,283.0,168,False,137.189,"[None, 2048, 2048, 2048, 2048, 2048, 2048, 2048, 2048]","[2048, 2048, 2048, 2048, 2048, 2048, 2048]","[2048, 2048, 2048, 2048, 2048, 2048, 2048, 2048, 2048, 2048]",117
1258,10015,44,24,2025-04-18T14:27:59.146000+00:00,35.144,29.971,30.255,281.0,294,False,95.37,"[None, 2048, 2048, 2048, 2048, 2048, 2048, 2048, 2048]","[2048, 2048, 2048, 2048, 2048, 2048, 2048]","[2048, 2048, 2048, 2048, 2048, 2048, 2048, 2048, 2048, 2048]",303
1258,10015,10,22,2025-04-18T14:28:09.287000+00:00,34.981,29.965,30.402,283.0,301,False,95.348,"[None, 2048, 2048, 2048, 2048, 2048, 2048, 2048, 2048]","[2048, 2048, 2048, 2048, 2048, 2048, 2048]","[2048, 2048, 2048, 2048, 2048, 2048, 2048, 2048, 2048, 2048]",306
1258,10015,16,25,2025-04-18T14:28:14.314000+00:00,34.644,29.717,30.054,285.0,305,False,94.415,"[None, 2048, 2048, 2048, 2048, 2048, 2048, 2048, 2048]","[2048, 2048, 2048, 2048, 2048, 2048, 2048]","[2048, 2048, 2048, 2048, 2048, 2048, 2048, 2048, 2048, 2048]",311
1258,10015,6,13,2025-04-18T14:28:19.281000+00:00,50.942,28.892,29.286,289.0,316,False,109.12,"[None, 2048, 2048, 2048, 2048, 2048, 2048, 2048, 2048]","[2048, 2048, 2048, 2048, 2048, 2048, 2048]","[2048, 2048, 2048, 2048, 2048, 2048, 2048, 2048, 2048, 2048]",326
1258,10015,30,16,2025-04-18T14:28:24.025000+00:00,33.515,28.821,29.051,288.0,325,False,91.387,"[None, 2048, 2048, 2048, 2048, 2048, 2048, 2048, 2048]","[2048, 2048, 2048, 2048, 2048, 2048, 2048]","[2048, 2048, 2048, 2048, 2048, 2048, 2048, 2048, 2048, 2048]",328
1258,10015,7,23,2025-04-18T14:28:27.181000+00:00,35.1,30.021,30.329,,302,False,95.45,"[None, 2048, 2048, 2048, 2048, 2048, 2048, 2048, 2048]","[2048, 2048, 2048, 2048, 2048, 2048, 2048]","[2048, 2048, 2048, 2048, 2048, 2048, 2048, 2048, 2048, 2048]",307
1258,10015,5,21,2025-04-18T14:28:38.390000+00:00,35.523,30.37,30.504,,303,False,96.397,"[None, 2048, 2048, 2048, 2048, 2048, 2048, 2048, 2048]","[2048, 2048, 2048, 2048, 2048, 2048, 2048]","[2048, 2048, 2048, 2048, 2048, 2048, 2048, 2048, 2048, 2048]",308
1258,10015,23,21,2025-04-18T14:28:40.357000+00:00,35.567,30.007,30.205,,308,False,95.779,"[None, 2048, 2048, 2048, 2048, 2048, 2048, 2048, 2048]","[2048, 2048, 2048, 2048, 2048, 2048, 2048]","[2048, 2048, 2048, 2048, 2048, 2048, 2048, 2048, 2048, 2048]",312
1258,10015,12,22,2025-04-18T14:28:43.780000+00:00,35.025,29.775,30.099,,307,False,94.899,"[None, 2048, 2048, 2048, 2048, 2048, 2048, 2048, 2048]","[2048, 2048, 2048, 2048, 2048, 2048, 2048]","[2048, 2048, 2048, 2048, 2048, 2048, 2048, 2048, 2048, 2048]",316
1258,10015,14,22,2025-04-18T14:28:48.197000+00:00,35.306,29.938,30.438,283.0,293,False,95.682,"[None, 2048, 2048, 2048, 2048, 2048, 2048, 2048, 2048]","[2048, 2048, 2048, 2048, 2048, 2048, 2048]","[2048, 2048, 2048, 2048, 2048, 2048, 2048, 2048, 2048, 2048]",306
1258,10015,55,24,2025-04-18T14:28:58.963000+00:00,34.706,29.75,30.144,287.0,300,False,94.6,"[None, 2048, 2048, 2048, 2048, 2048, 2048, 2048, 2048]","[2048, 2048, 2048, 2048, 2048, 2048, 2048]","[2048, 2048, 2048, 2048, 2048, 2048, 2048, 2048, 2048, 2048]",310
1258,10015,1,24,2025-04-18T14:29:05.603000+00:00,34.7,29.79,30.084,286.0,303,False,94.574,"[None, 2048, 2048, 2048, 2048, 2048, 2048, 2048, 2048]","[2048, 2048, 2048, 2048, 2048, 2048, 2048]","[2048, 2048, 2048, 2048, 2048, 2048, 2048, 2048, 2048, 2048]",307
1258,10015,27,23,2025-04-18T14:29:06.963000+00:00,35.24,29.779,30.489,280.0,305,False,95.508,"[None, 2048, 2048, 2048, 2048, 2048, 2048, 2048, 2048]","[2048, 2048, 2048, 2048, 2048, 2048, 2048]","[2048, 2048, 2048, 2048, 2048, 2048, 2048, 2048, 2048, 2048]",310
1258,10015,87,19,2025-04-18T14:29:09.603000+00:00,35.44,30.202,30.628,278.0,300,False,96.27,"[None, 2048, 2048, 2048, 2048, 2048, 2048, 2048, 2048]","[2048, 2048, 2048, 2048, 2048, 2048, 2048]","[2048, 2048, 2048, 2048, 2048, 2048, 2048, 2048, 2048, 2048]",316
1258,10015,4,23,2025-04-18T14:29:11.557000+00:00,50.287,29.313,29.731,287.0,298,True,109.331,"[2064, 2064, 2064, 2048, 2048, 2048, 2048, 2048, 2048]","[2048, 2048, 2048, 2048, 2048, 2048, 2048]","[2048, 2048, 2048, 2049, 2048, 2048, 2048, 2048, 2048, 2048]",324
1258,10015,22,24,2025-04-18T14:29:15.885000+00:00,35.244,30.134,30.487,280.0,301,False,95.865,"[None, 2048, 2048, 2048, 2048, 2048, 2048, 2048, 2048]","[2048, 2048, 2048, 2048, 2048, 2048, 2048]","[2048, 2048, 2048, 2048, 2048, 2048, 2048, 2048, 2048, 2048]",312
1258,10015,18,21,2025-04-18T14:29:21.994000+00:00,35.131,29.667,29.929,285.0,316,False,94.727,"[None, 2049, 2048, 2048, 2048, 2048, 2048, 2048, 2048]","[2048, 2048, 2048, 2048, 2048, 2048, 2048]","[2048, 2048, 2048, 2048, 2048, 2048, 2048, 2048, 2048, 2048]",323
1258,10015,31,19,2025-04-18T14:29:22.838000+00:00,35.435,32.868,30.556,278.0,297,False,98.859,"[None, 2048, 2048, 2048, 2048, 2048, 2048, 2048, 2048]","[2048, 2048, 2048, 2048, 2048, 2048, 2048]","[2048, 2048, 2048, 2048, 2048, 2048, 2048, 2048, 2048, 2048]",303
1258,10015,44,25,2025-04-18T14:29:34.516000+00:00,34.618,29.559,30.009,285.0,304,False,94.186,"[None, 2048, 2048, 2048, 2048, 2048, 2048, 2048, 2048]","[2048, 2048, 2048, 2048, 2048, 2048, 2048]","[2048, 2048, 2048, 2048, 2048, 2048, 2048, 2048, 2048, 2048]",309
1258,10015,81,23,2025-04-18T14:29:41.458000+00:00,51.666,29.434,29.766,286.0,297,True,110.866,"[2064, 2064, 2064, 2048, 2048, 2048, 2048, 2048, 2048]","[2048, 2048, 2048, 2048, 2048, 2048, 2048]","[2048, 2048, 2048, 2048, 2048, 2048, 2048, 2048, 2048, 2048]",304
1258,10015,10,23,2025-04-18T14:29:44.620000+00:00,35.02,30.097,30.29,282.0,300,False,95.407,"[None, 2048, 2048, 2048, 2048, 2048, 2048, 2048, 2048]","[2048, 2048, 2048, 2048, 2048, 2048, 2048]","[2048, 2048, 2048, 2048, 2048, 2048, 2048, 2048, 2048, 2048]",307
1258,10015,16,26,2025-04-18T14:29:48.757000+00:00,34.625,29.79,30.076,286.0,303,False,94.491,"[None, 2048, 2048, 2048, 2048, 2048, 2048, 2048, 2048]","[2048, 2048, 2048, 2048, 2048, 2048, 2048]","[2048, 2048, 2048, 2048, 2048, 2048, 2048, 2048, 2048, 2048]",308
1258,10015,30,17,2025-04-18T14:29:55.550000+00:00,38.948,31.982,32.702,258.0,290,False,103.632,"[None, 2048, 2048, 2048, 2048, 2048, 2048, 2048, 2048]","[2048, 2048, 2048, 2048, 2048, 2048, 2048]","[2048, 2048, 2048, 2048, 2048, 2048, 2048, 2048, 2048, 2048]",291
1258,10015,7,24,2025-04-18T14:30:02.535000+00:00,49.591,44.059,58.705,221.0,134,False,152.355,"[None, 2048, 2048, 2048, 2048, 2048, 2048, 2048, 2048]","[2048, 2048, 2048, 2048, 2048, 2048, 2048]","[2048, 2048, 2048, 2048, 2048, 2048, 2048, 2048, 2048, 2048]",185
1258,10015,63,20,2025-04-18T14:30:07.973000+00:00,53.837,46.13,56.649,248.0,191,False,156.616,"[None, 2048, 2048, 2048, 2048, 2048, 2048, 2048, 2048]","[2048, 2048, 2048, 2048, 2048, 2048, 2048]","[2048, 2048, 2048, 2048, 2048, 2048, 2048, 2048, 2048, 2048]",291
1258,10015,6,14,2025-04-18T14:30:08.363000+00:00,33.96,48.562,59.873,237.0,177,False,142.395,"[None, 2048, 2048, 2048, 2048, 2048, 2048, 2048, 2048]","[2048, 2048, 2048, 2048, 2048, 2048, 2048]","[2048, 2048, 2048, 2048, 2048, 2048, 2048, 2048, 2048]",149
1258,10015,5,22,2025-04-18T14:30:14.770000+00:00,55.259,53.721,58.674,137.0,135,False,167.654,"[None, 2048, 2048, 2048, 2048, 2048, 2048, 2048, 2048]","[2048, 2048, 2048, 2048, 2048, 2048, 2048]","[2048, 2048, 2048, 2048, 2048, 2048, 2048, 2048, 2048, 2048]",181
1258,10015,23,22,2025-04-18T14:30:16.223000+00:00,56.896,57.702,59.16,143.0,137,False,173.758,"[None, 2048, 2048, 2048, 2048, 2048, 2048, 2048, 2048]","[2048, 2048, 2048, 2048, 2048, 2048, 2048]","[2048, 2048, 2048, 2048, 2048, 2048, 2048, 2048, 2048, 2048]",155
1258,10015,12,23,2025-04-18T14:30:18.676000+00:00,54.968,62.305,60.876,119.0,139,False,178.149,"[None, 2048, 2048, 2048, 2048, 2048, 2048, 2048, 2048]","[2048, 2048, 2048, 2048, 2048, 2048, 2048]","[2048, 2048, 2048, 2048, 2048, 2048, 2048, 2048, 2048, 2048]",159
1258,10015,14,23,2025-04-18T14:30:23.738000+00:00,49.804,40.718,44.769,159.0,203,False,135.291,"[None, 2048, 2048, 2048, 2048, 2048, 2048, 2048, 2048]","[2048, 2048, 2048, 2048, 2048, 2048, 2048]","[2048, 2048, 2048, 2048, 2048, 2048, 2048, 2048, 2048, 2048]",182
1258,10015,55,25,2025-04-18T14:30:33.535000+00:00,54.516,53.821,63.174,135.0,143,False,171.511,"[None, 2048, 2048, 2048, 2048, 2048, 2048, 2048, 2048]","[2048, 2048, 2048, 2048, 2048, 2048, 2048]","[2048, 2048, 2048, 2048, 2048, 2048, 2048, 2048, 2048, 2048]",148
1258,10015,1,25,2025-04-18T14:30:40.207000+00:00,47.478,49.634,60.814,157.0,154,False,157.926,"[None, 2048, 2048, 2048, 2048, 2048, 2048, 2048, 2048]","[2048, 2048, 2048, 2048, 2048, 2048, 2048]","[2048, 2048, 2048, 2048, 2048, 2048, 2048, 2048, 2048, 2048]",152
1258,10015,4,24,2025-04-18T14:30:41.991000+00:00,45.774,40.4,44.836,200.0,173,False,131.01,"[2048, 2048, 2048, 2048, 2048, 2048, 2048, 2048, 2048]","[2048, 2048, 2048, 2048, 2048, 2048, 2048]","[2048, 2048, 2048, 2048, 2048, 2048, 2048, 2048, 2048, 2048]",193
1258,10015,27,24,2025-04-18T14:30:42.507000+00:00,51.526,49.13,69.836,190.0,150,False,170.492,"[None, 2048, 2048, 2048, 2048, 2048, 2048, 2048, 2048]","[2048, 2048, 2048, 2048, 2048, 2048, 2048]","[2048, 2048, 2048, 2048, 2048, 2048, 2048, 2048, 2048, 2048]",144
1258,10015,87,20,2025-04-18T14:30:45.815000+00:00,48.556,44.675,61.708,241.0,131,False,154.939,"[None, 2048, 2048, 2048, 2048, 2048, 2048, 2048, 2048]","[2048, 2048, 2048, 2048, 2048, 2048, 2048]","[2048, 2048, 2048, 2048, 2048, 2048, 2048, 2048, 2048, 2048]",140
1258,10015,22,25,2025-04-18T14:30:51.784000+00:00,49.818,43.271,58.178,205.0,142,False,151.267,"[None, 2048, 2048, 2048, 2048, 2048, 2048, 2048, 2048]","[2048, 2048, 2048, 2048, 2048, 2048, 2048]","[2048, 2048, 2048, 2048, 2048, 2048, 2048, 2048, 2048, 2048]",189
1258,10015,18,22,2025-04-18T14:30:56.751000+00:00,47.026,44.006,67.452,190.0,150,False,158.484,"[None, 2048, 2048, 2048, 2048, 2048, 2048, 2048, 2048]","[2048, 2048, 2048, 2048, 2048, 2048, 2048]","[2048, 2048, 2048, 2048, 2048, 2048, 2048, 2048, 2048, 2048]",132
1258,10015,31,20,2025-04-18T14:31:01.828000+00:00,49.969,47.597,78.11,199.0,147,False,175.676,"[None, 2048, 2048, 2048, 2048, 2048, 2048, 2048, 2048]","[2048, 2048, 2048, 2048, 2048, 2048, 2048]","[2048, 2048, 2048, 2048, 2048, 2048, 2048, 2048, 2048, 2048]",148
1258,10015,44,26,2025-04-18T14:31:08.801000+00:00,45.072,49.668,69.862,177.0,160,False,164.602,"[None, 2048, 2048, 2048, 2048, 2048, 2048, 2048, 2048]","[2048, 2048, 2048, 2048, 2048, 2048, 2048]","[2048, 2048, 2048, 2048, 2048, 2048, 2048, 2048, 2048, 2048]",260
1258,10015,81,24,2025-04-18T14:31:12.627000+00:00,44.189,42.776,62.109,231.0,220,False,149.074,"[2048, 2048, 2048, 2048, 2048, 2048, 2048, 2048, 2048]","[2048, 2048, 2048, 2048, 2048, 2048, 2048]","[2048, 2048, 2048, 2048, 2048, 2048, 2048, 2048, 2048, 2048]",190
1258,10015,10,24,2025-04-18T14:31:19.950000+00:00,52.201,48.015,73.208,156.0,203,False,173.424,"[None, 2048, 2048, 2048, 2048, 2048, 2048, 2048, 2048]","[2048, 2048, 2048, 2048, 2048, 2048, 2048]","[2048, 2048, 2048, 2048, 2048, 2048, 2048, 2048, 2048, 2048]",197
1258,10015,16,27,2025-04-18T14:31:23.257000+00:00,53.459,53.706,57.704,143.0,145,False,164.869,"[None, 2048, 2048, 2048, 2048, 2048, 2048, 2048, 2048]","[2048, 2048, 2048, 2048, 2048, 2048, 2048]","[2048, 2048, 2048, 2048, 2048, 2048, 2048, 2048, 2048, 2048]",162
1258,10015,30,18,2025-04-18T14:31:39.081000+00:00,48.989,44.605,66.114,239.0,136,False,159.708,"[None, 2048, 2048, 2048, 2048, 2048, 2048, 2048, 2048]","[2048, 2048, 2048, 2048, 2048, 2048, 2048]","[2048, 2048, 2048, 2048, 2048, 2048, 2048, 2048, 2048, 2048]",156
1258,10015,6,15,2025-04-18T14:32:31.338000+00:00,74.596,43.877,46.733,225.0,253,False,165.206,"[None, 2048, 2048, 2048, 2048, 2048, 2048, 2048, 2048]","[2048, 2048, 2048, 2048, 2048, 2048, 2048]","[2048, 2048, 2048, 2048, 2048, 2048, 2048, 2048, 2064, 2064]",193
1258,10015,7,25,2025-04-18T14:32:34.958000+00:00,70.221,30.549,33.342,272.0,299,False,134.112,"[None, 2048, 2048, 2048, 2048, 2048, 2048, 2048, 2048]","[2048, 2048, 2048, 2048, 2048, 2048, 2048]","[2048, 2048, 2048, 2048, 2048, 2048, 2048, 2048, 2064, 2064]",304
1258,10015,14,24,2025-04-18T14:32:39.120000+00:00,74.321,33.254,35.67,280.0,232,False,143.245,"[None, 2048, 2048, 2048, 2048, 2048, 2048, 2048, 2048]","[2048, 2048, 2048, 2048, 2048, 2048, 2048]","[2048, 2048, 2048, 2048, 2048, 2048, 2048, 2048, 2064, 2064]",262
1258,10015,63,21,2025-04-18T14:32:44.658000+00:00,74.728,32.228,40.876,272.0,249,False,147.832,"[None, 2048, 2048, 2048, 2048, 2048, 2048, 2048, 2048]","[2048, 2048, 2048, 2048, 2048, 2048, 2048]","[2048, 2048, 2048, 2048, 2048, 2048, 2048, 2048, 2064, 2064]",276
1258,10015,4,25,2025-04-18T14:32:52.990000+00:00,68.502,32.905,42.745,260.0,226,False,144.152,"[None, 2048, 2048, 2048, 2048, 2048, 2048, 2048, 2048]","[2048, 2048, 2048, 2048, 2048, 2048, 2048]","[2048, 2048, 2048, 2048, 2048, 2048, 2048, 2048, 2064, 2064]",235
1258,10015,5,23,2025-04-18T14:33:02.416000+00:00,67.788,35.149,40.651,248.0,288,False,143.588,"[None, 2048, 2048, 2048, 2048, 2048, 2048, 2048, 2048]","[2048, 2048, 2048, 2048, 2048, 2048, 2048]","[2048, 2048, 2048, 2048, 2048, 2048, 2048, 2048, 2064, 2064]",200
1258,10015,23,23,2025-04-18T14:33:09.932000+00:00,65.61,33.821,33.928,264.0,307,False,133.359,"[None, 2048, 2048, 2048, 2048, 2048, 2048, 2048, 2048]","[2048, 2048, 2048, 2048, 2048, 2048, 2048]","[2048, 2048, 2048, 2048, 2048, 2048, 2048, 2048, 2064, 2064]",259
1258,10015,12,24,2025-04-18T14:33:16.838000+00:00,79.37,35.713,35.726,237.0,234,False,150.809,"[None, 2048, 2048, 2048, 2048, 2048, 2048, 2048, 2048]","[2048, 2048, 2048, 2048, 2048, 2048, 2048]","[2048, 2048, 2048, 2048, 2048, 2048, 2048, 2048, 2064, 2064]",295
1258,10015,1,26,2025-04-18T14:33:18.151000+00:00,73.112,32.002,34.024,263.0,267,False,139.138,"[None, 2048, 2048, 2048, 2048, 2048, 2048, 2048, 2048]","[2048, 2048, 2048, 2048, 2048, 2048, 2048]","[2048, 2048, 2048, 2048, 2048, 2048, 2048, 2048, 2064, 2064]",304
1258,10015,87,21,2025-04-18T14:33:20.791000+00:00,71.045,31.846,34.599,281.0,254,False,137.49,"[None, 2048, 2048, 2048, 2048, 2048, 2048, 2048, 2048]","[2048, 2048, 2048, 2048, 2048, 2048, 2048]","[2048, 2048, 2048, 2048, 2048, 2048, 2048, 2048, 2064, 2064]",307
1258,10015,22,26,2025-04-18T14:33:22.979000+00:00,88.501,43.418,38.965,156.0,250,False,170.884,"[None, 2048, 2048, 2048, 2048, 2048, 2048, 2048, 2048]","[2048, 2048, 2048, 2048, 2048, 2048, 2048]","[2048, 2048, 2048, 2048, 2048, 2048, 2048, 2048, 2064, 2064]",255
1258,10015,55,26,2025-04-18T14:33:25.104000+00:00,85.637,35.764,38.303,207.0,250,False,159.704,"[None, 2048, 2048, 2048, 2048, 2048, 2048, 2048, 2048]","[2048, 2048, 2048, 2048, 2048, 2048, 2048]","[2048, 2048, 2048, 2048, 2048, 2048, 2048, 2048, 2064, 2064]",265
1258,10015,27,25,2025-04-18T14:33:32.979000+00:00,78.073,33.542,41.991,233.0,275,False,153.606,"[None, 2048, 2048, 2048, 2048, 2048, 2048, 2048, 2048]","[2048, 2048, 2048, 2048, 2048, 2048, 2048]","[2048, 2048, 2048, 2048, 2048, 2048, 2048, 2048, 2064, 2064]",184
1258,10015,18,23,2025-04-18T14:33:35.323000+00:00,77.423,35.513,43.15,217.0,234,False,156.086,"[None, 2048, 2048, 2048, 2048, 2048, 2048, 2048, 2048]","[2048, 2048, 2048, 2048, 2048, 2048, 2048]","[2048, 2048, 2048, 2048, 2048, 2048, 2048, 2048, 2064, 2064]",220
1258,10015,81,25,2025-04-18T14:33:41.683000+00:00,74.775,39.174,42.749,249.0,175,False,156.698,"[None, 2048, 2048, 2048, 2048, 2048, 2048, 2048, 2048]","[2048, 2048, 2048, 2048, 2048, 2048, 2048]","[2048, 2048, 2048, 2048, 2048, 2048, 2048, 2048, 2064, 2064]",239
1258,10015,44,27,2025-04-18T14:33:53.378000+00:00,67.357,31.818,35.936,279.0,297,False,135.111,"[None, 2048, 2048, 2048, 2048, 2048, 2048, 2048, 2048]","[2048, 2048, 2048, 2048, 2048, 2048, 2048]","[2048, 2048, 2048, 2048, 2048, 2048, 2048, 2048, 2064, 2064]",303
1258,10015,31,21,2025-04-18T14:33:57.418000+00:00,67.819,42.266,50.809,202.0,188,False,160.894,"[None, 2048, 2048, 2048, 2048, 2048, 2048, 2048, 2048]","[2048, 2048, 2048, 2048, 2048, 2048, 2048]","[2048, 2048, 2048, 2048, 2048, 2048, 2048, 2048, 2064, 2064]",102
1258,10015,16,28,2025-04-18T14:34:08.038000+00:00,64.483,35.598,36.789,281.0,207,False,136.87,"[None, 2048, 2048, 2048, 2048, 2048, 2048, 2048, 2048]","[2048, 2048, 2048, 2048, 2048, 2048, 2048]","[2048, 2048, 2048, 2048, 2048, 2048, 2048, 2048, 2064, 2064]",253
1258,10015,10,25,2025-04-18T14:34:13.765000+00:00,80.261,30.761,34.533,283.0,300,False,145.555,"[None, 2048, 2048, 2048, 2048, 2048, 2048, 2048, 2048]","[2048, 2048, 2048, 2048, 2048, 2048, 2048]","[2048, 2048, 2048, 2048, 2048, 2048, 2048, 2048, 2064, 2064]",290
1258,10015,30,19,2025-04-18T14:34:18.873000+00:00,72.972,38.879,41.836,191.0,182,False,153.687,"[None, 2048, 2048, 2048, 2048, 2048, 2048, 2048, 2048]","[2048, 2048, 2048, 2048, 2048, 2048, 2048]","[2048, 2048, 2048, 2048, 2048, 2048, 2048, 2048, 2064, 2064]",187
