meeting_key,session_key,driver_number,lap_number,date_start,duration_sector_1,duration_sector_2,duration_sector_3,i1_speed,i2_speed,is_pit_out_lap,lap_duration,segments_sector_1,segments_sector_2,segments_sector_3,st_speed
1259,10023,81,1,,,43.201,35.596,164.0,107.0,True,,"[2064, 2064, 2064, 2049, 2049, 2049, 2049, 2049, 2049]","[2049, 2049, 2049, 2049, 2049, 2049, 2049, 2049, 2049]","[2049, 2049, 2049, 2049, 2049, 2049, 2049, 2051]",219.0
1259,10023,10,1,2025-05-02T16:30:11.241000+00:00,,40.568,27.843,173.0,161.0,True,,"[2064, 2064, 2064, 2051, 2049, 2049, 2049, 2049, 2049]","[2049, 2049, 2049, 2049, 2049, 2049, 2049, 2049, 2049]","[2049, 2051, 2051, 2051, 2051, 2051, 2051, 2051]",302.0
1259,10023,5,1,2025-05-02T16:30:14.320000+00:00,,40.195,34.242,197.0,173.0,True,,"[2064, 2064, 2064, 2049, 2049, 2049, 2049, 2049, 2049]","[2049, 2049, 2049, 2049, 2049, 2049, 2049, 2049, 2051]","[2051, 2049, 2049, 2049, 2049, 2049, 2049, 2049]",157.0
1259,10023,16,1,2025-05-02T16:30:20.489000+00:00,,40.275,38.481,190.0,153.0,True,,"[2064, 2064, 2064, 2049, 2049, 2049, 2049, 2049, 2049]","[2049, 2049, 2049, 2049, 2049, 2049, 2049, 2049, 2049]","[2049, 2049, 2049, 2049, 2049, 2049, 2049, 2049]",109.0
1259,10023,55,1,2025-05-02T16:30:21.956000+00:00,,41.446,36.064,186.0,98.0,True,,"[2064, 2064, 2064, 2049, 2049, 2049, 2049, 2049, 2049]","[2049, 2051, 2051, 2051, 2049, 2049, 2049, 2049, 2049]","[2049, 2049, 2049, 2049, 2049, 2049, 2049, 2051]",71.0
1259,10023,23,1,2025-05-02T16:30:23.503000+00:00,,41.14,33.03,175.0,141.0,True,,"[2064, 2064, 2064, 2049, 2049, 2049, 2049, 2049, 2049]","[2049, 2049, 2049, 2049, 2051, 2049, 2049, 2049, 2049]","[2049, 2051, 2049, 2049, 2049, 2049, 2051, 2051]",98.0
1259,10023,6,1,2025-05-02T16:30:27.796000+00:00,,38.394,36.233,202.0,169.0,True,,"[2064, 2064, 2064, 2049, 2049, 2049, 2049, 2049, 2049]","[2049, 2049, 2049, 2049, 2049, 2051, 2051, 2051, 2049]","[2049, 2049, 2049, 2049, 2049, 2049, 2049, 2049]",232.0
1259,10023,87,1,2025-05-02T16:30:32.887000+00:00,,41.562,33.636,191.0,146.0,True,,"[2064, 2064, 2064, 2049, 2049, 2049, 2049, 2049, 2049]","[2049, 2049, 2049, 2049, 2049, 2049, 2049, 2049, 2049]","[2049, 2049, 2049, 2049, 2049, 2049, 2049, 2049]",196.0
1259,10023,30,1,2025-05-02T16:30:46.114000+00:00,,39.727,32.535,182.0,145.0,True,,"[2064, 2064, 2064, 2049, 2049, 2049, 2049, 2049, 2049]","[2049, 2049, 2049, 2049, 2049, 2049, 2049, 2049, 2049]","[2049, 2049, 2049, 2049, 2051, 2049, 2049, 2049]",112.0
1259,10023,7,1,2025-05-02T16:31:06.602000+00:00,,43.287,31.092,195.0,83.0,True,,"[2064, 2064, 2064, 2049, 2049, 2049, 2049, 2049, 2049]","[2049, 2049, 2049, 2049, 2049, 2049, 2049, 2049, 2049]","[2049, 2049, 2051, 2049, 2049, 2049, 2049, 2051]",250.0
1259,10023,1,1,2025-05-02T16:31:13.544000+00:00,,46.209,31.232,160.0,85.0,True,,"[2064, 2064, 2064, 2049, 2049, 2049, 2049, 2049, 2049]","[2049, 2049, 2049, 2049, 2049, 2049, 2049, 2049, 2049]","[2049, 2049, 2049, 2049, 2049, 2049, 2049, 2049]",274.0
1259,10023,22,1,2025-05-02T16:31:25.075000+00:00,,41.301,36.873,157.0,84.0,True,,"[2064, 2064, 2064, 2049, 2049, 2049, 2049, 2049, 2049]","[2049, 2049, 2049, 2049, 2049, 2049, 2049, 2049, 2049]","[2049, 2049, 2049, 2049, 2049, 2049, 2049, 2049]",167.0
1259,10023,31,1,2025-05-02T16:31:33.646000+00:00,,43.219,32.354,186.0,148.0,True,,"[2064, 2064, 2064, 2049, 2049, 2049, 2049, 2049, 2049]","[2049, 2049, 2049, 2049, 2049, 2049, 2049, 2049, 2049]","[2049, 2049, 2049, 2049, 2049, 2049, 2049, 2049]",142.0
1259,10023,44,1,2025-05-02T16:31:41.396000+00:00,,47.507,35.341,126.0,137.0,True,,"[2064, 2064, 2064, 2049, 2049, 2049, 2049, 2049, 2049]","[2049, 2049, 2049, 2049, 2049, 2049, 2049, 2049, 2049]","[2049, 2049, 2049, 2049, 2049, 2049, 2049, 2049]",227.0
1259,10023,12,1,2025-05-02T16:31:52.589000+00:00,,38.397,30.226,185.0,153.0,True,,"[2064, 2064, 2064, 2049, 2049, 2049, 2049, 2049, 2049]","[2049, 2049, 2049, 2049, 2049, 2049, 2049, 2049, 2049]","[2049, 2049, 2049, 2049, 2049, 2049, 2049, 2051]",222.0
1259,10023,10,2,2025-05-02T16:31:55.095000+00:00,30.007,34.676,25.506,205.0,187.0,False,90.189,"[2049, 2049, 2049, 2049, 2049, 2051, 2051, 2051, 2051]","[2049, 2049, 2049, 2049, 2049, 2049, 2049, 2049, 2049]","[2049, 2049, 2049, 2049, 2051, 2051, 2049]",331.0
1259,10023,4,1,2025-05-02T16:31:59.740000+00:00,,48.708,38.687,150.0,150.0,True,,"[2064, 2064, 2064, 2049, 2049, 2049, 2049, 2049, 2049]","[2049, 2049, 2049, 2049, 2049, 2049, 2049, 2049, 2049]","[2049, 2049, 2049, 2049, 2049, 2049, 2064, 2064]",174.0
1259,10023,81,2,2025-05-02T16:32:02.776000+00:00,30.124,34.341,25.594,215.0,188.0,False,90.059,"[2049, 2049, 2051, 2049, 2049, 2049, 2049, 2049, 2049]","[2049, 2049, 2049, 2049, 2049, 2051, 2049, 2051, 2049]","[2051, 2051, 2051, 2051, 2049, 2051, 2051, 2051]",333.0
1259,10023,27,1,2025-05-02T16:32:06.126000+00:00,,42.495,27.531,204.0,178.0,True,,"[2064, 2064, 2064, 2049, 2049, 2049, 2049, 2049, 2049]","[2049, 2049, 2049, 2049, 2049, 2049, 2049, 2049, 2049]","[2049, 2049, 2049, 2049, 2049, 2049, 2049, 2049]",271.0
1259,10023,5,2,2025-05-02T16:32:09.093000+00:00,31.717,35.248,25.862,214.0,187.0,False,92.827,"[2049, 2049, 2049, 2049, 2049, 2049, 2049, 2049, 2049]","[2049, 2049, 2049, 2049, 2049, 2049, 2049, 2049, 2049]","[2049, 2049, 2049, 2049, 2049, 2049, 2049]",332.0
1259,10023,18,1,2025-05-02T16:32:11.374000+00:00,,39.904,34.843,176.0,175.0,True,,"[2064, 2064, 2064, 2049, 2049, 2049, 2049, 2049, 2049]","[2049, 2049, 2049, 2049, 2049, 2049, 2049, 2049, 2049]","[2049, 2049, 2049, 2049, 2049, 2049, 2064, 2064]",240.0
1259,10023,14,1,2025-05-02T16:32:14.733000+00:00,,41.897,40.781,186.0,94.0,True,,"[2064, 2064, 2064, 2049, 2049, 2049, 2049, 2049, 2049]","[2049, 2049, 2049, 2049, 2049, 2049, 2049, 2049, 2049]","[2049, 2049, 2049, 2049, 2049, 2049, 2064, 2064]",293.0
1259,10023,16,2,2025-05-02T16:32:18.059000+00:00,30.842,34.81,25.865,212.0,187.0,False,91.517,"[2049, 2049, 2049, 2049, 2049, 2049, 2049, 2049, 2049]","[2049, 2049, 2049, 2049, 2049, 2049, 2051, 2049, 2049]","[2049, 2049, 2049, 2049, 2049, 2049, 2049]",314.0
1259,10023,55,2,2025-05-02T16:32:25.876000+00:00,30.338,34.44,25.753,216.0,186.0,False,90.531,"[2049, 2049, 2049, 2051, 2049, 2049, 2049, 2049, 2049]","[2049, 2049, 2049, 2049, 2049, 2049, 2049, 2049, 2049]","[2049, 2049, 2049, 2049, 2049, 2049, 2049]",329.0
1259,10023,23,2,2025-05-02T16:32:32.341000+00:00,30.885,34.398,25.457,212.0,187.0,False,90.74,"[2049, 2049, 2049, 2049, 2049, 2049, 2049, 2049, 2049]","[2049, 2049, 2051, 2051, 2051, 2049, 2049, 2049, 2049]","[2049, 2051, 2051, 2049, 2049, 2051, 2049, 2049]",333.0
1259,10023,6,2,2025-05-02T16:32:42.039000+00:00,30.748,34.907,25.977,212.0,185.0,False,91.632,"[2049, 2049, 2049, 2049, 2049, 2049, 2049, 2049, 2049]","[2049, 2049, 2049, 2049, 2049, 2049, 2049, 2049, 2049]","[2049, 2049, 2049, 2049, 2049, 2049, 2049, 2049]",330.0
1259,10023,87,2,2025-05-02T16:32:47.951000+00:00,31.258,34.699,25.834,214.0,187.0,False,91.791,"[2049, 2049, 2049, 2049, 2049, 2049, 2049, 2049, 2049]","[2049, 2049, 2049, 2049, 2049, 2051, 2049, 2049, 2051]","[2049, 2049, 2049, 2051, 2049, 2051, 2049, 2049]",326.0
1259,10023,30,2,2025-05-02T16:32:55.929000+00:00,30.942,34.89,26.02,213.0,186.0,False,91.852,"[2049, 2049, 2049, 2049, 2049, 2049, 2049, 2049, 2049]","[2049, 2049, 2049, 2049, 2049, 2049, 2049, 2049, 2049]","[2049, 2049, 2049, 2049, 2049, 2049, 2049]",329.0
1259,10023,63,1,2025-05-02T16:32:59.387000+00:00,,38.945,26.646,183.0,164.0,True,,"[2064, 2064, 2064, 2049, 2049, 2049, 2049, 2049, 2049]","[2049, 2049, 2049, 2049, 2049, 2049, 2049, 2049, 2049]","[2049, 2049, 2049, 2049, 2049, 2049, 2051, 2051]",310.0
1259,10023,7,2,2025-05-02T16:33:03.001000+00:00,30.283,34.728,25.648,218.0,187.0,False,90.659,"[2049, 2049, 2049, 2049, 2051, 2049, 2049, 2049, 2049]","[2049, 2049, 2049, 2049, 2049, 2049, 2049, 2049, 2049]","[2049, 2051, 2051, 2049, 2049, 2049, 2049, 2049]",332.0
1259,10023,1,2,2025-05-02T16:33:16.420000+00:00,29.673,34.493,25.642,217.0,184.0,False,89.808,"[2049, 2049, 2049, 2049, 2049, 2051, 2051, 2051, 2051]","[2049, 2049, 2049, 2049, 2049, 2049, 2049, 2051, 2049]","[2049, 2049, 2049, 2049, 2049, 2048, 2049, 2049]",335.0
1259,10023,10,3,2025-05-02T16:33:25.220000+00:00,50.253,60.288,40.148,115.0,122.0,False,150.689,"[2048, 2048, 2048, 2048, 2048, 2048, 2048, 2048, 2048]","[2048, 2048, 2048, 2048, 2048, 2048, 2048, 2048, 2048]","[2048, 2048, 2048, 2048, 2048, 2048, 2048]",165.0
1259,10023,22,2,2025-05-02T16:33:26.841000+00:00,30.2,34.557,25.756,216.0,186.0,False,90.513,"[2049, 2049, 2049, 2049, 2049, 2049, 2049, 2049, 2049]","[2049, 2049, 2049, 2049, 2049, 2049, 2049, 2049, 2049]","[2049, 2049, 2049, 2049, 2049, 2049, 2049, 2049]",332.0
1259,10023,81,3,2025-05-02T16:33:32.789000+00:00,51.445,56.669,40.636,127.0,87.0,False,148.75,"[2048, 2048, 2048, 2048, 2048, 2048, 2048, 2048, 2048]","[2048, 2048, 2048, 2048, 2048, 2048, 2048, 2048, 2048]","[2048, 2048, 2048, 2048, 2048, 2048, 2048]",225.0
1259,10023,31,2,2025-05-02T16:33:35.203000+00:00,30.957,34.723,26.046,214.0,187.0,False,91.726,"[2049, 2049, 2049, 2049, 2049, 2049, 2049, 2049, 2049]","[2049, 2049, 2049, 2049, 2049, 2049, 2049, 2049, 2049]","[2049, 2049, 2049, 2049, 2049, 2049, 2048, 2048]",325.0
1259,10023,5,3,2025-05-02T16:33:41.825000+00:00,47.417,55.781,43.813,142.0,100.0,False,147.011,"[2048, 2048, 2048, 2048, 2048, 2048, 2048, 2048, 2048]","[2048, 2048, 2048, 2048, 2048, 2048, 2048, 2048, 2048]","[2048, 2048, 2048, 2048, 2048, 2048, 2048, 2049]",113.0
1259,10023,12,2,2025-05-02T16:33:44.203000+00:00,31.038,34.413,25.496,218.0,188.0,False,90.947,"[2051, 2049, 2049, 2049, 2049, 2049, 2049, 2049, 2049]","[2051, 2051, 2049, 2049, 2049, 2049, 2049, 2049, 2049]","[2051, 2051, 2049, 2049, 2049, 2051, 2051]",334.0
1259,10023,16,3,2025-05-02T16:33:49.506000+00:00,45.851,64.927,37.186,125.0,99.0,False,147.964,"[2048, 2048, 2048, 2048, 2048, 2048, 2048, 2048, 2048]","[2048, 2048, 2048, 2048, 2048, 2048, 2048, 2048, 2048]","[2048, 2048, 2048, 2048, 2048, 2048, 2048, 2049]",247.0
1259,10023,44,2,2025-05-02T16:33:55.887000+00:00,30.7,34.696,25.571,214.0,188.0,False,90.967,"[2049, 2049, 2049, 2049, 2049, 2049, 2049, 2049, 2049]","[2049, 2049, 2049, 2049, 2049, 2049, 2051, 2049, 2049]","[2049, 2049, 2049, 2049, 2049, 2049, 2049]",327.0
1259,10023,55,3,2025-05-02T16:33:56.263000+00:00,53.667,56.622,41.356,133.0,126.0,False,151.645,"[2048, 2048, 2048, 2048, 2048, 2048, 2048, 2048, 2048]","[2048, 2048, 2048, 2048, 2048, 2048, 2048, 2048, 2048]","[2048, 2048, 2048, 2048, 2048, 2049, 2048, 2048]",208.0
1259,10023,27,2,2025-05-02T16:34:00.266000+00:00,30.902,34.731,25.675,218.0,188.0,False,91.308,"[2049, 2051, 2049, 2049, 2049, 2049, 2049, 2049, 2049]","[2049, 2049, 2049, 2049, 2049, 2049, 2049, 2049, 2049]","[2049, 2049, 2049, 2049, 2049, 2049, 2049]",332.0
1259,10023,23,3,2025-05-02T16:34:03.001000+00:00,58.82,59.75,40.933,127.0,116.0,False,159.503,"[2048, 2048, 2048, 2048, 2048, 2048, 2048, 2048, 2048]","[2048, 2048, 2048, 2048, 2048, 2048, 2048, 2048, 2048]","[2048, 2048, 2048, 2048, 2048, 2048, 2048, 2048]",107.0
1259,10023,6,3,2025-05-02T16:34:13.594000+00:00,53.287,51.087,38.61,125.0,111.0,False,142.984,"[2048, 2048, 2048, 2048, 2048, 2048, 2048, 2048, 2048]","[2048, 2048, 2048, 2048, 2048, 2048, 2048, 2048, 2048]","[2048, 2048, 2048, 2048, 2048, 2048, 2048, 2049]",143.0
1259,10023,87,3,2025-05-02T16:34:19.616000+00:00,54.123,56.135,46.059,129.0,119.0,False,156.317,"[2048, 2048, 2048, 2048, 2048, 2048, 2048, 2048, 2048]","[2048, 2048, 2048, 2048, 2048, 2048, 2048, 2048, 2048]","[2048, 2048, 2048, 2048, 2048, 2048, 2064, 2064]",151.0
1259,10023,30,3,2025-05-02T16:34:27.600000+00:00,48.944,57.52,43.016,142.0,105.0,False,149.48,"[2048, 2048, 2048, 2048, 2048, 2048, 2048, 2048, 2048]","[2048, 2048, 2048, 2048, 2048, 2048, 2048, 2048, 2048]","[2048, 2048, 2048, 2048, 2048, 2048, 2048]",211.0
1259,10023,7,3,2025-05-02T16:34:33.589000+00:00,48.076,59.787,51.688,107.0,109.0,False,159.551,"[2048, 2048, 2048, 2048, 2048, 2048, 2048, 2048, 2048]","[2048, 2048, 2048, 2048, 2048, 2048, 2048, 2048, 2048]","[2048, 2048, 2048, 2048, 2048, 2048, 2048, 2048]",120.0
1259,10023,18,2,2025-05-02T16:34:33.857000+00:00,55.634,39.236,35.042,193.0,176.0,True,129.912,"[None, 2064, 2064, 2049, 2048, 2049, 2049, 2049, 2049]","[2049, 2049, 2049, 2049, 2049, 2048, 2049, 2049, 2049]","[2049, 2048, 2049, 2048, 2048, 2048, 2064, 2064]",242.0
1259,10023,63,2,2025-05-02T16:34:43.270000+00:00,30.132,34.17,25.496,216.0,189.0,False,89.798,"[2049, 2049, 2049, 2049, 2049, 2049, 2049, 2049, 2049]","[2049, 2051, 2051, 2051, 2049, 2049, 2049, 2049, 2051]","[2051, 2049, 2049, 2049, 2049, 2049, 2049, 2048]",332.0
1259,10023,1,3,2025-05-02T16:34:46.063000+00:00,61.153,65.314,29.518,94.0,112.0,False,155.985,"[2048, 2048, 2048, 2048, 2048, 2048, 2048, 2048, 2048]","[2048, 2048, 2048, 2048, 2048, 2048, 2048, 2048, 2048]","[2048, 2048, 2048, 2048, 2048, 2049, 2048, 2048]",288.0
1259,10023,4,2,2025-05-02T16:34:48.416000+00:00,68.597,42.225,42.76,170.0,99.0,True,153.582,"[None, 2064, 2064, 2049, 2049, 2049, 2049, 2049, 2049]","[2049, 2049, 2049, 2049, 2049, 2049, 2049, 2049, 2048]","[2048, 2048, 2048, 2048, 2048, 2049, 2049, 2049]",57.0
1259,10023,14,2,2025-05-02T16:34:50.988000+00:00,62.854,43.622,36.345,178.0,144.0,True,142.821,"[None, 2064, 2064, 2048, 2048, 2049, 2048, 2049, 2049]","[2048, 2048, 2048, 2048, 2048, 2048, 2048, 2048, 2049]","[2049, 2049, 2048, 2048, 2049, 2049, 2064, 2064]",214.0
1259,10023,22,3,2025-05-02T16:34:57.801000+00:00,54.469,69.826,31.619,98.0,139.0,False,155.914,"[2048, 2048, 2048, 2048, 2048, 2048, 2048, 2048, 2048]","[2048, 2048, 2048, 2048, 2048, 2048, 2048, 2048, 2048]","[2048, 2048, 2048, 2048, 2048, 2048, 2048, 2049]",154.0
1259,10023,31,3,2025-05-02T16:35:06.526000+00:00,52.976,63.514,34.892,128.0,134.0,False,151.382,"[2048, 2048, 2048, 2048, 2048, 2048, 2048, 2048, 2048]","[2048, 2048, 2048, 2048, 2048, 2048, 2048, 2048, 2048]","[2048, 2048, 2048, 2048, 2048, 2048, 2049, 2049]",234.0
1259,10023,12,3,2025-05-02T16:35:15.122000+00:00,49.241,61.61,43.59,125.0,88.0,False,154.441,"[2048, 2048, 2048, 2048, 2048, 2048, 2048, 2048, 2048]","[2048, 2048, 2048, 2048, 2048, 2048, 2048, 2048, 2048]","[2048, 2048, 2048, 2048, 2048, 2048, 2064, 2064]",177.0
1259,10023,44,3,2025-05-02T16:35:26.705000+00:00,64.44,59.106,28.953,78.0,127.0,False,152.499,"[2048, 2048, 2048, 2048, 2048, 2048, 2048, 2048, 2048]","[2048, 2048, 2048, 2048, 2048, 2048, 2048, 2048, 2048]","[2048, 2048, 2048, 2048, 2048, 2048, 2048, 2048]",248.0
1259,10023,27,3,2025-05-02T16:35:31.428000+00:00,51.73,55.761,44.492,142.0,131.0,False,151.983,"[2048, 2048, 2048, 2048, 2048, 2048, 2048, 2048, 2048]","[2048, 2048, 2048, 2048, 2048, 2048, 2048, 2048, 2048]","[2048, 2048, 2048, 2048, 2048, 2048, 2048, 2048]",105.0
1259,10023,10,4,2025-05-02T16:35:56.318000+00:00,51.191,44.676,34.353,175.0,168.0,False,130.22,"[None, 2048, 2048, 2048, 2048, 2048, 2048, 2048, 2048]","[2048, 2048, 2048, 2048, 2048, 2048, 2048, 2048, 2048]","[2048, 2048, 2048, 2048, 2048, 2048, 2049, 2049]",225.0
1259,10023,81,4,2025-05-02T16:36:01.542000+00:00,30.289,33.911,25.46,216.0,189.0,False,89.66,"[2049, 2051, 2048, 2048, 2048, 2049, 2049, 2049, 2049]","[2049, 2048, 2048, 2048, 2049, 2051, 2051, 2051, 2049]","[2049, 2049, 2049, 2048, 2049, 2048, 2048, 2048]",332.0
1259,10023,5,4,2025-05-02T16:36:08.867000+00:00,30.448,34.644,26.664,213.0,188.0,False,91.756,"[2049, 2049, 2049, 2049, 2049, 2049, 2049, 2049, 2049]","[2049, 2049, 2049, 2048, 2049, 2049, 2049, 2049, 2048]","[2049, 2049, 2051, 2049, 2048, 2049, 2049, 2049]",336.0
1259,10023,63,3,2025-05-02T16:36:12.929000+00:00,57.824,54.192,41.807,132.0,116.0,False,153.823,"[2048, 2048, 2048, 2048, 2048, 2048, 2048, 2048, 2048]","[2048, 2048, 2048, 2048, 2048, 2048, 2048, 2048, 2048]","[2048, 2048, 2048, 2048, 2048, 2048, 2048, 2048]",179.0
1259,10023,16,4,2025-05-02T16:36:17.667000+00:00,29.78,34.447,25.388,214.0,188.0,False,89.615,"[2049, 2049, 2049, 2049, 2049, 2049, 2051, 2049, 2049]","[2049, 2049, 2049, 2049, 2049, 2048, 2048, 2048, 2049]","[2049, 2049, 2049, 2049, 2048, 2049, 2049, 2049]",332.0
1259,10023,55,4,2025-05-02T16:36:27.979000+00:00,29.837,34.296,25.065,220.0,188.0,False,89.198,"[2049, 2048, 2049, 2049, 2049, 2049, 2049, 2049, 2049]","[2051, 2051, 2049, 2049, 2048, 2049, 2049, 2048, 2048]","[2051, 2051, 2051, 2049, 2049, 2049]",338.0
1259,10023,6,4,2025-05-02T16:36:36.717000+00:00,29.818,34.575,25.597,218.0,187.0,False,89.99,"[2049, 2049, 2049, 2049, 2049, 2049, 2049, 2049, 2049]","[2049, 2049, 2049, 2048, 2049, 2049, 2049, 2048, 2049]","[2049, 2049, 2049, 2049, 2049, 2049, 2049]",333.0
1259,10023,23,4,2025-05-02T16:36:42.516000+00:00,30.15,33.961,25.109,217.0,189.0,False,89.22,"[None, 2049, 2049, 2049, 2049, 2049, 2049, 2049, 2049]","[2049, 2049, 2049, 2048, 2048, 2049, 2049, 2049, 2051]","[2049, 2049, 2049, 2051, 2049, 2049, 2051]",337.0
1259,10023,18,3,2025-05-02T16:36:42.793000+00:00,58.026,42.099,33.422,193.0,173.0,True,133.547,"[None, 2064, 2064, 2048, 2048, 2049, 2049, 2049, 2049]","[2049, 2048, 2048, 2048, 2048, 2048, 2049, 2049, 2048]","[2048, 2048, 2048, 2048, 2049, 2049, 2064, 2064]",221.0
1259,10023,4,3,2025-05-02T16:36:47.223000+00:00,30.056,34.509,25.751,217.0,187.0,False,90.316,"[2049, 2049, 2049, 2049, 2049, 2049, 2049, 2049, 2051]","[2049, 2049, 2049, 2049, 2049, 2049, 2051, 2049, 2049]","[2049, 2049, 2049, 2049, 2051, 2049, 2049]",320.0
1259,10023,30,4,2025-05-02T16:36:57.879000+00:00,30.233,34.499,25.692,213.0,188.0,False,90.424,"[None, 2049, 2049, 2049, 2049, 2049, 2049, 2049, 2049]","[2049, 2049, 2049, 2049, 2051, 2049, 2049, 2048, 2049]","[2049, 2049, 2049, 2049, 2049, 2049, 2049, 2049]",331.0
1259,10023,14,3,2025-05-02T16:37:10.917000+00:00,59.148,42.171,34.608,175.0,149.0,True,135.927,"[None, 2064, 2064, 2048, 2048, 2049, 2049, 2049, 2049]","[2048, 2048, 2048, 2048, 2048, 2049, 2048, 2048, 2049]","[2049, 2049, 2048, 2048, 2049, 2049, 2064, 2064]",276.0
1259,10023,7,4,2025-05-02T16:37:13.261000+00:00,46.654,44.412,32.934,151.0,163.0,False,124.0,"[None, 2048, 2048, 2048, 2048, 2048, 2048, 2048, 2048]","[2048, 2048, 2048, 2048, 2048, 2048, 2048, 2048, 2048]","[2048, 2048, 2048, 2048, 2048, 2049, 2049, 2048]",299.0
1259,10023,1,4,2025-05-02T16:37:22.245000+00:00,29.307,33.832,25.495,219.0,186.0,False,88.634,"[2049, 2048, 2051, 2051, 2049, 2051, 2049, 2051, 2049]","[2049, 2049, 2049, 2051, 2049, 2049, 2049, 2048, 2049]","[2049, 2048, 2048, 2049, 2049, 2049, 2049]",335.0
1259,10023,81,5,2025-05-02T16:37:31.167000+00:00,47.805,50.245,36.55,163.0,119.0,False,134.6,"[2048, 2048, 2048, 2048, 2048, 2048, 2048, 2048, 2048]","[2048, 2048, 2048, 2048, 2048, 2048, 2048, 2048, 2048]","[2048, 2048, 2048, 2048, 2048, 2048, 2048, 2048]",212.0
1259,10023,22,4,2025-05-02T16:37:33.255000+00:00,29.687,34.51,25.482,215.0,185.0,False,89.679,"[2049, 2048, 2049, 2049, 2049, 2049, 2049, 2049, 2049]","[2049, 2049, 2049, 2049, 2049, 2048, 2048, 2049, 2048]","[2049, 2049, 2049, 2049, 2049, 2049, 2049, 2048]",336.0
1259,10023,31,4,2025-05-02T16:37:38.082000+00:00,30.149,34.172,25.566,216.0,188.0,False,89.887,"[2049, 2048, 2049, 2049, 2049, 2049, 2049, 2049, 2049]","[2049, 2049, 2049, 2049, 2049, 2049, 2049, 2051, 2049]","[2049, 2049, 2049, 2049, 2049, 2049, 2049]",333.0
1259,10023,5,5,2025-05-02T16:37:40.578000+00:00,48.976,56.161,30.294,120.0,147.0,False,135.431,"[2048, 2048, 2048, 2048, 2048, 2048, 2048, 2048, 2048]","[2048, 2048, 2048, 2048, 2048, 2048, 2048, 2048, 2048]","[2048, 2048, 2048, 2048, 2048, 2048, 2048, 2048]",206.0
1259,10023,16,5,2025-05-02T16:37:47.092000+00:00,56.332,64.46,34.727,111.0,116.0,False,155.519,"[2048, 2048, 2048, 2048, 2048, 2048, 2048, 2048, 2048]","[2048, 2048, 2048, 2048, 2048, 2048, 2048, 2048, 2048]","[2048, 2048, 2048, 2048, 2048, 2048, 2048, 2048]",122.0
1259,10023,55,5,2025-05-02T16:37:59+00:00,55.357,56.9,39.704,129.0,142.0,False,151.961,"[2048, 2048, 2048, 2048, 2048, 2048, 2048, 2048, 2048]","[2048, 2048, 2048, 2048, 2048, 2048, 2048, 2048, 2048]","[2048, 2048, 2048, 2048, 2048, 2048, 2064, 2064]",145.0
1259,10023,44,4,2025-05-02T16:37:59.316000+00:00,29.747,34.224,25.511,216.0,189.0,False,89.482,"[2049, 2049, 2049, 2049, 2049, 2049, 2049, 2049, 2049]","[2049, 2049, 2049, 2049, 2049, 2049, 2048, 2049, 2049]","[2049, 2048, 2049, 2049, 2048, 2049, 2049, 2048]",331.0
1259,10023,87,4,2025-05-02T16:38:00.269000+00:00,,43.825,33.492,162.0,142.0,True,184.485,"[2064, 2064, 2064, 2048, 2048, 2048, 2048, 2048, 2048]","[2048, 2048, 2048, 2048, 2048, 2048, 2048, 2048, 2048]","[2048, 2048, 2048, 2048, 2048, 2048, 2048, 2048]",120.0
1259,10023,27,4,2025-05-02T16:38:03.626000+00:00,43.838,50.25,45.968,150.0,145.0,False,140.056,"[2049, 2049, 2048, 2048, 2048, 2048, 2048, 2048, 2048]","[2048, 2048, 2048, 2048, 2048, 2048, 2048, 2048, 2048]","[2048, 2048, 2048, 2048, 2048, 2048, 2064, 2064]",126.0
1259,10023,10,5,2025-05-02T16:38:05.767000+00:00,39.917,47.115,33.409,163.0,93.0,False,120.441,"[2051, 2048, 2048, 2048, 2048, 2048, 2048, 2048, 2048]","[2048, 2048, 2048, 2048, 2048, 2048, 2048, 2048, 2048]","[2048, 2048, 2048, 2048, 2048, 2048, 2048, 2048]",245.0
1259,10023,6,5,2025-05-02T16:38:06.626000+00:00,53.451,54.659,39.613,122.0,111.0,False,147.723,"[2048, 2048, 2048, 2048, 2048, 2048, 2048, 2048, 2048]","[2048, 2048, 2048, 2048, 2048, 2048, 2048, 2048, 2048]","[2048, 2048, 2048, 2048, 2048, 2048, 2048, 2048]",145.0
1259,10023,12,4,2025-05-02T16:38:09.941000+00:00,60.994,45.109,36.762,159.0,120.0,True,142.865,"[2064, 2064, 2064, 2048, 2048, 2048, 2048, 2048, 2048]","[2048, 2048, 2048, 2048, 2048, 2048, 2048, 2048, 2048]","[2048, 2048, 2048, 2048, 2048, 2048, 2048, 2048]",77.0
1259,10023,23,5,2025-05-02T16:38:11.658000+00:00,55.691,52.947,46.733,135.0,118.0,False,155.371,"[None, 2048, 2048, 2048, 2048, 2048, 2048, 2048, 2048]","[2048, 2048, 2048, 2048, 2048, 2048, 2048, 2048, 2048]","[2048, 2048, 2048, 2048, 2048, 2048, 2064, 2064]",147.0
1259,10023,4,4,2025-05-02T16:38:17.427000+00:00,46.468,55.122,35.449,120.0,125.0,False,137.039,"[2048, 2048, 2048, 2048, 2048, 2048, 2048, 2048, 2048]","[2048, 2048, 2048, 2048, 2048, 2048, 2048, 2048, 2048]","[2048, 2048, 2048, 2048, 2048, 2048, 2048, 2048]",127.0
1259,10023,30,5,2025-05-02T16:38:27.612000+00:00,58.07,64.046,34.896,96.0,82.0,False,157.012,"[None, 2048, 2048, 2048, 2048, 2048, 2048, 2048, 2048]","[2048, 2048, 2048, 2048, 2048, 2048, 2048, 2048, 2048]","[2048, 2048, 2048, 2048, 2048, 2048, 2048, 2048]",194.0
1259,10023,63,4,2025-05-02T16:38:46.801000+00:00,50.694,49.044,31.212,139.0,78.0,False,130.95,"[None, 2048, 2048, 2048, 2048, 2048, 2048, 2048, 2048]","[2048, 2048, 2048, 2048, 2048, 2048, 2048, 2048, 2048]","[2048, 2048, 2048, 2048, 2048, 2048, 2048, 2048]",290.0
1259,10023,1,5,2025-05-02T16:38:50.736000+00:00,57.417,63.026,38.755,97.0,120.0,False,159.198,"[2048, 2048, 2048, 2048, 2048, 2048, 2048, 2048, 2048]","[2048, 2048, 2048, 2048, 2048, 2048, 2048, 2048, 2048]","[2048, 2048, 2048, 2048, 2048, 2048, 2064, 2064]",191.0
1259,10023,22,5,2025-05-02T16:39:02.874000+00:00,47.98,64.978,50.217,124.0,87.0,False,163.175,"[2048, 2048, 2048, 2048, 2048, 2048, 2048, 2048, 2048]","[2048, 2048, 2048, 2048, 2048, 2048, 2048, 2048, 2048]","[2048, 2048, 2048, 2048, 2048, 2048, 2064, 2064]",116.0
1259,10023,31,5,2025-05-02T16:39:07.789000+00:00,51.036,58.203,45.636,127.0,123.0,False,154.875,"[2048, 2048, 2048, 2048, 2048, 2048, 2048, 2048, 2048]","[2048, 2048, 2048, 2048, 2048, 2048, 2048, 2048, 2048]","[2048, 2048, 2048, 2048, 2048, 2048, 2064, 2064]",181.0
1259,10023,18,4,2025-05-02T16:39:16.517000+00:00,78.011,37.352,37.19,182.0,178.0,True,152.553,"[None, 2064, 2064, 2048, 2048, 2048, 2048, 2049, 2048]","[2048, 2048, 2048, 2048, 2048, 2049, 2049, 2048, 2049]","[2048, 2048, 2048, 2048, 2048, 2049, 2049, 2049]",162.0
1259,10023,7,5,2025-05-02T16:39:17.141000+00:00,30.421,34.51,25.616,219.0,187.0,False,90.547,"[None, 2049, 2048, 2048, 2048, 2049, 2049, 2049, 2048]","[2049, 2049, 2048, 2048, 2048, 2049, 2048, 2049, 2049]","[2049, 2048, 2048, 2049, 2048, 2051, 2049, 2048]",332.0
1259,10023,44,5,2025-05-02T16:39:28.750000+00:00,66.91,78.234,29.848,90.0,106.0,False,174.992,"[2048, 2048, 2048, 2048, 2048, 2048, 2048, 2048, 2048]","[2048, 2048, 2048, 2048, 2048, 2048, 2048, 2048, 2048]","[2048, 2048, 2048, 2048, 2048, 2048, 2048, 2048]",274.0
1259,10023,81,6,2025-05-02T16:39:45.805000+00:00,51.262,47.655,35.254,93.0,105.0,False,134.171,"[None, 2048, 2048, 2048, 2048, 2048, 2048, 2048, 2048]","[2048, 2048, 2048, 2048, 2048, 2048, 2048, 2048, 2048]","[2048, 2048, 2048, 2048, 2048, 2048, 2048, 2048]",208.0
1259,10023,14,4,2025-05-02T16:39:48.044000+00:00,77.998,43.597,39.254,166.0,95.0,True,160.849,"[None, 2064, 2064, 2048, 2048, 2049, 2049, 2049, 2049]","[2048, 2048, 2048, 2048, 2048, 2048, 2049, 2049, 2048]","[2048, 2048, 2048, 2048, 2049, 2049, 2049, 2049]",241.0
1259,10023,5,6,2025-05-02T16:39:56.165000+00:00,30.496,34.723,31.227,212.0,188.0,False,96.446,"[None, 2049, 2049, 2049, 2049, 2048, 2048, 2048, 2049]","[2048, 2049, 2049, 2049, 2049, 2048, 2049, 2048, 2048]","[2048, 2048, 2048, 2048, 2048, 2048, 2064, 2064]",315.0
1259,10023,87,5,2025-05-02T16:40:00.486000+00:00,30.158,34.464,25.607,217.0,188.0,False,90.229,"[2049, 2049, 2049, 2049, 2049, 2049, 2049, 2049, 2049]","[2049, 2049, 2048, 2049, 2049, 2048, 2049, 2049, 2048]","[2049, 2049, 2049, 2048, 2049, 2049, 2049]",329.0
1259,10023,10,6,2025-05-02T16:40:06.201000+00:00,29.883,33.995,25.488,218.0,187.0,False,89.366,"[2048, 2049, 2049, 2049, 2049, 2049, 2048, 2048, 2048]","[2049, 2049, 2049, 2049, 2049, 2049, 2049, 2049, 2048]","[2049, 2049, 2049, 2049, 2048, 2049, 2049]",335.0
1259,10023,12,5,2025-05-02T16:40:12.444000+00:00,30.005,33.801,25.288,220.0,191.0,False,89.094,"[2048, 2048, 2049, 2049, 2051, 2049, 2049, 2049, 2049]","[2051, 2048, 2048, 2049, 2049, 2049, 2049, 2048, 2051]","[2049, 2049, 2049, 2049, 2049, 2051, 2048, 2048]",336.0
1259,10023,16,6,2025-05-02T16:40:22.689000+00:00,29.599,33.981,25.477,216.0,189.0,False,89.057,"[None, 2048, 2048, 2049, 2049, 2049, 2051, 2049, 2049]","[2048, 2048, 2048, 2048, 2049, 2049, 2048, 2049, 2049]","[2048, 2048, 2048, 2048, 2049, 2048, 2048, 2048]",332.0
1259,10023,6,6,2025-05-02T16:40:34.505000+00:00,45.012,47.312,31.591,153.0,113.0,False,123.915,"[None, 2048, 2048, 2048, 2048, 2048, 2048, 2048, 2048]","[2048, 2048, 2048, 2048, 2048, 2048, 2048, 2048, 2048]","[2048, 2048, 2048, 2048, 2048, 2048, 2048, 2048]",284.0
1259,10023,4,5,2025-05-02T16:40:34.543000+00:00,29.523,33.893,25.436,214.0,188.0,False,88.852,"[2049, 2049, 2049, 2049, 2049, 2049, 2049, 2049, 2051]","[2048, 2048, 2049, 2049, 2049, 2051, 2051, 2048, 2049]","[2049, 2049, 2049, 2049, 2051, 2049, 2048, 2049]",329.0
1259,10023,7,6,2025-05-02T16:40:47.727000+00:00,49.566,49.909,36.65,158.0,118.0,False,136.125,"[None, 2048, 2048, 2048, 2048, 2048, 2048, 2048, 2048]","[2048, 2048, 2048, 2048, 2048, 2048, 2048, 2048, 2048]","[2048, 2048, 2048, 2048, 2048, 2048, 2048, 2048]",187.0
1259,10023,55,6,2025-05-02T16:40:50.268000+00:00,61.729,43.91,32.236,169.0,119.0,True,137.875,"[2064, 2064, 2064, 2048, 2048, 2048, 2048, 2048, 2048]","[2048, 2048, 2048, 2048, 2048, 2048, 2048, 2048, 2048]","[2048, 2048, 2048, 2048, 2048, 2049, 2048, 2048]",309.0
1259,10023,63,5,2025-05-02T16:40:57.861000+00:00,29.504,33.619,25.365,217.0,190.0,False,88.488,"[None, 2048, 2049, 2049, 2049, 2049, 2049, 2049, 2049]","[2049, 2048, 2048, 2048, 2049, 2049, 2049, 2051, 2049]","[2049, 2049, 2049, 2049, 2048, 2051, 2051, 2048]",335.0
1259,10023,30,6,2025-05-02T16:41:04.759000+00:00,29.937,34.217,25.653,210.0,187.0,False,89.807,"[2049, 2051, 2048, 2048, 2048, 2049, 2049, 2049, 2049]","[2048, 2048, 2048, 2049, 2051, 2049, 2048, 2049, 2049]","[2049, 2048, 2048, 2049, 2049, 2049, 2049]",331.0
1259,10023,23,6,2025-05-02T16:41:06.896000+00:00,63.312,47.931,31.794,149.0,82.0,True,143.037,"[2064, 2064, 2064, 2048, 2048, 2048, 2048, 2048, 2048]","[2048, 2048, 2048, 2048, 2048, 2048, 2048, 2048, 2048]","[2048, 2048, 2048, 2048, 2048, 2049, 2048, 2048]",289.0
1259,10023,18,5,2025-05-02T16:41:11.689000+00:00,30.459,34.49,25.484,218.0,188.0,False,90.433,"[2049, 2049, 2049, 2049, 2049, 2049, 2049, 2049, 2049]","[2049, 2049, 2049, 2049, 2049, 2049, 2049, 2049, 2049]","[2049, 2049, 2049, 2049, 2049, 2049, 2049, 2049]",334.0
1259,10023,87,6,2025-05-02T16:41:30.544000+00:00,55.84,57.881,42.762,124.0,122.0,False,156.483,"[2048, 2048, 2048, 2048, 2048, 2048, 2048, 2048, 2048]","[2048, 2048, 2048, 2048, 2048, 2048, 2048, 2048, 2048]","[2048, 2048, 2048, 2048, 2048, 2048, 2064, 2064]",177.0
1259,10023,10,7,2025-05-02T16:41:35.344000+00:00,54.158,56.527,40.573,125.0,116.0,False,151.258,"[None, 2048, 2048, 2048, 2048, 2048, 2048, 2048, 2048]","[2048, 2048, 2048, 2048, 2048, 2048, 2048, 2048, 2048]","[2048, 2048, 2048, 2048, 2048, 2048, 2048, 2048]",169.0
1259,10023,12,6,2025-05-02T16:41:41.545000+00:00,51.74,47.753,44.129,139.0,123.0,False,143.622,"[None, 2048, 2048, 2048, 2048, 2048, 2048, 2048, 2048]","[2048, 2048, 2048, 2048, 2048, 2048, 2048, 2048, 2048]","[2048, 2048, 2048, 2048, 2048, 2048, 2064, 2064]",192.0
1259,10023,14,5,2025-05-02T16:41:48.016000+00:00,30.368,34.345,25.47,220.0,190.0,False,90.183,"[2049, 2049, 2049, 2049, 2049, 2049, 2049, 2049, 2049]","[2049, 2049, 2049, 2049, 2049, 2049, 2049, 2049, 2049]","[2049, 2049, 2049, 2049, 2049, 2049, 2049, 2048]",332.0
1259,10023,1,6,2025-05-02T16:41:48.929000+00:00,62.522,45.901,31.18,150.0,150.0,True,139.603,"[2064, 2064, 2064, 2048, 2048, 2048, 2048, 2048, 2048]","[2048, 2048, 2048, 2048, 2048, 2048, 2048, 2048, 2048]","[2048, 2048, 2048, 2048, 2048, 2049, 2048, 2048]",260.0
1259,10023,16,7,2025-05-02T16:41:51.642000+00:00,54.818,70.286,45.136,104.0,81.0,False,170.24,"[None, 2048, 2048, 2048, 2048, 2048, 2048, 2048, 2048]","[2048, 2048, 2048, 2048, 2048, 2048, 2048, 2048, 2048]","[2048, 2048, 2048, 2048, 2048, 2048, 2048, 2048]",92.0
1259,10023,81,7,2025-05-02T16:42:00.070000+00:00,29.694,33.757,25.361,215.0,190.0,False,88.812,"[2049, 2048, 2048, 2051, 2051, 2049, 2049, 2048, 2049]","[2048, 2048, 2048, 2048, 2049, 2049, 2049, 2051, 2049]","[2048, 2048, 2048, 2048, 2049, 2049, 2048]",331.0
1259,10023,4,6,2025-05-02T16:42:03.369000+00:00,46.215,58.113,36.235,117.0,116.0,False,140.563,"[2048, 2048, 2048, 2048, 2048, 2048, 2048, 2048, 2048]","[2048, 2048, 2048, 2048, 2048, 2048, 2048, 2048, 2048]","[2048, 2048, 2048, 2048, 2048, 2048, 2048, 2049]",143.0
1259,10023,22,6,2025-05-02T16:42:05.779000+00:00,65.084,53.975,31.77,115.0,110.0,True,150.829,"[2064, 2064, 2064, 2048, 2048, 2048, 2048, 2048, 2048]","[2048, 2048, 2048, 2048, 2048, 2048, 2048, 2048, 2048]","[2048, 2048, 2048, 2048, 2048, 2048, 2049, 2049]",267.0
1259,10023,31,6,2025-05-02T16:42:10.979000+00:00,73.199,53.23,40.982,162.0,131.0,True,167.411,"[2064, 2064, 2064, 2048, 2048, 2048, 2048, 2048, 2048]","[2048, 2048, 2048, 2048, 2048, 2048, 2048, 2048, 2048]","[2048, 2048, 2048, 2048, 2048, 2048, 2048, 2049]",111.0
1259,10023,44,6,2025-05-02T16:42:23.783000+00:00,29.587,34.076,25.521,219.0,189.0,False,89.184,"[None, 2049, 2048, 2049, 2048, 2049, 2049, 2048, 2049]","[2049, 2049, 2049, 2049, 2049, 2048, 2048, 2049, 2048]","[2049, 2049, 2049, 2048, 2048, 2048, 2048]",330.0
1259,10023,63,6,2025-05-02T16:42:26.181000+00:00,56.824,68.075,50.551,94.0,79.0,False,175.45,"[None, 2048, 2048, 2048, 2048, 2048, 2048, 2048, 2048]","[2048, 2048, 2048, 2048, 2048, 2048, 2048, 2048, 2048]","[2048, 2048, 2048, 2048, 2048, 2048, 2048, 2051]",243.0
1259,10023,30,7,2025-05-02T16:42:34.333000+00:00,51.057,60.338,44.037,120.0,87.0,False,155.432,"[2048, 2048, 2048, 2048, 2048, 2048, 2048, 2048, 2048]","[2048, 2048, 2048, 2048, 2048, 2048, 2048, 2048, 2048]","[2048, 2048, 2048, 2048, 2048, 2048, 2048, 2048]",131.0
1259,10023,6,7,2025-05-02T16:42:38.400000+00:00,29.718,34.22,25.613,215.0,188.0,False,89.551,"[2049, 2048, 2049, 2048, 2049, 2049, 2049, 2048, 2049]","[2048, 2048, 2049, 2049, 2049, 2049, 2048, 2049, 2049]","[2049, 2048, 2048, 2049, 2049, 2049, 2048, 2049]",329.0
1259,10023,18,6,2025-05-02T16:42:42.118000+00:00,46.099,53.298,40.281,138.0,113.0,False,139.678,"[2048, 2048, 2048, 2048, 2048, 2048, 2048, 2048, 2048]","[2048, 2048, 2048, 2048, 2048, 2048, 2048, 2048, 2048]","[2048, 2048, 2048, 2048, 2048, 2048, 2048, 2049]",155.0
1259,10023,55,7,2025-05-02T16:42:47.057000+00:00,30.912,58.448,37.153,180.0,80.0,False,126.513,"[2049, 2049, 2048, 2048, 2048, 2049, 2048, 2048, 2048]","[2048, 2048, 2048, 2048, 2048, 2048, 2048, 2048, 2048]","[2048, 2048, 2048, 2048, 2048, 2048, 2048, 2051]",205.0
1259,10023,7,7,2025-05-02T16:43:03.807000+00:00,42.747,48.825,38.725,161.0,131.0,False,130.297,"[None, 2048, 2048, 2048, 2048, 2048, 2048, 2048, 2048]","[2048, 2048, 2048, 2048, 2048, 2048, 2048, 2048, 2048]","[2048, 2048, 2048, 2048, 2048, 2048, 2048, 2048]",62.0
1259,10023,23,7,2025-05-02T16:43:10.142000+00:00,29.582,33.955,25.358,221.0,189.0,False,88.895,"[2049, 2049, 2048, 2049, 2049, 2049, 2049, 2049, 2049]","[2051, 2051, 2049, 2048, 2048, 2049, 2049, 2049, 2048]","[2049, 2048, 2048, 2048, 2048, 2049, 2049, 2049]",331.0
1259,10023,14,6,2025-05-02T16:43:18.090000+00:00,51.886,55.366,34.052,179.0,105.0,False,141.304,"[2048, 2048, 2048, 2048, 2048, 2048, 2048, 2048, 2048]","[2048, 2048, 2048, 2048, 2048, 2048, 2048, 2048, 2048]","[2048, 2048, 2048, 2048, 2048, 2049, 2049, 2049]",272.0
1259,10023,81,8,2025-05-02T16:43:28.669000+00:00,38.886,41.482,40.645,178.0,132.0,False,121.013,"[2048, 2048, 2048, 2048, 2048, 2048, 2048, 2048, 2048]","[2048, 2048, 2048, 2048, 2048, 2048, 2048, 2048, 2048]","[2048, 2048, 2048, 2048, 2048, 2048, 2064, 2064]",188.0
1259,10023,1,7,2025-05-02T16:43:49.669000+00:00,29.149,33.874,25.583,218.0,186.0,False,88.606,"[2049, 2049, 2048, 2048, 2049, 2051, 2051, 2051, 2049]","[2048, 2048, 2048, 2048, 2049, 2049, 2048, 2049, 2048]","[2049, 2048, 2048, 2049, 2048, 2048, 2048, 2048]",332.0
1259,10023,44,7,2025-05-02T16:43:52.909000+00:00,68.052,72.017,38.284,69.0,119.0,False,178.353,"[None, 2048, 2048, 2048, 2048, 2048, 2048, 2048, 2048]","[2048, 2048, 2048, 2048, 2048, 2048, 2048, 2048, 2048]","[2048, 2048, 2048, 2048, 2048, 2048, 2048, 2048]",95.0
1259,10023,10,8,2025-05-02T16:44:06.728000+00:00,50.689,50.41,27.94,129.0,145.0,False,129.039,"[None, 2048, 2048, 2048, 2048, 2048, 2048, 2048, 2048]","[2048, 2048, 2048, 2048, 2048, 2048, 2048, 2048, 2048]","[2048, 2048, 2048, 2048, 2048, 2048, 2048, 2048]",290.0
1259,10023,6,8,2025-05-02T16:44:07.833000+00:00,56.395,51.932,32.216,141.0,110.0,False,140.543,"[2048, 2048, 2048, 2048, 2048, 2048, 2048, 2048, 2048]","[2048, 2048, 2048, 2048, 2048, 2048, 2048, 2048, 2048]","[2048, 2048, 2048, 2048, 2048, 2048, 2048, 2049]",181.0
1259,10023,22,7,2025-05-02T16:44:16.905000+00:00,29.466,34.069,25.651,220.0,190.0,False,89.186,"[2049, 2049, 2048, 2049, 2049, 2049, 2049, 2049, 2048]","[2049, 2049, 2049, 2048, 2048, 2049, 2048, 2049, 2049]","[2049, 2049, 2048, 2049, 2048, 2049, 2049, 2049]",334.0
1259,10023,4,7,2025-05-02T16:44:23.943000+00:00,29.335,33.684,25.372,219.0,188.0,False,88.391,"[2049, 2049, 2049, 2051, 2049, 2049, 2049, 2048, 2048]","[2049, 2049, 2049, 2049, 2049, 2048, 2051, 2051, 2048]","[2049, 2049, 2049, 2049, 2051, 2048, 2049]",330.0
1259,10023,12,7,2025-05-02T16:44:27.845000+00:00,73.195,47.551,39.388,158.0,125.0,True,160.134,"[2064, 2064, 2064, 2048, 2048, 2048, 2048, 2048, 2048]","[2048, 2048, 2048, 2048, 2048, 2048, 2048, 2048, 2048]","[2048, 2048, 2048, 2048, 2048, 2048, 2048, 2049]",84.0
1259,10023,31,7,2025-05-02T16:44:30.238000+00:00,29.748,34.084,25.347,220.0,190.0,False,89.179,"[2049, 2049, 2048, 2049, 2049, 2049, 2049, 2049, 2048]","[2049, 2049, 2049, 2049, 2049, 2049, 2048, 2048, 2048]","[2049, 2049, 2049, 2049, 2048, 2049, 2049, 2049]",334.0
1259,10023,23,8,2025-05-02T16:44:39.028000+00:00,55.511,48.367,40.153,155.0,111.0,False,144.031,"[2048, 2048, 2048, 2048, 2048, 2048, 2048, 2048, 2048]","[2048, 2048, 2048, 2048, 2048, 2048, 2048, 2048, 2048]","[2048, 2048, 2048, 2048, 2048, 2048, 2064, 2064]",213.0
1259,10023,16,8,2025-05-02T16:44:42.082000+00:00,34.938,46.981,33.146,154.0,85.0,False,115.065,"[2049, 2049, 2048, 2048, 2048, 2048, 2048, 2048, 2048]","[2048, 2048, 2048, 2048, 2048, 2048, 2048, 2048, 2048]","[2048, 2048, 2048, 2048, 2048, 2048, 2048, 2048]",154.0
1259,10023,87,7,2025-05-02T16:44:45.390000+00:00,80.735,47.321,40.003,153.0,137.0,True,168.059,"[2064, 2064, 2064, 2048, 2048, 2048, 2048, 2048, 2048]","[2048, 2048, 2048, 2048, 2048, 2048, 2048, 2048, 2048]","[2048, 2048, 2048, 2048, 2048, 2048, 2049, 2049]",63.0
1259,10023,55,8,2025-05-02T16:44:53.529000+00:00,29.576,33.954,25.263,218.0,187.0,False,88.793,"[None, 2049, 2049, 2049, 2049, 2049, 2048, 2049, 2048]","[2049, 2049, 2049, 2049, 2048, 2049, 2049, 2049, 2049]","[2048, 2048, 2048, 2049, 2048, 2048, 2051]",336.0
1259,10023,18,7,2025-05-02T16:45:01.845000+00:00,30.223,34.591,25.468,215.0,188.0,False,90.282,"[2049, 2048, 2049, 2049, 2049, 2049, 2049, 2049, 2048]","[2048, 2049, 2049, 2048, 2048, 2049, 2048, 2049, 2048]","[2049, 2049, 2048, 2049, 2048, 2048, 2049, 2049]",332.0
1259,10023,30,8,2025-05-02T16:45:09.960000+00:00,49.299,41.422,27.882,183.0,150.0,False,118.603,"[None, 2048, 2048, 2048, 2048, 2048, 2048, 2048, 2048]","[2048, 2048, 2048, 2048, 2048, 2048, 2048, 2048, 2048]","[2048, 2048, 2048, 2048, 2048, 2048, 2048, 2049]",287.0
1259,10023,7,8,2025-05-02T16:45:14.147000+00:00,29.848,34.411,25.412,216.0,185.0,False,89.671,"[2049, 2049, 2048, 2049, 2051, 2048, 2049, 2048, 2049]","[2048, 2049, 2049, 2049, 2049, 2049, 2049, 2049, 2048]","[2048, 2049, 2049, 2048, 2049, 2048, 2048, 2049]",331.0
1259,10023,1,8,2025-05-02T16:45:18.245000+00:00,39.39,38.813,33.083,191.0,179.0,False,111.286,"[2048, 2048, 2048, 2048, 2048, 2048, 2048, 2048, 2048]","[2048, 2048, 2048, 2048, 2048, 2048, 2048, 2048, 2048]","[2048, 2048, 2048, 2048, 2048, 2048, 2064, 2064]",233.0
1259,10023,63,7,2025-05-02T16:45:21.828000+00:00,29.094,33.899,25.065,219.0,191.0,False,88.058,"[2051, 2048, 2049, 2049, 2049, 2049, 2049, 2049, 2051]","[2051, 2051, 2051, 2048, 2049, 2048, 2049, 2048, 2048]","[2051, 2049, 2049, 2048, 2049, 2048, 2051]",337.0
1259,10023,14,7,2025-05-02T16:45:39.443000+00:00,30.027,34.351,25.442,216.0,190.0,False,89.82,"[2049, 2048, 2049, 2049, 2049, 2049, 2049, 2049, 2048]","[2048, 2049, 2049, 2049, 2049, 2048, 2048, 2049, 2048]","[2049, 2049, 2049, 2048, 2048, 2048, 2049]",334.0
1259,10023,22,8,2025-05-02T16:45:46.080000+00:00,40.747,48.196,40.823,152.0,128.0,False,129.766,"[2048, 2048, 2048, 2048, 2048, 2048, 2048, 2048, 2048]","[2048, 2048, 2048, 2048, 2048, 2048, 2048, 2048, 2048]","[2048, 2048, 2048, 2048, 2048, 2048, 2064, 2064]",205.0
1259,10023,4,8,2025-05-02T16:45:52.181000+00:00,38.84,43.943,33.243,169.0,170.0,False,116.026,"[2048, 2048, 2048, 2048, 2048, 2048, 2048, 2048, 2048]","[2048, 2048, 2048, 2048, 2048, 2048, 2048, 2048, 2048]","[2048, 2048, 2048, 2048, 2048, 2048, 2064, 2064]",241.0
1259,10023,31,8,2025-05-02T16:45:59.281000+00:00,38.482,47.545,40.535,181.0,141.0,False,126.562,"[2048, 2048, 2048, 2048, 2048, 2048, 2048, 2048, 2048]","[2048, 2048, 2048, 2048, 2048, 2048, 2048, 2048, 2048]","[2048, 2048, 2048, 2048, 2048, 2048, 2064, 2064]",159.0
1259,10023,10,9,2025-05-02T16:46:15.783000+00:00,29.659,34.031,25.394,217.0,189.0,False,89.084,"[None, 2049, 2049, 2049, 2048, 2049, 2048, 2049, 2048]","[2048, 2048, 2049, 2048, 2048, 2049, 2049, 2048, 2049]","[2049, 2048, 2048, 2048, 2048, 2048, 2049, 2049]",331.0
1259,10023,55,9,2025-05-02T16:46:22.230000+00:00,59.59,69.072,34.823,104.0,139.0,False,163.485,"[2048, 2048, 2048, 2048, 2048, 2048, 2048, 2048, 2048]","[2048, 2048, 2048, 2048, 2048, 2048, 2048, 2048, 2048]","[2048, 2048, 2048, 2048, 2048, 2049, 2049, 2049]",267.0
1259,10023,6,9,2025-05-02T16:46:28.418000+00:00,29.497,34.056,25.451,212.0,188.0,False,89.004,"[2049, 2048, 2048, 2049, 2049, 2049, 2049, 2048, 2049]","[2048, 2048, 2048, 2049, 2049, 2048, 2049, 2049, 2049]","[2049, 2048, 2048, 2049, 2049, 2049, 2049]",329.0
1259,10023,18,8,2025-05-02T16:46:32.090000+00:00,61.779,48.919,39.396,137.0,134.0,False,150.094,"[2048, 2048, 2048, 2048, 2048, 2048, 2048, 2048, 2048]","[2048, 2048, 2048, 2048, 2048, 2048, 2048, 2048, 2048]","[2048, 2048, 2048, 2048, 2048, 2048, 2064, 2064]",196.0
1259,10023,16,9,2025-05-02T16:46:37.050000+00:00,29.368,33.987,25.503,215.0,186.0,False,88.858,"[None, 2048, 2049, 2049, 2048, 2049, 2051, 2049, 2048]","[2049, 2048, 2049, 2049, 2049, 2048, 2048, 2048, 2048]","[2048, 2048, 2048, 2049, 2048, 2048, 2049]",329.0
1259,10023,7,9,2025-05-02T16:46:43.743000+00:00,51.928,57.524,44.717,131.0,106.0,False,154.169,"[2048, 2048, 2048, 2048, 2048, 2048, 2048, 2048, 2048]","[2048, 2048, 2048, 2048, 2048, 2048, 2048, 2048, 2048]","[2048, 2048, 2048, 2048, 2048, 2048, 2048, 2048]",130.0
1259,10023,12,8,2025-05-02T16:46:45.266000+00:00,29.659,33.909,25.243,218.0,190.0,False,88.811,"[2049, 2051, 2048, 2049, 2048, 2049, 2049, 2049, 2049]","[2048, 2048, 2049, 2049, 2048, 2051, 2048, 2048, 2051]","[2048, 2048, 2048, 2049, 2049, 2048, 2049]",334.0
1259,10023,63,8,2025-05-02T16:46:49.670000+00:00,43.675,43.038,34.488,169.0,155.0,False,121.201,"[2048, 2048, 2048, 2048, 2048, 2048, 2048, 2048, 2048]","[2048, 2048, 2048, 2048, 2048, 2048, 2048, 2048, 2048]","[2048, 2048, 2048, 2048, 2048, 2048, 2064, 2064]",269.0
1259,10023,44,8,2025-05-02T16:46:51.329000+00:00,29.639,33.836,25.846,216.0,189.0,False,89.321,"[2049, 2048, 2048, 2049, 2048, 2049, 2049, 2049, 2048]","[2048, 2049, 2049, 2049, 2049, 2049, 2048, 2049, 2049]","[2049, 2049, 2048, 2048, 2048, 2049, 2049, 2049]",330.0
1259,10023,87,8,2025-05-02T16:46:55.542000+00:00,29.869,33.813,25.314,217.0,189.0,False,88.996,"[2049, 2048, 2049, 2049, 2049, 2049, 2049, 2048, 2049]","[2049, 2049, 2049, 2049, 2049, 2049, 2049, 2049, 2048]","[2049, 2049, 2049, 2048, 2049, 2049, 2049, 2049]",334.0
1259,10023,30,9,2025-05-02T16:47:08.593000+00:00,29.783,34.025,25.542,217.0,188.0,False,89.35,"[2049, 2048, 2049, 2049, 2048, 2049, 2049, 2051, 2048]","[2049, 2049, 2049, 2049, 2048, 2049, 2049, 2049, 2049]","[2049, 2048, 2048, 2049, 2048, 2049, 2049, 2049]",329.0
1259,10023,14,8,2025-05-02T16:47:09.170000+00:00,46.542,45.006,38.146,155.0,135.0,False,129.694,"[2048, 2048, 2048, 2048, 2048, 2048, 2048, 2048, 2048]","[2048, 2048, 2048, 2048, 2048, 2048, 2048, 2048, 2048]","[2048, 2048, 2048, 2048, 2048, 2048, 2064, 2064]",186.0
1259,10023,23,9,2025-05-02T16:47:23.809000+00:00,66.346,43.033,27.408,153.0,122.0,True,136.787,"[2064, 2064, 2064, 2048, 2048, 2048, 2048, 2048, 2048]","[2048, 2048, 2048, 2048, 2048, 2048, 2048, 2048, 2048]","[2048, 2048, 2048, 2048, 2048, 2048, 2049, 2049]",313.0
1259,10023,10,10,2025-05-02T16:47:44.748000+00:00,46.725,43.46,36.18,165.0,145.0,False,126.365,"[None, 2048, 2048, 2048, 2048, 2048, 2048, 2048, 2048]","[2048, 2048, 2048, 2048, 2048, 2048, 2048, 2048, 2048]","[2048, 2048, 2048, 2048, 2048, 2048, 2064, 2064]",209.0
1259,10023,6,10,2025-05-02T16:47:57.567000+00:00,54.642,49.904,30.926,131.0,121.0,False,135.472,"[2048, 2048, 2048, 2048, 2048, 2048, 2048, 2048, 2048]","[2048, 2048, 2048, 2048, 2048, 2048, 2048, 2048, 2048]","[2048, 2048, 2048, 2048, 2048, 2048, 2048, 2048]",255.0
1259,10023,16,10,2025-05-02T16:48:05.830000+00:00,39.29,42.332,42.19,178.0,118.0,False,123.812,"[2048, 2048, 2048, 2048, 2048, 2048, 2048, 2048, 2048]","[2048, 2048, 2048, 2048, 2048, 2048, 2048, 2048, 2048]","[2048, 2048, 2048, 2048, 2048, 2048, 2064, 2064]",198.0
1259,10023,12,9,2025-05-02T16:48:14.065000+00:00,53.251,53.488,43.497,137.0,118.0,False,150.236,"[2048, 2048, 2048, 2048, 2048, 2048, 2048, 2048, 2048]","[2048, 2048, 2048, 2048, 2048, 2048, 2048, 2048, 2048]","[2048, 2048, 2048, 2048, 2048, 2048, 2064, 2064]",196.0
1259,10023,44,9,2025-05-02T16:48:20.666000+00:00,59.818,97.481,33.602,61.0,97.0,False,190.901,"[2048, 2048, 2048, 2048, 2048, 2048, 2048, 2048, 2048]","[2048, 2048, 2048, 2048, 2048, 2048, 2048, 2048, 2048]","[2048, 2048, 2048, 2048, 2048, 2048, 2048, 2048]",183.0
1259,10023,87,9,2025-05-02T16:48:24.137000+00:00,39.833,40.789,34.735,192.0,160.0,False,115.357,"[2048, 2048, 2048, 2048, 2048, 2048, 2048, 2048, 2048]","[2048, 2048, 2048, 2048, 2048, 2048, 2048, 2048, 2048]","[2048, 2048, 2048, 2048, 2048, 2048, 2064, 2064]",244.0
1259,10023,30,10,2025-05-02T16:48:37.792000+00:00,37.755,40.677,36.451,186.0,147.0,False,114.883,"[2048, 2048, 2048, 2048, 2048, 2048, 2048, 2048, 2048]","[2048, 2048, 2048, 2048, 2048, 2048, 2048, 2048, 2048]","[2048, 2048, 2048, 2048, 2048, 2048, 2064, 2064]",254.0
1259,10023,55,10,2025-05-02T16:49:05.753000+00:00,35.897,44.83,28.168,162.0,153.0,False,108.895,"[2049, 2049, 2048, 2048, 2048, 2048, 2048, 2048, 2048]","[2048, 2048, 2048, 2048, 2048, 2048, 2048, 2048, 2048]","[2048, 2048, 2048, 2048, 2048, 2048, 2049, 2051]",207.0
1259,10023,7,10,2025-05-02T16:49:17.982000+00:00,45.873,51.584,29.513,151.0,162.0,False,126.97,"[None, 2048, 2048, 2048, 2048, 2048, 2048, 2048, 2048]","[2048, 2048, 2048, 2048, 2048, 2048, 2048, 2048, 2048]","[2048, 2048, 2048, 2048, 2048, 2048, 2048]",303.0
1259,10023,23,10,2025-05-02T16:49:19.885000+00:00,29.332,33.896,25.217,218.0,190.0,False,88.445,"[2049, 2049, 2049, 2049, 2049, 2048, 2049, 2049, 2049]","[2048, 2048, 2049, 2048, 2048, 2049, 2048, 2048, 2048]","[2049, 2048, 2048, 2048, 2048, 2048, 2049, 2048]",331.0
1259,10023,18,9,2025-05-02T16:49:49.532000+00:00,89.962,45.134,31.462,178.0,106.0,True,166.558,"[2064, 2064, 2064, 2048, 2048, 2048, 2048, 2048, 2048]","[2048, 2048, 2048, 2048, 2048, 2048, 2048, 2048, 2048]","[2048, 2048, 2048, 2048, 2048, 2048, 2048, 2049]",201.0
1259,10023,14,9,2025-05-02T16:49:54.914000+00:00,75.785,52.755,31.0,159.0,127.0,True,159.54,"[2064, 2064, 2064, 2048, 2048, 2048, 2048, 2048, 2048]","[2048, 2048, 2048, 2048, 2048, 2048, 2048, 2048, 2048]","[2048, 2048, 2048, 2048, 2048, 2049, 2048, 2048]",291.0
1259,10023,6,11,2025-05-02T16:50:12.991000+00:00,29.199,34.057,25.414,218.0,188.0,False,88.67,"[None, 2048, 2049, 2049, 2049, 2049, 2049, 2049, 2049]","[2049, 2049, 2049, 2049, 2049, 2048, 2049, 2048, 2048]","[2048, 2048, 2048, 2049, 2049, 2048, 2049]",329.0
1259,10023,23,11,2025-05-02T16:50:48.307000+00:00,41.814,41.687,34.788,181.0,165.0,False,118.289,"[2048, 2048, 2048, 2048, 2048, 2048, 2048, 2048, 2048]","[2048, 2048, 2048, 2048, 2048, 2048, 2048, 2048, 2048]","[2048, 2048, 2048, 2048, 2048, 2048, 2064, 2064]",273.0
1259,10023,55,11,2025-05-02T16:50:55.219000+00:00,29.299,33.742,25.27,221.0,189.0,False,88.311,"[None, 2048, 2049, 2048, 2048, 2048, 2049, 2049, 2049]","[2049, 2048, 2048, 2048, 2049, 2049, 2049, 2049, 2049]","[2048, 2048, 2048, 2048, 2048, 2048, 2048]",332.0
1259,10023,12,10,2025-05-02T16:51:09.420000+00:00,73.928,47.243,28.062,137.0,137.0,True,149.233,"[2064, 2064, 2064, 2048, 2048, 2048, 2048, 2048, 2048]","[2048, 2048, 2048, 2048, 2048, 2048, 2048, 2048, 2048]","[2048, 2048, 2048, 2048, 2048, 2048, 2049, 2051]",300.0
1259,10023,7,11,2025-05-02T16:51:25.244000+00:00,29.653,34.186,25.518,218.0,187.0,False,89.357,"[2049, 2049, 2049, 2048, 2048, 2049, 2049, 2048, 2049]","[2048, 2048, 2048, 2048, 2049, 2049, 2049, 2049, 2048]","[2049, 2048, 2048, 2048, 2048, 2048, 2048, 2049]",329.0
1259,10023,44,10,2025-05-02T16:51:31.630000+00:00,29.397,34.043,25.396,217.0,189.0,False,88.836,"[None, 2048, 2048, 2049, 2048, 2049, 2049, 2049, 2049]","[2048, 2048, 2048, 2048, 2048, 2049, 2048, 2048, 2049]","[2049, 2049, 2048, 2048, 2049, 2048, 2048, 2048]",329.0
1259,10023,6,12,2025-05-02T16:51:41.430000+00:00,33.386,40.404,32.694,194.0,169.0,False,106.484,"[None, 2048, 2048, 2048, 2048, 2048, 2048, 2048, 2048]","[2048, 2048, 2048, 2048, 2048, 2048, 2048, 2048, 2048]","[2048, 2048, 2048, 2048, 2048, 2048, 2064, 2064]",252.0
1259,10023,18,10,2025-05-02T16:51:48.758000+00:00,30.043,34.487,25.396,212.0,189.0,False,89.926,"[2049, 2048, 2049, 2049, 2049, 2049, 2049, 2051, 2048]","[2048, 2048, 2048, 2048, 2048, 2049, 2049, 2048, 2049]","[2049, 2049, 2048, 2048, 2049, 2049, 2049, 2049]",330.0
1259,10023,14,10,2025-05-02T16:51:58.520000+00:00,29.642,34.247,25.267,216.0,190.0,False,89.156,"[2048, 2048, 2049, 2049, 2049, 2049, 2049, 2049, 2048]","[2048, 2049, 2048, 2048, 2048, 2049, 2048, 2049, 2048]","[2048, 2048, 2048, 2049, 2049, 2048, 2048, 2048]",332.0
1259,10023,55,12,2025-05-02T16:52:22.961000+00:00,36.308,38.232,34.083,191.0,162.0,False,108.623,"[2048, 2048, 2048, 2048, 2048, 2048, 2048, 2048, 2048]","[2048, 2048, 2048, 2048, 2048, 2048, 2048, 2048, 2048]","[2048, 2048, 2048, 2048, 2048, 2048, 2064, 2064]",276.0
1259,10023,7,12,2025-05-02T16:52:54.293000+00:00,40.165,49.433,38.782,165.0,133.0,False,128.38,"[2048, 2048, 2048, 2048, 2048, 2048, 2048, 2048, 2048]","[2048, 2048, 2048, 2048, 2048, 2048, 2048, 2048, 2048]","[2048, 2048, 2048, 2048, 2048, 2048, 2064, 2064]",220.0
1259,10023,44,11,2025-05-02T16:53:00.294000+00:00,35.64,48.142,39.36,184.0,78.0,False,123.142,"[None, 2049, 2048, 2048, 2048, 2048, 2048, 2048, 2048]","[2048, 2048, 2048, 2048, 2048, 2048, 2048, 2048, 2048]","[2048, 2048, 2048, 2048, 2048, 2048, 2064, 2064]",213.0
1259,10023,12,11,2025-05-02T16:53:13.577000+00:00,29.226,33.847,25.154,221.0,192.0,False,88.227,"[2049, 2048, 2049, 2051, 2051, 2049, 2048, 2049, 2049]","[2051, 2051, 2051, 2049, 2048, 2048, 2049, 2048, 2048]","[2049, 2049, 2048, 2048, 2048, 2048, 2051]",334.0
1259,10023,18,11,2025-05-02T16:53:18.647000+00:00,49.822,51.134,29.96,133.0,106.0,False,130.916,"[2048, 2048, 2048, 2048, 2048, 2048, 2048, 2048, 2048]","[2048, 2048, 2048, 2048, 2048, 2048, 2048, 2048, 2048]","[2048, 2048, 2048, 2048, 2048, 2048, 2048, 2048]",235.0
1259,10023,14,11,2025-05-02T16:53:27.904000+00:00,40.77,41.245,27.793,190.0,166.0,False,109.808,"[None, 2048, 2048, 2048, 2048, 2048, 2048, 2048, 2048]","[2048, 2048, 2048, 2048, 2048, 2048, 2048, 2048, 2048]","[2048, 2048, 2048, 2048, 2048, 2048, 2048, 2048]",258.0
1259,10023,5,7,2025-05-02T16:54:12.982000+00:00,,44.148,32.588,184.0,136.0,True,873.006,"[2064, 2064, 2064, 2048, 2048, 2048, 2048, 2048, 2048]","[2048, 2048, 2048, 2048, 2048, 2048, 2048, 2048, 2048]","[2048, 2048, 2048, 2048, 2048, 2048, 2048, 2048]",163.0
1259,10023,12,12,2025-05-02T16:54:41.710000+00:00,38.032,47.271,34.092,159.0,153.0,False,119.395,"[2048, 2048, 2048, 2048, 2048, 2048, 2048, 2048, 2048]","[2048, 2048, 2048, 2048, 2048, 2048, 2048, 2048, 2048]","[2048, 2048, 2048, 2048, 2048, 2048, 2064, 2064]",240.0
1259,10023,14,12,2025-05-02T16:55:17.446000+00:00,30.77,35.148,26.08,216.0,189.0,False,91.998,"[None, 2048, 2048, 2048, 2048, 2048, 2048, 2048, 2048]","[2048, 2048, 2048, 2048, 2048, 2048, 2048, 2048, 2048]","[2048, 2048, 2048, 2048, 2048, 2048, 2048, 2048]",292.0
1259,10023,18,12,2025-05-02T16:55:29.621000+00:00,29.978,34.297,25.43,215.0,189.0,False,89.705,"[None, 2048, 2049, 2048, 2048, 2049, 2048, 2048, 2048]","[2048, 2048, 2048, 2048, 2048, 2049, 2048, 2048, 2048]","[2048, 2048, 2048, 2049, 2048, 2049, 2048]",329.0
1259,10023,30,11,2025-05-02T16:55:51.521000+00:00,,35.797,26.555,211.0,183.0,True,412.042,"[2064, 2064, 2064, 2048, 2048, 2048, 2048, 2048, 2048]","[2048, 2048, 2048, 2048, 2048, 2048, 2048, 2048, 2048]","[2048, 2048, 2048, 2048, 2048, 2048, 2048, 2048]",294.0
1259,10023,5,8,2025-05-02T16:56:05.508000+00:00,30.167,34.407,25.567,216.0,189.0,False,90.141,"[2048, 2049, 2048, 2049, 2048, 2049, 2049, 2049, 2049]","[2049, 2048, 2048, 2048, 2049, 2048, 2048, 2048, 2049]","[2048, 2048, 2048, 2048, 2049, 2048, 2048]",332.0
1259,10023,81,9,2025-05-02T16:56:15.317000+00:00,,42.721,38.426,142.0,109.0,True,766.007,"[2064, 2064, 2064, 2048, 2048, 2048, 2048, 2048, 2048]","[2048, 2048, 2048, 2048, 2048, 2048, 2048, 2048, 2048]","[2048, 2048, 2048, 2048, 2048, 2048, 2048, 2048]",79.0
1259,10023,4,9,2025-05-02T16:56:26.832000+00:00,,45.772,40.31,177.0,127.0,True,642.9,"[2064, 2064, 2064, 2048, 2048, 2048, 2048, 2048, 2048]","[2048, 2048, 2048, 2048, 2048, 2048, 2048, 2048, 2048]","[2048, 2048, 2048, 2048, 2048, 2048, 2048, 2048]",58.0
1259,10023,22,9,2025-05-02T16:56:32.422000+00:00,,35.712,26.722,196.0,175.0,True,611.895,"[2064, 2064, 2064, 2048, 2048, 2048, 2048, 2048, 2048]","[2048, 2048, 2048, 2048, 2048, 2048, 2048, 2048, 2048]","[2048, 2048, 2048, 2048, 2048, 2048, 2048, 2048]",289.0
1259,10023,14,13,2025-05-02T16:56:49.482000+00:00,30.881,35.312,25.881,210.0,189.0,False,92.074,"[None, 2048, 2048, 2048, 2048, 2048, 2048, 2048, 2048]","[2048, 2048, 2048, 2048, 2048, 2048, 2048, 2048, 2048]","[2048, 2048, 2048, 2048, 2048, 2048, 2048, 2048]",299.0
1259,10023,18,13,2025-05-02T16:56:59.620000+00:00,39.343,41.44,28.51,152.0,166.0,False,109.293,"[None, 2048, 2048, 2048, 2048, 2048, 2048, 2048, 2048]","[2048, 2048, 2048, 2048, 2048, 2048, 2048, 2048, 2048]","[2048, 2048, 2048, 2048, 2048, 2048, 2048, 2048]",231.0
1259,10023,30,12,2025-05-02T16:57:24.795000+00:00,32.042,35.46,26.392,206.0,184.0,False,93.894,"[2048, 2048, 2048, 2048, 2048, 2048, 2048, 2048, 2048]","[2048, 2048, 2048, 2048, 2048, 2048, 2048, 2048, 2048]","[2048, 2048, 2048, 2048, 2048, 2048, 2048, 2048]",296.0
1259,10023,6,13,2025-05-02T16:57:32.740000+00:00,,35.609,26.581,209.0,179.0,True,338.373,"[2064, 2064, 2064, 2048, 2048, 2048, 2048, 2048, 2048]","[2048, 2048, 2048, 2048, 2048, 2048, 2048, 2048, 2048]","[2048, 2048, 2048, 2048, 2048, 2048, 2048, 2048]",300.0
1259,10023,5,9,2025-05-02T16:57:35.509000+00:00,40.862,44.168,31.257,181.0,173.0,False,116.287,"[None, 2048, 2048, 2048, 2048, 2048, 2048, 2048, 2048]","[2048, 2048, 2048, 2048, 2048, 2048, 2048, 2048, 2048]","[2048, 2048, 2048, 2048, 2048, 2048, 2064, 2064]",303.0
1259,10023,63,9,2025-05-02T16:58:02.509000+00:00,,35.17,25.843,212.0,186.0,True,642.924,"[2064, 2064, 2064, 2048, 2048, 2048, 2048, 2048, 2048]","[2048, 2048, 2048, 2048, 2048, 2048, 2048, 2048, 2048]","[2048, 2048, 2048, 2048, 2048, 2048, 2048, 2048]",305.0
1259,10023,22,10,2025-05-02T16:58:07.886000+00:00,31.486,35.314,26.28,209.0,180.0,False,93.08,"[2048, 2048, 2048, 2048, 2048, 2048, 2048, 2048, 2048]","[2048, 2048, 2048, 2048, 2048, 2048, 2048, 2048, 2048]","[2048, 2048, 2048, 2048, 2048, 2048, 2048, 2048]",297.0
1259,10023,81,10,2025-05-02T16:58:15.934000+00:00,29.269,33.858,25.215,218.0,188.0,False,88.342,"[2049, 2048, 2049, 2048, 2049, 2049, 2049, 2051, 2049]","[2049, 2049, 2049, 2049, 2048, 2048, 2048, 2051, 2048]","[2049, 2049, 2048, 2048, 2049, 2049, 2049, 2049]",330.0
1259,10023,14,14,2025-05-02T16:58:21.553000+00:00,30.778,35.322,25.935,214.0,188.0,False,92.035,"[None, 2048, 2048, 2048, 2048, 2048, 2048, 2048, 2048]","[2048, 2049, 2048, 2048, 2048, 2048, 2048, 2048, 2048]","[2048, 2048, 2048, 2048, 2048, 2048, 2048, 2048]",300.0
1259,10023,4,10,2025-05-02T16:58:31.332000+00:00,29.987,33.629,25.324,219.0,190.0,False,88.94,"[2048, 2049, 2048, 2048, 2048, 2048, 2048, 2049, 2048]","[2049, 2049, 2049, 2049, 2049, 2048, 2048, 2048, 2048]","[2049, 2049, 2048, 2051, 2048, 2048, 2049, 2048]",329.0
1259,10023,10,11,2025-05-02T16:58:33.709000+00:00,,39.151,36.415,175.0,173.0,True,634.852,"[2064, 2064, 2064, 2048, 2048, 2048, 2048, 2048, 2048]","[2048, 2048, 2048, 2048, 2048, 2048, 2048, 2048, 2048]","[2048, 2048, 2048, 2048, 2048, 2048, 2048, 2048]",190.0
1259,10023,27,5,2025-05-02T16:58:39.628000+00:00,,43.689,39.023,208.0,177.0,True,1213.241,"[2064, 2064, 2064, 2048, 2048, 2048, 2048, 2048, 2048]","[2048, 2048, 2048, 2048, 2048, 2048, 2048, 2048, 2048]","[2048, 2048, 2048, 2048, 2048, 2048, 2048, 2048]",165.0
1259,10023,87,10,2025-05-02T16:58:40.941000+00:00,,35.858,26.035,207.0,183.0,True,596.821,"[2064, 2064, 2064, 2048, 2048, 2048, 2048, 2048, 2048]","[2048, 2048, 2048, 2048, 2048, 2048, 2048, 2048, 2048]","[2048, 2048, 2048, 2048, 2049, 2048, 2048, 2048]",315.0
1259,10023,18,14,2025-05-02T16:58:48.576000+00:00,30.219,35.14,26.259,213.0,186.0,False,91.618,"[None, 2048, 2048, 2049, 2048, 2048, 2048, 2048, 2048]","[2048, 2048, 2048, 2048, 2048, 2048, 2048, 2048, 2048]","[2048, 2048, 2048, 2048, 2048, 2048, 2048, 2048]",290.0
1259,10023,30,13,2025-05-02T16:58:58.730000+00:00,31.245,35.301,26.354,213.0,184.0,False,92.9,"[None, 2048, 2048, 2048, 2048, 2048, 2048, 2048, 2048]","[2048, 2048, 2048, 2048, 2048, 2048, 2048, 2048, 2048]","[2048, 2048, 2048, 2048, 2048, 2048, 2048, 2048]",299.0
1259,10023,6,14,2025-05-02T16:59:06.421000+00:00,33.118,35.675,26.566,183.0,183.0,False,95.359,"[2048, 2048, 2048, 2048, 2048, 2048, 2048, 2048, 2048]","[2048, 2048, 2048, 2048, 2048, 2048, 2048, 2048, 2048]","[2048, 2048, 2048, 2048, 2048, 2048, 2048, 2048]",298.0
1259,10023,23,12,2025-05-02T16:59:14.674000+00:00,,35.056,25.797,198.0,185.0,True,483.614,"[2064, 2064, 2064, 2048, 2048, 2048, 2048, 2048, 2048]","[2048, 2048, 2048, 2048, 2048, 2048, 2048, 2048, 2048]","[2048, 2048, 2048, 2048, 2048, 2048, 2048, 2048]",316.0
1259,10023,55,13,2025-05-02T16:59:20.679000+00:00,,37.562,26.088,195.0,172.0,True,406.581,"[2064, 2064, 2064, 2048, 2048, 2048, 2048, 2048, 2048]","[2048, 2048, 2048, 2048, 2048, 2048, 2048, 2048, 2048]","[2048, 2048, 2048, 2048, 2048, 2048, 2048, 2048]",311.0
1259,10023,63,10,2025-05-02T16:59:33.897000+00:00,30.343,34.816,25.922,215.0,185.0,False,91.081,"[2048, 2048, 2048, 2048, 2048, 2048, 2048, 2048, 2048]","[2048, 2048, 2048, 2048, 2048, 2048, 2048, 2048, 2048]","[2048, 2048, 2048, 2048, 2048, 2048, 2048, 2048]",307.0
1259,10023,16,11,2025-05-02T16:59:40.668000+00:00,,39.261,27.209,194.0,174.0,True,675.183,"[2064, 2064, 2064, 2048, 2048, 2048, 2048, 2048, 2048]","[2048, 2048, 2048, 2048, 2048, 2048, 2048, 2048, 2048]","[2048, 2048, 2048, 2048, 2048, 2048, 2048, 0]",303.0
1259,10023,22,11,2025-05-02T16:59:40.856000+00:00,31.616,35.308,26.37,210.0,182.0,False,93.294,"[None, 2048, 2048, 2048, 2048, 2048, 2048, 2048, 2048]","[2048, 2048, 2048, 2048, 2048, 2048, 2048, 2048, 2048]","[2048, 2048, 2048, 2048, 2048, 2048, 2048, 2048]",295.0
1259,10023,81,11,2025-05-02T16:59:44.157000+00:00,45.266,40.526,36.657,177.0,140.0,False,122.449,"[2048, 2048, 2048, 2048, 2048, 2048, 2048, 2048, 2048]","[2048, 2048, 2048, 2048, 2048, 2048, 2048, 2048, 2048]","[2048, 2048, 2048, 2048, 2048, 2048, 2064, 2064]",239.0
1259,10023,5,10,2025-05-02T16:59:52.910000+00:00,56.556,35.688,25.908,207.0,187.0,True,118.152,"[2064, 2064, 2064, 2048, 2048, 2048, 2048, 2048, 2048]","[2048, 2048, 2048, 2048, 2048, 2048, 2048, 2048, 2048]","[2048, 2048, 2048, 2048, 2048, 2048, 2049, 2048]",308.0
1259,10023,14,15,2025-05-02T16:59:53.609000+00:00,30.721,35.516,26.004,,187.0,False,92.241,"[None, 2048, 2048, 2048, 2048, 2048, 2048, 2048, 2048]","[2048, 2049, 2048, 2048, 2048, 2048, 2048, 2048, 2048]","[2048, 2048, 2048, 2048, 2048, 2048, 2048]",315.0
1259,10023,4,11,2025-05-02T17:00:00.195000+00:00,50.657,60.399,36.071,144.0,125.0,False,147.127,"[None, 2048, 2048, 2048, 2048, 2048, 2048, 2048, 2048]","[2048, 2048, 2048, 2048, 2048, 2048, 2048, 2048, 2048]","[2048, 2048, 2048, 2048, 2048, 2048, 2049, 2049]",128.0
1259,10023,87,11,2025-05-02T17:00:16.476000+00:00,31.146,34.844,26.131,214.0,185.0,False,92.121,"[2048, 2048, 2048, 2048, 2048, 2048, 2048, 2048, 2048]","[2048, 2048, 2048, 2048, 2048, 2048, 2049, 2048, 2049]","[2048, 2048, 2048, 2048, 2049, 2048, 2048, 2048]",305.0
1259,10023,18,15,2025-05-02T17:00:20.184000+00:00,30.764,35.502,25.77,212.0,185.0,False,92.036,"[None, 2048, 2048, 2048, 2048, 2048, 2048, 2048, 2048]","[2048, 2048, 2048, 2048, 2048, 2048, 2048, 2048, 2048]","[2048, 2048, 2048, 2048, 2048, 2048, 2048, 2048]",316.0
1259,10023,10,12,2025-05-02T17:00:26.153000+00:00,29.74,34.061,25.356,216.0,185.0,False,89.157,"[2048, 2048, 2049, 2048, 2048, 2048, 2048, 2048, 2049]","[2048, 2049, 2049, 2049, 2048, 2048, 2048, 2048, 2048]","[2048, 2049, 2049, 2048, 2048, 2048, 2049]",333.0
1259,10023,1,9,2025-05-02T17:00:30.285000+00:00,,35.118,28.527,212.0,183.0,True,903.407,"[2064, 2064, 2064, 2048, 2048, 2048, 2048, 2048, 2048]","[2048, 2048, 2048, 2048, 2048, 2048, 2048, 2048, 2048]","[2048, 2048, 2048, 2048, 2048, 2048, 2048, 2048]",201.0
1259,10023,30,14,2025-05-02T17:00:31.628000+00:00,31.124,35.397,26.322,212.0,184.0,False,92.843,"[None, 2048, 2048, 2048, 2048, 2048, 2048, 2048, 2048]","[2048, 2048, 2048, 2048, 2048, 2048, 2048, 2048, 2048]","[2048, 2048, 2048, 2048, 2048, 2048, 2048, 2048]",299.0
1259,10023,27,6,2025-05-02T17:00:36.839000+00:00,29.926,34.437,25.387,216.0,188.0,False,89.75,"[2049, 2048, 2049, 2049, 2049, 2049, 2049, 2049, 2049]","[2048, 2049, 2049, 2049, 2048, 2049, 2049, 2049, 2048]","[2049, 2049, 2049, 2049, 2049, 2049, 2049]",334.0
1259,10023,6,15,2025-05-02T17:00:41.906000+00:00,30.897,35.795,26.378,210.0,182.0,False,93.07,"[None, 2048, 2048, 2048, 2048, 2048, 2048, 2048, 2048]","[2048, 2048, 2048, 2048, 2048, 2048, 2048, 2048, 2048]","[2048, 2048, 2048, 2048, 2048, 2048, 2048, 2048]",308.0
1259,10023,23,13,2025-05-02T17:00:50.332000+00:00,30.576,34.385,25.561,217.0,187.0,False,90.522,"[2048, 2048, 2048, 2048, 2048, 2048, 2048, 2048, 2048]","[2048, 2048, 2048, 2048, 2048, 2048, 2048, 2048, 2048]","[2048, 2048, 2048, 2048, 2048, 2048, 2048, 2048]",317.0
1259,10023,55,14,2025-05-02T17:00:58.284000+00:00,30.322,34.71,25.558,216.0,186.0,False,90.59,"[2048, 2048, 2048, 2048, 2048, 2048, 2048, 2048, 2048]","[2048, 2048, 2048, 2048, 2048, 2048, 2048, 2048, 2048]","[2048, 2048, 2048, 2048, 2049, 2048, 2048, 2048]",318.0
1259,10023,63,11,2025-05-02T17:01:04.946000+00:00,30.819,34.926,25.917,213.0,186.0,False,91.662,"[None, 2048, 2048, 2048, 2048, 2048, 2048, 2048, 2048]","[2048, 2048, 2048, 2048, 2048, 2048, 2048, 2048, 2048]","[2048, 2048, 2048, 2048, 2048, 2048, 2048, 2048]",314.0
1259,10023,22,12,2025-05-02T17:01:14.128000+00:00,31.479,35.331,26.291,,179.0,False,93.101,"[None, 2048, 2048, 2048, 2048, 2048, 2048, 2048, 2048]","[2048, 2048, 2048, 2048, 2048, 2048, 2048, 2048, 2048]","[2048, 2048, 2048, 2048, 2048, 2048, 2048, 2048]",303.0
1259,10023,16,12,2025-05-02T17:01:25.313000+00:00,29.398,33.845,25.153,218.0,191.0,False,88.396,"[2049, 2048, 2048, 2048, 2049, 2049, 2051, 2049, 2048]","[2049, 2049, 2049, 2049, 2049, 2048, 2049, 2048, 2048]","[2049, 2049, 2049, 2048, 2049, 2048, 2049, 2049]",332.0
1259,10023,14,16,2025-05-02T17:01:26.345000+00:00,39.966,39.53,35.376,216.0,188.0,False,114.872,"[None, 2048, 2048, 2048, 2048, 2048, 2048, 2048, 2048]","[2048, 2048, 2048, 2048, 2048, 2048, 2048, 2048, 2048]","[2049, 2048, 2048, 2048, 2048, 2048, 2064, 2064]",170.0
1259,10023,5,11,2025-05-02T17:01:30.084000+00:00,30.766,35.276,25.964,213.0,188.0,False,92.006,"[2048, 2048, 2048, 2049, 2049, 2048, 2048, 2048, 2048]","[2048, 2048, 2048, 2048, 2048, 2048, 2048, 2048, 2048]","[2048, 2048, 2048, 2048, 2048, 2048, 2048, 2048]",308.0
1259,10023,12,13,2025-05-02T17:01:44.706000+00:00,,35.316,26.309,212.0,183.0,True,396.996,"[2064, 2064, 2064, 2048, 2048, 2048, 2048, 2048, 2048]","[2048, 2048, 2048, 2048, 2048, 2048, 2048, 2048, 2048]","[2048, 2048, 2048, 2048, 2048, 2048, 2048, 2048]",310.0
1259,10023,87,12,2025-05-02T17:01:48.586000+00:00,30.918,35.007,26.062,213.0,184.0,False,91.987,"[None, 2048, 2048, 2048, 2048, 2048, 2048, 2048, 2048]","[2048, 2048, 2048, 2048, 2048, 2048, 2048, 2048, 2048]","[2048, 2048, 2048, 2048, 2049, 2048, 2048, 2048]",305.0
1259,10023,18,16,2025-05-02T17:01:52.291000+00:00,30.382,35.231,25.771,211.0,186.0,False,91.384,"[None, 2048, 2048, 2048, 2049, 2048, 2048, 2048, 2048]","[2048, 2048, 2048, 2048, 2048, 2048, 2048, 2048, 2048]","[2048, 2048, 2048, 2048, 2048, 2048, 2048, 2048]",316.0
1259,10023,31,9,2025-05-02T17:01:53.796000+00:00,,43.93,46.976,170.0,138.0,True,958.764,"[2064, 2064, 2064, 2048, 2048, 2048, 2048, 2048, 2048]","[2048, 2048, 2048, 2048, 2048, 2048, 2048, 2048, 2048]","[2048, 2048, 2048, 2048, 2048, 2048, 2048, 2048]",117.0
1259,10023,10,13,2025-05-02T17:01:55.384000+00:00,46.729,51.866,36.246,131.0,135.0,False,134.841,"[None, 2048, 2048, 2048, 2048, 2048, 2048, 2048, 2048]","[2048, 2048, 2048, 2048, 2048, 2048, 2048, 2048, 2048]","[2048, 2048, 2048, 2048, 2048, 2048, 2048, 2048]",222.0
1259,10023,7,13,2025-05-02T17:01:58.475000+00:00,,52.439,29.093,170.0,166.0,True,536.181,"[2064, 2064, 2064, 2048, 2048, 2048, 2048, 2048, 2048]","[2048, 2048, 2048, 2048, 2048, 2048, 2048, 2048, 2048]","[2048, 2048, 2048, 2048, 2048, 2048, 2048]",275.0
1259,10023,30,15,2025-05-02T17:02:04.412000+00:00,31.118,35.319,26.071,,184.0,False,92.508,"[None, 2048, 2048, 2048, 2048, 2048, 2048, 2048, 2048]","[2048, 2049, 2048, 2048, 2048, 2048, 2048, 2048, 2048]","[2048, 2048, 2048, 2048, 2048, 2048, 2048, 2048]",303.0
1259,10023,81,12,2025-05-02T17:02:05.419000+00:00,75.211,49.194,54.83,155.0,105.0,True,179.235,"[2064, 2064, 2064, 2048, 2048, 2048, 2048, 2048, 2048]","[2048, 2048, 2048, 2048, 2048, 2048, 2048, 2048, 2048]","[2048, 2048, 2048, 2048, 2048, 2048, 2048, 2048]",185.0
1259,10023,27,7,2025-05-02T17:02:06.425000+00:00,47.923,54.228,45.863,144.0,138.0,False,148.014,"[2048, 2048, 2048, 2048, 2048, 2048, 2048, 2048, 2048]","[2048, 2048, 2048, 2048, 2048, 2048, 2048, 2048, 2048]","[2048, 2048, 2048, 2048, 2048, 2048, 2064, 2064]",152.0
1259,10023,1,10,2025-05-02T17:02:12.954000+00:00,30.684,35.089,26.196,207.0,183.0,False,91.969,"[2048, 2048, 2048, 2048, 2048, 2048, 2048, 2048, 2048]","[2048, 2048, 2048, 2048, 2048, 2048, 2048, 2048, 2048]","[2048, 2048, 2048, 2048, 2048, 2048, 2048, 2048]",301.0
1259,10023,6,16,2025-05-02T17:02:14.869000+00:00,30.906,35.305,26.194,211.0,184.0,False,92.405,"[None, 2048, 2048, 2048, 2048, 2048, 2048, 2048, 2048]","[2048, 2048, 2048, 2048, 2048, 2048, 2048, 2048, 2048]","[2048, 2049, 2048, 2048, 2048, 2048, 2048, 2048]",306.0
1259,10023,23,14,2025-05-02T17:02:20.823000+00:00,30.678,34.659,25.606,216.0,186.0,False,90.943,"[None, 2048, 2048, 2048, 2048, 2048, 2048, 2048, 2048]","[2048, 2048, 2048, 2048, 2048, 2048, 2048, 2048, 2048]","[2048, 2048, 2048, 2048, 2048, 2048, 2048]",315.0
1259,10023,4,12,2025-05-02T17:02:27.355000+00:00,29.385,33.729,28.432,219.0,189.0,False,91.546,"[2049, 2048, 2048, 2048, 2049, 2048, 2049, 2048, 2048]","[2049, 2049, 2049, 2049, 2048, 2048, 2048, 2048, 2048]","[2049, 2049, 2049, 2048, 2048, 2048, 2048]",314.0
1259,10023,55,15,2025-05-02T17:02:28.791000+00:00,30.567,34.811,26.178,214.0,183.0,False,91.556,"[None, 2048, 2048, 2048, 2048, 2048, 2048, 2048, 2048]","[2048, 2048, 2048, 2048, 2048, 2048, 2048, 2048, 2048]","[2048, 2048, 2048, 2048, 2048, 2048, 2048, 2048]",320.0
1259,10023,63,12,2025-05-02T17:02:36.612000+00:00,30.598,35.012,25.955,,185.0,False,91.565,"[None, 2048, 2048, 2048, 2048, 2048, 2048, 2048, 2048]","[2048, 2048, 2048, 2048, 2048, 2048, 2048, 2048, 2048]","[2048, 2048, 2048, 2048, 2048, 2048, 2048, 2048]",314.0
1259,10023,22,13,2025-05-02T17:02:47.217000+00:00,31.343,35.39,26.285,211.0,180.0,False,93.018,"[None, 2048, 2048, 2048, 2048, 2048, 2048, 2048, 2048]","[2048, 2048, 2048, 2048, 2048, 2048, 2048, 2048, 2048]","[2048, 2048, 2048, 2048, 2048, 2048, 2048, 2048]",306.0
1259,10023,16,13,2025-05-02T17:02:53.313000+00:00,53.637,61.413,27.779,106.0,136.0,False,142.829,"[2048, 2048, 2048, 2048, 2048, 2048, 2048, 2048, 2048]","[2048, 2048, 2048, 2048, 2048, 2048, 2048, 2048, 2048]","[2048, 2048, 2048, 2048, 2048, 2048, 2048, 2048]",306.0
1259,10023,5,12,2025-05-02T17:03:02.248000+00:00,30.964,35.457,25.981,209.0,185.0,False,92.402,"[None, 2048, 2048, 2048, 2048, 2048, 2048, 2049, 2048]","[2048, 2048, 2048, 2048, 2048, 2048, 2048, 2048, 2048]","[2048, 2048, 2048, 2048, 2048, 2048, 2048, 2048]",306.0
1259,10023,12,14,2025-05-02T17:03:18.277000+00:00,31.089,35.131,26.189,,182.0,False,92.409,"[2048, 2048, 2048, 2048, 2048, 2048, 2048, 2048, 2048]","[2048, 2048, 2048, 2048, 2048, 2048, 2048, 2048, 2048]","[2048, 2048, 2048, 2048, 2048, 2048, 2048, 2048]",312.0
1259,10023,87,13,2025-05-02T17:03:20.608000+00:00,30.985,34.964,26.069,216.0,184.0,False,92.018,"[None, 2048, 2048, 2048, 2048, 2048, 2048, 2048, 2048]","[2048, 2048, 2048, 2048, 2048, 2048, 2048, 2048, 2048]","[2048, 2048, 2048, 2048, 2048, 2048, 2048, 2048]",311.0
1259,10023,18,17,2025-05-02T17:03:23.673000+00:00,34.924,41.151,37.058,197.0,155.0,False,113.133,"[None, 2048, 2048, 2048, 2048, 2048, 2048, 2048, 2048]","[2048, 2048, 2048, 2048, 2048, 2048, 2048, 2048, 2048]","[2048, 2048, 2048, 2048, 2048, 2048, 2064, 2064]",200.0
1259,10023,30,16,2025-05-02T17:03:36.911000+00:00,31.042,35.37,26.0,214.0,185.0,False,92.412,"[None, 2048, 2048, 2048, 2048, 2048, 2048, 2048, 2048]","[2048, 2049, 2048, 2048, 2048, 2048, 2048, 2048, 2048]","[2048, 2049, 2048, 2048, 2048, 2048, 2048, 2048]",303.0
1259,10023,1,11,2025-05-02T17:03:44.978000+00:00,30.726,35.094,26.033,209.0,182.0,False,91.853,"[None, 2048, 2048, 2048, 2048, 2048, 2048, 2048, 2048]","[2048, 2048, 2048, 2048, 2048, 2048, 2048, 2048, 2048]","[2048, 2049, 2049, 2048, 2048, 2048, 2048, 2048]",335.0
1259,10023,6,17,2025-05-02T17:03:47.233000+00:00,30.744,35.461,26.084,213.0,184.0,False,92.289,"[None, 2048, 2048, 2048, 2048, 2048, 2048, 2048, 2048]","[2048, 2049, 2048, 2048, 2048, 2048, 2048, 2048, 2048]","[2048, 2048, 2048, 2048, 2048, 2048, 2048, 2048]",310.0
1259,10023,23,15,2025-05-02T17:03:51.653000+00:00,30.562,34.791,25.641,213.0,184.0,False,90.994,"[None, 2048, 2048, 2048, 2048, 2048, 2048, 2048, 2048]","[2048, 2048, 2048, 2048, 2048, 2048, 2048, 2048, 2048]","[2048, 2048, 2048, 2048, 2048, 2048, 2048, 2048]",322.0
1259,10023,4,13,2025-05-02T17:03:58.952000+00:00,34.323,39.745,25.582,215.0,189.0,False,99.65,"[2048, 2048, 2048, 2048, 2048, 2048, 2048, 2048, 2048]","[2048, 2048, 2048, 2048, 2048, 2048, 2048, 2048, 2048]","[2048, 2048, 2048, 2048, 2048, 2048, 2048, 2048]",314.0
1259,10023,7,14,2025-05-02T17:03:58.967000+00:00,30.207,35.313,25.99,216.0,184.0,False,91.51,"[2048, 2048, 2048, 2048, 2048, 2048, 2048, 2048, 2048]","[2048, 2048, 2048, 2048, 2048, 2048, 2048, 2048, 2048]","[2048, 2048, 2048, 2048, 2048, 2048, 2048, 2048]",315.0
1259,10023,55,16,2025-05-02T17:04:00.433000+00:00,30.804,34.952,28.299,216.0,185.0,False,94.055,"[None, 2048, 2048, 2048, 2048, 2048, 2048, 2048, 2048]","[2048, 2048, 2048, 2048, 2048, 2048, 2048, 2048, 2048]","[2048, 2048, 2048, 2048, 2048, 2048, 2048, 2048]",296.0
1259,10023,31,10,2025-05-02T17:04:04.711000+00:00,30.305,34.502,25.667,216.0,187.0,False,90.474,"[2048, 2048, 2048, 2048, 2048, 2048, 2048, 2048, 2048]","[2048, 2048, 2048, 2048, 2049, 2048, 2048, 2048, 2048]","[2048, 2048, 2048, 2048, 2048, 2048, 2048, 2048]",333.0
1259,10023,63,13,2025-05-02T17:04:08.247000+00:00,30.76,35.343,25.727,215.0,184.0,False,91.83,"[None, 2048, 2048, 2048, 2048, 2048, 2048, 2048, 2048]","[2048, 2048, 2048, 2048, 2048, 2048, 2048, 2048, 2048]","[2048, 2048, 2049, 2048, 2048, 2048, 2048, 2048]",328.0
1259,10023,10,14,2025-05-02T17:04:10.095000+00:00,49.733,47.858,33.275,139.0,121.0,False,130.866,"[None, 2048, 2048, 2048, 2048, 2048, 2048, 2048, 2048]","[2048, 2048, 2048, 2048, 2048, 2048, 2048, 2048, 2048]","[2048, 2048, 2048, 2048, 2048, 2048, 2048, 2048]",76.0
1259,10023,14,17,2025-05-02T17:04:11.612000+00:00,82.521,35.562,25.885,214.0,187.0,True,143.968,"[2064, 2064, 2064, 2048, 2048, 2048, 2048, 2048, 2048]","[2048, 2049, 2048, 2048, 2048, 2048, 2048, 2048, 2048]","[2048, 2048, 2048, 2048, 2048, 2048, 2048, 2048]",317.0
1259,10023,22,14,2025-05-02T17:04:20.349000+00:00,31.31,35.574,26.277,210.0,180.0,False,93.161,"[None, 2048, 2048, 2048, 2048, 2048, 2048, 2048, 2048]","[2048, 2048, 2048, 2048, 2048, 2048, 2048, 2048, 2048]","[2048, 2048, 2048, 2048, 2048, 2048, 2048, 2048]",310.0
1259,10023,44,12,2025-05-02T17:04:33.249000+00:00,,46.165,30.754,162.0,135.0,True,694.09,"[2064, 2064, 2064, 2048, 2048, 2048, 2048, 2048, 2048]","[2048, 2048, 2048, 2048, 2048, 2048, 2048, 2048, 2048]","[2048, 2048, 2048, 2048, 2048, 2048, 2048, 2048]",225.0
1259,10023,5,13,2025-05-02T17:04:34.608000+00:00,30.806,36.082,25.889,213.0,186.0,False,92.777,"[None, 2048, 2048, 2048, 2048, 2049, 2048, 2048, 2048]","[2048, 2048, 2048, 2048, 2048, 2048, 2048, 2048, 2048]","[2048, 2048, 2048, 2048, 2048, 2048, 2049, 2048]",316.0
1259,10023,81,13,2025-05-02T17:04:45.834000+00:00,29.501,34.023,25.329,219.0,188.0,False,88.853,"[2049, 2048, 2048, 2049, 2049, 2049, 2048, 2048, 2048]","[2049, 2048, 2048, 2048, 2049, 2048, 2051, 2048, 2048]","[2049, 2049, 2049, 2048, 2048, 2048, 2048, 2048]",334.0
1259,10023,12,15,2025-05-02T17:04:50.633000+00:00,30.564,35.263,25.944,213.0,182.0,False,91.771,"[None, 2048, 2048, 2048, 2048, 2048, 2048, 2048, 2048]","[2048, 2048, 2048, 2048, 2048, 2048, 2048, 2048, 2048]","[2048, 2048, 2048, 2048, 2048, 2048, 2048, 2048]",322.0
1259,10023,87,14,2025-05-02T17:04:52.528000+00:00,30.809,35.292,26.039,213.0,183.0,False,92.14,"[None, 2048, 2048, 2048, 2048, 2048, 2048, 2048, 2048]","[2048, 2048, 2048, 2048, 2048, 2048, 2048, 2048, 2048]","[2048, 2048, 2048, 2048, 2048, 2048, 2048, 2048]",312.0
1259,10023,30,17,2025-05-02T17:05:09.328000+00:00,30.926,35.365,25.947,,185.0,False,92.238,"[None, 2048, 2048, 2048, 2048, 2048, 2048, 2048, 2048]","[2048, 2049, 2048, 2048, 2048, 2048, 2048, 2048, 2048]","[2048, 2048, 2048, 2048, 2048, 2048, 2049, 2048]",308.0
1259,10023,16,14,2025-05-02T17:05:16.195000+00:00,29.375,34.205,26.127,219.0,189.0,False,89.707,"[2049, 2048, 2048, 2048, 2049, 2049, 2048, 2049, 2048]","[2049, 2049, 2049, 2049, 2048, 2048, 2048, 2048, 2048]","[2048, 2048, 2048, 2048, 2048, 2048, 2048, 2048]",307.0
1259,10023,1,12,2025-05-02T17:05:16.833000+00:00,30.957,35.415,26.155,208.0,182.0,False,92.527,"[None, 2048, 2048, 2048, 2048, 2048, 2048, 2048, 2048]","[2048, 2048, 2048, 2048, 2048, 2048, 2048, 2048, 2048]","[2048, 2048, 2048, 2048, 2048, 2048, 2048, 2048]",309.0
1259,10023,6,18,2025-05-02T17:05:19.608000+00:00,30.903,35.431,26.128,212.0,183.0,False,92.462,"[None, 2048, 2048, 2048, 2048, 2048, 2048, 2048, 2048]","[2048, 2048, 2048, 2048, 2048, 2048, 2048, 2048, 2048]","[2048, 2048, 2048, 2048, 2048, 2048, 2048, 2048]",315.0
1259,10023,23,16,2025-05-02T17:05:22.734000+00:00,30.904,34.814,25.643,212.0,185.0,False,91.361,"[None, 2048, 2048, 2048, 2048, 2048, 2048, 2048, 2048]","[2048, 2048, 2048, 2048, 2048, 2048, 2048, 2048, 2048]","[2048, 2048, 2048, 2048, 2048, 2048, 2048, 2048]",319.0
1259,10023,7,15,2025-05-02T17:05:30.484000+00:00,30.948,35.215,25.808,215.0,186.0,False,91.971,"[None, 2048, 2048, 2048, 2048, 2048, 2048, 2048, 2048]","[2048, 2049, 2048, 2048, 2048, 2048, 2048, 2048, 2048]","[2048, 2048, 2048, 2048, 2049, 2048, 2048, 2048]",310.0
1259,10023,55,17,2025-05-02T17:05:34.385000+00:00,30.734,34.771,25.648,214.0,185.0,False,91.153,"[None, 2048, 2048, 2048, 2048, 2048, 2048, 2048, 2048]","[2048, 2048, 2048, 2048, 2048, 2048, 2048, 2048, 2048]","[2048, 2048, 2048, 2048, 2048, 2048, 2048, 2048]",320.0
1259,10023,31,11,2025-05-02T17:05:35.149000+00:00,43.68,57.967,44.49,152.0,109.0,False,146.137,"[None, 2048, 2048, 2048, 2048, 2048, 2048, 2048, 2048]","[2048, 2048, 2048, 2048, 2048, 2048, 2048, 2048, 2048]","[2048, 2048, 2048, 2048, 2048, 2048, 2048, 2048]",121.0
1259,10023,4,14,2025-05-02T17:05:38.523000+00:00,30.11,34.668,25.572,,190.0,False,90.35,"[None, 2048, 2048, 2048, 2049, 2048, 2048, 2048, 2048]","[2048, 2049, 2048, 2048, 2048, 2048, 2048, 2048, 2048]","[2049, 2048, 2048, 2048, 2048, 2048, 2048, 2048]",300.0
1259,10023,63,14,2025-05-02T17:05:40.051000+00:00,31.014,35.296,25.82,210.0,184.0,False,92.13,"[None, 2048, 2048, 2048, 2048, 2048, 2048, 2048, 2048]","[2048, 2048, 2048, 2048, 2048, 2048, 2048, 2048, 2048]","[2048, 2048, 2048, 2048, 2048, 2048, 2048, 2048]",317.0
1259,10023,14,18,2025-05-02T17:05:44.749000+00:00,31.075,35.741,35.725,212.0,187.0,False,102.541,"[2048, 2048, 2048, 2048, 2048, 2048, 2048, 2048, 2048]","[2048, 2048, 2048, 2048, 2048, 2048, 2048, 2048, 2048]","[2048, 2048, 2048, 2048, 2048, 2048, 2064, 2064]",198.0
1259,10023,22,15,2025-05-02T17:05:53.396000+00:00,31.46,35.602,26.107,211.0,181.0,False,93.169,"[None, 2048, 2048, 2048, 2048, 2048, 2048, 2048, 2048]","[2048, 2048, 2048, 2048, 2048, 2048, 2048, 2048, 2048]","[2048, 2048, 2048, 2048, 2048, 2048]",307.0
1259,10023,5,14,2025-05-02T17:06:07.348000+00:00,30.542,35.802,25.934,216.0,186.0,False,92.278,"[None, 2049, 2048, 2048, 2048, 2048, 2048, 2048, 2048]","[2049, 2048, 2048, 2048, 2048, 2048, 2048, 2048, 2048]","[2048, 2048, 2048, 2048, 2048, 2048, 2048, 2048]",311.0
1259,10023,81,14,2025-05-02T17:06:14.754000+00:00,30.708,34.802,25.812,217.0,189.0,False,91.322,"[2048, 2048, 2048, 2048, 2048, 2048, 2048, 2048, 2048]","[2048, 2048, 2048, 2048, 2048, 2048, 2048, 2048, 2048]","[2049, 2048, 2048, 2048, 2048, 2048, 2048, 2048]",310.0
1259,10023,10,15,2025-05-02T17:06:20.923000+00:00,29.567,34.244,25.354,214.0,188.0,False,89.165,"[None, 2048, 2049, 2049, 2049, 2049, 2049, 2048, 2048]","[2048, 2048, 2048, 2048, 2048, 2048, 2048, 2048, 2048]","[2048, 2049, 2049, 2048, 2048, 2048, 2048, 2048]",336.0
1259,10023,12,16,2025-05-02T17:06:22.386000+00:00,30.797,35.361,25.989,212.0,184.0,False,92.147,"[None, 2048, 2048, 2048, 2048, 2048, 2048, 2048, 2048]","[2048, 2048, 2048, 2048, 2048, 2048, 2048, 2048, 2048]","[2048, 2048, 2048, 2049, 2048, 2048, 2048, 2048]",323.0
1259,10023,87,15,2025-05-02T17:06:24.623000+00:00,30.91,35.203,25.937,212.0,185.0,False,92.05,"[None, 2048, 2048, 2048, 2048, 2048, 2048, 2048, 2048]","[2048, 2048, 2048, 2048, 2048, 2048, 2048, 2048, 2048]","[2048, 2048, 2048, 2048, 2048, 2048, 2048, 2048]",314.0
1259,10023,44,13,2025-05-02T17:06:37.635000+00:00,29.316,34.108,25.132,218.0,191.0,False,88.556,"[2049, 2051, 2049, 2048, 2049, 2049, 2048, 2051, 2048]","[2049, 2049, 2049, 2048, 2048, 2048, 2048, 2048, 2048]","[2049, 2049, 2049, 2048, 2049, 2048, 2049, 2049]",333.0
1259,10023,30,18,2025-05-02T17:06:41.541000+00:00,30.986,35.757,33.1,211.0,176.0,False,99.843,"[None, 2048, 2048, 2048, 2048, 2048, 2048, 2048, 2048]","[2048, 2048, 2048, 2048, 2048, 2048, 2048, 2048, 2048]","[2048, 2048, 2048, 2048, 2048, 2048, 2064, 2064]",222.0
1259,10023,16,15,2025-05-02T17:06:45.916000+00:00,30.659,35.407,26.019,213.0,183.0,False,92.085,"[2048, 2048, 2048, 2048, 2048, 2048, 2048, 2048, 2048]","[2048, 2048, 2048, 2048, 2048, 2048, 2048, 2048, 2048]","[2048, 2048, 2048, 2048, 2048, 2048, 2048, 2048]",306.0
1259,10023,1,13,2025-05-02T17:06:49.318000+00:00,30.816,35.482,26.1,207.0,182.0,False,92.398,"[None, 2048, 2048, 2048, 2048, 2048, 2048, 2048, 2048]","[2048, 2048, 2048, 2048, 2048, 2048, 2048, 2048, 2048]","[2048, 2048, 2048, 2048, 2048, 2048, 2048, 2048]",311.0
1259,10023,6,19,2025-05-02T17:06:52.074000+00:00,30.934,35.683,26.28,,183.0,False,92.897,"[None, 2048, 2048, 2048, 2048, 2048, 2048, 2048, 2048]","[2048, 2048, 2048, 2048, 2048, 2048, 2048, 2048, 2048]","[2048, 2048, 2048, 2048, 2048, 2048, 2048, 2048]",306.0
1259,10023,23,17,2025-05-02T17:06:54.046000+00:00,30.831,35.085,25.526,210.0,185.0,False,91.442,"[None, 2048, 2048, 2048, 2048, 2048, 2048, 2048, 2048]","[2048, 2048, 2048, 2048, 2048, 2048, 2048, 2048, 2048]","[2048, 2049, 2051, 2048, 2048, 2048, 2048, 2048]",338.0
1259,10023,7,16,2025-05-02T17:07:02.314000+00:00,30.73,35.149,25.734,212.0,185.0,False,91.613,"[None, 2048, 2048, 2048, 2048, 2048, 2048, 2048, 2048]","[2048, 2048, 2048, 2048, 2048, 2048, 2048, 2048, 2048]","[2048, 2048, 2048, 2048, 2048, 2048, 2048, 2048]",313.0
1259,10023,55,18,2025-05-02T17:07:05.508000+00:00,30.584,34.92,25.816,215.0,185.0,False,91.32,"[None, 2048, 2048, 2048, 2048, 2048, 2048, 2048, 2048]","[2048, 2048, 2048, 2048, 2048, 2048, 2048, 2048, 2048]","[2048, 2048, 2048, 2048, 2048, 2048, 2048, 2048]",324.0
1259,10023,4,15,2025-05-02T17:07:08.942000+00:00,30.06,34.466,25.448,217.0,189.0,False,89.974,"[None, 2048, 2048, 2048, 2049, 2048, 2048, 2048, 2048]","[2049, 2048, 2048, 2048, 2048, 2048, 2048, 2048, 2048]","[2049, 2048, 2048, 2048, 2048, 2048, 2049, 2048]",309.0
1259,10023,63,15,2025-05-02T17:07:12.234000+00:00,31.313,35.261,25.905,212.0,184.0,False,92.479,"[None, 2048, 2048, 2048, 2048, 2048, 2048, 2048, 2048]","[2048, 2048, 2048, 2048, 2048, 2048, 2048, 2048, 2048]","[2048, 2048, 2048, 2048, 2048, 2048, 2048, 2048]",315.0
1259,10023,22,16,2025-05-02T17:07:26.711000+00:00,31.128,35.57,26.119,212.0,182.0,False,92.817,"[None, 2048, 2048, 2048, 2048, 2048, 2048, 2048, 2048]","[2048, 2048, 2048, 2048, 2048, 2048, 2048, 2048, 2048]","[2048, 2048, 2048, 2048, 2048, 2048, 2048, 2048]",310.0
1259,10023,5,15,2025-05-02T17:07:39.574000+00:00,30.737,35.353,25.799,215.0,187.0,False,91.889,"[None, 2048, 2048, 2048, 2049, 2048, 2049, 2048, 2048]","[2049, 2049, 2048, 2048, 2048, 2048, 2048, 2048, 2048]","[2049, 2049, 2048, 2048, 2048, 2048, 2049, 2049]",313.0
1259,10023,81,15,2025-05-02T17:07:45.998000+00:00,30.278,34.603,25.673,218.0,189.0,False,90.554,"[None, 2048, 2048, 2048, 2049, 2048, 2048, 2048, 2048]","[2049, 2049, 2048, 2048, 2048, 2048, 2048, 2048, 2048]","[2049, 2049, 2048, 2048, 2048, 2048, 2048, 2048]",312.0
1259,10023,10,16,2025-05-02T17:07:50.216000+00:00,31.905,36.578,26.059,200.0,186.0,False,94.542,"[None, 2048, 2048, 2048, 2048, 2048, 2048, 2048, 2048]","[2048, 2048, 2048, 2048, 2048, 2048, 2048, 2048, 2048]","[2048, 2048, 2048, 2048, 2048, 2048, 2048, 2048]",302.0
1259,10023,12,17,2025-05-02T17:07:54.491000+00:00,30.527,35.272,26.039,213.0,182.0,False,91.838,"[None, 2048, 2048, 2048, 2048, 2048, 2048, 2048, 2048]","[2048, 2048, 2048, 2048, 2048, 2048, 2048, 2048, 2048]","[2048, 2048, 2048, 2048, 2048, 2048, 2048]",322.0
1259,10023,87,16,2025-05-02T17:07:56.678000+00:00,30.828,35.468,26.021,210.0,185.0,False,92.317,"[None, 2048, 2048, 2048, 2048, 2048, 2048, 2048, 2048]","[2048, 2048, 2048, 2048, 2048, 2048, 2048, 2048, 2048]","[2048, 2048, 2048, 2048, 2048, 2048, 2048]",309.0
1259,10023,31,12,2025-05-02T17:08:01.225000+00:00,30.647,35.075,26.001,213.0,187.0,False,91.723,"[None, 2048, 2048, 2048, 2048, 2048, 2048, 2048, 2048]","[2048, 2048, 2048, 2048, 2048, 2048, 2048, 2048, 2048]","[2048, 2048, 2048, 2048, 2048, 2048, 2048, 2048]",316.0
1259,10023,44,14,2025-05-02T17:08:06.163000+00:00,63.453,57.202,34.78,86.0,96.0,False,155.435,"[2048, 2048, 2048, 2048, 2048, 2048, 2048, 2048, 2048]","[2048, 2048, 2048, 2048, 2048, 2048, 2048, 2048, 2048]","[2048, 2048, 2048, 2048, 2048, 2048, 2048, 2048]",187.0
1259,10023,16,16,2025-05-02T17:08:17.904000+00:00,30.595,35.211,26.081,,185.0,False,91.887,"[None, 2048, 2048, 2048, 2048, 2048, 2048, 2048, 2048]","[2048, 2048, 2048, 2048, 2048, 2048, 2048, 2048, 2048]","[2048, 2048, 2048, 2048, 2048, 2048, 2048, 2048]",308.0
1259,10023,1,14,2025-05-02T17:08:21.748000+00:00,31.102,35.266,26.07,,183.0,False,92.438,"[None, 2048, 2048, 2048, 2048, 2048, 2048, 2048, 2048]","[2048, 2048, 2048, 2048, 2048, 2048, 2048, 2048, 2048]","[2048, 2048, 2048, 2048, 2048, 2048, 2048, 2048]",308.0
1259,10023,6,20,2025-05-02T17:08:24.885000+00:00,31.163,36.509,31.381,210.0,183.0,False,99.053,"[None, 2048, 2048, 2048, 2048, 2048, 2048, 2048, 2048]","[2048, 2048, 2048, 2048, 2048, 2048, 2048, 2048, 2048]","[2048, 2048, 2048, 2048, 2048, 2048, 2064, 2064]",295.0
1259,10023,23,18,2025-05-02T17:08:25.550000+00:00,31.353,34.813,25.647,213.0,185.0,False,91.813,"[None, 2048, 2048, 2048, 2048, 2048, 2048, 2048, 2048]","[2048, 2049, 2051, 2051, 2048, 2048, 2048, 2048, 2048]","[2048, 2048, 2048, 2048, 2048, 2048, 2048]",323.0
1259,10023,7,17,2025-05-02T17:08:33.935000+00:00,30.632,35.18,25.889,,185.0,False,91.701,"[None, 2048, 2048, 2048, 2048, 2048, 2048, 2048, 2048]","[2048, 2048, 2048, 2048, 2048, 2048, 2048, 2048, 2048]","[2048, 2048, 2048, 2048, 2048, 2048, 2048, 2048]",314.0
1259,10023,55,19,2025-05-02T17:08:36.967000+00:00,30.796,35.034,25.809,211.0,186.0,False,91.639,"[None, 2048, 2048, 2048, 2048, 2048, 2048, 2048, 2048]","[2048, 2048, 2048, 2048, 2048, 2048, 2048, 2048, 2048]","[2048, 2048, 2048, 2048, 2048, 2048, 2048, 2048]",321.0
1259,10023,4,16,2025-05-02T17:08:38.849000+00:00,30.473,34.804,25.811,211.0,187.0,False,91.088,"[None, 2048, 2048, 2048, 2048, 2048, 2048, 2048, 2048]","[2048, 2048, 2048, 2048, 2048, 2048, 2048, 2048, 2048]","[2048, 2048, 2048, 2048, 2048, 2048, 2048, 2048]",312.0
1259,10023,63,16,2025-05-02T17:08:44.693000+00:00,31.158,35.19,25.738,214.0,184.0,False,92.086,"[None, 2048, 2048, 2048, 2048, 2048, 2048, 2048, 2048]","[2048, 2048, 2048, 2048, 2048, 2048, 2048, 2048, 2048]","[2048, 2048, 2048, 2048, 2048, 2048, 2048, 2048]",314.0
1259,10023,22,17,2025-05-02T17:08:59.487000+00:00,31.21,35.616,34.215,209.0,179.0,False,101.041,"[None, 2048, 2048, 2048, 2048, 2048, 2048, 2048, 2048]","[2048, 2048, 2048, 2048, 2048, 2048, 2048, 2048, 2048]","[2048, 2048, 2048, 2048, 2048, 2048, 2064, 2064]",185.0
1259,10023,5,16,2025-05-02T17:09:11.513000+00:00,30.97,35.618,31.317,214.0,185.0,False,97.905,"[None, 2048, 2048, 2048, 2048, 2048, 2048, 2048, 2048]","[2048, 2048, 2048, 2048, 2048, 2048, 2048, 2048, 2048]","[2048, 2048, 2048, 2048, 2048, 2048, 2064, 2064]",308.0
1259,10023,81,16,2025-05-02T17:09:16.549000+00:00,30.09,34.603,25.626,216.0,188.0,False,90.319,"[None, 2048, 2048, 2048, 2049, 2048, 2048, 2048, 2048]","[2048, 2049, 2048, 2048, 2048, 2048, 2048, 2048, 2048]","[2049, 2049, 2048, 2048, 2048, 2048, 2048, 2048]",313.0
1259,10023,10,17,2025-05-02T17:09:25.298000+00:00,31.274,35.169,25.916,217.0,186.0,False,92.359,"[None, 2048, 2048, 2048, 2048, 2048, 2048, 2048, 2048]","[2049, 2048, 2048, 2048, 2048, 2048, 2048, 2048, 2048]","[2048, 2048, 2048, 2048, 2048, 2048, 2048, 2048]",309.0
1259,10023,12,18,2025-05-02T17:09:26.349000+00:00,30.848,35.284,25.851,211.0,182.0,False,91.983,"[None, 2048, 2048, 2048, 2048, 2048, 2048, 2048, 2048]","[2048, 2048, 2048, 2048, 2048, 2048, 2048, 2048, 2048]","[2048, 2048, 2049, 2048, 2048, 2048, 2048, 2048]",330.0
1259,10023,87,17,2025-05-02T17:09:29.020000+00:00,30.74,35.264,26.107,213.0,184.0,False,92.111,"[None, 2048, 2048, 2048, 2048, 2048, 2048, 2048, 2048]","[2048, 2048, 2048, 2048, 2048, 2048, 2048, 2048, 2048]","[2048, 2048, 2048, 2048, 2048, 2048, 2048, 2048]",317.0
1259,10023,31,13,2025-05-02T17:09:32.986000+00:00,30.959,35.166,26.164,,186.0,False,92.289,"[None, 2048, 2048, 2048, 2048, 2048, 2048, 2048, 2048]","[2048, 2048, 2048, 2048, 2048, 2048, 2048, 2048, 2048]","[2048, 2048, 2048, 2048, 2048, 2048, 2048, 2048]",306.0
1259,10023,16,17,2025-05-02T17:09:49.911000+00:00,30.885,35.116,25.876,,184.0,False,91.877,"[None, 2048, 2048, 2048, 2048, 2048, 2048, 2048, 2048]","[2048, 2048, 2048, 2048, 2048, 2048, 2048, 2048, 2048]","[2048, 2048, 2048, 2048, 2048, 2048, 2048, 2048]",311.0
1259,10023,1,15,2025-05-02T17:09:54.154000+00:00,30.918,35.186,25.998,208.0,184.0,False,92.102,"[None, 2048, 2048, 2048, 2048, 2048, 2048, 2048, 2048]","[2048, 2048, 2048, 2048, 2048, 2048, 2048, 2048, 2048]","[2049, 2048, 2048, 2048, 2048, 2048, 2048, 2048]",310.0
1259,10023,23,19,2025-05-02T17:09:57.832000+00:00,30.938,34.8,30.377,214.0,186.0,False,96.115,"[None, 2048, 2048, 2048, 2048, 2048, 2048, 2048, 2048]","[2048, 2048, 2048, 2048, 2048, 2048, 2048, 2048, 2048]","[2048, 2048, 2048, 2048, 2048, 2048, 2064, 2064]",324.0
1259,10023,7,18,2025-05-02T17:10:05.716000+00:00,30.764,35.229,25.789,214.0,185.0,False,91.782,"[None, 2048, 2048, 2048, 2048, 2048, 2048, 2048, 2048]","[2048, 2049, 2048, 2048, 2048, 2048, 2048, 2048, 2048]","[2048, 2048, 2048, 2048, 2048, 2048, 2048, 2048]",312.0
1259,10023,55,20,2025-05-02T17:10:08.602000+00:00,30.832,34.75,30.647,214.0,185.0,False,96.229,"[None, 2048, 2048, 2048, 2048, 2048, 2048, 2048, 2048]","[2048, 2048, 2048, 2048, 2048, 2048, 2048, 2048, 2048]","[2048, 2048, 2048, 2048, 2048, 2048, 2064, 2064]",323.0
1259,10023,4,17,2025-05-02T17:10:09.937000+00:00,30.596,34.55,25.777,215.0,185.0,False,90.923,"[None, 2048, 2048, 2048, 2048, 2048, 2048, 2048, 2048]","[2048, 2048, 2048, 2048, 2048, 2048, 2048, 2048, 2048]","[2048, 2048, 2048, 2048, 2048, 2048, 2048, 2048]",312.0
1259,10023,63,17,2025-05-02T17:10:16.797000+00:00,30.62,34.877,25.735,215.0,186.0,False,91.232,"[None, 2048, 2048, 2048, 2048, 2048, 2048, 2048, 2048]","[2048, 2048, 2048, 2048, 2048, 2048, 2048, 2048, 2048]","[2048, 2048, 2048, 2048, 2048, 2048, 2048, 2048]",313.0
1259,10023,44,15,2025-05-02T17:10:41.647000+00:00,29.521,35.381,26.1,217.0,184.0,False,91.002,"[None, 2048, 2049, 2048, 2048, 2048, 2048, 2048, 2048]","[2048, 2048, 2048, 2048, 2048, 2048, 2048, 2048, 2048]","[2048, 2048, 2048, 2048, 2048, 2048, 2048, 2048]",309.0
1259,10023,81,17,2025-05-02T17:10:47.024000+00:00,30.252,34.566,25.723,,188.0,False,90.541,"[None, 2048, 2048, 2048, 2048, 2048, 2048, 2048, 2048]","[2048, 2048, 2048, 2048, 2048, 2048, 2048, 2048, 2048]","[2048, 2048, 2048, 2048, 2048, 2048, 2048, 2048]",315.0
1259,10023,10,18,2025-05-02T17:10:57.025000+00:00,31.26,35.231,25.934,213.0,186.0,False,92.425,"[None, 2048, 2048, 2048, 2048, 2048, 2048, 2048, 2048]","[2048, 2048, 2048, 2048, 2048, 2048, 2048, 2048, 2048]","[2048, 2048, 2048, 2048, 2048, 2048, 2048, 2048]",309.0
1259,10023,12,19,2025-05-02T17:10:58.423000+00:00,31.011,35.178,25.971,212.0,182.0,False,92.16,"[None, 2048, 2048, 2048, 2048, 2048, 2048, 2048, 2048]","[2048, 2048, 2048, 2048, 2048, 2048, 2048, 2048, 2048]","[2048, 2048, 2049, 2048, 2048, 2048, 2048, 2048]",328.0
1259,10023,87,18,2025-05-02T17:11:01.212000+00:00,30.844,35.05,26.097,211.0,185.0,False,91.991,"[None, 2048, 2048, 2048, 2048, 2048, 2048, 2048, 2048]","[2048, 2048, 2048, 2048, 2048, 2048, 2048, 2048, 2048]","[2048, 2048, 2048, 2048, 2048, 2048, 2048]",313.0
1259,10023,31,14,2025-05-02T17:11:05.301000+00:00,30.625,35.07,26.025,,186.0,False,91.72,"[None, 2048, 2048, 2048, 2048, 2048, 2048, 2048, 2048]","[2048, 2048, 2048, 2048, 2048, 2048, 2048, 2048, 2048]","[2048, 2048, 2048, 2048, 2048, 2048, 2048, 2048]",309.0
1259,10023,16,18,2025-05-02T17:11:21.915000+00:00,30.334,34.775,25.793,217.0,187.0,False,90.902,"[None, 2048, 2048, 2048, 2048, 2048, 2048, 2048, 2048]","[2048, 2048, 2048, 2048, 2048, 2048, 2048, 2048, 2048]","[2048, 2048, 2048, 2048, 2048, 2048, 2048, 2048]",312.0
1259,10023,1,16,2025-05-02T17:11:26.198000+00:00,30.85,35.037,26.043,209.0,184.0,False,91.93,"[None, 2048, 2048, 2048, 2048, 2048, 2048, 2048, 2048]","[2048, 2048, 2048, 2048, 2048, 2048, 2048, 2048, 2048]","[2048, 2049, 2048, 2048, 2048, 2048, 2048, 2048]",312.0
1259,10023,7,19,2025-05-02T17:11:37.546000+00:00,30.857,35.313,25.833,,184.0,False,92.003,"[None, 2048, 2048, 2048, 2048, 2048, 2048, 2049, 2048]","[2048, 2048, 2048, 2048, 2048, 2048, 2048, 2048, 2048]","[2048, 2048, 2048, 2048, 2048, 2048, 2048, 2048]",313.0
1259,10023,4,18,2025-05-02T17:11:40.907000+00:00,30.176,34.671,30.427,214.0,187.0,False,95.274,"[None, 2048, 2048, 2048, 2048, 2048, 2048, 2048, 2048]","[2048, 2048, 2048, 2048, 2048, 2048, 2048, 2048, 2048]","[2048, 2048, 2048, 2048, 2048, 2048, 2064, 2064]",311.0
1259,10023,63,18,2025-05-02T17:11:47.983000+00:00,,34.81,25.763,214.0,185.0,False,91.193,"[None, 2048, 2048, 2048, 2048, 2048, 2048, 2048, 2048]","[2048, 2048, 2048, 2048, 2048, 2048, 2048, 2048, 2048]","[2048, 2048, 2048, 2048, 2048, 2048, 2048, 2048]",316.0
1259,10023,23,20,2025-05-02T17:11:50.255000+00:00,46.917,34.705,30.834,212.0,186.0,True,112.456,"[2064, 2064, 2064, 2048, 2048, 2048, 2048, 2048, 2048]","[2048, 2048, 2048, 2048, 2048, 2048, 2048, 2048, 2048]","[2048, 2048, 2048, 2048, 2048, 2048, 2064, 2064]",322.0
1259,10023,44,16,2025-05-02T17:12:12.697000+00:00,30.154,35.219,26.004,216.0,186.0,False,91.377,"[None, 2048, 2048, 2048, 2048, 2048, 2048, 2048, 2048]","[2048, 2048, 2048, 2048, 2048, 2048, 2048, 2048, 2048]","[2048, 2048, 2048, 2048, 2048, 2048, 2048, 2048]",307.0
1259,10023,81,18,2025-05-02T17:12:17.477000+00:00,30.131,34.403,25.648,,188.0,False,90.182,"[None, 2048, 2048, 2048, 2048, 2048, 2049, 2048, 2048]","[2048, 2048, 2048, 2048, 2048, 2048, 2048, 2048, 2048]","[2048, 2048, 2048, 2048, 2048, 2048, 2048, 2048]",317.0
1259,10023,10,19,2025-05-02T17:12:29.498000+00:00,30.932,35.086,25.755,216.0,185.0,False,91.773,"[None, 2048, 2048, 2048, 2048, 2048, 2048, 2048, 2048]","[2048, 2048, 2048, 2048, 2048, 2048, 2048, 2048, 2048]","[2048, 2048, 2048, 2048, 2048, 2048, 2048, 2048]",311.0
1259,10023,12,20,2025-05-02T17:12:30.509000+00:00,32.626,46.357,25.961,133.0,185.0,False,104.944,"[None, 2048, 2048, 2048, 2048, 2048, 2048, 2048, 2048]","[2048, 2048, 2048, 2048, 2048, 2048, 2048, 2048, 2048]","[2048, 2048, 2048, 2048, 2048, 2048, 2048, 2048]",320.0
1259,10023,87,19,2025-05-02T17:12:33.116000+00:00,30.995,34.885,25.843,212.0,184.0,False,91.723,"[None, 2048, 2048, 2048, 2048, 2048, 2048, 2048, 2048]","[2048, 2048, 2048, 2048, 2048, 2048, 2048, 2048, 2048]","[2048, 2048, 2048, 2048, 2048, 2048, 2048, 2048]",324.0
1259,10023,31,15,2025-05-02T17:12:36.967000+00:00,30.851,35.191,25.998,212.0,185.0,False,92.04,"[None, 2048, 2048, 2048, 2048, 2048, 2048, 2048, 2048]","[2048, 2048, 2048, 2048, 2048, 2048, 2048, 2048, 2048]","[2048, 2048, 2048, 2048, 2048, 2048, 2048, 2048]",310.0
1259,10023,16,19,2025-05-02T17:12:52.658000+00:00,30.851,34.96,31.055,216.0,187.0,False,96.866,"[None, 2048, 2048, 2048, 2048, 2048, 2048, 2048, 2048]","[2048, 2048, 2048, 2048, 2048, 2048, 2048, 2048, 2048]","[2048, 2048, 2048, 2048, 2048, 2048, 2064, 2064]",309.0
1259,10023,1,17,2025-05-02T17:12:58.152000+00:00,31.006,35.355,33.88,206.0,182.0,False,100.241,"[None, 2048, 2048, 2048, 2048, 2048, 2048, 2048, 2048]","[2048, 2048, 2048, 2048, 2048, 2048, 2048, 2048, 2048]","[2048, 2048, 2048, 2048, 2048, 2048, 2064, 2064]",217.0
1259,10023,7,20,2025-05-02T17:13:09.477000+00:00,30.759,35.279,25.9,213.0,185.0,False,91.938,"[None, 2048, 2048, 2048, 2048, 2048, 2048, 2048, 2048]","[2048, 2048, 2048, 2048, 2048, 2048, 2048, 2048, 2048]","[2048, 2048, 2048, 2048, 2048, 2048, 2048, 2048]",312.0
1259,10023,63,19,2025-05-02T17:13:19.200000+00:00,30.65,34.783,25.717,212.0,186.0,False,91.15,"[None, 2048, 2048, 2048, 2048, 2048, 2048, 2048, 2048]","[2048, 2048, 2048, 2048, 2048, 2048, 2048, 2048, 2048]","[2048, 2048, 2048, 2048, 2048, 2048, 2048]",314.0
1259,10023,27,8,2025-05-02T17:13:37.561000+00:00,,44.496,29.451,170.0,180.0,True,655.998,"[2064, 2064, 2064, 2048, 2048, 2048, 2048, 2048, 2048]","[2048, 2048, 2048, 2048, 2048, 2048, 2048, 2048, 2048]","[2048, 2048, 2048, 2048, 2048, 2048, 2048, 2048]",263.0
1259,10023,4,19,2025-05-02T17:13:38.971000+00:00,54.888,34.568,31.614,215.0,187.0,True,121.07,"[2064, 2064, 2064, 2048, 2048, 2048, 2048, 2048, 2048]","[2048, 2048, 2048, 2048, 2048, 2048, 2048, 2048, 2048]","[2048, 2048, 2048, 2048, 2048, 2048, 2064, 2064]",286.0
1259,10023,44,17,2025-05-02T17:13:44.085000+00:00,30.28,35.105,25.791,209.0,188.0,False,91.176,"[None, 2048, 2048, 2048, 2048, 2048, 2048, 2048, 2048]","[2048, 2048, 2048, 2048, 2048, 2048, 2048, 2048, 2048]","[2048, 2048, 2048, 2048, 2048, 2048, 2048, 2048]",309.0
1259,10023,81,19,2025-05-02T17:13:47.635000+00:00,30.318,34.588,30.607,214.0,188.0,False,95.513,"[None, 2048, 2048, 2048, 2048, 2048, 2048, 2048, 2048]","[2048, 2048, 2048, 2048, 2048, 2048, 2048, 2048, 2048]","[2048, 2048, 2048, 2048, 2048, 2048, 2064, 2064]",316.0
1259,10023,10,20,2025-05-02T17:14:01.235000+00:00,30.744,35.113,25.811,213.0,186.0,False,91.668,"[None, 2048, 2048, 2048, 2048, 2048, 2048, 2048, 2048]","[2048, 2048, 2048, 2048, 2048, 2048, 2048, 2048, 2048]","[2048, 2048, 2048, 2048, 2048, 2048, 2048, 2048]",313.0
1259,10023,87,20,2025-05-02T17:14:04.936000+00:00,31.582,40.318,36.995,201.0,170.0,False,108.895,"[None, 2048, 2048, 2048, 2048, 2048, 2048, 2048, 2048]","[2048, 2048, 2048, 2048, 2048, 2048, 2048, 2048, 2048]","[2048, 2048, 2048, 2048, 2048, 2048, 2064, 2064]",252.0
1259,10023,31,16,2025-05-02T17:14:09.125000+00:00,30.688,35.125,26.021,210.0,185.0,False,91.834,"[None, 2048, 2048, 2048, 2048, 2048, 2048, 2048, 2048]","[2048, 2048, 2048, 2048, 2048, 2048, 2048, 2048, 2048]","[2048, 2048, 2048, 2048, 2048, 2048, 2048, 2048]",307.0
1259,10023,12,21,2025-05-02T17:14:15.498000+00:00,30.718,35.222,25.918,214.0,185.0,False,91.858,"[None, 2048, 2048, 2048, 2048, 2048, 2048, 2048, 2048]","[2048, 2048, 2048, 2048, 2048, 2048, 2048, 2048, 2048]","[2048, 2048, 2048, 2048, 2048, 2048, 2048, 2048]",320.0
1259,10023,7,21,2025-05-02T17:14:41.458000+00:00,30.95,36.462,35.254,210.0,152.0,False,102.666,"[None, 2048, 2048, 2048, 2048, 2048, 2048, 2048, 2048]","[2048, 2048, 2048, 2048, 2048, 2048, 2048, 2048, 2048]","[2048, 2048, 2048, 2048, 2048, 2048, 2064, 2064]",240.0
1259,10023,63,20,2025-05-02T17:14:50.237000+00:00,30.534,35.278,26.101,210.0,185.0,False,91.913,"[None, 2048, 2048, 2048, 2048, 2048, 2048, 2048, 2048]","[2048, 2048, 2048, 2048, 2048, 2048, 2048, 2048, 2048]","[2048, 2048, 2048, 2048, 2048, 2048, 2048, 2048]",312.0
1259,10023,44,18,2025-05-02T17:15:15.273000+00:00,30.276,35.174,31.023,213.0,187.0,False,96.473,"[None, 2048, 2048, 2048, 2048, 2048, 2048, 2048, 2048]","[2048, 2048, 2048, 2048, 2048, 2048, 2048, 2048, 2048]","[2048, 2048, 2048, 2048, 2048, 2048, 2064, 2064]",308.0
1259,10023,27,9,2025-05-02T17:15:30.550000+00:00,29.403,34.049,25.121,221.0,191.0,False,88.573,"[2049, 2048, 2049, 2049, 2051, 2049, 2049, 2049, 2048]","[2049, 2049, 2048, 2048, 2049, 2049, 2048, 2048, 2049]","[2049, 2049, 2049, 2049, 2049, 2049, 2049, 2048]",335.0
1259,10023,10,21,2025-05-02T17:15:32.839000+00:00,31.129,35.238,32.303,,186.0,False,98.67,"[None, 2048, 2048, 2048, 2048, 2048, 2048, 2048, 2048]","[2048, 2048, 2048, 2048, 2048, 2048, 2048, 2048, 2048]","[2048, 2048, 2048, 2048, 2048, 2048, 2064, 2064]",301.0
1259,10023,31,17,2025-05-02T17:15:40.944000+00:00,32.673,37.389,32.726,199.0,171.0,False,102.788,"[None, 2048, 2048, 2048, 2048, 2048, 2048, 2048, 2048]","[2048, 2048, 2048, 2048, 2048, 2048, 2048, 2048, 2048]","[2048, 2048, 2048, 2048, 2048, 2048, 2064, 2064]",293.0
1259,10023,12,22,2025-05-02T17:15:47.313000+00:00,30.641,35.187,26.014,212.0,184.0,False,91.842,"[None, 2048, 2048, 2048, 2048, 2048, 2048, 2048, 2048]","[2048, 2048, 2048, 2048, 2048, 2048, 2048, 2048, 2048]","[2048, 2048, 2048, 2048, 2048, 2048, 2048, 2048]",315.0
1259,10023,14,19,2025-05-02T17:15:55.661000+00:00,,45.668,30.886,156.0,118.0,True,620.987,"[2064, 2064, 2064, 2048, 2048, 2048, 2048, 2048, 2048]","[2048, 2048, 2048, 2048, 2048, 2048, 2048, 2048, 2048]","[2048, 2048, 2048, 2048, 2048, 2049, 2049, 2048]",305.0
1259,10023,63,21,2025-05-02T17:16:22.255000+00:00,30.927,35.033,25.973,212.0,186.0,False,91.933,"[None, 2048, 2048, 2048, 2048, 2048, 2048, 2048, 2048]","[2048, 2048, 2048, 2048, 2048, 2048, 2048, 2048, 2048]","[2048, 2048, 2048, 2048, 2048, 2048, 2048, 2048]",317.0
1259,10023,55,21,2025-05-02T17:16:39.353000+00:00,,42.98,28.167,152.0,134.0,True,403.0,"[2064, 2064, 2064, 2048, 2048, 2048, 2048, 2048, 2048]","[2048, 2048, 2048, 2048, 2048, 2048, 2048, 2048, 2048]","[2048, 2048, 2048, 2048, 2048, 2049, 2049]",295.0
1259,10023,27,10,2025-05-02T17:16:59.058000+00:00,50.177,54.731,48.209,137.0,132.0,False,153.117,"[2048, 2048, 2048, 2048, 2048, 2048, 2048, 2048, 2048]","[2048, 2048, 2048, 2048, 2048, 2048, 2048, 2048, 2048]","[2048, 2048, 2048, 2048, 2048, 2048, 2064, 2064]",129.0
1259,10023,23,21,2025-05-02T17:17:05.970000+00:00,,39.398,30.587,189.0,160.0,True,328.329,"[None, 2064, 2064, 2048, 2048, 2048, 2048, 2048, 2048]","[2048, 2048, 2048, 2048, 2048, 2048, 2048, 2048, 2048]","[2048, 2048, 2048, 2048, 2048, 2049, 2051, 2049]",275.0
1259,10023,12,23,2025-05-02T17:17:19.250000+00:00,30.598,34.9,25.837,,183.0,False,91.335,"[None, 2048, 2048, 2048, 2048, 2048, 2048, 2048, 2048]","[2048, 2048, 2048, 2048, 2048, 2048, 2048, 2048, 2048]","[2048, 2048, 2048, 2048, 2048, 2048, 2048, 2048]",322.0
1259,10023,18,18,2025-05-02T17:17:42.614000+00:00,,40.947,26.907,174.0,175.0,True,863.507,"[2064, 2064, 2064, 2048, 2048, 2048, 2048, 2048, 2048]","[2048, 2048, 2048, 2048, 2048, 2048, 2048, 2048, 2048]","[2048, 2048, 2048, 2048, 2048, 2048, 2049, 2049]",287.0
1259,10023,14,20,2025-05-02T17:17:48.266000+00:00,29.327,34.013,25.176,220.0,191.0,False,88.516,"[2049, 2049, 2049, 2048, 2049, 2049, 2049, 2048, 2048]","[2049, 2049, 2049, 2049, 2048, 2048, 2049, 2049, 2048]","[2051, 2049, 2049, 2051, 2048, 2048, 2048, 2048]",335.0
1259,10023,63,22,2025-05-02T17:17:54.136000+00:00,30.503,35.005,26.044,,185.0,False,91.552,"[None, 2048, 2048, 2048, 2048, 2048, 2048, 2048, 2048]","[2048, 2048, 2048, 2048, 2048, 2048, 2048, 2048, 2048]","[2048, 2048, 2048, 2048, 2048, 2048, 2048, 2048]",316.0
1259,10023,22,18,2025-05-02T17:18:22.039000+00:00,,45.157,28.992,139.0,133.0,True,578.635,"[2064, 2064, 2064, 2048, 2048, 2048, 2048, 2048, 2048]","[2048, 2048, 2048, 2048, 2048, 2048, 2048, 2048, 2048]","[2048, 2048, 2048, 2048, 2048, 2048, 2048, 2048]",291.0
1259,10023,55,22,2025-05-02T17:18:27.825000+00:00,29.144,33.423,25.111,222.0,191.0,False,87.678,"[2049, 2048, 2049, 2051, 2049, 2049, 2049, 2048, 2048]","[2051, 2051, 2049, 2049, 2049, 2049, 2048, 2049, 2049]","[2051, 2048, 2048, 2048, 2048, 2048, 2048, 2048]",337.0
1259,10023,30,19,2025-05-02T17:18:39.058000+00:00,,45.512,29.327,162.0,141.0,True,731.453,"[2064, 2064, 2064, 2048, 2048, 2048, 2048, 2048, 2048]","[2048, 2048, 2048, 2048, 2048, 2048, 2048, 2048, 2048]","[2048, 2048, 2048, 2048, 2048, 2048, 2048, 2049]",214.0
1259,10023,12,24,2025-05-02T17:18:50.508000+00:00,30.528,35.07,25.915,,184.0,False,91.513,"[None, 2048, 2048, 2048, 2048, 2048, 2048, 2048, 2048]","[2048, 2048, 2048, 2048, 2048, 2048, 2048, 2048, 2048]","[2048, 2048, 2048, 2048, 2048, 2048, 2048, 2048]",325.0
1259,10023,23,22,2025-05-02T17:18:54.258000+00:00,29.166,33.724,25.065,219.0,187.0,False,87.955,"[2049, 2049, 2048, 2049, 2049, 2049, 2049, 2048, 2048]","[2049, 2049, 2051, 2049, 2051, 2048, 2048, 2048, 2048]","[2049, 2051, 2051, 2048, 2048, 2048, 2051, 2048]",341.0
1259,10023,6,21,2025-05-02T17:18:56.649000+00:00,,41.507,29.231,159.0,146.0,True,646.274,"[2064, 2064, 2064, 2048, 2048, 2048, 2048, 2048, 2048]","[2048, 2048, 2048, 2048, 2048, 2048, 2048, 2048, 2048]","[2048, 2048, 2048, 2048, 2048, 2048, 2048, 2049]",277.0
1259,10023,14,21,2025-05-02T17:19:16.653000+00:00,48.301,52.34,37.808,127.0,118.0,False,138.449,"[2048, 2048, 2048, 2048, 2048, 2048, 2048, 2048, 2048]","[2048, 2048, 2048, 2048, 2048, 2048, 2048, 2048, 2048]","[2048, 2048, 2048, 2048, 2048, 2048, 2048, 2048]",219.0
1259,10023,1,18,2025-05-02T17:19:23.755000+00:00,,46.913,30.816,148.0,136.0,True,402.816,"[2064, 2064, 2064, 2048, 2048, 2048, 2048, 2048, 2048]","[2048, 2048, 2048, 2048, 2048, 2048, 2048, 2048, 2048]","[2048, 2048, 2048, 2048, 2048, 2049, 2049, 2049]",273.0
1259,10023,63,23,2025-05-02T17:19:25.792000+00:00,30.475,35.346,25.932,214.0,184.0,False,91.753,"[None, 2048, 2048, 2048, 2048, 2048, 2048, 2048, 2048]","[2048, 2048, 2048, 2048, 2048, 2048, 2048, 2048, 2048]","[2048, 2048, 2048, 2048, 2048, 2048, 2048]",316.0
1259,10023,18,19,2025-05-02T17:19:40.288000+00:00,29.514,33.806,26.042,218.0,189.0,False,89.362,"[2049, 2049, 2049, 2049, 2049, 2049, 2049, 2048, 2049]","[2049, 2049, 2049, 2051, 2049, 2049, 2049, 2049, 2048]","[2049, 2049, 2049, 2049, 2048, 2048, 2048]",336.0
1259,10023,55,23,2025-05-02T17:19:55.526000+00:00,44.505,51.482,37.936,150.0,141.0,False,133.923,"[2048, 2048, 2048, 2048, 2048, 2048, 2048, 2048, 2048]","[2048, 2048, 2048, 2048, 2048, 2048, 2048, 2048, 2048]","[2048, 2048, 2048, 2048, 2048, 2048, 2064, 2064]",158.0
1259,10023,16,20,2025-05-02T17:20:17.538000+00:00,,43.275,30.586,183.0,157.0,True,461.145,"[2064, 2064, 2064, 2048, 2048, 2048, 2048, 2048, 2048]","[2048, 2048, 2048, 2048, 2048, 2048, 2048, 2048, 2048]","[2048, 2048, 2048, 2048, 2048, 2048, 2048, 2049]",227.0
1259,10023,22,19,2025-05-02T17:20:19.072000+00:00,29.105,33.765,25.285,220.0,188.0,False,88.155,"[2049, 2051, 2049, 2049, 2049, 2049, 2049, 2049, 2049]","[2049, 2049, 2049, 2049, 2049, 2049, 2049, 2049, 2048]","[2048, 2049, 2049, 2048, 2048, 2049, 2049]",334.0
1259,10023,12,25,2025-05-02T17:20:22.052000+00:00,30.621,35.023,25.846,214.0,184.0,False,91.49,"[None, 2048, 2048, 2048, 2048, 2048, 2048, 2048, 2048]","[2048, 2048, 2048, 2048, 2048, 2048, 2048, 2048, 2048]","[2048, 2048, 2048, 2048, 2048, 2048, 2048, 2048]",318.0
1259,10023,23,23,2025-05-02T17:20:22.137000+00:00,53.898,57.998,47.5,146.0,108.0,False,159.396,"[2048, 2048, 2048, 2048, 2048, 2048, 2048, 2048, 2048]","[2048, 2048, 2048, 2048, 2048, 2048, 2048, 2048, 2048]","[2048, 2048, 2048, 2048, 2048, 2048, 2048, 2048]",146.0
1259,10023,81,20,2025-05-02T17:20:32.378000+00:00,,44.499,26.842,160.0,142.0,True,422.974,"[2064, 2064, 2064, 2048, 2048, 2048, 2048, 2048, 2048]","[2048, 2048, 2048, 2048, 2048, 2048, 2048, 2048, 2048]","[2048, 2048, 2048, 2048, 2048, 2048, 2049, 2051]",313.0
1259,10023,30,20,2025-05-02T17:20:32.951000+00:00,29.145,33.921,25.308,222.0,187.0,False,88.374,"[2049, 2048, 2048, 2049, 2049, 2049, 2049, 2048, 2051]","[2049, 2049, 2049, 2049, 2048, 2048, 2051, 2049, 2048]","[2049, 2049, 2049, 2048, 2048, 2049, 2049, 2049]",333.0
1259,10023,6,22,2025-05-02T17:20:50.315000+00:00,29.066,33.726,25.176,220.0,190.0,False,87.968,"[2049, 2048, 2051, 2049, 2049, 2049, 2048, 2048, 2048]","[2049, 2049, 2049, 2049, 2049, 2049, 2049, 2049, 2048]","[2049, 2049, 2049, 2049, 2049, 2049, 2049, 2049]",332.0
1259,10023,63,24,2025-05-02T17:20:57.993000+00:00,30.778,35.069,25.962,213.0,186.0,False,91.809,"[None, 2048, 2048, 2048, 2048, 2048, 2048, 2048, 2048]","[2048, 2048, 2048, 2048, 2048, 2048, 2048, 2048, 2048]","[2048, 2048, 2048, 2048, 2048, 2048, 2048, 2048]",320.0
1259,10023,27,11,2025-05-02T17:21:04.426000+00:00,,51.336,35.401,140.0,155.0,True,221.381,"[2064, 2064, 2064, 2048, 2048, 2048, 2048, 2048, 2048]","[2048, 2048, 2048, 2048, 2048, 2048, 2048, 2048, 2048]","[2048, 2048, 2048, 2048, 2048, 2048, 2048, 2048]",255.0
1259,10023,18,20,2025-05-02T17:21:09.500000+00:00,59.381,61.134,55.776,108.0,108.0,False,176.291,"[2048, 2048, 2048, 2048, 2048, 2048, 2048, 2048, 2048]","[2048, 2048, 2048, 2048, 2048, 2048, 2048, 2048, 2048]","[2048, 2048, 2048, 2048, 2048, 2048, 2048, 2048]",118.0
1259,10023,1,19,2025-05-02T17:21:21.247000+00:00,28.857,33.586,25.115,221.0,189.0,False,87.558,"[2049, 2049, 2048, 2049, 2049, 2051, 2051, 2049, 2049]","[2049, 2049, 2048, 2048, 2049, 2049, 2049, 2048, 2048]","[2049, 2049, 2048, 2049, 2049, 2048, 2048, 2048]",336.0
1259,10023,14,22,2025-05-02T17:21:35.251000+00:00,48.348,47.413,33.887,114.0,133.0,False,129.648,"[None, 2048, 2048, 2048, 2048, 2048, 2048, 2048, 2048]","[2048, 2048, 2048, 2048, 2048, 2048, 2048, 2048, 2048]","[2048, 2048, 2048, 2048, 2048, 2048, 2049, 2049]",208.0
1259,10023,22,20,2025-05-02T17:21:47.157000+00:00,49.395,60.66,54.496,119.0,107.0,False,164.551,"[2048, 2048, 2048, 2048, 2048, 2048, 2048, 2048, 2048]","[2048, 2048, 2048, 2048, 2048, 2048, 2048, 2048, 2048]","[2048, 2048, 2048, 2048, 2048, 2048, 2064, 2064]",136.0
1259,10023,5,17,2025-05-02T17:21:51.899000+00:00,,47.143,34.062,190.0,162.0,True,780.95,"[2064, 2064, 2064, 2048, 2048, 2048, 2048, 2048, 2048]","[2048, 2048, 2048, 2048, 2048, 2048, 2048, 2048, 2048]","[2048, 2048, 2048, 2048, 2048, 2048, 2048, 2049]",133.0
1259,10023,12,26,2025-05-02T17:21:53.580000+00:00,30.517,35.049,25.842,213.0,185.0,False,91.408,"[None, 2048, 2048, 2048, 2048, 2048, 2048, 2048, 2048]","[2048, 2048, 2048, 2048, 2048, 2048, 2048, 2048, 2048]","[2048, 2048, 2048, 2048, 2048, 2048, 2048]",318.0
1259,10023,30,21,2025-05-02T17:22:01.193000+00:00,43.331,47.444,39.344,167.0,139.0,False,130.119,"[2048, 2048, 2048, 2048, 2048, 2048, 2048, 2048, 2048]","[2048, 2048, 2048, 2048, 2048, 2048, 2048, 2048, 2048]","[2048, 2048, 2048, 2048, 2048, 2048, 2064, 2064]",223.0
1259,10023,16,21,2025-05-02T17:22:10.580000+00:00,28.918,33.598,24.968,222.0,191.0,False,87.484,"[2049, 2048, 2049, 2049, 2049, 2049, 2048, 2048, 2049]","[2049, 2049, 2049, 2049, 2049, 2048, 2048, 2048, 2048]","[2049, 2049, 2049, 2049, 2051, 2049, 2049, 2049]",334.0
1259,10023,4,20,2025-05-02T17:22:16.427000+00:00,,45.422,32.045,163.0,96.0,True,537.674,"[None, 2064, 2064, 2048, 2048, 2048, 2048, 2048, 2048]","[2048, 2048, 2048, 2048, 2048, 2048, 2048, 2048, 2048]","[2048, 2048, 2048, 2048, 2048, 2049, 2049, 2049]",213.0
1259,10023,6,23,2025-05-02T17:22:18.162000+00:00,46.735,46.238,42.755,161.0,125.0,False,135.728,"[2048, 2048, 2048, 2048, 2048, 2048, 2048, 2048, 2048]","[2048, 2048, 2048, 2048, 2048, 2048, 2048, 2048, 2048]","[2048, 2048, 2048, 2048, 2048, 2048, 2064, 2064]",130.0
1259,10023,87,21,2025-05-02T17:22:19.358000+00:00,,43.205,33.884,175.0,116.0,True,509.185,"[2064, 2064, 2064, 2048, 2048, 2048, 2048, 2048, 2048]","[2048, 2048, 2048, 2048, 2048, 2048, 2048, 2048, 2048]","[2048, 2048, 2048, 2048, 2048, 2048, 2048, 2048]",129.0
1259,10023,31,18,2025-05-02T17:22:26.012000+00:00,,44.634,36.413,179.0,149.0,True,425.251,"[2064, 2064, 2064, 2048, 2048, 2048, 2048, 2048, 2048]","[2048, 2048, 2048, 2048, 2048, 2048, 2048, 2048, 2048]","[2048, 2048, 2048, 2048, 2048, 2048, 2048, 2048]",140.0
1259,10023,81,21,2025-05-02T17:22:26.190000+00:00,28.822,33.375,24.931,222.0,191.0,False,87.128,"[2049, 2048, 2051, 2049, 2049, 2049, 2049, 2048, 2051]","[2049, 2049, 2049, 2049, 2049, 2048, 2051, 2051, 2048]","[2049, 2049, 2049, 2049, 2051, 2048, 2048]",336.0
1259,10023,63,25,2025-05-02T17:22:29.251000+00:00,30.472,35.061,25.948,216.0,185.0,False,91.481,"[None, 2048, 2048, 2048, 2048, 2048, 2048, 2048, 2048]","[2048, 2048, 2048, 2048, 2048, 2048, 2048, 2048, 2048]","[2048, 2048, 2048, 2048, 2048, 2048, 2048, 2048]",317.0
1259,10023,44,19,2025-05-02T17:22:39.802000+00:00,,45.412,30.128,141.0,144.0,True,472.748,"[2064, 2064, 2064, 2048, 2048, 2048, 2048, 2048, 2048]","[2048, 2048, 2048, 2048, 2048, 2048, 2048, 2048, 2048]","[2048, 2048, 2048, 2048, 2048, 2048, 2049, 2049]",229.0
1259,10023,1,20,2025-05-02T17:22:48.667000+00:00,59.462,68.096,,104.0,125.0,False,,"[2048, 2048, 2048, 2048, 2048, 2048, 2048, 2048, 2048]","[2048, 2048, 2048, 2048, 2048, 2048, 2048, 2048, 2048]","[2048, 2048, 2048]",132.0
1259,10023,23,24,2025-05-02T17:23:01.678000+00:00,58.131,58.803,27.143,115.0,159.0,False,144.077,"[None, 2048, 2048, 2048, 2048, 2048, 2048, 2048, 2048]","[2048, 2048, 2048, 2048, 2048, 2048, 2048, 2048, 2048]","[2048, 2048, 2048, 2048, 2048, 2048, 2051]",308.0
1259,10023,27,12,2025-05-02T17:23:13.764000+00:00,29.333,34.549,26.597,221.0,190.0,False,90.479,"[2049, 2048, 2048, 2049, 2048, 2049, 2049, 2049, 2048]","[2049, 2049, 2048, 2048, 2048, 2048, 2048, 2048, 2048]","[2048, 2049, 2049, 2051, 2048, 2048, 2048, 2048]",337.0
1259,10023,12,27,2025-05-02T17:23:25.077000+00:00,30.499,35.235,25.905,214.0,185.0,False,91.639,"[None, 2048, 2048, 2048, 2048, 2048, 2048, 2048, 2048]","[2048, 2048, 2048, 2048, 2048, 2048, 2048, 2048, 2048]","[2048, 2048, 2048, 2048, 2048, 2048, 2048, 2048]",319.0
1259,10023,16,22,2025-05-02T17:23:38.064000+00:00,44.522,53.142,,151.0,99.0,False,,"[2048, 2048, 2048, 2048, 2048, 2048, 2048, 2048, 2048]","[2048, 2048, 2048, 2048, 2048, 2048, 2048, 2048, 2048]",[2048],
1259,10023,14,23,2025-05-02T17:23:44.769000+00:00,29.248,33.964,25.031,220.0,191.0,False,88.243,"[2049, 2048, 2048, 2048, 2048, 2048, 2049, 2051, 2048]","[2049, 2049, 2048, 2049, 2049, 2049, 2048, 2048, 2048]","[2049, 2049, 2049, 2049, 2048, 2048, 2048]",335.0
1259,10023,5,18,2025-05-02T17:23:50.299000+00:00,29.522,34.118,25.131,220.0,191.0,False,88.771,"[2051, 2048, 2049, 2049, 2049, 2049, 2049, 2049, 2049]","[2049, 2049, 2049, 2049, 2049, 2048, 2048, 2048, 2048]","[2051, 2049, 2049, 2049, 2048, 2048, 2049]",340.0
1259,10023,81,22,2025-05-02T17:23:53.192000+00:00,44.516,44.887,,159.0,138.0,False,,"[2048, 2048, 2048, 2048, 2048, 2048, 2048, 2048, 2048]","[2048, 2048, 2048, 2048, 2048, 2048, 2048, 2048, 2048]",[2048],
1259,10023,63,26,2025-05-02T17:24:00.807000+00:00,30.529,35.023,,215.0,185.0,False,,"[None, 2048, 2048, 2048, 2048, 2048, 2048, 2048, 2048]","[2048, 2048, 2048, 2048, 2048, 2048, 2048, 2048, 2048]","[2048, 2048, 2048]",321.0
1259,10023,18,21,2025-05-02T17:24:05.893000+00:00,57.808,,,140.0,,False,,"[None, 2048, 2048, 2048, 2048, 2048, 2048, 2048, 2048]","[2048, 2048, 2048, 2048, 2048, 2048, 2048, 2048, 2048]",[2048],
1259,10023,4,21,2025-05-02T17:24:14.852000+00:00,29.167,33.202,,225.0,192.0,False,,"[2049, 2048, 2049, 2051, 2049, 2049, 2048, 2048, 2051]","[2051, 2049, 2049, 2049, 2049, 2048, 2051, 2048, 2049]",[2049],
1259,10023,87,22,2025-05-02T17:24:22.938000+00:00,29.19,,,219.0,,False,,"[2048, 2048, 2049, 2049, 2049, 2049, 2049, 2049, 2049]",[2049],,
1259,10023,31,19,2025-05-02T17:24:29.025000+00:00,29.316,,,220.0,,False,,"[2049, 2048, 2049, 2048, 2049, 2049, 2049, 2049, 2049]","[2049, 2049, 2049, 2049, 2049, 2048, 2048, 2048, 2048]",[2048],
1259,10023,7,22,2025-05-02T17:24:37.337000+00:00,,,,117.0,,True,,"[2064, 2064, 2064, 2048, 2048, 2048, 2048, 2048, 2048]","[0, 0, 0, 0, 0, 0, 0, 0, 0]","[0, 0, 0, 0, 0, 0, 0, 0]",
1259,10023,27,13,2025-05-02T17:24:44.238000+00:00,37.712,,,187.0,,False,,"[2048, 2048, 2048, 2048, 2048, 2048, 2048, 2048, 2048]","[2048, 2048, 2048, 2048, 2048, 2048, 2048, 2048, 2048]",[2048],
1259,10023,44,20,2025-05-02T17:24:44.364000+00:00,29.119,,,221.0,,False,,"[2049, 2049, 2049, 2049, 2049, 2048, 2048, 2048, 2049]","[2049, 2049, 2049, 2049, 2049, 2048, 2048, 2048, 2048]",[2048],
1259,10023,22,21,2025-05-02T17:24:55.654000+00:00,,,,,,True,,"[2064, 0, 0, 0, 0, 0, 0, 0, 0]","[0, 0, 0, 0, 0, 0, 0, 0, 0]","[0, 0, 0, 0, 0, 0, 0, 0]",
1259,10023,12,28,2025-05-02T17:24:56.517000+00:00,30.377,,,212.0,,False,,"[None, 2048, 2048, 2048, 2048, 2048, 2048, 2048, 2048]","[2048, 2048, 2048, 2048, 2048, 2048, 2048, 2048, 2048]",[2048],
1259,10023,10,22,2025-05-02T17:25:04.715000+00:00,,,,,,True,,"[2064, 2064, 2064, 2048, 2048, 2048, 2048, 2048, 2048]","[2048, 2048, 2048, 2048, 2048, 2048, 2048, 2048, 2048]",[2048],
1259,10023,14,24,2025-05-02T17:25:12.929000+00:00,,,,,,False,,"[2048, 2048, 2048, 2048, 2048, 2048, 2048, 2048, 2048]","[2048, 2048, 2048, 2048, 2048, 2048, 2048, 2048, 2048]",[2048],
1259,10023,5,19,2025-05-02T17:25:18.939000+00:00,,,,,,False,,"[2048, 2048, 2048, 2048, 2048, 2048, 2048, 2048, 2048]","[2048, 2048, 2048, 2048, 2048, 2048, 2048, 2048, 2048]",[2048],
1259,10023,23,25,2025-05-02T17:25:25.730000+00:00,,,,,,False,,"[2051, 2048, 2048, 2048, 2048, 2048, 2048, 2048, 2048]","[2048, 2048, 2048, 2048, 2048, 2048, 2048, 2048, 2048]",[2048],
