meeting_key,session_key,driver_number,lap_number,date_start,duration_sector_1,duration_sector_2,duration_sector_3,i1_speed,i2_speed,is_pit_out_lap,lap_duration,segments_sector_1,segments_sector_2,segments_sector_3,st_speed
1142,7772,21,1,,,34.815,32.492,259.0,270,True,,"[2064, 2064, 2064, 2049, 2051, 2049, 2049, 2049, 2049]","[2049, 2049, 2051, 2049, 2049, 2049, 2049]","[2049, 2049, 2049, 2049, 2051, 2049, 2049, 2049]",324
1142,7772,81,1,2023-03-17T13:30:08.829000+00:00,59.849,33.065,37.334,257.0,227,True,130.248,"[2064, 2064, 2064, 2049, 2049, 2049, 2049, 2049, 2049]","[2049, 2049, 2049, 2049, 2049, 2049, 2049]","[2049, 2049, 2049, 2049, 2049, 2049, 2051, 2051, 2051]",234
1142,7772,77,1,2023-03-17T13:30:09.172000+00:00,38.302,33.193,31.566,254.0,285,True,103.061,"[2064, 2064, 2064, 2051, 2049, 2051, 2051, 2049, 2049]","[2049, 2049, 2049, 2051, 2049, 2049, 2049]","[2051, 2049, 2049, 2049, 2049, 2051, 2051, 2051, 2051]",300
1142,7772,27,1,2023-03-17T13:30:12.688000+00:00,42.751,33.299,32.276,248.0,278,True,108.326,"[2064, 2064, 2064, 2049, 2049, 2049, 2049, 2049, 2049]","[2049, 2049, 2049, 2049, 2049, 2049, 2049]","[2049, 2049, 2049, 2049, 2049, 2049, 2051, 2051, 2051]",303
1142,7772,23,1,2023-03-17T13:30:17.688000+00:00,,35.337,36.25,275.0,310,True,,"[2064, 2064, 2064, 2049, 2049, 2049, 2049, 2049, 2051]","[2051, 2049, 2049, 2049, 2051, 2051, 2051]","[2049, 2051, 2051, 2051, 2049, 2049, 2049, 2049, 2064]",318
1142,7772,24,1,2023-03-17T13:30:21.672000+00:00,41.957,34.99,35.74,246.0,281,True,112.687,"[2064, 2064, 2064, 2049, 2049, 2049, 2049, 2049, 2049]","[2049, 2049, 2049, 2049, 2049, 2049, 2049]","[2049, 2049, 2049, 2049, 2049, 2049, 2049, 2049, 2049]",193
1142,7772,22,1,2023-03-17T13:30:27.953000+00:00,42.079,35.01,40.706,261.0,297,True,117.795,"[2064, 2064, 2064, 2049, 2049, 2049, 2049, 2049, 2049]","[2049, 2049, 2049, 2049, 2049, 2049, 2049]","[2049, 2049, 2049, 2049, 2049, 2049, 2049, 2049, 2049]",152
1142,7772,4,1,2023-03-17T13:30:33.406000+00:00,58.423,35.663,38.099,236.0,263,True,132.185,"[2064, 2064, 2064, 2049, 2049, 2049, 2049, 2049, 2049]","[2049, 2049, 2049, 2049, 2049, 2049, 2049]","[2049, 2049, 2049, 2049, 2049, 2049, 2049, 2049]",304
1142,7772,55,1,2023-03-17T13:30:37.875000+00:00,41.011,34.0,38.956,202.0,283,True,113.967,"[2064, 2064, 2064, 2049, 2049, 2049, 2049, 2049, 2049]","[2049, 2049, 2049, 2049, 2049, 2049, 2049]","[2049, 2049, 2049, 2049, 2049, 2049, 2049, 2049]",300
1142,7772,31,1,2023-03-17T13:30:39.281000+00:00,,41.321,46.808,199.0,256,True,,"[2064, 2064, 2064, 2049, 2049, 2049, 2049, 2049, 2049]","[2049, 2049, 2049, 2049, 2049, 2049, 2049]","[2049, 2049, 2049, 2049, 2049, 2049, 2049, 2049, 2064]",183
1142,7772,2,1,2023-03-17T13:30:42.797000+00:00,47.089,36.004,33.42,270.0,281,True,116.513,"[2064, 2064, 2064, 2049, 2049, 2049, 2049, 2049, 2049]","[2049, 2049, 2049, 2049, 2049, 2049, 2049]","[2049, 2049, 2049, 2049, 2049, 2049, 2049, 2049, 2051]",311
1142,7772,10,1,2023-03-17T13:31:09.265000+00:00,,35.043,39.421,199.0,261,True,,"[2064, 2064, 2064, 2049, 2049, 2049, 2049, 2049, 2049]","[2049, 2049, 2049, 2049, 2049, 2049, 2049]","[2049, 2049, 2049, 2049, 2049, 2049, 2049, 2049, 2064]",275
1142,7772,20,1,2023-03-17T13:31:12.624000+00:00,40.451,34.816,33.106,247.0,255,True,108.373,"[2064, 2064, 2064, 2049, 2049, 2049, 2049, 2049, 2049]","[2049, 2049, 2049, 2049, 2049, 2049, 2049]","[2049, 2049, 2049, 2049, 2051, 2049, 2049, 2049, 2049]",303
1142,7772,16,1,2023-03-17T13:31:17.202000+00:00,45.439,38.312,34.372,195.0,233,True,118.123,"[2064, 2064, 2064, 2049, 2049, 2049, 2049, 2049, 2049]","[2049, 2049, 2049, 2049, 2049, 2049, 2049]","[2049, 2049, 2049, 2049, 2049, 2049, 2049, 2049, 2049]",284
1142,7772,11,1,2023-03-17T13:31:41.889000+00:00,36.079,31.952,33.827,267.0,288,True,101.858,"[2064, 2064, 2064, 2049, 2049, 2049, 2049, 2049, 2049]","[2049, 2049, 2049, 2049, 2049, 2049, 2049]","[2049, 2049, 2049, 2049, 2049, 2049, 2049, 2051, 2051]",278
1142,7772,77,2,2023-03-17T13:31:52.233000+00:00,35.009,30.387,30.305,275.0,307,False,95.701,"[2049, 2049, 2049, 2051, 2049, 2049, 2049, 2049, 2049]","[2049, 2049, 2049, 2049, 2049, 2049, 2049]","[2051, 2051, 2049, 2049, 2051, 2048, 2049, 2049]",312
1142,7772,21,2,2023-03-17T13:31:53.702000+00:00,37.005,30.744,31.892,275.0,319,False,99.641,"[2049, 2049, 2049, 2049, 2049, 2049, 2049, 2049, 2049]","[2049, 2049, 2049, 2049, 2049, 2049, 2049]","[2049, 2048, 2048, 2048, 2049, 2049, 2049, 2049, 2049]",323
1142,7772,27,2,2023-03-17T13:32:01.014000+00:00,36.193,30.619,30.604,275.0,311,False,97.416,"[2049, 2049, 2049, 2049, 2049, 2049, 2049, 2049, 2049]","[2049, 2049, 2049, 2049, 2049, 2049, 2049]","[2049, 2049, 2049, 2049, 2049, 2049, 2049, 2049]",316
1142,7772,24,2,2023-03-17T13:32:14.359000+00:00,36.143,30.723,31.126,272.0,307,False,97.992,"[2049, 2049, 2049, 2049, 2049, 2049, 2049, 2049, 2049]","[2049, 2049, 2049, 2049, 2049, 2049, 2049]","[2049, 2049, 2049, 2049, 2049, 2051, 2048, 2049]",312
1142,7772,81,2,2023-03-17T13:32:19.077000+00:00,35.545,29.717,34.692,278.0,318,False,99.954,"[2049, 2049, 2049, 2049, 2049, 2049, 2049, 2049, 2049]","[2049, 2049, 2051, 2049, 2049, 2049, 2049]","[2049, 2049, 2049, 2051, 2051, 2049, 2048, 2048, 2064]",324
1142,7772,22,2,2023-03-17T13:32:25.748000+00:00,35.849,30.321,30.202,278.0,319,False,96.372,"[2049, 2049, 2049, 2049, 2049, 2049, 2049, 2049, 2049]","[2049, 2049, 2049, 2049, 2049, 2049, 2049]","[2049, 2049, 2049, 2049, 2049, 2049, 2049, 2049]",323
1142,7772,55,2,2023-03-17T13:32:31.842000+00:00,34.976,29.811,30.044,280.0,313,False,94.831,"[2049, 2049, 2049, 2049, 2049, 2049, 2049, 2049, 2049]","[2049, 2049, 2049, 2049, 2051, 2051, 2049]","[2049, 2049, 2049, 2049, 2049, 2051, 2049, 2049]",320
1142,7772,2,2,2023-03-17T13:32:39.310000+00:00,35.801,30.332,29.948,281.0,320,False,96.081,"[2049, 2049, 2049, 2049, 2049, 2049, 2049, 2049, 2049]","[2049, 2049, 2049, 2049, 2049, 2049, 2051]","[2049, 2049, 2051, 2051, 2049, 2049, 2048, 2048]",326
1142,7772,44,1,2023-03-17T13:32:42.576000+00:00,58.983,38.913,34.898,255.0,142,True,132.794,"[2064, 2064, 2064, 2049, 2049, 2049, 2049, 2049, 2049]","[2049, 2049, 2049, 2049, 2049, 2049, 2049]","[2049, 2049, 2049, 2049, 2049, 2049, 2049, 2049]",253
1142,7772,4,2,2023-03-17T13:32:45.591000+00:00,34.322,29.984,30.094,278.0,316,False,94.4,"[2049, 2049, 2049, 2049, 2051, 2049, 2051, 2049, 2049]","[2049, 2049, 2049, 2049, 2049, 2049, 2049]","[2049, 2049, 2049, 2049, 2051, 2049, 2049, 2049, 2049]",322
1142,7772,20,2,2023-03-17T13:33:00.997000+00:00,34.842,29.955,30.157,275.0,312,False,94.954,"[2049, 2049, 2049, 2049, 2049, 2049, 2049, 2049, 2049]","[2049, 2049, 2049, 2049, 2049, 2049, 2049]","[2049, 2049, 2049, 2049, 2051, 2048, 2049, 2049]",317
1142,7772,16,2,2023-03-17T13:33:15.325000+00:00,34.887,29.865,30.113,277.0,312,False,94.865,"[2049, 2049, 2049, 2049, 2049, 2049, 2049, 2049, 2049]","[2049, 2049, 2049, 2049, 2049, 2049, 2049]","[2049, 2049, 2049, 2049, 2049, 2049, 2049, 2049]",318
1142,7772,11,2,2023-03-17T13:33:23.747000+00:00,33.986,29.119,29.864,283.0,326,False,92.969,"[2051, 2051, 2051, 2049, 2049, 2049, 2049, 2049, 2049]","[2049, 2049, 2051, 2051, 2051, 2051, 2051]","[2049, 2049, 2049, 2051, 2049, 2049, 2051, 2051]",333
1142,7772,77,3,2023-03-17T13:33:27.888000+00:00,35.04,30.306,30.338,267.0,300,False,95.684,"[2048, 2048, 2049, 2051, 2048, 2049, 2049, 2048, 2048]","[2048, 2049, 2048, 2049, 2049, 2048, 2048]","[2049, 2049, 2049, 2048, 2048, 2049, 2048, 2048]",304
1142,7772,21,3,2023-03-17T13:33:33.341000+00:00,35.306,30.212,30.666,278.0,317,False,96.184,"[None, 2049, 2049, 2049, 2049, 2049, 2049, 2049, 2049]","[2049, 2049, 2049, 2048, 2049, 2049, 2049]","[2051, 2049, 2049, 2049, 2051, 2048, 2048, 2049]",326
1142,7772,27,3,2023-03-17T13:33:38.340000+00:00,35.059,30.034,30.03,280.0,313,False,95.123,"[None, 2049, 2049, 2049, 2049, 2049, 2049, 2049, 2049]","[2049, 2049, 2049, 2049, 2049, 2049, 2049]","[2048, 2051, 2049, 2049, 2049, 2049, 2048, 2048, 2049]",320
1142,7772,24,3,2023-03-17T13:33:52.262000+00:00,35.385,30.604,30.52,270.0,302,False,96.509,"[2048, 2049, 2049, 2049, 2048, 2049, 2049, 2049, 2049]","[2048, 2049, 2048, 2049, 2049, 2049, 2048]","[2049, 2049, 2049, 2048, 2049, 2049, 2049, 2049, 2049]",307
1142,7772,14,1,2023-03-17T13:33:59.668000+00:00,62.631,33.387,34.511,273.0,292,True,130.529,"[2064, 2064, 2064, 2049, 2049, 2049, 2049, 2049, 2049]","[2049, 2049, 2049, 2049, 2049, 2049, 2049]","[2049, 2049, 2049, 2049, 2049, 2049, 2049, 2049, 2049]",307
1142,7772,22,3,2023-03-17T13:34:02.043000+00:00,55.871,40.44,36.855,221.0,283,False,133.166,"[2048, 2048, 2048, 2048, 2048, 2048, 2048, 2048, 2048]","[2048, 2048, 2048, 2048, 2048, 2048, 2048]","[2048, 2048, 2048, 2048, 2048, 2048, 2048, 2048, 2048]",281
1142,7772,55,3,2023-03-17T13:34:06.590000+00:00,34.357,29.514,29.543,279.0,317,False,93.414,"[None, 2049, 2048, 2049, 2049, 2049, 2049, 2051, 2048]","[2049, 2051, 2049, 2049, 2049, 2048, 2049]","[2049, 2051, 2049, 2049, 2049, 2051, 2049, 2048]",322
1142,7772,63,1,2023-03-17T13:34:07.965000+00:00,38.706,31.388,31.029,276.0,309,True,101.123,"[2064, 2064, 2064, 2049, 2049, 2049, 2049, 2049, 2049]","[2049, 2049, 2049, 2049, 2049, 2049, 2049]","[2049, 2049, 2049, 2049, 2049, 2049, 2051, 2049, 2049]",311
1142,7772,2,3,2023-03-17T13:34:15.340000+00:00,35.244,29.698,29.662,285.0,324,False,94.604,"[2048, 2049, 2049, 2049, 2049, 2049, 2048, 2049, 2051]","[2051, 2049, 2049, 2049, 2049, 2049, 2049]","[2049, 2049, 2051, 2049, 2049, 2048, 2049, 2049, 2049]",328
1142,7772,4,3,2023-03-17T13:34:19.934000+00:00,52.361,37.21,41.927,139.0,259,False,131.498,"[2048, 2048, 2048, 2048, 2048, 2048, 2048, 2048, 2048]","[2048, 2048, 2048, 2048, 2048, 2048, 2048]","[2048, 2048, 2048, 2048, 2048, 2048, 2048, 2048, 2064]",199
1142,7772,20,3,2023-03-17T13:34:35.855000+00:00,50.145,53.205,47.109,227.0,155,False,150.459,"[2048, 2048, 2048, 2048, 2048, 2048, 2048, 2048, 2048]","[2048, 2048, 2048, 2048, 2048, 2048, 2048]","[2048, 2048, 2048, 2048, 2048, 2048, 2049, 2048, 2048]",207
1142,7772,16,3,2023-03-17T13:34:50.105000+00:00,34.191,29.559,29.655,278.0,316,False,93.405,"[None, 2049, 2049, 2049, 2049, 2049, 2049, 2049, 2048]","[2048, 2049, 2049, 2049, 2049, 2049, 2049]","[2048, 2049, 2049, 2049, 2048, 2049, 2049, 2049, 2049]",320
1142,7772,44,2,2023-03-17T13:34:55.370000+00:00,35.56,29.786,30.204,281.0,321,False,95.55,"[2049, 2049, 2049, 2049, 2049, 2049, 2049, 2049, 2049]","[2049, 2049, 2049, 2049, 2049, 2049, 2049]","[2051, 2049, 2049, 2049, 2049, 2049, 2051, 2049]",324
1142,7772,11,3,2023-03-17T13:34:56.620000+00:00,54.4,59.938,46.72,167.0,151,False,161.058,"[2048, 2048, 2048, 2048, 2048, 2048, 2048, 2048, 2048]","[2048, 2048, 2048, 2048, 2048, 2048, 2048]","[2048, 2048, 2048, 2048, 2048, 2048, 2048, 2048, 2064]",198
1142,7772,77,4,2023-03-17T13:35:03.651000+00:00,34.594,30.128,30.283,269.0,300,False,95.005,"[None, 2049, 2049, 2048, 2048, 2051, 2049, 2049, 2049]","[2048, 2049, 2048, 2049, 2049, 2048, 2048]","[2049, 2049, 2048, 2048, 2048, 2048, 2048, 2048]",304
1142,7772,21,4,2023-03-17T13:35:09.542000+00:00,48.376,39.939,38.756,241.0,241,False,127.071,"[2048, 2048, 2048, 2048, 2048, 2048, 2048, 2048, 2048]","[2048, 2048, 2048, 2048, 2048, 2048, 2048]","[2048, 2048, 2048, 2048, 2048, 2048, 2048, 2048, 2048]",257
1142,7772,27,4,2023-03-17T13:35:13.464000+00:00,54.252,50.696,45.373,121.0,169,False,150.321,"[2048, 2048, 2048, 2048, 2048, 2048, 2048, 2048, 2048]","[2048, 2048, 2048, 2048, 2048, 2048, 2048]","[2048, 2048, 2048, 2048, 2048, 2048, 2048, 2048, 2048]",129
1142,7772,23,2,2023-03-17T13:35:17.995000+00:00,,31.988,32.256,276.0,290,True,291.607,"[None, 2064, 2064, 2048, 2049, 2049, 2049, 2049, 2049]","[2049, 2049, 2049, 2049, 2049, 2048, 2048]","[2048, 2049, 2048, 2048, 2048, 2048, 2049, 2049, 2049]",304
1142,7772,24,4,2023-03-17T13:35:28.870000+00:00,45.923,42.093,40.832,126.0,249,False,128.848,"[None, 2048, 2048, 2048, 2048, 2048, 2048, 2048, 2048]","[2048, 2048, 2048, 2048, 2048, 2048, 2048]","[2048, 2048, 2048, 2048, 2048, 2048, 2049, 2049, 2048]",145
1142,7772,55,4,2023-03-17T13:35:40.010000+00:00,34.078,29.328,29.878,281.0,317,False,93.284,"[None, 2049, 2051, 2049, 2049, 2048, 2049, 2048, 2049]","[2049, 2051, 2049, 2049, 2049, 2048, 2049]","[2049, 2048, 2049, 2048, 2048, 2048, 2049, 2049]",313
1142,7772,63,2,2023-03-17T13:35:49.088000+00:00,35.213,29.969,30.091,280.0,313,False,95.273,"[2049, 2049, 2049, 2049, 2049, 2049, 2049, 2049, 2049]","[2049, 2049, 2049, 2049, 2049, 2049, 2049]","[2049, 2049, 2049, 2049, 2049, 2049, 2048, 2049, 2049]",317
1142,7772,2,4,2023-03-17T13:35:49.932000+00:00,47.274,44.243,32.98,206.0,275,False,124.497,"[2049, 2048, 2048, 2048, 2048, 2048, 2048, 2048, 2048]","[2048, 2048, 2048, 2048, 2048, 2048, 2048]","[2048, 2048, 2048, 2048, 2048, 2048, 2049, 2049]",300
1142,7772,14,2,2023-03-17T13:36:10.197000+00:00,35.407,30.013,32.292,280.0,295,False,97.712,"[2049, 2049, 2049, 2049, 2049, 2049, 2049, 2049, 2049]","[2049, 2049, 2049, 2049, 2049, 2049, 2048]","[2049, 2049, 2049, 2048, 2049, 2049, 2049, 2049]",293
1142,7772,22,4,2023-03-17T13:36:15.291000+00:00,34.583,29.632,29.735,282.0,320,False,93.95,"[None, 2049, 2049, 2049, 2049, 2049, 2049, 2049, 2049]","[2051, 2049, 2049, 2049, 2049, 2049, 2049]","[2049, 2049, 2049, 2049, 2049, 2049, 2049, 2049, 2049]",324
1142,7772,16,4,2023-03-17T13:36:23.494000+00:00,33.96,29.457,29.707,279.0,311,False,93.124,"[None, 2048, 2048, 2048, 2048, 2049, 2051, 2051, 2051]","[2048, 2049, 2048, 2049, 2049, 2049, 2048]","[2049, 2048, 2048, 2049, 2049, 2048, 2048, 2049]",317
1142,7772,44,3,2023-03-17T13:36:30.837000+00:00,42.622,45.115,33.938,210.0,201,False,121.675,"[2048, 2048, 2048, 2048, 2048, 2048, 2048, 2048, 2048]","[2048, 2048, 2048, 2048, 2048, 2048, 2048]","[2048, 2048, 2048, 2048, 2048, 2048, 2048, 2048, 2048]",294
1142,7772,77,5,2023-03-17T13:36:38.556000+00:00,34.546,30.212,30.56,267.0,299,False,95.318,"[None, 2049, 2049, 2048, 2048, 2049, 2049, 2048, 2048]","[2048, 2048, 2048, 2049, 2049, 2048, 2048]","[2049, 2048, 2048, 2048, 2048, 2048, 2048, 2048, 2048]",303
1142,7772,23,3,2023-03-17T13:37:00.165000+00:00,34.953,29.63,29.79,283.0,325,False,94.373,"[2049, 2049, 2049, 2049, 2049, 2049, 2049, 2049, 2049]","[2049, 2049, 2049, 2049, 2049, 2049, 2049]","[2049, 2049, 2049, 2051, 2049, 2049, 2048, 2048]",331
1142,7772,20,4,2023-03-17T13:37:06.431000+00:00,34.424,29.517,30.092,276.0,315,False,94.033,"[None, 2049, 2048, 2049, 2049, 2049, 2048, 2049, 2049]","[2049, 2049, 2049, 2051, 2049, 2049, 2049]","[2051, 2048, 2048, 2049, 2048, 2049, 2048, 2048]",319
1142,7772,55,5,2023-03-17T13:37:13.368000+00:00,44.173,34.849,34.893,250.0,266,False,113.915,"[2048, 2048, 2048, 2048, 2048, 2048, 2048, 2048, 2048]","[2048, 2048, 2048, 2048, 2048, 2048, 2048]","[2048, 2048, 2048, 2048, 2048, 2048, 2048, 2048, 2064]",282
1142,7772,21,5,2023-03-17T13:37:16.587000+00:00,34.759,29.742,29.89,279.0,321,False,94.391,"[2049, 2051, 2049, 2049, 2049, 2049, 2049, 2049, 2049]","[2049, 2049, 2049, 2049, 2049, 2049, 2049]","[2048, 2049, 2049, 2048, 2048, 2049, 2049, 2049]",325
1142,7772,63,3,2023-03-17T13:37:24.305000+00:00,34.795,29.462,29.742,284.0,319,False,93.999,"[2048, 2049, 2049, 2049, 2049, 2049, 2049, 2049, 2049]","[2049, 2049, 2051, 2049, 2049, 2049, 2049]","[2049, 2049, 2051, 2049, 2049, 2048, 2048, 2048]",323
1142,7772,24,5,2023-03-17T13:37:37.696000+00:00,34.746,30.192,30.176,275.0,308,False,95.114,"[2049, 2049, 2049, 2049, 2049, 2049, 2049, 2049, 2049]","[2049, 2049, 2048, 2049, 2049, 2049, 2049]","[2049, 2049, 2049, 2049, 2049, 2049, 2048, 2048, 2048]",313
1142,7772,27,5,2023-03-17T13:37:43.867000+00:00,34.717,29.655,30.016,279.0,315,False,94.388,"[None, 2049, 2049, 2049, 2049, 2049, 2049, 2049, 2049]","[2049, 2049, 2049, 2049, 2049, 2048, 2049]","[2049, 2048, 2048, 2048, 2049, 2048, 2048, 2049]",320
1142,7772,18,1,2023-03-17T13:37:45.070000+00:00,40.91,34.284,34.164,263.0,272,True,109.358,"[2064, 2064, 2064, 2049, 2049, 2049, 2049, 2049, 2049]","[2049, 2049, 2049, 2049, 2049, 2049, 2049]","[2049, 2049, 2049, 2049, 2049, 2049, 2049, 2049]",291
1142,7772,14,3,2023-03-17T13:37:47.836000+00:00,33.848,29.583,29.407,283.0,320,False,92.838,"[None, 2049, 2049, 2049, 2049, 2051, 2051, 2051, 2049]","[2051, 2051, 2049, 2048, 2048, 2049, 2049]","[2049, 2049, 2049, 2049, 2049, 2049, 2049, 2049]",321
1142,7772,22,5,2023-03-17T13:37:49.227000+00:00,57.017,51.032,35.615,146.0,231,False,143.664,"[2049, 2048, 2048, 2048, 2048, 2048, 2048, 2048, 2048]","[2048, 2048, 2048, 2048, 2048, 2048, 2048]","[2048, 2048, 2048, 2048, 2048, 2048, 2049, 2048, 2048]",296
1142,7772,2,5,2023-03-17T13:37:54.492000+00:00,34.524,29.529,29.491,285.0,324,False,93.544,"[2048, 2048, 2048, 2049, 2049, 2049, 2049, 2049, 2049]","[2049, 2049, 2049, 2048, 2049, 2049, 2049]","[2048, 2049, 2051, 2048, 2048, 2049, 2048, 2048]",329
1142,7772,16,5,2023-03-17T13:37:56.601000+00:00,53.311,54.956,43.108,123.0,132,False,151.375,"[2048, 2048, 2048, 2048, 2048, 2048, 2048, 2048, 2048]","[2048, 2048, 2048, 2048, 2048, 2048, 2048]","[2048, 2048, 2048, 2048, 2048, 2048, 2049, 2048]",248
1142,7772,11,4,2023-03-17T13:38:03.429000+00:00,80.034,60.059,40.36,168.0,157,True,180.453,"[2064, 2064, 2064, 2048, 2048, 2048, 2048, 2048, 2048]","[2048, 2048, 2048, 2048, 2048, 2048, 2048]","[2048, 2048, 2048, 2048, 2048, 2048, 2051, 2048, 2048]",270
1142,7772,77,6,2023-03-17T13:38:13.961000+00:00,37.267,33.948,32.92,237.0,293,False,104.135,"[None, 2048, 2048, 2048, 2048, 2048, 2048, 2048, 2048]","[2048, 2048, 2048, 2048, 2048, 2048, 2048]","[2048, 2048, 2048, 2048, 2048, 2048, 2048, 2048, 2048]",300
1142,7772,44,4,2023-03-17T13:38:32.601000+00:00,33.897,29.219,29.549,283.0,321,False,92.665,"[None, 2049, 2049, 2051, 2051, 2049, 2049, 2049, 2051]","[2049, 2049, 2049, 2049, 2051, 2049, 2049]","[2049, 2049, 2049, 2049, 2049, 2049, 2051, 2048, 2049]",325
1142,7772,23,4,2023-03-17T13:38:34.445000+00:00,47.904,41.813,38.322,241.0,283,False,128.039,"[2051, 2048, 2048, 2048, 2048, 2048, 2048, 2048, 2048]","[2048, 2048, 2048, 2048, 2048, 2048, 2048]","[2048, 2048, 2048, 2048, 2048, 2048, 2049, 2051]",126
1142,7772,20,5,2023-03-17T13:38:40.351000+00:00,54.768,47.572,40.275,171.0,224,False,142.615,"[2049, 2048, 2048, 2048, 2048, 2048, 2048, 2048, 2048]","[2048, 2048, 2048, 2048, 2048, 2048, 2048]","[2048, 2048, 2048, 2048, 2048, 2048, 2049, 2049, 2049]",252
1142,7772,21,6,2023-03-17T13:38:50.897000+00:00,44.581,50.074,42.376,157.0,233,False,137.031,"[2048, 2048, 2048, 2048, 2048, 2048, 2048, 2048, 2048]","[2048, 2048, 2048, 2048, 2048, 2048, 2048]","[2048, 2048, 2048, 2048, 2048, 2048, 2049, 2049]",232
1142,7772,63,4,2023-03-17T13:38:58.288000+00:00,34.688,29.596,29.729,280.0,303,False,94.013,"[2049, 2049, 2049, 2049, 2049, 2049, 2049, 2048, 2048]","[2048, 2049, 2048, 2049, 2049, 2048, 2048]","[2048, 2049, 2049, 2048, 2048, 2049, 2048, 2048, 2049]",323
1142,7772,24,6,2023-03-17T13:39:12.772000+00:00,34.638,30.264,30.209,272.0,300,False,95.111,"[2048, 2048, 2049, 2048, 2048, 2049, 2049, 2049, 2049]","[2048, 2049, 2048, 2049, 2049, 2048, 2048]","[2048, 2049, 2048, 2048, 2049, 2048, 2048, 2049, 2049]",305
1142,7772,27,6,2023-03-17T13:39:18.147000+00:00,34.296,29.619,29.973,281.0,314,False,93.888,"[None, 2049, 2049, 2049, 2049, 2049, 2049, 2049, 2049]","[2049, 2049, 2049, 2048, 2048, 2049, 2049]","[2048, 2048, 2048, 2049, 2049, 2048, 2048, 2049]",320
1142,7772,14,4,2023-03-17T13:39:20.694000+00:00,41.5,37.394,36.473,259.0,209,False,115.367,"[2048, 2048, 2048, 2048, 2048, 2048, 2048, 2048, 2048]","[2048, 2048, 2048, 2048, 2048, 2048, 2048]","[2048, 2048, 2048, 2048, 2048, 2048, 2048, 2048, 2064]",303
1142,7772,2,6,2023-03-17T13:39:27.975000+00:00,51.292,45.556,36.803,250.0,231,False,133.651,"[None, 2048, 2048, 2048, 2048, 2048, 2048, 2048, 2048]","[2048, 2048, 2048, 2048, 2048, 2048, 2048]","[2048, 2048, 2048, 2048, 2048, 2048, 2049, 2048]",278
1142,7772,18,2,2023-03-17T13:39:34.428000+00:00,34.865,29.707,30.713,278.0,304,False,95.285,"[2049, 2049, 2049, 2049, 2049, 2049, 2049, 2049, 2049]","[2049, 2049, 2049, 2049, 2049, 2049, 2049]","[2049, 2049, 2049, 2049, 2049, 2049, 2048, 2048]",302
1142,7772,55,6,2023-03-17T13:39:45.881000+00:00,91.915,32.556,38.645,199.0,300,True,163.116,"[2064, 2064, 2064, 2048, 2048, 2048, 2048, 2048, 2048]","[2048, 2048, 2048, 2048, 2048, 2048, 2048]","[2048, 2048, 2048, 2048, 2048, 2048, 2049, 2049, 2049]",306
1142,7772,77,7,2023-03-17T13:39:58.115000+00:00,34.12,29.813,29.952,277.0,307,False,93.885,"[2049, 2049, 2048, 2048, 2049, 2051, 2049, 2049, 2049]","[2049, 2048, 2049, 2049, 2048, 2049, 2049]","[2049, 2049, 2049, 2049, 2048, 2049, 2048, 2048]",311
1142,7772,44,5,2023-03-17T13:40:05.224000+00:00,60.375,49.388,38.594,145.0,249,False,148.357,"[None, 2048, 2048, 2048, 2048, 2048, 2048, 2048, 2048]","[2048, 2048, 2048, 2048, 2048, 2048, 2048]","[2048, 2048, 2048, 2048, 2048, 2048, 2048, 2048]",153
1142,7772,22,6,2023-03-17T13:40:12.927000+00:00,34.196,29.546,29.732,282.0,321,False,93.474,"[2048, 2049, 2049, 2049, 2049, 2049, 2049, 2049, 2048]","[2049, 2049, 2049, 2049, 2048, 2048, 2049]","[2049, 2048, 2048, 2049, 2048, 2049, 2048, 2048]",326
1142,7772,16,6,2023-03-17T13:40:28.083000+00:00,40.033,45.598,36.011,205.0,212,False,121.642,"[None, 2048, 2048, 2048, 2048, 2048, 2048, 2048, 2048]","[2048, 2048, 2048, 2048, 2048, 2048, 2048]","[2048, 2048, 2048, 2048, 2048, 2048, 2048, 2048]",239
1142,7772,63,5,2023-03-17T13:40:32.396000+00:00,34.384,29.587,29.602,284.0,311,False,93.573,"[None, 2049, 2049, 2048, 2049, 2049, 2049, 2048, 2049]","[2048, 2049, 2048, 2048, 2048, 2048, 2048]","[2049, 2049, 2048, 2048, 2048, 2049, 2048, 2048, 2048]",318
1142,7772,11,5,2023-03-17T13:40:38.224000+00:00,33.551,28.851,29.084,288.0,326,False,91.486,"[2049, 2048, 2049, 2049, 2049, 2049, 2049, 2049, 2051]","[2051, 2049, 2049, 2049, 2051, 2051, 2049]","[2048, 2049, 2051, 2051, 2048, 2051, 2048, 2048]",332
1142,7772,23,5,2023-03-17T13:40:42.583000+00:00,33.946,29.153,29.476,287.0,328,False,92.575,"[2048, 2049, 2049, 2049, 2049, 2049, 2049, 2049, 2049]","[2049, 2049, 2051, 2049, 2049, 2049, 2051]","[2049, 2049, 2049, 2049, 2049, 2049, 2048, 2048, 2048]",332
1142,7772,24,7,2023-03-17T13:40:47.942000+00:00,34.776,30.376,35.463,268.0,299,False,100.615,"[None, 2049, 2049, 2048, 2048, 2048, 2048, 2048, 2048]","[2048, 2048, 2048, 2049, 2048, 2048, 2048]","[2048, 2048, 2048, 2048, 2048, 2048, 2048, 2048, 2064]",301
1142,7772,27,7,2023-03-17T13:40:52.067000+00:00,41.274,38.705,38.942,199.0,176,False,118.921,"[None, 2048, 2048, 2048, 2048, 2048, 2048, 2048, 2048]","[2048, 2048, 2048, 2048, 2048, 2048, 2048]","[2048, 2048, 2048, 2048, 2048, 2048, 2048, 2048, 2064]",251
1142,7772,20,6,2023-03-17T13:41:03.051000+00:00,34.074,29.328,29.762,280.0,314,False,93.164,"[2048, 2049, 2051, 2048, 2048, 2049, 2048, 2049, 2049]","[2049, 2049, 2049, 2051, 2049, 2049, 2048]","[2048, 2049, 2049, 2049, 2049, 2048, 2048, 2049]",320
1142,7772,21,7,2023-03-17T13:41:08.020000+00:00,34.034,29.499,29.665,281.0,319,False,93.198,"[2049, 2051, 2049, 2049, 2049, 2049, 2049, 2049, 2049]","[2049, 2049, 2049, 2049, 2049, 2049, 2049]","[2048, 2049, 2049, 2049, 2048, 2049, 2048, 2048]",326
1142,7772,18,3,2023-03-17T13:41:09.629000+00:00,34.431,29.681,30.019,276.0,311,False,94.131,"[None, 2049, 2048, 2049, 2048, 2049, 2049, 2049, 2049]","[2048, 2048, 2048, 2049, 2049, 2049, 2049]","[2049, 2048, 2049, 2049, 2049, 2049, 2049, 2049]",314
1142,7772,77,8,2023-03-17T13:41:31.894000+00:00,34.986,30.778,35.072,268.0,282,False,100.836,"[2048, 2048, 2048, 2048, 2048, 2048, 2048, 2048, 2048]","[2048, 2048, 2048, 2048, 2048, 2048, 2048]","[2048, 2048, 2048, 2048, 2048, 2048, 2048, 2048, 2064]",284
1142,7772,2,7,2023-03-17T13:41:41.691000+00:00,34.442,29.376,29.462,285.0,324,False,93.28,"[None, 2048, 2049, 2048, 2048, 2048, 2048, 2049, 2048]","[2048, 2049, 2048, 2049, 2049, 2048, 2048]","[2048, 2048, 2048, 2048, 2049, 2048, 2048, 2048]",328
1142,7772,22,7,2023-03-17T13:41:46.269000+00:00,59.453,50.926,43.24,169.0,136,False,153.619,"[None, 2048, 2048, 2048, 2048, 2048, 2048, 2048, 2048]","[2048, 2048, 2048, 2048, 2048, 2048, 2048]","[2048, 2048, 2048, 2048, 2048, 2048, 2048, 2048, 2048]",298
1142,7772,55,7,2023-03-17T13:41:50.410000+00:00,33.513,29.273,29.372,282.0,317,False,92.158,"[2049, 2049, 2049, 2049, 2049, 2049, 2049, 2051, 2049]","[2049, 2051, 2048, 2049, 2049, 2048, 2048]","[2049, 2048, 2049, 2049, 2049, 2051, 2048, 2048]",322
1142,7772,63,6,2023-03-17T13:42:05.925000+00:00,34.093,29.254,29.598,285.0,313,False,92.945,"[2048, 2048, 2049, 2049, 2049, 2049, 2049, 2049, 2049]","[2048, 2048, 2048, 2049, 2049, 2049, 2048]","[2049, 2049, 2048, 2048, 2048, 2048, 2048, 2048]",317
1142,7772,11,6,2023-03-17T13:42:09.659000+00:00,51.055,48.635,47.825,163.0,181,False,147.515,"[2048, 2048, 2048, 2048, 2048, 2048, 2048, 2048, 2048]","[2048, 2048, 2048, 2048, 2048, 2048, 2048]","[2048, 2048, 2048, 2048, 2048, 2048, 2048, 2048, 2064]",179
1142,7772,14,5,2023-03-17T13:42:11.894000+00:00,91.843,45.105,37.522,260.0,186,True,174.47,"[2064, 2064, 2064, 2048, 2048, 2048, 2048, 2048, 2048]","[2048, 2048, 2048, 2048, 2048, 2048, 2048]","[2048, 2048, 2048, 2048, 2048, 2048, 2049, 2049]",294
1142,7772,23,6,2023-03-17T13:42:15.066000+00:00,50.969,45.975,37.011,160.0,245,False,133.955,"[None, 2048, 2048, 2048, 2048, 2048, 0, 0, 2048]","[2048, 2048, 2048, 2048, 2048, 2048, 2048]","[2048, 2048, 2048, 2048, 2048, 2048, 2051, 2051, 2049]",182
1142,7772,81,3,2023-03-17T13:42:21.769000+00:00,,33.664,34.005,255.0,272,True,626.239,"[2064, 2064, 2064, 2048, 2048, 2048, 2048, 2048, 2048]","[2048, 2048, 2048, 2048, 2048, 2048, 2048]","[2048, 2048, 2048, 2048, 2048, 2048, 2049, 2048, 2049]",304
1142,7772,10,2,2023-03-17T13:42:22.503000+00:00,,37.653,36.068,264.0,262,True,644.372,"[None, 2064, 2064, 2049, 2049, 2049, 2049, 2049, 2049]","[2049, 2048, 2048, 2049, 2048, 2048, 2049]","[2048, 2048, 2049, 2049, 2049, 2048, 2049, 2049, 2049]",305
1142,7772,16,7,2023-03-17T13:42:29.753000+00:00,33.44,29.213,29.352,283.0,312,False,92.005,"[None, 2049, 2049, 2048, 2049, 2051, 2049, 2049, 2049]","[2049, 2049, 2049, 2049, 2048, 2048, 2048]","[2049, 2049, 2049, 2049, 2049, 2049, 2048, 2048]",325
1142,7772,44,6,2023-03-17T13:42:33.628000+00:00,33.686,29.001,29.804,285.0,323,False,92.491,"[None, 2049, 2049, 2048, 2051, 2049, 2049, 2049, 2048]","[2049, 2049, 2049, 2049, 2049, 2049, 2049]","[2048, 2048, 2049, 2049, 2049, 2048, 2051, 2049]",326
1142,7772,20,7,2023-03-17T13:42:36.143000+00:00,39.574,37.553,49.042,199.0,288,False,126.169,"[2049, 2048, 2048, 2048, 2048, 2048, 2048, 2048, 2048]","[2048, 2048, 2048, 2048, 2048, 2048, 2048]","[2048, 2048, 2048, 2048, 2048, 2048, 2049, 2048, 2064]",104
1142,7772,21,8,2023-03-17T13:42:41.159000+00:00,50.995,44.199,35.001,227.0,204,False,130.195,"[2048, 2048, 2048, 2048, 2048, 2048, 2048, 2048, 2048]","[2048, 2048, 2048, 2048, 2048, 2048, 2048]","[2048, 2048, 2048, 2048, 2048, 2048, 2049, 2049]",284
1142,7772,18,4,2023-03-17T13:42:43.799000+00:00,40.486,31.786,39.315,258.0,285,False,111.587,"[2048, 2048, 2048, 2048, 2048, 2048, 2048, 2048, 2048]","[2048, 2048, 2048, 2048, 2048, 2048, 2048]","[2048, 2048, 2048, 2048, 2048, 2048, 2048, 2048, 2064]",261
1142,7772,24,8,2023-03-17T13:42:44.081000+00:00,65.759,33.866,36.772,240.0,270,True,136.397,"[2064, 2064, 2064, 2048, 2048, 2048, 2048, 2048, 2048]","[2048, 2048, 2048, 2048, 2048, 2048, 2048]","[2048, 2048, 2048, 2048, 2048, 2048, 2048, 2048, 2064]",301
1142,7772,2,8,2023-03-17T13:43:14.908000+00:00,49.919,45.018,36.484,247.0,252,False,131.421,"[None, 2048, 2048, 2048, 2048, 2048, 2048, 2048, 2048]","[2048, 2048, 2048, 2048, 2048, 2048, 2048]","[2048, 2048, 2048, 2048, 2048, 2048, 2049, 2049, 2048]",295
1142,7772,55,8,2023-03-17T13:43:22.471000+00:00,35.021,30.532,40.369,278.0,278,False,105.922,"[2048, 2048, 2048, 2048, 2048, 2048, 2048, 2048, 2048]","[2048, 2048, 2048, 2048, 2048, 2048, 2048]","[2048, 2048, 2048, 2048, 2048, 2048, 2048, 2048, 2048]",209
1142,7772,77,9,2023-03-17T13:43:28.689000+00:00,66.475,33.929,37.735,256.0,295,True,138.139,"[2064, 2064, 2064, 2048, 2048, 2048, 2048, 2048, 2048]","[2048, 2048, 2048, 2048, 2048, 2048, 2048]","[2048, 2048, 2048, 2048, 2048, 2048, 2048, 2048, 2064]",285
1142,7772,63,7,2023-03-17T13:43:38.845000+00:00,33.881,29.143,29.724,287.0,316,False,92.748,"[None, 2048, 2049, 2048, 2049, 2049, 2049, 2049, 2049]","[2049, 2049, 2051, 2048, 2049, 2049, 2048]","[2049, 2049, 2049, 2048, 2049, 2048, 2048, 2048]",321
1142,7772,16,8,2023-03-17T13:44:01.642000+00:00,36.682,30.902,30.215,241.0,293,False,97.799,"[None, 2049, 2051, 2048, 2048, 2048, 2048, 2048, 2048]","[2048, 2048, 2048, 2048, 2048, 2048, 2048]","[2048, 2048, 2048, 2048, 2048, 2049, 2048, 2048]",298
1142,7772,44,7,2023-03-17T13:44:06.032000+00:00,63.898,47.706,32.511,156.0,295,False,144.115,"[None, 2048, 2048, 2048, 2048, 2048, 2048, 2048, 2048]","[2048, 2048, 2048, 2048, 2048, 2048, 2048]","[2048, 2048, 2048, 2048, 2048, 2048, 2048, 2048]",291
1142,7772,14,6,2023-03-17T13:44:10.595000+00:00,33.312,28.899,29.051,284.0,313,False,91.262,"[2049, 2049, 2049, 2051, 2049, 2051, 2051, 2049, 2049]","[2048, 2051, 2049, 2049, 2049, 2049, 2048]","[2048, 2051, 2049, 2048, 2049, 2051, 2048, 2048, 2048]",320
1142,7772,10,3,2023-03-17T13:44:14.032000+00:00,34.2,29.375,29.522,279.0,316,False,93.097,"[2049, 2049, 2049, 2049, 2049, 2049, 2049, 2049, 2049]","[2049, 2049, 2049, 2049, 2049, 2049, 2049]","[2049, 2049, 2049, 2049, 2049, 2049, 2049, 2049]",320
1142,7772,22,8,2023-03-17T13:44:20.001000+00:00,33.929,29.337,31.498,282.0,322,False,94.764,"[None, 2049, 2049, 2048, 2049, 2049, 2049, 2049, 2048]","[2049, 2049, 2049, 2049, 2049, 2049, 2049]","[2049, 2048, 2048, 2049, 2051, 2048, 2048, 2048, 2048]",327
1142,7772,81,4,2023-03-17T13:44:25.266000+00:00,34.271,29.505,29.932,279.0,319,False,93.708,"[2049, 2049, 2049, 2049, 2049, 2049, 2049, 2049, 2049]","[2049, 2049, 2048, 2049, 2049, 2049, 2049]","[2049, 2048, 2048, 2048, 2048, 2049, 2048, 2048]",323
1142,7772,23,7,2023-03-17T13:44:29.094000+00:00,33.717,28.993,29.317,288.0,329,False,92.027,"[2051, 2049, 2049, 2048, 2048, 2049, 2049, 2049, 2049]","[2049, 2048, 2051, 2049, 2051, 2051, 2051]","[2048, 2049, 2051, 2051, 2049, 2049, 2048, 2048]",334
1142,7772,31,2,2023-03-17T13:44:44.032000+00:00,,34.128,33.288,255.0,304,True,817.503,"[None, 2064, 2064, 2048, 2049, 2049, 2049, 2049, 2049]","[2048, 2049, 2049, 2049, 2049, 2048, 2049]","[2049, 2049, 2049, 2049, 2049, 2049, 2049, 2049, 0]",304
1142,7772,21,9,2023-03-17T13:44:51.422000+00:00,33.773,29.351,29.623,282.0,319,False,92.747,"[None, 2048, 2048, 2049, 2049, 2049, 2049, 2048, 2049]","[2049, 2049, 2049, 2049, 2049, 2048, 2049]","[2048, 2049, 2049, 2048, 2048, 2048, 2048, 2048]",325
1142,7772,55,9,2023-03-17T13:45:08.484000+00:00,33.581,29.408,32.643,282.0,311,False,95.632,"[None, 2048, 2048, 2049, 2049, 2049, 2049, 2048, 2049]","[2048, 2048, 2048, 2049, 2048, 2048, 2048]","[2048, 2049, 2049, 2048, 2048, 2049, 2048, 2048, 2064]",317
1142,7772,11,7,2023-03-17T13:45:09.281000+00:00,86.638,48.173,33.981,162.0,295,True,168.792,"[2064, 2064, 2064, 2048, 2048, 2048, 2048, 2048, 2048]","[2048, 2048, 2048, 2048, 2048, 2048, 2048]","[2048, 2048, 2048, 2048, 2048, 2048, 2048, 2048, 2048]",263
1142,7772,63,8,2023-03-17T13:45:11.609000+00:00,33.962,29.129,29.476,,321,False,92.567,"[2049, 2049, 2048, 2048, 2048, 2049, 2049, 2048, 2048]","[2049, 2048, 2049, 2048, 2049, 2049, 2049]","[2048, 2049, 2049, 2049, 2048, 2048, 2048, 2049]",331
1142,7772,2,9,2023-03-17T13:45:26.406000+00:00,34.321,29.468,32.691,283.0,323,False,96.48,"[None, 2048, 2048, 2049, 2048, 2049, 2049, 2049, 2048]","[2048, 2048, 2048, 2048, 2049, 2048, 2048]","[2048, 2049, 2049, 2048, 2048, 2049, 2048, 2048, 2064]",328
1142,7772,4,4,2023-03-17T13:45:31.093000+00:00,,39.328,33.135,257.0,155,True,665.421,"[2064, 2064, 2064, 2048, 2048, 2048, 2048, 2048, 2048]","[2048, 2048, 2048, 2048, 2048, 2048, 2048]","[2048, 2048, 2048, 2048, 2048, 2048, 2049, 2049, 2049]",266
1142,7772,16,9,2023-03-17T13:45:39.531000+00:00,34.542,30.088,33.208,278.0,294,False,97.838,"[None, 2048, 2048, 2048, 2048, 2048, 2048, 2048, 2048]","[2048, 2048, 2048, 2048, 2048, 2048, 2048]","[2048, 2048, 2048, 2048, 2048, 2048, 2048, 2048, 2064]",298
1142,7772,14,7,2023-03-17T13:45:42.187000+00:00,48.719,54.665,41.728,129.0,156,False,145.112,"[2048, 2048, 2048, 2048, 2048, 2048, 2048, 2048, 2048]","[2048, 2048, 2048, 2048, 2048, 2048, 2048]","[2048, 2048, 2048, 2048, 2048, 2048, 2048, 2048, 2048]",287
1142,7772,10,4,2023-03-17T13:45:47.062000+00:00,51.743,38.394,32.594,248.0,277,False,122.731,"[2048, 2048, 2048, 2048, 2048, 2048, 2048, 2048, 2048]","[2048, 2048, 2048, 2048, 2048, 2048, 2048]","[2048, 2048, 2048, 2048, 2048, 2048, 2049, 2049, 2049]",289
1142,7772,22,9,2023-03-17T13:45:54.780000+00:00,52.566,35.009,38.324,267.0,262,False,125.899,"[None, 2048, 2048, 2048, 2048, 2048, 2048, 2048, 2048]","[2048, 2048, 2048, 2048, 2048, 2048, 2048]","[2048, 2048, 2048, 2048, 2048, 2048, 2048, 2048, 2064]",285
1142,7772,81,5,2023-03-17T13:45:58.874000+00:00,34.289,29.846,30.08,276.0,307,False,94.215,"[2048, 2048, 2048, 2048, 2048, 2049, 2049, 2049, 2048]","[2048, 2048, 2048, 2048, 2049, 2049, 2048]","[2048, 2049, 2048, 2048, 2048, 2048, 2048, 2048, 2048]",308
1142,7772,23,8,2023-03-17T13:46:01.030000+00:00,51.569,43.703,39.855,240.0,230,False,135.127,"[None, 2048, 2048, 2048, 2048, 2048, 2048, 2048, 2048]","[2048, 2048, 2048, 2048, 2048, 2048, 2048]","[2048, 2048, 2048, 2048, 2048, 2048, 2048, 2048, 2048]",166
1142,7772,21,10,2023-03-17T13:46:24.092000+00:00,47.409,45.228,34.732,222.0,194,False,127.369,"[None, 2048, 2048, 2048, 2048, 2048, 2048, 2048, 2048]","[2048, 2048, 2048, 2048, 2048, 2048, 2048]","[2048, 2048, 2048, 2048, 2048, 2048, 2049, 2049, 2049]",280
1142,7772,44,8,2023-03-17T13:46:30.217000+00:00,33.578,28.982,29.538,285.0,322,False,92.098,"[2049, 2049, 2049, 2048, 2048, 2048, 2049, 2049, 2049]","[2048, 2049, 2049, 2049, 2049, 2048, 2048]","[2048, 2049, 2049, 2048, 2048, 2048, 2048, 2048]",326
1142,7772,63,9,2023-03-17T13:46:44.123000+00:00,46.361,34.872,39.884,238.0,279,False,121.117,"[2048, 2048, 2048, 2048, 2048, 2048, 2048, 2048, 2048]","[2048, 2048, 2048, 2048, 2048, 2048, 2048]","[2048, 2048, 2048, 2048, 2048, 2048, 2048, 2048, 2064]",240
1142,7772,31,3,2023-03-17T13:46:51.686000+00:00,34.381,29.857,29.801,279.0,315,False,94.039,"[2049, 2049, 2049, 2049, 2049, 2049, 2049, 2049, 2049]","[2049, 2049, 2049, 2049, 2049, 2049, 2049]","[2049, 2049, 2049, 2049, 2049, 2049, 2049, 2049]",319
1142,7772,11,8,2023-03-17T13:47:26.013000+00:00,33.139,28.692,28.761,288.0,326,False,90.592,"[2048, 2049, 2048, 2049, 2049, 2049, 2049, 2049, 2049]","[2048, 2049, 2049, 2051, 2049, 2048, 2048]","[2049, 2051, 2051, 2048, 2049, 2049, 2049, 2049]",332
1142,7772,81,6,2023-03-17T13:47:33.185000+00:00,48.349,42.804,42.55,166.0,234,False,133.703,"[None, 2048, 2048, 2048, 2048, 2048, 2048, 2048, 2048]","[2048, 2048, 2048, 2048, 2048, 2048, 2048]","[2048, 2048, 2048, 2048, 2048, 2048, 2049, 2048, 2048]",163
1142,7772,4,5,2023-03-17T13:47:36.904000+00:00,33.56,29.381,29.659,280.0,315,False,92.6,"[2049, 2049, 2049, 2049, 2048, 2049, 2049, 2049, 2049]","[2049, 2049, 2049, 2049, 2049, 2049, 2049]","[2049, 2049, 2049, 2048, 2048, 2049, 2048, 2048]",316
1142,7772,10,5,2023-03-17T13:47:49.888000+00:00,33.649,29.131,29.76,283.0,316,False,92.54,"[None, 2048, 2049, 2049, 2049, 2049, 2049, 2049, 2049]","[2049, 2049, 2048, 2049, 2049, 2049, 2048]","[2049, 2048, 2048, 2048, 2049, 2048, 2048, 2048, 2048]",319
1142,7772,2,10,2023-03-17T13:47:53.591000+00:00,92.783,34.891,36.593,273.0,323,True,164.267,"[2064, 2064, 2064, 2048, 2048, 2048, 2048, 2048, 2048]","[2048, 2048, 2048, 2048, 2048, 2048, 2048]","[2048, 2048, 2048, 2048, 2048, 2048, 2048, 2048, 2064]",280
1142,7772,44,9,2023-03-17T13:48:02.278000+00:00,40.667,30.805,35.424,266.0,304,False,106.896,"[2048, 2048, 2048, 2048, 2048, 2048, 2048, 2048, 2048]","[2048, 2048, 2048, 2048, 2048, 2048, 2048]","[2048, 2048, 2048, 2048, 2048, 2048, 2048, 2048, 2064]",307
1142,7772,14,8,2023-03-17T13:48:06.950000+00:00,32.996,28.7,29.073,286.0,315,False,90.769,"[None, 2049, 2049, 2051, 2049, 2051, 2048, 2051, 2051]","[2048, 2051, 2049, 2049, 2049, 2048, 2048]","[2049, 2049, 2048, 2048, 2049, 2048, 2049, 2048, 2048]",318
1142,7772,23,9,2023-03-17T13:48:16.247000+00:00,33.589,28.917,33.97,288.0,327,False,96.476,"[2048, 2048, 2049, 2048, 2049, 2049, 2049, 2048, 2049]","[2049, 2049, 2051, 2049, 2051, 2048, 2048]","[2048, 2049, 2049, 2048, 2048, 2048, 2048, 2048, 2064]",332
1142,7772,31,4,2023-03-17T13:48:25.606000+00:00,50.102,36.523,35.126,185.0,242,False,121.751,"[2048, 2048, 2048, 2048, 2048, 2048, 2048, 2048, 2048]","[2048, 2048, 2048, 2048, 2048, 2048, 2048]","[2048, 2048, 2048, 2048, 2048, 2048, 2049, 2049]",251
1142,7772,21,11,2023-03-17T13:48:31.528000+00:00,33.904,29.237,29.39,283.0,319,False,92.531,"[2049, 2048, 2048, 2048, 2048, 2048, 2049, 2048, 2049]","[2049, 2048, 2049, 2049, 2049, 2049, 2049]","[2048, 2049, 2049, 2048, 2048, 2049, 2048, 2048]",326
1142,7772,1,1,2023-03-17T13:48:51.777000+00:00,36.968,31.56,37.814,274.0,289,True,106.342,"[2064, 2064, 2064, 2049, 2049, 2049, 2049, 2049, 2049]","[2049, 2049, 2049, 2049, 2049, 2049, 2049]","[2049, 2049, 2049, 2049, 2049, 2049, 2049, 2049, 2049]",259
1142,7772,11,9,2023-03-17T13:48:56.543000+00:00,48.415,31.814,33.638,276.0,315,False,113.867,"[None, 2048, 2048, 2048, 2048, 2048, 2048, 2048, 2048]","[2048, 2048, 2048, 2048, 2048, 2048, 2048]","[2048, 2048, 2048, 2048, 2048, 2048, 2048, 2048, 2064]",295
1142,7772,4,6,2023-03-17T13:49:09.433000+00:00,54.816,60.087,46.428,96.0,218,False,161.331,"[2048, 2048, 2048, 2048, 2048, 2048, 2048, 2048, 2048]","[2048, 2048, 2048, 2048, 2048, 2048, 2048]","[2048, 2048, 2048, 2048, 2048, 2048, 2048, 2048, 2048]",136
1142,7772,10,6,2023-03-17T13:49:22.339000+00:00,58.813,45.485,34.034,150.0,265,False,138.332,"[None, 2048, 2048, 2048, 2048, 2048, 2048, 2048, 2048]","[2048, 2048, 2048, 2048, 2048, 2048, 2048]","[2048, 2048, 2048, 2048, 2048, 2048, 2049, 2049, 2048]",303
1142,7772,14,9,2023-03-17T13:49:37.745000+00:00,51.011,51.638,41.55,221.0,186,False,144.199,"[None, 2048, 2048, 2048, 2048, 2048, 2048, 2048, 2048]","[2048, 2048, 2048, 2048, 2048, 2048, 2048]","[2048, 2048, 2048, 2048, 2048, 2048, 2051, 2049, 2049]",268
1142,7772,81,7,2023-03-17T13:49:46.886000+00:00,33.711,29.309,29.617,281.0,314,False,92.637,"[None, 2049, 2049, 2049, 2049, 2049, 2048, 2048, 2049]","[2048, 2049, 2049, 2049, 2048, 2048, 2048]","[2049, 2049, 2049, 2048, 2048, 2048, 2048, 2048]",314
1142,7772,21,12,2023-03-17T13:50:03.995000+00:00,37.895,31.547,36.468,263.0,317,False,105.91,"[2048, 2048, 2048, 2048, 2048, 2048, 2048, 2048, 2048]","[2048, 2048, 2048, 2048, 2048, 2048, 2048]","[2048, 2048, 2048, 2048, 2048, 2048, 2048, 2048, 2064]",252
1142,7772,31,5,2023-03-17T13:50:27.432000+00:00,33.7,29.406,29.807,281.0,316,False,92.913,"[None, 2049, 2049, 2049, 2049, 2049, 2049, 2049, 2049]","[2049, 2049, 2049, 2049, 2049, 2049, 2048]","[2049, 2049, 2049, 2049, 2049, 2048, 2048, 2049, 2049]",320
1142,7772,1,2,2023-03-17T13:50:38.119000+00:00,33.689,28.928,28.947,286.0,324,False,91.564,"[2049, 2049, 2049, 2049, 2049, 2049, 2049, 2049, 2049]","[2049, 2049, 2049, 2049, 2049, 2049, 2049]","[2049, 2049, 2049, 2049, 2049, 2051, 2048, 2049, 2049]",331
1142,7772,81,8,2023-03-17T13:51:19.431000+00:00,51.514,42.65,36.061,139.0,128,False,130.225,"[None, 2048, 2048, 2048, 2048, 2048, 2048, 2048, 2048]","[2048, 2048, 2048, 2048, 2048, 2048, 2048]","[2048, 2048, 2048, 2048, 2048, 2048, 2048, 2048, 2048]",281
1142,7772,10,7,2023-03-17T13:51:40.759000+00:00,33.574,29.112,29.21,281.0,316,False,91.896,"[None, 2048, 2049, 2049, 2049, 2049, 2049, 2048, 2048]","[2048, 2048, 2049, 2049, 2049, 2048, 2048]","[2048, 2049, 2049, 2048, 2048, 2051, 2048, 2048]",320
1142,7772,4,7,2023-03-17T13:51:50.821000+00:00,33.58,29.358,29.823,279.0,311,False,92.761,"[None, 2048, 2049, 2049, 2049, 2048, 2048, 2048, 2048]","[2048, 2049, 2049, 2048, 2048, 2049, 2048]","[2048, 2048, 2048, 2048, 2048, 2049, 2048, 2048, 2048]",312
1142,7772,31,6,2023-03-17T13:52:00.274000+00:00,52.969,43.656,33.57,162.0,189,False,130.195,"[None, 2048, 2048, 2048, 2048, 2048, 2048, 2048, 2048]","[2048, 2048, 2048, 2048, 2048, 2048, 2048]","[2048, 2048, 2048, 2048, 2048, 2048, 2049, 2049, 2049]",299
1142,7772,14,10,2023-03-17T13:52:01.946000+00:00,32.94,28.66,28.909,285.0,315,False,90.509,"[2049, 2049, 2048, 2051, 2049, 2048, 2048, 2051, 2048]","[2048, 2051, 2048, 2051, 2051, 2048, 2048]","[2049, 2051, 2048, 2048, 2049, 2048, 2048, 2048, 2048]",321
1142,7772,1,3,2023-03-17T13:52:09.899000+00:00,59.506,54.647,36.593,97.0,171,False,150.746,"[2048, 2048, 2048, 2048, 2048, 2048, 2048, 2048, 2048]","[2048, 2048, 2048, 2048, 2048, 2048, 2048]","[2048, 2048, 2048, 2048, 2048, 2048, 2048, 2049, 2048]",256
1142,7772,10,8,2023-03-17T13:53:12.554000+00:00,34.319,29.86,29.966,273.0,293,False,94.145,"[None, 2048, 2049, 2048, 2048, 2048, 2048, 2048, 2048]","[2048, 2048, 2048, 2048, 2048, 2048, 2048]","[2048, 2048, 2048, 2048, 2048, 2048, 2048, 2048, 2048]",295
1142,7772,4,8,2023-03-17T13:53:23.585000+00:00,49.232,37.036,41.644,139.0,259,False,127.912,"[None, 2048, 2048, 2048, 2048, 2048, 2048, 2048, 2048]","[2048, 2048, 2048, 2048, 2048, 2048, 2048]","[2048, 2048, 2048, 2048, 2048, 2048, 2048, 2048, 2064]",199
1142,7772,81,9,2023-03-17T13:53:29.757000+00:00,33.425,29.29,33.593,281.0,311,False,96.308,"[None, 2049, 2049, 2049, 2049, 2049, 2049, 2049, 2049]","[2048, 2048, 2048, 2049, 2049, 2049, 2048]","[2048, 2049, 2049, 2048, 2048, 2049, 2048, 2048, 2064]",313
1142,7772,14,11,2023-03-17T13:53:32.382000+00:00,39.5,33.159,33.956,258.0,294,False,106.615,"[2048, 2048, 2048, 2048, 2048, 2048, 2048, 2048, 2048]","[2048, 2048, 2048, 2048, 2048, 2048, 2048]","[2048, 2048, 2048, 2048, 2048, 2048, 2048, 2048, 2064]",297
1142,7772,31,7,2023-03-17T13:54:10.568000+00:00,33.468,29.185,29.34,282.0,316,False,91.993,"[2049, 2049, 2048, 2049, 2049, 2049, 2049, 2049, 2049]","[2049, 2049, 2049, 2049, 2048, 2048, 2048]","[2049, 2049, 2049, 2048, 2048, 2049, 2048, 2048]",320
1142,7772,1,4,2023-03-17T13:54:40.427000+00:00,32.959,28.564,28.971,288.0,324,False,90.494,"[2049, 2049, 2051, 2049, 2049, 2049, 2051, 2051, 2051]","[2049, 2049, 2049, 2051, 2049, 2049, 2049]","[2049, 2049, 2049, 2048, 2051, 2048, 2048, 2049]",331
1142,7772,10,9,2023-03-17T13:54:46.771000+00:00,34.52,29.799,30.363,274.0,294,False,94.682,"[None, 2048, 2049, 2048, 2048, 2048, 2048, 2048, 2048]","[2048, 2048, 2048, 2048, 2048, 2048, 2048]","[2048, 2048, 2048, 2048, 2048, 2048, 2048, 2048]",296
1142,7772,31,8,2023-03-17T13:55:42.473000+00:00,44.324,34.55,35.704,234.0,268,False,114.578,"[2048, 2048, 2048, 2048, 2048, 2048, 2048, 2048, 2048]","[2048, 2048, 2048, 2048, 2048, 2048, 2048]","[2048, 2048, 2048, 2048, 2048, 2048, 2048, 2048, 2064]",304
1142,7772,1,5,2023-03-17T13:56:10.863000+00:00,63.724,62.528,44.11,108.0,129,False,170.362,"[2048, 2048, 2048, 2048, 2048, 2048, 2048, 2048, 2048]","[2048, 2048, 2048, 2048, 2048, 2048, 2048]","[2048, 2048, 2048, 2048, 2048, 2048, 2048, 2049]",226
1142,7772,10,10,2023-03-17T13:56:21.457000+00:00,34.522,29.476,29.985,278.0,295,False,93.983,"[None, 2048, 2048, 2048, 2048, 2048, 2048, 2048, 2048]","[2048, 2048, 2048, 2048, 2049, 2048, 2048]","[2048, 2048, 2049, 2048, 2048, 2048, 2048, 2048, 2048]",300
1142,7772,18,5,2023-03-17T13:57:02.018000+00:00,,31.566,33.545,260.0,285,True,851.273,"[2064, 2064, 2064, 2048, 2048, 2048, 2048, 2048, 2048]","[2048, 2048, 2048, 2048, 2048, 2048, 2048]","[2048, 2048, 2048, 2048, 2048, 2049, 2048, 2048, 2048]",292
1142,7772,27,8,2023-03-17T13:57:08.831000+00:00,,33.725,34.345,257.0,286,True,976.009,"[2064, 2064, 2064, 2048, 2048, 2048, 2048, 2048, 2048]","[2048, 2048, 2048, 2048, 2048, 2048, 2048]","[2048, 2048, 2048, 2048, 2048, 2048, 2048, 2048, 2048]",295
1142,7772,63,10,2023-03-17T13:57:31.252000+00:00,,33.221,35.165,273.0,297,True,632.216,"[2064, 2064, 2064, 2048, 2048, 2048, 2048, 2048, 2048]","[2048, 2048, 2048, 2048, 2048, 2048, 2048]","[2048, 2048, 2048, 2048, 2048, 2048, 2049, 2049, 2048]",275
1142,7772,10,11,2023-03-17T13:57:55.471000+00:00,34.264,29.529,29.909,279.0,295,False,93.702,"[None, 2048, 2048, 2048, 2048, 2048, 2048, 2048, 2048]","[2048, 2048, 2048, 2048, 2049, 2048, 2048]","[2048, 2048, 2049, 2048, 2048, 2048, 2048, 2048, 2048]",299
1142,7772,24,9,2023-03-17T13:58:00.814000+00:00,,35.436,35.051,252.0,285,True,921.64,"[None, 2064, 2064, 2048, 2048, 2048, 2048, 2048, 2048]","[2048, 2048, 2048, 2048, 2048, 2048, 2048]","[2048, 2048, 2048, 2048, 2048, 2048, 2048, 2048, 0]",211
1142,7772,44,10,2023-03-17T13:58:01.080000+00:00,,35.106,38.209,261.0,305,True,611.32,"[2064, 2064, 2064, 2048, 2048, 2048, 2048, 2048, 2048]","[2048, 2048, 2048, 2048, 2048, 2048, 2048]","[2048, 2048, 2048, 2048, 2048, 2048, 2048, 2048, 2048]",209
1142,7772,31,9,2023-03-17T13:58:02.892000+00:00,66.085,33.501,31.913,262.0,299,True,131.499,"[2064, 2064, 2064, 2048, 2048, 2048, 2048, 2048, 2048]","[2048, 2048, 2048, 2048, 2048, 2048, 2048]","[2048, 2048, 2048, 2048, 2048, 2048, 2049, 2049, 2049]",299
1142,7772,23,10,2023-03-17T13:58:05.877000+00:00,,35.562,35.934,278.0,271,True,602.981,"[2064, 2064, 2064, 2048, 2048, 2048, 2048, 2048, 2048]","[2048, 2048, 2048, 2048, 2048, 2048, 2048]","[2048, 2048, 2048, 2048, 2048, 2048, 2048, 2048, 2048]",308
1142,7772,55,10,2023-03-17T13:58:09.798000+00:00,,41.954,39.558,206.0,210,True,811.775,"[2064, 2064, 2064, 2048, 2048, 2048, 2048, 2048, 2048]","[2048, 2048, 2048, 2048, 2048, 2048, 2048]","[2048, 2048, 2048, 2048, 2048, 2048, 2049, 2049, 2048]",180
1142,7772,20,8,2023-03-17T13:58:26.111000+00:00,,42.812,32.637,262.0,122,True,960.251,"[2064, 2064, 2064, 2048, 2048, 2048, 2048, 2048, 2048]","[2048, 2048, 2048, 2048, 2048, 2048, 2048]","[2048, 2048, 2048, 2048, 2048, 2048, 2049, 2048, 2048]",293
1142,7772,16,10,2023-03-17T13:58:28.220000+00:00,,36.41,40.763,250.0,240,True,789.988,"[2064, 2064, 2064, 2048, 2048, 2048, 2048, 2048, 2048]","[2048, 2048, 2048, 2048, 2048, 2048, 2048]","[2048, 2048, 2048, 2048, 2048, 2048, 2049, 2049, 2048]",243
1142,7772,18,6,2023-03-17T13:58:46.735000+00:00,35.805,29.213,29.979,277.0,308,False,94.997,"[2048, 2048, 2049, 2048, 2048, 2048, 2048, 2048, 2048]","[2049, 2049, 2049, 2049, 2049, 2048, 2048]","[2049, 2049, 2049, 2048, 2049, 2049, 2048, 2048]",308
1142,7772,1,6,2023-03-17T13:59:01.282000+00:00,32.861,28.451,28.75,289.0,326,False,90.062,"[None, 2048, 2048, 2048, 2049, 2051, 2051, 2051, 2051]","[2051, 2048, 2049, 2051, 2049, 2049, 2049]","[2049, 2049, 2049, 2049, 2048, 2048, 2048, 2048, 2049]",332
1142,7772,27,9,2023-03-17T13:59:07.063000+00:00,33.207,28.864,29.481,286.0,325,False,91.552,"[2049, 2049, 2049, 2049, 2049, 2049, 2049, 2049, 2049]","[2049, 2049, 2049, 2049, 2049, 2049, 2049]","[2049, 2048, 2049, 2049, 2049, 2048, 2049, 2049, 2049]",329
1142,7772,63,11,2023-03-17T13:59:17.547000+00:00,33.298,28.951,36.66,284.0,321,False,98.909,"[2048, 2049, 2049, 2049, 2048, 2049, 2049, 2049, 2048]","[2049, 2049, 2048, 2049, 2048, 2048, 2048]","[2048, 2049, 2048, 2048, 2048, 2048, 2048, 2048, 2064]",312
1142,7772,77,10,2023-03-17T13:59:27.063000+00:00,,37.913,30.968,259.0,279,True,953.334,"[None, 2064, 2064, 2048, 2048, 2048, 2048, 2048, 2048]","[2048, 2048, 2048, 2048, 2048, 2048, 2048]","[2048, 2048, 2048, 2048, 2048, 2048, 2048, 2048, 2048]",305
1142,7772,10,12,2023-03-17T13:59:29.156000+00:00,37.693,33.344,34.222,199.0,291,False,105.259,"[None, 2048, 2048, 2048, 2048, 2048, 2048, 2048, 2048]","[2048, 2048, 2048, 2048, 2048, 2048, 2048]","[2048, 2048, 2048, 2048, 2048, 2048, 2048, 2048, 2064]",290
1142,7772,31,10,2023-03-17T13:59:48.640000+00:00,33.242,29.171,29.359,283.0,317,False,91.772,"[2048, 2049, 2049, 2048, 2048, 2049, 2049, 2049, 2049]","[2049, 2048, 2048, 2049, 2049, 2049, 2048]","[2048, 2049, 2049, 2049, 2048, 2048, 2048, 2048]",320
1142,7772,23,11,2023-03-17T13:59:55.718000+00:00,33.202,28.792,29.036,286.0,327,False,91.03,"[2048, 2048, 2049, 2049, 2049, 2049, 2049, 2049, 2048]","[2049, 2049, 2048, 2049, 2049, 2048, 2048]","[2049, 2049, 2048, 2048, 2049, 2049, 2048, 2048]",331
1142,7772,44,11,2023-03-17T14:00:00.546000+00:00,49.574,42.236,38.713,218.0,268,False,130.523,"[2049, 2051, 2048, 2048, 2048, 2048, 2048, 2048, 2048]","[2048, 2048, 2048, 2048, 2048, 2048, 2048]","[2048, 2048, 2048, 2048, 2048, 2048, 2048, 2048, 2048]",271
1142,7772,24,10,2023-03-17T14:00:06.624000+00:00,38.117,38.392,41.995,246.0,209,False,118.504,"[2049, 2049, 2049, 2049, 2049, 2048, 2048, 2048, 2048]","[2048, 2048, 2048, 2048, 2048, 2048, 2048]","[2048, 2048, 2048, 2048, 2048, 2048, 2048, 2048, 2048]",161
1142,7772,55,11,2023-03-17T14:00:15.905000+00:00,33.306,29.201,29.114,283.0,313,False,91.621,"[2048, 2048, 2049, 2049, 2049, 2048, 2049, 2048, 2048]","[2048, 2049, 2048, 2049, 2048, 2048, 2048]","[2049, 2049, 2049, 2048, 2048, 2051, 2048, 2049, 2049]",319
1142,7772,18,7,2023-03-17T14:00:21.718000+00:00,49.498,47.982,43.261,128.0,115,False,140.741,"[None, 2048, 2048, 2048, 2048, 2048, 2048, 2048, 2048]","[2048, 2048, 2048, 2048, 2048, 2048, 2048]","[2048, 2048, 2048, 2048, 2048, 2048, 2048, 2048, 2048]",213
1142,7772,16,11,2023-03-17T14:00:27.343000+00:00,33.166,29.043,29.375,283.0,322,False,91.584,"[2049, 2049, 2048, 2049, 2049, 2049, 2049, 2049, 2049]","[2048, 2049, 2049, 2049, 2049, 2049, 2049]","[2049, 2048, 2048, 2048, 2048, 2049, 2048, 2048, 2048]",325
1142,7772,1,7,2023-03-17T14:00:31.390000+00:00,61.024,59.028,42.11,168.0,186,False,162.162,"[None, 2048, 2048, 2048, 2048, 2048, 2048, 2048, 2048]","[2048, 2048, 2048, 2048, 2048, 2048, 2048]","[2048, 2048, 2048, 2048, 2048, 2048, 2048, 2048, 2048]",221
1142,7772,27,10,2023-03-17T14:00:38.561000+00:00,52.6,50.882,40.799,180.0,215,False,144.281,"[2048, 2048, 2048, 2048, 2048, 2048, 2048, 2048, 2048]","[2048, 2048, 2048, 2048, 2048, 2048, 2048]","[2048, 2048, 2048, 2048, 2048, 2048, 2048, 2048, 2048]",129
1142,7772,20,9,2023-03-17T14:00:42.639000+00:00,33.304,28.907,29.355,281.0,320,False,91.566,"[2048, 2049, 2048, 2049, 2051, 2049, 2049, 2049, 2049]","[2049, 2049, 2049, 2049, 2049, 2049, 2049]","[2048, 2049, 2049, 2049, 2049, 2049, 2048, 2049]",326
1142,7772,2,11,2023-03-17T14:00:55.749000+00:00,,34.449,35.301,270.0,290,True,783.0,"[None, 2064, 2064, 2048, 2048, 2048, 2048, 2048, 2048]","[2048, 2048, 2048, 2048, 2048, 2048, 2048]","[2048, 2048, 2048, 2048, 2048, 2048, 2048, 2048, 2048]",184
1142,7772,31,11,2023-03-17T14:01:20.295000+00:00,34.248,30.078,30.349,273.0,300,False,94.675,"[None, 2048, 2048, 2048, 2048, 2048, 2048, 2048, 2048]","[2048, 2048, 2048, 2048, 2048, 2048, 2048]","[2048, 2048, 2048, 2048, 2048, 2048, 2048, 2048, 2048]",297
1142,7772,77,11,2023-03-17T14:01:24.279000+00:00,33.906,29.577,30.187,278.0,315,False,93.67,"[2048, 2048, 2048, 2049, 2049, 2048, 2048, 2049, 2049]","[2049, 2049, 2049, 2049, 2049, 2049, 2049]","[2048, 2048, 2049, 2049, 2049, 2048, 2048, 2049, 2049]",320
1142,7772,23,12,2023-03-17T14:01:26.639000+00:00,51.614,41.748,40.146,240.0,215,False,133.508,"[None, 2048, 2048, 2048, 2048, 2048, 2048, 2048, 2048]","[2048, 2048, 2048, 2048, 2048, 2048, 2048]","[2048, 2048, 2048, 2048, 2048, 2048, 2048, 2048, 2048]",206
1142,7772,63,12,2023-03-17T14:01:26.639000+00:00,79.795,45.727,46.226,245.0,209,True,171.748,"[2064, 2064, 2064, 2048, 2048, 2048, 2048, 2048, 2048]","[2048, 2048, 2048, 2048, 2048, 2048, 2048]","[2048, 2048, 2048, 2048, 2048, 2048, 2048, 2048, 2048]",219
1142,7772,55,12,2023-03-17T14:01:47.419000+00:00,46.498,46.362,41.763,191.0,185,False,134.623,"[None, 2048, 2048, 2048, 2048, 2048, 2048, 2048, 2048]","[2048, 2048, 2048, 2048, 2048, 2048, 2048]","[2048, 2048, 2048, 2048, 2048, 2048, 2048, 2048, 2064]",251
1142,7772,16,12,2023-03-17T14:01:59.263000+00:00,55.104,51.046,38.685,162.0,132,False,144.835,"[2048, 2048, 2048, 2048, 2048, 2048, 2048, 2048, 2048]","[2048, 2048, 2048, 2048, 2048, 2048, 2048]","[2048, 2048, 2048, 2048, 2048, 2048, 2048, 2048, 2064]",255
1142,7772,24,11,2023-03-17T14:02:05.075000+00:00,34.169,29.656,30.036,276.0,313,False,93.861,"[2048, 2048, 2048, 2048, 2048, 2049, 2049, 2049, 2048]","[2049, 2049, 2049, 2049, 2048, 2048, 2049]","[2049, 2048, 2048, 2048, 2049, 2048, 2049, 2048]",317
1142,7772,44,12,2023-03-17T14:02:11.060000+00:00,33.445,28.86,38.727,285.0,323,False,101.032,"[2048, 2048, 2048, 2049, 2048, 2049, 2049, 2049, 2048]","[2049, 2049, 2049, 2049, 2048, 2049, 2048]","[2048, 2048, 2048, 2048, 2048, 2048, 2048, 2048, 2048]",210
1142,7772,22,10,2023-03-17T14:02:12.560000+00:00,,31.994,37.75,268.0,291,True,962.879,"[2064, 2064, 2064, 2048, 2048, 2048, 2048, 2048, 2048]","[2048, 2048, 2048, 2048, 2048, 2048, 2048]","[2048, 2048, 2048, 2048, 2048, 2048, 2049, 2049]",140
1142,7772,20,10,2023-03-17T14:02:14.138000+00:00,53.195,54.76,49.164,140.0,154,False,157.119,"[None, 2048, 2048, 2048, 2048, 2048, 2048, 2048, 2048]","[2048, 2048, 2048, 2048, 2048, 2048, 2048]","[2048, 2048, 2048, 2048, 2048, 2048, 2048, 2048, 2048]",160
1142,7772,18,8,2023-03-17T14:02:42.465000+00:00,33.324,29.014,29.446,284.0,319,False,91.784,"[None, 2049, 2049, 2048, 2049, 2049, 2049, 2049, 2049]","[2049, 2049, 2049, 2048, 2048, 2049, 2049]","[2049, 2048, 2048, 2049, 2049, 2048, 2049, 2049]",318
1142,7772,2,12,2023-03-17T14:02:50.121000+00:00,33.894,29.356,29.257,284.0,324,False,92.507,"[2048, 2049, 2049, 2049, 2049, 2049, 2049, 2049, 2048]","[2048, 2049, 2049, 2048, 2048, 2048, 2048]","[2049, 2048, 2048, 2049, 2049, 2048, 2048, 2049]",330
1142,7772,31,12,2023-03-17T14:02:55.059000+00:00,34.452,30.059,34.301,275.0,295,False,98.812,"[None, 2048, 2048, 2048, 2048, 2048, 2048, 2048, 2048]","[2048, 2048, 2048, 2048, 2048, 2048, 2048]","[2048, 2048, 2048, 2048, 2048, 2048, 2048, 2048, 2064]",288
1142,7772,77,12,2023-03-17T14:02:57.949000+00:00,46.203,38.681,40.801,125.0,188,False,125.685,"[2049, 2048, 2048, 2048, 2048, 2048, 2048, 2048, 2048]","[2048, 2048, 2048, 2048, 2048, 2048, 2048]","[2048, 2048, 2048, 2048, 2048, 2048, 2048, 2048]",117
1142,7772,27,11,2023-03-17T14:03:02.902000+00:00,33.401,29.005,29.221,285.0,325,False,91.627,"[None, 2048, 2048, 2048, 2048, 2048, 2049, 2049, 2048]","[2048, 2048, 2048, 2048, 2049, 2048, 2048]","[2048, 2049, 2049, 2049, 2048, 2049, 2049, 2049]",330
1142,7772,21,13,2023-03-17T14:03:09.152000+00:00,,31.005,37.294,269.0,300,True,788.185,"[2064, 2064, 2064, 2048, 2048, 2048, 2048, 2048, 2048]","[2048, 2048, 2048, 2048, 2048, 2048, 2048]","[2048, 2048, 2048, 2048, 2048, 2048, 2049, 2048, 2048]",242
1142,7772,1,8,2023-03-17T14:03:13.543000+00:00,32.635,28.407,28.773,290.0,327,False,89.815,"[2049, 2049, 2048, 2049, 2049, 2048, 2051, 2051, 2051]","[2049, 2048, 2049, 2051, 2048, 2049, 2049]","[2048, 2048, 2049, 2049, 2048, 2048, 2048, 2048, 2049]",332
1142,7772,4,9,2023-03-17T14:03:32.558000+00:00,,37.164,35.503,139.0,297,True,600.294,"[2064, 2064, 2064, 2048, 2048, 2048, 2048, 2048, 2048]","[2048, 2048, 2048, 2048, 2048, 2048, 2048]","[2048, 2048, 2048, 2048, 2048, 2048, 2048, 2048, 2048]",209
1142,7772,24,12,2023-03-17T14:03:38.855000+00:00,54.891,41.951,38.624,175.0,221,False,135.466,"[None, 2048, 2048, 2048, 2048, 2048, 2048, 2048, 2048]","[2048, 2048, 2048, 2048, 2048, 2048, 2048]","[2048, 2048, 2048, 2048, 2048, 2048, 2048, 2048, 2048]",261
1142,7772,23,13,2023-03-17T14:03:40.246000+00:00,33.129,28.832,29.093,288.0,324,False,91.054,"[None, 2048, 2049, 2049, 2048, 2048, 2048, 2049, 2049]","[2051, 2048, 2048, 2048, 2048, 2048, 2048]","[2048, 2048, 2048, 2048, 2048, 2048, 2048, 2048, 2048]",330
1142,7772,63,13,2023-03-17T14:03:48.214000+00:00,33.102,28.681,28.988,288.0,324,False,90.771,"[2048, 2049, 2049, 2049, 2049, 2049, 2049, 2048, 2049]","[2048, 2049, 2051, 2049, 2051, 2049, 2049]","[2049, 2048, 2048, 2048, 2049, 2049, 2049, 2049]",329
1142,7772,44,13,2023-03-17T14:03:52.073000+00:00,61.462,56.279,39.607,127.0,265,False,157.348,"[None, 2048, 2048, 2048, 2048, 2048, 2048, 2048, 2048]","[2048, 2048, 2048, 2048, 2048, 2048, 2048]","[2048, 2048, 2048, 2048, 2048, 2048, 2048, 2048, 2048]",256
1142,7772,22,11,2023-03-17T14:04:03.527000+00:00,34.37,29.877,29.61,282.0,319,False,93.857,"[2048, 2048, 2048, 2049, 2048, 2048, 2048, 2048, 2048]","[2048, 2048, 2048, 2048, 2048, 2048, 2048]","[2048, 2049, 2049, 2048, 2048, 2048, 2048, 2048, 2048]",325
1142,7772,18,9,2023-03-17T14:04:14.167000+00:00,55.162,48.474,45.336,161.0,201,False,148.972,"[None, 2048, 2048, 2048, 2048, 2048, 2048, 2048, 2048]","[2048, 2048, 2048, 2048, 2048, 2048, 2048]","[2048, 2048, 2048, 2048, 2048, 2048, 2048, 2048, 2048]",120
1142,7772,2,13,2023-03-17T14:04:22.542000+00:00,51.792,47.739,47.289,244.0,180,False,146.82,"[None, 2048, 2048, 2048, 2048, 2048, 2048, 2048, 2048]","[2048, 2048, 2048, 2048, 2048, 2048, 2048]","[2048, 2048, 2048, 2048, 2048, 2048, 2048, 2048, 2048]",105
1142,7772,55,13,2023-03-17T14:04:23.839000+00:00,66.977,46.158,39.23,192.0,162,True,152.365,"[2064, 2064, 2064, 2048, 2048, 2048, 2048, 2048, 2048]","[2048, 2048, 2048, 2048, 2048, 2048, 2048]","[2048, 2048, 2048, 2048, 2048, 2048, 2048, 2048, 2048]",167
1142,7772,27,12,2023-03-17T14:04:34.526000+00:00,55.404,52.016,45.248,132.0,157,False,152.668,"[None, 2048, 2048, 2048, 2048, 2048, 2048, 2048, 2048]","[2048, 2048, 2048, 2048, 2048, 2048, 2048]","[2048, 2048, 2048, 2048, 2048, 2048, 2048, 2048, 2048]",233
1142,7772,1,9,2023-03-17T14:04:43.338000+00:00,37.284,32.035,35.929,265.0,279,False,105.248,"[2048, 2048, 2048, 2048, 2048, 2048, 2048, 2048, 2048]","[2048, 2048, 2048, 2048, 2048, 2048, 2048]","[2048, 2048, 2048, 2048, 2048, 2048, 2048, 2048, 2064]",226
1142,7772,20,11,2023-03-17T14:04:51.307000+00:00,33.502,29.153,29.442,281.0,323,False,92.097,"[None, 2048, 2048, 2048, 2048, 2048, 2048, 2048, 2048]","[2048, 2049, 2048, 2048, 2048, 2048, 2049]","[2048, 2048, 2048, 2049, 2048, 2048, 2048, 2049]",326
1142,7772,16,13,2023-03-17T14:04:53.369000+00:00,82.746,35.99,37.895,251.0,264,True,156.631,"[2064, 2064, 2064, 2048, 2048, 2048, 2048, 2048, 2048]","[2048, 2048, 2048, 2048, 2048, 2048, 2048]","[2048, 2048, 2048, 2048, 2048, 2048, 2051, 2049, 2048]",186
1142,7772,21,14,2023-03-17T14:04:58.135000+00:00,33.757,29.28,29.41,282.0,319,False,92.447,"[2048, 2048, 2049, 2049, 2049, 2048, 2048, 2048, 2048]","[2048, 2049, 2048, 2048, 2048, 2048, 2049]","[2048, 2048, 2048, 2048, 2048, 2048, 2048, 2048]",326
1142,7772,77,13,2023-03-17T14:05:03.635000+00:00,33.39,29.13,29.45,282.0,320,False,91.97,"[None, 2049, 2049, 2049, 2049, 2049, 2049, 2048, 2049]","[2049, 2049, 2049, 2049, 2049, 2049, 2049]","[2049, 2048, 2049, 2049, 2048, 2049, 2048, 2049]",324
1142,7772,23,14,2023-03-17T14:05:11.291000+00:00,54.39,45.568,39.761,181.0,208,False,139.719,"[None, 2048, 2048, 2048, 2048, 2048, 2048, 2048, 2048]","[2048, 2048, 2048, 2048, 2048, 2048, 2048]","[2048, 2048, 2048, 2048, 2048, 2048, 2048, 2048, 2048]",280
1142,7772,63,14,2023-03-17T14:05:18.900000+00:00,45.186,38.527,40.521,208.0,209,False,124.234,"[None, 2048, 2048, 2048, 2048, 2048, 2048, 2048, 2048]","[2048, 2048, 2048, 2048, 2048, 2048, 2048]","[2048, 2048, 2048, 2048, 2048, 2048, 2048, 2048, 2064]",209
1142,7772,4,10,2023-03-17T14:05:31.790000+00:00,33.414,29.135,29.6,280.0,311,False,92.149,"[2048, 2049, 2049, 2048, 2049, 2049, 2049, 2049, 2048]","[2049, 2049, 2049, 2049, 2049, 2048, 2048]","[2048, 2049, 2048, 2048, 2048, 2048, 2048, 2048]",314
1142,7772,22,12,2023-03-17T14:05:37.384000+00:00,34.129,29.666,30.026,283.0,322,False,93.821,"[None, 2049, 2048, 2048, 2048, 2048, 2048, 2048, 2049]","[2048, 2048, 2048, 2048, 2048, 2048, 2048]","[2048, 2048, 2048, 2048, 2048, 2048, 2048, 2048]",325
1142,7772,14,12,2023-03-17T14:05:40.634000+00:00,,38.738,39.439,256.0,301,True,738.775,"[2064, 2064, 2064, 2048, 2048, 2048, 2048, 2048, 2048]","[2048, 2048, 2048, 2048, 2048, 2048, 2048]","[2048, 2048, 2048, 2048, 2048, 2048, 2048, 2048, 2048]",253
1142,7772,24,13,2023-03-17T14:05:54.431000+00:00,33.437,29.126,29.423,281.0,318,False,91.986,"[2049, 2049, 2049, 2049, 2049, 2049, 2049, 2049, 2049]","[2049, 2049, 2049, 2049, 2049, 2049, 2049]","[2049, 2049, 2049, 2049, 2049, 2049, 2049, 2049]",322
1142,7772,20,12,2023-03-17T14:06:23.415000+00:00,56.036,49.794,41.514,201.0,138,False,147.344,"[None, 2048, 2048, 2048, 2048, 2048, 2048, 2048, 2048]","[2048, 2048, 2048, 2048, 2048, 2048, 2048]","[2048, 2048, 2048, 2048, 2048, 2048, 2048, 2048, 2048]",232
1142,7772,44,14,2023-03-17T14:06:29.446000+00:00,33.167,28.596,29.024,287.0,323,False,90.787,"[None, 2048, 2048, 2049, 2049, 2049, 2049, 2049, 2049]","[2051, 2049, 2051, 2049, 2049, 2049, 2049]","[2048, 2049, 2049, 2049, 2048, 2049, 2049, 2051]",325
1142,7772,21,15,2023-03-17T14:06:30.539000+00:00,52.926,40.955,33.39,128.0,286,False,127.271,"[2049, 2048, 2048, 2048, 2048, 2048, 2048, 2048, 2048]","[2048, 2048, 2048, 2048, 2048, 2048, 2048]","[2048, 2048, 2048, 2048, 2048, 2048, 2048, 2048, 2048]",299
1142,7772,55,14,2023-03-17T14:06:34.539000+00:00,33.021,28.98,28.923,284.0,315,False,90.924,"[2048, 2048, 2048, 2048, 2048, 2049, 2049, 2049, 2049]","[2048, 2049, 2048, 2049, 2049, 2049, 2048]","[2049, 2049, 2049, 2049, 2049, 2048, 2048, 2049, 2049]",327
1142,7772,77,14,2023-03-17T14:06:35.586000+00:00,48.53,52.498,50.268,116.0,258,False,151.296,"[None, 2048, 2048, 2048, 2048, 2048, 2048, 2048, 2048]","[2048, 2048, 2048, 2048, 2048, 2048, 2048]","[2048, 2048, 2048, 2048, 2048, 2048, 2048, 2048]",81
1142,7772,18,10,2023-03-17T14:06:43.195000+00:00,39.901,50.913,42.092,125.0,248,False,132.906,"[None, 2048, 2048, 2049, 2051, 2049, 2048, 2048, 2048]","[2048, 2048, 2048, 2048, 2048, 2048, 2048]","[2048, 2048, 2048, 2048, 2048, 2048, 2048, 2048, 2048]",112
1142,7772,2,14,2023-03-17T14:06:49.461000+00:00,33.685,29.228,29.234,286.0,322,False,92.147,"[None, 2049, 2048, 2049, 2048, 2049, 2049, 2049, 2049]","[2048, 2049, 2049, 2048, 2049, 2049, 2048]","[2048, 2049, 2049, 2048, 2048, 2049, 2049, 2048]",328
1142,7772,81,10,2023-03-17T14:06:55.211000+00:00,,34.411,45.76,178.0,300,True,834.825,"[2064, 2064, 2064, 2048, 2048, 2048, 2048, 2048, 2048]","[2048, 2048, 2048, 2048, 2048, 2048, 2048]","[2048, 2048, 2048, 2048, 2048, 2048, 2048, 2048, 2048]",90
1142,7772,16,14,2023-03-17T14:07:00.414000+00:00,32.936,28.985,29.197,283.0,323,False,91.118,"[2048, 2049, 2049, 2048, 2049, 2049, 2049, 2049, 2049]","[2048, 2048, 2049, 2049, 2048, 2049, 2049]","[2048, 2049, 2049, 2049, 2048, 2048, 2048, 2048]",320
1142,7772,4,11,2023-03-17T14:07:03.867000+00:00,63.671,51.936,46.303,94.0,223,False,161.91,"[None, 2048, 2048, 2048, 2048, 2048, 2048, 2048, 2048]","[2048, 2048, 2048, 2048, 2048, 2048, 2048]","[2048, 2048, 2048, 2048, 2048, 2048, 2048, 2048, 2048]",247
1142,7772,27,13,2023-03-17T14:07:07.195000+00:00,33.664,31.183,37.352,282.0,262,False,102.199,"[None, 2048, 2048, 2048, 2048, 2048, 2048, 2048, 2048]","[2048, 2048, 2048, 2048, 2048, 2048, 2048]","[2048, 2048, 2048, 2048, 2048, 2048, 2048, 2048, 2064]",242
1142,7772,22,13,2023-03-17T14:07:11.211000+00:00,40.158,32.827,37.006,268.0,286,False,109.991,"[None, 2048, 2048, 2048, 2048, 2048, 2048, 2048, 2048]","[2048, 2048, 2048, 2048, 2048, 2048, 2048]","[2048, 2048, 2048, 2048, 2048, 2048, 2048, 2048, 2064]",260
1142,7772,24,14,2023-03-17T14:07:26.351000+00:00,45.119,37.708,36.422,113.0,298,False,119.249,"[2048, 2048, 2048, 2048, 2048, 2048, 2048, 2048, 2048]","[2048, 2048, 2048, 2048, 2048, 2048, 2048]","[2048, 2048, 2048, 2048, 2048, 2048, 2048, 2048, 2064]",299
1142,7772,23,15,2023-03-17T14:07:31.038000+00:00,33.15,28.786,29.154,288.0,324,False,91.09,"[None, 2048, 2048, 2048, 2048, 2049, 2049, 2049, 2048]","[2049, 2049, 2048, 2048, 2048, 2048, 2048]","[2049, 2048, 2048, 2048, 2049, 2048, 2048, 2048, 2049]",330
1142,7772,14,13,2023-03-17T14:07:37.866000+00:00,32.965,28.774,28.942,281.0,318,False,90.681,"[2048, 2048, 2049, 2048, 2048, 2051, 2049, 2051, 2048]","[2049, 2048, 2048, 2048, 2048, 2048, 2048]","[2048, 2048, 2048, 2048, 2049, 2049, 2048, 2048, 2048]",323
1142,7772,44,15,2023-03-17T14:08:00.194000+00:00,39.758,31.456,33.853,262.0,294,False,105.067,"[None, 2048, 2048, 2048, 2048, 2048, 2048, 2048, 2048]","[2048, 2048, 2048, 2048, 2048, 2048, 2048]","[2048, 2048, 2048, 2048, 2048, 2048, 2048, 2048, 2064]",301
1142,7772,55,15,2023-03-17T14:08:05.335000+00:00,41.07,30.522,33.652,247.0,295,False,105.244,"[None, 2048, 2048, 2048, 2048, 2048, 2048, 2048, 2048]","[2048, 2048, 2048, 2048, 2048, 2048, 2048]","[2048, 2048, 2048, 2048, 2048, 2048, 2048, 2048, 2064]",308
1142,7772,2,15,2023-03-17T14:08:21.506000+00:00,46.522,49.587,39.929,244.0,99,False,136.038,"[None, 2048, 2048, 2048, 2048, 2048, 2048, 2048, 2048]","[2048, 2048, 2048, 2048, 2048, 2048, 2048]","[2048, 2048, 2048, 2048, 2048, 2048, 2048, 2048, 2048]",200
1142,7772,16,15,2023-03-17T14:08:31.428000+00:00,53.534,54.04,42.403,118.0,157,False,149.977,"[None, 2048, 2048, 2048, 2048, 2048, 2048, 2048, 2048]","[2048, 2048, 2048, 2048, 2048, 2048, 2048]","[2048, 2048, 2048, 2048, 2048, 2048, 2048, 2048]",201
1142,7772,21,16,2023-03-17T14:08:37.865000+00:00,33.69,29.256,29.283,281.0,319,False,92.229,"[2048, 2048, 2048, 2049, 2048, 2048, 2048, 2049, 2048]","[2048, 2049, 2048, 2048, 2049, 2048, 2048]","[2048, 2049, 2048, 2048, 2048, 2049, 2048, 2048, 2048]",324
1142,7772,20,13,2023-03-17T14:08:50.756000+00:00,33.699,29.197,29.447,278.0,318,False,92.343,"[None, 2048, 2048, 2048, 2048, 2048, 2048, 2048, 2049]","[2048, 2048, 2048, 2048, 2048, 2048, 2048]","[2048, 2049, 2048, 2048, 2048, 2049, 2048, 2048, 2048]",322
1142,7772,18,11,2023-03-17T14:08:56.130000+00:00,33.1,28.795,29.283,283.0,322,False,91.178,"[None, 2048, 2048, 2048, 2048, 2048, 2048, 2051, 2049]","[2049, 2048, 2049, 2049, 2049, 2049, 2049]","[2048, 2048, 2049, 2049, 2048, 2049, 2049, 2049]",322
1142,7772,81,11,2023-03-17T14:09:00.896000+00:00,33.464,29.233,29.645,279.0,320,False,92.342,"[2048, 2048, 2049, 2048, 2049, 2049, 2049, 2049, 2048]","[2049, 2048, 2049, 2049, 2048, 2049, 2049]","[2049, 2048, 2048, 2048, 2049, 2048, 2049, 2049]",322
1142,7772,23,16,2023-03-17T14:09:02.099000+00:00,45.504,34.723,35.24,240.0,258,False,115.467,"[None, 2048, 2048, 2048, 2048, 2048, 2048, 2048, 2048]","[2048, 2048, 2048, 2048, 2048, 2048, 2048]","[2048, 2048, 2048, 2048, 2048, 2048, 2048, 2048, 2064]",297
1142,7772,77,15,2023-03-17T14:09:06.912000+00:00,33.66,29.597,29.678,277.0,311,False,92.935,"[2048, 2048, 2049, 2048, 2048, 2048, 2048, 2048, 2048]","[2048, 2049, 2048, 2048, 2048, 2048, 2048]","[2048, 2049, 2048, 2048, 2048, 2048, 2048, 2048, 2048]",316
1142,7772,14,14,2023-03-17T14:09:08.521000+00:00,50.581,55.065,41.171,243.0,265,False,146.817,"[None, 2048, 2048, 2048, 2048, 2048, 2048, 2048, 2048]","[2048, 2048, 2048, 2048, 2048, 2048, 2048]","[2048, 2048, 2048, 2048, 2048, 2048, 2048, 2048]",291
1142,7772,4,12,2023-03-17T14:09:45.864000+00:00,33.162,29.075,30.433,280.0,308,False,92.67,"[None, 2049, 2049, 2049, 2048, 2048, 2048, 2049, 2049]","[2048, 2049, 2048, 2049, 2049, 2048, 2048]","[2048, 2049, 2049, 2048, 2048, 2049, 2048, 2048]",313
1142,7772,21,17,2023-03-17T14:10:10.114000+00:00,47.775,35.04,36.265,198.0,294,False,119.08,"[None, 2048, 2048, 2048, 2048, 2048, 2048, 2048, 2048]","[2048, 2048, 2048, 2048, 2048, 2048, 2048]","[2048, 2048, 2048, 2048, 2048, 2048, 2048, 2048, 2064]",285
1142,7772,20,14,2023-03-17T14:10:23.098000+00:00,38.849,33.337,34.594,199.0,291,False,106.78,"[None, 2048, 2048, 2048, 2048, 2048, 2048, 2048, 2048]","[2048, 2048, 2048, 2048, 2048, 2048, 2048]","[2048, 2048, 2048, 2048, 2048, 2048, 2048, 2048, 2064]",308
1142,7772,18,12,2023-03-17T14:10:27.223000+00:00,41.182,34.944,34.126,258.0,289,False,110.252,"[None, 2048, 2048, 2048, 2048, 2048, 2048, 2048, 2048]","[2048, 2048, 2048, 2048, 2048, 2048, 2048]","[2048, 2048, 2048, 2048, 2048, 2048, 2048, 2048, 2064]",312
1142,7772,81,12,2023-03-17T14:10:33.223000+00:00,55.748,40.589,39.421,213.0,207,False,135.758,"[None, 2048, 2048, 2048, 2048, 2048, 2048, 2048, 2048]","[2048, 2048, 2048, 2048, 2048, 2048, 2048]","[2048, 2048, 2048, 2048, 2048, 2048, 2048, 2048, 2048]",159
1142,7772,2,16,2023-03-17T14:10:37.629000+00:00,33.601,29.217,29.104,286.0,323,False,91.922,"[None, 2049, 2048, 2049, 2049, 2049, 2048, 2048, 2048]","[2049, 2049, 2049, 2048, 2048, 2049, 2048]","[2048, 2049, 2049, 2049, 2048, 2048, 2048, 2049]",330
1142,7772,77,16,2023-03-17T14:10:39.847000+00:00,38.441,33.124,35.884,252.0,283,False,107.449,"[None, 2048, 2048, 2048, 2048, 2048, 2048, 2048, 2048]","[2048, 2048, 2048, 2048, 2048, 2048, 2048]","[2048, 2048, 2048, 2048, 2048, 2048, 2048, 2048, 2064]",281
1142,7772,16,16,2023-03-17T14:11:01.503000+00:00,33.227,29.141,31.686,282.0,310,False,94.054,"[None, 2048, 2048, 2049, 2048, 2048, 2048, 2048, 2048]","[2048, 2049, 2048, 2049, 2048, 2048, 2048]","[2048, 2049, 2048, 2048, 2048, 2048, 2048, 2048, 2064]",315
1142,7772,4,13,2023-03-17T14:11:18.550000+00:00,39.886,39.362,37.223,227.0,218,False,116.471,"[None, 2048, 2048, 2048, 2048, 2048, 2048, 2048, 2048]","[2048, 2048, 2048, 2048, 2048, 2048, 2048]","[2048, 2048, 2048, 2048, 2048, 2048, 2048, 2048, 2064]",183
1142,7772,22,14,2023-03-17T14:11:25.972000+00:00,,33.603,36.862,246.0,290,True,256.48,"[2064, 2064, 2064, 2048, 2048, 2048, 2048, 2048, 2048]","[2048, 2048, 2048, 2048, 2048, 2048, 2048]","[2048, 2048, 2048, 2048, 2048, 2048, 2049, 2048, 2048]",137
1142,7772,11,10,2023-03-17T14:11:27.925000+00:00,,34.398,37.203,260.0,266,True,1352.45,"[2064, 2064, 2064, 2048, 2048, 2048, 2048, 2048, 2048]","[2048, 2048, 2048, 2048, 2048, 2048, 2048]","[2048, 2048, 2048, 2048, 2048, 2048, 2049, 2049, 2048]",148
1142,7772,14,15,2023-03-17T14:11:35.346000+00:00,32.924,28.556,28.835,285.0,320,False,90.315,"[None, 2049, 2048, 2048, 2049, 2051, 2049, 2048, 2048]","[2049, 2051, 2049, 2049, 2048, 2048, 2048]","[2049, 2051, 2048, 2048, 2049, 2049, 2048, 2048, 2048]",323
1142,7772,2,17,2023-03-17T14:12:09.518000+00:00,37.287,32.681,34.628,262.0,296,False,104.596,"[None, 2048, 2048, 2048, 2048, 2048, 2048, 2048, 2048]","[2048, 2048, 2048, 2048, 2048, 2048, 2048]","[2048, 2048, 2048, 2048, 2048, 2048, 2048, 2048, 2064]",300
1142,7772,21,18,2023-03-17T14:12:36.064000+00:00,61.644,31.646,31.9,271.0,298,True,125.19,"[2064, 2064, 2064, 2048, 2048, 2048, 2048, 2048, 2048]","[2048, 2048, 2048, 2048, 2048, 2048, 2048]","[2048, 2048, 2048, 2048, 2048, 2048, 2048, 2048, 2048]",290
1142,7772,77,17,2023-03-17T14:12:43.158000+00:00,64.819,33.19,35.531,257.0,281,True,133.54,"[2064, 2064, 2064, 2048, 2048, 2048, 2048, 2048, 2048]","[2048, 2048, 2048, 2048, 2048, 2048, 2048]","[2048, 2048, 2048, 2048, 2048, 2048, 2048, 2048, 2064]",283
1142,7772,81,13,2023-03-17T14:12:48.986000+00:00,33.276,29.048,29.347,282.0,319,False,91.671,"[None, 2048, 2048, 2048, 2049, 2048, 2049, 2049, 2049]","[2049, 2049, 2048, 2049, 2049, 2049, 2048]","[2048, 2049, 2049, 2048, 2048, 2048, 2049, 2049]",323
1142,7772,14,16,2023-03-17T14:13:05.642000+00:00,42.459,37.804,37.449,154.0,263,False,117.712,"[None, 2048, 2048, 2048, 2048, 2048, 2048, 2048, 2048]","[2048, 2048, 2048, 2048, 2048, 2048, 2048]","[2048, 2048, 2048, 2048, 2048, 2048, 2048, 2048, 2064]",221
1142,7772,22,15,2023-03-17T14:13:17.673000+00:00,33.289,29.065,29.529,282.0,321,False,91.883,"[2048, 2049, 2049, 2049, 2049, 2049, 2049, 2049, 2049]","[2048, 2049, 2048, 2049, 2049, 2048, 2048]","[2048, 2049, 2049, 2048, 2048, 2048, 2048, 2048, 2048]",325
1142,7772,11,11,2023-03-17T14:13:22.923000+00:00,32.77,28.904,43.91,289.0,327,False,105.584,"[2051, 2049, 2049, 2049, 2049, 2048, 2048, 2049, 2049]","[2049, 2048, 2049, 2048, 2048, 2048, 2049]","[2049, 2048, 2048, 2048, 2048, 2048, 2048, 2048, 2064]",205
1142,7772,10,13,2023-03-17T14:13:41.047000+00:00,,32.037,30.979,266.0,303,True,848.3,"[2064, 2064, 2064, 2048, 2048, 2048, 2048, 2048, 2048]","[2048, 2048, 2048, 2048, 2048, 2048, 2048]","[2048, 2048, 2048, 2048, 2048, 2048, 2049, 2049, 2049]",306
1142,7772,21,19,2023-03-17T14:14:14.375000+00:00,33.198,29.055,29.207,283.0,319,False,91.46,"[2048, 2048, 2049, 2049, 2048, 2049, 2049, 2049, 2049]","[2048, 2049, 2048, 2049, 2049, 2049, 2048]","[2049, 2048, 2048, 2048, 2048, 2048, 2048, 2048, 2048]",324
1142,7772,81,14,2023-03-17T14:14:20.547000+00:00,51.052,45.274,36.737,236.0,273,False,133.063,"[None, 2048, 2048, 2048, 2048, 2048, 2048, 2048, 2048]","[2048, 2048, 2048, 2048, 2048, 2048, 2048]","[2048, 2048, 2048, 2048, 2048, 2048, 2048, 2048, 2048]",267
1142,7772,22,16,2023-03-17T14:14:49.562000+00:00,53.023,37.775,42.126,213.0,278,False,132.924,"[None, 2048, 2048, 2048, 2048, 2048, 2048, 2048, 2048]","[2048, 2048, 2048, 2048, 2048, 2048, 2048]","[2048, 2048, 2048, 2048, 2048, 2048, 2048, 2048, 2064]",246
1142,7772,63,15,2023-03-17T14:14:56.202000+00:00,,30.433,31.707,277.0,317,True,569.593,"[2064, 2064, 2064, 2048, 2048, 2048, 2048, 2048, 2048]","[2048, 2048, 2048, 2048, 2048, 2048, 2048]","[2048, 2048, 2048, 2048, 2048, 2048, 2048, 2048, 2048]",307
1142,7772,10,14,2023-03-17T14:15:22.702000+00:00,33.043,29.037,29.458,284.0,317,False,91.538,"[2048, 2049, 2049, 2048, 2049, 2051, 2049, 2049, 2049]","[2048, 2048, 2048, 2049, 2049, 2049, 2049]","[2048, 2048, 2048, 2049, 2048, 2048, 2048, 2048, 2049]",322
1142,7772,11,12,2023-03-17T14:15:33.217000+00:00,73.906,53.916,53.798,157.0,142,True,181.62,"[2064, 2064, 2064, 2048, 2048, 2048, 2048, 2048, 2048]","[2048, 2048, 2048, 2048, 2048, 2048, 2048]","[2048, 2048, 2048, 2048, 2048, 2048, 2048, 2048, 2048]",118
1142,7772,21,20,2023-03-17T14:15:45.748000+00:00,47.107,38.413,34.113,220.0,229,False,119.633,"[None, 2048, 2048, 2048, 2048, 2048, 2048, 2048, 2048]","[2048, 2048, 2048, 2048, 2048, 2048, 2048]","[2048, 2048, 2048, 2048, 2048, 2048, 2049, 2048, 2048]",278
1142,7772,44,16,2023-03-17T14:16:07.310000+00:00,,30.325,30.798,277.0,307,True,490.73,"[2064, 2064, 2064, 2048, 2048, 2048, 2048, 2048, 2048]","[2048, 2048, 2048, 2048, 2048, 2048, 2048]","[2048, 2048, 2048, 2048, 2048, 2048, 2048, 2048, 2048]",308
1142,7772,81,15,2023-03-17T14:16:33.716000+00:00,33.226,28.933,29.332,283.0,319,False,91.491,"[None, 2048, 2048, 2048, 2048, 2051, 2049, 2049, 2049]","[2049, 2049, 2049, 2049, 2049, 2049, 2048]","[2048, 2049, 2049, 2048, 2048, 2049, 2048, 2048]",323
1142,7772,1,10,2023-03-17T14:16:36.591000+00:00,,33.778,33.569,246.0,284,True,712.959,"[2064, 2064, 2064, 2048, 2048, 2048, 2048, 2048, 2048]","[2048, 2048, 2048, 2048, 2048, 2048, 2048]","[2048, 2048, 2048, 2048, 2048, 2049, 2049, 2049, 2049]",245
1142,7772,63,16,2023-03-17T14:16:52.794000+00:00,35.282,30.25,30.456,278.0,302,False,95.988,"[2048, 2048, 2048, 2048, 2048, 2048, 2048, 2048, 2048]","[2048, 2048, 2048, 2048, 2048, 2048, 2048]","[2048, 2048, 2048, 2048, 2048, 2048, 2048, 2048, 2048]",302
1142,7772,10,15,2023-03-17T14:16:54.169000+00:00,55.656,42.99,32.854,199.0,295,False,131.5,"[None, 2048, 2048, 2048, 2048, 2048, 2048, 2048, 2048]","[2048, 2048, 2048, 2048, 2048, 2048, 2048]","[2048, 2048, 2048, 2048, 2048, 2048, 2048, 2048, 2048]",298
1142,7772,16,17,2023-03-17T14:17:19.465000+00:00,,30.61,30.506,269.0,290,True,400.595,"[2064, 2064, 2064, 2048, 2048, 2048, 2048, 2048, 2048]","[2048, 2048, 2048, 2048, 2048, 2048, 2048]","[2048, 2048, 2048, 2048, 2048, 2048, 2048, 2048, 2048]",294
1142,7772,22,17,2023-03-17T14:17:32.606000+00:00,75.717,37.512,32.796,241.0,287,True,146.025,"[2064, 2064, 2064, 2048, 2048, 2048, 2048, 2048, 2048]","[2048, 2048, 2048, 2048, 2048, 2048, 2048]","[2048, 2048, 2048, 2048, 2048, 2048, 2049, 2049, 2048]",286
1142,7772,21,21,2023-03-17T14:17:45.465000+00:00,33.253,28.946,29.251,287.0,322,False,91.45,"[None, 2048, 2048, 2049, 2049, 2048, 2048, 2048, 2049]","[2049, 2049, 2048, 2049, 2048, 2049, 2049]","[2048, 2049, 2049, 2049, 2048, 2048, 2048, 2048, 2048]",326
1142,7772,44,17,2023-03-17T14:17:56.027000+00:00,35.204,30.212,30.508,276.0,302,False,95.924,"[2048, 2048, 2048, 2048, 2048, 2048, 2048, 2048, 2048]","[2048, 2048, 2048, 2048, 2048, 2048, 2048]","[2048, 2048, 2048, 2048, 2048, 2048, 2048, 2048]",301
1142,7772,31,13,2023-03-17T14:18:05.152000+00:00,,31.519,32.026,260.0,304,True,915.278,"[2064, 2064, 2064, 2048, 2048, 2048, 2048, 2048, 2048]","[2048, 2048, 2048, 2048, 2048, 2048, 2048]","[2048, 2048, 2048, 2048, 2048, 2048, 2048, 2048]",306
1142,7772,81,16,2023-03-17T14:18:05.152000+00:00,50.072,41.075,38.416,136.0,270,False,129.563,"[None, 2048, 2048, 2048, 2048, 2048, 2048, 2048, 2048]","[2048, 2048, 2048, 2048, 2048, 2048, 2048]","[2048, 2048, 2048, 2048, 2048, 2048, 2048, 2048, 2048]",201
1142,7772,11,13,2023-03-17T14:18:10.152000+00:00,33.019,28.568,28.765,289.0,325,False,90.352,"[2048, 2049, 2048, 2048, 2048, 2049, 2048, 2048, 2049]","[2048, 2049, 2049, 2049, 2048, 2048, 2048]","[2048, 2048, 2048, 2048, 2049, 2049, 2048, 2048, 2048]",332
1142,7772,1,11,2023-03-17T14:18:21.558000+00:00,32.559,28.438,28.793,290.0,328,False,89.79,"[2049, 2049, 2048, 2049, 2048, 2051, 2048, 2048, 2048]","[2049, 2048, 2049, 2048, 2048, 2049, 2049]","[2049, 2048, 2048, 2049, 2048, 2048, 2048, 2048, 2049]",335
1142,7772,63,17,2023-03-17T14:18:28.776000+00:00,35.043,30.123,30.508,281.0,303,False,95.674,"[None, 2048, 2048, 2048, 2048, 2048, 2048, 2048, 2048]","[2048, 2048, 2048, 2048, 2048, 2048, 2048]","[2048, 2048, 2048, 2048, 2048, 2048, 2048, 2048]",300
1142,7772,27,14,2023-03-17T14:18:51.307000+00:00,,31.21,31.383,268.0,289,True,716.353,"[2064, 2064, 2064, 2048, 2048, 2048, 2048, 2048, 2048]","[2048, 2048, 2048, 2048, 2048, 2048, 2048]","[2048, 2048, 2048, 2048, 2048, 2048, 2048, 2048, 2048]",293
1142,7772,2,18,2023-03-17T14:18:59.682000+00:00,,35.231,31.904,211.0,309,True,440.135,"[2064, 2064, 2064, 2048, 2048, 2048, 2048, 2048, 2048]","[2048, 2048, 2048, 2048, 2048, 2048, 2048]","[2048, 2048, 2048, 2048, 2048, 2048, 2048, 2048, 2048]",314
1142,7772,10,16,2023-03-17T14:19:05.745000+00:00,33.12,28.942,29.11,282.0,315,False,91.172,"[None, 2048, 2048, 2048, 2048, 2048, 2048, 2049, 2048]","[2048, 2049, 2048, 2049, 2049, 2048, 2048]","[2048, 2048, 2049, 2048, 2048, 2048, 2048, 2048]",320
1142,7772,16,18,2023-03-17T14:19:16.151000+00:00,34.941,30.208,30.198,277.0,296,False,95.347,"[2048, 2048, 2048, 2048, 2048, 2048, 2048, 2048, 2048]","[2048, 2048, 2048, 2048, 2048, 2048, 2048]","[2048, 2048, 2048, 2048, 2048, 2048, 2048, 2048, 2048]",302
1142,7772,21,22,2023-03-17T14:19:16.963000+00:00,43.557,38.716,35.28,121.0,302,False,117.553,"[None, 2048, 2048, 2048, 2048, 2048, 2048, 2048, 2048]","[2048, 2048, 2048, 2048, 2048, 2048, 2048]","[2048, 2048, 2048, 2048, 2048, 2048, 2048, 2048, 2064]",305
1142,7772,22,18,2023-03-17T14:19:28.541000+00:00,33.187,28.993,29.315,283.0,320,False,91.495,"[2048, 2048, 2048, 2049, 2049, 2049, 2049, 2049, 2049]","[2049, 2049, 2049, 2048, 2048, 2048, 2048]","[2048, 2049, 2049, 2048, 2048, 2049, 2048, 2048, 2048]",325
1142,7772,44,18,2023-03-17T14:19:31.947000+00:00,35.487,30.144,30.638,281.0,306,False,96.269,"[None, 2048, 2048, 2048, 2048, 2048, 2048, 2048, 2048]","[2048, 2048, 2048, 2048, 2048, 2048, 2048]","[2048, 2048, 2048, 2048, 2048, 2048, 2048, 2048, 2048]",307
1142,7772,11,14,2023-03-17T14:19:40.478000+00:00,59.242,56.229,50.225,106.0,131,False,165.696,"[None, 2048, 2048, 2048, 2048, 2048, 2048, 2048, 2048]","[2048, 2048, 2048, 2048, 2048, 2048, 2048]","[2048, 2048, 2048, 2048, 2048, 2048, 2048, 2048, 2048]",172
1142,7772,20,15,2023-03-17T14:19:42.135000+00:00,,31.399,31.059,270.0,286,True,565.372,"[2064, 2064, 2064, 2048, 2048, 2048, 2048, 2048, 2048]","[2048, 2048, 2048, 2048, 2048, 2048, 2048]","[2048, 2048, 2048, 2048, 2048, 2048, 2048, 2048, 2048]",290
1142,7772,31,14,2023-03-17T14:19:49.166000+00:00,33.064,29.149,29.259,282.0,315,False,91.472,"[2048, 2049, 2049, 2048, 2049, 2049, 2048, 2049, 2048]","[2048, 2048, 2048, 2049, 2048, 2048, 2048]","[2049, 2049, 2048, 2048, 2048, 2048, 2048, 2048]",319
1142,7772,1,12,2023-03-17T14:19:51.384000+00:00,54.886,46.396,43.819,186.0,184,False,145.101,"[2048, 2048, 2048, 2048, 2048, 2048, 2048, 2048, 2048]","[2048, 2048, 2048, 2048, 2048, 2048, 2048]","[2048, 2048, 2048, 2048, 2048, 2048, 2048, 2048, 2064]",201
1142,7772,24,15,2023-03-17T14:19:59.540000+00:00,,35.298,35.674,268.0,268,True,756.545,"[2064, 2064, 2064, 2048, 2048, 2048, 2048, 2048, 2048]","[2048, 2048, 2048, 2048, 2048, 2048, 2048]","[2048, 2048, 2048, 2048, 2048, 2048, 2048, 2048, 2048]",244
1142,7772,63,18,2023-03-17T14:20:04.447000+00:00,34.832,30.005,30.279,,305,False,95.116,"[None, 2048, 2048, 2048, 2048, 2048, 2048, 2048, 2048]","[2048, 2048, 2048, 2048, 2048, 2048, 2048]","[2048, 2048, 2048, 2048, 2048, 2048, 2048, 2048, 2048]",303
1142,7772,55,16,2023-03-17T14:20:05.368000+00:00,,30.978,34.63,269.0,286,True,735.235,"[2064, 2064, 2064, 2048, 2048, 2048, 2048, 2048, 2048]","[2048, 2048, 2048, 2048, 2048, 2048, 2048]","[2048, 2048, 2048, 2048, 2048, 2048, 2048, 2048, 2048]",306
1142,7772,18,13,2023-03-17T14:20:12.337000+00:00,,33.773,30.597,269.0,304,True,578.394,"[2064, 2064, 2064, 2048, 2048, 2048, 2048, 2048, 2048]","[2048, 2048, 2048, 2048, 2048, 2048, 2048]","[2048, 2048, 2048, 2048, 2048, 2048, 2048, 2048]",310
1142,7772,81,17,2023-03-17T14:20:14.775000+00:00,33.097,28.939,32.339,284.0,319,False,94.375,"[None, 2049, 2048, 2049, 2048, 2048, 2048, 2049, 2049]","[2049, 2048, 2049, 2048, 2048, 2049, 2049]","[2048, 2048, 2049, 2048, 2048, 2048, 2048, 2048, 2064]",323
1142,7772,4,14,2023-03-17T14:20:20.696000+00:00,,30.16,30.73,276.0,298,True,532.118,"[2064, 2064, 2064, 2048, 2048, 2048, 2048, 2048, 2048]","[2048, 2048, 2048, 2048, 2048, 2048, 2048]","[2048, 2048, 2048, 2048, 2048, 2048, 2048, 2048, 0]",293
1142,7772,10,17,2023-03-17T14:20:36.837000+00:00,55.825,49.355,37.6,204.0,173,False,142.78,"[None, 2048, 2048, 2048, 2048, 2048, 2048, 2048, 2048]","[2048, 2048, 2048, 2048, 2048, 2048, 2048]","[2048, 2048, 2048, 2048, 2048, 2048, 2048, 2048, 2049]",290
1142,7772,77,18,2023-03-17T14:20:39.430000+00:00,,31.883,31.715,253.0,283,True,474.64,"[None, 2064, 2064, 2048, 2048, 2048, 2048, 2048, 2048]","[2048, 2048, 2048, 2048, 2048, 2048, 2048]","[2048, 2048, 2048, 2048, 2048, 2048, 2048, 2048, 2048]",286
1142,7772,27,15,2023-03-17T14:20:45.758000+00:00,36.063,30.801,31.052,272.0,293,False,97.916,"[2048, 2048, 2048, 2048, 2048, 2048, 2048, 2048, 2048]","[2048, 2048, 2048, 2048, 2048, 2048, 2048]","[2048, 2048, 2048, 2048, 2048, 2048, 2048, 2048]",298
1142,7772,16,19,2023-03-17T14:20:51.524000+00:00,34.956,30.022,30.31,279.0,298,False,95.288,"[None, 2048, 2048, 2048, 2048, 2048, 2048, 2048, 2048]","[2048, 2048, 2048, 2048, 2048, 2048, 2048]","[2048, 2048, 2048, 2048, 2048, 2048, 2048, 2048, 2048]",302
1142,7772,22,19,2023-03-17T14:21:00.024000+00:00,55.852,46.131,39.095,202.0,165,False,141.078,"[None, 2048, 2048, 2048, 2048, 2048, 2048, 2048, 2048]","[2048, 2048, 2048, 2048, 2048, 2048, 2048]","[2048, 2048, 2048, 2048, 2048, 2048, 2048, 2048, 2048]",180
1142,7772,44,19,2023-03-17T14:21:08.258000+00:00,37.6,30.309,33.496,279.0,306,False,101.405,"[None, 2048, 2048, 2048, 2048, 2048, 2048, 2048, 2048]","[2048, 2048, 2048, 2048, 2048, 2048, 2048]","[2048, 2048, 2048, 2048, 2048, 2048, 2048, 2048, 2064]",308
1142,7772,2,19,2023-03-17T14:21:14.352000+00:00,35.287,30.386,30.409,281.0,305,False,96.082,"[2048, 2048, 2048, 2048, 2048, 2048, 2048, 2048, 2048]","[2048, 2048, 2048, 2048, 2048, 2048, 2048]","[2048, 2048, 2048, 2048, 2048, 2048, 2048, 2048, 2048]",307
1142,7772,31,15,2023-03-17T14:21:20.539000+00:00,45.328,43.217,39.671,195.0,175,False,128.216,"[None, 2048, 2048, 2048, 2048, 2048, 2048, 2048, 2048]","[2048, 2048, 2048, 2048, 2048, 2048, 2048]","[2048, 2048, 2048, 2048, 2048, 2048, 2048, 2048, 2049]",301
1142,7772,21,23,2023-03-17T14:21:34.804000+00:00,70.417,34.508,33.712,277.0,311,True,138.637,"[2064, 2064, 2064, 2048, 2048, 2048, 2048, 2048, 2048]","[2048, 2048, 2048, 2048, 2048, 2048, 2048]","[2048, 2048, 2048, 2048, 2048, 2048, 2048, 2048, 2048]",286
1142,7772,20,16,2023-03-17T14:21:35.273000+00:00,35.391,30.794,31.039,269.0,287,False,97.224,"[2048, 2048, 2048, 2048, 2048, 2048, 2048, 2048, 2048]","[2048, 2048, 2048, 2048, 2048, 2048, 2048]","[2048, 2048, 2048, 2048, 2048, 2048, 2048, 2048, 2048]",289
1142,7772,63,19,2023-03-17T14:21:39.585000+00:00,34.891,30.16,30.381,282.0,302,False,95.432,"[None, 2048, 2048, 2048, 2048, 2048, 2048, 2048, 2048]","[2048, 2048, 2048, 2048, 2048, 2048, 2048]","[2048, 2048, 2048, 2048, 2048, 2048, 2048, 2048, 2048]",302
1142,7772,23,17,2023-03-17T14:21:48.163000+00:00,,31.495,35.738,277.0,305,True,770.189,"[2064, 2064, 2064, 2048, 2048, 2048, 2048, 2048, 2048]","[2048, 2048, 2048, 2048, 2048, 2048, 2048]","[2048, 2048, 2048, 2048, 2048, 2048, 2048, 2048, 0]",296
1142,7772,18,14,2023-03-17T14:21:55.976000+00:00,32.818,28.89,46.902,284.0,319,False,108.61,"[2048, 2048, 2048, 2048, 2051, 2049, 2049, 2048, 2049]","[2048, 2048, 2049, 2048, 2049, 2048, 2048]","[2051, 2048, 2048, 2048, 2048, 2048, 2048, 2048, 2048]",131
1142,7772,24,16,2023-03-17T14:22:02.210000+00:00,35.729,30.884,31.249,269.0,291,False,97.862,"[2048, 2048, 2048, 2048, 2048, 2048, 2048, 2048, 2048]","[2048, 2048, 2048, 2048, 2048, 2048, 2048]","[2048, 2048, 2048, 2048, 2048, 2048, 2048, 2048, 2048]",294
1142,7772,55,17,2023-03-17T14:22:05.913000+00:00,35.012,30.153,30.519,279.0,298,False,95.684,"[2048, 2048, 2048, 2048, 2048, 2048, 2048, 2048, 2048]","[2048, 2048, 2048, 2048, 2048, 2048, 2048]","[2048, 2048, 2048, 2048, 2048, 2048, 2048, 2048, 2048]",306
1142,7772,4,15,2023-03-17T14:22:07.116000+00:00,35.332,30.435,30.772,272.0,297,False,96.539,"[2048, 2048, 2048, 2048, 2048, 2048, 2048, 2048, 2048]","[2048, 2048, 2048, 2048, 2048, 2048, 2048]","[2048, 2048, 2048, 2048, 2048, 2048, 2048, 2048]",295
1142,7772,81,18,2023-03-17T14:22:09.226000+00:00,60.008,29.979,30.269,271.0,290,True,120.256,"[2064, 2064, 2064, 2048, 2048, 2048, 2048, 2048, 2048]","[2048, 2048, 2048, 2048, 2048, 2048, 2048]","[2048, 2048, 2048, 2048, 2048, 2048, 2048, 2048, 2048]",294
1142,7772,27,16,2023-03-17T14:22:23.663000+00:00,36.463,30.714,31.126,271.0,290,False,98.303,"[None, 2048, 2048, 2048, 2048, 2048, 2048, 2048, 2048]","[2048, 2048, 2048, 2048, 2048, 2048, 2048]","[2048, 2048, 2048, 2048, 2048, 2048, 2048, 2048, 2048]",294
1142,7772,11,15,2023-03-17T14:22:26.132000+00:00,61.008,54.809,51.305,154.0,126,False,167.122,"[None, 2048, 2048, 2048, 2048, 2048, 2048, 2048, 2048]","[2048, 2048, 2048, 2048, 2048, 2048, 2048]","[2048, 2048, 2048, 2048, 2048, 2048, 2048, 2048, 2048]",78
1142,7772,16,20,2023-03-17T14:22:26.788000+00:00,34.75,29.921,30.072,,315,False,94.743,"[None, 2048, 2048, 2048, 2048, 2048, 2048, 2048, 2048]","[2048, 2048, 2048, 2048, 2048, 2048, 2048]","[2048, 2048, 2048, 2049, 2048, 2048, 2048, 2048, 2048]",322
1142,7772,77,19,2023-03-17T14:22:35.491000+00:00,35.363,30.963,31.3,270.0,288,False,97.626,"[2048, 2048, 2048, 2048, 2048, 2048, 2048, 2048, 2048]","[2048, 2048, 2048, 2048, 2048, 2048, 2048]","[2048, 2048, 2048, 2048, 2048, 2048, 2048, 2048, 2048]",291
1142,7772,1,13,2023-03-17T14:22:40.194000+00:00,73.804,43.161,46.307,145.0,91,True,163.272,"[2064, 2064, 2064, 2048, 2048, 2048, 2048, 2048, 2048]","[2048, 2048, 2048, 2048, 2048, 2048, 2048]","[2048, 2048, 2048, 2048, 2048, 2048, 2048, 2048]",188
1142,7772,2,20,2023-03-17T14:22:50.381000+00:00,35.278,30.252,30.423,280.0,308,False,95.953,"[None, 2048, 2048, 2048, 2048, 2048, 2048, 2048, 2048]","[2048, 2048, 2048, 2048, 2048, 2048, 2048]","[2048, 2048, 2048, 2048, 2048, 2048, 2048, 2048, 2048]",306
1142,7772,10,18,2023-03-17T14:22:59.693000+00:00,32.981,28.835,29.133,283.0,316,False,90.949,"[None, 2049, 2048, 2048, 2048, 2048, 2048, 2049, 2048]","[2048, 2049, 2049, 2049, 2049, 2048, 2048]","[2048, 2049, 2049, 2048, 2048, 2048, 2048, 2048, 2048]",321
1142,7772,44,20,2023-03-17T14:23:10.444000+00:00,54.216,30.068,30.695,281.0,306,True,114.979,"[2064, 2064, 2064, 2048, 2048, 2048, 2048, 2048, 2048]","[2048, 2048, 2048, 2048, 2048, 2048, 2048]","[2048, 2048, 2048, 2048, 2048, 2048, 2048, 2048, 2048]",308
1142,7772,20,17,2023-03-17T14:23:12.490000+00:00,35.224,30.661,30.977,271.0,291,False,96.862,"[None, 2048, 2048, 2048, 2048, 2048, 2048, 2048, 2048]","[2048, 2048, 2048, 2048, 2048, 2048, 2048]","[2048, 2048, 2048, 2048, 2048, 2048, 2048, 2048, 2048]",293
1142,7772,63,20,2023-03-17T14:23:15.006000+00:00,35.068,29.896,30.163,281.0,311,False,95.127,"[None, 2048, 2048, 2048, 2048, 2048, 2048, 2048, 2048]","[2048, 2048, 2048, 2048, 2048, 2048, 2048]","[2048, 2048, 2048, 2048, 2048, 2048, 2048, 2048]",322
1142,7772,22,20,2023-03-17T14:23:21.084000+00:00,33.013,28.872,29.225,285.0,322,False,91.11,"[None, 2048, 2048, 2049, 2048, 2049, 2048, 2049, 2049]","[2049, 2048, 2049, 2049, 2049, 2049, 2048]","[2048, 2049, 2049, 2049, 2048, 2048, 2048, 2048]",329
1142,7772,31,16,2023-03-17T14:23:28.865000+00:00,33.949,31.018,32.327,271.0,289,False,97.294,"[2049, 2048, 2048, 2048, 2049, 2049, 2049, 2048, 2048]","[2048, 2048, 2048, 2048, 2048, 2048, 2048]","[2048, 2048, 2048, 2048, 2048, 2048, 2048, 2048]",300
1142,7772,21,24,2023-03-17T14:23:33.146000+00:00,34.631,29.946,30.037,282.0,300,False,94.614,"[2048, 2048, 2048, 2048, 2048, 2048, 2048, 2048, 2048]","[2048, 2048, 2048, 2048, 2048, 2048, 2048]","[2048, 2048, 2048, 2048, 2048, 2048, 2048, 2048, 2048]",307
1142,7772,24,17,2023-03-17T14:23:40.068000+00:00,35.333,30.477,30.727,274.0,292,False,96.537,"[None, 2048, 2048, 2048, 2048, 2048, 2048, 2048, 2048]","[2048, 2048, 2048, 2048, 2048, 2048, 2048]","[2048, 2048, 2048, 2048, 2048, 2048, 2048, 2048, 2048]",296
1142,7772,55,18,2023-03-17T14:23:41.599000+00:00,34.902,30.051,30.341,280.0,316,False,95.294,"[None, 2048, 2048, 2048, 2048, 2048, 2048, 2048, 2048]","[2048, 2048, 2048, 2048, 2048, 2048, 2048]","[2048, 2048, 2048, 2048, 2048, 2048, 2048, 2048, 2048]",323
1142,7772,4,16,2023-03-17T14:23:43.646000+00:00,34.948,30.272,30.564,275.0,296,False,95.784,"[None, 2048, 2048, 2048, 2048, 2048, 2048, 2048, 2048]","[2048, 2048, 2048, 2048, 2048, 2048, 2048]","[2048, 2048, 2048, 2048, 2048, 2048, 2048, 2048]",300
1142,7772,18,15,2023-03-17T14:23:44.537000+00:00,58.964,43.27,34.188,250.0,261,False,136.422,"[None, 2048, 2048, 2048, 2048, 2048, 2048, 2048, 2048]","[2048, 2048, 2048, 2048, 2048, 2048, 2048]","[2048, 2048, 2048, 2048, 2048, 2048, 2048, 2048]",293
1142,7772,23,18,2023-03-17T14:23:47.771000+00:00,35.203,29.936,30.925,281.0,302,False,96.064,"[2048, 2048, 2048, 2048, 2048, 2048, 2048, 2048, 2048]","[2048, 2048, 2048, 2048, 2048, 2048, 2048]","[2048, 2048, 2048, 2048, 2048, 2048, 2048, 2048, 2048]",308
1142,7772,81,19,2023-03-17T14:23:49.443000+00:00,34.024,29.515,30.095,278.0,317,False,93.634,"[2048, 2048, 2048, 2048, 2048, 2048, 2048, 2048, 2048]","[2048, 2048, 2048, 2048, 2049, 2049, 2049]","[2048, 2048, 2048, 2048, 2048, 2048, 2048, 2048, 2048]",317
1142,7772,16,21,2023-03-17T14:24:01.520000+00:00,34.756,30.025,30.297,277.0,296,False,95.078,"[None, 2048, 2048, 2048, 2048, 2048, 2048, 2048, 2048]","[2048, 2048, 2048, 2048, 2048, 2048, 2048]","[2048, 2048, 2048, 2048, 2048, 2048, 2048, 2048, 2048]",299
1142,7772,27,17,2023-03-17T14:24:01.958000+00:00,36.372,30.688,31.012,,294,False,98.072,"[None, 2048, 2048, 2048, 2048, 2048, 2048, 2048, 2048]","[2048, 2048, 2048, 2048, 2048, 2048, 2048]","[2048, 2048, 2048, 2048, 2048, 2048, 2048, 2048, 2048]",297
1142,7772,77,20,2023-03-17T14:24:13.098000+00:00,35.878,31.314,31.285,263.0,282,False,98.477,"[None, 2048, 2048, 2048, 2048, 2048, 2048, 2048, 2048]","[2048, 2048, 2048, 2048, 2048, 2048, 2048]","[2048, 2048, 2048, 2048, 2048, 2048, 2048, 2048, 2048]",284
1142,7772,2,21,2023-03-17T14:24:26.426000+00:00,35.778,30.425,30.314,278.0,313,False,96.517,"[None, 2048, 2048, 2048, 2048, 2048, 2048, 2048, 2048]","[2048, 2048, 2048, 2048, 2048, 2048, 2048]","[2048, 2048, 2048, 2048, 2048, 2048, 2048, 2048]",316
1142,7772,14,17,2023-03-17T14:24:26.911000+00:00,,30.117,30.619,276.0,296,True,658.801,"[2064, 2064, 2064, 2048, 2048, 2048, 2048, 2048, 2048]","[2048, 2048, 2048, 2048, 2048, 2048, 2048]","[2048, 2048, 2048, 2048, 2048, 2048, 2048, 2048, 2048]",303
1142,7772,10,19,2023-03-17T14:24:30.582000+00:00,34.212,29.696,34.432,276.0,298,False,98.34,"[None, 2048, 2048, 2048, 2048, 2048, 2048, 2048, 2048]","[2048, 2048, 2048, 2048, 2048, 2048, 2048]","[2048, 2048, 2049, 2048, 2048, 2048, 2048, 2048, 2048]",231
1142,7772,44,21,2023-03-17T14:24:44.613000+00:00,35.145,30.053,30.544,280.0,304,False,95.742,"[2048, 2048, 2048, 2048, 2048, 2048, 2048, 2048, 2048]","[2048, 2048, 2048, 2048, 2048, 2048, 2048]","[2048, 2048, 2048, 2048, 2048, 2048, 2048, 2048, 2048]",304
1142,7772,20,18,2023-03-17T14:24:49.379000+00:00,35.427,30.653,30.993,267.0,289,False,97.073,"[None, 2048, 2048, 2048, 2048, 2048, 2048, 2048, 2048]","[2048, 2048, 2048, 2048, 2048, 2048, 2048]","[2048, 2048, 2048, 2048, 2048, 2048, 2048, 2048, 2048]",292
1142,7772,63,21,2023-03-17T14:24:50.160000+00:00,35.423,30.148,30.844,282.0,303,False,96.415,"[None, 2048, 2048, 2048, 2048, 2048, 2048, 2048, 2048]","[2048, 2048, 2048, 2048, 2048, 2048, 2048]","[2048, 2048, 2048, 2048, 2048, 2048, 2048, 2048, 2048]",307
1142,7772,22,21,2023-03-17T14:24:52.098000+00:00,54.324,45.228,33.17,216.0,220,False,132.722,"[None, 2048, 2048, 2048, 2048, 2048, 2048, 2048, 2048]","[2048, 2048, 2048, 2048, 2048, 2048, 2048]","[2048, 2048, 2048, 2048, 2048, 2048, 2048, 2048, 2048]",289
1142,7772,1,14,2023-03-17T14:24:59.691000+00:00,32.692,28.345,28.625,289.0,327,False,89.662,"[2048, 2049, 2048, 2048, 2049, 2048, 2048, 2048, 2048]","[2048, 2048, 2048, 2051, 2049, 2049, 2051]","[2048, 2049, 2049, 2051, 2048, 2049, 2048, 2048, 2049]",334
1142,7772,31,17,2023-03-17T14:25:06.160000+00:00,33.083,28.951,29.147,283.0,317,False,91.181,"[None, 2048, 2048, 2048, 2048, 2048, 2048, 2048, 2048]","[2049, 2049, 2048, 2049, 2049, 2049, 2049]","[2048, 2049, 2049, 2049, 2048, 2049, 2048, 2048, 2048]",321
1142,7772,21,25,2023-03-17T14:25:07.722000+00:00,34.888,29.774,29.905,276.0,296,False,94.567,"[None, 2048, 2048, 2048, 2048, 2048, 2048, 2048, 2048]","[2048, 2048, 2048, 2048, 2049, 2048, 2048]","[2048, 2048, 2048, 2048, 2048, 2048, 2048, 2048, 2048]",303
1142,7772,11,16,2023-03-17T14:25:13.285000+00:00,32.88,28.597,28.623,289.0,327,False,90.1,"[None, 2049, 2048, 2048, 2048, 2048, 2049, 2048, 2048]","[2048, 2048, 2048, 2048, 2049, 2051, 2049]","[2048, 2048, 2051, 2051, 2049, 2048, 2048, 2049]",336
1142,7772,24,18,2023-03-17T14:25:16.644000+00:00,36.456,30.938,31.263,271.0,294,False,98.657,"[None, 2048, 2048, 2048, 2048, 2048, 2048, 2048, 2048]","[2048, 2048, 2048, 2048, 2048, 2048, 2048]","[2048, 2048, 2048, 2048, 2048, 2048, 2048, 2048]",296
1142,7772,55,19,2023-03-17T14:25:16.878000+00:00,34.711,30.211,30.453,277.0,295,False,95.375,"[2049, 2048, 2048, 2048, 2048, 2048, 2048, 2048, 2048]","[2048, 2048, 2048, 2048, 2048, 2048, 2048]","[2048, 2048, 2048, 2048, 2048, 2048, 2048, 2048, 2048]",299
1142,7772,4,17,2023-03-17T14:25:19.425000+00:00,35.105,30.409,30.625,278.0,301,False,96.139,"[None, 2048, 2048, 2048, 2048, 2048, 2048, 2048, 2048]","[2048, 2048, 2048, 2048, 2048, 2048, 2048]","[2048, 2048, 2048, 2048, 2048, 2048, 2048, 2048, 2049]",300
1142,7772,81,20,2023-03-17T14:25:23.050000+00:00,34.008,29.483,30.009,283.0,299,False,93.5,"[None, 2048, 2048, 2049, 2048, 2048, 2048, 2048, 2048]","[2048, 2048, 2048, 2048, 2048, 2048, 2048]","[2048, 2048, 2049, 2048, 2048, 2048, 2048, 2048, 2048]",301
1142,7772,23,19,2023-03-17T14:25:23.831000+00:00,35.329,30.185,29.964,,319,False,95.478,"[None, 2048, 2048, 2048, 2048, 2048, 2048, 2048, 2048]","[2048, 2048, 2048, 2048, 2048, 2048, 2048]","[2048, 2048, 2048, 2048, 2048, 2048, 2048, 2048]",324
1142,7772,16,22,2023-03-17T14:25:36.597000+00:00,34.701,29.889,30.253,278.0,296,False,94.843,"[None, 2048, 2048, 2048, 2048, 2048, 2048, 2048, 2048]","[2048, 2048, 2048, 2048, 2048, 2048, 2048]","[2048, 2048, 2048, 2048, 2048, 2048, 2048, 2048, 2048]",300
1142,7772,27,18,2023-03-17T14:25:40.019000+00:00,35.708,30.433,30.91,275.0,296,False,97.051,"[None, 2048, 2048, 2048, 2048, 2048, 2048, 2048, 2048]","[2048, 2048, 2048, 2048, 2048, 2048, 2048]","[2048, 2048, 2048, 2048, 2048, 2048, 2048, 2048]",299
1142,7772,77,21,2023-03-17T14:25:51.597000+00:00,35.063,30.555,30.734,272.0,291,False,96.352,"[None, 2048, 2048, 2048, 2048, 2048, 2048, 2048, 2048]","[2048, 2048, 2048, 2048, 2048, 2048, 2048]","[2048, 2048, 2048, 2048, 2048, 2048, 2048, 2048, 2048]",293
1142,7772,18,16,2023-03-17T14:26:00.987000+00:00,32.871,28.712,28.994,284.0,321,False,90.577,"[None, 2049, 2048, 2048, 2048, 2048, 2048, 2051, 2049]","[2049, 2049, 2049, 2049, 2048, 2048, 2048]","[2048, 2049, 2049, 2049, 2049, 2049, 2048, 2049, 2049]",325
1142,7772,14,18,2023-03-17T14:26:02.175000+00:00,34.883,30.115,30.331,272.0,292,False,95.329,"[2048, 2048, 2048, 2048, 2048, 2048, 2048, 2048, 2048]","[2048, 2048, 2048, 2048, 2048, 2048, 2048]","[2048, 2048, 2048, 2048, 2048, 2048, 2048, 2048, 2048]",296
1142,7772,2,22,2023-03-17T14:26:02.878000+00:00,35.611,30.324,30.339,281.0,311,False,96.274,"[None, 2048, 2048, 2048, 2048, 2048, 2048, 2048, 2048]","[2048, 2048, 2048, 2048, 2048, 2048, 2048]","[2048, 2048, 2048, 2048, 2048, 2048, 2048, 2048, 2048]",309
1142,7772,10,20,2023-03-17T14:26:08.987000+00:00,34.003,29.437,29.566,277.0,299,False,93.006,"[None, 2048, 2048, 2048, 2048, 2048, 2048, 2048, 2048]","[2048, 2048, 2048, 2048, 2049, 2048, 2048]","[2048, 2049, 2049, 2048, 2048, 2048, 2048, 2048, 2048]",302
1142,7772,44,22,2023-03-17T14:26:20.346000+00:00,34.986,29.994,30.348,281.0,304,False,95.328,"[None, 2048, 2048, 2048, 2048, 2048, 2048, 2048, 2048]","[2048, 2048, 2048, 2048, 2048, 2048, 2048]","[2048, 2048, 2048, 2048, 2048, 2048, 2048, 2048, 2048]",304
1142,7772,20,19,2023-03-17T14:26:26.502000+00:00,36.229,30.706,31.037,271.0,293,False,97.972,"[None, 2048, 2048, 2048, 2048, 2048, 2048, 2048, 2048]","[2048, 2048, 2048, 2048, 2048, 2048, 2048]","[2048, 2048, 2048, 2048, 2048, 2048, 2048, 2048, 2048]",295
1142,7772,63,22,2023-03-17T14:26:26.627000+00:00,34.703,30.126,30.46,275.0,301,False,95.289,"[None, 2048, 2048, 2048, 2048, 2048, 2048, 2048, 2048]","[2048, 2048, 2048, 2048, 2048, 2048, 2048]","[2048, 2048, 2048, 2048, 2048, 2048, 2048, 2048, 2048]",300
1142,7772,1,15,2023-03-17T14:26:29.455000+00:00,60.169,67.334,49.054,118.0,236,False,176.557,"[None, 2048, 2048, 2048, 2048, 2048, 2048, 2048, 2048]","[2048, 2048, 2048, 2048, 2048, 2048, 2048]","[2048, 2048, 2048, 2048, 2048, 2048, 2048, 2048, 2048]",268
1142,7772,31,18,2023-03-17T14:26:37.252000+00:00,34.896,29.818,29.971,277.0,296,False,94.685,"[2048, 2048, 2048, 2048, 2048, 2048, 2048, 2048, 2048]","[2048, 2048, 2048, 2048, 2048, 2048, 2048]","[2048, 2048, 2048, 2048, 2048, 2048, 2048, 2048, 2048]",301
1142,7772,21,26,2023-03-17T14:26:42.299000+00:00,34.345,29.531,29.891,280.0,297,False,93.767,"[None, 2048, 2048, 2048, 2048, 2048, 2048, 2048, 2048]","[2048, 2048, 2048, 2048, 2049, 2048, 2048]","[2048, 2048, 2048, 2048, 2048, 2048, 2048, 2048, 2048]",305
1142,7772,11,17,2023-03-17T14:26:43.299000+00:00,52.821,71.755,42.546,111.0,104,False,167.122,"[None, 2048, 2048, 2048, 2048, 2048, 2048, 2048, 2048]","[2048, 2048, 2048, 2048, 2048, 2048, 2048]","[2048, 2048, 2048, 2048, 2048, 2048, 2048, 2048, 2048]",180
1142,7772,55,20,2023-03-17T14:26:52.252000+00:00,34.648,30.036,30.33,279.0,295,False,95.014,"[2048, 2048, 2048, 2048, 2048, 2048, 2048, 2048, 2048]","[2048, 2048, 2048, 2048, 2048, 2048, 2048]","[2048, 2048, 2048, 2048, 2048, 2048, 2048, 2048, 2048]",298
1142,7772,24,19,2023-03-17T14:26:55.252000+00:00,36.836,31.391,31.266,,293,False,99.493,"[None, 2048, 2048, 2048, 2048, 2048, 2048, 2048, 2048]","[2048, 2048, 2048, 2048, 2048, 2048, 2048]","[2048, 2048, 2048, 2048, 2048, 2048, 2048, 2048]",295
1142,7772,4,18,2023-03-17T14:26:55.580000+00:00,35.035,30.192,30.6,277.0,298,False,95.827,"[2049, 2048, 2048, 2048, 2048, 2048, 2048, 2048, 2048]","[2048, 2048, 2048, 2048, 2048, 2048, 2048]","[2048, 2048, 2048, 2048, 2048, 2048, 2048, 2048]",298
1142,7772,81,21,2023-03-17T14:26:56.549000+00:00,35.661,29.796,29.672,287.0,304,False,95.129,"[None, 2048, 2048, 2048, 2048, 2048, 2048, 2048, 2048]","[2048, 2048, 2048, 2048, 2048, 2048, 2048]","[2048, 2049, 2049, 2049, 2048, 2048, 2048, 2048, 2049]",321
1142,7772,23,20,2023-03-17T14:26:59.299000+00:00,35.229,30.022,30.348,284.0,314,False,95.599,"[None, 2048, 2048, 2048, 2048, 2048, 2048, 2048, 2048]","[2048, 2048, 2048, 2048, 2048, 2048, 2048]","[2048, 2048, 2048, 2048, 2048, 2048, 2048, 2048, 2048]",327
1142,7772,22,22,2023-03-17T14:27:04.939000+00:00,34.157,31.761,38.093,284.0,241,False,104.011,"[None, 2048, 2048, 2048, 2048, 2048, 2048, 2048, 2048]","[2048, 2048, 2048, 2048, 2048, 2048, 2048]","[2048, 2048, 2048, 2048, 2048, 2048, 2048, 2048, 2064]",285
1142,7772,16,23,2023-03-17T14:27:11.439000+00:00,34.633,29.968,30.234,280.0,298,False,94.835,"[None, 2048, 2048, 2048, 2048, 2048, 2048, 2048, 2048]","[2048, 2048, 2048, 2048, 2048, 2048, 2048]","[2048, 2048, 2048, 2048, 2048, 2048, 2048, 2048]",310
1142,7772,27,19,2023-03-17T14:27:17.080000+00:00,35.714,30.608,30.96,272.0,291,False,97.282,"[None, 2048, 2048, 2048, 2048, 2048, 2048, 2048, 2048]","[2048, 2048, 2048, 2048, 2048, 2048, 2048]","[2048, 2048, 2048, 2048, 2048, 2048, 2048, 2048, 2048]",295
1142,7772,77,22,2023-03-17T14:27:27.939000+00:00,35.723,31.009,31.254,,284,False,97.986,"[None, 2048, 2048, 2048, 2048, 2048, 2048, 2048, 2048]","[2048, 2048, 2048, 2048, 2048, 2048, 2048]","[2048, 2048, 2048, 2048, 2048, 2048, 2048, 2048, 2048]",286
1142,7772,18,17,2023-03-17T14:27:31.532000+00:00,57.545,47.846,39.342,79.0,179,False,144.733,"[None, 2048, 2048, 2048, 2048, 2048, 2048, 2048, 2048]","[2048, 2048, 2048, 2048, 2048, 2048, 2048]","[2048, 2048, 2048, 2048, 2048, 2048, 2048, 2048, 2048]",288
1142,7772,14,19,2023-03-17T14:27:37.501000+00:00,34.658,29.962,30.378,279.0,295,False,94.998,"[None, 2048, 2048, 2048, 2048, 2048, 2048, 2048, 2048]","[2048, 2048, 2048, 2048, 2048, 2048, 2048]","[2048, 2048, 2048, 2048, 2048, 2048, 2048, 2048, 2048]",297
1142,7772,2,23,2023-03-17T14:27:39.142000+00:00,35.374,30.334,30.286,,312,False,95.994,"[None, 2048, 2048, 2048, 2048, 2048, 2048, 2048, 2048]","[2048, 2048, 2048, 2048, 2048, 2048, 2048]","[2048, 2048, 2048, 2048, 2048, 2048, 2048, 2048]",310
1142,7772,10,21,2023-03-17T14:27:42.063000+00:00,34.279,29.61,29.552,,301,False,93.441,"[None, 2048, 2048, 2048, 2048, 2048, 2048, 2048, 2048]","[2048, 2048, 2048, 2048, 2048, 2048, 2048]","[2048, 2048, 2049, 2049, 2048, 2048, 2048, 2049, 2049]",321
1142,7772,44,23,2023-03-17T14:27:55.719000+00:00,34.904,29.986,30.387,282.0,302,False,95.277,"[None, 2048, 2048, 2048, 2048, 2048, 2048, 2048, 2048]","[2048, 2048, 2048, 2048, 2048, 2048, 2048]","[2048, 2048, 2048, 2048, 2048, 2048, 2048, 2048, 2048]",304
1142,7772,63,23,2023-03-17T14:28:01.860000+00:00,34.701,30.074,30.373,281.0,299,False,95.148,"[None, 2048, 2048, 2048, 2048, 2048, 2048, 2048, 2048]","[2048, 2048, 2048, 2048, 2048, 2048, 2048]","[2048, 2048, 2048, 2048, 2048, 2048, 2048, 2048]",298
1142,7772,20,20,2023-03-17T14:28:04.391000+00:00,35.292,30.645,30.806,,292,False,96.743,"[None, 2048, 2048, 2048, 2048, 2048, 2048, 2048, 2048]","[2048, 2048, 2048, 2048, 2048, 2048, 2048]","[2048, 2048, 2048, 2048, 2048, 2048, 2048, 2048, 2048]",295
1142,7772,31,19,2023-03-17T14:28:12.047000+00:00,34.031,29.791,29.885,,298,False,93.707,"[None, 2048, 2048, 2048, 2048, 2048, 2048, 2048, 2048]","[2048, 2048, 2048, 2048, 2048, 2048, 2048]","[2048, 2048, 2048, 2048, 2048, 2048, 2048, 2048, 2048]",300
1142,7772,21,27,2023-03-17T14:28:16.047000+00:00,34.074,31.901,58.211,,162,False,124.186,"[None, 2048, 2048, 2048, 2048, 2048, 2048, 2048, 2048]","[2048, 2048, 2048, 2048, 2049, 2048, 2048]","[2048, 2048, 2048, 2048, 2048, 2048, 2048, 2048, 2048]",108
1142,7772,55,21,2023-03-17T14:28:27.266000+00:00,34.578,30.064,30.266,276.0,293,False,94.908,"[None, 2048, 2048, 2048, 2048, 2048, 2048, 2048, 2048]","[2048, 2048, 2048, 2048, 2048, 2048, 2048]","[2048, 2048, 2048, 2048, 2048, 2048, 2048, 2048, 2048]",297
1142,7772,4,19,2023-03-17T14:28:31.406000+00:00,36.008,30.439,30.662,,297,False,97.109,"[2048, 2048, 2048, 2048, 2048, 2048, 2048, 2048, 2048]","[2048, 2048, 2048, 2048, 2048, 2048, 2048]","[2048, 2048, 2048, 2048, 2048, 2048, 2048, 2048, 2048]",299
1142,7772,81,22,2023-03-17T14:28:31.656000+00:00,33.738,29.449,30.184,282.0,296,False,93.371,"[2049, 2048, 2048, 2048, 2048, 2048, 2048, 2048, 2048]","[2048, 2048, 2048, 2048, 2048, 2048, 2048]","[2048, 2048, 2048, 2048, 2048, 2048, 2048, 2048]",296
1142,7772,24,20,2023-03-17T14:28:34.750000+00:00,36.725,31.083,31.42,267.0,287,False,99.228,"[None, 2048, 2048, 2048, 2048, 2048, 2048, 2048, 2048]","[2048, 2048, 2048, 2048, 2048, 2048, 2048]","[2048, 2048, 2048, 2048, 2048, 2048, 2048, 2048]",290
1142,7772,23,21,2023-03-17T14:28:34.937000+00:00,35.169,30.02,30.2,281.0,313,False,95.389,"[None, 2048, 2048, 2048, 2048, 2048, 2048, 2048, 2048]","[2048, 2048, 2048, 2048, 2048, 2048, 2048]","[2048, 2048, 2048, 2048, 2048, 2048, 2048, 2048, 2048]",309
1142,7772,16,24,2023-03-17T14:28:46.312000+00:00,34.664,29.972,30.114,278.0,306,False,94.75,"[None, 2048, 2048, 2048, 2048, 2048, 2048, 2048, 2048]","[2048, 2048, 2048, 2048, 2048, 2048, 2048]","[2048, 2048, 2048, 2048, 2048, 2048, 2048, 2048]",309
1142,7772,27,20,2023-03-17T14:28:54.375000+00:00,35.885,30.562,31.044,270.0,289,False,97.491,"[None, 2048, 2048, 2048, 2048, 2048, 2048, 2048, 2048]","[2048, 2048, 2048, 2048, 2048, 2048, 2048]","[2048, 2048, 2048, 2048, 2048, 2048, 2048, 2048, 2048]",293
1142,7772,77,23,2023-03-17T14:29:05.906000+00:00,35.75,30.935,31.365,271.0,283,False,98.05,"[None, 2048, 2048, 2048, 2048, 2048, 2048, 2048, 2048]","[2048, 2048, 2048, 2048, 2048, 2048, 2048]","[2048, 2048, 2048, 2048, 2048, 2048, 2048, 2048]",286
1142,7772,14,20,2023-03-17T14:29:12.515000+00:00,35.151,29.968,30.205,278.0,294,False,95.324,"[None, 2048, 2048, 2048, 2048, 2048, 2048, 2048, 2048]","[2048, 2048, 2048, 2048, 2048, 2048, 2048]","[2048, 2048, 2048, 2048, 2048, 2048, 2048, 2048, 2048]",297
1142,7772,2,24,2023-03-17T14:29:15.155000+00:00,35.995,30.262,30.259,282.0,310,False,96.516,"[None, 2048, 2048, 2048, 2048, 2048, 2048, 2048, 2048]","[2048, 2048, 2048, 2048, 2048, 2048, 2048]","[2048, 2048, 2048, 2048, 2048, 2048, 2048, 2048]",309
1142,7772,10,22,2023-03-17T14:29:15.452000+00:00,34.167,29.429,29.258,280.0,301,False,92.854,"[2051, 2048, 2048, 2048, 2048, 2048, 2048, 2048, 2048]","[2048, 2048, 2048, 2048, 2048, 2048, 2048]","[2048, 2048, 2049, 2049, 2048, 2048, 2048, 2048, 2048]",332
1142,7772,22,23,2023-03-17T14:29:23.358000+00:00,74.848,30.011,30.04,271.0,309,True,134.899,"[2064, 2064, 2064, 2048, 2048, 2048, 2048, 2048, 2048]","[2048, 2048, 2048, 2048, 2048, 2048, 2048]","[2048, 2048, 2048, 2048, 2048, 2048, 2048, 2048, 0]",304
1142,7772,1,16,2023-03-17T14:29:25.921000+00:00,32.628,28.392,28.597,289.0,326,False,89.617,"[None, 2048, 2051, 2048, 2049, 2048, 2048, 2049, 2048]","[2048, 2048, 2048, 2048, 2048, 2048, 2048]","[2048, 2051, 2051, 2048, 2048, 2048, 2048, 2048, 2048]",335
1142,7772,11,18,2023-03-17T14:29:30.515000+00:00,52.08,45.708,37.369,166.0,244,False,135.157,"[None, 2048, 2048, 2048, 2048, 2048, 2048, 2048, 2048]","[2048, 2048, 2048, 2048, 2048, 2048, 2048]","[2048, 2048, 2048, 2048, 2048, 2048, 2048, 2048, 2048]",236
1142,7772,44,24,2023-03-17T14:29:30.936000+00:00,36.156,30.233,30.673,280.0,309,False,97.062,"[None, 2048, 2048, 2048, 2048, 2048, 2048, 2048, 2048]","[2048, 2048, 2048, 2048, 2048, 2048, 2048]","[2048, 2048, 2048, 2048, 2048, 2048, 2048, 2048]",313
1142,7772,63,24,2023-03-17T14:29:36.983000+00:00,34.878,30.042,30.411,,305,False,95.331,"[None, 2048, 2048, 2048, 2048, 2048, 2048, 2048, 2048]","[2048, 2048, 2048, 2048, 2048, 2048, 2048]","[2048, 2048, 2048, 2048, 2048, 2048, 2048, 2048, 2048]",314
1142,7772,20,21,2023-03-17T14:29:41.171000+00:00,35.383,30.748,30.913,273.0,291,False,97.044,"[None, 2048, 2048, 2048, 2048, 2048, 2048, 2048, 2048]","[2048, 2048, 2048, 2048, 2048, 2048, 2048]","[2048, 2048, 2048, 2048, 2048, 2048, 2048, 2048, 2048]",294
1142,7772,31,20,2023-03-17T14:29:45.702000+00:00,34.321,29.876,29.915,276.0,296,False,94.112,"[None, 2048, 2048, 2048, 2048, 2048, 2048, 2048, 2048]","[2048, 2048, 2048, 2048, 2048, 2048, 2048]","[2048, 2048, 2048, 2048, 2048, 2048, 2048, 2048, 2048]",303
1142,7772,18,18,2023-03-17T14:29:56.280000+00:00,32.951,28.819,29.294,285.0,321,False,91.064,"[None, 2048, 2048, 2048, 2048, 2048, 2049, 2048, 2049]","[2048, 2048, 2048, 2048, 2049, 2048, 2048]","[2048, 2048, 2049, 2048, 2049, 2048, 2048, 2048, 2049]",324
1142,7772,55,22,2023-03-17T14:30:02.233000+00:00,39.053,48.605,52.411,162.0,164,False,140.069,"[None, 2048, 2048, 2048, 2048, 2048, 2048, 2048, 2048]","[2048, 2048, 2048, 2048, 2048, 2048, 2048]","[2048, 2048, 2048, 2048, 2048, 2048, 2048, 2048, 2048]",205
1142,7772,81,23,2023-03-17T14:30:05.076000+00:00,34.815,30.131,47.49,259.0,215,False,112.436,"[2048, 2048, 2048, 2048, 2048, 2048, 2048, 2048, 2048]","[2048, 2048, 2048, 2048, 2048, 2048, 2048]","[2048, 2048, 2048, 2048, 2048, 2048, 2048, 2048]",241
1142,7772,4,20,2023-03-17T14:30:08.514000+00:00,38.904,42.747,53.869,274.0,160,False,135.52,"[None, 2048, 2048, 2048, 2048, 2048, 2048, 2048, 2048]","[2048, 2048, 2048, 2048, 2048, 2048, 2048]","[2048, 2048, 2048, 2048, 2048, 2048, 2048, 2048, 2048]",186
1142,7772,23,22,2023-03-17T14:30:10.279000+00:00,38.72,42.478,57.756,276.0,159,False,138.954,"[None, 2048, 2048, 2048, 2048, 2048, 2048, 2048, 2048]","[2048, 2048, 2048, 2048, 2048, 2048, 2048]","[2048, 2048, 2048, 2048, 2048, 2048, 2048, 2048, 2048]",166
1142,7772,24,21,2023-03-17T14:30:13.967000+00:00,40.836,40.381,63.24,262.0,175,False,144.457,"[None, 2048, 2048, 2048, 2048, 2048, 2048, 2048, 2048]","[2048, 2048, 2048, 2048, 2048, 2048, 2048]","[2048, 2048, 2048, 2048, 2048, 2048, 2048, 2048, 2048]",128
1142,7772,21,28,2023-03-17T14:30:20.248000+00:00,48.018,35.028,62.716,203.0,306,False,145.762,"[None, 2048, 2048, 2048, 2048, 2048, 2048, 2048, 2048]","[2048, 2048, 2048, 2048, 2048, 2048, 2048]","[2048, 2048, 2048, 2048, 2048, 2048, 2048, 2048, 2048]",78
1142,7772,16,25,2023-03-17T14:30:21.045000+00:00,50.655,45.585,58.944,155.0,167,False,155.184,"[None, 2048, 2048, 2048, 2048, 2048, 2048, 2048, 2048]","[2048, 2048, 2048, 2048, 2048, 2048, 2048]","[2048, 2048, 2048, 2048, 2048, 2048, 2048, 2048]",196
1142,7772,27,21,2023-03-17T14:30:31.904000+00:00,41.22,37.532,57.964,254.0,230,False,136.716,"[None, 2048, 2048, 2048, 2048, 2048, 2048, 2048, 2048]","[2048, 2048, 2048, 2048, 2048, 2048, 2048]","[2048, 2048, 2048, 2048, 2048, 2048, 2048, 2048, 2048]",155
1142,7772,77,24,2023-03-17T14:30:43.951000+00:00,41.145,32.867,59.049,254.0,193,False,133.061,"[None, 2048, 2048, 2048, 2048, 2048, 2048, 2048, 2048]","[2048, 2048, 2048, 2048, 2048, 2048, 2048]","[2048, 2048, 2048, 2048, 2048, 2048, 2048, 2048, 2048]",154
1142,7772,14,21,2023-03-17T14:30:47.794000+00:00,38.244,38.602,64.119,,150,False,140.965,"[None, 2048, 2048, 2048, 2048, 2048, 2048, 2048, 2048]","[2048, 2048, 2048, 2048, 2048, 2048, 2048]","[2048, 2048, 2048, 2048, 2048, 2048, 2048, 2048]",190
1142,7772,10,23,2023-03-17T14:30:48.294000+00:00,37.132,33.603,60.843,273.0,216,False,131.578,"[2048, 2048, 2048, 2048, 2048, 2048, 2048, 2048, 2048]","[2048, 2048, 2048, 2048, 2048, 2048, 2048]","[2048, 2048, 2048, 2048, 2048, 2048, 2048, 2048, 2048]",165
1142,7772,2,25,2023-03-17T14:30:51.654000+00:00,42.315,42.715,56.726,239.0,190,False,141.756,"[None, 2048, 2048, 2048, 2048, 2048, 2048, 2048, 2048]","[2048, 2048, 2048, 2048, 2048, 2048, 2048]","[2048, 2048, 2048, 2048, 2048, 2048, 2048, 2048, 2048]",146
1142,7772,1,17,2023-03-17T14:30:55.591000+00:00,48.67,49.485,62.863,151.0,170,False,161.018,"[None, 2048, 2048, 2048, 2048, 2048, 2048, 2048, 2048]","[2048, 2048, 2048, 2048, 2048, 2048, 2048]","[2048, 2048, 2048, 2048, 2048, 2048, 2048, 2048]",151
1142,7772,22,24,2023-03-17T14:31:03.841000+00:00,38.832,40.687,54.79,277.0,169,False,134.309,"[2048, 2048, 2048, 2048, 2048, 2048, 2048, 2048, 2048]","[2048, 2048, 2048, 2048, 2048, 2048, 2048]","[2048, 2048, 2048, 2048, 2048, 2048, 2048, 2048, 2048]",226
1142,7772,44,25,2023-03-17T14:31:08.028000+00:00,53.652,44.56,55.101,218.0,179,False,153.313,"[None, 2048, 2048, 2048, 2048, 2048, 2048, 2048, 2048]","[2048, 2048, 2048, 2048, 2048, 2048, 2048]","[2048, 2048, 2048, 2048, 2048, 2048, 2048, 2048, 2048]",162
1142,7772,63,25,2023-03-17T14:31:12.325000+00:00,54.076,46.193,57.265,150.0,173,False,157.534,"[None, 2048, 2048, 2048, 2048, 2048, 2048, 2048, 2048]","[2048, 2048, 2048, 2048, 2048, 2048, 2048]","[2048, 2048, 2048, 2048, 2048, 2048, 2048, 2048, 2048]",155
1142,7772,20,22,2023-03-17T14:31:18.184000+00:00,46.885,44.969,55.533,199.0,180,False,147.387,"[None, 2048, 2048, 2048, 2048, 2048, 2048, 2048, 2048]","[2048, 2048, 2048, 2048, 2048, 2048, 2048]","[2048, 2048, 2048, 2048, 2048, 2048, 2048, 2048, 2048]",138
1142,7772,31,21,2023-03-17T14:31:19.825000+00:00,52.041,42.497,57.698,195.0,187,False,152.236,"[None, 2048, 2048, 2048, 2048, 2048, 2048, 2048, 2048]","[2048, 2048, 2048, 2048, 2048, 2048, 2048]","[2048, 2048, 2048, 2048, 2048, 2048, 2048, 2048, 2048]",138
1142,7772,18,19,2023-03-17T14:31:27.372000+00:00,49.898,42.68,59.228,248.0,145,False,151.806,"[None, 2048, 2048, 2048, 2048, 2048, 2048, 2048, 2048]","[2048, 2048, 2048, 2048, 2048, 2048, 2048]","[2048, 2048, 2048, 2048, 2048, 2048, 2048, 2048, 2048]",150
1142,7772,11,19,2023-03-17T14:31:45.684000+00:00,53.245,41.476,54.027,270.0,170,False,148.748,"[None, 2048, 2048, 2048, 2048, 2048, 2048, 2048, 2048]","[2048, 2048, 2048, 2048, 2048, 2048, 2048]","[2048, 2048, 2048, 2048, 2048, 2048, 2048, 2048, 2048]",155
1142,7772,81,24,2023-03-17T14:31:57.481000+00:00,71.838,34.576,44.253,248.0,219,False,150.667,"[None, 2048, 2048, 2048, 2048, 2048, 2048, 2048, 2048]","[2048, 2048, 2048, 2048, 2048, 2048, 2048]","[2048, 2048, 2048, 2048, 2048, 2048, 2048, 2048, 2064]",125
1142,7772,55,23,2023-03-17T14:32:22.199000+00:00,73.836,31.959,36.418,275.0,271,False,142.213,"[None, 2048, 2048, 2048, 2048, 2048, 2048, 2048, 2048]","[2048, 2048, 2048, 2048, 2048, 2048, 2048]","[2048, 2048, 2048, 2048, 2048, 2048, 2048, 2048, 2064]",290
1142,7772,4,21,2023-03-17T14:32:24.090000+00:00,68.691,37.382,41.648,257.0,216,False,147.721,"[None, 2048, 2048, 2048, 2048, 2048, 2048, 2048, 2048]","[2048, 2048, 2048, 2048, 2048, 2048, 2048]","[2048, 2048, 2048, 2048, 2048, 2048, 2048, 2048, 2064]",199
1142,7772,23,23,2023-03-17T14:32:29.230000+00:00,74.451,33.413,43.596,267.0,183,False,151.46,"[None, 2048, 2048, 2048, 2048, 2048, 2048, 2048, 2048]","[2048, 2048, 2048, 2048, 2048, 2048, 2048]","[2048, 2048, 2048, 2048, 2048, 2048, 2048, 2048, 2064]",199
1142,7772,24,22,2023-03-17T14:32:38.417000+00:00,79.956,36.203,49.004,255.0,283,False,165.163,"[None, 2048, 2048, 2048, 2048, 2048, 2048, 2048, 2048]","[2048, 2048, 2048, 2048, 2048, 2048, 2048]","[2048, 2048, 2048, 2048, 2048, 2048, 2048, 2048, 2064]",122
1142,7772,21,29,2023-03-17T14:32:45.949000+00:00,70.208,35.888,49.115,273.0,257,False,155.211,"[None, 2048, 2048, 2048, 2048, 2048, 2048, 2048, 2048]","[2048, 2048, 2048, 2048, 2048, 2048, 2048]","[2048, 2048, 2048, 2048, 2048, 2048, 2048, 2048, 2064]",160
1142,7772,27,22,2023-03-17T14:32:48.589000+00:00,78.018,37.762,42.473,199.0,204,False,158.253,"[None, 2048, 2048, 2048, 2048, 2048, 2048, 2048, 2048]","[2048, 2048, 2048, 2048, 2048, 2048, 2048]","[2048, 2048, 2048, 2048, 2048, 2048, 2048, 2048, 2064]",186
1142,7772,16,26,2023-03-17T14:32:56.230000+00:00,77.421,39.12,44.24,267.0,191,False,160.781,"[None, 2048, 2048, 2048, 2048, 2048, 2048, 2048, 2048]","[2048, 2048, 2048, 2048, 2048, 2048, 2048]","[2048, 2048, 2048, 2048, 2048, 2048, 2048, 2048, 2064]",207
1142,7772,77,25,2023-03-17T14:32:57.011000+00:00,72.26,37.024,48.024,269.0,216,False,157.308,"[None, 2048, 2048, 2048, 2048, 2048, 2048, 2048, 2048]","[2048, 2048, 2048, 2048, 2048, 2048, 2048]","[2048, 2048, 2048, 2048, 2048, 2048, 2048, 2048, 2064]",151
1142,7772,10,24,2023-03-17T14:32:59.839000+00:00,71.084,40.573,44.155,282.0,196,False,155.812,"[None, 2048, 2048, 2048, 2048, 2048, 2048, 2048, 2048]","[2048, 2048, 2048, 2048, 2048, 2048, 2048]","[2048, 2048, 2048, 2048, 2048, 2048, 2048, 2048, 2064]",218
1142,7772,14,22,2023-03-17T14:33:08.839000+00:00,73.233,38.573,44.474,,178,False,156.28,"[None, 2048, 2048, 2048, 2048, 2048, 2048, 2048, 2048]","[2048, 2048, 2048, 2048, 2048, 2048, 2048]","[2048, 2048, 2048, 2048, 2048, 2048, 2048, 2048, 2064]",160
1142,7772,2,26,2023-03-17T14:33:13.339000+00:00,75.147,33.528,44.524,273.0,233,False,153.199,"[None, 2048, 2048, 2048, 2048, 2048, 2048, 2048, 2048]","[2048, 2048, 2048, 2048, 2048, 2048, 2048]","[2048, 2048, 2048, 2048, 2048, 2048, 2048, 2048, 2064]",183
1142,7772,22,25,2023-03-17T14:33:18.182000+00:00,72.946,31.866,45.989,281.0,171,False,150.801,"[None, 2048, 2048, 2048, 2048, 2048, 2048, 2048, 2048]","[2048, 2048, 2048, 2048, 2048, 2048, 2048]","[2048, 2048, 2048, 2048, 2048, 2048, 2048, 2048, 2064]",158
1142,7772,1,18,2023-03-17T14:33:36.573000+00:00,65.275,31.569,43.873,275.0,239,False,140.717,"[None, 2048, 2048, 2048, 2048, 2048, 2048, 2048, 2048]","[2048, 2048, 2048, 2048, 2048, 2048, 2048]","[2048, 2048, 2048, 2048, 2048, 2048, 2048, 2048, 2064]",138
1142,7772,44,26,2023-03-17T14:33:41.339000+00:00,70.292,33.363,37.245,275.0,268,False,140.9,"[None, 2048, 2048, 2048, 2048, 2048, 2048, 2048, 2048]","[2048, 2048, 2048, 2048, 2048, 2048, 2048]","[2048, 2048, 2048, 2048, 2048, 2048, 2048, 2048, 2064]",277
1142,7772,20,23,2023-03-17T14:33:45.557000+00:00,76.94,32.174,40.932,272.0,287,False,150.046,"[None, 2048, 2048, 2048, 2048, 2048, 2048, 2048, 2048]","[2048, 2048, 2048, 2048, 2048, 2048, 2048]","[2048, 2048, 2048, 2048, 2048, 2048, 2048, 2048, 2064]",160
1142,7772,63,26,2023-03-17T14:33:49.838000+00:00,77.934,43.819,44.2,267.0,183,False,165.953,"[None, 2048, 2048, 2048, 2048, 2048, 2048, 2048, 2048]","[2048, 2048, 2048, 2048, 2048, 2048, 2048]","[2048, 2048, 2048, 2048, 2048, 2048, 2048, 2048, 2064]",160
1142,7772,31,22,2023-03-17T14:33:52.072000+00:00,89.437,34.013,46.233,200.0,253,False,169.683,"[None, 2048, 2048, 2048, 2048, 2048, 2048, 2048, 2048]","[2048, 2048, 2048, 2048, 2048, 2048, 2048]","[2048, 2048, 2048, 2048, 2048, 2048, 2048, 2048, 2064]",166
1142,7772,18,20,2023-03-17T14:33:59.135000+00:00,76.887,36.897,46.893,260.0,177,False,160.677,"[None, 2048, 2048, 2048, 2048, 2048, 2048, 2048, 2048]","[2048, 2048, 2048, 2048, 2048, 2048, 2048]","[2048, 2048, 2048, 2048, 2048, 2048, 2048, 2048, 2064]",175
1142,7772,11,20,2023-03-17T14:34:14.384000+00:00,68.281,41.625,42.084,219.0,198,False,151.99,"[None, 2048, 2048, 2048, 2048, 2048, 2048, 2048, 2048]","[2048, 2048, 2048, 2048, 2048, 2048, 2048]","[2048, 2048, 2048, 2048, 2048, 2048, 2048, 2048, 2064]",210
