meeting_key,session_key,driver_number,lap_number,date_start,duration_sector_1,duration_sector_2,duration_sector_3,i1_speed,i2_speed,is_pit_out_lap,lap_duration,segments_sector_1,segments_sector_2,segments_sector_3,st_speed
1142,7773,18,1,,,30.784,40.334,266.0,302,True,,"[2064, 2064, 2064, 2049, 2049, 2049, 2051, 2051, 2049]","[2051, 2051, 2049, 2051, 2051, 2049, 2049]","[2051, 2049, 2049, 2049, 2049, 2051, 2049, 2051]",138
1142,7773,2,1,,,33.864,32.087,271.0,309,True,,"[2064, 2064, 2064, 2049, 2049, 2049, 2049, 2049, 2049]","[2049, 2049, 2049, 2049, 2049, 2051, 2051]","[2049, 2049, 2049, 2051, 2051, 2049, 2051, 2051, 2051]",309
1142,7773,14,1,,,35.934,38.857,263.0,302,True,,"[2064, 2064, 2064, 2049, 2049, 2049, 2049, 2049, 2049]","[2049, 2049, 2049, 2049, 2049, 2049, 2049]","[2049, 2049, 2049, 2049, 2049, 2049, 2049, 2049, 2049]",277
1142,7773,55,1,2023-03-17T17:00:10.270000+00:00,46.88,33.285,37.052,253.0,284,True,117.217,"[2064, 2064, 2064, 2049, 2049, 2049, 2049, 2049, 2049]","[2049, 2049, 2049, 2049, 2049, 2049, 2049]","[2049, 2049, 2051, 2049, 2049, 2049, 2051, 2049, 2049]",298
1142,7773,27,1,2023-03-17T17:00:10.957000+00:00,51.068,34.506,43.315,258.0,302,True,128.889,"[2064, 2064, 2064, 2049, 2049, 2049, 2049, 2049, 2049]","[2049, 2049, 2049, 2049, 2049, 2049, 2049]","[2049, 2051, 2049, 2049, 2049, 2049, 2049, 2049, 2049]",244
1142,7773,77,1,2023-03-17T17:00:23.316000+00:00,39.362,35.34,45.969,259.0,266,True,120.671,"[2064, 2064, 2064, 2049, 2049, 2049, 2049, 2049, 2049]","[2049, 2049, 2049, 2049, 2049, 2049, 2049]","[2049, 2049, 2049, 2049, 2049, 2049, 2049, 2049, 2049]",242
1142,7773,81,1,2023-03-17T17:00:27.691000+00:00,54.94,33.819,41.427,262.0,285,True,130.186,"[2064, 2064, 2064, 2049, 2049, 2049, 2049, 2049, 2049]","[2049, 2049, 2049, 2049, 2049, 2049, 2049]","[2049, 2049, 2049, 2049, 2049, 2049, 2051, 2049]",177
1142,7773,4,1,2023-03-17T17:00:31.301000+00:00,55.814,32.146,46.085,277.0,306,True,134.045,"[2064, 2064, 2064, 2049, 2049, 2049, 2049, 2049, 2049]","[2049, 2049, 2049, 2049, 2049, 2049, 2049]","[2049, 2049, 2049, 2049, 2049, 2049, 2049, 2049, 2049]",138
1142,7773,16,1,2023-03-17T17:00:33.597000+00:00,42.108,34.728,35.788,250.0,278,True,112.624,"[2064, 2064, 2064, 2049, 2049, 2049, 2049, 2049, 2049]","[2049, 2049, 2049, 2049, 2049, 2049, 2049]","[2049, 2049, 2049, 2049, 2049, 2049, 2049, 2049, 2049]",246
1142,7773,22,1,2023-03-17T17:00:39.394000+00:00,39.077,32.386,40.114,265.0,203,True,111.577,"[2064, 2064, 2064, 2049, 2049, 2049, 2049, 2049, 2049]","[2049, 2049, 2049, 2049, 2049, 2049, 2049]","[2049, 2049, 2049, 2049, 2049, 2049, 2049, 2049, 2049]",295
1142,7773,21,1,2023-03-17T17:00:50.410000+00:00,38.651,31.527,50.211,267.0,294,True,120.389,"[2064, 2064, 2064, 2049, 2049, 2049, 2049, 2049, 2049]","[2049, 2049, 2049, 2049, 2049, 2049, 2049]","[2049, 2049, 2049, 2049, 2049, 2049, 2049, 2049, 2049]",137
1142,7773,24,1,2023-03-17T17:00:51.379000+00:00,41.427,32.967,49.729,253.0,298,True,124.123,"[2064, 2064, 2064, 2049, 2049, 2049, 2049, 2049, 2049]","[2049, 2049, 2049, 2049, 2049, 2049, 2049]","[2049, 2049, 2049, 2049, 2049, 2049, 2049, 2049, 2049]",75
1142,7773,20,1,2023-03-17T17:00:57.894000+00:00,47.181,32.959,43.609,261.0,301,True,123.749,"[2064, 2064, 2064, 2049, 2049, 2049, 2049, 2049, 2049]","[2049, 2049, 2049, 2049, 2049, 2049, 2049]","[2049, 2051, 2049, 2049, 2049, 2049, 2049, 2049]",165
1142,7773,10,1,2023-03-17T17:01:01.956000+00:00,40.225,32.869,50.968,262.0,300,True,124.062,"[2064, 2064, 2064, 2049, 2049, 2049, 2049, 2049, 2049]","[2049, 2049, 2049, 2049, 2049, 2049, 2049]","[2049, 2049, 2049, 2049, 2049, 2049, 2049, 2049, 2051]",189
1142,7773,31,1,2023-03-17T17:01:09.956000+00:00,38.828,31.874,50.906,264.0,305,True,121.608,"[2064, 2064, 2064, 2049, 2049, 2049, 2049, 2049, 2049]","[2049, 2049, 2049, 2049, 2049, 2049, 2049]","[2049, 2049, 2049, 2049, 2049, 2049, 2049, 2051, 2049]",73
1142,7773,23,1,2023-03-17T17:01:23.675000+00:00,37.949,36.174,38.048,277.0,274,True,112.171,"[2064, 2064, 2064, 2049, 2049, 2049, 2049, 2049, 2049]","[2049, 2049, 2049, 2049, 2049, 2049, 2049]","[2049, 2049, 2049, 2049, 2049, 2049, 2049, 2051, 2051]",281
1142,7773,44,1,2023-03-17T17:01:25.894000+00:00,63.637,37.519,34.951,245.0,308,True,136.107,"[2064, 2064, 2064, 2049, 2049, 2049, 2049, 2049, 2049]","[2049, 2049, 2049, 2049, 2049, 2049, 2049]","[2049, 2049, 2049, 2049, 2049, 2049, 2049, 2049, 2049]",298
1142,7773,1,1,2023-03-17T17:01:37.331000+00:00,36.942,32.164,38.268,270.0,221,True,107.374,"[2064, 2064, 2064, 2049, 2049, 2049, 2049, 2049, 2049]","[2049, 2049, 2049, 2049, 2049, 2049, 2049]","[2049, 2049, 2049, 2049, 2049, 2049, 2051, 2049, 2051]",273
1142,7773,63,1,2023-03-17T17:01:52.378000+00:00,41.076,37.713,35.241,259.0,241,True,114.03,"[2064, 2064, 2064, 2049, 2049, 2049, 2049, 2049, 2049]","[2049, 2049, 2049, 2049, 2049, 2049, 2049]","[2049, 2049, 2049, 2049, 2049, 2049, 2049, 2049, 2049]",256
1142,7773,18,2,2023-03-17T17:01:55.221000+00:00,33.927,29.198,29.168,280.0,316,False,92.293,"[2049, 2049, 2049, 2049, 2049, 2049, 2049, 2049, 2049]","[2049, 2049, 2049, 2049, 2049, 2049, 2049]","[2049, 2049, 2049, 2049, 2051, 2051, 2049, 2049, 2049]",321
1142,7773,2,2,2023-03-17T17:02:00.206000+00:00,34.943,29.583,29.265,283.0,322,False,93.791,"[2049, 2049, 2049, 2049, 2049, 2049, 2049, 2049, 2049]","[2049, 2049, 2049, 2049, 2049, 2049, 2049]","[2049, 2049, 2049, 2049, 2049, 2049, 2049, 2049]",328
1142,7773,55,2,2023-03-17T17:02:07.487000+00:00,33.561,28.77,28.749,286.0,329,False,91.08,"[2049, 2049, 2049, 2049, 2051, 2049, 2049, 2049, 2049]","[2051, 2049, 2051, 2049, 2049, 2051, 2051]","[2051, 2049, 2051, 2051, 2051, 2051, 2051, 2051]",330
1142,7773,14,2,2023-03-17T17:02:13.737000+00:00,33.51,28.898,28.984,285.0,319,False,91.392,"[2049, 2049, 2049, 2051, 2049, 2051, 2051, 2051, 2051]","[2049, 2051, 2049, 2051, 2051, 2049, 2049]","[2049, 2051, 2049, 2049, 2049, 2049, 2049, 2049]",323
1142,7773,27,2,2023-03-17T17:02:19.846000+00:00,33.849,29.127,29.219,284.0,324,False,92.195,"[2049, 2049, 2049, 2049, 2049, 2049, 2049, 2049, 2049]","[2049, 2049, 2049, 2049, 2049, 2049, 2049]","[2049, 2049, 2049, 2049, 2049, 2049, 2049, 2049]",327
1142,7773,77,2,2023-03-17T17:02:23.987000+00:00,44.066,42.065,31.921,196.0,296,False,118.052,"[2049, 2049, 2049, 2048, 2048, 2048, 2049, 2049, 2048]","[2048, 2049, 2049, 2049, 2048, 2049, 2049]","[2048, 2048, 2048, 2049, 2049, 2049, 2049, 2049, 2049]",305
1142,7773,16,2,2023-03-17T17:02:26.221000+00:00,49.864,38.207,42.992,254.0,231,False,131.063,"[2049, 2049, 2049, 2048, 2048, 2049, 2049, 2048, 2048]","[2049, 2048, 2048, 2048, 2049, 2048, 2048]","[2048, 2048, 2048, 2048, 2048, 2049, 2049, 2049]",179
1142,7773,22,2,2023-03-17T17:02:30.971000+00:00,34.576,29.735,39.601,280.0,317,False,103.912,"[2049, 2049, 2049, 2049, 2049, 2049, 2049, 2049, 2049]","[2049, 2049, 2049, 2049, 2049, 2049, 2049]","[2049, 2048, 2048, 2048, 2049, 2049, 2048, 2048, 2064]",294
1142,7773,81,2,2023-03-17T17:02:37.877000+00:00,34.824,29.185,29.443,282.0,318,False,93.452,"[2049, 2049, 2049, 2049, 2049, 2049, 2049, 2049, 2049]","[2049, 2049, 2049, 2049, 2049, 2049, 2049]","[2049, 2049, 2049, 2049, 2049, 2049, 2048, 2048]",321
1142,7773,4,2,2023-03-17T17:02:45.346000+00:00,34.211,29.386,29.935,281.0,317,False,93.532,"[2049, 2049, 2049, 2049, 2049, 2049, 2049, 2049, 2049]","[2049, 2049, 2049, 2049, 2049, 2049, 2049]","[2049, 2049, 2049, 2049, 2049, 2049, 2049, 2049]",320
1142,7773,21,2,2023-03-17T17:02:50.799000+00:00,38.335,35.796,38.264,153.0,277,False,112.395,"[2049, 2051, 2049, 2049, 2049, 2049, 2049, 2049, 2048]","[2048, 2048, 2048, 2048, 2048, 2048, 2048]","[2048, 2049, 2049, 2049, 2049, 2048, 2048, 2048]",274
1142,7773,24,2,2023-03-17T17:02:55.502000+00:00,34.083,29.543,29.759,281.0,319,False,93.385,"[2049, 2049, 2049, 2049, 2049, 2049, 2049, 2049, 2049]","[2049, 2049, 2049, 2049, 2049, 2049, 2049]","[2049, 2049, 2049, 2049, 2049, 2049, 2048, 2049, 2049]",322
1142,7773,20,2,2023-03-17T17:03:01.643000+00:00,36.929,42.011,44.788,258.0,222,False,123.728,"[2049, 2049, 2051, 2049, 2049, 2049, 2049, 2048, 2048]","[2048, 2048, 2048, 2048, 2048, 2048, 2048]","[2048, 2048, 2048, 2048, 2049, 2049, 2049, 2048]",129
1142,7773,10,2,2023-03-17T17:03:06.018000+00:00,43.933,36.316,32.979,183.0,303,False,113.228,"[2049, 2049, 2049, 2049, 2049, 2049, 2048, 2048, 2048]","[2048, 2048, 2048, 2048, 2048, 2048, 2049]","[2048, 2049, 2049, 2049, 2049, 2049, 2051, 2049]",276
1142,7773,31,2,2023-03-17T17:03:11.564000+00:00,33.767,29.255,29.345,282.0,316,False,92.367,"[2049, 2049, 2049, 2049, 2049, 2049, 2049, 2049, 2049]","[2049, 2049, 2049, 2049, 2049, 2049, 2049]","[2049, 2049, 2049, 2049, 2049, 2049, 2049, 2049]",320
1142,7773,23,2,2023-03-17T17:03:15.846000+00:00,34.115,29.145,29.41,288.0,325,False,92.67,"[2049, 2049, 2049, 2049, 2049, 2049, 2049, 2049, 2049]","[2049, 2049, 2049, 2049, 2051, 2049, 2049]","[2049, 2049, 2049, 2049, 2049, 2049, 2048, 2049]",329
1142,7773,1,2,2023-03-17T17:03:24.705000+00:00,40.59,36.471,37.694,235.0,237,False,114.755,"[2051, 2049, 2049, 2048, 2048, 2048, 2048, 2048, 2048]","[2048, 2048, 2048, 2048, 2048, 2048, 2048]","[2049, 2049, 2048, 2048, 2048, 2049, 2048, 2048]",213
1142,7773,18,3,2023-03-17T17:03:27.408000+00:00,62.825,35.906,37.349,250.0,190,False,136.08,"[None, 2048, 2048, 2048, 2048, 2048, 2048, 2048, 2048]","[2048, 2048, 2048, 2048, 2048, 2048, 2048]","[2048, 2048, 2048, 2048, 2048, 2048, 2048, 2048, 2048]",156
1142,7773,2,3,2023-03-17T17:03:33.877000+00:00,44.478,33.824,32.508,254.0,294,False,110.81,"[None, 2049, 2049, 2048, 2048, 2048, 2048, 2048, 2048]","[2048, 2048, 2048, 2048, 2048, 2048, 2048]","[2048, 2048, 2048, 2048, 2048, 2048, 2049, 2049, 2048]",309
1142,7773,55,3,2023-03-17T17:03:38.502000+00:00,53.852,48.574,45.825,208.0,189,False,148.251,"[2048, 2048, 2048, 2048, 2048, 2048, 2048, 2048, 2048]","[2048, 2048, 2048, 2048, 2048, 2048, 2048]","[2048, 2048, 2048, 2048, 2048, 2048, 2048, 2048, 2048]",206
1142,7773,44,2,2023-03-17T17:03:42.001000+00:00,42.293,41.443,32.826,247.0,229,False,116.562,"[2049, 2049, 2049, 2048, 2048, 2049, 2049, 2048, 2049]","[2049, 2048, 2049, 2049, 2048, 2048, 2048]","[2048, 2049, 2049, 2049, 2048, 2048, 2051, 2049]",279
1142,7773,14,3,2023-03-17T17:03:45.095000+00:00,46.832,45.807,36.603,254.0,242,False,129.242,"[2048, 2048, 2048, 2048, 2048, 2048, 2048, 2048, 2048]","[2048, 2048, 2048, 2048, 2048, 2048, 2048]","[2048, 2048, 2048, 2048, 2048, 2048, 2048, 2048, 2048]",302
1142,7773,63,2,2023-03-17T17:03:46.408000+00:00,44.491,48.047,40.862,195.0,220,False,133.4,"[2049, 2049, 2049, 2049, 2049, 2048, 2048, 2048, 2048]","[2049, 2048, 2048, 2048, 2048, 2048, 2049]","[2048, 2048, 2048, 2048, 2048, 2049, 2049, 2048]",166
1142,7773,27,3,2023-03-17T17:03:51.955000+00:00,52.759,43.119,52.244,143.0,173,False,148.122,"[2048, 2048, 2048, 2048, 2048, 2048, 2048, 2048, 2048]","[2048, 2048, 2048, 2048, 2048, 2048, 2048]","[2048, 2048, 2048, 2048, 2048, 2048, 2048, 2048]",70
1142,7773,81,3,2023-03-17T17:04:11.220000+00:00,34.498,29.712,29.678,,311,False,93.888,"[2048, 2049, 2049, 2048, 2048, 2049, 2049, 2048, 2049]","[2048, 2049, 2048, 2048, 2048, 2048, 2048]","[2048, 2049, 2049, 2048, 2048, 2048, 2048, 2048]",311
1142,7773,4,3,2023-03-17T17:04:18.782000+00:00,59.238,57.948,40.42,144.0,264,False,157.606,"[2048, 2048, 2048, 2048, 2048, 2048, 2048, 2048, 2048]","[2048, 2048, 2048, 2048, 2048, 2048, 2048]","[2048, 2048, 2048, 2048, 2048, 2048, 2048, 2048]",237
1142,7773,77,3,2023-03-17T17:04:22.032000+00:00,39.754,33.097,40.133,259.0,300,False,112.984,"[None, 2048, 2049, 2048, 2048, 2048, 2048, 2048, 2048]","[2048, 2048, 2049, 2049, 2049, 2049, 2049]","[2048, 2049, 2049, 2048, 2048, 2048, 2048, 2048, 2048]",146
1142,7773,11,1,2023-03-17T17:04:27.970000+00:00,33.797,30.386,39.206,271.0,290,True,103.389,"[2064, 2064, 2064, 2049, 2049, 2049, 2049, 2049, 2049]","[2049, 2049, 2049, 2049, 2049, 2049, 2049]","[2049, 2049, 2049, 2049, 2049, 2049, 2049, 2049]",172
1142,7773,24,3,2023-03-17T17:04:28.782000+00:00,43.058,43.424,40.512,144.0,181,False,126.994,"[2048, 2048, 2048, 2048, 2048, 2048, 2048, 2048, 2048]","[2048, 2048, 2048, 2048, 2048, 2048, 2048]","[2048, 2048, 2048, 2048, 2048, 2048, 2048, 2048, 2048]",207
1142,7773,16,3,2023-03-17T17:04:37.251000+00:00,33.636,28.798,28.832,286.0,325,False,91.266,"[None, 2049, 2049, 2049, 2049, 2049, 2049, 2049, 2049]","[2049, 2049, 2049, 2049, 2049, 2049, 2049]","[2051, 2049, 2049, 2049, 2049, 2049, 2049, 2051]",330
1142,7773,21,3,2023-03-17T17:04:43.095000+00:00,34.123,29.517,29.449,282.0,318,False,93.089,"[None, 2048, 2048, 2049, 2049, 2049, 2049, 2049, 2049]","[2049, 2049, 2049, 2049, 2049, 2049, 2049]","[2049, 2049, 2049, 2049, 2049, 2049, 2048, 2049]",320
1142,7773,31,3,2023-03-17T17:04:43.829000+00:00,49.351,40.091,32.768,160.0,261,False,122.21,"[2048, 2048, 2048, 2048, 2048, 2048, 2048, 2048, 2048]","[2048, 2048, 2048, 2048, 2048, 2048, 2048]","[2048, 2048, 2048, 2048, 2048, 2048, 2049, 2048, 2048]",305
1142,7773,23,3,2023-03-17T17:04:48.454000+00:00,51.972,40.912,40.125,193.0,173,False,133.009,"[2048, 2048, 2048, 2048, 2048, 2048, 2048, 2048, 2048]","[2048, 2048, 2048, 2048, 2048, 2048, 2048]","[2048, 2048, 2048, 2048, 2048, 2048, 2049, 2049, 2049]",158
1142,7773,22,3,2023-03-17T17:04:55.438000+00:00,82.994,36.158,38.097,271.0,198,True,157.249,"[2064, 2064, 2064, 2048, 2048, 2048, 2048, 2048, 2048]","[2048, 2048, 2048, 2048, 2048, 2048, 2048]","[2048, 2048, 2049, 2048, 2048, 2048, 2049, 2049, 2049]",249
1142,7773,10,3,2023-03-17T17:04:59.188000+00:00,33.495,28.893,29.045,283.0,316,False,91.433,"[2048, 2048, 2049, 2049, 2049, 2049, 2049, 2049, 2049]","[2049, 2049, 2049, 2051, 2049, 2049, 2049]","[2049, 2049, 2049, 2049, 2049, 2051, 2048, 2048]",320
1142,7773,20,3,2023-03-17T17:05:05.266000+00:00,34.537,29.328,29.586,280.0,322,False,93.451,"[2048, 2048, 2048, 2049, 2049, 2049, 2049, 2049, 2049]","[2049, 2049, 2049, 2049, 2049, 2049, 2049]","[2051, 2048, 2049, 2049, 2051, 2049, 2048, 2049, 2049]",326
1142,7773,1,3,2023-03-17T17:05:19.360000+00:00,33.125,28.64,29.036,288.0,327,False,90.801,"[2048, 2048, 2048, 2049, 2049, 2049, 2049, 2049, 2049]","[2049, 2049, 2049, 2049, 2049, 2049, 2049]","[2049, 2049, 2049, 2051, 2049, 2049, 2048, 2048]",330
1142,7773,2,4,2023-03-17T17:05:24.797000+00:00,34.332,29.396,29.488,285.0,324,False,93.216,"[2048, 2048, 2048, 2049, 2049, 2049, 2049, 2049, 2049]","[2049, 2049, 2049, 2049, 2048, 2049, 2049]","[2049, 2048, 2048, 2048, 2048, 2049, 2048, 2048]",329
1142,7773,44,3,2023-03-17T17:05:38.485000+00:00,33.522,28.993,29.13,288.0,323,False,91.645,"[2048, 2048, 2049, 2049, 2049, 2049, 2049, 2049, 2049]","[2049, 2049, 2049, 2049, 2049, 2049, 2049]","[2049, 2049, 2049, 2049, 2049, 2049, 2048, 2048]",326
1142,7773,18,4,2023-03-17T17:05:43.594000+00:00,32.986,28.829,29.181,288.0,322,False,90.996,"[None, 2049, 2048, 2049, 2051, 2051, 2049, 2051, 2051]","[2049, 2049, 2049, 2049, 2049, 2049, 2049]","[2049, 2048, 2048, 2049, 2049, 2048, 2048, 2049]",324
1142,7773,81,4,2023-03-17T17:05:45.172000+00:00,49.277,42.613,43.977,140.0,274,False,135.867,"[None, 2048, 2048, 2048, 2048, 2048, 2048, 2048, 2048]","[2048, 2048, 2048, 2048, 2048, 2048, 2048]","[2048, 2048, 2048, 2048, 2048, 2048, 2048, 2048]",114
1142,7773,14,4,2023-03-17T17:05:54.391000+00:00,33.156,28.52,28.936,288.0,322,False,90.612,"[2049, 2049, 2049, 2048, 2048, 2049, 2049, 2049, 2049]","[2051, 2051, 2049, 2051, 2051, 2049, 2049]","[2049, 2048, 2048, 2049, 2051, 2049, 2049, 2048, 2048]",323
1142,7773,63,3,2023-03-17T17:05:59.719000+00:00,34.118,29.037,29.413,287.0,323,False,92.568,"[2048, 2048, 2048, 2049, 2049, 2049, 2049, 2049, 2049]","[2049, 2049, 2049, 2049, 2049, 2049, 2049]","[2049, 2049, 2049, 2049, 2049, 2049, 2049, 2049]",326
1142,7773,55,4,2023-03-17T17:06:06.844000+00:00,33.487,28.784,28.946,285.0,323,False,91.217,"[None, 2048, 2049, 2048, 2048, 2049, 2049, 2049, 2049]","[2048, 2049, 2048, 2049, 2049, 2048, 2048]","[2049, 2048, 2048, 2048, 2049, 2051, 2048, 2048, 2048]",326
1142,7773,16,4,2023-03-17T17:06:08.469000+00:00,50.897,40.6,34.896,244.0,204,False,126.393,"[2049, 2048, 2048, 2048, 2048, 2048, 2048, 2048, 2048]","[2048, 2048, 2048, 2048, 2048, 2048, 2048]","[2048, 2048, 2048, 2048, 2048, 2048, 2048, 2048]",273
1142,7773,11,2,2023-03-17T17:06:11.359000+00:00,44.169,47.713,44.726,230.0,186,False,136.608,"[2051, 2051, 2051, 2048, 2048, 2048, 2048, 2048, 2048]","[2048, 2048, 2048, 2048, 2048, 2048, 2048]","[2048, 2048, 2048, 2049, 2049, 2049, 2048, 2048]",133
1142,7773,77,4,2023-03-17T17:06:14.937000+00:00,34.924,29.508,29.968,282.0,320,False,94.4,"[2048, 2048, 2049, 2049, 2049, 2049, 2049, 2049, 2049]","[2049, 2049, 2049, 2049, 2049, 2049, 2049]","[2049, 2049, 2049, 2049, 2049, 2049, 2049, 2049, 2048]",321
1142,7773,21,4,2023-03-17T17:06:16.172000+00:00,44.109,40.619,39.987,252.0,278,False,124.715,"[2048, 2048, 2048, 2048, 2048, 2048, 2048, 2048, 2048]","[2048, 2048, 2048, 2048, 2048, 2048, 2048]","[2048, 2048, 2048, 2048, 2048, 2048, 2048, 2048]",194
1142,7773,27,4,2023-03-17T17:06:20.156000+00:00,33.642,28.895,29.1,286.0,324,False,91.637,"[2049, 2048, 2048, 2048, 2048, 2049, 2049, 2049, 2049]","[2048, 2049, 2049, 2049, 2049, 2049, 2049]","[2048, 2049, 2049, 2049, 2049, 2048, 2048, 2048, 2049]",329
1142,7773,10,4,2023-03-17T17:06:30.625000+00:00,47.797,38.005,33.901,194.0,288,False,119.703,"[None, 2048, 2048, 2048, 2048, 2048, 2048, 2048, 2048]","[2048, 2048, 2048, 2048, 2048, 2048, 2048]","[2048, 2048, 2048, 2048, 2048, 2048, 2048, 2048, 2049]",284
1142,7773,24,4,2023-03-17T17:06:35.890000+00:00,33.734,29.247,29.422,282.0,316,False,92.403,"[None, 2048, 2049, 2049, 2049, 2049, 2049, 2049, 2049]","[2049, 2049, 2049, 2049, 2049, 2048, 2049]","[2049, 2049, 2049, 2048, 2049, 2049, 2049, 2049]",321
1142,7773,20,4,2023-03-17T17:06:38.749000+00:00,40.359,45.617,36.706,181.0,176,False,122.682,"[None, 2048, 2048, 2048, 2048, 2048, 2048, 2048, 2048]","[2048, 2048, 2048, 2048, 2048, 2048, 2048]","[2048, 2048, 2048, 2048, 2048, 2048, 2048, 2048, 2048]",271
1142,7773,31,4,2023-03-17T17:06:46.109000+00:00,33.411,29.04,29.043,283.0,317,False,91.494,"[None, 2049, 2049, 2048, 2049, 2049, 2051, 2049, 2049]","[2049, 2049, 2049, 2049, 2049, 2049, 2049]","[2049, 2049, 2049, 2049, 2049, 2049, 2048, 2048]",322
1142,7773,1,4,2023-03-17T17:06:50.218000+00:00,55.106,52.997,38.263,137.0,216,False,146.366,"[None, 2048, 2048, 2048, 2048, 2048, 2048, 2048, 2048]","[2048, 2048, 2048, 2048, 2048, 2048, 2048]","[2048, 2048, 2048, 2048, 2048, 2048, 2048, 2048]",246
1142,7773,22,4,2023-03-17T17:06:52.156000+00:00,33.74,29.245,29.365,283.0,318,False,92.35,"[2049, 2049, 2049, 2049, 2049, 2049, 2049, 2049, 2049]","[2049, 2049, 2049, 2049, 2049, 2049, 2049]","[2049, 2049, 2049, 2049, 2049, 2049, 2049, 2049]",326
1142,7773,4,4,2023-03-17T17:06:56.468000+00:00,33.783,29.115,29.426,282.0,319,False,92.324,"[2049, 2048, 2048, 2049, 2049, 2049, 2049, 2049, 2049]","[2049, 2049, 2049, 2048, 2049, 2049, 2049]","[2049, 2049, 2049, 2049, 2048, 2049, 2048, 2048]",324
1142,7773,2,5,2023-03-17T17:06:57.937000+00:00,50.038,38.873,35.778,248.0,173,False,124.689,"[2049, 2048, 2048, 2048, 2048, 2048, 2048, 2048, 2048]","[2048, 2048, 2048, 2048, 2048, 2048, 2048]","[2048, 2048, 2048, 2048, 2048, 2048, 2048, 2048, 2048]",294
1142,7773,23,4,2023-03-17T17:07:01.531000+00:00,33.574,28.966,29.072,290.0,327,False,91.612,"[2049, 2049, 2049, 2049, 2049, 2049, 2049, 2049, 2049]","[2049, 2048, 2049, 2049, 2049, 2051, 2049]","[2049, 2049, 2049, 2049, 2049, 2049, 2048, 2048]",331
1142,7773,44,4,2023-03-17T17:07:10.140000+00:00,61.14,48.952,42.784,158.0,262,False,152.876,"[None, 2048, 2048, 2048, 2048, 2048, 2048, 2048, 2048]","[2048, 2048, 2048, 2048, 2048, 2048, 2048]","[2048, 2048, 2048, 2048, 2048, 2048, 2048, 2048, 2048]",135
1142,7773,18,5,2023-03-17T17:07:14.515000+00:00,58.568,45.461,39.458,152.0,248,False,143.487,"[2048, 2048, 2048, 2048, 2048, 2048, 2048, 2048, 2048]","[2048, 2048, 2048, 2048, 2048, 2048, 2048]","[2048, 2048, 2048, 2048, 2048, 2048, 2048, 2048, 2048]",223
1142,7773,14,5,2023-03-17T17:07:24.921000+00:00,46.301,35.928,36.195,245.0,266,False,118.424,"[2048, 2048, 2048, 2048, 2048, 2048, 2048, 2048, 2048]","[2048, 2048, 2048, 2048, 2048, 2048, 2048]","[2048, 2048, 2048, 2048, 2048, 2048, 2048, 2048, 2064]",250
1142,7773,63,4,2023-03-17T17:07:32.296000+00:00,54.211,44.606,36.863,239.0,175,False,135.68,"[None, 2048, 2048, 2048, 2048, 2048, 2048, 2048, 2048]","[2048, 2048, 2048, 2048, 2048, 2048, 2048]","[2048, 2048, 2048, 2048, 2048, 2048, 2048, 2048, 2048]",285
1142,7773,55,5,2023-03-17T17:07:38.046000+00:00,54.564,47.276,37.677,192.0,210,False,139.517,"[None, 2048, 2048, 2048, 2048, 2048, 2048, 2048, 2048]","[2048, 2048, 2048, 2048, 2048, 2048, 2048]","[2048, 2048, 2048, 2048, 2048, 2048, 2048, 2048, 2048]",182
1142,7773,77,5,2023-03-17T17:07:49.405000+00:00,43.848,37.951,40.156,142.0,256,False,121.955,"[None, 2048, 2048, 2048, 2048, 2048, 2048, 2048, 2048]","[2048, 2048, 2048, 2048, 2048, 2048, 2048]","[2048, 2048, 2048, 2048, 2048, 2048, 2048, 2048]",264
1142,7773,27,5,2023-03-17T17:07:51.717000+00:00,53.657,47.807,37.642,243.0,118,False,139.106,"[2048, 2048, 2048, 2048, 2048, 2048, 2048, 2048, 2048]","[2048, 2048, 2048, 2048, 2048, 2048, 2048]","[2048, 2048, 2048, 2048, 2048, 2048, 2048, 2048]",275
1142,7773,81,5,2023-03-17T17:08:01.061000+00:00,33.651,29.039,29.499,284.0,319,False,92.189,"[None, 2048, 2048, 2049, 2049, 2049, 2049, 2049, 2049]","[2049, 2049, 2049, 2049, 2049, 2049, 2048]","[2049, 2048, 2048, 2048, 2049, 2048, 2048, 2048]",322
1142,7773,24,5,2023-03-17T17:08:08.202000+00:00,54.214,39.023,38.558,119.0,280,False,131.795,"[None, 2048, 2048, 2048, 2048, 2048, 2048, 2048, 2048]","[2048, 2048, 2048, 2048, 2048, 2048, 2048]","[2048, 2048, 2048, 2048, 2048, 2048, 2048, 2048, 2048]",205
1142,7773,16,5,2023-03-17T17:08:14.936000+00:00,33.095,28.892,28.929,286.0,322,False,90.916,"[2048, 2049, 2049, 2049, 2049, 2049, 2049, 2049, 2049]","[2048, 2048, 2049, 2049, 2048, 2048, 2048]","[2049, 2049, 2048, 2048, 2049, 2048, 2048, 2048]",327
1142,7773,31,5,2023-03-17T17:08:17.514000+00:00,48.988,43.004,36.664,220.0,189,False,128.656,"[None, 2048, 2048, 2048, 2048, 2048, 2048, 2048, 2048]","[2048, 2048, 2048, 2048, 2048, 2048, 2048]","[2048, 2048, 2048, 2048, 2048, 2048, 2048, 2048, 2048]",262
1142,7773,21,5,2023-03-17T17:08:20.967000+00:00,33.761,29.192,29.248,284.0,318,False,92.201,"[2049, 2048, 2048, 2048, 2049, 2049, 2049, 2049, 2049]","[2049, 2049, 2049, 2049, 2049, 2049, 2049]","[2049, 2049, 2048, 2048, 2049, 2048, 2048, 2049]",322
1142,7773,22,5,2023-03-17T17:08:24.420000+00:00,47.268,39.94,38.452,244.0,248,False,125.66,"[2048, 2048, 2048, 2048, 2048, 2048, 2048, 2048, 2048]","[2048, 2048, 2048, 2048, 2048, 2048, 2048]","[2048, 2048, 2048, 2048, 2048, 2048, 2048, 2048, 2048]",155
1142,7773,11,3,2023-03-17T17:08:27.967000+00:00,33.13,28.661,28.637,289.0,326,False,90.428,"[2048, 2048, 2048, 2049, 2049, 2049, 2049, 2049, 2049]","[2049, 2049, 2049, 2049, 2049, 2049, 2049]","[2049, 2051, 2051, 2051, 2049, 2049, 2048, 2048]",332
1142,7773,4,5,2023-03-17T17:08:28.717000+00:00,55.758,55.163,38.926,247.0,226,False,149.847,"[2048, 2048, 2048, 2048, 2048, 2048, 2048, 2048, 2048]","[2048, 2048, 2048, 2048, 2048, 2048, 2048]","[2048, 2048, 2048, 2048, 2048, 2048, 2048, 2048, 2048]",220
1142,7773,10,5,2023-03-17T17:08:30.451000+00:00,33.171,28.866,28.925,286.0,320,False,90.962,"[2049, 2048, 2049, 2049, 2049, 2049, 2049, 2049, 2049]","[2049, 2049, 2048, 2048, 2048, 2049, 2049]","[2049, 2048, 2049, 2049, 2049, 2048, 2048, 2049]",322
1142,7773,23,5,2023-03-17T17:08:33.076000+00:00,51.707,43.207,35.321,243.0,215,False,130.235,"[2048, 2048, 2048, 2048, 2048, 2048, 2048, 2048, 2048]","[2048, 2048, 2048, 2048, 2048, 2048, 2048]","[2048, 2048, 2048, 2048, 2048, 2048, 2048, 2048]",281
1142,7773,20,5,2023-03-17T17:08:41.482000+00:00,34.047,29.006,29.424,282.0,325,False,92.477,"[None, 2048, 2048, 2049, 2049, 2049, 2049, 2049, 2049]","[2049, 2049, 2049, 2049, 2049, 2049, 2049]","[2051, 2049, 2049, 2049, 2051, 2048, 2049, 2049]",326
1142,7773,2,6,2023-03-17T17:09:02.701000+00:00,34.031,29.031,28.92,288.0,325,False,91.982,"[2048, 2048, 2049, 2049, 2049, 2049, 2049, 2049, 2049]","[2049, 2049, 2049, 2049, 2049, 2049, 2049]","[2048, 2049, 2051, 2049, 2049, 2049, 2048, 2049]",330
1142,7773,1,5,2023-03-17T17:09:16.624000+00:00,32.775,28.507,28.776,289.0,326,False,90.058,"[None, 2048, 2049, 2049, 2049, 2051, 2051, 2051, 2051]","[2049, 2049, 2049, 2051, 2051, 2048, 2048]","[2049, 2049, 2049, 2049, 2049, 2048, 2048, 2048]",333
1142,7773,81,6,2023-03-17T17:09:33.169000+00:00,53.767,42.416,38.175,149.0,241,False,134.358,"[None, 2048, 2048, 2048, 2048, 2048, 2048, 2048, 2048]","[2048, 2048, 2048, 2048, 2048, 2048, 2048]","[2048, 2048, 2048, 2048, 2048, 2048, 2049, 2049, 2049]",279
1142,7773,18,6,2023-03-17T17:09:38.091000+00:00,33.916,29.147,29.66,283.0,306,False,92.723,"[None, 2048, 2048, 2048, 2048, 2048, 2048, 2048, 2048]","[2048, 2048, 2048, 2049, 2049, 2048, 2048]","[2048, 2048, 2048, 2048, 2048, 2048, 2049, 2048]",305
1142,7773,44,5,2023-03-17T17:09:43.060000+00:00,40.745,34.491,31.865,261.0,310,False,107.101,"[None, 2048, 2048, 2049, 2051, 2048, 2048, 2048, 2048]","[2048, 2048, 2048, 2048, 2048, 2048, 2048]","[2048, 2048, 2048, 2048, 2048, 2048, 2048, 2048]",294
1142,7773,16,6,2023-03-17T17:09:45.763000+00:00,45.801,41.792,38.655,197.0,135,False,126.248,"[None, 2048, 2048, 2048, 2048, 2048, 2048, 2048, 2048]","[2048, 2048, 2048, 2048, 2048, 2048, 2048]","[2048, 2048, 2048, 2048, 2048, 2048, 2048, 2048, 2064]",254
1142,7773,63,5,2023-03-17T17:09:48.044000+00:00,33.49,28.866,29.021,287.0,322,False,91.377,"[None, 2048, 2048, 2049, 2049, 2049, 2049, 2049, 2049]","[2048, 2049, 2049, 2049, 2049, 2048, 2048]","[2049, 2049, 2049, 2049, 2049, 2049, 2048, 2049]",326
1142,7773,77,6,2023-03-17T17:09:51.372000+00:00,34.274,29.471,29.515,281.0,319,False,93.26,"[2049, 2048, 2048, 2049, 2048, 2049, 2049, 2049, 2048]","[2049, 2049, 2048, 2049, 2048, 2049, 2048]","[2049, 2049, 2049, 2049, 2049, 2049, 2049, 2049, 2049]",323
1142,7773,21,6,2023-03-17T17:09:53.091000+00:00,49.196,36.462,37.083,106.0,281,False,122.741,"[2048, 2048, 2048, 2048, 2048, 2048, 2048, 2048, 2048]","[2048, 2048, 2048, 2048, 2048, 2048, 2048]","[2048, 2048, 2048, 2048, 2048, 2048, 2049, 2049]",228
1142,7773,55,6,2023-03-17T17:09:57.544000+00:00,39.431,46.488,37.942,220.0,205,False,123.861,"[None, 2048, 2048, 2049, 2048, 2048, 2048, 2048, 2048]","[2048, 2048, 2048, 2048, 2048, 2048, 2048]","[2048, 2048, 2048, 2048, 2048, 2048, 2048, 2048, 2048]",264
1142,7773,11,4,2023-03-17T17:09:58.325000+00:00,51.582,45.396,37.441,243.0,143,False,134.419,"[None, 2048, 2048, 2048, 2048, 2048, 2048, 2048, 2048]","[2048, 2048, 2048, 2048, 2048, 2048, 2048]","[2048, 2048, 2048, 2048, 2048, 2048, 2048, 2048]",206
1142,7773,10,6,2023-03-17T17:10:01.294000+00:00,52.855,42.15,32.668,197.0,269,False,127.673,"[2048, 2048, 2048, 2048, 2048, 2048, 2048, 2048, 2048]","[2048, 2048, 2048, 2048, 2048, 2048, 2048]","[2048, 2048, 2048, 2048, 2048, 2048, 2049, 2049, 2049]",290
1142,7773,27,6,2023-03-17T17:10:10.935000+00:00,33.62,28.928,29.0,286.0,323,False,91.548,"[None, 2049, 2049, 2048, 2049, 2048, 2048, 2049, 2049]","[2049, 2049, 2048, 2048, 2049, 2048, 2048]","[2048, 2048, 2048, 2048, 2049, 2049, 2049, 2048]",327
1142,7773,20,6,2023-03-17T17:10:13.903000+00:00,44.151,39.653,38.735,198.0,234,False,122.539,"[2049, 2048, 2048, 2048, 2048, 2048, 2048, 2048, 2048]","[2048, 2048, 2048, 2048, 2048, 2048, 2048]","[2048, 2048, 2048, 2048, 2048, 2048, 2048, 2048, 2064]",237
1142,7773,24,6,2023-03-17T17:10:20.091000+00:00,33.521,29.053,29.23,283.0,321,False,91.804,"[None, 2049, 2049, 2049, 2048, 2049, 2049, 2049, 2049]","[2049, 2049, 2049, 2049, 2049, 2049, 2049]","[2049, 2049, 2049, 2049, 2049, 2049, 2048, 2049]",324
1142,7773,31,6,2023-03-17T17:10:26.231000+00:00,33.011,28.862,28.864,288.0,318,False,90.737,"[None, 2048, 2048, 2049, 2049, 2049, 2051, 2049, 2049]","[2049, 2049, 2049, 2049, 2049, 2049, 2049]","[2049, 2049, 2049, 2049, 2049, 2048, 2048, 2049, 2049]",324
1142,7773,22,6,2023-03-17T17:10:30.200000+00:00,33.737,29.383,29.509,284.0,319,False,92.629,"[None, 2048, 2048, 2048, 2048, 2049, 2049, 2049, 2049]","[2049, 2048, 2048, 2048, 2048, 2048, 2049]","[2049, 2049, 2048, 2048, 2049, 2048, 2048, 2048, 2048]",325
1142,7773,2,7,2023-03-17T17:10:34.575000+00:00,36.411,31.48,36.22,263.0,296,False,104.111,"[None, 2048, 2048, 2048, 2048, 2048, 2048, 2048, 2048]","[2048, 2048, 2048, 2048, 2048, 2048, 2048]","[2048, 2048, 2048, 2048, 2048, 2048, 2048, 2048, 2064]",249
1142,7773,23,6,2023-03-17T17:10:43.372000+00:00,33.262,28.61,28.938,293.0,329,False,90.81,"[None, 2048, 2049, 2049, 2049, 2049, 2049, 2049, 2051]","[2049, 2049, 2051, 2049, 2051, 2051, 2051]","[2048, 2049, 2051, 2051, 2049, 2048, 2048, 2049, 2051]",332
1142,7773,1,6,2023-03-17T17:10:46.622000+00:00,64.98,58.925,39.212,85.0,118,False,163.117,"[None, 2048, 2048, 2048, 2048, 2048, 2048, 2048, 2048]","[2048, 2048, 2048, 2048, 2048, 2048, 2048]","[2048, 2048, 2048, 2048, 2048, 2048, 2048, 2048, 2049]",238
1142,7773,4,6,2023-03-17T17:10:58.668000+00:00,33.62,28.991,34.364,282.0,316,False,96.975,"[None, 2049, 2048, 2048, 2048, 2049, 2049, 2049, 2049]","[2048, 2049, 2048, 2049, 2049, 2048, 2048]","[2048, 2048, 2048, 2048, 2048, 2048, 2048, 2048]",210
1142,7773,18,7,2023-03-17T17:11:10.778000+00:00,39.635,32.822,34.469,258.0,285,False,106.926,"[None, 2048, 2048, 2048, 2048, 2048, 2048, 2048, 2048]","[2048, 2048, 2048, 2048, 2048, 2048, 2048]","[2048, 2048, 2048, 2048, 2048, 2048, 2048, 2048, 2064]",295
1142,7773,63,6,2023-03-17T17:11:19.356000+00:00,43.141,37.456,38.721,249.0,251,False,119.318,"[None, 2048, 2048, 2048, 2048, 2048, 2048, 2048, 2048]","[2048, 2048, 2048, 2048, 2048, 2048, 2048]","[2048, 2048, 2048, 2048, 2048, 2048, 2048, 2048, 2064]",289
1142,7773,77,7,2023-03-17T17:11:24.621000+00:00,43.193,35.069,36.936,253.0,281,False,115.198,"[2048, 2048, 2048, 2048, 2048, 2048, 2048, 2048, 2048]","[2048, 2048, 2048, 2048, 2048, 2048, 2048]","[2048, 2048, 2048, 2048, 2048, 2048, 2048, 2048, 2064]",300
1142,7773,44,6,2023-03-17T17:11:30.215000+00:00,33.317,28.68,29.01,290.0,324,False,91.007,"[None, 2048, 2048, 2049, 2048, 2048, 2049, 2049, 2049]","[2049, 2049, 2049, 2049, 2049, 2049, 2049]","[2048, 2049, 2049, 2049, 2049, 2048, 2048, 2048, 2048]",328
1142,7773,27,7,2023-03-17T17:11:42.402000+00:00,43.138,35.78,35.757,199.0,306,False,114.675,"[None, 2048, 2048, 2048, 2048, 2048, 2048, 2048, 2048]","[2048, 2048, 2048, 2048, 2048, 2048, 2048]","[2048, 2048, 2048, 2048, 2048, 2048, 2048, 2048, 2064]",246
1142,7773,81,7,2023-03-17T17:11:47.590000+00:00,33.515,28.902,31.843,284.0,318,False,94.26,"[2049, 2048, 2048, 2048, 2049, 2048, 2049, 2049, 2049]","[2049, 2049, 2049, 2049, 2049, 2049, 2049]","[2048, 2049, 2049, 2049, 2048, 2049, 2048, 2048, 2064]",319
1142,7773,24,7,2023-03-17T17:11:51.808000+00:00,48.873,35.61,37.656,154.0,290,False,122.139,"[None, 2048, 2048, 2048, 2048, 2048, 2048, 2048, 2048]","[2048, 2048, 2048, 2048, 2048, 2048, 2048]","[2048, 2048, 2048, 2048, 2048, 2048, 2048, 2048, 2064]",283
1142,7773,21,7,2023-03-17T17:11:55.933000+00:00,33.617,28.978,28.984,287.0,319,False,91.579,"[2049, 2048, 2048, 2048, 2049, 2048, 2048, 2049, 2049]","[2049, 2049, 2049, 2049, 2049, 2049, 2049]","[2048, 2049, 2049, 2049, 2049, 2049, 2048, 2048, 2048]",323
1142,7773,31,7,2023-03-17T17:11:56.918000+00:00,49.615,36.153,35.058,223.0,232,False,120.826,"[None, 2048, 2048, 2048, 2048, 2048, 2048, 2048, 2048]","[2048, 2048, 2048, 2048, 2048, 2048, 2048]","[2048, 2048, 2048, 2048, 2048, 2048, 2048, 2048, 2064]",307
1142,7773,55,7,2023-03-17T17:12:01.433000+00:00,33.106,28.808,32.562,287.0,326,False,94.476,"[None, 2049, 2049, 2048, 2048, 2049, 2049, 2049, 2049]","[2048, 2048, 2048, 2048, 2048, 2048, 2048]","[2048, 2048, 2048, 2048, 2051, 2048, 2048, 2048, 2064]",331
1142,7773,22,7,2023-03-17T17:12:02.777000+00:00,49.803,38.634,37.328,249.0,280,False,125.765,"[None, 2048, 2048, 2048, 2048, 2048, 2048, 2048, 2048]","[2048, 2048, 2048, 2048, 2048, 2048, 2048]","[2048, 2048, 2048, 2048, 2048, 2048, 2049, 2048, 2048]",267
1142,7773,10,7,2023-03-17T17:12:09.043000+00:00,33.047,28.824,28.757,286.0,318,False,90.628,"[None, 2048, 2049, 2048, 2049, 2049, 2049, 2049, 2049]","[2048, 2049, 2049, 2048, 2048, 2048, 2048]","[2048, 2051, 2049, 2049, 2049, 2048, 2048, 2048, 2048]",323
1142,7773,11,5,2023-03-17T17:12:12.808000+00:00,37.827,38.64,35.352,201.0,253,False,111.819,"[None, 2048, 2048, 2048, 2051, 2048, 2048, 2048, 2048]","[2048, 2048, 2048, 2048, 2048, 2048, 2048]","[2048, 2048, 2048, 2048, 2048, 2048, 2048, 2048, 2064]",293
1142,7773,23,7,2023-03-17T17:12:14.121000+00:00,39.862,34.428,35.239,265.0,270,False,109.529,"[2049, 2048, 2048, 2048, 2048, 2048, 2048, 2048, 2048]","[2048, 2048, 2048, 2048, 2048, 2048, 2048]","[2048, 2048, 2048, 2048, 2048, 2048, 2048, 2048, 2064]",301
1142,7773,4,7,2023-03-17T17:12:35.605000+00:00,40.425,35.962,37.982,159.0,239,False,114.369,"[None, 2048, 2048, 2048, 2048, 2048, 2048, 2048, 2048]","[2048, 2048, 2048, 2048, 2048, 2048, 2048]","[2048, 2048, 2048, 2048, 2048, 2048, 2048, 2048, 2064]",239
1142,7773,44,7,2023-03-17T17:13:01.120000+00:00,43.474,31.099,32.834,260.0,300,False,107.407,"[None, 2048, 2048, 2048, 2048, 2048, 2048, 2048, 2048]","[2048, 2048, 2048, 2048, 2048, 2048, 2048]","[2048, 2048, 2048, 2048, 2048, 2048, 2048, 2048, 2064]",312
1142,7773,21,8,2023-03-17T17:13:27.401000+00:00,39.704,31.704,34.527,256.0,296,False,105.935,"[2048, 2048, 2048, 2048, 2048, 2048, 2048, 2048, 2048]","[2048, 2048, 2048, 2048, 2048, 2048, 2048]","[2048, 2048, 2048, 2048, 2048, 2048, 2048, 2048, 2064]",297
1142,7773,1,7,2023-03-17T17:13:29.792000+00:00,32.895,28.487,28.57,289.0,325,False,89.952,"[2049, 2048, 2049, 2048, 2048, 2048, 2049, 2051, 2051]","[2049, 2049, 2048, 2048, 2049, 2048, 2048]","[2048, 2051, 2049, 2048, 2049, 2049, 2048, 2048, 2048]",330
1142,7773,10,8,2023-03-17T17:13:39.588000+00:00,41.454,38.853,34.712,251.0,276,False,115.019,"[None, 2048, 2048, 2048, 2048, 2048, 2048, 2048, 2048]","[2048, 2048, 2048, 2048, 2048, 2048, 2048]","[2048, 2048, 2048, 2048, 2048, 2048, 2048, 2048, 2064]",288
1142,7773,22,8,2023-03-17T17:14:08.541000+00:00,33.533,29.159,29.203,284.0,318,False,91.895,"[None, 2048, 2048, 2049, 2048, 2049, 2049, 2049, 2049]","[2048, 2049, 2048, 2049, 2048, 2048, 2048]","[2049, 2049, 2048, 2048, 2049, 2049, 2048, 2048]",323
1142,7773,24,8,2023-03-17T17:14:10.213000+00:00,65.871,32.276,35.328,261.0,297,True,133.475,"[2064, 2064, 2064, 2048, 2048, 2048, 2048, 2048, 2048]","[2048, 2048, 2048, 2048, 2048, 2048, 2048]","[2048, 2048, 2048, 2048, 2048, 2048, 2048, 2048, 2064]",302
1142,7773,1,8,2023-03-17T17:14:59.791000+00:00,36.412,31.384,34.066,265.0,287,False,101.862,"[2048, 2048, 2048, 2048, 2048, 2048, 2048, 2048, 2048]","[2048, 2048, 2048, 2048, 2048, 2048, 2048]","[2048, 2048, 2048, 2048, 2048, 2048, 2048, 2048, 2064]",292
1142,7773,22,9,2023-03-17T17:15:40.368000+00:00,38.763,32.891,36.62,257.0,278,False,108.274,"[None, 2048, 2048, 2048, 2048, 2048, 2048, 2048, 2048]","[2048, 2048, 2048, 2048, 2048, 2048, 2048]","[2048, 2048, 2048, 2048, 2048, 2048, 2048, 2048, 2064]",280
1142,7773,14,6,2023-03-17T17:17:51.789000+00:00,,32.552,31.414,265.0,302,True,609.205,"[2064, 2064, 2064, 2048, 2048, 2048, 2048, 2048, 2048]","[2048, 2048, 2048, 2048, 2048, 2048, 2048]","[2048, 2048, 2048, 2048, 2048, 2048, 2048, 2048]",307
1142,7773,2,8,2023-03-17T17:17:58.789000+00:00,,34.008,39.293,275.0,270,True,452.981,"[2064, 2064, 2064, 2048, 2048, 2048, 2048, 2048, 2048]","[2048, 2048, 2048, 2048, 2048, 2048, 2048]","[2048, 2048, 2048, 2048, 2048, 2048, 2048, 2048, 2048]",110
1142,7773,55,8,2023-03-17T17:18:59.022000+00:00,,39.184,36.534,226.0,237,True,441.656,"[2064, 2064, 2064, 2048, 2048, 2048, 2048, 2048, 2048]","[2048, 2048, 2048, 2048, 2048, 2048, 2048]","[2048, 2048, 2048, 2048, 2048, 2048, 2048, 2048, 2048]",253
1142,7773,77,8,2023-03-17T17:19:02.710000+00:00,,32.276,31.344,258.0,298,True,445.841,"[2064, 2064, 2064, 2048, 2048, 2048, 2048, 2048, 2048]","[2048, 2048, 2048, 2048, 2048, 2048, 2048]","[2048, 2048, 2048, 2048, 2048, 2048, 2048, 2048, 2048]",298
1142,7773,16,7,2023-03-17T17:19:13.366000+00:00,,35.565,37.223,253.0,280,True,555.499,"[2064, 2064, 2064, 2048, 2048, 2048, 2048, 2048, 2048]","[2048, 2048, 2048, 2048, 2048, 2048, 2048]","[2048, 2048, 2048, 2048, 2048, 2048, 2048, 2048, 2048]",246
1142,7773,14,7,2023-03-17T17:19:32.631000+00:00,32.64,28.317,29.028,289.0,320,False,89.985,"[2048, 2049, 2049, 2048, 2049, 2051, 2051, 2049, 2049]","[2051, 2048, 2049, 2051, 2049, 2049, 2048]","[2048, 2048, 2048, 2048, 2051, 2048, 2049, 2049]",322
1142,7773,2,9,2023-03-17T17:19:51.772000+00:00,33.722,28.993,28.782,286.0,322,False,91.497,"[2048, 2048, 2048, 2049, 2049, 2049, 2049, 2049, 2049]","[2048, 2049, 2048, 2049, 2049, 2048, 2048]","[2048, 2049, 2048, 2048, 2049, 2049, 2049, 2048]",326
1142,7773,11,6,2023-03-17T17:20:04.678000+00:00,,30.033,30.615,274.0,290,True,452.989,"[2064, 2064, 2064, 2048, 2048, 2048, 2048, 2048, 2048]","[2048, 2048, 2048, 2048, 2048, 2048, 2048]","[2048, 2048, 2048, 2048, 2048, 2048, 2048, 2048, 2048]",290
1142,7773,24,9,2023-03-17T17:20:34.334000+00:00,,37.007,35.988,257.0,213,True,377.464,"[None, 2064, 2064, 2048, 2048, 2048, 2048, 2048, 2048]","[2048, 2048, 2048, 2048, 2048, 2048, 2048]","[2048, 2048, 2048, 2048, 2048, 2048, 2048, 2048]",256
1142,7773,77,9,2023-03-17T17:20:45.662000+00:00,33.329,29.146,29.896,283.0,315,False,92.371,"[2048, 2048, 2049, 2049, 2049, 2049, 2049, 2049, 2049]","[2049, 2049, 2049, 2049, 2049, 2048, 2048]","[2049, 2049, 2048, 2048, 2048, 2049, 2049, 2049]",304
1142,7773,55,9,2023-03-17T17:20:57.537000+00:00,39.83,47.02,47.773,180.0,170,False,134.623,"[2048, 2048, 2048, 2048, 2048, 2048, 2048, 2048, 2048]","[2048, 2048, 2048, 2048, 2048, 2048, 2048]","[2048, 2048, 2048, 2048, 2048, 2048, 2048, 2048, 2048]",256
1142,7773,14,8,2023-03-17T17:21:02.536000+00:00,45.281,36.196,37.913,252.0,229,False,119.39,"[None, 2048, 2048, 2048, 2048, 2048, 2048, 2048, 2048]","[2048, 2048, 2048, 2048, 2048, 2048, 2048]","[2048, 2048, 2048, 2048, 2048, 2048, 2048, 2048, 2064]",301
1142,7773,63,7,2023-03-17T17:21:03.115000+00:00,,32.697,31.313,277.0,296,True,573.628,"[2064, 2064, 2064, 2048, 2048, 2048, 2048, 2048, 2048]","[2048, 2048, 2048, 2048, 2048, 2048, 2048]","[2048, 2048, 2048, 2048, 2048, 2048, 2048, 2048, 2048]",308
1142,7773,16,8,2023-03-17T17:21:07.583000+00:00,44.476,46.693,40.922,244.0,126,False,132.091,"[2048, 2048, 2048, 2048, 2048, 2048, 2048, 2048, 2048]","[2048, 2048, 2048, 2048, 2048, 2048, 2048]","[2048, 2048, 2048, 2048, 2048, 2048, 2048, 2048]",151
1142,7773,23,8,2023-03-17T17:21:15.130000+00:00,,32.054,37.036,282.0,231,True,537.733,"[2064, 2064, 2064, 2048, 2048, 2048, 2048, 2048, 2048]","[2048, 2048, 2048, 2048, 2048, 2048, 2048]","[2048, 2048, 2048, 2048, 2048, 2048, 2048, 2048, 2048]",185
1142,7773,2,10,2023-03-17T17:21:23.192000+00:00,47.681,38.712,52.635,217.0,285,False,139.028,"[None, 2048, 2048, 2048, 2048, 2048, 2048, 2048, 2048]","[2048, 2048, 2048, 2048, 2048, 2048, 2048]","[2048, 2048, 2048, 2048, 2048, 2048, 2048, 2048, 2048]",212
1142,7773,21,9,2023-03-17T17:21:28.317000+00:00,,36.624,44.331,269.0,269,True,492.153,"[2064, 2064, 2064, 2048, 2048, 2048, 2048, 2048, 2048]","[2048, 2048, 2048, 2048, 2048, 2048, 2048]","[2048, 2048, 2048, 2048, 2048, 2048, 2048, 2048, 2048]",247
1142,7773,81,8,2023-03-17T17:21:31.005000+00:00,,32.743,49.081,256.0,287,True,626.579,"[2064, 2064, 2064, 2048, 2048, 2048, 2048, 2048, 2048]","[2048, 2048, 2048, 2048, 2048, 2048, 2048]","[2048, 2048, 2048, 2048, 2048, 2048, 2048, 2048, 2048]",112
1142,7773,27,8,2023-03-17T17:21:35.755000+00:00,,32.692,42.866,260.0,303,True,594.457,"[2064, 2064, 2064, 2048, 2048, 2048, 2048, 2048, 2048]","[2048, 2048, 2048, 2048, 2048, 2048, 2048]","[2048, 2048, 2048, 2048, 2048, 2048, 2048, 2048, 2048]",219
1142,7773,11,7,2023-03-17T17:21:37.614000+00:00,32.896,28.496,28.51,290.0,322,False,89.902,"[2048, 2048, 2048, 2048, 2051, 2049, 2049, 2049, 2049]","[2049, 2049, 2049, 2049, 2049, 2048, 2048]","[2048, 2049, 2049, 2048, 2051, 2048, 2048, 2049]",331
1142,7773,20,7,2023-03-17T17:21:39.442000+00:00,,32.609,46.549,258.0,289,True,680.085,"[2064, 2064, 2064, 2048, 2048, 2048, 2048, 2048, 2048]","[2048, 2048, 2048, 2048, 2048, 2048, 2048]","[2048, 2048, 2048, 2048, 2048, 2048, 2049, 2048, 2049]",169
1142,7773,22,10,2023-03-17T17:21:51.505000+00:00,,31.323,50.133,271.0,280,True,383.709,"[2064, 2064, 2064, 2048, 2048, 2048, 2048, 2048, 2048]","[2048, 2048, 2048, 2048, 2048, 2048, 2048]","[2048, 2048, 2048, 2048, 2048, 2048, 2048, 2048, 0]",204
1142,7773,4,8,2023-03-17T17:21:58.489000+00:00,,31.906,48.03,248.0,300,True,570.814,"[2064, 2064, 2064, 2048, 2048, 2048, 2048, 2048, 2048]","[2048, 2048, 2048, 2048, 2048, 2048, 2048]","[2048, 2048, 2048, 2048, 2048, 2048, 2048, 2048, 2048]",193
1142,7773,44,8,2023-03-17T17:22:05.504000+00:00,,32.661,50.11,271.0,182,True,556.987,"[2064, 2064, 2064, 2048, 2048, 2048, 2048, 2048, 2048]","[2048, 2048, 2048, 2048, 2048, 2048, 2048]","[2048, 2048, 2048, 2048, 2048, 2048, 2048, 2048, 2048]",124
1142,7773,10,9,2023-03-17T17:22:12.770000+00:00,,31.632,34.148,267.0,303,True,500.512,"[2064, 2064, 2064, 2048, 2048, 2048, 2048, 2048, 2048]","[2048, 2048, 2048, 2048, 2048, 2048, 2048]","[2048, 2048, 2048, 2048, 2048, 2048, 2048, 2048, 2048]",281
1142,7773,77,10,2023-03-17T17:22:17.957000+00:00,47.491,35.67,37.414,247.0,273,False,120.575,"[None, 2048, 2048, 2048, 2048, 2048, 2048, 2048, 2048]","[2048, 2048, 2048, 2048, 2048, 2048, 2048]","[2048, 2048, 2048, 2048, 2048, 2048, 2048, 2049, 2049]",189
1142,7773,1,9,2023-03-17T17:22:20.286000+00:00,,35.068,42.498,198.0,282,True,452.123,"[2064, 2064, 2064, 2048, 2048, 2048, 2048, 2048, 2048]","[2048, 2048, 2048, 2048, 2048, 2048, 2048]","[2048, 2048, 2048, 2048, 2048, 2048, 2049, 2049, 2048]",236
1142,7773,24,10,2023-03-17T17:22:24.957000+00:00,33.582,29.12,29.197,280.0,318,False,91.899,"[2048, 2049, 2049, 2049, 2048, 2049, 2049, 2048, 2048]","[2048, 2049, 2048, 2048, 2048, 2048, 2048]","[2048, 2049, 2048, 2048, 2048, 2049, 2049, 2049, 2049]",322
1142,7773,63,8,2023-03-17T17:22:52.426000+00:00,33.07,28.723,28.963,287.0,321,False,90.756,"[2048, 2048, 2049, 2048, 2048, 2049, 2049, 2049, 2049]","[2049, 2049, 2048, 2049, 2048, 2048, 2048]","[2048, 2049, 2048, 2048, 2048, 2049, 2048, 2048, 2048]",326
1142,7773,23,9,2023-03-17T17:23:01.457000+00:00,33.282,28.738,28.926,290.0,325,False,90.946,"[2048, 2048, 2049, 2048, 2048, 2049, 2049, 2049, 2048]","[2048, 2049, 2048, 2049, 2048, 2048, 2048]","[2048, 2049, 2048, 2048, 2048, 2049, 2048, 2048, 2048]",329
1142,7773,11,8,2023-03-17T17:23:07.473000+00:00,49.751,55.455,51.011,129.0,144,False,156.217,"[None, 2048, 2048, 2048, 2048, 2048, 2048, 2048, 2048]","[2048, 2048, 2048, 2048, 2048, 2048, 2048]","[2048, 2048, 2048, 2048, 2048, 2048, 2048, 2048, 2048]",158
1142,7773,55,10,2023-03-17T17:23:12.207000+00:00,33.32,28.76,28.933,285.0,321,False,91.013,"[None, 2048, 2048, 2048, 2048, 2048, 2048, 2049, 2048]","[2048, 2049, 2048, 2049, 2048, 2048, 2048]","[2048, 2049, 2048, 2048, 2048, 2051, 2048, 2048]",324
1142,7773,16,9,2023-03-17T17:23:19.707000+00:00,38.187,41.305,35.302,135.0,227,False,114.794,"[None, 2049, 2049, 2049, 2049, 2048, 2048, 2048, 2048]","[2048, 2048, 2048, 2048, 2048, 2048, 2048]","[2048, 2048, 2048, 2048, 2048, 2048, 2048, 2048, 2048]",250
1142,7773,21,10,2023-03-17T17:23:25.582000+00:00,33.299,29.048,29.108,283.0,314,False,91.455,"[2048, 2048, 2048, 2049, 2048, 2049, 2049, 2049, 2048]","[2049, 2049, 2048, 2049, 2048, 2048, 2048]","[2048, 2048, 2048, 2048, 2048, 2049, 2048, 2048]",319
1142,7773,27,9,2023-03-17T17:23:31.582000+00:00,48.796,42.001,32.538,164.0,284,False,123.335,"[2049, 2049, 2049, 2048, 2048, 2048, 2048, 2048, 2048]","[2048, 2048, 2048, 2048, 2048, 2048, 2048]","[2048, 2048, 2048, 2048, 2048, 2048, 2049, 2048, 2048]",291
1142,7773,20,8,2023-03-17T17:23:36.597000+00:00,39.541,48.235,39.31,163.0,187,False,127.086,"[2049, 2049, 2048, 2048, 2048, 2048, 2048, 2048, 2048]","[2048, 2048, 2048, 2048, 2048, 2048, 2048]","[2048, 2048, 2048, 2048, 2048, 2048, 2048, 2048]",223
1142,7773,2,11,2023-03-17T17:23:42.300000+00:00,33.245,28.851,28.863,287.0,322,False,90.959,"[None, 2048, 2049, 2049, 2049, 2049, 2049, 2049, 2048]","[2049, 2049, 2048, 2049, 2049, 2048, 2048]","[2048, 2048, 2048, 2048, 2049, 2048, 2048, 2048]",328
1142,7773,81,9,2023-03-17T17:23:48.441000+00:00,33.276,28.993,35.983,284.0,313,False,98.252,"[2048, 2048, 2049, 2048, 2049, 2049, 2049, 2049, 2048]","[2048, 2049, 2048, 2048, 2048, 2048, 2048]","[2048, 2049, 2048, 2048, 2048, 2048, 2048, 2048, 2048]",225
1142,7773,22,11,2023-03-17T17:23:52.456000+00:00,41.803,36.691,42.508,267.0,265,False,121.002,"[2048, 2049, 2048, 2048, 2048, 2048, 2048, 2048, 2048]","[2048, 2048, 2048, 2048, 2048, 2048, 2048]","[2048, 2048, 2048, 2048, 2048, 2048, 2049, 2048, 2048]",217
1142,7773,10,10,2023-03-17T17:23:55.191000+00:00,39.824,39.899,43.834,,287,False,123.557,"[2048, 2049, 2049, 2048, 2048, 2048, 2048, 2048, 2048]","[2048, 2048, 2048, 2048, 2048, 2048, 2048]","[2048, 2048, 2048, 2048, 2048, 2048, 2049, 2048, 2048]",250
1142,7773,24,11,2023-03-17T17:23:56.863000+00:00,54.903,46.268,47.803,125.0,216,False,148.974,"[None, 2048, 2048, 2048, 2048, 2048, 2048, 0, 0]","[2048, 2048, 2048, 2048, 2048, 2048, 2048]","[2048, 2048, 2048, 2048, 2048, 2048, 2048, 2048, 2048]",144
1142,7773,4,9,2023-03-17T17:24:00.800000+00:00,45.659,37.184,46.552,158.0,259,False,129.395,"[2049, 2049, 2049, 2048, 2048, 2048, 2048, 2048, 2048]","[2048, 2048, 2048, 2048, 2048, 2048, 2048]","[2048, 2048, 2048, 2048, 2048, 2048, 2048, 2048, 2048]",80
1142,7773,44,9,2023-03-17T17:24:05.566000+00:00,41.553,34.976,43.333,231.0,269,False,119.862,"[2048, 2049, 2049, 2048, 2048, 2048, 2048, 2048, 2048]","[2048, 2048, 2048, 2048, 2048, 2048, 2048]","[2048, 2048, 2048, 2048, 2048, 2048, 2048, 2048, 2048]",137
1142,7773,1,10,2023-03-17T17:24:13.722000+00:00,32.804,48.171,46.716,289.0,167,False,127.691,"[2048, 2048, 2048, 2048, 2048, 2048, 2049, 2048, 2048]","[2048, 2048, 2048, 2048, 2048, 2048, 2048]","[2048, 2048, 2048, 2048, 2048, 2048, 2048, 2048, 2048]",167
1142,7773,77,11,2023-03-17T17:24:18.597000+00:00,40.324,35.387,38.986,257.0,255,False,114.697,"[2049, 2049, 2049, 2048, 2048, 2048, 2048, 2048, 2048]","[2048, 2048, 2048, 2048, 2048, 2048, 2048]","[2048, 2048, 2048, 2048, 2048, 2048, 2048, 2049, 2049]",245
1142,7773,63,9,2023-03-17T17:24:23.456000+00:00,56.653,56.507,50.183,212.0,105,False,163.343,"[None, 2048, 2048, 2048, 2048, 2048, 2048, 2048, 2048]","[2048, 2048, 2048, 2048, 2048, 2048, 2048]","[2048, 2048, 2048, 2048, 2048, 2048, 2048, 2048, 2048]",175
1142,7773,18,8,2023-03-17T17:24:30.128000+00:00,,30.659,39.392,267.0,304,True,801.179,"[2064, 2064, 2064, 2048, 2048, 2048, 2048, 2048, 2048]","[2048, 2048, 2048, 2048, 2048, 2048, 2048]","[2048, 2048, 2048, 2048, 2048, 2048, 2048, 2048, 2048]",295
1142,7773,23,10,2023-03-17T17:24:32.393000+00:00,52.667,42.641,38.575,247.0,239,False,133.883,"[None, 2048, 2048, 2048, 2048, 2048, 2048, 2048, 2048]","[2048, 2048, 2048, 2048, 2048, 2048, 2048]","[2048, 2048, 2048, 2048, 2048, 2048, 2048, 2048, 2048]",219
1142,7773,55,11,2023-03-17T17:24:43.190000+00:00,61.397,61.681,49.838,119.0,147,False,172.916,"[None, 2048, 2048, 2048, 2048, 2048, 2048, 2048, 2048]","[2048, 2048, 2048, 2048, 2048, 2048, 2048]","[2048, 2048, 2048, 2048, 2048, 2048, 2048, 2048, 2048]",126
1142,7773,21,11,2023-03-17T17:24:56.940000+00:00,46.713,37.048,35.622,212.0,278,False,119.383,"[None, 2048, 2048, 2048, 2048, 2048, 2048, 2048, 2048]","[2048, 2048, 2048, 2048, 2048, 2048, 2048]","[2048, 2048, 2048, 2048, 2048, 2048, 2048, 2048, 2048]",273
1142,7773,2,12,2023-03-17T17:25:13.174000+00:00,50.444,43.272,43.131,253.0,228,False,136.847,"[None, 2048, 2048, 2048, 2048, 2048, 2048, 2048, 2048]","[2048, 2048, 2048, 2048, 2048, 2048, 2048]","[2048, 2048, 2048, 2048, 2048, 2048, 2048, 2048, 2048]",159
1142,7773,16,10,2023-03-17T17:25:14.487000+00:00,33.022,28.684,28.767,286.0,321,False,90.473,"[None, 2048, 2048, 2049, 2048, 2048, 2048, 2049, 2049]","[2049, 2049, 2048, 2049, 2049, 2048, 2048]","[2049, 2049, 2048, 2048, 2049, 2049, 2049, 2048, 2048]",325
1142,7773,31,8,2023-03-17T17:25:20.658000+00:00,,31.918,31.06,264.0,303,True,784.02,"[2064, 2064, 2064, 2048, 2048, 2048, 2048, 2048, 2048]","[2048, 2048, 2048, 2048, 2048, 2048, 2048]","[2048, 2048, 2048, 2048, 2048, 2048, 2049, 2048, 2048]",306
1142,7773,81,10,2023-03-17T17:25:26.721000+00:00,51.054,44.518,40.819,162.0,289,False,136.391,"[None, 2048, 2048, 2048, 2048, 2048, 2048, 2048, 2048]","[2048, 2048, 2048, 2048, 2048, 2048, 2048]","[2048, 2048, 2048, 2048, 2048, 2048, 2048, 2048]",181
1142,7773,27,10,2023-03-17T17:25:34.924000+00:00,33.015,28.531,28.635,289.0,327,False,90.181,"[2048, 2048, 2048, 2049, 2049, 2049, 2049, 2049, 2049]","[2049, 2049, 2049, 2049, 2049, 2049, 2049]","[2049, 2049, 2049, 2049, 2048, 2049, 2049, 2051]",331
1142,7773,20,9,2023-03-17T17:25:43.752000+00:00,33.154,28.582,29.084,287.0,326,False,90.82,"[2048, 2048, 2048, 2049, 2049, 2049, 2049, 2049, 2049]","[2049, 2049, 2049, 2049, 2049, 2049, 2049]","[2048, 2049, 2049, 2049, 2048, 2049, 2048, 2049]",329
1142,7773,11,9,2023-03-17T17:25:43.861000+00:00,64.056,56.95,46.83,123.0,209,False,167.836,"[None, 2048, 2048, 2048, 2048, 2048, 2048, 2048, 2048]","[2048, 2048, 2048, 2048, 2048, 2048, 2048]","[2048, 2048, 2048, 2048, 2048, 2048, 2048, 2048, 2048]",195
1142,7773,22,12,2023-03-17T17:25:53.455000+00:00,33.098,28.929,28.965,285.0,315,False,90.992,"[None, 2048, 2049, 2048, 2049, 2049, 2049, 2049, 2049]","[2049, 2049, 2048, 2049, 2049, 2048, 2048]","[2048, 2049, 2048, 2048, 2048, 2049, 2048, 2048]",322
1142,7773,10,11,2023-03-17T17:25:58.767000+00:00,32.747,28.717,28.826,287.0,317,False,90.29,"[None, 2048, 2049, 2048, 2048, 2049, 2049, 2051, 2049]","[2049, 2049, 2048, 2049, 2048, 2048, 2048]","[2048, 2048, 2048, 2048, 2048, 2051, 2048, 2048]",320
1142,7773,44,10,2023-03-17T17:26:05.439000+00:00,43.884,45.624,41.142,264.0,210,False,130.65,"[None, 2048, 2048, 2048, 2048, 2048, 2048, 2048, 2048]","[2048, 2048, 2048, 2048, 2048, 2048, 2048]","[2048, 2048, 2048, 2048, 2048, 2048, 2048, 2048]",253
1142,7773,4,10,2023-03-17T17:26:10.174000+00:00,36.31,44.467,35.148,172.0,235,False,115.925,"[None, 2048, 2048, 2049, 2049, 2049, 2049, 2048, 2048]","[2048, 2048, 2048, 2048, 2048, 2048, 2048]","[2048, 2048, 2048, 2048, 2048, 2048, 2048, 2048, 2048]",218
1142,7773,77,12,2023-03-17T17:26:13.298000+00:00,35.343,42.786,38.727,255.0,221,False,116.856,"[None, 2048, 2048, 2048, 2049, 2048, 2048, 2048, 2048]","[2048, 2048, 2048, 2048, 2048, 2048, 2048]","[2048, 2048, 2048, 2048, 2048, 2048, 2048, 2049, 2048]",217
1142,7773,18,9,2023-03-17T17:26:18.892000+00:00,33.019,28.773,28.817,290.0,319,False,90.609,"[2049, 2049, 2048, 2048, 2051, 2048, 2048, 2048, 2049]","[2049, 2048, 2049, 2048, 2049, 2049, 2048]","[2048, 2049, 2049, 2049, 2048, 2049, 2049, 2049, 2049]",323
1142,7773,1,11,2023-03-17T17:26:21.423000+00:00,44.684,32.631,45.834,271.0,261,False,123.149,"[None, 2048, 2048, 2048, 2048, 2048, 2048, 2048, 2048]","[2048, 2048, 2048, 2048, 2048, 2048, 2048]","[2048, 2048, 2048, 2048, 2048, 2048, 2049, 2049, 2049]",254
1142,7773,24,12,2023-03-17T17:26:25.861000+00:00,33.246,28.801,28.79,287.0,317,False,90.837,"[2049, 2049, 2048, 2048, 2049, 2048, 2049, 2048, 2049]","[2049, 2049, 2049, 2049, 2049, 2049, 2049]","[2048, 2049, 2049, 2049, 2049, 2049, 2049, 2049]",325
1142,7773,16,11,2023-03-17T17:26:44.892000+00:00,42.874,49.961,41.2,156.0,187,False,134.035,"[None, 2048, 2048, 2048, 2048, 2048, 2048, 2048, 2048]","[2048, 2048, 2048, 2048, 2048, 2048, 2048]","[2048, 2048, 2048, 2048, 2048, 2048, 2048, 2048, 2048]",243
1142,7773,23,11,2023-03-17T17:26:46.298000+00:00,33.154,28.795,28.99,290.0,322,False,90.939,"[None, 2049, 2048, 2048, 2048, 2049, 2049, 2049, 2048]","[2048, 2049, 2048, 2048, 2048, 2048, 2048]","[2048, 2049, 2048, 2048, 2048, 2049, 2048, 2048, 2048]",327
1142,7773,21,12,2023-03-17T17:26:56.407000+00:00,32.988,28.953,28.98,286.0,315,False,90.921,"[None, 2048, 2049, 2048, 2048, 2049, 2049, 2049, 2049]","[2049, 2049, 2048, 2049, 2048, 2048, 2048]","[2049, 2048, 2048, 2048, 2048, 2049, 2048, 2048]",319
1142,7773,31,9,2023-03-17T17:27:01.845000+00:00,32.918,28.737,28.861,286.0,319,False,90.516,"[2049, 2048, 2049, 2048, 2049, 2048, 2051, 2049, 2048]","[2049, 2049, 2049, 2049, 2049, 2049, 2049]","[2049, 2048, 2048, 2048, 2049, 2049, 2048, 2048]",322
1142,7773,27,11,2023-03-17T17:27:05.032000+00:00,52.086,43.712,42.705,227.0,254,False,138.503,"[None, 2048, 2048, 2048, 2048, 2048, 2048, 2048, 2048]","[2048, 2048, 2048, 2048, 2048, 2048, 2048]","[2048, 2048, 2048, 2048, 2048, 2048, 2048, 2048, 2048]",78
1142,7773,63,10,2023-03-17T17:27:06.454000+00:00,42.307,48.355,38.226,215.0,209,False,128.888,"[None, 2048, 2048, 2048, 2049, 2048, 2048, 2048, 2048]","[2048, 2048, 2048, 2048, 2048, 2048, 2048]","[2048, 2048, 2048, 2048, 2048, 2048, 2048, 2048]",192
1142,7773,20,10,2023-03-17T17:27:14.407000+00:00,50.275,54.78,53.314,142.0,187,False,158.369,"[None, 2048, 2048, 2048, 2048, 2048, 2048, 2048, 2048]","[2048, 2048, 2048, 2048, 2048, 2048, 2048]","[2048, 2048, 2048, 2048, 2048, 2048, 2048, 2048]",174
1142,7773,22,13,2023-03-17T17:27:24.376000+00:00,46.584,41.837,38.035,165.0,251,False,126.456,"[None, 2048, 2048, 2048, 2048, 2048, 2048, 2048, 2048]","[2048, 2048, 2048, 2048, 2048, 2048, 2048]","[2048, 2048, 2048, 2048, 2048, 2048, 2049, 2049, 2048]",262
1142,7773,10,12,2023-03-17T17:27:28.938000+00:00,52.109,41.554,38.89,244.0,300,False,132.553,"[None, 2048, 2048, 2048, 2048, 2048, 2048, 2048, 2048]","[2048, 2048, 2048, 2048, 2048, 2048, 2048]","[2048, 2048, 2048, 2048, 2048, 2048, 2048, 2049]",238
1142,7773,2,13,2023-03-17T17:27:30.110000+00:00,47.58,39.651,48.279,236.0,255,False,135.51,"[None, 2049, 2049, 2048, 2048, 2048, 2048, 2048, 2048]","[2048, 2048, 2048, 2048, 2048, 2048, 2048]","[2048, 2048, 2048, 2048, 2048, 2048, 2048, 2048, 2048]",157
1142,7773,55,12,2023-03-17T17:27:36.110000+00:00,39.199,40.366,42.984,217.0,205,False,122.549,"[None, 2048, 2048, 2049, 2048, 2048, 2048, 2048, 2048]","[2048, 2048, 2048, 2048, 2048, 2048, 2048]","[2048, 2048, 2048, 2048, 2048, 2048, 2048, 2048, 2048]",241
1142,7773,81,11,2023-03-17T17:27:43.079000+00:00,33.209,28.803,28.952,285.0,320,False,90.964,"[None, 2048, 2048, 2048, 2049, 2048, 2048, 2048, 2048]","[2049, 2049, 2048, 2049, 2049, 2049, 2049]","[2048, 2048, 2049, 2048, 2048, 2049, 2048, 2048]",322
1142,7773,18,10,2023-03-17T17:27:49.407000+00:00,60.234,55.34,38.854,123.0,275,False,154.428,"[2048, 2048, 2048, 2048, 2048, 2048, 2048, 2048, 2048]","[2048, 2048, 2048, 2048, 2048, 2048, 2048]","[2048, 2048, 2048, 2048, 2048, 2048, 2048, 2048, 2048]",294
1142,7773,24,13,2023-03-17T17:27:56.657000+00:00,43.284,47.018,37.052,129.0,196,False,127.354,"[2048, 2048, 2048, 2048, 2048, 2048, 2048, 2048, 2048]","[2048, 2048, 2048, 2048, 2048, 2048, 2048]","[2048, 2048, 2048, 2048, 2048, 2048, 2048, 2048, 2048]",264
1142,7773,4,11,2023-03-17T17:28:06.125000+00:00,32.923,28.706,29.092,285.0,318,False,90.721,"[None, 2048, 2048, 2049, 2049, 2049, 2048, 2049, 2049]","[2049, 2049, 2048, 2049, 2049, 2049, 2049]","[2048, 2049, 2049, 2048, 2048, 2049, 2049, 2049, 2048]",320
1142,7773,77,13,2023-03-17T17:28:10.172000+00:00,33.112,28.817,29.123,288.0,320,False,91.052,"[2048, 2048, 2048, 2051, 2049, 2048, 2049, 2048, 2049]","[2049, 2049, 2049, 2049, 2049, 2049, 2049]","[2049, 2049, 2049, 2049, 2048, 2048, 2049, 2049, 2048]",328
1142,7773,44,11,2023-03-17T17:28:16.078000+00:00,33.358,28.575,28.666,290.0,326,False,90.599,"[None, 2048, 2048, 2049, 2048, 2049, 2048, 2048, 2048]","[2048, 2048, 2049, 2048, 2049, 2049, 2049]","[2049, 2049, 2049, 2049, 2049, 2049, 2048, 2049, 2049]",329
1142,7773,23,12,2023-03-17T17:28:17.250000+00:00,61.109,45.669,42.627,213.0,176,False,149.405,"[None, 2048, 2048, 2048, 2048, 2048, 2048, 2048, 2048]","[2048, 2048, 2048, 2048, 2048, 2048, 2048]","[2048, 2048, 2048, 2048, 2048, 2048, 2048, 2048, 2048]",191
1142,7773,1,12,2023-03-17T17:28:24.563000+00:00,32.619,28.401,28.583,291.0,326,False,89.603,"[None, 2048, 2048, 2048, 2049, 2049, 2049, 2048, 2051]","[2049, 2048, 2048, 2049, 2048, 2048, 2048]","[2049, 2048, 2048, 2048, 2049, 2049, 2048, 2048]",331
1142,7773,14,9,2023-03-17T17:28:27.063000+00:00,,35.654,35.926,261.0,300,True,437.201,"[2064, 2064, 2064, 2048, 2048, 2048, 2048, 2048, 2048]","[2048, 2048, 2048, 2048, 2048, 2048, 2048]","[2048, 2048, 2048, 2048, 2048, 2048, 2048, 2048]",247
1142,7773,21,13,2023-03-17T17:28:27.313000+00:00,47.873,34.603,38.106,250.0,276,False,120.582,"[None, 2048, 2048, 2048, 2048, 2048, 2048, 2048, 2048]","[2048, 2048, 2048, 2048, 2048, 2048, 2048]","[2048, 2048, 2048, 2048, 2048, 2048, 2048, 2048]",252
1142,7773,11,10,2023-03-17T17:28:31.594000+00:00,45.458,34.001,43.056,260.0,252,False,122.515,"[None, 2048, 2048, 2048, 2048, 2048, 2048, 2048, 2048]","[2048, 2048, 2048, 2048, 2048, 2048, 2048]","[2048, 2048, 2048, 2048, 2048, 2048, 2048, 2048, 2048]",148
1142,7773,31,10,2023-03-17T17:28:32.281000+00:00,45.343,39.425,42.96,225.0,206,False,127.728,"[2048, 2048, 2048, 2048, 2048, 2048, 2048, 2048, 2048]","[2048, 2048, 2048, 2048, 2048, 2048, 2048]","[2048, 2048, 2048, 2048, 2048, 2048, 2049, 2048]",122
1142,7773,16,12,2023-03-17T17:28:59+00:00,32.943,28.631,28.767,286.0,322,False,90.341,"[None, 2049, 2048, 2049, 2048, 2048, 2048, 2049, 2049]","[2048, 2049, 2048, 2048, 2048, 2048, 2048]","[2048, 2049, 2048, 2048, 2049, 2049, 2048, 2048]",327
1142,7773,81,12,2023-03-17T17:29:13.984000+00:00,55.6,45.423,40.133,124.0,218,False,141.156,"[None, 2048, 2048, 2048, 2048, 2048, 2048, 2048, 2048]","[2048, 2048, 2048, 2048, 2048, 2048, 2048]","[2048, 2048, 2048, 2048, 2048, 2048, 2048, 2049, 2048]",274
1142,7773,63,11,2023-03-17T17:29:15.375000+00:00,47.586,38.03,32.228,245.0,203,False,117.844,"[None, 2048, 2048, 2048, 2048, 2048, 2048, 2048, 2048]","[2048, 2048, 2048, 2048, 2048, 2048, 2048]","[2048, 2048, 2048, 2048, 2048, 2048, 2048, 2048, 2049]",269
1142,7773,27,12,2023-03-17T17:29:23.625000+00:00,33.357,28.9,29.001,286.0,321,False,91.258,"[None, 2048, 2048, 2049, 2048, 2048, 2048, 2048, 2048]","[2048, 2049, 2048, 2048, 2048, 2048, 2048]","[2048, 2048, 2048, 2048, 2048, 2048, 2048, 2048, 2048]",325
1142,7773,22,14,2023-03-17T17:29:30.906000+00:00,37.388,45.341,34.145,148.0,258,False,116.874,"[None, 2048, 2049, 2049, 2049, 2048, 2048, 2048, 2048]","[2048, 2048, 2048, 2048, 2048, 2048, 2048]","[2048, 2048, 2048, 2048, 2048, 2048, 2048, 2048, 2048]",280
1142,7773,4,12,2023-03-17T17:29:36.874000+00:00,50.995,55.206,39.864,117.0,178,False,146.065,"[2048, 2048, 2048, 2048, 2048, 2048, 2048, 2048, 2048]","[2048, 2048, 2048, 2048, 2048, 2048, 2048]","[2048, 2048, 2048, 2048, 2048, 2048, 2048, 2048, 2048]",163
1142,7773,55,13,2023-03-17T17:29:38.640000+00:00,32.981,28.669,28.942,285.0,321,False,90.592,"[None, 2048, 2049, 2049, 2049, 2048, 2049, 2049, 2048]","[2048, 2049, 2048, 2048, 2049, 2048, 2048]","[2048, 2049, 2048, 2048, 2048, 2048, 2048, 2048]",323
1142,7773,77,14,2023-03-17T17:29:41.234000+00:00,52.874,38.841,32.229,234.0,279,False,123.944,"[None, 2048, 2048, 2048, 2048, 2048, 2048, 2048, 2048]","[2048, 2048, 2048, 2048, 2048, 2048, 2048]","[2048, 2048, 2048, 2048, 2048, 2048, 2048, 2048, 2048]",297
1142,7773,10,13,2023-03-17T17:29:41.593000+00:00,32.848,28.578,28.721,288.0,320,False,90.147,"[2051, 2048, 2048, 2049, 2048, 2048, 2049, 2048, 2048]","[2049, 2049, 2049, 2049, 2049, 2048, 2049]","[2048, 2048, 2049, 2049, 2048, 2048, 2048, 2048]",326
1142,7773,2,14,2023-03-17T17:29:45.609000+00:00,33.595,28.976,32.622,288.0,324,False,95.193,"[None, 2048, 2048, 2048, 2048, 2048, 2048, 2048, 2049]","[2048, 2048, 2048, 2048, 2048, 2048, 2048]","[2048, 2048, 2048, 2048, 2048, 2048, 2048, 2048, 2064]",328
1142,7773,44,12,2023-03-17T17:29:46.609000+00:00,71.14,46.255,37.823,119.0,279,False,155.218,"[None, 2048, 2048, 2048, 2048, 2048, 2048, 2048, 2048]","[2048, 2048, 2048, 2048, 2048, 2048, 2048]","[2048, 2048, 2048, 2048, 2048, 2048, 2048, 2048, 2048]",232
1142,7773,20,11,2023-03-17T17:29:52.874000+00:00,33.94,30.788,35.375,282.0,289,False,100.103,"[None, 2048, 2048, 2048, 2048, 2048, 2048, 2048, 2048]","[2048, 2048, 2048, 2048, 2048, 2048, 2048]","[2048, 2048, 2048, 2048, 2048, 2048, 2048, 2048, 2064]",288
1142,7773,1,13,2023-03-17T17:29:54.108000+00:00,37.458,31.121,34.464,267.0,278,False,103.043,"[None, 2048, 2048, 2048, 2048, 2048, 2048, 2048, 2048]","[2048, 2048, 2048, 2048, 2048, 2048, 2048]","[2048, 2048, 2048, 2048, 2048, 2048, 2048, 2048, 2064]",287
1142,7773,24,14,2023-03-17T17:30:04.030000+00:00,33.562,29.294,29.299,285.0,318,False,92.155,"[None, 2049, 2048, 2049, 2048, 2048, 2048, 2048, 2048]","[2048, 2048, 2048, 2048, 2048, 2048, 2048]","[2048, 2048, 2048, 2048, 2048, 2048, 2048, 2048, 2048]",322
1142,7773,14,10,2023-03-17T17:30:19.249000+00:00,32.711,28.423,28.677,289.0,322,False,89.811,"[2049, 2049, 2048, 2051, 2049, 2048, 2049, 2048, 2048]","[2048, 2048, 2048, 2048, 2048, 2049, 2049]","[2048, 2049, 2049, 2049, 2048, 2049, 2048, 2048]",322
1142,7773,18,11,2023-03-17T17:30:23.921000+00:00,32.839,28.499,28.772,291.0,320,False,90.11,"[2049, 2049, 2048, 2049, 2051, 2048, 2049, 2049, 2049]","[2048, 2049, 2049, 2049, 2049, 2049, 2049]","[2048, 2048, 2049, 2049, 2049, 2048, 2048, 2048]",326
1142,7773,21,14,2023-03-17T17:30:27.936000+00:00,33.08,28.945,29.073,287.0,318,False,91.098,"[None, 2049, 2048, 2048, 2048, 2048, 2048, 2048, 2048]","[2049, 2048, 2048, 2049, 2048, 2048, 2048]","[2048, 2048, 2048, 2048, 2048, 2048, 2048, 2048, 2048]",322
1142,7773,16,13,2023-03-17T17:30:29.546000+00:00,42.52,40.007,39.972,188.0,209,False,122.499,"[None, 2048, 2048, 2048, 2048, 2048, 2048, 2048, 2048]","[2048, 2048, 2048, 2048, 2048, 2048, 2048]","[2048, 2048, 2048, 2048, 2048, 2048, 2048, 2048, 2064]",209
1142,7773,11,11,2023-03-17T17:30:34.092000+00:00,32.88,28.533,42.988,292.0,326,False,104.401,"[None, 2048, 2048, 2049, 2048, 2048, 2048, 2049, 2049]","[2049, 2048, 2049, 2048, 2049, 2049, 2049]","[2049, 2048, 2048, 2048, 2048, 2048, 2048, 2048, 2064]",227
1142,7773,31,11,2023-03-17T17:30:40.092000+00:00,32.692,28.901,28.723,288.0,318,False,90.316,"[2049, 2048, 2049, 2049, 2048, 2049, 2051, 2049, 2048]","[2049, 2048, 2048, 2048, 2049, 2048, 2048]","[2048, 2049, 2049, 2048, 2049, 2049, 2048, 2048]",322
1142,7773,23,13,2023-03-17T17:30:46.623000+00:00,33.146,28.785,29.03,291.0,324,False,90.961,"[None, 2048, 2049, 2048, 2048, 2048, 2049, 2048, 2048]","[2049, 2048, 2048, 2048, 2048, 2048, 2048]","[2048, 2048, 2048, 2048, 2049, 2048, 2048, 2048, 2048]",328
1142,7773,27,13,2023-03-17T17:30:54.873000+00:00,41.556,33.281,33.817,198.0,301,False,108.654,"[None, 2048, 2048, 2048, 2048, 2048, 2048, 2048, 2048]","[2048, 2048, 2048, 2048, 2048, 2048, 2048]","[2048, 2048, 2048, 2048, 2048, 2048, 2048, 2048, 2064]",306
1142,7773,55,14,2023-03-17T17:31:09.139000+00:00,49.395,42.599,36.908,191.0,223,False,128.902,"[None, 2048, 2048, 2048, 2048, 2048, 2048, 2048, 2048]","[2048, 2048, 2048, 2048, 2048, 2048, 2048]","[2048, 2048, 2048, 2048, 2048, 2048, 2048, 2048, 2064]",269
1142,7773,10,14,2023-03-17T17:31:11.654000+00:00,54.787,42.428,36.545,187.0,281,False,133.76,"[2048, 2048, 2048, 2048, 2048, 2048, 2048, 2048, 2048]","[2048, 2048, 2048, 2048, 2048, 2048, 2048]","[2048, 2048, 2048, 2048, 2048, 2048, 2048, 2048, 2048]",284
1142,7773,63,12,2023-03-17T17:31:13.217000+00:00,32.803,28.508,28.759,291.0,326,False,90.07,"[None, 2049, 2048, 2049, 2049, 2048, 2049, 2048, 2049]","[2048, 2049, 2049, 2049, 2049, 2049, 2049]","[2049, 2049, 2049, 2049, 2048, 2048, 2049, 2049, 2049]",330
1142,7773,22,15,2023-03-17T17:31:27.764000+00:00,33.074,41.783,37.544,285.0,182,False,112.401,"[None, 2048, 2048, 2049, 2048, 2049, 2048, 2048, 2048]","[2048, 2048, 2048, 2048, 2048, 2048, 2048]","[2048, 2048, 2048, 2048, 2048, 2048, 2048, 2048, 2048]",264
1142,7773,81,13,2023-03-17T17:31:35.217000+00:00,32.97,30.675,35.704,285.0,299,False,99.349,"[None, 2048, 2048, 2049, 2048, 2049, 2048, 2049, 2049]","[2048, 2049, 2048, 2048, 2048, 2048, 2048]","[2048, 2048, 2048, 2048, 2048, 2048, 2048, 2048, 2064]",280
1142,7773,24,15,2023-03-17T17:31:36.201000+00:00,46.368,34.248,36.587,249.0,293,False,117.203,"[None, 2048, 2048, 2048, 2048, 2048, 2048, 2048, 2048]","[2048, 2048, 2048, 2048, 2048, 2048, 2048]","[2048, 2048, 2048, 2048, 2048, 2048, 2048, 2048, 2064]",292
1142,7773,77,15,2023-03-17T17:31:45.170000+00:00,33.633,33.868,38.536,283.0,269,False,106.037,"[None, 2048, 2048, 2048, 2048, 2048, 2048, 2048, 2048]","[2048, 2048, 2048, 2048, 2048, 2048, 2048]","[2048, 2048, 2048, 2048, 2048, 2048, 2048, 2048, 2064]",285
1142,7773,14,11,2023-03-17T17:31:48.935000+00:00,41.28,34.594,38.939,258.0,250,False,114.813,"[2048, 2048, 2048, 2048, 2048, 2048, 2048, 2048, 2048]","[2048, 2048, 2048, 2048, 2048, 2048, 2048]","[2048, 2048, 2048, 2048, 2048, 2048, 2048, 2048, 2064]",231
1142,7773,18,12,2023-03-17T17:31:53.966000+00:00,52.762,47.19,38.651,151.0,164,False,138.603,"[2048, 2048, 2048, 2048, 2048, 2048, 2048, 2048, 2048]","[2048, 2048, 2048, 2048, 2048, 2048, 2048]","[2048, 2048, 2048, 2048, 2048, 2048, 2048, 2048]",258
1142,7773,21,15,2023-03-17T17:31:59.045000+00:00,50.258,42.902,35.65,141.0,241,False,128.81,"[None, 2048, 2048, 2048, 2048, 2048, 2048, 2048, 2048]","[2048, 2048, 2048, 2048, 2048, 2048, 2048]","[2048, 2048, 2048, 2048, 2048, 2048, 2048, 2048, 2048]",276
1142,7773,4,13,2023-03-17T17:32:02.904000+00:00,32.883,28.8,34.948,285.0,318,False,96.631,"[None, 2048, 2048, 2048, 2048, 2049, 2048, 2049, 2048]","[2048, 2048, 2048, 2049, 2048, 2048, 2049]","[2048, 2048, 2048, 2048, 2049, 2048, 2048, 2048, 2064]",319
1142,7773,31,12,2023-03-17T17:32:10.326000+00:00,49.383,38.886,40.938,191.0,225,False,129.207,"[2048, 2048, 2048, 2048, 2048, 2048, 2048, 2048, 2048]","[2048, 2048, 2048, 2048, 2048, 2048, 2048]","[2048, 2048, 2048, 2048, 2048, 2048, 2048, 2048, 2048]",201
1142,7773,23,14,2023-03-17T17:32:17.591000+00:00,45.815,36.137,40.472,262.0,215,False,122.424,"[None, 2048, 2048, 2048, 2048, 2048, 2048, 2048, 2048]","[2048, 2048, 2048, 2048, 2048, 2048, 2048]","[2048, 2048, 2048, 2048, 2048, 2048, 2048, 2048, 2064]",217
1142,7773,44,13,2023-03-17T17:32:21.888000+00:00,33.205,28.715,28.85,288.0,322,False,90.77,"[None, 2048, 2048, 2048, 2048, 2049, 2048, 2048, 2048]","[2048, 2048, 2048, 2049, 2048, 2048, 2048]","[2048, 2049, 2048, 2048, 2049, 2048, 2048, 2048]",326
1142,7773,63,13,2023-03-17T17:32:43.216000+00:00,42.435,31.986,38.362,239.0,279,False,112.783,"[None, 2048, 2048, 2048, 2048, 2048, 2048, 2048, 2048]","[2048, 2048, 2048, 2048, 2048, 2048, 2048]","[2048, 2048, 2048, 2048, 2048, 2048, 2048, 2048, 2064]",239
1142,7773,22,16,2023-03-17T17:33:20.184000+00:00,32.806,28.853,29.117,286.0,314,False,90.776,"[None, 2048, 2048, 2049, 2048, 2049, 2049, 2049, 2049]","[2048, 2049, 2048, 2049, 2049, 2048, 2048]","[2048, 2048, 2048, 2048, 2048, 2048, 2048, 2048]",320
1142,7773,10,15,2023-03-17T17:33:25.559000+00:00,32.729,28.633,28.738,285.0,317,False,90.1,"[None, 2048, 2048, 2049, 2048, 2051, 2049, 2048, 2048]","[2048, 2048, 2048, 2049, 2049, 2048, 2048]","[2049, 2049, 2048, 2048, 2048, 2048, 2048, 2048]",320
1142,7773,44,14,2023-03-17T17:33:52.668000+00:00,34.815,31.334,32.648,269.0,292,False,98.797,"[None, 2048, 2048, 2048, 2048, 2048, 2048, 2048, 2048]","[2048, 2048, 2048, 2048, 2048, 2048, 2048]","[2048, 2048, 2048, 2048, 2048, 2048, 2048, 2048, 2064]",311
1142,7773,21,16,2023-03-17T17:34:07.840000+00:00,33.391,34.793,40.601,285.0,266,False,108.785,"[None, 2048, 2048, 2048, 2049, 2048, 2048, 2048, 2048]","[2048, 2048, 2048, 2048, 2048, 2048, 2048]","[2048, 2048, 2048, 2048, 2048, 2048, 2048, 2048, 2048]",186
1142,7773,18,13,2023-03-17T17:34:12.621000+00:00,32.811,28.69,28.852,289.0,317,False,90.353,"[None, 2048, 2048, 2048, 2048, 2049, 2049, 2049, 2048]","[2048, 2049, 2048, 2048, 2048, 2048, 2048]","[2048, 2049, 2048, 2048, 2048, 2048, 2048, 2048, 2048]",319
1142,7773,31,13,2023-03-17T17:34:19.590000+00:00,32.643,28.596,28.8,290.0,320,False,90.039,"[None, 2048, 2048, 2049, 2048, 2048, 2051, 2049, 2049]","[2049, 2049, 2049, 2049, 2049, 2048, 2049]","[2049, 2048, 2048, 2048, 2048, 2048, 2048, 2048]",324
1142,7773,22,17,2023-03-17T17:34:50.871000+00:00,41.872,33.782,36.947,254.0,274,False,112.601,"[None, 2048, 2048, 2048, 2048, 2048, 2048, 2048, 2048]","[2048, 2048, 2048, 2048, 2048, 2048, 2048]","[2048, 2048, 2048, 2048, 2048, 2048, 2048, 2048, 2064]",279
1142,7773,10,16,2023-03-17T17:34:55.496000+00:00,41.582,33.269,34.299,253.0,278,False,109.15,"[None, 2048, 2048, 2048, 2048, 2048, 2048, 2048, 2048]","[2048, 2048, 2048, 2048, 2048, 2048, 2048]","[2048, 2048, 2048, 2048, 2048, 2048, 2048, 2048, 2064]",288
1142,7773,18,14,2023-03-17T17:35:42.995000+00:00,41.12,33.266,36.755,256.0,288,False,111.141,"[None, 2048, 2048, 2048, 2048, 2048, 2048, 2048, 2048]","[2048, 2048, 2048, 2048, 2048, 2048, 2048]","[2048, 2048, 2048, 2048, 2048, 2048, 2048, 2048, 2064]",296
1142,7773,31,14,2023-03-17T17:35:49.589000+00:00,39.436,35.394,34.481,178.0,272,False,109.311,"[None, 2048, 2048, 2048, 2048, 2048, 2048, 2048, 2048]","[2048, 2048, 2048, 2048, 2048, 2048, 2048]","[2048, 2048, 2048, 2048, 2048, 2048, 2048, 2048, 2064]",290
1142,7773,21,17,2023-03-17T17:35:56.604000+00:00,33.114,28.976,29.277,286.0,318,False,91.367,"[None, 2048, 2048, 2048, 2048, 2048, 2048, 2049, 2049]","[2048, 2048, 2048, 2048, 2048, 2048, 2048]","[2048, 2048, 2048, 2048, 2048, 2048, 2048, 2048, 2048]",320
1142,7773,21,18,2023-03-17T17:37:27.995000+00:00,37.739,31.856,35.096,258.0,295,False,104.691,"[None, 2048, 2048, 2048, 2048, 2048, 2048, 2048, 2048]","[2048, 2048, 2048, 2048, 2048, 2048, 2048]","[2048, 2048, 2048, 2048, 2048, 2048, 2048, 2048, 2064]",297
1142,7773,2,15,2023-03-17T17:37:59.884000+00:00,,30.515,30.501,277.0,292,True,513.693,"[2064, 2064, 2064, 2048, 2048, 2048, 2048, 2048, 2048]","[2048, 2048, 2048, 2048, 2048, 2048, 2048]","[2048, 2048, 2048, 2048, 2048, 2048, 2048, 2048, 0]",295
1142,7773,1,14,2023-03-17T17:38:31.149000+00:00,,30.509,30.282,279.0,293,True,520.402,"[2064, 2064, 2064, 2048, 2048, 2048, 2048, 2048, 2048]","[2048, 2048, 2048, 2048, 2048, 2048, 2048]","[2048, 2048, 2048, 2048, 2048, 2048, 2048, 2048, 2048]",305
1142,7773,14,12,2023-03-17T17:38:55.040000+00:00,,31.985,31.611,273.0,284,True,433.197,"[2064, 2064, 2064, 2048, 2048, 2048, 2048, 2048, 2048]","[2048, 2048, 2048, 2048, 2048, 2048, 2048]","[2048, 2048, 2048, 2048, 2048, 2048, 2048, 2048, 2048]",304
1142,7773,55,15,2023-03-17T17:39:19.290000+00:00,,31.83,31.183,269.0,286,True,485.74,"[2064, 2064, 2064, 2048, 2048, 2048, 2048, 2048, 2048]","[2048, 2048, 2048, 2048, 2048, 2048, 2048]","[2048, 2048, 2048, 2048, 2048, 2048, 2048, 2048, 2048]",294
1142,7773,77,16,2023-03-17T17:39:23.493000+00:00,,31.411,31.652,270.0,300,True,476.282,"[2064, 2064, 2064, 2048, 2048, 2048, 2048, 2048, 2048]","[2048, 2048, 2048, 2048, 2048, 2048, 2048]","[2048, 2048, 2048, 2048, 2048, 2048, 2048, 2048, 2048]",290
1142,7773,2,16,2023-03-17T17:39:54.477000+00:00,35.271,30.325,30.414,280.0,302,False,96.01,"[2048, 2048, 2048, 2048, 2048, 2048, 2048, 2048, 2048]","[2048, 2048, 2048, 2048, 2048, 2048, 2048]","[2048, 2048, 2048, 2048, 2048, 2048, 2048, 2048, 2048]",299
1142,7773,11,12,2023-03-17T17:40:02.445000+00:00,,30.087,30.424,283.0,296,True,558.505,"[2064, 2064, 2064, 2048, 2048, 2048, 2048, 2048, 2048]","[2048, 2048, 2048, 2048, 2048, 2048, 2048]","[2048, 2048, 2048, 2048, 2048, 2048, 2048, 2048]",302
1142,7773,16,14,2023-03-17T17:40:14.836000+00:00,,31.689,32.281,273.0,284,True,575.268,"[2064, 2064, 2064, 2048, 2048, 2048, 2048, 2048, 2048]","[2048, 2048, 2048, 2048, 2048, 2048, 2048]","[2048, 2048, 2048, 2048, 2048, 2048, 2048, 2048, 2048]",246
1142,7773,1,15,2023-03-17T17:40:17.617000+00:00,35.193,30.16,30.067,283.0,297,False,95.42,"[2048, 2048, 2048, 2048, 2048, 2048, 2048, 2048, 2048]","[2048, 2048, 2048, 2048, 2048, 2048, 2048]","[2048, 2048, 2048, 2048, 2048, 2048, 2048, 2048]",307
1142,7773,27,14,2023-03-17T17:40:28.445000+00:00,,30.437,30.634,275.0,290,True,571.767,"[2064, 2064, 2064, 2048, 2048, 2048, 2048, 2048, 2048]","[2048, 2048, 2048, 2048, 2048, 2048, 2048]","[2048, 2048, 2048, 2048, 2048, 2048, 2048, 2048, 2048]",296
1142,7773,4,14,2023-03-17T17:40:35.789000+00:00,,30.96,30.729,256.0,289,True,527.147,"[2064, 2064, 2064, 2048, 2048, 2048, 2048, 2048, 2048]","[2048, 2048, 2048, 2048, 2048, 2048, 2048]","[2048, 2048, 2048, 2048, 2048, 2048, 2048, 2048, 2048]",287
1142,7773,14,13,2023-03-17T17:40:57.023000+00:00,35.123,29.83,30.159,281.0,302,False,95.112,"[2048, 2048, 2048, 2048, 2048, 2048, 2048, 2048, 2048]","[2048, 2048, 2048, 2048, 2048, 2048, 2048]","[2048, 2048, 2048, 2048, 2048, 2048, 2048, 2048, 2048]",299
1142,7773,63,14,2023-03-17T17:41:02.570000+00:00,,30.15,32.828,280.0,300,True,502.197,"[2064, 2064, 2064, 2048, 2048, 2048, 2048, 2048, 2048]","[2048, 2048, 2048, 2048, 2048, 2048, 2048]","[2048, 2048, 2048, 2048, 2048, 2048, 2048, 2048, 2064]",301
1142,7773,20,12,2023-03-17T17:41:23.601000+00:00,,30.784,30.713,275.0,290,True,703.113,"[2064, 2064, 2064, 2048, 2048, 2048, 2048, 2048, 2048]","[2048, 2048, 2048, 2048, 2048, 2048, 2048]","[2048, 2048, 2048, 2048, 2048, 2048, 2048, 2048, 2048]",296
1142,7773,55,16,2023-03-17T17:41:24.101000+00:00,34.949,29.856,30.159,280.0,297,False,94.964,"[2048, 2048, 2048, 2048, 2048, 2048, 2048, 2048, 2048]","[2048, 2048, 2048, 2048, 2048, 2048, 2048]","[2048, 2048, 2048, 2048, 2048, 2048, 2048, 2048, 2048]",305
1142,7773,77,17,2023-03-17T17:41:27.476000+00:00,35.967,30.874,31.001,276.0,289,False,97.842,"[2048, 2048, 2048, 2048, 2048, 2048, 2048, 2048, 2048]","[2048, 2048, 2048, 2048, 2048, 2048, 2048]","[2048, 2048, 2048, 2048, 2048, 2048, 2048, 2048, 2048]",294
1142,7773,2,17,2023-03-17T17:41:30.522000+00:00,35.411,30.507,32.911,282.0,307,False,98.829,"[None, 2048, 2048, 2048, 2048, 2048, 2048, 2048, 2048]","[2048, 2048, 2048, 2048, 2048, 2048, 2048]","[2048, 2048, 2048, 2048, 2048, 2048, 2048, 2048, 2064]",305
1142,7773,11,13,2023-03-17T17:41:36.991000+00:00,34.968,30.03,30.184,282.0,299,False,95.182,"[2048, 2048, 2048, 2048, 2048, 2048, 2048, 2048, 2048]","[2048, 2048, 2048, 2048, 2048, 2048, 2048]","[2048, 2048, 2048, 2048, 2048, 2048, 2048, 2048, 2048]",306
1142,7773,44,15,2023-03-17T17:41:52.507000+00:00,,30.29,35.734,280.0,307,True,495.385,"[2064, 2064, 2064, 2048, 2048, 2048, 2048, 2048, 2048]","[2048, 2048, 2048, 2048, 2048, 2048, 2048]","[2048, 2048, 2048, 2048, 2048, 2048, 2048, 2048, 2048]",251
1142,7773,1,16,2023-03-17T17:41:52.975000+00:00,35.142,30.037,29.955,,299,False,95.134,"[None, 2048, 2048, 2048, 2048, 2048, 2048, 2048, 2048]","[2048, 2048, 2048, 2048, 2048, 2048, 2048]","[2048, 2048, 2048, 2048, 2048, 2048, 2048, 2048, 2048]",305
1142,7773,16,15,2023-03-17T17:42:07.084000+00:00,34.933,29.975,30.222,280.0,311,False,95.13,"[2048, 2048, 2048, 2048, 2048, 2048, 2048, 2048, 2048]","[2048, 2048, 2048, 2048, 2048, 2048, 2048]","[2048, 2048, 2048, 2048, 2048, 2048, 2048, 2048, 2048]",300
1142,7773,27,15,2023-03-17T17:42:15.272000+00:00,35.53,30.176,30.432,278.0,293,False,96.138,"[2048, 2048, 2048, 2048, 2048, 2048, 2048, 2048, 2048]","[2048, 2048, 2048, 2048, 2048, 2048, 2048]","[2048, 2048, 2048, 2048, 2048, 2048, 2048, 2048]",299
1142,7773,4,15,2023-03-17T17:42:26.678000+00:00,34.79,30.329,30.618,276.0,285,False,95.737,"[2048, 2048, 2048, 2048, 2048, 2048, 2048, 2048, 2048]","[2048, 2048, 2048, 2048, 2048, 2048, 2048]","[2048, 2048, 2048, 2048, 2048, 2048, 2048, 2048, 2048]",282
1142,7773,31,15,2023-03-17T17:42:28.522000+00:00,,31.314,30.585,279.0,291,True,403.819,"[2064, 2064, 2064, 2048, 2048, 2048, 2048, 2048, 2048]","[2048, 2048, 2048, 2048, 2048, 2048, 2048]","[2048, 2048, 2048, 2048, 2048, 2048, 2048, 2048, 0]",295
1142,7773,14,14,2023-03-17T17:42:32.178000+00:00,35.336,29.776,30.135,,307,False,95.247,"[None, 2048, 2048, 2048, 2048, 2048, 2048, 2048, 2048]","[2048, 2048, 2048, 2048, 2048, 2048, 2048]","[2048, 2048, 2048, 2048, 2048, 2048, 2048, 2048, 2048]",299
1142,7773,23,15,2023-03-17T17:42:32.428000+00:00,,32.046,33.114,281.0,294,True,613.815,"[2064, 2064, 2064, 2048, 2048, 2048, 2048, 2048, 2048]","[2048, 2048, 2048, 2048, 2048, 2048, 2048]","[2048, 2048, 2048, 2048, 2048, 2048, 2048, 2048, 2064]",308
1142,7773,22,18,2023-03-17T17:42:56.381000+00:00,,30.438,30.416,277.0,291,True,473.74,"[2064, 2064, 2064, 2048, 2048, 2048, 2048, 2048, 2048]","[2048, 2048, 2048, 2048, 2048, 2048, 2048]","[2048, 2048, 2048, 2048, 2048, 2048, 2048, 2048, 2048]",303
1142,7773,55,17,2023-03-17T17:42:58.850000+00:00,34.876,30.014,30.324,278.0,291,False,95.214,"[None, 2048, 2048, 2048, 2048, 2048, 2048, 2048, 2048]","[2048, 2048, 2048, 2048, 2048, 2048, 2048]","[2048, 2048, 2048, 2048, 2048, 2048, 2048, 2048, 2048]",296
1142,7773,81,14,2023-03-17T17:43:03.974000+00:00,,30.472,30.596,278.0,286,True,696.662,"[2064, 2064, 2064, 2048, 2048, 2048, 2048, 2048, 2048]","[2048, 2048, 2048, 2048, 2048, 2048, 2048]","[2048, 2048, 2048, 2048, 2048, 2048, 2048, 2048, 2048]",290
1142,7773,77,18,2023-03-17T17:43:05.334000+00:00,35.921,30.942,31.08,274.0,288,False,97.943,"[None, 2048, 2048, 2048, 2048, 2048, 2048, 2048, 2048]","[2048, 2048, 2048, 2048, 2048, 2048, 2048]","[2048, 2048, 2048, 2048, 2048, 2048, 2048, 2048, 2048]",291
1142,7773,11,14,2023-03-17T17:43:12.193000+00:00,35.207,30.093,30.175,285.0,290,False,95.475,"[None, 2048, 2048, 2048, 2048, 2048, 2048, 2048, 2048]","[2048, 2048, 2048, 2048, 2048, 2048, 2048]","[2048, 2048, 2048, 2048, 2048, 2048, 2048, 2048]",309
1142,7773,20,13,2023-03-17T17:43:16.068000+00:00,36.569,30.6,30.593,273.0,296,False,97.762,"[2048, 2048, 2048, 2048, 2048, 2048, 2048, 2048, 2048]","[2048, 2048, 2048, 2048, 2048, 2048, 2048]","[2048, 2048, 2048, 2048, 2048, 2048, 2048, 2048, 2048]",301
1142,7773,63,15,2023-03-17T17:43:20.802000+00:00,70.773,30.342,30.388,281.0,299,True,131.503,"[None, 2064, 2064, 2048, 2048, 2048, 2048, 2048, 2048]","[2048, 2048, 2048, 2048, 2048, 2048, 2048]","[2048, 2048, 2048, 2048, 2048, 2048, 2048, 2048, 2048]",302
1142,7773,1,17,2023-03-17T17:43:28.209000+00:00,34.968,30.019,30.062,,297,False,95.049,"[None, 2048, 2048, 2048, 2048, 2048, 2048, 2048, 2048]","[2048, 2048, 2048, 2048, 2048, 2048, 2048]","[2048, 2048, 2048, 2048, 2048, 2048, 2048, 2048, 2048]",309
1142,7773,2,18,2023-03-17T17:43:35.208000+00:00,65.019,30.446,30.266,277.0,302,True,125.731,"[2064, 2064, 2064, 2048, 2048, 2048, 2048, 2048, 2048]","[2048, 2048, 2048, 2048, 2048, 2048, 2048]","[2048, 2048, 2048, 2048, 2048, 2048, 2048, 2048, 2048]",303
1142,7773,18,15,2023-03-17T17:43:36.474000+00:00,,32.453,30.366,276.0,305,True,480.182,"[2064, 2064, 2064, 2048, 2048, 2048, 2048, 2048, 2048]","[2048, 2048, 2048, 2048, 2048, 2048, 2048]","[2048, 2048, 2048, 2048, 2048, 2048, 2048, 2048, 2048]",307
1142,7773,24,16,2023-03-17T17:43:39.974000+00:00,,30.634,30.577,274.0,290,True,724.28,"[2064, 2064, 2064, 2048, 2048, 2048, 2048, 2048, 2048]","[2048, 2048, 2048, 2048, 2048, 2048, 2048]","[2048, 2048, 2048, 2048, 2048, 2048, 2048, 2048, 2048]",292
1142,7773,16,16,2023-03-17T17:43:42.224000+00:00,34.901,30.089,30.279,,292,False,95.269,"[None, 2048, 2048, 2048, 2048, 2048, 2048, 2048, 2048]","[2048, 2048, 2048, 2048, 2048, 2048, 2048]","[2048, 2048, 2048, 2048, 2048, 2048, 2048, 2048]",300
1142,7773,44,16,2023-03-17T17:43:46.850000+00:00,34.956,30.2,30.174,283.0,304,False,95.33,"[2048, 2048, 2048, 2048, 2048, 2048, 2048, 2048, 2048]","[2048, 2048, 2048, 2048, 2048, 2048, 2048]","[2048, 2048, 2048, 2048, 2048, 2048, 2048, 2048, 2048]",303
1142,7773,27,16,2023-03-17T17:43:51.459000+00:00,35.42,30.42,30.667,,292,False,96.507,"[None, 2048, 2048, 2048, 2048, 2048, 2048, 2048, 2048]","[2048, 2048, 2048, 2048, 2048, 2048, 2048]","[2048, 2048, 2048, 2048, 2048, 2048, 2048, 2048, 2048]",296
1142,7773,4,16,2023-03-17T17:44:02.396000+00:00,35.422,30.328,30.491,280.0,300,False,96.241,"[None, 2048, 2048, 2048, 2048, 2048, 2048, 2048, 2048]","[2048, 2048, 2048, 2048, 2048, 2048, 2048]","[2048, 2048, 2048, 2048, 2048, 2048, 2048, 2048, 2048]",301
1142,7773,14,15,2023-03-17T17:44:07.380000+00:00,35.43,29.824,30.122,282.0,303,False,95.376,"[None, 2048, 2048, 2048, 2048, 2048, 2048, 2048, 2048]","[2048, 2048, 2048, 2048, 2048, 2048, 2048]","[2048, 2048, 2048, 2048, 2048, 2048, 2048, 2048, 2048]",300
1142,7773,31,16,2023-03-17T17:44:22.786000+00:00,34.815,30.371,30.276,277.0,293,False,95.462,"[2048, 2048, 2048, 2048, 2048, 2048, 2048, 2048, 2048]","[2048, 2048, 2048, 2048, 2048, 2048, 2048]","[2048, 2048, 2048, 2048, 2048, 2048, 2048, 2048, 2048]",297
1142,7773,10,17,2023-03-17T17:44:26.364000+00:00,,31.13,31.523,269.0,293,True,590.341,"[2064, 2064, 2064, 2048, 2048, 2048, 2048, 2048, 2048]","[2048, 2048, 2048, 2048, 2048, 2048, 2048]","[2048, 2048, 2048, 2048, 2048, 2048, 2048, 2048, 2048]",297
1142,7773,55,18,2023-03-17T17:44:34.099000+00:00,34.681,30.099,30.31,277.0,288,False,95.09,"[None, 2048, 2048, 2048, 2048, 2048, 2048, 2048, 2048]","[2048, 2048, 2048, 2048, 2048, 2048, 2048]","[2048, 2048, 2048, 2048, 2048, 2048, 2048, 2048, 2048]",295
1142,7773,22,19,2023-03-17T17:44:37.286000+00:00,35.356,30.299,30.514,,292,False,96.169,"[2048, 2048, 2048, 2048, 2048, 2048, 2048, 2048, 2048]","[2048, 2048, 2048, 2048, 2048, 2048, 2048]","[2048, 2048, 2048, 2048, 2048, 2048, 2048, 2048, 2048]",305
1142,7773,77,19,2023-03-17T17:44:43.270000+00:00,,30.972,30.795,275.0,291,False,97.688,"[None, 2048, 2048, 2048, 2048, 2048, 2048, 2048, 2048]","[2048, 2048, 2048, 2048, 2048, 2048, 2048]","[2048, 2048, 2048, 2048, 2048, 2048, 2048, 2048, 2048]",295
1142,7773,11,15,2023-03-17T17:44:47.661000+00:00,35.151,30.097,30.037,,297,False,95.285,"[None, 2048, 2048, 2048, 2048, 2048, 2048, 2048, 2048]","[2048, 2048, 2048, 2048, 2048, 2048, 2048]","[2048, 2048, 2048, 2048, 2048, 2048, 2048, 2048, 2048]",314
1142,7773,81,15,2023-03-17T17:44:51.239000+00:00,35.087,30.228,30.374,276.0,290,False,95.689,"[2048, 2048, 2048, 2048, 2048, 2048, 2048, 2048, 2048]","[2048, 2048, 2048, 2048, 2048, 2048, 2048]","[2048, 2048, 2048, 2048, 2048, 2048, 2048, 2048]",289
1142,7773,20,14,2023-03-17T17:44:53.848000+00:00,35.979,30.493,30.66,275.0,294,False,97.132,"[None, 2048, 2048, 2048, 2048, 2048, 2048, 2048, 2048]","[2048, 2048, 2048, 2048, 2048, 2048, 2048]","[2048, 2048, 2048, 2048, 2048, 2048, 2048, 2048, 2048]",297
1142,7773,23,16,2023-03-17T17:44:54.520000+00:00,59.066,34.51,32.956,279.0,260,True,126.532,"[None, 2064, 2064, 2048, 2048, 2048, 2048, 2048, 2048]","[2048, 2048, 2048, 2048, 2048, 2048, 2048]","[2048, 2048, 2048, 2048, 2048, 2048, 2048, 2048, 2048]",299
1142,7773,1,18,2023-03-17T17:45:03.223000+00:00,35.168,29.969,30.089,284.0,299,False,95.226,"[None, 2048, 2048, 2048, 2048, 2048, 2048, 2048, 2048]","[2048, 2048, 2048, 2048, 2048, 2048, 2048]","[2048, 2048, 2048, 2048, 2048, 2048, 2048, 2048, 2048]",312
1142,7773,63,16,2023-03-17T17:45:09.786000+00:00,35.074,30.017,30.201,283.0,302,False,95.292,"[2048, 2048, 2048, 2048, 2048, 2048, 2048, 2048, 2048]","[2048, 2048, 2048, 2048, 2048, 2048, 2048]","[2048, 2048, 2048, 2048, 2048, 2048, 2048, 2048, 2048]",304
1142,7773,2,19,2023-03-17T17:45:15.067000+00:00,35.486,30.32,30.25,279.0,300,False,96.056,"[2048, 2048, 2048, 2048, 2048, 2048, 2048, 2048, 2048]","[2048, 2048, 2048, 2048, 2048, 2048, 2048]","[2048, 2048, 2048, 2048, 2048, 2048, 2048, 2048, 2048]",303
1142,7773,16,17,2023-03-17T17:45:17.473000+00:00,35.049,30.06,30.42,281.0,295,False,95.529,"[None, 2048, 2048, 2048, 2048, 2048, 2048, 2048, 2048]","[2048, 2048, 2048, 2048, 2048, 2048, 2048]","[2048, 2048, 2048, 2048, 2048, 2048, 2048, 2048, 2048]",317
1142,7773,44,17,2023-03-17T17:45:22.176000+00:00,35.173,29.997,30.304,282.0,306,False,95.474,"[None, 2048, 2048, 2048, 2048, 2048, 2048, 2048, 2048]","[2048, 2048, 2048, 2048, 2048, 2048, 2048]","[2048, 2048, 2048, 2048, 2048, 2048, 2048, 2048, 2048]",305
1142,7773,21,19,2023-03-17T17:45:22.817000+00:00,,33.99,31.757,222.0,271,True,490.218,"[2064, 2064, 2064, 2048, 2048, 2048, 2048, 2048, 2048]","[2048, 2048, 2048, 2048, 2048, 2048, 2048]","[2048, 2048, 2048, 2048, 2048, 2048, 2048, 2048, 2048]",304
1142,7773,27,17,2023-03-17T17:45:27.942000+00:00,35.561,30.608,30.602,,293,False,96.771,"[None, 2048, 2048, 2048, 2048, 2048, 2048, 2048, 2048]","[2048, 2048, 2048, 2048, 2048, 2048, 2048]","[2048, 2048, 2048, 2048, 2048, 2048, 2048, 2048]",298
1142,7773,18,16,2023-03-17T17:45:34.301000+00:00,34.812,29.917,30.123,281.0,307,False,94.852,"[2048, 2048, 2048, 2048, 2048, 2048, 2048, 2048, 2048]","[2048, 2048, 2048, 2048, 2048, 2048, 2048]","[2048, 2048, 2048, 2048, 2048, 2048, 2048, 2048, 2048]",300
1142,7773,24,17,2023-03-17T17:45:37.676000+00:00,35.22,30.379,33.5,278.0,292,False,99.099,"[2048, 2048, 2048, 2048, 2048, 2048, 2048, 2048, 2048]","[2048, 2048, 2048, 2048, 2048, 2048, 2048]","[2048, 2048, 2048, 2048, 2048, 2048, 2048, 2048, 2064]",296
1142,7773,4,17,2023-03-17T17:45:38.676000+00:00,35.168,30.374,30.43,279.0,297,False,95.972,"[None, 2048, 2048, 2048, 2048, 2048, 2048, 2048, 2048]","[2048, 2048, 2048, 2048, 2048, 2048, 2048]","[2048, 2048, 2048, 2048, 2048, 2048, 2048, 2048, 2048]",312
1142,7773,14,16,2023-03-17T17:45:42.785000+00:00,35.265,29.933,30.071,284.0,305,False,95.269,"[None, 2048, 2048, 2048, 2048, 2048, 2048, 2048, 2048]","[2048, 2048, 2048, 2048, 2048, 2048, 2048]","[2048, 2048, 2048, 2048, 2048, 2048, 2048, 2048, 2048]",303
1142,7773,31,17,2023-03-17T17:45:58.222000+00:00,34.722,30.279,30.157,278.0,293,False,95.158,"[None, 2048, 2048, 2048, 2048, 2048, 2048, 2048, 2048]","[2048, 2048, 2048, 2048, 2048, 2048, 2048]","[2048, 2048, 2048, 2048, 2048, 2048, 2048, 2048, 2048]",295
1142,7773,55,19,2023-03-17T17:46:09.175000+00:00,34.676,30.102,30.26,278.0,290,False,95.038,"[None, 2048, 2048, 2048, 2048, 2048, 2048, 2048, 2048]","[2048, 2048, 2048, 2048, 2048, 2048, 2048]","[2048, 2048, 2048, 2048, 2048, 2048, 2048, 2048]",296
1142,7773,22,20,2023-03-17T17:46:13.457000+00:00,34.844,30.145,30.401,280.0,295,False,95.39,"[None, 2048, 2048, 2048, 2048, 2048, 2048, 2048, 2048]","[2048, 2048, 2048, 2048, 2048, 2048, 2048]","[2048, 2048, 2048, 2048, 2048, 2048, 2048, 2048, 2048]",304
1142,7773,77,20,2023-03-17T17:46:20.957000+00:00,35.805,30.87,31.52,276.0,290,False,98.195,"[None, 2048, 2048, 2048, 2048, 2048, 2048, 2048, 2048]","[2048, 2048, 2048, 2048, 2048, 2048, 2048]","[2048, 2048, 2048, 2048, 2048, 2048, 2048, 2048, 2048]",293
1142,7773,11,16,2023-03-17T17:46:22.957000+00:00,35.084,29.984,30.271,282.0,317,False,95.339,"[None, 2048, 2048, 2048, 2048, 2048, 2048, 2048, 2048]","[2048, 2048, 2048, 2048, 2048, 2048, 2048]","[2048, 2048, 2048, 2048, 2048, 2048, 2048, 2048, 2048]",321
1142,7773,81,16,2023-03-17T17:46:26.910000+00:00,35.046,30.081,30.383,279.0,290,False,95.51,"[None, 2048, 2048, 2048, 2048, 2048, 2048, 2048, 2048]","[2048, 2048, 2048, 2048, 2048, 2048, 2048]","[2048, 2048, 2048, 2048, 2048, 2048, 2048, 2048, 2048]",295
1142,7773,20,15,2023-03-17T17:46:30.988000+00:00,35.585,30.353,30.532,273.0,294,False,96.47,"[None, 2048, 2048, 2048, 2048, 2048, 2048, 2048, 2048]","[2048, 2048, 2048, 2048, 2048, 2048, 2048]","[2048, 2048, 2048, 2048, 2048, 2048, 2048, 2048, 2048]",299
1142,7773,10,18,2023-03-17T17:46:35.097000+00:00,35.143,30.324,30.311,272.0,294,False,95.778,"[2048, 2048, 2048, 2048, 2048, 2048, 2048, 2048, 2048]","[2048, 2048, 2048, 2048, 2048, 2048, 2048]","[2048, 2048, 2048, 2048, 2048, 2048, 2048, 2048, 2048]",296
1142,7773,1,19,2023-03-17T17:46:38.456000+00:00,34.993,29.94,30.094,285.0,299,False,95.027,"[None, 2048, 2048, 2048, 2048, 2048, 2048, 2048, 2048]","[2048, 2048, 2048, 2048, 2048, 2048, 2048]","[2048, 2048, 2048, 2048, 2048, 2048, 2048, 2048, 2048]",313
1142,7773,23,17,2023-03-17T17:46:40.347000+00:00,35.448,30.077,30.377,283.0,303,False,95.902,"[2048, 2048, 2048, 2048, 2048, 2048, 2048, 2048, 2048]","[2048, 2048, 2048, 2048, 2048, 2048, 2048]","[2048, 2048, 2048, 2048, 2048, 2048, 2048, 2048, 2048]",308
1142,7773,63,17,2023-03-17T17:46:45.050000+00:00,35.173,30.023,30.293,,303,False,95.489,"[None, 2048, 2048, 2048, 2048, 2048, 2048, 2048, 2048]","[2048, 2048, 2048, 2048, 2048, 2048, 2048]","[2048, 2048, 2048, 2048, 2048, 2048, 2048, 2048, 2048]",304
1142,7773,2,20,2023-03-17T17:46:51.144000+00:00,35.343,30.193,30.244,280.0,307,False,95.78,"[None, 2048, 2048, 2048, 2048, 2048, 2048, 2048, 2048]","[2048, 2048, 2048, 2048, 2048, 2048, 2048]","[2048, 2048, 2048, 2048, 2048, 2048, 2048, 2048, 2048]",303
1142,7773,16,18,2023-03-17T17:46:53.019000+00:00,35.135,29.963,29.994,277.0,313,False,95.092,"[None, 2048, 2048, 2048, 2048, 2048, 2048, 2048, 2048]","[2048, 2048, 2048, 2048, 2048, 2048, 2048]","[2048, 2048, 2048, 2048, 2048, 2048, 2048, 2048, 2048]",322
1142,7773,44,18,2023-03-17T17:46:57.659000+00:00,35.298,30.315,30.279,,308,False,95.892,"[None, 2048, 2048, 2048, 2048, 2048, 2048, 2048, 2048]","[2048, 2048, 2048, 2048, 2048, 2048, 2048]","[2048, 2048, 2048, 2048, 2048, 2048, 2048, 2048, 2048]",306
1142,7773,27,18,2023-03-17T17:47:04.722000+00:00,35.637,30.299,30.511,,294,False,96.447,"[None, 2048, 2048, 2048, 2048, 2048, 2048, 2048, 2048]","[2048, 2048, 2048, 2048, 2048, 2048, 2048]","[2048, 2048, 2048, 2048, 2048, 2048, 2048, 2048, 2048]",299
1142,7773,18,17,2023-03-17T17:47:09.159000+00:00,35.47,29.903,30.352,279.0,306,False,95.725,"[None, 2048, 2048, 2048, 2048, 2048, 2048, 2048, 2048]","[2048, 2048, 2048, 2048, 2048, 2048, 2048]","[2048, 2048, 2048, 2048, 2048, 2048, 2048, 2048]",300
1142,7773,4,18,2023-03-17T17:47:14.628000+00:00,34.938,30.255,30.578,,294,False,95.771,"[None, 2048, 2048, 2048, 2048, 2048, 2048, 2048, 2048]","[2048, 2048, 2048, 2048, 2048, 2048, 2048]","[2048, 2048, 2048, 2048, 2048, 2048, 2048, 2048, 2048]",292
1142,7773,14,17,2023-03-17T17:47:18.034000+00:00,35.166,29.93,30.141,282.0,301,False,95.237,"[None, 2048, 2048, 2048, 2048, 2048, 2048, 2048, 2048]","[2048, 2048, 2048, 2048, 2048, 2048, 2048]","[2048, 2048, 2048, 2048, 2048, 2048, 2048, 2048]",303
1142,7773,21,20,2023-03-17T17:47:22.893000+00:00,35.028,30.262,30.343,277.0,296,False,95.633,"[2048, 2048, 2048, 2048, 2048, 2048, 2048, 2048, 2048]","[2048, 2048, 2048, 2048, 2048, 2048, 2048]","[2048, 2048, 2048, 2048, 2048, 2048, 2048, 2048, 2048]",297
1142,7773,31,18,2023-03-17T17:47:33.378000+00:00,34.728,30.173,30.141,279.0,292,False,95.042,"[None, 2048, 2048, 2048, 2048, 2048, 2048, 2048, 2048]","[2048, 2048, 2048, 2048, 2048, 2048, 2048]","[2048, 2048, 2048, 2048, 2048, 2048, 2048, 2048, 2048]",298
1142,7773,24,18,2023-03-17T17:47:38.378000+00:00,56.548,30.899,30.804,271.0,288,True,118.251,"[2064, 2064, 2064, 2048, 2048, 2048, 2048, 2048, 2048]","[2048, 2048, 2048, 2048, 2048, 2048, 2048]","[2048, 2048, 2048, 2048, 2048, 2048, 2048, 2048]",290
1142,7773,55,20,2023-03-17T17:47:44.190000+00:00,35.294,30.019,30.224,,292,False,95.537,"[None, 2048, 2048, 2048, 2048, 2048, 2048, 2048, 2048]","[2048, 2048, 2048, 2048, 2048, 2048, 2048]","[2048, 2048, 2048, 2048, 2048, 2048, 2048, 2048]",302
1142,7773,22,21,2023-03-17T17:47:48.862000+00:00,34.983,30.215,30.299,,296,False,95.497,"[None, 2048, 2048, 2048, 2048, 2048, 2048, 2048, 2048]","[2048, 2048, 2048, 2048, 2048, 2048, 2048]","[2048, 2048, 2048, 2048, 2048, 2048, 2048, 2048, 2048]",304
1142,7773,11,17,2023-03-17T17:47:58.284000+00:00,35.231,30.081,30.141,281.0,298,False,95.453,"[None, 2048, 2048, 2048, 2048, 2048, 2048, 2048, 2048]","[2048, 2048, 2048, 2048, 2048, 2048, 2048]","[2048, 2048, 2048, 2048, 2048, 2048, 2048, 2048, 2048]",305
1142,7773,77,21,2023-03-17T17:47:59.159000+00:00,36.536,31.247,31.335,271.0,287,False,99.118,"[None, 2048, 2048, 2048, 2048, 2048, 2048, 2048, 2048]","[2048, 2048, 2048, 2048, 2048, 2048, 2048]","[2048, 2048, 2048, 2048, 2048, 2048, 2048, 2048, 2048]",292
1142,7773,81,17,2023-03-17T17:48:02.424000+00:00,35.073,30.157,33.185,280.0,293,False,98.415,"[None, 2048, 2048, 2048, 2048, 2048, 2048, 2048, 2048]","[2048, 2048, 2048, 2048, 2048, 2048, 2048]","[2048, 2048, 2048, 2048, 2048, 2048, 2048, 2048, 2064]",315
1142,7773,20,16,2023-03-17T17:48:07.455000+00:00,35.846,30.376,30.51,276.0,293,False,96.732,"[None, 2048, 2048, 2048, 2048, 2048, 2048, 2048, 2048]","[2048, 2048, 2048, 2048, 2048, 2048, 2048]","[2048, 2048, 2048, 2048, 2048, 2048, 2048, 2048, 2048]",298
1142,7773,10,19,2023-03-17T17:48:10.877000+00:00,35.233,30.185,30.078,275.0,294,False,95.496,"[None, 2048, 2048, 2048, 2048, 2048, 2048, 2048, 2048]","[2048, 2048, 2048, 2048, 2048, 2048, 2048]","[2048, 2048, 2048, 2048, 2048, 2048, 2048, 2048, 2048]",298
1142,7773,1,20,2023-03-17T17:48:13.487000+00:00,35.068,30.06,30.07,,302,False,95.198,"[None, 2048, 2048, 2048, 2048, 2048, 2048, 2048, 2048]","[2048, 2048, 2048, 2048, 2048, 2048, 2048]","[2048, 2048, 2048, 2048, 2048, 2048, 2048, 2048]",312
1142,7773,23,18,2023-03-17T17:48:16.299000+00:00,35.401,30.149,30.223,,302,False,95.773,"[None, 2048, 2048, 2048, 2048, 2048, 2048, 2048, 2048]","[2048, 2048, 2048, 2048, 2048, 2048, 2048]","[2048, 2048, 2048, 2048, 2048, 2048, 2048, 2048, 2048]",305
1142,7773,63,18,2023-03-17T17:48:20.549000+00:00,35.304,30.074,30.164,,305,False,95.542,"[None, 2048, 2048, 2048, 2048, 2048, 2048, 2048, 2048]","[2048, 2048, 2048, 2048, 2048, 2048, 2048]","[2048, 2048, 2048, 2048, 2048, 2048, 2048, 2048, 2048]",307
1142,7773,2,21,2023-03-17T17:48:26.940000+00:00,35.569,30.258,30.293,281.0,307,False,96.12,"[None, 2048, 2048, 2048, 2048, 2048, 2048, 2048, 2048]","[2048, 2048, 2048, 2048, 2048, 2048, 2048]","[2048, 2048, 2048, 2048, 2048, 2048, 2048, 2048, 2048]",304
1142,7773,16,19,2023-03-17T17:48:28.128000+00:00,35.086,30.042,30.127,281.0,312,False,95.255,"[None, 2048, 2048, 2048, 2048, 2048, 2048, 2048, 2048]","[2048, 2048, 2048, 2048, 2048, 2048, 2048]","[2048, 2048, 2048, 2048, 2048, 2048, 2048, 2048]",321
1142,7773,44,19,2023-03-17T17:48:33.564000+00:00,35.347,30.307,34.087,,308,False,99.741,"[None, 2048, 2048, 2048, 2048, 2048, 2048, 2048, 2048]","[2048, 2048, 2048, 2048, 2048, 2048, 2048]","[2048, 2048, 2048, 2048, 2048, 2048, 2048, 2048, 2064]",309
1142,7773,27,19,2023-03-17T17:48:41.158000+00:00,35.625,30.487,30.674,277.0,292,False,96.786,"[None, 2048, 2048, 2048, 2048, 2048, 2048, 2048, 2048]","[2048, 2048, 2048, 2048, 2048, 2048, 2048]","[2048, 2048, 2048, 2048, 2048, 2048, 2048, 2048]",298
1142,7773,18,18,2023-03-17T17:48:44.892000+00:00,35.414,29.944,30.052,280.0,307,False,95.41,"[None, 2048, 2048, 2048, 2048, 2048, 2048, 2048, 2048]","[2048, 2048, 2048, 2048, 2048, 2048, 2048]","[2048, 2048, 2048, 2048, 2048, 2048, 2048, 2048, 2048]",305
1142,7773,4,19,2023-03-17T17:48:50.408000+00:00,35.05,30.368,30.568,,293,False,95.986,"[None, 2048, 2048, 2048, 2048, 2048, 2048, 2048, 2048]","[2048, 2048, 2048, 2048, 2048, 2048, 2048]","[2048, 2048, 2048, 2048, 2048, 2048, 2048, 2048, 2048]",293
1142,7773,14,18,2023-03-17T17:48:53.267000+00:00,35.071,29.854,30.11,,302,False,95.035,"[None, 2048, 2048, 2048, 2048, 2048, 2048, 2048, 2048]","[2048, 2048, 2048, 2048, 2048, 2048, 2048]","[2048, 2048, 2048, 2048, 2048, 2048, 2048, 2048, 2048]",304
1142,7773,21,21,2023-03-17T17:48:58.549000+00:00,35.161,30.305,30.455,279.0,295,False,95.921,"[None, 2048, 2048, 2048, 2048, 2048, 2048, 2048, 2048]","[2048, 2048, 2048, 2048, 2048, 2048, 2048]","[2048, 2048, 2048, 2048, 2048, 2048, 2048, 2048, 2048]",298
1142,7773,31,19,2023-03-17T17:49:08.423000+00:00,34.783,30.125,30.234,,292,False,95.142,"[None, 2048, 2048, 2048, 2048, 2048, 2048, 2048, 2048]","[2048, 2048, 2048, 2048, 2048, 2048, 2048]","[2048, 2048, 2048, 2048, 2048, 2048, 2048, 2048]",297
1142,7773,24,19,2023-03-17T17:49:15.033000+00:00,35.101,30.298,30.505,279.0,292,False,95.904,"[2048, 2048, 2048, 2048, 2048, 2048, 2048, 2048, 2048]","[2048, 2048, 2048, 2048, 2048, 2048, 2048]","[2048, 2048, 2048, 2048, 2048, 2048, 2048, 2048, 2048]",296
1142,7773,55,21,2023-03-17T17:49:19.720000+00:00,35.165,30.117,30.317,,292,False,95.599,"[None, 2048, 2048, 2048, 2048, 2048, 2048, 2048, 2048]","[2048, 2048, 2048, 2048, 2048, 2048, 2048]","[2048, 2048, 2048, 2048, 2048, 2048, 2048, 2048, 2048]",300
1142,7773,22,22,2023-03-17T17:49:24.486000+00:00,35.082,30.506,30.527,,297,False,96.115,"[None, 2048, 2048, 2048, 2048, 2048, 2048, 2048, 2048]","[2048, 2048, 2048, 2048, 2048, 2048, 2048]","[2048, 2048, 2048, 2048, 2048, 2048, 2048, 2048, 2048]",304
1142,7773,11,18,2023-03-17T17:49:33.720000+00:00,35.072,30.057,30.028,278.0,295,False,95.157,"[None, 2048, 2048, 2048, 2048, 2048, 2048, 2048, 2048]","[2048, 2048, 2048, 2048, 2048, 2048, 2048]","[2048, 2048, 2048, 2048, 2048, 2048, 2048, 2048, 2048]",305
1142,7773,77,22,2023-03-17T17:49:38.267000+00:00,36.215,31.142,34.011,273.0,287,False,101.368,"[None, 2048, 2048, 2048, 2048, 2048, 2048, 2048, 2048]","[2048, 2048, 2048, 2048, 2048, 2048, 2048]","[2048, 2048, 2048, 2048, 2048, 2048, 2048, 2048, 2064]",291
1142,7773,20,17,2023-03-17T17:49:44.235000+00:00,35.44,30.743,30.714,277.0,293,False,96.897,"[None, 2048, 2048, 2048, 2048, 2048, 2048, 2048, 2048]","[2048, 2048, 2048, 2048, 2048, 2048, 2048]","[2048, 2048, 2048, 2048, 2048, 2048, 2048, 2048, 2048]",297
1142,7773,10,20,2023-03-17T17:49:46.392000+00:00,34.995,29.941,29.868,277.0,311,False,94.804,"[None, 2048, 2048, 2048, 2048, 2048, 2048, 2048, 2048]","[2048, 2048, 2048, 2048, 2048, 2048, 2048]","[2048, 2048, 2048, 2048, 2048, 2048, 2048, 2048, 2048]",319
1142,7773,1,21,2023-03-17T17:49:48.673000+00:00,35.248,30.108,32.908,282.0,303,False,98.264,"[None, 2048, 2048, 2048, 2048, 2048, 2048, 2048, 2048]","[2048, 2048, 2048, 2048, 2048, 2048, 2048]","[2048, 2048, 2048, 2048, 2048, 2048, 2048, 2048]",292
1142,7773,23,19,2023-03-17T17:49:52.017000+00:00,35.56,30.12,30.244,,301,False,95.924,"[None, 2048, 2048, 2048, 2048, 2048, 2048, 2048, 2048]","[2048, 2048, 2048, 2048, 2048, 2048, 2048]","[2048, 2048, 2048, 2048, 2048, 2048, 2048, 2048, 2048]",306
1142,7773,63,19,2023-03-17T17:49:56.095000+00:00,35.136,29.888,30.228,284.0,307,False,95.252,"[None, 2048, 2048, 2048, 2048, 2048, 2048, 2048, 2048]","[2048, 2048, 2048, 2048, 2048, 2048, 2048]","[2048, 2048, 2048, 2048, 2048, 2048, 2048, 2048, 2048]",308
1142,7773,81,18,2023-03-17T17:50:00.642000+00:00,54.748,30.21,30.441,278.0,287,True,115.399,"[2064, 2064, 2064, 2048, 2048, 2048, 2048, 2048, 2048]","[2048, 2048, 2048, 2048, 2048, 2048, 2048]","[2048, 2048, 2048, 2048, 2048, 2048, 2048, 2048, 2048]",290
1142,7773,2,22,2023-03-17T17:50:03.017000+00:00,36.548,30.281,30.484,,312,False,97.313,"[None, 2048, 2048, 2048, 2048, 2048, 2048, 2048, 2048]","[2048, 2048, 2048, 2048, 2048, 2048, 2048]","[2048, 2048, 2048, 2048, 2048, 2048, 2048, 2048, 2048]",312
1142,7773,16,20,2023-03-17T17:50:03.376000+00:00,34.933,30.318,30.379,280.0,292,False,95.63,"[None, 2048, 2048, 2048, 2048, 2048, 2048, 2048, 2048]","[2048, 2048, 2048, 2048, 2048, 2048, 2048]","[2048, 2048, 2048, 2048, 2048, 2048, 2048, 2048, 2048]",299
1142,7773,27,20,2023-03-17T17:50:17.969000+00:00,35.646,30.478,30.643,,291,False,96.767,"[None, 2048, 2048, 2048, 2048, 2048, 2048, 2048, 2048]","[2048, 2048, 2048, 2048, 2048, 2048, 2048]","[2048, 2048, 2048, 2048, 2048, 2048, 2048, 2048]",297
1142,7773,18,19,2023-03-17T17:50:20.298000+00:00,35.358,29.896,30.209,282.0,307,False,95.463,"[None, 2048, 2048, 2048, 2048, 2048, 2048, 2048, 2048]","[2048, 2048, 2048, 2048, 2048, 2048, 2048]","[2048, 2048, 2048, 2048, 2048, 2048, 2048, 2048, 2048]",304
1142,7773,4,20,2023-03-17T17:50:26.391000+00:00,35.066,30.431,30.806,276.0,294,False,96.303,"[None, 2048, 2048, 2048, 2048, 2048, 2048, 2048, 2048]","[2048, 2048, 2048, 2048, 2048, 2048, 2048]","[2048, 2048, 2048, 2048, 2048, 2048, 2048, 2048]",294
1142,7773,14,19,2023-03-17T17:50:28.297000+00:00,35.181,29.88,30.339,,299,False,95.4,"[None, 2048, 2048, 2048, 2048, 2048, 2048, 2048, 2048]","[2048, 2048, 2048, 2048, 2048, 2048, 2048]","[2048, 2048, 2048, 2048, 2048, 2048, 2048, 2048, 2048]",298
1142,7773,21,22,2023-03-17T17:50:34.438000+00:00,35.258,30.123,30.198,280.0,297,False,95.579,"[None, 2048, 2048, 2048, 2048, 2048, 2048, 2048, 2048]","[2048, 2048, 2048, 2048, 2048, 2048, 2048]","[2048, 2048, 2048, 2048, 2048, 2048, 2048, 2048, 2048]",301
1142,7773,44,20,2023-03-17T17:50:34.485000+00:00,60.312,30.423,30.147,280.0,306,True,120.882,"[2064, 2064, 2064, 2048, 2048, 2048, 2048, 2048, 2048]","[2048, 2048, 2048, 2048, 2048, 2048, 2048]","[2048, 2048, 2048, 2048, 2048, 2048, 2048, 2048, 2048]",309
1142,7773,31,20,2023-03-17T17:50:43.547000+00:00,35.381,30.094,30.329,278.0,294,False,95.804,"[None, 2048, 2048, 2048, 2048, 2048, 2048, 2048, 2048]","[2048, 2048, 2048, 2048, 2048, 2048, 2048]","[2048, 2048, 2048, 2048, 2048, 2048, 2048, 2048, 2048]",300
1142,7773,24,20,2023-03-17T17:50:50.922000+00:00,35.057,30.074,30.2,281.0,295,False,95.331,"[None, 2048, 2048, 2048, 2048, 2048, 2048, 2048, 2048]","[2048, 2048, 2048, 2048, 2048, 2048, 2048]","[2048, 2048, 2048, 2048, 2048, 2048, 2048, 2048, 2048]",299
1142,7773,55,22,2023-03-17T17:50:55.297000+00:00,35.086,30.107,30.362,280.0,299,False,95.555,"[None, 2048, 2048, 2048, 2048, 2048, 2048, 2048, 2048]","[2048, 2048, 2048, 2048, 2048, 2048, 2048]","[2048, 2048, 2048, 2048, 2048, 2048, 2048, 2048]",301
1142,7773,22,23,2023-03-17T17:51:00.453000+00:00,35.203,30.462,30.382,281.0,297,False,96.047,"[None, 2048, 2048, 2048, 2048, 2048, 2048, 2048, 2048]","[2048, 2048, 2048, 2048, 2048, 2048, 2048]","[2048, 2048, 2048, 2048, 2048, 2048, 2048, 2048, 2048]",307
1142,7773,11,19,2023-03-17T17:51:08.891000+00:00,34.969,29.978,30.03,286.0,303,False,94.977,"[None, 2048, 2048, 2048, 2048, 2048, 2048, 2048, 2048]","[2048, 2048, 2048, 2048, 2048, 2048, 2048]","[2048, 2048, 2048, 2048, 2048, 2048, 2048, 2048, 2048]",308
1142,7773,20,18,2023-03-17T17:51:21.063000+00:00,36.741,30.736,30.612,275.0,296,False,98.089,"[None, 2048, 2048, 2048, 2048, 2048, 2048, 2048, 2048]","[2048, 2048, 2048, 2048, 2048, 2048, 2048]","[2048, 2048, 2048, 2048, 2048, 2048, 2048, 2048, 2048]",301
1142,7773,10,21,2023-03-17T17:51:21.156000+00:00,35.304,30.096,30.113,275.0,293,False,95.513,"[None, 2048, 2048, 2048, 2048, 2048, 2048, 2048, 2048]","[2048, 2048, 2048, 2048, 2048, 2048, 2048]","[2048, 2048, 2048, 2048, 2048, 2048, 2048, 2048, 2048]",297
1142,7773,1,22,2023-03-17T17:51:26.953000+00:00,34.945,30.07,30.009,,300,False,95.024,"[None, 2048, 2048, 2048, 2048, 2048, 2048, 2048, 2048]","[2048, 2048, 2048, 2048, 2048, 2048, 2048]","[2048, 2048, 2048, 2048, 2048, 2048, 2048, 2048, 2048]",311
1142,7773,23,20,2023-03-17T17:51:27.953000+00:00,35.361,30.135,30.36,285.0,303,False,95.856,"[None, 2048, 2048, 2048, 2048, 2048, 2048, 2048, 2048]","[2048, 2048, 2048, 2048, 2048, 2048, 2048]","[2048, 2048, 2048, 2048, 2048, 2048, 2048, 2048, 2048]",304
1142,7773,63,20,2023-03-17T17:51:31.328000+00:00,35.07,30.009,30.192,285.0,306,False,95.271,"[None, 2048, 2048, 2048, 2048, 2048, 2048, 2048, 2048]","[2048, 2048, 2048, 2048, 2048, 2048, 2048]","[2048, 2048, 2048, 2048, 2048, 2048, 2048, 2048, 2048]",307
1142,7773,81,19,2023-03-17T17:51:36.234000+00:00,35.095,30.185,30.165,280.0,293,False,95.445,"[2048, 2048, 2048, 2048, 2048, 2048, 2048, 2048, 2048]","[2048, 2048, 2048, 2048, 2048, 2048, 2048]","[2048, 2048, 2048, 2048, 2048, 2048, 2048, 2048, 2048]",295
1142,7773,16,21,2023-03-17T17:51:38.984000+00:00,35.038,30.142,30.401,278.0,292,False,95.581,"[None, 2048, 2048, 2048, 2048, 2048, 2048, 2048, 2048]","[2048, 2048, 2048, 2048, 2048, 2048, 2048]","[2048, 2048, 2048, 2048, 2048, 2048, 2048, 2048, 2048]",299
1142,7773,2,23,2023-03-17T17:51:40.328000+00:00,35.898,30.397,30.456,282.0,305,False,96.751,"[None, 2048, 2048, 2048, 2048, 2048, 2048, 2048, 2048]","[2048, 2048, 2048, 2048, 2048, 2048, 2048]","[2048, 2048, 2048, 2048, 2048, 2048, 2048, 2048, 2048]",306
1142,7773,77,23,2023-03-17T17:51:40.609000+00:00,59.439,31.224,30.884,273.0,286,True,121.547,"[2064, 2064, 2064, 2048, 2048, 2048, 2048, 2048, 2048]","[2048, 2048, 2048, 2048, 2048, 2048, 2048]","[2048, 2048, 2048, 2048, 2048, 2048, 2048, 2048, 2048]",290
1142,7773,27,21,2023-03-17T17:51:54.734000+00:00,35.699,30.404,30.658,279.0,293,False,96.761,"[None, 2048, 2048, 2048, 2048, 2048, 2048, 2048, 2048]","[2048, 2048, 2048, 2048, 2048, 2048, 2048]","[2048, 2048, 2048, 2048, 2048, 2048, 2048, 2048, 2048]",298
1142,7773,18,20,2023-03-17T17:51:55.765000+00:00,35.584,29.994,30.409,,319,False,95.987,"[None, 2048, 2048, 2048, 2048, 2048, 2048, 2048, 2048]","[2048, 2048, 2048, 2048, 2048, 2048, 2048]","[2048, 2048, 2048, 2048, 2048, 2048, 2048, 2048, 2048]",316
1142,7773,4,21,2023-03-17T17:52:02.703000+00:00,35.339,30.523,33.911,280.0,296,False,99.773,"[None, 2048, 2048, 2048, 2048, 2048, 2048, 2048, 2048]","[2048, 2048, 2048, 2048, 2048, 2048, 2048]","[2048, 2048, 2048, 2048, 2048, 2048, 2048, 2048, 2064]",295
1142,7773,14,20,2023-03-17T17:52:03.765000+00:00,35.459,29.902,30.062,284.0,317,False,95.423,"[None, 2048, 2048, 2048, 2048, 2048, 2048, 2048, 2048]","[2048, 2048, 2048, 2048, 2048, 2048, 2048]","[2048, 2048, 2048, 2048, 2048, 2048, 2048, 2048, 2048]",324
1142,7773,21,23,2023-03-17T17:52:10.343000+00:00,35.327,30.394,30.313,279.0,298,False,96.034,"[None, 2048, 2048, 2048, 2048, 2048, 2048, 2048, 2048]","[2048, 2048, 2048, 2048, 2048, 2048, 2048]","[2048, 2048, 2048, 2048, 2048, 2048, 2048, 2048, 2048]",300
1142,7773,44,21,2023-03-17T17:52:14.171000+00:00,35.53,30.018,30.041,283.0,303,False,95.589,"[2048, 2048, 2048, 2048, 2048, 2048, 2048, 2048, 2048]","[2048, 2048, 2048, 2048, 2048, 2048, 2048]","[2048, 2048, 2048, 2048, 2048, 2048, 2048, 2048, 2048]",305
1142,7773,31,21,2023-03-17T17:52:19.374000+00:00,35.151,30.209,30.219,279.0,294,False,95.579,"[None, 2048, 2048, 2048, 2048, 2048, 2048, 2048, 2048]","[2048, 2048, 2048, 2048, 2048, 2048, 2048]","[2048, 2048, 2048, 2048, 2048, 2048, 2048, 2048, 2048]",300
1142,7773,24,21,2023-03-17T17:52:26.249000+00:00,35.222,30.32,30.659,280.0,291,False,96.201,"[None, 2048, 2048, 2048, 2048, 2048, 2048, 2048, 2048]","[2048, 2048, 2048, 2048, 2048, 2048, 2048]","[2048, 2048, 2048, 2048, 2048, 2048, 2048, 2048, 2048]",295
1142,7773,55,23,2023-03-17T17:52:30.905000+00:00,35.113,30.128,32.951,,298,False,98.192,"[None, 2048, 2048, 2048, 2048, 2048, 2048, 2048, 2048]","[2048, 2048, 2048, 2048, 2048, 2048, 2048]","[2048, 2048, 2048, 2048, 2048, 2048, 2048, 2048, 2064]",300
1142,7773,22,24,2023-03-17T17:52:36.515000+00:00,35.279,30.581,30.443,,295,False,96.303,"[None, 2048, 2048, 2048, 2048, 2048, 2048, 2048, 2048]","[2048, 2048, 2048, 2048, 2048, 2048, 2048]","[2048, 2048, 2048, 2048, 2048, 2048, 2048, 2048, 2048]",303
1142,7773,11,20,2023-03-17T17:52:43.858000+00:00,34.869,30.052,29.967,282.0,303,False,94.888,"[None, 2048, 2048, 2048, 2048, 2048, 2048, 2048, 2048]","[2048, 2048, 2048, 2048, 2048, 2048, 2048]","[2048, 2048, 2048, 2048, 2048, 2048, 2048, 2048, 2048]",309
1142,7773,10,22,2023-03-17T17:52:56.671000+00:00,34.986,30.138,30.207,277.0,290,False,95.331,"[None, 2048, 2048, 2048, 2048, 2048, 2048, 2048, 2048]","[2048, 2048, 2048, 2048, 2048, 2048, 2048]","[2048, 2048, 2048, 2048, 2048, 2048, 2048, 2048, 2048]",295
1142,7773,20,19,2023-03-17T17:52:59.140000+00:00,35.6,30.496,30.637,278.0,296,False,96.733,"[None, 2048, 2048, 2048, 2048, 2048, 2048, 2048, 2048]","[2048, 2048, 2048, 2048, 2048, 2048, 2048]","[2048, 2048, 2048, 2048, 2048, 2048, 2048, 2048, 2048]",301
1142,7773,1,23,2023-03-17T17:53:01.983000+00:00,35.107,30.227,30.076,278.0,303,False,95.41,"[None, 2048, 2048, 2048, 2048, 2048, 2048, 2048, 2048]","[2048, 2048, 2048, 2048, 2048, 2048, 2048]","[2048, 2048, 2048, 2048, 2048, 2048, 2048, 2048, 2048]",307
1142,7773,23,21,2023-03-17T17:53:03.796000+00:00,35.516,30.15,30.278,284.0,304,False,95.944,"[None, 2048, 2048, 2048, 2048, 2048, 2048, 2048, 2048]","[2048, 2048, 2048, 2048, 2048, 2048, 2048]","[2048, 2048, 2048, 2048, 2048, 2048, 2048, 2048, 2048]",305
1142,7773,63,21,2023-03-17T17:53:06.593000+00:00,35.203,30.052,30.096,,307,False,95.351,"[None, 2048, 2048, 2048, 2048, 2048, 2048, 2048, 2048]","[2048, 2048, 2048, 2048, 2048, 2048, 2048]","[2048, 2048, 2048, 2048, 2048, 2048, 2048, 2048, 2048]",320
1142,7773,81,20,2023-03-17T17:53:11.686000+00:00,35.08,29.975,30.379,279.0,299,False,95.434,"[None, 2048, 2048, 2048, 2048, 2048, 2048, 2048, 2048]","[2048, 2048, 2048, 2048, 2048, 2048, 2048]","[2048, 2048, 2048, 2048, 2048, 2048, 2048, 2048, 2048]",292
1142,7773,16,22,2023-03-17T17:53:14.561000+00:00,37.015,30.355,30.544,279.0,294,False,97.914,"[None, 2048, 2048, 2048, 2048, 2048, 2048, 2048, 2048]","[2048, 2048, 2048, 2048, 2048, 2048, 2048]","[2048, 2048, 2048, 2048, 2048, 2048, 2048, 2048, 2048]",300
1142,7773,2,24,2023-03-17T17:53:17.124000+00:00,35.857,30.439,30.343,,307,False,96.639,"[None, 2048, 2048, 2048, 2048, 2048, 2048, 2048, 2048]","[2048, 2048, 2048, 2048, 2048, 2048, 2048]","[2048, 2048, 2048, 2048, 2048, 2048, 2048, 2048]",308
1142,7773,77,24,2023-03-17T17:53:21.202000+00:00,35.518,30.348,30.75,279.0,293,False,96.616,"[2048, 2048, 2048, 2048, 2048, 2048, 2048, 2048, 2048]","[2048, 2048, 2048, 2048, 2048, 2048, 2048]","[2048, 2048, 2048, 2048, 2048, 2048, 2048, 2048, 2048]",296
1142,7773,27,22,2023-03-17T17:53:31.467000+00:00,36.783,30.638,32.137,277.0,295,False,99.558,"[None, 2048, 2048, 2048, 2048, 2048, 2048, 2048, 2048]","[2048, 2048, 2048, 2048, 2048, 2048, 2048]","[2048, 2048, 2048, 2048, 2048, 2048, 2048, 2048, 2048]",301
1142,7773,18,21,2023-03-17T17:53:31.764000+00:00,35.502,30.332,30.453,281.0,291,False,96.287,"[2049, 2048, 2048, 2048, 2048, 2048, 2048, 2048, 2048]","[2048, 2048, 2048, 2048, 2048, 2048, 2048]","[2048, 2048, 2048, 2048, 2048, 2048, 2048, 2048]",299
1142,7773,14,21,2023-03-17T17:53:39.123000+00:00,35.011,29.958,30.359,283.0,306,False,95.328,"[None, 2048, 2048, 2048, 2048, 2048, 2048, 2048, 2048]","[2048, 2048, 2048, 2048, 2048, 2048, 2048]","[2048, 2048, 2048, 2048, 2048, 2048, 2048, 2048, 2048]",303
1142,7773,21,24,2023-03-17T17:53:46.061000+00:00,35.229,30.254,30.381,281.0,298,False,95.864,"[None, 2048, 2048, 2048, 2048, 2048, 2048, 2048, 2048]","[2048, 2048, 2048, 2048, 2048, 2048, 2048]","[2048, 2048, 2048, 2048, 2048, 2048, 2048, 2048, 2048]",299
1142,7773,44,22,2023-03-17T17:53:49.764000+00:00,35.084,29.984,30.161,284.0,306,False,95.229,"[None, 2048, 2048, 2048, 2048, 2048, 2048, 2048, 2048]","[2048, 2048, 2048, 2048, 2048, 2048, 2048]","[2048, 2048, 2048, 2048, 2048, 2048, 2048, 2048, 2048]",308
1142,7773,31,22,2023-03-17T17:53:54.952000+00:00,34.954,30.162,30.211,281.0,294,False,95.327,"[None, 2048, 2048, 2048, 2048, 2048, 2048, 2048, 2048]","[2048, 2048, 2048, 2048, 2048, 2048, 2048]","[2048, 2048, 2048, 2048, 2048, 2048, 2048, 2048, 2048]",300
1142,7773,4,22,2023-03-17T17:54:02.076000+00:00,53.027,30.663,30.541,279.0,292,True,114.231,"[2064, 2064, 2064, 2048, 2048, 2048, 2048, 2048, 2048]","[2048, 2048, 2048, 2048, 2048, 2048, 2048]","[2048, 2048, 2048, 2048, 2048, 2048, 2048, 2048, 2048]",290
1142,7773,24,22,2023-03-17T17:54:02.451000+00:00,35.606,30.355,30.5,278.0,292,False,96.461,"[None, 2048, 2048, 2048, 2048, 2048, 2048, 2048, 2048]","[2048, 2048, 2048, 2048, 2048, 2048, 2048]","[2048, 2048, 2048, 2048, 2048, 2048, 2048, 2048, 2048]",297
1142,7773,22,25,2023-03-17T17:54:12.795000+00:00,35.319,30.682,30.544,279.0,295,False,96.545,"[None, 2048, 2048, 2048, 2048, 2048, 2048, 2048, 2048]","[2048, 2048, 2048, 2048, 2048, 2048, 2048]","[2048, 2048, 2048, 2048, 2048, 2048, 2048, 2048, 2048]",302
1142,7773,11,21,2023-03-17T17:54:18.779000+00:00,34.786,30.013,30.057,284.0,295,False,94.856,"[None, 2048, 2048, 2048, 2048, 2048, 2048, 2048, 2048]","[2048, 2048, 2048, 2048, 2048, 2048, 2048]","[2048, 2048, 2048, 2048, 2048, 2048, 2048, 2048, 2048]",311
1142,7773,55,24,2023-03-17T17:54:28.357000+00:00,52.191,30.434,30.525,277.0,288,True,113.15,"[2064, 2064, 2064, 2048, 2048, 2048, 2048, 2048, 2048]","[2048, 2048, 2048, 2048, 2048, 2048, 2048]","[2048, 2048, 2048, 2048, 2048, 2048, 2048, 2048, 2048]",294
1142,7773,10,23,2023-03-17T17:54:32.013000+00:00,34.95,30.077,30.089,279.0,291,False,95.116,"[None, 2048, 2048, 2048, 2048, 2048, 2048, 2048, 2048]","[2048, 2048, 2048, 2048, 2048, 2048, 2048]","[2048, 2048, 2048, 2048, 2048, 2048, 2048, 2048, 2048]",296
1142,7773,20,20,2023-03-17T17:54:35.888000+00:00,35.785,30.729,31.332,276.0,294,False,97.846,"[None, 2048, 2048, 2048, 2048, 2048, 2048, 2048, 2048]","[2048, 2048, 2048, 2048, 2048, 2048, 2048]","[2048, 2048, 2048, 2048, 2048, 2048, 2048, 2048, 2048]",298
1142,7773,1,24,2023-03-17T17:54:37.373000+00:00,35.049,30.13,30.49,283.0,280,False,95.669,"[None, 2048, 2048, 2048, 2048, 2048, 2048, 2048, 2048]","[2048, 2048, 2048, 2048, 2048, 2048, 2048]","[2048, 2048, 2048, 2048, 2048, 2048, 2048, 2048, 2048]",326
1142,7773,23,22,2023-03-17T17:54:39.748000+00:00,35.405,30.076,30.333,286.0,306,False,95.814,"[None, 2048, 2048, 2048, 2048, 2048, 2048, 2048, 2048]","[2048, 2048, 2048, 2048, 2048, 2048, 2048]","[2048, 2048, 2048, 2048, 2048, 2048, 2048, 2048, 2048]",304
1142,7773,63,22,2023-03-17T17:54:41.951000+00:00,35.182,29.919,33.666,284.0,320,False,98.767,"[None, 2048, 2048, 2048, 2048, 2048, 2048, 2048, 2048]","[2048, 2048, 2048, 2048, 2048, 2048, 2048]","[2048, 2048, 2048, 2048, 2048, 2048, 2048, 2048]",225
1142,7773,81,21,2023-03-17T17:54:47.107000+00:00,35.041,30.036,30.301,281.0,297,False,95.378,"[None, 2048, 2048, 2048, 2048, 2048, 2048, 2048, 2048]","[2048, 2048, 2048, 2048, 2048, 2048, 2048]","[2048, 2048, 2048, 2048, 2048, 2048, 2048, 2048, 2048]",298
1142,7773,16,23,2023-03-17T17:54:52.482000+00:00,34.815,30.15,30.293,282.0,297,False,95.258,"[None, 2048, 2048, 2048, 2048, 2048, 2048, 2048, 2048]","[2048, 2048, 2048, 2048, 2048, 2048, 2048]","[2048, 2048, 2048, 2048, 2048, 2048, 2048, 2048, 2048]",305
1142,7773,2,25,2023-03-17T17:54:53.732000+00:00,35.71,30.332,30.274,,309,False,96.316,"[None, 2048, 2048, 2048, 2048, 2048, 2048, 2048, 2048]","[2048, 2048, 2048, 2048, 2048, 2048, 2048]","[2048, 2048, 2048, 2048, 2048, 2048, 2048, 2048]",307
1142,7773,77,25,2023-03-17T17:54:57.810000+00:00,35.335,30.515,30.657,276.0,290,False,96.507,"[None, 2048, 2048, 2048, 2048, 2048, 2048, 2048, 2048]","[2048, 2048, 2048, 2048, 2048, 2048, 2048]","[2048, 2048, 2048, 2048, 2048, 2048, 2048, 2048, 2048]",293
1142,7773,18,22,2023-03-17T17:55:08.029000+00:00,35.251,29.928,30.399,282.0,304,False,95.578,"[2048, 2048, 2048, 2048, 2048, 2048, 2048, 2048, 2048]","[2048, 2048, 2048, 2048, 2048, 2048, 2048]","[2048, 2048, 2048, 2048, 2048, 2048, 2048, 2048, 2048]",301
1142,7773,27,23,2023-03-17T17:55:10.997000+00:00,36.094,30.431,30.495,280.0,296,False,97.02,"[None, 2048, 2048, 2048, 2048, 2048, 2048, 2048, 2048]","[2048, 2048, 2048, 2048, 2048, 2048, 2048]","[2048, 2048, 2048, 2048, 2048, 2048, 2048, 2048]",302
1142,7773,14,22,2023-03-17T17:55:14.466000+00:00,35.363,29.823,30.052,,308,False,95.238,"[None, 2048, 2048, 2048, 2048, 2048, 2048, 2048, 2048]","[2048, 2048, 2048, 2048, 2048, 2048, 2048]","[2048, 2048, 2048, 2048, 2048, 2048, 2048, 2048, 2048]",306
1142,7773,21,25,2023-03-17T17:55:21.919000+00:00,35.517,30.515,30.721,275.0,295,False,96.753,"[None, 2048, 2048, 2048, 2048, 2048, 2048, 2048, 2048]","[2048, 2048, 2048, 2048, 2048, 2048, 2048]","[2048, 2048, 2048, 2048, 2048, 2048, 2048, 2048, 2048]",295
1142,7773,44,23,2023-03-17T17:55:25.075000+00:00,35.118,29.835,30.013,,307,False,94.966,"[None, 2048, 2048, 2048, 2048, 2048, 2048, 2048, 2048]","[2048, 2048, 2048, 2048, 2048, 2048, 2048]","[2048, 2048, 2048, 2048, 2048, 2048, 2048, 2048, 2048]",309
1142,7773,31,23,2023-03-17T17:55:30.294000+00:00,34.891,30.182,30.27,,294,False,95.343,"[None, 2048, 2048, 2048, 2048, 2048, 2048, 2048, 2048]","[2048, 2048, 2048, 2048, 2048, 2048, 2048]","[2048, 2048, 2048, 2048, 2048, 2048, 2048, 2048, 2048]",298
1142,7773,4,23,2023-03-17T17:55:36.716000+00:00,35.156,30.212,30.385,280.0,294,False,95.753,"[2048, 2048, 2048, 2048, 2048, 2048, 2048, 2048, 2048]","[2048, 2048, 2048, 2048, 2048, 2048, 2048]","[2048, 2048, 2048, 2048, 2048, 2048, 2048, 2048, 2048]",296
1142,7773,24,23,2023-03-17T17:55:38.935000+00:00,35.464,30.401,30.6,280.0,293,False,96.465,"[None, 2048, 2048, 2048, 2048, 2048, 2048, 2048, 2048]","[2048, 2048, 2048, 2048, 2048, 2048, 2048]","[2048, 2048, 2048, 2048, 2048, 2048, 2048, 2048, 2048]",298
1142,7773,22,26,2023-03-17T17:55:49.372000+00:00,35.134,30.646,30.42,281.0,296,False,96.2,"[None, 2048, 2048, 2048, 2048, 2048, 2048, 2048, 2048]","[2048, 2048, 2048, 2048, 2048, 2048, 2048]","[2048, 2048, 2048, 2048, 2048, 2048, 2048, 2048, 2048]",304
1142,7773,11,22,2023-03-17T17:55:53.622000+00:00,34.799,29.986,29.923,282.0,295,False,94.708,"[None, 2048, 2048, 2048, 2048, 2048, 2048, 2048, 2048]","[2048, 2048, 2048, 2048, 2048, 2048, 2048]","[2048, 2048, 2048, 2048, 2048, 2048, 2048, 2048, 2048]",311
1142,7773,55,25,2023-03-17T17:56:02.294000+00:00,34.655,29.891,30.172,279.0,290,False,94.718,"[2048, 2048, 2048, 2048, 2048, 2048, 2048, 2048, 2048]","[2048, 2048, 2048, 2048, 2048, 2048, 2048]","[2048, 2048, 2048, 2048, 2048, 2048, 2048, 2048, 2048]",296
1142,7773,10,24,2023-03-17T17:56:07.184000+00:00,34.791,30.069,29.957,277.0,292,False,94.817,"[None, 2048, 2048, 2048, 2048, 2048, 2048, 2048, 2048]","[2048, 2048, 2048, 2048, 2048, 2048, 2048]","[2048, 2048, 2048, 2048, 2048, 2048, 2048, 2048]",304
1142,7773,1,25,2023-03-17T17:56:13.059000+00:00,34.989,30.057,30.159,284.0,301,False,95.205,"[None, 2048, 2048, 2048, 2048, 2048, 2048, 2048, 2048]","[2048, 2048, 2048, 2048, 2048, 2048, 2048]","[2048, 2048, 2048, 2048, 2048, 2048, 2048, 2048, 2048]",311
1142,7773,20,21,2023-03-17T17:56:13.731000+00:00,36.276,30.854,33.312,,296,False,100.442,"[None, 2048, 2048, 2048, 2048, 2048, 2048, 2048, 2048]","[2048, 2048, 2048, 2048, 2048, 2048, 2048]","[2048, 2048, 2048, 2048, 2048, 2048, 2048, 2048, 2048]",302
1142,7773,23,23,2023-03-17T17:56:15.590000+00:00,35.46,30.185,30.347,285.0,310,False,95.992,"[None, 2048, 2048, 2048, 2048, 2048, 2048, 2048, 2048]","[2048, 2048, 2048, 2048, 2048, 2048, 2048]","[2048, 2048, 2048, 2048, 2048, 2048, 2048, 2048, 2048]",324
1142,7773,63,23,2023-03-17T17:56:20.731000+00:00,35.194,29.977,30.299,,304,False,95.47,"[None, 2048, 2048, 2048, 2048, 2048, 2048, 2048, 2048]","[2048, 2048, 2048, 2048, 2048, 2048, 2048]","[2048, 2048, 2048, 2048, 2048, 2048, 2048, 2048, 2048]",305
1142,7773,81,22,2023-03-17T17:56:22.497000+00:00,35.11,30.089,30.546,282.0,296,False,95.745,"[None, 2048, 2048, 2048, 2048, 2048, 2048, 2048, 2048]","[2048, 2048, 2048, 2048, 2048, 2048, 2048]","[2048, 2048, 2048, 2048, 2048, 2048, 2048, 2048, 2048]",298
1142,7773,16,24,2023-03-17T17:56:27.778000+00:00,34.988,30.118,30.284,281.0,296,False,95.39,"[None, 2048, 2048, 2048, 2048, 2048, 2048, 2048, 2048]","[2048, 2048, 2048, 2048, 2048, 2048, 2048]","[2048, 2048, 2048, 2048, 2048, 2048, 2048, 2048]",302
1142,7773,2,26,2023-03-17T17:56:30.028000+00:00,35.444,30.335,30.311,283.0,304,False,96.09,"[None, 2048, 2048, 2048, 2048, 2048, 2048, 2048, 2048]","[2048, 2048, 2048, 2048, 2048, 2048, 2048]","[2048, 2048, 2048, 2048, 2048, 2048, 2048, 2048, 2048]",305
1142,7773,77,26,2023-03-17T17:56:34.309000+00:00,35.484,30.573,30.829,274.0,288,False,96.886,"[None, 2048, 2048, 2048, 2048, 2048, 2048, 2048, 2048]","[2048, 2048, 2048, 2048, 2048, 2048, 2048]","[2048, 2048, 2048, 2048, 2048, 2048, 2048, 2048, 2048]",291
1142,7773,18,23,2023-03-17T17:56:43.606000+00:00,35.328,30.061,30.504,281.0,306,False,95.893,"[None, 2048, 2048, 2048, 2048, 2048, 2048, 2048, 2048]","[2048, 2048, 2048, 2048, 2048, 2048, 2048]","[2048, 2048, 2048, 2048, 2048, 2048, 2048, 2048]",294
1142,7773,27,24,2023-03-17T17:56:48.059000+00:00,35.678,30.495,30.607,,295,False,96.78,"[None, 2048, 2048, 2048, 2048, 2048, 2048, 2048, 2048]","[2048, 2048, 2048, 2048, 2048, 2048, 2048]","[2048, 2048, 2048, 2048, 2048, 2048, 2048, 2048]",300
1142,7773,14,23,2023-03-17T17:56:49.684000+00:00,35.292,29.847,30.286,284.0,320,False,95.425,"[None, 2048, 2048, 2048, 2048, 2048, 2048, 2048, 2048]","[2048, 2048, 2048, 2048, 2048, 2048, 2048]","[2048, 2048, 2048, 2048, 2048, 2048, 2048, 2048]",316
1142,7773,21,26,2023-03-17T17:56:58.668000+00:00,35.636,30.748,30.863,,292,False,97.247,"[None, 2048, 2048, 2048, 2048, 2048, 2048, 2048, 2048]","[2048, 2048, 2048, 2048, 2048, 2048, 2048]","[2048, 2048, 2048, 2048, 2048, 2048, 2048, 2048]",293
1142,7773,44,24,2023-03-17T17:56:59.949000+00:00,35.572,30.162,30.421,283.0,305,False,96.155,"[None, 2048, 2048, 2048, 2048, 2048, 2048, 2048, 2048]","[2048, 2048, 2048, 2048, 2048, 2048, 2048]","[2048, 2048, 2048, 2048, 2048, 2048, 2048, 2048, 2048]",306
1142,7773,31,24,2023-03-17T17:57:05.637000+00:00,34.83,30.109,30.249,,294,False,95.188,"[None, 2048, 2048, 2048, 2048, 2048, 2048, 2048, 2048]","[2048, 2048, 2048, 2048, 2048, 2048, 2048]","[2048, 2048, 2048, 2048, 2048, 2048, 2048, 2048]",300
1142,7773,4,24,2023-03-17T17:57:12.449000+00:00,34.858,30.189,30.349,279.0,294,False,95.396,"[None, 2048, 2048, 2048, 2048, 2048, 2048, 2048, 2048]","[2048, 2048, 2048, 2048, 2048, 2048, 2048]","[2048, 2048, 2048, 2048, 2048, 2048, 2048, 2048, 2048]",291
1142,7773,24,24,2023-03-17T17:57:15.402000+00:00,35.427,30.421,30.775,279.0,290,False,96.623,"[None, 2048, 2048, 2048, 2048, 2048, 2048, 2048, 2048]","[2048, 2048, 2048, 2048, 2048, 2048, 2048]","[2048, 2048, 2048, 2048, 2048, 2048, 2048, 2048, 2048]",293
1142,7773,22,27,2023-03-17T17:57:25.543000+00:00,35.191,30.57,30.459,,297,False,96.22,"[None, 2048, 2048, 2048, 2048, 2048, 2048, 2048, 2048]","[2048, 2048, 2048, 2048, 2048, 2048, 2048]","[2048, 2048, 2048, 2048, 2048, 2048, 2048, 2048, 2048]",302
1142,7773,11,23,2023-03-17T17:57:28.340000+00:00,34.847,29.864,29.937,286.0,306,False,94.648,"[None, 2048, 2048, 2048, 2048, 2048, 2048, 2048, 2048]","[2048, 2048, 2048, 2048, 2048, 2048, 2048]","[2048, 2048, 2048, 2048, 2048, 2048, 2048, 2048, 2048]",311
1142,7773,55,26,2023-03-17T17:57:37.027000+00:00,34.717,30.065,30.376,278.0,289,False,95.158,"[None, 2048, 2048, 2048, 2048, 2048, 2048, 2048, 2048]","[2048, 2048, 2048, 2048, 2048, 2048, 2048]","[2048, 2048, 2048, 2048, 2048, 2048, 2048, 2048, 2048]",293
1142,7773,10,25,2023-03-17T17:57:41.964000+00:00,35.056,30.18,30.309,,291,False,95.545,"[None, 2048, 2048, 2048, 2048, 2048, 2048, 2048, 2048]","[2048, 2048, 2048, 2048, 2048, 2048, 2048]","[2048, 2048, 2048, 2048, 2048, 2048, 2048, 2048, 2048]",301
1142,7773,1,26,2023-03-17T17:57:48.246000+00:00,34.892,30.028,30.104,,301,False,95.024,"[None, 2048, 2048, 2048, 2048, 2048, 2048, 2048, 2048]","[2048, 2048, 2048, 2048, 2048, 2048, 2048]","[2048, 2048, 2048, 2048, 2048, 2048, 2048, 2048, 2048]",309
1142,7773,23,24,2023-03-17T17:57:51.574000+00:00,35.43,29.985,30.263,,307,False,95.678,"[None, 2048, 2048, 2048, 2048, 2048, 2048, 2048, 2048]","[2048, 2048, 2048, 2048, 2048, 2048, 2048]","[2048, 2048, 2048, 2048, 2048, 2048, 2048, 2048, 2048]",304
1142,7773,20,22,2023-03-17T17:57:54.199000+00:00,36.015,30.72,30.808,277.0,295,False,97.543,"[None, 2048, 2048, 2048, 2048, 2048, 2048, 2048, 2048]","[2048, 2048, 2048, 2048, 2048, 2048, 2048]","[2048, 2048, 2048, 2048, 2048, 2048, 2048, 2048, 2048]",299
1142,7773,63,24,2023-03-17T17:57:56.214000+00:00,35.525,30.001,30.196,,321,False,95.722,"[None, 2048, 2048, 2048, 2048, 2048, 2048, 2048, 2048]","[2048, 2048, 2048, 2048, 2048, 2048, 2048]","[2048, 2048, 2048, 2048, 2048, 2048, 2048, 2048, 2048]",327
1142,7773,81,23,2023-03-17T17:57:58.230000+00:00,35.285,30.151,30.249,281.0,294,False,95.685,"[None, 2048, 2048, 2048, 2048, 2048, 2048, 2048, 2048]","[2048, 2048, 2048, 2048, 2048, 2048, 2048]","[2048, 2048, 2048, 2048, 2048, 2048, 2048, 2048, 2048]",297
1142,7773,16,25,2023-03-17T17:58:03.152000+00:00,35.074,30.215,30.438,282.0,294,False,95.727,"[None, 2048, 2048, 2048, 2048, 2048, 2048, 2048, 2048]","[2048, 2048, 2048, 2048, 2048, 2048, 2048]","[2048, 2048, 2048, 2048, 2048, 2048, 2048, 2048]",301
1142,7773,2,27,2023-03-17T17:58:06.120000+00:00,35.522,30.196,30.188,284.0,308,False,95.906,"[None, 2048, 2048, 2048, 2048, 2048, 2048, 2048, 2048]","[2048, 2048, 2048, 2048, 2048, 2048, 2048]","[2048, 2048, 2048, 2048, 2048, 2048, 2048, 2048, 2048]",304
1142,7773,77,27,2023-03-17T17:58:11.198000+00:00,35.478,30.593,30.775,273.0,287,False,96.846,"[None, 2048, 2048, 2048, 2048, 2048, 2048, 2048, 2048]","[2048, 2048, 2048, 2048, 2048, 2048, 2048]","[2048, 2048, 2048, 2048, 2048, 2048, 2048, 2048, 2048]",290
1142,7773,18,24,2023-03-17T17:58:19.542000+00:00,35.33,30.112,30.45,280.0,307,False,95.892,"[None, 2048, 2048, 2048, 2048, 2048, 2048, 2048, 2048]","[2048, 2048, 2048, 2048, 2048, 2048, 2048]","[2048, 2048, 2048, 2048, 2048, 2048, 2048, 2048, 2048]",305
1142,7773,27,25,2023-03-17T17:58:24.886000+00:00,36.657,30.771,33.27,278.0,295,False,100.698,"[None, 2048, 2048, 2048, 2048, 2048, 2048, 2048, 2048]","[2048, 2048, 2048, 2048, 2048, 2048, 2048]","[2048, 2048, 2048, 2048, 2048, 2048, 2048, 2048, 2048]",300
1142,7773,14,24,2023-03-17T17:58:25.120000+00:00,35.094,29.811,35.035,283.0,306,False,99.94,"[2049, 2048, 2048, 2048, 2048, 2048, 2048, 2048, 2048]","[2048, 2048, 2048, 2048, 2048, 2048, 2048]","[2048, 2048, 2048, 2048, 2048, 2048, 2048, 2048, 2048]",220
1142,7773,21,27,2023-03-17T17:58:35.917000+00:00,36.69,30.818,31.211,278.0,296,False,98.719,"[None, 2048, 2048, 2048, 2048, 2048, 2048, 2048, 2048]","[2048, 2048, 2048, 2048, 2048, 2048, 2048]","[2048, 2048, 2048, 2048, 2048, 2048, 2048, 2048, 2048]",299
1142,7773,44,25,2023-03-17T17:58:36.104000+00:00,35.066,29.813,30.112,284.0,305,False,94.991,"[2049, 2048, 2048, 2048, 2048, 2048, 2048, 2048, 2048]","[2048, 2048, 2048, 2048, 2048, 2048, 2048]","[2048, 2048, 2048, 2048, 2048, 2048, 2048, 2048, 2048]",305
1142,7773,31,25,2023-03-17T17:58:40.839000+00:00,34.981,30.163,30.539,280.0,296,False,95.683,"[None, 2048, 2048, 2048, 2048, 2048, 2048, 2048, 2048]","[2048, 2048, 2048, 2048, 2048, 2048, 2048]","[2048, 2048, 2048, 2048, 2048, 2048, 2048, 2048, 2048]",301
1142,7773,4,25,2023-03-17T17:58:47.870000+00:00,34.838,30.103,30.275,281.0,293,False,95.216,"[None, 2048, 2048, 2048, 2048, 2048, 2048, 2048, 2048]","[2048, 2048, 2048, 2048, 2048, 2048, 2048]","[2048, 2048, 2048, 2048, 2048, 2048, 2048, 2048]",291
1142,7773,24,25,2023-03-17T17:58:52.010000+00:00,35.444,30.627,30.58,277.0,288,False,96.651,"[None, 2048, 2048, 2048, 2048, 2048, 2048, 2048, 2048]","[2048, 2048, 2048, 2048, 2048, 2048, 2048]","[2048, 2048, 2048, 2048, 2048, 2048, 2048, 2048, 2048]",301
1142,7773,22,28,2023-03-17T17:59:01.792000+00:00,35.192,30.511,30.312,280.0,296,False,96.015,"[None, 2048, 2048, 2048, 2048, 2048, 2048, 2048, 2048]","[2048, 2048, 2048, 2048, 2048, 2048, 2048]","[2048, 2048, 2048, 2048, 2048, 2048, 2048, 2048, 2048]",303
1142,7773,11,24,2023-03-17T17:59:02.979000+00:00,35.059,29.948,30.177,288.0,326,False,95.184,"[None, 2048, 2048, 2048, 2048, 2048, 2048, 2048, 2048]","[2048, 2048, 2048, 2048, 2048, 2048, 2049]","[2048, 2048, 2048, 2048, 2048, 2048, 2048, 2048, 2048]",330
1142,7773,55,27,2023-03-17T17:59:12.104000+00:00,35.657,30.009,30.226,,293,False,95.892,"[None, 2048, 2048, 2048, 2048, 2048, 2048, 2048, 2048]","[2048, 2048, 2048, 2048, 2048, 2048, 2048]","[2048, 2048, 2048, 2048, 2048, 2048, 2048, 2048, 2048]",299
1142,7773,10,26,2023-03-17T17:59:17.510000+00:00,35.141,30.182,30.117,,291,False,95.44,"[None, 2048, 2048, 2048, 2048, 2048, 2048, 2048, 2048]","[2048, 2048, 2048, 2048, 2048, 2048, 2048]","[2048, 2048, 2048, 2048, 2048, 2048, 2048, 2048, 2048]",300
1142,7773,1,27,2023-03-17T17:59:23.276000+00:00,34.895,30.125,30.192,285.0,299,False,95.212,"[None, 2048, 2048, 2048, 2048, 2048, 2048, 2048, 2048]","[2048, 2048, 2048, 2048, 2048, 2048, 2048]","[2048, 2048, 2048, 2048, 2048, 2048, 2048, 2048, 2048]",310
1142,7773,23,25,2023-03-17T17:59:27.229000+00:00,35.276,30.156,30.378,,305,False,95.81,"[None, 2048, 2048, 2048, 2048, 2048, 2048, 2048, 2048]","[2048, 2048, 2048, 2048, 2048, 2048, 2048]","[2048, 2048, 2048, 2048, 2048, 2048, 2048, 2048, 2048]",304
1142,7773,20,23,2023-03-17T17:59:31.760000+00:00,37.111,32.233,31.495,276.0,294,False,100.839,"[None, 2048, 2048, 2048, 2048, 2048, 2048, 2048, 2048]","[2048, 2048, 2048, 2048, 2048, 2048, 2048]","[2048, 2048, 2048, 2048, 2048, 2048, 2048, 2048, 2048]",300
1142,7773,63,25,2023-03-17T17:59:31.932000+00:00,35.194,29.988,30.468,,303,False,95.65,"[None, 2048, 2048, 2048, 2048, 2048, 2048, 2048, 2048]","[2048, 2048, 2048, 2048, 2048, 2048, 2048]","[2048, 2048, 2048, 2048, 2048, 2048, 2048, 2048, 2048]",303
1142,7773,81,24,2023-03-17T17:59:33.932000+00:00,35.309,30.482,30.368,283.0,298,False,96.159,"[None, 2048, 2048, 2048, 2048, 2048, 2048, 2048, 2048]","[2048, 2048, 2048, 2048, 2048, 2048, 2048]","[2048, 2048, 2048, 2048, 2048, 2048, 2048, 2048]",295
1142,7773,16,26,2023-03-17T17:59:38.854000+00:00,35.25,30.324,30.534,281.0,293,False,96.108,"[None, 2048, 2048, 2048, 2048, 2048, 2048, 2048, 2048]","[2048, 2048, 2048, 2048, 2048, 2048, 2048]","[2048, 2048, 2048, 2048, 2048, 2048, 2048, 2048]",299
1142,7773,2,28,2023-03-17T17:59:42.041000+00:00,35.484,30.185,30.243,,309,False,95.912,"[None, 2048, 2048, 2048, 2048, 2048, 2048, 2048, 2048]","[2048, 2048, 2048, 2048, 2048, 2048, 2048]","[2048, 2048, 2048, 2048, 2048, 2048, 2048, 2048, 2048]",306
1142,7773,77,28,2023-03-17T17:59:48.025000+00:00,35.476,30.736,30.732,275.0,286,False,96.944,"[None, 2048, 2048, 2048, 2048, 2048, 2048, 2048, 2048]","[2048, 2048, 2048, 2048, 2048, 2048, 2048]","[2048, 2048, 2048, 2048, 2048, 2048, 2048, 2048, 2048]",289
1142,7773,18,25,2023-03-17T17:59:55.400000+00:00,35.611,30.341,31.076,,307,False,97.028,"[None, 2048, 2048, 2048, 2048, 2048, 2048, 2048, 2048]","[2048, 2048, 2048, 2048, 2048, 2048, 2048]","[2048, 2048, 2048, 2048, 2048, 2048, 2048, 2048]",301
1142,7773,14,25,2023-03-17T18:00:05.041000+00:00,45.469,38.105,51.609,236.0,191,False,135.183,"[2048, 2048, 2048, 2048, 2048, 2048, 2048, 2048, 2048]","[2048, 2048, 2048, 2048, 2048, 2048, 2048]","[2048, 2048, 2048, 2048, 2048, 2048, 2048, 2048]",180
1142,7773,27,26,2023-03-17T18:00:05.541000+00:00,40.098,34.985,45.718,250.0,233,False,120.801,"[None, 2048, 2048, 2048, 2048, 2048, 2048, 2048, 2048]","[2048, 2048, 2048, 2048, 2048, 2048, 2048]","[2048, 2048, 2048, 2048, 2048, 2048, 2048, 2048]",241
1142,7773,44,26,2023-03-17T18:00:11.135000+00:00,49.113,40.651,49.742,190.0,211,False,139.506,"[2048, 2048, 2048, 2048, 2048, 2048, 2048, 2048, 2048]","[2048, 2048, 2048, 2048, 2048, 2048, 2048]","[2048, 2048, 2048, 2048, 2048, 2048, 2048, 2048, 2048]",208
1142,7773,21,28,2023-03-17T18:00:14.650000+00:00,46.871,42.115,52.154,202.0,215,False,141.14,"[None, 2048, 2048, 2048, 2048, 2048, 2048, 2048, 2048]","[2048, 2048, 2048, 2048, 2048, 2048, 2048]","[2048, 2048, 2048, 2048, 2048, 2048, 2048, 2048, 2048]",168
1142,7773,31,26,2023-03-17T18:00:16.494000+00:00,48.689,41.24,57.031,199.0,189,False,146.96,"[None, 2048, 2048, 2048, 2048, 2048, 2048, 2048, 2048]","[2048, 2048, 2048, 2048, 2048, 2048, 2048]","[2048, 2048, 2048, 2048, 2048, 2048, 2048, 2048, 2048]",132
1142,7773,4,26,2023-03-17T18:00:23.072000+00:00,42.702,38.334,54.444,241.0,216,False,135.48,"[None, 2048, 2048, 2048, 2048, 2048, 2048, 2048, 2048]","[2048, 2048, 2048, 2048, 2048, 2048, 2048]","[2048, 2048, 2048, 2048, 2048, 2048, 2048, 2048, 2048]",134
1142,7773,24,26,2023-03-17T18:00:28.650000+00:00,47.546,43.356,55.458,206.0,105,False,146.36,"[None, 2048, 2048, 2048, 2048, 2048, 2048, 2048, 2048]","[2048, 2048, 2048, 2048, 2048, 2048, 2048]","[2048, 2048, 2048, 2048, 2048, 2048, 2048, 2048]",172
1142,7773,22,29,2023-03-17T18:00:37.775000+00:00,40.564,43.447,55.681,249.0,120,False,139.692,"[None, 2048, 2048, 2048, 2048, 2048, 2048, 2048, 2048]","[2048, 2048, 2048, 2048, 2048, 2048, 2048]","[2048, 2048, 2048, 2048, 2048, 2048, 2048, 2048, 2048]",181
1142,7773,11,25,2023-03-17T18:00:38.150000+00:00,54.547,54.954,71.305,173.0,134,False,180.806,"[None, 2048, 2048, 2048, 2048, 2048, 2048, 2048, 2048]","[2048, 2048, 2048, 2048, 2048, 2048, 2048]","[2048, 2048, 2048, 2048, 2048, 2048, 2048, 2048, 2048]",113
1142,7773,55,28,2023-03-17T18:00:48.025000+00:00,40.763,51.501,50.652,218.0,175,False,142.916,"[None, 2048, 2048, 2048, 2048, 2048, 2048, 2048, 2048]","[2048, 2048, 2048, 2048, 2048, 2048, 2048]","[2048, 2048, 2048, 2048, 2048, 2048, 2048, 2048, 2048]",246
1142,7773,10,27,2023-03-17T18:00:52.947000+00:00,45.18,53.961,73.9,235.0,135,False,173.041,"[None, 2048, 2048, 2048, 2048, 2048, 2048, 2048, 2048]","[2048, 2048, 2048, 2048, 2048, 2048, 2048]","[2048, 2048, 2048, 2048, 2048, 2048, 2048, 2048, 2048]",103
1142,7773,1,28,2023-03-17T18:00:58.478000+00:00,48.017,46.544,76.345,157.0,133,False,170.906,"[None, 2048, 2048, 2048, 2048, 2048, 2048, 2048, 2048]","[2048, 2048, 2048, 2048, 2048, 2048, 2048]","[2048, 2048, 2048, 2048, 2048, 2048, 2048, 2048]",107
1142,7773,23,26,2023-03-17T18:01:03.056000+00:00,45.057,46.643,76.255,177.0,150,False,167.955,"[None, 2048, 2048, 2048, 2048, 2048, 2048, 2048, 2048]","[2048, 2048, 2048, 2048, 2048, 2048, 2048]","[2048, 2048, 2048, 2048, 2048, 2048, 2048, 2048, 2048]",104
1142,7773,63,26,2023-03-17T18:01:07.587000+00:00,53.013,42.573,71.719,170.0,176,False,167.305,"[None, 2048, 2048, 2048, 2048, 2048, 2048, 2048, 2048]","[2048, 2048, 2048, 2048, 2048, 2048, 2048]","[2048, 2048, 2048, 2048, 2048, 2048, 2048, 2048, 2048]",108
1142,7773,81,25,2023-03-17T18:01:10.087000+00:00,51.36,43.521,71.744,220.0,147,False,166.625,"[None, 2048, 2048, 2048, 2048, 2048, 2048, 2048, 2048]","[2048, 2048, 2048, 2048, 2048, 2048, 2048]","[2048, 2048, 2048, 2048, 2048, 2048, 2048, 2048]",104
1142,7773,20,24,2023-03-17T18:01:12.556000+00:00,50.104,43.269,72.692,219.0,151,False,166.065,"[None, 2048, 2048, 2048, 2048, 2048, 2048, 2048, 2048]","[2048, 2048, 2048, 2048, 2048, 2048, 2048]","[2048, 2048, 2048, 2048, 2048, 2048, 2048, 2048, 2048]",105
1142,7773,16,27,2023-03-17T18:01:14.978000+00:00,54.092,43.292,70.323,241.0,170,False,167.707,"[None, 2048, 2048, 2048, 2048, 2048, 2048, 2048, 2048]","[2048, 2048, 2048, 2048, 2048, 2048, 2048]","[2048, 2048, 2048, 2048, 2048, 2048, 2048, 2048, 2048]",164
1142,7773,2,29,2023-03-17T18:01:17.978000+00:00,53.051,42.88,72.005,257.0,162,False,167.936,"[None, 2048, 2048, 2048, 2048, 2048, 2048, 2048, 2048]","[2048, 2048, 2048, 2048, 2048, 2048, 2048]","[2048, 2048, 2048, 2048, 2048, 2048, 2048, 2048, 2048]",179
1142,7773,77,29,2023-03-17T18:01:25.009000+00:00,49.068,42.678,70.529,205.0,161,False,162.275,"[None, 2048, 2048, 2048, 2048, 2048, 2048, 2048, 2048]","[2048, 2048, 2048, 2048, 2048, 2048, 2048]","[2048, 2048, 2048, 2048, 2048, 2048, 2048, 2048, 2048]",163
1142,7773,18,26,2023-03-17T18:01:32.415000+00:00,48.386,41.397,66.32,253.0,251,False,156.103,"[None, 2048, 2048, 2048, 2048, 2048, 2048, 2048, 2048]","[2048, 2048, 2048, 2048, 2048, 2048, 2048]","[2048, 2048, 2048, 2048, 2048, 2048, 2048, 2048, 2048]",180
1142,7773,27,27,2023-03-17T18:02:06.368000+00:00,80.506,43.776,40.104,161.0,193,False,164.386,"[None, 2048, 2048, 2048, 2048, 2048, 2048, 2048, 2048]","[2048, 2048, 2048, 2048, 2048, 2048, 2048]","[2048, 2048, 2048, 2048, 2048, 2048, 2048, 2048, 2064]",214
1142,7773,14,26,2023-03-17T18:02:20.242000+00:00,77.969,42.64,37.808,142.0,222,False,158.417,"[None, 2048, 2048, 2048, 2048, 2048, 2048, 2048, 2048]","[2048, 2048, 2048, 2048, 2048, 2048, 2048]","[2048, 2048, 2048, 2048, 2048, 2048, 2048, 2048, 2064]",220
1142,7773,44,27,2023-03-17T18:02:30.570000+00:00,77.983,35.411,41.6,222.0,296,False,154.994,"[None, 2048, 2048, 2048, 2048, 2048, 2048, 2048, 2048]","[2048, 2048, 2048, 2048, 2048, 2048, 2048]","[2048, 2048, 2048, 2048, 2048, 2048, 2048, 2048, 2064]",172
1142,7773,21,29,2023-03-17T18:02:35.836000+00:00,79.616,43.049,36.855,157.0,271,False,159.52,"[None, 2048, 2048, 2048, 2048, 2048, 2048, 2048, 2048]","[2048, 2048, 2048, 2048, 2048, 2048, 2048]","[2048, 2048, 2048, 2048, 2048, 2048, 2048, 2048, 2064]",280
1142,7773,4,27,2023-03-17T18:02:38.539000+00:00,75.422,37.604,35.587,214.0,254,False,148.613,"[None, 2048, 2048, 2048, 2048, 2048, 2048, 2048, 2048]","[2048, 2048, 2048, 2048, 2048, 2048, 2048]","[2048, 2048, 2048, 2048, 2048, 2048, 2048, 2048, 2064]",245
1142,7773,31,27,2023-03-17T18:02:43.461000+00:00,75.596,41.592,38.458,201.0,217,False,155.646,"[None, 2048, 2048, 2048, 2048, 2048, 2048, 2048, 2048]","[2048, 2048, 2048, 2048, 2048, 2048, 2048]","[2048, 2048, 2048, 2048, 2048, 2048, 2048, 2048, 2064]",219
1142,7773,24,27,2023-03-17T18:02:55.039000+00:00,68.191,39.557,40.732,233.0,273,False,148.48,"[None, 2048, 2048, 2048, 2048, 2048, 2048, 2048, 2048]","[2048, 2048, 2048, 2048, 2048, 2048, 2048]","[2048, 2048, 2048, 2048, 2048, 2048, 2048, 2048, 2064]",202
1142,7773,22,30,2023-03-17T18:02:57.445000+00:00,71.022,41.808,42.447,222.0,216,False,155.277,"[None, 2048, 2048, 2048, 2048, 2048, 2048, 2048, 2048]","[2048, 2048, 2048, 2048, 2048, 2048, 2048]","[2048, 2048, 2048, 2048, 2048, 2048, 2048, 2048, 2064]",231
1142,7773,55,29,2023-03-17T18:03:10.898000+00:00,76.922,48.044,45.489,129.0,186,False,170.455,"[None, 2048, 2048, 2048, 2048, 2048, 2048, 2048, 2048]","[2048, 2048, 2048, 2048, 2048, 2048, 2048]","[2048, 2048, 2048, 2048, 2048, 2048, 2048, 2048, 2064]",227
1142,7773,11,26,2023-03-17T18:03:38.992000+00:00,69.809,42.691,43.123,234.0,192,False,155.623,"[None, 2048, 2048, 2048, 2048, 2048, 2048, 2048, 2048]","[2048, 2048, 2048, 2048, 2048, 2048, 2048]","[2048, 2048, 2048, 2048, 2048, 2048, 2048, 2048, 2064]",243
1142,7773,10,28,2023-03-17T18:03:45.992000+00:00,81.427,46.822,40.587,191.0,187,False,168.836,"[None, 2048, 2048, 2048, 2048, 2048, 2048, 2048, 2048]","[2048, 2048, 2048, 2048, 2048, 2048, 2048]","[2048, 2048, 2048, 2048, 2048, 2048, 2048, 2048, 2064]",235
1142,7773,1,29,2023-03-17T18:03:49.366000+00:00,83.295,43.357,43.413,182.0,177,False,170.065,"[None, 2048, 2048, 2048, 2048, 2048, 2048, 2048, 2048]","[2048, 2048, 2048, 2048, 2048, 2048, 2048]","[2048, 2048, 2048, 2048, 2048, 2048, 2048, 2048, 2064]",184
1142,7773,23,27,2023-03-17T18:03:50.991000+00:00,77.555,46.633,41.062,205.0,193,False,165.25,"[None, 2048, 2048, 2048, 2048, 2048, 2048, 2048, 2048]","[2048, 2048, 2048, 2048, 2048, 2048, 2048]","[2048, 2048, 2048, 2048, 2048, 2048, 2048, 2048, 2064]",258
1142,7773,63,27,2023-03-17T18:03:54.882000+00:00,80.833,44.655,45.888,177.0,122,False,171.376,"[None, 2048, 2048, 2048, 2048, 2048, 2048, 2048, 2048]","[2048, 2048, 2048, 2048, 2048, 2048, 2048]","[2048, 2048, 2048, 2048, 2048, 2048, 2048, 2048, 2064]",205
1142,7773,81,26,2023-03-17T18:03:56.663000+00:00,77.082,43.829,45.5,160.0,182,False,166.411,"[None, 2048, 2048, 2048, 2048, 2048, 2048, 2048, 2048]","[2048, 2048, 2048, 2048, 2048, 2048, 2048]","[2048, 2048, 2048, 2048, 2048, 2048, 2048, 2048, 2064]",194
1142,7773,20,25,2023-03-17T18:03:58.663000+00:00,78.236,44.376,47.914,152.0,128,False,170.526,"[None, 2048, 2048, 2048, 2048, 2048, 2048, 2048, 2048]","[2048, 2048, 2048, 2048, 2048, 2048, 2048]","[2048, 2048, 2048, 2048, 2048, 2048, 2048, 2048, 2064]",187
1142,7773,16,28,2023-03-17T18:04:02.679000+00:00,76.71,43.929,48.822,200.0,170,False,169.461,"[None, 2048, 2048, 2048, 2048, 2048, 2048, 2048, 2048]","[2048, 2048, 2048, 2048, 2048, 2048, 2048]","[2048, 2048, 2048, 2048, 2048, 2048, 2048, 2048, 2064]",153
1142,7773,2,30,2023-03-17T18:04:05.835000+00:00,77.086,44.267,47.377,214.0,255,False,168.73,"[None, 2048, 2048, 2048, 2048, 2048, 2048, 2048, 2048]","[2048, 2048, 2048, 2048, 2048, 2048, 2048]","[2048, 2048, 2048, 2048, 2048, 2048, 2048, 2048, 2064]",274
1142,7773,77,30,2023-03-17T18:04:07.288000+00:00,76.933,46.942,44.963,223.0,217,False,168.838,"[None, 2048, 2048, 2048, 2048, 2048, 2048, 2048, 2048]","[2048, 2048, 2048, 2048, 2048, 2048, 2048]","[2048, 2048, 2048, 2048, 2048, 2048, 2048, 2048, 2064]",248
1142,7773,18,27,2023-03-17T18:04:08.569000+00:00,82.082,42.387,47.538,259.0,182,False,172.007,"[None, 2048, 2048, 2048, 2048, 2048, 2048, 2048, 2048]","[2048, 2048, 2048, 2048, 2048, 2048, 2048]","[2048, 2048, 2048, 2048, 2048, 2048, 2048, 2048, 2064]",203
