meeting_key,session_key,driver_number,lap_number,date_start,duration_sector_1,duration_sector_2,duration_sector_3,i1_speed,i2_speed,is_pit_out_lap,lap_duration,segments_sector_1,segments_sector_2,segments_sector_3,st_speed
1208,9071,14,1,,,46.207,33.888,200.0,167.0,True,,"[2064, 2064, 2064, 2051, 2049, 2049, 2049, 2049, 2049]","[2051, 2049, 2049, 2049, 2049, 2049, 2049, 2049, 2049]","[2049, 2049, 2049, 2049, 2049, 2049]",206.0
1208,9071,77,1,,,43.37,38.547,190.0,158.0,True,,"[2064, 2064, 2064, 2049, 2049, 2049, 2049, 2049, 2049]","[2049, 2049, 2049, 2049, 2049, 2049, 2049, 2049, 2049]","[2049, 2049, 2049, 2049, 2049, 2049, 2064]",243.0
1208,9071,20,1,,,39.838,28.038,199.0,164.0,True,,"[2064, 2064, 2064, 2049, 2051, 2049, 2049, 2049, 2049]","[2049, 2049, 2049, 2049, 2049, 2049, 2049, 2049, 2051]","[2049, 2049, 2049, 2051, 2051, 2051, 2051]",302.0
1208,9071,18,1,2023-05-05T18:00:12.627000+00:00,,39.321,28.446,183.0,170.0,True,,"[2064, 2064, 2064, 2049, 2049, 2049, 2049, 2049, 2049]","[2049, 2049, 2049, 2051, 2049, 2051, 2049, 2051, 2049]","[2051, 2049, 2051, 2049, 2049, 2049, 2051]",263.0
1208,9071,27,1,2023-05-05T18:00:15.206000+00:00,,41.527,32.362,190.0,158.0,True,,"[2064, 2064, 2064, 2049, 2049, 2049, 2049, 2049, 2049]","[2049, 2049, 2049, 2049, 2049, 2049, 2049, 2049, 2049]","[2049, 2051, 2049, 2049, 2049, 2049]",155.0
1208,9071,31,1,2023-05-05T18:00:18.909000+00:00,,41.854,31.485,173.0,131.0,True,,"[2064, 2064, 2064, 2049, 2049, 2049, 2049, 2049, 2049]","[2049, 2049, 2049, 2049, 2049, 2049, 2049, 2049, 2049]","[2049, 2049, 2049, 2049, 2049, 2049]",288.0
1208,9071,21,1,2023-05-05T18:00:21.331000+00:00,,43.276,29.403,164.0,146.0,True,,"[2064, 2064, 2064, 2049, 2049, 2049, 2049, 2049, 2049]","[2049, 2049, 2049, 2049, 2049, 2049, 2049, 2049, 2049]","[2049, 2049, 2051, 2051, 2049, 2049, 2049]",310.0
1208,9071,4,1,2023-05-05T18:00:28.580000+00:00,,42.559,38.943,154.0,119.0,True,,"[2064, 2064, 2064, 2049, 2049, 2049, 2051, 2049, 2049]","[2049, 2049, 2049, 2049, 2049, 2049, 2049, 2049, 2049]","[2049, 2049, 2049, 2049, 2049, 2049, 2064]",202.0
1208,9071,44,1,2023-05-05T18:00:35.987000+00:00,,39.97,34.357,193.0,160.0,True,,"[2064, 2064, 2064, 2049, 2049, 2049, 2049, 2049, 2049]","[2049, 2049, 2049, 2049, 2051, 2049, 2049, 2049, 2049]","[2049, 2049, 2049, 2049, 2049, 2051, 2051]",148.0
1208,9071,24,1,2023-05-05T18:00:46.736000+00:00,,40.551,29.724,199.0,168.0,True,,"[2064, 2064, 2064, 2049, 2049, 2049, 2049, 2049, 2049]","[2049, 2049, 2049, 2049, 2049, 2049, 2049, 2049, 2049]","[2049, 2049, 2049, 2049, 2049, 2049, 2049]",196.0
1208,9071,10,1,2023-05-05T18:00:48.596000+00:00,,40.405,35.163,191.0,169.0,True,,"[2064, 2064, 2064, 2049, 2049, 2049, 2049, 2049, 2049]","[2049, 2049, 2049, 2049, 2049, 2049, 2049, 2049, 2051]","[2049, 2049, 2049, 2049, 2049, 2049, 2049]",190.0
1208,9071,22,1,2023-05-05T18:00:53.611000+00:00,,39.64,39.976,188.0,163.0,True,,"[2064, 2064, 2064, 2049, 2049, 2049, 2049, 2049, 2049]","[2049, 2049, 2049, 2049, 2049, 2049, 2049, 2049, 2049]","[2049, 2049, 2049, 2049, 2049, 2049, 2049]",119.0
1208,9071,81,1,2023-05-05T18:01:03.002000+00:00,,40.003,39.826,191.0,156.0,True,,"[2064, 2064, 2064, 2049, 2049, 2049, 2049, 2049, 2049]","[2049, 2049, 2049, 2049, 2049, 2049, 2049, 2049, 2049]","[2049, 2049, 2049, 2049, 2049, 2049]",140.0
1208,9071,2,1,2023-05-05T18:01:05.502000+00:00,,43.145,44.429,177.0,125.0,True,,"[2064, 2064, 2064, 2049, 2049, 2049, 2049, 2049, 2049]","[2049, 2049, 2049, 2049, 2049, 2049, 2049, 2049, 2049]","[2049, 2049, 2049, 2049, 2049, 2049]",80.0
1208,9071,55,1,2023-05-05T18:01:09.627000+00:00,,39.715,30.856,195.0,174.0,True,,"[2064, 2064, 2064, 2049, 2049, 2049, 2049, 2049, 2049]","[2049, 2049, 2049, 2049, 2049, 2049, 2049, 2049, 2049]","[2051, 2049, 2049, 2049, 2049, 2049]",295.0
1208,9071,1,1,2023-05-05T18:01:15.127000+00:00,,40.461,35.445,201.0,117.0,True,,"[2064, 2064, 2064, 2049, 2049, 2049, 2049, 2049, 2049]","[2049, 2049, 2049, 2049, 2049, 2049, 2049, 2049, 2049]","[2049, 2049, 2049, 2049, 2049, 2049, 2049]",195.0
1208,9071,63,1,2023-05-05T18:01:19.220000+00:00,,39.38,38.436,196.0,166.0,True,,"[2064, 2064, 2064, 2049, 2049, 2049, 2049, 2049, 2049]","[2049, 2049, 2049, 2049, 2049, 2049, 2049, 2049, 2049]","[2049, 2049, 2049, 2049, 2049, 2049, 2049]",91.0
1208,9071,11,1,2023-05-05T18:01:25.174000+00:00,,43.343,40.584,194.0,50.0,True,,"[2064, 2064, 2064, 2049, 2049, 2049, 2049, 2049, 2049]","[2049, 2049, 2049, 2049, 2049, 2049, 2049, 2049, 2049]","[2049, 2049, 2049, 2049, 2051, 2049]",87.0
1208,9071,16,1,2023-05-05T18:01:33.048000+00:00,,41.516,41.238,192.0,158.0,True,,"[2064, 2064, 2064, 2049, 2049, 2049, 2049, 2049, 2049]","[2049, 2049, 2049, 2049, 2049, 2049, 2049, 2049, 2049]","[2049, 2049, 2049, 2049, 2049, 2049, 2049]",173.0
1208,9071,20,2,2023-05-05T18:01:51.345000+00:00,33.334,36.739,26.779,204.0,180.0,False,96.852,"[2049, 2049, 2049, 2051, 2051, 2049, 2049, 2049, 2049]","[2049, 2049, 2049, 2049, 2049, 2049, 2049, 2049, 2051]","[2049, 2049, 2049, 2051, 2048, 2051]",322.0
1208,9071,18,2,2023-05-05T18:01:56.204000+00:00,33.943,36.433,26.555,203.0,178.0,False,96.931,"[2049, 2049, 2049, 2049, 2049, 2049, 2049, 2049, 2049]","[2049, 2051, 2051, 2051, 2049, 2049, 2049, 2051, 2049]","[2051, 2051, 2051, 2049, 2051, 2049]",333.0
1208,9071,14,2,2023-05-05T18:01:58.954000+00:00,36.292,43.398,37.668,203.0,170.0,False,117.358,"[2049, 2049, 2049, 2049, 2049, 2049, 2049, 2048, 2049]","[2049, 2049, 2049, 2049, 2048, 2049, 2049, 2049, 2049]","[2049, 2049, 2049, 2049, 2049, 2048, 2064]",222.0
1208,9071,27,2,2023-05-05T18:02:06.907000+00:00,35.125,38.126,27.42,198.0,176.0,False,100.671,"[2049, 2049, 2049, 2049, 2049, 2049, 2049, 2049, 2049]","[2049, 2049, 2049, 2049, 2049, 2049, 2049, 2049, 2049]","[2049, 2049, 2049, 2049, 2049, 2049]",296.0
1208,9071,31,2,2023-05-05T18:02:13.110000+00:00,33.245,36.628,26.939,205.0,177.0,False,96.812,"[2049, 2049, 2049, 2049, 2049, 2049, 2049, 2049, 2049]","[2049, 2049, 2049, 2049, 2049, 2051, 2051, 2049, 2049]","[2049, 2049, 2049, 2049, 2051, 2049]",298.0
1208,9071,21,2,2023-05-05T18:02:15.189000+00:00,37.483,38.928,27.284,192.0,173.0,False,103.695,"[2049, 2049, 2049, 2049, 2049, 2049, 2049, 2049, 2049]","[2049, 2049, 2049, 2049, 2049, 2049, 2049, 2049, 2049]","[2049, 2049, 2048, 2048, 2049, 2049, 2049]",310.0
1208,9071,44,2,2023-05-05T18:02:29.829000+00:00,33.344,37.625,26.165,209.0,176.0,False,97.134,"[2049, 2049, 2049, 2049, 2049, 2049, 2049, 2049, 2051]","[2051, 2049, 2049, 2049, 2051, 2048, 2049, 2049, 2049]","[2049, 2049, 2049, 2049, 2051, 2049]",333.0
1208,9071,24,2,2023-05-05T18:02:34.517000+00:00,35.082,37.751,34.036,205.0,179.0,False,106.869,"[2049, 2049, 2049, 2049, 2049, 2049, 2049, 2049, 2049]","[2049, 2049, 2049, 2049, 2049, 2049, 2049, 2049, 2051]","[2049, 2049, 2049, 2049, 2049, 2048, 2064]",284.0
1208,9071,10,2,2023-05-05T18:02:40.970000+00:00,34.076,37.297,26.67,206.0,179.0,False,98.043,"[2049, 2049, 2049, 2049, 2049, 2049, 2049, 2049, 2049]","[2049, 2049, 2049, 2049, 2049, 2049, 2049, 2049, 2049]","[2049, 2049, 2049, 2049, 2049, 2049]",319.0
1208,9071,22,2,2023-05-05T18:02:51.454000+00:00,34.9,37.445,26.612,183.0,179.0,False,98.957,"[2049, 2049, 2049, 2049, 2049, 2049, 2049, 2049, 2049]","[2049, 2049, 2049, 2049, 2049, 2049, 2049, 2049, 2049]","[2049, 2049, 2049, 2049, 2049, 2049]",326.0
1208,9071,77,2,2023-05-05T18:02:55.251000+00:00,85.193,40.384,36.93,202.0,175.0,True,162.507,"[None, 2064, 2064, 2049, 2049, 2049, 2049, 2049, 2049]","[2049, 2049, 2048, 2049, 2049, 2049, 2049, 2049, 2049]","[2049, 2049, 2048, 2048, 2049, 2049, 2064]",125.0
1208,9071,55,2,2023-05-05T18:02:57.313000+00:00,33.385,37.015,27.026,210.0,180.0,False,97.426,"[2049, 2049, 2049, 2049, 2049, 2049, 2049, 2049, 2049]","[2049, 2049, 2049, 2049, 2049, 2049, 2049, 2049, 2049]","[2049, 2049, 2049, 2049, 2049, 2049]",306.0
1208,9071,81,2,2023-05-05T18:03:01.985000+00:00,34.423,37.106,26.66,207.0,179.0,False,98.189,"[2049, 2049, 2049, 2049, 2049, 2049, 2049, 2049, 2049]","[2049, 2049, 2049, 2049, 2049, 2049, 2049, 2049, 2049]","[2049, 2049, 2049, 2049, 2049, 2049]",316.0
1208,9071,1,2,2023-05-05T18:03:06.532000+00:00,36.556,37.666,28.128,196.0,175.0,False,102.35,"[2051, 2049, 2049, 2049, 2048, 2048, 2049, 2049, 2049]","[2048, 2048, 2049, 2048, 2049, 2049, 2048, 2048, 2049]","[2049, 2049, 2049, 2049, 2049, 2049, 2051]",271.0
1208,9071,63,2,2023-05-05T18:03:11.907000+00:00,35.353,38.522,36.944,198.0,169.0,False,110.819,"[2049, 2049, 2049, 2049, 2049, 2049, 2049, 2049, 2049]","[2049, 2049, 2049, 2049, 2048, 2049, 2049, 2049, 2049]","[2048, 2048, 2049, 2049, 2049, 2048, 2064]",300.0
1208,9071,2,2,2023-05-05T18:03:16.688000+00:00,34.344,36.474,26.202,199.0,179.0,False,97.02,"[2049, 2049, 2049, 2049, 2049, 2049, 2049, 2049, 2049]","[2049, 2049, 2049, 2049, 2049, 2049, 2049, 2049, 2049]","[2051, 2051, 2049, 2051, 2049, 2049]",334.0
1208,9071,11,2,2023-05-05T18:03:22.813000+00:00,35.007,36.392,26.345,200.0,174.0,False,97.744,"[2049, 2051, 2049, 2049, 2049, 2049, 2049, 2049, 2049]","[2049, 2049, 2049, 2051, 2049, 2051, 2049, 2051, 2049]","[2049, 2049, 2051, 2049, 2049, 2049, 2049]",333.0
1208,9071,20,3,2023-05-05T18:03:28.141000+00:00,32.841,38.027,26.866,202.0,173.0,False,97.734,"[2048, 2048, 2049, 2049, 2048, 2049, 2049, 2049, 2048]","[2048, 2049, 2048, 2048, 2048, 2048, 2048, 2048, 2048]","[2048, 2048, 2048, 2048, 2049, 2048, 2048]",306.0
1208,9071,16,2,2023-05-05T18:03:31.938000+00:00,34.351,37.101,32.638,186.0,179.0,False,104.09,"[2049, 2049, 2049, 2049, 2049, 2049, 2049, 2049, 2048]","[2048, 2049, 2049, 2049, 2049, 2049, 2049, 2049, 2049]","[2049, 2049, 2049, 2049, 2048, 2048, 2048]",305.0
1208,9071,18,3,2023-05-05T18:03:33.031000+00:00,44.822,52.534,37.273,159.0,90.0,False,134.629,"[2048, 2048, 2048, 2048, 2048, 2048, 2048, 2048, 2048]","[2048, 2048, 2048, 2048, 2048, 2048, 2048, 2048, 2048]","[2048, 2048, 2048, 2048, 2048, 2049, 2049]",229.0
1208,9071,23,1,2023-05-05T18:03:39.125000+00:00,,38.928,27.836,191.0,156.0,True,,"[2064, 2064, 2064, 2049, 2049, 2049, 2049, 2049, 2049]","[2049, 2049, 2049, 2049, 2049, 2049, 2049, 2049, 2049]","[2049, 2049, 2049, 2049, 2049, 2049, 2049]",302.0
1208,9071,27,3,2023-05-05T18:03:47.484000+00:00,32.93,36.597,26.82,209.0,180.0,False,96.347,"[None, 2049, 2049, 2049, 2049, 2049, 2049, 2049, 2049]","[2049, 2049, 2049, 2049, 2049, 2049, 2049, 2049, 2051]","[2049, 2049, 2049, 2049, 2049, 2048]",308.0
1208,9071,31,3,2023-05-05T18:03:49.813000+00:00,41.696,48.19,33.739,148.0,139.0,False,123.625,"[2048, 2048, 2048, 2048, 2048, 2048, 2048, 2048, 2048]","[2048, 2048, 2048, 2048, 2048, 2048, 2048, 2048, 2048]","[2048, 2048, 2048, 2048, 2048, 2048, 2049]",125.0
1208,9071,21,3,2023-05-05T18:03:58.781000+00:00,33.871,36.909,26.467,203.0,180.0,False,97.247,"[None, 2049, 2049, 2049, 2049, 2049, 2049, 2049, 2049]","[2049, 2049, 2049, 2049, 2049, 2049, 2049, 2049, 2049]","[2049, 2049, 2049, 2049, 2049, 2049, 2049]",330.0
1208,9071,44,3,2023-05-05T18:04:06.890000+00:00,32.13,36.274,26.123,212.0,179.0,False,94.527,"[None, 2048, 2051, 2049, 2049, 2049, 2049, 2051, 2051]","[2049, 2049, 2049, 2049, 2048, 2051, 2048, 2049, 2049]","[2049, 2049, 2049, 2049, 2048, 2051]",333.0
1208,9071,10,3,2023-05-05T18:04:18.937000+00:00,33.086,36.821,26.59,209.0,180.0,False,96.497,"[2048, 2048, 2049, 2049, 2049, 2049, 2049, 2048, 2049]","[2049, 2049, 2048, 2048, 2049, 2049, 2049, 2049, 2051]","[2049, 2048, 2048, 2049, 2048, 2049]",318.0
1208,9071,22,3,2023-05-05T18:04:30.328000+00:00,45.4,45.484,31.252,177.0,133.0,False,122.136,"[None, 2048, 2048, 2048, 2048, 2048, 2048, 2048, 2048]","[2048, 2048, 2048, 2048, 2048, 2048, 2048, 2048, 2048]","[2048, 2048, 2048, 2048, 2048, 2048, 2049]",140.0
1208,9071,55,3,2023-05-05T18:04:34.640000+00:00,32.989,36.872,26.855,211.0,183.0,False,96.716,"[2048, 2048, 2049, 2049, 2049, 2049, 2049, 2048, 2049]","[2049, 2048, 2048, 2048, 2048, 2049, 2049, 2049, 2049]","[2049, 2048, 2048, 2049, 2049, 2049]",297.0
1208,9071,81,3,2023-05-05T18:04:40.109000+00:00,33.559,37.641,39.805,,148.0,False,111.005,"[None, 2049, 2048, 2049, 2049, 2049, 2049, 2048, 2049]","[2049, 2049, 2048, 2048, 2049, 2049, 2048, 2049, 2048]","[2048, 2048, 2048, 2048, 2048, 2048, 2064]",164.0
1208,9071,1,3,2023-05-05T18:04:48.796000+00:00,32.417,35.776,25.861,212.0,180.0,False,94.054,"[2049, 2048, 2049, 2049, 2051, 2049, 2051, 2049, 2049]","[2051, 2051, 2051, 2051, 2049, 2049, 2051, 2051, 2049]","[2051, 2051, 2049, 2049, 2049, 2049]",338.0
1208,9071,2,3,2023-05-05T18:04:53.656000+00:00,46.389,41.356,27.792,177.0,155.0,False,115.537,"[2048, 2048, 2048, 2048, 2048, 2048, 2048, 2048, 2048]","[2048, 2048, 2048, 2048, 2048, 2048, 2048, 2048, 2048]","[2048, 2048, 2048, 2048, 2048, 2049]",301.0
1208,9071,11,3,2023-05-05T18:05:00.437000+00:00,32.772,35.744,26.015,207.0,182.0,False,94.531,"[2051, 2048, 2049, 2049, 2049, 2049, 2048, 2048, 2049]","[2049, 2049, 2049, 2048, 2049, 2048, 2049, 2049, 2049]","[2049, 2049, 2051, 2049, 2049, 2049]",339.0
1208,9071,20,4,2023-05-05T18:05:05.937000+00:00,32.645,36.534,26.497,209.0,179.0,False,95.676,"[2049, 2049, 2048, 2049, 2049, 2051, 2048, 2048, 2049]","[2049, 2049, 2048, 2048, 2049, 2048, 2049, 2049, 2048]","[2049, 2048, 2048, 2048, 2049, 2048]",310.0
1208,9071,16,3,2023-05-05T18:05:15.968000+00:00,32.695,36.511,26.705,207.0,182.0,False,95.911,"[2048, 2048, 2049, 2049, 2049, 2049, 2049, 2049, 2051]","[2049, 2049, 2049, 2048, 2049, 2048, 2049, 2049, 2051]","[2049, 2049, 2049, 2049, 2049, 2049]",302.0
1208,9071,23,2,2023-05-05T18:05:22.358000+00:00,33.213,36.414,26.514,210.0,177.0,False,96.141,"[2049, 2049, 2049, 2049, 2049, 2049, 2049, 2049, 2049]","[2049, 2049, 2049, 2049, 2048, 2049, 2049, 2049, 2049]","[2049, 2049, 2049, 2049, 2049, 2049]",331.0
1208,9071,27,4,2023-05-05T18:05:23.827000+00:00,32.802,36.412,30.424,205.0,180.0,False,99.638,"[None, 2049, 2048, 2048, 2049, 2049, 2048, 2048, 2048]","[2048, 2049, 2049, 2049, 2049, 2048, 2049, 2048, 2048]","[2049, 2049, 2048, 2048, 2048, 2048]",165.0
1208,9071,21,4,2023-05-05T18:05:36.061000+00:00,47.189,46.673,29.236,145.0,155.0,False,123.098,"[None, 2048, 2048, 2048, 2048, 2048, 2048, 2048, 2048]","[2048, 2048, 2048, 2048, 2048, 2048, 2048, 2048, 2048]","[2048, 2048, 2048, 2048, 2048, 2048, 2049]",279.0
1208,9071,44,4,2023-05-05T18:05:41.421000+00:00,57.347,66.881,31.221,101.0,144.0,False,155.449,"[2048, 2048, 2048, 2048, 2048, 2048, 2048, 2048, 2048]","[2048, 2048, 2048, 2048, 2048, 2048, 2048, 2048, 2048]","[2048, 2048, 2048, 2048, 2048, 2048, 2049]",210.0
1208,9071,18,4,2023-05-05T18:05:47.764000+00:00,32.475,36.058,26.165,209.0,180.0,False,94.698,"[2049, 2049, 2051, 2049, 2049, 2049, 2049, 2049, 2049]","[2049, 2049, 2049, 2049, 2049, 2048, 2049, 2049, 2048]","[2049, 2048, 2048, 2049, 2049, 2049, 2049]",331.0
1208,9071,31,4,2023-05-05T18:05:53.545000+00:00,32.584,36.137,26.368,204.0,180.0,False,95.089,"[2049, 2049, 2049, 2049, 2049, 2048, 2049, 2049, 2049]","[2048, 2049, 2049, 2049, 2049, 2048, 2051, 2049, 2049]","[2049, 2048, 2048, 2049, 2049, 2049]",326.0
1208,9071,10,4,2023-05-05T18:05:55.436000+00:00,32.802,36.424,26.314,204.0,182.0,False,95.54,"[None, 2048, 2048, 2049, 2048, 2048, 2049, 2049, 2048]","[2048, 2049, 2049, 2049, 2049, 2048, 2049, 2049, 2049]","[2049, 2049, 2049, 2048, 2049, 2049]",320.0
1208,9071,55,4,2023-05-05T18:06:11.342000+00:00,32.179,36.432,26.534,,183.0,False,95.145,"[2049, 2049, 2049, 2051, 2049, 2049, 2049, 2049, 2049]","[2048, 2048, 2048, 2048, 2049, 2048, 2049, 2051, 2049]","[2049, 2049, 2048, 2049, 2049, 2049, 2049]",305.0
1208,9071,1,4,2023-05-05T18:06:22.873000+00:00,45.082,49.351,31.215,167.0,122.0,False,125.648,"[2048, 2048, 2048, 2048, 2048, 2048, 2048, 2048, 2048]","[2048, 2048, 2048, 2048, 2048, 2048, 2048, 2048, 2048]","[2048, 2048, 2048, 2048, 2048, 2048]",277.0
1208,9071,22,4,2023-05-05T18:06:32.545000+00:00,33.446,36.175,26.276,205.0,183.0,False,95.897,"[None, 2049, 2049, 2049, 2049, 2049, 2049, 2049, 2049]","[2049, 2049, 2049, 2049, 2049, 2049, 2049, 2049, 2051]","[2051, 2049, 2049, 2049, 2048, 2049, 2049]",331.0
1208,9071,11,4,2023-05-05T18:06:34.951000+00:00,44.306,58.792,32.742,158.0,103.0,False,135.84,"[2048, 2048, 2048, 2048, 2048, 2048, 2048, 2048, 2048]","[2048, 2048, 2048, 2048, 2048, 2048, 2048, 2048, 2048]","[2048, 2048, 2048, 2048, 2048, 2048, 2048]",247.0
1208,9071,20,5,2023-05-05T18:06:41.514000+00:00,36.197,47.832,36.999,174.0,154.0,False,121.028,"[None, 2049, 2048, 2048, 2048, 2048, 2048, 2048, 2048]","[2048, 2048, 2048, 2048, 2048, 2048, 2048, 2048, 2048]","[2048, 2048, 2048, 2048, 2048, 2048, 2049]",122.0
1208,9071,2,4,2023-05-05T18:06:49.232000+00:00,33.752,36.262,26.097,204.0,180.0,False,96.111,"[2049, 2049, 2048, 2048, 2049, 2049, 2049, 2049, 2049]","[2049, 2049, 2049, 2048, 2049, 2048, 2048, 2049, 2049]","[2049, 2049, 2049, 2048, 2049, 2048]",334.0
1208,9071,16,4,2023-05-05T18:06:51.873000+00:00,32.101,40.07,28.644,212.0,164.0,False,100.815,"[None, 2049, 2049, 2049, 2049, 2049, 2049, 2049, 2051]","[2049, 2049, 2049, 2049, 2049, 2048, 2048, 2048, 2048]","[2048, 2048, 2048, 2048, 2048, 2048, 2049]",227.0
1208,9071,23,3,2023-05-05T18:06:58.420000+00:00,32.922,36.088,26.298,211.0,179.0,False,95.308,"[2048, 2048, 2049, 2049, 2049, 2049, 2049, 2049, 2048]","[2049, 2049, 2049, 2049, 2049, 2048, 2049, 2049, 2049]","[2049, 2051, 2049, 2048, 2049, 2049]",327.0
1208,9071,27,5,2023-05-05T18:07:03.545000+00:00,32.294,36.072,26.035,210.0,179.0,False,94.401,"[2048, 2048, 2049, 2049, 2049, 2048, 2049, 2048, 2049]","[2049, 2048, 2049, 2049, 2049, 2049, 2048, 2049, 2048]","[2048, 2049, 2049, 2049, 2051, 2049, 2049]",330.0
1208,9071,18,5,2023-05-05T18:07:22.388000+00:00,56.923,49.799,35.031,74.0,80.0,False,141.753,"[2048, 2048, 2048, 2048, 2048, 2048, 2048, 2048, 2048]","[2048, 2048, 2048, 2048, 2048, 2048, 2048, 2048, 2048]","[2048, 2048, 2048, 2048, 2048, 2048, 2049]",106.0
1208,9071,31,5,2023-05-05T18:07:28.560000+00:00,41.79,45.53,33.516,191.0,127.0,False,120.836,"[2048, 2048, 2048, 2048, 2048, 2048, 2048, 2048, 2048]","[2048, 2048, 2048, 2048, 2048, 2048, 2048, 2048, 2048]","[2048, 2048, 2048, 2048, 2048, 2049, 2049]",258.0
1208,9071,10,5,2023-05-05T18:07:30.951000+00:00,38.808,42.294,28.855,171.0,162.0,False,109.957,"[None, 2049, 2049, 2048, 2048, 2048, 2048, 2048, 2048]","[2048, 2048, 2048, 2048, 2048, 2048, 2048, 2048, 2048]","[2048, 2048, 2048, 2048, 2048, 2048, 2048]",290.0
1208,9071,21,5,2023-05-05T18:07:39.232000+00:00,33.079,82.096,32.451,206.0,162.0,False,147.626,"[None, 2049, 2049, 2049, 2049, 2049, 2048, 2048, 2049]","[2049, 2049, 2049, 2049, 2049, 2049, 2048, 2048, 2048]","[2048, 2048, 2048, 2048, 2048, 2048, 2048]",207.0
1208,9071,55,5,2023-05-05T18:07:46.482000+00:00,32.278,44.842,33.147,,93.0,False,110.267,"[None, 2048, 2049, 2049, 2048, 2048, 2048, 2048, 2049]","[2049, 2049, 2048, 2048, 2049, 2048, 2048, 2048, 2048]","[2048, 2048, 2048, 2048, 2048, 2048, 2049]",197.0
1208,9071,22,5,2023-05-05T18:08:08.763000+00:00,47.492,43.167,34.975,171.0,136.0,False,125.634,"[2048, 2048, 2048, 2048, 2048, 2048, 2048, 2048, 2048]","[2048, 2048, 2048, 2048, 2048, 2048, 2048, 2048, 2048]","[2048, 2048, 2048, 2048, 2048, 2048, 2048]",138.0
1208,9071,44,5,2023-05-05T18:08:16.950000+00:00,31.546,43.177,28.95,208.0,163.0,False,103.673,"[None, 2048, 2049, 2051, 2049, 2049, 2049, 2051, 2048]","[2048, 2048, 2048, 2048, 2048, 2048, 2048, 2048, 2048]","[2048, 2048, 2048, 2048, 2048, 2051]",247.0
1208,9071,2,5,2023-05-05T18:08:25.247000+00:00,46.243,48.182,39.363,163.0,111.0,False,133.788,"[2048, 2048, 2048, 2048, 2048, 2048, 2048, 2048, 2048]","[2048, 2048, 2048, 2048, 2048, 2048, 2048, 2048, 2048]","[2048, 2048, 2048, 2048, 2048, 2048]",113.0
1208,9071,1,5,2023-05-05T18:08:28.591000+00:00,31.562,44.313,37.831,212.0,146.0,False,113.706,"[2051, 2048, 2051, 2049, 2049, 2051, 2051, 2049, 2049]","[2049, 2051, 2048, 2048, 2048, 2048, 2048, 2048, 2048]","[2048, 2048, 2048, 2048, 2048, 2048, 2048]",226.0
1208,9071,16,5,2023-05-05T18:08:32.731000+00:00,32.267,43.247,41.965,,130.0,False,117.479,"[2049, 2049, 2048, 2048, 2049, 2049, 2049, 2048, 2048]","[2048, 2048, 2048, 2048, 2048, 2048, 2048, 2048, 2048]","[2048, 2048, 2048, 2048, 2048, 2049, 2049]",180.0
1208,9071,23,4,2023-05-05T18:08:33.747000+00:00,47.154,52.017,44.033,158.0,124.0,False,143.204,"[2049, 2048, 2048, 2048, 2048, 2048, 2048, 2048, 2048]","[2048, 2048, 2048, 2048, 2048, 2048, 2048, 2048, 2048]","[2048, 2048, 2048, 2048, 2048, 2048, 2048]",66.0
1208,9071,27,6,2023-05-05T18:08:37.872000+00:00,39.394,53.323,42.605,154.0,131.0,False,135.322,"[2049, 2049, 2048, 2048, 2048, 2048, 2048, 2048, 2048]","[2048, 2048, 2048, 2048, 2048, 2048, 2048, 2048, 2048]","[2048, 2048, 2048, 2048, 2048, 2048, 2048]",104.0
1208,9071,20,6,2023-05-05T18:08:42.638000+00:00,32.007,43.135,36.518,210.0,117.0,False,111.66,"[None, 2048, 2048, 2049, 2049, 2049, 2049, 2049, 2049]","[2049, 2048, 2048, 2048, 2048, 2048, 2048, 2048, 2048]","[2048, 2048, 2048, 2048, 2048, 2048, 2049]",213.0
1208,9071,11,5,2023-05-05T18:08:50.872000+00:00,32.434,44.743,41.2,211.0,121.0,False,118.377,"[2049, 2048, 2048, 2049, 2049, 2048, 2048, 2048, 2049]","[2048, 2048, 2048, 2048, 2048, 2048, 2048, 2048, 2048]","[2048, 2048, 2048, 2048, 2048, 2048, 2048]",93.0
1208,9071,14,3,2023-05-05T18:08:55.981000+00:00,,40.555,33.083,164.0,156.0,True,410.899,"[2064, 2064, 2064, 2048, 2048, 2048, 2048, 2048, 2048]","[2048, 2048, 2049, 2049, 2049, 2048, 2048, 2049, 2049]","[2049, 2049, 2049, 2049, 2048, 2048]",290.0
1208,9071,10,6,2023-05-05T18:09:21.012000+00:00,32.265,36.229,26.454,208.0,181.0,False,94.948,"[None, 2048, 2049, 2049, 2048, 2049, 2049, 2048, 2049]","[2048, 2048, 2048, 2048, 2048, 2048, 2049, 2049, 2048]","[2048, 2048, 2049, 2048, 2048, 2051]",320.0
1208,9071,31,6,2023-05-05T18:09:29.481000+00:00,32.164,35.973,26.247,209.0,182.0,False,94.384,"[2049, 2048, 2049, 2049, 2049, 2049, 2048, 2048, 2049]","[2049, 2049, 2048, 2048, 2049, 2049, 2048, 2048, 2049]","[2049, 2048, 2049, 2049, 2048, 2048]",327.0
1208,9071,55,6,2023-05-05T18:09:36.855000+00:00,31.791,35.928,26.104,215.0,187.0,False,93.823,"[None, 2049, 2048, 2049, 2049, 2049, 2049, 2049, 2048]","[2051, 2049, 2049, 2049, 2049, 2049, 2048, 2048, 2049]","[2051, 2049, 2049, 2048, 2049, 2051]",311.0
1208,9071,18,6,2023-05-05T18:09:44.215000+00:00,35.094,46.695,32.812,159.0,54.0,False,114.601,"[2049, 2048, 2049, 2049, 2049, 2049, 0, 0, 2048]","[2048, 2048, 2048, 2048, 2048, 2048, 2048, 2048, 2048]","[2048, 2048, 2048, 2048, 2048, 2048, 2048]",290.0
1208,9071,4,2,2023-05-05T18:09:55.855000+00:00,,41.204,37.014,201.0,170.0,True,558.216,"[None, 2064, 2064, 2049, 2049, 2049, 2048, 2049, 2049]","[2049, 2049, 2049, 2049, 2048, 2048, 2049, 2049, 2049]","[2049, 2049, 2048, 2048, 2048, 2049]",155.0
1208,9071,44,6,2023-05-05T18:10:00.621000+00:00,31.393,35.664,25.91,212.0,183.0,False,92.967,"[None, 2048, 2048, 2048, 2051, 2048, 2048, 2049, 2048]","[2049, 2049, 2049, 2049, 2048, 2051, 2049, 2049, 2049]","[2049, 2049, 2049, 2049, 2048, 2049]",332.0
1208,9071,21,6,2023-05-05T18:10:06.855000+00:00,32.575,36.12,26.406,210.0,180.0,False,95.101,"[2048, 2049, 2049, 2049, 2049, 2049, 2048, 2049, 2049]","[2049, 2048, 2048, 2049, 2049, 2048, 2049, 2049, 2049]","[2049, 2049, 2049, 2048, 2049, 2048]",332.0
1208,9071,22,6,2023-05-05T18:10:14.058000+00:00,32.742,35.78,26.037,208.0,184.0,False,94.559,"[2049, 2049, 2049, 2049, 2049, 2049, 2049, 2049, 2049]","[2049, 2049, 2049, 2049, 2049, 2049, 2049, 2049, 2048]","[2049, 2049, 2049, 2049, 2049, 2049]",334.0
1208,9071,1,6,2023-05-05T18:10:22.214000+00:00,31.649,35.145,25.671,206.0,186.0,False,92.465,"[2048, 2048, 2051, 2048, 2048, 2051, 2048, 2051, 2048]","[2048, 2048, 2049, 2049, 2049, 2049, 2051, 2051, 2049]","[2051, 2051, 2049, 2049, 2051, 2049]",337.0
1208,9071,16,6,2023-05-05T18:10:30.230000+00:00,31.817,35.837,26.247,209.0,184.0,False,93.901,"[2048, 2048, 2049, 2049, 2049, 2049, 2048, 2049, 2048]","[2048, 2048, 2048, 2049, 2048, 2049, 2049, 2049, 2051]","[2049, 2049, 2049, 2049, 2049, 2049]",310.0
1208,9071,20,7,2023-05-05T18:10:34.308000+00:00,31.733,36.031,27.216,213.0,181.0,False,94.98,"[2048, 2048, 2049, 2049, 2049, 2048, 2049, 2049, 2048]","[2049, 2049, 2049, 2049, 2049, 2049, 2049, 2048, 2049]","[2049, 2049, 2049, 2048, 2048, 2051, 2049]",331.0
1208,9071,2,6,2023-05-05T18:10:39.167000+00:00,33.505,36.43,26.21,204.0,181.0,False,96.145,"[None, 2049, 2048, 2049, 2049, 2049, 2048, 2049, 2048]","[2048, 2048, 2048, 2048, 2049, 2049, 2048, 2048, 2049]","[2049, 2049, 2049, 2051, 2048, 2048, 2048]",337.0
1208,9071,14,4,2023-05-05T18:10:47.214000+00:00,31.812,35.708,26.063,213.0,186.0,False,93.583,"[2049, 2049, 2049, 2049, 2049, 2049, 2049, 2049, 2051]","[2049, 2049, 2049, 2049, 2049, 2049, 2049, 2049, 2049]","[2049, 2049, 2049, 2049, 2049, 2049, 2049]",335.0
1208,9071,11,6,2023-05-05T18:10:49.261000+00:00,31.946,35.087,26.201,212.0,185.0,False,93.234,"[2048, 2048, 2049, 2049, 2049, 2049, 2048, 2048, 2049]","[2049, 2051, 2051, 2051, 2049, 2048, 2049, 2048, 2049]","[2049, 2051, 2051, 2049, 2048, 2049]",347.0
1208,9071,27,7,2023-05-05T18:10:53.261000+00:00,33.239,36.053,26.454,195.0,182.0,False,95.746,"[2048, 2048, 2049, 2048, 2048, 2048, 2048, 2049, 2048]","[2048, 2048, 2048, 2048, 2048, 2049, 2049, 2049, 2049]","[2049, 2048, 2048, 2048, 2048, 2049]",312.0
1208,9071,10,7,2023-05-05T18:10:55.855000+00:00,40.068,44.186,29.02,165.0,145.0,False,113.274,"[None, 2048, 2048, 2048, 2048, 2048, 2048, 2048, 2048]","[2048, 2048, 2048, 2048, 2048, 2048, 2048, 2048, 2048]","[2048, 2048, 2048, 2048, 2048, 2048, 2049]",287.0
1208,9071,23,5,2023-05-05T18:10:57.026000+00:00,32.616,35.63,25.821,214.0,181.0,False,94.067,"[2048, 2048, 2048, 2049, 2049, 2049, 2049, 2048, 2049]","[2051, 2049, 2049, 2049, 2048, 2051, 2048, 2049, 2049]","[2049, 2049, 2049, 2049, 2049, 2049, 2051]",340.0
1208,9071,31,7,2023-05-05T18:11:03.776000+00:00,48.006,53.168,33.086,132.0,161.0,False,134.26,"[2048, 2048, 2048, 2048, 2048, 2048, 2048, 2048, 2048]","[2048, 2048, 2048, 2048, 2048, 2048, 2048, 2048, 2048]","[2048, 2048, 2048, 2048, 2048, 2048, 2048]",146.0
1208,9071,55,7,2023-05-05T18:11:10.698000+00:00,38.447,49.33,30.792,185.0,130.0,False,118.569,"[None, 2049, 2048, 2048, 2048, 2048, 2048, 2048, 2048]","[2048, 2048, 2048, 2048, 2048, 2048, 2048, 2048, 2048]","[2048, 2048, 2048, 2048, 2048, 2048, 2048]",244.0
1208,9071,44,7,2023-05-05T18:11:33.495000+00:00,40.345,45.156,33.839,159.0,166.0,False,119.34,"[None, 2048, 2048, 2048, 2048, 2048, 2048, 2048, 2048]","[2048, 2048, 2048, 2048, 2048, 2048, 2048, 2048, 2048]","[2048, 2048, 2048, 2048, 2048, 2048, 2064]",278.0
1208,9071,18,7,2023-05-05T18:11:38.823000+00:00,32.534,35.694,28.561,209.0,184.0,False,96.789,"[2048, 2049, 2048, 2048, 2048, 2048, 2048, 2049, 2048]","[2048, 2048, 2049, 2049, 2048, 2049, 2048, 2049, 2049]","[2049, 2049, 2049, 2051, 2048, 2048]",332.0
1208,9071,21,7,2023-05-05T18:11:41.870000+00:00,43.685,41.295,28.191,169.0,162.0,False,113.171,"[None, 2048, 2048, 2048, 2048, 2048, 2048, 2048, 2048]","[2048, 2048, 2048, 2048, 2048, 2048, 2048, 2048, 2048]","[2048, 2048, 2048, 2048, 2048, 2049, 2049]",293.0
1208,9071,4,3,2023-05-05T18:11:46.885000+00:00,32.8,36.497,26.584,208.0,179.0,False,95.881,"[2049, 2049, 2049, 2049, 2049, 2049, 2049, 2049, 2049]","[2049, 2049, 2049, 2049, 2049, 2049, 2048, 2049, 2049]","[2049, 2049, 2049, 2049, 2049, 2049]",324.0
1208,9071,22,7,2023-05-05T18:11:48.542000+00:00,38.044,41.715,36.396,185.0,157.0,False,116.155,"[2048, 2048, 2048, 2048, 2048, 2048, 2048, 2048, 2048]","[2048, 2048, 2048, 2048, 2048, 2048, 2048, 2048, 2048]","[2048, 2048, 2048, 2048, 2048, 2048, 2064]",293.0
1208,9071,1,7,2023-05-05T18:11:54.682000+00:00,52.018,51.707,41.036,148.0,83.0,False,144.761,"[None, 2048, 2048, 2048, 2048, 2048, 2048, 2048, 2048]","[2048, 2048, 2048, 2048, 2048, 2048, 2048, 2048, 2048]","[2048, 2048, 2048, 2048, 2048, 2048, 2048]",217.0
1208,9071,16,7,2023-05-05T18:12:04.057000+00:00,31.703,35.706,26.245,215.0,185.0,False,93.654,"[None, 2048, 2048, 2048, 2049, 2048, 2048, 2048, 2051]","[2049, 2049, 2049, 2049, 2048, 2048, 2049, 2049, 2048]","[2049, 2049, 2049, 2049, 2048, 2049]",317.0
1208,9071,20,8,2023-05-05T18:12:09.198000+00:00,34.774,38.704,39.817,196.0,163.0,False,113.295,"[None, 2048, 2048, 2048, 2048, 2048, 2048, 2048, 2048]","[2048, 2048, 2048, 2048, 2048, 2048, 2048, 2048, 2048]","[2048, 2048, 2048, 2048, 2048, 2048, 2064]",198.0
1208,9071,2,7,2023-05-05T18:12:15.276000+00:00,45.639,45.568,45.737,124.0,82.0,False,136.944,"[None, 2048, 2048, 2048, 2048, 2048, 2048, 2048, 2048]","[2048, 2048, 2048, 2048, 2048, 2048, 2048, 2048, 2048]","[2048, 2048, 2048, 2048, 2048, 2048, 2049]",164.0
1208,9071,14,5,2023-05-05T18:12:20.807000+00:00,49.982,56.697,33.113,127.0,115.0,False,139.792,"[2048, 2048, 2048, 2048, 2048, 2048, 2048, 2048, 2048]","[2048, 2048, 2048, 2048, 2048, 2048, 2048, 2048, 2048]","[2048, 2048, 2048, 2048, 2048, 2048]",244.0
1208,9071,11,7,2023-05-05T18:12:22.400000+00:00,49.135,59.982,36.208,121.0,91.0,False,145.325,"[None, 2048, 2048, 2048, 2048, 2048, 2048, 2048, 2048]","[2048, 2048, 2048, 2048, 2048, 2048, 2048, 2048, 2048]","[2048, 2048, 2048, 2048, 2048, 2048, 2048]",230.0
1208,9071,27,8,2023-05-05T18:12:29.041000+00:00,32.06,35.841,41.325,211.0,179.0,False,109.226,"[None, 2049, 2048, 2048, 2048, 2049, 2049, 2048, 2048]","[2048, 2048, 2048, 2048, 2049, 2049, 2048, 2048, 2048]","[2048, 2048, 2048, 2048, 2048, 2048, 2064]",186.0
1208,9071,23,6,2023-05-05T18:12:31.010000+00:00,46.354,54.526,38.247,149.0,126.0,False,139.127,"[None, 2048, 2048, 2048, 2048, 2048, 2048, 2048, 2048]","[2048, 2048, 2048, 2048, 2048, 2048, 2048, 2048, 2048]","[2048, 2048, 2048, 2048, 2048, 2048, 2048]",222.0
1208,9071,24,3,2023-05-05T18:12:37.166000+00:00,,39.721,30.837,190.0,159.0,True,601.777,"[2064, 2064, 2064, 2048, 2048, 2048, 2048, 2048, 2048]","[2048, 2048, 2048, 2048, 2048, 2048, 2048, 2048, 2048]","[2048, 2048, 2048, 2048, 2049, 2049]",218.0
1208,9071,77,3,2023-05-05T18:12:38.541000+00:00,,39.256,32.561,201.0,174.0,True,580.202,"[None, 2064, 2064, 2048, 2049, 2048, 2048, 2048, 2048]","[2049, 2048, 2048, 2049, 2049, 2049, 2049, 2049, 2049]","[2049, 2049, 2048, 2048, 2048, 2049, 2049]",139.0
1208,9071,10,8,2023-05-05T18:12:49.244000+00:00,31.9,36.043,26.334,213.0,182.0,False,94.277,"[2049, 2049, 2049, 2048, 2049, 2049, 2048, 2049, 2048]","[2049, 2049, 2049, 2049, 2049, 2048, 2048, 2048, 2048]","[2049, 2049, 2049, 2048, 2048, 2048, 2049]",328.0
1208,9071,55,8,2023-05-05T18:13:09.228000+00:00,31.686,35.591,25.882,211.0,185.0,False,93.159,"[2048, 2048, 2049, 2049, 2048, 2049, 2049, 2048, 2048]","[2048, 2048, 2048, 2049, 2049, 2049, 2049, 2051, 2048]","[2048, 2049, 2049, 2049, 2051, 2048]",332.0
1208,9071,18,8,2023-05-05T18:13:15.650000+00:00,56.909,54.153,32.141,130.0,111.0,False,143.203,"[None, 2048, 2048, 2048, 2048, 2048, 2048, 2048, 2048]","[2048, 2048, 2048, 2048, 2048, 2048, 2048, 2048, 2048]","[2048, 2048, 2048, 2048, 2048, 2048, 2048]",258.0
1208,9071,31,8,2023-05-05T18:13:18.119000+00:00,31.868,35.617,26.197,210.0,183.0,False,93.682,"[None, 2048, 2048, 2049, 2049, 2048, 2049, 2049, 2049]","[2049, 2049, 2049, 2048, 2048, 2049, 2049, 2049, 2049]","[2049, 2049, 2049, 2048, 2049, 2049]",327.0
1208,9071,4,4,2023-05-05T18:13:22.697000+00:00,42.9,47.027,29.494,140.0,138.0,False,119.421,"[None, 2048, 2048, 2048, 2048, 2048, 2048, 2048, 2048]","[2048, 2048, 2048, 2048, 2048, 2048, 2048, 2048, 2048]","[2048, 2048, 2048, 2048, 2048, 2048]",257.0
1208,9071,21,8,2023-05-05T18:13:35.118000+00:00,32.678,35.925,26.034,201.0,182.0,False,94.637,"[None, 2049, 2049, 2049, 2048, 2049, 2049, 2049, 2048]","[2048, 2048, 2048, 2048, 2049, 2048, 2049, 2049, 2049]","[2049, 2048, 2048, 2049, 2049, 2049]",332.0
1208,9071,16,8,2023-05-05T18:13:37.728000+00:00,49.691,52.241,29.013,121.0,147.0,False,130.945,"[None, 2048, 2048, 2048, 2048, 2048, 2048, 2048, 2048]","[2048, 2048, 2048, 2048, 2048, 2048, 2048, 2048, 2048]","[2048, 2048, 2048, 2048, 2048, 2048, 2048]",276.0
1208,9071,1,8,2023-05-05T18:14:19.524000+00:00,31.366,34.86,25.6,210.0,186.0,False,91.826,"[None, 2048, 2048, 2048, 2048, 2051, 2048, 2051, 2049]","[2048, 2048, 2048, 2048, 2049, 2049, 2049, 2049, 2051]","[2049, 2048, 2049, 2049, 2051, 2048]",340.0
1208,9071,24,4,2023-05-05T18:14:23.227000+00:00,33.064,36.306,27.053,207.0,183.0,False,96.423,"[2049, 2049, 2049, 2049, 2049, 2049, 2049, 2049, 2049]","[2049, 2049, 2049, 2049, 2049, 2049, 2049, 2049, 2049]","[2049, 2049, 2049, 2049, 2048, 2049]",305.0
1208,9071,10,9,2023-05-05T18:14:23.430000+00:00,43.259,41.832,39.323,182.0,162.0,False,124.414,"[None, 2048, 2048, 2048, 2048, 2048, 2048, 2048, 2048]","[2048, None, None, 2048, 2048, 2048, 2048, 2048, 2048]","[2048, 2048, 2048, 2048, 2048, 2048, 2064]",281.0
1208,9071,77,4,2023-05-05T18:14:27.133000+00:00,34.481,36.499,26.55,209.0,183.0,False,97.53,"[2049, 2049, 2049, 2049, 2049, 2049, 2049, 2049, 2049]","[2049, 2049, 2049, 2049, 2049, 2049, 2049, 2049, 2049]","[2049, 2049, 2049, 2049, 2049, 2048]",316.0
1208,9071,2,8,2023-05-05T18:14:32.243000+00:00,33.28,35.459,25.777,209.0,185.0,False,94.516,"[2049, 2049, 2048, 2049, 2049, 2049, 2048, 2048, 2048]","[2049, 2049, 2049, 2049, 2048, 2048, 2048, 2049, 2049]","[2051, 2049, 2049, 2048, 2048, 2049]",340.0
1208,9071,14,6,2023-05-05T18:14:40.618000+00:00,46.913,52.501,32.617,128.0,115.0,False,132.031,"[2049, 2049, 2048, 2048, 2048, 2048, 2048, 2048, 2048]","[2048, None, None, 2048, 2048, 2048, 2048, 2048, 2048]","[2048, 2048, 2048, 2048, 2048, 2048, 2049]",246.0
1208,9071,55,9,2023-05-05T18:14:42.305000+00:00,39.652,43.064,29.037,180.0,154.0,False,111.753,"[None, 2048, 2048, 2048, 2048, 2048, 2048, 2048, 2048]","[2048, None, None, 2048, 2048, 2048, 2048, 2048, 2048]","[2048, 2048, 2048, 2048, 2048, 2048, 2048]",279.0
1208,9071,11,8,2023-05-05T18:14:47.821000+00:00,32.002,35.069,26.009,211.0,172.0,False,93.08,"[None, 2048, 2048, 2048, 2049, 2048, 2048, 2049, 2048]","[2048, None, None, 2048, 2048, 2051, 2051, 2051, 2048]","[2048, 2048, 2048, 2048, 2049, 2048]",340.0
1208,9071,23,7,2023-05-05T18:14:50.227000+00:00,37.351,42.349,32.403,185.0,159.0,False,112.103,"[2049, 2049, 2048, 2048, 2048, 2048, 2048, 2048, 2048]","[2048, None, None, 2048, 2048, 2048, 2048, 2048, 2048]","[2048, 2048, 2048, 2048, 2048, 2048, 2049]",194.0
1208,9071,31,9,2023-05-05T18:14:51.711000+00:00,46.094,51.009,35.316,156.0,95.0,False,132.419,"[None, 2048, 2048, 2048, 2048, 2048, 2048, 2048, 2048]","[2048, None, None, 2048, 2048, 2048, 2048, 2048, 2048]","[2048, 2048, 2048, 2048, 2048, 2048, 2048]",156.0
1208,9071,81,4,2023-05-05T18:15:06.914000+00:00,,42.454,33.329,179.0,133.0,True,628.194,"[2064, 2064, 2064, 2048, 2048, 2048, 2048, 2048, 2048]","[2048, None, None, 2048, 2048, 2048, 2048, 2048, 2048]","[2048, 2048, 2048, 2048, 2048, 2048]",115.0
1208,9071,21,9,2023-05-05T18:15:09.727000+00:00,40.569,45.19,38.336,155.0,150.0,False,124.095,"[None, 2048, 2048, 2048, 2048, 2048, 2048, 2048, 2048]","[2048, None, None, 2048, 2048, 2048, 2048, 2048, 2048]","[2048, 2048, 2048, 2048, 2048, 2048, 2048]",170.0
1208,9071,4,5,2023-05-05T18:15:22.211000+00:00,31.781,35.667,26.365,213.0,183.0,False,93.813,"[2048, 2049, 2049, 2049, 2049, 2049, 2049, 2049, 2049]","[2049, None, None, 2049, 2049, 2048, 2049, 2049, 2049]","[2049, 2049, 2049, 2049, 2049, 2049]",331.0
1208,9071,18,9,2023-05-05T18:15:38.820000+00:00,31.943,35.315,26.271,212.0,185.0,False,93.529,"[None, 2048, 2048, 2048, 2049, 2048, 2048, 2049, 2049]","[2049, 2049, 2049, 2049, 2048, 2049, 2049, 2049, 2049]","[2049, 2048, 2048, 2048, 2048, 2048]",332.0
1208,9071,16,9,2023-05-05T18:15:48.742000+00:00,31.46,35.117,25.951,212.0,183.0,False,92.528,"[2049, 2048, 2048, 2048, 2048, 2049, 2049, 2049, 2051]","[2048, 2048, 2048, 2049, 2048, 2049, 2049, 2049, 2048]","[2048, 2048, 2049, 2049, 2049, 2048, 2048]",326.0
1208,9071,1,9,2023-05-05T18:15:51.273000+00:00,34.341,39.247,33.257,195.0,178.0,False,106.845,"[None, 2048, 2048, 2048, 2048, 2048, 2048, 2048, 2048]","[2048, 2048, 2048, 2048, 2048, 2048, 2048, 2048, 2048]","[2048, 2048, 2048, 2048, 2048, 2048, 2064]",281.0
1208,9071,24,5,2023-05-05T18:15:59.523000+00:00,33.318,36.508,26.681,211.0,183.0,False,96.507,"[None, 2049, 2048, 2048, 2048, 2048, 2048, 2049, 2049]","[2049, 2049, 2049, 2049, 2049, 2048, 2048, 2048, 2048]","[2049, 2049, 2048, 2049, 2049, 2049]",314.0
1208,9071,77,5,2023-05-05T18:16:04.570000+00:00,33.302,36.072,26.401,212.0,184.0,False,95.775,"[2048, 2048, 2049, 2049, 2049, 2048, 2049, 2049, 2049]","[2049, 2049, 2049, 2049, 2049, 2049, 2049, 2048, 2049]","[2049, 2049, 2048, 2049, 2048, 2049]",315.0
1208,9071,2,9,2023-05-05T18:16:06.664000+00:00,41.284,40.641,34.488,180.0,172.0,False,116.413,"[2051, 2048, 2048, 2048, 2048, 2048, 2048, 2048, 2048]","[2048, 2048, 2048, 2048, 2048, 2048, 2048, 2048, 2048]","[2048, 2048, 2048, 2048, 2048, 2048, 2064]",286.0
1208,9071,22,8,2023-05-05T18:16:09.570000+00:00,,38.486,28.675,194.0,164.0,True,247.845,"[2064, 2064, 2064, 2048, 2048, 2048, 2048, 2048, 2048]","[2048, 2048, 2048, 2048, 2048, 2048, 2048, 2048, 2048]","[2048, 2048, 2048, 2048, 2048, 2048, 2048]",287.0
1208,9071,11,9,2023-05-05T18:16:20.820000+00:00,37.276,38.732,34.081,195.0,175.0,False,110.089,"[None, 2048, 2048, 2048, 2048, 2048, 2048, 2048, 2048]","[2048, 2048, 2048, 2048, 2048, 2048, 2048, 2048, 2048]","[2048, 2048, 2048, 2048, 2048, 2048, 2064]",297.0
1208,9071,55,10,2023-05-05T18:16:34.163000+00:00,34.434,39.622,36.067,185.0,158.0,False,110.123,"[None, 2048, 2048, 2048, 2048, 2048, 2048, 2048, 2048]","[2048, 2048, 2048, 2048, 2048, 2048, 2048, 2048, 2048]","[2048, 2048, 2048, 2048, 2048, 2048, 2048]",185.0
1208,9071,23,8,2023-05-05T18:16:42.319000+00:00,31.82,35.884,25.775,217.0,179.0,False,93.479,"[2048, 2048, 2049, 2049, 2049, 2049, 2049, 2048, 2049]","[2051, 2051, 2051, 2049, 2049, 2048, 2049, 2048, 2048]","[2049, 2051, 2049, 2048, 2048, 2049]",338.0
1208,9071,14,7,2023-05-05T18:16:52.648000+00:00,32.83,47.663,34.641,210.0,77.0,False,115.134,"[None, 2048, 2049, 2048, 2048, 2049, 2048, 2048, 2048]","[2048, 2048, 2048, 2048, 2048, 2048, 2048, 2048, 2048]","[2048, 2048, 2048, 2048, 2048, 2048]",309.0
1208,9071,4,6,2023-05-05T18:16:55.929000+00:00,43.5,49.84,31.226,153.0,123.0,False,124.566,"[None, 2048, 2048, 2048, 2048, 2048, 2048, 2048, 2048]","[2048, 2048, 2048, 2048, 2048, 2048, 2048, 2048, 2048]","[2048, 2048, 2048, 2048, 2048, 2048, 2048]",216.0
1208,9071,81,5,2023-05-05T18:16:59.366000+00:00,32.73,36.179,26.188,209.0,182.0,False,95.097,"[2049, 2048, 2049, 2049, 2049, 2049, 2049, 2049, 2048]","[2049, 2049, 2049, 2048, 2049, 2048, 2049, 2049, 2049]","[2049, 2049, 2048, 2049, 2049, 2049]",328.0
1208,9071,31,10,2023-05-05T18:17:04.241000+00:00,32.065,35.513,26.164,211.0,182.0,False,93.742,"[None, 2049, 2048, 2048, 2048, 2048, 2048, 2048, 2049]","[2049, 2049, 2049, 2049, 2048, 2048, 2049, 2049, 2048]","[2049, 2049, 2049, 2048, 2048, 2048, 2049]",328.0
1208,9071,18,10,2023-05-05T18:17:12.257000+00:00,45.512,38.654,35.806,197.0,166.0,False,119.972,"[None, 2048, 2048, 2048, 2048, 2048, 2048, 2048, 2048]","[2048, 2048, 2048, 2048, 2048, 2048, 2048, 2048, 2048]","[2048, 2048, 2048, 2048, 2048, 2048, 2064]",225.0
1208,9071,21,10,2023-05-05T18:17:13.850000+00:00,33.457,36.418,33.667,209.0,177.0,False,103.542,"[None, 2048, 2048, 2048, 2048, 2048, 2049, 2048, 2048]","[2049, 2049, 2048, 2048, 2048, 2048, 2048, 2048, 2048]","[2048, 2049, 2048, 2048, 2048, 2048, 2064]",289.0
1208,9071,16,10,2023-05-05T18:17:21.194000+00:00,43.634,57.578,38.359,124.0,114.0,False,139.571,"[None, 2049, 2048, 2048, 2048, 2048, 2048, 2048, 2048]","[2048, 2048, 2048, 2048, 2048, 2048, 2048, 2048, 2048]","[2048, 2048, 2048, 2048, 2048, 2048, 2048]",160.0
1208,9071,24,6,2023-05-05T18:17:36.147000+00:00,45.688,51.932,34.751,135.0,145.0,False,132.371,"[2048, 2048, 2048, 2048, 2048, 2048, 2048, 2048, 2048]","[2048, 2048, 2048, 2048, 2048, 2048, 2048, 2048, 2048]","[2048, 2048, 2048, 2048, 2048, 2049]",220.0
1208,9071,77,6,2023-05-05T18:17:40.381000+00:00,32.868,35.89,26.316,213.0,184.0,False,95.074,"[2049, 2048, 2049, 2049, 2049, 2049, 2049, 2048, 2049]","[2049, 2048, 2048, 2048, 2048, 2049, 2049, 2049, 2048]","[2048, 2049, 2049, 2049, 2048, 2048]",319.0
1208,9071,22,9,2023-05-05T18:17:52.678000+00:00,34.771,36.019,26.032,204.0,181.0,False,96.822,"[2049, 2049, 2048, 2048, 2048, 2049, 2049, 2048, 2048]","[2048, 2048, 2049, 2048, 2048, 2048, 2048, 2049, 2048]","[2048, 2048, 2048, 2048, 2049, 2049, 2049]",332.0
1208,9071,23,9,2023-05-05T18:18:15.787000+00:00,42.658,40.987,34.573,154.0,173.0,False,118.218,"[None, 2048, 2048, 2048, 2048, 2048, 2048, 2048, 2048]","[2048, 2048, 2048, 2048, 2048, 2048, 2048, 2048, 2048]","[2048, 2048, 2048, 2048, 2048, 2048, 2064]",286.0
1208,9071,55,11,2023-05-05T18:18:24.271000+00:00,31.376,35.395,26.521,212.0,185.0,False,93.292,"[2049, 2048, 2048, 2048, 2049, 2049, 2049, 2049, 2049]","[2048, 2048, 2048, 2048, 2049, 2049, 2049, 2051, 2049]","[2048, 2049, 2048, 2049, 2048, 2048, 2048]",331.0
1208,9071,81,6,2023-05-05T18:18:34.381000+00:00,32.335,37.13,26.146,211.0,179.0,False,95.611,"[None, 2049, 2049, 2049, 2049, 2048, 2049, 2048, 2049]","[2049, 2049, 2048, 2048, 2048, 2048, 2049, 2048, 2048]","[2048, 2049, 2049, 2049, 2048, 2048]",332.0
1208,9071,31,11,2023-05-05T18:18:37.943000+00:00,46.588,48.797,32.283,170.0,129.0,False,127.668,"[None, 2048, 2048, 2048, 2048, 2048, 2048, 2048, 2048]","[2048, 2048, 2048, 2048, 2048, 2048, 2048, 2048, 2048]","[2048, 2048, 2048, 2048, 2048, 2048, 2048]",295.0
1208,9071,14,8,2023-05-05T18:18:47.756000+00:00,31.313,35.471,25.758,215.0,186.0,False,92.542,"[None, 2048, 2049, 2049, 2049, 2049, 2048, 2048, 2048]","[2049, 2049, 2048, 2048, 2048, 2049, 2048, 2049, 2048]","[2049, 2049, 2049, 2049, 2049, 2049]",334.0
1208,9071,4,7,2023-05-05T18:19:00.599000+00:00,31.7,36.172,26.25,205.0,182.0,False,94.122,"[2049, 2049, 2048, 2049, 2049, 2049, 2049, 2051, 2048]","[2048, 2049, 2048, 2048, 2049, 2048, 2048, 2048, 2048]","[2048, 2048, 2048, 2049, 2048, 2049, 2048]",331.0
1208,9071,77,7,2023-05-05T18:19:15.427000+00:00,32.717,35.926,26.401,209.0,183.0,False,95.044,"[2048, 2048, 2048, 2049, 2049, 2049, 2049, 2048, 2048]","[2048, 2048, 2048, 2048, 2049, 2048, 2048, 2048, 2048]","[2048, 2048, 2049, 2048, 2048, 2048]",320.0
1208,9071,22,10,2023-05-05T18:19:29.458000+00:00,46.023,46.579,30.052,153.0,138.0,False,122.654,"[2048, 2048, 2048, 2048, 2048, 2048, 2048, 2048, 2048]","[2048, 2048, 2048, 2048, 2048, 2048, 2048, 2048, 2048]","[2048, 2048, 2048, 2048, 2048, 2048, 2048]",281.0
1208,9071,16,11,2023-05-05T18:19:40.817000+00:00,31.469,35.08,25.929,211.0,185.0,False,92.478,"[2048, 2048, 2048, 2048, 2048, 2049, 2048, 2049, 2048]","[2048, 2048, 2048, 2048, 2049, 2049, 2048, 2048, 2051]","[2048, 2048, 2048, 2048, 2049, 2048]",328.0
1208,9071,24,7,2023-05-05T18:19:48.458000+00:00,32.192,35.891,26.348,207.0,184.0,False,94.431,"[2049, 2049, 2049, 2049, 2049, 2049, 2049, 2049, 2048]","[2048, 2048, 2048, 2049, 2049, 2049, 2049, 2048, 2048]","[2048, 2048, 2049, 2049, 2049, 2048]",321.0
1208,9071,55,12,2023-05-05T18:19:57.599000+00:00,40.878,45.64,37.654,175.0,156.0,False,124.172,"[2048, 2048, 2048, 2048, 2048, 2048, 2048, 2048, 2048]","[2048, 2048, 2048, 2048, 2048, 2048, 2048, 2048, 2048]","[2048, 2048, 2048, 2048, 2048, 2048, 2064]",209.0
1208,9071,81,7,2023-05-05T18:20:10.083000+00:00,45.165,49.249,32.436,141.0,126.0,False,126.85,"[2048, 2048, 2048, 2048, 2048, 2048, 2048, 2048, 2048]","[2048, 2048, 2048, 2048, 2048, 2048, 2048, 2048, 2048]","[2048, 2048, 2048, 2048, 2048, 2048, 2048]",227.0
1208,9071,14,9,2023-05-05T18:20:20.208000+00:00,48.546,70.592,36.465,97.0,95.0,False,155.603,"[2048, 2048, 2048, 2048, 2048, 2048, 2048, 2048, 2048]","[2048, 2048, 2048, 2048, 2048, 2048, 2048, 2048, 2048]","[2048, 2048, 2048, 2048, 2048, 2048, 2048]",308.0
1208,9071,4,8,2023-05-05T18:20:34.707000+00:00,36.519,38.497,36.61,178.0,172.0,False,111.626,"[2048, 2048, 2048, 2048, 2048, 2048, 2048, 2048, 2048]","[2048, 2048, 2048, 2048, 2048, 2048, 2048, 2048, 2048]","[2048, 2048, 2048, 2048, 2048, 2048, 2064]",232.0
1208,9071,31,12,2023-05-05T18:20:45.676000+00:00,31.609,35.455,26.043,211.0,185.0,False,93.107,"[None, 2048, 2049, 2049, 2049, 2048, 2049, 2049, 2049]","[2048, 2048, 2048, 2048, 2048, 2048, 2048, 2049, 2049]","[2049, 2048, 2048, 2048, 2049, 2049, 2049]",325.0
1208,9071,77,8,2023-05-05T18:20:50.473000+00:00,32.716,35.591,26.641,213.0,185.0,False,94.948,"[None, 2048, 2049, 2048, 2048, 2048, 2049, 2048, 2048]","[2049, 2048, 2049, 2048, 2049, 2048, 2049, 2049, 2048]","[2049, 2049, 2048, 2049, 2048, 2049]",319.0
1208,9071,16,12,2023-05-05T18:21:13.223000+00:00,31.584,35.342,32.412,212.0,181.0,False,99.338,"[None, 2048, 2049, 2048, 2048, 2048, 2048, 2048, 2048]","[2048, 2048, 2048, 2048, 2048, 2048, 2048, 2048, 2048]","[2048, 2048, 2048, 2048, 2048, 2048, 2064]",311.0
1208,9071,24,8,2023-05-05T18:21:22.848000+00:00,32.038,35.806,26.549,210.0,183.0,False,94.393,"[2048, 2048, 2048, 2049, 2049, 2048, 2049, 2049, 2049]","[2049, 2048, 2049, 2048, 2049, 2048, 2048, 2049, 2049]","[2049, 2049, 2049, 2048, 2048, 2048]",322.0
1208,9071,22,11,2023-05-05T18:21:32.113000+00:00,32.132,35.738,25.857,210.0,183.0,False,93.727,"[None, 2048, 2049, 2049, 2049, 2049, 2049, 2049, 2049]","[2049, 2049, 2049, 2048, 2048, 2048, 2049, 2049, 2049]","[2049, 2049, 2048, 2049, 2049, 2049]",333.0
1208,9071,81,8,2023-05-05T18:22:16.925000+00:00,31.831,35.4,25.921,215.0,186.0,False,93.152,"[None, 2048, 2049, 2049, 2049, 2049, 2049, 2048, 2049]","[2049, 2049, 2049, 2048, 2049, 2049, 2048, 2049, 2049]","[2049, 2049, 2048, 2048, 2049, 2049]",328.0
1208,9071,31,13,2023-05-05T18:22:18.644000+00:00,32.586,36.544,26.668,208.0,182.0,False,95.798,"[None, 2048, 2048, 2048, 2048, 2048, 2048, 2048, 2048]","[2048, 2048, 2048, 2048, 2048, 2048, 2048, 2048, 2048]","[2048, 2048, 2048, 2048, 2048, 2048, 2048]",299.0
1208,9071,77,9,2023-05-05T18:22:25.425000+00:00,32.125,35.592,26.256,214.0,185.0,False,93.973,"[None, 2049, 2049, 2049, 2048, 2048, 2049, 2049, 2049]","[2049, 2048, 2048, 2048, 2048, 2049, 2049, 2048, 2048]","[2048, 2048, 2048, 2048, 2049, 2048]",319.0
1208,9071,14,10,2023-05-05T18:22:55.909000+00:00,31.601,35.739,34.239,209.0,180.0,False,101.579,"[None, 2048, 2049, 2049, 2049, 2049, 2049, 2048, 2048]","[2048, 2048, 2048, 2048, 2048, 2049, 2048, 2049, 2048]","[2048, 2048, 2048, 2048, 2048, 2048, 2064]",252.0
1208,9071,24,9,2023-05-05T18:22:57.222000+00:00,38.557,40.205,34.728,189.0,166.0,False,113.49,"[None, 2048, 2048, 2048, 2048, 2048, 2048, 2048, 2048]","[2048, 2048, 2048, 2048, 2048, 2048, 2048, 2048, 2048]","[2048, 2048, 2048, 2048, 2048, 2048, 2064]",239.0
1208,9071,22,12,2023-05-05T18:23:05.768000+00:00,38.614,39.264,34.653,181.0,169.0,False,112.531,"[None, 2048, 2048, 2048, 2048, 2048, 2048, 2048, 2048]","[2048, 2048, 2048, 2048, 2048, 2048, 2048, 2048, 2048]","[2048, 2048, 2048, 2048, 2048, 2048, 2064]",301.0
1208,9071,27,9,2023-05-05T18:23:24.346000+00:00,,46.122,28.998,147.0,141.0,True,660.677,"[2064, 2064, 2064, 2048, 2048, 2048, 2048, 2048, 2048]","[2048, 2048, 2048, 2048, 2048, 2048, 2048, 2048, 2048]","[2048, 2048, 2048, 2048, 2048, 2048]",290.0
1208,9071,20,9,2023-05-05T18:23:48.893000+00:00,,43.13,36.504,162.0,86.0,True,702.601,"[2064, 2064, 2064, 2048, 2048, 2048, 2048, 2048, 2048]","[2048, 2048, 2048, 2048, 2048, 2048, 2048, 2048, 2048]","[2048, 2048, 2048, 2048, 2048, 2048, 2048]",173.0
1208,9071,81,9,2023-05-05T18:23:49.987000+00:00,48.896,48.293,31.635,145.0,120.0,False,128.824,"[None, 2048, 2048, 2048, 2048, 2048, 2048, 2048, 2048]","[2048, 2048, 2048, 2048, 2048, 2048, 2048, 2048, 2048]","[2048, 2048, 2048, 2048, 2048, 2048]",187.0
1208,9071,31,14,2023-05-05T18:23:54.533000+00:00,32.379,36.179,26.684,209.0,182.0,False,95.242,"[None, 2048, 2048, 2048, 2048, 2048, 2048, 2048, 2048]","[2048, 2049, 2048, 2048, 2048, 2048, 2048, 2049, 2048]","[2048, 2048, 2048, 2048, 2048, 2048, 2048]",298.0
1208,9071,77,10,2023-05-05T18:23:59.393000+00:00,32.952,37.829,31.845,208.0,180.0,False,102.626,"[None, 2049, 2048, 2048, 2048, 2048, 2048, 2048, 2048]","[2048, 2048, 2048, 2048, 2048, 2048, 2048, 2048, 2048]","[2048, 2048, 2048, 2048, 2048, 2048, 2064]",299.0
1208,9071,2,10,2023-05-05T18:24:51.814000+00:00,,39.144,30.681,194.0,174.0,True,516.538,"[2064, 2064, 2064, 2048, 2048, 2048, 2048, 2048, 2048]","[2048, 2048, 2048, 2048, 2048, 2048, 2048, 2048, 2048]","[2048, 2048, 2048, 2048, 2048, 2048]",248.0
1208,9071,27,10,2023-05-05T18:25:18.970000+00:00,30.782,34.731,25.879,215.0,185.0,False,91.392,"[2048, 2048, 2051, 2049, 2049, 2049, 2049, 2049, 2051]","[2049, 2048, 2048, 2048, 2049, 2051, 2051, 2051, 2049]","[2049, 2049, 2048, 2049, 2051, 2049]",327.0
1208,9071,22,13,2023-05-05T18:25:23.251000+00:00,62.93,44.904,28.424,162.0,151.0,True,136.258,"[2064, 2064, 2064, 2048, 2048, 2048, 2048, 2048, 2048]","[2048, 2048, 2048, 2048, 2048, 2048, 2048, 2048, 2048]","[2048, 2048, 2048, 2048, 2048, 2048, 2048]",291.0
1208,9071,31,15,2023-05-05T18:25:29.767000+00:00,35.11,38.739,41.74,185.0,156.0,False,115.589,"[None, 2048, 2048, 2048, 2048, 2048, 2048, 2048, 2048]","[2048, 2048, 2048, 2048, 2048, 2048, 2048, 2048, 2048]","[2048, 2048, 2048, 2048, 2048, 2048, 2064]",173.0
1208,9071,20,10,2023-05-05T18:25:45.157000+00:00,31.072,34.954,25.827,214.0,185.0,False,91.853,"[2048, 2048, 2049, 2049, 2049, 2049, 2049, 2051, 2049]","[2049, 2049, 2048, 2048, 2049, 2049, 2049, 2049, 2049]","[2049, 2049, 2049, 2048, 2051, 2048]",330.0
1208,9071,81,10,2023-05-05T18:25:58.907000+00:00,31.511,35.639,26.014,211.0,186.0,False,93.164,"[None, 2048, 2049, 2049, 2049, 2049, 2051, 2049, 2048]","[2048, 2048, 2048, 2048, 2049, 2049, 2048, 2048, 2049]","[2048, 2048, 2048, 2048, 2049, 2048, 2049]",329.0
1208,9071,18,11,2023-05-05T18:26:05.266000+00:00,,46.368,33.147,153.0,120.0,True,536.349,"[2064, 2064, 2064, 2048, 2048, 2048, 2048, 2048, 2048]","[2048, 2048, 2048, 2048, 2048, 2048, 2048, 2048, 2048]","[2048, 2048, 2048, 2048, 2048, 2048, 2048]",214.0
1208,9071,2,11,2023-05-05T18:26:39.641000+00:00,32.248,35.567,25.716,209.0,182.0,False,93.531,"[2048, 2049, 2049, 2049, 2048, 2049, 2049, 2049, 2049]","[2048, 2048, 2048, 2048, 2048, 2049, 2049, 2049, 2048]","[2048, 2048, 2048, 2048, 2049, 2049]",333.0
1208,9071,27,11,2023-05-05T18:26:50.250000+00:00,50.382,57.91,37.605,130.0,123.0,False,145.897,"[None, 2048, 2048, 2048, 2048, 2048, 2048, 2048, 2048]","[2048, 2048, 2048, 2048, 2048, 2048, 2048, 2048, 2048]","[2048, 2048, 2048, 2048, 2048, 2048, 2048]",254.0
1208,9071,22,14,2023-05-05T18:27:14.640000+00:00,37.408,46.834,30.312,146.0,147.0,False,114.554,"[2048, 2048, 2048, 2048, 2048, 2048, 0, 0, 2048]","[2048, 2048, 2048, 2048, 2048, 2048, 2048, 2048, 2048]","[2048, 2048, 2048, 2048, 2048, 2048, 2048]",234.0
1208,9071,20,11,2023-05-05T18:27:16.953000+00:00,43.608,43.696,37.621,175.0,142.0,False,124.925,"[None, 2048, 2048, 2048, 2048, 2048, 2048, 2048, 2048]","[2048, 2048, 2048, 2048, 2048, 2048, 2048, 2048, 2048]","[2048, 2048, 2048, 2048, 2048, 2048, 2048]",144.0
1208,9071,81,11,2023-05-05T18:27:32.078000+00:00,37.539,40.147,37.634,196.0,117.0,False,115.32,"[None, 2048, 2048, 2048, 2048, 2048, 2048, 2048, 2048]","[2048, 2048, 2048, 2048, 2048, 2048, 2048, 2048, 2048]","[2048, 2048, 2048, 2048, 2048, 2048, 2064]",220.0
1208,9071,23,10,2023-05-05T18:27:36.218000+00:00,,37.829,30.168,203.0,171.0,True,545.489,"[2064, 2064, 2064, 2048, 2048, 2048, 2048, 2048, 2048]","[2048, 2048, 2048, 2048, 2048, 2048, 2048, 2048, 2048]","[2048, 2048, 2048, 2048, 2048, 2048, 2048]",288.0
1208,9071,18,12,2023-05-05T18:28:08.656000+00:00,48.059,61.2,39.981,107.0,61.0,False,149.24,"[2048, 2048, 2048, 2048, 2048, 2048, 2048, 2048, 2048]","[2048, 2048, 2048, 2048, 2048, 2048, 2048, 2048, 2048]","[2048, 2048, 2048, 2048, 2048, 2048, 2048]",243.0
1208,9071,2,12,2023-05-05T18:28:13.155000+00:00,44.045,46.413,35.421,150.0,111.0,False,125.879,"[None, 2048, 2048, 2048, 2048, 2048, 2048, 2048, 2048]","[2048, 2048, 2048, 2048, 2048, 2048, 2048, 2048, 2048]","[2048, 2048, 2048, 2048, 2048, 2048, 2064]",297.0
1208,9071,44,8,2023-05-05T18:28:29.593000+00:00,,37.081,26.658,207.0,179.0,True,992.655,"[2064, 2064, 2064, 2048, 2048, 2048, 2048, 2048, 2048]","[2048, 2048, 2048, 2048, 2048, 2048, 2048, 2049, 2049]","[2048, 2048, 2048, 2048, 2049, 2048, 2048]",311.0
1208,9071,1,10,2023-05-05T18:28:38.124000+00:00,,40.302,31.7,195.0,123.0,True,765.682,"[2064, 2064, 2064, 2048, 2048, 2048, 2048, 2048, 2048]","[2048, 2048, 2048, 2048, 2048, 2048, 2048, 2048, 2048]","[2048, 2048, 2048, 2048, 2048, 2049, 2048]",264.0
1208,9071,11,10,2023-05-05T18:28:47.764000+00:00,,37.303,34.963,186.0,132.0,True,740.406,"[2064, 2064, 2064, 2048, 2048, 2048, 2049, 2048, 2048]","[2048, 2048, 2048, 2048, 2048, 2049, 2048, 2048, 2048]","[2048, 2048, 2048, 2048, 2048, 2049, 2048]",170.0
1208,9071,22,15,2023-05-05T18:29:09.170000+00:00,32.137,35.599,25.828,212.0,184.0,False,93.564,"[None, 2048, 2048, 2048, 2048, 2049, 2049, 2049, 2048]","[2049, 2049, 2048, 2048, 2048, 2048, 2049, 2048, 2049]","[2048, 2048, 2048, 2048, 2049, 2049]",332.0
1208,9071,27,12,2023-05-05T18:29:16.217000+00:00,30.856,34.923,25.654,215.0,185.0,False,91.433,"[None, 2049, 2048, 2048, 2049, 2049, 2049, 2051, 2048]","[2049, 2049, 2049, 2049, 2049, 2048, 2048, 2048, 2049]","[2049, 2049, 2049, 2049, 2051, 2049, 2049]",330.0
1208,9071,23,11,2023-05-05T18:29:19.514000+00:00,31.19,35.121,25.592,216.0,186.0,False,91.903,"[2048, 2048, 2049, 2049, 2048, 2049, 2049, 2049, 2049]","[2048, 2048, 2048, 2048, 2048, 2049, 2048, 2049, 2049]","[2049, 2048, 2048, 2049, 2049, 2049]",338.0
1208,9071,20,12,2023-05-05T18:29:21.998000+00:00,42.938,51.369,39.82,159.0,106.0,False,134.127,"[None, 2048, 2048, 2048, 2048, 2048, 2048, 2048, 2048]","[2048, 2048, 2048, 2048, 2048, 2048, 2048, 2048, 2048]","[2048, 2048, 2048, 2048, 2048, 2048, 2048]",217.0
1208,9071,63,3,2023-05-05T18:29:36.014000+00:00,,36.26,26.693,201.0,183.0,True,1569.343,"[2064, 2064, 2064, 2048, 2048, 2048, 2049, 2048, 2049]","[2049, 2049, 2049, 2049, 2049, 2049, 2049, 2049, 2049]","[2049, 2049, 2049, 2049, 2049, 2049, 2048]",323.0
1208,9071,14,11,2023-05-05T18:29:40.905000+00:00,,56.312,40.494,127.0,162.0,True,443.592,"[2064, 2064, 2064, 2048, 2048, 2048, 2048, 2048, 2048]","[2048, 2048, 2048, 2048, 2048, 2048, 2048, 2048, 2048]","[2048, 2048, 2048, 2048, 2048, 2048, 2048]",107.0
1208,9071,10,10,2023-05-05T18:30:00.342000+00:00,,44.041,28.183,185.0,172.0,True,921.015,"[2064, 2064, 2064, 2048, 2048, 2048, 2048, 2048, 2048]","[2048, 2048, 2048, 2048, 2048, 2048, 2048, 2048, 2048]","[2048, 2048, 2048, 2048, 2048, 2048, 2048]",279.0
1208,9071,44,9,2023-05-05T18:30:05.576000+00:00,33.539,36.086,26.515,209.0,183.0,False,96.14,"[2048, 2048, 2048, 2048, 2048, 2048, 2048, 2048, 2048]","[2048, 2048, 2048, 2048, 2048, 2048, 2048, 2049, 2049]","[2048, 2048, 2048, 2048, 2049, 2048, 2048]",311.0
1208,9071,1,11,2023-05-05T18:30:23.904000+00:00,31.151,34.442,25.461,216.0,186.0,False,91.054,"[2048, 2048, 2049, 2048, 2048, 2048, 2048, 2048, 2049]","[2049, 2048, 2048, 2048, 2049, 2049, 2051, 2049, 2048]","[2048, 2049, 2049, 2049, 2049, 2049]",340.0
1208,9071,11,11,2023-05-05T18:30:31.388000+00:00,30.915,34.885,25.781,211.0,186.0,False,91.581,"[2048, 2048, 2049, 2049, 2049, 2049, 2049, 2049, 2049]","[2048, 2048, 2048, 2048, 2049, 2049, 2048, 2048, 2048]","[2049, 2048, 2048, 2048, 2049, 2048]",340.0
1208,9071,2,13,2023-05-05T18:30:36.248000+00:00,61.29,42.077,27.447,185.0,163.0,True,130.814,"[2064, 2064, 2064, 2048, 2048, 2048, 2048, 2048, 2048]","[2048, 2048, 2048, 2048, 2048, 2048, 2048, 2048, 2048]","[2048, 2048, 2048, 2048, 2048, 2048]",302.0
1208,9071,18,13,2023-05-05T18:30:37.888000+00:00,49.045,52.521,31.115,138.0,77.0,False,132.681,"[None, 2048, 2048, 2048, 2048, 2048, 2048, 2048, 2048]","[2048, 2048, 2048, 2048, 2048, 2048, 2048, 2048, 2048]","[2048, 2048, 2048, 2048, 2048, 2048, 2048]",251.0
1208,9071,22,16,2023-05-05T18:30:42.669000+00:00,39.365,40.859,35.408,182.0,172.0,False,115.632,"[None, 2048, 2048, 2048, 2048, 2048, 2048, 2048, 2048]","[2048, 2048, 2048, 2048, 2048, 2048, 2048, 2048, 2048]","[2048, 2048, 2048, 2048, 2048, 2048, 2064]",166.0
1208,9071,27,13,2023-05-05T18:30:47.669000+00:00,46.879,50.055,31.546,156.0,154.0,False,128.48,"[None, 2048, 2048, 2048, 2048, 2048, 2048, 2048, 2048]","[2048, 2048, 2048, 2048, 2048, 2048, 2048, 2048, 2048]","[2048, 2048, 2048, 2048, 2048, 2048, 2048]",155.0
1208,9071,23,12,2023-05-05T18:30:51.326000+00:00,47.973,50.287,43.016,134.0,125.0,False,141.276,"[None, 2048, 2048, 2048, 2048, 2048, 2048, 2048, 2048]","[2048, 2048, 2048, 2048, 2048, 2048, 2048, 2048, 2048]","[2048, 2048, 2048, 2048, 2048, 2048, 2064]",172.0
1208,9071,4,9,2023-05-05T18:31:01.669000+00:00,,45.119,35.0,135.0,153.0,True,635.417,"[2064, 2064, 2064, 2048, 2048, 2048, 2048, 2048, 2048]","[2048, 2048, 2048, 2048, 2048, 2048, 2048, 2048, 2048]","[2048, 2048, 2048, 2048, 2048, 2048, 2048]",123.0
1208,9071,63,4,2023-05-05T18:31:12.075000+00:00,32.259,35.388,26.349,212.0,186.0,False,93.996,"[2048, 2048, 2049, 2049, 2049, 2049, 2049, 2049, 2049]","[2049, 2049, 2049, 2049, 2049, 2049, 2049, 2049, 2049]","[2049, 2049, 2049, 2049, 2049, 2049]",325.0
1208,9071,77,11,2023-05-05T18:31:14.153000+00:00,,40.896,35.842,206.0,166.0,True,443.867,"[2064, 2064, 2064, 2048, 2048, 2048, 2048, 2048, 2048]","[2048, 2048, 2048, 2048, 2048, 2048, 2048, 2048, 2048]","[2048, 2048, 2048, 2048, 2048, 2048, 2048]",180.0
1208,9071,20,13,2023-05-05T18:31:36.059000+00:00,31.052,35.423,25.853,212.0,187.0,False,92.328,"[None, 2049, 2048, 2049, 2048, 2051, 2048, 2048, 2049]","[2048, 2048, 2049, 2048, 2049, 2048, 2048, 2048, 2049]","[2049, 2049, 2049, 2048, 2048, 2048, 2048]",331.0
1208,9071,44,10,2023-05-05T18:31:41.700000+00:00,33.258,36.416,26.556,205.0,180.0,False,96.23,"[None, 2048, 2048, 2048, 2048, 2048, 2048, 2048, 2048]","[2048, 2048, 2048, 2048, 2048, 2048, 2048, 2048, 2048]","[2048, 2048, 2048, 2048, 2048, 2048]",317.0
1208,9071,10,11,2023-05-05T18:31:48.934000+00:00,31.827,35.396,,215.0,184.0,False,,"[2048, 2049, 2048, 2048, 2049, 2049, 2048, 2049, 2049]","[2049, 2048, 2049, 2048, 2048, 2049, 2048, 2049, 2049]","[2049, 2048, 2048]",329.0
1208,9071,1,12,2023-05-05T18:31:54.856000+00:00,46.834,,,154.0,,False,,"[None, 2048, 2048, 2048, 2048, 2048, 2048, 2048, 2048]","[2048, 2048, 2048, 2048, 2048, 2048, 2048, 2048, 2048]",[2048],
1208,9071,14,12,2023-05-05T18:32:01.059000+00:00,31.166,34.819,,216.0,189.0,False,,"[2048, 2048, 2049, 2048, 2048, 2048, 2048, 2049, 2048]","[2049, 2049, 2049, 2048, 2048, 2049, 2049, 2049, 2049]","[2049, 2049, 2048]",333.0
1208,9071,11,12,2023-05-05T18:32:02.903000+00:00,43.691,,,157.0,,False,,"[None, 2048, 2048, 2048, 2048, 2048, 2048, 2048, 2048]","[2048, 2048, 2048, 2048, 2048, 2048, 2048, 2048, 2048]",[2048],
1208,9071,24,10,2023-05-05T18:32:12.372000+00:00,,,,182.0,,True,,"[2064, 2064, 2064, 2048, 2048, 2048, 2048, 2048, 2048]","[2048, 2048, 2048, 2048, 2048, 2048, 2048, 2048, 2048]",[2048],
1208,9071,2,14,2023-05-05T18:32:29.918000+00:00,31.675,,,215.0,,False,,"[2048, 2048, 2049, 2049, 2049, 2049, 2049, 2049, 2049]","[2049, 2048, 2048, 2048, 2048, 2049, 2048, 2048, 2048]",[2048],
1208,9071,63,5,2023-05-05T18:32:45.996000+00:00,31.772,,,211.0,,False,,"[None, 2048, 2049, 2049, 2049, 2049, 2049, 2048, 2048]","[2048, 2048, 2048, 2048, 2048, 2048, 2048, 2048, 2048]",[2048],
1208,9071,18,14,2023-05-05T18:32:50.574000+00:00,,,,,,False,,"[None, 2048, 2048, 2049, 2049, 2048, 2049, 2049, 2049]","[2048, 2048, 2048, 2048, 2048, 2048, 2048, 2048, 2048]",[2048],
1208,9071,27,14,2023-05-05T18:32:56.152000+00:00,,,,,,False,,"[None, 0, 0, 0, 0, 0, 0, 0, 0]",,,
1208,9071,4,10,2023-05-05T18:33:01.746000+00:00,,,,,,False,,"[2048, 2048, 2049, 2049, 2048, 2048, 2048, 2048, 2048]","[2048, 2048, 2048, 2048, 2048, 2048, 2048, 2048, 2048]",[2048],
1208,9071,77,12,2023-05-05T18:33:05.965000+00:00,,,,,,False,,"[2049, 2049, 2049, 2049, 2048, 2048, 2048, 2048, 2048]","[2048, 2048, 2048, 2048, 2048, 2048, 2048, 2048, 2048]",[2048],
1208,9071,20,14,2023-05-05T18:33:08.418000+00:00,,,,,,False,,"[None, 2048, 2048, 2048, 2048, 2048, 2048, 2048, 2048]","[2048, 2048, 2048, 2048, 2048, 2048, 2048, 2048, 2048]",[2048],
1208,9071,44,11,2023-05-05T18:33:17.949000+00:00,,,,,,False,,"[None, 2048, 2048, 2048, 2048, 2048, 2048, 2048, 2048]","[2048, 2048, 2048, 2048, 2048, 2048, 2048, 2049, 2048]",[2048],
1208,9071,23,13,2023-05-05T18:42:03.849000+00:00,,37.298,28.428,204.0,136.0,True,631.762,"[2064, 2064, 2064, 2048, 2048, 2048, 2048, 2048, 2048]","[2048, 2048, 2048, 2048, 2048, 2048, 2048, 2048, 2048]","[2048, 2048, 2048, 2048, 2048, 2048, 2048]",299.0
1208,9071,11,13,2023-05-05T18:42:11.099000+00:00,,38.814,30.09,208.0,102.0,True,708.762,"[2064, 2064, 2064, 2048, 2048, 2048, 2048, 2048, 2048]","[2048, 2048, 2048, 2048, 2048, 2048, 2048, 2048, 2048]","[2048, 2048, 2048, 2048, 2048, 2048, 2048]",290.0
1208,9071,1,13,2023-05-05T18:42:14.099000+00:00,,36.799,27.236,202.0,179.0,True,723.04,"[2064, 2064, 2064, 2048, 2048, 2048, 2048, 2048, 2048]","[2048, 2048, 2048, 2048, 2048, 2048, 2048, 2048, 2048]","[2048, 2048, 2048, 2048, 2048, 2048, 2048]",293.0
1208,9071,44,12,2023-05-05T18:42:16.849000+00:00,,37.201,27.073,208.0,181.0,True,640.663,"[2064, 2064, 2064, 2048, 2048, 2048, 2048, 2048, 2048]","[2048, 2048, 2048, 2048, 2048, 2048, 2048, 2048, 2048]","[2048, 2048, 2048, 2048, 2048, 2049, 2048]",283.0
1208,9071,2,15,2023-05-05T18:42:20.099000+00:00,,42.164,28.091,202.0,168.0,True,699.315,"[2064, 2064, 2064, 2048, 2048, 2048, 2048, 2048, 2048]","[2048, 2048, 2048, 2048, 2048, 2048, 2048, 2048, 2048]","[2048, 2048, 2048, 2048, 2048, 2048, 0]",301.0
1208,9071,22,17,2023-05-05T18:42:24.052000+00:00,,39.566,33.386,204.0,153.0,True,697.739,"[2064, 2064, 2064, 2048, 2048, 2048, 2048, 2048, 2048]","[2048, 2048, 2048, 2048, 2048, 2048, 2048, 2048, 2048]","[2048, 2048, 2048, 2048, 2048, 2048, 0]",255.0
1208,9071,63,6,2023-05-05T18:42:26.615000+00:00,,43.016,34.485,209.0,103.0,True,694.933,"[2064, 2064, 2064, 2048, 2048, 2048, 2048, 2048, 2048]","[2048, 2048, 2048, 2048, 2048, 2048, 2048, 2048, 2048]","[2048, 2048, 2048, 2048, 2048, 2048, 2049]",231.0
1208,9071,4,11,2023-05-05T18:42:35.490000+00:00,,40.56,35.107,180.0,134.0,True,687.257,"[2064, 2064, 2064, 2048, 2048, 2048, 2048, 2048, 2048]","[2048, 2048, 2048, 2048, 2048, 2048, 2048, 2048, 2048]","[2048, 2048, 2048, 2048, 2048, 2048, 0]",128.0
1208,9071,81,12,2023-05-05T18:42:38.896000+00:00,,39.621,35.197,192.0,142.0,True,908.822,"[2064, 2064, 2064, 2048, 2048, 2048, 2048, 2048, 2048]","[2048, 2048, 2048, 2048, 2048, 2048, 2048, 2048, 2048]","[2048, 2048, 2048, 2048, 2048, 2048, 0]",97.0
1208,9071,77,13,2023-05-05T18:42:42.318000+00:00,,40.03,38.538,204.0,121.0,True,694.68,"[2064, 2064, 2064, 2048, 2048, 2048, 2048, 2048, 2048]","[2048, 2049, 2048, 2048, 2048, 2048, 2048, 2048, 2048]","[2048, 2048, 2048, 2048, 2048, 2048, 2048]",89.0
1208,9071,24,11,2023-05-05T18:42:44.646000+00:00,,41.637,38.12,183.0,116.0,True,1194.555,"[None, 2064, 2064, 2048, 2048, 2048, 2048, 2048, 2048]","[2048, 2048, 2048, 2048, 2048, 2048, 2048, 2048, 2048]","[2048, 2048, 2048, 2048, 2048, 2048, 2048]",63.0
1208,9071,14,13,2023-05-05T18:42:46.771000+00:00,,49.144,32.177,137.0,127.0,True,772.794,"[2064, 2064, 2064, 2048, 2048, 2048, 2048, 2048, 2048]","[2048, 2048, 2048, 2048, 2048, 2048, 2048, 2048, 2048]","[2048, 2048, 2048, 2048, 2048, 2048, 2049]",156.0
1208,9071,31,16,2023-05-05T18:43:01.161000+00:00,,43.907,35.149,173.0,121.0,True,1055.659,"[2064, 2064, 2064, 2048, 2048, 2048, 2048, 2048, 2048]","[2048, 2048, 2048, 2048, 2048, 2048, 2048, 2048, 2048]","[2048, 2048, 2048, 2048, 2048, 2048]",193.0
1208,9071,16,13,2023-05-05T18:43:08.317000+00:00,,47.153,35.617,175.0,35.0,True,1337.824,"[2064, 2064, 2064, 2048, 2048, 2048, 2048, 2048, 2048]","[2048, 2048, 2048, 2048, 2048, 2048, 2048, 2048, 2048]","[2048, 2048, 2048, 2048, 2048, 2048, 2048]",244.0
1208,9071,55,13,2023-05-05T18:43:21.474000+00:00,,44.102,34.739,188.0,47.0,True,1394.712,"[2064, 2064, 2064, 2048, 2048, 2048, 2048, 2048, 2048]","[2048, 2048, 2048, 2048, 2048, 2048, 2048, 2048, 2048]","[2048, 2048, 2048, 2048, 2048, 2048, 2048]",116.0
1208,9071,23,14,2023-05-05T18:43:44.473000+00:00,31.561,35.615,25.806,216.0,182.0,False,92.982,"[2048, 2048, 2048, 2049, 2048, 2048, 2048, 2048, 2048]","[2048, 2048, 2048, 2048, 2049, 2048, 2048, 2048, 2048]","[2048, 2048, 2048, 2048, 2048, 2048, 2048]",335.0
1208,9071,11,14,2023-05-05T18:43:51.739000+00:00,30.91,35.03,25.626,210.0,185.0,False,91.566,"[2048, 2048, 2048, 2049, 2051, 2048, 2048, 2049, 2048]","[2048, 2048, 2048, 2048, 2048, 2048, 2049, 2048, 2048]","[2048, 2048, 2048, 2048, 2049, 2048]",340.0
1208,9071,1,14,2023-05-05T18:43:57.973000+00:00,30.56,34.497,25.492,215.0,186.0,False,90.549,"[2048, 2048, 2049, 2049, 2049, 2051, 2048, 2049, 2049]","[2049, 2049, 2049, 2048, 2049, 2048, 2048, 2048, 2051]","[2048, 2048, 2048, 2048, 2049, 2049]",340.0
1208,9071,44,13,2023-05-05T18:43:58.598000+00:00,32.468,36.038,26.168,,185.0,False,94.674,"[2048, 2048, 2048, 2048, 2048, 2048, 2048, 2048, 2048]","[2048, 2048, 2048, 2048, 2048, 2048, 2049, 2048, 2049]","[2048, 2048, 2048, 2048, 2049, 2049]",320.0
1208,9071,2,16,2023-05-05T18:44:09.239000+00:00,32.101,35.267,25.636,216.0,185.0,False,93.004,"[2048, 2048, 2048, 2048, 2048, 2048, 2048, 2049, 2048]","[2049, 2048, 2048, 2048, 2049, 2048, 2049, 2048, 2048]","[2048, 2048, 2048, 2048, 2049, 2048]",336.0
1208,9071,22,18,2023-05-05T18:44:16.113000+00:00,31.546,35.297,25.818,213.0,185.0,False,92.661,"[2048, 2048, 2049, 2048, 2048, 2049, 2049, 2049, 2049]","[2049, 2049, 2048, 2048, 2048, 2048, 2049, 2049, 2049]","[2049, 2048, 2048, 2048, 2049, 2049]",333.0
1208,9071,63,7,2023-05-05T18:44:20.988000+00:00,31.948,35.65,26.285,211.0,184.0,False,93.883,"[2048, 2048, 2049, 2048, 2048, 2049, 2048, 2048, 2048]","[2048, 2048, 2049, 2049, 2049, 2048, 2048, 2048, 2048]","[2048, 2049, 2049, 2049, 2048, 2048]",331.0
1208,9071,4,12,2023-05-05T18:44:29.004000+00:00,30.921,35.23,25.846,216.0,184.0,False,91.997,"[2049, 2049, 2049, 2048, 2049, 2049, 2049, 2048, 2049]","[2049, 2049, 2049, 2049, 2049, 2049, 2049, 2049, 2048]","[2049, 2049, 2049, 2049, 2049, 2049]",332.0
1208,9071,81,13,2023-05-05T18:44:36.207000+00:00,34.565,48.33,31.932,161.0,118.0,False,114.827,"[2048, 2048, 2049, 2048, 2049, 2049, 2048, 2049, 2048]","[2048, 2048, 2048, 2048, 2048, 2048, 2048, 2048, 2048]","[2048, 2048, 2048, 2048, 2048, 2048, 2049]",253.0
1208,9071,77,14,2023-05-05T18:44:40.645000+00:00,31.769,35.093,26.003,212.0,187.0,False,92.865,"[2049, 2049, 2051, 2048, 2049, 2049, 2048, 2048, 2049]","[2048, 2049, 2049, 2049, 2049, 2048, 2049, 2049, 2049]","[2049, 2049, 2049, 2048, 2049, 2049]",325.0
1208,9071,24,12,2023-05-05T18:44:45.348000+00:00,31.328,35.587,26.193,212.0,180.0,False,93.108,"[2049, 2049, 2049, 2049, 2049, 2049, 2049, 2049, 2049]","[2049, 2049, 2049, 2049, 2049, 2049, 2049, 2049, 2048]","[2048, 2049, 2049, 2049, 2049, 2049]",326.0
1208,9071,14,14,2023-05-05T18:44:53.863000+00:00,30.844,35.229,25.56,215.0,188.0,False,91.633,"[2048, 2048, 2048, 2049, 2049, 2049, 2049, 2048, 2048]","[2048, 2048, 2048, 2049, 2051, 2048, 2048, 2049, 2048]","[2048, 2049, 2049, 2049, 2049, 2049]",333.0
1208,9071,31,17,2023-05-05T18:45:01.019000+00:00,31.111,34.86,25.875,212.0,185.0,False,91.846,"[2049, 2049, 2049, 2049, 2049, 2049, 2048, 2049, 2049]","[2049, 2049, 2049, 2049, 2049, 2049, 2049, 2049, 2049]","[2049, 2049, 2049, 2049, 2048, 2049]",330.0
1208,9071,16,14,2023-05-05T18:45:10.472000+00:00,31.155,49.516,32.843,202.0,122.0,False,113.514,"[2048, 2049, 2048, 2048, 2049, 2048, 2049, 2049, 2048]","[2048, 2048, 2048, 2048, 2048, 2048, 2048, 2048, 2048]","[2048, 2048, 2048, 2048, 2048, 2048]",246.0
1208,9071,55,14,2023-05-05T18:45:16.457000+00:00,30.933,35.032,26.03,203.0,187.0,False,91.995,"[2048, 2048, 2049, 2051, 2049, 2049, 2049, 2049, 2049]","[2048, 2048, 2048, 2048, 2049, 2049, 2049, 2051, 2049]","[2048, 2048, 2048, 2048, 2048, 2049]",314.0
1208,9071,23,15,2023-05-05T18:45:17.425000+00:00,46.218,44.666,38.233,164.0,134.0,False,129.117,"[None, 2048, 2048, 2048, 2048, 2048, 2048, 2048, 2048]","[2048, 2048, 2048, 2048, 2048, 2048, 2048, 2048, 2048]","[2048, 2048, 2048, 2048, 2048, 2048, 2064]",297.0
1208,9071,18,15,2023-05-05T18:45:22.644000+00:00,,38.696,27.876,189.0,174.0,True,866.062,"[2064, 2064, 2064, 2048, 2048, 2048, 2048, 2048, 2048]","[2048, 2048, 2048, 2048, 2048, 2048, 2048, 2048, 2048]","[2048, 2048, 2048, 2048, 2048, 2049, 0]",293.0
1208,9071,11,15,2023-05-05T18:45:23.222000+00:00,38.131,36.642,32.747,194.0,175.0,False,107.52,"[None, 2048, 2048, 2048, 2048, 2048, 2048, 2048, 2048]","[2048, 2048, 2048, 2048, 2048, 2048, 2048, 2048, 2048]","[2048, 2048, 2048, 2048, 2048, 2048, 2064]",295.0
1208,9071,1,15,2023-05-05T18:45:28.425000+00:00,33.429,37.092,33.355,211.0,173.0,False,103.876,"[None, 2048, 2048, 2048, 2048, 2048, 2048, 2048, 2048]","[2048, 2048, 2048, 2048, 2048, 2048, 2048, 2048, 2048]","[2048, 2048, 2048, 2048, 2048, 2048, 2064]",281.0
1208,9071,44,14,2023-05-05T18:45:33.300000+00:00,32.012,35.899,26.445,213.0,185.0,False,94.356,"[None, 2048, 2048, 2048, 2048, 2048, 2048, 2048, 2048]","[2049, 2048, 2048, 2048, 2048, 2048, 2049, 2048, 2049]","[2048, 2048, 2048, 2048, 2048, 2048]",320.0
1208,9071,2,17,2023-05-05T18:45:42.175000+00:00,44.411,44.516,37.093,130.0,132.0,False,126.02,"[None, 2048, 2048, 2048, 2048, 2048, 2048, 2048, 2048]","[2048, 2048, 2048, 2048, 2048, 2048, 2048, 2048, 2048]","[2048, 2048, 2048, 2048, 2048, 2048, 2064]",266.0
1208,9071,22,19,2023-05-05T18:45:48.691000+00:00,46.388,47.645,41.124,148.0,111.0,False,135.157,"[None, 2048, 2048, 2048, 2048, 2048, 2048, 2048, 2048]","[2048, 2048, 2048, 2048, 2048, 2048, 2048, 2048, 2048]","[2048, 2048, 2048, 2048, 2048, 2048, 2048]",197.0
1208,9071,63,8,2023-05-05T18:45:54.784000+00:00,31.847,35.284,25.989,210.0,185.0,False,93.12,"[None, 2048, 2048, 2048, 2048, 2048, 2048, 2048, 2048]","[2048, 2048, 2048, 2048, 2048, 2049, 2049, 2049, 2048]","[2049, 2049, 2048, 2049, 2049, 2049]",330.0
1208,9071,4,13,2023-05-05T18:46:00.909000+00:00,34.146,36.798,26.666,200.0,182.0,False,97.61,"[2048, 2048, 2048, 2048, 2048, 2048, 2048, 2048, 2048]","[2048, 2048, 2048, 2048, 2048, 2048, 2048, 2048, 2048]","[2048, 2048, 2048, 2048, 2048, 2048, 2048]",303.0
1208,9071,77,15,2023-05-05T18:46:13.425000+00:00,39.154,43.679,32.079,185.0,81.0,False,114.912,"[2048, 2048, 2048, 2048, 2048, 2048, 2048, 2048, 2048]","[2048, 2048, 2048, 2048, 2048, 2048, 2048, 2048, 2048]","[2048, 2048, 2048, 2048, 2048, 2048, 2048]",197.0
1208,9071,24,13,2023-05-05T18:46:18.378000+00:00,46.317,43.891,33.073,163.0,133.0,False,123.281,"[2048, 2048, 2048, 2048, 2048, 2048, 2048, 2048, 2048]","[2048, 2048, 2048, 2048, 2048, 2048, 2048, 2048, 2048]","[2048, 2048, 2048, 2048, 2048, 2048, 2048]",197.0
1208,9071,14,15,2023-05-05T18:46:25.409000+00:00,53.445,49.024,32.632,136.0,133.0,False,135.101,"[None, 2048, 2048, 2048, 2048, 2048, 2048, 2048, 2048]","[2048, 2048, 2048, 2048, 2048, 2048, 2048, 2048, 2048]","[2048, 2048, 2048, 2048, 2048, 2048]",232.0
1208,9071,81,14,2023-05-05T18:46:31.018000+00:00,31.003,35.052,25.755,216.0,188.0,False,91.81,"[2049, 2048, 2048, 2048, 2049, 2048, 2051, 2048, 2049]","[2049, 2049, 2049, 2049, 2048, 2049, 2049, 2049, 2049]","[2049, 2049, 2048, 2048, 2049, 2049]",330.0
1208,9071,31,18,2023-05-05T18:46:32.784000+00:00,47.98,49.61,37.735,126.0,97.0,False,135.325,"[2048, 2048, 2048, 2048, 2048, 2048, 2048, 2048, 2048]","[2048, 2048, 2048, 2048, 2048, 2048, 2048, 2048, 2048]","[2048, 2048, 2048, 2048, 2048, 2048]",180.0
1208,9071,20,15,2023-05-05T18:46:34.331000+00:00,,36.433,26.743,205.0,181.0,True,901.566,"[2064, 2064, 2064, 2048, 2048, 2048, 2048, 2048, 2048]","[2048, 2048, 2048, 2048, 2048, 2048, 2048, 2048, 2048]","[2048, 2048, 2048, 2048, 2048, 2048]",304.0
1208,9071,55,15,2023-05-05T18:46:48.362000+00:00,56.816,60.395,38.792,102.0,102.0,False,156.003,"[None, 2048, 2048, 2048, 2048, 2048, 2048, 2048, 2048]","[2048, 2048, 2048, 2048, 2048, 2048, 2048, 2048, 2048]","[2048, 2048, 2048, 2048, 2048, 2048, 2048]",207.0
1208,9071,16,15,2023-05-05T18:47:04.002000+00:00,30.618,34.746,25.708,215.0,187.0,False,91.072,"[None, 2048, 2049, 2049, 2049, 2048, 2049, 2049, 2049]","[2048, 2048, 2048, 2049, 2048, 2049, 2049, 2049, 2051]","[2048, 2048, 2049, 2049, 2049, 2049]",326.0
1208,9071,44,15,2023-05-05T18:47:07.643000+00:00,31.924,35.813,26.371,209.0,183.0,False,94.108,"[None, 2048, 2048, 2048, 2048, 2048, 2048, 2048, 2048]","[2048, 2048, 2048, 2048, 2048, 2048, 2048, 2049, 2048]","[2048, 2048, 2048, 2048, 2048, 2048, 2048]",320.0
1208,9071,18,16,2023-05-05T18:47:16.627000+00:00,31.359,35.147,25.757,212.0,186.0,False,92.263,"[2048, 2048, 2049, 2048, 2048, 2049, 2049, 2048, 2049]","[2049, 2049, 2049, 2049, 2048, 2049, 2048, 2049, 2049]","[2049, 2049, 2049, 2048, 2049, 2049, 2049]",334.0
1208,9071,63,9,2023-05-05T18:47:27.924000+00:00,31.633,35.024,26.253,211.0,185.0,False,92.91,"[None, 2048, 2048, 2049, 2048, 2048, 2048, 2048, 2048]","[2048, 2049, 2049, 2049, 2049, 2048, 2049, 2048, 2049]","[2048, 2049, 2048, 2049, 2048, 2048]",331.0
1208,9071,4,14,2023-05-05T18:47:38.596000+00:00,31.826,35.923,26.523,212.0,182.0,False,94.272,"[None, 2048, 2048, 2048, 2048, 2048, 2048, 2048, 2048]","[2048, 2048, 2048, 2048, 2048, 2048, 2048, 2048, 2048]","[2048, 2048, 2048, 2048, 2048, 2048, 2048]",305.0
1208,9071,23,16,2023-05-05T18:47:50.517000+00:00,64.427,48.129,33.744,162.0,132.0,True,146.3,"[2064, 2064, 2064, 2048, 2048, 2048, 2048, 2048, 2048]","[2048, 2048, 2048, 2048, 2048, 2048, 2048, 2048, 2048]","[2048, 2048, 2048, 2048, 2048, 2048, 2048]",260.0
1208,9071,10,12,2023-05-05T18:47:58.767000+00:00,,47.428,29.265,115.0,153.0,True,1093.989,"[2064, 2064, 2064, 2048, 2048, 2048, 2048, 2048, 2048]","[2048, 2048, 2048, 2048, 2048, 2048, 2048, 2048, 2048]","[2048, 2048, 2048, 2048, 2048, 2048, 2048]",256.0
1208,9071,81,15,2023-05-05T18:48:02.767000+00:00,44.544,47.384,34.642,151.0,138.0,False,126.57,"[2048, 2048, 2048, 2048, 2048, 2048, 2048, 2048, 2048]","[2048, 2048, 2048, 2048, 2048, 2048, 2048, 2048, 2048]","[2048, 2048, 2048, 2048, 2048, 2048, 2064]",271.0
1208,9071,22,20,2023-05-05T18:48:03.939000+00:00,47.558,45.979,33.535,142.0,139.0,False,127.072,"[None, 2048, 2048, 2048, 2048, 2048, 2048, 2048, 2048]","[2048, 2048, 2048, 2048, 2048, 2048, 2048, 2048, 2048]","[2048, 2048, 2048, 2048, 2048, 2048, 2048]",207.0
1208,9071,77,16,2023-05-05T18:48:08.423000+00:00,37.931,40.393,31.541,179.0,124.0,False,109.865,"[2049, 2048, 2048, 2048, 2048, 2048, 2048, 2048, 2048]","[2048, 2048, 2048, 2048, 2048, 2048, 2048, 2048, 2048]","[2048, 2048, 2048, 2048, 2048, 2048, 2048]",240.0
1208,9071,20,16,2023-05-05T18:48:09.986000+00:00,33.605,36.641,26.72,195.0,178.0,False,96.966,"[2048, 2048, 2048, 2048, 2048, 2048, 2048, 2048, 2048]","[2048, 2048, 2048, 2048, 2048, 2048, 2048, 2048, 2048]","[2048, 2048, 2048, 2048, 2048, 2048, 2048]",301.0
1208,9071,2,18,2023-05-05T18:48:15.408000+00:00,73.47,41.705,42.563,165.0,72.0,True,157.738,"[2064, 2064, 2064, 2048, 2048, 2048, 2048, 2048, 2048]","[2048, 2048, 2048, 2048, 2048, 2048, 2048, 2048, 2048]","[2048, 2048, 2048, 2048, 2048, 2048, 0]",172.0
1208,9071,24,14,2023-05-05T18:48:21.736000+00:00,31.019,35.164,25.995,215.0,186.0,False,92.178,"[2049, 2049, 2049, 2048, 2049, 2049, 2049, 2049, 2049]","[2049, 2049, 2049, 2049, 2048, 2048, 2049, 2049, 2049]","[2049, 2049, 2049, 2049, 2048, 2049]",328.0
1208,9071,16,16,2023-05-05T18:48:34.986000+00:00,44.983,55.465,43.627,119.0,136.0,False,144.075,"[None, 2048, 2048, 2048, 2048, 2048, 2048, 2048, 2048]","[2048, 2048, 2048, 2048, 2048, 2048, 2048, 2048, 2048]","[2048, 2048, 2048, 2048, 2048, 2048, 2064]",142.0
1208,9071,14,16,2023-05-05T18:48:40.642000+00:00,30.894,34.807,25.53,216.0,187.0,False,91.231,"[None, 2049, 2048, 2048, 2048, 2048, 2049, 2048, 2049]","[2049, 2049, 2049, 2048, 2048, 2049, 2048, 2049, 2048]","[2051, 2049, 2049, 2048, 2049, 2049]",335.0
1208,9071,44,16,2023-05-05T18:48:41.751000+00:00,32.464,35.942,26.513,210.0,183.0,False,94.919,"[None, 2048, 2048, 2048, 2048, 2048, 2048, 2048, 2048]","[2048, 2049, 2048, 2048, 2048, 2048, 2048, 2049, 2048]","[2048, 2048, 2048, 2048, 2048, 2048, 2048]",317.0
1208,9071,31,19,2023-05-05T18:48:48.189000+00:00,43.421,45.788,36.575,131.0,125.0,False,125.784,"[None, 2048, 2048, 2048, 2048, 2048, 2048, 2048, 2048]","[2048, 2048, 2048, 2048, 2048, 2048, 2048, 2048, 2048]","[2048, 2048, 2048, 2048, 2048, 2048, 2048]",112.0
1208,9071,18,17,2023-05-05T18:48:48.814000+00:00,57.377,58.261,32.809,107.0,145.0,False,148.447,"[None, 2048, 2048, 2048, 2048, 2048, 2048, 2048, 2048]","[2048, 2048, 2048, 2048, 2048, 2048, 2048, 2048, 2048]","[2048, 2048, 2048, 2048, 2048, 2048, 2048]",233.0
1208,9071,63,10,2023-05-05T18:49:00.829000+00:00,32.073,35.659,26.313,213.0,184.0,False,94.045,"[None, 2048, 2048, 2048, 2049, 2048, 2048, 2048, 2048]","[2049, 2049, 2048, 2048, 2048, 2048, 2048, 2048, 2048]","[2048, 2048, 2048, 2048, 2048, 2049, 2048]",315.0
1208,9071,4,15,2023-05-05T18:49:12.891000+00:00,31.838,36.106,26.558,,181.0,False,94.502,"[None, 2048, 2048, 2048, 2048, 2048, 2048, 2048, 2048]","[2048, 2048, 2048, 2048, 2048, 2048, 2048, 2048, 2048]","[2048, 2048, 2048, 2048, 2048, 2048, 2048]",316.0
1208,9071,55,16,2023-05-05T18:49:24.438000+00:00,30.762,34.752,25.479,213.0,188.0,False,90.993,"[None, 2048, 2048, 2051, 2048, 2048, 2048, 2049, 2049]","[2048, 2048, 2049, 2048, 2049, 2049, 2048, 2048, 2049]","[2048, 2049, 2049, 2048, 2051, 2051]",329.0
1208,9071,20,17,2023-05-05T18:49:46.954000+00:00,32.683,36.379,26.654,204.0,181.0,False,95.716,"[None, 2048, 2048, 2048, 2048, 2048, 2048, 2048, 2048]","[2048, 2048, 2048, 2048, 2048, 2048, 2048, 2048, 2048]","[2048, 2048, 2048, 2048, 2048, 2048, 2048]",310.0
1208,9071,23,17,2023-05-05T18:49:52.860000+00:00,31.429,35.308,37.113,212.0,185.0,False,103.85,"[2048, 2048, 2049, 2049, 2048, 2048, 2048, 2048, 2048]","[2048, 2048, 2048, 2048, 2048, 2048, 2049, 2048, 2048]","[2048, 2048, 2048, 2048, 2048, 2048, 2048]",336.0
1208,9071,24,15,2023-05-05T18:49:53.813000+00:00,44.798,50.374,39.226,149.0,120.0,False,134.398,"[2048, 2048, 2048, 2048, 2048, 2048, 2048, 2048, 2048]","[2048, 2048, 2048, 2048, 2048, 2048, 2048, 2048, 2048]","[2048, 2048, 2048, 2048, 2048, 2048, 2048]",184.0
1208,9071,77,17,2023-05-05T18:49:58.219000+00:00,31.381,35.05,27.271,214.0,187.0,False,93.702,"[None, 2048, 2048, 2048, 2049, 2048, 2048, 2049, 2048]","[2049, 2049, 2048, 2048, 2048, 2049, 2049, 2048, 2048]","[2049, 2049, 2049, 2049, 2048, 2048, 2048]",329.0
1208,9071,10,13,2023-05-05T18:50:02.922000+00:00,38.588,53.923,42.481,,131.0,False,134.992,"[2049, 2048, 2049, 2049, 2049, 2049, 2048, 0, 0]","[2048, 2048, 2048, 2048, 2048, 2048, 2048, 2048, 2048]","[2048, 2048, 2048, 2048, 2048, 2048]",103.0
1208,9071,22,21,2023-05-05T18:50:11.016000+00:00,31.44,35.285,28.303,214.0,185.0,False,95.028,"[None, 2048, 2048, 2049, 2049, 2049, 2049, 2049, 2048]","[2049, 2049, 2048, 2048, 2048, 2049, 2049, 2049, 2048]","[2048, 2048, 2048, 2049, 2048, 2048]",317.0
1208,9071,14,17,2023-05-05T18:50:11.750000+00:00,41.978,56.63,30.782,148.0,122.0,False,129.39,"[None, 2048, 2048, 2048, 2048, 2048, 2048, 2048, 2048]","[2048, 2048, 2048, 2048, 2048, 2048, 2048, 2048, 2048]","[2048, 2048, 2048, 2048, 2048, 2048]",254.0
1208,9071,44,17,2023-05-05T18:50:16.672000+00:00,32.202,35.968,26.976,211.0,183.0,False,95.146,"[2049, 2048, 2048, 2048, 2048, 2048, 2048, 2048, 2048]","[2048, 2048, 2048, 2048, 2048, 2048, 2048, 2048, 2048]","[2048, 2048, 2048, 2048, 2048, 2049, 2048]",333.0
1208,9071,2,19,2023-05-05T18:50:25.984000+00:00,31.564,35.323,25.732,213.0,186.0,False,92.619,"[2048, 2048, 2048, 2049, 2048, 2049, 2048, 2049, 2049]","[2048, 2048, 2048, 2048, 2049, 2048, 2048, 2048, 2048]","[2048, 2048, 2048, 2048, 2048, 2048, 2048]",336.0
1208,9071,81,16,2023-05-05T18:50:26.594000+00:00,50.609,35.952,26.402,214.0,184.0,True,112.963,"[2064, 2064, 2064, 2048, 2048, 2048, 2048, 2048, 2048]","[2048, 2049, 2048, 2048, 2048, 2048, 2048, 2048, 2048]","[2048, 2048, 2048, 2048, 2048, 2048, 2048]",318.0
1208,9071,63,11,2023-05-05T18:50:34.953000+00:00,32.379,35.679,26.86,,187.0,False,94.918,"[None, 2048, 2048, 2048, 2048, 2048, 2048, 2048, 2048]","[2049, 2049, 2048, 2048, 2048, 2048, 2048, 2048, 2048]","[2049, 2048, 2048, 2048, 2048, 2048, 2048]",317.0
1208,9071,4,16,2023-05-05T18:50:47.390000+00:00,31.963,36.187,26.607,,182.0,False,94.757,"[None, 2048, 2048, 2048, 2048, 2048, 2048, 2048, 2048]","[2048, 2048, 2048, 2048, 2048, 2048, 2048, 2048, 2048]","[2048, 2048, 2048, 2048, 2048, 2048, 2048]",311.0
1208,9071,31,20,2023-05-05T18:50:53.968000+00:00,30.876,35.027,25.774,213.0,186.0,False,91.677,"[None, 2049, 2049, 2049, 2048, 2049, 2049, 2049, 2049]","[2049, 2049, 2048, 2048, 2048, 2048, 2049, 2048, 2048]","[2048, 2048, 2048, 2049, 2049, 2049]",330.0
1208,9071,55,17,2023-05-05T18:50:55.375000+00:00,47.623,44.381,34.668,162.0,148.0,False,126.672,"[None, 2048, 2048, 2048, 2048, 2048, 2048, 2048, 2048]","[2048, 2048, 2048, 2048, 2048, 2048, 2048, 2048, 2048]","[2048, 2048, 2048, 2048, 2048, 2048, 2064]",238.0
1208,9071,18,18,2023-05-05T18:51:17.343000+00:00,58.179,50.25,36.414,113.0,98.0,False,144.843,"[None, 2049, 2048, 2048, 2048, 2048, 2048, 2048, 2048]","[2048, 2048, 2048, 2048, 2048, 2048, 2048, 2048, 2048]","[2048, 2048, 2048, 2048, 2048, 2048, 2048]",250.0
1208,9071,20,18,2023-05-05T18:51:22.640000+00:00,32.856,36.52,27.255,202.0,180.0,False,96.631,"[None, 2048, 2048, 2048, 2048, 2048, 2048, 2048, 2048]","[2048, 2048, 2048, 2048, 2048, 2048, 2048, 2048, 2048]","[2048, 2048, 2048, 2048, 2048, 2048, 2048]",303.0
1208,9071,77,18,2023-05-05T18:51:31.984000+00:00,40.759,40.915,30.856,192.0,157.0,False,112.53,"[2048, 2048, 2048, 2048, 2048, 2048, 2048, 2048, 2048]","[2048, 2048, 2048, 2048, 2048, 2048, 2048, 2048, 2048]","[2048, 2048, 2048, 2048, 2048, 2048]",291.0
1208,9071,16,17,2023-05-05T18:51:32.499000+00:00,76.073,42.685,34.409,171.0,146.0,True,153.167,"[2064, 2064, 2064, 2048, 2048, 2048, 2048, 2048, 2048]","[2048, 2048, 2048, 2048, 2048, 2048, 2048, 2048, 2048]","[2048, 2048, 2048, 2048, 2048, 2048, 2048]",211.0
1208,9071,23,18,2023-05-05T18:51:36.702000+00:00,34.455,36.954,26.872,206.0,175.0,False,98.281,"[None, 2048, 2048, 2048, 2048, 2048, 2048, 2048, 2048]","[2048, 2048, 2048, 2048, 2048, 2048, 2048, 2048, 2048]","[2048, 2048, 2048, 2048, 2048, 2048, 2048]",305.0
1208,9071,22,22,2023-05-05T18:51:46.046000+00:00,47.702,49.674,40.394,140.0,113.0,False,137.77,"[None, 2048, 2048, 2048, 2048, 2048, 2048, 2048, 2048]","[2048, 2048, 2048, 2048, 2048, 2048, 2048, 2048, 2048]","[2048, 2048, 2048, 2048, 2048, 2048, 2048]",149.0
1208,9071,44,18,2023-05-05T18:51:51.812000+00:00,32.256,35.929,26.402,,185.0,False,94.587,"[2048, 2048, 2048, 2048, 2048, 2048, 2048, 2048, 2048]","[2048, 2048, 2048, 2048, 2048, 2048, 2048, 2048, 2049]","[2048, 2048, 2048, 2048, 2048, 2048, 2048]",318.0
1208,9071,2,20,2023-05-05T18:51:58.561000+00:00,32.419,35.941,26.242,208.0,183.0,False,94.602,"[None, 2048, 2048, 2048, 2048, 2048, 2048, 2048, 2048]","[2048, 2048, 2048, 2048, 2048, 2048, 2048, 2048, 2048]","[2048, 2048, 2048, 2048, 2048, 2048, 2048]",320.0
1208,9071,81,17,2023-05-05T18:52:02.374000+00:00,31.915,36.066,26.625,213.0,181.0,False,94.606,"[2048, 2048, 2048, 2048, 2048, 2048, 2048, 2048, 2048]","[2048, 2048, 2048, 2048, 2048, 2048, 2048, 2048, 2048]","[2048, 2048, 2048, 2048, 2048, 2048, 2048]",307.0
1208,9071,24,16,2023-05-05T18:52:08.327000+00:00,42.904,46.431,34.836,142.0,152.0,False,124.171,"[None, 2048, 2048, 2048, 2048, 2048, 2048, 2048, 2048]","[2048, 2048, 2048, 2048, 2048, 2048, 2048, 2048, 2048]","[2048, 2048, 2048, 2048, 2048, 2048, 2048]",219.0
1208,9071,63,12,2023-05-05T18:52:09.874000+00:00,32.122,35.754,26.397,212.0,185.0,False,94.273,"[None, 2048, 2048, 2048, 2048, 2048, 2048, 2048, 2048]","[2048, 2048, 2048, 2048, 2048, 2048, 2048, 2048, 2048]","[2048, 2048, 2048, 2048, 2048, 2048, 2048]",317.0
1208,9071,10,14,2023-05-05T18:52:17.905000+00:00,30.753,34.951,25.71,216.0,186.0,False,91.414,"[2048, 2048, 2048, 2049, 2049, 2049, 2049, 2049, 2049]","[2049, 2048, 2048, 2048, 2048, 2049, 2049, 2048, 2049]","[2049, 2048, 2048, 2049, 2049, 2049, 2049]",330.0
1208,9071,14,18,2023-05-05T18:52:21.217000+00:00,31.151,35.316,25.945,214.0,186.0,False,92.412,"[None, 2048, 2048, 2048, 2049, 2048, 2048, 2048, 2048]","[2048, 2048, 2048, 2048, 2048, 2048, 2048, 2048, 2049]","[2048, 2048, 2048, 2048, 2048, 2048, 2048]",320.0
1208,9071,4,17,2023-05-05T18:52:22.139000+00:00,32.143,35.976,26.313,207.0,182.0,False,94.432,"[None, 2048, 2048, 2048, 2048, 2048, 2048, 2048, 2048]","[2048, 2049, 2049, 2048, 2048, 2048, 2048, 2048, 2048]","[2048, 2048, 2048, 2048, 2048, 2048]",313.0
1208,9071,31,21,2023-05-05T18:52:25.608000+00:00,43.469,50.041,37.0,136.0,130.0,False,130.51,"[None, 2048, 2048, 2048, 2048, 2048, 2048, 2048, 2048]","[2048, 2048, 2048, 2048, 2048, 2048, 2048, 2048, 2048]","[2048, 2048, 2048, 2048, 2048, 2048, 2048]",186.0
1208,9071,11,16,2023-05-05T18:52:29.702000+00:00,,36.456,29.444,207.0,179.0,True,416.653,"[2064, 2064, 2064, 2048, 2048, 2048, 2048, 2048, 2048]","[2048, 2048, 2048, 2048, 2048, 2048, 2048, 2048, 2048]","[2048, 2048, 2048, 2048, 2048, 2048, 2048]",150.0
1208,9071,1,16,2023-05-05T18:52:39.295000+00:00,,36.616,34.743,209.0,178.0,True,429.637,"[2064, 2064, 2064, 2048, 2048, 2048, 2048, 2048, 2048]","[2048, 2048, 2048, 2048, 2048, 2048, 2048, 2048, 2048]","[2048, 2048, 2048, 2048, 2048, 2048, 2048]",170.0
1208,9071,20,19,2023-05-05T18:52:59.295000+00:00,33.115,36.471,26.827,201.0,180.0,False,96.413,"[None, 2048, 2048, 2048, 2048, 2048, 2048, 2048, 2048]","[2048, 2048, 2048, 2048, 2048, 2048, 2048, 2048, 2048]","[2048, 2048, 2048, 2048, 2048, 2048, 2048]",301.0
1208,9071,23,19,2023-05-05T18:53:14.998000+00:00,32.741,35.943,26.435,213.0,181.0,False,95.119,"[None, 2048, 2048, 2048, 2048, 2048, 2048, 2048, 2048]","[2048, 2048, 2048, 2048, 2048, 2048, 2048, 2048, 2048]","[2048, 2048, 2048, 2048, 2048, 2048]",309.0
1208,9071,55,18,2023-05-05T18:53:23.810000+00:00,69.581,53.492,37.348,183.0,128.0,True,160.421,"[2064, 2064, 2064, 2048, 2048, 2048, 2048, 2048, 2048]","[2048, 2048, 2048, 2048, 2048, 2048, 2048, 2048, 2048]","[2048, 2048, 2048, 2048, 2048, 2048, 2048]",112.0
1208,9071,77,19,2023-05-05T18:53:24.514000+00:00,50.212,54.051,42.417,139.0,118.0,False,146.68,"[None, 2048, 2048, 2048, 2048, 2048, 2048, 2048, 2048]","[2048, 2048, 2048, 2048, 2048, 2048, 2048, 2048, 2048]","[2048, 2048, 2048, 2048, 2048, 2048, 2048]",119.0
1208,9071,44,19,2023-05-05T18:53:26.420000+00:00,31.972,35.931,32.88,212.0,183.0,False,100.783,"[None, 2048, 2048, 2048, 2048, 2049, 2048, 2048, 2048]","[2048, 2048, 2048, 2048, 2048, 2048, 2048, 2049, 2048]","[2048, 2048, 2048, 2048, 2048, 2048, 2064]",316.0
1208,9071,16,18,2023-05-05T18:53:32.326000+00:00,30.518,34.616,25.668,219.0,187.0,False,90.802,"[2048, 2049, 2051, 2048, 2048, 2048, 2048, 2048, 2051]","[2049, 2048, 2049, 2049, 2048, 2048, 2051, 2049, 2048]","[2048, 2048, 2049, 2049, 2049, 2048]",329.0
1208,9071,2,21,2023-05-05T18:53:33.232000+00:00,32.749,35.741,26.007,215.0,185.0,False,94.497,"[None, 2048, 2048, 2048, 2048, 2048, 2048, 2048, 2048]","[2048, 2048, 2048, 2048, 2048, 2048, 2048, 2048, 2049]","[2048, 2048, 2048, 2048, 2048, 2048]",318.0
1208,9071,81,18,2023-05-05T18:53:36.998000+00:00,32.38,36.099,26.647,212.0,183.0,False,95.126,"[None, 2048, 2048, 2048, 2048, 2048, 2048, 2048, 2048]","[2048, 2049, 2048, 2048, 2048, 2048, 2048, 2048, 2048]","[2048, 2048, 2048, 2048, 2048, 2048, 2048]",302.0
1208,9071,18,19,2023-05-05T18:53:42.185000+00:00,31.052,34.789,25.74,215.0,187.0,False,91.581,"[None, 2048, 2049, 2049, 2049, 2049, 2048, 2048, 2048]","[2049, 2049, 2049, 2049, 2049, 2048, 2048, 2049, 2049]","[2049, 2049, 2049, 2048, 2048, 2049]",336.0
1208,9071,63,13,2023-05-05T18:53:44.138000+00:00,34.312,47.174,32.996,136.0,162.0,False,114.482,"[None, 2048, 2048, 2048, 2048, 2048, 2048, 2048, 2048]","[2048, 2048, 2048, 2048, 2048, 2048, 2048, 2048, 2048]","[2048, 2048, 2048, 2048, 2048, 2048, 2064]",213.0
1208,9071,10,15,2023-05-05T18:53:49.263000+00:00,52.081,47.959,34.791,114.0,167.0,False,134.831,"[None, 2048, 2048, 2048, 2048, 2048, 2048, 2048, 2048]","[2048, 2048, 2048, 2048, 2048, 2048, 2048, 2048, 2048]","[2048, 2048, 2048, 2048, 2048, 2048, 2048]",236.0
1208,9071,14,19,2023-05-05T18:53:53.670000+00:00,31.666,35.389,26.176,,186.0,False,93.231,"[None, 2048, 2048, 2048, 2048, 2048, 2048, 2048, 2048]","[2048, 2048, 2048, 2048, 2048, 2048, 2048, 2048, 2048]","[2048, 2048, 2048, 2048, 2048, 2048, 2048]",315.0
1208,9071,4,18,2023-05-05T18:53:56.560000+00:00,32.015,35.997,26.365,212.0,182.0,False,94.377,"[None, 2048, 2048, 2048, 2048, 2048, 2048, 2048, 2048]","[2048, 2049, 2048, 2048, 2048, 2048, 2048, 2048, 2048]","[2048, 2048, 2048, 2048, 2048, 2048, 2048]",312.0
1208,9071,22,23,2023-05-05T18:54:03.794000+00:00,48.596,44.844,31.0,130.0,138.0,False,124.44,"[None, 2048, 2048, 2048, 2048, 2048, 2048, 2048, 2048]","[2048, 2048, 2048, 2048, 2048, 2048, 2048, 2048, 2048]","[2048, 2048, 2048, 2048, 2048, 2048]",233.0
1208,9071,11,17,2023-05-05T18:54:07.482000+00:00,33.379,36.059,26.43,197.0,181.0,False,95.868,"[2048, 2048, 2048, 2048, 2048, 2048, 2048, 2048, 2048]","[2048, 2048, 2048, 2048, 2048, 2048, 2048, 2048, 2048]","[2048, 2048, 2048, 2048, 2048, 2048]",302.0
1208,9071,24,17,2023-05-05T18:54:12.482000+00:00,31.143,34.947,26.044,212.0,186.0,False,92.134,"[None, 2049, 2048, 2048, 2048, 2048, 2048, 2049, 2048]","[2048, 2048, 2048, 2049, 2049, 2049, 2048, 2049, 2048]","[2048, 2048, 2049, 2049, 2048, 2048]",329.0
1208,9071,1,17,2023-05-05T18:54:22.044000+00:00,32.748,35.527,26.412,205.0,181.0,False,94.687,"[2048, 2048, 2048, 2048, 2048, 2048, 2048, 2048, 2048]","[2048, 2048, 2048, 2048, 2048, 2048, 2048, 2048, 2048]","[2048, 2048, 2048, 2048, 2048, 2048, 2048]",312.0
1208,9071,20,20,2023-05-05T18:54:35.685000+00:00,32.827,36.569,26.929,202.0,180.0,False,96.325,"[None, 2048, 2048, 2048, 2048, 2048, 2048, 2048, 2048]","[2048, 2048, 2048, 2048, 2048, 2048, 2048, 2048, 2048]","[2048, 2048, 2048, 2048, 2048, 2048]",305.0
1208,9071,31,22,2023-05-05T18:54:36.153000+00:00,45.802,45.654,29.713,130.0,143.0,False,121.169,"[None, 2048, 2048, 2048, 2048, 2048, 2048, 2048, 2048]","[2048, 2048, 2048, 2048, 2048, 2048, 2048, 2048, 2048]","[2048, 2048, 2048, 2048, 2048, 2048]",248.0
1208,9071,23,20,2023-05-05T18:54:50.122000+00:00,32.802,35.749,26.292,211.0,181.0,False,94.843,"[None, 2048, 2048, 2048, 2048, 2048, 2048, 2048, 2048]","[2048, 2048, 2048, 2048, 2048, 2048, 2048, 2048, 2048]","[2048, 2048, 2048, 2048, 2048, 2048, 2048]",312.0
1208,9071,16,19,2023-05-05T18:55:03.028000+00:00,51.204,53.106,41.733,114.0,120.0,False,146.043,"[None, 2048, 2048, 2048, 2048, 2048, 2048, 2048, 2048]","[2048, 2048, 2048, 2048, 2048, 2048, 2048, 2048, 2048]","[2048, 2048, 2048, 2048, 2048, 2048, 2048]",226.0
1208,9071,2,22,2023-05-05T18:55:07.716000+00:00,32.495,35.708,26.358,214.0,184.0,False,94.561,"[None, 2048, 2048, 2048, 2048, 2048, 2048, 2048, 2048]","[2048, 2048, 2048, 2048, 2048, 2048, 2048, 2048, 2048]","[2048, 2048, 2048, 2048, 2048, 2048, 2048]",315.0
1208,9071,81,19,2023-05-05T18:55:12.122000+00:00,32.148,35.847,26.423,213.0,184.0,False,94.418,"[None, 2048, 2048, 2048, 2048, 2048, 2048, 2048, 2048]","[2048, 2048, 2048, 2048, 2048, 2048, 2048, 2048, 2048]","[2048, 2048, 2048, 2048, 2048, 2048, 2048]",312.0
1208,9071,18,20,2023-05-05T18:55:13.700000+00:00,56.695,42.353,34.622,160.0,116.0,False,133.67,"[None, 2048, 2048, 2048, 2048, 2048, 2048, 2048, 2048]","[2048, 2048, 2048, 2048, 2048, 2048, 2048, 2048, 2048]","[2048, 2048, 2048, 2048, 2048, 2048]",213.0
1208,9071,44,20,2023-05-05T18:55:24.669000+00:00,61.107,38.999,29.233,176.0,176.0,True,129.339,"[2064, 2064, 2064, 2048, 2048, 2048, 2048, 2048, 2048]","[2048, 2048, 2048, 2048, 2048, 2048, 2048, 2048, 2048]","[2048, 2048, 2048, 2048, 2048, 2049]",256.0
1208,9071,14,20,2023-05-05T18:55:26.903000+00:00,31.613,35.574,26.102,213.0,186.0,False,93.289,"[None, 2048, 2048, 2048, 2048, 2048, 2048, 2048, 2048]","[2048, 2048, 2048, 2048, 2048, 2048, 2048, 2048, 2048]","[2048, 2048, 2048, 2048, 2048, 2048, 2048]",305.0
1208,9071,4,19,2023-05-05T18:55:30.950000+00:00,31.83,35.616,26.335,213.0,182.0,False,93.781,"[None, 2048, 2048, 2048, 2048, 2048, 2048, 2048, 2048]","[2048, 2049, 2048, 2048, 2048, 2048, 2048, 2048, 2048]","[2048, 2048, 2048, 2048, 2048, 2048, 2048]",318.0
1208,9071,55,19,2023-05-05T18:55:42.559000+00:00,38.535,41.869,39.087,188.0,165.0,False,119.491,"[2048, 2049, 2048, 2048, 2048, 2048, 2048, 2048, 2048]","[2048, 2048, 2048, 2048, 2048, 2048, 2048, 2048, 2048]","[2048, 2048, 2048, 2048, 2048, 2048]",162.0
1208,9071,11,18,2023-05-05T18:55:43.325000+00:00,32.484,35.943,26.403,207.0,181.0,False,94.83,"[None, 2048, 2048, 2048, 2048, 2048, 2048, 2048, 2048]","[2048, 2048, 2048, 2048, 2048, 2048, 2048, 2048, 2048]","[2048, 2048, 2048, 2048, 2048, 2048, 2048]",301.0
1208,9071,24,18,2023-05-05T18:55:44.543000+00:00,46.168,47.667,31.738,174.0,160.0,False,125.573,"[None, 2048, 2048, 2048, 2048, 2048, 2048, 2048, 2048]","[2048, 2048, 2048, 2048, 2048, 2048, 2048, 2048, 2048]","[2048, 2048, 2048, 2048, 2048, 2048]",150.0
1208,9071,77,20,2023-05-05T18:55:51.200000+00:00,31.202,34.758,25.942,213.0,187.0,False,91.902,"[None, 2049, 2048, 2048, 2049, 2049, 2049, 2049, 2048]","[2048, 2049, 2049, 2048, 2048, 2049, 2049, 2049, 2049]","[2049, 2049, 2049, 2048, 2048, 2049]",329.0
1208,9071,1,18,2023-05-05T18:55:56.715000+00:00,32.257,35.314,26.314,209.0,182.0,False,93.885,"[None, 2048, 2048, 2048, 2048, 2048, 2048, 2048, 2048]","[2048, 2048, 2048, 2048, 2048, 2048, 2048, 2048, 2048]","[2048, 2048, 2048, 2048, 2048, 2048, 2048]",314.0
1208,9071,63,14,2023-05-05T18:55:57.168000+00:00,55.254,37.531,34.785,188.0,168.0,True,127.57,"[2064, 2064, 2064, 2048, 2048, 2048, 2048, 2048, 2048]","[2048, 2048, 2048, 2048, 2048, 2048, 2048, 2048, 2048]","[2048, 2048, 2048, 2048, 2048, 2048, 2049]",112.0
1208,9071,10,16,2023-05-05T18:56:04.215000+00:00,51.026,48.685,44.68,145.0,94.0,False,144.391,"[None, 2048, 2048, 2048, 2048, 2048, 2048, 2048, 2048]","[2048, 2048, 2048, 2048, 2048, 2048, 2048, 2048, 2048]","[2048, 2048, 2048, 2048, 2048, 2048, 2048]",50.0
1208,9071,22,24,2023-05-05T18:56:08.277000+00:00,39.093,51.498,33.22,64.0,128.0,False,123.811,"[None, 2048, 2049, 2049, 2049, 2048, 0, 0, 2048]","[2048, 2048, 2048, 2048, 2048, 2048, 2048, 2048, 2048]","[2048, 2048, 2048, 2048, 2048, 2048, 2048]",246.0
1208,9071,20,21,2023-05-05T18:56:12.027000+00:00,33.699,36.654,31.574,203.0,178.0,False,101.927,"[None, 2048, 2048, 2048, 2048, 2048, 2048, 2048, 2048]","[2048, 2048, 2048, 2048, 2048, 2048, 2048, 2048, 2048]","[2048, 2048, 2048, 2048, 2048, 2048, 2048]",293.0
1208,9071,23,21,2023-05-05T18:56:24.965000+00:00,32.718,35.786,26.559,213.0,181.0,False,95.063,"[None, 2048, 2048, 2048, 2048, 2048, 2048, 2048, 2048]","[2048, 2048, 2048, 2048, 2048, 2048, 2048, 2048, 2048]","[2048, 2048, 2048, 2048, 2048, 2048, 2048]",307.0
1208,9071,31,23,2023-05-05T18:56:37.340000+00:00,30.835,34.887,25.82,214.0,186.0,False,91.542,"[None, 2048, 2048, 2049, 2049, 2049, 2049, 2048, 2049]","[2049, 2049, 2048, 2048, 2049, 2049, 2048, 2048, 2048]","[2049, 2048, 2048, 2048, 2049, 2049]",328.0
1208,9071,2,23,2023-05-05T18:56:42.261000+00:00,32.649,36.217,26.233,213.0,183.0,False,95.099,"[None, 2048, 2048, 2048, 2048, 2048, 2048, 2048, 2048]","[2048, 2049, 2048, 2048, 2048, 2048, 2048, 2048, 2048]","[2048, 2048, 2048, 2048, 2048, 2048, 2048]",314.0
1208,9071,81,20,2023-05-05T18:56:46.558000+00:00,32.041,35.984,26.314,212.0,184.0,False,94.339,"[None, 2048, 2048, 2048, 2048, 2048, 2048, 2048, 2048]","[2048, 2049, 2048, 2048, 2048, 2048, 2048, 2048, 2048]","[2048, 2048, 2048, 2048, 2048, 2048]",315.0
1208,9071,14,21,2023-05-05T18:57:00.167000+00:00,31.527,35.773,25.94,216.0,186.0,False,93.24,"[None, 2048, 2048, 2048, 2048, 2048, 2048, 2049, 2048]","[2048, 2048, 2048, 2048, 2048, 2048, 2048, 2048, 2048]","[2048, 2048, 2048, 2048, 2048, 2048, 2048]",314.0
1208,9071,4,20,2023-05-05T18:57:04.746000+00:00,31.625,35.771,26.29,,180.0,False,93.686,"[None, 2048, 2048, 2048, 2048, 2048, 2048, 2048, 2048]","[2048, 2049, 2048, 2048, 2048, 2048, 2048, 2048, 2048]","[2048, 2048, 2048, 2048, 2048, 2048, 2048]",309.0
1208,9071,44,21,2023-05-05T18:57:16.527000+00:00,30.641,34.362,25.334,214.0,187.0,False,90.337,"[2049, 2048, 2049, 2049, 2051, 2049, 2049, 2049, 2049]","[2049, 2049, 2049, 2049, 2048, 2051, 2049, 2051, 2049]","[2051, 2049, 2049, 2049, 2049, 2051]",334.0
1208,9071,11,19,2023-05-05T18:57:18.167000+00:00,32.555,35.677,26.311,200.0,181.0,False,94.543,"[None, 2048, 2048, 2048, 2048, 2048, 2048, 2048, 2048]","[2048, 2048, 2048, 2048, 2048, 2048, 2048, 2049, 2048]","[2048, 2048, 2048, 2048, 2048, 2048]",306.0
1208,9071,77,21,2023-05-05T18:57:23.058000+00:00,48.146,44.05,31.011,162.0,166.0,False,123.207,"[None, 2048, 2048, 2048, 2048, 2048, 2048, 2048, 2048]","[2048, 2048, 2048, 2048, 2048, 2048, 2048, 2048, 2048]","[2048, 2048, 2048, 2048, 2048, 2048]",252.0
1208,9071,18,21,2023-05-05T18:57:27.433000+00:00,55.753,50.303,28.414,136.0,156.0,False,134.47,"[None, 2048, 2048, 2048, 2048, 2048, 2048, 2048, 2048]","[2048, 2048, 2048, 2048, 2048, 2048, 2048, 2048, 2048]","[2048, 2048, 2048, 2048, 2048, 2048]",231.0
1208,9071,16,20,2023-05-05T18:57:29.151000+00:00,30.593,34.262,25.594,218.0,185.0,False,90.449,"[2049, 2048, 2048, 2048, 2048, 2048, 2048, 2049, 2048]","[2049, 2048, 2049, 2049, 2048, 2049, 2048, 2049, 2049]","[2048, 2048, 2048, 2049, 2049, 2049]",327.0
1208,9071,1,19,2023-05-05T18:57:30.620000+00:00,32.084,35.295,26.287,208.0,182.0,False,93.666,"[None, 2048, 2048, 2048, 2048, 2048, 2048, 2048, 2048]","[2048, 2048, 2048, 2048, 2048, 2048, 2048, 2049, 2048]","[2048, 2048, 2048, 2048, 2048, 2048, 2048]",306.0
1208,9071,55,20,2023-05-05T18:57:42.042000+00:00,30.814,34.43,25.48,218.0,189.0,False,90.724,"[None, 2048, 2049, 2048, 2049, 2049, 2049, 2049, 2048]","[2049, 2049, 2049, 2049, 2048, 2049, 2049, 2049, 2049]","[2048, 2049, 2048, 2048, 2051, 2049]",329.0
1208,9071,63,15,2023-05-05T18:57:46.183000+00:00,30.549,34.137,25.439,221.0,191.0,False,90.125,"[2049, 2049, 2049, 2049, 2049, 2049, 2049, 2049, 2051]","[2051, 2049, 2049, 2049, 2048, 2049, 2049, 2049, 2051]","[2051, 2049, 2049, 2049, 2049, 2049, 2049]",335.0
1208,9071,24,19,2023-05-05T18:57:50.198000+00:00,39.038,54.746,29.233,139.0,145.0,False,123.017,"[2049, 2048, 2048, 2048, 2048, 2048, 2048, 2048, 2048]","[2048, 2048, 2048, 2048, 2048, 2048, 2048, 2048, 2048]","[2048, 2048, 2048, 2048, 2048, 2048, 2048]",265.0
1208,9071,20,22,2023-05-05T18:57:53.948000+00:00,32.911,36.269,27.059,207.0,179.0,False,96.239,"[None, 2048, 2048, 2048, 2048, 2048, 2048, 2048, 2048]","[2048, 2048, 2048, 2048, 2048, 2048, 2048, 2048, 2048]","[2048, 2048, 2048, 2048, 2048, 2048]",305.0
1208,9071,23,22,2023-05-05T18:58:00.042000+00:00,32.874,35.94,26.208,214.0,181.0,False,95.022,"[None, 2048, 2048, 2048, 2048, 2048, 2048, 2048, 2048]","[2048, 2048, 2048, 2048, 2048, 2048, 2048, 2048, 2048]","[2048, 2048, 2048, 2048, 2048, 2048, 2048]",309.0
1208,9071,31,24,2023-05-05T18:58:08.823000+00:00,32.693,35.834,26.561,212.0,186.0,False,95.088,"[None, 2049, 2048, 2048, 2048, 2048, 2048, 2048, 2048]","[2048, 2048, 2048, 2048, 2048, 2048, 2048, 2048, 2048]","[2049, 2048, 2048, 2048, 2048, 2048, 2048]",303.0
1208,9071,22,25,2023-05-05T18:58:12.073000+00:00,31.373,34.992,25.804,216.0,186.0,False,92.169,"[2049, 2049, 2048, 2048, 2048, 2049, 2049, 2049, 2048]","[2049, 2049, 2049, 2049, 2048, 2049, 2048, 2049, 2049]","[2049, 2049, 2049, 2048, 2048, 2048]",333.0
1208,9071,2,24,2023-05-05T18:58:17.354000+00:00,35.265,37.487,26.227,175.0,182.0,False,98.979,"[None, 2048, 2048, 2048, 2048, 2048, 2048, 2048, 2048]","[2048, 2048, 2048, 2048, 2048, 2048, 2048, 2048, 2048]","[2048, 2048, 2048, 2048, 2048, 2048, 2048]",323.0
1208,9071,81,21,2023-05-05T18:58:20.885000+00:00,32.237,35.933,26.31,213.0,185.0,False,94.48,"[None, 2048, 2048, 2048, 2048, 2048, 2048, 2048, 2048]","[2048, 2048, 2048, 2048, 2048, 2048, 2048, 2048, 2048]","[2048, 2048, 2048, 2048, 2048, 2048, 2048]",314.0
1208,9071,10,17,2023-05-05T18:58:28.557000+00:00,30.644,34.681,25.779,217.0,186.0,False,91.104,"[None, 2049, 2049, 2048, 2048, 2049, 2049, 2049, 2048]","[2049, 2048, 2048, 2048, 2049, 2048, 2049, 2049, 2049]","[2049, 2049, 2048, 2048, 2048, 2048]",331.0
1208,9071,14,22,2023-05-05T18:58:33.401000+00:00,31.582,35.111,25.85,214.0,188.0,False,92.543,"[None, 2048, 2048, 2048, 2048, 2048, 2048, 2048, 2048]","[2048, 2048, 2048, 2048, 2048, 2049, 2048, 2048, 2049]","[2049, 2048, 2048, 2048, 2048, 2048, 2048]",319.0
1208,9071,4,21,2023-05-05T18:58:38.401000+00:00,31.866,35.701,26.266,211.0,183.0,False,93.833,"[None, 2048, 2048, 2048, 2048, 2048, 2048, 2048, 2048]","[2048, 2048, 2048, 2048, 2048, 2048, 2048, 2048, 2048]","[2048, 2048, 2048, 2048, 2048, 2048, 2048]",313.0
1208,9071,44,22,2023-05-05T18:58:46.885000+00:00,44.274,38.918,28.406,159.0,171.0,False,111.598,"[2048, 2048, 2048, 2048, 2048, 2048, 2048, 2048, 2048]","[2048, 2048, 2048, 2048, 2048, 2048, 2048, 2048, 2048]","[2048, 2048, 2048, 2048, 2048, 2048, 2048]",275.0
1208,9071,11,20,2023-05-05T18:58:52.697000+00:00,32.269,35.571,26.227,207.0,183.0,False,94.067,"[None, 2048, 2048, 2048, 2048, 2048, 2048, 2048, 2048]","[2048, 2048, 2048, 2048, 2048, 2048, 2048, 2048, 2049]","[2048, 2048, 2048, 2048, 2048, 2048, 2048]",312.0
1208,9071,16,21,2023-05-05T18:58:59.510000+00:00,34.495,42.08,30.657,185.0,154.0,False,107.232,"[None, 2048, 2048, 2048, 2048, 2048, 2048, 2048, 2048]","[2048, 2048, 2048, 2048, 2048, 2048, 2048, 2048, 2048]","[2048, 2048, 2048, 2048, 2048, 2048]",225.0
1208,9071,1,20,2023-05-05T18:59:04.260000+00:00,32.172,35.743,29.499,209.0,183.0,False,97.414,"[None, 2048, 2048, 2048, 2048, 2048, 2048, 2048, 2048]","[2048, 2048, 2048, 2048, 2048, 2048, 2048, 2048, 2048]","[2048, 2048, 2048, 2048, 2048, 2048, 2048]",313.0
1208,9071,55,21,2023-05-05T18:59:12.666000+00:00,41.757,58.95,32.494,132.0,117.0,False,133.201,"[None, 2048, 2048, 2048, 2048, 2048, 2048, 2048, 2048]","[2048, 2048, 2048, 2048, 2048, 2048, 2048, 2048, 2048]","[2048, 2048, 2048, 2048, 2048, 2048, 2048]",160.0
1208,9071,63,16,2023-05-05T18:59:16.291000+00:00,44.061,56.363,37.544,159.0,114.0,False,137.968,"[2048, 2048, 2048, 2048, 2048, 2048, 2048, 2048, 2048]","[2048, 2048, 2048, 2048, 2048, 2048, 2048, 2048, 2048]","[2048, 2048, 2048, 2048, 2048, 2048, 2048]",156.0
1208,9071,77,22,2023-05-05T18:59:26.306000+00:00,31.337,34.744,25.926,216.0,188.0,False,92.007,"[2049, 2048, 2048, 2048, 2049, 2048, 2048, 2048, 2049]","[2049, 2048, 2048, 2048, 2048, 2049, 2049, 2048, 2048]","[2049, 2048, 2048, 2048, 2049, 2048, 2048]",326.0
1208,9071,20,23,2023-05-05T18:59:30.181000+00:00,32.853,36.469,26.886,,178.0,False,96.208,"[None, 2048, 2048, 2048, 2048, 2048, 2048, 2048, 2048]","[2048, 2048, 2048, 2048, 2048, 2048, 2048, 2048, 2048]","[2048, 2048, 2048, 2048, 2048, 2048, 2048]",304.0
1208,9071,23,23,2023-05-05T18:59:35.041000+00:00,32.53,35.602,26.167,,181.0,False,94.299,"[None, 2048, 2048, 2048, 2048, 2048, 2048, 2048, 2048]","[2048, 2048, 2048, 2048, 2048, 2048, 2048, 2048, 2048]","[2048, 2048, 2048, 2048, 2048, 2048, 2048]",320.0
1208,9071,18,22,2023-05-05T18:59:42.025000+00:00,30.922,34.669,25.746,217.0,188.0,False,91.337,"[2049, 2048, 2048, 2048, 2049, 2048, 2049, 2049, 2049]","[2049, 2049, 2048, 2049, 2049, 2048, 2048, 2048, 2049]","[2049, 2049, 2048, 2048, 2048, 2049]",335.0
1208,9071,31,25,2023-05-05T18:59:43.947000+00:00,33.062,35.913,26.538,213.0,181.0,False,95.513,"[None, 2048, 2048, 2048, 2048, 2048, 2048, 2048, 2048]","[2049, 2049, 2048, 2048, 2048, 2048, 2048, 2048, 2048]","[2048, 2048, 2048, 2048, 2048, 2048, 2048]",303.0
1208,9071,22,26,2023-05-05T18:59:44.150000+00:00,49.681,42.973,29.442,153.0,158.0,False,122.096,"[2048, 2048, 2048, 2048, 2048, 2048, 2048, 2048, 2048]","[2048, 2048, 2048, 2048, 2048, 2048, 2048, 2048, 2048]","[2048, 2048, 2048, 2048, 2048, 2048]",261.0
1208,9071,24,20,2023-05-05T18:59:53.212000+00:00,31.646,36.086,26.278,193.0,184.0,False,94.01,"[None, 2049, 2048, 2048, 2049, 2049, 2049, 2049, 2048]","[2048, 2048, 2048, 2048, 2048, 2048, 2048, 2048, 2048]","[2048, 2049, 2048, 2048, 2048, 2048, 2048]",327.0
1208,9071,81,22,2023-05-05T18:59:55.353000+00:00,32.793,36.184,26.471,209.0,179.0,False,95.448,"[None, 2048, 2048, 2048, 2048, 2048, 2048, 2048, 2048]","[2048, 2048, 2048, 2048, 2048, 2048, 2048, 2048, 2048]","[2048, 2048, 2048, 2048, 2048, 2048]",311.0
1208,9071,2,25,2023-05-05T18:59:56.400000+00:00,33.127,35.976,26.935,215.0,182.0,False,96.038,"[None, 2048, 2048, 2048, 2048, 2048, 2048, 2048, 2048]","[2049, 2049, 2048, 2048, 2048, 2048, 2048, 2048, 2048]","[2048, 2048, 2048, 2048, 2048, 2048, 2048]",321.0
1208,9071,10,18,2023-05-05T18:59:59.587000+00:00,34.822,36.945,26.402,199.0,180.0,False,98.169,"[None, 2048, 2048, 2048, 2048, 2048, 2048, 2048, 2048]","[2048, 2048, 2048, 2048, 2048, 2048, 2048, 2048, 2048]","[2048, 2049, 2048, 2048, 2048, 2048, 2048]",309.0
1208,9071,14,23,2023-05-05T19:00:05.931000+00:00,39.672,42.754,39.784,171.0,129.0,False,122.21,"[None, 2048, 2048, 2048, 2048, 2048, 2048, 2048, 2048]","[2048, 2048, 2048, 2048, 2048, 2048, 2048, 2048, 2048]","[2048, 2048, 2048, 2048, 2048, 2048]",181.0
1208,9071,4,22,2023-05-05T19:00:12.259000+00:00,34.448,42.485,42.239,181.0,141.0,False,119.172,"[None, 2048, 2048, 2048, 2048, 2048, 2048, 2048, 2048]","[2048, 2048, 2048, 2048, 2048, 2048, 2048, 2048, 2048]","[2048, 2048, 2048, 2048, 2048, 2048, 2048]",175.0
1208,9071,11,21,2023-05-05T19:00:26.790000+00:00,33.463,36.108,45.066,173.0,181.0,False,114.637,"[None, 2048, 2048, 2048, 2048, 2048, 2048, 2048, 2048]","[2048, 2048, 2048, 2048, 2048, 2048, 2048, 2048, 2048]","[2048, 2048, 2048, 2048, 2048, 2048, 2048]",152.0
1208,9071,44,23,2023-05-05T19:00:38.446000+00:00,30.511,34.925,50.623,219.0,180.0,False,116.059,"[None, 2048, 2048, 2048, 2050, 2050, 2048, 2048, 2048]","[2048, 2048, 2048, 2048, 2048, 2048, 2048, 2048, 2048]","[2048, 2048, 2048, 2048, 2048, 2048, 2048]",140.0
1208,9071,1,21,2023-05-05T19:00:41.681000+00:00,42.568,47.253,43.606,158.0,133.0,False,133.427,"[None, 2048, 2048, 2048, 2048, 2048, 2048, 2048, 2048]","[2048, 2048, 2048, 2048, 2048, 2048, 2048, 2048, 2048]","[2048, 2048, 2048, 2048, 2048, 2048, 2048]",210.0
1208,9071,16,22,2023-05-05T19:00:46.884000+00:00,39.677,48.277,46.758,158.0,123.0,False,134.712,"[2048, 2048, 2048, 2048, 2048, 2048, 2048, 2048, 2048]","[2048, 2048, 2048, 2048, 2048, 2048, 2048, 2048, 2048]","[2048, 2048, 2048, 2048, 2048, 2048, 2048]",171.0
1208,9071,77,23,2023-05-05T19:00:58.337000+00:00,39.972,40.482,44.494,185.0,160.0,False,124.948,"[2048, 2048, 2048, 2048, 2048, 2048, 2048, 2048, 2048]","[2048, 2048, 2048, 2048, 2048, 2048, 2048, 2048, 2048]","[2048, 2048, 2048, 2048, 2048, 2048]",172.0
1208,9071,20,24,2023-05-05T19:01:06.399000+00:00,32.96,41.296,44.09,206.0,164.0,False,118.346,"[None, 2048, 2048, 2048, 2048, 2048, 2048, 2048, 2048]","[2048, 2048, 2048, 2048, 2048, 2048, 2048, 2048, 2048]","[2048, 2048, 2048, 2048, 2048, 2048, 2048]",159.0
1208,9071,23,24,2023-05-05T19:01:09.415000+00:00,32.932,41.104,47.262,210.0,136.0,False,121.298,"[None, 2048, 2048, 2048, 2048, 2048, 2048, 2048, 2048]","[2048, 2048, 2048, 2048, 2048, 2048, 2048, 2048, 2048]","[2048, 2048, 2048, 2048, 2048, 2048, 2048]",209.0
1208,9071,18,23,2023-05-05T19:01:13.165000+00:00,45.956,48.487,71.49,110.0,102.0,False,165.933,"[2048, 2048, 2048, 2048, 2048, 2048, 2048, 2048, 2048]","[2048, 2048, 2048, 2048, 2048, 2048, 2048, 2048, 2048]","[2048, 2048, 2048, 2048, 2048, 2048, 2048]",186.0
1208,9071,31,26,2023-05-05T19:01:19.477000+00:00,43.816,46.309,41.811,142.0,136.0,False,131.936,"[None, 2048, 2048, 2048, 2048, 2048, 2048, 2048, 2048]","[2048, 2048, 2048, 2048, 2048, 2048, 2048, 2048, 2048]","[2048, 2048, 2048, 2048, 2048, 2048, 2048]",207.0
1208,9071,55,22,2023-05-05T19:01:25.961000+00:00,32.903,46.682,39.762,147.0,118.0,False,119.347,"[None, 2048, 2048, 2048, 2048, 2048, 2048, 2048, 2048]","[2048, 2048, 2048, 2048, 2048, 2048, 2048, 2048, 2048]","[2048, 2048, 2048, 2048, 2048, 2048, 2048]",200.0
1208,9071,24,21,2023-05-05T19:01:27.211000+00:00,42.733,45.143,68.117,164.0,119.0,False,155.993,"[2048, 2048, 2048, 2048, 2048, 2048, 2048, 2048, 2048]","[2048, 2048, 2048, 2048, 2048, 2048, 2048, 2048, 2048]","[2048, 2048, 2048, 2048, 2048, 2048, 2048]",165.0
1208,9071,81,23,2023-05-05T19:01:30.852000+00:00,33.858,43.482,34.971,180.0,145.0,False,112.311,"[None, 2048, 2048, 2048, 2048, 2048, 2048, 2048, 2048]","[2048, 2048, 2048, 2048, 2048, 2048, 2048, 2048, 2048]","[2048, 2048, 2048, 2048, 2048, 2048, 2048]",254.0
1208,9071,2,26,2023-05-05T19:01:32.399000+00:00,39.489,45.302,48.028,167.0,122.0,False,132.819,"[None, 2048, 2048, 2048, 2048, 2048, 2048, 2048, 2048]","[2048, 2048, 2048, 2048, 2048, 2048, 2048, 2048, 2048]","[2048, 2048, 2048, 2048, 2048, 2048, 2048]",198.0
1208,9071,63,17,2023-05-05T19:01:34.289000+00:00,44.687,44.994,51.098,155.0,123.0,False,140.779,"[None, 2048, 2048, 2048, 2048, 2048, 2048, 2048, 2048]","[2048, 2048, 2048, 2048, 2048, 2048, 2048, 2048, 2048]","[2048, 2048, 2048, 2048, 2048, 2048, 2048]",232.0
1208,9071,10,19,2023-05-05T19:01:37.836000+00:00,43.444,45.771,60.147,154.0,131.0,False,149.362,"[None, 2048, 2048, 2048, 2048, 2048, 2048, 2048, 2048]","[2048, 2048, 2048, 2048, 2048, 2048, 2048, 2048, 2048]","[2048, 2048, 2048, 2048, 2048, 2048, 2048]",174.0
1208,9071,22,27,2023-05-05T19:01:46.320000+00:00,39.393,45.361,53.888,193.0,70.0,False,138.642,"[None, 2048, 2048, 2048, 2048, 2048, 2048, 2048, 2048]","[2048, 2048, 2048, 2048, 2048, 2048, 2048, 2048, 2048]","[2048, 2048, 2048, 2048, 2048, 2048]",149.0
1208,9071,14,24,2023-05-05T19:02:08.133000+00:00,66.56,35.665,32.814,215.0,186.0,False,135.039,"[None, 2048, 2048, 2048, 2048, 2048, 2048, 2048, 2048]","[2048, 2048, 2048, 2048, 2048, 2048, 2048, 2048, 2048]","[2048, 2048, 2048, 2048, 2048, 2048, 2064]",214.0
1208,9071,4,23,2023-05-05T19:02:11.461000+00:00,69.531,37.852,32.697,210.0,176.0,False,140.08,"[None, 2048, 2048, 2048, 2048, 2048, 2048, 2048, 2048]","[2048, 2048, 2048, 2048, 2048, 2048, 2048, 2048, 2048]","[2048, 2048, 2048, 2048, 2048, 2048, 2064]",271.0
1208,9071,11,22,2023-05-05T19:02:21.695000+00:00,65.365,35.501,32.682,204.0,181.0,False,133.548,"[None, 2048, 2048, 2048, 2048, 2048, 2048, 2048, 2048]","[2048, 2048, 2048, 2048, 2048, 2048, 2048, 2048, 2048]","[2048, 2048, 2048, 2048, 2048, 2048, 2064]",296.0
1208,9071,44,24,2023-05-05T19:02:34.492000+00:00,68.426,36.901,31.692,206.0,181.0,False,137.019,"[None, 2048, 2048, 2048, 2048, 2048, 2048, 2048, 2048]","[2048, 2048, 2048, 2048, 2048, 2048, 2048, 2048, 2048]","[2048, 2048, 2048, 2048, 2048, 2048, 2064]",316.0
1208,9071,1,22,2023-05-05T19:02:55.164000+00:00,54.906,38.291,32.978,199.0,177.0,False,126.175,"[None, 2048, 2048, 2048, 2048, 2048, 2048, 2048, 2048]","[2048, 2048, 2048, 2048, 2048, 2048, 2048, 2048, 2048]","[2048, 2048, 2048, 2048, 2048, 2048, 2064]",271.0
1208,9071,16,23,2023-05-05T19:03:01.679000+00:00,60.354,41.777,37.686,173.0,161.0,False,139.817,"[None, 2048, 2048, 2048, 2048, 2048, 2048, 2048, 2048]","[2048, 2048, 2048, 2048, 2048, 2048, 2048, 2048, 2048]","[2048, 2048, 2048, 2048, 2048, 2048, 2064]",214.0
1208,9071,77,24,2023-05-05T19:03:03.320000+00:00,56.204,39.73,34.982,203.0,179.0,False,130.916,"[None, 2048, 2048, 2048, 2048, 2048, 2048, 2048, 2048]","[2048, 2048, 2048, 2048, 2048, 2048, 2048, 2048, 2048]","[2048, 2048, 2048, 2048, 2048, 2048, 2064]",269.0
1208,9071,20,25,2023-05-05T19:03:05.023000+00:00,58.713,47.126,44.692,205.0,81.0,False,150.531,"[None, 2048, 2048, 2048, 2048, 2048, 2048, 2048, 2048]","[2048, 2048, 2048, 2048, 2048, 2048, 2048, 2048, 2048]","[2048, 2048, 2048, 2048, 2048, 2048, 2064]",224.0
1208,9071,23,25,2023-05-05T19:03:10.648000+00:00,59.429,41.505,34.146,200.0,128.0,False,135.08,"[None, 2048, 2048, 2048, 2048, 2048, 2048, 2048, 2048]","[2048, 2048, 2048, 2048, 2048, 2048, 2048, 2048, 2048]","[2048, 2048, 2048, 2048, 2048, 2048, 2064]",294.0
1208,9071,81,24,2023-05-05T19:03:23.101000+00:00,52.901,43.027,42.579,199.0,134.0,False,138.507,"[None, 2048, 2048, 2048, 2048, 2048, 2048, 2048, 2048]","[2048, 2048, 2048, 2048, 2048, 2048, 2048, 2048, 2048]","[2048, 2048, 2048, 2048, 2048, 2048, 2064]",212.0
1208,9071,55,23,2023-05-05T19:03:25.319000+00:00,56.358,37.484,33.017,213.0,169.0,False,126.859,"[None, 2048, 2048, 2048, 2048, 2048, 2048, 2048, 2048]","[2048, 2048, 2048, 2048, 2048, 2048, 2048, 2048, 2048]","[2048, 2048, 2048, 2048, 2048, 2048, 2064]",259.0
1208,9071,31,27,2023-05-05T19:03:31.507000+00:00,60.039,35.505,31.597,211.0,183.0,False,127.141,"[None, 2048, 2048, 2048, 2048, 2048, 2048, 2048, 2048]","[2048, 2048, 2048, 2048, 2048, 2048, 2048, 2048, 2048]","[2048, 2048, 2048, 2048, 2048, 2048, 2064]",310.0
1208,9071,2,27,2023-05-05T19:03:45.225000+00:00,64.96,41.921,34.429,187.0,171.0,False,141.31,"[None, 2048, 2048, 2048, 2048, 2048, 2048, 2048, 2048]","[2048, 2048, 2048, 2048, 2048, 2048, 2048, 2048, 2048]","[2048, 2048, 2048, 2048, 2048, 2048, 2064]",301.0
1208,9071,63,18,2023-05-05T19:03:55.116000+00:00,63.034,42.978,39.066,164.0,142.0,False,145.078,"[None, 2048, 2048, 2048, 2048, 2048, 2048, 2048, 2048]","[2048, 2048, 2048, 2048, 2048, 2048, 2048, 2048, 2048]","[2048, 2048, 2048, 2048, 2048, 2048, 2064]",209.0
1208,9071,18,24,2023-05-05T19:03:59.460000+00:00,38.795,37.1,32.44,207.0,172.0,False,108.335,"[None, 2048, 2048, 2048, 2048, 2048, 2048, 2048, 2048]","[2048, 2048, 2048, 2048, 2048, 2048, 2048, 2048, 2048]","[2048, 2048, 2048, 2048, 2048, 2048, 2064]",285.0
1208,9071,24,22,2023-05-05T19:04:03.256000+00:00,57.774,37.445,33.37,204.0,178.0,False,128.589,"[None, 2048, 2048, 2048, 2048, 2048, 2048, 2048, 2048]","[2048, 2048, 2048, 2048, 2048, 2048, 2048, 2048, 2048]","[2048, 2048, 2048, 2048, 2048, 2048, 2064]",248.0
1208,9071,22,28,2023-05-05T19:04:05.038000+00:00,59.156,41.919,37.9,206.0,167.0,False,138.975,"[None, 2048, 2048, 2048, 2048, 2048, 2048, 2048, 2048]","[2048, 2048, 2048, 2048, 2048, 2048, 2048, 2048, 2048]","[2048, 2048, 2048, 2048, 2048, 2048, 2064]",135.0
1208,9071,10,20,2023-05-05T19:04:07.241000+00:00,59.209,36.692,32.101,205.0,185.0,False,128.002,"[None, 2048, 2048, 2048, 2048, 2048, 2048, 2048, 2048]","[2048, 2048, 2049, 2048, 2048, 2048, 2048, 2048, 2048]","[2048, 2048, 2048, 2048, 2048, 2048, 2064]",309.0
