meeting_key,session_key,driver_number,lap_number,date_start,duration_sector_1,duration_sector_2,duration_sector_3,i1_speed,i2_speed,is_pit_out_lap,lap_duration,segments_sector_1,segments_sector_2,segments_sector_3,st_speed
1208,9073,31,1,,,40.806,28.406,171.0,157,True,,"[2064, 2064, 2064, 2049, 2049, 2049, 2049, 2049, 2049]","[2049, 2051, 2051, 2051, 2051, 2051, 2051, 2051, 2051]","[2051, 2051, 2051, 2051, 2051, 2051]",286
1208,9073,18,1,2023-05-06T16:31:27.178000+00:00,,36.228,31.266,207.0,178,True,,"[2064, 2064, 2064, 2049, 2049, 2049, 2049, 2049, 2049]","[2049, 2049, 2049, 2049, 2049, 2049, 2049, 2049, 2049]","[2051, 2051, 2051, 2051, 2051, 2049, 2064]",322
1208,9073,14,1,2023-05-06T16:31:44.209000+00:00,,38.011,32.714,206.0,174,True,,"[2064, 2064, 2064, 2049, 2049, 2049, 2049, 2049, 2049]","[2049, 2049, 2049, 2049, 2049, 2049, 2049, 2049, 2049]","[2049, 2049, 2049, 2049, 2049, 2049, 2064]",312
1208,9073,44,1,2023-05-06T16:31:45.225000+00:00,,40.936,31.903,184.0,157,True,,"[2064, 2064, 2064, 2049, 2049, 2049, 2049, 2049, 2049]","[2049, 2049, 2049, 2049, 2049, 2049, 2049, 2049, 2049]","[2049, 2049, 2049, 2049, 2049, 2051]",180
1208,9073,31,2,2023-05-06T16:32:05.475000+00:00,30.873,34.581,25.671,217.0,186,False,91.125,"[2051, 2051, 2051, 2051, 2051, 2051, 2051, 2051, 2051]","[2051, 2051, 2051, 2051, 2051, 2051, 2051, 2051, 2051]","[2051, 2051, 2051, 2051, 2051, 2049]",330
1208,9073,55,1,2023-05-06T16:32:48.459000+00:00,,42.596,27.995,180.0,164,True,,"[2064, 2064, 2064, 2049, 2049, 2049, 2049, 2049, 2049]","[2049, 2049, 2049, 2049, 2049, 2049, 2049, 2049, 2049]","[2049, 2049, 2049, 2049, 2049, 2049]",303
1208,9073,16,1,2023-05-06T16:32:59.052000+00:00,,40.042,34.226,190.0,165,True,,"[2064, 2064, 2064, 2049, 2049, 2049, 2049, 2049, 2049]","[2049, 2049, 2049, 2049, 2049, 2049, 2049, 2049, 2049]","[2049, 2049, 2049, 2049, 2049, 2049, 2049]",197
1208,9073,18,2,2023-05-06T16:33:25.036000+00:00,48.199,35.477,31.17,213.0,182,True,114.846,"[None, 2064, 2064, 2049, 2049, 2049, 2049, 2049, 2049]","[2049, 2049, 2049, 2049, 2049, 2049, 2049, 2049, 2049]","[2049, 2049, 2049, 2049, 2049, 2049, 2064]",322
1208,9073,44,2,2023-05-06T16:33:34.255000+00:00,31.052,34.508,25.587,214.0,187,False,91.147,"[2049, 2049, 2051, 2049, 2051, 2051, 2049, 2051, 2049]","[2049, 2051, 2051, 2051, 2051, 2049, 2051, 2051, 2049]","[2051, 2051, 2051, 2051, 2049, 2051, 2051]",333
1208,9073,31,3,2023-05-06T16:33:36.489000+00:00,48.591,53.975,34.004,135.0,134,False,136.57,"[2048, 2048, 2048, 2048, 2048, 2048, 2048, 2048, 2048]","[2048, 2048, 2048, 2048, 2048, 2048, 2048, 2048, 2048]","[2048, 2048, 2048, 2048, 2048, 2048, 2048]",157
1208,9073,14,2,2023-05-06T16:33:47.333000+00:00,53.269,37.161,32.592,204.0,179,True,123.022,"[None, 2064, 2064, 2049, 2049, 2048, 2048, 2048, 2048]","[2048, 2049, 2049, 2049, 2049, 2049, 2049, 2049, 2049]","[2049, 2049, 2049, 2049, 2048, 2048, 2064]",318
1208,9073,10,1,2023-05-06T16:34:10.114000+00:00,,39.711,31.554,175.0,145,True,,"[2064, 2064, 2064, 2049, 2049, 2049, 2049, 2049, 2049]","[2049, 2049, 2049, 2049, 2049, 2049, 2049, 2049, 2049]","[2049, 2049, 2049, 2049, 2049, 2049]",248
1208,9073,55,2,2023-05-06T16:34:38.332000+00:00,30.627,34.494,25.627,216.0,189,False,90.748,"[2049, 2049, 2049, 2051, 2049, 2049, 2051, 2049, 2051]","[2049, 2049, 2049, 2049, 2051, 2049, 2051, 2049, 2049]","[2049, 2049, 2049, 2049, 2051, 2049]",327
1208,9073,16,2,2023-05-06T16:34:49.395000+00:00,30.825,34.526,25.699,214.0,188,False,91.05,"[2049, 2049, 2049, 2049, 2049, 2049, 2049, 2049, 2049]","[2049, 2049, 2049, 2049, 2049, 2049, 2049, 2051, 2051]","[2049, 2049, 2049, 2051, 2049, 2049]",328
1208,9073,44,3,2023-05-06T16:35:05.316000+00:00,63.808,60.975,41.484,100.0,122,False,166.267,"[2048, 2048, 2048, 2048, 2048, 2048, 2048, 2048, 2048]","[2048, 2048, 2048, 2048, 2048, 2048, 2048, 2048, 2048]","[2048, 2048, 2048, 2048, 2048, 2048, 2064]",205
1208,9073,11,1,2023-05-06T16:35:07.644000+00:00,,38.838,28.064,192.0,148,True,,"[2064, 2064, 2064, 2049, 2049, 2049, 2049, 2049, 2049]","[2049, 2049, 2049, 2049, 2049, 2049, 2049, 2049, 2049]","[2049, 2049, 2049, 2049, 2049, 2051, 2051]",283
1208,9073,18,3,2023-05-06T16:35:19.847000+00:00,47.714,34.77,34.016,213.0,187,True,116.5,"[None, 2064, 2064, 2049, 2048, 2048, 2049, 2049, 2049]","[2049, 2049, 2049, 2049, 2049, 2049, 2049, 2049, 2049]","[2049, 2049, 2048, 2048, 2048, 2048, 2064]",255
1208,9073,14,3,2023-05-06T16:35:49.113000+00:00,51.032,38.856,33.653,205.0,176,True,123.541,"[None, 2064, 2064, 2048, 2049, 2048, 2048, 2048, 2049]","[2048, 2048, 2049, 2048, 2048, 2048, 2048, 2049, 2048]","[2048, 2049, 2048, 2048, 2049, 2049, 2064]",198
1208,9073,31,4,2023-05-06T16:35:53.175000+00:00,30.896,34.08,25.495,213.0,188,False,90.471,"[None, 2049, 2048, 2049, 2048, 2049, 2049, 2048, 2048]","[2048, 2051, 2051, 2051, 2051, 2051, 2049, 2049, 2049]","[2049, 2048, 2048, 2049, 2049, 2049, 2049]",330
1208,9073,10,2,2023-05-06T16:35:57.488000+00:00,30.738,34.314,25.247,215.0,187,False,90.299,"[2049, 2049, 2049, 2049, 2049, 2049, 2049, 2049, 2049]","[2049, 2049, 2049, 2049, 2049, 2049, 2049, 2049, 2049]","[2049, 2051, 2051, 2049, 2051, 2049]",335
1208,9073,1,1,2023-05-06T16:36:08.456000+00:00,,41.393,30.778,193.0,158,True,,"[2064, 2064, 2064, 2049, 2049, 2049, 2049, 2049, 2049]","[2049, 2049, 2049, 2049, 2049, 2049, 2049, 2049, 2049]","[2049, 2049, 2049, 2049, 2049, 2049]",262
1208,9073,55,3,2023-05-06T16:36:08.988000+00:00,56.25,67.871,46.56,122.0,78,False,170.681,"[2048, 2048, 2048, 2048, 2048, 2048, 2048, 2048, 2048]","[2048, 2048, 2048, 2048, 2048, 2048, 2048, 2048, 2048]","[2048, 2048, 2048, 2048, 2048, 2048]",255
1208,9073,16,3,2023-05-06T16:36:20.316000+00:00,63.617,61.635,49.061,122.0,66,False,174.313,"[2048, 2048, 2048, 2048, 2048, 2048, 2048, 2048, 2048]","[2048, 2048, 2048, 2048, 2048, 2048, 2048, 2048, 2048]","[2048, 2048, 2048, 2048, 2048, 2048, 2048]",216
1208,9073,11,2,2023-05-06T16:36:50.034000+00:00,30.228,33.859,25.179,216.0,191,False,89.266,"[2051, 2051, 2049, 2049, 2049, 2049, 2051, 2049, 2049]","[2051, 2051, 2049, 2049, 2051, 2049, 2051, 2051, 2049]","[2051, 2051, 2049, 2049, 2049, 2051]",339
1208,9073,31,5,2023-05-06T16:37:23.596000+00:00,46.184,54.341,33.023,126.0,140,False,133.548,"[None, 2048, 2048, 2048, 2048, 2048, 2048, 2048, 2048]","[2048, 2048, 2048, 2048, 2048, 2048, 2048, 2048, 2048]","[2048, 2048, 2048, 2048, 2048, 2048, 2048]",244
1208,9073,10,3,2023-05-06T16:37:27.690000+00:00,49.414,54.186,33.096,133.0,99,False,136.696,"[2048, 2048, 2048, 2048, 2048, 2048, 2048, 2048, 2048]","[2048, 2048, 2048, 2048, 2048, 2048, 2048, 2048, 2048]","[2048, 2048, 2048, 2048, 2048, 2048, 2048]",279
1208,9073,1,2,2023-05-06T16:37:53.955000+00:00,29.898,33.749,25.316,217.0,188,False,88.963,"[2049, 2049, 2051, 2049, 2051, 2051, 2049, 2049, 2051]","[2049, 2049, 2049, 2049, 2049, 2049, 2049, 2051, 2051]","[2049, 2049, 2049, 2049, 2051, 2049, 2049]",336
1208,9073,44,4,2023-05-06T16:38:11.049000+00:00,69.269,51.305,28.444,113.0,136,True,149.018,"[2064, 2064, 2064, 2048, 2048, 2048, 2048, 2048, 2048]","[2048, 2048, 2048, 2048, 2048, 2048, 2048, 2048, 2048]","[2048, 2048, 2048, 2048, 2048, 2048, 2048]",257
1208,9073,11,3,2023-05-06T16:38:19.252000+00:00,48.197,52.599,42.551,123.0,120,False,143.347,"[2048, 2048, 2048, 2048, 2048, 2048, 2048, 2048, 2048]","[2048, 2048, 2048, 2048, 2048, 2048, 2048, 2048, 2048]","[2048, 2048, 2048, 2048, 2048, 2048, 2064]",202
1208,9073,55,4,2023-05-06T16:38:59.751000+00:00,30.191,33.884,25.221,219.0,192,False,89.296,"[2049, 2048, 2049, 2051, 2049, 2049, 2049, 2049, 2049]","[2049, 2049, 2049, 2049, 2049, 2049, 2049, 2049, 2049]","[2049, 2049, 2049, 2049, 2051, 2051]",327
1208,9073,63,1,2023-05-06T16:39:01.892000+00:00,,39.031,30.897,185.0,159,True,,"[2064, 2064, 2064, 2049, 2049, 2049, 2049, 2049, 2049]","[2049, 2049, 2049, 2049, 2049, 2049, 2049, 2049, 2049]","[2049, 2049, 2049, 2049, 2049, 2049, 2049]",181
1208,9073,16,4,2023-05-06T16:39:14.735000+00:00,30.233,33.665,25.159,217.0,191,False,89.057,"[2049, 2051, 2049, 2049, 2049, 2049, 2049, 2049, 2049]","[2049, 2049, 2049, 2049, 2049, 2051, 2051, 2049, 2051]","[2049, 2049, 2049, 2048, 2049, 2051]",331
1208,9073,1,3,2023-05-06T16:39:22.829000+00:00,54.861,58.29,43.832,143.0,121,False,156.983,"[2048, 2048, 2048, 2048, 2048, 2048, 2048, 2048, 2048]","[2048, 2048, 2048, 2048, 2048, 2048, 2048, 2048, 2048]","[2048, 2048, 2048, 2048, 2048, 2048]",165
1208,9073,31,6,2023-05-06T16:39:37.173000+00:00,30.53,34.149,25.429,219.0,189,False,90.108,"[2049, 2048, 2049, 2048, 2049, 2049, 2049, 2049, 2049]","[2049, 2049, 2048, 2048, 2048, 2048, 2049, 2049, 2049]","[2049, 2048, 2048, 2049, 2049, 2049]",329
1208,9073,10,4,2023-05-06T16:39:44.485000+00:00,30.435,33.916,25.415,219.0,189,False,89.766,"[2049, 2048, 2048, 2049, 2049, 2049, 2049, 2049, 2049]","[2049, 2049, 2048, 2049, 2049, 2049, 2049, 2049, 2049]","[2049, 2048, 2048, 2048, 2051, 2049]",329
1208,9073,77,1,2023-05-06T16:39:52.844000+00:00,,40.43,29.37,201.0,177,True,,"[2064, 2064, 2064, 2049, 2049, 2049, 2049, 2049, 2049]","[2049, 2049, 2049, 2049, 2049, 2049, 2049, 2049, 2049]","[2049, 2049, 2049, 2049, 2049, 2049, 2049]",286
1208,9073,44,5,2023-05-06T16:40:20.688000+00:00,30.12,34.094,25.986,219.0,190,False,90.2,"[2049, 2049, 2049, 2049, 2049, 2049, 2049, 2048, 2051]","[2049, 2049, 2048, 2048, 2049, 2049, 2049, 2049, 2049]","[2049, 2048, 2048, 2049, 2048, 2049]",330
1208,9073,55,5,2023-05-06T16:40:28.953000+00:00,45.689,51.471,43.871,119.0,129,False,141.031,"[2048, 2048, 2048, 2048, 2048, 2048, 2048, 2048, 2048]","[2048, 2048, 2048, 2048, 2048, 2048, 2048, 2048, 2048]","[2048, 2048, 2048, 2048, 2048, 2048, 2064]",186
1208,9073,16,5,2023-05-06T16:40:43.703000+00:00,58.067,59.571,51.069,109.0,101,False,168.707,"[2048, 2048, 2048, 2048, 2048, 2048, 2048, 2048, 2048]","[2048, 2048, 2048, 2048, 2048, 2048, 2048, 2048, 2048]","[2048, 2048, 2048, 2048, 2048, 2048, 2064]",127
1208,9073,63,2,2023-05-06T16:40:48.437000+00:00,30.049,34.043,25.501,219.0,190,False,89.593,"[2049, 2049, 2049, 2049, 2049, 2049, 2049, 2051, 2049]","[2049, 2049, 2049, 2049, 2049, 2049, 2049, 2049, 2051]","[2049, 2049, 2049, 2049, 2049, 2049]",330
1208,9073,11,4,2023-05-06T16:41:02.094000+00:00,65.909,69.305,39.87,118.0,77,True,175.084,"[2064, 2064, 2064, 2048, 2048, 2048, 2048, 2048, 2048]","[2048, 2048, 2048, 2048, 2048, 2048, 2048, 2048, 2048]","[2048, 2048, 2048, 2048, 2048, 2048, 2048]",254
1208,9073,24,1,2023-05-06T16:41:06.437000+00:00,,39.381,28.654,197.0,163,True,,"[2064, 2064, 2064, 2049, 2049, 2049, 2049, 2049, 2049]","[2049, 2049, 2049, 2049, 2049, 2049, 2049, 2049, 2049]","[2049, 2049, 2049, 2049, 2049, 2049, 2049]",265
1208,9073,31,7,2023-05-06T16:41:07.250000+00:00,37.813,41.072,33.106,187.0,153,False,111.991,"[2048, 2048, 2048, 2048, 2048, 2048, 2048, 2048, 2048]","[2048, 2048, 2048, 2048, 2048, 2048, 2048, 2048, 2048]","[2048, 2048, 2048, 2048, 2048, 2048, 2064]",271
1208,9073,10,5,2023-05-06T16:41:14.172000+00:00,48.47,46.975,37.464,146.0,134,False,132.909,"[2048, 2048, 2048, 2048, 2048, 2048, 2048, 2048, 2048]","[2048, 2048, 2048, 2048, 2048, 2048, 2048, 2048, 2048]","[2048, 2048, 2048, 2048, 2048, 2048, 2048]",244
1208,9073,21,1,2023-05-06T16:41:17.062000+00:00,,38.594,28.207,205.0,165,True,,"[2064, 2064, 2064, 2049, 2049, 2049, 2049, 2049, 2049]","[2049, 2049, 2049, 2049, 2049, 2049, 2049, 2049, 2049]","[2049, 2049, 2049, 2049, 2049, 2049]",291
1208,9073,77,2,2023-05-06T16:41:38.593000+00:00,30.273,34.216,25.427,221.0,190,False,89.916,"[2049, 2049, 2051, 2049, 2049, 2049, 2049, 2049, 2049]","[2049, 2049, 2049, 2049, 2049, 2049, 2049, 2049, 2049]","[2049, 2049, 2049, 2049, 2051, 2049]",326
1208,9073,44,6,2023-05-06T16:41:50.812000+00:00,60.676,63.112,43.586,106.0,115,False,167.374,"[2048, 2048, 2048, 2048, 2048, 2048, 2048, 2048, 2048]","[2048, 2048, 2048, 2048, 2048, 2048, 2048, 2048, 2048]","[2048, 2048, 2048, 2048, 2048, 2048, 2064]",192
1208,9073,1,4,2023-05-06T16:41:59.890000+00:00,51.743,50.674,30.19,140.0,160,False,132.607,"[None, 2048, 2048, 2048, 2048, 2048, 2048, 2048, 2048]","[2048, 2048, 2048, 2048, 2048, 2048, 2048, 2048, 2048]","[2048, 2048, 2048, 2048, 2048, 2048, 2051]",266
1208,9073,14,4,2023-05-06T16:42:08.296000+00:00,,38.318,28.85,201.0,172,True,374.119,"[None, 2064, 2064, 2049, 2048, 2048, 2048, 2048, 2049]","[2048, 2048, 2048, 2048, 2048, 2048, 2049, 2049, 2049]","[2048, 2048, 2048, 2048, 2048, 2049, 2049]",298
1208,9073,63,3,2023-05-06T16:42:17.952000+00:00,51.311,54.595,44.052,127.0,116,False,149.958,"[2048, 2048, 2048, 2048, 2048, 2048, 2048, 2048, 2048]","[2048, 2048, 2048, 2048, 2048, 2048, 2048, 2048, 2048]","[2048, 2048, 2048, 2048, 2048, 2048]",169
1208,9073,18,4,2023-05-06T16:42:37.967000+00:00,,39.214,29.418,202.0,135,True,439.388,"[None, 2064, 2064, 2048, 2048, 2049, 2048, 2048, 2048]","[2048, 2048, 2048, 2048, 2048, 2048, 2048, 2048, 2048]","[2048, 2048, 2048, 2048, 2048, 2049, 2049]",253
1208,9073,24,2,2023-05-06T16:42:52.061000+00:00,30.741,34.502,25.925,218.0,187,False,91.168,"[2049, 2049, 2049, 2049, 2049, 2049, 2049, 2049, 2049]","[2049, 2049, 2049, 2049, 2049, 2049, 2049, 2049, 2049]","[2049, 2049, 2049, 2049, 2049, 2049]",326
1208,9073,21,2,2023-05-06T16:42:59.811000+00:00,30.924,34.58,25.89,216.0,187,False,91.394,"[2049, 2049, 2049, 2049, 2049, 2049, 2049, 2049, 2049]","[2049, 2049, 2049, 2049, 2049, 2049, 2049, 2049, 2049]","[2049, 2049, 2049, 2049, 2049, 2049, 2049]",329
1208,9073,77,3,2023-05-06T16:43:08.420000+00:00,42.712,47.94,34.34,145.0,127,False,124.992,"[2048, 2048, 2048, 2048, 2048, 2048, 2048, 2048, 2048]","[2048, 2048, 2048, 2048, 2048, 2048, 2048, 2048, 2048]","[2048, 2048, 2048, 2048, 2048, 2048]",233
1208,9073,55,6,2023-05-06T16:43:13.233000+00:00,72.794,48.823,33.632,110.0,144,True,155.249,"[2064, 2064, 2064, 2048, 2048, 2048, 2048, 2048, 2048]","[2048, 2048, 2048, 2048, 2048, 2048, 2048, 2048, 2048]","[2048, 2048, 2048, 2048, 2048, 2048, 2048]",227
1208,9073,10,6,2023-05-06T16:43:27.170000+00:00,29.989,33.833,25.302,218.0,189,False,89.124,"[None, 2048, 2049, 2049, 2049, 2049, 2049, 2048, 2049]","[2048, 2049, 2048, 2048, 2048, 2051, 2048, 2049, 2049]","[2049, 2048, 2048, 2049, 2048, 2048]",330
1208,9073,11,5,2023-05-06T16:43:37.717000+00:00,30.023,33.66,24.958,221.0,192,False,88.641,"[2051, 2049, 2048, 2051, 2051, 2049, 2048, 2049, 2049]","[2049, 2051, 2051, 2051, 2048, 2049, 2048, 2051, 2048]","[2051, 2051, 2051, 2049, 2051, 2049]",340
1208,9073,14,5,2023-05-06T16:43:49.232000+00:00,29.828,33.839,25.342,220.0,191,False,89.009,"[2049, 2051, 2049, 2049, 2049, 2049, 2049, 2051, 2051]","[2049, 2049, 2049, 2049, 2049, 2049, 2049, 2049, 2049]","[2049, 2049, 2049, 2051, 2049, 2051]",328
1208,9073,16,6,2023-05-06T16:44:01.435000+00:00,74.931,45.245,28.36,137.0,142,True,148.536,"[2064, 2064, 2064, 2048, 2048, 2048, 2048, 2048, 2048]","[2048, 2048, 2048, 2048, 2048, 2048, 2048, 2048, 2048]","[2048, 2048, 2048, 2048, 2048, 2048, 2048]",299
1208,9073,1,5,2023-05-06T16:44:12.545000+00:00,29.56,33.432,24.977,221.0,192,False,87.969,"[2049, 2049, 2048, 2049, 2049, 2051, 2051, 2049, 2049]","[2051, 2049, 2049, 2049, 2048, 2049, 2048, 2049, 2051]","[2049, 2049, 2049, 2049, 2051, 2049]",339
1208,9073,18,5,2023-05-06T16:44:18.435000+00:00,30.625,34.007,25.594,215.0,191,False,90.226,"[2049, 2049, 2049, 2049, 2049, 2049, 2049, 2049, 2049]","[2049, 2049, 2049, 2049, 2049, 2049, 2049, 2049, 2049]","[2049, 2049, 2049, 2049, 2049, 2049]",328
1208,9073,24,3,2023-05-06T16:44:23.185000+00:00,48.24,43.854,29.862,160.0,125,False,121.956,"[2048, 2048, 2048, 2048, 2048, 2048, 2048, 2048, 2048]","[2048, 2048, 2048, 2048, 2048, 2048, 2048, 2048, 2048]","[2048, 2048, 2048, 2048, 2048, 2048]",210
1208,9073,21,3,2023-05-06T16:44:31.076000+00:00,42.689,44.757,31.975,148.0,132,False,119.421,"[None, 2048, 2048, 2048, 2048, 2048, 2048, 2048, 2048]","[2048, 2048, 2048, 2048, 2048, 2048, 2048, 2048, 2048]","[2048, 2048, 2048, 2048, 2048, 2048, 2048]",269
1208,9073,63,4,2023-05-06T16:44:48.013000+00:00,53.459,47.708,30.518,130.0,124,False,131.685,"[None, 2048, 2048, 2048, 2048, 2048, 2048, 2048, 2048]","[2048, 2048, 2048, 2048, 2048, 2048, 2048, 2048, 2048]","[2048, 2048, 2048, 2048, 2048, 2048]",264
1208,9073,4,1,2023-05-06T16:44:55.607000+00:00,,40.328,29.418,175.0,154,True,,"[2064, 2064, 2064, 2049, 2049, 2049, 2049, 2049, 2049]","[2049, 2049, 2049, 2049, 2049, 2049, 2049, 2049, 2049]","[2049, 2049, 2049, 2049, 2049, 2049, 2049]",202
1208,9073,10,7,2023-05-06T16:44:56.216000+00:00,35.103,38.979,36.588,186.0,132,False,110.67,"[None, 2048, 2048, 2048, 2048, 2048, 2048, 2048, 2048]","[2048, 2048, 2048, 2048, 2048, 2048, 2048, 2048, 2048]","[2048, 2048, 2048, 2048, 2048, 2048, 2064]",270
1208,9073,44,7,2023-05-06T16:44:59.388000+00:00,76.575,50.993,31.48,118.0,152,True,159.048,"[2064, 2064, 2064, 2048, 2048, 2048, 2048, 2048, 2048]","[2048, 2048, 2048, 2048, 2048, 2048, 2048, 2048, 2048]","[2048, 2048, 2048, 2048, 2048, 2048, 0]",219
1208,9073,23,1,2023-05-06T16:45:03.544000+00:00,,43.077,28.08,185.0,141,True,,"[2064, 2064, 2064, 2049, 2049, 2049, 2049, 2049, 2049]","[2049, 2049, 2049, 2049, 2049, 2049, 2049, 2049, 2049]","[2049, 2049, 2049, 2049, 2049, 2049]",300
1208,9073,11,6,2023-05-06T16:45:06.263000+00:00,50.126,61.097,44.356,94.0,102,False,155.579,"[2048, 2048, 2048, 2048, 2048, 2048, 2048, 2048, 2048]","[2048, 2048, 2048, 2048, 2048, 2048, 2048, 2048, 2048]","[2048, 2048, 2048, 2048, 2048, 2048, 2048]",162
1208,9073,77,4,2023-05-06T16:45:13.544000+00:00,33.991,43.143,34.479,169.0,126,False,111.613,"[2049, 2048, 2048, 2049, 2049, 2048, 2048, 2048, 2048]","[2048, 2048, 2048, 2048, 2048, 2048, 2048, 2048, 2048]","[2048, 2048, 2048, 2048, 2048, 2048, 2048]",239
1208,9073,14,6,2023-05-06T16:45:18.184000+00:00,60.87,59.919,39.685,139.0,125,False,160.474,"[2048, 2048, 2048, 2048, 2048, 2048, 2048, 2048, 2048]","[2048, 2048, 2048, 2048, 2048, 2048, 2048, 2048, 2048]","[2048, 2048, 2048, 2048, 2048, 2048]",184
1208,9073,55,7,2023-05-06T16:45:25.325000+00:00,33.742,57.894,50.121,151.0,87,False,141.757,"[2049, 2049, 2049, 2049, 2049, 2049, 2049, 0, 0]","[2048, 2048, 2048, 2048, 2048, 2048, 2048, 2048, 2048]","[2048, 2048, 2048, 2048, 2048, 2048, 2048]",63
1208,9073,81,1,2023-05-06T16:45:39.153000+00:00,,41.46,33.232,177.0,127,True,,"[2064, 2064, 2064, 2049, 2049, 2049, 2049, 2049, 2049]","[2049, 2049, 2049, 2049, 2049, 2049, 2049, 2049, 2049]","[2049, 2049, 2049, 2049, 2049, 2049]",270
1208,9073,1,6,2023-05-06T16:45:40.372000+00:00,33.13,39.921,33.659,198.0,176,False,106.71,"[2048, 2048, 2048, 2048, 2048, 2048, 2048, 2048, 2048]","[2048, 2048, 2048, 2048, 2048, 2048, 2048, 2048, 2048]","[2048, 2048, 2048, 2048, 2048, 2048, 2064]",226
1208,9073,2,1,2023-05-06T16:45:41.747000+00:00,,42.426,48.036,188.0,97,True,,"[2064, 2064, 2064, 2049, 2049, 2049, 2049, 2049, 2049]","[2049, 2049, 2049, 2049, 2049, 2049, 2049, 2049, 2049]","[2049, 2049, 2049, 2049, 2049, 2049]",70
1208,9073,22,1,2023-05-06T16:45:43.872000+00:00,,42.898,58.049,203.0,102,True,,"[2064, 2064, 2064, 2049, 2049, 2049, 2049, 2049, 2049]","[2049, 2049, 2049, 2049, 2049, 2049, 2049, 2049, 2049]","[2049, 2049, 2049, 2049, 2049, 2049]",48
1208,9073,18,6,2023-05-06T16:45:48.559000+00:00,55.075,57.328,47.801,112.0,99,False,160.204,"[2048, 2048, 2048, 2048, 2048, 2048, 2048, 2048, 2048]","[2048, 2048, 2048, 2048, 2048, 2048, 2048, 2048, 2048]","[2048, 2048, 2048, 2048, 2048, 2048, 2048]",120
1208,9073,16,7,2023-05-06T16:46:01.028000+00:00,30.0,33.531,25.095,223.0,192,False,88.626,"[2049, 2051, 2048, 2048, 2049, 2049, 2049, 2049, 2049]","[2049, 2049, 2049, 2049, 2049, 2048, 2048, 2048, 2049]","[2049, 2048, 2048, 2051, 2049, 2048]",333
1208,9073,24,4,2023-05-06T16:46:25.199000+00:00,30.478,34.266,25.774,218.0,188,False,90.518,"[2049, 2049, 2048, 2048, 2049, 2049, 2049, 2049, 2049]","[2048, 2048, 2049, 2048, 2049, 2049, 2049, 2049, 2049]","[2049, 2049, 2049, 2049, 2048, 2049]",327
1208,9073,21,4,2023-05-06T16:46:30.574000+00:00,37.293,40.044,32.719,191.0,130,False,110.056,"[2048, 2048, 2048, 2048, 2048, 2048, 2048, 2048, 2048]","[2048, 2048, 2048, 2048, 2048, 2048, 2048, 2048, 2048]","[2048, 2048, 2048, 2048, 2048, 2048, 2048]",201
1208,9073,4,2,2023-05-06T16:46:46.808000+00:00,30.033,34.3,25.836,218.0,186,False,90.169,"[2049, 2049, 2049, 2049, 2049, 2049, 2049, 2049, 2049]","[2049, 2049, 2049, 2049, 2049, 2051, 2049, 2049, 2049]","[2049, 2049, 2049, 2049, 2049, 2049]",323
1208,9073,23,2,2023-05-06T16:46:52.543000+00:00,30.561,34.247,25.39,218.0,189,False,90.198,"[2049, 2049, 2049, 2049, 2049, 2049, 2049, 2049, 2049]","[2049, 2049, 2049, 2049, 2049, 2049, 2049, 2049, 2049]","[2049, 2049, 2049, 2049, 2049, 2049]",336
1208,9073,63,5,2023-05-06T16:46:59.683000+00:00,29.975,33.953,25.461,219.0,187,False,89.389,"[None, 2049, 2048, 2049, 2049, 2049, 2048, 2048, 2049]","[2048, 2049, 2049, 2049, 2049, 2049, 2049, 2049, 2048]","[2048, 2049, 2049, 2048, 2049, 2049]",333
1208,9073,77,5,2023-05-06T16:47:05.136000+00:00,30.295,34.099,25.512,218.0,190,False,89.906,"[2048, 2048, 2048, 2049, 2049, 2049, 2048, 2049, 2048]","[2048, 2048, 2049, 2049, 2049, 2049, 2049, 2049, 2048]","[2049, 2049, 2049, 2051, 2048, 2049]",328
1208,9073,44,8,2023-05-06T16:47:17.355000+00:00,29.798,33.833,25.569,222.0,191,False,89.2,"[2048, 2049, 2049, 2049, 2049, 2051, 2049, 2048, 2049]","[2049, 2049, 2049, 2049, 2049, 2049, 2048, 2049, 2049]","[2049, 2048, 2048, 2049, 2048, 2049]",332
1208,9073,16,8,2023-05-06T16:47:29.574000+00:00,40.969,53.527,39.568,113.0,150,False,134.064,"[2048, 2048, 2048, 2048, 2048, 2048, 2048, 2048, 2048]","[2048, 2048, 2048, 2048, 2048, 2048, 2048, 2048, 2048]","[2048, 2048, 2048, 2048, 2048, 2048, 2064]",171
1208,9073,81,2,2023-05-06T16:47:35.042000+00:00,30.216,34.191,25.559,217.0,191,False,89.966,"[2049, 2049, 2049, 2049, 2049, 2049, 2049, 2049, 2049]","[2049, 2049, 2049, 2049, 2049, 2049, 2049, 2049, 2049]","[2049, 2049, 2049, 2049, 2049, 2049]",327
1208,9073,20,1,2023-05-06T16:47:41.823000+00:00,,47.534,28.053,172.0,126,True,,"[2064, 2064, 2064, 2049, 2049, 2049, 2049, 2049, 2049]","[2049, 2049, 2049, 2049, 2049, 2049, 2049, 2049, 2049]","[2049, 2049, 2049, 2049, 2049, 2049]",304
1208,9073,11,7,2023-05-06T16:47:41.933000+00:00,56.043,54.643,29.05,143.0,111,False,139.736,"[None, 2048, 2048, 2048, 2048, 2048, 2048, 2048, 2048]","[2048, 2048, 2048, 2048, 2048, 2048, 2048, 2048, 2048]","[2048, 2048, 2048, 2048, 2048, 2048]",286
1208,9073,55,8,2023-05-06T16:47:47.120000+00:00,32.396,47.963,38.438,167.0,143,False,118.797,"[None, 2048, 2048, 2048, 2048, 2048, 2048, 2049, 2048]","[2048, 2048, 2048, 2048, 2048, 2048, 2048, 2048, 2048]","[2048, 2048, 2048, 2048, 2048, 2048, 2064]",222
1208,9073,2,2,2023-05-06T16:47:51.886000+00:00,31.19,34.195,25.372,215.0,191,False,90.757,"[2049, 2049, 2049, 2049, 2049, 2049, 2049, 2049, 2049]","[2049, 2049, 2049, 2049, 2049, 2049, 2049, 2049, 2049]","[2049, 2049, 2049, 2049, 2049, 2049]",334
1208,9073,24,5,2023-05-06T16:47:55.651000+00:00,45.362,52.586,36.252,144.0,143,False,134.2,"[2048, 2048, 2048, 2048, 2048, 2048, 2048, 2048, 2048]","[2048, 2048, 2048, 2048, 2048, 2048, 2048, 2048, 2048]","[2048, 2048, 2048, 2048, 2048, 2048, 2064]",224
1208,9073,14,7,2023-05-06T16:47:58.730000+00:00,45.804,59.531,29.072,83.0,114,False,134.407,"[2049, 2049, 2048, 2048, 2048, 2048, 2048, 2048, 2048]","[2048, 2048, 2048, 2048, 2048, 2048, 2048, 2048, 2048]","[2048, 2048, 2048, 2048, 2048, 2048, 2048]",309
1208,9073,22,2,2023-05-06T16:48:04.261000+00:00,30.759,34.751,25.531,211.0,186,False,91.041,"[2049, 2049, 2049, 2049, 2049, 2049, 2049, 2049, 2049]","[2049, 2049, 2049, 2049, 2049, 2049, 2049, 2049, 2049]","[2049, 2049, 2049, 2049, 2049, 2049]",332
1208,9073,4,3,2023-05-06T16:48:16.932000+00:00,46.276,64.229,31.692,124.0,115,False,142.197,"[2048, 2048, 2048, 2048, 2048, 2048, 2048, 2048, 2048]","[2048, 2048, 2048, 2048, 2048, 2048, 2048, 2048, 2048]","[2048, 2048, 2048, 2048, 2048, 2048, 2049]",200
1208,9073,21,5,2023-05-06T16:48:20.698000+00:00,30.475,34.614,25.652,212.0,186,False,90.741,"[2049, 2049, 2049, 2049, 2049, 2049, 2049, 2048, 2048]","[2048, 2048, 2049, 2049, 2049, 2048, 2049, 2048, 2048]","[2049, 2049, 2049, 2049, 2049, 2049, 2049]",330
1208,9073,23,3,2023-05-06T16:48:22.729000+00:00,49.447,56.963,37.084,140.0,118,False,143.494,"[2048, 2048, 2048, 2048, 2048, 2048, 2048, 2048, 2048]","[2048, 2048, 2048, 2048, 2048, 2048, 2048, 2048, 2048]","[2048, 2048, 2048, 2048, 2048, 2048]",88
1208,9073,18,7,2023-05-06T16:48:28.854000+00:00,50.269,45.034,29.96,166.0,119,False,125.263,"[None, 2048, 2048, 2048, 2048, 2048, 2048, 2048, 2048]","[2048, 2048, 2048, 2048, 2048, 2048, 2048, 2048, 2048]","[2048, 2048, 2048, 2048, 2048, 2048]",222
1208,9073,63,6,2023-05-06T16:48:29.010000+00:00,51.126,50.993,41.015,132.0,106,False,143.134,"[None, 2048, 2048, 2048, 2048, 2048, 2048, 2048, 2048]","[2048, 2048, 2048, 2048, 2048, 2048, 2048, 2048, 2048]","[2048, 2048, 2048, 2048, 2048, 2048, 2048]",189
1208,9073,77,6,2023-05-06T16:48:34.963000+00:00,38.931,44.944,36.661,189.0,146,False,120.536,"[None, 2048, 2048, 2048, 2048, 2048, 2048, 2048, 2048]","[2048, 2048, 2048, 2048, 2048, 2048, 2048, 2048, 2048]","[2048, 2048, 2048, 2048, 2048, 2048, 2064]",232
1208,9073,44,9,2023-05-06T16:48:46.416000+00:00,30.449,34.693,25.724,218.0,189,False,90.866,"[2049, 2048, 2048, 2048, 2048, 2048, 2048, 2048, 2048]","[2048, 2049, 2048, 2048, 2048, 2048, 2048, 2048, 2048]","[2048, 2048, 2048, 2048, 2049, 2048]",319
1208,9073,27,1,2023-05-06T16:48:56.604000+00:00,,39.761,30.988,168.0,178,True,,"[2064, 2064, 2064, 2049, 2049, 2049, 2049, 2049, 2049]","[2049, 2049, 2049, 2049, 2049, 2049, 2049, 2049, 2049]","[2049, 2049, 2049, 2049, 2049, 2049, 2049]",226
1208,9073,81,3,2023-05-06T16:49:04.916000+00:00,46.231,44.779,35.627,141.0,88,False,126.637,"[2048, 2048, 2048, 2048, 2048, 2048, 2048, 2048, 2048]","[2048, 2048, 2048, 2048, 2048, 2048, 2048, 2048, 2048]","[2048, 2048, 2048, 2048, 2048, 2048]",149
1208,9073,2,3,2023-05-06T16:49:22.541000+00:00,53.098,48.808,32.865,146.0,97,False,134.771,"[2048, 2048, 2048, 2048, 2048, 2048, 2048, 2048, 2048]","[2048, 2048, 2048, 2048, 2048, 2048, 2048, 2048, 2048]","[2048, 2048, 2048, 2048, 2048, 2048, 2049]",114
1208,9073,20,2,2023-05-06T16:49:31.354000+00:00,29.964,33.939,25.358,221.0,189,False,89.261,"[2049, 2049, 2049, 2049, 2049, 2049, 2049, 2049, 2049]","[2049, 2049, 2049, 2049, 2049, 2049, 2049, 2049, 2049]","[2049, 2049, 2049, 2049, 2049, 2049]",331
1208,9073,22,3,2023-05-06T16:49:35.213000+00:00,48.848,51.128,42.458,131.0,106,False,142.434,"[2048, 2048, 2048, 2048, 2048, 2048, 2048, 2048, 2048]","[2048, 2048, 2048, 2048, 2048, 2048, 2048, 2048, 2048]","[2048, 2048, 2048, 2048, 2048, 2048, 2048]",182
1208,9073,21,6,2023-05-06T16:49:51.338000+00:00,40.592,44.765,39.956,125.0,103,False,125.313,"[2048, 2048, 2048, 2048, 2048, 2048, 2048, 2048, 2048]","[2048, 2048, 2048, 2048, 2048, 2048, 2048, 2048, 2048]","[2048, 2048, 2048, 2048, 2048, 2048, 2064]",199
1208,9073,11,8,2023-05-06T16:50:01.681000+00:00,29.939,33.587,25.113,214.0,189,False,88.639,"[None, 2048, 2049, 2048, 2048, 2049, 2048, 2049, 2048]","[2048, 2048, 2048, 2048, 2048, 2048, 2049, 2051, 2049]","[2048, 2048, 2048, 2049, 2051, 2048]",338
1208,9073,55,9,2023-05-06T16:50:12.728000+00:00,74.076,59.717,30.12,139.0,155,True,163.913,"[2064, 2064, 2064, 2048, 2048, 2048, 2048, 2048, 2048]","[2048, 2048, 2048, 2048, 2048, 2048, 2048, 2048, 2048]","[2048, 2048, 2048, 2048, 2048, 2048, 0]",185
1208,9073,14,8,2023-05-06T16:50:13.150000+00:00,29.817,33.706,25.289,221.0,192,False,88.812,"[None, 2048, 2049, 2051, 2049, 2051, 2048, 2048, 2048]","[2049, 2049, 2049, 2049, 2049, 2048, 2049, 2049, 2049]","[2049, 2049, 2049, 2048, 2049, 2048, 2049]",328
1208,9073,44,10,2023-05-06T16:50:17.384000+00:00,30.384,34.517,25.596,215.0,191,False,90.497,"[2048, 2048, 2048, 2048, 2048, 2048, 2048, 2048, 2048]","[2048, 2048, 2048, 2048, 2048, 2048, 2048, 2048, 2048]","[2049, 2048, 2048, 2048, 2049, 2048, 2048]",318
1208,9073,24,6,2023-05-06T16:50:29.290000+00:00,62.128,49.125,32.537,152.0,116,True,143.79,"[2064, 2064, 2064, 2048, 2048, 2048, 2048, 2048, 2048]","[2048, 2048, 2048, 2048, 2048, 2048, 2048, 2048, 2048]","[2048, 2048, 2048, 2048, 2048, 2048, 2048]",205
1208,9073,18,8,2023-05-06T16:50:34.134000+00:00,29.935,33.66,25.421,220.0,192,False,89.016,"[2049, 2049, 2049, 2049, 2049, 2049, 2048, 2049, 2049]","[2049, 2049, 2049, 2048, 2049, 2049, 2051, 2049, 2049]","[2049, 2049, 2048, 2049, 2049, 2049, 2049]",328
1208,9073,4,4,2023-05-06T16:50:39.181000+00:00,29.849,34.344,25.699,211.0,188,False,89.892,"[2049, 2049, 2048, 2049, 2049, 2049, 2049, 2048, 2048]","[2048, 2049, 2049, 2049, 2049, 2048, 2048, 2048, 2049]","[2049, 2049, 2049, 2049, 2049, 2048]",328
1208,9073,27,2,2023-05-06T16:50:43.228000+00:00,30.98,33.927,25.533,219.0,190,False,90.44,"[2049, 2049, 2049, 2049, 2049, 2049, 2049, 2049, 2051]","[2049, 2049, 2049, 2049, 2049, 2049, 2049, 2049, 2049]","[2049, 2049, 2049, 2049, 2049, 2049]",329
1208,9073,23,4,2023-05-06T16:50:46.228000+00:00,30.366,33.872,32.398,215.0,190,False,96.636,"[2049, 2048, 2049, 2049, 2049, 2049, 2049, 2049, 2048]","[2048, 2049, 2051, 2051, 2049, 2049, 2049, 2049, 2049]","[2049, 2049, 2049, 2051, 2048, 2048]",339
1208,9073,63,7,2023-05-06T16:50:52.228000+00:00,52.444,55.125,37.128,128.0,114,False,144.697,"[None, 2048, 2048, 2048, 2048, 2048, 2048, 2048, 2048]","[2048, 2048, 2048, 2048, 2048, 2048, 2048, 2048, 2048]","[2048, 2048, 2048, 2048, 2048, 2048]",228
1208,9073,77,7,2023-05-06T16:50:55.290000+00:00,62.213,48.157,31.282,150.0,152,True,141.652,"[2064, 2064, 2064, 2048, 2048, 2048, 2048, 2048, 2048]","[2048, 2048, 2048, 2048, 2048, 2048, 2048, 2048, 2048]","[2048, 2048, 2048, 2048, 2048, 2048, 2048]",256
1208,9073,20,3,2023-05-06T16:51:00.509000+00:00,53.23,58.418,41.513,130.0,109,False,153.161,"[2048, 2048, 2048, 2048, 2048, 2048, 2048, 2048, 2048]","[2048, 2048, 2048, 2048, 2048, 2048, 2048, 2048, 2048]","[2048, 2048, 2048, 2048, 2048, 2048]",207
1208,9073,81,4,2023-05-06T16:51:11.680000+00:00,30.186,34.252,25.688,213.0,191,False,90.126,"[2049, 2049, 2049, 2048, 2048, 2049, 2051, 2048, 2048]","[2048, 2048, 2048, 2049, 2048, 2048, 2048, 2049, 2049]","[2048, 2048, 2048, 2049, 2048, 2048, 2048]",328
1208,9073,31,8,2023-05-06T16:51:22.680000+00:00,,40.838,33.013,194.0,165,True,613.403,"[2064, 2064, 2064, 2048, 2048, 2048, 2048, 2048, 2048]","[2048, 2048, 2048, 2048, 2048, 2048, 2048, 2048, 2048]","[2048, 2048, 2048, 2048, 2048, 2048, 2048]",209
1208,9073,11,9,2023-05-06T16:51:30.227000+00:00,36.543,47.182,38.216,156.0,106,False,121.941,"[None, 2048, 2048, 2048, 2048, 2048, 2048, 2048, 2048]","[2048, 2048, 2048, 2048, 2048, 2048, 2048, 2048, 2048]","[2048, 2048, 2048, 2048, 2048, 2048, 2064]",210
1208,9073,2,4,2023-05-06T16:51:37.321000+00:00,30.389,34.02,25.617,220.0,190,False,90.026,"[2049, 2049, 2049, 2049, 2049, 2049, 2049, 2049, 2049]","[2049, 2049, 2049, 2049, 2049, 2049, 2048, 2049, 2048]","[2049, 2049, 2049, 2049, 2048, 2048]",335
1208,9073,14,9,2023-05-06T16:51:41.852000+00:00,58.447,52.347,38.122,132.0,99,False,148.916,"[2048, 2048, 2048, 2048, 2048, 2048, 2048, 2048, 2048]","[2048, 2048, 2048, 2048, 2048, 2048, 2048, 2048, 2048]","[2048, 2048, 2048, 2048, 2048, 2048, 2048]",247
1208,9073,44,11,2023-05-06T16:51:47.883000+00:00,30.771,34.874,26.131,,189,False,91.776,"[None, 2048, 2048, 2048, 2048, 2048, 2048, 2048, 2048]","[2048, 2048, 2048, 2048, 2048, 2048, 2048, 2048, 2048]","[2048, 2048, 2048, 2048, 2048, 2048, 2048]",310
1208,9073,22,4,2023-05-06T16:51:57.711000+00:00,45.379,42.686,28.986,158.0,127,False,117.051,"[None, 2048, 2048, 2048, 2048, 2048, 2048, 2048, 2048]","[2048, 2048, 2048, 2048, 2048, 2048, 2048, 2048, 2048]","[2048, 2048, 2048, 2048, 2048, 2048, 2049]",280
1208,9073,18,9,2023-05-06T16:52:03.227000+00:00,48.856,53.385,34.355,166.0,130,False,136.596,"[2048, 2048, 2048, 2048, 2048, 2048, 2048, 2048, 2048]","[2048, 2048, 2048, 2048, 2048, 2048, 2048, 2048, 2048]","[2048, 2048, 2048, 2048, 2048, 2048, 2048]",192
1208,9073,4,5,2023-05-06T16:52:08.992000+00:00,46.301,56.645,31.295,138.0,97,False,134.241,"[2048, 2048, 2048, 2048, 2048, 2048, 2048, 2048, 2048]","[2048, 2048, 2048, 2048, 2048, 2048, 2048, 2048, 2048]","[2048, 2048, 2048, 2048, 2048, 2048, 2048]",205
1208,9073,27,3,2023-05-06T16:52:13.570000+00:00,48.533,55.23,35.734,148.0,109,False,139.497,"[2048, 2048, 2048, 2048, 2048, 2048, 2048, 2048, 2048]","[2048, 2048, 2048, 2048, 2048, 2048, 2048, 2048, 2048]","[2048, 2048, 2048, 2048, 2048, 2048]",273
1208,9073,21,7,2023-05-06T16:52:20.773000+00:00,59.239,40.918,36.801,199.0,129,True,136.958,"[2064, 2064, 2064, 2048, 2048, 2048, 2048, 2048, 2048]","[2048, 2048, 2048, 2048, 2048, 2048, 2048, 2048, 2048]","[2048, 2048, 2048, 2048, 2048, 2048, 2049]",156
1208,9073,23,5,2023-05-06T16:52:22.852000+00:00,50.696,52.944,38.546,142.0,130,False,142.186,"[2048, 2048, 2048, 2048, 2048, 2048, 2048, 2048, 2048]","[2048, 2048, 2048, 2048, 2048, 2048, 2048, 2048, 2048]","[2048, 2048, 2048, 2048, 2048, 2048, 2048]",228
1208,9073,55,10,2023-05-06T16:52:29.789000+00:00,29.644,33.414,25.067,223.0,193,False,88.125,"[2048, 2048, 2049, 2048, 2049, 2049, 2049, 2048, 2049]","[2049, 2049, 2049, 2049, 2049, 2049, 2048, 2048, 2049]","[2049, 2049, 2049, 2048, 2049, 2051, 2051]",331
1208,9073,24,7,2023-05-06T16:52:33.758000+00:00,30.356,34.274,25.601,214.0,189,False,90.231,"[2049, 2048, 2049, 2049, 2049, 2049, 2049, 2048, 2048]","[2048, 2049, 2049, 2049, 2049, 2048, 2048, 2048, 2049]","[2049, 2049, 2049, 2048, 2049, 2048]",328
1208,9073,81,5,2023-05-06T16:52:41.773000+00:00,40.477,46.167,35.148,175.0,134,False,121.792,"[2048, 2048, 2048, 2048, 2048, 2048, 2048, 2048, 2048]","[2048, 2048, 2048, 2048, 2048, 2048, 2048, 2048, 2048]","[2048, 2048, 2048, 2048, 2048, 2048, 2064]",243
1208,9073,77,8,2023-05-06T16:52:57.226000+00:00,30.07,34.108,25.41,219.0,191,False,89.588,"[2049, 2048, 2048, 2048, 2048, 2049, 2049, 2048, 2048]","[2048, 2049, 2049, 2049, 2048, 2049, 2048, 2049, 2049]","[2049, 2049, 2048, 2048, 2048, 2048]",328
1208,9073,2,5,2023-05-06T16:53:07.257000+00:00,52.299,45.395,31.43,140.0,131,False,129.124,"[2048, 2048, 2048, 2048, 2048, 2048, 2048, 2048, 2048]","[2048, 2048, 2048, 2048, 2048, 2048, 2048, 2048, 2048]","[2048, 2048, 2048, 2048, 2048, 2048]",301
1208,9073,31,9,2023-05-06T16:53:12.679000+00:00,39.518,41.773,29.786,177.0,146,False,111.077,"[2049, 2049, 2048, 2048, 2048, 2048, 2048, 2048, 2048]","[2048, 2048, 2048, 2048, 2048, 2048, 2048, 2048, 2048]","[2048, 2048, 2048, 2048, 2048, 2048, 2048]",255
1208,9073,63,8,2023-05-06T16:53:16.835000+00:00,29.998,33.863,25.35,216.0,190,False,89.211,"[None, 2048, 2048, 2049, 2051, 2048, 2049, 2048, 2048]","[2048, 2048, 2048, 2048, 2049, 2049, 2049, 2048, 2048]","[2049, 2049, 2048, 2049, 2049, 2049]",333
1208,9073,44,12,2023-05-06T16:53:19.679000+00:00,30.934,35.032,31.727,,186,False,97.693,"[None, 2048, 2048, 2048, 2048, 2048, 2048, 2048, 2048]","[2048, 2048, 2048, 2048, 2048, 2048, 2048, 2048, 2048]","[2048, 2048, 2048, 2048, 2048, 2048, 2064]",311
1208,9073,20,4,2023-05-06T16:53:33.788000+00:00,30.172,48.402,44.713,206.0,102,False,123.287,"[None, 2049, 2048, 2049, 2049, 2049, 2049, 2048, 2048]","[2048, 2048, 2048, 2048, 2048, 2048, 2048, 2048, 2048]","[2048, 2048, 2048, 2048, 2048, 2048]",162
1208,9073,10,8,2023-05-06T16:53:43.772000+00:00,,40.01,29.964,195.0,144,True,521.137,"[2064, 2064, 2064, 2048, 2048, 2048, 2048, 2048, 2048]","[2048, 2048, 2048, 2048, 2048, 2048, 2048, 2048, 2048]","[2048, 2048, 2048, 2048, 2048, 2048, 2048]",269
1208,9073,22,5,2023-05-06T16:53:54.772000+00:00,30.224,34.163,25.379,221.0,192,False,89.766,"[2049, 2049, 2048, 2049, 2049, 2049, 2049, 2049, 2049]","[2049, 2049, 2049, 2049, 2048, 2049, 2048, 2049, 2049]","[2049, 2049, 2049, 2048, 2048, 2049]",333
1208,9073,55,11,2023-05-06T16:53:57.835000+00:00,34.856,38.532,32.135,194.0,175,False,105.523,"[None, 2048, 2048, 2048, 2048, 2048, 2048, 2048, 2048]","[2048, 2048, 2048, 2048, 2048, 2048, 2048, 2048, 2048]","[2048, 2048, 2048, 2048, 2048, 2048, 2064]",302
1208,9073,24,8,2023-05-06T16:54:03.882000+00:00,44.512,42.77,33.639,163.0,160,False,120.921,"[2048, 2048, 2048, 2048, 2048, 2048, 2048, 2048, 2048]","[2048, 2048, 2048, 2048, 2048, 2048, 2048, 2048, 2048]","[2048, 2048, 2048, 2048, 2048, 2048, 2064]",260
1208,9073,14,10,2023-05-06T16:54:10.882000+00:00,29.809,33.854,30.912,219.0,191,False,94.575,"[None, 2048, 2048, 2048, 2048, 2048, 2048, 2049, 2051]","[2049, 2049, 2049, 2048, 2048, 2049, 2048, 2048, 2048]","[2049, 2049, 2049, 2051, 2048, 2048]",332
1208,9073,21,8,2023-05-06T16:54:13.678000+00:00,30.158,34.094,25.195,220.0,190,False,89.447,"[2049, 2049, 2049, 2048, 2049, 2049, 2049, 2049, 2049]","[2049, 2049, 2049, 2049, 2049, 2049, 2048, 2049, 2049]","[2049, 2049, 2049, 2049, 2049, 2049]",336
1208,9073,18,10,2023-05-06T16:54:19.756000+00:00,40.216,47.394,27.959,183.0,147,False,115.569,"[None, 2048, 2048, 2048, 2048, 2048, 2048, 2048, 2048]","[2048, 2048, 2048, 2048, 2048, 2048, 2048, 2048, 2048]","[2048, 2048, 2048, 2048, 2048, 2048, 2048]",284
1208,9073,4,6,2023-05-06T16:54:23.304000+00:00,30.104,34.197,33.174,217.0,189,False,97.475,"[None, 2048, 2048, 2048, 2048, 2048, 2049, 2051, 2048]","[2049, 2049, 2049, 2049, 2049, 2048, 2048, 2048, 2049]","[2049, 2048, 2048, 2048, 2048, 2048, 2064]",248
1208,9073,77,9,2023-05-06T16:54:26.741000+00:00,41.757,40.608,34.815,179.0,153,False,117.18,"[2048, 2048, 2048, 2048, 2048, 2048, 2048, 2048, 2048]","[2048, 2048, 2048, 2048, 2048, 2048, 2048, 2048, 2048]","[2048, 2048, 2048, 2048, 2048, 2048, 2064]",280
1208,9073,27,4,2023-05-06T16:54:33.194000+00:00,33.633,49.391,33.519,143.0,124,False,116.543,"[2049, 2048, 2049, 2049, 2048, 2049, 2049, 2049, 2048]","[2048, 2048, 2048, 2048, 2048, 2048, 2048, 2048, 2048]","[2048, 2048, 2048, 2048, 2048, 2048, 2048]",293
1208,9073,23,6,2023-05-06T16:54:45.053000+00:00,46.849,51.631,31.897,162.0,146,False,130.377,"[None, 2048, 2048, 2048, 2048, 2048, 2048, 2048, 2048]","[2048, 2048, 2048, 2048, 2048, 2048, 2048, 2048, 2048]","[2048, 2048, 2048, 2048, 2048, 2048]",231
1208,9073,63,9,2023-05-06T16:54:46.022000+00:00,36.711,40.956,32.618,159.0,179,False,110.285,"[None, 2048, 2048, 2048, 2048, 2048, 2048, 2048, 2048]","[2048, 2048, 2048, 2048, 2048, 2048, 2048, 2048, 2048]","[2048, 2048, 2048, 2048, 2048, 2048, 2064]",282
1208,9073,81,6,2023-05-06T16:55:01.193000+00:00,62.736,51.745,36.147,141.0,111,True,150.628,"[2064, 2064, 2064, 2048, 2048, 2048, 2048, 2048, 2048]","[2048, 2048, 2048, 2048, 2048, 2048, 2048, 2048, 2048]","[2048, 2048, 2048, 2048, 2048, 2048]",132
1208,9073,31,10,2023-05-06T16:55:03.756000+00:00,30.151,33.96,25.313,218.0,190,False,89.424,"[2048, 2048, 2049, 2049, 2049, 2049, 2049, 2049, 2049]","[2049, 2049, 2048, 2048, 2048, 2049, 2048, 2049, 2049]","[2048, 2049, 2049, 2049, 2049, 2048]",335
1208,9073,2,6,2023-05-06T16:55:16.475000+00:00,53.348,44.06,30.007,170.0,137,False,127.415,"[None, 2048, 2048, 2048, 2048, 2048, 2048, 2048, 2048]","[2048, 2048, 2048, 2048, 2048, 2048, 2048, 2048, 2048]","[2048, 2048, 2048, 2048, 2048, 2048, 2048]",131
1208,9073,22,6,2023-05-06T16:55:24.443000+00:00,47.466,47.389,37.512,148.0,119,False,132.367,"[2048, 2048, 2048, 2048, 2048, 2048, 2048, 2048, 2048]","[2048, 2048, 2048, 2048, 2048, 2048, 2048, 2048, 2048]","[2048, 2048, 2048, 2048, 2048, 2048, 2048]",259
1208,9073,10,9,2023-05-06T16:55:28.099000+00:00,36.784,42.773,31.781,155.0,150,False,111.338,"[2048, 2049, 2048, 2048, 2048, 2048, 2048, 2048, 2048]","[2048, 2048, 2048, 2048, 2048, 2048, 2048, 2048, 2048]","[2048, 2048, 2048, 2048, 2048, 2048]",208
1208,9073,20,5,2023-05-06T16:55:37.037000+00:00,30.158,33.833,25.275,213.0,190,False,89.266,"[None, 2048, 2048, 2048, 2048, 2048, 2048, 2048, 2048]","[2048, 2048, 2048, 2048, 2049, 2049, 2049, 2049, 2048]","[2049, 2048, 2049, 2049, 2048, 2049]",334
1208,9073,21,9,2023-05-06T16:55:43.052000+00:00,37.757,38.655,32.399,194.0,171,False,108.811,"[2048, 2048, 2048, 2048, 2048, 2048, 2048, 2048, 2048]","[2048, 2048, 2048, 2048, 2048, 2048, 2048, 2048, 2048]","[2048, 2048, 2048, 2048, 2048, 2048, 2064]",298
1208,9073,14,11,2023-05-06T16:55:45.443000+00:00,33.254,38.841,32.961,208.0,181,False,105.056,"[None, 2048, 2048, 2048, 2048, 2048, 2048, 2048, 2048]","[2048, 2048, 2048, 2048, 2048, 2048, 2048, 2048, 2048]","[2048, 2048, 2048, 2048, 2048, 2048, 2064]",294
1208,9073,16,9,2023-05-06T16:56:10.818000+00:00,,36.676,26.971,203.0,166,True,488.842,"[2064, 2064, 2064, 2048, 2048, 2048, 2048, 2048, 2048]","[2048, 2048, 2048, 2048, 2048, 2048, 2048, 2048, 2048]","[2048, 2048, 2048, 2048, 2048, 2048]",300
1208,9073,18,11,2023-05-06T16:56:15.302000+00:00,30.211,34.723,25.697,219.0,187,False,90.631,"[None, 2048, 2048, 2048, 2049, 2049, 2049, 2048, 2048]","[2048, 2049, 2048, 2048, 2048, 2048, 2048, 2048, 2048]","[2048, 2048, 2048, 2048, 2048, 2048, 2048]",315
1208,9073,4,7,2023-05-06T16:56:20.146000+00:00,51.48,35.934,32.572,211.0,181,True,119.986,"[2064, 2064, 2064, 2048, 2048, 2048, 2048, 2048, 2048]","[2048, 2048, 2048, 2048, 2048, 2048, 2048, 2048, 2048]","[2048, 2048, 2048, 2048, 2048, 2048, 2064]",255
1208,9073,27,5,2023-05-06T16:56:29.693000+00:00,30.311,33.705,25.226,222.0,192,False,89.242,"[2048, 2048, 2048, 2049, 2049, 2049, 2049, 2048, 2048]","[2049, 2049, 2049, 2049, 2049, 2048, 2049, 2048, 2048]","[2049, 2049, 2049, 2048, 2049, 2049]",336
1208,9073,31,11,2023-05-06T16:56:33.099000+00:00,46.387,49.888,32.108,125.0,131,False,128.383,"[None, 2048, 2048, 2048, 2048, 2048, 2048, 2048, 2048]","[2048, 2048, 2048, 2048, 2048, 2048, 2048, 2048, 2048]","[2048, 2048, 2048, 2048, 2048, 2048, 2048]",257
1208,9073,1,7,2023-05-06T16:56:42.614000+00:00,,72.69,34.547,159.0,71,True,708.264,"[2064, 2064, 2064, 2048, 2048, 2048, 2048, 2048, 2048]","[2048, 2048, 2048, 2048, 2048, 2048, 2048, 2048, 2048]","[2048, 2048, 2048, 2048, 2048, 2048, 2048]",284
1208,9073,23,7,2023-05-06T16:56:55.442000+00:00,29.969,33.837,25.352,220.0,189,False,89.158,"[None, 2048, 2049, 2051, 2048, 2049, 2049, 2048, 2049]","[2048, 2048, 2048, 2048, 2048, 2049, 2049, 2049, 2049]","[2048, 2048, 2048, 2048, 2049, 2049]",333
1208,9073,20,6,2023-05-06T16:57:06.301000+00:00,41.412,45.979,38.26,195.0,152,False,125.651,"[None, 2048, 2048, 2048, 2048, 2048, 2048, 2048, 2048]","[2048, 2048, 2048, 2048, 2048, 2048, 2048, 2048, 2048]","[2048, 2048, 2048, 2048, 2048, 2048, 2064]",198
1208,9073,81,7,2023-05-06T16:57:14.176000+00:00,29.998,34.123,25.63,218.0,190,False,89.751,"[2048, 2049, 2048, 2048, 2048, 2048, 2048, 2049, 2049]","[2048, 2048, 2049, 2049, 2049, 2048, 2048, 2048, 2048]","[2048, 2048, 2048, 2048, 2048, 2048]",327
1208,9073,10,10,2023-05-06T16:57:19.426000+00:00,30.305,33.913,25.312,217.0,188,False,89.53,"[2049, 2048, 2048, 2048, 2048, 2048, 2048, 2049, 2048]","[2048, 2049, 2049, 2049, 2049, 2048, 2048, 2048, 2048]","[2048, 2048, 2048, 2049, 2048, 2048]",332
1208,9073,2,7,2023-05-06T16:57:23.864000+00:00,30.351,34.035,25.272,220.0,192,False,89.658,"[None, 2049, 2048, 2049, 2049, 2049, 2048, 2048, 2049]","[2049, 2051, 2051, 2051, 2049, 2048, 2049, 2048, 2048]","[2049, 2048, 2049, 2048, 2048, 2048]",337
1208,9073,22,7,2023-05-06T16:57:36.895000+00:00,51.869,47.898,30.335,146.0,135,False,130.102,"[None, 2048, 2048, 2048, 2048, 2048, 2048, 2048, 2048]","[2048, 2048, 2048, 2048, 2048, 2048, 2048, 2048, 2048]","[2048, 2048, 2048, 2048, 2048, 2048]",278
1208,9073,21,10,2023-05-06T16:57:43.770000+00:00,41.961,35.535,33.439,212.0,174,True,110.935,"[2064, 2064, 2064, 2048, 2048, 2048, 2048, 2048, 2048]","[2048, 2048, 2048, 2048, 2048, 2048, 2048, 2048, 2048]","[2048, 2048, 2048, 2048, 2048, 2048, 2064]",218
1208,9073,18,12,2023-05-06T16:57:45.957000+00:00,33.294,39.983,34.306,202.0,95,False,107.583,"[None, 2048, 2048, 2048, 2048, 2048, 2048, 2048, 2048]","[2048, 2048, 2048, 2048, 2048, 2048, 2048, 2048, 2048]","[2048, 2048, 2048, 2048, 2048, 2048, 2064]",275
1208,9073,14,12,2023-05-06T16:57:48.473000+00:00,51.722,42.121,41.341,203.0,150,True,135.184,"[2064, 2064, 2064, 2048, 2048, 2048, 2048, 2048, 2048]","[2048, 2048, 2048, 2048, 2048, 2048, 2048, 2048, 2048]","[2048, 2048, 2048, 2048, 2048, 2048, 2064]",145
1208,9073,16,10,2023-05-06T16:57:52.567000+00:00,31.529,35.034,26.434,211.0,183,False,92.997,"[2048, 2048, 2049, 2048, 2048, 2048, 2048, 2048, 2048]","[2048, 2048, 2048, 2048, 2048, 2048, 2048, 2048, 2048]","[2048, 2048, 2048, 2048, 2048, 2048, 2048]",310
1208,9073,27,6,2023-05-06T16:57:58.848000+00:00,50.3,54.639,39.063,132.0,115,False,144.002,"[None, 2048, 2048, 2048, 2048, 2048, 2048, 2048, 2048]","[2048, 2048, 2048, 2048, 2048, 2048, 2048, 2048, 2048]","[2048, 2048, 2048, 2048, 2048, 2048]",262
1208,9073,23,8,2023-05-06T16:58:24.488000+00:00,37.591,46.953,34.699,191.0,154,False,119.243,"[None, 2048, 2048, 2048, 2048, 2048, 2048, 2048, 2048]","[2048, 2048, 2048, 2048, 2048, 2048, 2048, 2048, 2048]","[2048, 2048, 2048, 2048, 2048, 2048, 2064]",284
1208,9073,31,12,2023-05-06T16:58:41.566000+00:00,30.076,34.094,25.43,219.0,189,False,89.6,"[None, 2048, 2048, 2049, 2049, 2049, 2049, 2049, 2048]","[2049, 2048, 2048, 2048, 2049, 2048, 2048, 2048, 2048]","[2049, 2048, 2048, 2049, 2048, 2048]",329
1208,9073,81,8,2023-05-06T16:58:43.847000+00:00,36.642,39.33,33.554,184.0,152,False,109.526,"[None, 2048, 2048, 2048, 2048, 2048, 2048, 2048, 2048]","[2048, 2048, 2048, 2048, 2048, 2048, 2048, 2048, 2048]","[2048, 2048, 2048, 2048, 2048, 2048, 2064]",257
1208,9073,10,11,2023-05-06T16:58:48.972000+00:00,36.504,37.838,33.939,195.0,166,False,108.281,"[2048, 2048, 2048, 2048, 2048, 2048, 2048, 2048, 2048]","[2048, 2048, 2048, 2048, 2048, 2048, 2048, 2048, 2048]","[2048, 2048, 2048, 2048, 2048, 2048, 2064]",272
1208,9073,2,8,2023-05-06T16:58:53.425000+00:00,38.579,37.587,32.313,184.0,174,False,108.479,"[None, 2048, 2048, 2048, 2048, 2048, 2048, 2048, 2048]","[2048, 2048, 2048, 2048, 2048, 2048, 2048, 2048, 2048]","[2048, 2048, 2048, 2048, 2048, 2048, 2064]",308
1208,9073,1,8,2023-05-06T16:59:15.456000+00:00,29.343,33.417,24.909,222.0,192,False,87.669,"[2051, 2049, 2049, 2049, 2051, 2051, 2049, 2049, 2049]","[2051, 2049, 2049, 2049, 2048, 2048, 2049, 2048, 2051]","[2051, 2051, 2051, 2049, 2049, 2049]",340
1208,9073,16,11,2023-05-06T16:59:25.566000+00:00,31.759,35.16,26.396,214.0,183,False,93.315,"[None, 2048, 2048, 2048, 2048, 2048, 2048, 2048, 2048]","[2048, 2048, 2048, 2048, 2048, 2048, 2048, 2048, 2048]","[2048, 2048, 2048, 2048, 2048, 2048, 2048]",300
1208,9073,22,8,2023-05-06T16:59:47.018000+00:00,30.249,34.141,25.456,220.0,189,False,89.846,"[None, 2049, 2048, 2048, 2048, 2049, 2049, 2049, 2048]","[2048, 2048, 2048, 2048, 2048, 2049, 2048, 2049, 2048]","[2048, 2048, 2048, 2049, 2049, 2048, 2048]",329
1208,9073,18,13,2023-05-06T16:59:49.003000+00:00,48.588,36.708,32.348,213.0,178,True,117.644,"[2064, 2064, 2064, 2048, 2048, 2048, 2048, 2048, 2048]","[2048, 2048, 2048, 2048, 2048, 2048, 2048, 2048, 2048]","[2048, 2048, 2048, 2048, 2048, 2048, 2064]",294
1208,9073,31,13,2023-05-06T17:00:11.174000+00:00,33.699,36.507,38.237,197.0,168,False,108.443,"[None, 2048, 2048, 2048, 2048, 2048, 2048, 2048, 2048]","[2048, 2048, 2048, 2048, 2048, 2048, 2048, 2048, 2048]","[2048, 2048, 2048, 2048, 2048, 2048, 2064]",200
1208,9073,27,7,2023-05-06T17:00:22.955000+00:00,29.82,33.862,25.12,222.0,192,False,88.802,"[None, 2048, 2049, 2049, 2049, 2049, 2049, 2049, 2048]","[2051, 2048, 2048, 2048, 2048, 2048, 2048, 2048, 2048]","[2049, 2049, 2048, 2048, 2049, 2049]",332
1208,9073,1,9,2023-05-06T17:00:43.049000+00:00,34.396,36.857,32.356,198.0,183,False,103.609,"[2048, 2048, 2048, 2048, 2048, 2048, 2048, 2048, 2048]","[2048, 2048, 2048, 2048, 2048, 2048, 2048, 2048, 2048]","[2048, 2048, 2048, 2048, 2048, 2048, 2064]",278
1208,9073,11,10,2023-05-06T17:00:45.799000+00:00,,54.185,37.0,165.0,85,True,563.935,"[2064, 2064, 2064, 2048, 2048, 2048, 2048, 2048, 2048]","[2048, 2048, 2048, 2048, 2048, 2048, 2048, 2048, 2048]","[2048, 2048, 2048, 2048, 2048, 2048, 2048]",277
1208,9073,16,12,2023-05-06T17:00:58.893000+00:00,31.371,35.113,26.259,212.0,181,False,92.743,"[None, 2048, 2048, 2048, 2048, 2048, 2048, 2048, 2048]","[2048, 2048, 2048, 2048, 2048, 2048, 2048, 2048, 2048]","[2048, 2048, 2048, 2048, 2048, 2048, 2048]",307
1208,9073,55,12,2023-05-06T17:01:00.299000+00:00,,37.242,27.268,185.0,171,True,415.974,"[2064, 2064, 2064, 2048, 2048, 2048, 2048, 2048, 2048]","[2048, 2048, 2048, 2048, 2048, 2048, 2048, 2048, 2048]","[2048, 2048, 2048, 2048, 2048, 2048, 2048]",298
1208,9073,22,9,2023-05-06T17:01:16.877000+00:00,35.482,38.978,33.384,195.0,168,False,107.844,"[None, 2048, 2048, 2048, 2048, 2048, 2048, 2048, 2048]","[2048, 2048, 2048, 2048, 2048, 2048, 2048, 2048, 2048]","[2048, 2048, 2048, 2048, 2048, 2048, 2064]",257
1208,9073,27,8,2023-05-06T17:01:51.704000+00:00,34.819,37.528,33.047,199.0,175,False,105.394,"[None, 2048, 2048, 2048, 2048, 2048, 2048, 2048, 2048]","[2048, 2048, 2048, 2048, 2048, 2048, 2048, 2048, 2048]","[2048, 2048, 2048, 2048, 2048, 2048, 2064]",290
1208,9073,16,13,2023-05-06T17:02:31.626000+00:00,31.581,35.26,26.304,211.0,184,False,93.145,"[None, 2048, 2048, 2048, 2048, 2048, 2048, 2048, 2048]","[2048, 2048, 2048, 2048, 2048, 2048, 2048, 2048, 2048]","[2048, 2048, 2048, 2048, 2048, 2048, 2048]",306
1208,9073,55,13,2023-05-06T17:02:39.423000+00:00,31.637,35.633,26.379,211.0,181,False,93.649,"[2048, 2048, 2048, 2048, 2048, 2048, 2048, 2048, 2048]","[2048, 2048, 2048, 2048, 2048, 2048, 2048, 2048, 2048]","[2048, 2048, 2048, 2048, 2048, 2048, 2048]",303
1208,9073,11,11,2023-05-06T17:02:56.204000+00:00,29.636,33.519,25.038,220.0,192,False,88.193,"[2051, 2049, 2049, 2048, 2048, 2049, 2049, 2048, 2049]","[2048, 2048, 2048, 2048, 2048, 2048, 2048, 2048, 2048]","[2051, 2049, 2048, 2048, 2048, 2048]",339
1208,9073,22,10,2023-05-06T17:03:16.172000+00:00,43.342,38.218,32.646,203.0,171,True,114.206,"[2064, 2064, 2064, 2048, 2048, 2048, 2048, 2048, 2048]","[2048, 2048, 2048, 2048, 2048, 2048, 2048, 2048, 2048]","[2048, 2048, 2048, 2048, 2048, 2048, 2064]",283
1208,9073,63,10,2023-05-06T17:03:32.016000+00:00,,39.809,29.831,177.0,156,True,526.009,"[2064, 2064, 2064, 2048, 2048, 2048, 2048, 2048, 2048]","[2048, 2048, 2048, 2048, 2048, 2048, 2048, 2048, 2048]","[2048, 2048, 2048, 2048, 2048, 2048, 2048]",266
1208,9073,16,14,2023-05-06T17:04:04.750000+00:00,31.651,35.231,26.383,210.0,183,False,93.265,"[None, 2048, 2048, 2048, 2048, 2048, 2048, 2048, 2048]","[2048, 2048, 2048, 2048, 2048, 2048, 2048, 2048, 2048]","[2048, 2048, 2048, 2048, 2048, 2048, 2048]",302
1208,9073,55,14,2023-05-06T17:04:13.078000+00:00,31.334,35.09,26.165,210.0,184,False,92.589,"[None, 2048, 2048, 2048, 2048, 2048, 2048, 2048, 2048]","[2048, 2048, 2048, 2048, 2048, 2048, 2048, 2048, 2048]","[2048, 2048, 2048, 2048, 2048, 2048, 2048]",306
1208,9073,11,12,2023-05-06T17:04:24.312000+00:00,34.47,36.467,33.077,,172,False,104.014,"[2048, 2048, 2048, 2048, 2048, 2048, 2048, 2048, 2048]","[2048, 2048, 2048, 2048, 2048, 2048, 2048, 2048, 2048]","[2048, 2048, 2048, 2048, 2048, 2048, 2064]",279
1208,9073,63,11,2023-05-06T17:05:22.452000+00:00,29.723,34.016,25.483,217.0,186,False,89.222,"[2048, 2048, 2049, 2049, 2048, 2049, 2049, 2048, 2049]","[2048, 2048, 2048, 2048, 2049, 2048, 2048, 2049, 2048]","[2048, 2048, 2048, 2049, 2049, 2048, 2048]",330
1208,9073,16,15,2023-05-06T17:05:38.030000+00:00,31.698,35.56,26.446,212.0,180,False,93.704,"[None, 2048, 2048, 2048, 2048, 2048, 2048, 2048, 2048]","[2048, 2048, 2048, 2048, 2048, 2048, 2048, 2048, 2048]","[2048, 2048, 2048, 2048, 2048, 2048]",301
1208,9073,55,15,2023-05-06T17:05:45.655000+00:00,31.439,35.425,26.304,211.0,184,False,93.168,"[None, 2048, 2048, 2048, 2048, 2048, 2048, 2048, 2048]","[2048, 2048, 2048, 2048, 2048, 2048, 2048, 2048, 2048]","[2048, 2048, 2048, 2048, 2048, 2048]",303
1208,9073,44,13,2023-05-06T17:05:57.499000+00:00,,42.866,29.523,190.0,169,True,768.606,"[2064, 2064, 2064, 2048, 2048, 2048, 2048, 2048, 2048]","[2048, 2048, 2048, 2048, 2048, 2048, 2048, 2048, 2048]","[2048, 2048, 2048, 2048, 2048, 2048]",257
1208,9073,10,12,2023-05-06T17:06:51.295000+00:00,,38.763,28.318,187.0,162,True,476.308,"[2064, 2064, 2064, 2048, 2048, 2048, 2048, 2048, 2048]","[2048, 2048, 2048, 2048, 2048, 2048, 2048, 2048, 2048]","[2048, 2048, 2048, 2048, 2048, 2048]",287
1208,9073,63,12,2023-05-06T17:06:51.639000+00:00,42.761,42.512,38.194,157.0,145,False,123.467,"[None, 2048, 2048, 2048, 2048, 2048, 2048, 2048, 2048]","[2048, 2048, 2048, 2048, 2048, 2048, 2048, 2048, 2048]","[2048, 2048, 2048, 2048, 2048, 2048, 2064]",191
1208,9073,16,16,2023-05-06T17:07:11.748000+00:00,32.262,35.722,26.609,209.0,181,False,94.593,"[None, 2048, 2048, 2048, 2048, 2048, 2048, 2048, 2048]","[2048, 2048, 2048, 2048, 2048, 2048, 2048, 2048, 2048]","[2048, 2048, 2048, 2048, 2048, 2048, 2048]",305
1208,9073,55,16,2023-05-06T17:07:18.841000+00:00,31.728,35.613,26.277,,183,False,93.618,"[None, 2048, 2048, 2048, 2048, 2048, 2048, 2048, 2048]","[2048, 2048, 2048, 2048, 2048, 2048, 2048, 2048, 2048]","[2048, 2048, 2048, 2048, 2048, 2048, 2048]",304
1208,9073,44,14,2023-05-06T17:07:45.966000+00:00,29.61,33.744,25.37,219.0,191,False,88.724,"[2048, 2048, 2049, 2049, 2048, 2048, 2049, 2049, 2049]","[2048, 2048, 2048, 2048, 2048, 2049, 2048, 2049, 2049]","[2048, 2048, 2048, 2048, 2049, 2048]",330
1208,9073,2,9,2023-05-06T17:07:54.685000+00:00,,39.966,28.747,189.0,158,True,537.9,"[2064, 2064, 2064, 2048, 2048, 2048, 2048, 2048, 2048]","[2048, 2048, 2048, 2048, 2048, 2048, 2048, 2048, 2048]","[2048, 2048, 2048, 2048, 2048, 2048, 2048]",300
1208,9073,14,13,2023-05-06T17:07:55.466000+00:00,,40.671,31.312,165.0,147,True,602.274,"[None, 2064, 2064, 2048, 2048, 2048, 2048, 2048, 2048]","[2048, 2048, 2048, 2048, 2048, 2048, 2048, 2048, 2048]","[2048, 2048, 2048, 2048, 2048, 2048]",232
1208,9073,31,14,2023-05-06T17:08:08.763000+00:00,,40.64,28.641,184.0,153,True,475.686,"[2064, 2064, 2064, 2048, 2048, 2048, 2048, 2048, 2048]","[2048, 2048, 2048, 2048, 2048, 2048, 2048, 2048, 2048]","[2048, 2048, 2048, 2048, 2048, 2048]",289
1208,9073,4,8,2023-05-06T17:08:25.122000+00:00,,39.54,27.582,162.0,156,True,735.033,"[None, 2064, 2064, 2048, 2048, 2048, 2048, 2048, 2048]","[2048, 2048, 2048, 2048, 2048, 2048, 2048, 2048, 2048]","[2048, 2048, 2048, 2048, 2048, 2048, 0]",269
1208,9073,10,13,2023-05-06T17:08:33.669000+00:00,29.7,33.62,25.167,218.0,188,False,88.487,"[2048, 2048, 2051, 2048, 2048, 2049, 2049, 2048, 2049]","[2049, 2048, 2048, 2048, 2049, 2049, 2049, 2048, 2048]","[2048, 2048, 2048, 2049, 2051, 2049, 2049]",331
1208,9073,16,17,2023-05-06T17:08:46.325000+00:00,32.348,35.894,26.597,210.0,180,False,94.839,"[None, 2048, 2048, 2048, 2048, 2048, 2048, 2048, 2048]","[2048, 2048, 2048, 2048, 2048, 2048, 2048, 2048, 2048]","[2048, 2048, 2048, 2048, 2048, 2048, 2048]",305
1208,9073,55,17,2023-05-06T17:08:52.434000+00:00,31.603,35.45,26.45,210.0,183,False,93.503,"[None, 2048, 2048, 2048, 2048, 2048, 2048, 2048, 2048]","[2048, 2048, 2048, 2048, 2048, 2048, 2048, 2048, 2048]","[2048, 2048, 2048, 2048, 2048, 2048, 2048]",304
1208,9073,23,9,2023-05-06T17:09:05.200000+00:00,,40.748,27.16,194.0,170,True,624.2,"[2064, 2064, 2064, 2048, 2048, 2048, 2048, 2048, 2048]","[2048, 2048, 2048, 2048, 2048, 2048, 2048, 2048, 2048]","[2048, 2048, 2048, 2048, 2048, 2048]",301
1208,9073,81,9,2023-05-06T17:09:14.106000+00:00,,42.764,30.737,173.0,125,True,631.366,"[2064, 2064, 2064, 2048, 2048, 2048, 2048, 2048, 2048]","[2048, 2048, 2048, 2048, 2048, 2048, 2048, 2048, 2048]","[2048, 2048, 2048, 2048, 2048, 2048, 2049]",233
1208,9073,44,15,2023-05-06T17:09:14.590000+00:00,50.494,59.263,43.587,112.0,128,False,153.344,"[None, 2048, 2048, 2048, 2048, 2048, 2048, 2048, 2048]","[2048, 2048, 2048, 2048, 2048, 2048, 2048, 2048, 2048]","[2048, 2048, 2048, 2048, 2048, 2048, 2064]",179
1208,9073,2,10,2023-05-06T17:09:39.918000+00:00,44.522,54.636,38.767,116.0,73,False,137.925,"[2048, 2048, 2049, 2048, 2048, 2048, 2048, 2048, 2048]","[2048, 2048, 2048, 2048, 2048, 2048, 2048, 2048, 2048]","[2048, 2048, 2048, 2048, 2048, 2048, 2048]",107
1208,9073,14,14,2023-05-06T17:09:47.949000+00:00,32.634,54.369,36.345,148.0,111,False,123.348,"[2048, 2048, 2049, 2048, 2048, 2048, 2048, 2051, 2048]","[2048, 2048, 2048, 2048, 2048, 2048, 2048, 2048, 2048]","[2048, 2048, 2048, 2048, 2048, 2048, 2048]",282
1208,9073,31,15,2023-05-06T17:09:55.340000+00:00,29.857,33.902,25.305,219.0,190,False,89.064,"[2048, 2048, 2049, 2049, 2049, 2049, 2048, 2049, 2048]","[2048, 2048, 2048, 2048, 2048, 2048, 2048, 2049, 2049]","[2048, 2048, 2048, 2048, 2049, 2049]",330
1208,9073,10,14,2023-05-06T17:10:01.965000+00:00,56.661,47.591,29.114,156.0,119,False,133.366,"[None, 2048, 2048, 2048, 2048, 2048, 2048, 2048, 2048]","[2048, 2048, 2048, 2048, 2048, 2048, 2048, 2048, 2048]","[2048, 2048, 2048, 2048, 2048, 2048, 2048]",284
1208,9073,4,9,2023-05-06T17:10:15.839000+00:00,42.295,57.182,28.382,121.0,153,False,127.859,"[2048, 2049, 2048, 2049, 2049, 0, 0, 2048, 2048]","[2048, 2048, 2048, 2048, 2048, 2048, 2048, 2048, 2048]","[2048, 2048, 2048, 2048, 2048, 2048, 2048]",246
1208,9073,16,18,2023-05-06T17:10:21.168000+00:00,34.062,40.458,34.954,168.0,155,False,109.474,"[None, 2048, 2048, 2048, 2048, 2048, 2048, 2048, 2048]","[2048, 2048, 2048, 2048, 2048, 2048, 2048, 2048, 2048]","[2048, 2048, 2048, 2048, 2048, 2048, 2064]",212
1208,9073,55,18,2023-05-06T17:10:25.964000+00:00,37.179,55.684,30.585,142.0,102,False,123.448,"[None, 2048, 2048, 2048, 2048, 2048, 2048, 2048, 2048]","[2048, 2048, 2048, 2048, 2048, 2048, 2048, 2048, 2048]","[2048, 2048, 2048, 2048, 2048, 2048, 2048]",267
1208,9073,23,10,2023-05-06T17:10:48.058000+00:00,30.204,33.827,25.423,221.0,187,False,89.454,"[2048, 2049, 2049, 2048, 2048, 2049, 2048, 2049, 2048]","[2048, 2048, 2048, 2048, 2048, 2049, 2048, 2049, 2048]","[2048, 2048, 2048, 2048, 2048, 2048, 2048]",335
1208,9073,81,10,2023-05-06T17:11:04.808000+00:00,30.104,33.823,25.448,216.0,192,False,89.375,"[2048, 2048, 2049, 2048, 2049, 2049, 2048, 2048, 2048]","[2048, 2049, 2049, 2049, 2048, 2049, 2048, 2049, 2048]","[2049, 2049, 2049, 2049, 2048, 2049]",333
1208,9073,77,10,2023-05-06T17:11:10.261000+00:00,,37.969,29.261,206.0,175,True,988.524,"[2064, 2064, 2064, 2048, 2048, 2048, 2048, 2048, 2048]","[2048, 2048, 2048, 2048, 2048, 2048, 2048, 2048, 2048]","[2048, 2048, 2048, 2048, 2048, 2048]",272
1208,9073,1,10,2023-05-06T17:11:19.651000+00:00,,40.678,28.059,184.0,178,True,638.31,"[2064, 2064, 2064, 2048, 2048, 2048, 2048, 2048, 2048]","[2048, 2048, 2048, 2048, 2048, 2048, 2048, 2048, 2048]","[2048, 2048, 2048, 2048, 2048, 2048]",274
1208,9073,24,9,2023-05-06T17:11:23.307000+00:00,,38.692,29.801,206.0,154,True,1024.778,"[2064, 2064, 2064, 2048, 2048, 2048, 2048, 2048, 2048]","[2048, 2048, 2048, 2048, 2048, 2048, 2048, 2048, 2048]","[2048, 2048, 2048, 2048, 2048, 2048, 0]",179
1208,9073,31,16,2023-05-06T17:11:24.307000+00:00,44.103,56.811,36.588,129.0,131,False,137.502,"[None, 2048, 2048, 2048, 2048, 2048, 2048, 2048, 2048]","[2048, 2048, 2048, 2048, 2048, 2048, 2048, 2048, 2048]","[2048, 2048, 2048, 2048, 2048, 2048, 2048]",197
1208,9073,14,15,2023-05-06T17:11:51.292000+00:00,29.884,33.631,25.206,219.0,194,False,88.721,"[None, 2048, 2048, 2048, 2048, 2048, 2049, 2051, 2048]","[2048, 2048, 2049, 2049, 2048, 2048, 2048, 2049, 2049]","[2049, 2049, 2048, 2048, 2048, 2049]",330
1208,9073,2,11,2023-05-06T17:11:57.838000+00:00,30.34,33.695,25.229,220.0,189,False,89.264,"[None, 2049, 2049, 2048, 2048, 2049, 2049, 2048, 2049]","[2048, 2048, 2048, 2048, 2049, 2048, 2048, 2049, 2049]","[2048, 2048, 2049, 2049, 2048, 2048]",338
1208,9073,21,11,2023-05-06T17:12:07.166000+00:00,,37.084,27.597,207.0,175,True,862.201,"[None, 2064, 2064, 2048, 2048, 2048, 2048, 2048, 2048]","[2048, 2048, 2048, 2048, 2048, 2048, 2048, 2048, 2048]","[2048, 2048, 2048, 2048, 2048, 2048, 2048]",297
1208,9073,10,15,2023-05-06T17:12:15.416000+00:00,32.238,54.139,36.577,120.0,136,False,122.954,"[None, 2048, 2048, 2048, 2048, 2049, 2048, 2048, 2048]","[2048, 2048, 2048, 2048, 2048, 2048, 2048, 2048, 2048]","[2048, 2048, 2048, 2048, 2048, 2048]",237
1208,9073,63,13,2023-05-06T17:12:15.698000+00:00,,44.961,34.329,155.0,132,True,324.057,"[2064, 2064, 2064, 2048, 2048, 2048, 2048, 2048, 2048]","[2048, 2048, 2048, 2048, 2048, 2048, 2048, 2048, 2048]","[2048, 2048, 2048, 2048, 2048, 2048, 2048]",99
1208,9073,23,11,2023-05-06T17:12:17.494000+00:00,52.295,54.197,36.406,140.0,124,False,142.898,"[None, 2048, 2048, 2048, 2048, 2048, 2048, 2048, 2048]","[2048, 2048, 2048, 2048, 2048, 2048, 2048, 2048, 2048]","[2048, 2048, 2048, 2048, 2048, 2048]",280
1208,9073,18,14,2023-05-06T17:12:20.213000+00:00,,43.524,28.933,197.0,168,True,759.659,"[None, 2064, 2064, 2048, 2048, 2048, 2048, 2048, 2048]","[2048, 2048, 2048, 2048, 2048, 2048, 2048, 2048, 2048]","[2048, 2048, 2048, 2048, 2048, 2048, 2048]",283
1208,9073,4,10,2023-05-06T17:12:23.666000+00:00,30.604,53.356,36.894,143.0,123,False,120.854,"[2049, 2048, 2048, 2048, 2048, 2048, 2049, 2048, 2048]","[2048, 2048, 2048, 2048, 2048, 2048, 2048, 2048, 2048]","[2048, 2048, 2048, 2048, 2048, 2048]",72
1208,9073,55,19,2023-05-06T17:12:29.385000+00:00,31.938,35.11,26.277,212.0,184,False,93.325,"[None, 2048, 2048, 2048, 2048, 2048, 2048, 2048, 2048]","[2048, 2048, 2048, 2048, 2048, 2048, 2048, 2048, 2048]","[2048, 2048, 2048, 2048, 2048, 2048, 2048]",307
1208,9073,81,11,2023-05-06T17:12:34.135000+00:00,43.028,49.705,43.611,149.0,114,False,136.344,"[None, 2048, 2048, 2048, 2048, 2048, 2048, 2048, 2048]","[2048, 2048, 2048, 2048, 2048, 2048, 2048, 2048, 2048]","[2048, 2048, 2048, 2048, 2048, 2048, 2064]",216
1208,9073,77,11,2023-05-06T17:12:52.556000+00:00,29.773,33.896,25.23,224.0,190,False,88.899,"[2049, 2049, 2048, 2048, 2049, 2049, 2049, 2048, 2049]","[2049, 2049, 2049, 2049, 2048, 2049, 2048, 2049, 2048]","[2049, 2049, 2049, 2048, 2048, 2049]",331
1208,9073,1,11,2023-05-06T17:13:05.041000+00:00,29.172,33.483,24.94,223.0,192,False,87.595,"[2048, 2049, 2049, 2048, 2051, 2051, 2051, 2051, 2051]","[2051, 2051, 2049, 2051, 2049, 2048, 2048, 2048, 2048]","[2048, 2051, 2051, 2049, 2048, 2048]",340
1208,9073,24,10,2023-05-06T17:13:09.697000+00:00,30.041,33.817,25.216,219.0,192,False,89.074,"[2049, 2049, 2049, 2049, 2049, 2049, 2049, 2048, 2049]","[2049, 2049, 2049, 2049, 2049, 2049, 2048, 2048, 2049]","[2049, 2049, 2049, 2049, 2049, 2049]",332
1208,9073,11,13,2023-05-06T17:13:19.931000+00:00,,47.339,35.363,146.0,94,True,555.685,"[2064, 2064, 2064, 2048, 2048, 2048, 2048, 2048, 2048]","[2048, 2048, 2048, 2048, 2048, 2048, 2048, 2048, 2048]","[2048, 2048, 2048, 2048, 2048, 2048]",270
1208,9073,14,16,2023-05-06T17:13:19.931000+00:00,61.317,69.523,41.473,80.0,49,False,172.313,"[None, 2048, 2048, 2048, 2048, 2048, 2048, 2048, 2048]","[2048, 2048, 2048, 2048, 2048, 2048, 2048, 2048, 2048]","[2048, 2048, 2048, 2048, 2048, 2048]",281
1208,9073,2,12,2023-05-06T17:13:27.009000+00:00,51.426,45.487,35.662,150.0,135,False,132.575,"[None, 2048, 2048, 2048, 2048, 2048, 2048, 2048, 2048]","[2048, 2048, 2048, 2048, 2048, 2048, 2048, 2048, 2048]","[2048, 2048, 2048, 2048, 2048, 2048, 2064]",265
1208,9073,31,17,2023-05-06T17:13:41.853000+00:00,44.853,51.681,34.062,173.0,117,False,130.596,"[None, 2048, 2048, 2048, 2048, 2048, 2048, 2048, 2048]","[2048, 2048, 2048, 2048, 2048, 2048, 2048, 2048, 2048]","[2048, 2048, 2048, 2048, 2048, 2048, 2048]",114
1208,9073,21,12,2023-05-06T17:13:45.040000+00:00,30.522,34.409,25.677,212.0,188,False,90.608,"[2048, 2049, 2048, 2048, 2048, 2048, 2049, 2048, 2048]","[2048, 2048, 2048, 2048, 2048, 2049, 2048, 2049, 2049]","[2048, 2048, 2048, 2048, 2048, 2048, 2048]",328
1208,9073,55,20,2023-05-06T17:14:02.712000+00:00,31.61,35.643,31.175,207.0,183,False,98.428,"[None, 2048, 2048, 2048, 2048, 2048, 2048, 2048, 2048]","[2048, 2048, 2048, 2048, 2048, 2048, 2048, 2048, 2048]","[2048, 2048, 2048, 2048, 2048, 2048, 2064]",307
1208,9073,18,15,2023-05-06T17:14:10.852000+00:00,29.976,33.869,25.281,216.0,191,False,89.126,"[2049, 2049, 2048, 2048, 2049, 2049, 2049, 2048, 2048]","[2048, 2049, 2049, 2049, 2049, 2048, 2048, 2048, 2048]","[2049, 2049, 2049, 2049, 2048, 2049, 2049]",331
1208,9073,10,16,2023-05-06T17:14:18.384000+00:00,43.186,45.251,32.204,147.0,130,False,120.641,"[None, 2048, 2048, 2048, 2048, 2048, 2048, 2048, 2048]","[2048, 2048, 2048, 2048, 2048, 2048, 2048, 2048, 2048]","[2048, 2048, 2048, 2048, 2048, 2048]",241
1208,9073,63,14,2023-05-06T17:14:19.149000+00:00,29.702,33.765,25.139,220.0,192,False,88.606,"[2049, 2048, 2049, 2048, 2048, 2048, 2049, 2048, 2049]","[2049, 2049, 2049, 2049, 2049, 2048, 2048, 2048, 2048]","[2049, 2049, 2049, 2048, 2048, 2048]",337
1208,9073,77,12,2023-05-06T17:14:21.337000+00:00,42.588,49.342,32.613,154.0,117,False,124.543,"[2048, 2048, 2048, 2048, 2048, 2048, 2048, 2048, 2048]","[2048, 2048, 2048, 2048, 2048, 2048, 2048, 2048, 2048]","[2048, 2048, 2048, 2048, 2048, 2048, 2048]",266
1208,9073,4,11,2023-05-06T17:14:24.540000+00:00,29.905,34.001,25.495,220.0,190,False,89.401,"[None, 2048, 2048, 2048, 2048, 2048, 2048, 2048, 2048]","[2049, 2049, 2049, 2049, 2049, 2048, 2048, 2048, 2048]","[2049, 2049, 2049, 2049, 2048, 2048]",329
1208,9073,1,12,2023-05-06T17:14:32.571000+00:00,54.68,67.965,49.21,109.0,110,False,171.855,"[None, 2048, 2048, 2048, 2048, 2048, 2048, 2048, 2048]","[2048, 2048, 2048, 2048, 2048, 2048, 2048, 2048, 2048]","[2048, 2048, 2048, 2048, 2048, 2048, 2048]",101
1208,9073,24,11,2023-05-06T17:14:38.649000+00:00,46.598,45.293,31.354,122.0,112,False,123.245,"[2048, 2048, 2048, 2048, 2048, 2048, 2048, 2048, 2048]","[2048, 2048, 2048, 2048, 2048, 2048, 2048, 2048, 2048]","[2048, 2048, 2048, 2048, 2048, 2048]",225
1208,9073,23,12,2023-05-06T17:14:40.383000+00:00,47.82,49.181,32.616,168.0,124,False,129.617,"[None, 2048, 2048, 2048, 2048, 2048, 2048, 2048, 2048]","[2048, 2048, 2048, 2048, 2048, 2048, 2048, 2048, 2048]","[2048, 2048, 2048, 2048, 2048, 2048]",226
1208,9073,21,13,2023-05-06T17:15:15.664000+00:00,44.695,43.686,39.099,170.0,138,False,127.48,"[None, 2048, 2048, 2048, 2048, 2048, 2048, 2048, 2048]","[2048, 2048, 2048, 2048, 2048, 2048, 2048, 2048, 2048]","[2048, 2048, 2048, 2048, 2048, 2048, 2048]",120
1208,9073,44,16,2023-05-06T17:15:17.914000+00:00,,41.464,30.456,128.0,178,True,329.876,"[2064, 2064, 2064, 2048, 2048, 2048, 2048, 2048, 2048]","[2048, 2048, 2048, 2048, 2048, 2048, 2048, 2048, 2048]","[2048, 2048, 2048, 2048, 2048, 2048, 2049]",203
1208,9073,81,12,2023-05-06T17:15:20.617000+00:00,77.247,46.731,35.179,137.0,116,True,159.157,"[2064, 2064, 2064, 2048, 2048, 2048, 2048, 2048, 2048]","[2048, 2048, 2048, 2048, 2048, 2048, 2048, 2048, 2048]","[2048, 2048, 2048, 2048, 2048, 2048, 2048]",138
1208,9073,11,14,2023-05-06T17:15:24.086000+00:00,29.763,38.601,42.056,221.0,111,False,110.42,"[2051, 2049, 2048, 2048, 2048, 2048, 2049, 2049, 2049]","[2048, 2048, 2048, 2048, 2048, 2049, 2048, 2048, 2048]","[2048, 2048, 2048, 2048, 2048, 2048]",162
1208,9073,22,11,2023-05-06T17:15:26.680000+00:00,,36.732,31.464,194.0,169,True,734.429,"[None, 2064, 2064, 2048, 2048, 2048, 2048, 2048, 2048]","[2048, 2048, 2048, 2048, 2048, 2048, 2048, 2048, 2048]","[2048, 2048, 2048, 2048, 2048, 2048, 2048]",150
1208,9073,18,16,2023-05-06T17:15:39.961000+00:00,60.419,61.271,40.622,128.0,133,False,162.312,"[2048, 2048, 2048, 2048, 2048, 2048, 2048, 2048, 2048]","[2048, 2048, 2048, 2048, 2048, 2048, 2048, 2048, 2048]","[2048, 2048, 2048, 2048, 2048, 2048, 2064]",210
1208,9073,63,15,2023-05-06T17:15:47.711000+00:00,46.77,46.089,35.847,144.0,147,False,128.706,"[2048, 2048, 2048, 2048, 2048, 2048, 2048, 2048, 2048]","[2048, 2048, 2048, 2048, 2048, 2048, 2048, 2048, 2048]","[2048, 2048, 2048, 2048, 2048, 2048, 2064]",196
1208,9073,31,18,2023-05-06T17:15:52.477000+00:00,29.668,33.931,25.233,220.0,189,False,88.832,"[2049, 2048, 2049, 2049, 2049, 2048, 2049, 2049, 2049]","[2049, 2049, 2048, 2048, 2048, 2048, 2048, 2048, 2048]","[2049, 2049, 2048, 2048, 2048, 2049, 2049]",331
1208,9073,4,12,2023-05-06T17:15:53.851000+00:00,47.308,54.925,40.273,114.0,141,False,142.506,"[2048, 2048, 2048, 2048, 2048, 2048, 2048, 2048, 2048]","[2048, 2048, 2048, 2048, 2048, 2048, 2048, 2048, 2048]","[2048, 2048, 2048, 2048, 2048, 2048]",139
1208,9073,2,13,2023-05-06T17:16:03.320000+00:00,65.191,45.052,33.25,170.0,109,True,143.493,"[2064, 2064, 2064, 2048, 2048, 2048, 2048, 2048, 2048]","[2048, 2048, 2048, 2048, 2048, 2048, 2048, 2048, 2048]","[2048, 2048, 2048, 2048, 2048, 2048, 2048]",227
1208,9073,14,17,2023-05-06T17:16:12.335000+00:00,29.594,33.942,25.249,220.0,193,False,88.785,"[2049, 2048, 2048, 2048, 2048, 2048, 2049, 2048, 2048]","[2049, 2049, 2049, 2049, 2048, 2048, 2048, 2048, 2048]","[2049, 2048, 2048, 2048, 2048, 2048, 2048]",327
1208,9073,10,17,2023-05-06T17:16:19.007000+00:00,29.594,33.711,25.123,223.0,190,False,88.428,"[None, 2048, 2048, 2049, 2049, 2049, 2049, 2049, 2048]","[2049, 2049, 2049, 2049, 2048, 2049, 2048, 2048, 2048]","[2049, 2051, 2049, 2048, 2048, 2048]",337
1208,9073,77,13,2023-05-06T17:16:25.945000+00:00,29.596,33.822,25.038,222.0,193,False,88.456,"[2049, 2049, 2048, 2049, 2049, 2049, 2049, 2049, 2048]","[2048, 2049, 2049, 2049, 2051, 2049, 2048, 2048, 2049]","[2049, 2049, 2049, 2049, 2048, 2048]",333
1208,9073,24,12,2023-05-06T17:16:42.007000+00:00,29.839,34.152,25.171,221.0,189,False,89.162,"[2049, 2048, 2048, 2049, 2049, 2049, 2048, 2049, 2049]","[2049, 2049, 2048, 2048, 2048, 2049, 2048, 2048, 2048]","[2049, 2049, 2049, 2048, 2049, 2049]",333
1208,9073,23,13,2023-05-06T17:16:49.976000+00:00,29.706,33.73,25.125,223.0,188,False,88.561,"[None, 2049, 2048, 2048, 2049, 2048, 2048, 2049, 2049]","[2049, 2048, 2048, 2048, 2049, 2048, 2048, 2048, 2049]","[2048, 2049, 2048, 2048, 2049, 2048]",337
1208,9073,22,12,2023-05-06T17:17:13.350000+00:00,30.169,36.131,42.009,213.0,110,False,108.309,"[2048, 2049, 2049, 2049, 2048, 2049, 2049, 2049, 2048]","[2048, 2048, 2048, 2048, 2049, 2048, 2049, 2048, 2048]","[2048, 2048, 2048, 2048, 2048, 2048, 2064]",228
1208,9073,11,15,2023-05-06T17:17:14.475000+00:00,49.271,58.729,47.689,125.0,93,False,155.689,"[2048, 2048, 2048, 2048, 2048, 2048, 2048, 2048, 2048]","[2048, 2048, 2048, 2048, 2048, 2048, 2048, 2048, 2048]","[2048, 2048, 2048, 2048, 2048, 2048]",186
1208,9073,44,17,2023-05-06T17:17:17.913000+00:00,29.867,33.731,25.12,221.0,191,False,88.718,"[2049, 2048, 2048, 2048, 2049, 2049, 2048, 2048, 2048]","[2049, 2051, 2049, 2049, 2049, 2048, 2048, 2048, 2048]","[2049, 2049, 2049, 2048, 2049, 2048]",335
1208,9073,31,19,2023-05-06T17:17:21.257000+00:00,49.519,52.418,39.366,128.0,145,False,141.303,"[2048, 2048, 2048, 2048, 2048, 2048, 2048, 2048, 2048]","[2048, 2048, 2048, 2048, 2048, 2048, 2048, 2048, 2048]","[2048, 2048, 2048, 2048, 2048, 2048, 2048]",180
1208,9073,21,14,2023-05-06T17:17:23.116000+00:00,41.11,39.393,27.917,178.0,159,False,108.42,"[None, 2048, 2048, 2048, 2048, 2048, 2048, 2048, 2048]","[2048, 2048, 2048, 2048, 2048, 2048, 2048, 2048, 2048]","[2048, 2048, 2048, 2048, 2048, 2048, 2048]",302
1208,9073,1,13,2023-05-06T17:17:24.475000+00:00,61.583,69.865,35.142,108.0,59,False,166.59,"[None, 2048, 2048, 2048, 2048, 2048, 2048, 2048, 2048]","[2048, 2048, 2048, 2048, 2048, 2048, 2048, 2048, 2048]","[2048, 2048, 2048, 2048, 2048, 2048, 2048]",273
1208,9073,81,13,2023-05-06T17:17:29.741000+00:00,30.007,34.196,25.519,218.0,190,False,89.722,"[2048, 2048, 2048, 2048, 2049, 2048, 2048, 2048, 2049]","[2049, 2049, 2048, 2048, 2048, 2048, 2048, 2048, 2048]","[2048, 2048, 2048, 2049, 2048, 2048, 2048]",329
1208,9073,14,18,2023-05-06T17:17:41.116000+00:00,50.51,74.643,39.125,108.0,100,False,164.278,"[2048, 2048, 2048, 2048, 2048, 2048, 2048, 2048, 2048]","[2048, 2048, 2048, 2048, 2048, 2048, 2048, 2048, 2048]","[2048, 2048, 2048, 2048, 2048, 2048]",284
1208,9073,10,18,2023-05-06T17:17:47.366000+00:00,48.637,48.475,34.566,154.0,138,False,131.678,"[None, 2048, 2048, 2048, 2048, 2048, 2048, 2048, 2048]","[2048, 2048, 2048, 2048, 2048, 2048, 2048, 2048, 2048]","[2048, 2048, 2048, 2048, 2048, 2048, 2048]",245
1208,9073,77,14,2023-05-06T17:17:54.334000+00:00,43.069,48.811,38.663,151.0,131,False,130.543,"[2048, 2048, 2048, 2048, 2048, 2048, 2048, 2048, 2048]","[2048, 2048, 2048, 2048, 2048, 2048, 2048, 2048, 2048]","[2048, 2048, 2048, 2048, 2048, 2048, 2064]",208
1208,9073,2,14,2023-05-06T17:18:03.178000+00:00,30.286,34.165,25.268,221.0,190,False,89.719,"[2049, 2048, 2048, 2048, 2049, 2048, 2048, 2048, 2049]","[2048, 2048, 2048, 2048, 2048, 2048, 2048, 2048, 2048]","[2048, 2048, 2048, 2048, 2048, 2048, 2048]",335
1208,9073,24,13,2023-05-06T17:18:11.131000+00:00,48.86,51.321,39.584,131.0,105,False,139.765,"[2048, 2048, 2048, 2048, 2048, 2048, 2048, 2048, 2048]","[2048, 2048, 2048, 2048, 2048, 2048, 2048, 2048, 2048]","[2048, 2048, 2048, 2048, 2048, 2048, 2064]",195
1208,9073,4,13,2023-05-06T17:18:16.443000+00:00,46.116,52.754,35.739,133.0,114,False,134.609,"[None, 2048, 2048, 2048, 2048, 2048, 2048, 2048, 2048]","[2048, 2048, 2048, 2048, 2048, 2048, 2048, 2048, 2048]","[2048, 2048, 2048, 2048, 2048, 2048, 2048]",173
1208,9073,23,14,2023-05-06T17:18:18.522000+00:00,49.317,52.269,38.006,137.0,114,False,139.592,"[None, 2048, 2048, 2048, 2048, 2048, 2048, 2048, 2048]","[2048, 2048, 2048, 2048, 2048, 2048, 2048, 2048, 2048]","[2048, 2048, 2048, 2048, 2048, 2048, 2048]",232
1208,9073,20,7,2023-05-06T17:18:30.959000+00:00,,40.72,30.836,198.0,143,True,1264.78,"[2064, 2064, 2064, 2048, 2048, 2048, 2048, 2048, 2048]","[2048, 2048, 2048, 2048, 2048, 2048, 2048, 2048, 2048]","[2048, 2048, 2048, 2048, 2048, 2048, 2048]",174
1208,9073,27,9,2023-05-06T17:18:34.506000+00:00,,49.325,43.779,148.0,98,True,1033.018,"[2064, 2064, 2064, 2048, 2048, 2048, 2048, 2048, 2048]","[2048, 2048, 2048, 2048, 2048, 2048, 2048, 2048, 2048]","[2048, 2048, 2048, 2048, 2048, 2048]",246
1208,9073,18,17,2023-05-06T17:18:39.537000+00:00,60.017,47.07,35.933,117.0,159,True,143.02,"[2064, 2064, 2064, 2048, 2048, 2048, 2048, 2048, 2048]","[2048, 2048, 2048, 2048, 2048, 2048, 2048, 2048, 2048]","[2048, 2048, 2048, 2048, 2048, 2048]",135
1208,9073,44,18,2023-05-06T17:18:46.552000+00:00,56.184,49.216,43.572,99.0,115,False,148.972,"[2048, 2048, 2048, 2048, 2048, 2048, 2048, 2048, 2048]","[2048, 2048, 2048, 2048, 2048, 2048, 2048, 2048, 2048]","[2048, 2048, 2048, 2048, 2048, 2048]",155
1208,9073,81,14,2023-05-06T17:18:59.443000+00:00,37.473,43.221,37.346,193.0,154,False,118.04,"[None, 2048, 2048, 2048, 2048, 2048, 2048, 2048, 2048]","[2048, 2048, 2048, 2048, 2048, 2048, 2048, 2048, 2048]","[2048, 2048, 2048, 2048, 2048, 2048, 2064]",231
1208,9073,21,15,2023-05-06T17:19:11.553000+00:00,30.067,34.25,25.679,216.0,189,False,89.996,"[None, 2048, 2049, 2049, 2048, 2049, 2048, 2049, 2048]","[2048, 2048, 2048, 2048, 2048, 2048, 2048, 2049, 2048]","[2048, 2048, 2048, 2048, 2048, 2048, 2048]",331
1208,9073,16,19,2023-05-06T17:19:23.021000+00:00,,44.438,30.234,144.0,134,True,547.429,"[2064, 2064, 2064, 2048, 2048, 2048, 2048, 2048, 2048]","[2048, 2048, 2048, 2048, 2048, 2048, 2048, 2048, 2048]","[2048, 2048, 2048, 2048, 2048, 2048, 2048]",224
1208,9073,22,13,2023-05-06T17:19:26.286000+00:00,68.918,47.436,31.973,136.0,117,True,148.327,"[2064, 2064, 2064, 2048, 2048, 2048, 2048, 2048, 2048]","[2048, 2048, 2048, 2048, 2048, 2048, 2048, 2048, 2048]","[2048, 2048, 2048, 2048, 2048, 2048, 2048]",276
1208,9073,2,15,2023-05-06T17:19:32.896000+00:00,48.872,48.183,36.447,149.0,101,False,133.502,"[2048, 2048, 2048, 2048, 2048, 2048, 2048, 2048, 2048]","[2048, 2048, 2048, 2048, 2048, 2048, 2048, 2048, 2048]","[2048, 2048, 2048, 2048, 2048, 2048, 2048]",284
1208,9073,31,20,2023-05-06T17:19:42.646000+00:00,49.207,51.883,28.67,132.0,144,False,129.76,"[None, 2048, 2048, 2048, 2048, 2048, 2048, 2048, 2048]","[2048, 2048, 2048, 2048, 2048, 2048, 2048, 2048, 2048]","[2048, 2048, 2048, 2048, 2048, 2048]",300
1208,9073,11,16,2023-05-06T17:19:50.177000+00:00,54.459,47.792,29.677,155.0,120,False,131.928,"[None, 2048, 2048, 2048, 2048, 2048, 2048, 2048, 2048]","[2048, 2048, 2048, 2048, 2048, 2048, 2048, 2048, 2048]","[2048, 2048, 2048, 2048, 2048, 2048, 2048]",282
1208,9073,10,19,2023-05-06T17:19:59.099000+00:00,50.449,45.324,34.599,149.0,147,False,130.372,"[None, 2048, 2048, 2048, 2048, 2048, 2048, 2048, 2048]","[2048, 2048, 2048, 2048, 2048, 2048, 2048, 2048, 2048]","[2048, 2048, 2048, 2048, 2048, 2048, 2048]",187
1208,9073,1,14,2023-05-06T17:20:11.083000+00:00,29.292,33.319,24.924,223.0,191,False,87.535,"[None, 2048, 2049, 2048, 2051, 2051, 2048, 2048, 2051]","[2048, 2048, 2048, 2048, 2049, 2048, 2048, 2048, 2048]","[2048, 2048, 2048, 2048, 2049, 2048]",338
1208,9073,20,8,2023-05-06T17:20:16.739000+00:00,29.582,33.766,25.259,219.0,190,False,88.607,"[2049, 2049, 2051, 2049, 2049, 2048, 2049, 2048, 2049]","[2048, 2049, 2049, 2049, 2049, 2048, 2048, 2048, 2049]","[2049, 2049, 2049, 2048, 2048, 2049]",332
1208,9073,14,19,2023-05-06T17:20:25.442000+00:00,46.573,47.535,30.523,107.0,131,False,124.631,"[None, 2048, 2048, 2048, 2048, 2048, 2048, 2048, 2048]","[2048, 2048, 2048, 2048, 2048, 2048, 2048, 2048, 2048]","[2048, 2048, 2048, 2048, 2048, 2048, 2048]",273
1208,9073,77,15,2023-05-06T17:20:26.536000+00:00,68.905,49.108,34.346,168.0,143,True,152.359,"[2064, 2064, 2064, 2048, 2048, 2048, 2048, 2048, 2048]","[2048, 2048, 2048, 2048, 2048, 2048, 2048, 2048, 2048]","[2048, 2048, 2048, 2048, 2048, 2048, 2048]",167
1208,9073,4,14,2023-05-06T17:20:31.036000+00:00,41.566,47.951,37.492,113.0,140,False,127.009,"[None, 2049, 2048, 2048, 2048, 2048, 2048, 2048, 2048]","[2048, 2048, 2048, 2048, 2048, 2048, 2048, 2048, 2048]","[2048, 2048, 2048, 2048, 2048, 2048, 2064]",212
1208,9073,23,15,2023-05-06T17:20:38.207000+00:00,50.217,59.303,37.787,131.0,121,False,147.307,"[None, 2048, 2048, 2048, 2048, 2048, 2048, 2048, 2048]","[2048, 2048, 2048, 2048, 2048, 2048, 2048, 2048, 2048]","[2048, 2048, 2048, 2048, 2048, 2048, 2048]",129
1208,9073,21,16,2023-05-06T17:20:41.536000+00:00,43.163,46.866,33.648,157.0,130,False,123.677,"[None, 2048, 2048, 2048, 2048, 2048, 2048, 2048, 2048]","[2048, 2048, 2048, 2048, 2048, 2048, 2048, 2048, 2048]","[2048, 2048, 2048, 2048, 2048, 2048, 2048]",219
1208,9073,18,18,2023-05-06T17:20:45.270000+00:00,29.883,33.598,25.242,219.0,193,False,88.723,"[2049, 2048, 2048, 2048, 2048, 2048, 2049, 2049, 2048]","[2049, 2049, 2049, 2049, 2051, 2048, 2048, 2048, 2049]","[2049, 2049, 2048, 2048, 2048, 2049]",328
1208,9073,24,14,2023-05-06T17:20:48.473000+00:00,61.079,46.171,35.158,150.0,89,True,142.408,"[2064, 2064, 2064, 2048, 2048, 2048, 2048, 2048, 2048]","[2048, 2048, 2048, 2048, 2048, 2048, 2048, 2048, 2048]","[2048, 2048, 2048, 2048, 2048, 2048, 2048]",199
1208,9073,27,10,2023-05-06T17:20:50.176000+00:00,30.034,50.316,32.518,200.0,148,False,112.868,"[2049, 2048, 2048, 2049, 2049, 2049, 2048, 2048, 2048]","[2048, 2048, 2048, 2048, 2048, 2048, 2048, 2048, 2048]","[2048, 2048, 2048, 2048, 2048, 2048, 2048]",256
1208,9073,44,19,2023-05-06T17:21:15.566000+00:00,61.162,52.393,36.008,151.0,135,False,149.563,"[None, 2048, 2048, 2048, 2048, 2048, 2048, 2048, 2048]","[2048, 2048, 2048, 2048, 2048, 2048, 2048, 2048, 2048]","[2048, 2048, 2048, 2048, 2048, 2048, 2048]",95
1208,9073,16,20,2023-05-06T17:21:18.051000+00:00,29.738,33.687,25.094,221.0,193,False,88.519,"[2049, 2048, 2049, 2049, 2049, 2049, 2048, 2048, 2049]","[2048, 2048, 2048, 2048, 2049, 2048, 2048, 2048, 2051]","[2048, 2048, 2048, 2048, 2049, 2048]",332
1208,9073,22,14,2023-05-06T17:21:29.972000+00:00,30.939,52.951,46.63,142.0,80,False,130.52,"[2049, 2049, 2049, 2048, 2049, 2049, 2049, 2048, 2048]","[2048, 2048, 2048, 2048, 2048, 2048, 2048, 2048, 2048]","[2048, 2048, 2048, 2048, 2048, 2048, 2048]",142
1208,9073,1,15,2023-05-06T17:21:38.566000+00:00,32.346,36.85,32.26,199.0,184,False,101.456,"[None, 2048, 2048, 2048, 2048, 2048, 2048, 2048, 2048]","[2048, 2048, 2048, 2048, 2048, 2048, 2048, 2048, 2048]","[2048, 2048, 2048, 2048, 2048, 2048, 2064]",270
1208,9073,55,21,2023-05-06T17:21:39.957000+00:00,,44.887,28.875,174.0,135,True,470.189,"[2064, 2064, 2064, 2048, 2048, 2048, 2048, 2048, 2048]","[2048, 2048, 2048, 2048, 2048, 2048, 2048, 2048, 2048]","[2048, 2048, 2048, 2048, 2048, 2048]",219
1208,9073,20,9,2023-05-06T17:21:45.269000+00:00,53.295,69.224,52.54,126.0,89,False,175.059,"[2048, 2048, 2048, 2048, 2048, 2048, 2048, 2048, 2048]","[2048, 2048, 2048, 2048, 2048, 2048, 2048, 2048, 2048]","[2048, 2048, 2048, 2048, 2048, 2048, 2048]",71
1208,9073,2,16,2023-05-06T17:21:46.379000+00:00,48.561,46.462,31.365,166.0,134,False,126.388,"[None, 2048, 2048, 2048, 2048, 2048, 2048, 2048, 2048]","[2048, 2048, 2048, 2048, 2048, 2048, 2048, 2048, 2048]","[2048, 2048, 2048, 2048, 2048, 2048]",240
1208,9073,31,21,2023-05-06T17:21:52.378000+00:00,29.712,33.543,25.152,222.0,191,False,88.407,"[2049, 2048, 2048, 2048, 2048, 2049, 2048, 2049, 2048]","[2049, 2049, 2049, 2048, 2051, 2048, 2048, 2048, 2048]","[2049, 2048, 2048, 2049, 2048, 2049]",332
1208,9073,11,17,2023-05-06T17:22:02.128000+00:00,30.237,56.928,42.122,151.0,102,False,129.287,"[2051, 2048, 2049, 2048, 2048, 2049, 2049, 2049, 2048]","[2048, 2048, 2048, 2048, 2048, 2048, 2048, 2048, 2048]","[2048, 2048, 2048, 2048, 2048, 2048, 2048]",177
1208,9073,10,20,2023-05-06T17:22:09.488000+00:00,29.953,33.952,25.104,217.0,191,False,89.009,"[2049, 2048, 2048, 2048, 2049, 2048, 2048, 2049, 2048]","[2048, 2048, 2048, 2048, 2048, 2048, 2048, 2048, 2049]","[2048, 2048, 2048, 2049, 2048, 2048, 2049]",332
1208,9073,18,19,2023-05-06T17:22:13.925000+00:00,48.702,47.435,32.955,159.0,146,False,129.092,"[2048, 2048, 2048, 2048, 2048, 2048, 2048, 2048, 2048]","[2048, 2048, 2048, 2048, 2048, 2048, 2048, 2048, 2048]","[2048, 2048, 2048, 2048, 2048, 2048, 2048]",227
1208,9073,14,20,2023-05-06T17:22:30.034000+00:00,29.613,33.763,25.242,223.0,193,False,88.618,"[2049, 2048, 2049, 2048, 2048, 2048, 2048, 2051, 2048]","[2049, 2048, 2048, 2048, 2049, 2048, 2048, 2048, 2048]","[2048, 2048, 2048, 2048, 2048, 2048, 2049]",329
1208,9073,77,16,2023-05-06T17:22:37.315000+00:00,29.889,34.157,38.026,221.0,191,False,102.072,"[2048, 2048, 2048, 2048, 2048, 2048, 2048, 2048, 2048]","[2048, 2048, 2048, 2048, 2048, 2048, 2048, 2048, 2048]","[2048, 2048, 2048, 2048, 2048, 2048, 2064]",203
1208,9073,27,11,2023-05-06T17:22:43.050000+00:00,29.745,33.699,25.053,223.0,192,False,88.497,"[None, 2049, 2049, 2048, 2049, 2048, 2048, 2048, 2048]","[2049, 2049, 2049, 2049, 2049, 2048, 2048, 2048, 2048]","[2048, 2049, 2048, 2048, 2049, 2049, 2049]",335
1208,9073,21,17,2023-05-06T17:22:45.269000+00:00,36.881,40.418,27.813,128.0,166,False,105.112,"[None, 2048, 2048, 2048, 2048, 2048, 2048, 2048, 2048]","[2048, 2048, 2048, 2048, 2048, 2048, 2048, 2048, 2048]","[2048, 2048, 2048, 2048, 2048, 2048]",283
1208,9073,16,21,2023-05-06T17:22:46.487000+00:00,46.072,57.483,46.893,125.0,85,False,150.448,"[2048, 2048, 2048, 2048, 2048, 2048, 2048, 2048, 2048]","[2048, 2048, 2048, 2048, 2048, 2048, 2048, 2048, 2048]","[2048, 2048, 2048, 2048, 2048, 2048, 2064]",193
1208,9073,24,15,2023-05-06T17:22:53.315000+00:00,30.324,34.276,25.461,217.0,190,False,90.061,"[2048, 2049, 2048, 2048, 2048, 2048, 2048, 2049, 2048]","[2048, 2048, 2048, 2048, 2048, 2048, 2048, 2048, 2048]","[2048, 2048, 2048, 2049, 2049, 2048]",329
1208,9073,23,16,2023-05-06T17:23:05.471000+00:00,30.034,33.82,25.325,218.0,189,False,89.179,"[None, 2048, 2048, 2048, 2048, 2048, 2048, 2048, 2048]","[2048, 2048, 2048, 2048, 2048, 2049, 2048, 2048, 2049]","[2048, 2048, 2048, 2048, 2049, 2048, 2048]",336
1208,9073,31,22,2023-05-06T17:23:20.691000+00:00,35.869,39.807,43.257,199.0,171,False,118.933,"[2048, 2048, 2048, 2048, 2048, 2048, 2048, 2048, 2048]","[2048, 2048, 2048, 2048, 2048, 2048, 2048, 2048, 2048]","[2048, 2048, 2048, 2048, 2048, 2048, 2064]",199
1208,9073,55,22,2023-05-06T17:23:31.346000+00:00,29.813,33.556,25.193,217.0,194,False,88.562,"[2049, 2051, 2048, 2048, 2048, 2048, 2048, 2048, 2048]","[2048, 2048, 2048, 2048, 2048, 2048, 2048, 2049, 2048]","[2048, 2048, 2048, 2049, 2048, 2048, 2048]",331
1208,9073,10,21,2023-05-06T17:23:38.502000+00:00,33.835,36.99,33.801,197.0,178,False,104.626,"[2048, 2048, 2048, 2048, 2048, 2048, 2048, 2048, 2048]","[2048, 2048, 2048, 2048, 2048, 2048, 2048, 2048, 2048]","[2048, 2048, 2048, 2048, 2048, 2048, 2064]",290
1208,9073,22,15,2023-05-06T17:23:40.503000+00:00,50.965,44.92,29.112,149.0,136,False,124.997,"[2048, 2048, 2048, 2048, 2048, 2048, 2048, 2048, 2048]","[2048, 2048, 2048, 2048, 2048, 2048, 2048, 2048, 2048]","[2048, 2048, 2048, 2048, 2048, 2048]",286
1208,9073,44,20,2023-05-06T17:23:45.127000+00:00,31.693,36.205,31.887,203.0,184,False,99.785,"[None, 2048, 2048, 2048, 2048, 2048, 2048, 2048, 2048]","[2048, 2048, 2048, 2048, 2048, 2048, 2048, 2048, 2048]","[2048, 2048, 2048, 2048, 2048, 2048, 2064]",275
1208,9073,2,17,2023-05-06T17:23:52.908000+00:00,30.165,33.823,30.815,222.0,191,False,94.803,"[2049, 2048, 2048, 2048, 2048, 2048, 2049, 2048, 2049]","[2049, 2051, 2048, 2048, 2049, 2048, 2048, 2049, 2048]","[2049, 2049, 2049, 2048, 2048, 2048, 2064]",339
1208,9073,14,21,2023-05-06T17:23:58.955000+00:00,32.89,37.116,31.962,200.0,169,False,101.968,"[2048, 2048, 2048, 2048, 2048, 2048, 2048, 2048, 2048]","[2048, 2048, 2048, 2048, 2048, 2048, 2048, 2048, 2048]","[2048, 2048, 2048, 2048, 2048, 2048, 2064]",318
1208,9073,11,18,2023-05-06T17:24:11.408000+00:00,44.748,56.744,32.757,129.0,102,False,134.249,"[2048, 2048, 2048, 2048, 2048, 2048, 2048, 2048, 2048]","[2048, 2048, 2048, 2048, 2048, 2048, 2048, 2048, 2048]","[2048, 2048, 2048, 2048, 2048, 2048, 2048]",239
1208,9073,27,12,2023-05-06T17:24:11.564000+00:00,51.812,60.349,40.335,134.0,110,False,152.496,"[2048, 2048, 2048, 2048, 2048, 2048, 2048, 2048, 2048]","[2048, 2048, 2048, 2048, 2048, 2048, 2048, 2048, 2048]","[2048, 2048, 2048, 2048, 2048, 2048, 2048]",258
1208,9073,18,20,2023-05-06T17:24:23.127000+00:00,50.836,45.101,34.463,153.0,173,False,130.4,"[None, 2048, 2048, 2048, 2048, 2048, 2048, 2048, 2048]","[2048, 2048, 2048, 2048, 2048, 2048, 2048, 2048, 2048]","[2048, 2048, 2048, 2048, 2048, 2048, 2048]",144
1208,9073,24,16,2023-05-06T17:24:23.377000+00:00,33.415,41.489,32.854,199.0,175,False,107.758,"[None, 2048, 2048, 2048, 2048, 2048, 2048, 2048, 2048]","[2048, 2048, 2048, 2048, 2048, 2048, 2048, 2048, 2048]","[2048, 2048, 2048, 2048, 2048, 2048, 2064]",303
1208,9073,21,18,2023-05-06T17:24:30.377000+00:00,30.193,34.166,25.52,218.0,192,False,89.879,"[2049, 2049, 2048, 2048, 2048, 2049, 2048, 2048, 2048]","[2048, 2048, 2048, 2048, 2048, 2048, 2048, 2048, 2049]","[2048, 2048, 2048, 2048, 2048, 2048, 2048]",331
1208,9073,23,17,2023-05-06T17:24:34.658000+00:00,40.222,45.377,33.242,189.0,157,False,118.841,"[None, 2048, 2048, 2048, 2048, 2048, 2048, 2048, 2048]","[2048, 2048, 2048, 2048, 2048, 2048, 2048, 2048, 2048]","[2048, 2048, 2048, 2048, 2048, 2048, 2064]",213
1208,9073,63,16,2023-05-06T17:24:38.064000+00:00,,48.116,40.854,154.0,85,True,532.979,"[2064, 2064, 2064, 2048, 2048, 2048, 2048, 2048, 2048]","[2048, 2048, 2048, 2048, 2048, 2048, 2048, 2048, 2048]","[2048, 2048, 2048, 2048, 2048, 2048]",110
1208,9073,20,10,2023-05-06T17:24:40.392000+00:00,29.972,33.851,25.184,220.0,187,False,89.007,"[None, 2048, 2048, 2048, 2048, 2049, 2049, 2049, 2048]","[2049, 2049, 2049, 2048, 2049, 2048, 2048, 2051, 2048]","[2048, 2048, 2049, 2049, 2049, 2048, 2048]",334
1208,9073,55,23,2023-05-06T17:24:59.955000+00:00,51.723,63.983,40.123,118.0,122,False,155.829,"[2048, 2048, 2048, 2048, 2048, 2048, 2048, 2048, 2048]","[2048, 2048, 2048, 2048, 2048, 2048, 2048, 2048, 2048]","[2048, 2048, 2048, 2048, 2048, 2048, 2048]",185
1208,9073,16,22,2023-05-06T17:25:28.595000+00:00,54.857,50.447,33.309,137.0,122,True,138.613,"[2064, 2064, 2064, 2048, 2048, 2048, 2048, 2048, 2048]","[2048, 2048, 2048, 2048, 2048, 2048, 2048, 2048, 2048]","[2048, 2048, 2048, 2048, 2048, 2048, 2048]",183
1208,9073,22,16,2023-05-06T17:25:45.501000+00:00,29.862,34.015,25.302,222.0,191,False,89.179,"[None, 2048, 2048, 2049, 2049, 2049, 2048, 2049, 2048]","[2048, 2048, 2048, 2048, 2048, 2048, 2049, 2049, 2048]","[2048, 2048, 2048, 2049, 2049, 2049]",329
1208,9073,21,19,2023-05-06T17:26:00.313000+00:00,38.028,39.481,30.949,182.0,167,False,108.458,"[2048, 2048, 2048, 2048, 2048, 2048, 2048, 2048, 2048]","[2048, 2048, 2048, 2048, 2048, 2048, 2048, 2048, 2048]","[2048, 2048, 2048, 2048, 2048, 2048, 2064]",327
1208,9073,20,11,2023-05-06T17:26:09.391000+00:00,59.155,75.644,46.324,97.0,86,False,181.123,"[None, 2048, 2048, 2048, 2048, 2048, 2048, 2048, 2048]","[2048, 2048, 2048, 2048, 2048, 2048, 2048, 2048, 2048]","[2048, 2048, 2048, 2048, 2048, 2048]",256
1208,9073,11,19,2023-05-06T17:26:25.672000+00:00,29.68,33.433,24.937,219.0,193,False,88.05,"[None, 2048, 2048, 2048, 2048, 2049, 2048, 2048, 2048]","[2048, 2048, 2048, 2048, 2048, 2048, 2048, 2049, 2048]","[2051, 2051, 2049, 2049, 2048, 2048]",340
1208,9073,18,21,2023-05-06T17:26:33.516000+00:00,30.011,33.912,25.296,220.0,191,False,89.219,"[None, 2048, 2048, 2049, 2048, 2048, 2048, 2048, 2048]","[2048, 2048, 2048, 2048, 2048, 2048, 2048, 2048, 2048]","[2048, 2048, 2048, 2049, 2048, 2048, 2048]",328
1208,9073,27,13,2023-05-06T17:26:44.016000+00:00,29.849,33.756,24.985,222.0,193,False,88.59,"[None, 2048, 2048, 2048, 2048, 2049, 2048, 2048, 2048]","[2048, 2048, 2048, 2048, 2048, 2048, 2048, 2048, 2048]","[2049, 2049, 2048, 2049, 2048, 2049]",334
1208,9073,63,17,2023-05-06T17:26:49.469000+00:00,29.903,34.005,25.877,218.0,189,False,89.785,"[2048, 2048, 2048, 2048, 2048, 2049, 2048, 2048, 2048]","[2048, 2048, 2048, 2048, 2048, 2048, 2048, 2048, 2048]","[2048, 2048, 2048, 2049, 2048, 2048, 2048]",334
1208,9073,81,15,2023-05-06T17:26:54.219000+00:00,,36.98,33.018,197.0,164,True,459.368,"[2064, 2064, 2064, 2048, 2048, 2048, 2048, 2048, 2048]","[2048, 2048, 2048, 2048, 2048, 2048, 2048, 2048, 2048]","[2048, 2048, 2048, 2048, 2048, 2048, 2064]",298
1208,9073,22,17,2023-05-06T17:27:14.609000+00:00,47.116,49.31,31.429,137.0,136,False,127.855,"[None, 2048, 2048, 2048, 2048, 2048, 2048, 2048, 2048]","[2048, 2048, 2048, 2048, 2048, 2048, 2048, 2048, 2048]","[2048, 2048, 2048, 2048, 2048, 2048]",116
1208,9073,4,15,2023-05-06T17:27:34.609000+00:00,,42.238,33.721,171.0,128,True,408.024,"[2064, 2064, 2064, 2048, 2048, 2048, 2048, 2048, 2048]","[2048, 2048, 2048, 2048, 2048, 2048, 2048, 2048, 2048]","[2048, 2048, 2048, 2048, 2048, 2048, 2048]",171
1208,9073,16,23,2023-05-06T17:27:35.656000+00:00,29.61,33.353,24.978,224.0,194,False,87.941,"[2048, 2048, 2049, 2048, 2048, 2049, 2048, 2049, 2051]","[2049, 2048, 2048, 2048, 2048, 2049, 2049, 2049, 2051]","[2049, 2048, 2048, 2049, 2051, 2049]",331
1208,9073,55,24,2023-05-06T17:27:35.765000+00:00,49.038,47.256,29.293,141.0,162,False,125.587,"[None, 2048, 2048, 2048, 2048, 2048, 2048, 2048, 2048]","[2048, 2048, 2048, 2048, 2048, 2048, 2048, 2048, 2048]","[2048, 2048, 2048, 2048, 2048, 2048, 2048]",258
1208,9073,11,20,2023-05-06T17:27:53.609000+00:00,46.457,57.893,43.065,127.0,99,False,147.415,"[None, 2048, 2048, 2048, 2048, 2048, 2048, 2048, 2048]","[2048, 2048, 2048, 2048, 2048, 2048, 2048, 2048, 2048]","[2048, 2048, 2048, 2048, 2048, 2048, 2048]",163
1208,9073,21,20,2023-05-06T17:28:00.156000+00:00,47.061,50.727,40.643,139.0,131,True,138.431,"[2064, 2064, 2064, 2048, 2048, 2048, 2048, 2048, 2048]","[2048, 2048, 2048, 2048, 2048, 2048, 2048, 2048, 2048]","[2048, 2048, 2048, 2048, 2048, 2048, 2048]",155
1208,9073,18,22,2023-05-06T17:28:02.718000+00:00,37.436,40.971,50.124,184.0,103,False,128.531,"[None, 2048, 2048, 2048, 2048, 2048, 2048, 2048, 2048]","[2048, 2048, 2048, 2048, 2048, 2048, 2048, 2048, 2048]","[2048, 2048, 2048, 2048, 2048, 2048]",87
1208,9073,1,16,2023-05-06T17:28:05.452000+00:00,,49.301,34.668,142.0,138,True,408.566,"[2064, 2064, 2064, 2048, 2048, 2048, 2048, 2048, 2048]","[2048, 2048, 2048, 2048, 2048, 2048, 2048, 2048, 2048]","[2048, 2048, 2048, 2048, 2048, 2048]",177
1208,9073,27,14,2023-05-06T17:28:12.609000+00:00,41.474,43.278,31.538,197.0,165,False,116.29,"[None, 2048, 2048, 2048, 2048, 2048, 2048, 2048, 2048]","[2048, 2048, 2048, 2048, 2048, 2048, 2048, 2048, 2048]","[2048, 2048, 2048, 2048, 2048, 2048, 2048]",202
1208,9073,63,18,2023-05-06T17:28:19.233000+00:00,34.435,47.282,34.222,163.0,130,False,115.939,"[None, 2048, 2048, 2048, 2048, 2048, 2048, 2048, 2048]","[2048, 2048, 2048, 2048, 2048, 2048, 2048, 2048, 2048]","[2048, 2048, 2048, 2048, 2048, 2048]",212
1208,9073,23,18,2023-05-06T17:28:37.155000+00:00,,38.753,29.489,208.0,171,True,229.091,"[2064, 2064, 2064, 2048, 2048, 2048, 2048, 2048, 2048]","[2048, 2048, 2048, 2048, 2048, 2048, 2048, 2048, 2048]","[2048, 2048, 2048, 2048, 2048, 2048, 2048]",186
1208,9073,14,22,2023-05-06T17:28:42.014000+00:00,,38.685,29.434,199.0,179,True,282.717,"[2064, 2064, 2064, 2048, 2048, 2048, 2048, 2048, 2048]","[2048, 2048, 2048, 2048, 2048, 2048, 2048, 2048, 2048]","[2048, 2048, 2048, 2048, 2048, 2048, 2048]",212
1208,9073,10,22,2023-05-06T17:29:00.467000+00:00,,43.055,28.606,162.0,153,True,327.134,"[2064, 2064, 2064, 2048, 2048, 2048, 2048, 2048, 2048]","[2048, 2048, 2048, 2048, 2048, 2048, 2048, 2048, 2048]","[2048, 2048, 2048, 2048, 2048, 2048, 2048]",291
1208,9073,16,24,2023-05-06T17:29:03.530000+00:00,31.08,50.374,42.731,175.0,111,False,124.185,"[None, 2048, 2048, 2048, 2048, 2048, 2049, 2048, 2048]","[2048, 2048, 2048, 2048, 2048, 2048, 2048, 2048, 2048]","[2048, 2048, 2048, 2048, 2048, 2048, 2048]",145
1208,9073,44,21,2023-05-06T17:29:05.311000+00:00,,35.55,27.438,197.0,186,True,319.469,"[2064, 2064, 2064, 2048, 2048, 2048, 2048, 2048, 2048]","[2048, 2048, 2048, 2048, 2048, 2048, 2048, 2048, 2048]","[2048, 2048, 2048, 2048, 2048, 2048, 2048]",317
1208,9073,81,16,2023-05-06T17:29:07.686000+00:00,67.172,41.966,34.901,204.0,102,True,144.039,"[None, 2064, 2064, 2048, 2048, 2048, 2048, 2048, 2048]","[2048, 2048, 2048, 2048, 2048, 2048, 2048, 2048, 2048]","[2048, 2048, 2048, 2048, 2048, 2048]",164
1208,9073,31,23,2023-05-06T17:29:09.092000+00:00,,45.848,30.017,206.0,158,True,342.343,"[2064, 2064, 2064, 2048, 2048, 2048, 2048, 2048, 2048]","[2048, 2048, 2048, 2048, 2048, 2048, 2048, 2048, 2048]","[2048, 2048, 2048, 2048, 2048, 2048, 0]",230
1208,9073,20,12,2023-05-06T17:29:10.545000+00:00,29.927,33.722,25.469,218.0,189,False,89.118,"[None, 2048, 2048, 2048, 2048, 2049, 2048, 2048, 2048]","[2048, 2048, 2048, 2048, 2051, 2048, 2049, 2048, 2048]","[2048, 2048, 2048, 2049, 2048, 2048, 2048]",329
1208,9073,77,17,2023-05-06T17:29:14.358000+00:00,,39.232,30.227,208.0,178,True,399.512,"[2064, 2064, 2064, 2048, 2048, 2048, 2048, 2048, 2048]","[2048, 2048, 2048, 2048, 2048, 2048, 2048, 2048, 2048]","[2048, 2048, 2048, 2048, 2048, 2048, 2048]",296
1208,9073,24,17,2023-05-06T17:29:19.483000+00:00,,38.063,30.355,208.0,177,True,297.596,"[2064, 2064, 2064, 2048, 2048, 2048, 2048, 2048, 2048]","[2048, 2048, 2048, 2048, 2048, 2048, 2048, 2048, 2048]","[2048, 2048, 2048, 2048, 2048, 2048, 2048]",254
1208,9073,22,18,2023-05-06T17:29:22.514000+00:00,30.165,34.549,25.513,218.0,186,False,90.227,"[None, 2048, 2048, 2048, 2048, 2048, 2048, 2048, 2048]","[2048, 2048, 2048, 2049, 2049, 2048, 2048, 2048, 2048]","[2048, 2048, 2048, 2049, 2048, 2048]",332
1208,9073,4,16,2023-05-06T17:29:26.076000+00:00,30.0,34.691,27.234,213.0,189,False,91.925,"[2048, 2048, 2048, 2048, 2048, 2048, 2048, 2048, 2048]","[2048, 2048, 2048, 2048, 2048, 2048, 2048, 2048, 2048]","[2048, 2049, 2049, 2049, 2048, 2048, 2048]",331
1208,9073,55,25,2023-05-06T17:29:41.342000+00:00,30.995,52.946,36.68,185.0,97,False,120.621,"[None, 2048, 2049, 2049, 2049, 2048, 2049, 2048, 2048]","[2048, 2048, 2048, 2048, 2048, 2048, 2048, 2048, 2048]","[2048, 2048, 2048, 2048, 2048, 2048, 2048]",210
1208,9073,2,18,2023-05-06T17:29:51.311000+00:00,,40.576,33.627,184.0,156,True,376.951,"[2064, 2064, 2064, 2048, 2048, 2048, 2048, 2048, 2048]","[2048, 2048, 2048, 2048, 2048, 2048, 2048, 2048, 2048]","[2048, 2048, 2048, 2048, 2048, 2048, 2048]",251
1208,9073,21,21,2023-05-06T17:30:07.107000+00:00,35.097,37.924,36.538,206.0,152,False,109.559,"[2048, 2048, 2048, 2048, 2048, 2048, 2048, 2048, 2048]","[2048, 2048, 2048, 2048, 2048, 2048, 2048, 2048, 2048]","[2048, 2048, 2048, 2048, 2048, 2048]",304
1208,9073,1,17,2023-05-06T17:30:08.670000+00:00,38.001,37.766,44.834,193.0,170,False,120.601,"[2048, 2048, 2048, 2048, 2048, 2048, 2048, 2048, 2048]","[2048, 2048, 2048, 2048, 2048, 2048, 2048, 2048, 2048]","[2048, 2048, 2048, 2048, 2048, 2048]",233
1208,9073,27,15,2023-05-06T17:30:08.904000+00:00,34.924,38.662,39.37,202.0,166,False,112.956,"[None, 2048, 2048, 2048, 2048, 2048, 2048, 2048, 2048]","[2048, 2048, 2048, 2048, 2048, 2048, 2048, 2048, 2048]","[2048, 2048, 2048, 2048, 2048, 2048, 2048]",210
1208,9073,18,23,2023-05-06T17:30:11.248000+00:00,37.385,40.338,49.395,194.0,143,False,127.118,"[None, 2048, 2048, 2048, 2048, 2048, 2048, 2048, 2048]","[2048, 2048, 2048, 2048, 2048, 2048, 2048, 2048, 2048]","[2048, 2048, 2048, 2048, 2048, 2048, 2048]",149
1208,9073,63,19,2023-05-06T17:30:15.170000+00:00,46.8,44.735,59.722,144.0,120,False,151.257,"[None, 2048, 2048, 2048, 2048, 2048, 2048, 2048, 2048]","[2048, 2048, 2048, 2048, 2048, 2048, 2048, 2048, 2048]","[2048, 2048, 2048, 2048, 2048, 2048, 2048]",157
1208,9073,11,21,2023-05-06T17:30:21.123000+00:00,32.236,46.158,48.661,180.0,123,False,127.055,"[None, 2048, 2048, 2048, 2048, 2048, 2048, 2048, 2048]","[2048, 2048, 2048, 2048, 2048, 2048, 2048, 2048, 2048]","[2048, 2048, 2048, 2048, 2048, 2048, 2048]",161
1208,9073,23,19,2023-05-06T17:30:22.607000+00:00,35.807,42.243,45.155,206.0,132,False,123.205,"[2048, 2048, 2048, 2048, 2048, 2048, 2048, 2048, 2048]","[2048, 2048, 2048, 2048, 2048, 2048, 2048, 2048, 2048]","[2048, 2048, 2048, 2048, 2048, 2048, 2048]",216
1208,9073,14,23,2023-05-06T17:30:23.326000+00:00,37.865,40.898,39.817,193.0,154,False,118.58,"[2048, 2048, 2048, 2048, 2048, 2048, 2048, 2048, 2048]","[2048, 2048, 2048, 2048, 2048, 2048, 2048, 2048, 2048]","[2048, 2048, 2048, 2048, 2048, 2048, 2048]",211
1208,9073,20,13,2023-05-06T17:30:39.669000+00:00,43.073,45.954,45.477,157.0,147,False,134.504,"[None, 2048, 2048, 2048, 2048, 2048, 2048, 2048, 2048]","[2048, 2048, 2048, 2048, 2048, 2048, 2048, 2048, 2048]","[2048, 2048, 2048, 2048, 2048, 2048, 2048]",272
1208,9073,44,22,2023-05-06T17:30:44.388000+00:00,31.88,38.489,55.785,212.0,142,False,126.154,"[2048, 2048, 2048, 2048, 2048, 2048, 2048, 2048, 2048]","[2048, 2048, 2048, 2048, 2048, 2048, 2048, 2048, 2048]","[2048, 2048, 2048, 2048, 2048, 2048, 2048]",121
1208,9073,10,23,2023-05-06T17:30:50.263000+00:00,36.165,41.259,46.084,195.0,163,False,123.508,"[2048, 2048, 2048, 2048, 2048, 2048, 2048, 2048, 2048]","[2048, 2048, 2048, 2048, 2048, 2048, 2048, 2048, 2048]","[2048, 2048, 2048, 2048, 2048, 2048, 2048]",281
1208,9073,22,19,2023-05-06T17:30:52.997000+00:00,40.576,41.749,42.547,174.0,172,False,124.872,"[None, 2048, 2048, 2048, 2048, 2048, 2048, 2048, 2048]","[2048, 2048, 2048, 2048, 2048, 2048, 2048, 2048, 2048]","[2048, 2048, 2048, 2048, 2048, 2048]",207
1208,9073,4,17,2023-05-06T17:30:57.997000+00:00,37.708,40.516,44.589,193.0,154,False,122.813,"[None, 2048, 2048, 2048, 2048, 2048, 2048, 2048, 2048]","[2048, 2048, 2048, 2048, 2048, 2048, 2048, 2048, 2048]","[2048, 2048, 2048, 2048, 2048, 2048]",169
1208,9073,77,18,2023-05-06T17:30:58.904000+00:00,35.095,37.242,45.886,213.0,161,False,118.223,"[2048, 2048, 2048, 2048, 2048, 2048, 2048, 2048, 2048]","[2048, 2048, 2048, 2048, 2048, 2048, 2048, 2048, 2048]","[2048, 2048, 2048, 2048, 2048, 2048, 2048]",235
1208,9073,81,17,2023-05-06T17:31:00.872000+00:00,36.629,40.519,43.03,197.0,140,False,120.178,"[2048, 2048, 2048, 2048, 2048, 2048, 2048, 2048, 2048]","[2048, 2048, 2048, 2048, 2048, 2048, 2048, 2048, 2048]","[2048, 2048, 2048, 2048, 2048, 2048, 2048]",166
1208,9073,31,24,2023-05-06T17:31:02.169000+00:00,38.19,40.406,44.021,191.0,149,False,122.617,"[2048, 2048, 2048, 2048, 2048, 2048, 2048, 2048, 2048]","[2048, 2048, 2048, 2048, 2048, 2048, 2048, 2048, 2048]","[2048, 2048, 2048, 2048, 2048, 2048, 2048]",167
1208,9073,16,25,2023-05-06T17:31:07.778000+00:00,44.686,44.852,42.796,158.0,144,False,132.334,"[None, 2048, 2048, 2048, 2048, 2048, 2048, 2048, 2048]","[2048, 2048, 2048, 2048, 2048, 2048, 2048, 2048, 2048]","[2048, 2048, 2048, 2048, 2048, 2048, 2048]",149
1208,9073,24,18,2023-05-06T17:31:08.717000+00:00,39.033,41.321,46.678,209.0,130,False,127.032,"[2048, 2048, 2048, 2048, 2048, 2048, 2048, 2048, 2048]","[2048, 2048, 2048, 2048, 2048, 2048, 2048, 2048, 2048]","[2048, 2048, 2048, 2048, 2048, 2048, 2048]",180
1208,9073,55,26,2023-05-06T17:31:41.950000+00:00,31.524,33.824,40.126,216.0,189,False,105.474,"[None, 2048, 2048, 2048, 2048, 2048, 2048, 2048, 2048]","[2048, 2048, 2048, 2048, 2048, 2048, 2048, 2048, 2048]","[2048, 2048, 2048, 2048, 2048, 2048, 2048]",153
1208,9073,2,19,2023-05-06T17:31:44.528000+00:00,39.991,42.299,43.167,,140,False,125.457,"[2048, 2048, 2048, 2048, 2048, 2048, 2048, 2048, 2048]","[2048, 2048, 2048, 2048, 2048, 2048, 2048, 2048, 2048]","[2048, 2048, 2048, 2048, 2048, 2048, 2048]",205
1208,9073,21,22,2023-05-06T17:31:56.731000+00:00,54.416,36.844,31.641,212.0,171,False,122.901,"[None, 2048, 2048, 2048, 2048, 2048, 2048, 2048, 2048]","[2048, 2048, 2048, 2048, 2048, 2048, 2048, 2048, 2048]","[2048, 2048, 2048, 2048, 2048, 2048, 2064]",325
1208,9073,27,16,2023-05-06T17:32:01.918000+00:00,54.982,38.632,33.028,199.0,172,False,126.642,"[None, 2048, 2048, 2048, 2048, 2048, 2048, 2048, 2048]","[2048, 2048, 2048, 2048, 2048, 2048, 2048, 2048, 2048]","[2048, 2048, 2048, 2048, 2048, 2048, 2064]",228
1208,9073,1,18,2023-05-06T17:32:09.231000+00:00,54.231,35.308,32.785,214.0,185,False,122.324,"[None, 2048, 2048, 2048, 2048, 2048, 2048, 2048, 2048]","[2048, 2048, 2048, 2048, 2048, 2048, 2048, 2048, 2048]","[2048, 2048, 2048, 2048, 2048, 2048, 2064]",250
1208,9073,18,24,2023-05-06T17:32:18.450000+00:00,56.645,35.555,,216.0,148,False,,"[None, 2048, 2048, 2048, 2048, 2048, 2048, 2048, 2048]","[2048, 2048, 2048, 2048, 2048, 2048, 2048, 2048, 2048]","[2048, 2048, 2048, 0, 0, 0, 0]",237
1208,9073,14,24,2023-05-06T17:32:21.934000+00:00,60.194,35.987,,215.0,175,False,,"[None, 2048, 2048, 2048, 2048, 2048, 2048, 2048, 2048]","[2048, 2048, 2048, 2048, 2048, 2048, 2048, 2048, 2048]","[2048, 2048, 2048, 0, 0, 0, 0]",177
1208,9073,23,20,2023-05-06T17:32:26.059000+00:00,62.428,37.531,34.602,200.0,153,False,134.561,"[None, 2048, 2048, 2048, 2048, 2048, 2048, 2048, 2048]","[2048, 2048, 2048, 2048, 2048, 2048, 2048, 2048, 2048]","[2048, 2048, 2048, 2048, 2048, 2048, 2064]",283
1208,9073,11,22,2023-05-06T17:32:28.184000+00:00,66.377,35.923,36.176,,171,False,138.476,"[None, 2048, 2048, 2048, 2048, 2048, 2048, 2048, 2048]","[2048, 2048, 2048, 2048, 2048, 2048, 2048, 2048, 2048]","[2048, 2048, 2048, 2048, 2048, 2048, 2064]",193
1208,9073,63,20,2023-05-06T17:32:46.480000+00:00,62.894,36.326,31.532,197.0,182,False,130.752,"[None, 2048, 2048, 2048, 2048, 2048, 2048, 2048, 2048]","[2048, 2048, 2048, 2048, 2048, 2048, 2048, 2048, 2048]","[2048, 2048, 2048, 2048, 2048, 2048, 2064]",310
1208,9073,44,23,2023-05-06T17:32:50.621000+00:00,62.683,75.45,40.139,194.0,78,False,178.272,"[None, 2048, 2048, 2048, 2048, 2048, 2048, 2048, 2048]","[2048, 2048, 2048, 2048, 2048, 2048, 2048, 2048, 2048]","[2048, 2048, 2048, 2048, 2048, 2048, 2064]",171
1208,9073,10,24,2023-05-06T17:32:53.730000+00:00,63.362,36.475,34.142,212.0,171,False,133.979,"[None, 2048, 2048, 2048, 2048, 2048, 2048, 2048, 2048]","[2048, 2048, 2048, 2048, 2048, 2048, 2048, 2048, 2048]","[2048, 2048, 2048, 2048, 2048, 2048, 2064]",212
1208,9073,20,14,2023-05-06T17:32:54.137000+00:00,61.315,35.507,38.039,215.0,177,False,134.861,"[None, 2048, 2048, 2048, 2048, 2048, 2048, 2048, 2048]","[2048, 2048, 2048, 2048, 2048, 2048, 2048, 2048, 2048]","[2048, 2048, 2048, 2048, 2048, 2048, 2064]",222
1208,9073,77,19,2023-05-06T17:32:57.168000+00:00,61.378,35.885,31.027,215.0,186,False,128.29,"[None, 2048, 2048, 2048, 2048, 2048, 2048, 2048, 2048]","[2048, 2048, 2048, 2048, 2048, 2048, 2048, 2048, 2048]","[2048, 2048, 2048, 2048, 2048, 2048, 2064]",311
1208,9073,22,20,2023-05-06T17:32:57.715000+00:00,64.55,39.194,33.121,204.0,169,False,136.865,"[None, 2048, 2048, 2048, 2048, 2048, 2048, 2048, 2048]","[2048, 2048, 2048, 2048, 2048, 2048, 2048, 2048, 2048]","[2048, 2048, 2048, 2048, 2048, 2048, 2064]",273
1208,9073,4,18,2023-05-06T17:33:00.855000+00:00,70.837,36.697,32.97,173.0,182,False,140.504,"[None, 2048, 2048, 2048, 2048, 2048, 2048, 2048, 2048]","[2048, 2048, 2048, 2048, 2048, 2048, 2048, 2048, 2048]","[2048, 2048, 2048, 2048, 2048, 2048, 2064]",249
1208,9073,81,18,2023-05-06T17:33:01.090000+00:00,67.053,43.828,32.659,202.0,159,False,143.54,"[None, 2048, 2048, 2048, 2048, 2048, 2048, 2048, 2048]","[2048, 2048, 2048, 2048, 2048, 2048, 2048, 2048, 2048]","[2048, 2048, 2048, 2048, 2048, 2048, 2064]",265
1208,9073,31,25,2023-05-06T17:33:04.715000+00:00,67.805,47.729,43.095,201.0,166,False,158.629,"[None, 2048, 2048, 2048, 2048, 2048, 2048, 2048, 2048]","[2048, 2048, 2048, 2048, 2048, 2048, 2048, 2048, 2048]","[2048, 2048, 2048, 2048, 2048, 2048, 2064]",154
1208,9073,24,19,2023-05-06T17:33:15.808000+00:00,60.593,39.169,32.602,213.0,158,False,132.364,"[None, 2048, 2048, 2048, 2048, 2048, 2048, 2048, 2048]","[2048, 2048, 2048, 2048, 2048, 2048, 2048, 2048, 2048]","[2048, 2048, 2048, 2048, 2048, 2048, 2064]",274
1208,9073,16,26,2023-05-06T17:33:20.043000+00:00,60.912,39.859,33.361,190.0,161,False,134.132,"[None, 2048, 2048, 2048, 2048, 2048, 2048, 2048, 2048]","[2048, 2048, 2048, 2048, 2048, 2048, 2048, 2048, 2048]","[2048, 2048, 2048, 2048, 2048, 2048, 2064]",282
1208,9073,55,27,2023-05-06T17:33:27.449000+00:00,55.794,39.573,37.053,192.0,162,False,132.42,"[None, 2048, 2048, 2048, 2048, 2048, 2048, 2048, 2048]","[2048, 2048, 2048, 2048, 2048, 2048, 2048, 2048, 2048]","[2048, 2048, 2048, 2048, 2048, 2048, 2064]",222
1208,9073,2,20,2023-05-06T17:33:49.964000+00:00,52.351,39.45,33.798,201.0,159,False,125.599,"[None, 2048, 2048, 2048, 2048, 2048, 2048, 2048, 2048]","[2048, 2048, 2048, 2048, 2048, 2048, 2048, 2048, 2048]","[2048, 2048, 2048, 2048, 2048, 2048, 2064]",297
