meeting_key,session_key,driver_number,lap_number,date_start,duration_sector_1,duration_sector_2,duration_sector_3,i1_speed,i2_speed,is_pit_out_lap,lap_duration,segments_sector_1,segments_sector_2,segments_sector_3,st_speed
1210,9087,11,1,,,42.013,23.314,144.0,159.0,True,,"[2064, 2051, 2051, 2051, 2049, 2049]","[2049, 2049, 2049, 2049, 2049, 2049, 2051, 2049, 2049, 2051]","[2049, 2049, 2051, 2051]",255.0
1210,9087,77,1,,27.697,40.512,26.335,154.0,166.0,True,94.544,"[2064, 2049, 2049, 2049, 2051, 2051]","[2049, 2049, 2049, 2051, 2051, 2049, 2049, 2051, 2051, 2049]","[2051, 2049, 2049, 2049, 2051]",250.0
1210,9087,21,1,2023-05-26T11:30:06.882000+00:00,28.706,44.065,23.77,134.0,155.0,True,96.541,"[2064, 2049, 2049, 2049, 2049, 2049]","[2049, 2049, 2049, 2049, 2049, 2049, 2049, 2049, 2049, 2049]","[2049, 2049, 2049, 2051, 2049]",235.0
1210,9087,22,1,2023-05-26T11:30:12.695000+00:00,28.488,42.076,27.589,145.0,163.0,True,98.153,"[2064, 2049, 2049, 2049, 2049, 2049]","[2049, 2049, 2049, 2049, 2049, 2049, 2049, 2049, 2049, 2049]","[2049, 2051, 2049, 2049]",254.0
1210,9087,24,1,2023-05-26T11:30:15.820000+00:00,30.317,45.331,25.674,147.0,144.0,True,101.322,"[2064, 2049, 2049, 2049, 2049, 2049]","[2049, 2049, 2049, 2049, 2049, 2049, 2049, 2049, 2049, 2049]","[2049, 2049, 2049, 2049, 2049]",234.0
1210,9087,18,1,2023-05-26T11:30:19.913000+00:00,29.799,42.264,29.588,136.0,158.0,True,101.651,"[2064, 2049, 2049, 2049, 2049, 2049]","[2049, 2049, 2049, 2049, 2049, 2049, 2049, 2049, 2049, 2049]","[2049, 2049, 2049, 2051, 2051]",257.0
1210,9087,14,1,2023-05-26T11:30:24.929000+00:00,30.572,43.553,29.518,154.0,157.0,True,103.643,"[2064, 2049, 2049, 2049, 2049, 2049]","[2049, 2049, 2049, 2049, 2049, 2049, 2049, 2049, 2049, 2049]","[2049, 2049, 2049, 2049]",243.0
1210,9087,63,1,2023-05-26T11:30:29.538000+00:00,29.608,41.8,31.907,154.0,170.0,True,103.315,"[2064, 2049, 2049, 2049, 2049, 2049]","[2049, 2049, 2049, 2049, 2049, 2049, 2049, 2049, 2049, 2049]","[2049, 2049, 2049, 2049]",261.0
1210,9087,44,1,2023-05-26T11:30:39.304000+00:00,27.779,40.8,30.744,144.0,171.0,True,99.323,"[2064, 2049, 2049, 2049, 2049, 2049]","[2049, 2049, 2049, 2049, 2049, 2049, 2049, 2049, 2051, 2049]","[2049, 2051, 2049, 2049, 2051]",258.0
1210,9087,31,1,2023-05-26T11:30:43.679000+00:00,29.935,40.862,30.861,141.0,160.0,True,101.658,"[2064, 2049, 2049, 2049, 2049, 2049]","[2049, 2049, 2049, 2049, 2049, 2049, 2049, 2049, 2049, 2049]","[2049, 2049, 2049, 2049]",255.0
1210,9087,4,1,2023-05-26T11:30:47.616000+00:00,32.794,41.18,28.669,153.0,173.0,True,102.643,"[2064, 2049, 2049, 2049, 2049, 2049]","[2049, 2049, 2049, 2049, 2049, 2049, 2049, 2049, 2049, 2049]","[2051, 2049, 2049, 2049, 2049]",226.0
1210,9087,2,1,2023-05-26T11:30:49.132000+00:00,35.631,43.933,25.421,117.0,166.0,True,104.985,"[2064, 2049, 2049, 2049, 2049, 2049]","[2049, 2049, 2049, 2049, 2049, 2049, 2049, 2049, 2049, 2051]","[2049, 2049, 2049, 2049, 2051]",258.0
1210,9087,81,1,2023-05-26T11:30:53.054000+00:00,31.88,46.372,27.664,133.0,158.0,True,105.916,"[2064, 2049, 2049, 2049, 2049, 2049]","[2049, 2049, 2049, 2049, 2049, 2049, 2049, 2049, 2049, 2049]","[2049, 2049, 2049, 2049]",255.0
1210,9087,27,1,2023-05-26T11:30:54.663000+00:00,35.583,47.753,28.348,142.0,145.0,True,111.684,"[2064, 2049, 2049, 2049, 2049, 2049]","[2049, 2049, 2049, 2049, 2049, 2049, 2049, 2049, 2049, 2049]","[2049, 2049, 2049, 2049]",241.0
1210,9087,55,1,2023-05-26T11:30:59.241000+00:00,35.028,49.939,27.634,153.0,164.0,True,112.601,"[2064, 2049, 2049, 2049, 2049, 2049]","[2049, 2049, 2049, 2049, 2049, 2049, 2049, 2049, 2049, 2049]","[2049, 2049, 2049, 2049, 2049]",264.0
1210,9087,16,1,2023-05-26T11:31:05.038000+00:00,35.336,46.632,30.709,157.0,136.0,True,112.677,"[2064, 2049, 2049, 2049, 2049, 2049]","[2049, 2049, 2049, 2049, 2049, 2049, 2049, 2049, 2049, 2049]","[2049, 2049, 2049, 2049, 2049]",250.0
1210,9087,10,1,2023-05-26T11:31:08.085000+00:00,33.707,46.531,31.371,141.0,130.0,True,111.609,"[2064, 2049, 2049, 2049, 2049, 2049]","[2049, 2049, 2049, 2049, 2049, 2049, 2049, 2049, 2049, 2049]","[2049, 2049, 2049, 2049]",234.0
1210,9087,20,1,2023-05-26T11:31:09.553000+00:00,33.276,46.975,31.886,140.0,143.0,True,112.137,"[2064, 2049, 2049, 2049, 2049, 2049]","[2049, 2049, 2049, 2049, 2049, 2049, 2049, 2049, 2049, 2049]","[2049, 2049, 2049, 2049, 2049]",267.0
1210,9087,1,1,2023-05-26T11:31:19.163000+00:00,27.367,44.967,38.118,175.0,164.0,True,110.452,"[2064, 2049, 2049, 2049, 2049, 2049]","[2049, 2049, 2049, 2049, 2049, 2049, 2049, 2049, 2049, 2049]","[2049, 2049, 2049, 2049]",269.0
1210,9087,23,1,2023-05-26T11:31:23.631000+00:00,29.176,43.634,38.321,153.0,153.0,True,111.131,"[2064, 2049, 2049, 2049, 2049, 2049]","[2049, 2049, 2049, 2049, 2049, 2049, 2049, 2049, 2049, 2049]","[2049, 2049, 2049, 2049]",266.0
1210,9087,11,2,2023-05-26T11:31:34.194000+00:00,21.848,38.05,28.531,176.0,178.0,False,88.429,"[2049, 2049, 2049, 2049, 2049, 2049]","[2049, 2049, 2049, 2049, 2049, 2049, 2049, 2049, 2049, 2049]","[2049, 2049, 2048, 2048]",275.0
1210,9087,77,2,2023-05-26T11:31:38.084000+00:00,21.304,37.555,28.134,186.0,180.0,False,86.993,"[2049, 2049, 2049, 2049, 2051, 2051]","[2049, 2049, 2049, 2049, 2049, 2049, 2049, 2049, 2049, 2051]","[2049, 2049, 2049, 2048, 2048]",275.0
1210,9087,21,2,2023-05-26T11:31:42.741000+00:00,22.334,38.978,26.331,180.0,176.0,False,87.643,"[2049, 2049, 2049, 2049, 2049, 2049]","[2049, 2049, 2049, 2049, 2049, 2049, 2049, 2049, 2049, 2049]","[2049, 2049, 2051, 2048, 2048]",273.0
1210,9087,22,2,2023-05-26T11:31:49.803000+00:00,22.103,38.065,29.662,182.0,180.0,False,89.83,"[2049, 2049, 2049, 2049, 2049, 2049]","[2049, 2049, 2049, 2049, 2049, 2049, 2049, 2049, 2049, 2049]","[2049, 2051, 2049, 2048, 2048]",271.0
1210,9087,24,2,2023-05-26T11:31:56.365000+00:00,22.865,39.189,21.7,175.0,182.0,False,83.754,"[2049, 2049, 2049, 2049, 2049, 2049]","[2049, 2049, 2049, 2049, 2049, 2049, 2049, 2049, 2049, 2049]","[2049, 2049, 2049, 2051, 2051]",271.0
1210,9087,18,2,2023-05-26T11:32:00.928000+00:00,21.832,37.777,25.15,182.0,181.0,False,84.759,"[2049, 2049, 2049, 2049, 2049, 2049]","[2049, 2049, 2049, 2049, 2049, 2049, 2049, 2049, 2049, 2049]","[2049, 2049, 2049, 2048, 2048]",275.0
1210,9087,14,2,2023-05-26T11:32:07.756000+00:00,21.57,37.683,21.15,185.0,179.0,False,80.403,"[2049, 2049, 2049, 2049, 2049, 2049]","[2049, 2049, 2049, 2051, 2049, 2051, 2049, 2049, 2049, 2049]","[2051, 2049, 2051, 2051, 2051]",277.0
1210,9087,63,2,2023-05-26T11:32:11.787000+00:00,21.97,38.262,21.608,175.0,177.0,False,81.84,"[2049, 2049, 2049, 2049, 2049, 2049]","[2049, 2049, 2049, 2049, 2049, 2049, 2049, 2049, 2049, 2049]","[2049, 2049, 2049, 2049, 2051]",272.0
1210,9087,44,2,2023-05-26T11:32:17.912000+00:00,21.826,37.252,20.967,179.0,183.0,False,80.045,"[2049, 2049, 2049, 2049, 2049, 2049]","[2049, 2049, 2049, 2049, 2051, 2049, 2051, 2049, 2051, 2049]","[2049, 2049, 2049, 2051]",275.0
1210,9087,31,2,2023-05-26T11:32:24.521000+00:00,21.839,37.338,21.019,178.0,179.0,False,80.196,"[2049, 2049, 2049, 2049, 2049, 2049]","[2049, 2049, 2051, 2049, 2049, 2049, 2049, 2049, 2049, 2049]","[2049, 2049, 2051, 2049]",270.0
1210,9087,4,2,2023-05-26T11:32:29.271000+00:00,21.106,36.91,20.602,187.0,187.0,False,78.618,"[2049, 2049, 2049, 2049, 2049, 2049]","[2051, 2049, 2049, 2049, 2049, 2049, 2049, 2051, 2049, 2051]","[2051, 2051, 2049, 2051]",275.0
1210,9087,2,2,2023-05-26T11:32:33.021000+00:00,21.792,38.444,21.951,172.0,178.0,False,82.187,"[2049, 2049, 2049, 2049, 2049, 2049]","[2049, 2049, 2049, 2049, 2049, 2049, 2049, 2049, 2049, 2049]","[2049, 2049, 2049, 2049]",276.0
1210,9087,81,2,2023-05-26T11:32:38.427000+00:00,21.929,37.783,21.348,176.0,180.0,False,81.06,"[2049, 2049, 2049, 2049, 2049, 2049]","[2049, 2049, 2049, 2049, 2049, 2049, 2049, 2049, 2049, 2049]","[2049, 2049, 2049, 2049]",275.0
1210,9087,27,2,2023-05-26T11:32:45.787000+00:00,21.688,37.998,21.477,186.0,182.0,False,81.163,"[2049, 2049, 2049, 2049, 2049, 2049]","[2049, 2049, 2049, 2049, 2049, 2049, 2049, 2049, 2049, 2049]","[2049, 2049, 2049, 2049, 2049]",275.0
1210,9087,55,2,2023-05-26T11:32:51.193000+00:00,21.238,37.157,20.91,194.0,184.0,False,79.305,"[2049, 2049, 2049, 2049, 2049, 2049]","[2049, 2049, 2049, 2049, 2049, 2049, 2049, 2049, 2049, 2049]","[2049, 2049, 2049, 2051]",275.0
1210,9087,16,2,2023-05-26T11:32:56.974000+00:00,21.149,37.626,21.127,194.0,178.0,False,79.902,"[2049, 2049, 2049, 2049, 2049, 2049]","[2049, 2049, 2049, 2049, 2049, 2049, 2049, 2049, 2049, 2049]","[2049, 2049, 2049, 2049, 2049]",273.0
1210,9087,10,2,2023-05-26T11:32:58.787000+00:00,22.221,38.115,21.67,174.0,173.0,False,82.006,"[2049, 2049, 2049, 2049, 2049, 2049]","[2049, 2049, 2049, 2049, 2049, 2049, 2049, 2049, 2049, 2049]","[2049, 2049, 2049, 2049, 2049]",271.0
1210,9087,20,2,2023-05-26T11:33:00.958000+00:00,21.38,37.875,24.359,185.0,182.0,False,83.614,"[2049, 2049, 2049, 2049, 2049, 2049]","[2049, 2049, 2049, 2049, 2049, 2049, 2049, 2049, 2049, 2051]","[2049, 2049, 2049, 2049]",276.0
1210,9087,11,3,2023-05-26T11:33:02.521000+00:00,21.494,46.273,,,104.0,False,493.859,"[None, 2048, 2049, 2049, 2049, 2049]","[2048, 2048, 2048, 2048, 2048, 2048, 2048, 2051, 2048, 2048]","[2048, 2048, 2048, 2064, 2064]",224.0
1210,9087,77,3,2023-05-26T11:33:05.005000+00:00,20.664,38.593,20.784,195.0,183.0,False,80.041,"[None, 2049, 2049, 2049, 2049, 2049]","[2048, 2048, 2048, 2048, 2048, 2048, 2048, 2049, 2049, 2049]","[2049, 2049, 2049, 2049]",273.0
1210,9087,1,2,2023-05-26T11:33:09.099000+00:00,21.233,37.058,23.771,188.0,176.0,False,82.062,"[2049, 2049, 2049, 2049, 2049, 2049]","[2049, 2049, 2049, 2049, 2049, 2049, 2049, 2049, 2049, 2049]","[2049, 2049, 2051, 2049]",276.0
1210,9087,21,3,2023-05-26T11:33:10.318000+00:00,21.646,38.556,22.72,184.0,176.0,False,82.922,"[None, 2049, 2049, 2049, 2049, 2049]","[2049, 2049, 2049, 2049, 2049, 2049, 2048, 2048, 2049, 2048]","[2049, 2049, 2049, 2048, 2049]",276.0
1210,9087,23,2,2023-05-26T11:33:14.161000+00:00,22.188,38.095,22.108,173.0,178.0,False,82.391,"[2049, 2049, 2049, 2049, 2049, 2049]","[2049, 2049, 2049, 2049, 2049, 2049, 2049, 2049, 2049, 2049]","[2049, 2049, 2049, 2049]",276.0
1210,9087,22,3,2023-05-26T11:33:19.521000+00:00,21.705,36.769,21.305,198.0,187.0,False,79.779,"[None, 2049, 2049, 2049, 2049, 2049]","[2049, 2051, 2049, 2049, 2049, 2049, 2049, 2049, 2049, 2049]","[2049, 2049, 2049, 2049, 2049]",275.0
1210,9087,24,3,2023-05-26T11:33:20.068000+00:00,22.085,38.13,22.075,186.0,182.0,False,82.29,"[None, 2049, 2049, 2048, 2049, 2049]","[2049, 2049, 2049, 2049, 2049, 2049, 2049, 2049, 2048, 2049]","[2049, 2049, 2048, 2048, 2049]",277.0
1210,9087,18,3,2023-05-26T11:33:25.630000+00:00,20.722,36.641,20.769,197.0,184.0,False,78.132,"[2049, 2049, 2049, 2049, 2049, 2049]","[2049, 2049, 2051, 2049, 2049, 2049, 2049, 2049, 2049, 2049]","[2049, 2049, 2049, 2049, 2049]",277.0
1210,9087,14,3,2023-05-26T11:33:28.474000+00:00,20.532,36.221,20.543,198.0,185.0,False,77.296,"[None, 2049, 2051, 2049, 2049, 2049]","[2049, 2048, 2049, 2051, 2051, 2051, 2049, 2049, 2051, 2049]","[2051, 2049, 2049, 2051]",280.0
1210,9087,63,3,2023-05-26T11:33:33.958000+00:00,20.877,36.819,20.901,194.0,187.0,False,78.597,"[None, 2049, 2049, 2049, 2049, 2049]","[2049, 2049, 2049, 2049, 2049, 2049, 2049, 2049, 2049, 2049]","[2049, 2049, 2049, 2049]",278.0
1210,9087,44,3,2023-05-26T11:33:37.880000+00:00,20.564,36.307,20.553,202.0,187.0,False,77.424,"[None, 2049, 2049, 2049, 2049, 2049]","[2049, 2049, 2049, 2049, 2048, 2049, 2049, 2048, 2049, 2049]","[2049, 2049, 2051, 2049]",277.0
1210,9087,31,3,2023-05-26T11:33:44.645000+00:00,20.906,36.338,20.61,188.0,185.0,False,77.854,"[None, 2049, 2049, 2049, 2049, 2049]","[2049, 2049, 2049, 2049, 2049, 2049, 2049, 2049, 2049, 2049]","[2049, 2049, 2049, 2049]",271.0
1210,9087,4,3,2023-05-26T11:33:47.770000+00:00,20.46,36.198,20.217,206.0,189.0,False,76.875,"[2049, 2049, 2049, 2049, 2049, 2051]","[2049, 2049, 2048, 2049, 2049, 2049, 2051, 2049, 2049, 2049]","[2051, 2051, 2049, 2051, 2049]",277.0
1210,9087,2,3,2023-05-26T11:33:55.130000+00:00,21.024,37.522,21.492,182.0,183.0,False,80.038,"[None, 2049, 2049, 2049, 2049, 2049]","[2049, 2049, 2049, 2049, 2049, 2049, 2049, 2049, 2049, 2049]","[2049, 2048, 2049, 2049, 2049]",277.0
1210,9087,81,3,2023-05-26T11:33:59.473000+00:00,20.97,37.035,21.076,194.0,186.0,False,79.081,"[None, 2049, 2049, 2049, 2049, 2049]","[2049, 2049, 2049, 2049, 2049, 2049, 2049, 2048, 2048, 2049]","[2049, 2049, 2049, 2049]",276.0
1210,9087,27,3,2023-05-26T11:34:07.364000+00:00,20.626,36.654,20.757,195.0,187.0,False,78.037,"[None, 2049, 2049, 2049, 2049, 2049]","[2049, 2049, 2049, 2049, 2049, 2049, 2049, 2049, 2049, 2049]","[2049, 2049, 2049, 2049]",275.0
1210,9087,55,3,2023-05-26T11:34:10.442000+00:00,20.331,36.216,20.667,200.0,189.0,False,77.214,"[None, 2049, 2049, 2051, 2049, 2049]","[2049, 2049, 2049, 2049, 2048, 2048, 2049, 2049, 2049, 2049]","[2049, 2048, 2049, 2051, 2049]",276.0
1210,9087,16,3,2023-05-26T11:34:17.145000+00:00,20.273,36.182,20.613,205.0,186.0,False,77.068,"[2049, 2049, 2049, 2049, 2049, 2049]","[2051, 2051, 2049, 2049, 2049, 2049, 2049, 2049, 2049, 2049]","[2049, 2049, 2049, 2049]",275.0
1210,9087,10,3,2023-05-26T11:34:20.801000+00:00,21.141,36.856,20.838,185.0,181.0,False,78.835,"[None, 2049, 2049, 2049, 2049, 2049]","[2049, 2049, 2049, 2049, 2049, 2049, 2049, 2049, 2049, 2049]","[2049, 2049, 2049, 2049]",271.0
1210,9087,20,3,2023-05-26T11:34:24.489000+00:00,20.691,36.825,21.001,201.0,189.0,False,78.517,"[None, 2049, 2049, 2049, 2049, 2049]","[2049, 2049, 2049, 2049, 2049, 2049, 2049, 2049, 2049, 2051]","[2049, 2049, 2049, 2049]",276.0
1210,9087,77,4,2023-05-26T11:34:25.051000+00:00,21.278,37.192,22.922,192.0,184.0,False,81.392,"[2048, 2048, 2048, 2048, 2048, 2048]","[2049, 2049, 2049, 2049, 2048, 2049, 2048, 2049, 2048, 2048]","[2049, 2048, 2048, 2048, 2048]",276.0
1210,9087,1,3,2023-05-26T11:34:31.067000+00:00,20.526,36.177,20.527,195.0,180.0,False,77.23,"[None, 2049, 2049, 2049, 2049, 2049]","[2049, 2049, 2051, 2051, 2049, 2049, 2049, 2048, 2049, 2049]","[2049, 2049, 2051, 2049, 2049]",277.0
1210,9087,21,4,2023-05-26T11:34:33.348000+00:00,21.082,37.335,20.895,189.0,182.0,False,79.312,"[None, 2049, 2049, 2049, 2049, 2049]","[2049, 2049, 2049, 2049, 2049, 2049, 2049, 2049, 2049, 2049]","[2049, 2049, 2049, 2049]",276.0
1210,9087,23,3,2023-05-26T11:34:36.457000+00:00,21.001,37.018,21.232,184.0,182.0,False,79.251,"[None, 2049, 2049, 2049, 2049, 2049]","[2049, 2049, 2049, 2049, 2049, 2049, 2049, 2049, 2049, 2049]","[2049, 2049, 2049, 2049]",278.0
1210,9087,22,4,2023-05-26T11:34:39.535000+00:00,20.916,36.432,20.628,203.0,189.0,False,77.976,"[None, 2049, 2049, 2049, 2049, 2049]","[2049, 2048, 2049, 2049, 2049, 2049, 2049, 2049, 2049, 2049]","[2049, 2049, 2049, 2049]",276.0
1210,9087,24,4,2023-05-26T11:34:42.363000+00:00,20.875,36.632,20.709,198.0,185.0,False,78.216,"[None, 2049, 2049, 2049, 2049, 2049]","[2049, 2049, 2049, 2049, 2049, 2049, 2049, 2049, 2048, 2049]","[2049, 2049, 2049, 2049, 2049]",277.0
1210,9087,18,4,2023-05-26T11:34:43.770000+00:00,24.755,44.541,31.885,94.0,172.0,False,101.181,"[2048, 2049, 2048, 2048, 2048, 2048]","[2048, 2048, 2048, 2048, 2048, 2048, 2048, 2048, 2048, 2048]","[2048, 2048, 2048, 2048, 2048]",202.0
1210,9087,14,4,2023-05-26T11:34:45.348000+00:00,22.622,42.885,27.299,176.0,153.0,False,92.806,"[2048, 2048, 2048, 2048, 2048, 2048]","[2048, 2048, 2048, 2048, 2048, 2048, 2048, 2048, 2048, 2048]","[2048, 2048, 2048, 2048]",260.0
1210,9087,63,4,2023-05-26T11:34:52.160000+00:00,20.382,36.885,22.322,197.0,186.0,False,79.589,"[None, 2049, 2049, 2049, 2049, 2049]","[2049, 2048, 2048, 2048, 2048, 2049, 2048, 2048, 2048, 2049]","[2048, 2048, 2048, 2048, 2049]",276.0
1210,9087,44,4,2023-05-26T11:34:55.270000+00:00,20.314,36.028,20.761,207.0,189.0,False,77.103,"[None, 2049, 2049, 2049, 2049, 2049]","[2049, 2049, 2049, 2048, 2048, 2049, 2051, 2049, 2049, 2049]","[2048, 2048, 2048, 2048]",278.0
1210,9087,31,4,2023-05-26T11:35:02.488000+00:00,20.583,36.196,20.568,190.0,183.0,False,77.347,"[None, 2049, 2049, 2049, 2049, 2049]","[2049, 2049, 2049, 2049, 2048, 2049, 2049, 2048, 2048, 2049]","[2049, 2048, 2048, 2049]",273.0
1210,9087,4,4,2023-05-26T11:35:04.707000+00:00,23.725,41.755,21.917,148.0,163.0,False,87.397,"[2048, 2048, 2048, 2048, 2048, 2048]","[2048, 2048, 2048, 2048, 2048, 2048, 2048, 2048, 2048, 2048]","[2048, 2048, 2048, 2048, 2048]",237.0
1210,9087,2,4,2023-05-26T11:35:15.301000+00:00,20.608,36.658,20.934,190.0,184.0,False,78.2,"[None, 2049, 2049, 2049, 2049, 2049]","[2049, 2049, 2049, 2049, 2049, 2049, 2049, 2049, 2049, 2049]","[2049, 2049, 2049, 2049]",277.0
1210,9087,81,4,2023-05-26T11:35:18.488000+00:00,20.556,36.463,20.589,185.0,186.0,False,77.608,"[None, 2049, 2049, 2049, 2049, 2048]","[2049, 2049, 2049, 2049, 2049, 2049, 2049, 2048, 2049, 2049]","[2049, 2049, 2049, 2049]",276.0
1210,9087,27,4,2023-05-26T11:35:24.910000+00:00,20.107,35.819,20.4,203.0,191.0,False,76.326,"[2049, 2049, 2049, 2049, 2049, 2049]","[2049, 2049, 2049, 2049, 2049, 2049, 2049, 2049, 2051, 2049]","[2049, 2049, 2049, 2049]",277.0
1210,9087,55,4,2023-05-26T11:35:27.675000+00:00,24.43,46.335,32.27,171.0,141.0,False,103.035,"[2048, 2048, 2048, 2048, 2048, 2048]","[2048, 2048, 2048, 2048, 2048, 2048, 2048, 2048, 2048, 2048]","[2048, 2048, 2048, 2048, 2048]",258.0
1210,9087,16,4,2023-05-26T11:35:33.941000+00:00,19.836,35.846,20.249,210.0,188.0,False,75.931,"[2049, 2049, 2049, 2051, 2051, 2049]","[2048, 2051, 2049, 2049, 2048, 2049, 2049, 2049, 2049, 2049]","[2049, 2051, 2049, 2049, 2049]",276.0
1210,9087,10,4,2023-05-26T11:35:39.582000+00:00,20.611,36.138,20.498,192.0,185.0,False,77.247,"[None, 2048, 2049, 2049, 2049, 2049]","[2049, 2049, 2049, 2049, 2049, 2049, 2049, 2049, 2048, 2049]","[2049, 2049, 2049, 2049, 2048]",275.0
1210,9087,20,4,2023-05-26T11:35:43.066000+00:00,20.488,36.293,20.965,203.0,187.0,False,77.746,"[None, 2049, 2049, 2048, 2049, 2049]","[2049, 2049, 2049, 2049, 2049, 2049, 2049, 2049, 2049, 2048]","[2048, 2048, 2049, 2049]",277.0
1210,9087,77,5,2023-05-26T11:35:46.535000+00:00,20.304,36.507,23.17,205.0,190.0,False,79.981,"[2049, 2049, 2049, 2049, 2049, 2051]","[2049, 2049, 2048, 2049, 2049, 2048, 2049, 2049, 2049, 2049]","[2049, 2048, 2048, 2048]",275.0
1210,9087,1,4,2023-05-26T11:35:48.675000+00:00,25.204,52.734,27.677,102.0,144.0,False,105.615,"[2048, 2048, 2048, 2048, 2048, 2048]","[2048, 2048, 2048, 2048, 2048, 2048, 2048, 2048, 2048, 2048]","[2048, 2048, 2048, 2048]",250.0
1210,9087,21,5,2023-05-26T11:35:52.535000+00:00,21.048,36.703,20.786,196.0,186.0,False,78.537,"[None, 2049, 2049, 2048, 2049, 2049]","[2049, 2049, 2049, 2049, 2049, 2049, 2049, 2049, 2049, 2049]","[2049, 2049, 2048, 2048, 2049]",276.0
1210,9087,23,4,2023-05-26T11:35:55.785000+00:00,20.708,36.521,20.696,196.0,186.0,False,77.925,"[None, 2049, 2049, 2048, 2049, 2049]","[2049, 2048, 2048, 2049, 2048, 2049, 2049, 2049, 2049, 2049]","[2049, 2049, 2049, 2049]",278.0
1210,9087,22,5,2023-05-26T11:35:57.285000+00:00,20.84,39.586,24.576,196.0,160.0,False,85.002,"[None, 2049, 2049, 2049, 2049, 2048]","[2048, 2048, 2048, 2048, 2048, 2048, 2048, 2048, 2048, 2048]","[2048, 2048, 2048, 2048]",272.0
1210,9087,24,5,2023-05-26T11:36:00.972000+00:00,20.572,39.925,24.832,201.0,135.0,False,85.329,"[None, 2049, 2049, 2048, 2049, 2049]","[2049, 2048, 2049, 2048, 2048, 2049, 2048, 2048, 2048, 2048]","[2048, 2048, 2048, 2048]",278.0
1210,9087,63,5,2023-05-26T11:36:11.816000+00:00,20.363,36.327,20.715,198.0,190.0,False,77.405,"[2048, 2049, 2048, 2048, 2049, 2049]","[2048, 2049, 2049, 2048, 2049, 2048, 2049, 2049, 2049, 2049]","[2049, 2048, 2049, 2049, 2049]",277.0
1210,9087,44,5,2023-05-26T11:36:12.362000+00:00,27.293,56.802,25.785,106.0,159.0,False,109.88,"[2048, 2048, 2048, 2048, 2048, 2048]","[2048, 2048, 2048, 2048, 2048, 2048, 2048, 2048, 2048, 2048]","[2048, 2048, 2048, 2048, 2048]",225.0
1210,9087,14,5,2023-05-26T11:36:18.300000+00:00,20.546,35.743,20.379,206.0,190.0,False,76.668,"[2049, 2049, 2048, 2048, 2048, 2049]","[2049, 2049, 2049, 2049, 2048, 2048, 2049, 2049, 2051, 2049]","[2051, 2049, 2049, 2048]",278.0
1210,9087,31,5,2023-05-26T11:36:19.862000+00:00,25.53,44.314,22.337,66.0,158.0,False,92.181,"[2048, 2048, 2048, 2048, 2048, 2048]","[2048, 2048, 2048, 2048, 2048, 2048, 2048, 2048, 2048, 2048]","[2048, 2048, 2048, 2048, 2048]",213.0
1210,9087,18,5,2023-05-26T11:36:25.003000+00:00,20.338,36.133,20.66,200.0,191.0,False,77.131,"[2049, 2049, 2049, 2049, 2049, 2049]","[2049, 2049, 2049, 2049, 2049, 2048, 2049, 2048, 2048, 2049]","[2049, 2049, 2049, 2048, 2048]",276.0
1210,9087,4,5,2023-05-26T11:36:32.143000+00:00,20.061,36.151,20.081,203.0,192.0,False,76.293,"[2049, 2049, 2049, 2049, 2049, 2049]","[2048, 2049, 2049, 2048, 2049, 2049, 2049, 2048, 2048, 2051]","[2049, 2051, 2049, 2048]",278.0
1210,9087,2,5,2023-05-26T11:36:33.362000+00:00,20.461,50.439,28.152,183.0,133.0,False,99.052,"[None, 2049, 2051, 2049, 2048, 2048]","[2048, 2048, 2048, 2048, 2048, 2048, 2048, 2048, 2048, 2048]","[2048, 2048, 2048, 2048, 2048]",157.0
1210,9087,81,5,2023-05-26T11:36:36.128000+00:00,20.173,36.49,20.623,191.0,189.0,False,77.286,"[None, 2049, 2049, 2049, 2049, 2049]","[2048, 2048, 2048, 2048, 2048, 2049, 2048, 2049, 2048, 2049]","[2049, 2049, 2048, 2048]",277.0
1210,9087,27,5,2023-05-26T11:36:41.253000+00:00,19.779,41.558,26.378,204.0,137.0,False,87.715,"[2051, 2051, 2049, 2051, 2049, 2049]","[2048, 2048, 2048, 2048, 2048, 2048, 2048, 2048, 2048, 2048]","[2048, 2048, 2048, 2048]",247.0
1210,9087,16,5,2023-05-26T11:36:49.784000+00:00,19.802,44.074,66.265,206.0,79.0,False,130.141,"[None, 2049, 2049, 2048, 2051, 2048]","[2051, 2048, 2048, 2048, 2048, 2048, 2048, 2048, 2048, 2048]","[2048, 2048, 2048, 2064, 2064]",208.0
1210,9087,10,5,2023-05-26T11:36:56.909000+00:00,20.431,36.031,20.384,188.0,184.0,False,76.846,"[None, 2049, 2049, 2049, 2049, 2048]","[2048, 2049, 2049, 2048, 2048, 2048, 2049, 2048, 2048, 2049]","[2048, 2049, 2051, 2048]",274.0
1210,9087,20,5,2023-05-26T11:37:00.768000+00:00,20.068,36.065,20.656,205.0,190.0,False,76.789,"[None, 2049, 2049, 2049, 2049, 2049]","[2048, 2048, 2049, 2049, 2049, 2048, 2049, 2048, 2048, 2049]","[2049, 2048, 2049, 2048]",276.0
1210,9087,77,6,2023-05-26T11:37:06.409000+00:00,20.085,36.449,20.422,204.0,188.0,False,76.956,"[None, 2049, 2049, 2049, 2049, 2048]","[2049, 2049, 2048, 2048, 2048, 2048, 2049, 2049, 2049, 2048]","[2049, 2049, 2049, 2049]",274.0
1210,9087,55,5,2023-05-26T11:37:10.752000+00:00,20.28,35.781,20.179,202.0,190.0,False,76.24,"[None, 2049, 2049, 2049, 2049, 2049]","[2049, 2049, 2049, 2049, 2049, 2049, 2049, 2049, 2051, 2049]","[2049, 2049, 2051, 2051]",278.0
1210,9087,21,6,2023-05-26T11:37:11.502000+00:00,26.169,42.805,22.001,67.0,170.0,False,90.975,"[2048, 2048, 2048, 2048, 2048, 2048]","[2048, 2048, 2048, 2048, 2048, 2048, 2048, 2048, 2048, 2048]","[2048, 2048, 2048, 2048, 2048]",251.0
1210,9087,23,5,2023-05-26T11:37:13.627000+00:00,23.124,39.43,22.507,176.0,175.0,False,85.061,"[2048, 2048, 2048, 2048, 2048, 2048]","[2048, 2048, 2048, 2048, 2048, 2048, 2048, 2048, 2048, 2048]","[2048, 2048, 2048, 2048, 2049]",259.0
1210,9087,22,6,2023-05-26T11:37:22.377000+00:00,20.465,36.246,20.387,209.0,191.0,False,77.098,"[None, 2049, 2049, 2049, 2049, 2049]","[2049, 2048, 2048, 2049, 2049, 2049, 2049, 2049, 2049, 2049]","[2048, 2049, 2049, 2049]",276.0
1210,9087,24,6,2023-05-26T11:37:26.065000+00:00,20.497,36.617,20.607,203.0,187.0,False,77.721,"[2048, 2048, 2048, 2049, 2049, 2049]","[2048, 2048, 2049, 2048, 2049, 2048, 2048, 2049, 2049, 2049]","[2049, 2048, 2049, 2049]",276.0
1210,9087,63,6,2023-05-26T11:37:29.143000+00:00,24.175,42.921,24.391,66.0,165.0,False,91.487,"[2049, 2048, 2048, 2048, 2048, 2048]","[2048, 2048, 2048, 2048, 2048, 2048, 2048, 2048, 2048, 2048]","[2048, 2048, 2048, 2048, 2049]",256.0
1210,9087,1,5,2023-05-26T11:37:33.987000+00:00,20.135,35.917,20.212,203.0,186.0,False,76.264,"[2049, 2049, 2049, 2049, 2049, 2049]","[2049, 2049, 2051, 2048, 2049, 2049, 2048, 2049, 2049, 2049]","[2049, 2049, 2049, 2049]",277.0
1210,9087,14,6,2023-05-26T11:37:34.830000+00:00,22.639,44.764,25.158,172.0,151.0,False,92.561,"[2048, 2048, 2048, 2048, 2048, 2048]","[2048, 2048, 2048, 2048, 2048, 2048, 2048, 2048, 2048, 2048]","[2048, 2048, 2048, 2048, 2048]",267.0
1210,9087,18,6,2023-05-26T11:37:42.065000+00:00,20.349,43.767,30.417,204.0,135.0,False,94.533,"[2048, 2049, 2048, 2049, 2049, 2048]","[2049, 2048, 2049, 2048, 2048, 2048, 2048, 2048, 2048, 2048]","[2048, 2048, 2048, 2048]",250.0
1210,9087,4,6,2023-05-26T11:37:48.408000+00:00,25.769,52.844,29.333,88.0,165.0,False,107.946,"[2048, 2048, 2048, 2048, 2048, 2048]","[2048, 2048, 2048, 2048, 2048, 2048, 2048, 2048, 2048, 2048]","[2048, 2048, 2048, 2048, 2048]",185.0
1210,9087,31,6,2023-05-26T11:37:52.096000+00:00,20.539,35.976,20.472,193.0,190.0,False,76.987,"[None, 2049, 2049, 2049, 2049, 2049]","[2049, 2049, 2049, 2048, 2048, 2048, 2048, 2049, 2049, 2049]","[2048, 2048, 2049, 2049]",273.0
1210,9087,81,6,2023-05-26T11:37:53.408000+00:00,25.448,52.893,27.494,138.0,141.0,False,105.835,"[2048, 2048, 2048, 2048, 2048, 2048]","[2048, 2048, 2048, 2048, 2048, 2048, 2048, 2048, 2048, 2048]","[2048, 2048, 2048, 2048]",224.0
1210,9087,44,6,2023-05-26T11:38:02.330000+00:00,20.047,36.105,20.044,213.0,193.0,False,76.196,"[2049, 2048, 2048, 2049, 2049, 2051]","[2048, 2048, 2048, 2048, 2048, 2048, 2048, 2049, 2049, 2049]","[2049, 2049, 2049, 2049, 2049]",274.0
1210,9087,27,6,2023-05-26T11:38:09.033000+00:00,20.144,36.245,20.425,202.0,190.0,False,76.814,"[2048, 2048, 2048, 2048, 2048, 2048]","[2048, 2048, 2048, 2048, 2048, 2049, 2048, 2048, 2048, 2048]","[2048, 2048, 2049, 2048, 2048]",277.0
1210,9087,2,6,2023-05-26T11:38:12.502000+00:00,20.425,36.767,21.045,187.0,188.0,False,78.237,"[2048, 2049, 2048, 2048, 2049, 2049]","[2048, 2048, 2048, 2048, 2048, 2049, 2049, 2048, 2048, 2049]","[2049, 2048, 2048, 2048]",278.0
1210,9087,10,6,2023-05-26T11:38:13.627000+00:00,24.95,46.09,23.78,124.0,145.0,False,94.82,"[2048, 2048, 2048, 2048, 2048, 2048]","[2048, 2048, 2048, 2048, 2048, 2048, 2048, 2048, 2048, 2048]","[2048, 2048, 2048, 2048]",253.0
1210,9087,20,6,2023-05-26T11:38:17.580000+00:00,20.274,41.351,22.815,200.0,179.0,False,84.44,"[2048, 2049, 2049, 2049, 2048, 2048]","[2048, 2048, 2048, 2048, 2048, 2048, 2048, 2048, 2048, 2048]","[2048, 2048, 2048, 2048, 2049]",269.0
1210,9087,77,7,2023-05-26T11:38:23.377000+00:00,23.071,42.251,24.15,103.0,164.0,False,89.472,"[2048, 2048, 2048, 2048, 2048, 2048]","[2048, 2048, 2048, 2048, 2048, 2048, 2048, 2048, 2048, 2048]","[2048, 2048, 2048, 2048, 2048]",251.0
1210,9087,55,6,2023-05-26T11:38:26.908000+00:00,19.814,35.146,20.238,209.0,195.0,False,75.198,"[2049, 2051, 2049, 2049, 2049, 2049]","[2049, 2049, 2049, 2049, 2051, 2051, 2051, 2049, 2051, 2051]","[2049, 2049, 2048, 2048, 2051]",280.0
1210,9087,23,6,2023-05-26T11:38:38.751000+00:00,20.555,36.294,20.528,201.0,187.0,False,77.377,"[2049, 2048, 2049, 2049, 2049, 2049]","[2049, 2049, 2049, 2048, 2049, 2048, 2048, 2049, 2049, 2049]","[2049, 2049, 2048, 2049]",277.0
1210,9087,22,7,2023-05-26T11:38:39.408000+00:00,25.876,42.703,26.483,167.0,133.0,False,95.062,"[2048, 2048, 2048, 2048, 2048, 2048]","[2048, 2048, 2048, 2048, 2048, 2048, 2048, 2048, 2048, 2048]","[2048, 2048, 2048, 2048, 2048]",258.0
1210,9087,21,7,2023-05-26T11:38:42.142000+00:00,20.56,36.409,20.907,198.0,186.0,False,77.876,"[2049, 2049, 2049, 2049, 2049, 2049]","[2049, 2049, 2049, 2048, 2049, 2049, 2049, 2048, 2049, 2049]","[2049, 2049, 2048, 2048, 2048]",277.0
1210,9087,24,7,2023-05-26T11:38:43.611000+00:00,28.178,46.84,22.702,87.0,169.0,False,97.72,"[None, 2048, 2048, 2048, 2048, 2048]","[2048, 2048, 2048, 2048, 2048, 2048, 2048, 2048, 2048, 2048]","[2048, 2048, 2048, 2048]",253.0
1210,9087,1,6,2023-05-26T11:38:50.158000+00:00,20.015,35.791,19.99,210.0,188.0,False,75.796,"[None, 2048, 2049, 2049, 2049, 2049]","[2049, 2049, 2051, 2048, 2048, 2049, 2048, 2049, 2049, 2049]","[2049, 2049, 2049, 2051]",279.0
1210,9087,16,6,2023-05-26T11:39:00.595000+00:00,28.497,47.088,25.458,100.0,133.0,True,101.043,"[2064, 2048, 2048, 2048, 2048, 2048]","[2048, 2048, 2048, 2048, 2048, 2048, 2048, 2048, 2048, 2048]","[2048, 2048, 2048, 2048, 2048]",240.0
1210,9087,63,7,2023-05-26T11:39:00.720000+00:00,20.097,36.085,20.581,201.0,190.0,False,76.763,"[None, 2049, 2049, 2048, 2049, 2049]","[2049, 2048, 2049, 2049, 2049, 2048, 2049, 2048, 2049, 2048]","[2049, 2049, 2048, 2049]",279.0
1210,9087,14,7,2023-05-26T11:39:07.470000+00:00,20.013,35.578,20.077,209.0,192.0,False,75.668,"[2049, 2049, 2049, 2049, 2049, 2049]","[2049, 2049, 2048, 2048, 2048, 2048, 2049, 2048, 2048, 2049]","[2051, 2049, 2049, 2049]",278.0
1210,9087,31,7,2023-05-26T11:39:08.985000+00:00,23.267,44.362,29.074,139.0,117.0,False,96.703,"[None, 2048, 2048, 2048, 2048, 2048]","[2048, 2048, 2048, 2048, 2048, 2048, 2048, 2048, 2048, 2048]","[2048, 2048, 2048, 2048, 2048]",206.0
1210,9087,18,7,2023-05-26T11:39:16.688000+00:00,20.014,36.021,20.173,,189.0,False,76.208,"[2049, 2048, 2048, 2049, 2049, 2049]","[2048, 2049, 2048, 2048, 2048, 2049, 2049, 2049, 2049, 2048]","[2049, 2049, 2049, 2049]",279.0
1210,9087,44,7,2023-05-26T11:39:18.454000+00:00,29.066,62.055,31.435,81.0,71.0,False,122.556,"[2048, 2048, 2048, 2048, 2048, 2048]","[2048, 2048, 2048, 2048, 2048, 2048, 2048, 2048, 2048, 2048]","[2048, 2048, 2048, 2048, 2048]",172.0
1210,9087,27,7,2023-05-26T11:39:25.831000+00:00,19.982,36.192,26.662,207.0,178.0,False,82.836,"[None, 2048, 2048, 2048, 2048, 2048]","[2048, 2049, 2049, 2048, 2048, 2049, 2048, 2048, 2048, 2048]","[2048, 2048, 2048, 2048, 2048]",277.0
1210,9087,2,7,2023-05-26T11:39:30.751000+00:00,20.162,36.673,20.691,189.0,188.0,False,77.526,"[2049, 2049, 2048, 2048, 2049, 2049]","[2048, 2048, 2048, 2048, 2048, 2049, 2048, 2049, 2048, 2048]","[2049, 2049, 2049, 2049]",278.0
1210,9087,4,7,2023-05-26T11:39:36.391000+00:00,19.949,35.862,19.931,202.0,194.0,False,75.742,"[2049, 2048, 2048, 2049, 2049, 2048]","[2048, 2049, 2048, 2049, 2049, 2048, 2049, 2048, 2048, 2049]","[2048, 2051, 2049, 2049, 2049]",276.0
1210,9087,81,7,2023-05-26T11:39:39.282000+00:00,20.386,36.423,20.708,190.0,192.0,False,77.517,"[None, 2048, 2048, 2049, 2048, 2048]","[2049, 2048, 2048, 2048, 2048, 2048, 2049, 2049, 2048, 2049]","[2049, 2048, 2048, 2048, 2048]",277.0
1210,9087,20,7,2023-05-26T11:39:42.126000+00:00,20.165,36.001,20.414,206.0,188.0,False,76.58,"[None, 2049, 2049, 2049, 2048, 2048]","[2049, 2048, 2048, 2048, 2049, 2049, 2049, 2048, 2048, 2051]","[2049, 2049, 2048, 2049]",279.0
1210,9087,55,7,2023-05-26T11:39:42.126000+00:00,30.745,47.551,29.736,98.0,145.0,False,108.032,"[2048, 2048, 2048, 2048, 2048, 2048]","[2048, 2048, 2048, 2048, 2048, 2048, 2048, 2048, 2048, 2048]","[2048, 2048, 2048, 2048, 2048]",216.0
1210,9087,10,7,2023-05-26T11:39:48.563000+00:00,20.405,36.01,23.313,195.0,189.0,False,79.728,"[None, 2048, 2049, 2049, 2049, 2048]","[2048, 2048, 2048, 2048, 2048, 2048, 2049, 2049, 2049, 2049]","[2049, 2048, 2048, 2048]",274.0
1210,9087,77,8,2023-05-26T11:39:52.938000+00:00,20.103,36.357,20.194,207.0,189.0,False,76.654,"[2049, 2048, 2049, 2049, 2048, 2048]","[2049, 2049, 2048, 2048, 2049, 2049, 2049, 2048, 2049, 2048]","[2049, 2049, 2049, 2048]",277.0
1210,9087,23,7,2023-05-26T11:39:56.094000+00:00,20.198,36.372,20.38,193.0,191.0,False,76.95,"[None, 2049, 2049, 2049, 2049, 2048]","[2048, 2048, 2048, 2048, 2049, 2049, 2049, 2048, 2048, 2049]","[2049, 2049, 2049, 2048]",278.0
1210,9087,21,8,2023-05-26T11:40:00.032000+00:00,27.458,45.474,23.32,138.0,166.0,False,96.252,"[2048, 2048, 2048, 2048, 2048, 2048]","[2048, 2048, 2048, 2048, 2048, 2048, 2048, 2048, 2048, 2048]","[2048, 2048, 2048, 2048, 2048]",244.0
1210,9087,1,7,2023-05-26T11:40:05.969000+00:00,24.147,51.099,25.51,140.0,142.0,False,100.756,"[2048, 2048, 2048, 2048, 2048, 2048]","[2048, 2048, 2048, 2048, 2048, 2048, 2048, 2048, 2048, 2048]","[2048, 2048, 2048, 2048, 2048]",226.0
1210,9087,22,8,2023-05-26T11:40:14.547000+00:00,20.334,35.869,20.226,211.0,191.0,False,76.429,"[None, 2048, 2049, 2049, 2049, 2049]","[2049, 2048, 2049, 2049, 2049, 2049, 2049, 2049, 2049, 2049]","[2049, 2049, 2048, 2049, 2049]",277.0
1210,9087,63,8,2023-05-26T11:40:17.422000+00:00,27.984,40.26,,127.0,175.0,False,872.041,"[2048, 2048, 2048, 2048, 2048, 2048]","[2048, 2048, 2048, 2048, 2048, 2048, 2048, 2048, 2048, 2048]","[2048, 2048, 2048, 2064, 2064]",260.0
1210,9087,24,8,2023-05-26T11:40:21.422000+00:00,20.392,36.446,20.549,201.0,189.0,False,77.387,"[None, 2049, 2049, 2049, 2049, 2048]","[2048, 2048, 2049, 2048, 2048, 2048, 2048, 2048, 2049, 2049]","[2049, 2049, 2049, 2048]",276.0
1210,9087,14,8,2023-05-26T11:40:23.156000+00:00,23.035,52.314,23.186,168.0,142.0,False,98.535,"[2048, 2048, 2048, 2048, 2048, 2048]","[2048, 2048, 2048, 2048, 2048, 2048, 2048, 2048, 2048, 2048]","[2048, 2048, 2048, 2048]",207.0
1210,9087,18,8,2023-05-26T11:40:32.828000+00:00,29.261,52.025,26.766,83.0,136.0,False,108.052,"[2048, 2048, 2048, 2048, 2048, 2048]","[2048, 2048, 2048, 2048, 2048, 2048, 2048, 2048, 2048, 2048]","[2048, 2048, 2048, 2048, 2048]",158.0
1210,9087,16,7,2023-05-26T11:40:41.016000+00:00,19.773,35.431,19.833,209.0,190.0,False,75.037,"[2048, 2048, 2048, 2049, 2048, 2048]","[2051, 2048, 2049, 2049, 2049, 2048, 2049, 2049, 2049, 2049]","[2049, 2051, 2051, 2049, 2049]",276.0
1210,9087,31,8,2023-05-26T11:40:45.766000+00:00,20.353,35.845,20.401,195.0,190.0,False,76.599,"[None, 2049, 2048, 2049, 2049, 2049]","[2048, 2048, 2048, 2049, 2049, 2048, 2049, 2049, 2048, 2049]","[2049, 2049, 2049, 2048, 2049]",273.0
1210,9087,2,8,2023-05-26T11:40:48.187000+00:00,32.803,52.322,32.605,83.0,74.0,False,117.73,"[2048, 2048, 2048, 2048, 2048, 2048]","[2048, 2048, 2048, 2048, 2048, 2048, 2048, 2048, 2048, 2048]","[2048, 2048, 2048, 2048, 2048]",186.0
1210,9087,27,8,2023-05-26T11:40:48.656000+00:00,30.67,51.867,30.925,79.0,85.0,False,113.462,"[None, 2048, 2048, 2048, 2048, 2048]","[2048, 2048, 2048, 2048, 2048, 2048, 2048, 2048, 2048, 2048]","[2048, 2048, 2048, 2048, 2048]",197.0
1210,9087,4,8,2023-05-26T11:40:52.078000+00:00,26.657,49.019,29.265,76.0,117.0,False,104.941,"[2048, 2048, 2048, 2048, 2048, 2048]","[2048, 2048, 2048, 2048, 2048, 2048, 2048, 2048, 2048, 2048]","[2048, 2048, 2048, 2048, 2048]",224.0
1210,9087,81,8,2023-05-26T11:40:56.812000+00:00,25.97,51.879,34.701,127.0,114.0,False,112.55,"[None, 2048, 2048, 2048, 2048, 2048]","[2048, 2048, 2048, 2048, 2048, 2048, 2048, 2048, 2048, 2048]","[2048, 2048, 2048, 2048]",246.0
1210,9087,20,8,2023-05-26T11:40:58.578000+00:00,21.533,44.771,26.76,129.0,129.0,False,93.064,"[None, 2048, 2048, 2049, 2048, 2048]","[2048, 2048, 2048, 2048, 2048, 2048, 2048, 2048, 2048, 2048]","[2048, 2048, 2048, 2048]",264.0
1210,9087,10,8,2023-05-26T11:41:08.281000+00:00,23.323,50.595,33.761,78.0,130.0,False,107.679,"[None, 2048, 2048, 2049, 2048, 2048]","[2048, 2048, 2048, 2048, 2048, 2048, 2048, 2048, 2048, 2048]","[2048, 2048, 2048, 2048, 2048]",198.0
1210,9087,77,9,2023-05-26T11:41:09.500000+00:00,23.895,49.19,46.957,67.0,138.0,False,120.042,"[2048, 2048, 2048, 2048, 2048, 2048]","[2048, 2048, 2048, 2048, 2048, 2048, 2048, 2048, 2048, 2048]","[2048, 2048, 2048, 2048]",193.0
1210,9087,23,8,2023-05-26T11:41:12.984000+00:00,20.25,47.84,36.957,200.0,124.0,False,105.047,"[None, 2048, 2048, 2048, 2048, 2049]","[2048, 2048, 2048, 2048, 2048, 2048, 2048, 2048, 2048, 2048]","[2048, 2048, 2048, 2048]",224.0
1210,9087,11,4,2023-05-26T11:41:17.078000+00:00,27.443,41.371,40.134,150.0,53.0,True,108.948,"[2064, 2048, 2048, 2048, 2048, 2048]","[2048, 2048, 2049, 2048, 2048, 2048, 2048, 2048, 2048, 2048]","[2048, 2048, 2048, 2048, 2049]",270.0
1210,9087,44,8,2023-05-26T11:41:21.109000+00:00,19.86,39.495,32.811,213.0,127.0,False,92.166,"[2049, 2049, 2049, 2049, 2049, 2049]","[2048, 2048, 2048, 2048, 2049, 2049, 2049, 2048, 2048, 2048]","[2048, 2048, 2048, 2048]",279.0
1210,9087,55,8,2023-05-26T11:41:30.234000+00:00,19.817,35.611,33.439,209.0,158.0,False,88.867,"[None, 2048, 2048, 2049, 2049, 2049]","[2048, 2048, 2049, 2049, 2048, 2048, 2051, 2048, 2048, 2048]","[2048, 2048, 2048, 2048, 2048]",280.0
1210,9087,22,9,2023-05-26T11:41:30.968000+00:00,25.522,43.195,28.602,125.0,183.0,False,97.319,"[None, 2048, 2048, 2048, 2048, 2048]","[2048, 2048, 2048, 2048, 2048, 2048, 2048, 2048, 2048, 2048]","[2048, 2048, 2048, 2048, 2048]",270.0
1210,9087,21,9,2023-05-26T11:41:36.265000+00:00,20.527,36.293,27.405,199.0,192.0,False,84.225,"[2049, 2049, 2049, 2049, 2048, 2049]","[2049, 2049, 2048, 2048, 2048, 2049, 2049, 2049, 2049, 2048]","[2049, 2049, 2048, 2048, 2048]",277.0
1210,9087,24,9,2023-05-26T11:41:38.843000+00:00,28.847,44.732,22.318,92.0,171.0,False,95.897,"[None, 2048, 2048, 2048, 2048, 2048]","[2048, 2048, 2048, 2048, 2048, 2048, 2048, 2048, 2048, 2048]","[2048, 2048, 2048, 2048, 2048]",256.0
1210,9087,1,8,2023-05-26T11:41:46.812000+00:00,19.839,35.546,20.101,206.0,190.0,False,75.486,"[2049, 2049, 2051, 2049, 2049, 2048]","[2048, 2048, 2048, 2048, 2049, 2049, 2048, 2049, 2049, 2049]","[2049, 2049, 2048, 2048]",279.0
1210,9087,16,8,2023-05-26T11:41:56.296000+00:00,19.512,35.158,19.892,212.0,192.0,False,74.562,"[2051, 2049, 2049, 2048, 2051, 2049]","[2048, 2048, 2049, 2049, 2049, 2049, 2049, 2048, 2049, 2049]","[2049, 2051, 2048, 2048, 2049]",279.0
1210,9087,14,9,2023-05-26T11:42:01.702000+00:00,19.759,35.561,20.05,212.0,188.0,False,75.37,"[2049, 2048, 2049, 2049, 2049, 2049]","[2049, 2049, 2048, 2051, 2048, 2048, 2049, 2048, 2048, 2049]","[2048, 2049, 2049, 2049, 2048]",278.0
1210,9087,31,9,2023-05-26T11:42:02.280000+00:00,24.53,43.855,24.162,130.0,139.0,False,92.547,"[None, 2048, 2048, 2048, 2048, 2048]","[2048, 2048, 2048, 2048, 2048, 2048, 2048, 2048, 2048, 2048]","[2048, 2048, 2048, 2048, 2048]",231.0
1210,9087,18,9,2023-05-26T11:42:20.936000+00:00,19.935,43.756,21.383,209.0,182.0,False,85.074,"[2049, 2048, 2048, 2049, 2049, 2048]","[2048, 2048, 2048, 2048, 2048, 2048, 2048, 2048, 2048, 2048]","[2048, 2048, 2048, 2048, 2048]",258.0
1210,9087,20,9,2023-05-26T11:42:31.718000+00:00,20.056,35.981,20.288,209.0,188.0,False,76.325,"[None, 2048, 2048, 2051, 2048, 2049]","[2049, 2048, 2048, 2048, 2048, 2048, 2048, 2048, 2048, 2048]","[2048, 2049, 2049, 2048]",275.0
1210,9087,4,9,2023-05-26T11:42:37.061000+00:00,19.939,35.909,19.919,205.0,192.0,False,75.767,"[2049, 2048, 2048, 2049, 2048, 2048]","[2049, 2048, 2048, 2049, 2048, 2048, 2048, 2049, 2049, 2049]","[2048, 2051, 2049, 2048, 2048]",276.0
1210,9087,27,9,2023-05-26T11:42:42.155000+00:00,20.028,36.147,20.424,202.0,190.0,False,76.599,"[None, 2048, 2048, 2048, 2049, 2049]","[2048, 2048, 2049, 2049, 2048, 2048, 2049, 2048, 2048, 2048]","[2048, 2048, 2049, 2048, 2048]",276.0
1210,9087,2,9,2023-05-26T11:42:45.999000+00:00,20.291,36.456,20.703,190.0,178.0,False,77.45,"[None, 2049, 2048, 2048, 2049, 2048]","[2049, 2048, 2048, 2048, 2049, 2049, 2048, 2049, 2049, 2048]","[2048, 2048, 2049, 2049]",278.0
1210,9087,81,9,2023-05-26T11:42:49.374000+00:00,20.197,36.207,20.446,202.0,190.0,False,76.85,"[None, 2048, 2048, 2049, 2049, 2049]","[2049, 2048, 2049, 2049, 2048, 2048, 2048, 2048, 2049, 2048]","[2048, 2048, 2049, 2049]",277.0
1210,9087,44,9,2023-05-26T11:42:53.264000+00:00,19.828,35.913,20.049,210.0,190.0,False,75.79,"[None, 2049, 2049, 2048, 2049, 2051]","[2048, 2048, 2048, 2048, 2049, 2048, 2049, 2048, 2048, 2048]","[2048, 2048, 2049, 2048, 2048]",278.0
1210,9087,10,9,2023-05-26T11:42:55.952000+00:00,21.162,36.634,21.492,191.0,185.0,False,79.288,"[None, 2048, 2048, 2048, 2048, 2048]","[2048, 2048, 2048, 2048, 2048, 2048, 2048, 2048, 2048, 2048]","[2048, 2048, 2048, 2048, 2048]",274.0
1210,9087,23,9,2023-05-26T11:42:58.139000+00:00,20.837,38.51,24.395,184.0,158.0,False,83.742,"[2048, 2048, 2048, 2048, 2048, 2048]","[2048, 2049, 2048, 2048, 2048, 2048, 2048, 2048, 2048, 2048]","[2048, 2048, 2048, 2048]",271.0
1210,9087,55,9,2023-05-26T11:42:59.108000+00:00,23.314,44.812,25.119,154.0,142.0,False,93.245,"[None, 2048, 2048, 2048, 2048, 2048]","[2048, 2048, 2048, 2048, 2048, 2048, 2048, 2048, 2048, 2048]","[2048, 2048, 2048, 2048, 2048]",186.0
1210,9087,21,10,2023-05-26T11:43:00.795000+00:00,26.718,47.108,29.4,121.0,168.0,False,103.226,"[2048, 2048, 2048, 2048, 2048, 2048]","[2048, 2048, 2048, 2048, 2048, 2048, 2048, 2048, 2048, 2048]","[2048, 2048, 2048, 2048, 2048]",212.0
1210,9087,1,9,2023-05-26T11:43:02.186000+00:00,22.826,53.663,31.353,94.0,81.0,False,107.842,"[2048, 2048, 2048, 2048, 2048, 2048]","[2048, 2048, 2048, 2048, 2048, 2048, 2048, 2048, 2048, 2048]","[2048, 2048, 2048, 2048, 2048]",258.0
1210,9087,11,5,2023-05-26T11:43:05.405000+00:00,20.997,36.818,20.959,173.0,182.0,False,78.774,"[2049, 2049, 2049, 2049, 2049, 2049]","[2049, 2049, 2049, 2049, 2049, 2048, 2049, 2048, 2049, 2049]","[2049, 2049, 2049, 2049]",270.0
1210,9087,22,10,2023-05-26T11:43:08.295000+00:00,20.405,39.988,28.213,193.0,171.0,False,88.606,"[None, 2048, 2049, 2049, 2048, 2048]","[2048, 2048, 2048, 2048, 2048, 2048, 2048, 2048, 2048, 2048]","[2048, 2048, 2048, 2048]",267.0
1210,9087,77,10,2023-05-26T11:43:09.608000+00:00,20.568,39.626,30.743,197.0,171.0,False,90.937,"[None, 2048, 2048, 2048, 2048, 2048]","[2048, 2048, 2048, 2048, 2048, 2048, 2048, 2048, 2048, 2048]","[2048, 2048, 2048, 2048, 2048]",258.0
1210,9087,16,9,2023-05-26T11:43:10.842000+00:00,25.207,52.072,31.534,103.0,132.0,False,108.813,"[2048, 2048, 2048, 2048, 2048, 2048]","[2048, 2048, 2048, 2048, 2048, 2048, 2048, 2048, 2048, 2048]","[2048, 2048, 2048, 2048]",177.0
1210,9087,24,10,2023-05-26T11:43:14.780000+00:00,20.305,41.128,47.522,202.0,131.0,False,108.955,"[2049, 2048, 2049, 2048, 2048, 2048]","[2048, 2048, 2049, 2048, 2049, 2049, 2048, 2048, 2048, 2048]","[2048, 2048, 2048, 2064, 2064]",280.0
1210,9087,14,10,2023-05-26T11:43:17.061000+00:00,23.072,55.783,33.906,133.0,124.0,False,112.761,"[2048, 2048, 2048, 2048, 2048, 2048]","[2048, 2048, 2048, 2048, 2048, 2048, 2048, 2048, 2048, 2048]","[2048, 2048, 2048, 2048]",221.0
1210,9087,31,10,2023-05-26T11:43:34.951000+00:00,20.292,35.717,20.229,196.0,190.0,False,76.238,"[2049, 2048, 2048, 2048, 2049, 2048]","[2049, 2049, 2051, 2048, 2048, 2048, 2049, 2048, 2048, 2048]","[2049, 2049, 2049, 2049]",273.0
1210,9087,18,10,2023-05-26T11:43:45.998000+00:00,19.731,35.694,20.193,205.0,193.0,False,75.618,"[None, 2048, 2048, 2049, 2049, 2048]","[2049, 2048, 2049, 2048, 2048, 2048, 2049, 2049, 2049, 2051]","[2048, 2049, 2048, 2048]",276.0
1210,9087,20,10,2023-05-26T11:43:47.967000+00:00,20.005,35.992,20.432,210.0,189.0,False,76.429,"[None, 2048, 2049, 2048, 2048, 2048]","[2049, 2048, 2049, 2048, 2048, 2048, 2049, 2048, 2048, 2048]","[2049, 2048, 2048, 2048, 2049]",278.0
1210,9087,4,10,2023-05-26T11:43:52.842000+00:00,28.169,44.305,,164.0,162.0,False,618.001,"[2048, 2048, 2048, 2048, 2048, 2048]","[2048, 2048, 2048, 2048, 2048, 2048, 2048, 2048, 2048, 2048]","[2048, 2048, 2048, 2064, 2064]",180.0
1210,9087,27,10,2023-05-26T11:43:58.748000+00:00,20.149,35.855,20.139,208.0,191.0,False,76.143,"[None, 2048, 2048, 2048, 2048, 2049]","[2048, 2048, 2049, 2048, 2048, 2048, 2048, 2049, 2048, 2049]","[2049, 2049, 2049, 2049]",276.0
1210,9087,2,10,2023-05-26T11:44:03.357000+00:00,20.075,36.583,20.744,193.0,188.0,False,77.402,"[2049, 2048, 2048, 2048, 2049, 2048]","[2048, 2048, 2049, 2048, 2048, 2048, 2048, 2048, 2048, 2048]","[2049, 2048, 2048, 2048]",277.0
1210,9087,81,10,2023-05-26T11:44:06.123000+00:00,19.891,36.121,20.335,,193.0,False,76.347,"[2049, 2049, 2048, 2049, 2049, 2049]","[2049, 2048, 2048, 2048, 2049, 2049, 2048, 2048, 2048, 2049]","[2048, 2049, 2048, 2048, 2049]",278.0
1210,9087,44,10,2023-05-26T11:44:08.951000+00:00,22.341,38.14,,175.0,181.0,False,675.893,"[2048, 2048, 2048, 2048, 2048, 2048]","[2048, 2048, 2048, 2048, 2048, 2048, 2048, 2048, 2048, 2048]","[2048, 2048, 2048, 2064, 2064]",257.0
1210,9087,10,10,2023-05-26T11:44:15.232000+00:00,20.363,35.895,21.192,202.0,190.0,False,77.45,"[2049, 2049, 2048, 2048, 2048, 2049]","[2048, 2048, 2049, 2048, 2048, 2048, 2049, 2049, 2049, 2049]","[2049, 2048, 2048, 2048]",275.0
1210,9087,23,10,2023-05-26T11:44:21.873000+00:00,20.102,35.824,20.315,196.0,190.0,False,76.241,"[None, 2048, 2049, 2049, 2049, 2048]","[2048, 2048, 2048, 2049, 2048, 2048, 2049, 2049, 2048, 2049]","[2049, 2049, 2048, 2048]",278.0
1210,9087,11,6,2023-05-26T11:44:24.123000+00:00,20.02,36.018,20.527,197.0,190.0,False,76.565,"[None, 2049, 2049, 2049, 2049, 2049]","[2049, 2048, 2049, 2049, 2049, 2049, 2049, 2048, 2049, 2049]","[2049, 2049, 2049, 2049, 2049]",278.0
1210,9087,55,10,2023-05-26T11:44:32.357000+00:00,19.787,35.132,19.851,209.0,194.0,False,74.77,"[None, 2048, 2048, 2049, 2049, 2048]","[2049, 2048, 2049, 2049, 2048, 2048, 2048, 2049, 2048, 2049]","[2049, 2051, 2049, 2049]",278.0
1210,9087,22,11,2023-05-26T11:44:36.888000+00:00,20.054,35.658,20.103,208.0,193.0,False,75.815,"[2049, 2049, 2048, 2048, 2049, 2049]","[2049, 2048, 2049, 2049, 2049, 2049, 2049, 2049, 2051, 2049]","[2048, 2049, 2049, 2049]",278.0
1210,9087,77,11,2023-05-26T11:44:40.560000+00:00,19.913,35.979,20.027,207.0,189.0,False,75.919,"[2049, 2049, 2049, 2049, 2049, 2048]","[2049, 2048, 2049, 2049, 2048, 2048, 2049, 2048, 2048, 2049]","[2049, 2049, 2049, 2049]",276.0
1210,9087,21,11,2023-05-26T11:44:43.700000+00:00,20.264,35.94,20.336,201.0,191.0,False,76.54,"[2049, 2049, 2049, 2049, 2049, 2049]","[2049, 2048, 2049, 2049, 2049, 2049, 2049, 2048, 2049, 2049]","[2048, 2049, 2049, 2049, 2049]",278.0
1210,9087,1,10,2023-05-26T11:44:50.107000+00:00,19.779,35.435,19.732,208.0,191.0,False,74.946,"[2049, 2048, 2048, 2048, 2049, 2049]","[2049, 2048, 2049, 2051, 2048, 2049, 2049, 2048, 2048, 2049]","[2049, 2051, 2049, 2048]",279.0
1210,9087,31,11,2023-05-26T11:44:51.075000+00:00,28.415,44.141,24.319,59.0,155.0,False,96.875,"[2048, 2048, 2048, 2048, 2048, 2048]","[2048, 2048, 2048, 2048, 2048, 2048, 2048, 2048, 2048, 2048]","[2048, 2048, 2048, 2048, 2048]",193.0
1210,9087,16,10,2023-05-26T11:44:59.435000+00:00,19.716,38.153,26.911,209.0,136.0,False,84.78,"[None, 2048, 2048, 2049, 2048, 2048]","[2048, 2048, 2048, 2048, 2048, 2048, 2049, 2048, 2048, 2048]","[2048, 2048, 2048, 2048, 2048]",277.0
1210,9087,18,11,2023-05-26T11:45:01.528000+00:00,31.023,45.722,28.528,94.0,123.0,False,105.273,"[2048, 2048, 2048, 2048, 2048, 2048]","[2048, 2048, 2048, 2048, 2048, 2048, 2048, 2048, 2048, 2048]","[2048, 2048, 2048, 2048, 2048]",261.0
1210,9087,24,11,2023-05-26T11:45:04.294000+00:00,31.018,55.168,29.458,69.0,91.0,True,115.644,"[2064, 2048, 2048, 2048, 2048, 2048]","[2048, 2048, 2048, 2048, 2048, 2048, 2048, 2048, 2048, 2048]","[2048, 2048, 2048, 2048]",213.0
1210,9087,20,11,2023-05-26T11:45:04.497000+00:00,28.779,49.509,32.887,94.0,124.0,False,111.175,"[None, 2048, 2048, 2048, 2048, 2048]","[2048, 2048, 2048, 2048, 2048, 2048, 2048, 2048, 2048, 2048]","[2048, 2048, 2048, 2048, 2048]",198.0
1210,9087,14,11,2023-05-26T11:45:09.809000+00:00,22.984,45.154,24.372,122.0,144.0,False,92.51,"[None, 2049, 2048, 2048, 2048, 2048]","[2048, 2048, 2048, 2048, 2048, 2048, 2048, 2048, 2048, 2048]","[2048, 2048, 2048, 2048]",261.0
1210,9087,27,11,2023-05-26T11:45:14.809000+00:00,23.772,44.603,27.922,132.0,162.0,False,96.297,"[None, 2048, 2048, 2048, 2048, 2048]","[2048, 2048, 2048, 2048, 2048, 2048, 2048, 2048, 2048, 2048]","[2048, 2048, 2048, 2048, 2048]",256.0
1210,9087,2,11,2023-05-26T11:45:20.747000+00:00,30.346,50.837,30.831,126.0,66.0,False,112.014,"[2048, 2048, 2048, 2048, 2048, 2048]","[2048, 2048, 2048, 2048, 2048, 2048, 2048, 2048, 2048, 2048]","[2048, 2048, 2048, 2048]",260.0
1210,9087,81,11,2023-05-26T11:45:22.466000+00:00,24.096,46.449,28.15,150.0,156.0,False,98.695,"[2048, 2048, 2048, 2048, 2048, 2048]","[2048, 2048, 2048, 2048, 2048, 2048, 2048, 2048, 2048, 2048]","[2048, 2048, 2048, 2048, 2048]",204.0
1210,9087,10,11,2023-05-26T11:45:32.715000+00:00,20.323,35.942,20.401,200.0,188.0,False,76.666,"[None, 2049, 2048, 2048, 2048, 2048]","[2048, 2048, 2049, 2049, 2048, 2049, 2048, 2049, 2049, 2048]","[2048, 2048, 2048, 2048, 2049]",275.0
1210,9087,23,11,2023-05-26T11:45:38.044000+00:00,27.403,49.357,25.384,88.0,152.0,False,102.144,"[None, 2048, 2048, 2048, 2048, 2048]","[2048, 2048, 2048, 2048, 2048, 2048, 2048, 2048, 2048, 2048]","[2048, 2048, 2048, 2048, 2049]",243.0
1210,9087,11,7,2023-05-26T11:45:40.778000+00:00,19.816,35.792,20.485,202.0,191.0,False,76.093,"[None, 2049, 2049, 2049, 2049, 2049]","[2049, 2048, 2049, 2049, 2048, 2049, 2049, 2048, 2048, 2049]","[2049, 2049, 2048, 2048]",279.0
1210,9087,55,11,2023-05-26T11:45:47.012000+00:00,19.507,35.041,19.853,212.0,193.0,False,74.401,"[2051, 2051, 2051, 2051, 2048, 2049]","[2051, 2048, 2049, 2049, 2051, 2048, 2048, 2048, 2048, 2048]","[2049, 2048, 2049, 2048]",280.0
1210,9087,22,12,2023-05-26T11:45:52.606000+00:00,25.611,41.572,26.814,166.0,140.0,False,93.997,"[2048, 2048, 2048, 2048, 2048, 2048]","[2048, 2048, 2048, 2048, 2048, 2048, 2048, 2048, 2048, 2048]","[2048, 2048, 2048, 2048, 2048]",267.0
1210,9087,77,12,2023-05-26T11:45:56.403000+00:00,22.905,42.527,29.528,153.0,149.0,False,94.96,"[2048, 2048, 2048, 2048, 2048, 2048]","[2048, 2048, 2048, 2048, 2048, 2048, 2048, 2048, 2048, 2048]","[2048, 2048, 2048, 2048]",250.0
1210,9087,21,12,2023-05-26T11:46:00.200000+00:00,27.754,42.285,24.762,101.0,171.0,False,94.801,"[2048, 2048, 2048, 2048, 2048, 2048]","[2048, 2048, 2048, 2048, 2048, 2048, 2048, 2048, 2048, 2048]","[2048, 2048, 2048, 2048, 2048]",257.0
1210,9087,1,11,2023-05-26T11:46:04.996000+00:00,22.295,37.37,,182.0,169.0,False,655.872,"[2048, 2048, 2048, 2048, 2048, 2048]","[2048, 2048, 2048, 2048, 2048, 2048, 2048, 2048, 2048, 2048]","[2048, 2048, 2048, 2064, 2064]",268.0
1210,9087,16,11,2023-05-26T11:46:24.231000+00:00,19.519,35.13,19.883,211.0,193.0,False,74.532,"[None, 2048, 2048, 2048, 2051, 2048]","[2049, 2048, 2048, 2049, 2049, 2048, 2048, 2048, 2048, 2049]","[2049, 2051, 2048, 2048]",276.0
1210,9087,31,12,2023-05-26T11:46:28.027000+00:00,20.056,35.453,20.142,200.0,191.0,False,75.651,"[2049, 2049, 2049, 2049, 2049, 2049]","[2049, 2049, 2051, 2049, 2048, 2048, 2049, 2049, 2049, 2049]","[2049, 2049, 2049, 2049]",273.0
1210,9087,14,12,2023-05-26T11:46:42.340000+00:00,19.523,35.167,19.968,216.0,196.0,False,74.658,"[2049, 2048, 2048, 2048, 2049, 2051]","[2049, 2048, 2049, 2049, 2049, 2048, 2048, 2049, 2051, 2049]","[2051, 2049, 2048, 2049]",277.0
1210,9087,18,12,2023-05-26T11:46:46.902000+00:00,19.89,35.554,21.061,206.0,196.0,False,76.505,"[None, 2049, 2049, 2048, 2048, 2048]","[2048, 2049, 2048, 2049, 2048, 2048, 2049, 2048, 2048, 2051]","[2049, 2049, 2048, 2048, 2048]",276.0
1210,9087,10,12,2023-05-26T11:46:49.277000+00:00,27.029,44.521,26.066,108.0,120.0,False,97.616,"[2048, 2048, 2048, 2048, 2048, 2048]","[2048, 2048, 2048, 2048, 2048, 2048, 2048, 2048, 2048, 2048]","[2048, 2048, 2048, 2048, 2048]",208.0
1210,9087,27,12,2023-05-26T11:46:51.183000+00:00,19.794,35.78,20.211,206.0,192.0,False,75.785,"[None, 2048, 2048, 2049, 2049, 2049]","[2049, 2048, 2048, 2048, 2048, 2048, 2049, 2048, 2048, 2048]","[2049, 2048, 2048, 2048]",276.0
1210,9087,20,12,2023-05-26T11:46:55.668000+00:00,20.104,35.906,20.204,211.0,187.0,False,76.214,"[None, 2048, 2048, 2048, 2048, 2048]","[2048, 2048, 2049, 2048, 2049, 2048, 2048, 2048, 2048, 2049]","[2048, 2048, 2049, 2049]",276.0
1210,9087,11,8,2023-05-26T11:46:56.793000+00:00,29.795,51.842,32.102,83.0,134.0,False,113.739,"[2048, 2048, 2048, 2048, 2048, 2048]","[2048, 2048, 2048, 2048, 2048, 2048, 2048, 2048, 2048, 2048]","[2048, 2048, 2048, 2048, 2048]",235.0
1210,9087,24,12,2023-05-26T11:46:59.324000+00:00,20.269,36.346,20.385,202.0,188.0,False,77.0,"[2048, 2048, 2049, 2049, 2049, 2048]","[2048, 2048, 2048, 2048, 2048, 2048, 2049, 2049, 2048, 2049]","[2049, 2049, 2049, 2048]",278.0
1210,9087,81,12,2023-05-26T11:47:01.261000+00:00,20.14,36.473,20.398,203.0,189.0,False,77.011,"[None, 2048, 2049, 2048, 2048, 2049]","[2048, 2048, 2048, 2048, 2048, 2049, 2048, 2048, 2048, 2048]","[2048, 2048, 2048, 2049]",279.0
1210,9087,55,12,2023-05-26T11:47:01.418000+00:00,25.349,49.442,32.326,142.0,90.0,False,107.117,"[2048, 2048, 2048, 2048, 2048, 2048]","[2048, 2048, 2048, 2048, 2048, 2048, 2048, 2048, 2048, 2048]","[2048, 2048, 2048, 2048, 2048]",185.0
1210,9087,2,12,2023-05-26T11:47:12.871000+00:00,20.359,36.575,20.579,191.0,188.0,False,77.513,"[None, 2048, 2048, 2048, 2048, 2048]","[2048, 2048, 2048, 2048, 2049, 2048, 2049, 2048, 2048, 2048]","[2049, 2049, 2049, 2048, 2049]",278.0
1210,9087,23,12,2023-05-26T11:47:20.261000+00:00,19.889,35.874,20.268,204.0,192.0,False,76.031,"[2049, 2048, 2049, 2048, 2049, 2049]","[2049, 2048, 2048, 2049, 2048, 2049, 2048, 2048, 2048, 2049]","[2048, 2049, 2049, 2048, 2048]",281.0
1210,9087,22,13,2023-05-26T11:47:26.699000+00:00,19.917,35.55,20.195,212.0,196.0,False,75.662,"[2049, 2049, 2048, 2049, 2049, 2049]","[2049, 2048, 2049, 2049, 2048, 2048, 2049, 2048, 2048, 2049]","[2049, 2048, 2048, 2049]",278.0
1210,9087,77,13,2023-05-26T11:47:31.433000+00:00,19.792,35.963,25.217,210.0,190.0,False,80.972,"[2049, 2048, 2048, 2049, 2049, 2048]","[2049, 2048, 2049, 2049, 2049, 2048, 2049, 2048, 2048, 2048]","[2049, 2048, 2048, 2048]",276.0
1210,9087,21,13,2023-05-26T11:47:35.058000+00:00,20.031,35.898,20.596,205.0,192.0,False,76.525,"[2049, 2049, 2049, 2049, 2049, 2049]","[2049, 2049, 2048, 2048, 2049, 2049, 2049, 2048, 2048, 2048]","[2049, 2048, 2048, 2048]",279.0
1210,9087,16,12,2023-05-26T11:47:38.652000+00:00,22.479,46.824,29.311,171.0,121.0,False,98.614,"[None, 2048, 2048, 2048, 2048, 2048]","[2048, 2048, 2048, 2048, 2048, 2048, 2048, 2048, 2048, 2048]","[2048, 2048, 2048, 2048]",186.0
1210,9087,31,13,2023-05-26T11:47:43.620000+00:00,25.985,44.333,28.038,115.0,138.0,False,98.356,"[2048, 2048, 2048, 2048, 2048, 2048]","[2048, 2048, 2048, 2048, 2048, 2048, 2048, 2048, 2048, 2048]","[2048, 2048, 2048, 2048]",201.0
1210,9087,14,13,2023-05-26T11:47:56.979000+00:00,21.691,38.949,,185.0,167.0,False,735.796,"[2048, 2048, 2048, 2048, 2048, 2048]","[2048, 2048, 2048, 2048, 2048, 2048, 2048, 2048, 2048, 2048]","[2048, 2048, 2048, 2064, 2064]",247.0
1210,9087,18,13,2023-05-26T11:48:03.401000+00:00,29.152,48.243,,118.0,152.0,False,577.449,"[None, 2048, 2048, 2048, 2048, 2048]","[2048, 2048, 2048, 2048, 2048, 2048, 2048, 2048, 2048, 2048]","[2048, 2048, 2048, 2064, 2064]",243.0
1210,9087,27,13,2023-05-26T11:48:06.917000+00:00,21.482,44.508,,181.0,173.0,False,731.143,"[None, 2048, 2048, 2048, 2048, 2048]","[2048, 2048, 2048, 2048, 2048, 2048, 2048, 2048, 2048, 2048]","[2048, 2048, 2048, 2064, 2064]",246.0
1210,9087,20,13,2023-05-26T11:48:11.792000+00:00,20.039,46.27,24.237,202.0,147.0,False,90.546,"[2049, 2048, 2049, 2049, 2048, 2048]","[2048, 2048, 2048, 2048, 2048, 2048, 2048, 2048, 2048, 2048]","[2048, 2048, 2048, 2048]",224.0
1210,9087,24,13,2023-05-26T11:48:16.245000+00:00,25.047,40.944,,187.0,143.0,False,920.867,"[None, 2048, 2048, 2048, 2048, 2048]","[2048, 2048, 2048, 2048, 2048, 2048, 2048, 2048, 2048, 2048]","[2048, 2048, 2048, 2064, 2064]",257.0
1210,9087,81,13,2023-05-26T11:48:18.276000+00:00,19.962,36.322,,206.0,183.0,False,401.018,"[None, 2048, 2048, 2049, 2049, 2048]","[2048, 2048, 2048, 2049, 2048, 2048, 2048, 2048, 2048, 2048]","[2048, 2048, 2048, 2064, 2064]",277.0
1210,9087,10,13,2023-05-26T11:48:26.979000+00:00,20.772,39.201,25.379,185.0,145.0,False,85.352,"[None, 2048, 2049, 2049, 2048, 2048]","[2048, 2048, 2048, 2048, 2048, 2048, 2048, 2048, 2048, 2048]","[2048, 2048, 2048, 2048, 2048]",274.0
1210,9087,2,13,2023-05-26T11:48:30.401000+00:00,34.411,55.637,29.733,74.0,113.0,False,119.781,"[None, 2048, 2048, 2048, 2048, 2048]","[2048, 2048, 2048, 2048, 2048, 2048, 2048, 2048, 2048, 2048]","[2048, 2048, 2048, 2048, 2048]",224.0
1210,9087,23,13,2023-05-26T11:48:36.588000+00:00,22.911,42.803,41.793,145.0,149.0,False,107.507,"[2048, 2048, 2048, 2048, 2048, 2048]","[2048, 2048, 2048, 2048, 2048, 2048, 2048, 2048, 2048, 2048]","[2048, 2048, 2048, 2064, 2064]",251.0
1210,9087,22,14,2023-05-26T11:48:42.307000+00:00,29.133,46.358,26.083,84.0,139.0,False,101.574,"[2048, 2048, 2048, 2048, 2048, 2048]","[2048, 2048, 2048, 2048, 2048, 2048, 2048, 2048, 2048, 2048]","[2048, 2048, 2048, 2048, 2048]",251.0
1210,9087,55,13,2023-05-26T11:48:48.651000+00:00,20.791,40.635,23.457,185.0,144.0,False,84.883,"[None, 2048, 2048, 2048, 2048, 2048]","[2048, 2048, 2048, 2048, 2048, 2048, 2048, 2048, 2048, 2048]","[2048, 2048, 2048, 2048]",251.0
1210,9087,11,9,2023-05-26T11:48:50.604000+00:00,20.169,43.549,25.219,186.0,149.0,False,88.937,"[None, 2048, 2049, 2048, 2048, 2048]","[2048, 2048, 2048, 2048, 2048, 2048, 2048, 2048, 2048, 2048]","[2048, 2048, 2048, 2048, 2048]",230.0
1210,9087,21,14,2023-05-26T11:48:51.463000+00:00,27.051,44.623,30.052,97.0,138.0,False,101.726,"[2048, 2048, 2048, 2048, 2048, 2048]","[2048, 2048, 2048, 2048, 2048, 2048, 2048, 2048, 2048, 2048]","[2048, 2048, 2048, 2048, 2048]",257.0
1210,9087,77,14,2023-05-26T11:48:52.401000+00:00,24.334,41.574,45.506,182.0,154.0,False,111.414,"[2048, 2048, 2048, 2048, 2048, 2048]","[2048, 2048, 2048, 2048, 2048, 2048, 2048, 2048, 2048, 2048]","[2048, 2048, 2048, 2064, 2064]",234.0
1210,9087,16,13,2023-05-26T11:49:17.354000+00:00,21.53,52.78,25.475,134.0,120.0,False,99.785,"[None, 2048, 2048, 2048, 2048, 2048]","[2048, 2048, 2048, 2048, 2048, 2048, 2048, 2048, 2048, 2048]","[2048, 2048, 2048, 2048, 2048]",191.0
1210,9087,31,14,2023-05-26T11:49:22.057000+00:00,20.084,35.839,20.264,201.0,187.0,False,76.187,"[None, 2048, 2049, 2048, 2049, 2049]","[2048, 2048, 2048, 2048, 2048, 2048, 2048, 2048, 2048, 2048]","[2048, 2049, 2048, 2048, 2048]",271.0
1210,9087,20,14,2023-05-26T11:49:42.447000+00:00,19.792,35.532,20.238,213.0,194.0,False,75.562,"[2048, 2048, 2048, 2049, 2049, 2048]","[2049, 2048, 2048, 2049, 2048, 2048, 2048, 2049, 2048, 2051]","[2049, 2048, 2048, 2048, 2049]",275.0
1210,9087,10,14,2023-05-26T11:49:52.322000+00:00,20.14,35.724,20.096,205.0,191.0,False,75.96,"[2049, 2049, 2048, 2048, 2049, 2049]","[2048, 2049, 2048, 2048, 2048, 2048, 2048, 2049, 2049, 2049]","[2049, 2049, 2048, 2049]",272.0
1210,9087,55,14,2023-05-26T11:50:13.462000+00:00,19.539,35.007,19.699,212.0,193.0,False,74.245,"[None, 2048, 2048, 2048, 2049, 2048]","[2048, 2048, 2048, 2051, 2048, 2048, 2048, 2048, 2048, 2049]","[2048, 2051, 2051, 2051]",275.0
1210,9087,11,10,2023-05-26T11:50:19.540000+00:00,19.834,35.722,22.72,207.0,157.0,False,78.276,"[None, 2048, 2048, 2051, 2049, 2049]","[2049, 2048, 2049, 2048, 2049, 2048, 2049, 2048, 2049, 2048]","[2048, 2048, 2048, 2048, 2048]",275.0
1210,9087,22,15,2023-05-26T11:50:23.962000+00:00,19.983,41.588,21.596,213.0,165.0,False,83.167,"[2049, 2048, 2048, 2049, 2048, 2048]","[2051, 2048, 2048, 2048, 2048, 2048, 2048, 2048, 2048, 2048]","[2048, 2048, 2048, 2048]",247.0
1210,9087,23,14,2023-05-26T11:50:24.368000+00:00,29.744,43.829,23.22,98.0,177.0,True,96.793,"[2064, 2048, 2048, 2048, 2048, 2048]","[2048, 2048, 2048, 2048, 2048, 2048, 2048, 2048, 2048, 2048]","[2048, 2048, 2048, 2048, 2048]",273.0
1210,9087,2,14,2023-05-26T11:50:30.165000+00:00,20.063,36.297,21.388,196.0,188.0,False,77.748,"[None, 2049, 2048, 2048, 2049, 2049]","[2049, 2048, 2048, 2049, 2049, 2049, 2048, 2049, 2049, 2049]","[2048, 2048, 2048, 2048, 2048]",278.0
1210,9087,21,15,2023-05-26T11:50:33.290000+00:00,20.193,35.984,20.263,208.0,186.0,False,76.44,"[2049, 2049, 2048, 2048, 2048, 2048]","[2049, 2048, 2048, 2048, 2048, 2048, 2048, 2049, 2049, 2048]","[2048, 2048, 2048, 2049, 2049]",278.0
1210,9087,31,15,2023-05-26T11:50:38.228000+00:00,19.944,35.938,20.252,202.0,190.0,False,76.134,"[None, 2049, 2049, 2049, 2049, 2049]","[2048, 2048, 2048, 2048, 2049, 2049, 2048, 2048, 2049, 2048]","[2049, 2049, 2048, 2048, 2049]",276.0
1210,9087,77,15,2023-05-26T11:50:44.384000+00:00,23.47,39.402,,190.0,172.0,True,570.862,"[2064, 2048, 2048, 2048, 2048, 2048]","[2048, 2048, 2048, 2048, 2048, 2048, 2048, 2048, 2048, 2048]","[2048, 2048, 2048, 2064, 2064]",256.0
1210,9087,16,14,2023-05-26T11:50:57.134000+00:00,19.621,35.138,19.972,210.0,191.0,False,74.731,"[None, 2048, 2048, 2049, 2051, 2048]","[2048, 2048, 2049, 2049, 2048, 2048, 2048, 2048, 2048, 2049]","[2048, 2048, 2048, 2048, 2048]",277.0
1210,9087,20,15,2023-05-26T11:50:57.977000+00:00,22.504,39.611,,174.0,165.0,False,696.993,"[None, 2048, 2048, 2048, 2048, 2048]","[2048, 2048, 2048, 2048, 2048, 2048, 2048, 2048, 2048, 2048]","[2048, 2048, 2048, 2064, 2064]",257.0
1210,9087,10,15,2023-05-26T11:51:08.227000+00:00,22.91,41.699,24.029,163.0,129.0,False,88.638,"[2048, 2048, 2048, 2048, 2048, 2048]","[2048, 2048, 2048, 2048, 2048, 2048, 2048, 2048, 2048, 2048]","[2048, 2048, 2048, 2048]",256.0
1210,9087,55,15,2023-05-26T11:51:27.696000+00:00,21.099,39.066,,164.0,160.0,False,1148.171,"[None, 2048, 2048, 2048, 2048, 2048]","[2048, 2048, 2048, 2048, 2048, 2048, 2048, 2051, 2048, 2048]","[2048, 2048, 2048, 2064, 2064]",254.0
1210,9087,11,11,2023-05-26T11:51:37.789000+00:00,19.629,35.592,20.1,206.0,194.0,False,75.321,"[2049, 2048, 2048, 2051, 2048, 2048]","[2048, 2049, 2049, 2049, 2048, 2048, 2049, 2048, 2048, 2049]","[2049, 2049, 2049, 2049]",276.0
1210,9087,22,16,2023-05-26T11:51:47.133000+00:00,19.72,35.382,19.862,214.0,196.0,False,74.964,"[None, 2048, 2048, 2049, 2049, 2051]","[2048, 2048, 2048, 2048, 2049, 2048, 2049, 2048, 2048, 2049]","[2049, 2049, 2049, 2048]",276.0
1210,9087,2,15,2023-05-26T11:51:47.883000+00:00,21.389,42.59,42.515,179.0,170.0,False,106.494,"[None, 2048, 2048, 2048, 2048, 2048]","[2048, 2048, 2048, 2048, 2048, 2048, 2048, 2048, 2048, 2048]","[2048, 2048, 2048, 2064, 2064]",159.0
1210,9087,21,16,2023-05-26T11:51:49.664000+00:00,21.332,37.574,,191.0,174.0,False,372.905,"[2048, 2048, 2048, 2048, 2048, 2048]","[2048, 2048, 2048, 2048, 2048, 2048, 2048, 2048, 2048, 2048]","[2048, 2048, 2048, 2064, 2064]",252.0
1210,9087,31,16,2023-05-26T11:51:54.383000+00:00,20.033,36.351,20.606,200.0,187.0,False,76.99,"[2049, 2048, 2049, 2049, 2048, 2048]","[2048, 2048, 2048, 2048, 2048, 2049, 2048, 2048, 2048, 2048]","[2048, 2048, 2048, 2048, 2048]",277.0
1210,9087,23,15,2023-05-26T11:52:00.571000+00:00,24.007,42.421,21.943,149.0,163.0,False,88.371,"[2048, 2048, 2048, 2048, 2048, 2048]","[2048, 2048, 2048, 2048, 2048, 2048, 2048, 2048, 2048, 2048]","[2048, 2048, 2048, 2048, 2048]",264.0
1210,9087,16,15,2023-05-26T11:52:11.852000+00:00,22.704,40.225,,169.0,158.0,False,1260.989,"[None, 2048, 2048, 2048, 2048, 2048]","[2048, 2048, 2048, 2048, 2048, 2048, 2048, 2048, 2048, 2048]","[2048, 2048, 2048, 2064, 2064]",255.0
1210,9087,10,16,2023-05-26T11:52:36.898000+00:00,20.102,35.481,20.331,206.0,193.0,False,75.914,"[None, 2048, 2048, 2049, 2049, 2049]","[2049, 2049, 2049, 2051, 2048, 2048, 2048, 2048, 2048, 2049]","[2049, 2048, 2048, 2048]",272.0
1210,9087,11,12,2023-05-26T11:52:53.054000+00:00,25.03,55.17,28.002,139.0,109.0,False,108.202,"[2048, 2048, 2048, 2048, 2048, 2048]","[2048, 2048, 2048, 2048, 2048, 2048, 2048, 2048, 2048, 2048]","[2048, 2048, 2048, 2048, 2048]",227.0
1210,9087,22,17,2023-05-26T11:53:01.976000+00:00,24.575,43.157,,165.0,152.0,False,555.547,"[2048, 2048, 2048, 2048, 2048, 2048]","[2048, 2048, 2048, 2048, 2048, 2048, 2048, 2048, 2048, 2048]","[2048, 2048, 2048, 2064, 2064]",236.0
1210,9087,31,17,2023-05-26T11:53:11.367000+00:00,19.982,36.283,20.457,202.0,187.0,False,76.722,"[None, 2048, 2048, 2048, 2048, 2049]","[2048, 2048, 2048, 2048, 2048, 2048, 2048, 2048, 2048, 2048]","[2048, 2048, 2048, 2048, 2048]",275.0
1210,9087,23,16,2023-05-26T11:53:28.960000+00:00,19.747,35.299,20.021,202.0,193.0,False,75.067,"[2049, 2048, 2048, 2049, 2049, 2048]","[2048, 2049, 2049, 2049, 2049, 2048, 2048, 2049, 2049, 2049]","[2049, 2049, 2049, 2049]",276.0
1210,9087,2,16,2023-05-26T11:53:35.023000+00:00,30.564,83.288,,103.0,59.0,True,648.991,"[2064, 2048, 2048, 2048, 2048, 2048]","[2048, 2048, 2048, 2048, 2048, 2048, 2048, 2048, 2048, 2048]","[2048, 2048, 2048, 2064, 2064]",63.0
1210,9087,10,17,2023-05-26T11:53:52.757000+00:00,19.951,35.764,20.231,207.0,190.0,False,75.946,"[2049, 2048, 2048, 2048, 2049, 2049]","[2048, 2048, 2048, 2048, 2048, 2048, 2048, 2048, 2048, 2048]","[2048, 2048, 2048, 2048, 2049]",271.0
1210,9087,4,11,2023-05-26T11:54:11.444000+00:00,26.571,40.489,21.353,151.0,183.0,True,88.413,"[2064, 2048, 2048, 2048, 2048, 2048]","[2048, 2048, 2048, 2048, 2048, 2048, 2048, 2048, 2048, 2048]","[2048, 2048, 2048, 2048]",221.0
1210,9087,31,18,2023-05-26T11:54:28.084000+00:00,21.181,38.129,,184.0,162.0,False,936.603,"[2048, 2048, 2048, 2048, 2048, 2048]","[2048, 2048, 2048, 2048, 2048, 2048, 2048, 2048, 2048, 2048]","[2048, 2048, 2048, 2064, 2064]",256.0
1210,9087,11,13,2023-05-26T11:54:41.303000+00:00,19.727,35.503,19.874,208.0,197.0,False,75.104,"[None, 2048, 2048, 2048, 2049, 2049]","[2049, 2048, 2049, 2049, 2048, 2048, 2048, 2048, 2048, 2051]","[2051, 2049, 2049, 2049]",275.0
1210,9087,23,17,2023-05-26T11:54:43.928000+00:00,23.833,41.7,23.465,164.0,142.0,False,88.998,"[2048, 2048, 2048, 2048, 2048, 2048]","[2048, 2048, 2048, 2048, 2048, 2048, 2048, 2048, 2048, 2048]","[2048, 2048, 2048, 2048, 2048]",242.0
1210,9087,63,9,2023-05-26T11:54:50.069000+00:00,24.776,37.592,26.313,175.0,185.0,True,88.681,"[2064, 2048, 2048, 2048, 2048, 2048]","[2048, 2048, 2048, 2048, 2048, 2048, 2048, 2048, 2048, 2048]","[2048, 2048, 2048, 2048]",271.0
1210,9087,81,14,2023-05-26T11:54:59.912000+00:00,27.555,40.352,21.981,155.0,172.0,True,89.888,"[2064, 2048, 2048, 2048, 2048, 2048]","[2048, 2048, 2048, 2048, 2048, 2048, 2048, 2048, 2048, 2048]","[2048, 2048, 2048, 2048, 2048]",257.0
1210,9087,10,18,2023-05-26T11:55:08.787000+00:00,23.236,40.346,,171.0,147.0,False,910.951,"[2048, 2048, 2048, 2048, 2048, 2048]","[2048, 2048, 2048, 2048, 2048, 2048, 2048, 2048, 2048, 2048]","[2048, 2048, 2048, 2064, 2064]",254.0
1210,9087,44,11,2023-05-26T11:55:25.568000+00:00,26.47,39.251,22.182,163.0,176.0,True,87.903,"[2064, 2048, 2048, 2048, 2048, 2048]","[2048, 2048, 2048, 2048, 2048, 2048, 2048, 2048, 2048, 2048]","[2048, 2048, 2048, 2048]",267.0
1210,9087,4,12,2023-05-26T11:55:39.240000+00:00,19.599,48.638,22.854,210.0,140.0,False,91.091,"[2049, 2048, 2048, 2049, 2049, 2048]","[2048, 2048, 2048, 2048, 2048, 2048, 2048, 2048, 2048, 2048]","[2048, 2048, 2048, 2048]",206.0
1210,9087,11,14,2023-05-26T11:55:56.349000+00:00,25.627,53.99,24.82,138.0,131.0,False,104.437,"[None, 2048, 2048, 2048, 2048, 2048]","[2048, 2048, 2048, 2048, 2048, 2048, 2048, 2048, 2048, 2048]","[2048, 2048, 2048, 2048, 2048]",227.0
1210,9087,23,18,2023-05-26T11:56:13.021000+00:00,19.61,35.312,19.809,208.0,195.0,False,74.731,"[None, 2049, 2049, 2049, 2049, 2049]","[2049, 2048, 2048, 2049, 2048, 2048, 2049, 2048, 2048, 2048]","[2049, 2051, 2048, 2049, 2049]",276.0
1210,9087,63,10,2023-05-26T11:56:18.177000+00:00,19.975,35.759,20.127,197.0,190.0,False,75.861,"[2049, 2049, 2049, 2049, 2049, 2048]","[2049, 2049, 2048, 2049, 2051, 2049, 2048, 2049, 2049, 2048]","[2049, 2049, 2049, 2049]",279.0
1210,9087,81,15,2023-05-26T11:56:29.192000+00:00,19.762,35.815,19.947,209.0,193.0,False,75.524,"[2049, 2048, 2048, 2049, 2049, 2048]","[2049, 2049, 2049, 2049, 2048, 2048, 2048, 2049, 2049, 2048]","[2049, 2049, 2049, 2049, 2048]",276.0
1210,9087,44,12,2023-05-26T11:56:52.833000+00:00,19.33,35.112,19.593,214.0,196.0,False,74.035,"[2049, 2049, 2048, 2049, 2051, 2051]","[2049, 2049, 2049, 2049, 2049, 2048, 2048, 2049, 2049, 2049]","[2049, 2049, 2051, 2049, 2049]",276.0
1210,9087,1,12,2023-05-26T11:57:01.505000+00:00,24.991,37.085,20.613,188.0,181.0,True,82.689,"[2064, 2048, 2048, 2048, 2048, 2048]","[2048, 2048, 2048, 2048, 2048, 2048, 2048, 2048, 2048, 2048]","[2048, 2048, 2048, 2048]",261.0
1210,9087,4,13,2023-05-26T11:57:10.333000+00:00,19.594,35.143,19.73,212.0,191.0,False,74.467,"[2048, 2048, 2048, 2048, 2049, 2049]","[2049, 2049, 2049, 2049, 2049, 2048, 2048, 2049, 2049, 2049]","[2049, 2051, 2049, 2048]",275.0
1210,9087,23,19,2023-05-26T11:57:27.661000+00:00,19.552,35.46,19.933,209.0,193.0,False,74.945,"[2049, 2048, 2048, 2049, 2048, 2049]","[2048, 2049, 2048, 2048, 2048, 2048, 2048, 2048, 2048, 2048]","[2048, 2048, 2048, 2048]",276.0
1210,9087,63,11,2023-05-26T11:57:34.004000+00:00,30.954,49.167,27.766,142.0,115.0,False,107.887,"[2048, 2048, 2048, 2048, 2048, 2048]","[2048, 2048, 2048, 2048, 2048, 2048, 2048, 2048, 2048, 2048]","[2048, 2048, 2048, 2048, 2048]",223.0
1210,9087,11,15,2023-05-26T11:57:40.863000+00:00,19.597,35.323,19.889,213.0,193.0,False,74.809,"[None, 2048, 2048, 2048, 2049, 2049]","[2049, 2048, 2049, 2049, 2048, 2048, 2049, 2048, 2049, 2048]","[2048, 2049, 2048, 2049]",276.0
1210,9087,18,14,2023-05-26T11:57:41.504000+00:00,27.948,40.589,21.712,166.0,180.0,True,90.249,"[2064, 2048, 2048, 2048, 2048, 2048]","[2048, 2048, 2048, 2048, 2048, 2048, 2048, 2048, 2048, 2048]","[2048, 2048, 2048, 2048, 2048]",223.0
1210,9087,81,16,2023-05-26T11:57:44.613000+00:00,23.771,49.144,30.363,145.0,126.0,False,103.278,"[2048, 2048, 2048, 2048, 2048, 2048]","[2048, 2048, 2048, 2048, 2048, 2048, 2048, 2048, 2048, 2048]","[2048, 2048, 2048, 2048, 2048]",235.0
1210,9087,21,17,2023-05-26T11:58:03.207000+00:00,28.934,38.459,21.939,177.0,172.0,True,89.332,"[2064, 2048, 2048, 2048, 2048, 2048]","[2048, 2048, 2048, 2048, 2048, 2048, 2048, 2048, 2048, 2048]","[2048, 2048, 2048, 2048, 2048]",271.0
1210,9087,44,13,2023-05-26T11:58:07.176000+00:00,29.835,57.101,33.78,84.0,114.0,False,120.716,"[2048, 2048, 2048, 2048, 2048, 2048]","[2048, 2048, 2048, 2048, 2048, 2048, 2048, 2048, 2048, 2048]","[2048, 2048, 2048, 2048, 2048]",135.0
1210,9087,1,13,2023-05-26T11:58:23.644000+00:00,19.542,35.199,19.748,212.0,193.0,False,74.489,"[2049, 2048, 2048, 2049, 2049, 2048]","[2049, 2049, 2049, 2049, 2049, 2048, 2049, 2049, 2048, 2049]","[2048, 2049, 2049, 2048, 2048]",276.0
1210,9087,4,14,2023-05-26T11:58:24.707000+00:00,24.147,47.522,32.042,137.0,112.0,False,103.711,"[None, 2048, 2048, 2048, 2048, 2048]","[2048, 2048, 2048, 2048, 2048, 2048, 2048, 2048, 2048, 2048]","[2048, 2048, 2048, 2048]",190.0
1210,9087,23,20,2023-05-26T11:58:42.707000+00:00,28.247,49.599,24.264,120.0,169.0,False,102.11,"[2048, 2048, 2048, 2048, 2048, 2048]","[2048, 2048, 2048, 2048, 2048, 2048, 2048, 2048, 2048, 2048]","[2048, 2048, 2048, 2048, 2049]",208.0
1210,9087,11,16,2023-05-26T11:58:55.581000+00:00,22.764,40.237,,155.0,183.0,False,679.99,"[None, 2048, 2048, 2048, 2048, 2048]","[2048, 2048, 2048, 2048, 2048, 2048, 2048, 2048, 2048, 2048]","[2048, 2048, 2048, 2064, 2064]",261.0
1210,9087,18,15,2023-05-26T11:59:11.097000+00:00,19.922,35.774,20.135,206.0,192.0,False,75.831,"[2048, 2048, 2048, 2048, 2048, 2048]","[2048, 2048, 2048, 2048, 2048, 2048, 2048, 2048, 2048, 2048]","[2048, 2048, 2049, 2048]",272.0
1210,9087,63,12,2023-05-26T11:59:21.940000+00:00,19.909,35.443,20.186,209.0,193.0,False,75.538,"[2049, 2048, 2048, 2049, 2049, 2049]","[2049, 2048, 2049, 2049, 2048, 2048, 2048, 2049, 2051, 2049]","[2049, 2048, 2048, 2048]",276.0
1210,9087,81,17,2023-05-26T11:59:27.972000+00:00,19.805,35.568,19.819,206.0,195.0,False,75.192,"[None, 2048, 2048, 2048, 2048, 2049]","[2049, 2049, 2048, 2048, 2049, 2048, 2049, 2049, 2049, 2049]","[2049, 2049, 2049, 2049]",277.0
1210,9087,21,18,2023-05-26T11:59:32.003000+00:00,21.107,38.477,23.004,193.0,174.0,False,82.588,"[2048, 2048, 2048, 2048, 2048, 2048]","[2048, 2048, 2048, 2048, 2048, 2048, 2048, 2048, 2048, 2048]","[2048, 2048, 2048, 2048]",272.0
1210,9087,1,14,2023-05-26T11:59:38.425000+00:00,28.824,51.18,24.062,125.0,135.0,False,104.066,"[2048, 2048, 2048, 2048, 2048, 2048]","[2048, 2048, 2048, 2048, 2048, 2048, 2048, 2048, 2048, 2048]","[2048, 2048, 2048, 2048, 2048]",167.0
1210,9087,44,14,2023-05-26T12:00:07.534000+00:00,30.661,46.755,28.768,141.0,172.0,False,106.184,"[None, 2048, 2048, 2048, 2048, 2048]","[2048, 2048, 2048, 2048, 2048, 2048, 2048, 2048, 2048, 2048]","[2048, 2048, 2048, 2048]",198.0
1210,9087,4,15,2023-05-26T12:00:08.518000+00:00,19.772,53.228,24.599,209.0,152.0,False,97.599,"[None, 2048, 2048, 2048, 2048, 2048]","[2048, 2048, 2048, 2048, 2048, 2048, 2048, 2048, 2048, 2048]","[2048, 2048, 2048, 2048]",152.0
1210,9087,14,14,2023-05-26T12:00:13.393000+00:00,25.3,38.367,21.551,179.0,180.0,True,85.218,"[2064, 2048, 2048, 2048, 2048, 2048]","[2048, 2048, 2048, 2048, 2048, 2048, 2048, 2048, 2048, 2048]","[2048, 2048, 2048, 2048, 2048]",236.0
1210,9087,77,16,2023-05-26T12:00:15.299000+00:00,25.976,45.3,31.577,183.0,173.0,True,102.853,"[None, 2048, 2048, 2048, 2048, 2048]","[2048, 2048, 2048, 2048, 2048, 2048, 2048, 2048, 2048, 2048]","[2048, 2048, 2048, 2048, 2048]",251.0
1210,9087,27,14,2023-05-26T12:00:18.737000+00:00,26.573,44.746,29.281,102.0,128.0,True,100.6,"[2064, 2048, 2048, 2048, 2048, 2048]","[2048, 2048, 2048, 2048, 2048, 2048, 2048, 2048, 2048, 2048]","[2048, 2048, 2048, 2048]",267.0
1210,9087,23,21,2023-05-26T12:00:24.830000+00:00,19.608,38.986,44.397,204.0,153.0,False,102.991,"[None, 2048, 2051, 2049, 2048, 2048]","[2048, 2048, 2048, 2048, 2048, 2048, 2048, 2049, 2048, 2048]","[2048, 2048, 2048, 2064, 2064]",240.0
1210,9087,18,16,2023-05-26T12:00:26.940000+00:00,24.893,46.991,26.889,147.0,100.0,False,98.773,"[None, 2048, 2048, 2048, 2048, 2048]","[2048, 2048, 2048, 2048, 2048, 2048, 2048, 2048, 2048, 2048]","[2048, 2048, 2048, 2048]",250.0
1210,9087,63,13,2023-05-26T12:00:37.393000+00:00,27.651,49.104,25.52,131.0,123.0,False,102.275,"[2048, 2048, 2048, 2048, 2048, 2048]","[2048, 2048, 2048, 2048, 2048, 2048, 2049, 2049, 2048, 2048]","[2048, 2048, 2048, 2048, 2048]",238.0
1210,9087,81,18,2023-05-26T12:00:43.065000+00:00,24.814,49.848,27.524,124.0,105.0,False,102.186,"[None, 2048, 2048, 2048, 2048, 2048]","[2048, 2048, 2048, 2048, 2048, 2048, 2048, 2048, 2048, 2048]","[2048, 2048, 2048, 2048, 2048]",223.0
1210,9087,21,19,2023-05-26T12:00:54.549000+00:00,19.915,35.682,20.101,210.0,193.0,False,75.698,"[2049, 2048, 2048, 2049, 2049, 2049]","[2049, 2049, 2049, 2049, 2048, 2048, 2048, 2048, 2048, 2048]","[2049, 2049, 2049, 2048]",277.0
1210,9087,1,15,2023-05-26T12:01:22.173000+00:00,19.558,35.052,19.67,211.0,186.0,False,74.28,"[None, 2048, 2048, 2048, 2049, 2049]","[2049, 2049, 2051, 2051, 2048, 2048, 2048, 2049, 2048, 2048]","[2048, 2048, 2049, 2051, 2048]",276.0
1210,9087,14,15,2023-05-26T12:01:37.986000+00:00,19.492,35.05,19.861,212.0,192.0,False,74.403,"[2049, 2049, 2048, 2049, 2049, 2048]","[2049, 2049, 2049, 2048, 2048, 2048, 2048, 2049, 2048, 2048]","[2048, 2049, 2049, 2049]",275.0
1210,9087,4,16,2023-05-26T12:01:46.111000+00:00,19.538,48.544,22.084,212.0,164.0,False,90.166,"[2049, 2049, 2048, 2048, 2049, 2049]","[2048, 2048, 2048, 2048, 2048, 2048, 2048, 2048, 2048, 2048]","[2048, 2048, 2048, 2048]",224.0
1210,9087,44,15,2023-05-26T12:01:53.782000+00:00,19.555,35.203,19.674,213.0,197.0,False,74.432,"[None, 2048, 2048, 2048, 2048, 2048]","[2048, 2049, 2049, 2048, 2048, 2048, 2048, 2048, 2049, 2049]","[2048, 2049, 2051, 2048]",275.0
1210,9087,77,17,2023-05-26T12:01:57.548000+00:00,19.713,35.699,19.749,213.0,189.0,False,75.161,"[2049, 2049, 2048, 2049, 2048, 2049]","[2049, 2049, 2049, 2049, 2049, 2048, 2048, 2049, 2049, 2049]","[2048, 2049, 2049, 2049, 2048]",275.0
1210,9087,27,15,2023-05-26T12:01:58.720000+00:00,21.069,37.52,22.862,191.0,180.0,False,81.451,"[2048, 2048, 2048, 2048, 2048, 2048]","[2048, 2048, 2048, 2048, 2048, 2048, 2048, 2048, 2048, 2048]","[2048, 2048, 2048, 2048, 2048]",272.0
1210,9087,18,17,2023-05-26T12:02:05.720000+00:00,19.846,35.432,20.028,211.0,191.0,False,75.306,"[None, 2048, 2048, 2049, 2048, 2049]","[2049, 2048, 2048, 2048, 2049, 2048, 2048, 2049, 2049, 2048]","[2049, 2048, 2049, 2048]",276.0
1210,9087,23,22,2023-05-26T12:02:08.392000+00:00,27.442,43.246,21.427,173.0,163.0,True,92.115,"[2064, 2048, 2048, 2048, 2048, 2048]","[2048, 2048, 2048, 2048, 2048, 2048, 2048, 2048, 2048, 2048]","[2048, 2048, 2048, 2048, 2048]",260.0
1210,9087,21,20,2023-05-26T12:02:10.173000+00:00,26.0,45.766,31.629,168.0,166.0,False,103.395,"[2048, 2048, 2048, 2048, 2048, 2048]","[2048, 2048, 2048, 2048, 2048, 2048, 2048, 2048, 2048, 2048]","[2048, 2048, 2048, 2048, 2048]",240.0
1210,9087,22,18,2023-05-26T12:02:18.126000+00:00,27.075,47.314,25.833,107.0,70.0,True,100.222,"[2064, 2048, 2048, 2048, 2048, 2048]","[2048, 2048, 2048, 2048, 2048, 2048, 2048, 2048, 2048, 2048]","[2048, 2048, 2048, 2048, 2048]",265.0
1210,9087,63,14,2023-05-26T12:02:19.767000+00:00,19.706,41.421,28.099,200.0,83.0,False,89.226,"[2049, 2048, 2048, 2049, 2049, 2049]","[2048, 2048, 2049, 2048, 2048, 2048, 2048, 2048, 2048, 2048]","[2048, 2048, 2048, 2048, 2048]",232.0
1210,9087,81,19,2023-05-26T12:02:25.360000+00:00,19.738,35.538,20.067,207.0,190.0,False,75.343,"[None, 2049, 2049, 2048, 2048, 2048]","[2048, 2048, 2048, 2048, 2049, 2049, 2049, 2048, 2048, 2048]","[2048, 2048, 2048, 2048, 2048]",279.0
1210,9087,20,16,2023-05-26T12:02:35.626000+00:00,27.366,38.252,25.32,183.0,177.0,True,90.938,"[2064, 2048, 2048, 2048, 2048, 2048]","[2048, 2048, 2048, 2048, 2048, 2048, 2048, 2048, 2048, 2048]","[2048, 2048, 2048, 2048, 2048]",261.0
1210,9087,1,16,2023-05-26T12:02:36.485000+00:00,26.567,53.5,30.789,118.0,116.0,False,110.856,"[None, 2048, 2048, 2048, 2048, 2048]","[2048, 2048, 2048, 2048, 2048, 2048, 2048, 2048, 2048, 2048]","[2048, 2048, 2048, 2048, 2048]",186.0
1210,9087,14,16,2023-05-26T12:02:52.391000+00:00,19.473,41.148,26.083,214.0,122.0,False,86.704,"[None, 2048, 2048, 2049, 2048, 2048]","[2048, 2048, 2048, 2048, 2048, 2048, 2048, 2048, 2048, 2048]","[2048, 2048, 2048, 2048]",263.0
1210,9087,44,16,2023-05-26T12:03:08.204000+00:00,32.494,57.507,27.673,104.0,126.0,False,117.674,"[None, 2048, 2048, 2048, 2048, 2048]","[2048, 2048, 2048, 2048, 2048, 2048, 2048, 2048, 2048, 2048]","[2048, 2048, 2048, 2048]",144.0
1210,9087,77,18,2023-05-26T12:03:12.703000+00:00,28.956,42.916,27.396,113.0,172.0,False,99.268,"[2048, 2048, 2048, 2048, 2048, 2048]","[2048, 2048, 2048, 2048, 2048, 2048, 2048, 2048, 2048, 2048]","[2048, 2048, 2048, 2048]",249.0
1210,9087,4,17,2023-05-26T12:03:16.282000+00:00,20.978,44.463,26.373,208.0,115.0,False,91.814,"[None, 2048, 2048, 2048, 2048, 2048]","[2048, 2048, 2048, 2048, 2048, 2048, 2048, 2048, 2048, 2048]","[2048, 2048, 2048, 2048, 2048]",259.0
1210,9087,27,16,2023-05-26T12:03:20.157000+00:00,19.749,38.909,22.072,202.0,138.0,False,80.73,"[None, 2048, 2048, 2049, 2048, 2048]","[2048, 2048, 2049, 2048, 2048, 2048, 2048, 2048, 2048, 2048]","[2048, 2048, 2048, 2048, 2048]",276.0
1210,9087,18,18,2023-05-26T12:03:21.016000+00:00,36.974,67.465,30.654,52.0,148.0,False,135.093,"[None, 2048, 2048, 2048, 2048, 2048]","[2048, 2048, 2048, 2048, 2048, 2048, 2048, 2048, 2048, 2048]","[2048, 2048, 2048, 2048, 2048]",157.0
1210,9087,24,14,2023-05-26T12:03:37.797000+00:00,28.539,46.36,26.824,162.0,153.0,True,101.723,"[2064, 2048, 2048, 2048, 2048, 2048]","[2048, 2048, 2048, 2048, 2048, 2048, 2048, 2048, 2048, 2048]","[2048, 2048, 2048, 2048, 2048]",238.0
1210,9087,23,23,2023-05-26T12:03:39.969000+00:00,19.451,35.323,19.892,207.0,195.0,False,74.666,"[2048, 2051, 2048, 2049, 2048, 2048]","[2048, 2048, 2049, 2048, 2048, 2048, 2049, 2048, 2048, 2049]","[2051, 2048, 2048, 2048, 2048]",279.0
1210,9087,81,20,2023-05-26T12:03:40.703000+00:00,23.166,51.112,32.603,157.0,120.0,False,106.881,"[None, 2048, 2048, 2048, 2048, 2048]","[2048, 2048, 2048, 2048, 2048, 2048, 2048, 2048, 2048, 2048]","[2048, 2048, 2048, 2048, 2048]",191.0
1210,9087,63,15,2023-05-26T12:03:48.984000+00:00,19.855,42.164,24.563,211.0,129.0,False,86.582,"[2048, 2048, 2048, 2048, 2048, 2049]","[2048, 2048, 2048, 2048, 2048, 2048, 2048, 2048, 2048, 2048]","[2048, 2048, 2048, 2048, 2048]",209.0
1210,9087,21,21,2023-05-26T12:03:53.656000+00:00,19.833,35.533,19.956,210.0,195.0,False,75.322,"[2049, 2048, 2048, 2048, 2049, 2048]","[2048, 2049, 2049, 2048, 2049, 2049, 2049, 2049, 2048, 2049]","[2049, 2049, 2049, 2048, 2049]",279.0
1210,9087,22,19,2023-05-26T12:03:57.844000+00:00,21.859,37.108,28.697,184.0,185.0,False,87.664,"[2048, 2048, 2048, 2048, 2048, 2048]","[2048, 2049, 2048, 2048, 2048, 2048, 2048, 2048, 2048, 2048]","[2048, 2048, 2048, 2048, 2048]",265.0
1210,9087,20,17,2023-05-26T12:04:05.906000+00:00,19.793,35.698,20.163,211.0,187.0,False,75.654,"[2048, 2048, 2048, 2049, 2049, 2048]","[2048, 2049, 2049, 2049, 2049, 2048, 2048, 2048, 2048, 2048]","[2048, 2049, 2048, 2049, 2048]",277.0
1210,9087,14,17,2023-05-26T12:04:19.093000+00:00,19.598,34.813,19.688,215.0,196.0,False,74.099,"[2048, 2048, 2048, 2048, 2049, 2048]","[2048, 2049, 2048, 2051, 2049, 2048, 2048, 2049, 2051, 2049]","[2049, 2049, 2049, 2048]",277.0
1210,9087,2,17,2023-05-26T12:04:24+00:00,29.24,39.745,24.156,152.0,174.0,True,93.141,"[None, 2048, 2048, 2048, 2048, 2048]","[2048, 2048, 2048, 2048, 2048, 2048, 2048, 2048, 2048, 2048]","[2048, 2048, 2048, 2048, 0]",274.0
1210,9087,1,17,2023-05-26T12:04:27.312000+00:00,19.558,43.13,33.835,212.0,117.0,False,96.523,"[None, 2048, 2048, 2049, 2048, 2049]","[2048, 2051, 2048, 2049, 2049, 2048, 2049, 2048, 2048, 2048]","[2048, 2048, 2048, 2048, 2048]",278.0
1210,9087,27,17,2023-05-26T12:04:40.906000+00:00,19.682,58.204,,205.0,68.0,False,,"[None, 2048, 2048, 2048, 2049, 2048]","[2049, 2049, 2049, 2049, 2049, 2048, 2048, 2048, 2048, 2048]",[2048],276.0
1210,9087,4,18,2023-05-26T12:04:48.109000+00:00,19.63,37.66,,211.0,163.0,False,771.602,"[2048, 2048, 2048, 2048, 2048, 2048]","[2049, 2048, 2048, 2049, 2048, 2048, 2048, 2048, 2048, 2048]","[2048, 2048, 2048, 2064, 2064]",276.0
1210,9087,77,19,2023-05-26T12:04:51.984000+00:00,19.77,42.089,23.927,213.0,139.0,False,85.786,"[None, 2048, 2048, 2049, 2048, 2048]","[2049, 2049, 2049, 2049, 2049, 2048, 2048, 2048, 2048, 2048]","[2048, 2048, 2048, 2048, 2048]",260.0
1210,9087,23,24,2023-05-26T12:04:54.499000+00:00,28.19,49.198,39.466,103.0,170.0,False,116.854,"[None, 2048, 2048, 2048, 2048, 2048]","[2048, 2048, 2048, 2048, 2048, 2048, 2048, 2048, 2048, 2048]","[2048, 2048, 2048, 2048, 2048]",225.0
1210,9087,44,17,2023-05-26T12:05:05.890000+00:00,19.459,42.249,27.089,214.0,101.0,False,88.797,"[None, 2048, 2048, 2048, 2048, 2048]","[2048, 2049, 2048, 2049, 2048, 2048, 2048, 2048, 2048, 2048]","[2048, 2048, 2048, 2048, 2048]",276.0
1210,9087,21,22,2023-05-26T12:05:08.968000+00:00,27.946,47.931,25.44,141.0,167.0,False,101.317,"[2048, 2048, 2048, 2048, 2048, 2048]","[2048, 2048, 2048, 2048, 2048, 2048, 2048, 2048, 2048, 2048]","[2048, 2048, 2048, 2048]",244.0
1210,9087,63,16,2023-05-26T12:05:15.561000+00:00,19.702,35.342,27.97,206.0,192.0,False,83.014,"[None, 2049, 2048, 2049, 2048, 2049]","[2048, 2049, 2049, 2049, 2048, 2048, 2048, 2048, 2048, 2048]","[2048, 2048, 2048, 2048, 2048]",278.0
1210,9087,24,15,2023-05-26T12:05:18.905000+00:00,20.031,35.991,26.219,205.0,192.0,False,82.241,"[2048, 2048, 2048, 2049, 2049, 2049]","[2049, 2048, 2049, 2048, 2048, 2048, 2049, 2048, 2048, 2049]","[2049, 2048, 2048, 2048, 2048]",275.0
1210,9087,20,18,2023-05-26T12:05:21.561000+00:00,19.742,35.373,26.474,212.0,183.0,False,81.589,"[2049, 2048, 2048, 2048, 2048, 2049]","[2049, 2049, 2049, 2049, 2048, 2048, 2048, 2048, 2049, 2048]","[2048, 2048, 2048, 2048]",278.0
1210,9087,22,20,2023-05-26T12:05:25.530000+00:00,19.959,35.293,26.043,211.0,195.0,False,81.295,"[None, 2048, 2048, 2048, 2049, 2048]","[2048, 2049, 2048, 2049, 2049, 2049, 2049, 2049, 2048, 2048]","[2048, 2048, 2048, 2048]",279.0
1210,9087,81,21,2023-05-26T12:05:27.577000+00:00,19.742,35.626,24.381,210.0,193.0,False,79.749,"[None, 2048, 2049, 2049, 2048, 2049]","[2048, 2049, 2048, 2049, 2048, 2049, 2048, 2048, 2048, 2048]","[2049, 2048, 2048, 2048, 2048]",281.0
1210,9087,14,18,2023-05-26T12:05:33.124000+00:00,26.412,48.989,,144.0,159.0,False,379.843,"[None, 2048, 2048, 2048, 2048, 2048]","[2048, 2048, 2048, 2048, 2048, 2048, 2048, 2048, 2048, 2048]","[2048, 2048, 2048, 2064, 2064]",207.0
1210,9087,18,19,2023-05-26T12:05:36.092000+00:00,19.793,35.308,20.182,209.0,193.0,False,75.283,"[None, 2048, 2048, 2049, 2048, 2049]","[2048, 2049, 2048, 2049, 2048, 2048, 2049, 2049, 2049, 2048]","[2048, 2049, 2048, 2048]",277.0
1210,9087,2,18,2023-05-26T12:05:56.530000+00:00,19.983,35.665,,200.0,191.0,False,291.119,"[2048, 2048, 2048, 2048, 2048, 2048]","[2048, 2048, 2048, 2048, 2048, 2048, 2048, 2048, 2048, 2048]","[2048, 2048, 2048, 2064, 2064]",277.0
1210,9087,1,18,2023-05-26T12:06:03.811000+00:00,29.794,,,127.0,,False,484.596,"[None, 2048, 2048, 2048, 2048, 2048]","[2048, 2048, 2048, 2048, 2048, 2048, 2048, 2048, 2048, 2048]","[2048, 2048, 2048, 2064, 2064]",
1210,9087,77,20,2023-05-26T12:06:17.764000+00:00,19.618,,,212.0,,False,233.787,"[None, 2048, 2048, 2049, 2049, 2048]","[2048, 2048, 2048, 2048, 2048, 2048, 2048, 2049, 2048, 2048]","[2048, 2048, 2048, 2064, 2064]",273.0
1210,9087,44,18,2023-05-26T12:06:34.686000+00:00,19.405,,,216.0,,False,538.54,"[None, 2048, 2048, 2049, 2048, 2051]","[2049, 2048, 2048, 2048, 2048, 2048, 2048, 2048, 2048, 2048]","[2048, 2048, 2048, 2064, 2064]",
1210,9087,63,17,2023-05-26T12:06:38.576000+00:00,19.579,,,212.0,,False,340.467,"[2049, 2048, 2049, 2049, 2049, 2049]","[2048, 2048, 2048, 2048, 2048, 2048, 2048, 2048, 2048, 2048]","[2048, 2048, 2048, 2064, 2064]",
1210,9087,24,16,2023-05-26T12:06:41.139000+00:00,,,,,,False,266.323,"[None, 2048, 2048, 2048, 2048, 2048]","[2048, 2048, 2048, 2048, 2048, 2048, 2048, 2048, 2048, 2048]","[2048, 2048, 2048, 2064, 2064]",
1210,9087,20,19,2023-05-26T12:06:43.154000+00:00,21.802,,,159.0,,False,268.828,"[2048, 2048, 2048, 2048, 2048, 2048]","[2048, 2048, 2048, 2048, 2048, 2048, 2048, 2048, 2048, 2048]","[2048, 2048, 2048, 2064, 2064]",
1210,9087,22,21,2023-05-26T12:06:46.857000+00:00,,,,,,False,270.794,"[None, 2048, 2048, 2048, 2048, 2048]","[2048, 2048, 2048, 2048, 2048, 2048, 2048, 2048, 2048, 2048]","[2048, 2048, 2048, 2064, 2064]",
1210,9087,81,22,2023-05-26T12:06:47.326000+00:00,,,,,,False,393.611,"[None, 2048, 2048, 2048, 2048, 2048]","[2048, 2048, 2048, 2048, 2048, 2048, 2048, 2048, 2048, 2048]","[2048, 2048, 2048, 2064, 2064]",
1210,9087,21,23,2023-05-26T12:06:50.263000+00:00,,,,,,False,277.491,"[None, 2048, 2048, 2048, 2048, 2048]","[2048, 2048, 2048, 2048, 2048, 2048, 2048, 2048, 2048, 2048]","[2048, 2048, 2048, 2064, 2064]",
1210,9087,18,20,2023-05-26T12:06:51.310000+00:00,,,,,,False,494.718,"[None, 2048, 2048, 2048, 2048, 2048]","[2048, 2048, 2048, 2048, 2048, 2048, 2048, 2048, 2048, 2048]","[2048, 2048, 2048, 2064, 2064]",
1210,9087,23,25,2023-05-26T12:06:51.482000+00:00,,,,,,False,652.667,"[None, 2048, 2048, 2048, 2048, 2048]","[2048, 2048, 2048, 2048, 2048, 2048, 2048, 2048, 2048, 2048]","[2048, 2048, 2048, 2064, 2064]",
1210,9087,31,19,2023-05-26T12:10:05.308000+00:00,26.064,38.615,21.59,169.0,175.0,True,86.269,"[2064, 2048, 2048, 2048, 2048, 2048]","[2048, 2048, 2048, 2048, 2048, 2048, 2048, 2048, 2048, 2048]","[2048, 2048, 2048, 2048, 2048]",253.0
1210,9087,77,21,2023-05-26T12:10:12.121000+00:00,24.326,38.896,21.847,189.0,180.0,True,85.069,"[2064, 2048, 2048, 2048, 2048, 2048]","[2048, 2048, 2048, 2048, 2048, 2048, 2048, 2048, 2048, 2048]","[2048, 2048, 2048, 2048]",254.0
1210,9087,11,17,2023-05-26T12:10:16.183000+00:00,23.852,39.981,22.678,179.0,176.0,True,86.511,"[2064, 2048, 2048, 2048, 2048, 2048]","[2048, 2048, 2048, 2048, 2048, 2048, 2048, 2048, 2048, 2048]","[2048, 2048, 2048, 2048]",267.0
1210,9087,10,19,2023-05-26T12:10:20.636000+00:00,26.882,38.536,22.152,175.0,170.0,True,87.57,"[2064, 2048, 2048, 2048, 2048, 2048]","[2048, 2048, 2048, 2048, 2048, 2048, 2048, 2048, 2048, 2048]","[2048, 2048, 2048, 2048, 2048]",263.0
1210,9087,55,16,2023-05-26T12:10:36.589000+00:00,26.241,40.545,23.408,178.0,170.0,True,90.194,"[2064, 2048, 2048, 2048, 2048, 2048]","[2048, 2048, 2048, 2048, 2048, 2048, 2048, 2048, 2048, 2048]","[2048, 2048, 2048, 2048, 2048]",270.0
1210,9087,2,19,2023-05-26T12:10:48.245000+00:00,26.332,39.471,23.548,163.0,171.0,True,89.351,"[2064, 2048, 2048, 2048, 2048, 2048]","[2048, 2048, 2048, 2048, 2048, 2048, 2048, 2048, 2048, 2048]","[2048, 2048, 2048, 2048]",273.0
1210,9087,24,17,2023-05-26T12:11:08.073000+00:00,27.226,40.037,22.815,174.0,169.0,True,90.078,"[2064, 2048, 2048, 2048, 2048, 2048]","[2048, 2048, 2048, 2048, 2048, 2048, 2048, 2048, 2048, 2048]","[2048, 2048, 2048, 2048]",258.0
1210,9087,20,20,2023-05-26T12:11:12.635000+00:00,24.93,40.366,25.316,178.0,177.0,True,90.612,"[2064, 2048, 2048, 2048, 2048, 2048]","[2048, 2048, 2048, 2048, 2048, 2048, 2048, 2048, 2048, 2048]","[2048, 2048, 2048, 2048, 2048]",264.0
1210,9087,22,22,2023-05-26T12:11:18.135000+00:00,24.959,40.198,26.413,143.0,178.0,True,91.57,"[2064, 2048, 2048, 2048, 2048, 2048]","[2048, 2048, 2048, 2048, 2048, 2048, 2048, 2048, 2048, 2048]","[2048, 2048, 2048, 2048, 2048]",261.0
1210,9087,21,24,2023-05-26T12:11:28.323000+00:00,26.14,39.62,21.969,177.0,186.0,True,87.729,"[2064, 2048, 2048, 2048, 2048, 2048]","[2048, 2048, 2048, 2048, 2048, 2048, 2048, 2048, 2048, 2048]","[2048, 2048, 2048, 2048, 2048]",264.0
1210,9087,31,20,2023-05-26T12:11:30.963000+00:00,19.921,35.301,19.936,206.0,193.0,False,75.158,"[2048, 2048, 2048, 2049, 2048, 2048]","[2049, 2049, 2048, 2049, 2048, 2048, 2048, 2049, 2048, 2049]","[2049, 2049, 2049, 2049]",273.0
1210,9087,77,22,2023-05-26T12:11:36.620000+00:00,19.49,35.571,19.836,214.0,189.0,False,74.897,"[2049, 2049, 2049, 2048, 2048, 2048]","[2048, 2049, 2048, 2048, 2048, 2048, 2048, 2048, 2048, 2049]","[2049, 2049, 2048, 2048]",276.0
1210,9087,11,18,2023-05-26T12:11:42.182000+00:00,20.01,38.724,25.636,155.0,178.0,False,84.37,"[2051, 2048, 2048, 2051, 2048, 2048]","[2048, 2048, 2048, 2048, 2048, 2048, 2048, 2048, 2048, 2048]","[2048, 2048, 2048, 2048, 2048]",265.0
1210,9087,10,20,2023-05-26T12:11:47.291000+00:00,19.838,35.246,20.138,207.0,190.0,False,75.222,"[2049, 2049, 2049, 2049, 2049, 2048]","[2049, 2049, 2049, 2049, 2048, 2049, 2049, 2048, 2048, 2048]","[2048, 2048, 2049, 2048]",277.0
1210,9087,14,19,2023-05-26T12:11:53.666000+00:00,25.417,38.402,21.745,178.0,178.0,True,85.564,"[2064, 2048, 2048, 2048, 2048, 2048]","[2048, 2048, 2048, 2048, 2048, 2048, 2048, 2048, 2048, 2048]","[2048, 2048, 2048, 2048]",263.0
1210,9087,55,17,2023-05-26T12:12:06.135000+00:00,19.516,43.144,23.31,210.0,156.0,False,85.97,"[2048, 2048, 2048, 2049, 2048, 2048]","[2048, 2048, 2048, 2048, 2048, 2048, 2048, 2048, 2048, 2048]","[2048, 2048, 2048, 2048]",248.0
1210,9087,2,20,2023-05-26T12:12:17.010000+00:00,19.99,35.821,20.5,199.0,187.0,False,76.311,"[2048, 2048, 2048, 2048, 2048, 2048]","[2048, 2048, 2048, 2048, 2049, 2048, 2048, 2049, 2049, 2048]","[2048, 2048, 2048, 2048]",277.0
1210,9087,63,18,2023-05-26T12:12:19.650000+00:00,25.527,38.502,21.317,183.0,176.0,True,85.346,"[2064, 2048, 2048, 2048, 2048, 2048]","[2048, 2048, 2048, 2048, 2048, 2048, 2048, 2048, 2048, 2048]","[2048, 2048, 2048, 2048]",270.0
1210,9087,24,18,2023-05-26T12:12:37.541000+00:00,19.972,35.815,20.071,208.0,194.0,False,75.858,"[2048, 2049, 2048, 2049, 2049, 2048]","[2048, 2048, 2048, 2049, 2048, 2048, 2048, 2049, 2049, 2049]","[2049, 2049, 2049, 2049]",274.0
1210,9087,20,21,2023-05-26T12:12:42.619000+00:00,19.774,35.242,19.987,209.0,192.0,False,75.003,"[2048, 2049, 2048, 2048, 2049, 2048]","[2048, 2049, 2048, 2049, 2048, 2048, 2048, 2049, 2048, 2048]","[2049, 2049, 2049, 2048]",275.0
1210,9087,31,21,2023-05-26T12:12:46.025000+00:00,29.701,43.477,27.774,76.0,157.0,False,100.952,"[None, 2048, 2048, 2048, 2048, 2048]","[2048, 2048, 2048, 2048, 2048, 2048, 2048, 2048, 2048, 2048]","[2048, 2048, 2048, 2048, 2048]",214.0
1210,9087,22,23,2023-05-26T12:12:49.166000+00:00,22.071,42.064,23.196,166.0,174.0,False,87.331,"[2048, 2048, 2048, 2048, 2048, 2048]","[2048, 2048, 2048, 2048, 2048, 2048, 2048, 2048, 2048, 2048]","[2048, 2048, 2048, 2048, 2048]",265.0
1210,9087,77,23,2023-05-26T12:12:51.431000+00:00,27.143,47.376,24.119,172.0,170.0,False,98.638,"[2048, 2048, 2048, 2048, 2048, 2048]","[2048, 2048, 2048, 2048, 2048, 2048, 2048, 2048, 2048, 2048]","[2048, 2048, 2048, 2048]",245.0
1210,9087,21,25,2023-05-26T12:12:55.556000+00:00,19.746,36.044,19.98,212.0,192.0,False,75.77,"[2049, 2048, 2048, 2048, 2049, 2048]","[2048, 2048, 2048, 2048, 2048, 2048, 2048, 2048, 2048, 2048]","[2048, 2048, 2049, 2048, 2048]",276.0
1210,9087,10,21,2023-05-26T12:13:02.447000+00:00,23.872,42.126,25.983,118.0,143.0,False,91.981,"[2048, 2048, 2048, 2048, 2048, 2048]","[2048, 2048, 2048, 2048, 2048, 2048, 2048, 2048, 2048, 2048]","[2048, 2048, 2048, 2048]",256.0
1210,9087,11,19,2023-05-26T12:13:06.540000+00:00,19.445,35.157,19.625,208.0,194.0,False,74.227,"[2048, 2049, 2049, 2048, 2048, 2048]","[2048, 2049, 2048, 2049, 2049, 2048, 2049, 2048, 2048, 2048]","[2049, 2049, 2049, 2049, 2048]",279.0
1210,9087,16,16,2023-05-26T12:13:13.494000+00:00,29.451,40.81,21.647,167.0,177.0,True,91.908,"[2064, 2048, 2048, 2048, 2048, 2048]","[2048, 2048, 2048, 2048, 2048, 2048, 2048, 2048, 2048, 2048]","[2048, 2048, 2048, 2048, 2048]",269.0
1210,9087,14,20,2023-05-26T12:13:18.618000+00:00,19.429,34.76,19.718,216.0,197.0,False,73.907,"[2048, 2049, 2048, 2048, 2049, 2049]","[2049, 2048, 2048, 2048, 2049, 2048, 2048, 2048, 2048, 2049]","[2051, 2048, 2048, 2049]",277.0
1210,9087,81,23,2023-05-26T12:13:21.556000+00:00,25.511,37.865,26.093,181.0,177.0,True,89.469,"[2064, 2048, 2048, 2048, 2048, 2048]","[2048, 2048, 2048, 2048, 2048, 2048, 2048, 2048, 2048, 2048]","[2048, 2048, 2048, 2048, 2048]",275.0
1210,9087,55,18,2023-05-26T12:13:32.118000+00:00,19.51,34.99,19.757,211.0,189.0,False,74.257,"[None, 2048, 2048, 2048, 2048, 2048]","[2048, 2049, 2049, 2049, 2051, 2051, 2051, 2048, 2048, 2048]","[2048, 2048, 2048, 2048, 2048]",281.0
1210,9087,2,21,2023-05-26T12:13:33.243000+00:00,30.41,44.75,24.707,56.0,143.0,False,99.867,"[None, 2048, 2048, 2048, 2048, 2048]","[2048, 2048, 2048, 2048, 2048, 2048, 2048, 2048, 2048, 2048]","[2048, 2048, 2048, 2048]",263.0
1210,9087,63,19,2023-05-26T12:13:44.399000+00:00,19.725,35.383,19.958,213.0,192.0,False,75.066,"[2048, 2048, 2048, 2049, 2048, 2048]","[2048, 2049, 2048, 2048, 2048, 2048, 2048, 2048, 2048, 2048]","[2049, 2049, 2049, 2049, 2048]",276.0
1210,9087,24,19,2023-05-26T12:13:53.321000+00:00,24.84,45.283,25.921,156.0,138.0,False,96.044,"[None, 2048, 2048, 2048, 2048, 2048]","[2048, 2048, 2048, 2048, 2048, 2048, 2048, 2048, 2048, 2048]","[2048, 2048, 2048, 2048, 2048]",245.0
1210,9087,20,22,2023-05-26T12:13:57.509000+00:00,22.012,50.162,25.346,156.0,114.0,False,97.52,"[2049, 2049, 2048, 2048, 2048, 2048]","[2048, 2048, 2048, 2048, 2048, 2048, 2048, 2048, 2048, 2048]","[2048, 2048, 2048, 2048, 2048]",159.0
1210,9087,1,19,2023-05-26T12:14:08.993000+00:00,26.766,41.517,24.099,119.0,174.0,True,92.382,"[2064, 2048, 2048, 2048, 2048, 2048]","[2048, 2048, 2048, 2048, 2048, 2048, 2048, 2048, 2048, 2048]","[2048, 2048, 2048, 2048, 2048]",269.0
1210,9087,21,26,2023-05-26T12:14:11.290000+00:00,26.356,45.784,28.417,123.0,167.0,False,100.557,"[2048, 2048, 2048, 2048, 2048, 2048]","[2048, 2048, 2048, 2048, 2048, 2048, 2048, 2048, 2048, 2048]","[2048, 2048, 2048, 2048, 2048]",250.0
1210,9087,22,24,2023-05-26T12:14:16.493000+00:00,20.723,41.292,29.714,152.0,158.0,False,91.729,"[None, 2048, 2048, 2049, 2048, 2048]","[2048, 2048, 2048, 2048, 2048, 2048, 2048, 2048, 2048, 2048]","[2048, 2048, 2048, 2048]",253.0
1210,9087,11,20,2023-05-26T12:14:20.790000+00:00,24.508,51.336,43.548,94.0,156.0,False,119.392,"[None, 2048, 2048, 2048, 2048, 2048]","[2048, 2048, 2048, 2048, 2048, 2048, 2048, 2048, 2048, 2048]","[2048, 2048, 2048, 2064, 2064]",249.0
1210,9087,31,22,2023-05-26T12:14:27.071000+00:00,19.817,35.262,23.523,203.0,193.0,False,78.602,"[2049, 2048, 2048, 2048, 2049, 2048]","[2048, 2049, 2048, 2048, 2048, 2048, 2049, 2048, 2048, 2048]","[2048, 2048, 2048, 2048, 2048]",274.0
1210,9087,77,24,2023-05-26T12:14:30.133000+00:00,19.532,38.392,27.93,214.0,171.0,False,85.854,"[None, 2048, 2049, 2048, 2048, 2049]","[2048, 2048, 2048, 2048, 2048, 2048, 2048, 2048, 2048, 2048]","[2048, 2048, 2048, 2048, 2048]",254.0
1210,9087,14,21,2023-05-26T12:14:32.477000+00:00,24.19,40.744,30.268,181.0,163.0,False,95.202,"[None, 2048, 2048, 2048, 2048, 2048]","[2048, 2048, 2048, 2048, 2048, 2048, 2048, 2048, 2048, 2048]","[2048, 2048, 2048, 2048, 2048]",264.0
1210,9087,10,22,2023-05-26T12:14:34.539000+00:00,19.85,40.939,24.062,209.0,163.0,False,84.851,"[None, 2049, 2049, 2049, 2048, 2049]","[2048, 2048, 2048, 2048, 2048, 2048, 2048, 2048, 2048, 2048]","[2048, 2048, 2048, 2048, 2048]",230.0
1210,9087,16,17,2023-05-26T12:14:44.789000+00:00,19.683,35.385,23.095,211.0,181.0,False,78.163,"[2048, 2048, 2049, 2048, 2048, 2048]","[2048, 2049, 2048, 2048, 2048, 2049, 2048, 2048, 2048, 2048]","[2048, 2048, 2048, 2048, 2048]",280.0
1210,9087,55,19,2023-05-26T12:14:46.367000+00:00,32.621,57.351,25.528,72.0,144.0,False,115.5,"[None, 2048, 2048, 2048, 2048, 2048]","[2048, 2048, 2048, 2048, 2048, 2048, 2048, 2048, 2048, 2048]","[2048, 2048, 2048, 2048]",146.0
1210,9087,81,24,2023-05-26T12:14:50.430000+00:00,19.88,37.675,20.864,209.0,186.0,False,78.419,"[2048, 2048, 2048, 2048, 2048, 2048]","[2049, 2048, 2048, 2048, 2048, 2048, 2048, 2048, 2048, 2048]","[2048, 2048, 2048, 2048, 2048]",277.0
1210,9087,63,20,2023-05-26T12:14:59.383000+00:00,19.665,36.089,,209.0,157.0,False,401.08,"[None, 2048, 2048, 2048, 2048, 2048]","[2048, 2048, 2048, 2048, 2048, 2048, 2049, 2048, 2048, 2048]","[2048, 2048, 2048, 2064, 2064]",277.0
1210,9087,18,21,2023-05-26T12:15:06.711000+00:00,24.927,45.464,31.851,161.0,166.0,True,102.242,"[2064, 2048, 2048, 2048, 2048, 2048]","[2048, 2048, 2048, 2048, 2048, 2048, 2048, 2048, 2048, 2048]","[2048, 2048, 2048, 2048, 2048]",253.0
1210,9087,2,22,2023-05-26T12:15:13.195000+00:00,19.761,47.279,31.951,200.0,98.0,False,98.991,"[None, 2049, 2049, 2049, 2048, 2049]","[2048, 2048, 2049, 2048, 2048, 2048, 2048, 2048, 2048, 2048]","[2048, 2048, 2048, 2048]",233.0
1210,9087,24,20,2023-05-26T12:15:29.461000+00:00,19.937,35.577,20.231,212.0,195.0,False,75.745,"[2049, 2049, 2048, 2049, 2048, 2049]","[2048, 2049, 2048, 2049, 2048, 2048, 2048, 2049, 2049, 2049]","[2049, 2048, 2048, 2048]",274.0
1210,9087,44,19,2023-05-26T12:15:33.820000+00:00,24.976,38.256,25.414,173.0,143.0,True,88.646,"[2064, 2048, 2048, 2048, 2048, 2048]","[2048, 2048, 2048, 2048, 2048, 2048, 2051, 2049, 2048, 2048]","[2048, 2048, 2048, 2048, 2048]",270.0
1210,9087,20,23,2023-05-26T12:15:35.133000+00:00,19.651,35.198,19.876,211.0,191.0,False,74.725,"[2048, 2049, 2048, 2049, 2048, 2049]","[2048, 2049, 2048, 2048, 2048, 2048, 2048, 2049, 2049, 2048]","[2049, 2049, 2049, 2049]",276.0
1210,9087,1,20,2023-05-26T12:15:40.836000+00:00,19.62,35.685,22.941,210.0,151.0,False,78.246,"[2048, 2048, 2048, 2049, 2048, 2048]","[2048, 2048, 2048, 2048, 2048, 2049, 2049, 2051, 2048, 2048]","[2048, 2048, 2048, 2048, 2048]",281.0
1210,9087,31,23,2023-05-26T12:15:45.648000+00:00,27.475,51.873,32.367,99.0,69.0,False,111.715,"[2048, 2048, 2048, 2048, 2048, 2048]","[2048, 2048, 2048, 2048, 2048, 2048, 2048, 2048, 2048, 2048]","[2048, 2048, 2048, 2048, 2048]",206.0
1210,9087,22,25,2023-05-26T12:15:48.226000+00:00,19.807,35.128,19.885,214.0,194.0,False,74.82,"[None, 2048, 2048, 2048, 2048, 2048]","[2048, 2049, 2049, 2049, 2049, 2048, 2048, 2048, 2048, 2048]","[2048, 2049, 2049, 2048]",277.0
1210,9087,21,27,2023-05-26T12:15:51.851000+00:00,20.163,35.69,20.053,204.0,193.0,False,75.906,"[None, 2048, 2048, 2048, 2048, 2048]","[2048, 2049, 2048, 2048, 2048, 2048, 2049, 2048, 2048, 2048]","[2048, 2049, 2048, 2048, 2048]",277.0
1210,9087,77,25,2023-05-26T12:15:56.007000+00:00,19.563,35.466,19.834,216.0,194.0,False,74.863,"[None, 2048, 2048, 2048, 2048, 2049]","[2048, 2048, 2049, 2048, 2048, 2049, 2049, 2048, 2048, 2049]","[2049, 2048, 2048, 2048, 2048]",278.0
1210,9087,10,23,2023-05-26T12:15:59.367000+00:00,19.854,38.718,26.642,,105.0,False,85.214,"[None, 2048, 2048, 2048, 2048, 2049]","[2049, 2048, 2048, 2048, 2048, 2048, 2049, 2048, 2048, 2048]","[2048, 2048, 2048, 2048, 2048]",276.0
1210,9087,16,18,2023-05-26T12:16:02.929000+00:00,19.564,35.18,19.826,207.0,187.0,False,74.57,"[2051, 2049, 2049, 2048, 2048, 2048]","[2048, 2051, 2049, 2049, 2049, 2051, 2048, 2048, 2048, 2048]","[2048, 2048, 2049, 2048, 2049]",283.0
1210,9087,14,22,2023-05-26T12:16:07.710000+00:00,19.361,34.693,19.694,217.0,196.0,False,73.748,"[None, 2048, 2048, 2048, 2048, 2049]","[2048, 2049, 2048, 2048, 2049, 2048, 2048, 2049, 2048, 2048]","[2048, 2048, 2048, 2051]",279.0
1210,9087,81,25,2023-05-26T12:16:08.835000+00:00,19.962,36.189,20.424,206.0,190.0,False,76.575,"[None, 2048, 2048, 2048, 2048, 2048]","[2048, 2048, 2048, 2048, 2048, 2048, 2048, 2048, 2048, 2048]","[2048, 2048, 2048, 2048]",279.0
1210,9087,11,21,2023-05-26T12:16:20.710000+00:00,26.006,43.01,23.069,148.0,166.0,True,92.085,"[2064, 2048, 2048, 2048, 2048, 2048]","[2048, 2048, 2048, 2048, 2048, 2048, 2048, 2048, 2048, 2048]","[2048, 2048, 2048, 2048]",243.0
1210,9087,55,20,2023-05-26T12:16:41.882000+00:00,19.387,34.729,19.574,211.0,196.0,False,73.69,"[None, 2048, 2048, 2048, 2049, 2049]","[2048, 2049, 2049, 2049, 2048, 2048, 2048, 2048, 2049, 2049]","[2049, 2051, 2051, 2048, 2048]",278.0
1210,9087,24,21,2023-05-26T12:16:45.100000+00:00,28.528,49.762,26.176,105.0,115.0,False,104.466,"[2048, 2048, 2048, 2048, 2048, 2048]","[2048, 2048, 2048, 2048, 2048, 2048, 2048, 2048, 2048, 2048]","[2048, 2048, 2048, 2048]",246.0
1210,9087,18,22,2023-05-26T12:16:48.366000+00:00,19.989,35.418,20.08,210.0,192.0,False,75.487,"[2048, 2048, 2048, 2048, 2048, 2049]","[2048, 2048, 2049, 2049, 2048, 2048, 2048, 2049, 2048, 2048]","[2048, 2048, 2048, 2049, 2048]",272.0
1210,9087,20,24,2023-05-26T12:16:49.757000+00:00,42.384,54.342,29.734,125.0,170.0,False,126.46,"[None, 2048, 2048, 2048, 2048, 2048]","[2048, 2048, 2048, 2048, 2048, 2048, 2048, 2048, 2048, 2048]","[2048, 2048, 2048, 2048, 2048]",165.0
1210,9087,2,23,2023-05-26T12:16:52.179000+00:00,19.867,35.538,20.152,201.0,192.0,False,75.557,"[None, 2048, 2048, 2048, 2048, 2048]","[2049, 2048, 2048, 2048, 2049, 2049, 2048, 2048, 2049, 2049]","[2049, 2049, 2049, 2049]",280.0
1210,9087,1,21,2023-05-26T12:16:59.053000+00:00,24.566,48.874,23.594,127.0,146.0,False,97.034,"[None, 2048, 2048, 2048, 2048, 2048]","[2048, 2048, 2048, 2048, 2048, 2048, 2048, 2048, 2048, 2048]","[2048, 2048, 2048, 2048, 2048]",212.0
1210,9087,44,20,2023-05-26T12:17:01.866000+00:00,21.462,36.156,20.5,196.0,191.0,False,78.118,"[2048, 2048, 2048, 2048, 2048, 2048]","[2048, 2049, 2048, 2048, 2048, 2048, 2048, 2048, 2048, 2048]","[2048, 2048, 2048, 2048]",273.0
1210,9087,22,26,2023-05-26T12:17:02.960000+00:00,27.694,44.128,26.924,141.0,151.0,False,98.746,"[None, 2048, 2048, 2048, 2048, 2048]","[2048, 2048, 2048, 2048, 2048, 2048, 2048, 2048, 2048, 2048]","[2048, 2048, 2048, 2048, 2048]",249.0
1210,9087,21,28,2023-05-26T12:17:07.772000+00:00,27.096,53.424,31.448,138.0,155.0,False,111.968,"[None, 2048, 2048, 2048, 2048, 2048]","[2048, 2048, 2048, 2048, 2048, 2048, 2048, 2048, 2048, 2048]","[2048, 2048, 2048, 2048, 2048]",63.0
1210,9087,77,26,2023-05-26T12:17:11.178000+00:00,25.845,52.274,34.943,66.0,160.0,False,113.062,"[None, 2048, 2048, 2048, 2048, 2048]","[2048, 2048, 2048, 2048, 2048, 2048, 2048, 2048, 2048, 2048]","[2048, 2048, 2048, 2048, 2048]",240.0
1210,9087,16,19,2023-05-26T12:17:17.491000+00:00,19.391,47.919,26.358,213.0,128.0,False,93.668,"[2049, 2048, 2048, 2049, 2048, 2049]","[2048, 2048, 2048, 2048, 2048, 2048, 2048, 2048, 2048, 2048]","[2048, 2048, 2048, 2048, 2048]",194.0
1210,9087,14,23,2023-05-26T12:17:21.381000+00:00,27.512,50.354,31.485,160.0,165.0,False,109.351,"[None, 2048, 2048, 2048, 2048, 2048]","[2048, 2048, 2048, 2048, 2048, 2048, 2048, 2048, 2048, 2048]","[2048, 2048, 2048, 2048, 2048]",180.0
1210,9087,10,24,2023-05-26T12:17:24.569000+00:00,19.843,35.448,19.941,211.0,190.0,False,75.232,"[None, 2048, 2048, 2048, 2049, 2048]","[2049, 2048, 2049, 2048, 2048, 2048, 2048, 2048, 2048, 2048]","[2048, 2049, 2048, 2049, 2049]",275.0
1210,9087,81,26,2023-05-26T12:17:25.397000+00:00,20.044,36.609,20.279,199.0,191.0,False,76.932,"[None, 2048, 2048, 2048, 2048, 2048]","[2048, 2048, 2048, 2048, 2048, 2048, 2048, 2048, 2048, 2048]","[2048, 2048, 2048, 2048, 2048]",279.0
1210,9087,31,24,2023-05-26T12:17:37.381000+00:00,19.758,35.254,20.138,210.0,191.0,False,75.15,"[None, 2048, 2048, 2049, 2049, 2049]","[2048, 2048, 2048, 2048, 2049, 2048, 2048, 2049, 2049, 2048]","[2048, 2048, 2048, 2048]",275.0
1210,9087,4,19,2023-05-26T12:17:40.303000+00:00,24.443,37.397,42.801,187.0,186.0,True,104.641,"[2064, 2048, 2048, 2048, 2048, 2048]","[2048, 2048, 2048, 2048, 2048, 2048, 2048, 2048, 2048, 2048]","[2048, 2048, 2048, 2064, 2064]",274.0
1210,9087,23,26,2023-05-26T12:17:44.740000+00:00,32.362,46.015,28.678,111.0,146.0,True,107.055,"[2064, 2048, 2048, 2048, 2048, 2048]","[2048, 2048, 2048, 2048, 2048, 2048, 2048, 2048, 2048, 2048]","[2048, 2048, 2048, 2048, 2048]",226.0
1210,9087,11,22,2023-05-26T12:17:52.303000+00:00,19.324,34.925,19.789,210.0,197.0,False,74.038,"[2049, 2049, 2048, 2051, 2049, 2048]","[2049, 2049, 2049, 2048, 2049, 2049, 2048, 2048, 2048, 2051]","[2049, 2048, 2048, 2048]",279.0
1210,9087,55,21,2023-05-26T12:17:55.803000+00:00,21.16,44.872,26.297,145.0,135.0,False,92.329,"[2051, 2049, 2051, 2048, 2048, 2048]","[2048, 2048, 2048, 2048, 2048, 2048, 2048, 2048, 2048, 2048]","[2048, 2048, 2048, 2048, 2048]",224.0
1210,9087,18,23,2023-05-26T12:18:03.834000+00:00,24.303,41.15,25.992,151.0,176.0,False,91.445,"[None, 2048, 2048, 2048, 2048, 2048]","[2048, 2048, 2048, 2048, 2048, 2048, 2048, 2048, 2048, 2048]","[2048, 2048, 2048, 2048, 2048]",260.0
1210,9087,2,24,2023-05-26T12:18:07.693000+00:00,25.199,45.719,24.307,126.0,128.0,False,95.225,"[None, 2048, 2048, 2048, 2048, 2048]","[2048, 2048, 2048, 2048, 2048, 2048, 2048, 2048, 2048, 2048]","[2048, 2048, 2048, 2048, 2048]",253.0
1210,9087,44,21,2023-05-26T12:18:19.974000+00:00,20.126,36.011,20.373,202.0,190.0,False,76.51,"[None, 2048, 2048, 2048, 2048, 2048]","[2048, 2048, 2048, 2048, 2048, 2048, 2048, 2048, 2048, 2048]","[2048, 2048, 2048, 2048, 2048]",273.0
1210,9087,24,22,2023-05-26T12:18:29.677000+00:00,19.786,35.709,20.189,211.0,194.0,False,75.684,"[2049, 2049, 2048, 2049, 2049, 2048]","[2049, 2048, 2048, 2048, 2048, 2048, 2048, 2049, 2048, 2048]","[2049, 2049, 2048, 2048, 2048]",275.0
1210,9087,1,22,2023-05-26T12:18:36.099000+00:00,19.511,34.928,31.515,212.0,193.0,False,85.954,"[None, 2049, 2048, 2048, 2048, 2048]","[2048, 2048, 2051, 2049, 2048, 2048, 2048, 2048, 2048, 2049]","[2049, 2048, 2048, 2048, 2048]",278.0
1210,9087,10,25,2023-05-26T12:18:39.880000+00:00,19.635,35.187,20.044,208.0,195.0,False,74.866,"[2049, 2049, 2048, 2048, 2049, 2049]","[2048, 2049, 2048, 2048, 2048, 2048, 2048, 2048, 2048, 2049]","[2049, 2048, 2048, 2048]",275.0
1210,9087,22,27,2023-05-26T12:18:41.802000+00:00,22.128,41.962,25.388,107.0,97.0,False,89.478,"[None, 2049, 2048, 2048, 2048, 2048]","[2048, 2048, 2048, 2048, 2048, 2048, 2048, 2048, 2048, 2048]","[2048, 2048, 2048, 2048, 2048]",267.0
1210,9087,81,27,2023-05-26T12:18:42.349000+00:00,20.7,36.414,37.67,195.0,191.0,False,94.784,"[None, 2048, 2048, 2048, 2048, 2048]","[2048, 2048, 2048, 2048, 2048, 2048, 2048, 2048, 2048, 2048]","[2048, 2048, 2048, 2064, 2064]",277.0
1210,9087,16,20,2023-05-26T12:18:51.193000+00:00,19.455,34.996,19.642,211.0,192.0,False,74.093,"[2048, 2048, 2048, 2048, 2048, 2048]","[2049, 2048, 2048, 2049, 2048, 2048, 2048, 2048, 2048, 2048]","[2049, 2049, 2048, 2049, 2048]",281.0
1210,9087,31,25,2023-05-26T12:18:52.458000+00:00,32.144,48.956,33.242,75.0,111.0,False,114.342,"[None, 2048, 2048, 2048, 2048, 2048]","[2048, 2048, 2048, 2048, 2048, 2048, 2048, 2048, 2048, 2048]","[2048, 2048, 2048, 2048, 2048]",184.0
1210,9087,20,25,2023-05-26T12:18:56.302000+00:00,23.867,47.206,21.468,81.0,177.0,False,92.541,"[None, 2048, 2048, 2048, 2048, 2048]","[2048, 2048, 2048, 2048, 2048, 2048, 2048, 2048, 2048, 2048]","[2048, 2048, 2048, 2048, 2048]",206.0
1210,9087,21,29,2023-05-26T12:18:59.755000+00:00,19.932,35.556,19.92,212.0,195.0,False,75.408,"[None, 2048, 2048, 2048, 2048, 2048]","[2048, 2048, 2048, 2048, 2048, 2048, 2048, 2049, 2048, 2049]","[2049, 2049, 2048, 2048, 2048]",277.0
1210,9087,77,27,2023-05-26T12:19:03.927000+00:00,19.566,35.397,19.755,215.0,192.0,False,74.718,"[None, 2048, 2048, 2048, 2048, 2048]","[2048, 2048, 2049, 2048, 2048, 2048, 2048, 2048, 2048, 2049]","[2049, 2049, 2048, 2048, 2049]",278.0
1210,9087,11,23,2023-05-26T12:19:06.302000+00:00,26.258,48.543,37.8,108.0,121.0,False,112.601,"[2048, 2048, 2048, 2048, 2048, 2048]","[2048, 2048, 2048, 2048, 2048, 2048, 2048, 2048, 2048, 2048]","[2048, 2048, 2048, 2048]",189.0
1210,9087,14,24,2023-05-26T12:19:10.833000+00:00,21.371,40.909,26.139,133.0,125.0,False,88.419,"[None, 2051, 2049, 2048, 2048, 2048]","[2048, 2048, 2048, 2048, 2048, 2048, 2048, 2048, 2048, 2048]","[2048, 2048, 2048, 2048, 2049]",264.0
1210,9087,4,20,2023-05-26T12:19:24.864000+00:00,24.901,36.583,25.165,197.0,187.0,True,86.649,"[None, 2048, 2048, 2048, 2048, 2048]","[2048, 2048, 2048, 2048, 2048, 2048, 2048, 2048, 2048, 2048]","[2048, 2048, 2048, 2048]",274.0
1210,9087,55,22,2023-05-26T12:19:27.927000+00:00,19.314,34.971,29.33,213.0,198.0,False,83.615,"[2048, 2048, 2048, 2049, 2048, 2049]","[2048, 2048, 2048, 2048, 2048, 2048, 2048, 2048, 2048, 2049]","[2048, 2048, 2048, 2048, 2048]",280.0
1210,9087,23,27,2023-05-26T12:19:31.161000+00:00,20.472,36.683,23.523,194.0,183.0,False,80.678,"[2048, 2048, 2048, 2048, 2048, 2048]","[2048, 2048, 2048, 2048, 2048, 2048, 2048, 2048, 2048, 2048]","[2048, 2048, 2048, 2048]",277.0
1210,9087,18,24,2023-05-26T12:19:35.270000+00:00,19.645,35.351,28.664,212.0,195.0,False,83.66,"[None, 2048, 2048, 2048, 2049, 2049]","[2049, 2048, 2048, 2048, 2048, 2048, 2048, 2048, 2048, 2049]","[2049, 2048, 2048, 2048, 2048]",276.0
1210,9087,44,22,2023-05-26T12:19:36.505000+00:00,20.269,36.398,20.799,204.0,190.0,False,77.466,"[None, 2048, 2048, 2048, 2048, 2048]","[2048, 2048, 2048, 2048, 2048, 2048, 2048, 2048, 2048, 2048]","[2048, 2048, 2048, 2048]",275.0
1210,9087,2,25,2023-05-26T12:19:43.005000+00:00,19.76,35.768,20.853,204.0,189.0,False,76.381,"[2049, 2048, 2048, 2048, 2048, 2049]","[2048, 2048, 2048, 2048, 2048, 2048, 2048, 2048, 2048, 2048]","[2048, 2048, 2048, 2048, 2048]",280.0
1210,9087,24,23,2023-05-26T12:19:45.270000+00:00,31.671,44.687,24.666,42.0,157.0,False,101.024,"[2048, 2048, 2048, 2048, 2048, 2048]","[2048, 2048, 2048, 2048, 2048, 2048, 2048, 2048, 2048, 2048]","[2048, 2048, 2048, 2048]",249.0
1210,9087,10,26,2023-05-26T12:19:54.708000+00:00,25.542,51.361,31.109,139.0,121.0,False,108.012,"[2048, 2048, 2048, 2048, 2048, 2048]","[2048, 2048, 2048, 2048, 2048, 2048, 2048, 2048, 2048, 2048]","[2048, 2048, 2048, 2048]",204.0
1210,9087,1,23,2023-05-26T12:20:02.036000+00:00,29.246,48.007,28.58,133.0,170.0,False,105.833,"[None, 2048, 2048, 2048, 2048, 2048]","[2048, 2048, 2048, 2048, 2048, 2048, 2048, 2048, 2048, 2048]","[2048, 2048, 2048, 2048, 2048]",192.0
1210,9087,16,21,2023-05-26T12:20:05.192000+00:00,19.415,43.502,54.573,212.0,42.0,False,117.49,"[None, 2048, 2048, 2048, 2048, 2049]","[2048, 2048, 2049, 2048, 2048, 2048, 2048, 2048, 2048, 2048]","[2048, 2048, 2048, 2064, 2064]",237.0
1210,9087,22,28,2023-05-26T12:20:11.286000+00:00,19.856,38.153,,213.0,127.0,False,345.18,"[None, 2048, 2048, 2048, 2048, 2048]","[2048, 2049, 2048, 2048, 2049, 2048, 2048, 2048, 2048, 2048]","[2048, 2048, 2048, 2064, 2064]",277.0
1210,9087,21,30,2023-05-26T12:20:15.129000+00:00,28.478,46.658,28.749,116.0,161.0,False,103.885,"[None, 2048, 2048, 2048, 2048, 2048]","[2048, 2048, 2048, 2048, 2048, 2048, 2048, 2048, 2048, 2048]","[2048, 2048, 2048, 2048, 2048]",206.0
1210,9087,81,28,2023-05-26T12:20:17.707000+00:00,25.232,38.368,30.051,167.0,170.0,True,93.651,"[2064, 2048, 2048, 2048, 2048, 2048]","[2048, 2048, 2048, 2048, 2048, 2048, 2048, 2048, 2048, 2048]","[2048, 2048, 2048, 2048]",278.0
1210,9087,77,28,2023-05-26T12:20:18.582000+00:00,23.12,38.621,45.685,190.0,170.0,False,107.426,"[None, 2048, 2048, 2048, 2048, 2048]","[2048, 2048, 2048, 2048, 2048, 2048, 2048, 2048, 2048, 2048]","[2048, 2048, 2048, 2064, 2064]",250.0
1210,9087,20,26,2023-05-26T12:20:28.879000+00:00,19.676,35.451,30.806,211.0,192.0,False,85.933,"[None, 2049, 2048, 2049, 2048, 2049]","[2048, 2048, 2048, 2048, 2048, 2048, 2048, 2048, 2048, 2048]","[2049, 2048, 2048, 2048, 2048]",277.0
1210,9087,14,25,2023-05-26T12:20:39.238000+00:00,19.116,34.872,19.722,219.0,197.0,False,73.71,"[2051, 2051, 2049, 2049, 2049, 2049]","[2048, 2048, 2048, 2048, 2049, 2049, 2048, 2048, 2048, 2048]","[2051, 2048, 2048, 2048]",280.0
1210,9087,31,26,2023-05-26T12:20:46.863000+00:00,30.172,44.564,23.741,110.0,174.0,False,98.477,"[None, 2048, 2048, 2048, 2048, 2048]","[2048, 2048, 2048, 2048, 2048, 2048, 2048, 2048, 2048, 2048]","[2048, 2048, 2048, 2048, 2048]",259.0
1210,9087,4,21,2023-05-26T12:20:50.988000+00:00,20.31,36.021,20.315,206.0,190.0,False,76.646,"[2048, 2048, 2048, 2048, 2048, 2048]","[2048, 2048, 2048, 2048, 2048, 2048, 2048, 2048, 2048, 2048]","[2048, 2048, 2048, 2048]",273.0
1210,9087,55,23,2023-05-26T12:20:51.488000+00:00,30.701,52.976,25.504,119.0,157.0,False,109.181,"[None, 2048, 2048, 2048, 2048, 2048]","[2048, 2048, 2048, 2048, 2048, 2048, 2048, 2048, 2048, 2048]","[2048, 2048, 2048, 2048, 2048]",177.0
1210,9087,23,28,2023-05-26T12:20:51.848000+00:00,20.493,36.461,20.588,195.0,187.0,False,77.542,"[None, 2048, 2048, 2048, 2048, 2048]","[2048, 2048, 2048, 2048, 2048, 2048, 2048, 2048, 2048, 2048]","[2048, 2048, 2048, 2048]",277.0
1210,9087,44,23,2023-05-26T12:20:53.973000+00:00,22.173,36.664,20.671,195.0,187.0,False,79.508,"[None, 2048, 2048, 2048, 2048, 2048]","[2048, 2048, 2048, 2048, 2048, 2048, 2048, 2048, 2048, 2048]","[2048, 2048, 2048, 2048]",273.0
1210,9087,11,24,2023-05-26T12:20:58.894000+00:00,30.115,53.391,26.563,101.0,96.0,False,110.069,"[None, 2048, 2048, 2048, 2048, 2048]","[2048, 2048, 2048, 2048, 2048, 2048, 2048, 2048, 2048, 2048]","[2048, 2048, 2048, 2048]",202.0
1210,9087,18,25,2023-05-26T12:20:58.973000+00:00,39.72,45.54,30.423,147.0,163.0,False,115.683,"[None, 2048, 2048, 2048, 2048, 2048]","[2048, 2048, 2048, 2048, 2048, 2048, 2048, 2048, 2048, 2048]","[2048, 2048, 2048, 2048]",263.0
1210,9087,2,26,2023-05-26T12:20:59.332000+00:00,21.221,36.347,20.78,191.0,184.0,False,78.348,"[2048, 2048, 2048, 2048, 2048, 2048]","[2048, 2048, 2048, 2048, 2048, 2048, 2049, 2048, 2048, 2048]","[2048, 2048, 2048, 2048]",280.0
1210,9087,24,24,2023-05-26T12:21:26.363000+00:00,19.76,35.718,20.343,213.0,191.0,False,75.821,"[2049, 2049, 2048, 2048, 2048, 2049]","[2049, 2048, 2048, 2048, 2048, 2048, 2048, 2048, 2048, 2048]","[2048, 2049, 2048, 2048]",277.0
1210,9087,63,21,2023-05-26T12:21:41.128000+00:00,24.253,39.605,21.023,183.0,181.0,True,84.881,"[2064, 2048, 2048, 2048, 2048, 2048]","[2048, 2048, 2048, 2048, 2048, 2048, 2048, 2048, 2048, 2048]","[2048, 2048, 2048, 2048, 2048]",265.0
1210,9087,10,27,2023-05-26T12:21:42.691000+00:00,19.835,35.459,20.102,209.0,192.0,False,75.396,"[None, 2048, 2048, 2049, 2048, 2048]","[2048, 2048, 2048, 2048, 2048, 2048, 2048, 2049, 2048, 2048]","[2048, 2048, 2048, 2048, 2048]",273.0
1210,9087,1,24,2023-05-26T12:21:47.863000+00:00,19.347,34.982,19.915,214.0,193.0,False,74.244,"[2049, 2049, 2049, 2049, 2048, 2049]","[2048, 2048, 2048, 2048, 2049, 2048, 2048, 2048, 2048, 2049]","[2049, 2049, 2048, 2048]",278.0
1210,9087,81,29,2023-05-26T12:21:50.785000+00:00,20.164,36.039,20.345,201.0,192.0,False,76.548,"[2048, 2048, 2048, 2048, 2048, 2048]","[2048, 2048, 2048, 2048, 2048, 2048, 2048, 2048, 2048, 2048]","[2048, 2048, 2048, 2048, 2048]",278.0
1210,9087,14,26,2023-05-26T12:21:52.894000+00:00,25.465,43.316,28.716,94.0,155.0,False,97.497,"[2048, 2048, 2048, 2048, 2048, 2048]","[2048, 2048, 2048, 2048, 2048, 2048, 2048, 2048, 2048, 2048]","[2048, 2048, 2048, 2048, 2048]",243.0
1210,9087,20,27,2023-05-26T12:21:54.784000+00:00,19.652,37.975,28.936,214.0,148.0,False,86.563,"[None, 2049, 2049, 2049, 2048, 2049]","[2049, 2048, 2048, 2048, 2048, 2048, 2051, 2049, 2048, 2048]","[2048, 2048, 2048, 2048, 2048]",279.0
1210,9087,21,31,2023-05-26T12:21:59.034000+00:00,19.723,35.405,19.955,213.0,195.0,False,75.083,"[None, 2048, 2049, 2049, 2048, 2049]","[2048, 2048, 2048, 2049, 2049, 2048, 2048, 2049, 2049, 2049]","[2048, 2048, 2048, 2048]",279.0
1210,9087,16,22,2023-05-26T12:22:03.409000+00:00,32.964,51.686,23.862,55.0,145.0,True,108.512,"[2064, 2048, 2048, 2048, 2048, 2048]","[2048, 2048, 2048, 2048, 2048, 2048, 2048, 2048, 2048, 2048]","[2048, 2048, 2048, 2048, 0]",199.0
1210,9087,77,29,2023-05-26T12:22:06.644000+00:00,31.141,51.1,,73.0,140.0,True,,"[2064, 2048, 2048, 2048, 2048, 2048]","[2048, 2048, 2048, 2048, 2048, 2048, 2048, 2048, 2048, 2048]",[2048],232.0
1210,9087,4,22,2023-05-26T12:22:07.612000+00:00,20.155,35.913,20.438,,187.0,False,76.506,"[None, 2048, 2048, 2048, 2048, 2048]","[2048, 2049, 2048, 2048, 2048, 2048, 2048, 2048, 2048, 2048]","[2048, 2048, 2048, 2048, 2048]",275.0
1210,9087,23,29,2023-05-26T12:22:09.378000+00:00,20.202,36.197,20.525,202.0,187.0,False,76.924,"[None, 2048, 2048, 2048, 2048, 2048]","[2048, 2048, 2048, 2048, 2048, 2048, 2048, 2048, 2048, 2048]","[2048, 2048, 2048, 2048]",279.0
1210,9087,44,24,2023-05-26T12:22:13.456000+00:00,20.226,36.543,21.165,201.0,164.0,False,77.934,"[None, 2048, 2048, 2048, 2048, 2048]","[2048, 2048, 2048, 2048, 2048, 2048, 2048, 2048, 2048, 2048]","[2048, 2048, 2048, 2048]",274.0
1210,9087,2,27,2023-05-26T12:22:17.706000+00:00,20.107,36.466,20.642,193.0,185.0,False,77.215,"[None, 2048, 2048, 2048, 2048, 2048]","[2048, 2048, 2048, 2048, 2048, 2048, 2048, 2048, 2048, 2048]","[2048, 2048, 2048, 2048, 2048]",281.0
1210,9087,31,27,2023-05-26T12:22:25.362000+00:00,19.657,35.171,19.757,205.0,195.0,False,74.585,"[2049, 2048, 2048, 2049, 2049, 2048]","[2049, 2048, 2048, 2049, 2048, 2048, 2048, 2048, 2048, 2049]","[2048, 2049, 2049, 2049]",273.0
1210,9087,55,24,2023-05-26T12:22:40.659000+00:00,19.309,34.605,19.458,211.0,199.0,False,73.372,"[None, 2048, 2048, 2048, 2049, 2048]","[2051, 2048, 2048, 2048, 2048, 2048, 2048, 2048, 2049, 2049]","[2049, 2051, 2051, 2049]",280.0
1210,9087,24,25,2023-05-26T12:22:42.206000+00:00,23.366,42.106,,171.0,175.0,False,,"[2048, 2048, 2048, 2048, 2048, 2048]","[2048, 2048, 2048, 2048, 2048, 2048, 2048, 2048, 2048, 2048]",[2048],245.0
1210,9087,11,25,2023-05-26T12:22:48.956000+00:00,19.496,35.035,19.565,205.0,196.0,False,74.096,"[None, 2048, 2048, 2048, 2049, 2048]","[2048, 2049, 2048, 2048, 2048, 2048, 2049, 2048, 2048, 2051]","[2048, 2048, 2049, 2049]",278.0
1210,9087,18,26,2023-05-26T12:22:54.628000+00:00,19.485,35.145,20.023,211.0,189.0,False,74.653,"[None, 2048, 2048, 2049, 2049, 2048]","[2049, 2048, 2049, 2049, 2048, 2048, 2048, 2049, 2048, 2048]","[2048, 2048, 2048, 2049]",276.0
1210,9087,10,28,2023-05-26T12:22:58.081000+00:00,19.711,35.271,19.909,208.0,191.0,False,74.891,"[None, 2048, 2048, 2049, 2048, 2048]","[2048, 2048, 2048, 2048, 2048, 2048, 2048, 2048, 2048, 2048]","[2048, 2049, 2048, 2048]",275.0
1210,9087,1,25,2023-05-26T12:23:02.034000+00:00,29.526,51.365,30.93,128.0,91.0,False,111.821,"[2048, 2048, 2048, 2048, 2048, 2048]","[2048, 2048, 2048, 2048, 2048, 2048, 2048, 2048, 2048, 2048]","[2048, 2048, 2048, 2048, 2048]",164.0
1210,9087,63,22,2023-05-26T12:23:05.440000+00:00,20.179,35.984,20.55,199.0,186.0,False,76.713,"[2048, 2048, 2048, 2048, 2048, 2048]","[2048, 2048, 2048, 2048, 2048, 2048, 2048, 2048, 2048, 2048]","[2048, 2048, 2048, 2048, 2048]",272.0
1210,9087,81,30,2023-05-26T12:23:07.299000+00:00,19.85,36.037,20.413,,192.0,False,76.3,"[None, 2049, 2048, 2048, 2048, 2048]","[2048, 2048, 2048, 2048, 2048, 2048, 2048, 2048, 2048, 2048]","[2048, 2048, 2048, 2048]",280.0
1210,9087,21,32,2023-05-26T12:23:14.018000+00:00,27.413,52.114,35.257,176.0,146.0,False,114.784,"[None, 2048, 2048, 2048, 2048, 2048]","[2048, 2048, 2048, 2048, 2048, 2048, 2048, 2048, 2048, 2048]","[2048, 2048, 2048, 2048, 2048]",134.0
1210,9087,20,28,2023-05-26T12:23:21.330000+00:00,28.784,50.184,37.945,93.0,174.0,False,116.913,"[None, 2048, 2048, 2048, 2048, 2048]","[2048, 2048, 2048, 2048, 2048, 2048, 2048, 2048, 2048, 2048]","[2048, 2048, 2048, 2048]",238.0
1210,9087,4,23,2023-05-26T12:23:24.127000+00:00,20.157,36.006,20.179,199.0,191.0,False,76.342,"[None, 2048, 2048, 2048, 2048, 2048]","[2048, 2049, 2048, 2048, 2048, 2048, 2048, 2048, 2048, 2048]","[2048, 2048, 2048, 2048]",274.0
1210,9087,23,30,2023-05-26T12:23:26.299000+00:00,20.142,36.165,20.509,199.0,187.0,False,76.816,"[None, 2048, 2048, 2048, 2048, 2048]","[2048, 2048, 2048, 2048, 2048, 2048, 2048, 2048, 2048, 2048]","[2048, 2048, 2048, 2048, 2048]",278.0
1210,9087,14,27,2023-05-26T12:23:30.455000+00:00,19.315,42.627,31.995,216.0,89.0,False,93.937,"[None, 2048, 2048, 2048, 2048, 2048]","[2048, 2048, 2048, 2048, 2048, 2048, 2048, 2048, 2048, 2048]","[2048, 2048, 2048, 2048, 2048]",252.0
1210,9087,44,25,2023-05-26T12:23:31.408000+00:00,20.327,37.027,20.988,198.0,185.0,False,78.342,"[None, 2048, 2048, 2048, 2048, 2048]","[2048, 2048, 2048, 2048, 2048, 2048, 2048, 2048, 2048, 2048]","[2048, 2048, 2048, 2048, 2048]",275.0
1210,9087,2,28,2023-05-26T12:23:34.908000+00:00,19.952,36.891,20.925,200.0,176.0,False,77.768,"[None, 2048, 2048, 2048, 2048, 2048]","[2048, 2048, 2048, 2048, 2048, 2048, 2048, 2048, 2048, 2048]","[2048, 2048, 2048, 2048]",281.0
1210,9087,31,28,2023-05-26T12:23:39.877000+00:00,25.083,44.434,32.864,131.0,144.0,False,102.381,"[2048, 2048, 2048, 2048, 2048, 2048]","[2048, 2048, 2048, 2048, 2048, 2048, 2048, 2048, 2048, 2048]","[2048, 2048, 2048, 2048]",188.0
1210,9087,16,23,2023-05-26T12:23:51.283000+00:00,19.255,34.783,28.806,212.0,194.0,False,82.844,"[2048, 2048, 2048, 2049, 2051, 2048]","[2049, 2051, 2049, 2048, 2049, 2048, 2048, 2048, 2049, 2048]","[2049, 2048, 2048, 2048]",281.0
1210,9087,55,25,2023-05-26T12:23:54.002000+00:00,23.512,39.268,45.321,155.0,151.0,False,108.101,"[None, 2048, 2048, 2048, 2048, 2048]","[2048, 2048, 2048, 2048, 2048, 2048, 2048, 2048, 2048, 2048]","[2048, 2048, 2048, 2064, 2064]",235.0
1210,9087,11,26,2023-05-26T12:24:03.049000+00:00,29.642,49.41,27.95,72.0,130.0,False,107.002,"[None, 2048, 2048, 2048, 2048, 2048]","[2048, 2048, 2048, 2048, 2048, 2048, 2048, 2048, 2048, 2048]","[2048, 2048, 2048, 2048]",221.0
1210,9087,18,27,2023-05-26T12:24:09.220000+00:00,35.057,44.232,26.859,72.0,135.0,False,106.148,"[None, 2048, 2048, 2048, 2048, 2048]","[2048, 2048, 2048, 2048, 2048, 2048, 2048, 2048, 2048, 2048]","[2048, 2048, 2048, 2048]",247.0
1210,9087,10,29,2023-05-26T12:24:12.986000+00:00,19.703,35.415,20.068,209.0,193.0,False,75.186,"[None, 2048, 2048, 2049, 2048, 2049]","[2048, 2048, 2048, 2048, 2048, 2048, 2048, 2049, 2048, 2048]","[2048, 2048, 2048, 2048]",274.0
1210,9087,63,23,2023-05-26T12:24:22.142000+00:00,20.354,36.385,20.794,193.0,188.0,False,77.533,"[None, 2048, 2048, 2048, 2048, 2048]","[2048, 2048, 2048, 2048, 2048, 2048, 2048, 2048, 2048, 2048]","[2048, 2048, 2048, 2048, 2048]",272.0
1210,9087,81,31,2023-05-26T12:24:23.627000+00:00,19.973,36.333,20.647,199.0,190.0,False,76.953,"[None, 2048, 2049, 2048, 2048, 2048]","[2048, 2048, 2048, 2048, 2048, 2048, 2048, 2048, 2048, 2048]","[2048, 2048, 2048, 2048, 2048]",280.0
1210,9087,4,24,2023-05-26T12:24:40.486000+00:00,20.035,35.725,20.403,206.0,189.0,False,76.163,"[None, 2048, 2048, 2048, 2048, 2048]","[2048, 2048, 2048, 2048, 2048, 2048, 2049, 2048, 2048, 2048]","[2048, 2048, 2048, 2048, 2048]",274.0
1210,9087,23,31,2023-05-26T12:24:43.142000+00:00,19.913,36.187,20.346,205.0,189.0,False,76.446,"[None, 2048, 2048, 2048, 2048, 2048]","[2048, 2048, 2048, 2048, 2048, 2048, 2048, 2048, 2048, 2048]","[2048, 2048, 2048, 2048, 2048]",278.0
1210,9087,44,26,2023-05-26T12:24:49.751000+00:00,20.473,36.776,20.824,195.0,187.0,False,78.073,"[None, 2048, 2048, 2048, 2048, 2048]","[2048, 2048, 2048, 2048, 2048, 2048, 2048, 2048, 2048, 2048]","[2048, 2048, 2048, 2048, 2048]",272.0
1210,9087,2,29,2023-05-26T12:24:52.689000+00:00,20.407,37.018,20.74,194.0,187.0,False,78.165,"[None, 2048, 2048, 2048, 2048, 2048]","[2048, 2048, 2048, 2048, 2048, 2048, 2048, 2048, 2048, 2048]","[2048, 2048, 2048, 2048, 2048]",280.0
1210,9087,1,26,2023-05-26T12:24:53.954000+00:00,33.52,48.006,,102.0,162.0,False,,"[None, 2048, 2048, 2048, 2048, 2048]","[2048, 2048, 2048, 2048, 2048, 2048, 2048, 2048, 2048, 2048]",[2048],252.0
1210,9087,14,28,2023-05-26T12:25:04.407000+00:00,19.167,34.859,,218.0,198.0,False,,"[None, 2048, 2048, 2048, 2051, 2048]","[2048, 2048, 2049, 2048, 2048, 2048, 2048, 2048, 2048, 2049]",[2051],277.0
1210,9087,21,33,2023-05-26T12:25:08.892000+00:00,19.761,35.461,,211.0,197.0,False,,"[None, 2048, 2048, 2049, 2049, 2048]","[2048, 2048, 2048, 2048, 2048, 2048, 2048, 2049, 2049, 2048]",[2048],277.0
1210,9087,16,24,2023-05-26T12:25:14.126000+00:00,19.286,42.203,,,110.0,False,,"[2049, 2049, 2049, 2049, 2048, 2049]","[2048, 2048, 2048, 2048, 2048, 2048, 2048, 2048, 2048, 2048]",[2048],204.0
1210,9087,20,29,2023-05-26T12:25:18.282000+00:00,19.71,,,214.0,,False,,"[None, 2048, 2048, 2048, 2048, 2048]","[2048, 2048, 2048, 2048, 2048, 2048, 2048, 2048, 2048, 2048]",[2048],278.0
1210,9087,31,29,2023-05-26T12:25:22.313000+00:00,24.437,,,161.0,,False,,"[None, 2048, 2048, 2048, 2048, 2048]","[2048, 2048, 2048, 2048, 2048, 2048, 2048, 2048, 2048, 2048]",[2048],259.0
1210,9087,10,30,2023-05-26T12:25:28.141000+00:00,25.887,,,152.0,,False,,"[None, 2048, 2048, 2048, 2048, 2048]","[2048, 2048, 2048, 2048, 2048, 2048, 2048, 2048, 2048, 2048]",[2048],
1210,9087,63,24,2023-05-26T12:25:39.672000+00:00,20.237,,,200.0,,False,,"[None, 2048, 2048, 2048, 2048, 2048]","[2048, 2048, 2048, 2048, 2048, 2048, 2048, 2048, 2048, 2048]",[2048],
1210,9087,81,32,2023-05-26T12:25:40.610000+00:00,20.107,,,200.0,,False,,"[None, 2048, 2048, 2048, 2048, 2048]","[2048, 2048, 2048, 2048, 2048, 2048, 2048, 2048, 2048, 2048]",[2048],
1210,9087,55,26,2023-05-26T12:25:42.782000+00:00,24.001,,,154.0,,True,,"[2064, 2048, 2048, 2048, 2048, 2048]","[2048, 2048, 2048, 2048, 2048, 2048, 2048, 2048, 2048, 2048]",[2048],
1210,9087,11,27,2023-05-26T12:25:50.063000+00:00,23.362,,,125.0,,False,,"[None, 2048, 2048, 2048, 2048, 2048]","[2048, 2048, 2048, 2048, 2048, 2048, 2048, 2048, 2048, 2048]",[2048],
1210,9087,18,28,2023-05-26T12:25:55.422000+00:00,19.485,,,209.0,,False,,"[None, 2048, 2048, 2049, 2049, 2048]","[2048, 2048, 2048, 2048, 2048, 2048, 2048, 2048, 2048, 2048]",[2048],
1210,9087,4,25,2023-05-26T12:25:56.657000+00:00,,,,,,False,,"[None, 2048, 2048, 2048, 2048, 2048]","[2048, 2048, 2048, 2048, 2048, 2048, 2048, 2048, 2048, 2048]",[2048],
1210,9087,22,29,2023-05-26T12:25:56.985000+00:00,,,,,,True,,"[2064, 2048, 2048, 2048, 2048, 2048]","[2048, 2048, 2048, 2048, 2048, 2048, 2048, 2048, 2048, 2048]",[2048],
1210,9087,23,32,2023-05-26T12:25:59.610000+00:00,,,,,,False,,"[None, 0, 0, 0, 0, 0]",,,
1210,9087,44,27,2023-05-26T12:26:08.110000+00:00,,,,,,False,,"[None, 2048, 2048, 2048, 2048, 2048]","[2048, 2048, 2048, 2048, 2048, 2048, 2048, 2048, 2048, 2048]",[2048],
1210,9087,2,30,2023-05-26T12:26:10.938000+00:00,,,,,,False,,"[None, 2048, 2048, 2048, 2048, 2048]","[2048, 2048, 2048, 2048, 2048, 2048, 2048, 2048, 2048, 2048]",[2048],
