meeting_key,session_key,driver_number,lap_number,date_start,duration_sector_1,duration_sector_2,duration_sector_3,i1_speed,i2_speed,is_pit_out_lap,lap_duration,segments_sector_1,segments_sector_2,segments_sector_3,st_speed
1210,9088,2,1,,31.099,41.872,30.049,135.0,166.0,True,103.02,"[2064, 2049, 2049, 2049, 2049, 2049]","[2049, 2049, 2049, 2049, 2049, 2049, 2049, 2049, 2049, 2049]","[2049, 2049, 2049, 2049, 2049]",269.0
1210,9088,27,1,,27.708,41.78,22.523,156.0,167.0,True,92.011,"[2064, 2049, 2049, 2049, 2049, 2049]","[2049, 2049, 2049, 2049, 2049, 2049, 2049, 2049, 2049, 2049]","[2049, 2049, 2051, 2049]",254.0
1210,9088,21,1,2023-05-26T15:00:07.380000+00:00,27.912,42.009,23.625,135.0,162.0,True,93.546,"[2064, 2049, 2049, 2049, 2049, 2049]","[2049, 2049, 2049, 2049, 2049, 2049, 2049, 2049, 2049, 2049]","[2049, 2049, 2049, 2051, 2051]",262.0
1210,9088,77,1,2023-05-26T15:00:12.177000+00:00,24.858,45.433,28.205,173.0,163.0,True,98.496,"[2064, 2049, 2049, 2049, 2051, 2051]","[2049, 2049, 2049, 2049, 2049, 2049, 2049, 2049, 2051, 2049]","[2049, 2051, 2049, 2049, 2051]",251.0
1210,9088,31,1,2023-05-26T15:00:15.911000+00:00,29.407,39.608,33.119,161.0,169.0,True,102.134,"[2064, 2049, 2049, 2049, 2049, 2049]","[2049, 2049, 2051, 2049, 2049, 2049, 2049, 2051, 2049, 2051]","[2049, 2049, 2049, 2049]",267.0
1210,9088,63,1,2023-05-26T15:00:23.302000+00:00,27.379,42.196,29.761,176.0,176.0,True,99.336,"[2064, 2049, 2049, 2049, 2049, 2049]","[2049, 2049, 2049, 2051, 2051, 2051, 2051, 2049, 2049, 2049]","[2051, 2049, 2049, 2049]",271.0
1210,9088,24,1,2023-05-26T15:00:26.489000+00:00,29.404,42.351,27.869,138.0,172.0,True,99.624,"[2064, 2049, 2049, 2049, 2049, 2049]","[2049, 2049, 2049, 2049, 2049, 2049, 2049, 2049, 2049, 2049]","[2049, 2049, 2049, 2049]",253.0
1210,9088,14,1,2023-05-26T15:00:33.708000+00:00,29.083,42.815,26.289,168.0,172.0,True,98.187,"[2064, 2049, 2049, 2049, 2049, 2049]","[2049, 2049, 2049, 2049, 2049, 2049, 2049, 2049, 2049, 2049]","[2049, 2049, 2049, 2049]",260.0
1210,9088,18,1,2023-05-26T15:00:37.848000+00:00,27.395,44.116,28.143,165.0,164.0,True,99.654,"[2064, 2049, 2049, 2049, 2049, 2049]","[2049, 2049, 2049, 2049, 2049, 2049, 2049, 2049, 2049, 2049]","[2049, 2049, 2049, 2049, 2049]",261.0
1210,9088,22,1,2023-05-26T15:00:46.208000+00:00,28.147,42.011,26.947,168.0,169.0,True,97.105,"[2064, 2049, 2049, 2049, 2049, 2049]","[2049, 2049, 2049, 2049, 2049, 2049, 2049, 2049, 2049, 2049]","[2049, 2049, 2049, 2051]",261.0
1210,9088,44,1,2023-05-26T15:01:00.332000+00:00,26.899,39.693,24.403,164.0,177.0,True,90.995,"[2064, 2049, 2049, 2049, 2049, 2049]","[2049, 2049, 2049, 2049, 2049, 2049, 2049, 2049, 2049, 2049]","[2049, 2049, 2049, 2049, 2051]",265.0
1210,9088,81,1,2023-05-26T15:01:02.536000+00:00,29.229,42.832,22.886,155.0,158.0,True,94.947,"[2064, 2049, 2049, 2049, 2049, 2049]","[2049, 2049, 2049, 2049, 2049, 2049, 2049, 2049, 2049, 2049]","[2049, 2049, 2049, 2049, 2049]",258.0
1210,9088,10,1,2023-05-26T15:01:08.707000+00:00,27.366,41.953,23.599,167.0,164.0,True,92.918,"[2064, 2049, 2049, 2049, 2049, 2049]","[2049, 2049, 2049, 2049, 2049, 2049, 2049, 2049, 2049, 2049]","[2049, 2049, 2049, 2051, 2051]",255.0
1210,9088,16,1,2023-05-26T15:01:14.348000+00:00,31.886,40.888,24.796,165.0,164.0,True,97.57,"[2064, 2049, 2049, 2049, 2049, 2049]","[2049, 2049, 2049, 2049, 2049, 2049, 2049, 2049, 2049, 2049]","[2049, 2049, 2049, 2049, 2049]",259.0
1210,9088,55,1,2023-05-26T15:01:19.442000+00:00,31.65,41.69,23.126,169.0,176.0,True,96.466,"[2064, 2049, 2049, 2049, 2049, 2049]","[2049, 2049, 2049, 2049, 2049, 2049, 2049, 2049, 2049, 2049]","[2049, 2049, 2049, 2049, 2049]",272.0
1210,9088,1,1,2023-05-26T15:01:29.801000+00:00,27.109,46.214,27.845,111.0,148.0,True,101.168,"[2064, 2049, 2049, 2049, 2049, 2049]","[2049, 2049, 2049, 2049, 2049, 2049, 2049, 2049, 2049, 2049]","[2049, 2049, 2049, 2049, 2049]",271.0
1210,9088,11,1,2023-05-26T15:01:36.379000+00:00,27.909,44.098,26.055,167.0,167.0,True,98.062,"[2064, 2049, 2049, 2049, 2049, 2049]","[2049, 2049, 2049, 2049, 2049, 2049, 2049, 2049, 2049, 2049]","[2049, 2049, 2049, 2049]",267.0
1210,9088,27,2,2023-05-26T15:01:36.770000+00:00,21.178,37.298,25.548,192.0,187.0,False,84.024,"[2049, 2049, 2049, 2049, 2049, 2049]","[2049, 2049, 2049, 2049, 2049, 2049, 2049, 2049, 2049, 2049]","[2049, 2049, 2048, 2048]",274.0
1210,9088,21,2,2023-05-26T15:01:40.348000+00:00,21.407,39.169,22.54,198.0,170.0,False,83.116,"[2049, 2049, 2049, 2049, 2049, 2049]","[2049, 2049, 2049, 2049, 2049, 2049, 2049, 2049, 2048, 2048]","[2049, 2049, 2049, 2048, 2049]",275.0
1210,9088,2,2,2023-05-26T15:01:46.191000+00:00,20.907,36.849,20.905,190.0,185.0,False,78.661,"[2049, 2049, 2049, 2049, 2049, 2049]","[2049, 2049, 2049, 2049, 2049, 2051, 2049, 2049, 2049, 2049]","[2049, 2049, 2049, 2049]",280.0
1210,9088,77,2,2023-05-26T15:01:50.066000+00:00,20.082,36.141,20.491,208.0,189.0,False,76.714,"[2049, 2049, 2049, 2049, 2049, 2051]","[2051, 2049, 2049, 2049, 2049, 2049, 2051, 2049, 2049, 2049]","[2049, 2051, 2049, 2051, 2051]",278.0
1210,9088,31,2,2023-05-26T15:01:57.144000+00:00,20.75,36.141,20.338,192.0,190.0,False,77.229,"[2049, 2049, 2049, 2049, 2049, 2049]","[2049, 2049, 2049, 2049, 2049, 2049, 2049, 2051, 2049, 2049]","[2051, 2049, 2049, 2051, 2049]",275.0
1210,9088,63,2,2023-05-26T15:02:01.754000+00:00,20.214,36.521,22.001,201.0,159.0,False,78.736,"[2049, 2051, 2049, 2049, 2049, 2049]","[2049, 2049, 2049, 2049, 2051, 2049, 2049, 2049, 2049, 2048]","[2048, 2049, 2049, 2049]",278.0
1210,9088,24,2,2023-05-26T15:02:05.394000+00:00,20.122,36.233,20.38,204.0,191.0,False,76.735,"[2049, 2049, 2049, 2051, 2049, 2049]","[2049, 2049, 2049, 2049, 2049, 2049, 2049, 2049, 2049, 2051]","[2049, 2049, 2049, 2051]",278.0
1210,9088,14,2,2023-05-26T15:02:11.082000+00:00,20.026,35.83,20.103,209.0,188.0,False,75.959,"[2049, 2049, 2049, 2049, 2051, 2049]","[2049, 2049, 2049, 2051, 2049, 2049, 2049, 2049, 2049, 2049]","[2049, 2049, 2051, 2051]",276.0
1210,9088,18,2,2023-05-26T15:02:16.597000+00:00,20.201,36.031,20.143,204.0,189.0,False,76.375,"[2049, 2049, 2049, 2049, 2049, 2049]","[2049, 2049, 2051, 2049, 2049, 2049, 2049, 2049, 2049, 2049]","[2049, 2049, 2049, 2051, 2049]",273.0
1210,9088,22,2,2023-05-26T15:02:22.269000+00:00,20.665,36.317,20.423,202.0,188.0,False,77.405,"[2049, 2049, 2049, 2049, 2049, 2049]","[2049, 2049, 2049, 2049, 2049, 2049, 2049, 2049, 2049, 2049]","[2049, 2049, 2049, 2049, 2049]",275.0
1210,9088,20,1,2023-05-26T15:02:29.894000+00:00,29.044,44.093,22.863,70.0,176.0,True,96.0,"[2064, 2049, 2049, 2049, 2049, 2049]","[2049, 2049, 2049, 2049, 2049, 2049, 2049, 2049, 2049, 2049]","[2049, 2049, 2049, 2049]",260.0
1210,9088,44,2,2023-05-26T15:02:30.019000+00:00,20.081,35.849,19.805,201.0,189.0,False,75.735,"[2049, 2049, 2049, 2049, 2049, 2049]","[2049, 2049, 2049, 2049, 2049, 2049, 2049, 2051, 2049, 2051]","[2049, 2051, 2051, 2051, 2051]",276.0
1210,9088,81,2,2023-05-26T15:02:36.691000+00:00,20.234,36.254,20.375,204.0,190.0,False,76.863,"[2049, 2049, 2049, 2049, 2049, 2049]","[2049, 2049, 2049, 2049, 2049, 2049, 2049, 2049, 2049, 2049]","[2049, 2049, 2049, 2049]",276.0
1210,9088,10,2,2023-05-26T15:02:40.910000+00:00,20.182,35.718,20.137,205.0,189.0,False,76.037,"[2049, 2049, 2049, 2049, 2049, 2049]","[2049, 2049, 2049, 2049, 2049, 2049, 2049, 2049, 2051, 2049]","[2051, 2049, 2049, 2049]",279.0
1210,9088,16,2,2023-05-26T15:02:50.956000+00:00,20.419,36.184,20.528,201.0,182.0,False,77.131,"[2049, 2049, 2049, 2049, 2049, 2049]","[2049, 2049, 2049, 2049, 2049, 2049, 2049, 2049, 2049, 2049]","[2049, 2049, 2049, 2049]",277.0
1210,9088,55,2,2023-05-26T15:02:54.925000+00:00,20.29,36.626,23.956,203.0,185.0,False,80.872,"[2049, 2049, 2049, 2049, 2049, 2049]","[2049, 2049, 2049, 2049, 2049, 2049, 2049, 2049, 2049, 2049]","[2049, 2049, 2048, 2048]",278.0
1210,9088,27,3,2023-05-26T15:03:00.706000+00:00,20.234,36.12,20.303,203.0,189.0,False,76.657,"[None, 2049, 2049, 2049, 2049, 2049]","[2049, 2049, 2049, 2049, 2049, 2049, 2049, 2049, 2049, 2049]","[2049, 2049, 2049, 2049]",277.0
1210,9088,21,3,2023-05-26T15:03:03.409000+00:00,20.097,35.963,20.14,211.0,191.0,False,76.2,"[2049, 2049, 2049, 2049, 2049, 2049]","[2051, 2049, 2049, 2049, 2049, 2049, 2049, 2049, 2049, 2049]","[2049, 2049, 2049, 2051]",279.0
1210,9088,2,3,2023-05-26T15:03:04.769000+00:00,31.188,43.785,27.656,157.0,156.0,False,102.629,"[None, 2048, 2048, 2048, 2048, 2048]","[2048, 2048, 2048, 2048, 2048, 2048, 2048, 2048, 2048, 2048]","[2048, 2048, 2048, 2048, 2048]",256.0
1210,9088,77,3,2023-05-26T15:03:06.628000+00:00,29.924,45.915,28.715,147.0,171.0,False,104.554,"[2048, 2048, 2048, 2048, 2048, 2048]","[2048, 2048, 2048, 2048, 2048, 2048, 2048, 2048, 2048, 2048]","[2048, 2048, 2048, 2048, 2048]",241.0
1210,9088,1,2,2023-05-26T15:03:09.972000+00:00,19.943,35.557,19.987,204.0,189.0,False,75.487,"[2049, 2049, 2049, 2049, 2049, 2049]","[2049, 2051, 2051, 2049, 2051, 2049, 2049, 2049, 2049, 2049]","[2049, 2049, 2049, 2051]",278.0
1210,9088,11,2,2023-05-26T15:03:13.503000+00:00,20.845,42.971,25.524,163.0,160.0,False,89.34,"[2049, 2049, 2049, 2049, 2049, 2048]","[2048, 2048, 2048, 2048, 2048, 2048, 2048, 2048, 2049, 2049]","[2048, 2048, 2049, 2049]",258.0
1210,9088,31,3,2023-05-26T15:03:14.581000+00:00,25.989,46.903,27.796,73.0,138.0,False,100.688,"[2048, 2048, 2048, 2048, 2048, 2048]","[2048, 2048, 2048, 2048, 2048, 2048, 2048, 2048, 2048, 2048]","[2048, 2048, 2048, 2048, 2048]",220.0
1210,9088,63,3,2023-05-26T15:03:20.440000+00:00,19.797,35.827,19.858,212.0,196.0,False,75.482,"[2049, 2051, 2049, 2049, 2049, 2051]","[2049, 2049, 2048, 2049, 2048, 2048, 2048, 2049, 2051, 2051]","[2051, 2049, 2049, 2051, 2051]",277.0
1210,9088,24,3,2023-05-26T15:03:22.065000+00:00,28.233,48.111,26.607,104.0,158.0,False,102.951,"[2048, 2048, 2048, 2048, 2048, 2048]","[2048, 2048, 2048, 2048, 2048, 2048, 2048, 2048, 2048, 2048]","[2048, 2048, 2048, 2048]",250.0
1210,9088,14,3,2023-05-26T15:03:26.956000+00:00,22.321,41.446,30.853,172.0,171.0,False,94.62,"[2048, 2048, 2048, 2048, 2048, 2048]","[2048, 2048, 2048, 2048, 2048, 2048, 2048, 2048, 2048, 2048]","[2048, 2048, 2048, 2048, 2048]",262.0
1210,9088,18,3,2023-05-26T15:03:33.237000+00:00,23.185,43.807,30.556,162.0,179.0,False,97.548,"[2048, 2048, 2048, 2048, 2048, 2048]","[2048, 2048, 2048, 2048, 2048, 2048, 2048, 2048, 2048, 2048]","[2048, 2048, 2048, 2048, 2048]",260.0
1210,9088,22,3,2023-05-26T15:03:39.956000+00:00,20.284,35.812,20.135,207.0,193.0,False,76.231,"[None, 2049, 2049, 2049, 2048, 2049]","[2049, 2048, 2049, 2049, 2049, 2049, 2049, 2049, 2049, 2049]","[2049, 2049, 2049, 2049]",279.0
1210,9088,44,3,2023-05-26T15:03:45.674000+00:00,26.891,47.577,27.49,150.0,179.0,False,101.958,"[2048, 2048, 2048, 2048, 2048, 2048]","[2048, 2048, 2048, 2048, 2048, 2048, 2048, 2048, 2048, 2048]","[2048, 2048, 2048, 2048]",182.0
1210,9088,81,3,2023-05-26T15:03:53.440000+00:00,24.876,50.208,31.647,122.0,155.0,False,106.731,"[2048, 2048, 2048, 2048, 2048, 2048]","[2048, 2048, 2048, 2048, 2048, 2048, 2048, 2048, 2048, 2048]","[2048, 2048, 2048, 2048, 2048]",179.0
1210,9088,10,3,2023-05-26T15:03:56.877000+00:00,26.287,48.077,33.177,117.0,87.0,False,107.541,"[2048, 2048, 2048, 2048, 2048, 2048]","[2048, 2048, 2048, 2048, 2048, 2048, 2048, 2048, 2048, 2048]","[2048, 2048, 2048, 2048, 2048]",258.0
1210,9088,20,2,2023-05-26T15:04:05.315000+00:00,19.986,36.229,20.157,204.0,186.0,False,76.372,"[2049, 2049, 2049, 2051, 2049, 2049]","[2049, 2049, 2049, 2049, 2049, 2049, 2049, 2051, 2049, 2049]","[2049, 2049, 2049, 2049, 2049]",274.0
1210,9088,16,3,2023-05-26T15:04:07.987000+00:00,19.931,38.377,30.328,210.0,153.0,False,88.636,"[2049, 2049, 2049, 2049, 2049, 2049]","[2049, 2049, 2049, 2049, 2048, 2048, 2048, 2048, 2048, 2048]","[2048, 2048, 2048, 2048]",260.0
1210,9088,55,3,2023-05-26T15:04:15.690000+00:00,19.697,35.647,20.205,207.0,187.0,False,75.549,"[2049, 2049, 2049, 2049, 2049, 2049]","[2049, 2049, 2049, 2049, 2049, 2049, 2051, 2049, 2049, 2049]","[2049, 2049, 2049, 2049, 2051]",280.0
1210,9088,27,4,2023-05-26T15:04:17.362000+00:00,21.488,39.483,31.98,181.0,168.0,False,92.951,"[2048, 2048, 2048, 2048, 2048, 2048]","[2048, 2048, 2048, 2048, 2048, 2048, 2048, 2048, 2048, 2048]","[2048, 2048, 2048, 2048]",258.0
1210,9088,21,4,2023-05-26T15:04:19.596000+00:00,23.346,43.613,29.114,178.0,151.0,False,96.073,"[2048, 2048, 2048, 2048, 2048, 2048]","[2048, 2048, 2048, 2048, 2048, 2048, 2048, 2048, 2048, 2048]","[2048, 2048, 2048, 2048, 2048]",238.0
1210,9088,1,3,2023-05-26T15:04:25.440000+00:00,25.44,44.394,27.273,158.0,178.0,False,97.107,"[2048, 2048, 2048, 2048, 2048, 2048]","[2048, 2048, 2048, 2048, 2048, 2048, 2048, 2048, 2048, 2048]","[2048, 2048, 2048, 2048, 2048]",255.0
1210,9088,63,4,2023-05-26T15:04:35.877000+00:00,27.249,49.425,27.058,100.0,125.0,False,103.732,"[2048, 2048, 2048, 2048, 2048, 2048]","[2048, 2048, 2048, 2048, 2048, 2048, 2048, 2051, 2048, 2048]","[2048, 2048, 2048, 2048]",183.0
1210,9088,11,3,2023-05-26T15:04:42.752000+00:00,19.957,35.566,19.998,205.0,195.0,False,75.521,"[None, 2049, 2048, 2049, 2049, 2049]","[2049, 2049, 2049, 2049, 2049, 2049, 2049, 2049, 2049, 2051]","[2049, 2049, 2049, 2049]",278.0
1210,9088,2,4,2023-05-26T15:04:47.502000+00:00,19.978,35.912,20.164,202.0,190.0,False,76.054,"[None, 2051, 2051, 2049, 2049, 2049]","[2049, 2049, 2049, 2048, 2049, 2051, 2049, 2049, 2049, 2049]","[2051, 2049, 2049, 2049, 2049]",283.0
1210,9088,77,4,2023-05-26T15:04:51.283000+00:00,19.841,35.689,19.905,211.0,191.0,False,75.435,"[2049, 2049, 2049, 2049, 2049, 2049]","[2049, 2049, 2049, 2048, 2048, 2048, 2048, 2049, 2049, 2049]","[2049, 2049, 2049, 2049]",277.0
1210,9088,31,4,2023-05-26T15:04:55.064000+00:00,20.0,35.515,19.888,203.0,191.0,False,75.403,"[2049, 2049, 2049, 2049, 2049, 2049]","[2049, 2049, 2049, 2049, 2049, 2049, 2049, 2048, 2049, 2049]","[2049, 2049, 2049, 2049]",276.0
1210,9088,22,4,2023-05-26T15:04:55.830000+00:00,26.06,45.29,24.029,90.0,159.0,False,95.379,"[2048, 2048, 2048, 2048, 2048, 2048]","[2048, 2048, 2048, 2048, 2048, 2048, 2048, 2048, 2048, 2048]","[2048, 2048, 2048, 2048, 2048]",266.0
1210,9088,14,4,2023-05-26T15:05:01.674000+00:00,19.628,35.209,19.774,214.0,196.0,False,74.611,"[2049, 2049, 2049, 2049, 2049, 2049]","[2049, 2049, 2049, 2048, 2049, 2049, 2049, 2049, 2049, 2049]","[2049, 2049, 2049, 2049, 2049]",276.0
1210,9088,24,4,2023-05-26T15:05:05.111000+00:00,19.882,35.891,19.999,204.0,195.0,False,75.772,"[2049, 2049, 2049, 2048, 2049, 2049]","[2048, 2049, 2049, 2048, 2049, 2049, 2049, 2049, 2049, 2049]","[2049, 2049, 2049, 2049]",279.0
1210,9088,18,4,2023-05-26T15:05:10.486000+00:00,19.681,35.342,19.796,212.0,195.0,False,74.819,"[2049, 2049, 2049, 2049, 2049, 2049]","[2049, 2049, 2051, 2049, 2049, 2049, 2049, 2049, 2049, 2049]","[2049, 2049, 2049, 2049]",274.0
1210,9088,20,3,2023-05-26T15:05:21.611000+00:00,19.723,35.437,19.991,207.0,192.0,False,75.151,"[None, 2049, 2049, 2051, 2049, 2049]","[2049, 2049, 2049, 2049, 2049, 2049, 2049, 2048, 2049, 2049]","[2049, 2049, 2049, 2048]",276.0
1210,9088,44,4,2023-05-26T15:05:27.673000+00:00,19.519,35.339,19.757,212.0,196.0,False,74.615,"[2049, 2049, 2049, 2049, 2051, 2051]","[2049, 2049, 2049, 2049, 2049, 2049, 2051, 2048, 2049, 2049]","[2049, 2048, 2048, 2051]",278.0
1210,9088,55,4,2023-05-26T15:05:31.251000+00:00,23.522,46.443,23.769,115.0,165.0,False,93.734,"[2048, 2048, 2048, 2048, 2048, 2048]","[2048, 2048, 2048, 2048, 2048, 2048, 2048, 2048, 2048, 2048]","[2048, 2048, 2048, 2048, 2048]",246.0
1210,9088,16,4,2023-05-26T15:05:36.689000+00:00,19.717,35.41,19.909,213.0,188.0,False,75.036,"[2048, 2049, 2049, 2049, 2049, 2049]","[2051, 2051, 2049, 2049, 2048, 2049, 2049, 2049, 2049, 2049]","[2049, 2049, 2049, 2049]",278.0
1210,9088,81,4,2023-05-26T15:05:40.267000+00:00,19.702,35.725,19.889,206.0,194.0,False,75.316,"[2049, 2049, 2049, 2049, 2049, 2049]","[2049, 2049, 2049, 2049, 2049, 2049, 2049, 2049, 2051, 2049]","[2049, 2049, 2049, 2049]",277.0
1210,9088,10,4,2023-05-26T15:05:44.470000+00:00,20.075,35.506,19.884,205.0,191.0,False,75.465,"[None, 2049, 2049, 2048, 2049, 2049]","[2049, 2048, 2049, 2049, 2048, 2048, 2048, 2049, 2049, 2049]","[2049, 2051, 2049, 2049]",279.0
1210,9088,27,5,2023-05-26T15:05:50.470000+00:00,19.936,35.607,20.163,203.0,193.0,False,75.706,"[2049, 2049, 2049, 2049, 2049, 2048]","[2049, 2049, 2049, 2049, 2049, 2049, 2049, 2049, 2049, 2049]","[2049, 2049, 2049, 2049]",278.0
1210,9088,21,5,2023-05-26T15:05:55.767000+00:00,19.849,35.418,20.318,214.0,194.0,False,75.585,"[2049, 2049, 2049, 2049, 2049, 2049]","[2049, 2049, 2049, 2049, 2049, 2048, 2049, 2049, 2048, 2049]","[2049, 2049, 2049, 2048]",278.0
1210,9088,11,4,2023-05-26T15:05:58.282000+00:00,31.171,47.065,25.646,121.0,135.0,False,103.882,"[2048, 2048, 2048, 2048, 2048, 2048]","[2048, 2048, 2048, 2048, 2048, 2048, 2048, 2048, 2048, 2048]","[2048, 2048, 2048, 2048, 2049]",229.0
1210,9088,1,4,2023-05-26T15:06:02.626000+00:00,19.457,34.997,19.531,207.0,195.0,False,73.985,"[2049, 2049, 2049, 2049, 2049, 2049]","[2049, 2049, 2051, 2051, 2051, 2049, 2049, 2049, 2049, 2049]","[2051, 2051, 2051, 2051]",279.0
1210,9088,2,5,2023-05-26T15:06:03.860000+00:00,27.9,47.592,26.403,132.0,163.0,False,101.895,"[2048, 2048, 2048, 2048, 2048, 2048]","[2048, 2048, 2048, 2048, 2048, 2048, 2048, 2048, 2048, 2048]","[2048, 2048, 2048, 2048]",229.0
1210,9088,77,5,2023-05-26T15:06:06.673000+00:00,25.503,56.224,23.276,132.0,163.0,False,105.003,"[2048, 2048, 2048, 2048, 2048, 2048]","[2048, 2048, 2048, 2048, 2048, 2048, 2048, 2048, 2048, 2048]","[2048, 2048, 2048, 2048, 2048]",240.0
1210,9088,31,5,2023-05-26T15:06:10.345000+00:00,28.148,52.51,27.626,58.0,85.0,False,108.284,"[2048, 2048, 2048, 2048, 2048, 2048]","[2048, 2048, 2048, 2048, 2048, 2048, 2048, 2048, 2048, 2048]","[2048, 2048, 2048, 2048, 2048]",260.0
1210,9088,14,5,2023-05-26T15:06:16.204000+00:00,26.53,55.447,27.66,163.0,116.0,False,109.637,"[2048, 2048, 2048, 2048, 2048, 2048]","[2048, 2048, 2048, 2048, 2048, 2048, 2048, 2048, 2048, 2048]","[2048, 2048, 2048, 2048, 2048]",216.0
1210,9088,63,5,2023-05-26T15:06:19.704000+00:00,19.485,35.412,19.737,209.0,197.0,False,74.634,"[2049, 2051, 2048, 2049, 2049, 2048]","[2049, 2049, 2049, 2049, 2048, 2048, 2049, 2048, 2048, 2049]","[2049, 2049, 2049, 2048]",276.0
1210,9088,24,5,2023-05-26T15:06:20.907000+00:00,26.839,53.55,28.714,137.0,101.0,False,109.103,"[2048, 2048, 2048, 2048, 2048, 2048]","[2048, 2048, 2048, 2048, 2048, 2048, 2048, 2048, 2048, 2048]","[2048, 2048, 2048, 2048, 2049]",244.0
1210,9088,18,5,2023-05-26T15:06:25.188000+00:00,27.039,53.735,31.995,118.0,56.0,False,112.769,"[2048, 2048, 2048, 2048, 2048, 2048]","[2048, 2048, 2048, 2048, 2048, 2048, 2048, 2048, 2048, 2048]","[2048, 2048, 2048, 2048, 2048]",260.0
1210,9088,22,5,2023-05-26T15:06:31.251000+00:00,19.848,35.339,19.792,209.0,197.0,False,74.979,"[2049, 2049, 2049, 2049, 2049, 2049]","[2049, 2049, 2049, 2049, 2048, 2049, 2049, 2049, 2049, 2049]","[2049, 2049, 2049, 2049]",279.0
1210,9088,20,4,2023-05-26T15:06:36.766000+00:00,25.875,48.685,32.406,125.0,135.0,False,106.966,"[2048, 2048, 2048, 2048, 2048, 2048]","[2048, 2048, 2048, 2048, 2048, 2048, 2048, 2051, 2048, 2048]","[2048, 2048, 2048, 2048]",141.0
1210,9088,44,5,2023-05-26T15:06:42.235000+00:00,27.531,47.234,34.047,138.0,150.0,False,108.812,"[2048, 2048, 2048, 2048, 2048, 2048]","[2048, 2048, 2048, 2048, 2048, 2048, 2048, 2048, 2048, 2048]","[2048, 2048, 2048, 2048, 2048]",206.0
1210,9088,16,5,2023-05-26T15:06:51.641000+00:00,19.641,54.18,35.796,210.0,87.0,False,109.617,"[2049, 2049, 2049, 2049, 2048, 2048]","[2048, 2048, 2048, 2048, 2048, 2048, 2048, 2048, 2048, 2048]","[2048, 2048, 2048, 2048, 2048]",148.0
1210,9088,81,5,2023-05-26T15:06:55.516000+00:00,25.151,50.437,58.736,150.0,133.0,False,134.324,"[2048, 2048, 2048, 2048, 2048, 2048]","[2048, 2048, 2048, 2048, 2048, 2048, 2048, 2048, 2048, 2048]","[2048, 2048, 2048, 2064, 2064]",242.0
1210,9088,10,5,2023-05-26T15:06:59.953000+00:00,26.01,44.53,34.631,104.0,149.0,False,105.171,"[None, 2048, 2048, 2048, 2048, 2048]","[2048, 2048, 2048, 2048, 2048, 2048, 2048, 2048, 2048, 2048]","[2048, 2048, 2048, 2048]",238.0
1210,9088,55,5,2023-05-26T15:07:05.047000+00:00,20.286,43.508,28.239,143.0,161.0,False,92.033,"[None, 2048, 2049, 2049, 2049, 2048]","[2048, 2048, 2048, 2048, 2048, 2048, 2048, 2048, 2048, 2048]","[2048, 2048, 2048, 2048, 2048]",243.0
1210,9088,27,6,2023-05-26T15:07:06.016000+00:00,23.403,53.355,31.849,138.0,95.0,False,108.607,"[2048, 2048, 2048, 2048, 2048, 2048]","[2048, 2048, 2048, 2048, 2048, 2048, 2048, 2048, 2048, 2048]","[2048, 2048, 2048, 2048, 2048]",228.0
1210,9088,21,6,2023-05-26T15:07:11.266000+00:00,27.837,48.14,31.527,122.0,121.0,False,107.504,"[2048, 2048, 2048, 2048, 2048, 2048]","[2048, 2048, 2048, 2048, 2048, 2048, 2048, 2048, 2048, 2048]","[2048, 2048, 2048, 2048, 2048]",177.0
1210,9088,1,5,2023-05-26T15:07:16.500000+00:00,29.18,53.147,26.907,111.0,151.0,False,109.234,"[2048, 2048, 2048, 2048, 2048, 2048]","[2048, 2048, 2048, 2048, 2048, 2048, 2048, 2048, 2048, 2048]","[2048, 2048, 2048, 2048]",145.0
1210,9088,63,6,2023-05-26T15:07:34.281000+00:00,28.179,49.265,26.635,112.0,147.0,False,104.079,"[2048, 2048, 2048, 2048, 2048, 2048]","[2048, 2048, 2048, 2048, 2048, 2048, 2048, 2048, 2048, 2048]","[2048, 2048, 2048, 2048, 2048]",171.0
1210,9088,11,5,2023-05-26T15:07:42.203000+00:00,19.491,35.047,19.723,208.0,198.0,False,74.261,"[2049, 2049, 2049, 2051, 2049, 2049]","[2049, 2049, 2048, 2049, 2049, 2048, 2051, 2049, 2049, 2051]","[2051, 2049, 2049, 2049]",278.0
1210,9088,2,6,2023-05-26T15:07:45.422000+00:00,19.83,35.822,20.455,196.0,191.0,False,76.107,"[2049, 2048, 2048, 2049, 2048, 2048]","[2048, 2049, 2048, 2049, 2048, 2048, 2048, 2049, 2049, 2049]","[2048, 2049, 2049, 2048, 2048]",279.0
1210,9088,22,6,2023-05-26T15:07:46.140000+00:00,25.541,44.796,27.049,102.0,120.0,False,97.386,"[2048, 2048, 2048, 2048, 2048, 2048]","[2048, 2048, 2048, 2048, 2048, 2048, 2048, 2048, 2048, 2048]","[2048, 2048, 2048, 2048]",254.0
1210,9088,77,6,2023-05-26T15:07:51.719000+00:00,19.639,35.376,19.76,212.0,194.0,False,74.775,"[2049, 2048, 2049, 2049, 2049, 2049]","[2049, 2049, 2049, 2049, 2049, 2048, 2048, 2049, 2049, 2049]","[2049, 2051, 2048, 2049]",276.0
1210,9088,31,6,2023-05-26T15:07:58.719000+00:00,19.625,35.174,19.813,208.0,193.0,False,74.612,"[2049, 2049, 2049, 2049, 2049, 2049]","[2049, 2049, 2048, 2049, 2048, 2049, 2048, 2049, 2049, 2049]","[2049, 2049, 2048, 2049]",278.0
1210,9088,14,6,2023-05-26T15:08:05.921000+00:00,19.299,35.016,19.912,215.0,195.0,False,74.227,"[2051, 2049, 2049, 2049, 2049, 2049]","[2049, 2048, 2048, 2051, 2049, 2049, 2048, 2049, 2049, 2049]","[2049, 2048, 2048, 2048]",277.0
1210,9088,24,6,2023-05-26T15:08:09.953000+00:00,19.827,35.691,19.947,210.0,197.0,False,75.465,"[2049, 2048, 2049, 2049, 2048, 2048]","[2049, 2049, 2049, 2048, 2049, 2048, 2049, 2048, 2049, 2049]","[2049, 2049, 2049, 2048]",278.0
1210,9088,18,6,2023-05-26T15:08:18.062000+00:00,19.52,35.12,19.792,211.0,197.0,False,74.432,"[2049, 2049, 2049, 2049, 2049, 2048]","[2049, 2049, 2048, 2049, 2049, 2049, 2049, 2049, 2049, 2049]","[2049, 2051, 2049, 2048]",274.0
1210,9088,20,5,2023-05-26T15:08:23.796000+00:00,19.807,35.562,19.944,207.0,192.0,False,75.313,"[2049, 2048, 2048, 2048, 2048, 2048]","[2048, 2048, 2049, 2049, 2049, 2049, 2051, 2048, 2048, 2049]","[2049, 2049, 2049, 2048]",276.0
1210,9088,44,6,2023-05-26T15:08:31.109000+00:00,19.346,35.005,19.633,211.0,198.0,False,73.984,"[2049, 2049, 2048, 2049, 2051, 2051]","[2049, 2048, 2049, 2049, 2051, 2049, 2049, 2049, 2049, 2049]","[2048, 2049, 2049, 2049]",278.0
1210,9088,55,6,2023-05-26T15:08:37.140000+00:00,19.583,35.255,19.585,210.0,194.0,False,74.423,"[None, 2048, 2048, 2049, 2049, 2049]","[2049, 2049, 2048, 2049, 2049, 2048, 2049, 2049, 2049, 2049]","[2049, 2049, 2049, 2051]",279.0
1210,9088,16,6,2023-05-26T15:08:41.374000+00:00,19.815,35.29,19.692,211.0,190.0,False,74.797,"[2048, 2048, 2048, 2048, 2048, 2048]","[2048, 2048, 2049, 2049, 2049, 2049, 2049, 2048, 2048, 2049]","[2049, 2049, 2049, 2049, 2049]",279.0
1210,9088,10,6,2023-05-26T15:08:45.124000+00:00,19.884,35.176,19.603,206.0,194.0,False,74.663,"[None, 2049, 2049, 2049, 2049, 2048]","[2049, 2049, 2048, 2049, 2048, 2048, 2049, 2049, 2048, 2049]","[2049, 2051, 2049, 2049]",278.0
1210,9088,27,7,2023-05-26T15:08:54.718000+00:00,19.946,35.607,19.863,203.0,194.0,False,75.416,"[None, 2048, 2048, 2049, 2049, 2049]","[2048, 2048, 2049, 2049, 2048, 2048, 2048, 2048, 2049, 2049]","[2049, 2049, 2049, 2049, 2049]",276.0
1210,9088,11,6,2023-05-26T15:08:56.452000+00:00,29.517,45.209,24.348,72.0,145.0,False,99.074,"[2048, 2048, 2048, 2048, 2048, 2048]","[2048, 2048, 2048, 2048, 2048, 2048, 2048, 2048, 2048, 2048]","[2048, 2048, 2048, 2048]",240.0
1210,9088,21,7,2023-05-26T15:08:58.827000+00:00,19.814,35.16,19.488,213.0,194.0,False,74.462,"[None, 2049, 2049, 2049, 2048, 2049]","[2048, 2049, 2049, 2049, 2049, 2049, 2049, 2049, 2049, 2049]","[2049, 2049, 2049, 2051, 2051]",280.0
1210,9088,2,7,2023-05-26T15:09:01.561000+00:00,29.211,50.892,26.13,164.0,146.0,False,106.233,"[2048, 2048, 2048, 2048, 2048, 2048]","[2048, 2048, 2048, 2048, 2048, 2048, 2048, 2048, 2048, 2048]","[2048, 2048, 2048, 2048]",175.0
1210,9088,1,6,2023-05-26T15:09:05.796000+00:00,19.424,35.007,19.426,209.0,196.0,False,73.857,"[None, 2051, 2049, 2049, 2048, 2049]","[2048, 2048, 2048, 2048, 2048, 2049, 2049, 2049, 2051, 2049]","[2048, 2051, 2048, 2051, 2049]",279.0
1210,9088,77,7,2023-05-26T15:09:06.405000+00:00,25.43,53.234,31.165,147.0,164.0,False,109.829,"[2048, 2048, 2048, 2048, 2048, 2048]","[2048, 2048, 2048, 2048, 2048, 2048, 2048, 2048, 2048, 2048]","[2048, 2048, 2048, 2048, 2048]",235.0
1210,9088,81,6,2023-05-26T15:09:10.468000+00:00,27.974,44.925,29.185,163.0,142.0,True,102.084,"[2064, 2048, 2048, 2048, 2048, 2048]","[2048, 2048, 2048, 2048, 2048, 2048, 2048, 2048, 2048, 2048]","[2048, 2048, 2048, 2048, 2048]",189.0
1210,9088,31,7,2023-05-26T15:09:13.296000+00:00,30.713,46.282,31.117,62.0,121.0,False,108.112,"[2048, 2048, 2048, 2048, 2048, 2048]","[2048, 2048, 2048, 2048, 2048, 2048, 2048, 2048, 2048, 2048]","[2048, 2048, 2048, 2048]",221.0
1210,9088,63,7,2023-05-26T15:09:18.405000+00:00,22.511,56.691,38.11,139.0,125.0,False,117.312,"[None, 2048, 2048, 2048, 2048, 2048]","[2048, 2048, 2048, 2048, 2048, 2048, 2048, 2048, 2048, 2048]","[2048, 2048, 2048, 2048]",133.0
1210,9088,14,7,2023-05-26T15:09:20.061000+00:00,28.23,49.464,31.402,129.0,159.0,False,109.096,"[2048, 2048, 2048, 2048, 2048, 2048]","[2048, 2048, 2048, 2048, 2048, 2048, 2048, 2048, 2048, 2048]","[2048, 2048, 2048, 2048]",219.0
1210,9088,22,7,2023-05-26T15:09:23.624000+00:00,19.635,35.062,19.566,212.0,200.0,False,74.263,"[2049, 2049, 2049, 2049, 2049, 2049]","[2049, 2049, 2049, 2049, 2049, 2049, 2049, 2049, 2049, 2049]","[2051, 2049, 2049, 2049]",281.0
1210,9088,24,7,2023-05-26T15:09:25.342000+00:00,27.723,51.377,34.88,134.0,135.0,False,113.98,"[2048, 2048, 2048, 2048, 2048, 2048]","[2048, 2048, 2048, 2048, 2048, 2048, 2048, 2048, 2048, 2048]","[2048, 2048, 2048, 2048, 2048]",239.0
1210,9088,18,7,2023-05-26T15:09:32.499000+00:00,29.692,50.802,38.353,100.0,148.0,False,118.847,"[2048, 2048, 2048, 2048, 2048, 2048]","[2048, 2048, 2048, 2048, 2048, 2048, 2048, 2048, 2048, 2048]","[2048, 2048, 2048, 2048, 2048]",198.0
1210,9088,20,6,2023-05-26T15:09:39.139000+00:00,22.417,47.748,35.315,133.0,130.0,False,105.48,"[2048, 2049, 2049, 2049, 2048, 2048]","[2048, 2048, 2048, 2048, 2048, 2048, 2048, 2048, 2048, 2048]","[2048, 2048, 2048, 2048]",160.0
1210,9088,44,7,2023-05-26T15:09:45.014000+00:00,29.845,59.882,38.083,89.0,101.0,False,127.81,"[2048, 2048, 2048, 2048, 2048, 2048]","[2048, 2048, 2048, 2048, 2048, 2048, 2048, 2048, 2048, 2048]","[2048, 2048, 2048, 2048, 2048]",157.0
1210,9088,55,7,2023-05-26T15:09:51.451000+00:00,23.465,53.133,38.995,159.0,133.0,False,115.593,"[None, 2048, 2048, 2048, 2048, 2048]","[2048, 2048, 2048, 2048, 2048, 2048, 2048, 2048, 2048, 2048]","[2048, 2048, 2048, 2048, 2048]",223.0
1210,9088,16,7,2023-05-26T15:09:56.498000+00:00,19.541,50.087,35.45,194.0,53.0,False,105.078,"[2049, 2049, 2049, 2049, 2048, 2048]","[2048, 2048, 2048, 2048, 2048, 2048, 2048, 2048, 2048, 2048]","[2048, 2048, 2048, 2048]",226.0
1210,9088,10,7,2023-05-26T15:09:59.733000+00:00,24.733,52.039,42.04,124.0,112.0,False,118.812,"[None, 2048, 2048, 2048, 2048, 2048]","[2048, 2048, 2048, 2048, 2048, 2048, 2048, 2048, 2048, 2048]","[2048, 2048, 2048, 2048, 2048]",201.0
1210,9088,27,8,2023-05-26T15:10:10.154000+00:00,19.534,35.741,20.123,210.0,196.0,False,75.398,"[2049, 2049, 2049, 2048, 2049, 2049]","[2049, 2048, 2048, 2048, 2048, 2048, 2048, 2049, 2049, 2048]","[2048, 2048, 2048, 2048]",277.0
1210,9088,21,8,2023-05-26T15:10:13.264000+00:00,26.144,44.359,38.693,142.0,125.0,False,109.196,"[None, 2048, 2048, 2048, 2048, 2048]","[2048, 2048, 2048, 2048, 2048, 2048, 2048, 2048, 2048, 2048]","[2048, 2048, 2048, 2048]",241.0
1210,9088,1,7,2023-05-26T15:10:19.654000+00:00,28.785,49.589,32.395,148.0,146.0,False,110.769,"[None, 2048, 2048, 2048, 2048, 2048]","[2048, 2048, 2048, 2048, 2048, 2048, 2048, 2048, 2048, 2048]","[2048, 2048, 2048, 2048]",218.0
1210,9088,11,7,2023-05-26T15:10:35.560000+00:00,19.366,35.046,28.108,208.0,160.0,False,82.52,"[None, 2049, 2048, 2051, 2049, 2049]","[2049, 2049, 2049, 2049, 2049, 2049, 2049, 2049, 2049, 2048]","[2048, 2048, 2048, 2048]",278.0
1210,9088,22,8,2023-05-26T15:10:37.795000+00:00,24.206,42.355,21.755,157.0,179.0,False,88.316,"[2048, 2048, 2048, 2048, 2048, 2048]","[2048, 2048, 2048, 2048, 2048, 2048, 2048, 2048, 2048, 2048]","[2048, 2048, 2048, 2048, 2048]",251.0
1210,9088,2,8,2023-05-26T15:10:47.795000+00:00,19.688,35.643,20.065,208.0,193.0,False,75.396,"[2049, 2048, 2048, 2049, 2049, 2049]","[2049, 2049, 2048, 2048, 2049, 2048, 2048, 2048, 2048, 2049]","[2048, 2049, 2048, 2048]",281.0
1210,9088,81,7,2023-05-26T15:10:51.967000+00:00,19.598,35.388,19.905,209.0,194.0,False,74.891,"[2049, 2048, 2048, 2049, 2048, 2049]","[2049, 2049, 2049, 2049, 2049, 2049, 2049, 2049, 2048, 2049]","[2049, 2049, 2048, 2049]",278.0
1210,9088,77,8,2023-05-26T15:10:56.326000+00:00,19.596,35.126,19.742,215.0,195.0,False,74.464,"[2049, 2049, 2048, 2048, 2049, 2049]","[2051, 2048, 2049, 2049, 2048, 2048, 2048, 2049, 2048, 2049]","[2049, 2049, 2048, 2048]",276.0
1210,9088,31,8,2023-05-26T15:11:01.466000+00:00,19.579,34.87,19.575,209.0,197.0,False,74.024,"[None, 2048, 2049, 2049, 2048, 2049]","[2048, 2048, 2049, 2049, 2049, 2048, 2049, 2049, 2049, 2049]","[2049, 2049, 2049, 2049, 2049]",277.0
1210,9088,14,8,2023-05-26T15:11:09.216000+00:00,19.155,35.0,19.717,215.0,193.0,False,73.872,"[2051, 2049, 2049, 2049, 2049, 2051]","[2048, 2048, 2048, 2048, 2048, 2048, 2048, 2049, 2051, 2048]","[2048, 2048, 2049, 2049]",276.0
1210,9088,63,8,2023-05-26T15:11:15.732000+00:00,19.453,35.338,19.652,211.0,197.0,False,74.443,"[2049, 2048, 2048, 2048, 2049, 2049]","[2049, 2049, 2049, 2048, 2048, 2048, 2048, 2048, 2049, 2049]","[2048, 2049, 2048, 2049]",277.0
1210,9088,24,8,2023-05-26T15:11:19.451000+00:00,19.648,35.395,19.854,211.0,197.0,False,74.897,"[2049, 2049, 2049, 2049, 2049, 2049]","[2048, 2048, 2048, 2048, 2049, 2049, 2048, 2049, 2049, 2049]","[2049, 2049, 2048, 2048]",278.0
1210,9088,20,7,2023-05-26T15:11:24.591000+00:00,19.491,35.196,19.829,210.0,193.0,False,74.516,"[2049, 2049, 2049, 2049, 2049, 2049]","[2048, 2048, 2048, 2049, 2048, 2049, 2048, 2048, 2049, 2049]","[2049, 2048, 2048, 2049, 2049]",277.0
1210,9088,27,9,2023-05-26T15:11:25.435000+00:00,25.617,41.16,43.851,92.0,177.0,False,110.628,"[2048, 2048, 2048, 2048, 2048, 2048]","[2048, 2048, 2048, 2048, 2048, 2048, 2048, 2048, 2048, 2048]","[2048, 2048, 2048, 2064, 2064]",256.0
1210,9088,18,8,2023-05-26T15:11:31.357000+00:00,19.521,35.041,19.646,213.0,196.0,False,74.208,"[None, 2049, 2049, 2048, 2048, 2048]","[2048, 2049, 2048, 2049, 2049, 2049, 2049, 2048, 2049, 2049]","[2049, 2048, 2048, 2049]",274.0
1210,9088,16,8,2023-05-26T15:11:41.247000+00:00,19.501,35.182,19.734,211.0,191.0,False,74.417,"[2048, 2049, 2048, 2048, 2049, 2049]","[2048, 2048, 2048, 2049, 2048, 2048, 2049, 2048, 2048, 2049]","[2049, 2051, 2048, 2048, 2049]",278.0
1210,9088,55,8,2023-05-26T15:11:47.106000+00:00,19.444,34.969,19.54,213.0,196.0,False,73.953,"[2049, 2049, 2048, 2048, 2049, 2049]","[2049, 2048, 2049, 2048, 2048, 2048, 2049, 2049, 2049, 2049]","[2049, 2049, 2048, 2049]",279.0
1210,9088,44,8,2023-05-26T15:11:52.919000+00:00,19.364,45.774,30.038,213.0,62.0,False,95.176,"[2049, 2049, 2048, 2049, 2048, 2048]","[2048, 2048, 2049, 2049, 2048, 2048, 2048, 2048, 2048, 2048]","[2048, 2048, 2048, 2048]",203.0
1210,9088,11,8,2023-05-26T15:11:58.075000+00:00,33.247,54.711,32.91,85.0,106.0,False,120.868,"[None, 2048, 2048, 2048, 2048, 2048]","[2048, 2048, 2048, 2048, 2048, 2048, 2048, 2048, 2048, 2048]","[2048, 2048, 2048, 2048, 2048]",219.0
1210,9088,10,8,2023-05-26T15:11:58.591000+00:00,19.633,34.973,19.581,214.0,194.0,False,74.187,"[2049, 2049, 2048, 2049, 2048, 2049]","[2049, 2048, 2048, 2049, 2049, 2048, 2048, 2049, 2049, 2049]","[2048, 2051, 2048, 2049]",277.0
1210,9088,4,1,2023-05-26T15:12:01.966000+00:00,35.933,45.706,28.093,104.0,167.0,True,109.732,"[2064, 2049, 2049, 2049, 2049, 2049]","[2049, 2049, 2049, 2049, 2049, 2049, 2049, 2049, 2049, 2049]","[2049, 2049, 2049, 2049, 2049]",228.0
1210,9088,21,9,2023-05-26T15:12:02.497000+00:00,19.796,35.384,19.721,211.0,194.0,False,74.901,"[None, 2048, 2048, 2049, 2049, 2048]","[2048, 2048, 2048, 2049, 2048, 2048, 2049, 2049, 2048, 2049]","[2048, 2048, 2048, 2048, 2048]",277.0
1210,9088,2,9,2023-05-26T15:12:03.138000+00:00,31.074,52.406,35.158,138.0,105.0,False,118.638,"[2048, 2048, 2048, 2048, 2048, 2048]","[2048, 2048, 2048, 2048, 2048, 2048, 2048, 2048, 2048, 2048]","[2048, 2048, 2048, 2048, 2048]",260.0
1210,9088,22,9,2023-05-26T15:12:06.231000+00:00,23.929,50.463,27.223,99.0,101.0,False,101.615,"[None, 2048, 2048, 2048, 2048, 2048]","[2048, 2048, 2048, 2048, 2048, 2048, 2048, 2048, 2048, 2048]","[2048, 2048, 2048, 2048, 2048]",124.0
1210,9088,81,8,2023-05-26T15:12:06.778000+00:00,23.712,51.646,32.291,105.0,132.0,False,107.649,"[2048, 2048, 2048, 2048, 2048, 2048]","[2048, 2048, 2048, 2048, 2048, 2048, 2048, 2048, 2048, 2048]","[2048, 2048, 2048, 2048]",244.0
1210,9088,1,8,2023-05-26T15:12:10.450000+00:00,21.102,46.963,25.098,154.0,127.0,False,93.163,"[2049, 2051, 2051, 2048, 2048, 2048]","[2048, 2048, 2048, 2048, 2048, 2048, 2048, 2048, 2048, 2048]","[2048, 2048, 2048, 2048]",213.0
1210,9088,77,9,2023-05-26T15:12:10.794000+00:00,24.353,51.916,53.112,137.0,108.0,False,129.381,"[2048, 2048, 2048, 2048, 2048, 2048]","[2048, 2048, 2048, 2048, 2048, 2048, 2048, 2048, 2048, 2048]","[2048, 2048, 2048, 2064, 2064]",217.0
1210,9088,31,9,2023-05-26T15:12:15.716000+00:00,22.846,49.312,,144.0,105.0,False,695.154,"[None, 2048, 2048, 2048, 2048, 2048]","[2048, 2048, 2048, 2048, 2048, 2048, 2048, 2048, 2048, 2048]","[2048, 2048, 2048, 2064, 2064]",198.0
1210,9088,14,9,2023-05-26T15:12:23.044000+00:00,22.294,42.741,,155.0,99.0,False,494.314,"[2048, 2048, 2048, 2048, 2048, 2048]","[2048, 2048, 2048, 2048, 2048, 2048, 2048, 2048, 2048, 2048]","[2048, 2048, 2048, 2064, 2064]",227.0
1210,9088,63,9,2023-05-26T15:12:30.106000+00:00,30.56,44.217,28.071,152.0,145.0,False,102.848,"[2048, 2048, 2048, 2048, 2048, 2048]","[2048, 2048, 2048, 2048, 2048, 2048, 2048, 2048, 2048, 2048]","[2048, 2048, 2048, 2048, 2048]",218.0
1210,9088,24,9,2023-05-26T15:12:34.215000+00:00,26.881,45.834,65.735,126.0,170.0,False,138.45,"[2048, 2048, 2048, 2048, 2048, 2048]","[2048, 2048, 2048, 2048, 2048, 2048, 2048, 2048, 2048, 2048]","[2048, 2048, 2048, 2064, 2064]",230.0
1210,9088,20,8,2023-05-26T15:12:39.434000+00:00,27.158,50.458,26.778,110.0,174.0,False,104.394,"[2048, 2048, 2048, 2048, 2048, 2048]","[2048, 2048, 2048, 2048, 2048, 2048, 2048, 2048, 2048, 2048]","[2048, 2048, 2048, 2048, 2048]",179.0
1210,9088,18,9,2023-05-26T15:12:45.481000+00:00,23.718,43.587,,136.0,168.0,False,485.639,"[None, 2048, 2048, 2048, 2048, 2048]","[2048, 2048, 2048, 2048, 2048, 2048, 2048, 2048, 2048, 2048]","[2048, 2048, 2048, 2064, 2064]",199.0
1210,9088,16,9,2023-05-26T15:12:55.559000+00:00,19.466,35.374,39.551,,166.0,False,94.391,"[None, 2048, 2048, 2049, 2048, 2049]","[2048, 2048, 2048, 2048, 2048, 2049, 2048, 2048, 2049, 2048]","[2048, 2048, 2048, 2064, 2064]",280.0
1210,9088,55,9,2023-05-26T15:13:00.981000+00:00,24.241,47.022,24.863,141.0,140.0,False,96.126,"[2048, 2048, 2048, 2048, 2048, 2048]","[2048, 2048, 2048, 2048, 2048, 2048, 2048, 2048, 2048, 2048]","[2048, 2048, 2048, 2048, 2048]",220.0
1210,9088,10,9,2023-05-26T15:13:12.699000+00:00,22.904,39.859,,167.0,154.0,False,933.813,"[2048, 2048, 2048, 2048, 2048, 2048]","[2048, 2048, 2048, 2048, 2048, 2048, 2048, 2048, 2048, 2048]","[2048, 2048, 2048, 2064, 2064]",259.0
1210,9088,27,10,2023-05-26T15:13:16.762000+00:00,25.042,46.638,25.07,167.0,139.0,True,96.75,"[2064, 2048, 2048, 2048, 2048, 2048]","[2048, 2048, 2048, 2048, 2048, 2048, 2048, 2049, 2048, 2048]","[2048, 2048, 2048, 2048, 2048]",202.0
1210,9088,21,10,2023-05-26T15:13:17.387000+00:00,26.578,47.254,25.101,164.0,151.0,False,98.933,"[None, 2048, 2048, 2048, 2048, 2048]","[2048, 2048, 2048, 2048, 2048, 2048, 2048, 2048, 2048, 2048]","[2048, 2048, 2048, 2048, 2048]",216.0
1210,9088,44,9,2023-05-26T15:13:28.074000+00:00,19.457,38.771,,216.0,174.0,False,683.534,"[2048, 2048, 2048, 2048, 2048, 2049]","[2048, 2048, 2048, 2048, 2048, 2048, 2048, 2048, 2048, 2048]","[2048, 2048, 2048, 2064, 2064]",254.0
1210,9088,1,9,2023-05-26T15:13:43.621000+00:00,19.27,34.827,19.47,213.0,198.0,False,73.567,"[None, 2048, 2048, 2049, 2049, 2049]","[2048, 2048, 2048, 2049, 2049, 2048, 2049, 2049, 2048, 2049]","[2049, 2048, 2048, 2048]",279.0
1210,9088,22,10,2023-05-26T15:13:47.808000+00:00,19.789,35.382,19.862,211.0,196.0,False,75.033,"[None, 2048, 2048, 2048, 2049, 2048]","[2049, 2048, 2048, 2048, 2048, 2048, 2048, 2048, 2048, 2048]","[2048, 2048, 2048, 2048, 2048]",276.0
1210,9088,4,2,2023-05-26T15:13:51.089000+00:00,20.133,35.847,19.791,203.0,189.0,False,75.771,"[2049, 2049, 2049, 2049, 2049, 2049]","[2049, 2049, 2049, 2049, 2049, 2049, 2049, 2049, 2049, 2049]","[2049, 2049, 2049, 2049]",278.0
1210,9088,81,9,2023-05-26T15:13:54.511000+00:00,19.462,35.248,19.907,212.0,196.0,False,74.617,"[2049, 2049, 2049, 2048, 2048, 2049]","[2049, 2049, 2049, 2048, 2048, 2049, 2049, 2048, 2048, 2049]","[2049, 2048, 2048, 2048]",279.0
1210,9088,11,9,2023-05-26T15:13:58.933000+00:00,19.294,38.876,51.569,210.0,101.0,False,109.739,"[2049, 2049, 2049, 2051, 2048, 2049]","[2049, 2048, 2049, 2048, 2049, 2049, 2049, 2048, 2048, 2048]","[2048, 2048, 2048, 2064, 2064]",280.0
1210,9088,2,10,2023-05-26T15:14:01.824000+00:00,19.617,35.554,20.168,205.0,191.0,False,75.339,"[2049, 2048, 2048, 2049, 2049, 2048]","[2049, 2048, 2048, 2049, 2048, 2048, 2049, 2048, 2048, 2048]","[2048, 2049, 2048, 2049]",281.0
1210,9088,63,10,2023-05-26T15:14:13.027000+00:00,19.323,35.014,19.553,214.0,200.0,False,73.89,"[2049, 2051, 2048, 2049, 2049, 2049]","[2049, 2049, 2049, 2049, 2049, 2048, 2049, 2048, 2048, 2049]","[2049, 2049, 2048, 2049]",276.0
1210,9088,77,10,2023-05-26T15:14:20.745000+00:00,25.97,40.41,,179.0,169.0,True,428.966,"[2064, 2048, 2048, 2048, 2048, 2048]","[2048, 2048, 2048, 2048, 2048, 2048, 2048, 2048, 2048, 2048]","[2048, 2048, 2048, 2064, 2064]",256.0
1210,9088,20,9,2023-05-26T15:14:23.495000+00:00,19.442,35.01,19.672,214.0,197.0,False,74.124,"[None, 2048, 2048, 2049, 2049, 2049]","[2049, 2048, 2049, 2049, 2048, 2049, 2048, 2048, 2049, 2051]","[2049, 2049, 2049, 2048, 2048]",277.0
1210,9088,16,10,2023-05-26T15:14:30.636000+00:00,35.076,54.762,32.428,103.0,95.0,True,122.266,"[2064, 2048, 2048, 2048, 2048, 2048]","[2048, 2048, 2048, 2048, 2048, 2048, 2048, 2048, 2048, 2048]","[2048, 2048, 2048, 2048]",200.0
1210,9088,55,10,2023-05-26T15:14:37.214000+00:00,19.434,34.914,19.46,212.0,198.0,False,73.808,"[2049, 2049, 2048, 2048, 2049, 2048]","[2049, 2048, 2049, 2048, 2049, 2048, 2049, 2048, 2048, 2049]","[2049, 2049, 2049, 2048]",278.0
1210,9088,27,11,2023-05-26T15:14:52.901000+00:00,19.813,35.704,19.931,207.0,196.0,False,75.448,"[2048, 2048, 2048, 2049, 2048, 2048]","[2048, 2048, 2048, 2048, 2048, 2048, 2048, 2048, 2049, 2049]","[2049, 2048, 2048, 2048, 2048]",275.0
1210,9088,24,10,2023-05-26T15:14:53.401000+00:00,32.962,45.211,,118.0,177.0,True,465.713,"[2064, 2048, 2048, 2048, 2048, 2048]","[2048, 2048, 2048, 2048, 2048, 2048, 2048, 2048, 2048, 2048]","[2048, 2048, 2048, 2064, 2064]",210.0
1210,9088,21,11,2023-05-26T15:14:56.339000+00:00,19.65,40.373,27.653,213.0,101.0,False,87.676,"[2049, 2048, 2048, 2049, 2048, 2049]","[2049, 2048, 2049, 2048, 2048, 2048, 2051, 2048, 2048, 2048]","[2048, 2048, 2048, 2048, 2048]",278.0
1210,9088,1,10,2023-05-26T15:14:57.104000+00:00,27.89,50.856,31.116,142.0,69.0,False,109.862,"[2048, 2048, 2048, 2048, 2048, 2048]","[2048, 2048, 2048, 2048, 2048, 2048, 2048, 2048, 2048, 2048]","[2048, 2048, 2048, 2048, 2048]",205.0
1210,9088,22,11,2023-05-26T15:15:02.839000+00:00,26.456,42.743,,151.0,161.0,False,533.632,"[None, 2048, 2048, 2048, 2048, 2048]","[2048, 2048, 2048, 2048, 2048, 2048, 2048, 2048, 2048, 2048]","[2048, 2048, 2048, 2064, 2064]",155.0
1210,9088,4,3,2023-05-26T15:15:06.839000+00:00,23.509,42.793,24.66,143.0,152.0,False,90.962,"[2048, 2048, 2048, 2048, 2048, 2048]","[2048, 2048, 2048, 2048, 2048, 2048, 2048, 2048, 2048, 2048]","[2048, 2048, 2048, 2048, 2049]",198.0
1210,9088,81,10,2023-05-26T15:15:09.073000+00:00,24.769,41.404,,158.0,151.0,False,529.036,"[2048, 2048, 2048, 2048, 2048, 2048]","[2048, 2048, 2048, 2048, 2048, 2048, 2048, 2048, 2048, 2048]","[2048, 2048, 2048, 2064, 2064]",239.0
1210,9088,2,11,2023-05-26T15:15:17.057000+00:00,19.676,39.935,,208.0,125.0,False,376.931,"[None, 2048, 2048, 2048, 2049, 2048]","[2048, 2048, 2048, 2048, 2048, 2048, 2048, 2048, 2048, 2048]","[2048, 2048, 2048, 2064, 2064]",271.0
1210,9088,63,11,2023-05-26T15:15:26.807000+00:00,23.747,35.929,,205.0,168.0,False,483.11,"[2048, 2048, 2048, 2048, 2048, 2048]","[2048, 2048, 2048, 2048, 2048, 2048, 2048, 2048, 2048, 2048]","[2048, 2048, 2048, 2064, 2064]",276.0
1210,9088,20,10,2023-05-26T15:15:37.573000+00:00,22.98,38.533,,163.0,181.0,False,647.193,"[None, 2048, 2048, 2048, 2048, 2048]","[2048, 2048, 2048, 2048, 2048, 2048, 2048, 2048, 2048, 2048]","[2048, 2048, 2048, 2064, 2064]",256.0
1210,9088,11,10,2023-05-26T15:15:49.229000+00:00,29.652,50.435,32.419,129.0,112.0,True,112.506,"[2064, 2048, 2048, 2048, 2048, 2048]","[2048, 2048, 2048, 2048, 2048, 2048, 2048, 2048, 2048, 2048]","[2048, 2048, 2048, 2048, 2048]",214.0
1210,9088,55,11,2023-05-26T15:15:50.963000+00:00,24.579,50.768,29.918,131.0,135.0,False,105.265,"[2048, 2048, 2048, 2048, 2048, 2048]","[2048, 2048, 2048, 2048, 2048, 2048, 2048, 2048, 2048, 2048]","[2048, 2048, 2048, 2048]",202.0
1210,9088,27,12,2023-05-26T15:16:08.353000+00:00,19.456,36.465,25.477,210.0,140.0,False,81.398,"[2049, 2048, 2048, 2049, 2049, 2048]","[2049, 2048, 2048, 2048, 2048, 2048, 2048, 2048, 2048, 2048]","[2048, 2048, 2048, 2048, 2048]",276.0
1210,9088,21,12,2023-05-26T15:16:24.010000+00:00,19.662,35.382,19.688,,194.0,False,74.732,"[None, 2048, 2048, 2048, 2048, 2049]","[2049, 2048, 2048, 2048, 2048, 2048, 2048, 2048, 2048, 2049]","[2049, 2048, 2048, 2048, 2048]",275.0
1210,9088,16,11,2023-05-26T15:16:32.291000+00:00,19.482,35.027,19.507,214.0,196.0,False,74.016,"[2048, 2048, 2048, 2049, 2048, 2049]","[2048, 2048, 2049, 2048, 2048, 2048, 2049, 2049, 2049, 2049]","[2049, 2048, 2049, 2049, 2049]",276.0
1210,9088,4,4,2023-05-26T15:16:37.822000+00:00,19.645,35.123,19.659,211.0,196.0,False,74.427,"[2049, 2049, 2049, 2049, 2049, 2049]","[2049, 2049, 2049, 2049, 2049, 2048, 2049, 2049, 2049, 2049]","[2049, 2049, 2049, 2049]",278.0
1210,9088,1,11,2023-05-26T15:16:47.009000+00:00,29.868,45.14,22.542,152.0,125.0,False,97.55,"[None, 2048, 2048, 2048, 2048, 2048]","[2048, 2048, 2048, 2048, 2048, 2048, 2048, 2048, 2048, 2048]","[2048, 2048, 2048, 2048, 2048]",222.0
1210,9088,27,13,2023-05-26T15:17:29.774000+00:00,19.579,35.828,19.968,207.0,195.0,False,75.375,"[2048, 2048, 2048, 2048, 2049, 2048]","[2048, 2048, 2048, 2048, 2048, 2048, 2048, 2048, 2048, 2049]","[2049, 2049, 2048, 2048, 2048]",273.0
1210,9088,55,12,2023-05-26T15:17:36.259000+00:00,19.373,34.973,,214.0,198.0,False,512.599,"[2049, 2048, 2048, 2049, 2048, 2049]","[2049, 2048, 2048, 2049, 2048, 2048, 2048, 2048, 2048, 2049]","[2048, 2048, 2048, 2064, 2064]",277.0
1210,9088,21,13,2023-05-26T15:17:38.743000+00:00,25.331,39.032,,189.0,166.0,False,310.319,"[2048, 2048, 2048, 2048, 2048, 2048]","[2048, 2048, 2048, 2048, 2048, 2048, 2048, 2048, 2048, 2048]","[2048, 2048, 2048, 2064, 2064]",251.0
1210,9088,11,11,2023-05-26T15:17:41.181000+00:00,19.209,34.851,19.588,214.0,198.0,False,73.648,"[2049, 2048, 2048, 2048, 2049, 2049]","[2049, 2048, 2049, 2049, 2049, 2048, 2048, 2048, 2049, 2049]","[2049, 2048, 2049, 2049]",278.0
1210,9088,16,12,2023-05-26T15:17:46.243000+00:00,25.978,52.536,24.484,87.0,152.0,False,102.998,"[2049, 2048, 2048, 2048, 2048, 2048]","[2048, 2048, 2048, 2048, 2048, 2048, 2048, 2048, 2048, 2048]","[2048, 2048, 2048, 2048]",123.0
1210,9088,4,5,2023-05-26T15:17:52.149000+00:00,25.652,50.482,25.741,127.0,140.0,False,101.875,"[2048, 2048, 2048, 2048, 2048, 2048]","[2048, 2048, 2048, 2048, 2048, 2048, 2048, 2048, 2048, 2048]","[2048, 2048, 2048, 2048, 2048]",171.0
1210,9088,1,12,2023-05-26T15:18:24.586000+00:00,19.176,34.776,19.36,209.0,195.0,False,73.312,"[2049, 2049, 2048, 2049, 2048, 2048]","[2048, 2049, 2048, 2051, 2048, 2048, 2048, 2049, 2048, 2048]","[2048, 2049, 2051, 2048]",276.0
1210,9088,27,14,2023-05-26T15:18:45.133000+00:00,19.556,35.858,20.09,209.0,193.0,False,75.504,"[None, 2048, 2048, 2049, 2048, 2048]","[2048, 2048, 2048, 2048, 2048, 2048, 2048, 2048, 2048, 2049]","[2048, 2048, 2048, 2048, 2048]",274.0
1210,9088,11,12,2023-05-26T15:18:54.758000+00:00,22.612,37.962,,171.0,192.0,False,707.177,"[2048, 2048, 2048, 2048, 2048, 2048]","[2048, 2048, 2048, 2048, 2048, 2048, 2048, 2048, 2048, 2048]","[2048, 2048, 2048, 2064, 2064]",259.0
1210,9088,16,13,2023-05-26T15:19:29.320000+00:00,19.293,35.043,19.487,215.0,194.0,False,73.823,"[None, 2049, 2048, 2048, 2049, 2048]","[2048, 2048, 2048, 2049, 2048, 2048, 2048, 2049, 2049, 2049]","[2048, 2048, 2049, 2049, 2048]",275.0
1210,9088,4,6,2023-05-26T15:19:34.117000+00:00,19.593,35.256,19.566,210.0,198.0,False,74.415,"[None, 2049, 2048, 2049, 2049, 2048]","[2049, 2048, 2049, 2048, 2048, 2048, 2049, 2048, 2048, 2049]","[2049, 2049, 2049, 2048, 2048]",276.0
1210,9088,1,13,2023-05-26T15:19:37.804000+00:00,21.26,37.357,,179.0,178.0,False,647.527,"[2048, 2048, 2048, 2048, 2048, 2048]","[2048, 2048, 2048, 2048, 2048, 2048, 2048, 2048, 2048, 2048]","[2048, 2048, 2048, 2064, 2064]",259.0
1210,9088,27,15,2023-05-26T15:20:00.617000+00:00,23.161,39.951,,180.0,164.0,False,744.945,"[None, 2048, 2048, 2048, 2048, 2048]","[2048, 2048, 2048, 2048, 2048, 2048, 2048, 2048, 2048, 2048]","[2048, 2048, 2048, 2064, 2064]",255.0
1210,9088,14,10,2023-05-26T15:20:38.038000+00:00,24.818,38.404,21.74,178.0,176.0,True,84.962,"[2064, 2048, 2048, 2048, 2048, 2048]","[2048, 2048, 2048, 2048, 2048, 2048, 2048, 2048, 2048, 2048]","[2048, 2048, 2048, 2048, 2049]",259.0
1210,9088,16,14,2023-05-26T15:20:43.460000+00:00,26.369,41.804,,110.0,155.0,False,471.096,"[2048, 2048, 2048, 2048, 2048, 2048]","[2048, 2048, 2048, 2048, 2048, 2048, 2048, 2048, 2048, 2048]","[2048, 2048, 2048, 2064, 2064]",248.0
1210,9088,4,7,2023-05-26T15:20:48.475000+00:00,25.38,50.728,23.419,120.0,147.0,False,99.527,"[None, 2048, 2048, 2048, 2048, 2048]","[2048, 2048, 2048, 2048, 2048, 2048, 2048, 2048, 2048, 2048]","[2048, 2048, 2048, 2048, 2048]",180.0
1210,9088,18,10,2023-05-26T15:20:51.866000+00:00,25.408,39.527,22.631,170.0,182.0,True,87.566,"[2064, 2048, 2048, 2048, 2048, 2048]","[2048, 2048, 2048, 2048, 2048, 2048, 2048, 2048, 2048, 2048]","[2048, 2048, 2048, 2048, 2048]",259.0
1210,9088,77,11,2023-05-26T15:21:29.662000+00:00,24.793,38.363,20.687,190.0,181.0,True,83.843,"[None, 2048, 2048, 2048, 2048, 2048]","[2048, 2048, 2048, 2048, 2048, 2048, 2048, 2048, 2048, 2048]","[2048, 2048, 2048, 2048, 2048]",258.0
1210,9088,2,12,2023-05-26T15:21:34.647000+00:00,26.415,38.645,27.412,172.0,180.0,True,92.472,"[2064, 2048, 2048, 2048, 2048, 2048]","[2048, 2048, 2048, 2048, 2048, 2048, 2048, 2048, 2048, 2048]","[2048, 2048, 2048, 2048, 2048]",275.0
1210,9088,14,11,2023-05-26T15:22:02.381000+00:00,18.999,34.542,19.245,213.0,199.0,False,72.786,"[2051, 2048, 2049, 2049, 2051, 2048]","[2049, 2051, 2049, 2051, 2051, 2049, 2049, 2049, 2051, 2049]","[2049, 2051, 2051, 2051]",277.0
1210,9088,18,11,2023-05-26T15:22:18.756000+00:00,19.259,34.834,19.549,210.0,196.0,False,73.642,"[2049, 2048, 2048, 2049, 2049, 2048]","[2049, 2048, 2049, 2049, 2049, 2048, 2048, 2049, 2049, 2051]","[2049, 2049, 2049, 2048, 2048]",272.0
1210,9088,4,8,2023-05-26T15:22:28.068000+00:00,19.435,35.104,19.498,211.0,196.0,False,74.037,"[2049, 2048, 2048, 2049, 2048, 2048]","[2048, 2048, 2048, 2048, 2048, 2048, 2049, 2048, 2049, 2048]","[2049, 2051, 2048, 2048, 2049]",276.0
1210,9088,24,11,2023-05-26T15:22:39.083000+00:00,27.551,39.064,26.989,158.0,179.0,True,93.604,"[None, 2048, 2048, 2048, 2048, 2048]","[2048, 2048, 2048, 2048, 2048, 2048, 2048, 2048, 2048, 2048]","[2048, 2048, 2048, 2048]",260.0
1210,9088,21,14,2023-05-26T15:22:49.662000+00:00,26.252,38.038,24.457,186.0,177.0,True,88.747,"[2064, 2048, 2048, 2048, 2048, 2048]","[2048, 2048, 2048, 2048, 2048, 2048, 2048, 2048, 2048, 2048]","[2048, 2048, 2048, 2048, 2048]",263.0
1210,9088,77,12,2023-05-26T15:22:52.990000+00:00,19.184,34.649,19.518,218.0,197.0,False,73.351,"[2049, 2049, 2049, 2049, 2048, 2049]","[2051, 2051, 2049, 2049, 2051, 2049, 2049, 2049, 2049, 2049]","[2049, 2048, 2049, 2049]",278.0
1210,9088,2,13,2023-05-26T15:23:06.521000+00:00,19.44,35.078,19.745,211.0,193.0,False,74.263,"[2049, 2049, 2048, 2049, 2049, 2048]","[2049, 2049, 2049, 2049, 2049, 2048, 2048, 2049, 2049, 2049]","[2048, 2049, 2049, 2049]",279.0
1210,9088,14,12,2023-05-26T15:23:15.130000+00:00,34.101,44.64,27.305,112.0,174.0,False,106.046,"[2048, 2048, 2048, 2048, 2048, 2048]","[2048, 2048, 2048, 2048, 2048, 2048, 2048, 2048, 2048, 2048]","[2048, 2048, 2048, 2048]",252.0
1210,9088,63,12,2023-05-26T15:23:30.552000+00:00,24.251,38.198,21.518,193.0,179.0,True,83.967,"[2064, 2048, 2048, 2048, 2048, 2048]","[2048, 2048, 2048, 2048, 2048, 2048, 2048, 2049, 2048, 2048]","[2048, 2048, 2048, 2048, 2048]",230.0
1210,9088,18,12,2023-05-26T15:23:32.317000+00:00,26.539,43.458,27.61,150.0,154.0,False,97.607,"[2048, 2048, 2048, 2048, 2048, 2048]","[2048, 2048, 2048, 2048, 2048, 2048, 2048, 2048, 2048, 2048]","[2048, 2048, 2048, 2048, 2048]",251.0
1210,9088,4,9,2023-05-26T15:23:42.442000+00:00,25.437,41.171,,167.0,170.0,False,393.563,"[2048, 2048, 2048, 2048, 2048, 2048]","[2048, 2048, 2048, 2048, 2048, 2048, 2048, 2048, 2048, 2048]","[2048, 2048, 2048, 2064, 2064]",239.0
1210,9088,31,10,2023-05-26T15:23:51.239000+00:00,26.314,39.107,22.356,170.0,170.0,True,87.777,"[2064, 2048, 2048, 2048, 2048, 2048]","[2048, 2048, 2048, 2048, 2048, 2048, 2048, 2048, 2048, 2048]","[2048, 2048, 2048, 2048]",272.0
1210,9088,22,12,2023-05-26T15:23:57.036000+00:00,24.608,38.123,24.804,178.0,186.0,True,87.535,"[2064, 2048, 2048, 2048, 2048, 2048]","[2048, 2048, 2048, 2048, 2048, 2048, 2048, 2048, 2048, 2048]","[2048, 2048, 2048, 2048, 2048]",263.0
1210,9088,81,11,2023-05-26T15:23:58.833000+00:00,29.006,47.534,22.813,82.0,161.0,True,99.353,"[2064, 2048, 2048, 2048, 2048, 2048]","[2048, 2048, 2048, 2048, 2048, 2048, 2048, 2048, 2048, 2048]","[2048, 2048, 2048, 2048]",254.0
1210,9088,77,13,2023-05-26T15:24:06.270000+00:00,24.049,48.447,25.052,83.0,147.0,False,97.548,"[2048, 2048, 2048, 2048, 2048, 2048]","[2048, 2048, 2048, 2048, 2048, 2048, 2048, 2048, 2048, 2048]","[2048, 2048, 2048, 2048, 2048]",245.0
1210,9088,24,12,2023-05-26T15:24:12.082000+00:00,19.337,34.942,19.523,215.0,199.0,False,73.802,"[2049, 2049, 2049, 2049, 2049, 2049]","[2049, 2049, 2048, 2048, 2049, 2049, 2049, 2049, 2049, 2049]","[2049, 2048, 2049, 2049, 2049]",279.0
1210,9088,21,15,2023-05-26T15:24:17.817000+00:00,19.349,34.877,19.437,214.0,199.0,False,73.663,"[2049, 2048, 2048, 2049, 2049, 2049]","[2049, 2049, 2049, 2049, 2048, 2048, 2048, 2048, 2048, 2049]","[2049, 2049, 2051, 2048]",277.0
1210,9088,2,14,2023-05-26T15:24:20.723000+00:00,25.928,43.081,26.855,155.0,140.0,False,95.864,"[2048, 2048, 2048, 2048, 2048, 2048]","[2048, 2048, 2048, 2048, 2048, 2048, 2048, 2048, 2048, 2048]","[2048, 2048, 2048, 2048, 2048]",264.0
1210,9088,44,10,2023-05-26T15:24:52.223000+00:00,25.758,38.433,21.198,162.0,185.0,True,85.389,"[2064, 2048, 2048, 2048, 2048, 2048]","[2048, 2048, 2048, 2048, 2048, 2048, 2048, 2048, 2048, 2048]","[2048, 2048, 2048, 2048]",266.0
1210,9088,63,13,2023-05-26T15:24:53.973000+00:00,19.119,34.705,19.368,215.0,201.0,False,73.192,"[2049, 2048, 2048, 2049, 2049, 2051]","[2049, 2049, 2048, 2049, 2049, 2048, 2048, 2048, 2049, 2049]","[2049, 2049, 2049, 2049]",274.0
1210,9088,14,13,2023-05-26T15:25:01.223000+00:00,22.013,45.745,21.763,159.0,165.0,False,89.521,"[None, 2049, 2048, 2048, 2048, 2048]","[2048, 2048, 2048, 2048, 2048, 2048, 2048, 2048, 2048, 2048]","[2048, 2048, 2048, 2048, 2048]",248.0
1210,9088,18,13,2023-05-26T15:25:10.019000+00:00,19.054,34.656,19.704,218.0,198.0,False,73.414,"[2049, 2049, 2049, 2048, 2049, 2049]","[2048, 2049, 2049, 2049, 2049, 2049, 2049, 2048, 2048, 2048]","[2049, 2048, 2048, 2049]",277.0
1210,9088,31,11,2023-05-26T15:25:18.394000+00:00,19.217,34.537,19.408,211.0,197.0,False,73.162,"[2049, 2049, 2049, 2049, 2049, 2049]","[2049, 2051, 2049, 2051, 2049, 2049, 2049, 2048, 2048, 2049]","[2049, 2049, 2049, 2049]",279.0
1210,9088,22,13,2023-05-26T15:25:24.004000+00:00,19.364,34.7,19.577,216.0,199.0,False,73.641,"[2049, 2048, 2048, 2049, 2049, 2049]","[2049, 2049, 2049, 2049, 2048, 2048, 2048, 2049, 2048, 2049]","[2048, 2049, 2049, 2048]",276.0
1210,9088,24,13,2023-05-26T15:25:25.800000+00:00,27.316,48.019,25.218,145.0,147.0,False,100.553,"[2048, 2048, 2048, 2048, 2048, 2048]","[2048, 2048, 2048, 2048, 2048, 2048, 2048, 2048, 2048, 2048]","[2048, 2048, 2048, 2048, 2048]",246.0
1210,9088,21,16,2023-05-26T15:25:31.410000+00:00,27.236,45.401,27.0,129.0,154.0,False,99.637,"[2048, 2048, 2048, 2048, 2048, 2048]","[2048, 2048, 2048, 2048, 2048, 2048, 2048, 2048, 2048, 2048]","[2048, 2048, 2048, 2048]",237.0
1210,9088,81,12,2023-05-26T15:25:37.581000+00:00,19.49,34.856,19.545,215.0,198.0,False,73.891,"[2049, 2049, 2049, 2048, 2048, 2048]","[2049, 2048, 2049, 2049, 2049, 2049, 2049, 2049, 2049, 2049]","[2051, 2049, 2049, 2049, 2051]",279.0
1210,9088,77,14,2023-05-26T15:25:43.894000+00:00,19.209,34.975,19.456,218.0,196.0,False,73.64,"[2049, 2049, 2049, 2048, 2049, 2049]","[2048, 2048, 2048, 2048, 2048, 2049, 2049, 2048, 2048, 2048]","[2048, 2049, 2048, 2049, 2049]",279.0
1210,9088,2,15,2023-05-26T15:25:56.691000+00:00,19.43,48.377,30.132,210.0,96.0,False,97.939,"[None, 2048, 2048, 2048, 2049, 2049]","[2048, 2049, 2048, 2048, 2048, 2048, 2048, 2048, 2048, 2048]","[2048, 2048, 2048, 2048, 2048]",226.0
1210,9088,63,14,2023-05-26T15:26:07.159000+00:00,29.241,54.646,25.764,85.0,133.0,False,109.651,"[2048, 2048, 2048, 2048, 2048, 2048]","[2048, 2048, 2048, 2048, 2048, 2048, 2048, 2048, 2048, 2048]","[2048, 2048, 2048, 2048]",155.0
1210,9088,55,13,2023-05-26T15:26:09.487000+00:00,30.935,39.007,23.572,182.0,171.0,True,93.514,"[2064, 2048, 2048, 2048, 2048, 2048]","[2048, 2048, 2048, 2048, 2048, 2048, 2048, 2048, 2048, 2048]","[2048, 2048, 2048, 2048, 0]",271.0
1210,9088,44,11,2023-05-26T15:26:17.003000+00:00,19.048,34.687,19.47,218.0,199.0,False,73.205,"[2049, 2049, 2048, 2049, 2048, 2049]","[2049, 2049, 2049, 2049, 2048, 2048, 2049, 2049, 2049, 2048]","[2049, 2049, 2048, 2049]",275.0
1210,9088,18,14,2023-05-26T15:26:23.331000+00:00,38.243,53.273,24.345,78.0,130.0,False,115.861,"[2048, 2048, 2048, 2048, 2048, 2048]","[2048, 2048, 2048, 2048, 2048, 2048, 2048, 2048, 2048, 2048]","[2048, 2048, 2048, 2048, 2048]",195.0
1210,9088,20,11,2023-05-26T15:26:25.456000+00:00,25.761,40.903,30.952,117.0,132.0,True,97.616,"[2064, 2048, 2048, 2048, 2048, 2048]","[2048, 2048, 2048, 2048, 2048, 2048, 2048, 2048, 2048, 2048]","[2048, 2048, 2048, 2048, 2049]",264.0
1210,9088,14,14,2023-05-26T15:26:30.753000+00:00,19.067,34.409,19.398,217.0,201.0,False,72.874,"[None, 2051, 2049, 2049, 2048, 2048]","[2049, 2048, 2048, 2048, 2051, 2049, 2049, 2048, 2051, 2049]","[2048, 2049, 2048, 2048, 2048]",279.0
1210,9088,31,12,2023-05-26T15:26:31.503000+00:00,28.962,47.246,25.226,128.0,132.0,False,101.434,"[2048, 2048, 2048, 2048, 2048, 2048]","[2048, 2048, 2048, 2048, 2048, 2048, 2048, 2048, 2048, 2048]","[2048, 2048, 2048, 2048, 2048]",196.0
1210,9088,22,14,2023-05-26T15:26:37.550000+00:00,29.367,49.63,27.097,93.0,120.0,False,106.094,"[2048, 2048, 2048, 2048, 2048, 2048]","[2048, 2048, 2048, 2048, 2048, 2048, 2048, 2048, 2048, 2048]","[2048, 2048, 2048, 2048]",230.0
1210,9088,81,13,2023-05-26T15:26:51.378000+00:00,23.249,48.004,26.026,160.0,157.0,False,97.279,"[2048, 2048, 2048, 2048, 2048, 2048]","[2048, 2048, 2048, 2048, 2048, 2048, 2048, 2048, 2048, 2048]","[2048, 2048, 2048, 2048, 2048]",243.0
1210,9088,77,15,2023-05-26T15:26:57.549000+00:00,24.454,45.321,43.278,149.0,151.0,False,113.053,"[2048, 2048, 2048, 2048, 2048, 2048]","[2048, 2048, 2048, 2048, 2048, 2048, 2048, 2048, 2048, 2048]","[2048, 2048, 2048, 2064, 2064]",242.0
1210,9088,24,14,2023-05-26T15:27:06.471000+00:00,19.313,35.041,20.268,216.0,198.0,False,74.622,"[2049, 2049, 2049, 2048, 2049, 2048]","[2049, 2048, 2048, 2049, 2048, 2048, 2048, 2049, 2049, 2049]","[2049, 2048, 2048, 2048, 2048]",279.0
1210,9088,21,17,2023-05-26T15:27:11.127000+00:00,19.288,35.041,19.606,213.0,198.0,False,73.935,"[2049, 2049, 2048, 2049, 2048, 2048]","[2049, 2048, 2048, 2048, 2048, 2048, 2048, 2048, 2048, 2048]","[2048, 2048, 2048, 2048, 2048]",278.0
1210,9088,44,12,2023-05-26T15:27:30.112000+00:00,34.276,49.807,25.659,69.0,109.0,False,109.742,"[2048, 2048, 2048, 2048, 2048, 2048]","[2048, 2048, 2048, 2048, 2048, 2048, 2048, 2048, 2048, 2048]","[2048, 2048, 2048, 2048]",210.0
1210,9088,2,16,2023-05-26T15:27:34.580000+00:00,31.623,52.116,31.016,138.0,152.0,False,114.755,"[None, 2048, 2048, 2048, 2048, 2048]","[2048, 2048, 2048, 2048, 2048, 2048, 2048, 2048, 2048, 2048]","[2048, 2048, 2048, 2048]",142.0
1210,9088,55,14,2023-05-26T15:27:42.377000+00:00,19.085,34.237,19.247,216.0,199.0,False,72.569,"[2049, 2049, 2049, 2049, 2048, 2048]","[2048, 2051, 2049, 2051, 2049, 2049, 2048, 2049, 2049, 2049]","[2049, 2051, 2048, 2051]",279.0
1210,9088,14,15,2023-05-26T15:27:43.611000+00:00,24.878,46.615,30.465,134.0,159.0,False,101.958,"[None, 2048, 2048, 2048, 2048, 2048]","[2048, 2048, 2048, 2048, 2048, 2048, 2048, 2048, 2048, 2048]","[2048, 2048, 2048, 2048, 2048]",142.0
1210,9088,63,15,2023-05-26T15:27:56.846000+00:00,19.142,34.564,19.485,218.0,200.0,False,73.191,"[None, 2049, 2049, 2048, 2049, 2048]","[2049, 2049, 2049, 2049, 2049, 2049, 2048, 2048, 2048, 2049]","[2048, 2048, 2048, 2051]",279.0
1210,9088,20,12,2023-05-26T15:28:02.658000+00:00,19.065,34.689,32.578,217.0,196.0,False,86.332,"[2049, 2049, 2049, 2051, 2049, 2048]","[2048, 2049, 2049, 2049, 2049, 2049, 2048, 2048, 2048, 2051]","[2048, 2048, 2048, 2048]",281.0
1210,9088,31,13,2023-05-26T15:28:13.033000+00:00,19.311,34.569,19.647,211.0,197.0,False,73.527,"[None, 2049, 2048, 2048, 2051, 2048]","[2048, 2048, 2051, 2048, 2048, 2048, 2048, 2049, 2049, 2049]","[2048, 2048, 2048, 2048]",277.0
1210,9088,18,15,2023-05-26T15:28:19.298000+00:00,19.082,34.622,19.481,215.0,199.0,False,73.185,"[2049, 2049, 2049, 2049, 2048, 2048]","[2049, 2049, 2048, 2048, 2049, 2049, 2048, 2048, 2049, 2048]","[2048, 2048, 2049, 2048]",279.0
1210,9088,24,15,2023-05-26T15:28:21.064000+00:00,27.64,44.498,54.378,111.0,142.0,False,126.516,"[2048, 2048, 2048, 2048, 2048, 2048]","[2048, 2048, 2048, 2048, 2048, 2048, 2048, 2048, 2048, 2048]","[2048, 2048, 2048, 2064, 2064]",241.0
1210,9088,22,15,2023-05-26T15:28:23.752000+00:00,19.401,34.586,19.835,217.0,200.0,False,73.822,"[None, 2048, 2048, 2048, 2048, 2049]","[2049, 2049, 2049, 2048, 2048, 2048, 2049, 2048, 2048, 2049]","[2048, 2048, 2048, 2048, 2048]",277.0
1210,9088,21,18,2023-05-26T15:28:25.064000+00:00,29.71,40.845,53.955,140.0,162.0,False,124.51,"[2048, 2048, 2048, 2048, 2048, 2048]","[2048, 2048, 2048, 2048, 2048, 2048, 2048, 2048, 2048, 2048]","[2048, 2048, 2048, 2064, 2064]",252.0
1210,9088,81,14,2023-05-26T15:28:28.705000+00:00,19.29,34.93,20.146,205.0,200.0,False,74.366,"[2049, 2049, 2049, 2049, 2048, 2048]","[2048, 2048, 2048, 2048, 2049, 2048, 2049, 2048, 2048, 2049]","[2051, 2049, 2049, 2048, 2048]",279.0
1210,9088,16,15,2023-05-26T15:28:34.830000+00:00,26.013,47.128,28.288,161.0,128.0,True,101.429,"[2064, 2048, 2048, 2048, 2048, 2048]","[2048, 2048, 2048, 2048, 2048, 2048, 2048, 2048, 2048, 2048]","[2048, 2048, 2048, 2048, 2048]",210.0
1210,9088,10,10,2023-05-26T15:28:47.204000+00:00,24.971,40.134,28.788,184.0,154.0,True,93.893,"[2064, 2048, 2048, 2048, 2048, 2048]","[2048, 2048, 2048, 2048, 2048, 2048, 2048, 2048, 2048, 2048]","[2048, 2048, 2048, 2048]",273.0
1210,9088,77,16,2023-05-26T15:28:51.142000+00:00,34.541,42.133,22.948,156.0,135.0,True,99.622,"[2064, 2048, 2048, 2048, 2048, 2048]","[2048, 2048, 2048, 2048, 2048, 2048, 2048, 2048, 2048, 2048]","[2048, 2048, 2048, 2048, 2048]",255.0
1210,9088,55,15,2023-05-26T15:28:54.939000+00:00,30.449,66.405,29.45,96.0,105.0,False,126.304,"[2048, 2048, 2048, 2048, 2048, 2048]","[2048, 2048, 2048, 2048, 2048, 2048, 2048, 2048, 2048, 2048]","[2048, 2048, 2048, 2048]",124.0
1210,9088,63,16,2023-05-26T15:29:10.017000+00:00,28.289,54.488,31.513,149.0,101.0,False,114.29,"[None, 2048, 2048, 2048, 2048, 2048]","[2048, 2048, 2048, 2048, 2048, 2048, 2048, 2048, 2048, 2048]","[2048, 2048, 2048, 2048]",153.0
1210,9088,44,13,2023-05-26T15:29:19.938000+00:00,24.757,54.122,29.904,80.0,117.0,False,108.783,"[None, 2049, 2048, 2048, 2048, 2048]","[2048, 2048, 2048, 2048, 2048, 2048, 2048, 2048, 2048, 2048]","[2048, 2048, 2048, 2048]",157.0
1210,9088,14,16,2023-05-26T15:29:25.579000+00:00,19.07,34.337,19.275,219.0,199.0,False,72.682,"[None, 2048, 2048, 2049, 2048, 2048]","[2048, 2049, 2049, 2048, 2048, 2048, 2049, 2048, 2048, 2051]","[2048, 2048, 2048, 2048]",277.0
1210,9088,31,14,2023-05-26T15:29:26.532000+00:00,31.577,49.339,32.661,93.0,127.0,False,113.577,"[None, 2048, 2048, 2048, 2048, 2048]","[2048, 2048, 2048, 2048, 2048, 2048, 2048, 2048, 2048, 2048]","[2048, 2048, 2048, 2048]",168.0
1210,9088,20,13,2023-05-26T15:29:28.798000+00:00,27.165,50.289,30.692,112.0,112.0,False,108.146,"[2048, 2048, 2048, 2048, 2048, 2048]","[2048, 2048, 2048, 2048, 2048, 2048, 2048, 2048, 2048, 2048]","[2048, 2048, 2048, 2048, 2048]",174.0
1210,9088,2,17,2023-05-26T15:29:29.391000+00:00,26.679,44.527,31.798,142.0,94.0,False,103.004,"[None, 2048, 2048, 2048, 2048, 2048]","[2048, 2048, 2048, 2048, 2048, 2048, 2048, 2048, 2048, 2048]","[2048, 2048, 2048, 2048, 2048]",265.0
1210,9088,18,16,2023-05-26T15:29:32.501000+00:00,31.85,59.069,34.522,98.0,121.0,False,125.441,"[2048, 2048, 2048, 2048, 2048, 2048]","[2048, 2048, 2048, 2048, 2048, 2048, 2048, 2048, 2048, 2048]","[2048, 2048, 2048, 2048, 2048]",119.0
1210,9088,22,16,2023-05-26T15:29:37.563000+00:00,29.194,52.637,27.962,123.0,96.0,False,109.793,"[None, 2048, 2048, 2048, 2048, 2048]","[2048, 2048, 2048, 2048, 2048, 2048, 2048, 2048, 2048, 2048]","[2048, 2048, 2048, 2048]",206.0
1210,9088,81,15,2023-05-26T15:29:43.048000+00:00,24.997,53.31,31.235,126.0,97.0,False,109.542,"[2048, 2048, 2048, 2048, 2048, 2048]","[2048, 2048, 2048, 2048, 2048, 2048, 2048, 2048, 2048, 2048]","[2048, 2048, 2048, 2048, 2048]",176.0
1210,9088,16,16,2023-05-26T15:30:15.641000+00:00,19.122,34.428,19.405,218.0,197.0,False,72.955,"[2049, 2049, 2049, 2049, 2049, 2049]","[2049, 2051, 2049, 2049, 2048, 2048, 2049, 2049, 2049, 2049]","[2049, 2048, 2049, 2048]",279.0
1210,9088,4,10,2023-05-26T15:30:16.313000+00:00,27.552,43.217,21.159,171.0,181.0,True,91.928,"[2064, 2048, 2048, 2048, 2048, 2048]","[2048, 2048, 2048, 2048, 2048, 2048, 2048, 2048, 2048, 2048]","[2048, 2048, 2048, 2048]",261.0
1210,9088,10,11,2023-05-26T15:30:20.469000+00:00,19.296,34.406,19.387,218.0,200.0,False,73.089,"[2049, 2048, 2049, 2049, 2049, 2049]","[2049, 2049, 2049, 2049, 2049, 2049, 2049, 2049, 2049, 2049]","[2051, 2049, 2049, 2048]",280.0
1210,9088,1,14,2023-05-26T15:30:26.281000+00:00,26.647,42.064,20.937,185.0,182.0,True,89.648,"[2064, 2048, 2048, 2048, 2048, 2048]","[2048, 2048, 2048, 2048, 2048, 2048, 2048, 2048, 2048, 2048]","[2048, 2048, 2048, 2048]",273.0
1210,9088,24,16,2023-05-26T15:30:28.344000+00:00,27.877,43.424,24.984,164.0,143.0,True,96.285,"[2064, 2048, 2048, 2048, 2048, 2048]","[2048, 2048, 2048, 2048, 2048, 2048, 2048, 2048, 2048, 2048]","[2048, 2048, 2048, 2048]",258.0
1210,9088,77,17,2023-05-26T15:30:30.219000+00:00,19.093,34.587,19.37,219.0,199.0,False,73.05,"[2048, 2049, 2049, 2049, 2049, 2049]","[2048, 2048, 2049, 2049, 2048, 2048, 2048, 2049, 2048, 2049]","[2048, 2049, 2048, 2049]",279.0
1210,9088,21,19,2023-05-26T15:30:30.266000+00:00,26.645,45.165,27.26,172.0,136.0,True,99.07,"[2064, 2048, 2048, 2048, 2048, 2048]","[2048, 2048, 2048, 2048, 2048, 2048, 2048, 2048, 2048, 2048]","[2048, 2048, 2048, 2048, 2048]",266.0
1210,9088,14,17,2023-05-26T15:30:38.172000+00:00,26.469,46.782,25.829,139.0,149.0,False,99.08,"[None, 2048, 2048, 2048, 2048, 2048]","[2048, 2048, 2048, 2048, 2048, 2048, 2048, 2048, 2048, 2048]","[2048, 2048, 2048, 2048, 2048]",213.0
1210,9088,11,13,2023-05-26T15:30:42.594000+00:00,26.418,41.678,25.903,173.0,132.0,True,93.999,"[2064, 2048, 2048, 2048, 2048, 2048]","[2048, 2048, 2048, 2048, 2048, 2048, 2048, 2048, 2048, 2048]","[2048, 2048, 2048, 2048, 2048]",237.0
1210,9088,55,16,2023-05-26T15:31:01.218000+00:00,19.152,34.299,19.442,215.0,200.0,False,72.893,"[None, 2048, 2049, 2048, 2049, 2048]","[2049, 2048, 2048, 2048, 2049, 2049, 2049, 2048, 2049, 2048]","[2048, 2048, 2049, 2048, 2049]",281.0
1210,9088,63,17,2023-05-26T15:31:04.297000+00:00,29.035,56.653,25.18,96.0,110.0,False,110.868,"[None, 2048, 2048, 2048, 2048, 2048]","[2048, 2048, 2048, 2048, 2048, 2048, 2048, 2048, 2048, 2048]","[2048, 2048, 2048, 2048]",170.0
1210,9088,44,14,2023-05-26T15:31:08.766000+00:00,19.112,34.55,19.337,217.0,197.0,False,72.999,"[None, 2048, 2049, 2048, 2049, 2048]","[2048, 2048, 2048, 2049, 2049, 2049, 2049, 2048, 2049, 2049]","[2048, 2049, 2048, 2049]",280.0
1210,9088,2,18,2023-05-26T15:31:12.359000+00:00,19.571,35.207,19.856,209.0,194.0,False,74.634,"[None, 2048, 2048, 2049, 2048, 2048]","[2048, 2048, 2048, 2048, 2048, 2048, 2048, 2048, 2048, 2048]","[2048, 2048, 2049, 2048, 2048]",280.0
1210,9088,20,14,2023-05-26T15:31:16.921000+00:00,19.187,34.708,19.562,215.0,199.0,False,73.457,"[None, 2048, 2049, 2048, 2048, 2049]","[2048, 2049, 2049, 2048, 2048, 2049, 2049, 2048, 2049, 2051]","[2049, 2049, 2049, 2048]",282.0
1210,9088,31,15,2023-05-26T15:31:20.078000+00:00,26.827,45.683,29.195,55.0,103.0,False,101.705,"[None, 2048, 2048, 2048, 2048, 2048]","[2048, 2048, 2048, 2048, 2048, 2048, 2048, 2048, 2048, 2048]","[2048, 2048, 2048, 2048, 2048]",250.0
1210,9088,22,17,2023-05-26T15:31:27.359000+00:00,19.481,34.803,19.576,216.0,200.0,False,73.86,"[None, 2048, 2048, 2048, 2048, 2048]","[2048, 2048, 2048, 2048, 2048, 2048, 2048, 2048, 2048, 2048]","[2048, 2048, 2048, 2048]",278.0
1210,9088,16,17,2023-05-26T15:31:28.578000+00:00,28.652,53.328,24.659,117.0,146.0,False,106.639,"[2048, 2048, 2048, 2048, 2048, 2048]","[2048, 2048, 2048, 2048, 2048, 2048, 2048, 2049, 2048, 2048]","[2048, 2048, 2048, 2048]",126.0
1210,9088,81,16,2023-05-26T15:31:32.609000+00:00,19.207,34.91,19.556,217.0,198.0,False,73.673,"[None, 2048, 2048, 2048, 2049, 2048]","[2048, 2048, 2048, 2049, 2049, 2049, 2049, 2048, 2048, 2048]","[2048, 2048, 2048, 2048]",281.0
1210,9088,10,12,2023-05-26T15:31:33.484000+00:00,33.619,49.207,30.589,71.0,146.0,False,113.415,"[2048, 2048, 2048, 2048, 2048, 2048]","[2048, 2048, 2048, 2048, 2048, 2048, 2048, 2048, 2048, 2048]","[2048, 2048, 2048, 2048]",245.0
1210,9088,18,17,2023-05-26T15:31:37.921000+00:00,28.215,45.482,29.215,77.0,174.0,False,102.912,"[None, 2048, 2048, 2048, 2048, 2048]","[2048, 2048, 2048, 2048, 2048, 2048, 2048, 2048, 2048, 2048]","[2048, 2048, 2048, 2048]",177.0
1210,9088,77,18,2023-05-26T15:31:43.156000+00:00,24.625,51.207,,71.0,169.0,False,402.554,"[None, 2048, 2048, 2048, 2048, 2048]","[2048, 2048, 2048, 2048, 2048, 2048, 2048, 2048, 2048, 2048]","[2048, 2048, 2048, 2064, 2064]",242.0
1210,9088,4,11,2023-05-26T15:31:47.593000+00:00,19.913,46.202,31.199,120.0,153.0,False,97.314,"[2049, 2051, 2051, 2049, 2049, 2048]","[2048, 2048, 2048, 2048, 2048, 2048, 2048, 2048, 2048, 2048]","[2048, 2048, 2048, 2048, 2048]",145.0
1210,9088,1,15,2023-05-26T15:31:55.093000+00:00,18.97,34.441,19.326,215.0,198.0,False,72.737,"[2049, 2048, 2048, 2049, 2049, 2049]","[2049, 2049, 2051, 2048, 2048, 2049, 2049, 2049, 2048, 2049]","[2048, 2048, 2049, 2049]",280.0
1210,9088,24,17,2023-05-26T15:32:03.858000+00:00,19.201,34.715,19.624,209.0,199.0,False,73.54,"[2049, 2049, 2049, 2049, 2049, 2048]","[2048, 2049, 2049, 2049, 2049, 2049, 2048, 2049, 2049, 2048]","[2048, 2048, 2048, 2049]",282.0
1210,9088,21,20,2023-05-26T15:32:08.640000+00:00,19.137,34.991,19.592,218.0,197.0,False,73.72,"[2048, 2048, 2048, 2048, 2049, 2049]","[2049, 2048, 2048, 2048, 2048, 2048, 2048, 2048, 2048, 2048]","[2049, 2048, 2048, 2048, 2048]",279.0
1210,9088,55,17,2023-05-26T15:32:14.186000+00:00,29.712,54.4,50.629,134.0,108.0,False,134.741,"[None, 2048, 2048, 2048, 2048, 2048]","[2048, 2048, 2048, 2048, 2048, 2048, 2048, 2048, 2048, 2048]","[2048, 2048, 2048, 2064, 2064]",137.0
1210,9088,11,14,2023-05-26T15:32:15.999000+00:00,19.159,34.431,19.401,210.0,198.0,False,72.991,"[2049, 2048, 2048, 2049, 2048, 2048]","[2048, 2049, 2049, 2049, 2048, 2048, 2048, 2049, 2048, 2049]","[2049, 2049, 2049, 2048, 2048]",280.0
1210,9088,14,18,2023-05-26T15:32:17.311000+00:00,23.308,46.799,23.759,126.0,172.0,False,93.866,"[None, 2048, 2048, 2048, 2048, 2048]","[2048, 2048, 2048, 2048, 2048, 2048, 2048, 2048, 2048, 2048]","[2048, 2048, 2048, 2048]",215.0
1210,9088,44,15,2023-05-26T15:32:21.749000+00:00,31.424,60.265,37.892,102.0,94.0,False,129.581,"[None, 2048, 2048, 2048, 2048, 2048]","[2048, 2048, 2048, 2048, 2048, 2048, 2048, 2048, 2048, 2048]","[2048, 2048, 2048, 2048, 2048]",134.0
1210,9088,27,16,2023-05-26T15:32:26.186000+00:00,26.928,39.223,25.654,175.0,182.0,True,91.805,"[2064, 2048, 2048, 2048, 2048, 2048]","[2048, 2048, 2048, 2048, 2048, 2048, 2048, 2048, 2048, 2048]","[2048, 2048, 2048, 2048]",263.0
1210,9088,2,19,2023-05-26T15:32:26.983000+00:00,27.339,46.766,30.956,124.0,122.0,False,105.061,"[None, 2048, 2048, 2048, 2048, 2048]","[2048, 2048, 2048, 2048, 2048, 2048, 2048, 2048, 2048, 2048]","[2048, 2048, 2048, 2048, 2048]",252.0
1210,9088,20,15,2023-05-26T15:32:30.280000+00:00,25.236,47.878,34.172,127.0,153.0,False,107.286,"[None, 2048, 2048, 2048, 2048, 2048]","[2048, 2048, 2048, 2048, 2048, 2048, 2048, 2048, 2048, 2048]","[2048, 2048, 2048, 2048, 2049]",247.0
1210,9088,22,18,2023-05-26T15:32:41.217000+00:00,26.265,50.577,32.517,148.0,124.0,False,109.359,"[None, 2048, 2048, 2048, 2048, 2048]","[2048, 2048, 2048, 2048, 2048, 2048, 2048, 2048, 2048, 2048]","[2048, 2048, 2048, 2048]",232.0
1210,9088,81,17,2023-05-26T15:32:46.202000+00:00,24.368,50.497,36.128,157.0,122.0,False,110.993,"[None, 2048, 2048, 2048, 2048, 2048]","[2048, 2048, 2048, 2048, 2048, 2048, 2048, 2048, 2048, 2048]","[2048, 2048, 2048, 2048, 2048]",239.0
1210,9088,63,18,2023-05-26T15:32:55.170000+00:00,22.215,44.264,33.202,169.0,160.0,False,99.681,"[None, 2048, 2048, 2048, 2048, 2048]","[2048, 2048, 2048, 2048, 2048, 2048, 2048, 2048, 2048, 2048]","[2048, 2048, 2048, 2048]",247.0
1210,9088,31,16,2023-05-26T15:33:01.795000+00:00,19.204,34.683,19.799,214.0,197.0,False,73.686,"[None, 2048, 2048, 2049, 2051, 2049]","[2049, 2048, 2048, 2048, 2049, 2048, 2048, 2048, 2048, 2048]","[2048, 2049, 2048, 2048]",278.0
1210,9088,1,16,2023-05-26T15:33:07.701000+00:00,35.41,51.3,30.925,74.0,119.0,False,117.635,"[2048, 2048, 2048, 2048, 2048, 2048]","[2048, 2048, 2048, 2048, 2048, 2048, 2048, 2048, 2048, 2048]","[2048, 2048, 2048, 2048, 2048]",169.0
1210,9088,16,18,2023-05-26T15:33:15.248000+00:00,19.076,34.488,19.331,217.0,200.0,False,72.895,"[2049, 2049, 2049, 2048, 2049, 2049]","[2048, 2048, 2048, 2048, 2049, 2049, 2048, 2048, 2049, 2049]","[2049, 2049, 2048, 2049]",281.0
1210,9088,24,18,2023-05-26T15:33:17.342000+00:00,29.805,49.477,46.387,75.0,119.0,False,125.669,"[2048, 2048, 2048, 2048, 2048, 2048]","[2048, 2048, 2048, 2048, 2048, 2048, 2048, 2048, 2048, 2048]","[2048, 2048, 2048, 2064, 2064]",205.0
1210,9088,18,18,2023-05-26T15:33:20.826000+00:00,19.373,41.274,,211.0,161.0,False,422.73,"[None, 2048, 2048, 2048, 2049, 2048]","[2048, 2048, 2048, 2048, 2048, 2048, 2048, 2048, 2048, 2048]","[2048, 2048, 2048, 2064, 2064]",184.0
1210,9088,21,21,2023-05-26T15:33:22.342000+00:00,32.243,48.447,31.732,167.0,172.0,False,112.422,"[None, 2048, 2048, 2048, 2048, 2048]","[2048, 2048, 2048, 2048, 2048, 2048, 2048, 2048, 2048, 2048]","[2048, 2048, 2048, 2048, 2048]",150.0
1210,9088,4,12,2023-05-26T15:33:24.936000+00:00,19.291,34.433,19.182,210.0,197.0,False,72.906,"[2048, 2048, 2048, 2048, 2048, 2048]","[2049, 2049, 2049, 2049, 2049, 2049, 2049, 2049, 2049, 2049]","[2049, 2049, 2049, 2049, 2051]",280.0
1210,9088,10,13,2023-05-26T15:33:26.983000+00:00,24.312,48.98,29.738,134.0,105.0,False,103.03,"[None, 2048, 2048, 2048, 2048, 2048]","[2048, 2048, 2048, 2048, 2048, 2048, 2048, 2048, 2048, 2048]","[2048, 2048, 2048, 2048, 2048]",237.0
1210,9088,11,15,2023-05-26T15:33:28.920000+00:00,28.135,50.354,32.174,123.0,144.0,False,110.663,"[2048, 2048, 2048, 2048, 2048, 2048]","[2048, 2048, 2048, 2048, 2048, 2048, 2048, 2048, 2048, 2048]","[2048, 2048, 2048, 2048, 2048]",169.0
1210,9088,14,19,2023-05-26T15:33:51.185000+00:00,18.844,34.469,19.468,220.0,198.0,False,72.781,"[None, 2048, 2048, 2048, 2049, 2049]","[2048, 2049, 2049, 2048, 2048, 2048, 2048, 2048, 2048, 2048]","[2049, 2048, 2048, 2048, 2048]",278.0
1210,9088,27,17,2023-05-26T15:33:57.388000+00:00,19.197,34.808,19.515,215.0,196.0,False,73.52,"[2049, 2049, 2049, 2049, 2048, 2048]","[2049, 2049, 2049, 2049, 2049, 2049, 2049, 2048, 2049, 2049]","[2049, 2049, 2049, 2049]",281.0
1210,9088,2,20,2023-05-26T15:34:12.060000+00:00,19.413,35.075,19.75,208.0,194.0,False,74.238,"[None, 2049, 2048, 2048, 2048, 2048]","[2049, 2048, 2048, 2048, 2048, 2048, 2049, 2048, 2048, 2048]","[2048, 2048, 2049, 2048]",279.0
1210,9088,31,17,2023-05-26T15:34:15.482000+00:00,29.194,54.785,30.568,106.0,154.0,False,114.547,"[None, 2048, 2048, 2048, 2048, 2048]","[2048, 2048, 2048, 2048, 2048, 2048, 2048, 2048, 2048, 2048]","[2048, 2048, 2048, 2048, 2048]",220.0
1210,9088,20,16,2023-05-26T15:34:17.669000+00:00,19.332,34.67,19.502,216.0,197.0,False,73.504,"[None, 2048, 2048, 2048, 2048, 2048]","[2049, 2048, 2048, 2048, 2049, 2048, 2048, 2048, 2049, 2048]","[2048, 2049, 2049, 2049]",281.0
1210,9088,16,19,2023-05-26T15:34:28.076000+00:00,27.079,50.643,83.813,65.0,124.0,False,161.535,"[2048, 2048, 2048, 2048, 2048, 2048]","[2048, 2048, 2048, 2048, 2048, 2048, 2048, 2048, 2048, 2048]","[2048, 2048, 2048, 2064, 2064]",190.0
1210,9088,55,18,2023-05-26T15:34:29.529000+00:00,43.179,53.767,26.328,115.0,173.0,True,123.274,"[2064, 2048, 2048, 2048, 2048, 2048]","[2048, 2048, 2048, 2048, 2048, 2048, 2048, 2048, 2048, 2048]","[2048, 2048, 2048, 2048, 0]",238.0
1210,9088,22,19,2023-05-26T15:34:30.591000+00:00,20.482,47.642,25.195,141.0,133.0,False,93.319,"[None, 2048, 2048, 2048, 2048, 2048]","[2048, 2048, 2048, 2048, 2048, 2048, 2048, 2048, 2048, 2048]","[2048, 2048, 2048, 2048, 2048]",236.0
1210,9088,44,16,2023-05-26T15:34:31.263000+00:00,36.578,46.508,24.674,95.0,175.0,False,107.76,"[None, 2048, 2048, 2048, 2048, 2048]","[2048, 2048, 2048, 2048, 2048, 2048, 2048, 2048, 2048, 2048]","[2048, 2048, 2048, 2048]",254.0
1210,9088,63,19,2023-05-26T15:34:34.857000+00:00,19.141,39.333,24.676,213.0,127.0,False,83.15,"[2049, 2049, 2048, 2048, 2048, 2048]","[2048, 2048, 2048, 2048, 2048, 2048, 2048, 2048, 2048, 2048]","[2048, 2048, 2048, 2048, 2048]",202.0
1210,9088,81,18,2023-05-26T15:34:37.294000+00:00,19.19,37.466,,214.0,131.0,False,461.242,"[2049, 2049, 2049, 2049, 2048, 2048]","[2048, 2048, 2048, 2048, 2048, 2048, 2048, 2049, 2048, 2048]","[2048, 2048, 2048, 2064, 2064]",280.0
1210,9088,4,13,2023-05-26T15:34:37.685000+00:00,24.896,56.352,26.632,131.0,116.0,False,107.88,"[None, 2048, 2048, 2048, 2048, 2048]","[2048, 2048, 2048, 2048, 2048, 2048, 2048, 2048, 2048, 2048]","[2048, 2048, 2048, 2048]",175.0
1210,9088,14,20,2023-05-26T15:35:03.950000+00:00,23.612,44.688,,186.0,126.0,False,432.355,"[None, 2048, 2048, 2048, 2048, 2048]","[2048, 2048, 2048, 2048, 2048, 2048, 2048, 2048, 2048, 2048]","[2048, 2048, 2048, 2064, 2064]",228.0
1210,9088,1,17,2023-05-26T15:35:05.403000+00:00,33.619,50.425,25.263,152.0,132.0,False,109.307,"[None, 2048, 2048, 2048, 2048, 2048]","[2048, 2048, 2048, 2048, 2048, 2048, 2048, 2048, 2048, 2048]","[2048, 2048, 2048, 2048, 2048]",212.0
1210,9088,10,14,2023-05-26T15:35:10.013000+00:00,19.419,35.034,19.564,215.0,196.0,False,74.017,"[None, 2049, 2048, 2048, 2048, 2048]","[2048, 2049, 2048, 2048, 2048, 2048, 2048, 2048, 2048, 2048]","[2048, 2048, 2049, 2049, 2048]",277.0
1210,9088,27,18,2023-05-26T15:35:10.856000+00:00,27.502,45.121,23.674,131.0,127.0,False,96.297,"[2048, 2048, 2048, 2048, 2048, 2048]","[2048, 2048, 2048, 2048, 2048, 2048, 2048, 2048, 2048, 2048]","[2048, 2048, 2048, 2048, 2048]",202.0
1210,9088,21,22,2023-05-26T15:35:14.763000+00:00,19.323,34.974,19.616,212.0,198.0,False,73.913,"[None, 2048, 2048, 2048, 2048, 2048]","[2048, 2048, 2048, 2048, 2048, 2048, 2048, 2049, 2048, 2048]","[2048, 2048, 2048, 2048]",278.0
1210,9088,11,16,2023-05-26T15:35:19.653000+00:00,28.883,56.079,26.382,93.0,105.0,False,111.344,"[None, 2048, 2048, 2048, 2048, 2048]","[2048, 2048, 2048, 2048, 2048, 2048, 2048, 2048, 2048, 2048]","[2048, 2048, 2048, 2048, 2048]",185.0
1210,9088,24,19,2023-05-26T15:35:23.669000+00:00,28.831,45.529,24.899,157.0,135.0,True,99.259,"[2064, 2048, 2048, 2048, 2048, 2048]","[2048, 2048, 2048, 2048, 2048, 2048, 2048, 2048, 2048, 2048]","[2048, 2048, 2048, 2048, 2049]",257.0
1210,9088,2,21,2023-05-26T15:35:26.200000+00:00,21.044,43.009,,162.0,123.0,False,402.084,"[None, 2048, 2048, 2048, 2048, 2048]","[2048, 2048, 2048, 2048, 2048, 2048, 2048, 2048, 2048, 2048]","[2048, 2048, 2048, 2064, 2064]",259.0
1210,9088,20,17,2023-05-26T15:35:31.184000+00:00,24.591,54.413,,169.0,112.0,False,781.219,"[None, 2048, 2048, 2048, 2048, 2048]","[2048, 2048, 2048, 2048, 2048, 2048, 2048, 2048, 2048, 2048]","[2048, 2048, 2048, 2064, 2064]",250.0
1210,9088,63,20,2023-05-26T15:35:58.012000+00:00,19.091,34.723,26.938,216.0,202.0,False,80.752,"[None, 2048, 2048, 2048, 2049, 2049]","[2048, 2048, 2048, 2048, 2048, 2048, 2048, 2048, 2049, 2048]","[2048, 2048, 2048, 2048, 2048]",276.0
1210,9088,22,20,2023-05-26T15:36:03.903000+00:00,19.336,34.709,24.482,216.0,200.0,False,78.527,"[None, 2048, 2048, 2049, 2049, 2048]","[2048, 2048, 2048, 2048, 2049, 2048, 2048, 2049, 2049, 2049]","[2048, 2048, 2048, 2048, 2048]",276.0
1210,9088,31,18,2023-05-26T15:36:10.043000+00:00,19.333,34.612,19.454,214.0,198.0,False,73.399,"[None, 2048, 2048, 2048, 2051, 2049]","[2049, 2048, 2048, 2048, 2048, 2048, 2048, 2048, 2048, 2048]","[2048, 2048, 2049, 2048, 2048]",276.0
1210,9088,44,17,2023-05-26T15:36:19.043000+00:00,22.184,45.189,23.326,155.0,148.0,False,90.699,"[None, 2048, 2048, 2048, 2048, 2048]","[2048, 2048, 2048, 2048, 2048, 2048, 2048, 2048, 2048, 2048]","[2048, 2048, 2048, 2048, 2048]",265.0
1210,9088,10,15,2023-05-26T15:36:24.074000+00:00,28.657,44.554,26.615,48.0,159.0,False,99.826,"[None, 2048, 2048, 2048, 2048, 2048]","[2048, 2048, 2048, 2048, 2048, 2048, 2048, 2048, 2048, 2048]","[2048, 2048, 2048, 2048]",258.0
1210,9088,4,14,2023-05-26T15:36:25.699000+00:00,19.268,34.695,19.166,213.0,197.0,False,73.129,"[None, 2048, 2048, 2049, 2048, 2049]","[2049, 2048, 2048, 2048, 2048, 2048, 2048, 2049, 2048, 2049]","[2048, 2051, 2048, 2049, 2048]",277.0
1210,9088,21,23,2023-05-26T15:36:28.684000+00:00,26.936,42.264,,138.0,154.0,False,720.052,"[None, 2048, 2048, 2048, 2048, 2048]","[2048, 2048, 2048, 2048, 2048, 2048, 2048, 2048, 2048, 2048]","[2048, 2048, 2048, 2064, 2064]",253.0
1210,9088,55,19,2023-05-26T15:36:32.168000+00:00,21.403,39.655,25.263,173.0,152.0,False,86.321,"[2048, 2049, 2048, 2048, 2048, 2048]","[2048, 2048, 2048, 2048, 2048, 2048, 2048, 2049, 2048, 2048]","[2048, 2048, 2048, 2048, 2048]",224.0
1210,9088,27,19,2023-05-26T15:36:47.199000+00:00,19.293,35.096,19.714,213.0,190.0,False,74.103,"[None, 2048, 2048, 2048, 2049, 2048]","[2048, 2048, 2049, 2048, 2048, 2049, 2048, 2048, 2048, 2048]","[2048, 2048, 2049, 2048]",281.0
1210,9088,1,18,2023-05-26T15:36:54.746000+00:00,18.963,34.276,19.223,216.0,198.0,False,72.462,"[None, 2048, 2048, 2048, 2049, 2051]","[2049, 2049, 2048, 2049, 2049, 2048, 2049, 2048, 2048, 2049]","[2049, 2049, 2048, 2048]",279.0
1210,9088,24,20,2023-05-26T15:37:02.324000+00:00,19.116,34.728,19.51,217.0,201.0,False,73.354,"[2049, 2049, 2049, 2049, 2048, 2049]","[2049, 2048, 2048, 2048, 2048, 2048, 2048, 2049, 2048, 2049]","[2048, 2049, 2048, 2048, 2048]",280.0
1210,9088,16,20,2023-05-26T15:37:10.308000+00:00,27.48,46.35,25.344,130.0,142.0,True,99.174,"[2064, 2048, 2048, 2048, 2048, 2048]","[2048, 2048, 2048, 2048, 2048, 2048, 2048, 2048, 2048, 2048]","[2048, 2048, 2048, 2048, 2048]",242.0
1210,9088,11,17,2023-05-26T15:37:10.996000+00:00,19.23,34.469,19.387,216.0,192.0,False,73.086,"[None, 2048, 2048, 2048, 2048, 2049]","[2048, 2048, 2049, 2048, 2048, 2048, 2048, 2048, 2048, 2049]","[2048, 2048, 2048, 2049, 2049]",278.0
1210,9088,63,21,2023-05-26T15:37:18.714000+00:00,29.689,50.034,22.439,130.0,134.0,False,102.162,"[2048, 2048, 2048, 2048, 2048, 2048]","[2048, 2048, 2048, 2048, 2048, 2048, 2048, 2048, 2048, 2048]","[2048, 2048, 2048, 2048]",171.0
1210,9088,22,21,2023-05-26T15:37:22.402000+00:00,32.529,53.8,26.573,94.0,146.0,False,112.902,"[None, 2048, 2048, 2048, 2048, 2048]","[2048, 2048, 2048, 2048, 2048, 2048, 2048, 2048, 2048, 2048]","[2048, 2048, 2048, 2048, 2048]",96.0
1210,9088,31,19,2023-05-26T15:37:23.449000+00:00,24.853,38.713,,167.0,175.0,False,656.745,"[None, 2048, 2048, 2048, 2048, 2048]","[2048, 2048, 2048, 2048, 2048, 2048, 2048, 2048, 2048, 2048]","[2048, 2048, 2048, 2064, 2064]",254.0
1210,9088,4,15,2023-05-26T15:37:38.870000+00:00,21.549,54.622,27.441,158.0,142.0,False,103.612,"[None, 2048, 2048, 2048, 2048, 2048]","[2048, 2048, 2048, 2048, 2048, 2048, 2048, 2048, 2048, 2048]","[2048, 2048, 2048, 2048, 2048]",193.0
1210,9088,44,18,2023-05-26T15:37:49.761000+00:00,19.077,34.63,19.253,217.0,200.0,False,72.96,"[None, 2049, 2048, 2048, 2049, 2051]","[2048, 2048, 2048, 2048, 2048, 2048, 2048, 2048, 2048, 2048]","[2049, 2049, 2049, 2048]",277.0
1210,9088,55,20,2023-05-26T15:37:58.479000+00:00,18.922,34.322,19.38,218.0,189.0,False,72.624,"[None, 2048, 2049, 2048, 2049, 2049]","[2049, 2048, 2048, 2048, 2051, 2051, 2048, 2048, 2049, 2048]","[2048, 2048, 2049, 2048]",281.0
1210,9088,27,20,2023-05-26T15:38:01.323000+00:00,25.999,52.486,27.574,142.0,111.0,False,106.059,"[None, 2048, 2048, 2048, 2048, 2048]","[2048, 2048, 2048, 2048, 2048, 2048, 2048, 2048, 2048, 2048]","[2048, 2048, 2048, 2048, 2048]",161.0
1210,9088,10,16,2023-05-26T15:38:03.870000+00:00,19.349,34.807,19.537,217.0,197.0,False,73.693,"[None, 2049, 2048, 2048, 2048, 2049]","[2049, 2048, 2048, 2048, 2048, 2048, 2049, 2048, 2048, 2048]","[2048, 2048, 2049, 2048, 2048]",277.0
1210,9088,1,19,2023-05-26T15:38:07.120000+00:00,26.695,43.627,,158.0,156.0,False,662.829,"[None, 2048, 2048, 2048, 2048, 2048]","[2048, 2048, 2048, 2048, 2048, 2048, 2048, 2048, 2048, 2048]","[2048, 2048, 2048, 2064, 2064]",202.0
1210,9088,24,21,2023-05-26T15:38:15.589000+00:00,23.171,43.269,,171.0,110.0,False,598.176,"[2048, 2048, 2048, 2048, 2048, 2048]","[2048, 2048, 2048, 2048, 2048, 2048, 2048, 2048, 2048, 2048]","[2048, 2048, 2048, 2064, 2064]",251.0
1210,9088,11,18,2023-05-26T15:38:24.089000+00:00,27.851,48.937,25.18,113.0,117.0,False,101.968,"[None, 2048, 2048, 2048, 2048, 2048]","[2048, 2048, 2048, 2048, 2048, 2048, 2048, 2048, 2048, 2048]","[2048, 2048, 2048, 2048, 2048]",217.0
1210,9088,77,19,2023-05-26T15:38:26.370000+00:00,26.279,38.575,23.827,179.0,172.0,True,88.681,"[2064, 2048, 2048, 2048, 2048, 2048]","[2048, 2048, 2048, 2048, 2048, 2048, 2048, 2048, 2048, 2048]","[2048, 2048, 2048, 2048, 2048]",256.0
1210,9088,16,21,2023-05-26T15:38:48.854000+00:00,19.034,47.233,27.799,218.0,78.0,False,94.066,"[2048, 2049, 2048, 2049, 2049, 2049]","[2049, 2048, 2048, 2048, 2048, 2048, 2048, 2048, 2048, 2048]","[2048, 2048, 2048, 2048, 2048]",180.0
1210,9088,63,22,2023-05-26T15:39:00.948000+00:00,19.083,34.739,19.406,214.0,201.0,False,73.228,"[2049, 2048, 2048, 2048, 2049, 2048]","[2048, 2049, 2048, 2048, 2048, 2048, 2048, 2048, 2048, 2049]","[2048, 2048, 2048, 2048, 2048]",276.0
1210,9088,44,19,2023-05-26T15:39:02.666000+00:00,25.262,64.309,32.812,131.0,66.0,False,122.383,"[None, 2048, 2048, 2048, 2048, 2048]","[2048, 2048, 2048, 2048, 2048, 2048, 2048, 2048, 2048, 2048]","[2048, 2048, 2048, 2048, 2048]",130.0
1210,9088,55,21,2023-05-26T15:39:11.104000+00:00,33.736,71.875,36.575,79.0,121.0,False,142.186,"[None, 2048, 2048, 2048, 2048, 2048]","[2048, 2048, 2048, 2048, 2048, 2048, 2048, 2048, 2048, 2048]","[2048, 2048, 2048, 2048, 2048]",112.0
1210,9088,22,22,2023-05-26T15:39:15.354000+00:00,19.206,41.501,,218.0,79.0,False,,"[None, 2049, 2048, 2049, 2049, 2051]","[2048, 2048, 2048, 2048, 2048, 2048, 2048, 2048, 2048, 2048]",[2048],275.0
1210,9088,10,17,2023-05-26T15:39:17.557000+00:00,25.672,56.533,,65.0,92.0,False,579.272,"[None, 2048, 2048, 2048, 2048, 2048]","[2048, 2048, 2048, 2048, 2048, 2048, 2048, 2048, 2048, 2048]","[2048, 2048, 2048, 2064, 2064]",168.0
1210,9088,4,16,2023-05-26T15:39:22.416000+00:00,21.882,40.115,,102.0,183.0,False,544.034,"[None, 2048, 2048, 2049, 2048, 2048]","[2048, 2048, 2048, 2048, 2048, 2048, 2048, 2048, 2048, 2048]","[2048, 2048, 2048, 2064, 2064]",261.0
1210,9088,27,21,2023-05-26T15:39:47.369000+00:00,23.423,46.072,22.169,136.0,161.0,False,91.664,"[None, 2048, 2048, 2048, 2048, 2048]","[2048, 2048, 2048, 2048, 2048, 2048, 2048, 2048, 2048, 2048]","[2048, 2048, 2048, 2048]",223.0
1210,9088,77,20,2023-05-26T15:39:54.463000+00:00,20.073,36.046,20.262,205.0,182.0,False,76.381,"[2048, 2048, 2048, 2048, 2048, 2048]","[2048, 2048, 2048, 2048, 2048, 2048, 2048, 2048, 2048, 2048]","[2048, 2048, 2048, 2048, 2048]",269.0
1210,9088,11,19,2023-05-26T15:40:06.040000+00:00,19.129,34.511,24.082,217.0,201.0,False,77.722,"[None, 2048, 2048, 2048, 2048, 2049]","[2049, 2048, 2049, 2048, 2048, 2048, 2048, 2048, 2048, 2049]","[2048, 2048, 2048, 2048, 2048]",278.0
1210,9088,63,23,2023-05-26T15:40:14.150000+00:00,27.997,53.451,27.682,82.0,101.0,False,109.13,"[2048, 2048, 2048, 2048, 2048, 2048]","[2048, 2048, 2048, 2048, 2048, 2048, 2048, 2048, 2048, 2048]","[2048, 2048, 2048, 2048, 2048]",149.0
1210,9088,16,22,2023-05-26T15:40:22.915000+00:00,18.992,34.326,19.209,219.0,201.0,False,72.527,"[2049, 2049, 2048, 2049, 2048, 2048]","[2049, 2048, 2049, 2048, 2048, 2048, 2048, 2048, 2049, 2049]","[2051, 2049, 2051, 2048]",280.0
1210,9088,18,19,2023-05-26T15:40:24.165000+00:00,26.661,38.808,22.344,172.0,181.0,True,87.813,"[2064, 2048, 2048, 2048, 2048, 2048]","[2048, 2048, 2048, 2048, 2048, 2048, 2048, 2048, 2048, 2048]","[2048, 2048, 2048, 2048]",255.0
1210,9088,44,20,2023-05-26T15:41:05.102000+00:00,19.174,36.252,,217.0,187.0,False,607.759,"[None, 2048, 2048, 2048, 2049, 2048]","[2049, 2048, 2048, 2048, 2048, 2048, 2048, 2048, 2048, 2048]","[2048, 2048, 2048, 2064, 2064]",258.0
1210,9088,77,21,2023-05-26T15:41:10.868000+00:00,19.981,35.758,20.234,207.0,184.0,False,75.973,"[None, 2048, 2048, 2048, 2048, 2048]","[2048, 2048, 2048, 2048, 2048, 2048, 2048, 2048, 2048, 2048]","[2048, 2048, 2048, 2048, 2048]",270.0
1210,9088,27,22,2023-05-26T15:41:19.024000+00:00,19.415,36.461,,209.0,166.0,False,431.772,"[None, 2048, 2048, 2048, 2048, 2048]","[2048, 2048, 2048, 2048, 2048, 2048, 2048, 2049, 2048, 2048]","[2048, 2048, 2048, 2064, 2064]",261.0
1210,9088,11,20,2023-05-26T15:41:23.774000+00:00,28.803,54.956,,57.0,109.0,False,517.268,"[None, 2048, 2048, 2048, 2048, 2048]","[2048, 2048, 2048, 2048, 2048, 2048, 2048, 2048, 2048, 2048]","[2048, 2048, 2048, 2064, 2064]",141.0
1210,9088,55,22,2023-05-26T15:41:33.289000+00:00,19.029,34.312,,217.0,200.0,False,,"[None, 2048, 2048, 2048, 2048, 2048]","[2049, 2048, 2048, 2048, 2048, 2048, 2048, 2048, 2048, 2048]",[2048],280.0
1210,9088,16,23,2023-05-26T15:41:35.368000+00:00,27.324,,,100.0,,False,436.932,"[2048, 2048, 2048, 2048, 2048, 2048]","[2048, 2048, 2048, 2048, 2048, 2048, 2048, 2048, 2048, 2048]","[2048, 2048, 2048, 2064, 2064]",195.0
1210,9088,18,20,2023-05-26T15:41:51.383000+00:00,20.348,36.853,,199.0,164.0,False,377.198,"[2048, 2048, 2048, 2048, 2048, 2048]","[2048, 2048, 2048, 2048, 2048, 2048, 2048, 2048, 2048, 2048]","[2048, 2048, 2048, 2064, 2064]",270.0
1210,9088,63,24,2023-05-26T15:42:03.305000+00:00,18.999,,,215.0,,False,621.843,"[None, 2049, 2048, 2049, 2048, 2048]","[2048, 2048, 2049, 2048, 2048, 2048, 2048, 2048, 2048, 2048]","[2048, 2048, 2048, 2064, 2064]",277.0
1210,9088,2,22,2023-05-26T15:42:08.977000+00:00,25.703,,,185.0,,True,361.566,"[2064, 2048, 2048, 2048, 2048, 2048]","[2048, 2048, 2048, 2048, 2048, 2048, 2048, 2048, 2048, 2048]","[2048, 2048, 2048, 2064, 2064]",
1210,9088,14,21,2023-05-26T15:42:16.930000+00:00,23.768,,,183.0,,True,345.153,"[2064, 2048, 2048, 2048, 2048, 2048]","[2048, 2048, 2048, 2048, 2048, 2048, 2048, 2048, 2048, 2048]","[2048, 2048, 2048, 2064, 2064]",
1210,9088,81,19,2023-05-26T15:42:19.133000+00:00,25.042,,,188.0,,True,357.992,"[2064, 2048, 2048, 2048, 2048, 2048]","[2048, 2048, 2048, 2048, 2048, 2048, 2048, 2048, 2048, 2048]","[2048, 2048, 2048, 2064, 2064]",
1210,9088,77,22,2023-05-26T15:42:26.836000+00:00,20.104,,,,,False,345.354,"[None, 2048, 2048, 2048, 2048, 2048]","[2048, 2048, 2048, 2048, 2048, 2048, 2048, 2048, 2048, 2048]","[2048, 2048, 2048, 2064, 2064]",
1210,9088,14,22,2023-05-26T15:48:03.191000+00:00,26.903,39.836,24.251,167.0,172.0,True,90.99,"[None, 2048, 2048, 2048, 2048, 2048]","[2048, 2048, 2048, 2048, 2048, 2048, 2048, 2048, 2048, 2048]","[2048, 2048, 2048, 2048, 2048]",264.0
1210,9088,18,21,2023-05-26T15:48:09.504000+00:00,27.61,37.674,21.279,169.0,184.0,True,86.563,"[2064, 2048, 2048, 2048, 2048, 2048]","[2048, 2048, 2048, 2048, 2048, 2048, 2048, 2048, 2048, 2048]","[2048, 2048, 2048, 2048]",267.0
1210,9088,2,23,2023-05-26T15:48:10.941000+00:00,27.525,37.304,23.821,173.0,181.0,True,88.65,"[None, 2048, 2048, 2048, 2048, 2048]","[2048, 2048, 2048, 2048, 2048, 2048, 2048, 2048, 2048, 2048]","[2048, 2048, 2048, 2048]",273.0
1210,9088,77,23,2023-05-26T15:48:12.832000+00:00,27.82,37.934,40.984,185.0,175.0,True,106.738,"[2064, 2048, 2048, 2048, 2048, 2048]","[2048, 2048, 2048, 2048, 2048, 2048, 2048, 2048, 2048, 2048]","[2048, 2048, 2048, 2064, 2064]",255.0
1210,9088,24,22,2023-05-26T15:48:14.535000+00:00,28.525,38.86,21.919,153.0,176.0,True,89.304,"[2064, 2048, 2048, 2048, 2048, 2048]","[2048, 2048, 2048, 2048, 2048, 2048, 2048, 2048, 2048, 2048]","[2048, 2048, 2048, 2048, 2048]",258.0
1210,9088,81,20,2023-05-26T15:48:17.176000+00:00,30.436,37.951,38.839,181.0,183.0,True,107.226,"[None, 2048, 2048, 2048, 2048, 2048]","[2048, 2048, 2048, 2048, 2048, 2048, 2048, 2048, 2048, 2048]","[2048, 2048, 2048, 2064, 2064]",270.0
1210,9088,31,20,2023-05-26T15:48:21.051000+00:00,30.998,38.111,21.129,167.0,182.0,True,90.238,"[2064, 2048, 2048, 2048, 2048, 2048]","[2048, 2048, 2048, 2048, 2048, 2048, 2048, 2048, 2048, 2048]","[2048, 2048, 2048, 2048, 2048]",272.0
1210,9088,4,17,2023-05-26T15:48:27.316000+00:00,29.617,37.093,20.703,173.0,185.0,True,87.413,"[2064, 2048, 2048, 2048, 2048, 2048]","[2048, 2048, 2048, 2048, 2048, 2048, 2048, 2048, 2048, 2048]","[2048, 2048, 2048, 2048, 2048]",273.0
1210,9088,21,24,2023-05-26T15:48:29.394000+00:00,31.015,38.631,21.238,174.0,180.0,True,90.884,"[2064, 2048, 2048, 2048, 2048, 2048]","[2048, 2048, 2048, 2048, 2048, 2048, 2048, 2048, 2048, 2048]","[2048, 2048, 2048, 2048, 2048]",270.0
1210,9088,27,23,2023-05-26T15:48:31.597000+00:00,29.932,38.775,21.26,167.0,182.0,True,89.967,"[2064, 2048, 2048, 2048, 2048, 2048]","[2048, 2048, 2048, 2048, 2048, 2048, 2048, 2048, 2048, 2048]","[2048, 2048, 2048, 2048, 2048]",275.0
1210,9088,20,18,2023-05-26T15:48:33.394000+00:00,30.148,43.281,25.935,181.0,173.0,True,99.364,"[2064, 2048, 2048, 2048, 2048, 2048]","[2048, 2048, 2048, 2048, 2048, 2048, 2048, 2048, 2048, 2048]","[2048, 2048, 2048, 2048, 2048]",253.0
1210,9088,16,24,2023-05-26T15:48:53.003000+00:00,28.566,39.543,24.999,180.0,177.0,True,93.108,"[2064, 2048, 2048, 2048, 2048, 2048]","[2048, 2048, 2048, 2048, 2048, 2048, 2048, 2048, 2048, 2048]","[2048, 2048, 2048, 2048]",272.0
1210,9088,10,18,2023-05-26T15:48:57.456000+00:00,26.625,39.164,27.28,173.0,164.0,True,93.069,"[2064, 2048, 2048, 2048, 2048, 2048]","[2048, 2048, 2048, 2048, 2048, 2048, 2048, 2048, 2048, 2048]","[2048, 2048, 2048, 2048]",272.0
1210,9088,23,1,2023-05-26T15:49:07.300000+00:00,27.31,39.855,22.264,163.0,172.0,True,89.429,"[2064, 2049, 2049, 2049, 2049, 2049]","[2049, 2049, 2049, 2049, 2049, 2049, 2049, 2049, 2049, 2049]","[2049, 2049, 2049, 2049]",274.0
1210,9088,1,20,2023-05-26T15:49:10.612000+00:00,24.925,39.262,28.452,171.0,163.0,True,92.639,"[2064, 2048, 2048, 2048, 2048, 2048]","[2048, 2048, 2048, 2048, 2048, 2048, 2048, 2048, 2048, 2048]","[2048, 2048, 2048, 2048]",272.0
1210,9088,14,23,2023-05-26T15:49:32.487000+00:00,20.315,36.651,21.077,202.0,182.0,False,78.043,"[2048, 2048, 2048, 2048, 2048, 2048]","[2048, 2048, 2048, 2048, 2048, 2048, 2048, 2048, 2048, 2048]","[2048, 2048, 2048, 2048, 2048]",273.0
1210,9088,18,22,2023-05-26T15:49:35.128000+00:00,20.184,36.647,20.866,198.0,186.0,False,77.697,"[2048, 2048, 2048, 2048, 2048, 2048]","[2048, 2048, 2048, 2048, 2048, 2048, 2048, 2048, 2048, 2048]","[2048, 2048, 2048, 2048, 2048]",272.0
1210,9088,2,24,2023-05-26T15:49:38.596000+00:00,20.223,36.063,21.266,207.0,183.0,False,77.552,"[2048, 2048, 2048, 2048, 2048, 2048]","[2048, 2048, 2048, 2048, 2048, 2048, 2048, 2048, 2048, 2048]","[2048, 2048, 2048, 2048, 2048]",279.0
1210,9088,24,23,2023-05-26T15:49:43.143000+00:00,20.207,35.869,20.43,200.0,191.0,False,76.506,"[2048, 2048, 2048, 2048, 2048, 2048]","[2048, 2048, 2048, 2048, 2048, 2048, 2048, 2048, 2048, 2048]","[2048, 2048, 2048, 2048, 2048]",273.0
1210,9088,31,21,2023-05-26T15:49:50.424000+00:00,20.346,35.816,20.293,192.0,187.0,False,76.455,"[2048, 2048, 2048, 2048, 2048, 2048]","[2048, 2048, 2048, 2048, 2048, 2048, 2048, 2048, 2048, 2048]","[2048, 2048, 2048, 2048]",274.0
1210,9088,4,18,2023-05-26T15:49:53.862000+00:00,20.148,49.183,,205.0,143.0,False,,"[2048, 2048, 2048, 2048, 2048, 2048]","[2048, 2048, 2048, 2048, 2048, 2048, 2048, 2049, 2048, 2048]",[2048],150.0
1210,9088,77,24,2023-05-26T15:49:59.503000+00:00,23.523,37.746,20.556,193.0,183.0,True,81.825,"[None, 2048, 2048, 2048, 2048, 2048]","[2048, 2048, 2048, 2048, 2048, 2048, 2048, 2048, 2048, 2048]","[2048, 2048, 2048, 2048]",236.0
1210,9088,21,25,2023-05-26T15:49:59.628000+00:00,20.415,36.126,20.282,207.0,189.0,False,76.823,"[2048, 2048, 2048, 2048, 2048, 2048]","[2048, 2048, 2048, 2048, 2048, 2048, 2048, 2048, 2048, 2048]","[2048, 2048, 2048, 2048, 2048]",272.0
1210,9088,27,24,2023-05-26T15:50:00.799000+00:00,20.465,36.15,20.393,202.0,188.0,False,77.008,"[2048, 2048, 2048, 2048, 2048, 2048]","[2048, 2048, 2048, 2048, 2048, 2048, 2048, 2048, 2048, 2048]","[2048, 2048, 2048, 2048, 2048]",276.0
1210,9088,11,21,2023-05-26T15:50:01.643000+00:00,25.193,39.552,23.524,148.0,176.0,True,88.269,"[2064, 2048, 2048, 2048, 2048, 2048]","[2048, 2048, 2048, 2048, 2048, 2048, 2048, 2048, 2048, 2048]","[2048, 2048, 2048, 2048]",253.0
1210,9088,81,21,2023-05-26T15:50:04.315000+00:00,23.459,41.101,24.103,184.0,177.0,True,88.663,"[None, 2048, 2048, 2048, 2048, 2048]","[2048, 2048, 2048, 2048, 2048, 2048, 2048, 2048, 2048, 2048]","[2048, 2048, 2048, 2048]",276.0
1210,9088,20,19,2023-05-26T15:50:11.737000+00:00,20.622,36.443,28.883,200.0,179.0,False,85.948,"[2048, 2048, 2048, 2048, 2048, 2048]","[2048, 2048, 2048, 2048, 2048, 2048, 2048, 2048, 2048, 2048]","[2048, 2048, 2048, 2048, 2048]",275.0
1210,9088,16,25,2023-05-26T15:50:25.502000+00:00,19.117,34.584,19.372,218.0,196.0,False,73.073,"[2048, 2048, 2048, 2048, 2048, 2048]","[2049, 2048, 2048, 2048, 2048, 2048, 2048, 2048, 2048, 2048]","[2048, 2048, 2048, 2048]",281.0
1210,9088,10,19,2023-05-26T15:50:29.924000+00:00,20.816,36.664,20.695,198.0,182.0,False,78.175,"[2048, 2048, 2048, 2048, 2048, 2048]","[2048, 2048, 2048, 2048, 2048, 2048, 2048, 2048, 2048, 2048]","[2048, 2048, 2048, 2048, 2048]",274.0
1210,9088,23,2,2023-05-26T15:50:35.971000+00:00,20.241,35.319,19.774,202.0,191.0,False,75.334,"[2049, 2049, 2049, 2049, 2049, 2049]","[2049, 2049, 2049, 2049, 2049, 2049, 2049, 2049, 2049, 2049]","[2049, 2049, 2049, 2049]",279.0
1210,9088,1,21,2023-05-26T15:50:42.658000+00:00,20.425,36.136,20.335,194.0,184.0,False,76.896,"[2048, 2048, 2048, 2048, 2048, 2048]","[2048, 2048, 2048, 2048, 2048, 2048, 2048, 2048, 2048, 2048]","[2048, 2048, 2048, 2048, 2048]",273.0
1210,9088,14,24,2023-05-26T15:50:50.518000+00:00,20.169,36.08,20.862,,184.0,False,77.111,"[None, 2048, 2048, 2048, 2048, 2048]","[2048, 2048, 2048, 2048, 2048, 2048, 2048, 2048, 2048, 2048]","[2048, 2048, 2048, 2048, 2048]",274.0
1210,9088,18,23,2023-05-26T15:50:52.830000+00:00,20.11,36.229,20.746,202.0,188.0,False,77.085,"[None, 2048, 2048, 2048, 2048, 2048]","[2048, 2048, 2048, 2048, 2048, 2048, 2048, 2048, 2048, 2048]","[2048, 2048, 2048, 2048]",273.0
1210,9088,2,25,2023-05-26T15:50:56.158000+00:00,20.219,36.296,20.482,202.0,185.0,False,76.997,"[None, 2048, 2048, 2048, 2048, 2048]","[2048, 2048, 2048, 2048, 2048, 2048, 2048, 2048, 2048, 2048]","[2048, 2048, 2048, 2048, 2048]",280.0
1210,9088,24,24,2023-05-26T15:51:00.002000+00:00,19.974,35.789,38.807,205.0,189.0,False,94.57,"[None, 2048, 2048, 2048, 2048, 2048]","[2048, 2048, 2048, 2048, 2048, 2048, 2048, 2048, 2048, 2048]","[2048, 2048, 2048, 2064, 2064]",274.0
1210,9088,31,22,2023-05-26T15:51:06.939000+00:00,20.075,35.612,20.173,199.0,190.0,False,75.86,"[None, 2048, 2048, 2048, 2048, 2048]","[2048, 2048, 2048, 2048, 2048, 2048, 2048, 2048, 2048, 2048]","[2048, 2048, 2048, 2048, 2048]",274.0
1210,9088,44,21,2023-05-26T15:51:13.470000+00:00,29.111,39.585,21.325,127.0,182.0,True,90.021,"[2064, 2048, 2048, 2048, 2048, 2048]","[2048, 2048, 2048, 2048, 2048, 2048, 2048, 2048, 2048, 2048]","[2048, 2048, 2048, 2048]",272.0
1210,9088,21,26,2023-05-26T15:51:16.455000+00:00,20.062,35.766,20.136,209.0,192.0,False,75.964,"[None, 2048, 2048, 2048, 2048, 2048]","[2048, 2048, 2048, 2048, 2048, 2048, 2048, 2048, 2048, 2048]","[2048, 2048, 2048, 2048]",272.0
1210,9088,27,25,2023-05-26T15:51:17.783000+00:00,20.049,36.219,20.339,203.0,187.0,False,76.607,"[None, 2048, 2048, 2048, 2048, 2048]","[2048, 2048, 2048, 2048, 2048, 2048, 2048, 2048, 2048, 2048]","[2048, 2048, 2048, 2048, 2048]",276.0
1210,9088,77,25,2023-05-26T15:51:20.752000+00:00,20.676,36.037,20.342,203.0,187.0,False,77.055,"[2048, 2048, 2048, 2048, 2048, 2048]","[2048, 2048, 2048, 2048, 2048, 2048, 2048, 2048, 2048, 2048]","[2048, 2048, 2048, 2048, 2048]",273.0
1210,9088,11,22,2023-05-26T15:51:29.298000+00:00,20.243,36.093,20.658,203.0,183.0,False,76.994,"[2048, 2048, 2048, 2048, 2048, 2048]","[2048, 2048, 2048, 2048, 2048, 2048, 2048, 2048, 2048, 2048]","[2048, 2048, 2048, 2048, 2048]",270.0
1210,9088,81,22,2023-05-26T15:51:32.392000+00:00,20.324,36.344,20.479,200.0,189.0,False,77.147,"[2048, 2048, 2048, 2048, 2048, 2048]","[2048, 2048, 2048, 2048, 2048, 2048, 2048, 2048, 2048, 2048]","[2048, 2048, 2048, 2048, 2048]",277.0
1210,9088,20,20,2023-05-26T15:51:37.673000+00:00,20.24,35.894,20.471,206.0,187.0,False,76.605,"[None, 2048, 2048, 2048, 2048, 2048]","[2048, 2048, 2048, 2048, 2048, 2048, 2048, 2048, 2048, 2048]","[2048, 2048, 2048, 2048, 2048]",274.0
1210,9088,16,26,2023-05-26T15:51:38.595000+00:00,25.192,48.666,22.117,135.0,163.0,False,95.975,"[None, 2048, 2048, 2048, 2048, 2048]","[2048, 2048, 2048, 2048, 2048, 2048, 2048, 2048, 2048, 2048]","[2048, 2048, 2048, 2048, 2048]",194.0
1210,9088,10,20,2023-05-26T15:51:48.298000+00:00,20.356,36.333,20.552,200.0,185.0,False,77.241,"[None, 2048, 2048, 2048, 2048, 2048]","[2048, 2048, 2048, 2048, 2048, 2048, 2048, 2048, 2048, 2048]","[2048, 2048, 2048, 2048, 2048]",273.0
1210,9088,23,3,2023-05-26T15:51:51.189000+00:00,28.791,52.258,25.394,89.0,120.0,False,106.443,"[2048, 2048, 2048, 2048, 2048, 2048]","[2048, 2048, 2048, 2048, 2048, 2048, 2049, 2048, 2048, 2048]","[2048, 2048, 2048, 2048, 2048]",256.0
1210,9088,1,22,2023-05-26T15:51:59.626000+00:00,20.221,35.845,20.19,196.0,189.0,False,76.256,"[None, 2048, 2048, 2048, 2048, 2048]","[2048, 2048, 2048, 2048, 2048, 2048, 2048, 2048, 2048, 2048]","[2048, 2048, 2048, 2048, 2048]",274.0
1210,9088,14,25,2023-05-26T15:52:07.626000+00:00,19.934,36.404,20.574,205.0,189.0,False,76.912,"[None, 2048, 2048, 2048, 2048, 2048]","[2048, 2048, 2048, 2048, 2048, 2048, 2048, 2048, 2048, 2048]","[2048, 2048, 2048, 2048, 2048]",275.0
1210,9088,18,24,2023-05-26T15:52:09.939000+00:00,20.042,36.483,20.554,199.0,189.0,False,77.079,"[None, 2048, 2048, 2048, 2048, 2048]","[2048, 2048, 2048, 2048, 2048, 2048, 2048, 2048, 2048, 2048]","[2048, 2048, 2048, 2048, 2048]",273.0
1210,9088,2,26,2023-05-26T15:52:13.126000+00:00,20.058,36.292,20.685,204.0,185.0,False,77.035,"[None, 2048, 2048, 2048, 2048, 2048]","[2048, 2048, 2048, 2048, 2048, 2048, 2048, 2048, 2048, 2048]","[2048, 2048, 2048, 2048, 2048]",280.0
1210,9088,31,23,2023-05-26T15:52:22.735000+00:00,20.078,35.853,20.345,,187.0,False,76.276,"[None, 2048, 2048, 2048, 2048, 2048]","[2048, 2048, 2048, 2048, 2048, 2048, 2048, 2048, 2048, 2048]","[2048, 2048, 2048, 2048, 2048]",274.0
1210,9088,63,25,2023-05-26T15:52:25.657000+00:00,23.815,37.489,21.088,192.0,179.0,True,82.392,"[2064, 2048, 2048, 2048, 2048, 2048]","[2048, 2048, 2048, 2048, 2048, 2048, 2048, 2048, 2048, 2048]","[2048, 2048, 2048, 2048]",270.0
1210,9088,21,27,2023-05-26T15:52:32.407000+00:00,19.999,36.574,21.038,210.0,178.0,False,77.611,"[None, 2048, 2048, 2048, 2048, 2048]","[2048, 2048, 2048, 2048, 2048, 2048, 2048, 2048, 2048, 2048]","[2048, 2048, 2048, 2048]",274.0
1210,9088,27,26,2023-05-26T15:52:34.391000+00:00,20.038,36.169,20.459,206.0,186.0,False,76.666,"[None, 2048, 2048, 2048, 2048, 2048]","[2048, 2048, 2048, 2048, 2048, 2048, 2048, 2048, 2048, 2048]","[2048, 2048, 2048, 2048]",277.0
1210,9088,24,25,2023-05-26T15:52:34.860000+00:00,25.833,37.062,20.539,185.0,188.0,True,83.434,"[2064, 2048, 2048, 2048, 2048, 2048]","[2048, 2048, 2048, 2048, 2048, 2048, 2048, 2048, 2048, 2048]","[2048, 2048, 2048, 2048, 2048]",273.0
1210,9088,77,26,2023-05-26T15:52:37.798000+00:00,19.962,35.817,20.155,205.0,189.0,False,75.934,"[None, 2048, 2048, 2048, 2048, 2048]","[2048, 2048, 2048, 2048, 2048, 2048, 2048, 2048, 2048, 2048]","[2048, 2048, 2048, 2048, 2048]",276.0
1210,9088,44,22,2023-05-26T15:52:42.923000+00:00,20.17,36.471,20.521,204.0,188.0,False,77.162,"[2048, 2048, 2048, 2048, 2048, 2048]","[2048, 2048, 2048, 2048, 2048, 2048, 2048, 2048, 2048, 2048]","[2048, 2048, 2048, 2048]",275.0
1210,9088,11,23,2023-05-26T15:52:46.282000+00:00,20.144,35.882,20.449,197.0,191.0,False,76.475,"[None, 2048, 2048, 2048, 2048, 2048]","[2048, 2048, 2048, 2048, 2048, 2048, 2048, 2048, 2048, 2048]","[2048, 2048, 2048, 2048]",276.0
1210,9088,81,23,2023-05-26T15:52:49.579000+00:00,20.054,36.009,20.328,202.0,190.0,False,76.391,"[None, 2048, 2048, 2048, 2048, 2048]","[2048, 2048, 2048, 2048, 2048, 2048, 2048, 2048, 2048, 2048]","[2048, 2048, 2048, 2048, 2048]",277.0
1210,9088,20,21,2023-05-26T15:52:54.329000+00:00,20.087,35.991,20.488,,187.0,False,76.566,"[None, 2048, 2048, 2048, 2048, 2048]","[2048, 2048, 2048, 2048, 2048, 2048, 2048, 2048, 2048, 2048]","[2048, 2048, 2048, 2048]",275.0
1210,9088,10,21,2023-05-26T15:53:05.297000+00:00,20.306,35.903,20.405,206.0,188.0,False,76.614,"[None, 2048, 2048, 2048, 2048, 2048]","[2048, 2048, 2048, 2048, 2048, 2048, 2048, 2048, 2048, 2048]","[2048, 2048, 2048, 2048]",274.0
1210,9088,16,27,2023-05-26T15:53:14.532000+00:00,19.045,34.542,19.337,217.0,197.0,False,72.924,"[None, 2048, 2049, 2049, 2048, 2048]","[2048, 2048, 2048, 2048, 2048, 2049, 2048, 2048, 2048, 2048]","[2048, 2048, 2048, 2048]",281.0
1210,9088,1,23,2023-05-26T15:53:15.813000+00:00,20.318,35.843,20.448,193.0,188.0,False,76.609,"[None, 2048, 2048, 2048, 2048, 2048]","[2048, 2048, 2048, 2048, 2048, 2048, 2048, 2048, 2048, 2048]","[2048, 2048, 2048, 2048]",275.0
1210,9088,14,26,2023-05-26T15:53:24.563000+00:00,19.635,35.619,20.135,212.0,192.0,False,75.389,"[None, 2048, 2048, 2048, 2048, 2048]","[2048, 2048, 2048, 2048, 2048, 2048, 2048, 2048, 2048, 2048]","[2048, 2048, 2048, 2048, 2048]",274.0
1210,9088,18,25,2023-05-26T15:53:27+00:00,19.835,35.749,20.367,205.0,190.0,False,75.951,"[None, 2048, 2048, 2048, 2048, 2048]","[2048, 2048, 2048, 2048, 2048, 2048, 2048, 2048, 2048, 2048]","[2048, 2048, 2048, 2048, 2048]",274.0
1210,9088,2,27,2023-05-26T15:53:30.188000+00:00,20.084,36.514,20.866,205.0,185.0,False,77.464,"[None, 2048, 2048, 2048, 2048, 2048]","[2048, 2048, 2048, 2048, 2048, 2048, 2048, 2048, 2048, 2048]","[2048, 2048, 2048, 2048, 2048]",281.0
1210,9088,23,4,2023-05-26T15:53:37.766000+00:00,19.714,35.099,19.702,210.0,193.0,False,74.515,"[2049, 2049, 2049, 2049, 2049, 2049]","[2049, 2048, 2049, 2049, 2048, 2049, 2048, 2049, 2048, 2049]","[2049, 2049, 2049, 2049, 2048]",280.0
1210,9088,31,24,2023-05-26T15:53:39.031000+00:00,20.256,35.853,20.287,194.0,191.0,False,76.396,"[None, 2048, 2048, 2048, 2048, 2048]","[2048, 2048, 2048, 2048, 2048, 2048, 2048, 2048, 2048, 2048]","[2048, 2048, 2048, 2048, 2048]",275.0
1210,9088,63,26,2023-05-26T15:53:47.500000+00:00,20.289,36.577,20.695,202.0,184.0,False,77.561,"[2048, 2048, 2048, 2048, 2048, 2048]","[2048, 2048, 2048, 2048, 2048, 2048, 2048, 2048, 2048, 2048]","[2048, 2048, 2048, 2048, 2048]",271.0
1210,9088,21,28,2023-05-26T15:53:50.031000+00:00,20.265,36.356,20.664,206.0,189.0,False,77.285,"[None, 2048, 2048, 2048, 2048, 2048]","[2048, 2048, 2048, 2048, 2048, 2048, 2048, 2048, 2048, 2048]","[2048, 2048, 2048, 2048, 2048]",275.0
1210,9088,27,27,2023-05-26T15:53:51.047000+00:00,20.438,36.789,22.152,199.0,168.0,False,79.379,"[None, 2048, 2048, 2048, 2048, 2048]","[2048, 2048, 2048, 2048, 2048, 2048, 2048, 2048, 2048, 2048]","[2048, 2048, 2048, 2048, 2048]",277.0
1210,9088,77,27,2023-05-26T15:53:53.765000+00:00,19.86,36.203,22.821,206.0,186.0,False,78.884,"[None, 2048, 2048, 2048, 2048, 2048]","[2048, 2048, 2048, 2048, 2048, 2048, 2048, 2048, 2048, 2048]","[2048, 2048, 2048, 2048]",275.0
1210,9088,24,26,2023-05-26T15:53:57.656000+00:00,19.875,35.791,20.322,205.0,191.0,False,75.988,"[2048, 2048, 2048, 2048, 2048, 2048]","[2048, 2048, 2048, 2048, 2048, 2048, 2048, 2048, 2048, 2048]","[2048, 2048, 2048, 2048, 2048]",274.0
1210,9088,44,23,2023-05-26T15:54:00.094000+00:00,20.067,36.006,20.326,206.0,192.0,False,76.399,"[None, 2048, 2048, 2048, 2048, 2048]","[2048, 2048, 2048, 2048, 2048, 2048, 2048, 2048, 2048, 2048]","[2048, 2048, 2048, 2048, 2048]",275.0
1210,9088,11,24,2023-05-26T15:54:02.890000+00:00,20.085,35.896,20.397,200.0,189.0,False,76.378,"[None, 2048, 2048, 2048, 2048, 2048]","[2048, 2048, 2048, 2048, 2048, 2048, 2048, 2048, 2048, 2048]","[2048, 2048, 2048, 2048, 2048]",275.0
1210,9088,81,24,2023-05-26T15:54:05.937000+00:00,19.835,36.142,20.215,204.0,194.0,False,76.192,"[None, 2048, 2048, 2048, 2048, 2048]","[2048, 2048, 2048, 2048, 2048, 2048, 2048, 2048, 2048, 2048]","[2048, 2048, 2048, 2048, 2048]",278.0
1210,9088,20,22,2023-05-26T15:54:10.875000+00:00,19.988,35.93,20.483,207.0,187.0,False,76.401,"[None, 2048, 2048, 2048, 2048, 2048]","[2048, 2048, 2048, 2048, 2048, 2048, 2048, 2048, 2048, 2048]","[2048, 2048, 2048, 2048]",276.0
1210,9088,10,22,2023-05-26T15:54:21.937000+00:00,20.541,36.93,21.033,196.0,184.0,False,78.504,"[None, 2048, 2048, 2048, 2048, 2048]","[2048, 2048, 2048, 2048, 2048, 2048, 2048, 2048, 2048, 2048]","[2048, 2048, 2048, 2048]",272.0
1210,9088,16,28,2023-05-26T15:54:27.484000+00:00,25.755,51.025,28.546,65.0,54.0,False,105.326,"[None, 2048, 2048, 2048, 2048, 2048]","[2048, 2048, 2048, 2048, 2048, 2048, 2048, 2048, 2048, 2048]","[2048, 2048, 2048, 2048, 2048]",195.0
1210,9088,1,24,2023-05-26T15:54:32.484000+00:00,20.213,35.867,20.285,195.0,189.0,False,76.365,"[None, 2048, 2048, 2048, 2048, 2048]","[2048, 2048, 2048, 2048, 2048, 2048, 2048, 2048, 2048, 2048]","[2048, 2048, 2048, 2048]",274.0
1210,9088,14,27,2023-05-26T15:54:39.921000+00:00,20.035,36.437,20.967,203.0,181.0,False,77.439,"[None, 2048, 2048, 2048, 2048, 2048]","[2048, 2048, 2048, 2048, 2048, 2048, 2048, 2048, 2048, 2048]","[2048, 2048, 2048, 2048, 2048]",273.0
1210,9088,18,26,2023-05-26T15:54:42.937000+00:00,19.872,36.277,20.822,207.0,189.0,False,76.971,"[None, 2048, 2048, 2048, 2048, 2048]","[2048, 2048, 2048, 2048, 2048, 2048, 2048, 2048, 2048, 2048]","[2048, 2048, 2048, 2048, 2048]",272.0
1210,9088,2,28,2023-05-26T15:54:47.656000+00:00,20.276,36.75,21.071,195.0,183.0,False,78.097,"[None, 2048, 2048, 2048, 2048, 2048]","[2048, 2048, 2048, 2048, 2048, 2048, 2048, 2048, 2048, 2048]","[2048, 2048, 2048, 2048, 2048]",279.0
1210,9088,23,5,2023-05-26T15:54:52.140000+00:00,30.23,58.927,32.155,116.0,148.0,False,121.312,"[2048, 2048, 2048, 2048, 2048, 2048]","[2048, 2048, 2048, 2048, 2048, 2048, 2048, 2048, 2048, 2048]","[2048, 2048, 2048, 2048]",216.0
1210,9088,31,25,2023-05-26T15:54:55.421000+00:00,20.027,36.003,20.32,202.0,188.0,False,76.35,"[None, 2048, 2048, 2048, 2048, 2048]","[2048, 2048, 2048, 2048, 2048, 2048, 2048, 2048, 2048, 2048]","[2048, 2048, 2048, 2048]",273.0
1210,9088,63,27,2023-05-26T15:55:05.062000+00:00,20.274,36.395,20.714,201.0,188.0,False,77.383,"[None, 2048, 2048, 2048, 2048, 2048]","[2048, 2048, 2048, 2048, 2048, 2048, 2048, 2048, 2048, 2048]","[2048, 2048, 2048, 2048]",271.0
1210,9088,21,29,2023-05-26T15:55:07.327000+00:00,20.253,36.367,20.402,205.0,190.0,False,77.022,"[None, 2048, 2048, 2048, 2048, 2048]","[2048, 2048, 2048, 2048, 2048, 2048, 2048, 2048, 2048, 2048]","[2048, 2048, 2048, 2048, 2048]",276.0
1210,9088,27,28,2023-05-26T15:55:10.421000+00:00,20.374,36.323,20.626,,185.0,False,77.323,"[None, 2048, 2048, 2048, 2048, 2048]","[2048, 2048, 2048, 2048, 2048, 2048, 2048, 2048, 2048, 2048]","[2048, 2048, 2048, 2048]",275.0
1210,9088,77,28,2023-05-26T15:55:12.640000+00:00,20.108,36.135,20.48,205.0,188.0,False,76.723,"[None, 2048, 2048, 2048, 2048, 2048]","[2048, 2048, 2048, 2048, 2048, 2048, 2048, 2048, 2048, 2048]","[2048, 2048, 2048, 2048, 2048]",275.0
1210,9088,24,27,2023-05-26T15:55:13.655000+00:00,20.261,36.244,20.837,202.0,188.0,False,77.342,"[None, 2048, 2048, 2048, 2048, 2048]","[2048, 2048, 2048, 2048, 2048, 2048, 2048, 2048, 2048, 2048]","[2048, 2048, 2048, 2048, 2048]",277.0
1210,9088,44,24,2023-05-26T15:55:16.452000+00:00,19.976,36.201,20.324,205.0,191.0,False,76.501,"[None, 2048, 2048, 2048, 2048, 2048]","[2048, 2048, 2048, 2048, 2048, 2048, 2048, 2048, 2048, 2048]","[2048, 2048, 2048, 2048]",276.0
1210,9088,11,25,2023-05-26T15:55:19.186000+00:00,20.053,35.796,20.405,201.0,190.0,False,76.254,"[None, 2048, 2048, 2048, 2048, 2048]","[2048, 2048, 2048, 2048, 2048, 2048, 2048, 2048, 2048, 2048]","[2048, 2048, 2048, 2048, 2048]",277.0
1210,9088,81,25,2023-05-26T15:55:22.124000+00:00,19.881,36.236,20.438,203.0,190.0,False,76.555,"[None, 2048, 2048, 2048, 2048, 2048]","[2048, 2048, 2048, 2048, 2048, 2048, 2048, 2048, 2048, 2048]","[2048, 2048, 2048, 2048]",278.0
1210,9088,20,23,2023-05-26T15:55:27.265000+00:00,20.094,36.284,21.968,204.0,183.0,False,78.346,"[None, 2048, 2048, 2048, 2048, 2048]","[2048, 2048, 2048, 2048, 2048, 2048, 2048, 2048, 2048, 2048]","[2048, 2048, 2048, 2048, 2048]",275.0
1210,9088,10,23,2023-05-26T15:55:40.421000+00:00,20.257,35.941,20.383,202.0,188.0,False,76.581,"[None, 2048, 2048, 2048, 2048, 2048]","[2048, 2048, 2048, 2048, 2048, 2048, 2048, 2048, 2048, 2048]","[2048, 2048, 2048, 2048, 2048]",274.0
1210,9088,1,25,2023-05-26T15:55:48.811000+00:00,20.151,35.88,20.425,198.0,191.0,False,76.456,"[None, 2048, 2048, 2048, 2048, 2048]","[2048, 2048, 2048, 2048, 2048, 2048, 2048, 2048, 2048, 2048]","[2048, 2048, 2048, 2048]",273.0
1210,9088,14,28,2023-05-26T15:55:57.358000+00:00,20.0,36.06,21.107,201.0,188.0,False,77.167,"[None, 2048, 2048, 2048, 2048, 2048]","[2048, 2048, 2048, 2048, 2048, 2048, 2048, 2048, 2048, 2048]","[2048, 2048, 2048, 2048, 2048]",272.0
1210,9088,18,27,2023-05-26T15:55:59.920000+00:00,20.003,36.2,37.89,198.0,190.0,False,94.093,"[None, 2048, 2048, 2048, 2048, 2048]","[2048, 2048, 2048, 2048, 2048, 2048, 2048, 2048, 2048, 2048]","[2048, 2048, 2048, 2064, 2064]",273.0
1210,9088,2,29,2023-05-26T15:56:05.748000+00:00,20.8,36.997,21.212,202.0,180.0,False,79.009,"[None, 2048, 2048, 2048, 2048, 2048]","[2048, 2048, 2048, 2048, 2048, 2048, 2048, 2048, 2048, 2048]","[2048, 2048, 2048, 2048]",279.0
1210,9088,31,26,2023-05-26T15:56:11.764000+00:00,19.995,35.84,20.321,203.0,190.0,False,76.156,"[None, 2048, 2048, 2048, 2048, 2048]","[2048, 2048, 2048, 2048, 2048, 2048, 2048, 2048, 2048, 2048]","[2048, 2048, 2048, 2048, 2048]",274.0
1210,9088,16,29,2023-05-26T15:56:12.733000+00:00,25.736,53.34,35.435,169.0,41.0,False,114.511,"[None, 2048, 2048, 2048, 2048, 2048]","[2048, 2048, 2048, 2048, 2048, 2048, 2048, 2048, 2048, 2048]","[2048, 2048, 2048, 2048, 2048]",166.0
1210,9088,63,28,2023-05-26T15:56:22.451000+00:00,20.051,36.057,20.446,207.0,190.0,False,76.554,"[None, 2048, 2048, 2048, 2048, 2048]","[2048, 2048, 2048, 2048, 2048, 2048, 2048, 2048, 2048, 2048]","[2048, 2048, 2048, 2048, 2048]",272.0
1210,9088,21,30,2023-05-26T15:56:24.326000+00:00,20.199,36.369,20.274,204.0,192.0,False,76.842,"[None, 2048, 2048, 2048, 2048, 2048]","[2048, 2048, 2048, 2048, 2048, 2048, 2048, 2048, 2048, 2048]","[2048, 2048, 2048, 2048, 2048]",277.0
1210,9088,27,29,2023-05-26T15:56:27.748000+00:00,20.259,36.432,20.599,201.0,186.0,False,77.29,"[None, 2048, 2048, 2048, 2048, 2048]","[2048, 2048, 2048, 2048, 2048, 2048, 2048, 2048, 2048, 2048]","[2048, 2048, 2048, 2048, 2048]",275.0
1210,9088,77,29,2023-05-26T15:56:29.373000+00:00,20.171,36.52,20.553,204.0,189.0,False,77.244,"[None, 2048, 2048, 2048, 2048, 2048]","[2048, 2048, 2048, 2048, 2048, 2048, 2048, 2048, 2048, 2048]","[2048, 2048, 2048, 2048, 2048]",275.0
1210,9088,24,28,2023-05-26T15:56:30.982000+00:00,20.088,36.219,20.646,,187.0,False,76.953,"[None, 2048, 2048, 2048, 2048, 2048]","[2048, 2048, 2048, 2048, 2048, 2048, 2048, 2048, 2048, 2048]","[2048, 2048, 2048, 2048]",276.0
1210,9088,44,25,2023-05-26T15:56:32.998000+00:00,20.324,36.745,22.812,200.0,188.0,False,79.881,"[None, 2048, 2048, 2048, 2048, 2048]","[2048, 2048, 2048, 2048, 2048, 2048, 2048, 2048, 2048, 2048]","[2048, 2048, 2048, 2048]",276.0
1210,9088,11,26,2023-05-26T15:56:35.404000+00:00,20.156,35.983,23.702,196.0,189.0,False,79.841,"[None, 2048, 2048, 2048, 2048, 2048]","[2048, 2048, 2048, 2048, 2048, 2048, 2048, 2048, 2048, 2048]","[2048, 2048, 2048, 2048, 2048]",277.0
1210,9088,81,26,2023-05-26T15:56:38.686000+00:00,19.867,36.319,20.618,202.0,192.0,False,76.804,"[None, 2048, 2048, 2048, 2048, 2048]","[2048, 2048, 2048, 2048, 2048, 2048, 2048, 2048, 2048, 2048]","[2048, 2048, 2048, 2048, 2048]",278.0
1210,9088,20,24,2023-05-26T15:56:45.592000+00:00,20.184,36.311,20.919,207.0,186.0,False,77.414,"[None, 2048, 2048, 2048, 2048, 2048]","[2048, 2048, 2048, 2048, 2048, 2048, 2048, 2048, 2048, 2048]","[2048, 2048, 2048, 2048]",275.0
1210,9088,23,6,2023-05-26T15:56:53.576000+00:00,19.687,35.146,19.722,209.0,194.0,False,74.555,"[None, 2049, 2049, 2049, 2049, 2048]","[2048, 2048, 2048, 2048, 2048, 2049, 2048, 2049, 2049, 2049]","[2049, 2048, 2049, 2048, 2049]",280.0
1210,9088,10,24,2023-05-26T15:56:57.013000+00:00,20.304,35.809,20.331,203.0,189.0,False,76.444,"[None, 2048, 2048, 2048, 2048, 2048]","[2048, 2048, 2048, 2048, 2048, 2048, 2048, 2048, 2048, 2048]","[2048, 2048, 2048, 2048, 2048]",276.0
1210,9088,1,26,2023-05-26T15:57:05.248000+00:00,20.271,35.847,20.306,193.0,187.0,False,76.424,"[None, 2048, 2048, 2048, 2048, 2048]","[2048, 2048, 2048, 2048, 2048, 2048, 2048, 2048, 2048, 2048]","[2048, 2048, 2048, 2048, 2048]",274.0
1210,9088,14,29,2023-05-26T15:57:14.544000+00:00,20.387,36.63,37.94,200.0,183.0,False,94.957,"[None, 2048, 2048, 2048, 2048, 2048]","[2048, 2048, 2048, 2048, 2048, 2048, 2048, 2048, 2048, 2048]","[2048, 2048, 2048, 2064, 2064]",273.0
1210,9088,2,30,2023-05-26T15:57:24.748000+00:00,20.472,37.145,21.348,200.0,180.0,False,78.965,"[None, 2048, 2048, 2048, 2048, 2048]","[2048, 2048, 2048, 2048, 2048, 2048, 2048, 2048, 2048, 2048]","[2048, 2048, 2048, 2048, 2048]",278.0
1210,9088,31,27,2023-05-26T15:57:27.919000+00:00,20.071,36.168,24.036,200.0,188.0,False,80.275,"[None, 2048, 2048, 2048, 2048, 2048]","[2048, 2048, 2048, 2048, 2048, 2048, 2048, 2048, 2048, 2048]","[2048, 2048, 2048, 2048, 2048]",274.0
1210,9088,18,28,2023-05-26T15:57:34.622000+00:00,23.098,36.336,20.506,199.0,190.0,True,79.94,"[2064, 2048, 2048, 2048, 2048, 2048]","[2048, 2048, 2048, 2048, 2048, 2048, 2048, 2048, 2048, 2048]","[2048, 2048, 2048, 2048, 2048]",271.0
1210,9088,63,29,2023-05-26T15:57:39.013000+00:00,20.07,36.334,22.659,204.0,188.0,False,79.063,"[None, 2048, 2048, 2048, 2048, 2048]","[2048, 2048, 2048, 2048, 2048, 2048, 2048, 2048, 2048, 2048]","[2048, 2048, 2048, 2048, 2048]",273.0
1210,9088,21,31,2023-05-26T15:57:41.169000+00:00,20.155,36.84,38.98,203.0,188.0,False,95.975,"[None, 2048, 2048, 2048, 2048, 2048]","[2048, 2048, 2048, 2048, 2048, 2048, 2048, 2048, 2048, 2048]","[2048, 2048, 2048, 2064, 2064]",277.0
1210,9088,27,30,2023-05-26T15:57:45.029000+00:00,20.244,36.769,20.669,,184.0,False,77.682,"[None, 2048, 2048, 2048, 2048, 2048]","[2048, 2048, 2048, 2048, 2048, 2048, 2048, 2048, 2048, 2048]","[2048, 2048, 2048, 2048]",275.0
1210,9088,77,30,2023-05-26T15:57:46.591000+00:00,20.178,36.871,20.583,,186.0,False,77.632,"[None, 2048, 2048, 2048, 2048, 2048]","[2048, 2048, 2048, 2048, 2048, 2048, 2048, 2048, 2048, 2048]","[2048, 2048, 2048, 2048, 2048]",275.0
1210,9088,24,29,2023-05-26T15:57:47.935000+00:00,20.102,36.312,23.391,201.0,187.0,False,79.805,"[None, 2048, 2048, 2048, 2048, 2048]","[2048, 2048, 2048, 2048, 2048, 2048, 2048, 2048, 2048, 2048]","[2048, 2048, 2048, 2048]",277.0
1210,9088,44,26,2023-05-26T15:57:52.841000+00:00,20.019,36.268,20.299,207.0,188.0,False,76.586,"[None, 2048, 2048, 2048, 2048, 2048]","[2048, 2048, 2048, 2048, 2048, 2048, 2048, 2048, 2048, 2048]","[2048, 2048, 2048, 2048, 2048]",275.0
1210,9088,11,27,2023-05-26T15:57:55.247000+00:00,20.142,36.113,20.53,201.0,189.0,False,76.785,"[None, 2048, 2048, 2048, 2048, 2048]","[2048, 2048, 2048, 2048, 2048, 2048, 2048, 2048, 2048, 2048]","[2048, 2048, 2048, 2048]",277.0
1210,9088,81,27,2023-05-26T15:57:55.482000+00:00,20.711,36.705,20.86,195.0,190.0,False,78.276,"[None, 2048, 2048, 2048, 2048, 2048]","[2048, 2048, 2048, 2048, 2048, 2048, 2048, 2048, 2048, 2048]","[2048, 2048, 2048, 2048, 2048]",279.0
1210,9088,20,25,2023-05-26T15:58:03.044000+00:00,20.311,36.746,21.319,202.0,182.0,False,78.376,"[None, 2048, 2048, 2048, 2048, 2048]","[2048, 2048, 2048, 2048, 2048, 2048, 2048, 2048, 2048, 2048]","[2048, 2048, 2048, 2048, 2048]",275.0
1210,9088,16,30,2023-05-26T15:58:07.294000+00:00,19.97,35.894,23.816,208.0,189.0,False,79.68,"[None, 2048, 2048, 2048, 2048, 2048]","[2048, 2048, 2048, 2048, 2048, 2048, 2048, 2048, 2048, 2048]","[2048, 2048, 2048, 2048, 2048]",282.0
1210,9088,23,7,2023-05-26T15:58:08.122000+00:00,27.108,51.03,26.757,106.0,122.0,False,104.895,"[None, 2048, 2048, 2048, 2048, 2048]","[2048, 2048, 2048, 2048, 2048, 2048, 2048, 2048, 2048, 2048]","[2048, 2048, 2048, 2048]",260.0
1210,9088,10,25,2023-05-26T15:58:13.450000+00:00,20.249,36.465,20.69,206.0,186.0,False,77.404,"[None, 2048, 2048, 2048, 2048, 2048]","[2048, 2048, 2048, 2048, 2048, 2048, 2048, 2048, 2048, 2048]","[2048, 2048, 2048, 2048, 2048]",276.0
1210,9088,1,27,2023-05-26T15:58:21.669000+00:00,20.139,35.866,20.22,194.0,190.0,False,76.225,"[None, 2048, 2048, 2048, 2048, 2048]","[2048, 2048, 2048, 2048, 2048, 2048, 2048, 2048, 2048, 2048]","[2048, 2048, 2048, 2048, 2048]",275.0
1210,9088,2,31,2023-05-26T15:58:43.747000+00:00,20.491,37.366,21.34,202.0,177.0,False,79.197,"[None, 2048, 2048, 2048, 2048, 2048]","[2048, 2048, 2048, 2048, 2048, 2048, 2048, 2048, 2048, 2048]","[2048, 2048, 2048, 2048, 2048]",277.0
1210,9088,31,28,2023-05-26T15:58:48.200000+00:00,20.153,36.122,20.411,198.0,188.0,False,76.686,"[None, 2048, 2048, 2048, 2048, 2048]","[2048, 2048, 2048, 2048, 2048, 2048, 2048, 2048, 2048, 2048]","[2048, 2048, 2048, 2048, 2048]",272.0
1210,9088,14,30,2023-05-26T15:58:50.090000+00:00,23.016,36.677,20.568,198.0,188.0,True,80.261,"[2064, 2048, 2048, 2048, 2048, 2048]","[2048, 2048, 2048, 2048, 2048, 2048, 2048, 2048, 2048, 2048]","[2048, 2048, 2048, 2048]",272.0
1210,9088,18,29,2023-05-26T15:58:53.950000+00:00,19.856,36.277,20.585,204.0,187.0,False,76.718,"[2048, 2048, 2048, 2048, 2048, 2048]","[2048, 2048, 2048, 2048, 2048, 2048, 2048, 2048, 2048, 2048]","[2048, 2048, 2048, 2048, 2048]",274.0
1210,9088,63,30,2023-05-26T15:58:58.075000+00:00,20.1,36.291,20.855,,190.0,False,77.246,"[None, 2048, 2048, 2048, 2048, 2048]","[2048, 2048, 2048, 2048, 2048, 2048, 2048, 2048, 2048, 2048]","[2048, 2048, 2048, 2048, 2048]",273.0
1210,9088,27,31,2023-05-26T15:59:02.762000+00:00,20.415,36.683,20.633,200.0,186.0,False,77.731,"[None, 2048, 2048, 2048, 2048, 2048]","[2048, 2048, 2048, 2048, 2048, 2048, 2048, 2048, 2048, 2048]","[2048, 2048, 2048, 2048, 2048]",274.0
1210,9088,77,31,2023-05-26T15:59:04.215000+00:00,20.337,37.1,20.782,201.0,185.0,False,78.219,"[None, 2048, 2048, 2048, 2048, 2048]","[2048, 2048, 2048, 2048, 2048, 2048, 2048, 2048, 2048, 2048]","[2048, 2048, 2048, 2048]",274.0
1210,9088,24,30,2023-05-26T15:59:07.762000+00:00,20.038,36.046,20.483,208.0,192.0,False,76.567,"[None, 2048, 2048, 2048, 2048, 2048]","[2048, 2048, 2048, 2048, 2048, 2048, 2048, 2048, 2048, 2048]","[2048, 2048, 2048, 2048]",275.0
1210,9088,44,27,2023-05-26T15:59:09.434000+00:00,20.176,36.441,20.505,204.0,192.0,False,77.122,"[None, 2048, 2048, 2048, 2048, 2048]","[2048, 2048, 2048, 2048, 2048, 2048, 2048, 2048, 2048, 2048]","[2048, 2048, 2048, 2048]",276.0
1210,9088,11,28,2023-05-26T15:59:12.028000+00:00,19.965,36.224,20.43,205.0,192.0,False,76.619,"[None, 2048, 2048, 2048, 2048, 2048]","[2048, 2048, 2048, 2048, 2048, 2048, 2048, 2048, 2048, 2048]","[2048, 2048, 2048, 2048, 2048]",278.0
1210,9088,81,28,2023-05-26T15:59:13.778000+00:00,20.363,37.098,20.78,192.0,188.0,False,78.241,"[None, 2048, 2048, 2048, 2048, 2048]","[2048, 2048, 2048, 2048, 2048, 2048, 2048, 2048, 2048, 2048]","[2048, 2048, 2048, 2048, 2048]",278.0
1210,9088,21,32,2023-05-26T15:59:17.715000+00:00,23.506,36.622,20.483,199.0,187.0,True,80.611,"[2064, 2048, 2048, 2048, 2048, 2048]","[2048, 2048, 2048, 2048, 2048, 2048, 2048, 2048, 2048, 2048]","[2048, 2048, 2048, 2048, 2048]",276.0
1210,9088,20,26,2023-05-26T15:59:21.434000+00:00,20.574,38.453,21.959,,176.0,False,80.986,"[None, 2048, 2048, 2048, 2048, 2048]","[2048, 2048, 2048, 2048, 2048, 2048, 2048, 2048, 2048, 2048]","[2048, 2048, 2048, 2048]",277.0
1210,9088,16,31,2023-05-26T15:59:26.965000+00:00,19.246,35.193,22.18,213.0,189.0,False,76.619,"[None, 2048, 2048, 2048, 2048, 2048]","[2048, 2048, 2048, 2048, 2048, 2048, 2048, 2048, 2048, 2048]","[2048, 2048, 2048, 2048, 2048]",281.0
1210,9088,10,26,2023-05-26T15:59:30.871000+00:00,20.207,36.136,20.569,205.0,190.0,False,76.912,"[None, 2048, 2048, 2048, 2048, 2048]","[2048, 2048, 2048, 2048, 2048, 2048, 2048, 2048, 2048, 2048]","[2048, 2048, 2048, 2048, 2048]",276.0
1210,9088,1,28,2023-05-26T15:59:37.887000+00:00,19.96,35.791,20.115,201.0,189.0,False,75.866,"[None, 2048, 2048, 2048, 2048, 2048]","[2048, 2048, 2048, 2048, 2048, 2048, 2048, 2048, 2048, 2048]","[2048, 2048, 2048, 2048, 2048]",276.0
1210,9088,23,8,2023-05-26T15:59:53.011000+00:00,19.525,34.969,19.723,213.0,193.0,False,74.217,"[2049, 2049, 2049, 2049, 2049, 2049]","[2048, 2049, 2049, 2049, 2048, 2049, 2048, 2048, 2049, 2049]","[2049, 2048, 2048, 2048]",281.0
1210,9088,2,32,2023-05-26T16:00:02.918000+00:00,30.145,45.514,62.858,126.0,56.0,False,138.517,"[None, 2048, 2048, 2048, 2048, 2048]","[2048, 2048, 2048, 2048, 2048, 2048, 2048, 2048, 2048, 2048]","[2048, 2048, 2048, 2048, 2048]",220.0
1210,9088,31,29,2023-05-26T16:00:04.871000+00:00,26.599,44.349,63.438,122.0,79.0,False,134.386,"[None, 2048, 2048, 2048, 2048, 2048]","[2048, 2048, 2048, 2048, 2048, 2048, 2048, 2048, 2048, 2048]","[2048, 2048, 2048, 2048, 2048]",195.0
1210,9088,14,31,2023-05-26T16:00:09.761000+00:00,24.255,46.412,68.766,130.0,62.0,False,139.433,"[2048, 2048, 2048, 2048, 2048, 2048]","[2048, 2048, 2048, 2048, 2048, 2048, 2048, 2048, 2048, 2048]","[2048, 2048, 2048, 2048]",166.0
1210,9088,18,30,2023-05-26T16:00:10.668000+00:00,25.456,47.395,66.895,124.0,67.0,False,139.746,"[None, 2048, 2048, 2048, 2048, 2048]","[2048, 2048, 2048, 2048, 2048, 2048, 2048, 2048, 2048, 2048]","[2048, 2048, 2048, 2048, 2048]",206.0
1210,9088,63,31,2023-05-26T16:00:15.324000+00:00,27.156,50.255,64.54,125.0,120.0,False,141.951,"[None, 2048, 2048, 2048, 2048, 2048]","[2048, 2048, 2048, 2048, 2048, 2048, 2048, 2048, 2048, 2048]","[2048, 2048, 2048, 2048, 2048]",168.0
1210,9088,27,32,2023-05-26T16:00:20.464000+00:00,22.185,45.88,65.528,166.0,113.0,False,133.593,"[None, 2048, 2048, 2048, 2048, 2048]","[2048, 2048, 2048, 2048, 2048, 2048, 2048, 2048, 2048, 2048]","[2048, 2048, 2048, 2048, 2048]",246.0
1210,9088,77,32,2023-05-26T16:00:22.464000+00:00,25.936,48.244,65.262,152.0,115.0,False,139.442,"[None, 2048, 2048, 2048, 2048, 2048]","[2048, 2048, 2048, 2048, 2048, 2048, 2048, 2048, 2048, 2048]","[2048, 2048, 2048, 2048]",164.0
1210,9088,24,31,2023-05-26T16:00:24.324000+00:00,28.286,49.884,61.295,130.0,146.0,False,139.465,"[None, 2048, 2048, 2048, 2048, 2048]","[2048, 2048, 2048, 2048, 2048, 2048, 2048, 2048, 2048, 2048]","[2048, 2048, 2048, 2048]",215.0
1210,9088,44,28,2023-05-26T16:00:26.542000+00:00,32.747,52.359,65.656,104.0,129.0,False,150.762,"[None, 2048, 2048, 2048, 2048, 2048]","[2048, 2048, 2048, 2048, 2048, 2048, 2048, 2048, 2048, 2048]","[2048, 2048, 2048, 2048, 2048]",199.0
1210,9088,11,29,2023-05-26T16:00:28.667000+00:00,36.054,55.236,64.95,94.0,113.0,False,156.24,"[None, 2048, 2048, 2048, 2048, 2048]","[2048, 2048, 2048, 2048, 2048, 2048, 2048, 2048, 2048, 2048]","[2048, 2048, 2048, 2048, 2048]",142.0
1210,9088,81,29,2023-05-26T16:00:32.042000+00:00,33.916,56.634,66.638,98.0,111.0,False,157.188,"[None, 2048, 2048, 2048, 2048, 2048]","[2048, 2048, 2048, 2048, 2048, 2048, 2048, 2048, 2048, 2048]","[2048, 2048, 2048, 2048, 2048]",122.0
1210,9088,21,33,2023-05-26T16:00:37.777000+00:00,30.694,55.962,66.997,86.0,110.0,False,153.653,"[2048, 2048, 2048, 2048, 2048, 2048]","[2048, 2048, 2048, 2048, 2048, 2048, 2048, 2048, 2048, 2048]","[2048, 2048, 2048, 2048, 2048]",130.0
1210,9088,20,27,2023-05-26T16:00:42.386000+00:00,27.251,55.688,75.984,83.0,104.0,False,158.923,"[None, 2048, 2048, 2048, 2048, 2048]","[2048, 2048, 2048, 2048, 2048, 2048, 2048, 2048, 2048, 2048]","[2048, 2048, 2048, 2048, 2048]",128.0
1210,9088,16,32,2023-05-26T16:00:43.589000+00:00,27.759,55.479,76.585,78.0,107.0,False,159.823,"[None, 2048, 2048, 2048, 2048, 2048]","[2048, 2048, 2048, 2048, 2048, 2048, 2048, 2048, 2048, 2048]","[2048, 2048, 2048, 2048, 2048]",135.0
1210,9088,10,27,2023-05-26T16:00:47.776000+00:00,26.798,53.92,87.71,117.0,95.0,False,168.428,"[None, 2048, 2048, 2048, 2048, 2048]","[2048, 2048, 2048, 2048, 2048, 2048, 2048, 2048, 2048, 2048]","[2048, 2048, 2048, 2048, 2048]",190.0
1210,9088,1,29,2023-05-26T16:00:53.761000+00:00,31.58,60.74,69.756,103.0,85.0,False,162.076,"[None, 2048, 2048, 2048, 2048, 2048]","[2048, 2048, 2048, 2048, 2048, 2048, 2048, 2048, 2048, 2048]","[2048, 2048, 2048, 2048, 2048]",120.0
1210,9088,23,9,2023-05-26T16:01:07.261000+00:00,32.028,52.424,68.419,115.0,95.0,False,152.871,"[2048, 2048, 2048, 2048, 2048, 2048]","[2048, 2048, 2048, 2048, 2048, 2048, 2048, 2048, 2048, 2048]","[2048, 2048, 2048, 2048, 2048]",182.0
1210,9088,31,30,2023-05-26T16:02:19.322000+00:00,25.498,42.574,,149.0,129.0,False,,"[None, 2048, 2048, 2048, 2048, 2048]","[2048, 2048, 2048, 2048, 2048, 2048, 2048, 2048, 2048, 2048]",[2048],199.0
1210,9088,2,33,2023-05-26T16:02:21.447000+00:00,27.828,42.68,,145.0,160.0,False,,"[None, 2048, 2048, 2048, 2048, 2048]","[2048, 2048, 2048, 2048, 2048, 2048, 2048, 2048, 2048, 2048]",[2048],251.0
1210,9088,14,32,2023-05-26T16:02:29.197000+00:00,24.126,40.48,,146.0,157.0,False,,"[None, 2048, 2048, 2048, 2048, 2048]","[2048, 2048, 2048, 2048, 2048, 2048, 2048, 2048, 2048, 2048]",[2048],218.0
1210,9088,18,31,2023-05-26T16:02:30.510000+00:00,23.98,42.634,,158.0,157.0,False,,"[None, 2048, 2048, 2048, 2048, 2048]","[2048, 2048, 2048, 2048, 2048, 2048, 2048, 2048, 2048, 2048]",[2048],232.0
1210,9088,27,33,2023-05-26T16:02:34.010000+00:00,26.447,42.81,,125.0,129.0,False,,"[None, 2048, 2048, 2048, 2048, 2048]","[2048, 2048, 2048, 2048, 2048, 2048, 2048, 2048, 2048, 2048]",[2048],247.0
1210,9088,63,32,2023-05-26T16:02:37.244000+00:00,24.854,43.175,,140.0,128.0,False,,"[None, 2048, 2048, 2048, 2048, 2048]","[2048, 2048, 2048, 2048, 2048, 2048, 2048, 2048, 2048, 2048]",[2048],227.0
1210,9088,77,33,2023-05-26T16:02:41.869000+00:00,21.727,43.815,,186.0,135.0,False,,"[None, 2048, 2048, 2048, 2048, 2048]","[2048, 2048, 2048, 2048, 2048, 2048, 2048, 2048, 2048, 2048]",[2048],225.0
1210,9088,24,32,2023-05-26T16:02:43.853000+00:00,23.865,42.384,,177.0,155.0,False,,"[None, 2048, 2048, 2048, 2048, 2048]","[2048, 2048, 2048, 2048, 2048, 2048, 2048, 2048, 2048, 2048]",[2048],233.0
1210,9088,44,29,2023-05-26T16:02:57.275000+00:00,26.556,61.583,,123.0,80.0,False,,"[None, 2048, 2048, 2048, 2048, 2048]","[2048, 2048, 2048, 2048, 2048, 2048, 2048, 2048, 2048, 2048]",[2048],115.0
1210,9088,11,30,2023-05-26T16:03:04.931000+00:00,24.882,44.638,,153.0,135.0,False,,"[None, 2048, 2048, 2048, 2048, 2048]","[2048, 2048, 2048, 2048, 2048, 2048, 2048, 2048, 2048, 2048]",[2048],199.0
1210,9088,81,30,2023-05-26T16:03:09.197000+00:00,23.085,43.6,,159.0,134.0,False,,"[None, 2048, 2048, 2048, 2048, 2048]","[2048, 2048, 2048, 2048, 2048, 2048, 2048, 2048, 2048, 2048]",[2048],229.0
1210,9088,21,34,2023-05-26T16:03:11.431000+00:00,23.806,43.334,,172.0,136.0,False,,"[None, 2048, 2048, 2048, 2048, 2048]","[2048, 2048, 2048, 2048, 2048, 2048, 2048, 2048, 2048, 2048]",[2048],246.0
1210,9088,20,28,2023-05-26T16:03:21.322000+00:00,23.137,41.9,,182.0,82.0,False,,"[None, 2048, 2048, 2048, 2048, 2048]","[2048, 2048, 2048, 2048, 2048, 2048, 2048, 2048, 2048, 2048]",[2048],272.0
1210,9088,16,33,2023-05-26T16:03:23.400000+00:00,22.658,41.063,,202.0,83.0,False,,"[None, 2048, 2048, 2048, 2048, 2048]","[2048, 2048, 2048, 2048, 2048, 2048, 2048, 2048, 2048, 2048]",[2048],232.0
1210,9088,1,30,2023-05-26T16:03:35.821000+00:00,25.596,39.889,,159.0,161.0,False,,"[None, 2048, 2048, 2048, 2048, 2048]","[2048, 2048, 2048, 2048, 2048, 2048, 2048, 2048, 2048, 2048]",[2048],233.0
1210,9088,10,28,2023-05-26T16:03:36.181000+00:00,28.241,45.404,,153.0,132.0,False,,"[None, 2048, 2048, 2048, 2048, 2048]","[2048, 2048, 2048, 2048, 2048, 2048, 2048, 2048, 2048, 2048]",[2048],184.0
1210,9088,23,10,2023-05-26T16:03:40.087000+00:00,28.468,45.782,,116.0,158.0,False,,"[None, 2048, 2048, 2048, 2048, 2048]","[2048, 2048, 2048, 2048, 2048, 2048, 2048, 2048, 2048, 2048]",[2048],244.0
