meeting_key,session_key,driver_number,lap_number,date_start,duration_sector_1,duration_sector_2,duration_sector_3,i1_speed,i2_speed,is_pit_out_lap,lap_duration,segments_sector_1,segments_sector_2,segments_sector_3,st_speed
1211,9095,14,1,,,39.191,26.055,219.0,199,True,,"[2064, 2064, 2049, 2049, 2049, 2049, 2049]","[2049, 2051, 2049, 2049, 2049, 2049, 2049, 2049]","[2051, 2051, 2051, 2051, 2051, 2051]",215.0
1211,9095,11,1,2023-06-02T11:30:07.543000+00:00,,38.235,31.874,162.0,244,True,,"[2064, 2064, 2049, 2049, 2049, 2049, 2049]","[2049, 2049, 2049, 2049, 2049, 2049, 2049, 2049]","[2049, 2049, 2049, 2049, 2049]",69.0
1211,9095,18,1,2023-06-02T11:30:09.981000+00:00,,41.543,27.721,166.0,191,True,,"[2064, 2064, 2049, 2049, 2049, 2049, 2049]","[2049, 2049, 2049, 2049, 2049, 2049, 2049, 2049]","[2049, 2049, 2049, 2049, 2049]",197.0
1211,9095,21,1,2023-06-02T11:30:11.825000+00:00,,39.093,39.595,181.0,183,True,,"[2064, 2064, 2049, 2049, 2049, 2049, 2049]","[2049, 2049, 2049, 2049, 2049, 2049, 2049, 2049]","[2049, 2049, 2049, 2049, 2049, 2049]",209.0
1211,9095,31,1,2023-06-02T11:30:13.918000+00:00,,36.981,38.818,167.0,229,True,,"[2064, 2064, 2049, 2049, 2049, 2049, 2049]","[2049, 2049, 2049, 2049, 2049, 2049, 2049, 2049]","[2049, 2049, 2049, 2049, 2049, 2049]",116.0
1211,9095,55,1,2023-06-02T11:30:15.481000+00:00,,36.765,27.995,197.0,244,True,,"[2064, 2064, 2049, 2049, 2049, 2049, 2049]","[2049, 2049, 2049, 2049, 2049, 2049, 2049, 2049]","[2049, 2049, 2051, 2051, 2049]",154.0
1211,9095,63,1,2023-06-02T11:30:16.590000+00:00,,36.234,34.46,205.0,138,True,,"[2064, 2064, 2049, 2049, 2049, 2049, 2049]","[2049, 2049, 2049, 2051, 2051, 2049, 2051, 2049]","[2049, 2049, 2049, 2049, 2049]",122.0
1211,9095,77,1,2023-06-02T11:30:19.012000+00:00,,36.414,29.147,205.0,169,True,,"[2064, 2064, 2049, 2049, 2049, 2049, 2049]","[2049, 2049, 2049, 2049, 2049, 2049, 2049, 2049]","[2049, 2049, 2049, 2049, 2051, 2051]",136.0
1211,9095,22,1,2023-06-02T11:30:20.778000+00:00,,35.483,30.778,213.0,236,True,,"[2064, 2064, 2049, 2049, 2049, 2049, 2049]","[2049, 2049, 2049, 2049, 2049, 2049, 2049, 2049]","[2049, 2049, 2049, 2049, 2049, 2049]",113.0
1211,9095,2,1,2023-06-02T11:30:23.184000+00:00,,39.923,39.896,174.0,211,True,,"[2064, 2064, 2049, 2049, 2049, 2049, 2049]","[2049, 2049, 2049, 2049, 2049, 2049, 2049, 2049]","[2049, 2049, 2049, 2049, 2064, 2064]",107.0
1211,9095,10,1,2023-06-02T11:30:27.402000+00:00,,35.686,28.911,196.0,237,True,,"[2064, 2064, 2049, 2049, 2049, 2049, 2049]","[2049, 2049, 2049, 2049, 2049, 2049, 2049, 2049]","[2051, 2049, 2049, 2049, 2049, 2049]",123.0
1211,9095,24,1,2023-06-02T11:30:33.949000+00:00,,40.87,40.411,175.0,198,True,,"[2064, 2064, 2049, 2049, 2049, 2049, 2049]","[2049, 2049, 2049, 2049, 2049, 2049, 2049, 2049]","[2049, 2049, 2049, 2049, 2049, 2049]",117.0
1211,9095,20,1,2023-06-02T11:30:36.605000+00:00,,39.529,43.095,165.0,149,True,,"[2064, 2064, 2049, 2049, 2049, 2049, 2049]","[2049, 2049, 2049, 2049, 2049, 2049, 2049, 2049]","[2049, 2049, 2049, 2049, 2049, 2049]",77.0
1211,9095,81,1,2023-06-02T11:30:46.761000+00:00,,45.213,36.297,191.0,200,True,,"[2064, 2064, 2049, 2049, 2049, 2049, 2049]","[2049, 2049, 2049, 2049, 2049, 2049, 2049, 2049]","[2049, 2049, 2049, 2049, 2064, 2064]",136.0
1211,9095,16,1,2023-06-02T11:30:50.855000+00:00,,39.823,35.294,200.0,198,True,,"[2064, 2064, 2049, 2049, 2049, 2049, 2049]","[2049, 2049, 2049, 2049, 2049, 2049, 2049, 2049]","[2049, 2049, 2049, 2049, 2049, 2049]",156.0
1211,9095,44,1,2023-06-02T11:30:54.011000+00:00,,38.404,32.933,200.0,242,True,,"[2064, 2064, 2049, 2049, 2049, 2049, 2049]","[2049, 2049, 2049, 2049, 2049, 2049, 2049, 2049]","[2049, 2049, 2049, 2049, 2049, 2049]",166.0
1211,9095,4,1,2023-06-02T11:31:01.730000+00:00,,40.089,31.895,201.0,242,True,,"[2064, 2064, 2049, 2049, 2049, 2049, 2049]","[2049, 2049, 2049, 2049, 2049, 2049, 2049, 2049]","[2049, 2051, 2049, 2049, 2064, 2064]",99.0
1211,9095,1,1,2023-06-02T11:31:16.902000+00:00,,34.73,32.437,239.0,255,True,,"[2064, 2064, 2049, 2049, 2049, 2049, 2049]","[2049, 2049, 2049, 2049, 2049, 2049, 2049, 2051]","[2051, 2049, 2049, 2049, 2049, 2051]",231.0
1211,9095,23,1,2023-06-02T11:31:24.073000+00:00,,37.3,28.675,213.0,230,True,,"[2064, 2064, 2049, 2049, 2049, 2049, 2049]","[2049, 2049, 2049, 2049, 2049, 2049, 2049, 2049]","[2049, 2049, 2049, 2049, 2049]",226.0
1211,9095,14,2,2023-06-02T11:31:40.729000+00:00,25.207,37.344,31.081,248.0,199,False,93.632,"[2049, 2049, 2049, 2049, 2049, 2049, 2049]","[2049, 2049, 2049, 2049, 2049, 2049, 2049, 2049]","[2049, 2049, 2051, 2048, 2064, 2064]",287.0
1211,9095,18,2,2023-06-02T11:31:52.510000+00:00,25.56,32.932,25.122,256.0,260,False,83.614,"[2049, 2049, 2049, 2049, 2049, 2049, 2049]","[2049, 2049, 2049, 2049, 2049, 2049, 2049, 2049]","[2049, 2049, 2049, 2049, 2049]",281.0
1211,9095,55,2,2023-06-02T11:31:56.760000+00:00,23.874,31.799,31.788,266.0,278,False,87.461,"[2049, 2049, 2049, 2049, 2049, 2049, 2049]","[2049, 2049, 2049, 2049, 2049, 2049, 2049, 2049]","[2048, 2048, 2049, 2051, 2051]",297.0
1211,9095,77,2,2023-06-02T11:31:59.526000+00:00,23.955,31.877,31.041,265.0,271,False,86.873,"[2049, 2049, 2049, 2049, 2049, 2049, 2049]","[2049, 2049, 2049, 2049, 2049, 2049, 2049, 2049]","[2049, 2049, 2049, 2048, 2064, 2064]",290.0
1211,9095,22,2,2023-06-02T11:32:04.916000+00:00,23.626,31.826,24.819,275.0,293,False,80.271,"[2049, 2049, 2049, 2049, 2049, 2049, 2049]","[2049, 2049, 2049, 2049, 2051, 2049, 2049, 2049]","[2049, 2049, 2049, 2049, 2049]",313.0
1211,9095,21,2,2023-06-02T11:32:09.416000+00:00,35.024,37.912,36.78,127.0,189,False,109.716,"[2049, 2049, 2049, 2049, 2049, 2049, 2048]","[2048, 2049, 2049, 2049, 2049, 2049, 2048, 2049]","[2049, 2049, 2049, 2049, 2064, 2064]",268.0
1211,9095,10,2,2023-06-02T11:32:10.885000+00:00,23.424,31.956,23.681,262.0,273,False,79.061,"[2049, 2049, 2049, 2049, 2049, 2049, 2049]","[2049, 2049, 2049, 2049, 2049, 2049, 2049, 2049]","[2049, 2051, 2051, 2051, 2051]",321.0
1211,9095,11,2,2023-06-02T11:32:16.885000+00:00,23.313,31.422,24.046,277.0,298,False,78.781,"[2049, 2049, 2051, 2049, 2049, 2049, 2049]","[2051, 2049, 2049, 2049, 2049, 2051, 2051, 2051]","[2049, 2049, 2049, 2049, 2051]",320.0
1211,9095,63,2,2023-06-02T11:32:20.447000+00:00,23.67,32.121,23.877,262.0,274,False,79.668,"[2049, 2049, 2049, 2049, 2049, 2049, 2049]","[2049, 2049, 2049, 2049, 2049, 2049, 2049, 2049]","[2049, 2049, 2049, 2049, 2049]",315.0
1211,9095,31,2,2023-06-02T11:32:27.775000+00:00,23.709,31.626,23.641,261.0,279,False,78.976,"[2049, 2049, 2049, 2049, 2049, 2049, 2049]","[2049, 2049, 2049, 2049, 2049, 2049, 2049, 2049]","[2051, 2051, 2049, 2049, 2049]",315.0
1211,9095,24,2,2023-06-02T11:32:33.885000+00:00,29.41,39.981,32.077,232.0,157,False,101.468,"[2049, 2049, 2049, 2049, 2049, 2049, 2049]","[2049, 2049, 2049, 2048, 2049, 2049, 2049, 2048]","[2048, 2049, 2049, 2049, 2064, 2064]",247.0
1211,9095,27,1,2023-06-02T11:32:34.697000+00:00,,40.965,30.084,171.0,192,True,,"[2064, 2064, 2049, 2049, 2049, 2049, 2049]","[2049, 2049, 2049, 2049, 2049, 2049, 2049, 2049]","[2049, 2049, 2049, 2049, 2049]",230.0
1211,9095,20,2,2023-06-02T11:32:37.197000+00:00,23.793,32.087,24.215,272.0,271,False,80.095,"[2049, 2051, 2049, 2049, 2049, 2049, 2049]","[2049, 2049, 2049, 2049, 2049, 2049, 2049, 2049]","[2049, 2049, 2049, 2049, 2049]",321.0
1211,9095,16,2,2023-06-02T11:32:42.431000+00:00,24.614,32.803,24.421,268.0,267,False,81.838,"[2049, 2049, 2049, 2049, 2049, 2049, 2049]","[2049, 2049, 2049, 2049, 2049, 2049, 2049, 2049]","[2049, 2049, 2049, 2049, 2049]",298.0
1211,9095,1,2,2023-06-02T11:32:49.822000+00:00,22.963,31.106,23.356,277.0,294,False,77.425,"[2049, 2049, 2049, 2051, 2051, 2051, 2051]","[2049, 2051, 2051, 2051, 2049, 2049, 2051, 2051]","[2049, 2051, 2049, 2051, 2049]",321.0
1211,9095,44,2,2023-06-02T11:32:50.150000+00:00,31.792,38.123,26.448,133.0,236,False,96.363,"[2049, 2049, 2049, 2048, 2048, 2048, 2048]","[2048, 2049, 2049, 2049, 2049, 2048, 2048, 2049]","[2048, 2049, 2049, 2049, 2049]",310.0
1211,9095,23,2,2023-06-02T11:32:58.150000+00:00,23.227,31.915,24.433,252.0,283,False,79.575,"[2049, 2049, 2049, 2049, 2049, 2049, 2049]","[2049, 2049, 2049, 2049, 2049, 2049, 2049, 2049]","[2049, 2049, 2049, 2049, 2049]",318.0
1211,9095,18,3,2023-06-02T11:33:16.024000+00:00,29.506,44.121,34.681,163.0,187,False,108.308,"[2048, 2048, 2048, 2048, 2048, 2048, 2048]","[2048, 2048, 2048, 2048, 2048, 2048, 2048, 2048]","[2048, 2048, 2048, 2048, 2064, 2064]",248.0
1211,9095,55,3,2023-06-02T11:33:24.134000+00:00,23.755,31.665,23.793,270.0,276,False,79.213,"[None, 2049, 2049, 2049, 2049, 2048, 2048]","[2049, 2048, 2049, 2049, 2048, 2049, 2049, 2048]","[2049, 2049, 2049, 2049, 2049]",298.0
1211,9095,22,3,2023-06-02T11:33:24.852000+00:00,32.561,46.557,27.425,163.0,244,False,106.543,"[None, 2049, 2048, 2048, 2048, 2048, 2048]","[2048, 2048, 2048, 2048, 2048, 2048, 2048, 2048]","[2048, 2048, 2048, 2049, 2049, 2049]",308.0
1211,9095,10,3,2023-06-02T11:33:30.149000+00:00,23.234,31.43,23.549,272.0,282,False,78.213,"[2049, 2048, 2048, 2049, 2049, 2049, 2049]","[2049, 2049, 2049, 2051, 2049, 2051, 2049, 2049]","[2051, 2049, 2048, 2051, 2049, 2049]",314.0
1211,9095,11,3,2023-06-02T11:33:35.477000+00:00,32.067,49.346,31.275,192.0,127,False,112.688,"[2049, 2048, 2048, 2048, 2048, 2048, 2048]","[2048, 2048, 2048, 2048, 2048, 2048, 2048, 2048]","[2048, 2048, 2048, 2048, 2048, 2048]",248.0
1211,9095,63,3,2023-06-02T11:33:40.040000+00:00,23.228,31.832,23.866,270.0,280,False,78.926,"[None, 2049, 2049, 2049, 2049, 2049, 2049]","[2049, 2049, 2048, 2049, 2049, 2049, 2049, 2049]","[2048, 2048, 2048, 2049, 2049, 2049]",316.0
1211,9095,31,3,2023-06-02T11:33:46.618000+00:00,28.66,45.473,31.225,180.0,131,False,105.358,"[2048, 2048, 2048, 2048, 2048, 2048, 2048]","[2048, 2048, 2048, 2048, 2048, 2048, 2048, 2048]","[2048, 2048, 2048, 2048, 2049]",297.0
1211,9095,14,3,2023-06-02T11:33:46.899000+00:00,63.059,39.512,25.959,246.0,199,True,128.53,"[2064, 2064, 2048, 2048, 2048, 2048, 2048]","[2049, 2048, 2048, 2048, 2048, 2048, 2049, 2048]","[2048, 2048, 2048, 2049, 2049]",245.0
1211,9095,20,3,2023-06-02T11:33:57.196000+00:00,23.187,31.74,23.998,276.0,283,False,78.925,"[None, 2048, 2049, 2049, 2049, 2049, 2049]","[2049, 2049, 2048, 2049, 2048, 2049, 2049, 2049]","[2048, 2048, 2049, 2049, 2049, 2049]",320.0
1211,9095,16,3,2023-06-02T11:34:04.289000+00:00,24.045,31.932,23.917,270.0,275,False,79.894,"[None, 2049, 2049, 2049, 2049, 2049, 2049]","[2049, 2049, 2049, 2049, 2049, 2049, 2049, 2049]","[2049, 2048, 2049, 2049, 2049]",299.0
1211,9095,1,3,2023-06-02T11:34:07.055000+00:00,39.207,52.906,32.84,144.0,166,False,124.953,"[2048, 2048, 2048, 2048, 2048, 2048, 2048]","[2048, 2048, 2048, 2048, 2048, 2048, 2048, 2048]","[2048, 2048, 2048, 2048, 2048, 2048]",163.0
1211,9095,27,2,2023-06-02T11:34:14.992000+00:00,23.416,31.431,23.65,260.0,285,False,78.497,"[2049, 2049, 2049, 2049, 2049, 2049, 2049]","[2049, 2049, 2051, 2049, 2049, 2049, 2049, 2049]","[2051, 2049, 2049, 2049, 2049, 2049]",320.0
1211,9095,23,3,2023-06-02T11:34:18.023000+00:00,32.664,51.143,39.091,104.0,90,False,122.898,"[None, 2048, 2048, 2048, 2048, 2048, 2048]","[2048, 2048, 2048, 2048, 2048, 2048, 2048, 2048]","[2048, 2048, 2048, 2048, 2048]",305.0
1211,9095,44,3,2023-06-02T11:34:26.429000+00:00,23.239,31.293,23.66,271.0,293,False,78.192,"[2048, 2049, 2049, 2049, 2049, 2049, 2049]","[2049, 2049, 2049, 2049, 2051, 2051, 2049, 2049]","[2049, 2049, 2051, 2049, 2049, 2049]",314.0
1211,9095,55,4,2023-06-02T11:34:43.757000+00:00,23.6,31.63,23.619,273.0,279,False,78.849,"[None, 2049, 2049, 2049, 2049, 2048, 2049]","[2048, 2048, 2048, 2049, 2048, 2048, 2048, 2049]","[2049, 2048, 2049, 2049, 2051]",297.0
1211,9095,10,4,2023-06-02T11:34:48.023000+00:00,23.027,31.444,23.638,274.0,290,False,78.109,"[2048, 2048, 2048, 2049, 2049, 2049, 2049]","[2049, 2048, 2048, 2048, 2048, 2049, 2049, 2049]","[2048, 2048, 2048, 2051, 2051, 2049]",
1211,9095,63,4,2023-06-02T11:34:58.960000+00:00,23.757,31.622,23.759,,280,False,79.138,"[2048, 2048, 2048, 2048, 2049, 2048, 2048]","[2049, 2049, 2049, 2048, 2048, 2049, 2049, 2049]","[2048, 2048, 2048, 2049, 2049]",293.0
1211,9095,22,4,2023-06-02T11:35:11.413000+00:00,22.956,31.281,23.563,282.0,299,False,77.8,"[None, 2049, 2049, 2049, 2051, 2049, 2049]","[2049, 2049, 2049, 2049, 2048, 2049, 2049, 2049]","[2049, 2049, 2051, 2049, 2049]",317.0
1211,9095,20,4,2023-06-02T11:35:16.428000+00:00,23.178,31.799,23.965,280.0,291,False,78.942,"[2049, 2049, 2049, 2048, 2048, 2049, 2049]","[2048, 2048, 2048, 2049, 2048, 2049, 2049, 2049]","[2048, 2048, 2049, 2051, 2049]",325.0
1211,9095,14,4,2023-06-02T11:35:22.897000+00:00,24.674,46.883,30.811,252.0,199,False,102.368,"[2049, 2049, 2049, 2049, 2049, 2049, 2049]","[2049, 2049, 2049, 2048, 2048, 2048, 2048, 2048]","[2048, 2048, 2048, 2048, 2049]",287.0
1211,9095,16,4,2023-06-02T11:35:24.163000+00:00,23.81,32.885,29.12,265.0,271,False,85.815,"[None, 2049, 2049, 2048, 2048, 2049, 2049]","[2048, 2048, 2048, 2048, 2048, 2048, 2048, 2048]","[2048, 2048, 2048, 2048, 2064, 2064]",305.0
1211,9095,11,4,2023-06-02T11:35:28.210000+00:00,22.867,31.144,23.454,282.0,296,False,77.465,"[2051, 2049, 2049, 2049, 2049, 2049, 2049]","[2051, 2049, 2049, 2049, 2049, 2051, 2049, 2051]","[2049, 2049, 2051, 2049, 2051]",325.0
1211,9095,31,4,2023-06-02T11:35:32.053000+00:00,23.015,31.356,23.514,274.0,292,False,77.885,"[2049, 2049, 2049, 2049, 2049, 2049, 2049]","[2049, 2049, 2049, 2049, 2048, 2049, 2049, 2049]","[2048, 2048, 2048, 2049, 2049]",321.0
1211,9095,27,3,2023-06-02T11:35:33.709000+00:00,23.298,37.841,26.139,195.0,254,False,87.278,"[None, 2051, 2049, 2049, 2049, 2049, 2048]","[2048, 2048, 2048, 2048, 2048, 2048, 2048, 2048]","[2048, 2048, 2048, 2048, 2048]",328.0
1211,9095,18,4,2023-06-02T11:35:42.444000+00:00,76.785,42.303,32.77,171.0,197,True,151.858,"[2064, 2064, 2048, 2048, 2048, 2048, 2048]","[2048, 2048, 2048, 2048, 2048, 2048, 2048, 2048]","[2048, 2048, 2048, 2048, 2064, 2064]",79.0
1211,9095,44,4,2023-06-02T11:35:44.787000+00:00,27.618,38.59,25.527,213.0,246,False,91.735,"[None, 2048, 2048, 2048, 2048, 2048, 2048]","[2048, 2048, 2048, 2048, 2048, 2048, 2048, 2048]","[2048, 2048, 2048, 2048, 2048, 2048]",301.0
1211,9095,55,5,2023-06-02T11:36:02.209000+00:00,23.459,31.435,23.759,274.0,281,False,78.653,"[None, 2049, 2049, 2049, 2049, 2049, 2049]","[2049, 2049, 2048, 2049, 2049, 2049, 2048, 2049]","[2048, 2048, 2048, 2048, 2048]",299.0
1211,9095,10,5,2023-06-02T11:36:06.162000+00:00,29.398,41.075,26.405,178.0,246,False,96.878,"[2049, 2048, 2048, 2048, 2048, 2048, 2048]","[2048, 2048, 2048, 2048, 2048, 2048, 2048, 2048]","[2048, 2048, 2048, 2048, 2048, 2048]",309.0
1211,9095,1,4,2023-06-02T11:36:12.115000+00:00,22.645,30.678,23.26,279.0,301,False,76.583,"[2049, 2049, 2051, 2051, 2049, 2051, 2051]","[2049, 2051, 2051, 2049, 2049, 2051, 2051, 2051]","[2049, 2048, 2049, 2049, 2049]",324.0
1211,9095,63,5,2023-06-02T11:36:18.162000+00:00,23.629,31.852,23.885,271.0,282,False,79.366,"[None, 2048, 2048, 2049, 2048, 2049, 2049]","[2049, 2048, 2048, 2048, 2048, 2049, 2048, 2048]","[2048, 2048, 2048, 2048, 2048]",294.0
1211,9095,23,4,2023-06-02T11:36:20.630000+00:00,25.442,42.057,27.706,218.0,209,False,95.205,"[None, 2049, 2049, 2048, 2048, 2048, 2048]","[2048, 2048, 2048, 2048, 2048, 2048, 2048, 2048]","[2048, 2048, 2048, 2049, 2049]",322.0
1211,9095,22,5,2023-06-02T11:36:29.302000+00:00,32.363,45.161,28.177,136.0,222,False,105.701,"[2048, 2048, 2048, 2048, 2048, 2048, 2048]","[2048, 2048, 2048, 2048, 2048, 2048, 2048, 2048]","[2048, 2048, 2048, 2048, 2048, 2048]",303.0
1211,9095,21,3,2023-06-02T11:36:30.818000+00:00,,37.685,27.492,199.0,199,True,251.781,"[2064, 2064, 2048, 2048, 2048, 2049, 2049]","[2049, 2048, 2049, 2049, 2049, 2048, 2048, 2049]","[2049, 2049, 2049, 2049, 2049, 2049]",223.0
1211,9095,20,5,2023-06-02T11:36:35.161000+00:00,24.794,35.813,32.568,246.0,199,False,93.175,"[None, 2048, 2048, 2048, 2048, 2048, 2048]","[2048, 2048, 2048, 2048, 2048, 2048, 2048, 2048]","[2048, 2048, 2048, 2048, 2064, 2064]",314.0
1211,9095,11,5,2023-06-02T11:36:45.583000+00:00,29.562,36.14,31.995,178.0,224,False,97.697,"[2048, 2048, 2048, 2048, 2048, 2048, 2048]","[2048, 2048, 2048, 2048, 2048, 2048, 2048, 2048]","[2048, 2048, 2048, 2048, 2064, 2064]",249.0
1211,9095,31,5,2023-06-02T11:36:49.864000+00:00,37.547,52.219,30.786,120.0,225,False,120.552,"[2048, 2048, 2048, 2048, 2048, 2048, 2048]","[2048, 2048, 2048, 2048, 2048, 2048, 2048, 2048]","[2048, 2048, 2048, 2048, 2048]",301.0
1211,9095,27,4,2023-06-02T11:37:00.770000+00:00,22.847,31.283,23.629,271.0,290,False,77.759,"[2048, 2048, 2048, 2049, 2051, 2049, 2049]","[2049, 2051, 2048, 2048, 2048, 2049, 2049, 2049]","[2048, 2048, 2049, 2049, 2049]",323.0
1211,9095,2,2,2023-06-02T11:37:01.552000+00:00,,36.974,35.882,221.0,251,True,379.093,"[None, 2064, 2049, 2048, 2049, 2049, 2049]","[2049, 2049, 2049, 2049, 2049, 2048, 2048, 2048]","[2048, 2049, 2048, 2048, 2049, 2049]",232.0
1211,9095,14,5,2023-06-02T11:37:05.208000+00:00,25.067,37.241,30.088,258.0,199,False,92.396,"[None, 2048, 2049, 2048, 2048, 2048, 2049]","[2049, 2048, 2049, 2048, 2048, 2048, 2048, 2048]","[2049, 2049, 2049, 2048, 2064, 2064]",
1211,9095,16,5,2023-06-02T11:37:14.879000+00:00,65.485,32.834,25.261,251.0,234,True,123.58,"[2064, 2064, 2048, 2048, 2048, 2048, 2048]","[2048, 2048, 2048, 2048, 2048, 2048, 2048, 2048]","[2048, 2048, 2048, 2048, 2048, 2048]",239.0
1211,9095,44,5,2023-06-02T11:37:16.489000+00:00,23.697,31.821,24.01,278.0,285,False,79.528,"[None, 2048, 2048, 2048, 2049, 2049, 2049]","[2049, 2049, 2048, 2048, 2048, 2048, 2048, 2048]","[2048, 2048, 2048, 2049, 2049, 2049]",293.0
1211,9095,55,6,2023-06-02T11:37:20.848000+00:00,23.326,31.442,24.192,276.0,286,False,78.96,"[None, 2049, 2049, 2048, 2048, 2048, 2049]","[2048, 2049, 2048, 2049, 2048, 2048, 2049, 2049]","[2048, 2048, 2048, 2048, 2049]",307.0
1211,9095,1,5,2023-06-02T11:37:28.614000+00:00,26.833,41.972,29.371,130.0,163,False,98.176,"[2048, 2048, 2048, 2048, 2048, 2048, 2048]","[2048, 2048, 2048, 2048, 2048, 2048, 2048, 2048]","[2048, 2048, 2048, 2048, 2064, 2064]",262.0
1211,9095,63,6,2023-06-02T11:37:37.567000+00:00,23.751,31.955,24.002,267.0,280,False,79.708,"[None, 2048, 2048, 2048, 2048, 2048, 2048]","[2048, 2048, 2048, 2048, 2048, 2048, 2048, 2048]","[2048, 2048, 2048, 2048, 2048]",295.0
1211,9095,10,6,2023-06-02T11:37:43.082000+00:00,22.806,31.334,23.67,285.0,296,False,77.81,"[None, 2049, 2049, 2049, 2049, 2049, 2051]","[2049, 2048, 2048, 2048, 2048, 2049, 2049, 2049]","[2048, 2048, 2048, 2048, 2049]",323.0
1211,9095,23,5,2023-06-02T11:37:55.801000+00:00,23.221,31.574,24.027,265.0,289,False,78.822,"[2048, 2048, 2048, 2049, 2048, 2048, 2049]","[2049, 2049, 2048, 2048, 2049, 2049, 2049, 2049]","[2049, 2048, 2049, 2049, 2049]",319.0
1211,9095,21,4,2023-06-02T11:38:10.894000+00:00,38.158,36.559,34.82,197.0,190,False,109.537,"[2049, 2048, 2048, 2049, 2048, 2048, 2048]","[2049, 2049, 2049, 2049, 2049, 2049, 2048, 2048]","[2048, 2048, 2048, 2048, 2064, 2064]",235.0
1211,9095,22,6,2023-06-02T11:38:14.941000+00:00,22.765,31.247,23.481,284.0,298,False,77.493,"[2049, 2049, 2049, 2049, 2048, 2049, 2049]","[2051, 2048, 2048, 2048, 2048, 2049, 2049, 2049]","[2049, 2049, 2048, 2049, 2049]",320.0
1211,9095,27,5,2023-06-02T11:38:18.472000+00:00,25.013,37.289,32.126,230.0,193,False,94.428,"[2049, 2048, 2048, 2048, 2048, 2048, 2048]","[2048, 2048, 2048, 2048, 2048, 2048, 2048, 2048]","[2048, 2048, 2048, 2048, 2064, 2064]",311.0
1211,9095,81,2,2023-06-02T11:38:29.644000+00:00,,37.405,37.408,206.0,181,True,451.286,"[None, 2064, 2048, 2048, 2049, 2049, 2049]","[2049, 2049, 2049, 2049, 2049, 2049, 2049, 2048]","[2048, 2049, 2048, 2049, 2064, 2064]",138.0
1211,9095,44,6,2023-06-02T11:38:36.019000+00:00,23.66,31.7,23.865,277.0,281,False,79.225,"[None, 2048, 2048, 2048, 2049, 2048, 2049]","[2048, 2048, 2048, 2048, 2048, 2048, 2048, 2048]","[2048, 2048, 2048, 2049, 2049, 2048]",295.0
1211,9095,55,7,2023-06-02T11:38:39.909000+00:00,40.069,51.364,29.273,128.0,203,False,120.706,"[2048, 2048, 2048, 2048, 2048, 2048, 2048]","[2048, 2048, 2048, 2048, 2048, 2048, 2048, 2048]","[2048, 2048, 2048, 2048, 2048]",168.0
1211,9095,11,6,2023-06-02T11:38:45.456000+00:00,55.693,39.473,32.479,214.0,203,True,127.645,"[2064, 2064, 2048, 2048, 2048, 2048, 2048]","[2048, 2048, 2048, 2048, 2048, 2048, 2048, 2048]","[2048, 2048, 2048, 2048, 2048]",152.0
1211,9095,2,3,2023-06-02T11:38:46.393000+00:00,23.891,32.183,23.656,269.0,278,False,79.73,"[2049, 2049, 2049, 2049, 2049, 2049, 2049]","[2049, 2049, 2049, 2049, 2049, 2049, 2049, 2049]","[2049, 2049, 2049, 2049, 2049]",316.0
1211,9095,31,6,2023-06-02T11:38:50.425000+00:00,23.171,31.271,23.431,275.0,288,False,77.873,"[2049, 2048, 2048, 2048, 2048, 2049, 2049]","[2048, 2048, 2049, 2049, 2048, 2049, 2049, 2049]","[2048, 2048, 2048, 2048, 2049]",320.0
1211,9095,20,6,2023-06-02T11:38:52.925000+00:00,73.477,35.834,26.71,191.0,239,True,136.021,"[2064, 2064, 2048, 2048, 2048, 2048, 2048]","[2048, 2048, 2048, 2048, 2048, 2048, 2048, 2048]","[2048, 2048, 2048, 2048, 2048]",251.0
1211,9095,16,6,2023-06-02T11:38:53.596000+00:00,23.686,31.578,23.782,275.0,289,False,79.046,"[2049, 2049, 2049, 2048, 2049, 2048, 2049]","[2048, 2049, 2049, 2049, 2048, 2049, 2049, 2049]","[2049, 2048, 2049, 2049, 2049]",309.0
1211,9095,63,7,2023-06-02T11:38:57.268000+00:00,23.825,32.351,24.269,,275,False,80.445,"[None, 2048, 2048, 2048, 2048, 2048, 2048]","[2048, 2048, 2048, 2048, 2048, 2048, 2048, 2048]","[2048, 2048, 2048, 2048, 2048, 2048]",298.0
1211,9095,10,7,2023-06-02T11:39:00.831000+00:00,26.851,37.772,31.568,251.0,207,False,96.191,"[2048, 2048, 2048, 2048, 2048, 2048, 2048]","[2048, 2048, 2048, 2048, 2048, 2048, 2048, 2048]","[2048, 2048, 2048, 2048, 2064, 2064]",307.0
1211,9095,4,2,2023-06-02T11:39:12.174000+00:00,,33.994,28.516,205.0,263,True,473.929,"[None, 2064, 2049, 2049, 2049, 2048, 2049]","[2049, 2049, 2049, 2049, 2049, 2049, 2049, 2049]","[2049, 2049, 2049, 2049, 2064, 2064]",139.0
1211,9095,23,6,2023-06-02T11:39:14.534000+00:00,33.688,48.105,29.211,163.0,197,False,111.004,"[None, 2048, 2048, 2048, 2048, 2048, 2048]","[2048, 2048, 2048, 2048, 2048, 2048, 2048, 2048]","[2048, 2048, 2048, 2048, 2049, 2049]",301.0
1211,9095,1,6,2023-06-02T11:39:27.533000+00:00,50.892,37.746,26.011,194.0,251,True,114.649,"[2064, 2064, 2048, 2048, 2048, 2048, 2048]","[2048, 2048, 2048, 2048, 2048, 2048, 2048, 2048]","[2048, 2048, 2048, 2048, 2048, 2048]",225.0
1211,9095,22,7,2023-06-02T11:39:32.330000+00:00,30.666,41.45,32.32,161.0,199,False,104.436,"[2048, 2048, 2048, 2048, 2048, 2048, 2048]","[2048, 2048, 2048, 2048, 2048, 2048, 2048, 2048]","[2048, 2048, 2048, 2048, 2064, 2064]",300.0
1211,9095,44,7,2023-06-02T11:39:55.173000+00:00,23.696,32.157,24.439,274.0,282,False,80.292,"[None, 2048, 2048, 2049, 2048, 2048, 2048]","[2048, 2048, 2048, 2048, 2048, 2048, 2048, 2048]","[2048, 2048, 2048, 2048, 2048, 2048]",294.0
1211,9095,2,4,2023-06-02T11:40:06.064000+00:00,28.555,39.068,25.74,240.0,255,False,93.363,"[None, 2048, 2048, 2048, 2048, 2048, 2048]","[2048, 2048, 2048, 2048, 2048, 2048, 2048, 2048]","[2048, 2048, 2048, 2048, 2048, 2048]",304.0
1211,9095,31,7,2023-06-02T11:40:08.376000+00:00,39.545,55.92,30.35,68.0,226,False,125.815,"[2048, 2048, 2048, 2048, 2048, 2048, 2048]","[2048, 2048, 2048, 2048, 2048, 2048, 2048, 2048]","[2048, 2048, 2048, 2048, 2048, 2048]",301.0
1211,9095,16,7,2023-06-02T11:40:12.595000+00:00,23.62,31.609,23.746,273.0,279,False,78.975,"[None, 2048, 2048, 2048, 2048, 2049, 2049]","[2049, 2048, 2048, 2048, 2049, 2049, 2048, 2048]","[2048, 2049, 2048, 2048, 2049, 2049]",307.0
1211,9095,63,8,2023-06-02T11:40:17.704000+00:00,29.27,42.719,28.503,116.0,238,False,100.492,"[None, 2048, 2048, 2048, 2048, 2048, 2048]","[2048, 2048, 2048, 2048, 2048, 2048, 2048, 2048]","[2048, 2048, 2048, 2048, 2064, 2064]",240.0
1211,9095,20,7,2023-06-02T11:40:24.345000+00:00,23.378,32.178,24.078,274.0,279,False,79.634,"[2048, 2048, 2048, 2048, 2048, 2048, 2048]","[2048, 2048, 2048, 2048, 2048, 2049, 2048, 2048]","[2049, 2048, 2048, 2048, 2048, 2048]",323.0
1211,9095,27,6,2023-06-02T11:40:30.860000+00:00,71.744,45.622,31.81,120.0,158,True,149.176,"[2064, 2064, 2048, 2048, 2048, 2048, 2048]","[2048, 2048, 2048, 2048, 2048, 2048, 2048, 2048]","[2048, 2048, 2048, 2048, 2048, 2048]",199.0
1211,9095,11,7,2023-06-02T11:40:31.017000+00:00,22.655,30.67,23.095,283.0,300,False,76.42,"[2051, 2048, 2048, 2049, 2049, 2049, 2051]","[2051, 2049, 2049, 2049, 2049, 2051, 2049, 2049]","[2051, 2049, 2048, 2049, 2051, 2051]",325.0
1211,9095,55,8,2023-06-02T11:40:40.595000+00:00,23.272,33.354,29.494,273.0,148,False,86.12,"[2049, 2049, 2049, 2048, 2048, 2048, 2048]","[2048, 2048, 2048, 2048, 2048, 2048, 2048, 2048]","[2048, 2048, 2048, 2048, 2048]",318.0
1211,9095,1,7,2023-06-02T11:41:01.813000+00:00,22.391,30.489,23.065,281.0,300,False,75.945,"[2048, 2048, 2051, 2051, 2051, 2051, 2049]","[2049, 2051, 2051, 2051, 2048, 2051, 2051, 2051]","[2049, 2048, 2049, 2049, 2049, 2049]",322.0
1211,9095,23,7,2023-06-02T11:41:05.625000+00:00,23.176,31.553,23.885,260.0,282,False,78.614,"[None, 2048, 2048, 2048, 2048, 2048, 2049]","[2048, 2049, 2048, 2049, 2048, 2049, 2049, 2048]","[2048, 2049, 2048, 2049, 2049]",320.0
1211,9095,44,8,2023-06-02T11:41:15.500000+00:00,27.956,36.058,28.77,228.0,232,False,92.784,"[None, 2048, 2048, 2048, 2048, 2048, 2048]","[2048, 2048, 2048, 2048, 2048, 2048, 2048, 2048]","[2048, 2048, 2048, 2048, 2064, 2064]",277.0
1211,9095,16,8,2023-06-02T11:41:31.828000+00:00,23.254,31.586,23.795,,290,False,78.635,"[None, 2049, 2049, 2049, 2049, 2048, 2048]","[2049, 2048, 2048, 2048, 2048, 2048, 2049, 2049]","[2048, 2048, 2048, 2049, 2049]",319.0
1211,9095,2,5,2023-06-02T11:41:39.531000+00:00,23.286,31.488,23.826,279.0,287,False,78.6,"[2048, 2049, 2049, 2049, 2049, 2049, 2049]","[2049, 2049, 2049, 2049, 2049, 2049, 2049, 2049]","[2048, 2048, 2048, 2049, 2049]",316.0
1211,9095,20,8,2023-06-02T11:41:44.015000+00:00,23.351,32.172,24.335,277.0,283,False,79.858,"[None, 2048, 2048, 2048, 2048, 2048, 2048]","[2048, 2048, 2048, 2049, 2048, 2048, 2048, 2048]","[2048, 2048, 2048, 2048, 2048]",324.0
1211,9095,11,8,2023-06-02T11:41:47.500000+00:00,31.271,46.859,36.149,178.0,152,False,114.279,"[2048, 2048, 2048, 2048, 2048, 2048, 2048]","[2048, 2048, 2048, 2048, 2048, 2048, 2048, 2048]","[2048, 2048, 2048, 2048, 2048, 2048]",220.0
1211,9095,77,3,2023-06-02T11:42:01.077000+00:00,,37.001,24.91,203.0,240,True,629.845,"[2064, 2064, 2048, 2048, 2048, 2048, 2048]","[2048, 2048, 2048, 2048, 2048, 2048, 2048, 2048]","[2048, 2049, 2049, 2049, 2049, 0]",175.0
1211,9095,55,9,2023-06-02T11:42:06.702000+00:00,23.071,31.719,23.81,274.0,290,False,78.6,"[None, 2049, 2049, 2049, 2048, 2048, 2048]","[2048, 2048, 2048, 2048, 2048, 2048, 2049, 2049]","[2048, 2048, 2048, 2049, 2049]",317.0
1211,9095,31,8,2023-06-02T11:42:14.155000+00:00,22.986,31.089,23.442,277.0,293,False,77.517,"[None, 2048, 2048, 2048, 2049, 2049, 2049]","[2049, 2048, 2048, 2049, 2048, 2049, 2049, 2049]","[2048, 2049, 2048, 2049, 2049]",319.0
1211,9095,1,8,2023-06-02T11:42:17.702000+00:00,40.795,54.775,41.841,129.0,133,False,137.411,"[None, 2048, 2048, 2048, 2048, 2048, 2048]","[2048, 2048, 2048, 2048, 2048, 2048, 2048, 2048]","[2048, 2048, 2048, 2048, 2048]",146.0
1211,9095,27,7,2023-06-02T11:42:22.155000+00:00,22.908,31.063,23.465,274.0,295,False,77.436,"[2048, 2048, 2048, 2048, 2048, 2049, 2049]","[2049, 2048, 2048, 2048, 2048, 2049, 2049, 2049]","[2048, 2049, 2049, 2049, 2049]",320.0
1211,9095,23,8,2023-06-02T11:42:24.218000+00:00,28.537,42.674,32.895,195.0,231,False,104.106,"[2049, 2048, 2048, 2048, 2048, 2048, 2048]","[2048, 2048, 2048, 2048, 2048, 2048, 2048, 2048]","[2048, 2048, 2048, 2048, 2064, 2064]",309.0
1211,9095,18,5,2023-06-02T11:42:31.468000+00:00,,43.508,31.024,68.0,194,True,410.775,"[None, 2064, 2048, 2048, 2048, 2048, 2048]","[2048, 2048, 2048, 2048, 2048, 2048, 2048, 2048]","[2048, 2048, 2048, 2048, 2048, 2048]",79.0
1211,9095,16,9,2023-06-02T11:42:50.186000+00:00,23.383,31.717,23.96,272.0,287,False,79.06,"[None, 2049, 2048, 2048, 2048, 2048, 2048]","[2048, 2048, 2048, 2048, 2048, 2049, 2048, 2048]","[2048, 2048, 2048, 2048, 2048]",
1211,9095,2,6,2023-06-02T11:42:58.123000+00:00,29.665,40.099,30.088,221.0,250,False,99.852,"[None, 2048, 2048, 2048, 2048, 2048, 2048]","[2048, 2048, 2048, 2048, 2048, 2048, 2048, 2048]","[2048, 2048, 2048, 2048, 2048, 2048]",302.0
1211,9095,20,9,2023-06-02T11:43:03.889000+00:00,23.366,32.007,24.273,,288,False,79.646,"[None, 2048, 2048, 2048, 2048, 2048, 2048]","[2048, 2048, 2048, 2049, 2048, 2048, 2048, 2048]","[2048, 2048, 2048, 2048, 2048]",323.0
1211,9095,55,10,2023-06-02T11:43:25.248000+00:00,23.026,31.61,23.787,275.0,293,False,78.423,"[None, 2049, 2049, 2049, 2048, 2048, 2048]","[2048, 2048, 2048, 2048, 2048, 2048, 2048, 2049]","[2048, 2048, 2048, 2049, 2049]",318.0
1211,9095,31,9,2023-06-02T11:43:31.607000+00:00,29.99,39.689,30.868,102.0,241,False,100.547,"[None, 2048, 2048, 2048, 2048, 2048, 2048]","[2048, 2048, 2048, 2048, 2048, 2048, 2048, 2048]","[2048, 2048, 2048, 2048, 2064, 2064]",302.0
1211,9095,27,8,2023-06-02T11:43:39.482000+00:00,22.815,31.37,23.778,276.0,276,False,77.963,"[None, 2048, 2049, 2048, 2048, 2048, 2049]","[2048, 2048, 2048, 2048, 2048, 2048, 2048, 2048]","[2048, 2048, 2048, 2048, 2048, 2048]",322.0
1211,9095,11,9,2023-06-02T11:43:41.685000+00:00,22.621,43.252,32.374,283.0,151,False,98.247,"[2051, 2051, 2049, 2048, 2049, 2048, 2048]","[2048, 2048, 2048, 2048, 2048, 2048, 2048, 2048]","[2048, 2048, 2048, 2048, 2048]",328.0
1211,9095,77,4,2023-06-02T11:43:56.247000+00:00,23.846,31.625,23.666,266.0,270,False,79.137,"[2048, 2048, 2048, 2049, 2049, 2049, 2049]","[2049, 2049, 2049, 2049, 2048, 2049, 2049, 2048]","[2049, 2049, 2049, 2049, 2048]",287.0
1211,9095,16,10,2023-06-02T11:44:09.325000+00:00,25.614,35.211,34.147,219.0,201,False,94.972,"[2048, 2049, 2048, 2048, 2048, 2048, 2048]","[2048, 2048, 2048, 2048, 2048, 2048, 2048, 2048]","[2048, 2048, 2048, 2048, 2064, 2064]",320.0
1211,9095,20,10,2023-06-02T11:44:23.497000+00:00,31.812,37.124,31.695,218.0,176,False,100.631,"[None, 2048, 2048, 2048, 2048, 2048, 2048]","[2048, 2048, 2048, 2048, 2048, 2048, 2048, 2048]","[2048, 2048, 2048, 2048, 2064, 2064]",191.0
1211,9095,18,6,2023-06-02T11:44:27.075000+00:00,24.589,32.971,24.714,261.0,263,False,82.274,"[2049, 2049, 2049, 2048, 2049, 2048, 2048]","[2048, 2048, 2049, 2049, 2048, 2049, 2049, 2049]","[2048, 2049, 2049, 2049, 2049, 2049]",308.0
1211,9095,23,9,2023-06-02T11:44:30.653000+00:00,53.455,39.062,25.937,147.0,250,True,118.454,"[2064, 2064, 2048, 2048, 2048, 2048, 2048]","[2048, 2048, 2048, 2048, 2048, 2048, 2048, 2048]","[2048, 2048, 2048, 2048, 2048]",183.0
1211,9095,1,9,2023-06-02T11:44:34.934000+00:00,42.989,50.897,29.672,161.0,65,False,123.558,"[None, 2048, 2048, 2048, 2048, 2048, 2048]","[2048, 2048, 2048, 2048, 2048, 2048, 2048, 2048]","[2048, 2048, 2048, 2048, 2048, 2048]",128.0
1211,9095,24,3,2023-06-02T11:44:35.715000+00:00,,39.03,25.642,223.0,236,True,726.288,"[2064, 2064, 2049, 2048, 2048, 2048, 2048]","[2048, 2048, 2048, 2048, 2048, 2049, 2049, 2049]","[2049, 2048, 2049, 2049, 2049, 0]",197.0
1211,9095,2,7,2023-06-02T11:44:37.950000+00:00,23.12,31.163,23.704,281.0,295,False,77.987,"[2049, 2049, 2049, 2048, 2049, 2049, 2049]","[2049, 2049, 2049, 2049, 2049, 2049, 2049, 2049]","[2049, 2048, 2048, 2048, 2049]",319.0
1211,9095,55,11,2023-06-02T11:44:43.746000+00:00,29.436,43.394,29.802,181.0,164,False,102.632,"[2048, 2048, 2048, 2048, 2048, 2048, 2048]","[2048, 2048, 2048, 2048, 2048, 2048, 2048, 2048]","[2048, 2048, 2048, 2048, 2064, 2064]",278.0
1211,9095,27,9,2023-06-02T11:44:57.543000+00:00,23.078,31.772,23.855,271.0,287,False,78.705,"[None, 2048, 2048, 2048, 2048, 2048, 2048]","[2048, 2048, 2048, 2048, 2048, 2048, 2048, 2048]","[2048, 2048, 2048, 2048, 2048]",
1211,9095,77,5,2023-06-02T11:45:15.308000+00:00,22.984,31.187,23.463,270.0,283,False,77.634,"[2049, 2049, 2049, 2049, 2049, 2049, 2049]","[2049, 2048, 2049, 2049, 2051, 2049, 2049, 2049]","[2049, 2049, 2051, 2049, 2049]",309.0
1211,9095,22,8,2023-06-02T11:45:19.871000+00:00,,34.684,24.66,227.0,275,True,331.586,"[2064, 2064, 2048, 2048, 2048, 2048, 2048]","[2048, 2048, 2048, 2048, 2048, 2048, 2048, 2048]","[2048, 2048, 2048, 2048, 2048, 2048]",195.0
1211,9095,11,10,2023-06-02T11:45:19.964000+00:00,22.463,30.994,31.277,285.0,295,False,84.734,"[2048, 2048, 2051, 2049, 2049, 2049, 2051]","[2051, 2048, 2048, 2051, 2048, 2048, 2048, 2048]","[2048, 2048, 2048, 2048, 2048, 2048]",326.0
1211,9095,18,7,2023-06-02T11:45:49.323000+00:00,29.242,42.594,32.789,91.0,131,False,104.625,"[2048, 2048, 2048, 2048, 2048, 2048, 2048]","[2048, 2048, 2048, 2048, 2048, 2048, 2048, 2048]","[2048, 2048, 2048, 2048, 2064, 2064]",249.0
1211,9095,2,8,2023-06-02T11:45:55.854000+00:00,23.227,32.334,28.812,277.0,271,False,84.373,"[None, 2049, 2048, 2048, 2048, 2048, 2048]","[2048, 2048, 2048, 2048, 2048, 2048, 2048, 2048]","[2048, 2048, 2048, 2048, 2064, 2064]",318.0
1211,9095,16,11,2023-06-02T11:46:04.526000+00:00,52.35,45.856,26.808,194.0,228,True,125.014,"[2064, 2064, 2048, 2048, 2048, 2048, 2048]","[2048, 2048, 2048, 2048, 2048, 2048, 2048, 2048]","[2048, 2048, 2048, 2048, 2048]",182.0
1211,9095,23,10,2023-06-02T11:46:06.807000+00:00,23.0,31.327,23.526,272.0,291,False,77.853,"[2048, 2048, 2048, 2049, 2049, 2048, 2049]","[2049, 2049, 2049, 2049, 2049, 2049, 2048, 2048]","[2049, 2049, 2049, 2049, 2049, 2049]",319.0
1211,9095,27,10,2023-06-02T11:46:16.229000+00:00,24.061,35.372,31.965,253.0,198,False,91.398,"[None, 2048, 2048, 2048, 2048, 2048, 2048]","[2048, 2048, 2048, 2048, 2048, 2048, 2048, 2048]","[2048, 2048, 2048, 2048, 2064, 2064]",304.0
1211,9095,24,4,2023-06-02T11:46:21.620000+00:00,23.615,31.715,23.866,264.0,271,False,79.196,"[2049, 2049, 2049, 2049, 2049, 2049, 2049]","[2049, 2049, 2049, 2049, 2049, 2049, 2049, 2049]","[2049, 2049, 2049, 2049, 2049]",309.0
1211,9095,77,6,2023-06-02T11:46:32.963000+00:00,23.005,31.386,23.738,265.0,283,False,78.129,"[None, 2049, 2048, 2049, 2048, 2048, 2048]","[2048, 2048, 2048, 2048, 2048, 2048, 2049, 2048]","[2049, 2048, 2048, 2048, 2048, 2048]",310.0
1211,9095,1,10,2023-06-02T11:46:38.447000+00:00,22.464,30.31,23.332,284.0,299,False,76.106,"[2049, 2049, 2048, 2048, 2048, 2048, 2048]","[2049, 2051, 2048, 2051, 2049, 2051, 2051, 2051]","[2048, 2048, 2048, 2048, 2051, 2051]",324.0
1211,9095,11,11,2023-06-02T11:46:44.650000+00:00,35.04,51.94,29.287,155.0,144,False,116.267,"[None, 2048, 2048, 2048, 2048, 2048, 2048]","[2048, 2048, 2048, 2048, 2048, 2048, 2048, 2048]","[2048, 2048, 2048, 2048, 2048, 2048]",250.0
1211,9095,55,12,2023-06-02T11:46:46.275000+00:00,51.363,35.937,25.082,213.0,248,True,112.382,"[2064, 2064, 2048, 2048, 2048, 2048, 2048]","[2048, 2048, 2048, 2048, 2048, 2048, 2048, 2048]","[2048, 2048, 2049, 2048, 2048]",165.0
1211,9095,22,9,2023-06-02T11:46:48.432000+00:00,22.747,30.82,23.631,283.0,299,False,77.198,"[2048, 2048, 2048, 2048, 2049, 2049, 2048]","[2049, 2049, 2049, 2048, 2051, 2049, 2049, 2049]","[2048, 2048, 2048, 2049, 2049]",317.0
1211,9095,21,5,2023-06-02T11:47:17.322000+00:00,,36.754,26.073,240.0,233,True,528.235,"[2064, 2064, 2048, 2048, 2049, 2049, 2049]","[2048, 2048, 2048, 2048, 2048, 2048, 2049, 2049]","[2048, 2049, 2049, 2049, 2049, 2049]",222.0
1211,9095,23,11,2023-06-02T11:47:24.993000+00:00,33.767,48.333,26.766,190.0,223,False,108.866,"[None, 2048, 2048, 2048, 2048, 2048, 2048]","[2048, 2048, 2048, 2048, 2048, 2048, 2048, 2048]","[2048, 2048, 2048, 2048, 2048, 2048]",282.0
1211,9095,24,5,2023-06-02T11:47:40.743000+00:00,23.222,31.342,23.744,270.0,283,False,78.308,"[None, 2049, 2049, 2049, 2049, 2049, 2049]","[2049, 2049, 2048, 2049, 2048, 2049, 2049, 2049]","[2048, 2049, 2048, 2049, 2049]",310.0
1211,9095,2,9,2023-06-02T11:47:42.212000+00:00,46.657,40.173,32.119,243.0,200,True,118.949,"[2064, 2064, 2048, 2048, 2048, 2048, 2048]","[2048, 2048, 2048, 2048, 2048, 2048, 2048, 2048]","[2048, 2048, 2048, 2048, 2048]",245.0
1211,9095,16,12,2023-06-02T11:47:49.290000+00:00,23.058,30.879,23.605,276.0,294,False,77.542,"[2048, 2048, 2048, 2049, 2049, 2049, 2049]","[2049, 2049, 2049, 2049, 2049, 2049, 2049, 2049]","[2048, 2049, 2049, 2049, 2049]",318.0
1211,9095,77,7,2023-06-02T11:47:51.181000+00:00,37.539,48.723,29.421,159.0,202,False,115.683,"[2048, 2048, 2048, 2048, 2048, 2048, 2048]","[2048, 2048, 2048, 2048, 2048, 2048, 2048, 2048]","[2048, 2048, 2048, 2048, 2049, 2049]",172.0
1211,9095,1,11,2023-06-02T11:47:54.555000+00:00,26.296,36.959,28.603,216.0,229,False,91.858,"[2048, 2048, 2048, 2048, 2048, 2048, 2048]","[2048, 2048, 2048, 2048, 2048, 2048, 2048, 2048]","[2048, 2048, 2048, 2048, 2064, 2064]",230.0
1211,9095,22,10,2023-06-02T11:48:05.587000+00:00,35.47,46.07,28.517,86.0,230,False,110.057,"[None, 2048, 2048, 2048, 2048, 2048, 2048]","[2048, 2048, 2048, 2048, 2048, 2048, 2048, 2048]","[2048, 2048, 2048, 2048, 2048, 2048]",290.0
1211,9095,4,3,2023-06-02T11:48:07.602000+00:00,,36.008,26.065,228.0,234,True,544.25,"[None, 2064, 2049, 2049, 2049, 2049, 2049]","[2049, 2048, 2048, 2048, 2048, 2048, 2048, 2048]","[2048, 2048, 2048, 2048, 2049, 2049]",236.0
1211,9095,18,8,2023-06-02T11:48:09.071000+00:00,73.623,41.816,33.841,168.0,187,True,149.28,"[2064, 2064, 2048, 2048, 2048, 2048, 2048]","[2048, 2048, 2048, 2048, 2048, 2048, 2048, 2048]","[2048, 2048, 2048, 2048, 2048, 0]",79.0
1211,9095,63,9,2023-06-02T11:48:16.821000+00:00,,32.701,35.932,256.0,250,True,487.754,"[2064, 2064, 2048, 2048, 2048, 2048, 2048]","[2048, 2048, 2048, 2048, 2048, 2048, 2048, 2048]","[2048, 2048, 2048, 2048, 2048, 2048]",234.0
1211,9095,55,13,2023-06-02T11:48:18.758000+00:00,22.853,30.809,23.423,275.0,289,False,77.085,"[2048, 2048, 2048, 2049, 2049, 2049, 2048]","[2049, 2049, 2049, 2049, 2049, 2049, 2049, 2049]","[2048, 2049, 2048, 2049, 2048, 2048]",317.0
1211,9095,81,3,2023-06-02T11:48:30.758000+00:00,,37.686,29.638,216.0,129,True,603.099,"[None, 2064, 2049, 2049, 2049, 2048, 2049]","[2049, 2049, 2049, 2048, 2049, 2049, 2049, 2048]","[2048, 2049, 2048, 2049, 2049, 2049]",232.0
1211,9095,11,12,2023-06-02T11:48:40.945000+00:00,22.573,32.351,29.695,285.0,255,False,84.619,"[None, 2048, 2048, 2048, 2048, 2048, 2048]","[2051, 2048, 2048, 2048, 2048, 2048, 2048, 2048]","[2048, 2048, 2048, 2048, 2064, 2064]",323.0
1211,9095,21,6,2023-06-02T11:48:48.695000+00:00,23.05,31.218,23.479,278.0,295,False,77.747,"[2049, 2049, 2049, 2049, 2049, 2049, 2049]","[2049, 2049, 2049, 2049, 2049, 2049, 2049, 2049]","[2049, 2049, 2049, 2049, 2049]",313.0
1211,9095,24,6,2023-06-02T11:48:59.054000+00:00,23.177,31.55,23.626,268.0,282,False,78.353,"[None, 2049, 2048, 2049, 2048, 2049, 2048]","[2048, 2048, 2048, 2048, 2048, 2048, 2049, 2049]","[2049, 2048, 2048, 2048, 2049, 2049]",311.0
1211,9095,16,13,2023-06-02T11:49:06.773000+00:00,38.061,62.155,29.86,120.0,83,False,130.076,"[None, 2048, 2048, 2048, 2048, 2048, 2048]","[2048, 2048, 2048, 2048, 2048, 2048, 2048, 2048]","[2048, 2048, 2048, 2048, 2048]",238.0
1211,9095,23,12,2023-06-02T11:49:13.538000+00:00,23.014,31.304,23.533,278.0,292,False,77.851,"[None, 2048, 2048, 2048, 2048, 2049, 2049]","[2049, 2049, 2048, 2048, 2048, 2049, 2049, 2049]","[2048, 2048, 2049, 2049, 2049, 2049]",320.0
1211,9095,2,10,2023-06-02T11:49:19.288000+00:00,22.81,30.952,23.324,283.0,290,False,77.086,"[2048, 2048, 2048, 2049, 2049, 2049, 2049]","[2049, 2049, 2049, 2049, 2048, 2048, 2049, 2049]","[2049, 2048, 2051, 2051, 2049]",319.0
1211,9095,44,9,2023-06-02T11:49:32.101000+00:00,,37.567,28.829,158.0,254,True,512.984,"[2064, 2064, 2048, 2048, 2048, 2048, 2048]","[2048, 2048, 2048, 2048, 2048, 2048, 2048, 2048]","[2048, 2048, 2048, 2048, 2048, 2048]",231.0
1211,9095,55,14,2023-06-02T11:49:35.757000+00:00,43.606,59.233,27.862,116.0,176,False,130.701,"[None, 2048, 2048, 2048, 2048, 2048, 2048]","[2048, 2048, 2048, 2048, 2048, 2048, 2048, 2048]","[2048, 2048, 2048, 2048, 2048, 2048]",144.0
1211,9095,77,8,2023-06-02T11:49:46.803000+00:00,23.014,31.063,23.398,272.0,290,False,77.475,"[None, 2048, 2049, 2048, 2048, 2049, 2049]","[2049, 2049, 2048, 2049, 2048, 2048, 2049, 2049]","[2049, 2048, 2048, 2049, 2049]",310.0
1211,9095,4,4,2023-06-02T11:49:51.694000+00:00,23.274,31.426,23.711,273.0,291,False,78.411,"[2049, 2049, 2049, 2049, 2049, 2049, 2049]","[2049, 2049, 2049, 2049, 2049, 2049, 2049, 2049]","[2049, 2049, 2049, 2049, 2049]",315.0
1211,9095,22,11,2023-06-02T11:49:55.710000+00:00,22.7,31.138,23.979,285.0,299,False,77.817,"[None, 2048, 2048, 2049, 2049, 2048, 2049]","[2049, 2048, 2048, 2048, 2048, 2048, 2049, 2049]","[2048, 2048, 2048, 2048, 2048]",319.0
1211,9095,18,9,2023-06-02T11:50:03.256000+00:00,23.824,32.028,24.401,259.0,266,False,80.253,"[2049, 2049, 2049, 2049, 2049, 2049, 2049]","[2049, 2049, 2049, 2049, 2049, 2049, 2049, 2049]","[2049, 2049, 2049, 2049, 2049]",311.0
1211,9095,63,10,2023-06-02T11:50:05.975000+00:00,23.75,31.892,23.752,271.0,279,False,79.394,"[2048, 2048, 2048, 2048, 2048, 2048, 2048]","[2048, 2048, 2048, 2048, 2048, 2048, 2048, 2048]","[2048, 2048, 2048, 2049, 2048, 2049]",297.0
1211,9095,14,6,2023-06-02T11:50:05.991000+00:00,,37.39,28.917,221.0,226,True,798.723,"[2064, 2064, 2048, 2048, 2048, 2048, 2048]","[2048, 2048, 2048, 2049, 2048, 2048, 2049, 2049]","[2048, 2048, 2048, 2048, 2049, 0]",217.0
1211,9095,21,7,2023-06-02T11:50:06.381000+00:00,30.06,43.038,35.481,176.0,140,False,108.579,"[2048, 2048, 2048, 2048, 2048, 2048, 2048]","[2048, 2048, 2048, 2048, 2048, 2048, 2048, 2048]","[2048, 2048, 2048, 2048, 2064, 2064]",239.0
1211,9095,24,7,2023-06-02T11:50:17.506000+00:00,34.097,45.741,29.112,164.0,199,False,108.95,"[2048, 2048, 2048, 2048, 2048, 2048, 2048]","[2048, 2048, 2048, 2048, 2048, 2048, 2048, 2048]","[2048, 2048, 2048, 2048, 2048]",252.0
1211,9095,81,4,2023-06-02T11:50:23.178000+00:00,23.328,31.503,23.298,271.0,279,False,78.129,"[2049, 2049, 2049, 2049, 2049, 2049, 2049]","[2049, 2049, 2049, 2049, 2049, 2049, 2049, 2049]","[2049, 2049, 2049, 2049, 2051]",313.0
1211,9095,23,13,2023-06-02T11:50:31.709000+00:00,35.714,54.523,34.997,121.0,227,False,125.234,"[None, 2048, 2048, 2048, 2048, 2048, 2048]","[2048, 2048, 2048, 2048, 2048, 2048, 2048, 2048]","[2048, 2048, 2048, 2048, 2048]",264.0
1211,9095,2,11,2023-06-02T11:50:36.271000+00:00,30.111,41.542,28.965,186.0,255,False,100.618,"[None, 2048, 2048, 2048, 2048, 2048, 2048]","[2048, 2048, 2048, 2048, 2048, 2048, 2048, 2048]","[2048, 2048, 2048, 2048, 2048, 2048]",304.0
1211,9095,10,8,2023-06-02T11:50:55.693000+00:00,,38.194,24.821,219.0,247,True,712.204,"[2064, 2064, 2048, 2048, 2048, 2048, 2048]","[2048, 2048, 2048, 2048, 2048, 2048, 2048, 2048]","[2048, 2048, 2048, 2048, 2048, 2048]",188.0
1211,9095,77,9,2023-06-02T11:51:04.208000+00:00,35.042,47.561,26.247,74.0,203,False,108.85,"[None, 2048, 2048, 2048, 2048, 2048, 2048]","[2048, 2048, 2048, 2048, 2048, 2048, 2048, 2048]","[2048, 2048, 2048, 2048, 2048, 2048]",206.0
1211,9095,31,10,2023-06-02T11:51:06.724000+00:00,,47.173,34.681,197.0,217,True,486.195,"[2064, 2064, 2048, 2048, 2048, 2048, 2048]","[2048, 2048, 2048, 2048, 2048, 2048, 2048, 2048]","[2048, 2048, 2048, 2048, 2048, 2048]",215.0
1211,9095,4,5,2023-06-02T11:51:10.021000+00:00,38.874,51.378,28.681,103.0,81,False,118.933,"[2048, 2048, 2048, 2048, 2048, 2048, 2048]","[2048, 2048, 2048, 2048, 2048, 2048, 2048, 2048]","[2048, 2048, 2048, 2048, 2048, 2048]",138.0
1211,9095,22,12,2023-06-02T11:51:13.505000+00:00,31.331,44.613,34.452,146.0,199,False,110.396,"[None, 2048, 2048, 2048, 2048, 2048, 2048]","[2048, 2048, 2048, 2048, 2048, 2048, 2048, 2048]","[2048, 2048, 2048, 2048, 2064, 2064]",303.0
1211,9095,16,14,2023-06-02T11:51:16.880000+00:00,23.053,30.891,23.294,275.0,292,False,77.238,"[None, 2049, 2048, 2048, 2048, 2049, 2048]","[2049, 2049, 2048, 2049, 2049, 2048, 2048, 2048]","[2049, 2049, 2049, 2051, 2048]",322.0
1211,9095,44,10,2023-06-02T11:51:21.255000+00:00,23.263,31.534,23.518,276.0,295,False,78.315,"[2048, 2049, 2049, 2048, 2048, 2048, 2049]","[2048, 2048, 2049, 2048, 2048, 2048, 2048, 2048]","[2049, 2049, 2048, 2049, 2048, 2049]",315.0
1211,9095,18,10,2023-06-02T11:51:23.411000+00:00,28.859,40.08,33.261,179.0,191,False,102.2,"[2048, 2048, 2048, 2048, 2048, 2048, 2048]","[2048, 2048, 2048, 2048, 2048, 2048, 2048, 2048]","[2048, 2048, 2048, 2048, 2064, 2064]",248.0
1211,9095,63,11,2023-06-02T11:51:25.333000+00:00,23.86,32.095,23.799,270.0,281,False,79.754,"[2049, 2049, 2049, 2048, 2048, 2048, 2048]","[2048, 2048, 2048, 2048, 2048, 2048, 2048, 2048]","[2048, 2048, 2048, 2049, 2049, 2048]",320.0
1211,9095,81,5,2023-06-02T11:51:41.239000+00:00,31.623,44.972,29.259,211.0,219,False,105.854,"[2048, 2048, 2048, 2048, 2048, 2048, 2048]","[2048, 2048, 2048, 2048, 2048, 2048, 2048, 2048]","[2048, 2048, 2048, 2048, 2048]",298.0
1211,9095,55,15,2023-06-02T11:51:46.551000+00:00,22.803,30.962,23.27,278.0,294,False,77.035,"[2049, 2049, 2049, 2048, 2048, 2049, 2048]","[2048, 2049, 2048, 2048, 2048, 2049, 2048, 2049]","[2049, 2048, 2048, 2048, 2049]",320.0
1211,9095,14,7,2023-06-02T11:51:56.410000+00:00,22.852,30.853,23.171,280.0,298,False,76.876,"[2049, 2049, 2049, 2049, 2049, 2049, 2049]","[2049, 2049, 2049, 2049, 2049, 2049, 2049, 2049]","[2049, 2049, 2049, 2049, 2049]",316.0
1211,9095,24,8,2023-06-02T11:52:06.442000+00:00,23.013,31.027,23.549,275.0,288,False,77.589,"[None, 2048, 2049, 2049, 2049, 2051, 2049]","[2049, 2049, 2049, 2048, 2049, 2049, 2049, 2049]","[2048, 2048, 2048, 2049, 2049]",309.0
1211,9095,2,12,2023-06-02T11:52:16.957000+00:00,22.799,30.939,23.416,284.0,295,False,77.154,"[2049, 2048, 2049, 2049, 2048, 2049, 2049]","[2048, 2049, 2048, 2048, 2049, 2049, 2049, 2049]","[2048, 2048, 2048, 2048, 2049, 2049]",318.0
1211,9095,21,8,2023-06-02T11:52:23.176000+00:00,57.776,36.291,30.95,200.0,270,True,125.017,"[2064, 2064, 2048, 2048, 2048, 2048, 2048]","[2048, 2048, 2048, 2048, 2048, 2048, 2048, 2048]","[2048, 2048, 2048, 2048, 2048, 2048]",222.0
1211,9095,10,9,2023-06-02T11:52:29.441000+00:00,22.685,30.532,23.146,286.0,298,False,76.363,"[2048, 2048, 2048, 2049, 2049, 2049, 2049]","[2049, 2049, 2049, 2048, 2049, 2049, 2049, 2049]","[2049, 2049, 2048, 2049, 2049]",318.0
1211,9095,16,15,2023-06-02T11:52:34.050000+00:00,33.531,56.331,37.811,79.0,121,False,127.673,"[2049, 2048, 2048, 2048, 2048, 2048, 2048]","[2048, 2048, 2048, 2048, 2048, 2048, 2048, 2048]","[2048, 2048, 2048, 2048, 2064, 2064]",202.0
1211,9095,23,14,2023-06-02T11:52:36.660000+00:00,22.967,31.162,23.547,278.0,295,False,77.676,"[2049, 2049, 2048, 2048, 2048, 2048, 2049]","[2049, 2049, 2048, 2049, 2048, 2049, 2049, 2049]","[2048, 2048, 2048, 2049, 2049, 2049]",322.0
1211,9095,44,11,2023-06-02T11:52:39.582000+00:00,23.226,31.95,24.179,279.0,280,False,79.355,"[2049, 2049, 2049, 2048, 2048, 2048, 2049]","[2048, 2048, 2048, 2048, 2048, 2048, 2048, 2048]","[2048, 2048, 2048, 2048, 2048, 2048]",319.0
1211,9095,63,12,2023-06-02T11:52:45.097000+00:00,23.707,31.685,23.904,274.0,281,False,79.296,"[2048, 2048, 2048, 2048, 2048, 2048, 2048]","[2049, 2048, 2048, 2048, 2048, 2048, 2048, 2049]","[2048, 2048, 2048, 2048, 2049, 2049]",297.0
1211,9095,77,10,2023-06-02T11:52:53.128000+00:00,23.442,31.326,23.583,271.0,288,False,78.351,"[2049, 2049, 2049, 2048, 2048, 2048, 2048]","[2048, 2048, 2048, 2048, 2048, 2048, 2048, 2048]","[2048, 2048, 2048, 2049, 2048, 2048]",312.0
1211,9095,55,16,2023-06-02T11:53:03.487000+00:00,33.918,40.248,29.214,195.0,222,False,103.38,"[2048, 2048, 2048, 2048, 2048, 2048, 2048]","[2048, 2048, 2048, 2048, 2048, 2048, 2048, 2048]","[2048, 2048, 2048, 2048, 2064, 2064]",166.0
1211,9095,4,6,2023-06-02T11:53:09.003000+00:00,22.991,31.073,23.456,276.0,295,False,77.52,"[2049, 2049, 2049, 2049, 2049, 2049, 2048]","[2049, 2049, 2049, 2049, 2048, 2049, 2049, 2049]","[2048, 2049, 2049, 2049, 2049]",316.0
1211,9095,14,8,2023-06-02T11:53:13.253000+00:00,37.131,45.529,26.443,152.0,227,False,109.103,"[2048, 2048, 2048, 2048, 2048, 2048, 2048]","[2048, 2048, 2048, 2048, 2048, 2048, 2048, 2048]","[2048, 2048, 2048, 2048, 2048]",120.0
1211,9095,31,11,2023-06-02T11:53:18.393000+00:00,22.927,30.877,23.322,280.0,296,False,77.126,"[2048, 2048, 2048, 2048, 2048, 2049, 2049]","[2048, 2049, 2049, 2048, 2049, 2049, 2049, 2049]","[2048, 2049, 2048, 2049, 2051]",319.0
1211,9095,24,9,2023-06-02T11:53:23.956000+00:00,36.024,42.669,27.232,188.0,198,False,105.925,"[2049, 2048, 2048, 2048, 2048, 2048, 2048]","[2048, 2048, 2048, 2048, 2048, 2048, 2048, 2048]","[2048, 2048, 2048, 2048, 2048, 2048]",253.0
1211,9095,81,6,2023-06-02T11:53:27.174000+00:00,22.905,31.455,23.465,279.0,288,False,77.825,"[2049, 2049, 2049, 2049, 2049, 2049, 2049]","[2049, 2048, 2048, 2048, 2048, 2049, 2049, 2049]","[2049, 2048, 2048, 2048, 2048]",317.0
1211,9095,2,13,2023-06-02T11:53:34.112000+00:00,31.543,43.114,26.76,186.0,252,False,101.417,"[2048, 2048, 2048, 2048, 2048, 2048, 2048]","[2048, 2048, 2048, 2048, 2048, 2048, 2048, 2048]","[2048, 2048, 2048, 2048, 2048, 2048]",305.0
1211,9095,18,11,2023-06-02T11:53:37.002000+00:00,70.678,41.659,34.877,183.0,197,True,147.214,"[2064, 2064, 2048, 2048, 2048, 2048, 2048]","[2048, 2048, 2048, 2048, 2048, 2048, 2048, 2048]","[2048, 2048, 2048, 2048, 2064, 2064]",79.0
1211,9095,10,10,2023-06-02T11:53:45.627000+00:00,33.286,44.326,28.153,166.0,243,False,105.765,"[None, 2048, 2048, 2048, 2048, 2048, 2048]","[2048, 2048, 2048, 2048, 2048, 2048, 2048, 2048]","[2048, 2048, 2048, 2048, 2048]",300.0
1211,9095,23,15,2023-06-02T11:53:54.205000+00:00,28.645,41.109,36.643,163.0,212,False,106.397,"[2048, 2048, 2048, 2048, 2048, 2048, 2048]","[2048, 2048, 2048, 2048, 2048, 2048, 2048, 2048]","[2048, 2048, 2048, 2048, 2064, 2064]",260.0
1211,9095,44,12,2023-06-02T11:53:58.971000+00:00,23.964,32.008,24.109,274.0,279,False,80.081,"[2048, 2048, 2048, 2048, 2048, 2048, 2048]","[2048, 2048, 2048, 2048, 2048, 2048, 2048, 2048]","[2048, 2048, 2048, 2048, 2048, 2048]",296.0
1211,9095,21,9,2023-06-02T11:54:00.033000+00:00,26.372,38.392,30.128,139.0,246,False,94.892,"[2049, 2049, 2048, 2048, 2048, 2048, 2048]","[2048, 2048, 2048, 2048, 2048, 2048, 2048, 2048]","[2048, 2048, 2048, 2048, 2048]",323.0
1211,9095,63,13,2023-06-02T11:54:04.361000+00:00,23.654,31.915,24.062,268.0,282,False,79.631,"[None, 2048, 2048, 2048, 2048, 2048, 2048]","[2048, 2048, 2048, 2048, 2048, 2048, 2048, 2048]","[2048, 2048, 2048, 2049, 2048, 2048]",
1211,9095,77,11,2023-06-02T11:54:11.486000+00:00,34.263,35.228,28.678,214.0,262,False,98.169,"[2048, 2048, 2048, 2048, 2048, 2048, 2048]","[2048, 2048, 2048, 2048, 2048, 2048, 2048, 2048]","[2048, 2048, 2048, 2048, 2064, 2064]",207.0
1211,9095,4,7,2023-06-02T11:54:26.564000+00:00,33.779,57.144,32.873,160.0,139,False,123.796,"[2048, 2048, 2048, 2048, 2048, 2048, 2048]","[2048, 2048, 2048, 2048, 2048, 2048, 2048, 2048]","[2048, 2048, 2048, 2048, 2048]",273.0
1211,9095,31,12,2023-06-02T11:54:35.533000+00:00,35.892,58.882,41.152,115.0,110,False,135.926,"[None, 2048, 2048, 2048, 2048, 2048, 2048]","[2048, 2048, 2048, 2048, 2048, 2048, 2048, 2048]","[2048, 2048, 2048, 2048, 2048, 2048]",297.0
1211,9095,81,7,2023-06-02T11:54:44.923000+00:00,30.45,48.585,32.667,173.0,114,False,111.702,"[2048, 2048, 2048, 2048, 2048, 2048, 2048]","[2048, 2048, 2048, 2048, 2048, 2048, 2048, 2048]","[2048, 2048, 2048, 2048, 2048, 2048]",273.0
1211,9095,16,16,2023-06-02T11:54:55.657000+00:00,47.073,60.165,34.434,178.0,61,True,141.672,"[2064, 2064, 2048, 2048, 2048, 2048, 2048]","[2048, 2048, 2048, 2048, 2048, 2048, 2048, 2048]","[2048, 2048, 2048, 2048, 2048, 2048]",161.0
1211,9095,14,9,2023-06-02T11:55:02.407000+00:00,22.767,30.898,23.258,280.0,299,False,76.923,"[2049, 2049, 2049, 2048, 2048, 2049, 2049]","[2048, 2049, 2048, 2048, 2048, 2049, 2049, 2049]","[2048, 2048, 2049, 2048, 2049]",316.0
1211,9095,24,10,2023-06-02T11:55:09.969000+00:00,22.992,31.119,23.415,274.0,288,False,77.526,"[2048, 2048, 2049, 2049, 2048, 2051, 2048]","[2049, 2049, 2048, 2049, 2048, 2049, 2049, 2049]","[2049, 2048, 2048, 2048, 2049]",311.0
1211,9095,2,14,2023-06-02T11:55:15.516000+00:00,22.696,31.188,23.455,284.0,297,False,77.339,"[2049, 2049, 2049, 2049, 2048, 2049, 2049]","[2049, 2048, 2048, 2048, 2048, 2048, 2048, 2049]","[2048, 2048, 2048, 2048, 2048, 2048]",320.0
1211,9095,44,13,2023-06-02T11:55:19.016000+00:00,23.886,31.944,24.333,275.0,281,False,80.163,"[None, 2048, 2048, 2048, 2048, 2048, 2048]","[2048, 2048, 2048, 2048, 2048, 2048, 2048, 2048]","[2048, 2048, 2048, 2048, 2048]",298.0
1211,9095,63,14,2023-06-02T11:55:24+00:00,23.769,32.024,24.06,273.0,283,False,79.853,"[None, 2048, 2048, 2048, 2048, 2048, 2048]","[2048, 2048, 2048, 2048, 2048, 2048, 2048, 2048]","[2048, 2048, 2048, 2048, 2049, 2049]",296.0
1211,9095,10,11,2023-06-02T11:55:31.422000+00:00,22.681,30.878,23.382,286.0,293,False,76.941,"[None, 2048, 2048, 2048, 2048, 2049, 2049]","[2048, 2048, 2048, 2048, 2048, 2048, 2048, 2048]","[2048, 2048, 2048, 2048, 2048, 2048]",319.0
1211,9095,21,10,2023-06-02T11:55:34.938000+00:00,22.767,30.934,23.302,284.0,298,False,77.003,"[2048, 2048, 2049, 2049, 2049, 2049, 2049]","[2049, 2048, 2048, 2049, 2049, 2049, 2049, 2049]","[2049, 2048, 2049, 2049, 2049]",317.0
1211,9095,14,10,2023-06-02T11:56:19.312000+00:00,37.612,64.631,30.5,100.0,214,False,132.743,"[2048, 2048, 2048, 2048, 2048, 2048, 2048]","[2048, 2048, 2048, 2048, 2048, 2048, 2048, 2048]","[2048, 2048, 2048, 2048, 2048, 2048]",298.0
1211,9095,24,11,2023-06-02T11:56:27.390000+00:00,34.561,53.876,30.334,76.0,217,False,118.771,"[None, 2048, 2048, 2048, 2048, 2048, 2048]","[2048, 2048, 2048, 2048, 2048, 2048, 2048, 2048]","[2048, 2048, 2048, 2048, 2048, 2048]",252.0
1211,9095,4,8,2023-06-02T11:56:30.359000+00:00,22.931,31.079,23.397,278.0,292,False,77.407,"[2049, 2049, 2049, 2048, 2049, 2049, 2049]","[2049, 2049, 2048, 2048, 2048, 2048, 2048, 2048]","[2049, 2048, 2048, 2048, 2049]",317.0
1211,9095,2,15,2023-06-02T11:56:32.890000+00:00,27.699,47.751,29.676,198.0,235,False,105.126,"[2048, 2048, 2048, 2048, 2048, 2048, 2048]","[2048, 2048, 2048, 2048, 2048, 2048, 2048, 2048]","[2048, 2048, 2048, 2048, 2064, 2064]",293.0
1211,9095,81,8,2023-06-02T11:56:36.702000+00:00,22.974,31.324,23.378,277.0,290,False,77.676,"[2049, 2049, 2049, 2048, 2049, 2048, 2048]","[2048, 2049, 2048, 2049, 2048, 2049, 2049, 2049]","[2049, 2048, 2048, 2048, 2048]",317.0
1211,9095,44,14,2023-06-02T11:56:39.171000+00:00,23.87,32.254,24.107,276.0,277,False,80.231,"[None, 2048, 2048, 2048, 2048, 2048, 2048]","[2048, 2048, 2048, 2048, 2048, 2048, 2048, 2048]","[2048, 2048, 2048, 2048, 2048]",300.0
1211,9095,63,15,2023-06-02T11:56:43.874000+00:00,23.737,32.121,24.019,274.0,283,False,79.877,"[None, 2048, 2048, 2048, 2048, 2048, 2048]","[2048, 2048, 2048, 2048, 2048, 2048, 2048, 2048]","[2048, 2048, 2048, 2049, 2048, 2048]",297.0
1211,9095,10,12,2023-06-02T11:56:48.374000+00:00,40.701,49.026,29.728,133.0,244,False,119.455,"[None, 2048, 2048, 2048, 2048, 2048, 2048]","[2048, 2048, 2048, 2048, 2048, 2048, 2048, 2048]","[2048, 2048, 2048, 2048, 2048, 2048]",282.0
1211,9095,31,13,2023-06-02T11:56:51.452000+00:00,22.794,30.826,23.23,283.0,286,False,76.85,"[None, 2048, 2048, 2049, 2049, 2049, 2049]","[2049, 2049, 2048, 2048, 2048, 2049, 2049, 2048]","[2049, 2048, 2048, 2049, 2048, 2048]",321.0
1211,9095,21,11,2023-06-02T11:56:51.827000+00:00,30.669,43.442,30.613,195.0,231,False,104.724,"[2049, 2048, 2048, 2048, 2048, 2048, 2048]","[2048, 2048, 2048, 2048, 2048, 2048, 2048, 2048]","[2048, 2048, 2048, 2048, 2048, 2048]",291.0
1211,9095,16,17,2023-06-02T11:57:03.499000+00:00,22.958,30.934,23.218,277.0,291,False,77.11,"[2048, 2048, 2048, 2049, 2048, 2049, 2049]","[2049, 2048, 2048, 2049, 2048, 2048, 2048, 2048]","[2049, 2048, 2048, 2048, 2049]",317.0
1211,9095,11,13,2023-06-02T11:57:15.545000+00:00,,44.481,25.972,165.0,255,True,535.068,"[2064, 2064, 2048, 2048, 2048, 2048, 2048]","[2048, 2048, 2048, 2048, 2048, 2048, 2048, 2048]","[2048, 2048, 2048, 2048, 2048]",168.0
1211,9095,4,9,2023-06-02T11:57:47.685000+00:00,34.892,42.629,29.707,75.0,235,False,107.228,"[2048, 2048, 2048, 2048, 2048, 2048, 2048]","[2048, 2048, 2048, 2048, 2048, 2048, 2048, 2048]","[2048, 2048, 2048, 2048, 2064, 2064]",257.0
1211,9095,81,9,2023-06-02T11:57:54.295000+00:00,31.04,40.515,31.232,103.0,189,False,102.787,"[2048, 2048, 2048, 2048, 2048, 2048, 2048]","[2048, 2048, 2048, 2048, 2048, 2048, 2048, 2048]","[2048, 2048, 2048, 2048, 2064, 2064]",298.0
1211,9095,44,15,2023-06-02T11:57:59.404000+00:00,23.851,31.928,24.623,277.0,277,False,80.402,"[None, 2048, 2048, 2048, 2048, 2048, 2048]","[2048, 2048, 2048, 2048, 2048, 2048, 2048, 2048]","[2048, 2048, 2048, 2048, 2048, 2048]",297.0
1211,9095,63,16,2023-06-02T11:58:03.763000+00:00,30.836,37.528,28.905,207.0,201,False,97.269,"[None, 2048, 2048, 2048, 2048, 2048, 2048]","[2048, 2048, 2048, 2048, 2048, 2048, 2048, 2048]","[2048, 2048, 2048, 2048, 2064, 2064]",178.0
1211,9095,31,14,2023-06-02T11:58:08.623000+00:00,34.009,54.683,31.054,117.0,201,False,119.746,"[None, 2048, 2048, 2048, 2048, 2048, 2048]","[2048, 2048, 2048, 2048, 2048, 2048, 2048, 2048]","[2048, 2048, 2048, 2048, 2048, 2048]",299.0
1211,9095,1,12,2023-06-02T11:58:09.076000+00:00,,46.534,28.578,176.0,200,True,630.204,"[2064, 2064, 2048, 2048, 2048, 2048, 2048]","[2048, 2048, 2048, 2048, 2048, 2048, 2048, 2048]","[2048, 2048, 2048, 2048, 2048, 2048]",219.0
1211,9095,16,18,2023-06-02T11:58:20.560000+00:00,24.852,39.537,31.735,226.0,221,False,96.124,"[2049, 2048, 2048, 2048, 2048, 2048, 2048]","[2048, 2048, 2048, 2048, 2048, 2048, 2048, 2048]","[2048, 2048, 2048, 2048, 2064, 2064]",319.0
1211,9095,24,12,2023-06-02T11:58:26.247000+00:00,22.911,31.057,23.646,276.0,287,False,77.614,"[2049, 2049, 2049, 2049, 2048, 2048, 2049]","[2049, 2048, 2048, 2049, 2048, 2049, 2048, 2048]","[2048, 2048, 2048, 2049, 2048, 2048]",312.0
1211,9095,14,11,2023-06-02T11:58:32.013000+00:00,41.051,44.256,29.534,202.0,247,False,114.841,"[None, 2048, 2048, 2048, 2048, 2048, 2048]","[2048, 2048, 2048, 2048, 2048, 2048, 2048, 2048]","[2048, 2048, 2048, 2048, 2048]",146.0
1211,9095,21,12,2023-06-02T11:58:36.638000+00:00,30.775,40.967,29.795,234.0,255,False,101.537,"[2048, 2048, 2048, 2048, 2048, 2048, 2048]","[2048, 2048, 2048, 2048, 2048, 2048, 2048, 2048]","[2048, 2048, 2048, 2048, 2048, 2048]",270.0
1211,9095,18,12,2023-06-02T11:58:39.263000+00:00,,43.1,33.366,184.0,189,True,304.021,"[None, 2064, 2048, 2048, 2048, 2048, 2048]","[2048, 2048, 2048, 2048, 2048, 2048, 2048, 2048]","[2048, 2048, 2048, 2048, 2064, 2064]",79.0
1211,9095,10,13,2023-06-02T11:58:47.825000+00:00,22.639,30.859,23.518,287.0,297,False,77.016,"[None, 2048, 2049, 2048, 2048, 2049, 2051]","[2048, 2048, 2048, 2048, 2048, 2048, 2048, 2048]","[2048, 2048, 2048, 2048, 2048]",319.0
1211,9095,11,14,2023-06-02T11:59:00.637000+00:00,22.397,30.234,22.743,285.0,299,False,75.374,"[2048, 2048, 2048, 2049, 2049, 2049, 2049]","[2051, 2049, 2051, 2048, 2049, 2049, 2049, 2049]","[2051, 2051, 2051, 2051, 2051, 2051]",323.0
1211,9095,20,11,2023-06-02T11:59:17.434000+00:00,,39.784,26.731,215.0,226,True,903.526,"[2064, 2064, 2048, 2048, 2048, 2048, 2048]","[2048, 2048, 2048, 2048, 2048, 2048, 2048, 2048]","[2048, 2048, 2048, 2048, 2048, 2048]",236.0
1211,9095,44,16,2023-06-02T11:59:19.809000+00:00,27.811,37.305,28.841,220.0,239,False,93.957,"[None, 2048, 2048, 2048, 2048, 2048, 2048]","[2048, 2048, 2048, 2048, 2048, 2048, 2048, 2048]","[2048, 2048, 2048, 2048, 2064, 2064]",240.0
1211,9095,24,13,2023-06-02T11:59:43.871000+00:00,27.33,38.194,29.736,230.0,209,False,95.26,"[2048, 2048, 2048, 2048, 2048, 2048, 2048]","[2048, 2048, 2048, 2048, 2048, 2048, 2048, 2048]","[2048, 2048, 2048, 2048, 2064, 2064]",264.0
1211,9095,1,13,2023-06-02T11:59:56.605000+00:00,22.088,29.88,22.638,287.0,299,False,74.606,"[2049, 2048, 2049, 2051, 2051, 2051, 2051]","[2049, 2051, 2051, 2051, 2051, 2051, 2051, 2048]","[2051, 2051, 2049, 2049, 2051, 2051]",322.0
1211,9095,10,14,2023-06-02T12:00:04.870000+00:00,37.913,47.056,32.532,158.0,195,False,117.501,"[None, 2048, 2048, 2048, 2048, 2048, 2048]","[2048, 2048, 2048, 2048, 2048, 2048, 2048, 2048]","[2048, 2048, 2048, 2048, 2048, 2048]",206.0
1211,9095,31,15,2023-06-02T12:00:08.074000+00:00,22.645,30.688,23.186,283.0,299,False,76.519,"[2049, 2048, 2049, 2049, 2049, 2048, 2048]","[2049, 2048, 2048, 2049, 2049, 2049, 2049, 2049]","[2048, 2048, 2048, 2049, 2049]",320.0
1211,9095,27,11,2023-06-02T12:00:14.792000+00:00,,42.81,31.075,178.0,193,True,863.802,"[2064, 2064, 2048, 2048, 2048, 2048, 2048]","[2048, 2048, 2048, 2048, 2048, 2048, 2048, 2048]","[2048, 2048, 2048, 2048, 2048, 0]",185.0
1211,9095,11,15,2023-06-02T12:00:15.964000+00:00,33.358,43.939,32.759,137.0,194,False,110.056,"[None, 2048, 2048, 2048, 2048, 2048, 2048]","[2048, 2048, 2048, 2048, 2048, 2048, 2048, 2048]","[2048, 2048, 2048, 2048, 2048, 2048]",257.0
1211,9095,21,13,2023-06-02T12:00:18.167000+00:00,22.705,30.834,23.153,284.0,295,False,76.692,"[None, 2048, 2049, 2048, 2048, 2048, 2049]","[2049, 2049, 2048, 2049, 2049, 2049, 2049, 2048]","[2049, 2049, 2048, 2048, 2051]",320.0
1211,9095,14,12,2023-06-02T12:00:26.917000+00:00,22.845,30.723,23.111,280.0,300,False,76.679,"[None, 2049, 2048, 2048, 2049, 2048, 2048]","[2048, 2049, 2048, 2049, 2049, 2048, 2049, 2049]","[2048, 2049, 2048, 2048, 2051]",316.0
1211,9095,20,12,2023-06-02T12:01:07.651000+00:00,22.635,30.534,23.152,283.0,298,False,76.321,"[2048, 2048, 2048, 2049, 2049, 2049, 2049]","[2049, 2049, 2049, 2049, 2049, 2049, 2049, 2049]","[2049, 2049, 2049, 2051, 2049]",318.0
1211,9095,1,14,2023-06-02T12:01:11.166000+00:00,24.454,35.108,28.814,205.0,231,False,88.376,"[2048, 2048, 2048, 2048, 2048, 2048, 2048]","[2048, 2048, 2048, 2048, 2048, 2048, 2048, 2048]","[2048, 2048, 2048, 2048, 2064, 2064]",292.0
1211,9095,31,16,2023-06-02T12:01:24.525000+00:00,38.314,56.079,30.598,100.0,223,False,124.991,"[2048, 2048, 2048, 2048, 2048, 2048, 2048]","[2048, 2048, 2048, 2048, 2048, 2048, 2048, 2048]","[2048, 2048, 2048, 2048, 2048, 2048]",297.0
1211,9095,21,14,2023-06-02T12:01:34.900000+00:00,25.082,34.777,29.467,251.0,255,False,89.326,"[None, 2048, 2048, 2048, 2048, 2048, 2048]","[2048, 2048, 2048, 2048, 2048, 2048, 2048, 2048]","[2048, 2048, 2048, 2048, 2064, 2064]",303.0
1211,9095,14,13,2023-06-02T12:01:43.509000+00:00,23.441,31.418,23.579,272.0,285,False,78.438,"[None, 2048, 2048, 2048, 2048, 2048, 2048]","[2048, 2048, 2048, 2048, 2048, 2048, 2048, 2048]","[2048, 2048, 2048, 2048, 2048]",311.0
1211,9095,10,15,2023-06-02T12:02:02.321000+00:00,33.107,41.72,26.321,187.0,256,False,101.148,"[None, 2048, 2048, 2048, 2048, 2048, 2048]","[2048, 2048, 2048, 2048, 2048, 2048, 2048, 2048]","[2048, 2048, 2048, 2048, 2048, 2048]",240.0
1211,9095,11,16,2023-06-02T12:02:06.024000+00:00,37.111,50.556,25.987,145.0,234,False,113.654,"[None, 2048, 2048, 2048, 2048, 2048, 2048]","[2048, 2048, 2048, 2048, 2048, 2048, 2048, 2048]","[2048, 2048, 2048, 2048, 2048, 2048]",148.0
1211,9095,27,12,2023-06-02T12:02:11.446000+00:00,22.733,30.673,23.13,272.0,290,False,76.536,"[2048, 2048, 2048, 2049, 2048, 2049, 2049]","[2048, 2049, 2048, 2049, 2049, 2049, 2049, 2049]","[2049, 2048, 2049, 2048, 2049]",320.0
1211,9095,20,13,2023-06-02T12:02:23.899000+00:00,35.169,59.418,41.631,127.0,106,False,136.218,"[2049, 2048, 2048, 2048, 2048, 2048, 2048]","[2048, 2048, 2048, 2048, 2048, 2048, 2048, 2048]","[2048, 2048, 2048, 2048, 2048, 2048]",293.0
1211,9095,14,14,2023-06-02T12:03:02.008000+00:00,23.47,31.455,23.47,274.0,281,False,78.395,"[None, 2048, 2048, 2048, 2048, 2048, 2048]","[2048, 2048, 2048, 2048, 2048, 2048, 2048, 2048]","[2048, 2048, 2048, 2048, 2048, 2048]",298.0
1211,9095,27,13,2023-06-02T12:03:27.914000+00:00,34.876,49.316,33.477,138.0,113,False,117.669,"[None, 2048, 2048, 2048, 2048, 2048, 2048]","[2048, 2048, 2048, 2048, 2048, 2048, 2048, 2048]","[2048, 2048, 2048, 2048, 2048]",192.0
1211,9095,31,17,2023-06-02T12:03:29.585000+00:00,22.65,30.802,23.19,282.0,298,False,76.642,"[2049, 2048, 2048, 2049, 2049, 2048, 2048]","[2048, 2048, 2048, 2048, 2048, 2048, 2048, 2048]","[2049, 2048, 2048, 2048, 2048]",318.0
1211,9095,10,16,2023-06-02T12:03:43.523000+00:00,22.729,31.002,23.274,284.0,289,False,77.005,"[None, 2048, 2048, 2048, 2048, 2048, 2048]","[2048, 2048, 2048, 2048, 2048, 2048, 2048, 2048]","[2048, 2048, 2048, 2048, 2048, 2048]",318.0
1211,9095,22,13,2023-06-02T12:03:58.429000+00:00,,37.936,26.262,199.0,278,True,750.281,"[2064, 2064, 2048, 2048, 2048, 2048, 2048]","[2048, 2048, 2048, 2048, 2048, 2048, 2048, 2048]","[2048, 2048, 2048, 2048, 2048, 2048]",192.0
1211,9095,11,17,2023-06-02T12:03:59.710000+00:00,22.404,30.264,22.923,285.0,305,False,75.591,"[None, 2048, 2048, 2049, 2049, 2048, 2048]","[2051, 2049, 2048, 2049, 2048, 2048, 2048, 2048]","[2048, 2048, 2048, 2048, 2048]",322.0
1211,9095,63,17,2023-06-02T12:04:07.132000+00:00,,32.798,23.756,249.0,277,True,346.588,"[2064, 2064, 2048, 2048, 2048, 2048, 2048]","[2048, 2048, 2048, 2048, 2048, 2048, 2048, 2048]","[2048, 2048, 2048, 2048, 2048, 2048]",245.0
1211,9095,14,15,2023-06-02T12:04:20.397000+00:00,23.424,31.142,23.448,276.0,285,False,78.014,"[None, 2048, 2048, 2048, 2048, 2048, 2048]","[2048, 2048, 2048, 2048, 2048, 2048, 2048, 2048]","[2048, 2048, 2048, 2049, 2048]",299.0
1211,9095,20,14,2023-06-02T12:04:40.178000+00:00,43.817,54.577,25.222,112.0,226,False,123.616,"[2048, 2048, 2048, 2048, 2048, 2048, 2048]","[2048, 2048, 2048, 2048, 2048, 2048, 2048, 2048]","[2048, 2048, 2048, 2048, 2048, 2048]",180.0
1211,9095,31,18,2023-06-02T12:04:46.225000+00:00,26.008,36.567,29.948,209.0,195,False,92.523,"[2048, 2048, 2048, 2048, 2048, 2048, 2048]","[2048, 2048, 2048, 2048, 2048, 2048, 2048, 2048]","[2048, 2048, 2048, 2048, 2064, 2064]",299.0
1211,9095,10,17,2023-06-02T12:05:00.490000+00:00,26.416,38.429,31.641,253.0,206,False,96.486,"[None, 2048, 2048, 2048, 2048, 2048, 2048]","[2048, 2048, 2048, 2048, 2048, 2048, 2048, 2048]","[2048, 2048, 2048, 2048, 2064, 2064]",302.0
1211,9095,23,16,2023-06-02T12:05:15.068000+00:00,,41.613,29.155,206.0,103,True,672.505,"[2064, 2064, 2048, 2048, 2048, 2048, 2048]","[2048, 2048, 2048, 2048, 2048, 2048, 2048, 2048]","[2048, 2048, 2048, 2048, 2048]",214.0
1211,9095,11,18,2023-06-02T12:05:15.318000+00:00,24.141,33.441,29.062,243.0,253,False,86.644,"[None, 2048, 2048, 2048, 2048, 2048, 2048]","[2048, 2048, 2048, 2048, 2048, 2048, 2048, 2048]","[2048, 2048, 2048, 2048, 2064, 2064]",308.0
1211,9095,27,14,2023-06-02T12:05:25.630000+00:00,35.56,46.281,28.301,93.0,146,False,110.142,"[None, 2048, 2048, 2048, 2048, 2048, 2048]","[2048, 2048, 2048, 2048, 2048, 2048, 2048, 2048]","[2048, 2048, 2048, 2048, 2048, 2048]",213.0
1211,9095,63,18,2023-06-02T12:05:27.615000+00:00,23.34,31.609,23.519,274.0,283,False,78.468,"[2048, 2048, 2048, 2048, 2048, 2048, 2048]","[2049, 2048, 2049, 2048, 2048, 2048, 2048, 2048]","[2049, 2048, 2048, 2049, 2049, 2049]",312.0
1211,9095,22,14,2023-06-02T12:05:34.208000+00:00,22.841,30.936,23.371,283.0,298,False,77.148,"[2048, 2048, 2048, 2048, 2048, 2048, 2048]","[2048, 2049, 2048, 2048, 2048, 2048, 2048, 2048]","[2048, 2048, 2049, 2049, 2049]",316.0
1211,9095,14,16,2023-06-02T12:05:38.333000+00:00,23.316,31.272,23.691,277.0,285,False,78.279,"[None, 2048, 2048, 2048, 2048, 2048, 2048]","[2048, 2048, 2048, 2048, 2048, 2048, 2048, 2048]","[2048, 2048, 2048, 2049, 2048]",302.0
1211,9095,44,17,2023-06-02T12:06:24.270000+00:00,,40.867,29.446,214.0,224,True,448.683,"[2064, 2064, 2048, 2048, 2048, 2048, 2048]","[2048, 2048, 2048, 2048, 2048, 2048, 2048, 2048]","[2048, 2048, 2048, 2048, 2048, 0]",222.0
1211,9095,20,15,2023-06-02T12:06:43.816000+00:00,22.749,30.802,23.193,281.0,295,False,76.744,"[None, 2048, 2048, 2048, 2048, 2049, 2048]","[2049, 2048, 2048, 2048, 2048, 2049, 2048, 2048]","[2048, 2048, 2049, 2051, 2049, 2049]",316.0
1211,9095,63,19,2023-06-02T12:06:46.066000+00:00,23.682,31.733,23.873,273.0,281,False,79.288,"[None, 2048, 2048, 2048, 2049, 2048, 2048]","[2049, 2048, 2048, 2048, 2048, 2048, 2048, 2048]","[2048, 2048, 2048, 2048, 2048, 2048]",295.0
1211,9095,22,15,2023-06-02T12:06:51.301000+00:00,34.014,43.722,28.572,148.0,136,False,106.308,"[None, 2048, 2048, 2048, 2048, 2048, 2048]","[2048, 2048, 2048, 2048, 2048, 2048, 2048, 2048]","[2048, 2048, 2048, 2048, 2048]",159.0
1211,9095,23,17,2023-06-02T12:06:53.207000+00:00,22.666,30.933,23.298,276.0,296,False,76.897,"[2049, 2049, 2049, 2049, 2048, 2049, 2049]","[2048, 2049, 2048, 2049, 2049, 2049, 2049, 2048]","[2049, 2048, 2049, 2049, 2049]",322.0
1211,9095,14,17,2023-06-02T12:06:56.691000+00:00,23.383,31.857,30.228,275.0,271,False,85.468,"[None, 2048, 2048, 2048, 2048, 2048, 2048]","[2048, 2048, 2048, 2048, 2048, 2048, 2048, 2048]","[2048, 2048, 2048, 2048, 2064, 2064]",304.0
1211,9095,27,15,2023-06-02T12:07:15.800000+00:00,22.71,30.726,23.025,277.0,296,False,76.461,"[None, 2048, 2048, 2049, 2049, 2048, 2048]","[2048, 2049, 2048, 2049, 2048, 2048, 2048, 2049]","[2048, 2048, 2048, 2051, 2049]",319.0
1211,9095,2,16,2023-06-02T12:07:19.566000+00:00,,38.581,27.514,238.0,253,True,638.563,"[2064, 2064, 2048, 2048, 2048, 2048, 2048]","[2048, 2048, 2048, 2048, 2048, 2048, 2048, 2048]","[2048, 2048, 2048, 2048, 2048, 2048]",227.0
1211,9095,77,12,2023-06-02T12:07:29.347000+00:00,,39.489,26.348,214.0,202,True,794.839,"[2064, 2064, 2048, 2048, 2048, 2048, 2048]","[2048, 2048, 2048, 2048, 2048, 2048, 2048, 2048]","[2048, 2048, 2048, 2048, 2048, 2049]",204.0
1211,9095,24,14,2023-06-02T12:07:32.394000+00:00,,40.71,28.561,214.0,214,True,472.814,"[2064, 2064, 2048, 2048, 2048, 2048, 2048]","[2048, 2048, 2048, 2048, 2048, 2048, 2048, 2048]","[2048, 2048, 2048, 2048, 2048, 2048]",216.0
1211,9095,20,16,2023-06-02T12:08:00.549000+00:00,24.575,45.472,29.591,240.0,198,False,99.638,"[2049, 2048, 2048, 2048, 2048, 2048, 2048]","[2048, 2048, 2048, 2048, 2048, 2048, 2048, 2048]","[2048, 2048, 2048, 2048, 2064, 2064]",303.0
1211,9095,63,20,2023-06-02T12:08:05.362000+00:00,23.742,31.648,23.868,275.0,280,False,79.258,"[None, 2048, 2048, 2048, 2048, 2048, 2048]","[2048, 2048, 2048, 2048, 2048, 2048, 2048, 2048]","[2048, 2048, 2048, 2048, 2048, 2048]",294.0
1211,9095,23,18,2023-06-02T12:08:10.096000+00:00,36.863,43.643,41.034,136.0,206,False,121.54,"[2048, 2048, 2048, 2048, 2048, 2048, 2048]","[2048, 2048, 2048, 2048, 2048, 2048, 2048, 2048]","[2048, 2048, 2048, 2048, 2064, 2064]",285.0
1211,9095,44,18,2023-06-02T12:08:22.455000+00:00,23.903,32.266,24.108,271.0,272,False,80.277,"[2048, 2048, 2048, 2048, 2048, 2048, 2048]","[2048, 2048, 2048, 2048, 2048, 2048, 2048, 2048]","[2048, 2048, 2048, 2048, 2048, 2048]",313.0
1211,9095,27,16,2023-06-02T12:08:32.189000+00:00,28.774,35.605,30.459,96.0,233,False,94.838,"[None, 2048, 2048, 2048, 2048, 2048, 2048]","[2048, 2048, 2048, 2048, 2048, 2048, 2048, 2048]","[2048, 2048, 2048, 2048, 2048, 2048]",303.0
1211,9095,22,16,2023-06-02T12:08:37.674000+00:00,23.483,40.547,35.143,277.0,201,False,99.173,"[None, 2048, 2048, 2048, 2048, 2048, 2048]","[2048, 2048, 2048, 2048, 2048, 2048, 2048, 2048]","[2048, 2048, 2048, 2048, 2048]",318.0
1211,9095,2,17,2023-06-02T12:08:56.548000+00:00,22.646,30.793,23.067,282.0,291,False,76.506,"[2048, 2048, 2049, 2049, 2049, 2049, 2048]","[2049, 2049, 2049, 2048, 2049, 2048, 2048, 2048]","[2049, 2049, 2049, 2048, 2049, 2049]",317.0
1211,9095,1,15,2023-06-02T12:09:03.955000+00:00,,33.34,24.498,234.0,245,True,481.165,"[2064, 2064, 2048, 2048, 2048, 2048, 2048]","[2048, 2048, 2048, 2048, 2048, 2048, 2048, 2048]","[2048, 2048, 2048, 2048, 2048, 2048]",238.0
1211,9095,77,13,2023-06-02T12:09:04.501000+00:00,22.7,30.4,22.878,274.0,290,False,75.978,"[2049, 2049, 2048, 2049, 2049, 2049, 2049]","[2049, 2049, 2049, 2049, 2051, 2049, 2049, 2049]","[2049, 2049, 2049, 2049, 2049, 2049]",312.0
1211,9095,81,10,2023-06-02T12:09:09.751000+00:00,,39.725,29.346,207.0,120,True,692.761,"[2064, 2064, 2048, 2048, 2048, 2048, 2048]","[2048, 2048, 2048, 2048, 2048, 2048, 2048, 2048]","[2048, 2048, 2048, 2048, 2048, 0]",220.0
1211,9095,24,15,2023-06-02T12:09:11.954000+00:00,22.714,30.483,22.709,276.0,292,False,75.906,"[2049, 2048, 2048, 2049, 2049, 2049, 2049]","[2049, 2049, 2049, 2049, 2049, 2049, 2049, 2049]","[2049, 2051, 2049, 2049, 2049]",312.0
1211,9095,63,21,2023-06-02T12:09:24.626000+00:00,23.637,31.63,23.665,277.0,282,False,78.932,"[None, 2048, 2048, 2049, 2049, 2048, 2049]","[2049, 2048, 2048, 2048, 2048, 2048, 2048, 2048]","[2048, 2048, 2048, 2049, 2049]",293.0
1211,9095,44,19,2023-06-02T12:09:42.735000+00:00,23.699,31.998,24.017,277.0,281,False,79.714,"[None, 2048, 2048, 2049, 2048, 2048, 2048]","[2048, 2048, 2048, 2048, 2048, 2048, 2048, 2048]","[2048, 2048, 2048, 2048, 2048, 2048]",294.0
1211,9095,27,17,2023-06-02T12:10:07.078000+00:00,35.106,35.79,30.234,222.0,197,False,101.13,"[None, 2048, 2048, 2048, 2048, 2048, 2048]","[2048, 2048, 2048, 2048, 2048, 2048, 2048, 2048]","[2048, 2048, 2048, 2048, 2064, 2064]",133.0
1211,9095,2,18,2023-06-02T12:10:13.094000+00:00,33.194,47.915,36.365,102.0,234,False,117.474,"[None, 2048, 2048, 2048, 2048, 2048, 2048]","[2048, 2048, 2048, 2048, 2048, 2048, 2048, 2048]","[2048, 2048, 2048, 2048, 2048]",302.0
1211,9095,22,17,2023-06-02T12:10:16.813000+00:00,33.652,48.013,32.333,132.0,108,False,113.998,"[None, 2048, 2048, 2048, 2048, 2048, 2048]","[2048, 2048, 2048, 2048, 2048, 2048, 2048, 2048]","[2048, 2048, 2048, 2048, 2048]",270.0
1211,9095,77,14,2023-06-02T12:10:20.781000+00:00,35.7,51.533,32.672,147.0,182,False,119.905,"[2048, 2048, 2048, 2048, 2048, 2048, 2048]","[2048, 2048, 2048, 2048, 2048, 2048, 2048, 2048]","[2048, 2048, 2048, 2048, 2048, 2048]",192.0
1211,9095,24,16,2023-06-02T12:10:27.765000+00:00,39.588,45.584,41.418,84.0,168,False,126.59,"[2048, 2048, 2048, 2048, 2048, 2048, 2048]","[2048, 2048, 2048, 2048, 2048, 2048, 2048, 2048]","[2048, 2048, 2048, 2048, 2064, 2064]",182.0
1211,9095,23,19,2023-06-02T12:10:35.687000+00:00,61.441,47.128,29.793,202.0,214,True,138.362,"[2064, 2064, 2048, 2048, 2048, 2048, 2048]","[2048, 2048, 2048, 2048, 2048, 2048, 2048, 2048]","[2048, 2048, 2048, 2048, 2048]",185.0
1211,9095,1,16,2023-06-02T12:10:40.750000+00:00,24.603,32.63,24.296,245.0,259,False,81.529,"[2048, 2048, 2048, 2048, 2048, 2048, 2048]","[2048, 2048, 2048, 2048, 2048, 2048, 2048, 2048]","[2048, 2048, 2048, 2048, 2048, 2048]",295.0
1211,9095,63,22,2023-06-02T12:10:43.562000+00:00,23.667,31.828,24.043,278.0,287,False,79.538,"[None, 2048, 2048, 2048, 2048, 2048, 2049]","[2048, 2048, 2048, 2048, 2048, 2048, 2048, 2049]","[2048, 2048, 2048, 2048, 2048, 2048]",296.0
1211,9095,4,10,2023-06-02T12:10:47.140000+00:00,,47.599,31.7,211.0,93,True,780.229,"[2064, 2064, 2048, 2048, 2048, 2048, 2048]","[2048, 2048, 2048, 2048, 2048, 2048, 2048, 2048]","[2048, 2048, 2048, 2048, 2048, 2048]",201.0
1211,9095,44,20,2023-06-02T12:11:02.437000+00:00,23.828,31.709,23.728,278.0,282,False,79.265,"[None, 2048, 2048, 2048, 2048, 2048, 2048]","[2048, 2048, 2048, 2048, 2048, 2048, 2048, 2048]","[2048, 2048, 2048, 2049, 2049, 2048]",295.0
1211,9095,81,11,2023-06-02T12:11:09.968000+00:00,22.623,30.659,23.071,279.0,296,False,76.353,"[2048, 2048, 2049, 2049, 2049, 2049, 2049]","[2049, 2049, 2049, 2049, 2049, 2049, 2049, 2049]","[2049, 2048, 2048, 2048, 2049]",314.0
1211,9095,55,17,2023-06-02T12:11:23.983000+00:00,,41.108,26.841,179.0,206,True,1095.251,"[2064, 2064, 2048, 2048, 2048, 2048, 2048]","[2048, 2048, 2048, 2048, 2048, 2048, 2048, 2048]","[2048, 2048, 2048, 2048, 2049, 2049]",196.0
1211,9095,1,17,2023-06-02T12:12:02.279000+00:00,24.204,32.434,24.458,249.0,258,False,81.096,"[None, 2048, 2048, 2048, 2048, 2048, 2048]","[2048, 2048, 2048, 2048, 2048, 2048, 2048, 2048]","[2048, 2048, 2048, 2048, 2048, 2048]",301.0
1211,9095,63,23,2023-06-02T12:12:03.107000+00:00,23.788,33.753,28.363,255.0,234,False,85.904,"[2049, 2049, 2048, 2048, 2048, 2048, 2048]","[2048, 2048, 2048, 2048, 2048, 2048, 2048, 2048]","[2048, 2048, 2048, 2048, 2064, 2064]",322.0
1211,9095,2,19,2023-06-02T12:12:10.560000+00:00,33.36,48.193,27.803,215.0,255,False,109.356,"[None, 2048, 2048, 2048, 2048, 2048, 2048]","[2048, 2048, 2048, 2048, 2048, 2048, 2048, 2048]","[2048, 2048, 2048, 2048, 2048, 2048]",291.0
1211,9095,22,18,2023-06-02T12:12:10.826000+00:00,23.038,31.121,36.108,281.0,298,False,90.267,"[None, 2048, 2049, 2048, 2048, 2048, 2048]","[2048, 2048, 2048, 2048, 2048, 2048, 2049, 2048]","[2048, 2048, 2048, 2048, 2064, 2064]",315.0
1211,9095,77,15,2023-06-02T12:12:20.373000+00:00,33.468,43.75,29.78,193.0,191,False,106.998,"[None, 2048, 2048, 2048, 2048, 2048, 2048]","[2048, 2048, 2048, 2048, 2048, 2048, 2048, 2048]","[2048, 2048, 2048, 2048, 2048]",258.0
1211,9095,44,21,2023-06-02T12:12:21.685000+00:00,23.667,31.736,24.072,,282,False,79.475,"[None, 2048, 2048, 2048, 2048, 2048, 2048]","[2048, 2048, 2048, 2048, 2048, 2048, 2048, 2048]","[2048, 2048, 2048, 2048, 2048, 2048]",296.0
1211,9095,81,12,2023-06-02T12:12:26.201000+00:00,31.836,45.805,28.407,120.0,203,False,106.048,"[None, 2048, 2048, 2048, 2048, 2048, 2048]","[2048, 2048, 2048, 2048, 2048, 2048, 2048, 2048]","[2048, 2048, 2048, 2048, 2048, 2048]",299.0
1211,9095,23,20,2023-06-02T12:12:30.029000+00:00,22.656,30.783,23.191,281.0,295,False,76.63,"[2048, 2048, 2048, 2049, 2049, 2048, 2049]","[2049, 2048, 2049, 2049, 2049, 2049, 2049, 2048]","[2049, 2048, 2049, 2048, 2049]",320.0
1211,9095,4,11,2023-06-02T12:12:35.201000+00:00,22.431,30.212,23.14,279.0,300,False,75.783,"[2049, 2049, 2049, 2049, 2049, 2049, 2049]","[2049, 2049, 2049, 2049, 2049, 2049, 2049, 2049]","[2051, 2048, 2048, 2049, 2049]",319.0
1211,9095,24,17,2023-06-02T12:12:49.653000+00:00,61.097,46.76,29.512,213.0,148,True,137.369,"[2064, 2064, 2048, 2048, 2048, 2048, 2048]","[2048, 2048, 2048, 2048, 2048, 2048, 2048, 2048]","[2048, 2048, 2048, 2048, 2048, 2048]",130.0
1211,9095,55,18,2023-06-02T12:13:02.247000+00:00,22.479,30.281,22.966,279.0,296,False,75.726,"[2049, 2049, 2048, 2049, 2049, 2049, 2049]","[2049, 2049, 2049, 2049, 2049, 2049, 2049, 2049]","[2049, 2048, 2051, 2051, 2049]",320.0
1211,9095,16,19,2023-06-02T12:13:11.637000+00:00,,46.156,27.137,193.0,191,True,900.116,"[2064, 2064, 2048, 2048, 2048, 2048, 2048]","[2048, 2048, 2048, 2048, 2048, 2048, 2048, 2048]","[2048, 2048, 2048, 2048, 2048]",226.0
1211,9095,18,13,2023-06-02T12:13:16.216000+00:00,,33.722,24.543,242.0,258,True,843.628,"[None, 2064, 2048, 2048, 2048, 2048, 2048]","[2048, 2048, 2048, 2048, 2048, 2048, 2048, 2048]","[2048, 2048, 2048, 2048, 2049, 2049]",225.0
1211,9095,1,18,2023-06-02T12:13:23.387000+00:00,24.224,32.481,24.321,252.0,262,False,81.026,"[None, 2048, 2048, 2048, 2048, 2048, 2048]","[2048, 2048, 2048, 2048, 2048, 2048, 2048, 2048]","[2048, 2048, 2048, 2048, 2048]",297.0
1211,9095,44,22,2023-06-02T12:13:41.184000+00:00,23.709,31.829,24.024,,283,False,79.562,"[None, 2048, 2048, 2048, 2048, 2048, 2048]","[2049, 2048, 2048, 2048, 2048, 2048, 2048, 2048]","[2048, 2048, 2048, 2048, 2048]",295.0
1211,9095,23,21,2023-06-02T12:13:46.559000+00:00,31.295,43.28,37.649,225.0,126,False,112.224,"[None, 2048, 2048, 2048, 2048, 2048, 2048]","[2048, 2048, 2048, 2048, 2048, 2048, 2048, 2048]","[2048, 2048, 2048, 2048, 2064, 2064]",304.0
1211,9095,11,19,2023-06-02T12:13:47.043000+00:00,,39.681,26.136,147.0,241,True,533.138,"[2064, 2064, 2048, 2048, 2048, 2048, 2048]","[2048, 2048, 2048, 2048, 2048, 2048, 2048, 2048]","[2048, 2048, 2048, 2048, 2048, 2048]",226.0
1211,9095,4,12,2023-06-02T12:13:50.902000+00:00,41.742,61.253,36.678,141.0,55,False,139.673,"[2048, 2048, 2048, 2048, 2048, 2048, 2048]","[2048, 2048, 2048, 2048, 2048, 2048, 2048, 2048]","[2048, 2048, 2048, 2048, 2048, 2048]",213.0
1211,9095,21,15,2023-06-02T12:13:50.902000+00:00,,39.405,27.717,241.0,249,True,742.215,"[2064, 2064, 2048, 2048, 2048, 2048, 2048]","[2048, 2048, 2048, 2048, 2048, 2048, 2048, 2048]","[2048, 2048, 2048, 2048, 2048, 2048]",222.0
1211,9095,2,20,2023-06-02T12:13:59.887000+00:00,22.672,30.956,23.175,282.0,298,False,76.803,"[None, 2048, 2048, 2048, 2048, 2048, 2048]","[2048, 2048, 2048, 2048, 2049, 2048, 2048, 2048]","[2049, 2048, 2048, 2049, 2049, 2048]",317.0
1211,9095,77,16,2023-06-02T12:14:07.386000+00:00,22.671,30.525,23.289,276.0,294,False,76.485,"[None, 2049, 2048, 2049, 2048, 2048, 2049]","[2049, 2048, 2048, 2049, 2048, 2049, 2049, 2049]","[2048, 2048, 2048, 2048, 2049]",313.0
1211,9095,81,13,2023-06-02T12:14:12.324000+00:00,22.677,31.041,23.495,279.0,293,False,77.213,"[None, 2048, 2049, 2048, 2048, 2049, 2048]","[2048, 2048, 2048, 2048, 2048, 2048, 2048, 2048]","[2048, 2048, 2048, 2048, 2048, 2048]",317.0
1211,9095,55,19,2023-06-02T12:14:18.059000+00:00,32.433,61.878,29.61,145.0,172,False,123.921,"[2048, 2048, 2048, 2048, 2048, 2048, 2048]","[2048, 2048, 2048, 2048, 2048, 2048, 2048, 2048]","[2048, 2048, 2048, 2048, 2048]",286.0
1211,9095,18,14,2023-06-02T12:14:40.589000+00:00,23.271,31.084,23.772,277.0,292,False,78.127,"[2049, 2049, 2049, 2049, 2049, 2049, 2049]","[2049, 2049, 2049, 2049, 2049, 2049, 2049, 2049]","[2049, 2049, 2049, 2049, 2049]",312.0
1211,9095,1,19,2023-06-02T12:14:44.370000+00:00,24.138,32.411,24.535,256.0,265,False,81.084,"[None, 2048, 2048, 2048, 2048, 2048, 2048]","[2048, 2048, 2048, 2048, 2048, 2048, 2048, 2048]","[2048, 2048, 2048, 2048, 2048, 2048]",302.0
1211,9095,24,18,2023-06-02T12:14:51.823000+00:00,22.733,30.562,23.113,275.0,291,False,76.408,"[2048, 2048, 2049, 2049, 2048, 2048, 2048]","[2049, 2049, 2048, 2049, 2048, 2048, 2049, 2049]","[2048, 2048, 2048, 2048, 2048, 2048]",312.0
1211,9095,16,20,2023-06-02T12:14:56.839000+00:00,22.549,30.239,22.906,282.0,296,False,75.694,"[2048, 2049, 2049, 2049, 2049, 2049, 2049]","[2049, 2049, 2049, 2049, 2049, 2049, 2049, 2049]","[2049, 2049, 2049, 2049, 2049, 2049]",321.0
1211,9095,44,23,2023-06-02T12:15:00.745000+00:00,25.461,34.076,28.638,242.0,243,False,88.175,"[None, 2048, 2048, 2048, 2048, 2048, 2048]","[2048, 2048, 2048, 2048, 2048, 2048, 2048, 2048]","[2048, 2048, 2048, 2048, 2064, 2064]",299.0
1211,9095,2,21,2023-06-02T12:15:16.698000+00:00,27.795,41.08,28.916,192.0,238,False,97.791,"[None, 2048, 2048, 2048, 2048, 2048, 2048]","[2048, 2048, 2048, 2048, 2048, 2048, 2048, 2048]","[2048, 2048, 2048, 2048, 2064, 2064]",302.0
1211,9095,77,17,2023-06-02T12:15:23.854000+00:00,41.55,40.68,29.728,159.0,207,False,111.958,"[None, 2048, 2048, 2048, 2048, 2048, 2048]","[2048, 2048, 2048, 2048, 2048, 2048, 2048, 2048]","[2048, 2048, 2048, 2048, 2064, 2064]",132.0
1211,9095,21,16,2023-06-02T12:15:26.448000+00:00,22.476,30.294,22.734,283.0,299,False,75.504,"[2048, 2048, 2048, 2049, 2049, 2049, 2049]","[2049, 2049, 2049, 2049, 2049, 2049, 2049, 2049]","[2049, 2049, 2049, 2049, 2051, 2051]",317.0
1211,9095,81,14,2023-06-02T12:15:29.526000+00:00,32.285,34.994,28.092,214.0,259,False,95.371,"[None, 2048, 2048, 2048, 2048, 2048, 2048]","[2048, 2048, 2048, 2048, 2048, 2048, 2048, 2048]","[2048, 2048, 2048, 2048, 2064, 2064]",303.0
1211,9095,11,20,2023-06-02T12:15:35.088000+00:00,24.126,32.497,24.361,251.0,263,False,80.984,"[2048, 2048, 2048, 2048, 2048, 2048, 2048]","[2048, 2048, 2048, 2048, 2048, 2048, 2048, 2048]","[2048, 2048, 2048, 2048, 2048, 2048]",300.0
1211,9095,18,15,2023-06-02T12:15:58.603000+00:00,42.926,52.442,25.599,161.0,216,False,120.967,"[2048, 2048, 2048, 2048, 2048, 2048, 2048]","[2048, 2048, 2048, 2048, 2048, 2048, 2048, 2048]","[2048, 2048, 2048, 2048, 2048, 2048]",99.0
1211,9095,1,20,2023-06-02T12:16:05.525000+00:00,24.103,32.47,24.348,255.0,262,False,80.921,"[None, 2048, 2048, 2048, 2048, 2048, 2048]","[2048, 2048, 2048, 2048, 2048, 2048, 2048, 2048]","[2048, 2048, 2048, 2048, 2048, 2048]",300.0
1211,9095,24,19,2023-06-02T12:16:08.212000+00:00,37.177,36.558,30.846,186.0,211,False,104.581,"[None, 2048, 2048, 2048, 2048, 2048, 2048]","[2048, 2048, 2048, 2048, 2048, 2048, 2048, 2048]","[2048, 2048, 2048, 2048, 2064, 2064]",153.0
1211,9095,4,13,2023-06-02T12:16:10.666000+00:00,22.726,34.347,23.338,273.0,259,False,80.411,"[None, 2048, 2048, 2048, 2048, 2048, 2048]","[2048, 2048, 2048, 2048, 2048, 2048, 2048, 2048]","[2048, 2049, 2049, 2048, 2048, 2048]",318.0
1211,9095,16,21,2023-06-02T12:16:12.806000+00:00,36.79,59.262,26.799,152.0,127,False,122.851,"[2051, 2048, 2048, 2048, 2048, 2048, 2048]","[2048, 2048, 2048, 2048, 2048, 2048, 2048, 2048]","[2048, 2048, 2048, 2048, 2048, 2048]",250.0
1211,9095,55,20,2023-06-02T12:16:21.853000+00:00,22.542,30.805,27.179,277.0,296,False,80.526,"[2049, 2049, 2049, 2048, 2048, 2048, 2048]","[2048, 2048, 2048, 2048, 2048, 2048, 2048, 2048]","[2048, 2048, 2048, 2048, 2064, 2064]",322.0
1211,9095,21,17,2023-06-02T12:16:41.837000+00:00,30.813,43.834,29.579,207.0,244,False,104.226,"[None, 2048, 2048, 2048, 2048, 2048, 2048]","[2048, 2048, 2048, 2048, 2048, 2048, 2048, 2048]","[2048, 2048, 2048, 2048, 2048, 2048]",299.0
1211,9095,11,21,2023-06-02T12:16:56.087000+00:00,24.177,32.718,24.454,254.0,262,False,81.349,"[None, 2048, 2048, 2048, 2048, 2048, 2048]","[2048, 2048, 2048, 2048, 2048, 2048, 2048, 2048]","[2048, 2048, 2048, 2048, 2048]",299.0
1211,9095,81,15,2023-06-02T12:17:24.445000+00:00,43.775,31.479,23.407,267.0,278,True,98.661,"[2064, 2064, 2048, 2048, 2048, 2048, 2048]","[2048, 2048, 2048, 2048, 2048, 2048, 2048, 2048]","[2048, 2048, 2049, 2048, 2048, 2048]",246.0
1211,9095,1,21,2023-06-02T12:17:26.383000+00:00,24.31,32.292,24.331,254.0,265,False,80.933,"[None, 2048, 2048, 2048, 2048, 2048, 2048]","[2048, 2048, 2048, 2048, 2048, 2048, 2048, 2048]","[2048, 2048, 2048, 2048, 2048, 2048]",299.0
1211,9095,4,14,2023-06-02T12:17:31.070000+00:00,22.912,31.621,30.101,274.0,268,False,84.634,"[None, 2048, 2048, 2048, 2048, 2048, 2048]","[2048, 2048, 2048, 2048, 2048, 2048, 2048, 2048]","[2048, 2048, 2048, 2048, 2064, 2064]",316.0
1211,9095,18,16,2023-06-02T12:17:59.679000+00:00,22.998,31.024,23.556,276.0,294,False,77.578,"[2049, 2049, 2049, 2049, 2049, 2049, 2049]","[2049, 2049, 2048, 2049, 2048, 2049, 2049, 2048]","[2049, 2048, 2049, 2049, 2049, 2049]",314.0
1211,9095,31,19,2023-06-02T12:18:09.882000+00:00,,40.977,28.427,171.0,252,True,818.902,"[2064, 2064, 2048, 2048, 2048, 2048, 2048]","[2048, 2048, 2048, 2048, 2048, 2048, 2048, 2048]","[2048, 2048, 2048, 2048, 2048, 2048]",147.0
1211,9095,16,22,2023-06-02T12:18:15.382000+00:00,22.705,31.006,30.146,282.0,254,False,83.857,"[2048, 2048, 2048, 2048, 2048, 2048, 2048]","[2048, 2048, 2048, 2048, 2048, 2048, 2048, 2048]","[2048, 2048, 2048, 2048, 2064, 2064]",320.0
1211,9095,11,22,2023-06-02T12:18:17.444000+00:00,24.149,32.583,24.413,256.0,261,False,81.145,"[None, 2048, 2048, 2048, 2048, 2048, 2048]","[2048, 2048, 2048, 2048, 2048, 2048, 2048, 2048]","[2048, 2048, 2048, 2048, 2048, 2048]",303.0
1211,9095,21,18,2023-06-02T12:18:26.147000+00:00,29.589,38.779,29.458,238.0,269,False,97.826,"[None, 2048, 2048, 2048, 2048, 2048, 2048]","[2048, 2048, 2048, 2048, 2048, 2048, 2048, 2048]","[2048, 2048, 2048, 2048, 2048]",292.0
1211,9095,10,18,2023-06-02T12:18:33.413000+00:00,,43.3,26.408,188.0,252,True,820.54,"[2064, 2064, 2048, 2048, 2048, 2048, 2048]","[2048, 2048, 2048, 2048, 2048, 2048, 2048, 2048]","[2048, 2048, 2048, 2048, 2048, 2048]",159.0
1211,9095,81,16,2023-06-02T12:18:43.585000+00:00,23.596,31.493,23.606,273.0,277,False,78.695,"[2048, 2048, 2048, 2048, 2048, 2048, 2048]","[2048, 2048, 2048, 2048, 2048, 2048, 2048, 2048]","[2048, 2048, 2048, 2048, 2048, 2048]",292.0
1211,9095,1,22,2023-06-02T12:18:47.335000+00:00,24.129,32.791,24.549,245.0,259,False,81.469,"[None, 2048, 2048, 2048, 2048, 2048, 2048]","[2048, 2048, 2048, 2048, 2048, 2048, 2048, 2048]","[2048, 2048, 2048, 2048, 2048, 2048]",301.0
1211,9095,27,18,2023-06-02T12:18:51.569000+00:00,,33.62,24.4,214.0,267,True,515.76,"[2064, 2064, 2048, 2048, 2048, 2048, 2048]","[2048, 2048, 2048, 2048, 2048, 2048, 2048, 2048]","[2048, 2048, 2048, 2048, 2048, 2048]",230.0
1211,9095,22,19,2023-06-02T12:18:54.241000+00:00,,39.678,25.57,198.0,268,True,409.785,"[2064, 2064, 2048, 2048, 2048, 2048, 2048]","[2048, 2048, 2048, 2048, 2048, 2048, 2048, 2048]","[2048, 2048, 2048, 2048, 2048]",199.0
1211,9095,63,24,2023-06-02T12:19:07.381000+00:00,,35.952,26.963,226.0,185,True,429.358,"[2064, 2064, 2048, 2048, 2048, 2048, 2048]","[2048, 2048, 2048, 2048, 2048, 2048, 2048, 2048]","[2048, 2048, 2048, 2048, 2048, 2048]",233.0
1211,9095,18,17,2023-06-02T12:19:17.537000+00:00,25.38,35.342,29.856,215.0,247,False,90.578,"[2048, 2048, 2048, 2048, 2048, 2048, 2048]","[2048, 2048, 2048, 2048, 2048, 2048, 2048, 2048]","[2048, 2048, 2048, 2048, 2064, 2064]",298.0
1211,9095,4,15,2023-06-02T12:19:17.818000+00:00,47.367,32.097,24.342,221.0,271,True,103.806,"[2064, 2064, 2048, 2048, 2048, 2048, 2048]","[2048, 2048, 2048, 2048, 2048, 2048, 2048, 2048]","[2048, 2048, 2048, 2048, 2048, 2048]",231.0
1211,9095,11,23,2023-06-02T12:19:38.568000+00:00,24.122,32.87,24.436,260.0,257,False,81.428,"[None, 2048, 2048, 2048, 2048, 2048, 2048]","[2048, 2048, 2048, 2048, 2048, 2048, 2048, 2048]","[2048, 2048, 2048, 2048, 2048, 2048]",300.0
1211,9095,31,20,2023-06-02T12:19:57.646000+00:00,22.431,30.118,22.869,286.0,298,False,75.418,"[2048, 2048, 2049, 2049, 2049, 2049, 2049]","[2049, 2049, 2051, 2049, 2049, 2049, 2049, 2049]","[2049, 2049, 2049, 2048, 2049, 2049]",317.0
1211,9095,81,17,2023-06-02T12:20:02.239000+00:00,23.583,31.729,23.758,276.0,272,False,79.07,"[None, 2048, 2048, 2048, 2048, 2048, 2048]","[2048, 2048, 2048, 2048, 2048, 2048, 2048, 2048]","[2048, 2048, 2048, 2048, 2048, 2048]",295.0
1211,9095,21,19,2023-06-02T12:20:04.005000+00:00,25.913,41.187,26.773,209.0,259,False,93.873,"[None, 2048, 2049, 2048, 2048, 2048, 2048]","[2048, 2048, 2048, 2048, 2048, 2048, 2048, 2048]","[2048, 2048, 2048, 2048, 2048]",320.0
1211,9095,1,23,2023-06-02T12:20:08.802000+00:00,24.136,32.494,24.42,254.0,261,False,81.05,"[None, 2048, 2048, 2048, 2048, 2048, 2048]","[2048, 2048, 2048, 2048, 2048, 2048, 2048, 2048]","[2048, 2048, 2048, 2048, 2048, 2048]",298.0
1211,9095,10,19,2023-06-02T12:20:17.536000+00:00,22.331,30.244,22.97,287.0,294,False,75.545,"[2049, 2048, 2049, 2049, 2049, 2049, 2049]","[2049, 2049, 2049, 2049, 2049, 2049, 2048, 2048]","[2049, 2049, 2049, 2049, 2048]",320.0
1211,9095,27,19,2023-06-02T12:20:23.973000+00:00,23.878,32.206,24.231,268.0,276,False,80.315,"[2048, 2048, 2048, 2048, 2048, 2048, 2048]","[2048, 2048, 2048, 2048, 2048, 2048, 2048, 2048]","[2048, 2048, 2048, 2048, 2048]",302.0
1211,9095,22,20,2023-06-02T12:20:30.895000+00:00,22.418,30.434,23.063,284.0,293,False,75.915,"[2048, 2048, 2048, 2049, 2049, 2049, 2049]","[2049, 2049, 2049, 2049, 2049, 2049, 2049, 2048]","[2049, 2049, 2049, 2049, 2049, 2049]",316.0
1211,9095,63,25,2023-06-02T12:20:38.364000+00:00,22.586,30.356,22.811,279.0,298,False,75.753,"[2048, 2048, 2048, 2049, 2049, 2049, 2049]","[2049, 2049, 2049, 2049, 2049, 2049, 2049, 2049]","[2051, 2049, 2049, 2049, 2049]",316.0
1211,9095,4,16,2023-06-02T12:20:39.489000+00:00,23.758,31.562,23.773,269.0,280,False,79.093,"[2048, 2048, 2048, 2048, 2048, 2048, 2048]","[2048, 2048, 2048, 2048, 2048, 2048, 2048, 2048]","[2048, 2048, 2048, 2048, 2048, 2048]",304.0
1211,9095,11,24,2023-06-02T12:20:59.988000+00:00,24.09,32.672,24.218,254.0,257,False,80.98,"[None, 2048, 2048, 2048, 2048, 2048, 2048]","[2048, 2048, 2048, 2048, 2048, 2048, 2048, 2048]","[2048, 2048, 2048, 2048, 2048, 2048]",301.0
1211,9095,31,21,2023-06-02T12:21:12.973000+00:00,34.9,55.844,37.731,130.0,154,False,128.475,"[None, 2048, 2048, 2048, 2048, 2048, 2048]","[2048, 2048, 2048, 2048, 2048, 2048, 2048, 2048]","[2048, 2048, 2048, 2048, 2048, 2048]",299.0
1211,9095,2,22,2023-06-02T12:21:20.394000+00:00,,35.93,24.848,241.0,278,True,368.11,"[2064, 2064, 2048, 2048, 2048, 2048, 2048]","[2048, 2048, 2048, 2048, 2048, 2048, 2048, 2048]","[2048, 2048, 2048, 2048, 2048, 2048]",232.0
1211,9095,81,18,2023-06-02T12:21:21.379000+00:00,23.668,31.777,23.831,273.0,268,False,79.276,"[None, 2048, 2048, 2048, 2048, 2048, 2048]","[2048, 2048, 2048, 2048, 2048, 2048, 2048, 2048]","[2048, 2048, 2048, 2048, 2048, 2048]",
1211,9095,18,18,2023-06-02T12:21:26.175000+00:00,63.716,41.569,27.371,219.0,247,True,132.656,"[2064, 2064, 2048, 2048, 2048, 2048, 2048]","[2048, 2048, 2048, 2048, 2048, 2048, 2048, 2048]","[2048, 2048, 2048, 2048, 2049, 2049]",230.0
1211,9095,1,24,2023-06-02T12:21:29.910000+00:00,24.218,32.556,24.474,,258,False,81.248,"[None, 2048, 2048, 2048, 2048, 2048, 2048]","[2048, 2048, 2048, 2048, 2048, 2048, 2048, 2048]","[2048, 2048, 2048, 2048, 2048, 2048]",300.0
1211,9095,10,20,2023-06-02T12:21:33.082000+00:00,31.191,53.194,42.718,134.0,139,False,127.103,"[None, 2048, 2048, 2048, 2048, 2048, 2048]","[2048, 2048, 2048, 2048, 2048, 2048, 2048, 2048]","[2048, 2048, 2048, 2048, 2064, 2064]",308.0
1211,9095,21,20,2023-06-02T12:21:37.863000+00:00,22.71,30.793,23.436,284.0,294,False,76.939,"[None, 2048, 2049, 2049, 2048, 2048, 2048]","[2048, 2048, 2048, 2048, 2048, 2048, 2048, 2048]","[2048, 2048, 2048, 2048, 2048]",319.0
1211,9095,14,18,2023-06-02T12:21:40.691000+00:00,,37.688,27.303,184.0,245,True,914.118,"[2064, 2064, 2048, 2048, 2048, 2048, 2048]","[2048, 2048, 2048, 2048, 2048, 2048, 2048, 2048]","[2048, 2048, 2048, 2048, 2048, 2048]",169.0
1211,9095,27,20,2023-06-02T12:21:44.316000+00:00,23.853,32.276,24.278,274.0,280,False,80.407,"[None, 2048, 2048, 2048, 2048, 2048, 2048]","[2048, 2048, 2048, 2048, 2048, 2048, 2048, 2048]","[2048, 2048, 2048, 2048, 2048]",304.0
1211,9095,22,21,2023-06-02T12:21:46.784000+00:00,37.284,49.635,44.262,130.0,114,False,131.181,"[None, 2048, 2048, 2048, 2048, 2048, 2048]","[2048, 2048, 2048, 2048, 2048, 2048, 2048, 2048]","[2048, 2048, 2048, 2048, 2048]",253.0
1211,9095,63,26,2023-06-02T12:21:54.066000+00:00,34.446,49.619,39.125,149.0,166,False,123.19,"[None, 2048, 2048, 2048, 2048, 2048, 2048]","[2048, 2048, 2048, 2048, 2048, 2048, 2048, 2048]","[2048, 2048, 2048, 2048, 2064, 2064]",234.0
1211,9095,4,17,2023-06-02T12:21:58.597000+00:00,23.747,31.468,23.67,272.0,281,False,78.885,"[None, 2048, 2048, 2048, 2048, 2048, 2048]","[2048, 2048, 2048, 2048, 2048, 2048, 2048, 2048]","[2048, 2048, 2048, 2048, 2048, 2048]",298.0
1211,9095,11,25,2023-06-02T12:22:20.971000+00:00,24.115,32.615,24.142,258.0,261,False,80.872,"[None, 2048, 2048, 2048, 2048, 2048, 2048]","[2048, 2048, 2048, 2048, 2048, 2048, 2048, 2048]","[2048, 2048, 2048, 2048, 2048, 2048]",300.0
1211,9095,81,19,2023-06-02T12:22:40.612000+00:00,23.709,31.907,23.862,276.0,271,False,79.478,"[None, 2048, 2048, 2048, 2048, 2048, 2048]","[2048, 2048, 2048, 2048, 2048, 2048, 2048, 2048]","[2048, 2048, 2048, 2048, 2048, 2048]",294.0
1211,9095,1,25,2023-06-02T12:22:51.096000+00:00,24.12,32.466,24.443,250.0,262,False,81.029,"[None, 2048, 2048, 2048, 2048, 2048, 2048]","[2048, 2048, 2048, 2048, 2048, 2048, 2048, 2048]","[2048, 2048, 2048, 2048, 2048, 2048]",
1211,9095,21,21,2023-06-02T12:22:54.768000+00:00,28.616,40.075,30.19,187.0,230,False,98.881,"[None, 2048, 2048, 2048, 2048, 2048, 2048]","[2048, 2048, 2048, 2048, 2048, 2048, 2048, 2048]","[2048, 2048, 2048, 2048, 2064, 2064]",304.0
1211,9095,18,19,2023-06-02T12:23:00.471000+00:00,22.588,30.401,22.95,282.0,296,False,75.939,"[2049, 2049, 2049, 2049, 2049, 2049, 2049]","[2049, 2049, 2049, 2049, 2049, 2049, 2049, 2049]","[2049, 2049, 2049, 2049, 2049, 2049]",316.0
1211,9095,20,17,2023-06-02T12:23:01.189000+00:00,,67.228,32.066,168.0,140,True,951.572,"[2064, 2064, 2048, 2048, 2048, 2048, 2048]","[2048, 2048, 2048, 2048, 2048, 2048, 2048, 2048]","[2048, 2048, 2048, 2048, 2048, 0]",241.0
1211,9095,2,23,2023-06-02T12:23:02.611000+00:00,24.062,32.447,24.45,272.0,274,False,80.959,"[2048, 2048, 2048, 2048, 2048, 2048, 2048]","[2048, 2048, 2048, 2048, 2048, 2048, 2048, 2048]","[2048, 2048, 2048, 2048, 2048, 2048]",302.0
1211,9095,27,21,2023-06-02T12:23:04.689000+00:00,23.836,32.381,24.4,270.0,277,False,80.617,"[None, 2048, 2048, 2048, 2048, 2048, 2048]","[2048, 2048, 2048, 2048, 2048, 2048, 2048, 2048]","[2048, 2048, 2048, 2048, 2048, 2048]",308.0
1211,9095,23,22,2023-06-02T12:23:11.705000+00:00,,34.238,24.812,229.0,252,True,564.107,"[2064, 2064, 2048, 2048, 2048, 2048, 2048]","[2048, 2048, 2048, 2048, 2048, 2048, 2048, 2048]","[2048, 2048, 2048, 2048, 2048, 2048]",231.0
1211,9095,4,18,2023-06-02T12:23:17.533000+00:00,23.739,31.515,23.731,,278,False,78.985,"[None, 2048, 2048, 2048, 2048, 2048, 2048]","[2048, 2048, 2048, 2048, 2048, 2048, 2048, 2048]","[2048, 2048, 2048, 2048, 2048]",295.0
1211,9095,31,22,2023-06-02T12:23:21.548000+00:00,38.183,54.196,34.58,122.0,182,False,126.959,"[None, 2048, 2048, 2048, 2048, 2048, 2048]","[2048, 2048, 2048, 2048, 2048, 2048, 2048, 2048]","[2048, 2048, 2048, 2048, 2048, 2048]",195.0
1211,9095,55,21,2023-06-02T12:23:33.595000+00:00,,34.229,24.983,229.0,271,True,447.178,"[2064, 2064, 2048, 2048, 2048, 2048, 2048]","[2048, 2048, 2048, 2048, 2048, 2048, 2048, 2048]","[2048, 2048, 2048, 2048, 2048, 0]",237.0
1211,9095,44,24,2023-06-02T12:23:35.642000+00:00,,37.321,31.084,210.0,230,True,529.239,"[2064, 2064, 2048, 2048, 2048, 2048, 2048]","[2048, 2048, 2048, 2048, 2048, 2048, 2048, 2048]","[2048, 2048, 2048, 2048, 2048, 2048]",214.0
1211,9095,14,19,2023-06-02T12:23:36.298000+00:00,22.669,30.262,22.796,276.0,297,False,75.727,"[2048, 2048, 2049, 2049, 2048, 2049, 2048]","[2049, 2049, 2049, 2048, 2049, 2049, 2049, 2049]","[2049, 2049, 2051, 2049, 2048]",315.0
1211,9095,11,26,2023-06-02T12:23:41.860000+00:00,24.266,32.982,24.546,253.0,260,False,81.794,"[None, 2048, 2048, 2048, 2048, 2048, 2048]","[2048, 2048, 2048, 2048, 2048, 2048, 2048, 2048]","[2048, 2048, 2048, 2048, 2048, 2048]",304.0
1211,9095,77,18,2023-06-02T12:23:42.267000+00:00,,34.299,25.748,235.0,263,True,503.612,"[2064, 2064, 2048, 2048, 2048, 2048, 2048]","[2048, 2048, 2048, 2048, 2048, 2048, 2048, 2048]","[2048, 2048, 2048, 2048, 2048, 2048]",96.0
1211,9095,10,21,2023-06-02T12:23:53.954000+00:00,50.222,47.535,35.176,195.0,253,True,132.933,"[2064, 2064, 2048, 2048, 2048, 2048, 2048]","[2048, 2048, 2048, 2048, 2048, 2048, 2048, 2048]","[2048, 2048, 2048, 2048, 2048, 2048]",139.0
1211,9095,22,22,2023-06-02T12:23:57.970000+00:00,38.342,49.877,36.318,101.0,120,False,124.537,"[None, 2048, 2048, 2048, 2048, 2048, 2048]","[2048, 2048, 2048, 2048, 2048, 2048, 2048, 2048]","[2048, 2048, 2048, 2048, 2048]",264.0
1211,9095,81,20,2023-06-02T12:24:00.094000+00:00,23.647,31.827,24.121,277.0,276,False,79.595,"[None, 2048, 2048, 2048, 2048, 2048, 2048]","[2048, 2048, 2048, 2048, 2048, 2048, 2048, 2048]","[2048, 2048, 2048, 2048, 2048, 2048]",297.0
1211,9095,1,26,2023-06-02T12:24:12.126000+00:00,24.155,32.316,24.388,254.0,261,False,80.859,"[None, 2048, 2048, 2048, 2048, 2048, 2048]","[2048, 2048, 2048, 2048, 2048, 2048, 2048, 2048]","[2048, 2048, 2048, 2048, 2048, 2048]",301.0
1211,9095,18,20,2023-06-02T12:24:16.454000+00:00,34.984,53.647,37.841,157.0,128,False,126.472,"[2048, 2048, 2048, 2048, 2048, 2048, 2048]","[2048, 2048, 2048, 2048, 2048, 2048, 2048, 2048]","[2048, 2048, 2048, 2048, 2048, 2048]",226.0
1211,9095,63,27,2023-06-02T12:24:19.407000+00:00,61.307,44.091,28.519,95.0,202,True,133.917,"[2064, 2064, 2048, 2048, 2048, 2048, 2048]","[2048, 2048, 2048, 2048, 2048, 2048, 2048, 2048]","[2048, 2048, 2048, 2048, 2048, 2048]",176.0
1211,9095,2,24,2023-06-02T12:24:23.547000+00:00,24.455,32.84,24.524,267.0,272,False,81.819,"[None, 2048, 2048, 2048, 2048, 2048, 2048]","[2048, 2048, 2048, 2048, 2048, 2048, 2048, 2048]","[2048, 2048, 2048, 2048, 2048]",299.0
1211,9095,27,22,2023-06-02T12:24:25.313000+00:00,24.027,32.237,24.715,271.0,278,False,80.979,"[None, 2048, 2048, 2048, 2048, 2048, 2048]","[2048, 2048, 2048, 2048, 2048, 2048, 2048, 2048]","[2048, 2048, 2048, 2048, 2048, 2048]",307.0
1211,9095,4,19,2023-06-02T12:24:36.453000+00:00,23.885,31.483,23.688,273.0,276,False,79.056,"[None, 2048, 2048, 2048, 2048, 2048, 2048]","[2048, 2048, 2048, 2048, 2048, 2048, 2048, 2048]","[2048, 2048, 2048, 2048, 2048, 2048]",
1211,9095,21,22,2023-06-02T12:24:50.844000+00:00,57.2,33.273,25.128,272.0,252,True,115.601,"[2064, 2064, 2048, 2048, 2048, 2048, 2048]","[2048, 2048, 2048, 2048, 2048, 2048, 2048, 2048]","[2048, 2048, 2048, 2048, 2048, 0]",236.0
1211,9095,14,20,2023-06-02T12:24:51.890000+00:00,31.472,46.097,33.819,170.0,226,False,111.388,"[None, 2048, 2048, 2048, 2048, 2048, 2048]","[2048, 2048, 2048, 2048, 2048, 2048, 2048, 2048]","[2048, 2048, 2048, 2048, 2048, 2048]",228.0
1211,9095,23,23,2023-06-02T12:25:02.984000+00:00,25.425,33.194,24.828,237.0,250,False,83.447,"[2048, 2048, 2048, 2048, 2048, 2048, 2048]","[2048, 2048, 2048, 2048, 2048, 2048, 2048, 2048]","[2048, 2048, 2048, 2048, 2048, 2048]",296.0
1211,9095,11,27,2023-06-02T12:25:03.656000+00:00,24.325,32.847,24.652,249.0,258,False,81.824,"[None, 2048, 2048, 2048, 2048, 2048, 2048]","[2048, 2048, 2048, 2048, 2048, 2048, 2048, 2048]","[2048, 2048, 2048, 2048, 2048]",327.0
1211,9095,16,23,2023-06-02T12:25:07.968000+00:00,,37.812,25.388,247.0,186,True,431.458,"[2064, 2064, 2048, 2048, 2048, 2048, 2048]","[2048, 2048, 2048, 2048, 2048, 2048, 2048, 2048]","[2048, 2048, 2048, 2048, 2048, 0]",236.0
1211,9095,55,22,2023-06-02T12:25:09.578000+00:00,23.865,32.044,24.255,272.0,276,False,80.164,"[2048, 2048, 2048, 2048, 2048, 2048, 2048]","[2048, 2048, 2048, 2048, 2048, 2048, 2048, 2048]","[2048, 2048, 2048, 2048, 2048, 2048]",300.0
1211,9095,44,25,2023-06-02T12:25:18.187000+00:00,22.621,30.293,22.931,277.0,300,False,75.845,"[2048, 2048, 2049, 2049, 2049, 2049, 2049]","[2049, 2049, 2049, 2049, 2049, 2049, 2049, 2049]","[2049, 2049, 2049, 2049, 2049]",315.0
1211,9095,81,21,2023-06-02T12:25:19.671000+00:00,24.13,32.173,24.164,274.0,270,False,80.467,"[None, 2048, 2048, 2048, 2048, 2048, 2048]","[2048, 2048, 2048, 2048, 2048, 2048, 2048, 2048]","[2048, 2048, 2048, 2048, 2048]",302.0
1211,9095,31,23,2023-06-02T12:25:28.499000+00:00,22.511,30.446,22.976,285.0,298,False,75.933,"[None, 2048, 2049, 2048, 2048, 2048, 2048]","[2048, 2049, 2048, 2048, 2048, 2048, 2048, 2048]","[2049, 2048, 2048, 2048, 2048, 2048]",318.0
1211,9095,20,18,2023-06-02T12:25:31.749000+00:00,22.436,30.31,22.943,283.0,300,False,75.689,"[2048, 2048, 2048, 2049, 2049, 2049, 2049]","[2048, 2049, 2049, 2048, 2049, 2049, 2048, 2049]","[2049, 2048, 2049, 2049, 2049]",322.0
1211,9095,1,27,2023-06-02T12:25:33.062000+00:00,23.956,32.405,24.428,253.0,265,False,80.789,"[None, 2048, 2048, 2048, 2048, 2048, 2048]","[2048, 2048, 2048, 2048, 2048, 2048, 2048, 2048]","[2048, 2048, 2048, 2048, 2048, 2048]",307.0
1211,9095,77,19,2023-06-02T12:25:39.436000+00:00,24.804,32.615,24.365,264.0,268,False,81.784,"[2048, 2048, 2048, 2048, 2048, 2048, 2048]","[2048, 2048, 2048, 2048, 2048, 2048, 2048, 2048]","[2048, 2048, 2048, 2048, 2048, 2048]",288.0
1211,9095,24,20,2023-06-02T12:25:39.530000+00:00,,37.279,29.547,209.0,123,True,579.879,"[2064, 2064, 2048, 2048, 2048, 2048, 2048]","[2048, 2048, 2048, 2048, 2048, 2048, 2048, 2048]","[2048, 2048, 2048, 2048, 2048, 2048]",161.0
1211,9095,2,25,2023-06-02T12:25:45.374000+00:00,24.249,32.499,24.605,269.0,271,False,81.353,"[None, 2048, 2048, 2048, 2048, 2048, 2048]","[2048, 2048, 2048, 2048, 2048, 2048, 2048, 2048]","[2048, 2048, 2048, 2048, 2048, 2048]",301.0
1211,9095,27,23,2023-06-02T12:25:46.280000+00:00,23.808,33.016,29.522,252.0,268,False,86.346,"[None, 2048, 2048, 2048, 2048, 2048, 2048]","[2048, 2048, 2048, 2048, 2048, 2048, 2048, 2048]","[2048, 2048, 2048, 2048, 2048]",329.0
1211,9095,10,22,2023-06-02T12:25:53.139000+00:00,22.584,30.433,23.213,287.0,295,False,76.23,"[2048, 2048, 2048, 2048, 2048, 2048, 2048]","[2048, 2049, 2048, 2048, 2048, 2048, 2049, 2049]","[2048, 2048, 2048, 2048, 2048, 2048]",319.0
1211,9095,4,20,2023-06-02T12:25:55.530000+00:00,23.642,31.601,23.8,,281,False,79.043,"[None, 2048, 2048, 2048, 2048, 2048, 2048]","[2048, 2048, 2048, 2048, 2048, 2048, 2048, 2048]","[2048, 2048, 2048, 2048, 2048]",301.0
1211,9095,22,23,2023-06-02T12:26:02.514000+00:00,22.662,31.134,23.383,283.0,292,False,77.179,"[None, 2048, 2048, 2048, 2048, 2048, 2048]","[2048, 2048, 2048, 2048, 2048, 2048, 2048, 2048]","[2048, 2048, 2048, 2048, 2048, 2048]",316.0
1211,9095,63,28,2023-06-02T12:26:11.248000+00:00,22.606,30.442,22.818,280.0,300,False,75.866,"[2048, 2048, 2048, 2049, 2049, 2048, 2049]","[2048, 2048, 2048, 2049, 2049, 2048, 2048, 2049]","[2048, 2049, 2048, 2048, 2048, 2048]",315.0
1211,9095,18,21,2023-06-02T12:26:22.889000+00:00,38.983,49.72,27.646,170.0,208,False,116.349,"[None, 2048, 2048, 2048, 2048, 2048, 2048]","[2048, 2048, 2048, 2048, 2048, 2048, 2048, 2048]","[2048, 2048, 2048, 2048, 2048, 2048]",259.0
1211,9095,11,28,2023-06-02T12:26:25.451000+00:00,24.316,33.007,24.497,254.0,257,False,81.82,"[None, 2048, 2048, 2048, 2048, 2048, 2048]","[2048, 2048, 2048, 2048, 2048, 2048, 2048, 2048]","[2048, 2048, 2048, 2048, 2048, 2048]",301.0
1211,9095,23,24,2023-06-02T12:26:26.389000+00:00,24.315,32.851,24.471,252.0,249,False,81.637,"[None, 2048, 2048, 2048, 2048, 2048, 2048]","[2048, 2048, 2048, 2048, 2048, 2048, 2048, 2048]","[2048, 2048, 2048, 2048, 2048]",318.0
1211,9095,21,23,2023-06-02T12:26:29.279000+00:00,24.853,32.489,24.565,263.0,264,False,81.907,"[2048, 2048, 2048, 2048, 2048, 2048, 2048]","[2048, 2048, 2048, 2048, 2048, 2048, 2048, 2048]","[2048, 2048, 2048, 2048, 2048]",302.0
1211,9095,55,23,2023-06-02T12:26:29.717000+00:00,23.522,32.128,24.074,271.0,278,False,79.724,"[2049, 2049, 2048, 2048, 2048, 2048, 2048]","[2048, 2048, 2048, 2048, 2048, 2048, 2048, 2048]","[2048, 2048, 2048, 2048, 2048, 2048]",326.0
1211,9095,44,26,2023-06-02T12:26:33.904000+00:00,37.585,54.386,36.823,129.0,156,False,128.794,"[None, 2048, 2048, 2048, 2048, 2048, 2048]","[2048, 2048, 2048, 2048, 2048, 2048, 2048, 2048]","[2048, 2048, 2048, 2048, 2048]",199.0
1211,9095,81,22,2023-06-02T12:26:40.154000+00:00,24.075,32.164,24.037,,270,False,80.276,"[None, 2048, 2048, 2048, 2048, 2048, 2048]","[2048, 2048, 2048, 2048, 2048, 2048, 2048, 2048]","[2048, 2048, 2048, 2048, 2048, 2048]",297.0
1211,9095,14,21,2023-06-02T12:26:43.388000+00:00,35.03,58.366,32.929,121.0,243,False,126.325,"[None, 2048, 2048, 2048, 2048, 2048, 2048]","[2048, 2048, 2048, 2048, 2048, 2048, 2048, 2048]","[2048, 2048, 2048, 2048, 2048, 2048]",179.0
1211,9095,31,24,2023-06-02T12:26:44.420000+00:00,22.92,31.428,23.606,272.0,277,False,77.954,"[2049, 2048, 2048, 2048, 2048, 2048, 2048]","[2048, 2048, 2048, 2048, 2048, 2048, 2048, 2048]","[2048, 2048, 2048, 2048, 2048, 2048]",313.0
1211,9095,20,19,2023-06-02T12:26:47.404000+00:00,39.7,56.067,34.593,138.0,141,False,130.36,"[2049, 2048, 2048, 2048, 2048, 2048, 2048]","[2048, 2048, 2048, 2048, 2048, 2048, 2048, 2048]","[2048, 2048, 2048, 2048, 2048, 2048]",141.0
1211,9095,16,24,2023-06-02T12:26:50.748000+00:00,24.19,32.469,24.328,265.0,272,False,80.987,"[2048, 2048, 2048, 2048, 2048, 2048, 2048]","[2048, 2048, 2048, 2048, 2048, 2048, 2048, 2048]","[2048, 2048, 2048, 2048, 2048, 2048]",301.0
1211,9095,1,28,2023-06-02T12:26:53.779000+00:00,23.807,32.436,27.771,261.0,270,False,84.014,"[None, 2048, 2048, 2048, 2048, 2048, 2048]","[2048, 2048, 2048, 2048, 2048, 2048, 2048, 2048]","[2048, 2048, 2048, 2048, 2064, 2064]",305.0
1211,9095,77,20,2023-06-02T12:27:01.232000+00:00,24.296,32.697,24.608,262.0,267,False,81.601,"[None, 2048, 2048, 2048, 2048, 2048, 2048]","[2048, 2048, 2048, 2048, 2048, 2048, 2048, 2048]","[2048, 2048, 2048, 2048, 2048, 2048]",290.0
1211,9095,2,26,2023-06-02T12:27:06.794000+00:00,24.202,32.92,26.282,,265,False,83.404,"[None, 2048, 2048, 2048, 2048, 2048, 2048]","[2048, 2048, 2048, 2048, 2048, 2048, 2048, 2048]","[2048, 2048, 2048, 2048, 2048, 2048]",
1211,9095,10,23,2023-06-02T12:27:09.341000+00:00,23.099,31.58,24.397,281.0,276,False,79.076,"[None, 2048, 2048, 2048, 2048, 2048, 2048]","[2048, 2048, 2048, 2048, 2048, 2048, 2048, 2048]","[2048, 2048, 2048, 2048, 2048, 2048]",311.0
1211,9095,27,24,2023-06-02T12:27:12.622000+00:00,24.043,32.712,24.618,268.0,278,False,81.373,"[None, 2048, 2048, 2048, 2048, 2048, 2048]","[2048, 2048, 2048, 2048, 2048, 2048, 2048, 2048]","[2048, 2048, 2048, 2048, 2048]",306.0
1211,9095,4,21,2023-06-02T12:27:14.575000+00:00,23.744,31.834,24.221,270.0,274,False,79.799,"[None, 2048, 2048, 2048, 2048, 2048, 2048]","[2048, 2048, 2048, 2048, 2048, 2048, 2048, 2048]","[2048, 2048, 2048, 2048, 2048]",300.0
1211,9095,22,24,2023-06-02T12:27:19.685000+00:00,34.228,40.364,24.573,134.0,281,False,99.165,"[None, 2048, 2048, 2048, 2048, 2048, 2048]","[2048, 2048, 2048, 2048, 2048, 2048, 2048, 2048]","[2048, 2048, 2048, 2048, 2048]",279.0
1211,9095,63,29,2023-06-02T12:27:27.091000+00:00,37.321,36.891,27.772,178.0,235,False,101.984,"[None, 2048, 2048, 2048, 2048, 2048, 2048]","[2048, 2048, 2048, 2048, 2048, 2048, 2048, 2048]","[2048, 2048, 2048, 2048, 2064, 2064]",170.0
1211,9095,24,21,2023-06-02T12:27:32.716000+00:00,24.662,32.647,24.668,263.0,261,False,81.977,"[2048, 2048, 2048, 2048, 2048, 2048, 2048]","[2048, 2048, 2048, 2048, 2048, 2048, 2048, 2048]","[2048, 2048, 2048, 2048, 2048, 2048]",290.0
1211,9095,11,29,2023-06-02T12:27:47.294000+00:00,24.175,32.512,28.357,262.0,276,False,85.044,"[None, 2048, 2048, 2048, 2048, 2048, 2048]","[2048, 2048, 2048, 2048, 2048, 2048, 2048, 2048]","[2048, 2048, 2048, 2048, 2064, 2064]",302.0
1211,9095,23,25,2023-06-02T12:27:48.059000+00:00,24.391,32.688,24.392,263.0,271,False,81.471,"[None, 2048, 2048, 2048, 2048, 2048, 2048]","[2048, 2048, 2048, 2048, 2048, 2048, 2048, 2048]","[2048, 2048, 2048, 2048, 2048, 2048]",303.0
1211,9095,55,24,2023-06-02T12:27:49.465000+00:00,23.963,32.324,24.261,264.0,285,False,80.548,"[2048, 2048, 2048, 2048, 2048, 2048, 2048]","[2048, 2048, 2048, 2048, 2048, 2048, 2048, 2048]","[2048, 2048, 2048, 2048, 2048]",306.0
1211,9095,21,24,2023-06-02T12:27:51.184000+00:00,24.133,32.253,24.308,266.0,267,False,80.694,"[None, 2048, 2048, 2048, 2048, 2048, 2048]","[2048, 2048, 2048, 2048, 2048, 2048, 2048, 2048]","[2048, 2048, 2048, 2048, 2048]",
1211,9095,81,23,2023-06-02T12:28:00.434000+00:00,23.919,31.906,24.037,272.0,271,False,79.862,"[None, 2048, 2048, 2048, 2048, 2048, 2048]","[2048, 2048, 2048, 2048, 2048, 2048, 2048, 2048]","[2048, 2048, 2048, 2048, 2048, 2048]",295.0
1211,9095,31,25,2023-06-02T12:28:02.371000+00:00,23.454,31.527,23.62,267.0,283,False,78.601,"[2048, 2048, 2048, 2048, 2048, 2048, 2048]","[2048, 2048, 2048, 2048, 2048, 2048, 2048, 2048]","[2048, 2048, 2048, 2048, 2048, 2048]",298.0
1211,9095,16,25,2023-06-02T12:28:11.887000+00:00,24.339,32.714,24.493,266.0,265,False,81.546,"[None, 2048, 2048, 2048, 2048, 2048, 2048]","[2048, 2048, 2048, 2048, 2048, 2048, 2048, 2048]","[2048, 2048, 2048, 2048, 2048, 2048]",300.0
1211,9095,18,22,2023-06-02T12:28:19.246000+00:00,22.578,30.502,22.998,283.0,295,False,76.078,"[None, 2048, 2049, 2048, 2049, 2049, 2049]","[2048, 2048, 2048, 2048, 2049, 2049, 2048, 2048]","[2048, 2048, 2048, 2049, 2049, 2049]",315.0
1211,9095,77,21,2023-06-02T12:28:22.824000+00:00,24.747,32.831,24.607,261.0,266,False,82.185,"[None, 2048, 2048, 2048, 2048, 2048, 2048]","[2048, 2048, 2048, 2048, 2048, 2048, 2048, 2048]","[2048, 2048, 2048, 2048, 2048, 2048]",292.0
1211,9095,10,24,2023-06-02T12:28:28.433000+00:00,23.362,31.25,23.713,277.0,280,False,78.325,"[None, 2048, 2048, 2048, 2048, 2048, 2048]","[2048, 2048, 2048, 2048, 2048, 2048, 2048, 2048]","[2048, 2048, 2048, 2048, 2048, 2048]",307.0
1211,9095,2,27,2023-06-02T12:28:30.152000+00:00,24.434,33.09,24.652,262.0,268,False,82.176,"[None, 2048, 2048, 2048, 2048, 2048, 2048]","[2048, 2048, 2048, 2048, 2048, 2048, 2048, 2048]","[2048, 2048, 2048, 2048, 2048, 2048]",304.0
1211,9095,27,25,2023-06-02T12:28:34.012000+00:00,24.642,32.651,24.85,266.0,272,False,82.143,"[None, 2048, 2048, 2048, 2048, 2048, 2048]","[2048, 2048, 2048, 2048, 2048, 2048, 2048, 2048]","[2048, 2048, 2048, 2048, 2048, 2048]",307.0
1211,9095,4,22,2023-06-02T12:28:34.386000+00:00,23.496,31.802,24.026,273.0,276,False,79.324,"[2049, 2049, 2048, 2048, 2048, 2048, 2048]","[2048, 2048, 2048, 2048, 2048, 2048, 2048, 2048]","[2048, 2048, 2048, 2048, 2048, 2048]",323.0
1211,9095,1,29,2023-06-02T12:28:37.652000+00:00,43.777,32.103,24.096,255.0,267,True,99.976,"[2064, 2064, 2048, 2048, 2048, 2048, 2048]","[2048, 2048, 2048, 2048, 2048, 2048, 2048, 2048]","[2048, 2048, 2048, 2048, 2048]",246.0
1211,9095,44,27,2023-06-02T12:28:42.793000+00:00,30.29,34.319,25.304,237.0,266,False,89.913,"[None, 2048, 2048, 2048, 2048, 2048, 2048]","[2048, 2048, 2048, 2048, 2048, 2048, 2048, 2048]","[2048, 2048, 2048, 2048, 2048, 2048]",264.0
1211,9095,14,22,2023-06-02T12:28:49.714000+00:00,22.626,30.102,22.819,280.0,298,False,75.547,"[None, 2049, 2049, 2048, 2049, 2048, 2049]","[2048, 2048, 2049, 2049, 2049, 2049, 2049, 2049]","[2048, 2048, 2048, 2048, 2049]",317.0
1211,9095,24,22,2023-06-02T12:28:54.667000+00:00,24.211,32.34,24.499,268.0,264,False,81.05,"[None, 2048, 2048, 2048, 2048, 2048, 2048]","[2048, 2048, 2048, 2048, 2048, 2048, 2048, 2048]","[2048, 2048, 2048, 2048, 2048, 2048]",293.0
1211,9095,20,20,2023-06-02T12:28:57.823000+00:00,31.194,47.695,29.747,227.0,88,False,108.636,"[2048, 2048, 2048, 2048, 2048, 2048, 2048]","[2048, 2048, 2048, 2048, 2048, 2048, 2048, 2048]","[2048, 2048, 2048, 2048, 2048]",230.0
1211,9095,22,25,2023-06-02T12:28:58.855000+00:00,23.811,32.002,24.065,267.0,282,False,79.878,"[None, 2048, 2048, 2048, 2048, 2048, 2048]","[2048, 2048, 2048, 2048, 2048, 2048, 2048, 2048]","[2048, 2048, 2048, 2048, 2048, 2048]",300.0
1211,9095,23,26,2023-06-02T12:29:09.526000+00:00,24.451,32.938,24.578,253.0,263,False,81.967,"[None, 2048, 2048, 2048, 2048, 2048, 2048]","[2048, 2048, 2048, 2048, 2048, 2048, 2048, 2048]","[2048, 2048, 2048, 2048, 2048]",319.0
1211,9095,55,25,2023-06-02T12:29:10.026000+00:00,23.297,32.231,23.96,269.0,274,False,79.488,"[2049, 2051, 2051, 2048, 2048, 2048, 2048]","[2048, 2048, 2048, 2048, 2048, 2048, 2048, 2048]","[2048, 2048, 2048, 2048, 2048, 2048]",336.0
1211,9095,21,25,2023-06-02T12:29:11.901000+00:00,23.733,32.058,24.201,272.0,265,False,79.992,"[None, 2048, 2048, 2048, 2048, 2048, 2048]","[2048, 2048, 2048, 2048, 2048, 2048, 2048, 2048]","[2048, 2048, 2048, 2048, 2048, 2048]",304.0
1211,9095,81,24,2023-06-02T12:29:20.401000+00:00,24.351,32.331,24.103,263.0,272,False,80.785,"[None, 2048, 2048, 2048, 2048, 2048, 2048]","[2048, 2048, 2048, 2048, 2048, 2048, 2048, 2048]","[2048, 2048, 2048, 2049, 2048, 2048]",297.0
1211,9095,31,26,2023-06-02T12:29:20.964000+00:00,23.012,31.341,23.481,272.0,279,False,77.834,"[2049, 2049, 2048, 2048, 2048, 2048, 2048]","[2048, 2048, 2048, 2048, 2048, 2048, 2048, 2048]","[2048, 2048, 2048, 2048, 2048, 2048]",328.0
1211,9095,11,30,2023-06-02T12:29:31.370000+00:00,43.014,32.268,23.794,253.0,268,True,99.076,"[2064, 2064, 2048, 2048, 2048, 2048, 2048]","[2048, 2048, 2048, 2048, 2048, 2048, 2048, 2048]","[2048, 2048, 2048, 2048, 2048, 2048]",244.0
1211,9095,16,26,2023-06-02T12:29:33.526000+00:00,23.927,32.022,24.037,271.0,274,False,79.986,"[None, 2048, 2048, 2048, 2048, 2048, 2048]","[2048, 2048, 2048, 2048, 2048, 2048, 2048, 2048]","[2048, 2048, 2048, 2048, 2048]",301.0
1211,9095,18,23,2023-06-02T12:29:35.620000+00:00,25.791,35.516,25.239,196.0,220,False,86.546,"[None, 2048, 2048, 2048, 2048, 2048, 2048]","[2048, 2048, 2048, 2048, 2048, 2048, 2048, 2048]","[2048, 2048, 2048, 2048, 2048, 2048]",300.0
1211,9095,63,30,2023-06-02T12:29:36.588000+00:00,77.341,39.222,30.169,192.0,210,True,146.732,"[2064, 2064, 2048, 2048, 2048, 2048, 2048]","[2048, 2048, 2048, 2048, 2048, 2048, 2048, 2048]","[2048, 2048, 2048, 2048, 2048, 0]",237.0
1211,9095,77,22,2023-06-02T12:29:45.010000+00:00,24.643,33.79,25.028,259.0,264,False,83.461,"[None, 2048, 2048, 2048, 2048, 2048, 2048]","[2048, 2048, 2048, 2048, 2048, 2048, 2048, 2048]","[2048, 2048, 2048, 2048, 2048, 2048]",290.0
1211,9095,10,25,2023-06-02T12:29:46.744000+00:00,23.441,32.29,23.876,268.0,279,False,79.607,"[None, 2048, 2048, 2048, 2048, 2048, 2048]","[2048, 2048, 2048, 2048, 2048, 2048, 2048, 2048]","[2048, 2048, 2048, 2048, 2048, 2048]",311.0
1211,9095,2,28,2023-06-02T12:29:52.354000+00:00,24.232,32.748,24.516,265.0,272,False,81.496,"[None, 2048, 2048, 2048, 2048, 2048, 2048]","[2048, 2048, 2048, 2048, 2048, 2048, 2048, 2048]","[2048, 2048, 2048, 2048, 2048]",301.0
1211,9095,4,23,2023-06-02T12:29:53.698000+00:00,23.71,32.148,24.401,272.0,259,False,80.259,"[2048, 2048, 2048, 2048, 2048, 2048, 2048]","[2048, 2048, 2048, 2048, 2048, 2048, 2048, 2048]","[2048, 2048, 2048, 2048, 2048]",301.0
1211,9095,27,26,2023-06-02T12:29:56.151000+00:00,24.405,34.26,25.355,263.0,243,False,84.02,"[None, 2048, 2048, 2048, 2048, 2048, 2048]","[2048, 2048, 2048, 2048, 2048, 2048, 2048, 2048]","[2048, 2048, 2048, 2048, 2048, 2048]",
1211,9095,1,30,2023-06-02T12:29:57.760000+00:00,23.797,31.86,23.92,260.0,273,False,79.577,"[2048, 2048, 2048, 2048, 2048, 2048, 2048]","[2048, 2048, 2048, 2048, 2048, 2048, 2048, 2048]","[2048, 2048, 2048, 2048, 2048, 2048]",303.0
1211,9095,14,23,2023-06-02T12:30:05.150000+00:00,35.644,37.75,35.135,148.0,193,False,108.529,"[None, 2048, 2048, 2048, 2048, 2048, 2048]","[2048, 2048, 2048, 2048, 2048, 2048, 2048, 2048]","[2048, 2048, 2048, 2048, 2048, 2048]",167.0
1211,9095,44,28,2023-06-02T12:30:12.775000+00:00,22.639,34.786,38.402,279.0,163,False,95.827,"[None, 2048, 2048, 2048, 2048, 2048, 2048]","[2048, 2048, 2048, 2048, 2048, 2048, 2048, 2048]","[2048, 2048, 2048, 2048, 2048, 2048]",316.0
1211,9095,24,23,2023-06-02T12:30:15.713000+00:00,26.158,35.66,36.446,208.0,223,False,98.264,"[None, 2048, 2048, 2048, 2048, 2048, 2048]","[2048, 2048, 2048, 2048, 2048, 2048, 2048, 2048]","[2048, 2048, 2048, 2048, 2048, 2048]",243.0
1211,9095,22,26,2023-06-02T12:30:18.728000+00:00,24.041,36.85,41.413,235.0,158,False,102.304,"[None, 2048, 2048, 2048, 2048, 2048, 2048]","[2048, 2048, 2048, 2048, 2048, 2048, 2048, 2048]","[2048, 2048, 2048, 2048, 2048]",301.0
1211,9095,55,26,2023-06-02T12:30:29.478000+00:00,23.823,32.121,38.872,267.0,269,False,94.816,"[2048, 2048, 2048, 2048, 2048, 2048, 2048]","[2048, 2048, 2048, 2048, 2048, 2048, 2048, 2048]","[2048, 2048, 2048, 2048, 2048, 2048]",301.0
1211,9095,23,27,2023-06-02T12:30:31.478000+00:00,24.346,32.714,40.856,259.0,267,False,97.916,"[None, 2048, 2048, 2048, 2048, 2048, 2048]","[2048, 2048, 2048, 2048, 2048, 2048, 2048, 2048]","[2048, 2048, 2048, 2048, 2048, 2048]",303.0
1211,9095,21,26,2023-06-02T12:30:31.853000+00:00,27.641,34.233,42.42,237.0,268,False,104.294,"[None, 2048, 2048, 2048, 2048, 2048, 2048]","[2048, 2048, 2048, 2048, 2048, 2048, 2048, 2048]","[2048, 2048, 2048, 2048, 2048, 2048]",266.0
1211,9095,31,27,2023-06-02T12:30:38.822000+00:00,28.034,47.232,53.285,180.0,125,False,128.551,"[2048, 2048, 2048, 2048, 2048, 2048, 2048]","[2048, 2048, 2048, 2048, 2048, 2048, 2048, 2048]","[2048, 2048, 2048, 2048, 2048, 2048]",305.0
1211,9095,81,25,2023-06-02T12:30:41.072000+00:00,27.36,38.081,38.122,222.0,222,False,103.563,"[None, 2048, 2048, 2048, 2048, 2048, 2048]","[2048, 2048, 2048, 2048, 2048, 2048, 2048, 2048]","[2048, 2048, 2048, 2048, 2048, 2048]",282.0
1211,9095,20,21,2023-06-02T12:30:46.493000+00:00,25.7,46.286,51.762,229.0,197,False,123.748,"[None, 2048, 2048, 2048, 2048, 2048, 2048]","[2048, 2048, 2048, 2048, 2048, 2048, 2048, 2048]","[2048, 2048, 2048, 2048, 2048]",300.0
1211,9095,11,31,2023-06-02T12:30:51.415000+00:00,36.258,51.987,47.735,144.0,142,False,135.98,"[2048, 2048, 2048, 2048, 2048, 2048, 2048]","[2048, 2048, 2048, 2048, 2048, 2048, 2048, 2048]","[2048, 2048, 2048, 2048, 2048, 2048]",207.0
1211,9095,16,27,2023-06-02T12:30:53.275000+00:00,24.127,33.235,42.133,270.0,193,False,99.495,"[None, 2048, 2048, 2048, 2048, 2048, 2048]","[2048, 2048, 2048, 2048, 2048, 2048, 2048, 2048]","[2048, 2048, 2048, 2048, 2048, 2048]",305.0
1211,9095,18,24,2023-06-02T12:31:01.884000+00:00,25.084,33.664,49.711,223.0,208,False,108.459,"[None, 2048, 2048, 2048, 2048, 2048, 2048]","[2048, 2048, 2048, 2048, 2048, 2048, 2048, 2048]","[2048, 2048, 2048, 2048, 2048]",303.0
1211,9095,10,26,2023-06-02T12:31:06.352000+00:00,27.343,38.246,48.593,198.0,206,False,114.182,"[None, 2048, 2048, 2048, 2048, 2048, 2048]","[2048, 2048, 2048, 2048, 2048, 2048, 2048, 2048]","[2048, 2048, 2048, 2048, 2048, 2048]",293.0
1211,9095,77,23,2023-06-02T12:31:08.540000+00:00,27.848,44.645,49.475,175.0,143,False,121.968,"[None, 2048, 2048, 2048, 2048, 2048, 2048]","[2048, 2048, 2048, 2048, 2048, 2048, 2048, 2048]","[2048, 2048, 2048, 2048, 2048]",293.0
1211,9095,2,29,2023-06-02T12:31:13.805000+00:00,29.816,39.228,46.655,223.0,175,False,115.699,"[None, 2048, 2048, 2048, 2048, 2048, 2048]","[2048, 2048, 2048, 2048, 2048, 2048, 2048, 2048]","[2048, 2048, 2048, 2048, 2048, 2048]",302.0
1211,9095,4,24,2023-06-02T12:31:13.930000+00:00,33.036,36.688,54.339,212.0,166,False,124.063,"[None, 2048, 2048, 2048, 2048, 2048, 2048]","[2048, 2048, 2048, 2048, 2048, 2048, 2048, 2048]","[2048, 2048, 2048, 2048, 2048]",216.0
1211,9095,1,31,2023-06-02T12:31:17.352000+00:00,39.89,58.808,50.96,111.0,126,False,149.658,"[None, 2048, 2048, 2048, 2048, 2048, 2048]","[2048, 2048, 2048, 2048, 2048, 2048, 2048, 2048]","[2048, 2048, 2048, 2048, 2048, 2048]",170.0
1211,9095,27,27,2023-06-02T12:31:20.196000+00:00,35.47,36.948,44.488,181.0,237,False,116.906,"[None, 2048, 2048, 2048, 2048, 2048, 2048]","[2048, 2048, 2048, 2048, 2048, 2048, 2048, 2048]","[2048, 2048, 2048, 2048, 2048, 2048]",143.0
1211,9095,63,31,2023-06-02T12:31:35.789000+00:00,31.336,41.74,61.048,165.0,207,False,134.124,"[2048, 2048, 2048, 2048, 2048, 2048, 2048]","[2048, 2048, 2048, 2048, 2048, 2048, 2048, 2048]","[2048, 2048, 2048, 2048, 2048, 2048]",235.0
1211,9095,44,29,2023-06-02T12:31:48.539000+00:00,53.49,36.34,30.23,241.0,205,False,120.06,"[None, 2048, 2048, 2048, 2048, 2048, 2048]","[2048, 2048, 2048, 2048, 2048, 2048, 2048, 2048]","[2048, 2048, 2048, 2048, 2064, 2064]",274.0
1211,9095,14,24,2023-06-02T12:31:53.789000+00:00,54.677,38.748,28.965,271.0,235,False,122.39,"[None, 2048, 2048, 2048, 2048, 2048, 2048]","[2048, 2048, 2048, 2048, 2048, 2048, 2048, 2048]","[2048, 2048, 2048, 2048, 2064, 2064]",285.0
1211,9095,24,24,2023-06-02T12:31:53.977000+00:00,51.891,35.645,31.595,221.0,203,False,119.131,"[None, 2048, 2048, 2048, 2048, 2048, 2048]","[2048, 2048, 2048, 2048, 2048, 2048, 2048, 2048]","[2048, 2048, 2048, 2048, 2064, 2064]",267.0
1211,9095,22,27,2023-06-02T12:32:01.117000+00:00,53.414,34.042,31.527,255.0,225,False,118.983,"[None, 2048, 2048, 2048, 2048, 2048, 2048]","[2048, 2048, 2048, 2048, 2048, 2048, 2048, 2048]","[2048, 2048, 2048, 2048, 2064, 2064]",280.0
1211,9095,55,27,2023-06-02T12:32:04.289000+00:00,69.637,32.316,27.718,261.0,271,False,129.671,"[None, 2048, 2048, 2048, 2048, 2048, 2048]","[2048, 2048, 2048, 2048, 2048, 2048, 2048, 2048]","[2048, 2048, 2048, 2048, 2064, 2064]",277.0
1211,9095,23,28,2023-06-02T12:32:09.320000+00:00,52.268,33.985,29.255,244.0,247,False,115.508,"[None, 2048, 2048, 2048, 2048, 2048, 2048]","[2048, 2048, 2048, 2048, 2048, 2048, 2048, 2048]","[2048, 2048, 2048, 2048, 2064, 2064]",276.0
1211,9095,21,27,2023-06-02T12:32:16.148000+00:00,63.729,32.29,29.26,274.0,237,False,125.279,"[None, 2048, 2048, 2048, 2048, 2048, 2048]","[2048, 2048, 2048, 2048, 2048, 2048, 2048, 2048]","[2048, 2048, 2048, 2048, 2064, 2064]",279.0
1211,9095,81,26,2023-06-02T12:32:24.679000+00:00,69.135,34.607,28.713,196.0,236,False,132.455,"[None, 2048, 2048, 2048, 2048, 2048, 2048]","[2048, 2048, 2048, 2048, 2048, 2048, 2048, 2048]","[2048, 2048, 2048, 2048, 2064, 2064]",277.0
1211,9095,16,28,2023-06-02T12:32:32.726000+00:00,51.964,35.877,33.631,255.0,192,False,121.472,"[None, 2048, 2048, 2048, 2048, 2048, 2048]","[2048, 2048, 2048, 2048, 2048, 2048, 2048, 2048]","[2048, 2048, 2048, 2048, 2064, 2064]",277.0
1211,9095,31,28,2023-06-02T12:32:47.382000+00:00,54.299,32.342,27.971,244.0,276,False,114.612,"[None, 2048, 2048, 2048, 2048, 2048, 2048]","[2048, 2048, 2048, 2048, 2048, 2048, 2048, 2048]","[2048, 2048, 2048, 2048, 2064, 2064]",282.0
1211,9095,20,22,2023-06-02T12:32:50.194000+00:00,51.639,34.598,29.14,239.0,260,False,115.377,"[None, 2048, 2048, 2048, 2048, 2048, 2048]","[2048, 2048, 2048, 2048, 2048, 2048, 2048, 2048]","[2048, 2048, 2048, 2048, 2064, 2064]",291.0
1211,9095,18,25,2023-06-02T12:32:50.382000+00:00,50.573,36.179,32.387,238.0,183,False,119.139,"[None, 2048, 2048, 2048, 2048, 2048, 2048]","[2048, 2048, 2048, 2048, 2048, 2048, 2048, 2048]","[2048, 2048, 2048, 2048, 2064, 2064]",288.0
1211,9095,10,27,2023-06-02T12:33:00.522000+00:00,52.326,32.298,30.214,268.0,277,False,114.838,"[None, 2048, 2048, 2048, 2048, 2048, 2048]","[2048, 2048, 2048, 2048, 2048, 2048, 2048, 2048]","[2048, 2048, 2048, 2048, 2064, 2064]",285.0
1211,9095,11,32,2023-06-02T12:33:07.397000+00:00,52.13,33.06,28.756,249.0,248,False,113.946,"[None, 2048, 2048, 2048, 2048, 2048, 2048]","[2048, 2048, 2048, 2048, 2048, 2048, 2048, 2048]","[2048, 2048, 2048, 2048, 2064, 2064]",280.0
1211,9095,2,30,2023-06-02T12:33:09.819000+00:00,56.238,38.608,38.58,197.0,156,False,133.426,"[None, 2048, 2048, 2048, 2048, 2048, 2048]","[2048, 2048, 2048, 2048, 2048, 2048, 2048, 2048]","[2048, 2048, 2048, 2048, 2064, 2064]",229.0
1211,9095,77,24,2023-06-02T12:33:10.522000+00:00,49.683,38.405,29.349,236.0,215,False,117.437,"[None, 2048, 2048, 2048, 2048, 2048, 2048]","[2048, 2048, 2048, 2048, 2048, 2048, 2048, 2048]","[2048, 2048, 2048, 2048, 2064, 2064]",277.0
1211,9095,27,28,2023-06-02T12:33:17.350000+00:00,49.529,37.227,36.248,200.0,184,False,123.004,"[None, 2048, 2048, 2048, 2048, 2048, 2048]","[2048, 2048, 2048, 2048, 2048, 2048, 2048, 2048]","[2048, 2048, 2048, 2048, 2064, 2064]",262.0
1211,9095,4,25,2023-06-02T12:33:18.100000+00:00,52.256,36.373,37.803,191.0,196,False,126.432,"[None, 2048, 2048, 2048, 2048, 2048, 2048]","[2048, 2048, 2048, 2048, 2048, 2048, 2048, 2048]","[2048, 2048, 2048, 2048, 2064, 2064]",282.0
1211,9095,1,32,2023-06-02T12:33:47.131000+00:00,51.915,33.416,28.424,226.0,246,False,113.755,"[None, 2048, 2048, 2048, 2048, 2048, 2048]","[2048, 2048, 2048, 2048, 2048, 2048, 2048, 2048]","[2048, 2048, 2048, 2048, 2064, 2064]",274.0
1211,9095,63,32,2023-06-02T12:33:50.209000+00:00,28.181,35.753,31.266,258.0,104,False,95.2,"[None, 2048, 2048, 2048, 2048, 2048, 2048]","[2048, 2048, 2048, 2048, 2048, 2048, 2048, 2048]","[2048, 2048, 2048, 2048, 2064, 2064]",284.0
