meeting_key,session_key,driver_number,lap_number,date_start,duration_sector_1,duration_sector_2,duration_sector_3,i1_speed,i2_speed,is_pit_out_lap,lap_duration,segments_sector_1,segments_sector_2,segments_sector_3,st_speed
1211,9096,14,1,,,35.314,27.863,247.0,189,True,,"[2064, 2064, 2049, 2049, 2049, 2051, 2049]","[2049, 2049, 2049, 2049, 2049, 2049, 2049, 2049]","[2049, 2049, 2049, 2049, 2049]",209.0
1211,9096,21,1,2023-06-02T15:00:06.436000+00:00,,34.681,25.867,248.0,262,True,,"[2064, 2064, 2049, 2049, 2049, 2049, 2049]","[2049, 2049, 2051, 2051, 2051, 2049, 2051, 2051]","[2051, 2051, 2051, 2051, 2051]",212.0
1211,9096,77,1,2023-06-02T15:00:28.857000+00:00,,39.782,25.464,217.0,194,True,,"[2064, 2064, 2049, 2049, 2049, 2049, 2049]","[2049, 2049, 2049, 2049, 2049, 2049, 2049, 2049]","[2051, 2049, 2049, 2051, 2051, 2051]",217.0
1211,9096,24,1,2023-06-02T15:00:33.920000+00:00,,39.527,27.222,201.0,196,True,,"[2064, 2064, 2049, 2049, 2049, 2049, 2049]","[2049, 2049, 2049, 2049, 2049, 2049, 2049, 2049]","[2049, 2049, 2049, 2049, 2049, 2049]",222.0
1211,9096,31,1,2023-06-02T15:00:35.810000+00:00,,40.37,32.216,196.0,257,True,,"[2064, 2064, 2049, 2049, 2049, 2049, 2049]","[2049, 2049, 2049, 2049, 2049, 2049, 2049, 2049]","[2049, 2049, 2049, 2049, 2049]",189.0
1211,9096,22,1,2023-06-02T15:00:41.107000+00:00,,34.679,35.042,226.0,159,True,,"[2064, 2064, 2049, 2049, 2049, 2049, 2049]","[2049, 2049, 2049, 2049, 2049, 2049, 2051, 2049]","[2049, 2049, 2049, 2049, 2049]",159.0
1211,9096,81,1,2023-06-02T15:00:43.717000+00:00,,36.184,24.829,224.0,241,True,,"[2064, 2064, 2049, 2049, 2049, 2049, 2049]","[2049, 2049, 2049, 2049, 2049, 2049, 2049, 2049]","[2051, 2049, 2051, 2051, 2051]",231.0
1211,9096,44,1,2023-06-02T15:00:53.029000+00:00,,37.916,29.092,237.0,136,True,,"[2064, 2064, 2049, 2049, 2049, 2049, 2049]","[2049, 2049, 2049, 2049, 2049, 2049, 2049, 2049]","[2049, 2049, 2049, 2049, 2049, 2049]",237.0
1211,9096,2,1,2023-06-02T15:00:59.154000+00:00,,38.177,39.756,216.0,254,True,,"[2064, 2064, 2049, 2049, 2049, 2049, 2049]","[2049, 2049, 2049, 2049, 2049, 2049, 2049, 2049]","[2049, 2049, 2049, 2049, 2049, 2049]",210.0
1211,9096,11,1,2023-06-02T15:01:02.279000+00:00,,39.554,46.918,211.0,191,True,,"[2064, 2064, 2049, 2049, 2049, 2049, 2049]","[2049, 2049, 2049, 2049, 2049, 2049, 2049, 2049]","[2049, 2049, 2049, 2049, 2049, 2049]",212.0
1211,9096,10,1,2023-06-02T15:01:03.279000+00:00,,35.111,28.652,202.0,240,True,,"[2064, 2064, 2049, 2049, 2049, 2049, 2049]","[2049, 2049, 2049, 2049, 2049, 2049, 2049, 2049]","[2049, 2049, 2049, 2049, 2049, 2049]",217.0
1211,9096,4,1,2023-06-02T15:01:10.685000+00:00,,38.414,40.16,187.0,239,True,,"[2064, 2064, 2049, 2049, 2049, 2049, 2049]","[2049, 2049, 2049, 2049, 2049, 2049, 2049, 2049]","[2049, 2049, 2049, 2049, 2049, 2049]",238.0
1211,9096,20,1,2023-06-02T15:01:12.404000+00:00,,37.824,35.682,209.0,108,True,,"[2064, 2064, 2049, 2049, 2049, 2049, 2049]","[2049, 2049, 2049, 2049, 2049, 2049, 2049, 2049]","[2049, 2049, 2049, 2049, 2049]",225.0
1211,9096,23,1,2023-06-02T15:01:14.701000+00:00,,39.962,32.907,230.0,108,True,,"[2064, 2064, 2049, 2049, 2049, 2049, 2049]","[2049, 2049, 2049, 2049, 2049, 2049, 2049, 2049]","[2049, 2049, 2049, 2049, 2049, 2049]",228.0
1211,9096,1,1,2023-06-02T15:01:16.279000+00:00,,42.643,37.469,235.0,240,True,,"[2064, 2064, 2049, 2049, 2049, 2049, 2049]","[2049, 2049, 2049, 2049, 2049, 2049, 2049, 2049]","[2049, 2049, 2049, 2049, 2049, 2049]",203.0
1211,9096,55,1,2023-06-02T15:01:17.279000+00:00,,39.069,41.753,202.0,192,True,,"[2064, 2064, 2049, 2049, 2049, 2049, 2049]","[2049, 2049, 2049, 2049, 2049, 2049, 2049, 2049]","[2049, 2049, 2049, 2049, 2049, 2049]",191.0
1211,9096,18,1,2023-06-02T15:01:23.935000+00:00,,41.752,47.484,231.0,169,True,,"[2064, 2064, 2049, 2049, 2049, 2049, 2049]","[2049, 2049, 2049, 2049, 2049, 2049, 2049, 2049]","[2049, 2049, 2049, 2049, 2049, 2049]",230.0
1211,9096,16,1,2023-06-02T15:01:33.935000+00:00,,39.906,40.737,203.0,196,True,,"[2064, 2064, 2049, 2049, 2049, 2049, 2049]","[2049, 2049, 2049, 2049, 2049, 2049, 2049, 2049]","[2049, 2049, 2049, 2049, 2049]",197.0
1211,9096,27,1,2023-06-02T15:01:34.903000+00:00,,47.991,34.726,200.0,115,True,,"[2064, 2064, 2049, 2049, 2049, 2049, 2049]","[2049, 2049, 2049, 2049, 2049, 2049, 2049, 2049]","[2049, 2049, 2049, 2049, 2049, 2049]",202.0
1211,9096,21,2,2023-06-02T15:01:35.700000+00:00,23.269,31.16,23.39,280.0,290,False,77.819,"[2049, 2049, 2049, 2049, 2049, 2049, 2049]","[2049, 2049, 2049, 2049, 2049, 2049, 2049, 2051]","[2051, 2051, 2051, 2051, 2051]",311.0
1211,9096,63,1,2023-06-02T15:01:51.888000+00:00,,33.927,24.524,230.0,269,True,,"[2064, 2064, 2049, 2049, 2049, 2049, 2049]","[2049, 2049, 2049, 2049, 2049, 2049, 2049, 2049]","[2049, 2049, 2049, 2049, 2049]",234.0
1211,9096,14,2,2023-06-02T15:01:55.310000+00:00,23.691,30.908,23.194,275.0,282,False,77.793,"[2049, 2049, 2049, 2049, 2049, 2049, 2049]","[2049, 2049, 2049, 2049, 2049, 2049, 2049, 2049]","[2049, 2049, 2049, 2051, 2051]",292.0
1211,9096,77,2,2023-06-02T15:02:02.528000+00:00,22.69,30.523,23.629,276.0,294,False,76.842,"[2049, 2049, 2049, 2051, 2049, 2051, 2049]","[2051, 2049, 2051, 2049, 2051, 2049, 2049, 2049]","[2051, 2051, 2049, 2049, 2048]",311.0
1211,9096,24,2,2023-06-02T15:02:11.387000+00:00,23.195,31.042,23.359,275.0,286,False,77.596,"[2049, 2049, 2049, 2049, 2049, 2049, 2049]","[2049, 2049, 2049, 2049, 2049, 2049, 2049, 2049]","[2049, 2049, 2049, 2049, 2049, 2049]",313.0
1211,9096,31,2,2023-06-02T15:02:21.372000+00:00,22.944,30.53,22.829,281.0,297,False,76.303,"[2049, 2049, 2049, 2049, 2049, 2049, 2049]","[2049, 2049, 2049, 2051, 2049, 2051, 2051, 2051]","[2049, 2049, 2049, 2051, 2051]",317.0
1211,9096,22,2,2023-06-02T15:02:27.028000+00:00,22.923,30.955,23.204,282.0,296,False,77.082,"[2049, 2049, 2049, 2049, 2049, 2049, 2049]","[2049, 2049, 2049, 2049, 2049, 2049, 2049, 2049]","[2049, 2049, 2049, 2049, 2049]",314.0
1211,9096,81,2,2023-06-02T15:02:29.778000+00:00,22.99,30.991,23.075,277.0,292,False,77.056,"[2049, 2049, 2049, 2049, 2049, 2049, 2049]","[2049, 2049, 2049, 2049, 2049, 2049, 2049, 2049]","[2049, 2049, 2049, 2049, 2051]",317.0
1211,9096,10,2,2023-06-02T15:02:34.762000+00:00,22.903,30.693,23.061,284.0,295,False,76.657,"[2049, 2049, 2049, 2049, 2049, 2049, 2049]","[2049, 2049, 2049, 2049, 2049, 2049, 2049, 2049]","[2049, 2049, 2049, 2049, 2049]",322.0
1211,9096,44,2,2023-06-02T15:02:42.653000+00:00,23.128,37.17,28.983,282.0,144,False,89.281,"[2049, 2049, 2049, 2049, 2049, 2049, 2049]","[2049, 2049, 2048, 2048, 2048, 2048, 2048, 2049]","[2048, 2048, 2049, 2049, 2048]",318.0
1211,9096,2,2,2023-06-02T15:02:48.668000+00:00,23.363,31.403,23.329,278.0,270,False,78.095,"[2049, 2049, 2049, 2049, 2049, 2049, 2049]","[2049, 2049, 2049, 2049, 2049, 2049, 2049, 2049]","[2049, 2049, 2049, 2049, 2049]",317.0
1211,9096,20,2,2023-06-02T15:02:52.887000+00:00,22.637,30.695,23.201,283.0,296,False,76.533,"[2049, 2049, 2049, 2049, 2049, 2049, 2049]","[2049, 2049, 2049, 2049, 2049, 2049, 2049, 2049]","[2049, 2049, 2049, 2051, 2049]",322.0
1211,9096,21,3,2023-06-02T15:02:53.481000+00:00,25.885,39.942,26.925,209.0,250,False,92.752,"[2049, 2049, 2048, 2048, 2048, 2048, 2048]","[2048, 2048, 2048, 2048, 2048, 2048, 2048, 2048]","[2048, 2048, 2048, 2048, 2048]",316.0
1211,9096,23,2,2023-06-02T15:02:55.949000+00:00,22.728,30.805,23.225,275.0,286,False,76.758,"[2049, 2049, 2049, 2049, 2049, 2049, 2049]","[2049, 2049, 2049, 2049, 2049, 2049, 2049, 2049]","[2049, 2049, 2051, 2049, 2049]",323.0
1211,9096,1,2,2023-06-02T15:03:04.106000+00:00,22.477,30.33,22.848,283.0,293,False,75.655,"[2049, 2049, 2049, 2049, 2049, 2049, 2049]","[2049, 2049, 2049, 2049, 2049, 2049, 2049, 2049]","[2049, 2049, 2049, 2049, 2049]",323.0
1211,9096,55,2,2023-06-02T15:03:09.184000+00:00,22.281,29.98,22.738,283.0,299,False,74.999,"[2049, 2049, 2051, 2051, 2051, 2051, 2051]","[2049, 2051, 2051, 2051, 2051, 2051, 2049, 2049]","[2051, 2049, 2049, 2049, 2049]",321.0
1211,9096,14,3,2023-06-02T15:03:12.996000+00:00,23.252,30.85,23.143,,278,False,77.245,"[None, 2049, 2049, 2049, 2048, 2049, 2049]","[2049, 2048, 2048, 2048, 2049, 2048, 2049, 2048]","[2049, 2049, 2048, 2048, 2048]",299.0
1211,9096,11,2,2023-06-02T15:03:14.590000+00:00,22.927,40.571,32.569,282.0,182,False,96.067,"[2049, 2049, 2049, 2049, 2049, 2049, 2049]","[2049, 2049, 2049, 2049, 2048, 2048, 2048, 2048]","[2049, 2049, 2049, 2049, 2048, 2048]",326.0
1211,9096,18,2,2023-06-02T15:03:19.152000+00:00,24.087,31.695,23.845,267.0,278,False,79.627,"[2049, 2049, 2049, 2049, 2049, 2049, 2049]","[2049, 2049, 2049, 2049, 2049, 2049, 2049, 2049]","[2049, 2049, 2049, 2049, 2049, 2049]",295.0
1211,9096,77,3,2023-06-02T15:03:19.184000+00:00,47.308,43.129,30.255,187.0,205,False,120.692,"[2048, 2048, 2048, 2048, 2048, 2048, 2048]","[2048, 2048, 2048, 2048, 2048, 2048, 2048, 2048]","[2048, 2048, 2048, 2048, 2049, 2049]",128.0
1211,9096,4,2,2023-06-02T15:03:22.465000+00:00,22.817,30.55,23.227,277.0,291,False,76.594,"[2049, 2049, 2049, 2049, 2049, 2049, 2049]","[2049, 2049, 2049, 2049, 2049, 2049, 2049, 2049]","[2049, 2049, 2049, 2049, 2049]",317.0
1211,9096,16,2,2023-06-02T15:03:27.433000+00:00,22.751,30.214,22.635,282.0,298,False,75.6,"[2049, 2049, 2049, 2049, 2049, 2049, 2049]","[2051, 2049, 2049, 2049, 2049, 2049, 2049, 2049]","[2051, 2049, 2051, 2051, 2049]",318.0
1211,9096,24,3,2023-06-02T15:03:28.933000+00:00,35.953,42.078,27.866,176.0,193,False,105.897,"[2048, 2048, 2048, 2048, 2048, 2048, 2048]","[2048, 2048, 2048, 2048, 2048, 2048, 2048, 2048]","[2048, 2048, 2048, 2048, 2048]",184.0
1211,9096,27,2,2023-06-02T15:03:30.152000+00:00,22.628,30.622,23.145,278.0,294,False,76.395,"[2049, 2051, 2049, 2049, 2049, 2049, 2049]","[2049, 2049, 2049, 2049, 2049, 2049, 2051, 2051]","[2049, 2049, 2049, 2049, 2049]",327.0
1211,9096,63,2,2023-06-02T15:03:34.574000+00:00,23.047,31.223,23.461,276.0,293,False,77.731,"[2049, 2049, 2049, 2049, 2049, 2049, 2049]","[2049, 2049, 2049, 2049, 2049, 2049, 2049, 2049]","[2049, 2049, 2049, 2049, 2049]",316.0
1211,9096,31,3,2023-06-02T15:03:37.621000+00:00,35.977,53.43,35.287,119.0,198,False,124.694,"[None, 2048, 2048, 2048, 2048, 2048, 2048]","[2048, 2048, 2048, 2048, 2048, 2048, 2048, 2048]","[2048, 2048, 2048, 2048, 2048, 2048]",306.0
1211,9096,22,3,2023-06-02T15:03:44.043000+00:00,32.547,46.392,32.075,128.0,219,False,111.014,"[None, 2048, 2048, 2048, 2048, 2048, 2048]","[2048, 2048, 2048, 2048, 2048, 2048, 2048, 2048]","[2048, 2048, 2048, 2048, 2048, 2048]",303.0
1211,9096,81,3,2023-06-02T15:03:46.746000+00:00,32.538,52.1,39.685,146.0,216,False,124.323,"[2048, 2048, 2048, 2048, 2048, 2048, 2048]","[2048, 2048, 2048, 2048, 2048, 2048, 2048, 2048]","[2048, 2048, 2048, 2048, 2048, 2048]",293.0
1211,9096,10,3,2023-06-02T15:03:51.324000+00:00,31.618,45.775,37.818,183.0,224,False,115.211,"[None, 2048, 2048, 2048, 2048, 2048, 2048]","[2048, 2048, 2048, 2048, 2048, 2048, 2048, 2048]","[2048, 2048, 2048, 2048, 2048, 2048]",307.0
1211,9096,2,3,2023-06-02T15:04:06.714000+00:00,29.483,45.098,39.23,214.0,236,False,113.811,"[None, 2048, 2048, 2048, 2048, 2048, 2048]","[2048, 2048, 2048, 2048, 2048, 2048, 2048, 2048]","[2048, 2048, 2048, 2048, 2048, 2048]",304.0
1211,9096,20,3,2023-06-02T15:04:09.355000+00:00,34.726,46.846,37.014,162.0,238,False,118.586,"[2048, 2048, 2048, 2048, 2048, 2048, 2048]","[2048, 2048, 2048, 2048, 2048, 2048, 2048, 2048]","[2048, 2048, 2048, 2048, 2048, 2048]",211.0
1211,9096,44,3,2023-06-02T15:04:11.855000+00:00,22.785,31.132,23.328,284.0,301,False,77.245,"[None, 2049, 2049, 2049, 2049, 2049, 2049]","[2049, 2049, 2049, 2049, 2049, 2049, 2049, 2049]","[2049, 2049, 2049, 2049, 2049, 2049]",323.0
1211,9096,23,3,2023-06-02T15:04:12.652000+00:00,33.452,50.005,32.753,206.0,217,False,116.21,"[2051, 2048, 2048, 2048, 2048, 2048, 2048]","[2048, 2048, 2048, 2048, 2048, 2048, 2048, 2048]","[2048, 2048, 2048, 2048, 2048, 2048]",267.0
1211,9096,1,3,2023-06-02T15:04:19.698000+00:00,39.092,55.848,30.538,139.0,152,False,125.478,"[2048, 2048, 2048, 2048, 2048, 2048, 2048]","[2048, 2048, 2048, 2048, 2048, 2048, 2048, 2048]","[2048, 2048, 2048, 2048, 2048, 2048]",190.0
1211,9096,55,3,2023-06-02T15:04:24.089000+00:00,41.192,53.339,42.2,160.0,136,False,136.731,"[2048, 2048, 2048, 2048, 2048, 2048, 2048]","[2048, 2048, 2048, 2048, 2048, 2048, 2048, 2048]","[2048, 2048, 2048, 2048, 2064, 2064]",121.0
1211,9096,21,4,2023-06-02T15:04:26.292000+00:00,22.659,30.78,23.227,284.0,299,False,76.666,"[2048, 2049, 2049, 2049, 2049, 2049, 2049]","[2049, 2049, 2049, 2049, 2049, 2049, 2049, 2049]","[2049, 2048, 2048, 2049, 2049]",320.0
1211,9096,14,4,2023-06-02T15:04:30.276000+00:00,23.192,30.909,23.263,276.0,283,False,77.364,"[None, 2049, 2049, 2048, 2048, 2049, 2049]","[2048, 2048, 2048, 2048, 2048, 2049, 2049, 2049]","[2048, 2048, 2049, 2049, 2051, 2049]",301.0
1211,9096,18,3,2023-06-02T15:04:38.636000+00:00,23.884,31.408,23.781,276.0,284,False,79.073,"[None, 2049, 2049, 2049, 2049, 2049, 2049]","[2049, 2048, 2048, 2049, 2049, 2049, 2049, 2049]","[2049, 2048, 2048, 2049, 2049]",
1211,9096,4,3,2023-06-02T15:04:38.948000+00:00,43.973,56.679,34.271,114.0,113,False,134.923,"[2048, 2048, 2048, 2048, 2048, 2048, 2048]","[2048, 2048, 2048, 2048, 2048, 2048, 2048, 2048]","[2048, 2048, 2048, 2048, 2048, 2048]",183.0
1211,9096,16,3,2023-06-02T15:04:42.979000+00:00,42.737,56.373,38.578,133.0,132,False,137.688,"[None, 2048, 2048, 2048, 2048, 2048, 2048]","[2048, 2048, 2048, 2048, 2048, 2048, 2048, 2048]","[2048, 2048, 2048, 2048, 2064, 2064]",209.0
1211,9096,27,3,2023-06-02T15:04:46.495000+00:00,39.976,42.191,31.738,145.0,155,False,113.905,"[2048, 2048, 2048, 2048, 2048, 2048, 2048]","[2048, 2048, 2048, 2048, 2048, 2048, 2048, 2048]","[2048, 2048, 2048, 2048, 2048, 2048]",151.0
1211,9096,11,3,2023-06-02T15:04:50.620000+00:00,30.379,49.371,36.34,161.0,95,False,116.09,"[2048, 2048, 2048, 2048, 2048, 2048, 2048]","[2048, 2048, 2048, 2048, 2048, 2048, 2048, 2048]","[2048, 2048, 2049, 2048, 2049, 2049]",277.0
1211,9096,63,3,2023-06-02T15:04:52.245000+00:00,30.04,39.361,27.81,153.0,217,False,97.211,"[2048, 2048, 2048, 2048, 2048, 2048, 2048]","[2048, 2048, 2048, 2048, 2048, 2048, 2048, 2048]","[2048, 2048, 2048, 2048, 2048, 2048]",300.0
1211,9096,24,4,2023-06-02T15:05:14.917000+00:00,22.74,30.721,23.12,280.0,291,False,76.581,"[2049, 2049, 2049, 2049, 2049, 2049, 2049]","[2049, 2049, 2049, 2049, 2048, 2049, 2049, 2049]","[2049, 2049, 2048, 2049, 2049, 2049]",315.0
1211,9096,77,4,2023-06-02T15:05:19.917000+00:00,22.656,30.769,22.978,276.0,295,False,76.403,"[2049, 2049, 2048, 2048, 2048, 2048, 2049]","[2048, 2049, 2048, 2049, 2048, 2048, 2048, 2048]","[2049, 2048, 2049, 2049, 2049]",314.0
1211,9096,44,4,2023-06-02T15:05:29.135000+00:00,35.129,60.156,31.671,124.0,193,False,126.956,"[2048, 2048, 2048, 2048, 2048, 2048, 2048]","[2048, 2048, 2048, 2048, 2048, 2048, 2048, 2048]","[2048, 2048, 2048, 2048, 2048, 2048]",207.0
1211,9096,22,4,2023-06-02T15:05:35.135000+00:00,22.616,30.668,23.263,284.0,299,False,76.547,"[None, 2049, 2049, 2049, 2049, 2049, 2049]","[2049, 2049, 2049, 2049, 2049, 2049, 2049, 2049]","[2048, 2048, 2048, 2049, 2049]",319.0
1211,9096,31,4,2023-06-02T15:05:42.494000+00:00,22.619,30.545,22.835,286.0,299,False,75.999,"[2048, 2049, 2049, 2049, 2049, 2049, 2051]","[2049, 2048, 2049, 2049, 2048, 2051, 2048, 2048]","[2049, 2048, 2048, 2049, 2051, 2051]",323.0
1211,9096,21,5,2023-06-02T15:05:42.869000+00:00,28.512,43.022,27.053,132.0,232,False,98.587,"[2049, 2048, 2048, 2048, 2048, 2048, 2048]","[2048, 2048, 2048, 2048, 2048, 2048, 2048, 2048]","[2048, 2048, 2048, 2048, 2048, 2048]",315.0
1211,9096,10,4,2023-06-02T15:05:46.635000+00:00,22.652,30.731,23.239,285.0,294,False,76.622,"[None, 2049, 2049, 2049, 2048, 2049, 2049]","[2048, 2049, 2048, 2048, 2048, 2049, 2048, 2048]","[2048, 2048, 2048, 2048, 2049]",327.0
1211,9096,14,5,2023-06-02T15:05:47.760000+00:00,23.007,31.603,23.497,,283,False,78.107,"[None, 2049, 2049, 2048, 2049, 2049, 2049]","[2048, 2048, 2048, 2049, 2048, 2048, 2048, 2048]","[2048, 2048, 2048, 2048, 2048, 2048]",308.0
1211,9096,81,4,2023-06-02T15:05:51.151000+00:00,22.703,31.094,23.235,280.0,294,False,77.032,"[2049, 2049, 2049, 2049, 2049, 2049, 2049]","[2049, 2048, 2048, 2048, 2048, 2049, 2049, 2049]","[2048, 2048, 2048, 2048, 2049, 2049]",320.0
1211,9096,18,4,2023-06-02T15:05:57.682000+00:00,23.594,31.617,23.766,279.0,284,False,78.977,"[None, 2049, 2049, 2049, 2049, 2049, 2049]","[2049, 2049, 2048, 2048, 2048, 2048, 2048, 2048]","[2049, 2048, 2048, 2048, 2049, 2049]",299.0
1211,9096,2,4,2023-06-02T15:06:00.572000+00:00,26.495,42.466,28.911,239.0,248,False,97.872,"[None, 2049, 2049, 2048, 2048, 2048, 2048]","[2048, 2048, 2048, 2048, 2048, 2048, 2048, 2048]","[2048, 2048, 2048, 2048, 2048, 2048]",325.0
1211,9096,20,4,2023-06-02T15:06:07.963000+00:00,39.429,48.336,25.746,69.0,223,False,113.511,"[None, 2048, 2048, 2048, 2048, 2048, 2048]","[2048, 2048, 2048, 2048, 2048, 2048, 2048, 2048]","[2048, 2048, 2048, 2048, 2048, 2048]",248.0
1211,9096,23,4,2023-06-02T15:06:08.932000+00:00,22.552,30.748,23.116,281.0,299,False,76.416,"[2048, 2049, 2049, 2049, 2049, 2049, 2049]","[2049, 2049, 2048, 2049, 2048, 2048, 2048, 2049]","[2049, 2048, 2048, 2051, 2049]",324.0
1211,9096,1,4,2023-06-02T15:06:25.244000+00:00,22.35,30.467,22.901,285.0,303,False,75.718,"[2049, 2049, 2051, 2049, 2049, 2049, 2049]","[2049, 2048, 2048, 2048, 2048, 2049, 2048, 2049]","[2049, 2048, 2048, 2049, 2049, 2049]",324.0
1211,9096,63,4,2023-06-02T15:06:29.525000+00:00,22.847,32.584,28.475,277.0,239,False,83.906,"[2049, 2049, 2049, 2049, 2049, 2049, 2049]","[2049, 2048, 2048, 2048, 2048, 2048, 2048, 2048]","[2048, 2048, 2048, 2048, 2064, 2064]",315.0
1211,9096,24,5,2023-06-02T15:06:31.431000+00:00,39.52,51.691,28.6,144.0,180,False,119.811,"[2048, 2048, 2048, 2048, 2048, 2048, 2048]","[2048, 2048, 2048, 2048, 2048, 2048, 2048, 2048]","[2048, 2048, 2048, 2048, 2048, 2048]",161.0
1211,9096,77,5,2023-06-02T15:06:36.291000+00:00,39.711,49.197,35.634,49.0,186,False,124.542,"[2048, 2048, 2048, 2048, 2048, 2048, 2048]","[2048, 2048, 2048, 2048, 2048, 2048, 2048, 2048]","[2048, 2048, 2048, 2048, 2048, 2048]",143.0
1211,9096,27,4,2023-06-02T15:06:40.447000+00:00,22.617,30.684,22.851,282.0,300,False,76.152,"[None, 2048, 2048, 2049, 2049, 2049, 2049]","[2049, 2049, 2048, 2049, 2048, 2049, 2048, 2048]","[2049, 2049, 2048, 2049, 2049]",323.0
1211,9096,11,4,2023-06-02T15:06:46.728000+00:00,22.74,31.065,23.177,284.0,297,False,76.982,"[2049, 2048, 2048, 2049, 2049, 2049, 2048]","[2051, 2048, 2049, 2049, 2049, 2049, 2049, 2049]","[2049, 2049, 2049, 2049, 2049, 2049]",324.0
1211,9096,22,5,2023-06-02T15:06:51.587000+00:00,36.461,48.092,32.063,75.0,221,False,116.616,"[2048, 2048, 2048, 2048, 2048, 2048, 2048]","[2048, 2048, 2048, 2048, 2048, 2048, 2048, 2048]","[2048, 2048, 2048, 2048, 2048, 2048]",195.0
1211,9096,4,4,2023-06-02T15:06:53.978000+00:00,22.449,30.575,22.902,280.0,300,False,75.926,"[2049, 2049, 2049, 2049, 2049, 2049, 2049]","[2049, 2048, 2048, 2049, 2048, 2048, 2048, 2049]","[2049, 2049, 2048, 2049, 2049, 2049]",320.0
1211,9096,31,5,2023-06-02T15:06:58.556000+00:00,33.957,57.002,28.879,131.0,186,False,119.838,"[2049, 2048, 2048, 2048, 2048, 2048, 2048]","[2048, 2048, 2048, 2048, 2048, 2048, 2048, 2048]","[2048, 2048, 2048, 2048, 2048, 2048]",305.0
1211,9096,55,4,2023-06-02T15:06:59.884000+00:00,80.537,44.905,34.082,65.0,178,True,159.524,"[2064, 2064, 2048, 2048, 2048, 2048, 2048]","[2048, 2048, 2048, 2048, 2048, 2048, 2048, 2048]","[2048, 2048, 2048, 2048, 2048, 2048]",165.0
1211,9096,10,5,2023-06-02T15:07:03.165000+00:00,38.069,51.133,37.124,120.0,106,False,126.326,"[2048, 2048, 2048, 2048, 2048, 2048, 2048]","[2048, 2048, 2048, 2048, 2048, 2048, 2048, 2048]","[2048, 2048, 2048, 2048, 2048]",305.0
1211,9096,14,6,2023-06-02T15:07:05.837000+00:00,23.321,31.787,27.083,273.0,252,False,82.191,"[2048, 2048, 2048, 2048, 2048, 2048, 2048]","[2048, 2048, 2048, 2048, 2048, 2048, 2048, 2048]","[2048, 2048, 2048, 2048, 2064, 2064]",304.0
1211,9096,81,5,2023-06-02T15:07:08.087000+00:00,34.257,51.917,39.871,148.0,148,False,126.045,"[2048, 2048, 2048, 2048, 2048, 2048, 2048]","[2048, 2048, 2048, 2048, 2048, 2048, 2048, 2048]","[2048, 2048, 2048, 2048, 2048]",292.0
1211,9096,16,4,2023-06-02T15:07:15.353000+00:00,70.97,45.48,33.609,193.0,166,True,150.059,"[2064, 2064, 2048, 2048, 2048, 2048, 2048]","[2048, 2048, 2048, 2048, 2048, 2048, 2048, 2048]","[2048, 2048, 2048, 2048, 2048, 2048]",218.0
1211,9096,18,5,2023-06-02T15:07:16.759000+00:00,23.503,31.458,23.866,280.0,282,False,78.827,"[None, 2049, 2048, 2049, 2049, 2049, 2049]","[2048, 2049, 2048, 2048, 2048, 2049, 2048, 2048]","[2048, 2048, 2049, 2049, 2049, 2049]",298.0
1211,9096,21,6,2023-06-02T15:07:21.509000+00:00,22.6,31.093,23.247,286.0,298,False,76.94,"[2048, 2049, 2049, 2049, 2048, 2049, 2049]","[2048, 2048, 2048, 2048, 2048, 2048, 2049, 2049]","[2048, 2048, 2048, 2048, 2049, 2049]",321.0
1211,9096,23,5,2023-06-02T15:07:25.212000+00:00,33.237,46.933,39.424,201.0,214,False,119.594,"[None, 2048, 2048, 2048, 2048, 2048, 2048]","[2048, 2048, 2048, 2048, 2048, 2048, 2048, 2048]","[2048, 2048, 2048, 2048, 2048, 2048]",156.0
1211,9096,44,5,2023-06-02T15:07:36.196000+00:00,25.548,35.588,29.404,181.0,231,False,90.54,"[None, 2048, 2048, 2048, 2048, 2048, 2048]","[2048, 2048, 2048, 2048, 2048, 2048, 2048, 2048]","[2048, 2048, 2048, 2048, 2064, 2064]",319.0
1211,9096,2,5,2023-06-02T15:07:38.477000+00:00,22.655,30.909,23.142,285.0,297,False,76.706,"[None, 2049, 2049, 2049, 2049, 2049, 2049]","[2049, 2049, 2049, 2049, 2049, 2049, 2049, 2049]","[2049, 2048, 2048, 2049, 2049]",326.0
1211,9096,1,5,2023-06-02T15:07:40.977000+00:00,25.115,33.965,29.12,219.0,235,False,88.2,"[2048, 2048, 2048, 2048, 2048, 2048, 2048]","[2048, 2048, 2048, 2048, 2048, 2048, 2048, 2048]","[2048, 2048, 2048, 2048, 2064, 2064]",273.0
1211,9096,27,5,2023-06-02T15:07:56.524000+00:00,34.848,49.647,31.224,141.0,179,False,115.719,"[None, 2048, 2048, 2048, 2048, 2048, 2048]","[2048, 2048, 2048, 2048, 2048, 2048, 2048, 2048]","[2048, 2048, 2048, 2048, 2048, 2048]",170.0
1211,9096,20,5,2023-06-02T15:08:01.508000+00:00,22.7,30.709,23.13,283.0,298,False,76.539,"[None, 2048, 2049, 2049, 2048, 2048, 2048]","[2049, 2049, 2048, 2049, 2048, 2048, 2048, 2048]","[2048, 2048, 2049, 2049, 2049, 2049]",321.0
1211,9096,11,5,2023-06-02T15:08:03.665000+00:00,28.31,35.612,28.883,155.0,242,False,92.805,"[2048, 2048, 2048, 2048, 2048, 2048, 2048]","[2048, 2048, 2048, 2048, 2049, 2048, 2048, 2048]","[2048, 2048, 2048, 2048, 2064, 2064]",269.0
1211,9096,4,5,2023-06-02T15:08:10.211000+00:00,38.348,65.185,32.41,116.0,130,False,135.943,"[2048, 2048, 2048, 2048, 2048, 2048, 2048]","[2048, 2048, 2048, 2048, 2048, 2048, 2048, 2048]","[2048, 2048, 2048, 2048, 2048, 2048]",234.0
1211,9096,63,5,2023-06-02T15:08:13.165000+00:00,44.659,34.536,25.618,249.0,94,True,104.813,"[2064, 2064, 2048, 2048, 2048, 2048, 2048]","[2048, 2048, 2048, 2048, 2048, 2048, 2048, 2048]","[2048, 2048, 2049, 2048, 2049]",244.0
1211,9096,24,6,2023-06-02T15:08:31.289000+00:00,22.748,30.662,22.962,281.0,293,False,76.372,"[2049, 2048, 2049, 2048, 2048, 2049, 2049]","[2049, 2048, 2048, 2048, 2049, 2049, 2048, 2048]","[2049, 2049, 2048, 2049, 2049]",315.0
1211,9096,18,6,2023-06-02T15:08:35.508000+00:00,24.166,32.017,28.868,266.0,265,False,85.051,"[None, 2048, 2048, 2048, 2048, 2048, 2048]","[2048, 2048, 2048, 2048, 2048, 2048, 2048, 2048]","[2048, 2048, 2048, 2048, 2064, 2064]",
1211,9096,21,7,2023-06-02T15:08:38.461000+00:00,25.18,39.404,30.245,153.0,229,False,94.829,"[None, 2048, 2048, 2048, 2048, 2048, 2048]","[2048, 2048, 2048, 2048, 2048, 2048, 2048, 2048]","[2048, 2048, 2048, 2048, 2064, 2064]",307.0
1211,9096,77,6,2023-06-02T15:08:40.820000+00:00,22.76,30.618,23.208,278.0,296,False,76.586,"[2049, 2049, 2048, 2048, 2048, 2049, 2049]","[2048, 2048, 2048, 2048, 2048, 2049, 2049, 2049]","[2048, 2048, 2048, 2048, 2048, 2048]",317.0
1211,9096,14,7,2023-06-02T15:08:47.805000+00:00,53.04,38.421,31.228,114.0,237,True,122.689,"[2064, 2064, 2048, 2048, 2048, 2048, 2048]","[2048, 2048, 2048, 2048, 2048, 2048, 2048, 2048]","[2048, 2048, 2048, 2048, 2048, 2048]",246.0
1211,9096,22,6,2023-06-02T15:08:48.320000+00:00,22.612,31.045,23.31,286.0,299,False,76.967,"[2049, 2049, 2049, 2049, 2048, 2049, 2049]","[2048, 2048, 2048, 2048, 2048, 2048, 2048, 2048]","[2048, 2048, 2048, 2048, 2049, 2048]",320.0
1211,9096,2,6,2023-06-02T15:08:55.117000+00:00,28.964,45.28,33.636,219.0,243,False,107.88,"[2048, 2048, 2048, 2048, 2048, 2048, 2048]","[2048, 2048, 2048, 2048, 2048, 2048, 2048, 2048]","[2048, 2048, 2048, 2048, 2048]",309.0
1211,9096,31,6,2023-06-02T15:08:58.195000+00:00,22.539,30.647,22.834,286.0,300,False,76.02,"[2049, 2049, 2049, 2048, 2049, 2048, 2048]","[2049, 2048, 2048, 2048, 2048, 2051, 2048, 2049]","[2048, 2048, 2049, 2049, 2048, 2048]",327.0
1211,9096,10,6,2023-06-02T15:09:09.554000+00:00,22.758,31.017,23.531,287.0,281,False,77.306,"[None, 2048, 2048, 2048, 2048, 2048, 2049]","[2049, 2048, 2048, 2048, 2048, 2048, 2048, 2048]","[2048, 2048, 2049, 2048, 2048, 2048]",322.0
1211,9096,81,6,2023-06-02T15:09:14.226000+00:00,22.928,31.127,27.551,279.0,293,False,81.606,"[None, 2048, 2048, 2048, 2048, 2049, 2048]","[2048, 2049, 2048, 2048, 2048, 2048, 2049, 2049]","[2048, 2048, 2049, 2048, 2064, 2064]",316.0
1211,9096,20,6,2023-06-02T15:09:18.054000+00:00,31.918,39.541,30.053,242.0,198,False,101.512,"[2049, 2048, 2048, 2048, 2048, 2048, 2048]","[2048, 2048, 2048, 2048, 2048, 2048, 2048, 2048]","[2048, 2048, 2048, 2048, 2064, 2064]",204.0
1211,9096,55,5,2023-06-02T15:09:20.461000+00:00,22.341,30.295,22.886,283.0,305,False,75.522,"[2051, 2049, 2051, 2048, 2048, 2048, 2049]","[2048, 2048, 2048, 2048, 2048, 2048, 2049, 2051]","[2049, 2048, 2049, 2049, 2048, 2049]",325.0
1211,9096,23,6,2023-06-02T15:09:24.945000+00:00,34.323,47.414,30.435,211.0,71,False,112.172,"[None, 2048, 2048, 2048, 2048, 2048, 2048]","[2048, 2048, 2048, 2048, 2048, 2048, 2048, 2048]","[2048, 2048, 2048, 2048, 2048]",282.0
1211,9096,44,6,2023-06-02T15:09:27.039000+00:00,51.79,36.41,25.807,230.0,274,True,114.007,"[2064, 2064, 2048, 2048, 2048, 2048, 2048]","[2048, 2048, 2048, 2048, 2048, 2048, 2048, 2048]","[2048, 2049, 2048, 2048, 2048]",188.0
1211,9096,16,5,2023-06-02T15:09:30.757000+00:00,22.527,30.087,22.608,285.0,302,False,75.222,"[2049, 2049, 2049, 2049, 2048, 2049, 2049]","[2049, 2049, 2048, 2051, 2049, 2051, 2049, 2049]","[2051, 2048, 2051, 2049, 2049]",321.0
1211,9096,1,6,2023-06-02T15:09:34.289000+00:00,60.422,44.519,30.308,214.0,224,True,135.249,"[2064, 2064, 2048, 2048, 2048, 2048, 2048]","[2048, 2048, 2048, 2048, 2048, 2048, 2048, 2048]","[2048, 2048, 2048, 2048, 2048, 2048]",216.0
1211,9096,63,6,2023-06-02T15:09:38.226000+00:00,22.579,38.881,30.475,280.0,124,False,91.935,"[2048, 2048, 2048, 2049, 2049, 2049, 2049]","[2049, 2048, 2048, 2048, 2048, 2048, 2048, 2048]","[2048, 2048, 2048, 2048, 2049, 2049]",312.0
1211,9096,24,7,2023-06-02T15:09:47.585000+00:00,31.759,36.68,33.402,222.0,197,False,101.841,"[2048, 2048, 2048, 2048, 2048, 2048, 2048]","[2048, 2048, 2048, 2048, 2048, 2048, 2048, 2048]","[2048, 2048, 2048, 2048, 2064, 2064]",232.0
1211,9096,27,6,2023-06-02T15:09:52.335000+00:00,22.674,30.9,23.155,283.0,300,False,76.729,"[None, 2048, 2048, 2049, 2048, 2048, 2049]","[2049, 2048, 2048, 2048, 2049, 2048, 2048, 2048]","[2048, 2048, 2049, 2048, 2048]",321.0
1211,9096,77,7,2023-06-02T15:09:57.429000+00:00,26.855,35.489,34.452,225.0,231,False,96.796,"[2048, 2048, 2048, 2048, 2048, 2048, 2048]","[2048, 2048, 2048, 2048, 2048, 2048, 2048, 2048]","[2048, 2048, 2048, 2048, 2064, 2064]",260.0
1211,9096,11,6,2023-06-02T15:09:59.132000+00:00,55.894,39.288,28.279,209.0,249,True,123.461,"[2064, 2064, 2048, 2048, 2048, 2048, 2048]","[2048, 2048, 2048, 2048, 2048, 2048, 2048, 2048]","[2048, 2048, 2048, 2048, 2048, 2048]",170.0
1211,9096,22,7,2023-06-02T15:10:05.304000+00:00,27.949,35.608,30.727,222.0,246,False,94.284,"[2048, 2048, 2048, 2048, 2048, 2048, 2048]","[2048, 2048, 2048, 2048, 2048, 2048, 2048, 2048]","[2048, 2048, 2048, 2048, 2064, 2064]",302.0
1211,9096,31,7,2023-06-02T15:10:14.194000+00:00,26.946,44.063,30.253,161.0,194,False,101.262,"[2048, 2048, 2048, 2048, 2048, 2048, 2048]","[2048, 2048, 2048, 2048, 2048, 2048, 2048, 2048]","[2048, 2048, 2048, 2048, 2064, 2064]",307.0
1211,9096,18,7,2023-06-02T15:10:20.460000+00:00,45.68,37.743,25.984,253.0,173,True,109.407,"[2064, 2064, 2048, 2048, 2048, 2048, 2048]","[2048, 2048, 2048, 2048, 2048, 2048, 2048, 2048]","[2048, 2048, 2048, 2048, 2049, 2049]",241.0
1211,9096,4,6,2023-06-02T15:10:25.835000+00:00,22.594,30.49,22.913,280.0,300,False,75.997,"[None, 2048, 2048, 2048, 2049, 2048, 2049]","[2049, 2049, 2048, 2048, 2049, 2049, 2051, 2049]","[2048, 2048, 2049, 2049, 2051, 2049]",314.0
1211,9096,10,7,2023-06-02T15:10:26.882000+00:00,27.497,39.592,30.614,216.0,182,False,97.703,"[None, 2048, 2048, 2048, 2048, 2048, 2048]","[2048, 2048, 2048, 2048, 2048, 2048, 2048, 2048]","[2048, 2048, 2048, 2048, 2064, 2064]",298.0
1211,9096,14,8,2023-06-02T15:10:30.694000+00:00,22.628,30.278,22.785,282.0,303,False,75.691,"[2049, 2049, 2049, 2049, 2048, 2049, 2049]","[2048, 2049, 2049, 2049, 2049, 2049, 2049, 2049]","[2049, 2048, 2051, 2049, 2049]",316.0
1211,9096,55,6,2023-06-02T15:10:35.944000+00:00,38.477,43.828,33.642,188.0,187,False,115.947,"[2048, 2048, 2048, 2048, 2048, 2048, 2048]","[2048, 2048, 2048, 2048, 2048, 2048, 2048, 2048]","[2048, 2048, 2048, 2048, 2064, 2064]",146.0
1211,9096,2,7,2023-06-02T15:10:43.069000+00:00,22.771,30.96,29.15,283.0,298,False,82.881,"[None, 2048, 2048, 2049, 2049, 2049, 2048]","[2049, 2049, 2049, 2048, 2048, 2048, 2049, 2048]","[2048, 2048, 2048, 2048, 2064, 2064]",320.0
1211,9096,16,6,2023-06-02T15:10:45.928000+00:00,27.551,42.132,34.549,178.0,196,False,104.232,"[None, 2048, 2048, 2048, 2048, 2048, 2048]","[2048, 2048, 2048, 2048, 2048, 2048, 2048, 2048]","[2048, 2048, 2048, 2048, 2064, 2064]",305.0
1211,9096,81,7,2023-06-02T15:10:55.538000+00:00,51.253,34.988,27.14,218.0,248,True,113.381,"[2064, 2064, 2048, 2048, 2048, 2048, 2048]","[2048, 2048, 2048, 2048, 2048, 2048, 2048, 2048]","[2048, 2048, 2048, 2048, 2048, 2048]",156.0
1211,9096,44,7,2023-06-02T15:11:00.710000+00:00,22.694,30.516,22.994,286.0,302,False,76.204,"[2048, 2048, 2048, 2049, 2049, 2049, 2049]","[2049, 2049, 2049, 2049, 2049, 2049, 2049, 2049]","[2049, 2049, 2049, 2049, 2049]",317.0
1211,9096,27,7,2023-06-02T15:11:09.069000+00:00,25.946,36.053,29.957,241.0,153,False,91.956,"[None, 2048, 2048, 2048, 2048, 2048, 2048]","[2048, 2048, 2048, 2048, 2048, 2048, 2048, 2048]","[2048, 2048, 2048, 2048, 2064, 2064]",224.0
1211,9096,63,7,2023-06-02T15:11:10.178000+00:00,22.42,30.377,42.54,,297,False,95.337,"[2049, 2049, 2049, 2051, 2051, 2049, 2048]","[2049, 2049, 2049, 2049, 2049, 2049, 2049, 2049]","[2048, 2048, 2048, 2048, 2048]",314.0
1211,9096,23,7,2023-06-02T15:11:17.100000+00:00,22.769,30.817,29.439,281.0,296,False,83.025,"[None, 2048, 2048, 2048, 2048, 2049, 2048]","[2049, 2048, 2048, 2048, 2048, 2048, 2049, 2048]","[2048, 2048, 2048, 2048, 2064, 2064]",319.0
1211,9096,1,7,2023-06-02T15:11:24.397000+00:00,22.268,30.016,22.684,285.0,302,False,74.968,"[2048, 2048, 2049, 2049, 2049, 2049, 2049]","[2049, 2049, 2048, 2049, 2049, 2051, 2051, 2051]","[2049, 2048, 2049, 2049, 2051]",323.0
1211,9096,11,7,2023-06-02T15:11:40.006000+00:00,22.542,30.224,22.758,286.0,296,False,75.524,"[2048, 2048, 2048, 2049, 2049, 2049, 2049]","[2051, 2049, 2049, 2049, 2049, 2049, 2049, 2049]","[2049, 2049, 2049, 2049, 2049, 2049]",321.0
1211,9096,4,7,2023-06-02T15:11:41.834000+00:00,25.814,39.495,28.585,213.0,231,False,93.894,"[None, 2048, 2048, 2048, 2048, 2048, 2048]","[2048, 2048, 2048, 2048, 2048, 2048, 2048, 2048]","[2048, 2048, 2048, 2048, 2064, 2064]",276.0
1211,9096,24,8,2023-06-02T15:11:43.928000+00:00,54.121,33.946,29.264,230.0,227,True,117.331,"[2064, 2064, 2048, 2048, 2048, 2048, 2048]","[2048, 2048, 2048, 2048, 2048, 2048, 2048, 2048]","[2048, 2048, 2048, 2048, 2064, 2064]",227.0
1211,9096,14,9,2023-06-02T15:11:46.318000+00:00,36.198,49.506,29.196,148.0,225,False,114.9,"[2048, 2048, 2048, 2048, 2048, 2048, 2048]","[2048, 2048, 2048, 2048, 2048, 2048, 2048, 2048]","[2048, 2048, 2048, 2048, 2048, 2048]",186.0
1211,9096,18,8,2023-06-02T15:11:50.068000+00:00,22.517,30.406,22.967,284.0,300,False,75.89,"[2049, 2049, 2049, 2049, 2049, 2049, 2049]","[2049, 2049, 2049, 2049, 2049, 2049, 2049, 2049]","[2049, 2049, 2049, 2049, 2049, 2049]",316.0
1211,9096,77,8,2023-06-02T15:11:50.459000+00:00,55.868,44.641,33.516,219.0,194,True,134.025,"[2064, 2064, 2048, 2048, 2048, 2048, 2048]","[2048, 2048, 2048, 2048, 2048, 2048, 2048, 2048]","[2048, 2048, 2048, 2048, 2064, 2064]",222.0
1211,9096,44,8,2023-06-02T15:12:16.865000+00:00,35.156,47.8,30.501,132.0,199,False,113.457,"[None, 2048, 2048, 2048, 2048, 2048, 2048]","[2048, 2048, 2048, 2048, 2048, 2048, 2048, 2048]","[2048, 2048, 2048, 2048, 2048, 2048]",174.0
1211,9096,81,8,2023-06-02T15:12:29.224000+00:00,22.694,30.599,22.744,279.0,293,False,76.037,"[2048, 2048, 2048, 2049, 2049, 2049, 2049]","[2049, 2049, 2049, 2049, 2049, 2049, 2049, 2049]","[2049, 2049, 2049, 2049, 2051]",311.0
1211,9096,1,8,2023-06-02T15:12:39.302000+00:00,34.13,42.392,30.537,176.0,185,False,107.059,"[None, 2048, 2048, 2048, 2048, 2048, 2048]","[2048, 2048, 2048, 2048, 2048, 2048, 2048, 2048]","[2048, 2048, 2048, 2048, 2064, 2064]",197.0
1211,9096,63,8,2023-06-02T15:12:45.474000+00:00,34.602,46.555,28.579,176.0,189,False,109.736,"[2048, 2048, 2048, 2048, 2048, 2048, 2048]","[2048, 2048, 2048, 2048, 2048, 2048, 2048, 2048]","[2048, 2048, 2048, 2048, 2049, 2049]",277.0
1211,9096,11,8,2023-06-02T15:12:55.443000+00:00,31.247,46.188,36.318,164.0,153,False,113.753,"[None, 2048, 2048, 2048, 2048, 2048, 2048]","[2048, 2048, 2048, 2048, 2048, 2048, 2048, 2048]","[2048, 2048, 2048, 2048, 2048, 2048]",224.0
1211,9096,18,9,2023-06-02T15:13:05.942000+00:00,38.982,58.733,27.504,131.0,212,False,125.219,"[2048, 2048, 2048, 2048, 2048, 2048, 2048]","[2048, 2048, 2048, 2048, 2048, 2048, 2048, 2048]","[2048, 2048, 2048, 2048, 2048, 2048]",223.0
1211,9096,14,10,2023-06-02T15:13:41.286000+00:00,22.546,30.162,22.665,284.0,300,False,75.373,"[None, 2048, 2048, 2049, 2051, 2049, 2049]","[2049, 2048, 2049, 2048, 2049, 2051, 2049, 2048]","[2049, 2049, 2048, 2048, 2049]",313.0
1211,9096,81,9,2023-06-02T15:13:45.176000+00:00,32.999,51.656,27.577,149.0,213,False,112.232,"[None, 2048, 2048, 2048, 2048, 2048, 2048]","[2048, 2048, 2048, 2048, 2048, 2048, 2048, 2048]","[2048, 2048, 2048, 2048, 2048, 2048]",300.0
1211,9096,44,9,2023-06-02T15:14:10.348000+00:00,22.588,30.469,22.953,285.0,303,False,76.01,"[None, 2048, 2048, 2049, 2049, 2049, 2049]","[2048, 2049, 2049, 2048, 2049, 2049, 2049, 2048]","[2048, 2049, 2049, 2049, 2048]",317.0
1211,9096,63,9,2023-06-02T15:14:35.238000+00:00,22.667,30.335,22.769,279.0,299,False,75.771,"[None, 2048, 2048, 2048, 2048, 2048, 2048]","[2049, 2049, 2048, 2049, 2049, 2048, 2048, 2048]","[2049, 2049, 2049, 2049, 2049]",310.0
1211,9096,22,8,2023-06-02T15:14:49.082000+00:00,,36.69,25.463,225.0,276,True,281.509,"[2064, 2064, 2048, 2048, 2048, 2048, 2048]","[2048, 2048, 2048, 2048, 2048, 2048, 2048, 2048]","[2048, 2048, 2048, 2048, 2048, 2048]",186.0
1211,9096,11,9,2023-06-02T15:14:49.254000+00:00,35.651,48.086,28.635,181.0,239,False,112.372,"[None, 2048, 2048, 2048, 2048, 2048, 2048]","[2048, 2048, 2048, 2048, 2048, 2048, 2048, 2048]","[2048, 2048, 2048, 2048, 2048, 2048]",200.0
1211,9096,14,11,2023-06-02T15:14:56.551000+00:00,39.849,49.21,31.966,162.0,242,False,121.025,"[None, 2048, 2048, 2048, 2048, 2048, 2048]","[2048, 2048, 2048, 2048, 2048, 2048, 2048, 2048]","[2048, 2048, 2048, 2048, 2048, 2048]",165.0
1211,9096,18,10,2023-06-02T15:15:11.144000+00:00,22.709,30.374,22.994,279.0,296,False,76.077,"[None, 2048, 2048, 2048, 2048, 2048, 2048]","[2049, 2048, 2049, 2049, 2049, 2049, 2049, 2048]","[2048, 2048, 2049, 2049, 2049, 2049]",313.0
1211,9096,21,8,2023-06-02T15:15:18.253000+00:00,,35.594,26.743,255.0,270,True,393.903,"[2064, 2064, 2048, 2048, 2048, 2048, 2048]","[2048, 2048, 2048, 2048, 2048, 2048, 2048, 2048]","[2048, 2048, 2048, 2048, 2048]",223.0
1211,9096,44,10,2023-06-02T15:15:26.285000+00:00,28.3,33.904,27.498,226.0,263,False,89.702,"[None, 2048, 2048, 2048, 2048, 2048, 2048]","[2048, 2048, 2048, 2048, 2048, 2048, 2048, 2048]","[2048, 2048, 2048, 2048, 2064, 2064]",303.0
1211,9096,81,10,2023-06-02T15:15:37.488000+00:00,22.651,30.476,22.987,281.0,295,False,76.114,"[2049, 2048, 2048, 2048, 2049, 2049, 2049]","[2049, 2048, 2049, 2049, 2049, 2049, 2049, 2049]","[2048, 2048, 2048, 2049, 2051]",315.0
1211,9096,63,10,2023-06-02T15:15:50.925000+00:00,33.361,38.961,27.022,150.0,277,False,99.344,"[None, 2048, 2048, 2048, 2048, 2048, 2048]","[2048, 2048, 2048, 2048, 2048, 2048, 2048, 2048]","[2048, 2048, 2048, 2048, 2064, 2064]",297.0
1211,9096,22,9,2023-06-02T15:16:21.065000+00:00,22.451,30.313,22.868,286.0,302,False,75.632,"[2048, 2048, 2048, 2049, 2049, 2051, 2049]","[2049, 2049, 2049, 2049, 2049, 2049, 2049, 2049]","[2049, 2049, 2049, 2049, 2049, 2049]",314.0
1211,9096,18,11,2023-06-02T15:16:27.237000+00:00,41.951,63.384,28.146,66.0,230,False,133.481,"[None, 2048, 2048, 2048, 2048, 2048, 2048]","[2048, 2048, 2048, 2048, 2048, 2048, 2048, 2048]","[2048, 2048, 2048, 2048, 2048, 2048]",247.0
1211,9096,11,10,2023-06-02T15:16:41.659000+00:00,22.459,30.298,22.772,286.0,303,False,75.529,"[2049, 2048, 2049, 2049, 2049, 2048, 2048]","[2048, 2049, 2048, 2049, 2048, 2048, 2049, 2049]","[2048, 2048, 2049, 2048, 2048, 2048]",322.0
1211,9096,21,9,2023-06-02T15:16:47.190000+00:00,22.466,30.212,22.871,286.0,299,False,75.549,"[2048, 2048, 2048, 2049, 2049, 2049, 2049]","[2049, 2049, 2049, 2049, 2049, 2049, 2049, 2049]","[2049, 2049, 2048, 2049, 2049, 2049]",317.0
1211,9096,81,11,2023-06-02T15:16:53.627000+00:00,27.05,38.378,30.086,202.0,231,False,95.514,"[2048, 2048, 2048, 2048, 2048, 2048, 2048]","[2048, 2048, 2048, 2048, 2048, 2048, 2048, 2048]","[2048, 2048, 2048, 2048, 2064, 2064]",301.0
1211,9096,14,12,2023-06-02T15:16:57.690000+00:00,22.475,30.122,23.251,284.0,299,False,75.848,"[2049, 2049, 2049, 2049, 2048, 2048, 2048]","[2048, 2048, 2048, 2049, 2051, 2048, 2048, 2048]","[2048, 2048, 2048, 2049, 2048, 2048]",318.0
1211,9096,22,10,2023-06-02T15:17:37.017000+00:00,33.53,49.009,38.725,141.0,191,False,121.264,"[None, 2048, 2048, 2048, 2048, 2048, 2048]","[2048, 2048, 2048, 2048, 2048, 2048, 2048, 2048]","[2048, 2048, 2048, 2048, 2048, 2048]",297.0
1211,9096,11,11,2023-06-02T15:17:57.173000+00:00,26.164,35.351,30.027,239.0,237,False,91.542,"[2048, 2048, 2048, 2048, 2048, 2048, 2048]","[2048, 2048, 2048, 2048, 2048, 2048, 2048, 2048]","[2048, 2048, 2048, 2048, 2064, 2064]",271.0
1211,9096,21,10,2023-06-02T15:18:02.673000+00:00,28.818,40.711,30.35,193.0,255,False,99.879,"[None, 2048, 2048, 2048, 2048, 2048, 2048]","[2048, 2048, 2048, 2048, 2048, 2048, 2048, 2048]","[2048, 2048, 2048, 2048, 2048, 2048]",304.0
1211,9096,14,13,2023-06-02T15:18:13.533000+00:00,27.189,33.175,30.717,234.0,220,False,91.081,"[2048, 2048, 2048, 2048, 2048, 2048, 2048]","[2048, 2048, 2048, 2048, 2048, 2048, 2048, 2048]","[2048, 2048, 2048, 2048, 2064, 2064]",287.0
1211,9096,18,12,2023-06-02T15:18:40.704000+00:00,22.67,30.242,22.867,280.0,297,False,75.779,"[None, 2048, 2049, 2048, 2048, 2048, 2048]","[2049, 2049, 2048, 2049, 2049, 2049, 2048, 2048]","[2049, 2048, 2049, 2048, 2049]",313.0
1211,9096,55,7,2023-06-02T15:19:00.704000+00:00,,41.195,27.241,176.0,220,True,490.944,"[2064, 2064, 2048, 2048, 2048, 2048, 2048]","[2048, 2048, 2048, 2048, 2048, 2048, 2048, 2048]","[2048, 2048, 2048, 2048, 2048, 2048]",161.0
1211,9096,16,7,2023-06-02T15:19:14.438000+00:00,,42.202,27.596,172.0,210,True,509.169,"[2064, 2064, 2048, 2048, 2048, 2048, 2048]","[2048, 2048, 2048, 2048, 2048, 2048, 2048, 2048]","[2048, 2048, 2048, 2048, 2048]",177.0
1211,9096,22,11,2023-06-02T15:19:37.922000+00:00,36.74,48.138,33.518,124.0,174,False,118.396,"[None, 2048, 2048, 2048, 2048, 2048, 2048]","[2048, 2048, 2048, 2048, 2048, 2048, 2048, 2048]","[2048, 2048, 2048, 2048, 2048, 2048]",264.0
1211,9096,21,11,2023-06-02T15:19:42.594000+00:00,28.926,39.563,26.337,239.0,273,False,94.826,"[None, 2048, 2048, 2048, 2048, 2048, 2048]","[2048, 2048, 2048, 2048, 2048, 2048, 2048, 2048]","[2048, 2048, 2048, 2048, 2048]",292.0
1211,9096,23,8,2023-06-02T15:19:50.625000+00:00,,39.217,27.727,220.0,241,True,528.895,"[2064, 2064, 2048, 2048, 2048, 2048, 2048]","[2048, 2048, 2048, 2048, 2048, 2048, 2048, 2048]","[2048, 2048, 2048, 2048, 2048]",219.0
1211,9096,18,13,2023-06-02T15:19:56.453000+00:00,26.12,34.763,31.535,187.0,236,False,92.418,"[None, 2048, 2048, 2048, 2048, 2048, 2048]","[2048, 2048, 2048, 2048, 2048, 2048, 2048, 2048]","[2048, 2048, 2048, 2048, 2064, 2064]",284.0
1211,9096,2,8,2023-06-02T15:19:59.406000+00:00,,41.265,32.297,203.0,252,True,580.129,"[2064, 2064, 2048, 2048, 2048, 2048, 2048]","[2048, 2048, 2048, 2048, 2048, 2048, 2048, 2048]","[2048, 2048, 2048, 2048, 2048, 2048]",219.0
1211,9096,55,8,2023-06-02T15:20:42.859000+00:00,22.055,29.698,22.521,286.0,301,False,74.274,"[2048, 2048, 2048, 2051, 2051, 2051, 2051]","[2049, 2051, 2049, 2051, 2049, 2049, 2049, 2048]","[2051, 2048, 2049, 2048, 2049]",323.0
1211,9096,16,8,2023-06-02T15:20:59.390000+00:00,22.288,29.622,22.336,286.0,302,False,74.246,"[2048, 2048, 2048, 2049, 2049, 2049, 2049]","[2049, 2049, 2051, 2049, 2051, 2048, 2049, 2048]","[2051, 2051, 2048, 2051, 2049]",321.0
1211,9096,21,12,2023-06-02T15:21:17.421000+00:00,22.422,30.25,22.786,286.0,300,False,75.458,"[None, 2048, 2048, 2049, 2049, 2048, 2049]","[2049, 2048, 2048, 2049, 2049, 2049, 2049, 2049]","[2049, 2048, 2049, 2049, 2048]",317.0
1211,9096,23,9,2023-06-02T15:21:29.015000+00:00,22.309,30.004,22.743,283.0,296,False,75.056,"[2048, 2048, 2048, 2049, 2049, 2049, 2048]","[2049, 2049, 2049, 2049, 2049, 2051, 2049, 2048]","[2049, 2049, 2049, 2048, 2049]",318.0
1211,9096,22,12,2023-06-02T15:21:36.327000+00:00,22.422,30.262,22.885,286.0,303,False,75.569,"[2049, 2049, 2049, 2048, 2048, 2048, 2048]","[2048, 2049, 2048, 2048, 2049, 2049, 2049, 2049]","[2048, 2048, 2048, 2049, 2049]",320.0
1211,9096,2,9,2023-06-02T15:21:46.077000+00:00,22.482,30.188,22.745,283.0,300,False,75.415,"[2048, 2048, 2048, 2049, 2049, 2049, 2048]","[2049, 2049, 2049, 2049, 2049, 2049, 2049, 2049]","[2049, 2049, 2049, 2048, 2049, 2049]",318.0
1211,9096,77,9,2023-06-02T15:21:50.124000+00:00,,44.106,26.302,182.0,195,True,586.77,"[None, 2064, 2048, 2048, 2048, 2048, 2048]","[2048, 2048, 2048, 2048, 2048, 2048, 2048, 2048]","[2048, 2048, 2048, 2048, 2048, 2049]",165.0
1211,9096,55,9,2023-06-02T15:21:57.046000+00:00,33.137,40.351,34.253,176.0,201,False,107.741,"[None, 2048, 2048, 2048, 2048, 2048, 2048]","[2048, 2048, 2048, 2048, 2048, 2048, 2048, 2048]","[2048, 2048, 2048, 2048, 2064, 2064]",185.0
1211,9096,1,9,2023-06-02T15:22:07.280000+00:00,,44.066,26.004,195.0,252,True,565.381,"[2064, 2064, 2048, 2048, 2048, 2048, 2048]","[2048, 2048, 2048, 2048, 2048, 2048, 2048, 2048]","[2048, 2048, 2048, 2048, 2048, 2048]",215.0
1211,9096,16,9,2023-06-02T15:22:13.562000+00:00,32.982,43.697,32.486,150.0,202,False,109.165,"[None, 2048, 2048, 2048, 2048, 2048, 2048]","[2048, 2048, 2048, 2048, 2048, 2048, 2048, 2048]","[2048, 2048, 2048, 2048, 2064, 2064]",255.0
1211,9096,10,8,2023-06-02T15:22:23.452000+00:00,,43.608,28.128,159.0,249,True,732.06,"[2064, 2064, 2048, 2048, 2048, 2048, 2048]","[2048, 2048, 2048, 2048, 2048, 2048, 2048, 2048]","[2048, 2048, 2048, 2048, 2048, 2048]",96.0
1211,9096,31,8,2023-06-02T15:22:28.873000+00:00,,44.668,32.173,167.0,269,True,747.89,"[2064, 2064, 2048, 2048, 2048, 2048, 2048]","[2048, 2048, 2048, 2048, 2048, 2048, 2048, 2048]","[2048, 2048, 2048, 2048, 2048]",145.0
1211,9096,21,13,2023-06-02T15:22:32.811000+00:00,25.232,33.704,32.511,247.0,254,False,91.447,"[None, 2048, 2048, 2048, 2048, 2048, 2048]","[2048, 2048, 2048, 2048, 2048, 2048, 2048, 2048]","[2048, 2048, 2048, 2048, 2064, 2064]",301.0
1211,9096,23,10,2023-06-02T15:22:43.983000+00:00,32.105,45.695,38.482,201.0,221,False,116.282,"[None, 2048, 2048, 2048, 2048, 2048, 2048]","[2048, 2048, 2048, 2048, 2048, 2048, 2048, 2048]","[2048, 2048, 2048, 2048, 2064, 2064]",280.0
1211,9096,22,13,2023-06-02T15:22:51.889000+00:00,28.782,40.532,31.627,226.0,252,False,100.941,"[2048, 2048, 2048, 2048, 2048, 2048, 2048]","[2048, 2048, 2048, 2048, 2048, 2048, 2048, 2048]","[2048, 2048, 2048, 2048, 2064, 2064]",302.0
1211,9096,27,8,2023-06-02T15:22:54.576000+00:00,,42.412,29.163,196.0,209,True,723.843,"[2064, 2064, 2048, 2048, 2048, 2048, 2048]","[2048, 2048, 2048, 2048, 2048, 2048, 2048, 2048]","[2048, 2048, 2048, 2048, 2048, 2048]",231.0
1211,9096,2,10,2023-06-02T15:23:01.732000+00:00,29.507,45.682,39.49,229.0,227,False,114.679,"[None, 2048, 2048, 2048, 2048, 2048, 2048]","[2048, 2048, 2048, 2048, 2048, 2048, 2048, 2048]","[2048, 2048, 2048, 2048, 2064, 2064]",306.0
1211,9096,4,8,2023-06-02T15:23:10.810000+00:00,,42.026,29.669,201.0,203,True,697.996,"[2064, 2064, 2048, 2048, 2048, 2048, 2048]","[2048, 2048, 2048, 2048, 2048, 2048, 2048, 2048]","[2048, 2048, 2048, 2048, 2048, 2048]",186.0
1211,9096,24,9,2023-06-02T15:23:13.592000+00:00,,47.877,25.99,210.0,216,True,693.505,"[None, 2064, 2048, 2048, 2048, 2048, 2048]","[2048, 2048, 2048, 2048, 2048, 2048, 2048, 2048]","[2048, 2048, 2048, 2048, 2048, 2048]",190.0
1211,9096,77,10,2023-06-02T15:23:34.998000+00:00,22.203,29.789,22.456,280.0,297,False,74.448,"[2049, 2048, 2049, 2049, 2051, 2049, 2049]","[2049, 2049, 2049, 2049, 2051, 2049, 2049, 2049]","[2049, 2048, 2049, 2049, 2049, 2049]",315.0
1211,9096,1,10,2023-06-02T15:23:51.826000+00:00,22.0,29.585,22.322,286.0,299,False,73.907,"[2049, 2048, 2049, 2051, 2049, 2051, 2049]","[2049, 2049, 2051, 2049, 2049, 2051, 2051, 2048]","[2049, 2051, 2049, 2049, 2049]",322.0
1211,9096,10,9,2023-06-02T15:24:16.622000+00:00,22.241,29.719,22.497,287.0,299,False,74.457,"[2048, 2048, 2048, 2049, 2049, 2049, 2049]","[2049, 2049, 2049, 2049, 2049, 2049, 2049, 2049]","[2049, 2049, 2049, 2051, 2049]",318.0
1211,9096,31,9,2023-06-02T15:24:23.372000+00:00,22.164,29.707,22.371,289.0,303,False,74.242,"[2048, 2048, 2049, 2049, 2049, 2049, 2051]","[2049, 2049, 2049, 2049, 2049, 2051, 2049, 2049]","[2049, 2049, 2049, 2049, 2051]",322.0
1211,9096,27,9,2023-06-02T15:24:45.184000+00:00,21.998,29.698,22.481,287.0,304,False,74.177,"[2049, 2048, 2049, 2049, 2049, 2049, 2049]","[2049, 2049, 2049, 2049, 2049, 2049, 2049, 2049]","[2049, 2049, 2051, 2051, 2049]",323.0
1211,9096,77,11,2023-06-02T15:24:49.356000+00:00,39.907,42.059,38.014,210.0,179,False,119.98,"[2048, 2048, 2048, 2048, 2048, 2048, 2048]","[2048, 2048, 2048, 2048, 2048, 2048, 2048, 2048]","[2048, 2048, 2048, 2048, 2064, 2064]",122.0
1211,9096,4,9,2023-06-02T15:24:53.716000+00:00,22.063,29.598,30.35,284.0,300,False,82.011,"[2049, 2048, 2049, 2049, 2049, 2051, 2049]","[2049, 2049, 2049, 2049, 2051, 2051, 2051, 2049]","[2051, 2048, 2048, 2048, 2048, 2048]",319.0
1211,9096,23,11,2023-06-02T15:24:54.075000+00:00,53.124,42.578,31.17,211.0,209,True,126.872,"[2064, 2064, 2048, 2048, 2048, 2048, 2048]","[2048, 2048, 2048, 2048, 2048, 2048, 2048, 2048]","[2048, 2048, 2048, 2048, 2048, 2048]",170.0
1211,9096,24,10,2023-06-02T15:25:00.356000+00:00,22.199,29.909,22.477,284.0,299,False,74.585,"[2049, 2049, 2049, 2049, 2049, 2049, 2049]","[2049, 2049, 2049, 2049, 2049, 2049, 2049, 2049]","[2049, 2049, 2049, 2049, 2049]",322.0
1211,9096,1,11,2023-06-02T15:25:05.684000+00:00,26.857,34.822,30.302,220.0,220,False,91.981,"[2048, 2048, 2048, 2048, 2048, 2048, 2048]","[2048, 2048, 2048, 2048, 2048, 2048, 2048, 2048]","[2048, 2048, 2048, 2048, 2064, 2064]",239.0
1211,9096,2,11,2023-06-02T15:25:09.903000+00:00,46.704,43.999,28.175,203.0,249,True,118.878,"[2064, 2064, 2048, 2048, 2048, 2048, 2048]","[2048, 2048, 2048, 2048, 2048, 2048, 2048, 2048]","[2048, 2048, 2048, 2048, 2048]",221.0
1211,9096,44,11,2023-06-02T15:25:25.621000+00:00,,35.826,31.827,221.0,269,True,605.563,"[2064, 2064, 2048, 2048, 2048, 2048, 2048]","[2048, 2048, 2048, 2048, 2048, 2048, 2048, 2048]","[2048, 2048, 2048, 2048, 2048, 2048]",225.0
1211,9096,10,10,2023-06-02T15:25:31.090000+00:00,36.719,62.574,46.361,109.0,118,False,145.654,"[None, 2048, 2048, 2048, 2048, 2048, 2048]","[2048, 2048, 2048, 2048, 2048, 2048, 2048, 2048]","[2048, 2048, 2048, 2048, 2064, 2064]",302.0
1211,9096,20,7,2023-06-02T15:25:31.481000+00:00,,52.036,39.194,176.0,94,True,1012.153,"[2064, 2064, 2048, 2048, 2048, 2048, 2048]","[2048, 2048, 2048, 2048, 2048, 2048, 2048, 2048]","[2048, 2048, 2048, 2048, 2048, 0]",241.0
1211,9096,31,10,2023-06-02T15:25:37.574000+00:00,32.967,55.988,46.529,165.0,86,False,135.484,"[None, 2048, 2048, 2048, 2048, 2048, 2048]","[2048, 2048, 2048, 2048, 2048, 2048, 2048, 2048]","[2048, 2048, 2048, 2048, 2064, 2064]",302.0
1211,9096,27,10,2023-06-02T15:25:58.980000+00:00,36.057,44.168,38.607,155.0,190,False,118.832,"[2048, 2048, 2048, 2048, 2048, 2048, 2048]","[2048, 2048, 2048, 2048, 2048, 2048, 2048, 2048]","[2048, 2048, 2048, 2048, 2064, 2064]",160.0
1211,9096,24,11,2023-06-02T15:26:14.887000+00:00,35.65,52.244,41.479,127.0,197,False,129.373,"[2048, 2048, 2048, 2048, 2048, 2048, 2048]","[2048, 2048, 2048, 2048, 2048, 2048, 2048, 2048]","[2048, 2048, 2048, 2048, 2064, 2064]",203.0
1211,9096,4,10,2023-06-02T15:26:15.793000+00:00,40.412,57.259,37.602,165.0,76,False,135.273,"[2048, 2048, 2048, 2048, 2048, 2048, 2048]","[2048, 2048, 2048, 2048, 2048, 2048, 2048, 2048]","[2048, 2048, 2048, 2048, 2048]",176.0
1211,9096,63,11,2023-06-02T15:26:26.308000+00:00,,33.076,32.863,254.0,275,True,626.47,"[2064, 2064, 2048, 2048, 2048, 2048, 2048]","[2048, 2048, 2048, 2048, 2048, 2048, 2048, 2048]","[2048, 2048, 2048, 2048, 2048, 2048]",246.0
1211,9096,22,14,2023-06-02T15:26:39.496000+00:00,,42.316,34.799,116.0,261,True,241.139,"[2064, 2064, 2048, 2048, 2048, 2048, 2048]","[2048, 2048, 2048, 2048, 2048, 2048, 2048, 2048]","[2048, 2048, 2048, 2048, 2048, 2048]",184.0
1211,9096,23,12,2023-06-02T15:26:47.214000+00:00,22.42,30.373,22.822,281.0,302,False,75.615,"[2048, 2048, 2048, 2048, 2048, 2048, 2048]","[2048, 2048, 2048, 2048, 2048, 2048, 2049, 2048]","[2049, 2048, 2048, 2048, 2048, 2049]",317.0
1211,9096,2,12,2023-06-02T15:26:55.089000+00:00,22.368,30.32,22.868,284.0,300,False,75.556,"[2048, 2048, 2048, 2049, 2049, 2049, 2048]","[2048, 2049, 2048, 2049, 2048, 2048, 2049, 2049]","[2048, 2048, 2049, 2048, 2048, 2048]",318.0
1211,9096,44,12,2023-06-02T15:27:01.652000+00:00,21.964,29.74,22.845,288.0,307,False,74.549,"[2049, 2049, 2051, 2049, 2049, 2049, 2049]","[2049, 2049, 2049, 2049, 2049, 2049, 2049, 2051]","[2049, 2048, 2049, 2049, 2049]",325.0
1211,9096,77,12,2023-06-02T15:27:06.011000+00:00,60.839,46.516,26.321,156.0,188,True,133.676,"[2064, 2064, 2048, 2048, 2048, 2048, 2048]","[2048, 2048, 2048, 2048, 2048, 2048, 2048, 2048]","[2048, 2048, 2048, 2048, 2048, 2048]",240.0
1211,9096,21,14,2023-06-02T15:27:08.417000+00:00,,34.861,27.969,252.0,277,True,274.011,"[2064, 2064, 2048, 2048, 2048, 2048, 2048]","[2048, 2048, 2048, 2048, 2048, 2048, 2048, 2048]","[2048, 2048, 2048, 2048, 2048, 2048]",221.0
1211,9096,20,8,2023-06-02T15:27:51.729000+00:00,22.265,29.866,22.582,286.0,305,False,74.713,"[2049, 2049, 2048, 2049, 2049, 2049, 2049]","[2049, 2049, 2049, 2049, 2049, 2049, 2049, 2049]","[2049, 2049, 2051, 2049, 2049, 2049]",321.0
1211,9096,63,12,2023-06-02T15:27:56.870000+00:00,22.239,29.715,22.438,283.0,301,False,74.392,"[2048, 2048, 2049, 2049, 2049, 2049, 2049]","[2049, 2049, 2049, 2049, 2049, 2049, 2049, 2049]","[2049, 2049, 2049, 2049, 2049]",316.0
1211,9096,23,13,2023-06-02T15:28:02.854000+00:00,30.789,35.382,28.119,211.0,240,False,94.29,"[None, 2048, 2048, 2048, 2048, 2048, 2048]","[2048, 2048, 2048, 2048, 2048, 2048, 2048, 2048]","[2048, 2048, 2048, 2048, 2064, 2064]",179.0
1211,9096,31,11,2023-06-02T15:28:06.838000+00:00,53.183,53.826,31.423,118.0,252,True,138.432,"[2064, 2064, 2048, 2048, 2048, 2048, 2048]","[2048, 2048, 2048, 2048, 2048, 2048, 2048, 2048]","[2048, 2048, 2048, 2048, 2048]",137.0
1211,9096,2,13,2023-06-02T15:28:10.588000+00:00,29.346,40.596,36.303,246.0,244,False,106.245,"[None, 2048, 2048, 2048, 2048, 2048, 2048]","[2048, 2048, 2048, 2048, 2048, 2048, 2048, 2048]","[2048, 2048, 2048, 2048, 2064, 2064]",304.0
1211,9096,10,11,2023-06-02T15:28:10.838000+00:00,57.037,52.539,29.335,152.0,239,True,138.911,"[2064, 2064, 2048, 2048, 2048, 2048, 2048]","[2048, 2048, 2048, 2048, 2048, 2048, 2048, 2048]","[2048, 2048, 2048, 2048, 2048, 2048]",113.0
1211,9096,44,13,2023-06-02T15:28:16.104000+00:00,42.661,58.575,42.56,158.0,123,False,143.796,"[2048, 2048, 2048, 2048, 2048, 2048, 2048]","[2048, 2048, 2048, 2048, 2048, 2048, 2048, 2048]","[2048, 2048, 2048, 2048, 2064, 2064]",158.0
1211,9096,14,14,2023-06-02T15:28:22.713000+00:00,,43.045,26.576,187.0,238,True,617.411,"[2064, 2064, 2048, 2048, 2048, 2048, 2048]","[2048, 2048, 2048, 2048, 2048, 2048, 2048, 2048]","[2048, 2048, 2048, 2048, 2048]",208.0
1211,9096,4,11,2023-06-02T15:28:30.963000+00:00,38.909,40.419,31.586,200.0,227,False,110.914,"[None, 2048, 2048, 2048, 2048, 2048, 2048]","[2048, 2048, 2048, 2048, 2048, 2048, 2048, 2048]","[2048, 2048, 2048, 2048, 2048, 2048]",157.0
1211,9096,22,15,2023-06-02T15:28:33.994000+00:00,22.333,30.022,22.485,284.0,301,False,74.84,"[2048, 2048, 2048, 2049, 2049, 2049, 2048]","[2048, 2049, 2049, 2049, 2049, 2049, 2049, 2048]","[2049, 2049, 2049, 2049, 2049]",315.0
1211,9096,21,15,2023-06-02T15:28:38.385000+00:00,22.274,30.039,22.472,284.0,302,False,74.785,"[2048, 2048, 2048, 2049, 2049, 2049, 2048]","[2049, 2048, 2049, 2048, 2049, 2049, 2049, 2049]","[2049, 2049, 2049, 2048, 2049]",317.0
1211,9096,24,12,2023-06-02T15:28:39.682000+00:00,63.412,42.099,26.715,176.0,223,True,132.226,"[2064, 2064, 2048, 2048, 2048, 2048, 2048]","[2048, 2048, 2048, 2048, 2048, 2048, 2048, 2048]","[2048, 2048, 2048, 2048, 2048, 2048]",131.0
1211,9096,77,13,2023-06-02T15:29:03.010000+00:00,22.317,29.923,22.656,279.0,299,False,74.896,"[2049, 2048, 2048, 2048, 2048, 2048, 2048]","[2049, 2048, 2048, 2048, 2048, 2049, 2048, 2049]","[2048, 2048, 2049, 2049, 2048, 2048]",316.0
1211,9096,20,9,2023-06-02T15:29:06.353000+00:00,35.197,55.842,36.835,134.0,150,False,127.874,"[None, 2048, 2048, 2048, 2048, 2048, 2048]","[2048, 2048, 2048, 2048, 2048, 2048, 2048, 2048]","[2048, 2048, 2048, 2048, 2048, 2048]",295.0
1211,9096,63,13,2023-06-02T15:29:11.150000+00:00,28.811,38.638,32.37,205.0,211,False,99.819,"[None, 2048, 2048, 2048, 2048, 2048, 2048]","[2048, 2048, 2048, 2048, 2048, 2048, 2048, 2048]","[2048, 2048, 2048, 2048, 2064, 2064]",262.0
1211,9096,22,16,2023-06-02T15:29:48.759000+00:00,44.363,50.748,37.081,67.0,224,False,132.192,"[None, 2048, 2048, 2048, 2048, 2048, 2048]","[2048, 2048, 2048, 2048, 2048, 2048, 2048, 2048]","[2048, 2048, 2048, 2048, 2048, 2048]",125.0
1211,9096,21,16,2023-06-02T15:29:53.072000+00:00,31.883,44.661,30.313,162.0,242,False,106.857,"[None, 2048, 2048, 2048, 2048, 2048, 2048]","[2048, 2048, 2048, 2048, 2048, 2048, 2048, 2048]","[2048, 2048, 2048, 2048, 2048, 2048]",253.0
1211,9096,14,15,2023-06-02T15:30:02.056000+00:00,22.179,29.587,22.311,285.0,295,False,74.077,"[2049, 2049, 2048, 2049, 2049, 2049, 2049]","[2049, 2049, 2049, 2049, 2049, 2049, 2049, 2048]","[2049, 2049, 2051, 2049, 2048, 2049]",316.0
1211,9096,31,12,2023-06-02T15:30:11.524000+00:00,22.279,30.097,22.432,286.0,302,False,74.808,"[2048, 2048, 2048, 2048, 2049, 2048, 2048]","[2048, 2048, 2048, 2048, 2048, 2048, 2048, 2048]","[2049, 2048, 2048, 2048, 2048, 2048]",322.0
1211,9096,10,12,2023-06-02T15:30:15.681000+00:00,22.212,30.021,22.51,287.0,300,False,74.743,"[2048, 2048, 2048, 2048, 2048, 2049, 2049]","[2048, 2048, 2048, 2048, 2048, 2048, 2048, 2049]","[2049, 2048, 2048, 2049, 2049, 2049]",322.0
1211,9096,77,14,2023-06-02T15:30:18.024000+00:00,41.504,37.024,34.322,97.0,228,False,112.85,"[2048, 2048, 2048, 2048, 2048, 2048, 2048]","[2048, 2048, 2048, 2048, 2048, 2048, 2048, 2048]","[2048, 2048, 2048, 2048, 2064, 2064]",131.0
1211,9096,4,12,2023-06-02T15:30:21.946000+00:00,22.263,29.884,22.547,278.0,298,False,74.694,"[None, 2048, 2048, 2049, 2048, 2048, 2048]","[2048, 2048, 2048, 2048, 2048, 2048, 2048, 2048]","[2048, 2049, 2049, 2049, 2049, 2049]",316.0
1211,9096,24,13,2023-06-02T15:30:36.509000+00:00,22.183,30.197,22.701,284.0,295,False,75.081,"[2049, 2048, 2049, 2049, 2048, 2048, 2048]","[2048, 2048, 2048, 2048, 2048, 2048, 2048, 2048]","[2048, 2048, 2048, 2048, 2048, 2048]",321.0
1211,9096,81,12,2023-06-02T15:30:47.368000+00:00,,36.055,25.676,226.0,248,True,829.563,"[2064, 2064, 2048, 2048, 2048, 2048, 2048]","[2048, 2048, 2048, 2048, 2048, 2048, 2048, 2048]","[2048, 2048, 2048, 2048, 2048]",200.0
1211,9096,18,14,2023-06-02T15:30:54.446000+00:00,,43.35,28.47,192.0,232,True,666.146,"[2064, 2064, 2048, 2048, 2048, 2048, 2048]","[2048, 2048, 2048, 2048, 2048, 2048, 2048, 2048]","[2048, 2048, 2048, 2048, 2048, 2048]",221.0
1211,9096,11,12,2023-06-02T15:30:57.243000+00:00,,41.214,32.269,186.0,249,True,794.027,"[2064, 2064, 2048, 2048, 2048, 2048, 2048]","[2048, 2048, 2048, 2048, 2048, 2048, 2048, 2048]","[2048, 2048, 2048, 2048, 2048, 2048]",195.0
1211,9096,44,14,2023-06-02T15:31:08.071000+00:00,58.882,38.992,31.249,198.0,224,True,129.123,"[2064, 2064, 2048, 2048, 2048, 2048, 2048]","[2048, 2048, 2048, 2048, 2048, 2048, 2048, 2048]","[2048, 2048, 2048, 2048, 2048, 2048]",204.0
1211,9096,55,10,2023-06-02T15:31:12.867000+00:00,,34.427,24.941,228.0,266,True,552.733,"[2064, 2064, 2048, 2048, 2048, 2048, 2048]","[2048, 2048, 2048, 2048, 2048, 2048, 2048, 2048]","[2048, 2048, 2048, 2048, 2048, 2048]",223.0
1211,9096,20,10,2023-06-02T15:31:14.336000+00:00,39.068,50.205,35.853,130.0,171,False,125.126,"[2048, 2048, 2048, 2048, 2048, 2048, 2048]","[2048, 2048, 2048, 2048, 2048, 2048, 2048, 2048]","[2048, 2048, 2048, 2048, 2048, 2048]",200.0
1211,9096,14,16,2023-06-02T15:31:16.102000+00:00,51.738,52.425,33.868,52.0,229,False,138.031,"[2048, 2048, 2048, 2048, 2048, 2048, 2048]","[2048, 2048, 2048, 2048, 2048, 2048, 2048, 2048]","[2048, 2048, 2048, 2048, 2048, 2048]",133.0
1211,9096,31,13,2023-06-02T15:31:26.320000+00:00,28.465,41.24,33.843,194.0,235,False,103.548,"[None, 2048, 2048, 2048, 2048, 2048, 2048]","[2048, 2048, 2048, 2048, 2048, 2048, 2048, 2048]","[2048, 2048, 2048, 2048, 2064, 2064]",307.0
1211,9096,10,13,2023-06-02T15:31:30.430000+00:00,26.94,36.828,30.132,239.0,262,False,93.9,"[None, 2048, 2048, 2048, 2048, 2048, 2048]","[2048, 2048, 2048, 2048, 2048, 2048, 2048, 2048]","[2048, 2048, 2048, 2048, 2064, 2064]",301.0
1211,9096,4,13,2023-06-02T15:31:36.633000+00:00,33.102,39.7,30.099,208.0,225,False,102.901,"[None, 2048, 2048, 2048, 2048, 2048, 2048]","[2048, 2048, 2048, 2048, 2048, 2048, 2048, 2048]","[2048, 2048, 2048, 2048, 2064, 2064]",278.0
1211,9096,21,17,2023-06-02T15:31:40.008000+00:00,27.934,38.965,26.649,240.0,265,False,93.548,"[None, 2048, 2048, 2048, 2048, 2048, 2048]","[2048, 2048, 2048, 2048, 2048, 2048, 2048, 2048]","[2048, 2048, 2048, 2048, 2048, 2048]",294.0
1211,9096,16,10,2023-06-02T15:31:47.461000+00:00,,34.064,35.247,248.0,234,True,577.265,"[2064, 2064, 2048, 2048, 2048, 2048, 2048]","[2048, 2048, 2048, 2048, 2048, 2048, 2048, 2048]","[2048, 2048, 2048, 2048, 2048, 2048]",231.0
1211,9096,24,14,2023-06-02T15:31:51.617000+00:00,28.613,37.948,29.29,208.0,218,False,95.851,"[2048, 2048, 2048, 2048, 2048, 2048, 2048]","[2048, 2048, 2048, 2048, 2048, 2048, 2048, 2048]","[2048, 2048, 2048, 2048, 2064, 2064]",276.0
1211,9096,22,17,2023-06-02T15:32:01.008000+00:00,35.812,52.352,31.715,147.0,244,False,119.879,"[None, 2048, 2048, 2048, 2048, 2048, 2048]","[2048, 2048, 2048, 2048, 2048, 2048, 2048, 2048]","[2048, 2048, 2048, 2048, 2048, 2048]",266.0
1211,9096,1,12,2023-06-02T15:32:18.585000+00:00,,41.907,24.042,97.0,257,True,449.92,"[2064, 2064, 2048, 2048, 2048, 2048, 2048]","[2048, 2048, 2048, 2048, 2048, 2048, 2048, 2048]","[2048, 2048, 2048, 2048, 2048, 2048]",197.0
1211,9096,81,13,2023-06-02T15:32:18.679000+00:00,22.173,29.827,22.583,283.0,296,False,74.583,"[2049, 2048, 2049, 2049, 2051, 2049, 2049]","[2049, 2049, 2049, 2049, 2049, 2049, 2049, 2049]","[2049, 2049, 2049, 2049, 2051, 2051]",317.0
1211,9096,18,15,2023-06-02T15:32:35.054000+00:00,22.463,29.975,22.572,281.0,295,False,75.01,"[2048, 2048, 2048, 2049, 2049, 2049, 2048]","[2049, 2049, 2049, 2049, 2049, 2048, 2048, 2048]","[2049, 2049, 2049, 2049, 2049]",315.0
1211,9096,11,13,2023-06-02T15:32:42.773000+00:00,22.137,29.751,22.331,286.0,306,False,74.219,"[2049, 2048, 2049, 2049, 2049, 2049, 2049]","[2048, 2049, 2049, 2049, 2049, 2049, 2049, 2049]","[2049, 2049, 2049, 2049, 2049, 2049]",323.0
1211,9096,44,15,2023-06-02T15:32:49.132000+00:00,22.343,30.084,22.697,285.0,301,False,75.124,"[2048, 2048, 2048, 2048, 2048, 2048, 2048]","[2048, 2048, 2048, 2048, 2048, 2048, 2048, 2048]","[2049, 2049, 2048, 2048, 2049, 2049]",321.0
1211,9096,55,11,2023-06-02T15:32:57.585000+00:00,24.038,32.171,23.857,270.0,267,False,80.066,"[2048, 2048, 2048, 2048, 2048, 2048, 2048]","[2048, 2048, 2048, 2048, 2048, 2048, 2048, 2048]","[2048, 2048, 2048, 2048, 2048, 2048]",300.0
1211,9096,21,18,2023-06-02T15:33:13.554000+00:00,22.27,29.981,22.618,283.0,301,False,74.869,"[None, 2048, 2048, 2049, 2049, 2049, 2048]","[2048, 2049, 2048, 2049, 2049, 2049, 2049, 2048]","[2049, 2048, 2048, 2048, 2048, 2048]",316.0
1211,9096,20,11,2023-06-02T15:33:19.413000+00:00,22.343,30.117,22.697,284.0,302,False,75.157,"[2049, 2049, 2049, 2049, 2048, 2048, 2048]","[2048, 2048, 2048, 2048, 2048, 2048, 2048, 2048]","[2048, 2048, 2048, 2048, 2049]",326.0
1211,9096,81,14,2023-06-02T15:33:33.163000+00:00,33.889,41.854,29.778,205.0,225,False,105.521,"[2048, 2048, 2048, 2048, 2048, 2048, 2048]","[2048, 2048, 2048, 2048, 2048, 2048, 2048, 2048]","[2048, 2048, 2048, 2048, 2064, 2064]",233.0
1211,9096,14,17,2023-06-02T15:33:34.132000+00:00,22.021,29.792,22.448,285.0,297,False,74.261,"[2049, 2049, 2049, 2048, 2049, 2049, 2049]","[2048, 2048, 2048, 2049, 2048, 2048, 2048, 2048]","[2049, 2048, 2048, 2048, 2049, 2049]",322.0
1211,9096,16,11,2023-06-02T15:33:40.069000+00:00,24.279,32.514,24.296,263.0,264,False,81.089,"[2048, 2048, 2048, 2048, 2048, 2048, 2048]","[2048, 2048, 2048, 2048, 2048, 2048, 2048, 2048]","[2048, 2048, 2048, 2048, 2048, 2048]",299.0
1211,9096,27,11,2023-06-02T15:33:46.725000+00:00,,33.894,24.634,240.0,261,True,446.282,"[2064, 2064, 2048, 2048, 2048, 2048, 2048]","[2048, 2048, 2048, 2048, 2048, 2048, 2048, 2048]","[2048, 2048, 2048, 2048, 2048, 0]",232.0
1211,9096,18,16,2023-06-02T15:33:50.022000+00:00,39.254,64.195,38.899,128.0,144,False,142.348,"[None, 2048, 2048, 2048, 2048, 2048, 2048]","[2048, 2048, 2048, 2048, 2048, 2048, 2048, 2048]","[2048, 2048, 2048, 2048, 2048, 2048]",197.0
1211,9096,11,14,2023-06-02T15:33:57.241000+00:00,24.547,35.426,28.59,231.0,269,False,88.563,"[2048, 2048, 2048, 2048, 2048, 2048, 2048]","[2048, 2048, 2048, 2048, 2048, 2048, 2048, 2048]","[2048, 2048, 2048, 2048, 2064, 2064]",304.0
1211,9096,22,18,2023-06-02T15:34:00.897000+00:00,22.464,30.64,23.009,284.0,298,False,76.113,"[None, 2048, 2048, 2048, 2048, 2048, 2048]","[2048, 2048, 2048, 2048, 2048, 2048, 2048, 2048]","[2048, 2048, 2048, 2048, 2048, 2048]",319.0
1211,9096,44,16,2023-06-02T15:34:04.241000+00:00,29.063,33.039,28.335,227.0,233,False,90.437,"[None, 2048, 2048, 2048, 2048, 2048, 2048]","[2048, 2048, 2048, 2048, 2048, 2048, 2048, 2048]","[2048, 2048, 2048, 2048, 2064, 2064]",206.0
1211,9096,1,13,2023-06-02T15:34:07.647000+00:00,23.986,32.166,24.034,255.0,254,False,80.186,"[2048, 2048, 2048, 2048, 2048, 2048, 2048]","[2048, 2048, 2048, 2048, 2048, 2048, 2048, 2048]","[2048, 2048, 2048, 2048, 2048, 2048]",299.0
1211,9096,55,12,2023-06-02T15:34:17.662000+00:00,23.999,32.26,23.997,266.0,269,False,80.256,"[None, 2048, 2048, 2048, 2048, 2048, 2048]","[2048, 2048, 2048, 2048, 2048, 2048, 2048, 2048]","[2048, 2048, 2048, 2048, 2048, 2048]",
1211,9096,21,19,2023-06-02T15:34:28.428000+00:00,27.06,34.891,29.966,230.0,255,False,91.917,"[None, 2048, 2048, 2048, 2048, 2048, 2048]","[2048, 2048, 2048, 2048, 2048, 2048, 2048, 2048]","[2048, 2048, 2048, 2048, 2064, 2064]",303.0
1211,9096,20,12,2023-06-02T15:34:34.568000+00:00,25.537,35.913,30.599,243.0,198,False,92.049,"[2051, 2048, 2048, 2048, 2048, 2048, 2048]","[2048, 2048, 2048, 2048, 2048, 2048, 2048, 2048]","[2048, 2048, 2048, 2048, 2064, 2064]",311.0
1211,9096,14,18,2023-06-02T15:34:48.365000+00:00,28.959,40.375,35.755,219.0,160,False,105.089,"[2048, 2048, 2048, 2048, 2048, 2048, 2048]","[2048, 2048, 2048, 2048, 2048, 2048, 2048, 2048]","[2048, 2048, 2048, 2048, 2064, 2064]",253.0
1211,9096,16,12,2023-06-02T15:35:01.131000+00:00,24.251,32.106,23.79,268.0,275,False,80.147,"[None, 2048, 2048, 2048, 2048, 2048, 2048]","[2048, 2048, 2048, 2048, 2048, 2048, 2048, 2048]","[2048, 2048, 2048, 2048, 2048, 2048]",298.0
1211,9096,22,19,2023-06-02T15:35:17.052000+00:00,27.516,33.798,29.88,240.0,257,False,91.194,"[None, 2048, 2048, 2048, 2048, 2048, 2048]","[2048, 2048, 2048, 2048, 2048, 2048, 2048, 2048]","[2048, 2048, 2048, 2048, 2064, 2064]",299.0
1211,9096,27,12,2023-06-02T15:35:24.161000+00:00,24.13,32.527,24.348,261.0,269,False,81.005,"[2048, 2048, 2048, 2048, 2048, 2048, 2048]","[2048, 2048, 2048, 2048, 2048, 2048, 2048, 2048]","[2048, 2048, 2048, 2048, 2048, 2048]",298.0
1211,9096,1,14,2023-06-02T15:35:27.802000+00:00,23.923,32.012,23.719,259.0,264,False,79.654,"[None, 2048, 2048, 2048, 2048, 2048, 2048]","[2048, 2048, 2048, 2048, 2048, 2048, 2048, 2048]","[2048, 2048, 2048, 2048, 2048]",300.0
1211,9096,23,14,2023-06-02T15:35:31.568000+00:00,,35.034,24.767,243.0,259,True,457.949,"[2064, 2064, 2048, 2048, 2048, 2048, 2048]","[2048, 2048, 2048, 2048, 2048, 2048, 2048, 2048]","[2048, 2048, 2048, 2048, 2048, 2048]",231.0
1211,9096,55,13,2023-06-02T15:35:37.896000+00:00,23.913,32.176,23.932,,271,False,80.021,"[None, 2048, 2048, 2048, 2048, 2048, 2048]","[2048, 2048, 2048, 2048, 2048, 2048, 2048, 2048]","[2048, 2048, 2048, 2048, 2048, 2048]",
1211,9096,2,14,2023-06-02T15:36:01.333000+00:00,,33.17,24.46,266.0,274,True,460.5,"[2064, 2064, 2048, 2048, 2048, 2048, 2048]","[2048, 2048, 2048, 2048, 2048, 2048, 2048, 2048]","[2048, 2048, 2048, 2048, 2048, 0]",232.0
1211,9096,18,17,2023-06-02T15:36:12.427000+00:00,42.488,37.554,25.708,167.0,257,False,105.75,"[None, 2048, 2048, 2048, 2048, 2048, 2048]","[2048, 2048, 2048, 2048, 2048, 2048, 2048, 2048]","[2048, 2048, 2048, 2048, 2048, 2048]",121.0
1211,9096,16,13,2023-06-02T15:36:21.286000+00:00,24.215,32.071,23.97,,273,False,80.256,"[None, 2048, 2048, 2048, 2048, 2048, 2048]","[2048, 2048, 2048, 2048, 2048, 2048, 2048, 2048]","[2048, 2048, 2048, 2048, 2048, 2048]",
1211,9096,27,13,2023-06-02T15:36:45.161000+00:00,24.062,32.18,24.049,269.0,270,False,80.291,"[None, 2048, 2048, 2048, 2048, 2048, 2048]","[2048, 2048, 2048, 2048, 2048, 2048, 2048, 2048]","[2048, 2048, 2048, 2048, 2048]",
1211,9096,1,15,2023-06-02T15:36:47.395000+00:00,24.099,32.076,24.127,255.0,261,False,80.302,"[None, 2048, 2048, 2048, 2048, 2048, 2048]","[2048, 2048, 2048, 2048, 2048, 2048, 2048, 2048]","[2048, 2048, 2048, 2048, 2048, 2048]",301.0
1211,9096,55,14,2023-06-02T15:36:57.910000+00:00,24.045,32.282,24.013,262.0,271,False,80.34,"[None, 2048, 2048, 2048, 2048, 2048, 2048]","[2048, 2048, 2048, 2048, 2048, 2048, 2048, 2048]","[2048, 2048, 2048, 2048, 2048, 2048]",
1211,9096,23,15,2023-06-02T15:37:15.051000+00:00,24.399,32.78,24.544,259.0,263,False,81.723,"[2048, 2048, 2048, 2048, 2048, 2048, 2048]","[2048, 2048, 2048, 2048, 2048, 2048, 2048, 2048]","[2048, 2048, 2048, 2048, 2048]",295.0
1211,9096,2,15,2023-06-02T15:37:37.347000+00:00,24.405,32.702,24.513,264.0,264,False,81.62,"[2048, 2048, 2048, 2048, 2048, 2048, 2048]","[2048, 2048, 2048, 2048, 2048, 2048, 2048, 2048]","[2048, 2048, 2048, 2048, 2048]",295.0
1211,9096,16,14,2023-06-02T15:37:41.597000+00:00,23.965,31.96,24.015,272.0,277,False,79.94,"[None, 2048, 2048, 2048, 2048, 2048, 2048]","[2048, 2048, 2048, 2048, 2048, 2048, 2048, 2048]","[2048, 2048, 2048, 2048, 2048, 2048]",301.0
1211,9096,18,18,2023-06-02T15:37:58.144000+00:00,22.379,30.014,22.7,284.0,294,False,75.093,"[2049, 2049, 2049, 2049, 2048, 2049, 2049]","[2048, 2049, 2048, 2048, 2048, 2049, 2049, 2048]","[2048, 2048, 2049, 2049, 2048, 2048]",316.0
1211,9096,27,14,2023-06-02T15:38:05.457000+00:00,23.988,32.277,24.325,264.0,269,False,80.59,"[None, 2048, 2048, 2048, 2048, 2048, 2048]","[2048, 2048, 2048, 2048, 2048, 2048, 2048, 2048]","[2048, 2048, 2048, 2048, 2048]",302.0
1211,9096,1,16,2023-06-02T15:38:07.785000+00:00,24.084,32.191,24.074,253.0,264,False,80.349,"[None, 2048, 2048, 2048, 2048, 2048, 2048]","[2048, 2048, 2048, 2048, 2048, 2048, 2048, 2048]","[2048, 2048, 2048, 2048, 2048, 2048]",303.0
1211,9096,63,14,2023-06-02T15:38:11.207000+00:00,,33.01,24.366,258.0,266,True,539.329,"[2064, 2064, 2048, 2048, 2048, 2048, 2048]","[2048, 2048, 2048, 2048, 2048, 2048, 2048, 2048]","[2048, 2048, 2048, 2048, 2048, 2048]",234.0
1211,9096,77,15,2023-06-02T15:38:16.378000+00:00,,33.428,24.065,249.0,262,True,463.141,"[2064, 2064, 2048, 2048, 2048, 2048, 2048]","[2048, 2048, 2048, 2048, 2048, 2048, 2048, 2048]","[2048, 2048, 2048, 2048, 2048, 2048]",233.0
1211,9096,55,15,2023-06-02T15:38:18.285000+00:00,23.96,32.321,24.087,267.0,272,False,80.368,"[None, 2048, 2048, 2048, 2048, 2048, 2048]","[2048, 2048, 2048, 2048, 2048, 2048, 2048, 2048]","[2048, 2048, 2048, 2048, 2048, 2048]",302.0
1211,9096,23,16,2023-06-02T15:38:36.800000+00:00,24.544,32.797,24.363,257.0,265,False,81.704,"[None, 2048, 2048, 2048, 2048, 2048, 2048]","[2048, 2048, 2048, 2048, 2048, 2048, 2048, 2048]","[2048, 2048, 2048, 2048, 2048, 2048]",297.0
1211,9096,2,16,2023-06-02T15:38:58.972000+00:00,24.13,32.74,24.417,265.0,266,False,81.287,"[None, 2048, 2048, 2048, 2048, 2048, 2048]","[2048, 2048, 2048, 2048, 2048, 2048, 2048, 2048]","[2048, 2048, 2048, 2048, 2048, 2048]",296.0
1211,9096,16,15,2023-06-02T15:39:01.534000+00:00,24.032,32.01,24.084,269.0,273,False,80.126,"[None, 2048, 2048, 2048, 2048, 2048, 2048]","[2048, 2048, 2048, 2048, 2048, 2048, 2048, 2048]","[2048, 2048, 2048, 2048, 2048, 2048]",302.0
1211,9096,18,19,2023-06-02T15:39:13.253000+00:00,25.379,32.376,30.055,237.0,225,False,87.81,"[2048, 2048, 2048, 2048, 2048, 2048, 2048]","[2048, 2048, 2048, 2048, 2048, 2048, 2048, 2048]","[2048, 2048, 2048, 2048, 2064, 2064]",253.0
1211,9096,27,15,2023-06-02T15:39:26.002000+00:00,24.004,32.224,24.118,265.0,270,False,80.346,"[None, 2048, 2048, 2048, 2048, 2048, 2048]","[2048, 2048, 2048, 2048, 2048, 2048, 2048, 2048]","[2048, 2048, 2048, 2048, 2048, 2048]",300.0
1211,9096,1,17,2023-06-02T15:39:28.112000+00:00,23.926,32.159,24.104,250.0,261,False,80.189,"[None, 2048, 2048, 2048, 2048, 2048, 2048]","[2048, 2048, 2048, 2048, 2048, 2048, 2048, 2048]","[2048, 2048, 2048, 2048, 2048, 2048]",
1211,9096,4,14,2023-06-02T15:39:29.237000+00:00,,33.003,24.387,258.0,258,True,468.927,"[2064, 2064, 2048, 2048, 2048, 2048, 2048]","[2048, 2048, 2048, 2048, 2048, 2048, 2048, 2048]","[2048, 2048, 2048, 2048, 2048, 2048]",232.0
1211,9096,55,16,2023-06-02T15:39:38.627000+00:00,23.934,32.241,24.098,,277,False,80.273,"[None, 2048, 2048, 2048, 2048, 2048, 2048]","[2048, 2048, 2048, 2048, 2048, 2048, 2048, 2048]","[2048, 2048, 2048, 2048, 2048]",301.0
1211,9096,63,15,2023-06-02T15:39:50.377000+00:00,24.161,32.199,24.351,267.0,277,False,80.711,"[2048, 2048, 2048, 2048, 2048, 2048, 2048]","[2048, 2048, 2048, 2048, 2048, 2048, 2048, 2048]","[2048, 2048, 2048, 2048, 2048]",289.0
1211,9096,77,16,2023-06-02T15:39:53.987000+00:00,24.186,32.044,23.929,264.0,272,False,80.159,"[2048, 2048, 2048, 2048, 2048, 2048, 2048]","[2048, 2048, 2048, 2048, 2048, 2048, 2048, 2048]","[2048, 2048, 2048, 2048, 2048]",292.0
1211,9096,31,14,2023-06-02T15:39:56.690000+00:00,,32.469,24.145,252.0,268,True,510.646,"[2064, 2064, 2048, 2048, 2048, 2048, 2048]","[2048, 2048, 2048, 2048, 2048, 2048, 2048, 2048]","[2048, 2048, 2048, 2048, 2048, 0]",228.0
1211,9096,23,17,2023-06-02T15:39:58.502000+00:00,24.387,32.65,24.508,258.0,271,False,81.545,"[None, 2048, 2048, 2048, 2048, 2048, 2048]","[2048, 2048, 2048, 2048, 2048, 2048, 2048, 2048]","[2048, 2048, 2048, 2048, 2048, 2048]",300.0
1211,9096,2,17,2023-06-02T15:40:20.236000+00:00,24.3,32.915,24.431,266.0,266,False,81.646,"[None, 2048, 2048, 2048, 2048, 2048, 2048]","[2048, 2048, 2048, 2048, 2048, 2048, 2048, 2048]","[2048, 2048, 2048, 2048, 2048, 2048]",297.0
1211,9096,16,16,2023-06-02T15:40:21.611000+00:00,23.789,32.503,24.485,270.0,272,False,80.777,"[None, 2048, 2048, 2048, 2048, 2048, 2048]","[2048, 2048, 2048, 2048, 2048, 2048, 2048, 2048]","[2048, 2048, 2048, 2048, 2048, 2048]",321.0
1211,9096,27,16,2023-06-02T15:40:46.392000+00:00,23.944,32.238,24.275,262.0,266,False,80.457,"[None, 2048, 2048, 2048, 2048, 2048, 2048]","[2048, 2048, 2048, 2048, 2048, 2048, 2048, 2048]","[2048, 2048, 2048, 2048, 2048, 2048]",301.0
1211,9096,1,18,2023-06-02T15:40:48.314000+00:00,23.843,32.021,24.013,256.0,267,False,79.877,"[None, 2048, 2048, 2048, 2048, 2048, 2048]","[2048, 2048, 2048, 2048, 2048, 2048, 2048, 2048]","[2048, 2048, 2048, 2048, 2048, 2048]",302.0
1211,9096,55,17,2023-06-02T15:40:58.908000+00:00,23.985,32.197,24.209,266.0,279,False,80.391,"[None, 2048, 2048, 2048, 2048, 2048, 2048]","[2048, 2048, 2048, 2048, 2048, 2048, 2048, 2048]","[2048, 2048, 2048, 2048, 2048, 2048]",
1211,9096,4,15,2023-06-02T15:41:08.486000+00:00,24.276,32.388,24.105,266.0,268,False,80.769,"[2048, 2048, 2048, 2048, 2048, 2048, 2048]","[2048, 2048, 2048, 2048, 2048, 2048, 2048, 2048]","[2048, 2048, 2048, 2048, 2048, 2048]",293.0
1211,9096,10,14,2023-06-02T15:41:09.314000+00:00,,35.761,24.848,236.0,264,True,584.672,"[2064, 2064, 2048, 2048, 2048, 2048, 2048]","[2048, 2048, 2048, 2048, 2048, 2048, 2048, 2048]","[2048, 2048, 2048, 2048, 2048, 2048]",235.0
1211,9096,63,16,2023-06-02T15:41:11.079000+00:00,24.162,32.192,24.161,261.0,268,False,80.515,"[None, 2048, 2048, 2048, 2048, 2048, 2048]","[2048, 2048, 2048, 2048, 2048, 2048, 2048, 2048]","[2048, 2048, 2048, 2048, 2048, 2048]",293.0
1211,9096,81,15,2023-06-02T15:41:14.095000+00:00,,33.689,24.676,254.0,262,True,455.296,"[2064, 2064, 2048, 2048, 2048, 2048, 2048]","[2048, 2048, 2048, 2048, 2048, 2048, 2048, 2048]","[2048, 2048, 2048, 2048, 2048, 2048]",237.0
1211,9096,77,17,2023-06-02T15:41:14.157000+00:00,23.955,32.132,23.928,268.0,272,False,80.015,"[None, 2048, 2048, 2048, 2048, 2048, 2048]","[2048, 2048, 2048, 2048, 2048, 2048, 2048, 2048]","[2048, 2048, 2048, 2048, 2048, 2048]",294.0
1211,9096,23,18,2023-06-02T15:41:20.032000+00:00,24.206,32.626,28.036,262.0,272,False,84.868,"[None, 2048, 2048, 2048, 2048, 2048, 2048]","[2048, 2048, 2048, 2048, 2048, 2048, 2048, 2048]","[2048, 2048, 2048, 2048, 2064, 2064]",299.0
1211,9096,11,15,2023-06-02T15:41:21.970000+00:00,,32.964,24.523,245.0,248,True,454.718,"[2064, 2064, 2048, 2048, 2048, 2048, 2048]","[2048, 2048, 2048, 2048, 2048, 2048, 2048, 2048]","[2048, 2048, 2048, 2048, 2048, 2048]",224.0
1211,9096,31,15,2023-06-02T15:41:40.532000+00:00,23.902,32.21,24.062,271.0,268,False,80.174,"[2048, 2048, 2048, 2048, 2048, 2048, 2048]","[2048, 2048, 2048, 2048, 2048, 2048, 2048, 2048]","[2048, 2048, 2048, 2048, 2048, 2048]",301.0
1211,9096,2,18,2023-06-02T15:41:41.938000+00:00,24.836,32.875,24.549,,265,False,82.26,"[None, 2048, 2048, 2048, 2048, 2048, 2048]","[2048, 2048, 2048, 2048, 2048, 2048, 2048, 2048]","[2048, 2048, 2048, 2048, 2048, 2048]",301.0
1211,9096,16,17,2023-06-02T15:41:42.423000+00:00,23.748,32.186,28.041,269.0,276,False,83.975,"[None, 2049, 2048, 2048, 2048, 2048, 2048]","[2048, 2048, 2048, 2048, 2048, 2048, 2048, 2048]","[2048, 2048, 2048, 2048, 2064, 2064]",326.0
1211,9096,24,15,2023-06-02T15:41:49.116000+00:00,,33.626,24.741,241.0,250,True,606.651,"[2064, 2064, 2048, 2048, 2048, 2048, 2048]","[2048, 2048, 2048, 2048, 2048, 2048, 2048, 2048]","[2048, 2048, 2048, 2048, 2048, 2048]",145.0
1211,9096,27,17,2023-06-02T15:42:06.844000+00:00,24.119,32.565,24.2,267.0,268,False,80.884,"[None, 2048, 2048, 2048, 2048, 2048, 2048]","[2048, 2048, 2048, 2048, 2048, 2048, 2048, 2048]","[2048, 2048, 2048, 2048, 2048, 2048]",
1211,9096,1,19,2023-06-02T15:42:08.188000+00:00,23.669,31.954,24.09,263.0,263,False,79.713,"[None, 2048, 2048, 2048, 2048, 2048, 2048]","[2048, 2048, 2048, 2048, 2048, 2048, 2048, 2048]","[2048, 2048, 2048, 2048, 2048]",304.0
1211,9096,22,20,2023-06-02T15:42:12.547000+00:00,,34.393,24.897,239.0,266,True,420.233,"[2064, 2064, 2048, 2048, 2048, 2048, 2048]","[2048, 2048, 2048, 2048, 2048, 2048, 2048, 2048]","[2048, 2048, 2048, 2048, 2048, 2048]",231.0
1211,9096,55,18,2023-06-02T15:42:19.297000+00:00,24.017,32.316,24.06,272.0,280,False,80.393,"[None, 2048, 2048, 2048, 2048, 2048, 2048]","[2048, 2048, 2048, 2048, 2048, 2048, 2048, 2048]","[2048, 2048, 2048, 2048, 2048]",
1211,9096,44,17,2023-06-02T15:42:22.485000+00:00,,34.277,26.036,244.0,233,True,510.381,"[2064, 2064, 2048, 2048, 2048, 2048, 2048]","[2048, 2048, 2048, 2048, 2048, 2048, 2048, 2048]","[2048, 2048, 2048, 2048, 2048, 2048]",234.0
1211,9096,4,16,2023-06-02T15:42:29.235000+00:00,24.286,32.459,24.259,261.0,268,False,81.004,"[None, 2048, 2048, 2048, 2048, 2048, 2048]","[2048, 2048, 2048, 2048, 2048, 2048, 2048, 2048]","[2048, 2048, 2048, 2048, 2048, 2048]",294.0
1211,9096,63,17,2023-06-02T15:42:31.594000+00:00,24.057,32.173,24.084,262.0,274,False,80.314,"[None, 2048, 2048, 2048, 2048, 2048, 2048]","[2048, 2048, 2048, 2048, 2048, 2048, 2048, 2048]","[2048, 2048, 2048, 2048, 2048, 2048]",295.0
1211,9096,77,18,2023-06-02T15:42:34.157000+00:00,24.134,32.261,24.133,262.0,267,False,80.528,"[None, 2048, 2048, 2048, 2048, 2048, 2048]","[2048, 2048, 2048, 2048, 2048, 2048, 2048, 2048]","[2048, 2048, 2048, 2048, 2048, 2048]",293.0
1211,9096,10,15,2023-06-02T15:42:48.969000+00:00,24.021,32.3,24.046,268.0,262,False,80.367,"[2048, 2048, 2048, 2048, 2048, 2048, 2048]","[2048, 2048, 2048, 2048, 2048, 2048, 2048, 2048]","[2048, 2048, 2048, 2048, 2048, 2048]",301.0
1211,9096,81,16,2023-06-02T15:42:54.078000+00:00,24.582,32.682,24.211,263.0,262,False,81.475,"[2048, 2048, 2048, 2048, 2048, 2048, 2048]","[2048, 2048, 2048, 2048, 2048, 2048, 2048, 2048]","[2048, 2048, 2048, 2048, 2048, 2048]",294.0
1211,9096,11,16,2023-06-02T15:43:00.234000+00:00,24.511,32.344,23.77,257.0,265,False,80.625,"[2048, 2048, 2048, 2048, 2048, 2048, 2048]","[2048, 2048, 2048, 2048, 2048, 2048, 2048, 2048]","[2048, 2048, 2048, 2048, 2048, 2048]",298.0
1211,9096,31,16,2023-06-02T15:43:00.672000+00:00,23.44,32.145,24.021,267.0,273,False,79.606,"[None, 2048, 2048, 2048, 2048, 2048, 2048]","[2048, 2048, 2048, 2048, 2048, 2048, 2048, 2048]","[2048, 2048, 2048, 2048, 2048]",325.0
1211,9096,2,19,2023-06-02T15:43:04.187000+00:00,24.071,32.984,24.526,267.0,265,False,81.581,"[None, 2048, 2048, 2048, 2048, 2048, 2048]","[2048, 2048, 2048, 2048, 2048, 2048, 2048, 2048]","[2048, 2048, 2048, 2048, 2048, 2048]",302.0
1211,9096,21,20,2023-06-02T15:43:11.484000+00:00,,33.302,24.991,266.0,259,True,533.903,"[2064, 2064, 2048, 2048, 2048, 2048, 2048]","[2048, 2048, 2048, 2048, 2048, 2048, 2048, 2048]","[2048, 2048, 2048, 2048, 2048, 2048]",231.0
1211,9096,23,19,2023-06-02T15:43:14.047000+00:00,54.284,32.614,24.38,248.0,267,True,111.278,"[2064, 2064, 2048, 2048, 2048, 2048, 2048]","[2048, 2048, 2048, 2048, 2048, 2048, 2048, 2048]","[2048, 2048, 2048, 2048, 2048]",241.0
1211,9096,16,18,2023-06-02T15:43:25.609000+00:00,46.337,35.573,24.723,192.0,259,True,106.633,"[2064, 2064, 2048, 2048, 2048, 2048, 2048]","[2048, 2048, 2048, 2048, 2048, 2048, 2048, 2048]","[2048, 2048, 2048, 2048, 2048]",247.0
1211,9096,27,18,2023-06-02T15:43:27.765000+00:00,24.406,32.899,24.554,261.0,266,False,81.859,"[None, 2048, 2048, 2048, 2048, 2048, 2048]","[2048, 2048, 2048, 2048, 2048, 2048, 2048, 2048]","[2048, 2048, 2048, 2048, 2048, 2048]",305.0
1211,9096,1,20,2023-06-02T15:43:27.953000+00:00,23.443,32.151,24.029,261.0,271,False,79.623,"[None, 2048, 2048, 2048, 2048, 2048, 2048]","[2048, 2048, 2048, 2048, 2048, 2048, 2048, 2048]","[2048, 2048, 2048, 2048, 2048, 2048]",324.0
1211,9096,24,16,2023-06-02T15:43:34.109000+00:00,24.301,32.684,24.516,266.0,249,False,81.501,"[2048, 2048, 2048, 2048, 2048, 2048, 2048]","[2048, 2048, 2048, 2048, 2048, 2048, 2048, 2048]","[2048, 2048, 2048, 2048, 2048, 2048]",295.0
1211,9096,55,19,2023-06-02T15:43:39.718000+00:00,24.028,32.394,24.302,271.0,281,False,80.724,"[None, 2048, 2048, 2048, 2048, 2048, 2048]","[2048, 2048, 2048, 2048, 2048, 2048, 2048, 2048]","[2048, 2048, 2048, 2048, 2048]",302.0
1211,9096,22,21,2023-06-02T15:43:48.468000+00:00,24.406,32.553,24.445,265.0,271,False,81.404,"[2048, 2048, 2048, 2048, 2048, 2048, 2048]","[2048, 2048, 2048, 2048, 2048, 2048, 2048, 2048]","[2048, 2048, 2048, 2048, 2048]",289.0
1211,9096,4,17,2023-06-02T15:43:50.218000+00:00,24.255,32.563,27.751,263.0,278,False,84.569,"[None, 2048, 2048, 2048, 2048, 2048, 2048]","[2048, 2048, 2048, 2048, 2048, 2048, 2048, 2048]","[2048, 2048, 2048, 2048, 2064, 2064]",298.0
1211,9096,63,18,2023-06-02T15:43:51.937000+00:00,23.626,32.254,24.194,272.0,281,False,80.074,"[None, 2049, 2048, 2048, 2048, 2048, 2048]","[2048, 2048, 2048, 2048, 2048, 2048, 2048, 2048]","[2048, 2048, 2048, 2048, 2048, 2048]",320.0
1211,9096,77,19,2023-06-02T15:43:54.671000+00:00,23.977,32.252,24.101,,269,False,80.33,"[None, 2048, 2048, 2048, 2048, 2048, 2048]","[2048, 2048, 2048, 2048, 2048, 2048, 2048, 2048]","[2048, 2048, 2048, 2048, 2048, 2048]",296.0
1211,9096,44,18,2023-06-02T15:44:05.031000+00:00,24.237,32.181,24.184,260.0,271,False,80.602,"[2048, 2048, 2048, 2048, 2048, 2048, 2048]","[2048, 2048, 2048, 2048, 2048, 2048, 2048, 2048]","[2048, 2048, 2048, 2048, 2048, 2048]",299.0
1211,9096,10,16,2023-06-02T15:44:09.359000+00:00,23.937,32.201,24.227,269.0,265,False,80.365,"[None, 2048, 2048, 2048, 2048, 2048, 2048]","[2048, 2048, 2048, 2048, 2048, 2048, 2048, 2048]","[2048, 2048, 2048, 2048, 2048]",305.0
1211,9096,81,17,2023-06-02T15:44:15.593000+00:00,24.435,32.782,24.122,264.0,264,False,81.339,"[None, 2048, 2048, 2048, 2048, 2048, 2048]","[2048, 2048, 2048, 2048, 2048, 2048, 2048, 2048]","[2048, 2048, 2048, 2048, 2048, 2048]",
1211,9096,31,17,2023-06-02T15:44:20.265000+00:00,23.83,32.081,24.305,269.0,276,False,80.216,"[None, 2048, 2048, 2048, 2048, 2048, 2048]","[2048, 2048, 2048, 2048, 2048, 2048, 2048, 2048]","[2048, 2048, 2048, 2048, 2048, 2048]",306.0
1211,9096,11,17,2023-06-02T15:44:20.874000+00:00,24.579,33.399,26.473,254.0,257,False,84.451,"[None, 2049, 2048, 2048, 2048, 2048, 2048]","[2048, 2048, 2048, 2048, 2048, 2048, 2048, 2048]","[2048, 2048, 2048, 2048, 2048, 2048]",329.0
1211,9096,2,20,2023-06-02T15:44:25.718000+00:00,24.223,32.695,24.54,266.0,268,False,81.458,"[None, 2048, 2048, 2048, 2048, 2048, 2048]","[2048, 2048, 2048, 2048, 2048, 2048, 2048, 2048]","[2048, 2048, 2048, 2048, 2048, 2048]",301.0
1211,9096,23,20,2023-06-02T15:44:36.171000+00:00,24.124,32.203,24.212,265.0,273,False,80.539,"[2048, 2048, 2048, 2048, 2048, 2048, 2048]","[2048, 2048, 2048, 2048, 2048, 2048, 2048, 2048]","[2048, 2048, 2048, 2048, 2048]",298.0
1211,9096,1,21,2023-06-02T15:44:47.530000+00:00,23.758,31.871,24.001,264.0,267,False,79.63,"[None, 2048, 2048, 2048, 2048, 2048, 2048]","[2048, 2048, 2048, 2048, 2048, 2048, 2048, 2048]","[2048, 2048, 2048, 2048, 2048, 2048]",301.0
1211,9096,27,19,2023-06-02T15:44:49.577000+00:00,24.055,32.517,24.337,269.0,276,False,80.909,"[None, 2048, 2048, 2048, 2048, 2048, 2048]","[2048, 2048, 2048, 2048, 2048, 2048, 2048, 2048]","[2048, 2048, 2048, 2048, 2048, 2048]",306.0
1211,9096,16,19,2023-06-02T15:44:53.030000+00:00,24.152,32.143,23.93,263.0,274,False,80.225,"[2048, 2048, 2048, 2048, 2048, 2048, 2048]","[2048, 2048, 2048, 2048, 2048, 2048, 2048, 2048]","[2048, 2048, 2048, 2048, 2048, 2048]",300.0
1211,9096,21,21,2023-06-02T15:44:54.264000+00:00,24.817,33.178,24.498,262.0,269,False,82.493,"[2048, 2048, 2048, 2048, 2048, 2048, 2048]","[2048, 2048, 2048, 2048, 2048, 2048, 2048, 2048]","[2048, 2048, 2048, 2048, 2048, 2048]",300.0
1211,9096,24,17,2023-06-02T15:44:55.592000+00:00,24.243,32.972,24.35,259.0,259,False,81.565,"[None, 2048, 2048, 2048, 2048, 2048, 2048]","[2048, 2048, 2048, 2048, 2048, 2048, 2048, 2048]","[2048, 2048, 2048, 2048, 2048, 2048]",301.0
1211,9096,55,20,2023-06-02T15:45:00.405000+00:00,23.963,32.322,24.268,,282,False,80.553,"[None, 2048, 2048, 2048, 2048, 2048, 2048]","[2048, 2048, 2048, 2048, 2048, 2048, 2048, 2048]","[2048, 2048, 2048, 2048, 2048, 2048]",303.0
1211,9096,22,22,2023-06-02T15:45:09.905000+00:00,24.364,32.716,24.375,262.0,275,False,81.455,"[None, 2048, 2048, 2048, 2048, 2048, 2048]","[2048, 2048, 2048, 2048, 2048, 2048, 2048, 2048]","[2048, 2048, 2048, 2048, 2048, 2048]",297.0
1211,9096,63,19,2023-06-02T15:45:11.983000+00:00,24.174,32.337,24.146,260.0,279,False,80.657,"[None, 2048, 2048, 2048, 2048, 2048, 2048]","[2048, 2048, 2048, 2048, 2048, 2048, 2048, 2048]","[2048, 2048, 2048, 2048, 2048, 2048]",297.0
1211,9096,77,20,2023-06-02T15:45:14.999000+00:00,23.97,32.317,24.26,266.0,267,False,80.547,"[None, 2048, 2048, 2048, 2048, 2048, 2048]","[2048, 2048, 2048, 2048, 2048, 2048, 2048, 2048]","[2048, 2048, 2048, 2048, 2048, 2048]",295.0
1211,9096,44,19,2023-06-02T15:45:25.639000+00:00,24.05,32.173,24.18,259.0,268,False,80.403,"[None, 2048, 2048, 2048, 2048, 2048, 2048]","[2048, 2048, 2048, 2048, 2048, 2048, 2048, 2048]","[2048, 2048, 2048, 2048, 2048]",
1211,9096,10,17,2023-06-02T15:45:29.764000+00:00,23.839,32.19,24.208,271.0,263,False,80.237,"[None, 2048, 2048, 2048, 2048, 2048, 2048]","[2048, 2048, 2048, 2048, 2048, 2048, 2048, 2048]","[2048, 2048, 2048, 2048, 2048, 2048]",307.0
1211,9096,4,18,2023-06-02T15:45:34.108000+00:00,43.669,32.328,23.69,262.0,271,True,99.687,"[2064, 2064, 2048, 2048, 2048, 2048, 2048]","[2048, 2048, 2048, 2048, 2048, 2048, 2048, 2048]","[2048, 2048, 2048, 2048, 2048, 2048]",243.0
1211,9096,81,18,2023-06-02T15:45:36.889000+00:00,24.287,32.502,24.071,266.0,265,False,80.86,"[None, 2048, 2048, 2048, 2048, 2048, 2048]","[2048, 2048, 2048, 2048, 2048, 2048, 2048, 2048]","[2048, 2048, 2048, 2048, 2048, 2048]",295.0
1211,9096,14,19,2023-06-02T15:45:37.451000+00:00,,33.483,24.219,255.0,265,True,642.458,"[2064, 2064, 2048, 2048, 2048, 2048, 2048]","[2048, 2048, 2048, 2048, 2048, 2048, 2048, 2048]","[2048, 2048, 2048, 2048, 2048, 2048]",235.0
1211,9096,31,18,2023-06-02T15:45:40.498000+00:00,24.18,32.323,24.158,266.0,275,False,80.661,"[None, 2048, 2048, 2048, 2048, 2048, 2048]","[2048, 2048, 2048, 2048, 2048, 2048, 2048, 2048]","[2048, 2048, 2048, 2048, 2048]",
1211,9096,11,18,2023-06-02T15:45:45.295000+00:00,23.77,32.039,23.763,258.0,265,False,79.572,"[None, 2048, 2048, 2048, 2048, 2048, 2048]","[2048, 2048, 2048, 2048, 2048, 2048, 2048, 2048]","[2048, 2048, 2048, 2048, 2048, 2048]",301.0
1211,9096,2,21,2023-06-02T15:45:47.170000+00:00,24.068,32.788,24.452,269.0,270,False,81.308,"[None, 2048, 2048, 2048, 2048, 2048, 2048]","[2048, 2048, 2048, 2048, 2048, 2048, 2048, 2048]","[2048, 2048, 2048, 2048, 2048, 2048]",303.0
1211,9096,23,21,2023-06-02T15:45:56.732000+00:00,24.171,32.19,24.197,264.0,275,False,80.558,"[None, 2048, 2048, 2048, 2048, 2048, 2048]","[2048, 2048, 2048, 2048, 2048, 2048, 2048, 2048]","[2048, 2048, 2048, 2048, 2048, 2048]",299.0
1211,9096,1,22,2023-06-02T15:46:07.170000+00:00,23.733,32.04,27.629,261.0,266,False,83.402,"[None, 2048, 2048, 2048, 2048, 2048, 2048]","[2048, 2048, 2048, 2048, 2048, 2048, 2048, 2048]","[2048, 2048, 2048, 2048, 2064, 2064]",302.0
1211,9096,27,20,2023-06-02T15:46:10.483000+00:00,24.007,32.507,24.431,268.0,269,False,80.945,"[None, 2048, 2048, 2048, 2048, 2048, 2048]","[2048, 2048, 2048, 2048, 2048, 2048, 2048, 2048]","[2048, 2048, 2048, 2048, 2048, 2048]",305.0
1211,9096,16,20,2023-06-02T15:46:13.232000+00:00,23.779,32.019,23.971,270.0,277,False,79.769,"[None, 2048, 2048, 2048, 2048, 2048, 2048]","[2048, 2048, 2048, 2048, 2048, 2048, 2048, 2048]","[2048, 2048, 2048, 2048, 2048, 2048]",303.0
1211,9096,21,22,2023-06-02T15:46:16.763000+00:00,25.002,33.188,24.492,264.0,269,False,82.682,"[None, 2048, 2048, 2048, 2048, 2048, 2048]","[2048, 2048, 2048, 2048, 2048, 2048, 2048, 2048]","[2048, 2048, 2048, 2048, 2048, 2048]",302.0
1211,9096,24,18,2023-06-02T15:46:17.170000+00:00,24.029,32.75,24.276,,261,False,81.055,"[None, 2049, 2048, 2048, 2048, 2048, 2048]","[2048, 2048, 2048, 2048, 2048, 2048, 2048, 2048]","[2048, 2048, 2048, 2048, 2048]",323.0
1211,9096,55,21,2023-06-02T15:46:20.998000+00:00,23.921,32.4,24.31,,280,False,80.631,"[None, 2048, 2048, 2048, 2048, 2048, 2048]","[2048, 2048, 2048, 2048, 2048, 2048, 2048, 2048]","[2048, 2048, 2048, 2048, 2048, 2048]",305.0
1211,9096,22,23,2023-06-02T15:46:31.326000+00:00,24.253,32.76,24.445,264.0,270,False,81.458,"[None, 2048, 2048, 2048, 2048, 2048, 2048]","[2048, 2048, 2048, 2048, 2048, 2048, 2048, 2048]","[2048, 2048, 2048, 2048, 2048, 2048]",298.0
1211,9096,63,20,2023-06-02T15:46:32.623000+00:00,23.744,32.477,24.338,264.0,264,False,80.559,"[None, 2048, 2048, 2048, 2048, 2048, 2048]","[2048, 2048, 2048, 2048, 2048, 2048, 2048, 2048]","[2048, 2048, 2048, 2048, 2048, 2048]",320.0
1211,9096,77,21,2023-06-02T15:46:35.544000+00:00,23.948,32.271,27.889,264.0,272,False,84.108,"[None, 2048, 2048, 2048, 2048, 2048, 2048]","[2048, 2048, 2048, 2048, 2048, 2048, 2048, 2048]","[2048, 2048, 2048, 2048, 2064, 2064]",297.0
1211,9096,44,20,2023-06-02T15:46:46.060000+00:00,23.964,32.026,24.182,263.0,274,False,80.172,"[None, 2048, 2048, 2048, 2048, 2048, 2048]","[2048, 2048, 2048, 2048, 2048, 2048, 2048, 2048]","[2048, 2048, 2048, 2048, 2048]",300.0
1211,9096,10,18,2023-06-02T15:46:49.966000+00:00,23.831,32.284,24.216,,263,False,80.331,"[None, 2048, 2048, 2048, 2048, 2048, 2048]","[2048, 2048, 2048, 2048, 2048, 2048, 2048, 2048]","[2048, 2048, 2048, 2048, 2048, 2048]",306.0
1211,9096,4,19,2023-06-02T15:46:54.482000+00:00,23.977,31.834,23.76,265.0,274,False,79.571,"[2048, 2048, 2048, 2048, 2048, 2048, 2048]","[2048, 2048, 2048, 2048, 2048, 2048, 2048, 2048]","[2048, 2048, 2048, 2048, 2048]",296.0
1211,9096,81,19,2023-06-02T15:46:57.747000+00:00,24.211,32.313,24.078,268.0,268,False,80.602,"[None, 2048, 2048, 2048, 2048, 2048, 2048]","[2048, 2048, 2048, 2048, 2048, 2048, 2048, 2048]","[2048, 2048, 2048, 2048, 2048, 2048]",298.0
1211,9096,31,19,2023-06-02T15:47:01.185000+00:00,24.071,32.318,24.159,268.0,274,False,80.548,"[None, 2048, 2048, 2048, 2048, 2048, 2048]","[2048, 2048, 2048, 2048, 2048, 2048, 2048, 2048]","[2048, 2048, 2048, 2048, 2048, 2048]",308.0
1211,9096,11,19,2023-06-02T15:47:04.919000+00:00,23.831,32.245,23.8,257.0,264,False,79.876,"[None, 2048, 2048, 2048, 2048, 2048, 2048]","[2048, 2048, 2048, 2048, 2048, 2048, 2048, 2048]","[2048, 2048, 2048, 2048, 2048, 2048]",302.0
1211,9096,2,22,2023-06-02T15:47:08.560000+00:00,24.058,32.862,28.407,267.0,272,False,85.327,"[None, 2048, 2048, 2048, 2048, 2048, 2048]","[2048, 2048, 2048, 2048, 2048, 2048, 2048, 2048]","[2048, 2048, 2048, 2048, 2064, 2064]",301.0
1211,9096,18,20,2023-06-02T15:47:09.200000+00:00,,32.205,24.057,265.0,269,True,487.316,"[2064, 2064, 2048, 2048, 2048, 2048, 2048]","[2048, 2048, 2048, 2048, 2048, 2048, 2048, 2048]","[2048, 2048, 2048, 2048, 2048, 2048]",233.0
1211,9096,14,20,2023-06-02T15:47:15.935000+00:00,24.035,32.221,24.164,269.0,268,False,80.42,"[2048, 2048, 2048, 2048, 2048, 2048, 2048]","[2048, 2048, 2048, 2048, 2048, 2048, 2048, 2048]","[2048, 2048, 2048, 2048, 2048]",298.0
1211,9096,23,22,2023-06-02T15:47:17.310000+00:00,24.014,32.333,24.281,,276,False,80.628,"[None, 2048, 2048, 2048, 2048, 2048, 2048]","[2048, 2048, 2048, 2048, 2048, 2048, 2048, 2048]","[2048, 2048, 2048, 2048, 2048]",304.0
1211,9096,20,13,2023-06-02T15:47:23.638000+00:00,,33.627,25.214,247.0,258,True,780.548,"[2064, 2064, 2048, 2048, 2048, 2048, 2048]","[2048, 2048, 2048, 2048, 2048, 2048, 2048, 2048]","[2048, 2048, 2048, 2048, 2048, 2048]",237.0
1211,9096,27,21,2023-06-02T15:47:31.450000+00:00,24.125,32.827,24.615,,266,False,81.567,"[None, 2048, 2048, 2048, 2048, 2048, 2048]","[2048, 2048, 2048, 2048, 2048, 2048, 2048, 2048]","[2048, 2048, 2048, 2048, 2048, 2048]",302.0
1211,9096,16,21,2023-06-02T15:47:33.044000+00:00,23.853,32.214,24.238,272.0,273,False,80.305,"[None, 2048, 2048, 2048, 2048, 2048, 2048]","[2048, 2048, 2048, 2048, 2048, 2048, 2048, 2048]","[2048, 2048, 2048, 2048, 2048, 2048]",
1211,9096,24,19,2023-06-02T15:47:38.231000+00:00,24.119,32.353,24.28,267.0,264,False,80.752,"[None, 2048, 2048, 2048, 2048, 2048, 2048]","[2048, 2048, 2048, 2048, 2048, 2048, 2048, 2048]","[2048, 2048, 2048, 2048, 2048]",298.0
1211,9096,21,23,2023-06-02T15:47:39.466000+00:00,24.056,32.495,24.349,273.0,269,False,80.9,"[None, 2048, 2048, 2048, 2048, 2048, 2048]","[2048, 2048, 2048, 2048, 2048, 2048, 2048, 2048]","[2048, 2048, 2048, 2048, 2048]",305.0
1211,9096,55,22,2023-06-02T15:47:41.622000+00:00,23.988,32.742,28.577,267.0,278,False,85.307,"[None, 2048, 2048, 2048, 2048, 2048, 2048]","[2048, 2048, 2048, 2048, 2048, 2048, 2048, 2048]","[2048, 2048, 2048, 2048, 2064, 2064]",
1211,9096,1,23,2023-06-02T15:47:50.059000+00:00,43.15,32.332,25.269,250.0,250,True,100.751,"[2064, 2064, 2048, 2048, 2048, 2048, 2048]","[2048, 2048, 2048, 2048, 2048, 2048, 2048, 2048]","[2048, 2048, 2048, 2048, 2048, 2048]",248.0
1211,9096,22,24,2023-06-02T15:47:52.762000+00:00,25.091,32.739,24.545,258.0,276,False,82.375,"[None, 2048, 2048, 2048, 2048, 2048, 2048]","[2048, 2048, 2048, 2048, 2048, 2048, 2048, 2048]","[2048, 2048, 2048, 2048, 2048, 2048]",300.0
1211,9096,63,21,2023-06-02T15:47:53.200000+00:00,23.626,32.113,24.259,260.0,268,False,79.998,"[None, 2049, 2048, 2048, 2048, 2048, 2048]","[2048, 2048, 2048, 2048, 2048, 2048, 2048, 2048]","[2048, 2048, 2048, 2048, 2048, 2048]",321.0
1211,9096,44,21,2023-06-02T15:48:06.231000+00:00,23.907,32.244,24.28,266.0,271,False,80.431,"[None, 2048, 2048, 2048, 2048, 2048, 2048]","[2048, 2048, 2048, 2048, 2048, 2048, 2048, 2048]","[2048, 2048, 2048, 2048, 2048, 2048]",301.0
1211,9096,10,19,2023-06-02T15:48:10.262000+00:00,23.847,32.158,24.134,269.0,262,False,80.139,"[None, 2048, 2048, 2048, 2048, 2048, 2048]","[2048, 2048, 2048, 2048, 2048, 2048, 2048, 2048]","[2048, 2048, 2048, 2048, 2048, 2048]",307.0
1211,9096,4,20,2023-06-02T15:48:14.028000+00:00,23.82,32.018,23.971,263.0,272,False,79.809,"[None, 2048, 2048, 2048, 2048, 2048, 2048]","[2048, 2048, 2048, 2048, 2048, 2048, 2048, 2048]","[2048, 2048, 2048, 2048, 2048, 2048]",297.0
1211,9096,81,20,2023-06-02T15:48:18.387000+00:00,24.409,32.419,24.094,265.0,265,False,80.922,"[None, 2048, 2048, 2048, 2048, 2048, 2048]","[2048, 2048, 2048, 2048, 2048, 2048, 2048, 2048]","[2048, 2048, 2048, 2048, 2048]",296.0
1211,9096,77,22,2023-06-02T15:48:19.606000+00:00,44.148,32.28,24.174,257.0,277,True,100.602,"[2064, 2064, 2048, 2048, 2048, 2048, 2048]","[2048, 2048, 2048, 2048, 2048, 2048, 2048, 2048]","[2048, 2048, 2048, 2048, 2048, 2048]",247.0
1211,9096,31,20,2023-06-02T15:48:21.700000+00:00,24.064,32.682,24.326,261.0,270,False,81.072,"[None, 2048, 2048, 2048, 2048, 2048, 2048]","[2048, 2048, 2048, 2048, 2048, 2048, 2048, 2048]","[2048, 2048, 2048, 2048, 2048, 2048]",
1211,9096,11,20,2023-06-02T15:48:24.778000+00:00,23.873,32.406,24.048,258.0,262,False,80.327,"[None, 2048, 2048, 2048, 2048, 2048, 2048]","[2048, 2048, 2048, 2048, 2048, 2048, 2048, 2048]","[2048, 2048, 2048, 2048, 2048, 2048]",303.0
1211,9096,14,21,2023-06-02T15:48:36.356000+00:00,24.092,32.037,27.776,266.0,270,False,83.905,"[None, 2048, 2048, 2048, 2048, 2048, 2048]","[2048, 2048, 2048, 2048, 2048, 2048, 2048, 2048]","[2048, 2048, 2048, 2048, 2064, 2064]",296.0
1211,9096,23,23,2023-06-02T15:48:37.934000+00:00,24.005,32.564,24.341,262.0,267,False,80.91,"[None, 2048, 2048, 2048, 2048, 2048, 2048]","[2048, 2048, 2048, 2048, 2048, 2048, 2048, 2048]","[2048, 2048, 2048, 2048, 2048, 2048]",303.0
1211,9096,18,21,2023-06-02T15:48:48.434000+00:00,23.782,31.775,23.826,267.0,269,False,79.383,"[2048, 2048, 2048, 2048, 2048, 2048, 2048]","[2048, 2048, 2048, 2048, 2048, 2048, 2048, 2048]","[2048, 2048, 2048, 2048, 2048, 2048]",295.0
1211,9096,27,22,2023-06-02T15:48:52.980000+00:00,24.566,32.887,24.691,255.0,267,False,82.144,"[None, 2048, 2048, 2048, 2048, 2048, 2048]","[2048, 2048, 2048, 2048, 2048, 2048, 2048, 2048]","[2048, 2048, 2048, 2048, 2048]",305.0
1211,9096,16,22,2023-06-02T15:48:53.309000+00:00,23.697,32.018,24.129,266.0,274,False,79.844,"[None, 2048, 2048, 2048, 2048, 2048, 2048]","[2048, 2048, 2048, 2048, 2048, 2048, 2048, 2048]","[2048, 2048, 2048, 2048, 2048, 2048]",322.0
1211,9096,2,23,2023-06-02T15:48:54.309000+00:00,45.594,33.012,24.404,251.0,264,True,103.01,"[2064, 2064, 2048, 2048, 2048, 2048, 2048]","[2048, 2048, 2048, 2048, 2048, 2048, 2048, 2048]","[2048, 2048, 2048, 2048, 2048, 2048]",247.0
1211,9096,24,20,2023-06-02T15:48:58.996000+00:00,23.972,32.372,28.58,266.0,267,False,84.924,"[None, 2048, 2048, 2048, 2048, 2048, 2048]","[2048, 2048, 2048, 2048, 2048, 2048, 2048, 2048]","[2048, 2048, 2048, 2048, 2064, 2064]",300.0
1211,9096,21,24,2023-06-02T15:49:00.340000+00:00,23.912,32.353,24.334,272.0,275,False,80.599,"[None, 2048, 2048, 2048, 2048, 2048, 2048]","[2048, 2048, 2048, 2048, 2048, 2048, 2048, 2048]","[2048, 2048, 2048, 2048, 2048]",306.0
1211,9096,20,14,2023-06-02T15:49:07.230000+00:00,24.657,32.901,24.926,261.0,260,False,82.484,"[2048, 2048, 2048, 2048, 2048, 2048, 2048]","[2048, 2048, 2048, 2048, 2048, 2048, 2048, 2048]","[2048, 2048, 2048, 2048, 2048, 2048]",299.0
1211,9096,1,24,2023-06-02T15:49:11.324000+00:00,23.756,31.784,23.63,255.0,264,False,79.17,"[2048, 2048, 2048, 2048, 2048, 2048, 2048]","[2048, 2048, 2048, 2048, 2048, 2048, 2048, 2048]","[2048, 2048, 2048, 2048, 2048, 2048]",302.0
1211,9096,63,22,2023-06-02T15:49:13.199000+00:00,23.954,32.282,24.289,270.0,262,False,80.525,"[None, 2048, 2048, 2048, 2048, 2048, 2048]","[2048, 2048, 2048, 2048, 2048, 2048, 2048, 2048]","[2048, 2048, 2048, 2048, 2048, 2048]",298.0
1211,9096,22,25,2023-06-02T15:49:15.168000+00:00,23.955,32.787,24.398,265.0,273,False,81.14,"[None, 2048, 2048, 2048, 2048, 2048, 2048]","[2048, 2048, 2048, 2048, 2048, 2048, 2048, 2048]","[2048, 2048, 2048, 2048, 2048, 2048]",305.0
1211,9096,55,23,2023-06-02T15:49:26.168000+00:00,43.19,32.676,24.407,258.0,267,True,100.273,"[2064, 2064, 2048, 2048, 2048, 2048, 2048]","[2048, 2048, 2048, 2048, 2048, 2048, 2048, 2048]","[2048, 2048, 2048, 2048, 2048, 2048]",251.0
1211,9096,44,22,2023-06-02T15:49:26.668000+00:00,24.044,34.37,25.335,267.0,207,False,83.749,"[None, 2048, 2048, 2048, 2048, 2048, 2048]","[2048, 2048, 2048, 2048, 2048, 2048, 2048, 2048]","[2048, 2048, 2048, 2048, 2048, 2048]",302.0
1211,9096,10,20,2023-06-02T15:49:30.418000+00:00,23.89,32.235,24.413,271.0,268,False,80.538,"[None, 2048, 2048, 2048, 2048, 2048, 2048]","[2048, 2048, 2048, 2048, 2048, 2048, 2048, 2048]","[2048, 2048, 2048, 2048, 2048]",308.0
1211,9096,4,21,2023-06-02T15:49:33.886000+00:00,23.77,31.974,23.883,266.0,272,False,79.627,"[None, 2048, 2048, 2048, 2048, 2048, 2048]","[2048, 2048, 2048, 2048, 2048, 2048, 2048, 2048]","[2048, 2048, 2048, 2048, 2048, 2048]",298.0
1211,9096,81,21,2023-06-02T15:49:39.292000+00:00,24.284,32.317,24.028,268.0,272,False,80.629,"[None, 2048, 2048, 2048, 2048, 2048, 2048]","[2048, 2048, 2048, 2048, 2048, 2048, 2048, 2048]","[2048, 2048, 2048, 2048, 2048, 2048]",297.0
1211,9096,77,23,2023-06-02T15:49:40.277000+00:00,23.769,32.405,24.134,259.0,275,False,80.308,"[2048, 2048, 2048, 2048, 2048, 2048, 2048]","[2048, 2048, 2048, 2048, 2048, 2048, 2048, 2048]","[2048, 2048, 2048, 2048, 2048]",316.0
1211,9096,31,21,2023-06-02T15:49:43.074000+00:00,24.043,32.604,24.182,262.0,272,False,80.829,"[None, 2048, 2048, 2048, 2048, 2048, 2048]","[2048, 2048, 2048, 2048, 2048, 2048, 2048, 2048]","[2048, 2048, 2048, 2048, 2048, 2048]",310.0
1211,9096,11,21,2023-06-02T15:49:45.074000+00:00,24.076,32.712,24.171,256.0,263,False,80.959,"[None, 2048, 2048, 2048, 2048, 2048, 2048]","[2048, 2048, 2048, 2048, 2048, 2048, 2048, 2048]","[2048, 2048, 2048, 2048, 2048, 2048]",305.0
1211,9096,23,24,2023-06-02T15:49:58.824000+00:00,24.517,32.6,24.405,257.0,266,False,81.522,"[None, 2048, 2048, 2048, 2048, 2048, 2048]","[2048, 2048, 2048, 2048, 2048, 2048, 2048, 2048]","[2048, 2048, 2048, 2048, 2048, 2048]",300.0
1211,9096,18,22,2023-06-02T15:50:07.761000+00:00,23.832,32.455,24.082,253.0,256,False,80.369,"[None, 2048, 2048, 2048, 2048, 2048, 2048]","[2048, 2048, 2048, 2048, 2048, 2048, 2048, 2048]","[2048, 2048, 2048, 2048, 2048, 2048]",298.0
1211,9096,16,23,2023-06-02T15:50:13.136000+00:00,23.908,32.094,24.017,272.0,277,False,80.019,"[None, 2048, 2048, 2048, 2048, 2048, 2048]","[2048, 2048, 2048, 2048, 2048, 2048, 2048, 2048]","[2048, 2048, 2048, 2048, 2048]",302.0
1211,9096,27,23,2023-06-02T15:50:15.167000+00:00,24.167,32.759,24.613,264.0,267,False,81.539,"[None, 2048, 2048, 2048, 2048, 2048, 2048]","[2048, 2048, 2048, 2048, 2048, 2048, 2048, 2048]","[2048, 2048, 2048, 2048, 2048, 2048]",306.0
1211,9096,2,24,2023-06-02T15:50:16.870000+00:00,23.974,32.365,24.067,267.0,281,False,80.406,"[2048, 2048, 2048, 2048, 2048, 2048, 2048]","[2048, 2048, 2048, 2048, 2048, 2048, 2048, 2048]","[2048, 2048, 2048, 2048, 2048, 2048]",302.0
1211,9096,21,25,2023-06-02T15:50:20.948000+00:00,23.942,32.203,24.229,273.0,279,False,80.374,"[None, 2048, 2048, 2048, 2048, 2048, 2048]","[2048, 2048, 2048, 2048, 2048, 2048, 2048, 2048]","[2048, 2048, 2048, 2048, 2048, 2048]",302.0
1211,9096,20,15,2023-06-02T15:50:29.636000+00:00,24.499,33.476,24.663,258.0,265,False,82.638,"[None, 2048, 2048, 2048, 2048, 2048, 2048]","[2048, 2048, 2048, 2048, 2048, 2048, 2048, 2048]","[2048, 2048, 2048, 2048, 2048]",298.0
1211,9096,1,25,2023-06-02T15:50:30.511000+00:00,23.666,31.828,23.609,260.0,262,False,79.103,"[None, 2049, 2048, 2048, 2048, 2048, 2048]","[2048, 2048, 2048, 2048, 2048, 2048, 2048, 2048]","[2048, 2048, 2048, 2048, 2048, 2048]",328.0
1211,9096,63,23,2023-06-02T15:50:33.714000+00:00,23.957,32.352,24.074,264.0,266,False,80.383,"[None, 2048, 2048, 2048, 2048, 2048, 2048]","[2048, 2048, 2048, 2048, 2048, 2048, 2048, 2048]","[2048, 2048, 2048, 2048, 2048, 2048]",295.0
1211,9096,22,26,2023-06-02T15:50:36.323000+00:00,24.017,32.584,24.421,274.0,276,False,81.022,"[None, 2048, 2048, 2048, 2048, 2048, 2048]","[2048, 2048, 2048, 2048, 2048, 2048, 2048, 2048]","[2048, 2048, 2048, 2048, 2048, 2048]",303.0
1211,9096,24,21,2023-06-02T15:50:45.307000+00:00,49.258,32.945,24.416,247.0,267,True,106.619,"[2064, 2064, 2048, 2048, 2048, 2048, 2048]","[2048, 2048, 2048, 2048, 2048, 2048, 2048, 2048]","[2048, 2048, 2048, 2048, 2048]",203.0
1211,9096,55,24,2023-06-02T15:50:47.198000+00:00,24.034,32.108,24.004,269.0,269,False,80.146,"[2048, 2048, 2048, 2048, 2048, 2048, 2048]","[2048, 2048, 2048, 2048, 2048, 2048, 2048, 2048]","[2048, 2048, 2048, 2048, 2048, 2048]",300.0
1211,9096,14,22,2023-06-02T15:50:48.651000+00:00,75.244,35.655,28.617,219.0,241,True,139.516,"[2064, 2064, 2048, 2048, 2048, 2048, 2048]","[2048, 2048, 2048, 2048, 2048, 2048, 2048, 2048]","[2048, 2048, 2048, 2048, 2048]",243.0
1211,9096,44,23,2023-06-02T15:50:50.401000+00:00,23.96,32.708,28.293,,262,False,84.961,"[None, 2048, 2048, 2048, 2048, 2048, 2048]","[2048, 2048, 2048, 2048, 2048, 2048, 2048, 2048]","[2048, 2048, 2048, 2048, 2064, 2064]",317.0
1211,9096,10,21,2023-06-02T15:50:50.948000+00:00,23.971,32.773,24.737,266.0,266,False,81.481,"[None, 2051, 2048, 2048, 2048, 2048, 2048]","[2048, 2048, 2048, 2048, 2048, 2048, 2048, 2048]","[2048, 2048, 2048, 2048, 2048, 2048]",332.0
1211,9096,4,22,2023-06-02T15:50:53.479000+00:00,23.977,32.322,24.182,265.0,271,False,80.481,"[None, 2048, 2048, 2048, 2048, 2048, 2048]","[2048, 2048, 2048, 2048, 2048, 2048, 2048, 2048]","[2048, 2048, 2048, 2048, 2048, 2048]",300.0
1211,9096,81,22,2023-06-02T15:50:59.916000+00:00,24.195,32.312,24.165,269.0,265,False,80.672,"[None, 2048, 2048, 2048, 2048, 2048, 2048]","[2048, 2048, 2048, 2048, 2048, 2048, 2048, 2048]","[2048, 2048, 2048, 2048, 2048, 2048]",298.0
1211,9096,77,24,2023-06-02T15:51:00.573000+00:00,24.103,32.44,24.244,257.0,273,False,80.787,"[None, 2049, 2048, 2048, 2048, 2048, 2048]","[2048, 2048, 2048, 2048, 2048, 2048, 2048, 2048]","[2048, 2048, 2048, 2048, 2048]",322.0
1211,9096,31,22,2023-06-02T15:51:03.651000+00:00,24.019,32.69,24.359,261.0,264,False,81.068,"[None, 2048, 2048, 2048, 2048, 2048, 2048]","[2048, 2048, 2048, 2048, 2048, 2048, 2048, 2048]","[2048, 2048, 2048, 2048, 2048, 2048]",
1211,9096,11,22,2023-06-02T15:51:06.057000+00:00,23.975,32.659,24.375,251.0,260,False,81.009,"[None, 2048, 2048, 2048, 2048, 2048, 2048]","[2048, 2048, 2048, 2048, 2048, 2048, 2048, 2048]","[2048, 2048, 2048, 2048, 2048, 2048]",306.0
1211,9096,23,25,2023-06-02T15:51:20.338000+00:00,24.182,32.549,24.419,260.0,265,False,81.15,"[None, 2048, 2048, 2048, 2048, 2048, 2048]","[2048, 2048, 2048, 2048, 2048, 2048, 2048, 2048]","[2048, 2048, 2048, 2048, 2048]",299.0
1211,9096,18,23,2023-06-02T15:51:28.182000+00:00,24.095,32.406,24.102,259.0,266,False,80.603,"[None, 2048, 2048, 2048, 2048, 2048, 2048]","[2048, 2048, 2048, 2048, 2048, 2048, 2048, 2048]","[2048, 2048, 2048, 2048, 2048, 2048]",299.0
1211,9096,16,24,2023-06-02T15:51:33.197000+00:00,23.855,31.934,24.092,269.0,277,False,79.881,"[None, 2048, 2048, 2048, 2048, 2048, 2048]","[2048, 2048, 2048, 2048, 2048, 2048, 2048, 2048]","[2048, 2048, 2048, 2048, 2048, 2048]",
1211,9096,27,24,2023-06-02T15:51:36.713000+00:00,24.667,32.626,24.422,267.0,272,False,81.715,"[None, 2048, 2048, 2048, 2048, 2048, 2048]","[2048, 2048, 2048, 2048, 2048, 2048, 2048, 2048]","[2048, 2048, 2048, 2048, 2048]",305.0
1211,9096,2,25,2023-06-02T15:51:37.260000+00:00,24.606,32.651,24.33,262.0,263,False,81.587,"[None, 2048, 2048, 2048, 2048, 2048, 2048]","[2048, 2048, 2048, 2048, 2048, 2048, 2048, 2048]","[2048, 2048, 2048, 2048, 2048, 2048]",327.0
1211,9096,21,26,2023-06-02T15:51:41.291000+00:00,24.059,32.475,24.51,,270,False,81.044,"[None, 2048, 2048, 2048, 2048, 2048, 2048]","[2048, 2048, 2048, 2048, 2048, 2048, 2048, 2048]","[2048, 2048, 2048, 2048, 2048, 2048]",301.0
1211,9096,1,26,2023-06-02T15:51:49.588000+00:00,23.7,31.868,23.912,,262,False,79.48,"[None, 2048, 2048, 2048, 2048, 2048, 2048]","[2048, 2048, 2048, 2048, 2048, 2048, 2048, 2048]","[2048, 2048, 2048, 2048, 2048, 2048]",302.0
1211,9096,20,16,2023-06-02T15:51:52.275000+00:00,24.074,32.398,24.596,271.0,269,False,81.068,"[None, 2048, 2048, 2048, 2048, 2048, 2048]","[2048, 2048, 2048, 2048, 2048, 2048, 2048, 2048]","[2048, 2048, 2048, 2048, 2048, 2048]",304.0
1211,9096,63,24,2023-06-02T15:51:54.119000+00:00,23.903,32.242,24.262,262.0,276,False,80.407,"[None, 2048, 2048, 2048, 2048, 2048, 2048]","[2048, 2048, 2048, 2048, 2048, 2048, 2048, 2048]","[2048, 2048, 2048, 2048, 2048, 2048]",297.0
1211,9096,22,27,2023-06-02T15:51:57.322000+00:00,24.029,32.534,24.45,265.0,277,False,81.013,"[None, 2048, 2048, 2048, 2048, 2048, 2048]","[2048, 2048, 2048, 2048, 2048, 2048, 2048, 2048]","[2048, 2048, 2048, 2048, 2048, 2048]",302.0
1211,9096,55,25,2023-06-02T15:52:07.306000+00:00,23.961,31.833,23.717,268.0,273,False,79.511,"[None, 2048, 2048, 2048, 2048, 2048, 2048]","[2048, 2048, 2048, 2048, 2048, 2048, 2048, 2048]","[2048, 2048, 2048, 2048, 2048]",301.0
1211,9096,24,22,2023-06-02T15:52:10.509000+00:00,24.152,32.158,24.173,266.0,264,False,80.483,"[2048, 2048, 2048, 2048, 2048, 2048, 2048]","[2048, 2048, 2048, 2048, 2048, 2048, 2048, 2048]","[2048, 2048, 2048, 2048, 2048, 2048]",297.0
1211,9096,10,22,2023-06-02T15:52:12.431000+00:00,24.203,32.341,24.363,269.0,271,False,80.907,"[None, 2048, 2048, 2048, 2048, 2048, 2048]","[2048, 2048, 2048, 2048, 2048, 2048, 2048, 2048]","[2048, 2048, 2048, 2048, 2048, 2048]",309.0
1211,9096,4,23,2023-06-02T15:52:13.947000+00:00,24.03,32.218,24.172,262.0,276,False,80.42,"[None, 2048, 2048, 2048, 2048, 2048, 2048]","[2048, 2048, 2048, 2048, 2048, 2048, 2048, 2048]","[2048, 2048, 2048, 2048, 2048, 2048]",301.0
1211,9096,14,23,2023-06-02T15:52:19.791000+00:00,23.693,32.02,24.172,268.0,276,False,79.885,"[2048, 2048, 2048, 2048, 2048, 2048, 2048]","[2048, 2048, 2048, 2048, 2048, 2048, 2048, 2048]","[2048, 2048, 2048, 2048, 2048, 2048]",299.0
1211,9096,81,23,2023-06-02T15:52:20.572000+00:00,24.14,32.479,24.223,266.0,269,False,80.842,"[None, 2049, 2048, 2048, 2048, 2048, 2048]","[2048, 2048, 2048, 2048, 2048, 2048, 2048, 2048]","[2048, 2048, 2048, 2048, 2048]",324.0
1211,9096,77,25,2023-06-02T15:52:21.384000+00:00,24.024,32.433,24.416,255.0,277,False,80.873,"[None, 2049, 2048, 2048, 2048, 2048, 2048]","[2048, 2048, 2048, 2048, 2048, 2048, 2048, 2048]","[2048, 2048, 2048, 2048, 2048, 2048]",320.0
1211,9096,31,23,2023-06-02T15:52:24.681000+00:00,24.126,32.752,24.348,259.0,265,False,81.226,"[None, 2048, 2048, 2048, 2048, 2048, 2048]","[2048, 2048, 2048, 2048, 2048, 2048, 2048, 2048]","[2048, 2048, 2048, 2048, 2048, 2048]",
1211,9096,11,23,2023-06-02T15:52:27.072000+00:00,24.022,36.052,25.893,,241,False,85.967,"[None, 2048, 2048, 2048, 2048, 2048, 2048]","[2048, 2048, 2048, 2048, 2048, 2048, 2048, 2048]","[2048, 2048, 2048, 2048, 2048, 2048]",305.0
1211,9096,44,24,2023-06-02T15:52:35.134000+00:00,43.613,32.119,24.355,273.0,276,True,100.087,"[2064, 2064, 2048, 2048, 2048, 2048, 2048]","[2048, 2048, 2048, 2048, 2048, 2048, 2048, 2048]","[2048, 2048, 2048, 2048, 2048, 2048]",247.0
1211,9096,23,26,2023-06-02T15:52:41.493000+00:00,24.357,33.126,24.719,258.0,260,False,82.202,"[None, 2048, 2048, 2048, 2048, 2048, 2048]","[2048, 2048, 2048, 2048, 2048, 2048, 2048, 2048]","[2048, 2048, 2048, 2048, 2048]",
1211,9096,18,24,2023-06-02T15:52:48.806000+00:00,23.963,32.162,24.266,262.0,264,False,80.391,"[None, 2048, 2048, 2048, 2048, 2048, 2048]","[2048, 2048, 2048, 2048, 2048, 2048, 2048, 2048]","[2048, 2048, 2048, 2048, 2048, 2048]",
1211,9096,16,25,2023-06-02T15:52:53.040000+00:00,23.859,32.013,24.126,272.0,277,False,79.998,"[None, 2048, 2048, 2048, 2048, 2048, 2048]","[2048, 2048, 2048, 2048, 2048, 2048, 2048, 2048]","[2048, 2048, 2048, 2048, 2048, 2048]",303.0
1211,9096,27,25,2023-06-02T15:52:58.415000+00:00,23.623,32.411,24.44,269.0,276,False,80.474,"[None, 2048, 2048, 2048, 2048, 2048, 2048]","[2048, 2048, 2048, 2048, 2048, 2048, 2048, 2048]","[2048, 2048, 2048, 2048, 2048, 2048]",323.0
1211,9096,2,26,2023-06-02T15:52:58.853000+00:00,23.707,34.305,24.386,,263,False,82.398,"[None, 2049, 2048, 2048, 2048, 2048, 2048]","[2048, 2048, 2048, 2048, 2048, 2048, 2048, 2048]","[2048, 2048, 2048, 2048, 2048, 2048]",
1211,9096,21,27,2023-06-02T15:53:02.368000+00:00,24.062,32.368,24.496,270.0,271,False,80.926,"[None, 2048, 2048, 2048, 2048, 2048, 2048]","[2048, 2048, 2048, 2048, 2048, 2048, 2048, 2048]","[2048, 2048, 2048, 2048, 2048, 2048]",302.0
1211,9096,1,27,2023-06-02T15:53:09.087000+00:00,23.753,31.789,23.93,259.0,264,False,79.472,"[None, 2048, 2048, 2048, 2048, 2048, 2048]","[2048, 2048, 2048, 2048, 2048, 2048, 2048, 2048]","[2048, 2048, 2048, 2048, 2048, 2048]",303.0
1211,9096,20,17,2023-06-02T15:53:13.368000+00:00,23.99,32.295,24.403,275.0,276,False,80.688,"[None, 2048, 2048, 2048, 2048, 2048, 2048]","[2048, 2048, 2048, 2048, 2048, 2048, 2048, 2048]","[2048, 2048, 2048, 2048, 2048, 2048]",
1211,9096,63,25,2023-06-02T15:53:14.509000+00:00,23.76,32.421,24.265,255.0,275,False,80.446,"[None, 2048, 2048, 2048, 2048, 2048, 2048]","[2048, 2048, 2048, 2048, 2048, 2048, 2048, 2048]","[2048, 2048, 2048, 2048, 2048, 2048]",320.0
1211,9096,22,28,2023-06-02T15:53:18.368000+00:00,23.959,32.377,24.381,268.0,279,False,80.717,"[None, 2048, 2048, 2048, 2048, 2048, 2048]","[2048, 2048, 2048, 2048, 2048, 2048, 2048, 2048]","[2048, 2048, 2048, 2048, 2048, 2048]",303.0
1211,9096,55,26,2023-06-02T15:53:26.837000+00:00,23.829,31.987,23.849,,273,False,79.665,"[None, 2048, 2048, 2048, 2048, 2048, 2048]","[2048, 2048, 2048, 2048, 2048, 2048, 2048, 2048]","[2048, 2048, 2048, 2048, 2048, 2048]",
1211,9096,24,23,2023-06-02T15:53:31.024000+00:00,23.878,32.032,24.3,,273,False,80.21,"[None, 2048, 2048, 2048, 2048, 2048, 2048]","[2048, 2048, 2048, 2048, 2048, 2048, 2048, 2048]","[2048, 2048, 2048, 2048, 2048]",302.0
1211,9096,10,23,2023-06-02T15:53:33.337000+00:00,23.827,32.42,24.385,270.0,263,False,80.632,"[None, 2048, 2048, 2048, 2048, 2048, 2048]","[2048, 2048, 2048, 2048, 2048, 2048, 2048, 2048]","[2048, 2048, 2048, 2048, 2048, 2048]",310.0
1211,9096,4,24,2023-06-02T15:53:34.368000+00:00,24.067,32.707,24.242,263.0,267,False,81.016,"[None, 2048, 2048, 2048, 2048, 2048, 2048]","[2048, 2048, 2048, 2048, 2048, 2048, 2048, 2048]","[2048, 2048, 2048, 2048, 2048, 2048]",302.0
1211,9096,14,24,2023-06-02T15:53:39.665000+00:00,23.919,32.073,24.142,272.0,277,False,80.134,"[None, 2048, 2048, 2048, 2048, 2048, 2048]","[2048, 2048, 2048, 2048, 2048, 2048, 2048, 2048]","[2048, 2048, 2048, 2048, 2048]",300.0
1211,9096,81,24,2023-06-02T15:53:41.446000+00:00,24.28,32.614,24.375,259.0,265,False,81.269,"[None, 2048, 2048, 2048, 2048, 2048, 2048]","[2048, 2048, 2048, 2048, 2048, 2048, 2048, 2048]","[2048, 2048, 2048, 2048, 2048]",300.0
1211,9096,77,26,2023-06-02T15:53:42.290000+00:00,24.992,34.162,24.884,237.0,253,False,84.038,"[None, 2048, 2048, 2048, 2048, 2048, 2048]","[2048, 2048, 2048, 2048, 2048, 2048, 2048, 2048]","[2048, 2048, 2048, 2048, 2048, 2048]",321.0
1211,9096,31,24,2023-06-02T15:53:45.946000+00:00,24.154,33.175,24.535,260.0,267,False,81.864,"[None, 2048, 2048, 2048, 2048, 2048, 2048]","[2048, 2048, 2048, 2048, 2048, 2048, 2048, 2048]","[2048, 2048, 2048, 2048, 2048, 2048]",307.0
1211,9096,11,24,2023-06-02T15:53:53.040000+00:00,23.992,32.406,24.132,259.0,265,False,80.53,"[None, 2048, 2048, 2048, 2048, 2048, 2048]","[2048, 2048, 2048, 2048, 2048, 2048, 2048, 2048]","[2048, 2048, 2048, 2048, 2048, 2048]",301.0
1211,9096,44,25,2023-06-02T15:53:55.477000+00:00,23.957,32.434,24.324,269.0,263,False,80.715,"[2048, 2048, 2048, 2048, 2048, 2048, 2048]","[2048, 2048, 2048, 2048, 2048, 2048, 2048, 2048]","[2048, 2048, 2048, 2048, 2048, 2048]",303.0
1211,9096,23,27,2023-06-02T15:54:03.711000+00:00,36.213,45.245,32.582,187.0,230,False,114.04,"[None, 2048, 2048, 2048, 2048, 2048, 2048]","[2048, 2048, 2048, 2048, 2048, 2048, 2048, 2048]","[2048, 2048, 2048, 2048, 2064, 2064]",180.0
1211,9096,18,25,2023-06-02T15:54:09.133000+00:00,23.98,32.232,24.197,265.0,262,False,80.409,"[None, 2048, 2048, 2048, 2048, 2048, 2048]","[2048, 2048, 2048, 2048, 2048, 2048, 2048, 2048]","[2048, 2048, 2048, 2048, 2048]",
1211,9096,16,26,2023-06-02T15:54:13.039000+00:00,23.82,32.298,24.321,270.0,274,False,80.439,"[None, 2048, 2048, 2048, 2048, 2048, 2048]","[2048, 2048, 2048, 2048, 2048, 2048, 2048, 2048]","[2048, 2048, 2048, 2048, 2048, 2048]",
1211,9096,27,26,2023-06-02T15:54:18.883000+00:00,24.037,32.708,24.498,268.0,275,False,81.243,"[None, 2048, 2048, 2048, 2048, 2048, 2048]","[2048, 2048, 2048, 2048, 2048, 2048, 2048, 2048]","[2048, 2048, 2048, 2048, 2048, 2048]",303.0
1211,9096,2,27,2023-06-02T15:54:21.211000+00:00,23.934,32.652,24.272,268.0,270,False,80.858,"[None, 2048, 2048, 2048, 2048, 2048, 2048]","[2048, 2048, 2048, 2048, 2048, 2048, 2048, 2048]","[2048, 2048, 2048, 2048, 2048, 2048]",302.0
1211,9096,21,28,2023-06-02T15:54:23.305000+00:00,24.128,32.643,24.387,276.0,282,False,81.158,"[None, 2048, 2048, 2048, 2048, 2048, 2048]","[2048, 2048, 2048, 2048, 2048, 2048, 2048, 2048]","[2048, 2048, 2048, 2048, 2048, 2048]",
1211,9096,1,28,2023-06-02T15:54:28.570000+00:00,23.777,31.858,23.948,258.0,266,False,79.583,"[None, 2048, 2048, 2048, 2048, 2048, 2048]","[2048, 2048, 2048, 2048, 2048, 2048, 2048, 2048]","[2048, 2048, 2048, 2048, 2048, 2048]",
1211,9096,20,18,2023-06-02T15:54:34.055000+00:00,23.91,32.417,24.301,,272,False,80.628,"[None, 2048, 2048, 2048, 2048, 2048, 2048]","[2048, 2048, 2048, 2048, 2048, 2048, 2048, 2048]","[2048, 2048, 2048, 2048, 2048]",302.0
1211,9096,63,26,2023-06-02T15:54:34.977000+00:00,23.774,32.656,26.535,257.0,252,False,82.965,"[None, 2048, 2048, 2048, 2048, 2048, 2048]","[2048, 2048, 2048, 2048, 2048, 2048, 2048, 2048]","[2048, 2048, 2048, 2048, 2048, 2048]",
1211,9096,22,29,2023-06-02T15:54:39.070000+00:00,23.947,32.403,24.409,270.0,277,False,80.759,"[None, 2048, 2048, 2048, 2048, 2048, 2048]","[2048, 2048, 2048, 2048, 2048, 2048, 2048, 2048]","[2048, 2048, 2048, 2048, 2048, 2048]",
1211,9096,55,27,2023-06-02T15:54:46.539000+00:00,23.846,32.197,23.943,267.0,276,False,79.986,"[None, 2048, 2048, 2048, 2048, 2048, 2048]","[2048, 2048, 2048, 2048, 2048, 2048, 2048, 2048]","[2048, 2048, 2048, 2048, 2048]",303.0
1211,9096,24,24,2023-06-02T15:54:51.242000+00:00,24.209,32.489,24.345,268.0,269,False,81.043,"[None, 2048, 2048, 2048, 2048, 2048, 2048]","[2048, 2048, 2048, 2048, 2048, 2048, 2048, 2048]","[2048, 2048, 2048, 2048, 2048, 2048]",299.0
1211,9096,10,24,2023-06-02T15:54:53.961000+00:00,23.898,32.489,24.424,268.0,262,False,80.811,"[None, 2048, 2048, 2048, 2048, 2048, 2048]","[2048, 2048, 2048, 2048, 2048, 2048, 2048, 2048]","[2048, 2048, 2048, 2048, 2048, 2048]",309.0
1211,9096,4,25,2023-06-02T15:54:55.398000+00:00,23.924,32.502,24.18,264.0,273,False,80.606,"[None, 2048, 2048, 2048, 2048, 2048, 2048]","[2048, 2048, 2048, 2048, 2048, 2048, 2048, 2048]","[2048, 2048, 2048, 2048, 2048, 2048]",
1211,9096,14,25,2023-06-02T15:54:59.836000+00:00,24.078,32.287,27.138,267.0,276,False,83.503,"[None, 2048, 2048, 2048, 2048, 2048, 2048]","[2048, 2048, 2048, 2048, 2048, 2048, 2048, 2048]","[2048, 2048, 2048, 2048, 2048, 2048]",301.0
1211,9096,81,25,2023-06-02T15:55:02.695000+00:00,24.41,32.563,24.246,266.0,266,False,81.219,"[None, 2048, 2048, 2048, 2048, 2048, 2048]","[2048, 2048, 2048, 2048, 2048, 2048, 2048, 2048]","[2048, 2048, 2048, 2048, 2048, 2048]",299.0
1211,9096,77,27,2023-06-02T15:55:06.289000+00:00,24.071,32.109,24.148,265.0,272,False,80.328,"[None, 2048, 2048, 2048, 2048, 2048, 2048]","[2048, 2048, 2048, 2048, 2048, 2048, 2048, 2048]","[2048, 2048, 2048, 2048, 2048, 2048]",295.0
1211,9096,31,25,2023-06-02T15:55:07.804000+00:00,24.181,33.019,24.464,259.0,269,False,81.664,"[None, 2048, 2048, 2048, 2048, 2048, 2048]","[2048, 2048, 2048, 2048, 2048, 2048, 2048, 2048]","[2048, 2048, 2048, 2048, 2048]",305.0
1211,9096,11,25,2023-06-02T15:55:13.570000+00:00,24.053,32.498,24.114,252.0,267,False,80.665,"[None, 2048, 2048, 2048, 2048, 2048, 2048]","[2048, 2048, 2048, 2048, 2048, 2048, 2048, 2048]","[2048, 2048, 2048, 2048, 2048]",302.0
1211,9096,44,26,2023-06-02T15:55:16.164000+00:00,23.914,32.152,24.07,,271,False,80.136,"[None, 2048, 2048, 2048, 2048, 2048, 2048]","[2048, 2048, 2048, 2048, 2048, 2048, 2048, 2048]","[2048, 2048, 2048, 2048, 2048, 2048]",
1211,9096,18,26,2023-06-02T15:55:29.538000+00:00,24.183,32.371,24.256,262.0,259,False,80.81,"[None, 2048, 2048, 2048, 2048, 2048, 2048]","[2048, 2048, 2048, 2048, 2048, 2048, 2048, 2048]","[2048, 2048, 2048, 2048, 2048, 2048]",298.0
1211,9096,16,27,2023-06-02T15:55:33.492000+00:00,23.964,32.446,24.353,269.0,276,False,80.763,"[None, 2048, 2048, 2048, 2048, 2048, 2048]","[2048, 2048, 2048, 2048, 2048, 2048, 2048, 2048]","[2048, 2048, 2048, 2048, 2048, 2048]",
1211,9096,27,27,2023-06-02T15:55:40.116000+00:00,24.019,32.641,28.466,271.0,277,False,85.126,"[None, 2048, 2048, 2048, 2048, 2048, 2048]","[2048, 2048, 2048, 2048, 2048, 2048, 2048, 2048]","[2048, 2048, 2048, 2048, 2064, 2064]",304.0
1211,9096,2,28,2023-06-02T15:55:42.116000+00:00,23.909,32.541,24.343,269.0,272,False,80.793,"[None, 2048, 2048, 2048, 2048, 2048, 2048]","[2048, 2048, 2048, 2048, 2048, 2048, 2048, 2048]","[2048, 2048, 2048, 2048, 2048, 2048]",
1211,9096,21,29,2023-06-02T15:55:44.413000+00:00,24.172,32.512,28.489,267.0,271,False,85.173,"[None, 2048, 2048, 2048, 2048, 2048, 2048]","[2048, 2048, 2048, 2048, 2048, 2048, 2048, 2048]","[2048, 2048, 2048, 2048, 2064, 2064]",301.0
1211,9096,1,29,2023-06-02T15:55:48.148000+00:00,23.675,31.923,29.983,260.0,257,False,85.581,"[None, 2048, 2048, 2048, 2048, 2048, 2048]","[2048, 2048, 2048, 2048, 2048, 2048, 2048, 2048]","[2048, 2048, 2048, 2048, 2048, 2048]",
1211,9096,20,19,2023-06-02T15:55:54.726000+00:00,23.989,32.375,24.344,274.0,279,False,80.708,"[None, 2048, 2048, 2048, 2048, 2048, 2048]","[2048, 2048, 2048, 2048, 2048, 2048, 2048, 2048]","[2048, 2048, 2048, 2048, 2048, 2048]",303.0
1211,9096,63,27,2023-06-02T15:55:57.929000+00:00,23.976,32.383,24.319,262.0,259,False,80.678,"[None, 2048, 2048, 2048, 2048, 2048, 2048]","[2048, 2048, 2048, 2048, 2048, 2048, 2048, 2048]","[2048, 2048, 2048, 2048, 2048, 2048]",295.0
1211,9096,22,30,2023-06-02T15:55:59.788000+00:00,23.923,32.604,24.665,,276,False,81.192,"[None, 2048, 2048, 2048, 2048, 2048, 2048]","[2048, 2048, 2048, 2048, 2048, 2048, 2048, 2048]","[2048, 2048, 2048, 2048, 2048, 2048]",304.0
1211,9096,55,28,2023-06-02T15:56:06.491000+00:00,23.792,32.173,24.01,271.0,279,False,79.975,"[None, 2048, 2048, 2048, 2048, 2048, 2048]","[2048, 2048, 2048, 2048, 2048, 2048, 2048, 2048]","[2048, 2048, 2048, 2048, 2048, 2048]",
1211,9096,24,25,2023-06-02T15:56:12.304000+00:00,24.136,32.326,24.4,265.0,270,False,80.862,"[None, 2048, 2048, 2048, 2048, 2048, 2048]","[2048, 2048, 2048, 2048, 2048, 2048, 2048, 2048]","[2048, 2048, 2048, 2048, 2048, 2048]",
1211,9096,10,25,2023-06-02T15:56:14.788000+00:00,23.939,32.663,24.445,267.0,263,False,81.047,"[None, 2048, 2048, 2048, 2048, 2048, 2048]","[2048, 2048, 2048, 2048, 2048, 2048, 2048, 2048]","[2048, 2048, 2048, 2048, 2048, 2048]",
1211,9096,4,26,2023-06-02T15:56:16.022000+00:00,23.77,32.477,24.353,262.0,267,False,80.6,"[None, 2048, 2048, 2048, 2048, 2048, 2048]","[2048, 2048, 2048, 2048, 2048, 2048, 2048, 2048]","[2048, 2048, 2048, 2048, 2048, 2048]",303.0
1211,9096,14,26,2023-06-02T15:56:23.413000+00:00,24.382,32.373,24.309,,276,False,81.064,"[None, 2048, 2048, 2048, 2048, 2048, 2048]","[2048, 2048, 2048, 2048, 2048, 2048, 2048, 2048]","[2048, 2048, 2048, 2048, 2048, 2048]",299.0
1211,9096,81,26,2023-06-02T15:56:23.897000+00:00,24.619,32.905,28.031,258.0,268,False,85.555,"[None, 2049, 2048, 2048, 2048, 2048, 2048]","[2048, 2048, 2048, 2048, 2048, 2048, 2048, 2048]","[2048, 2048, 2048, 2048, 2064, 2064]",326.0
1211,9096,77,28,2023-06-02T15:56:26.663000+00:00,24.049,32.475,24.341,262.0,267,False,80.865,"[None, 2048, 2048, 2048, 2048, 2048, 2048]","[2048, 2048, 2048, 2048, 2048, 2048, 2048, 2048]","[2048, 2048, 2048, 2048, 2048, 2048]",294.0
1211,9096,23,28,2023-06-02T15:56:28.819000+00:00,57.775,33.613,24.558,240.0,263,True,115.946,"[2064, 2064, 2048, 2048, 2048, 2048, 2048]","[2048, 2048, 2048, 2048, 2048, 2048, 2048, 2048]","[2048, 2048, 2048, 2048, 2048, 2048]",207.0
1211,9096,31,26,2023-06-02T15:56:29.460000+00:00,24.132,32.779,24.577,260.0,270,False,81.488,"[None, 2048, 2048, 2048, 2048, 2048, 2048]","[2048, 2048, 2048, 2048, 2048, 2048, 2048, 2048]","[2048, 2048, 2048, 2048, 2048]",303.0
1211,9096,11,26,2023-06-02T15:56:34.225000+00:00,24.001,32.606,24.4,257.0,264,False,81.007,"[None, 2048, 2048, 2048, 2048, 2048, 2048]","[2048, 2048, 2048, 2048, 2048, 2048, 2048, 2048]","[2048, 2048, 2048, 2048, 2048]",304.0
1211,9096,44,27,2023-06-02T15:56:36.303000+00:00,24.582,35.391,24.349,253.0,269,False,84.322,"[None, 2048, 2048, 2048, 2048, 2048, 2048]","[2048, 2048, 2048, 2048, 2048, 2048, 2048, 2048]","[2048, 2048, 2048, 2048, 2048, 2048]",306.0
1211,9096,18,27,2023-06-02T15:56:50.334000+00:00,24.055,32.355,24.203,267.0,258,False,80.613,"[None, 2048, 2048, 2048, 2048, 2048, 2048]","[2048, 2048, 2048, 2048, 2048, 2048, 2048, 2048]","[2048, 2048, 2048, 2048, 2048, 2048]",
1211,9096,16,28,2023-06-02T15:56:54.272000+00:00,23.984,32.329,24.328,264.0,277,False,80.641,"[None, 2048, 2048, 2048, 2048, 2048, 2048]","[2048, 2048, 2048, 2048, 2048, 2048, 2048, 2048]","[2048, 2048, 2048, 2048, 2048]",
1211,9096,2,29,2023-06-02T15:57:02.897000+00:00,23.918,32.449,24.214,271.0,270,False,80.581,"[None, 2048, 2048, 2048, 2048, 2048, 2048]","[2048, 2048, 2048, 2048, 2048, 2048, 2048, 2048]","[2048, 2048, 2048, 2048, 2048, 2048]",300.0
1211,9096,1,30,2023-06-02T15:57:13.709000+00:00,23.707,31.784,23.935,256.0,263,False,79.426,"[None, 2048, 2048, 2048, 2048, 2048, 2048]","[2048, 2048, 2048, 2048, 2048, 2048, 2048, 2048]","[2048, 2048, 2048, 2048, 2048, 2048]",301.0
1211,9096,20,20,2023-06-02T15:57:15.412000+00:00,23.965,32.568,24.513,275.0,277,False,81.046,"[None, 2048, 2048, 2048, 2048, 2048, 2048]","[2048, 2048, 2048, 2048, 2048, 2048, 2048, 2048]","[2048, 2048, 2048, 2048, 2048, 2048]",306.0
1211,9096,63,28,2023-06-02T15:57:18.600000+00:00,24.075,32.527,24.461,256.0,262,False,81.063,"[None, 2048, 2048, 2048, 2048, 2048, 2048]","[2048, 2048, 2048, 2048, 2048, 2048, 2048, 2048]","[2048, 2048, 2048, 2048, 2048]",
1211,9096,22,31,2023-06-02T15:57:20.990000+00:00,24.155,32.768,24.625,268.0,278,False,81.548,"[None, 2048, 2048, 2048, 2048, 2048, 2048]","[2048, 2048, 2048, 2048, 2048, 2048, 2048, 2048]","[2048, 2048, 2048, 2048, 2048]",300.0
1211,9096,27,28,2023-06-02T15:57:26.365000+00:00,44.536,32.387,24.233,269.0,277,True,101.156,"[2064, 2064, 2048, 2048, 2048, 2048, 2048]","[2048, 2048, 2048, 2048, 2048, 2048, 2048, 2048]","[2048, 2048, 2048, 2048, 2048, 2048]",252.0
1211,9096,55,29,2023-06-02T15:57:26.459000+00:00,23.95,37.379,34.204,265.0,174,False,95.533,"[None, 2048, 2048, 2048, 2048, 2048, 2048]","[2048, 2048, 2048, 2048, 2048, 2048, 2048, 2048]","[2048, 2048, 2048, 2048, 2048, 2048]",302.0
1211,9096,21,30,2023-06-02T15:57:29.662000+00:00,43.845,32.133,24.217,268.0,272,True,100.195,"[2064, 2064, 2048, 2048, 2048, 2048, 2048]","[2048, 2048, 2048, 2048, 2048, 2048, 2048, 2048]","[2048, 2048, 2048, 2048, 2048, 2048]",246.0
1211,9096,24,26,2023-06-02T15:57:33.115000+00:00,24.164,32.381,24.495,264.0,265,False,81.04,"[None, 2048, 2048, 2048, 2048, 2048, 2048]","[2048, 2048, 2048, 2048, 2048, 2048, 2048, 2048]","[2048, 2048, 2048, 2048, 2048, 2048]",298.0
1211,9096,10,26,2023-06-02T15:57:35.943000+00:00,23.946,32.674,24.658,,265,False,81.278,"[None, 2048, 2048, 2048, 2048, 2048, 2048]","[2048, 2048, 2048, 2048, 2048, 2048, 2048, 2048]","[2048, 2048, 2048, 2048, 2048, 2048]",308.0
1211,9096,4,27,2023-06-02T15:57:36.599000+00:00,23.725,32.76,24.631,261.0,275,False,81.116,"[None, 2048, 2048, 2048, 2048, 2048, 2048]","[2048, 2048, 2048, 2048, 2048, 2048, 2048, 2048]","[2048, 2048, 2048, 2048, 2048, 2048]",322.0
1211,9096,14,27,2023-06-02T15:57:44.381000+00:00,23.735,31.962,24.115,273.0,281,False,79.812,"[None, 2048, 2048, 2048, 2048, 2048, 2048]","[2048, 2048, 2048, 2048, 2048, 2048, 2048, 2048]","[2048, 2048, 2048, 2048, 2048, 2048]",
1211,9096,77,29,2023-06-02T15:57:47.474000+00:00,23.985,32.159,24.295,266.0,273,False,80.439,"[None, 2048, 2048, 2048, 2048, 2048, 2048]","[2048, 2048, 2048, 2048, 2048, 2048, 2048, 2048]","[2048, 2048, 2048, 2048, 2048]",296.0
1211,9096,31,27,2023-06-02T15:57:50.927000+00:00,23.966,32.569,24.335,274.0,277,False,80.87,"[None, 2048, 2048, 2048, 2048, 2048, 2048]","[2048, 2048, 2048, 2048, 2048, 2048, 2048, 2048]","[2048, 2048, 2048, 2048, 2048, 2048]",
1211,9096,23,29,2023-06-02T15:57:53.709000+00:00,24.174,32.59,24.447,259.0,262,False,81.211,"[2048, 2048, 2048, 2048, 2048, 2048, 2048]","[2048, 2048, 2048, 2048, 2048, 2048, 2048, 2048]","[2048, 2048, 2048, 2048, 2048]",302.0
1211,9096,11,27,2023-06-02T15:57:55.240000+00:00,24.01,32.761,28.041,254.0,278,False,84.812,"[None, 2048, 2048, 2048, 2048, 2048, 2048]","[2048, 2048, 2048, 2048, 2048, 2048, 2048, 2048]","[2048, 2048, 2048, 2048, 2064, 2064]",306.0
1211,9096,44,28,2023-06-02T15:58:00.599000+00:00,23.787,32.053,24.108,273.0,272,False,79.948,"[None, 2048, 2048, 2048, 2048, 2048, 2048]","[2048, 2048, 2048, 2048, 2048, 2048, 2048, 2048]","[2048, 2048, 2048, 2048, 2048, 2048]",304.0
1211,9096,81,27,2023-06-02T15:58:09.584000+00:00,44.302,32.248,23.806,263.0,267,True,100.356,"[2064, 2064, 2048, 2048, 2048, 2048, 2048]","[2048, 2048, 2048, 2048, 2048, 2048, 2048, 2048]","[2048, 2048, 2048, 2048, 2048, 2048]",246.0
1211,9096,18,28,2023-06-02T15:58:10.958000+00:00,24.006,32.529,24.574,271.0,274,False,81.109,"[None, 2048, 2048, 2048, 2048, 2048, 2048]","[2048, 2048, 2048, 2048, 2048, 2048, 2048, 2048]","[2048, 2048, 2048, 2048, 2048]",299.0
1211,9096,16,29,2023-06-02T15:58:14.927000+00:00,23.969,32.432,24.329,268.0,272,False,80.73,"[None, 2048, 2048, 2048, 2048, 2048, 2048]","[2048, 2048, 2048, 2048, 2048, 2048, 2048, 2048]","[2048, 2048, 2048, 2048, 2048, 2048]",
1211,9096,2,30,2023-06-02T15:58:23.458000+00:00,23.893,32.393,24.295,,271,False,80.581,"[None, 2048, 2048, 2048, 2048, 2048, 2048]","[2048, 2048, 2048, 2048, 2048, 2048, 2048, 2048]","[2048, 2048, 2048, 2048, 2048]",301.0
1211,9096,1,31,2023-06-02T15:58:33.146000+00:00,23.632,31.853,23.971,258.0,266,False,79.456,"[None, 2048, 2048, 2048, 2048, 2048, 2048]","[2048, 2048, 2048, 2048, 2048, 2048, 2048, 2048]","[2048, 2048, 2048, 2048, 2048, 2048]",302.0
1211,9096,20,21,2023-06-02T15:58:36.427000+00:00,24.041,32.562,24.597,,273,False,81.2,"[None, 2048, 2048, 2048, 2048, 2048, 2048]","[2048, 2048, 2048, 2048, 2048, 2048, 2048, 2048]","[2048, 2048, 2048, 2048, 2048, 2048]",
1211,9096,63,29,2023-06-02T15:58:39.661000+00:00,24.095,32.595,24.451,262.0,257,False,81.141,"[None, 2048, 2048, 2048, 2048, 2048, 2048]","[2048, 2048, 2048, 2048, 2048, 2048, 2048, 2048]","[2048, 2048, 2048, 2048, 2048, 2048]",
1211,9096,22,32,2023-06-02T15:58:42.599000+00:00,24.105,32.786,24.59,267.0,278,False,81.481,"[None, 2048, 2048, 2048, 2048, 2048, 2048]","[2048, 2048, 2048, 2048, 2048, 2048, 2048, 2048]","[2048, 2048, 2048, 2048, 2048, 2048]",
1211,9096,27,29,2023-06-02T15:58:46.411000+00:00,23.763,32.094,24.201,270.0,279,False,80.058,"[2048, 2048, 2048, 2048, 2048, 2048, 2048]","[2048, 2048, 2048, 2048, 2048, 2048, 2048, 2048]","[2048, 2048, 2048, 2048, 2048, 2048]",304.0
1211,9096,21,31,2023-06-02T15:58:49.802000+00:00,23.771,31.79,23.951,272.0,275,False,79.512,"[2048, 2048, 2048, 2048, 2048, 2048, 2048]","[2048, 2048, 2048, 2048, 2048, 2048, 2048, 2048]","[2048, 2048, 2048, 2048, 2048]",300.0
1211,9096,24,27,2023-06-02T15:58:54.161000+00:00,23.933,32.345,24.359,268.0,272,False,80.637,"[None, 2048, 2048, 2048, 2048, 2048, 2048]","[2048, 2048, 2048, 2048, 2048, 2048, 2048, 2048]","[2048, 2048, 2048, 2048, 2048, 2048]",300.0
1211,9096,10,27,2023-06-02T15:58:57.099000+00:00,23.999,32.727,24.516,266.0,265,False,81.242,"[None, 2048, 2048, 2048, 2048, 2048, 2048]","[2048, 2048, 2048, 2048, 2048, 2048, 2048, 2048]","[2048, 2048, 2048, 2048, 2048]",309.0
1211,9096,4,28,2023-06-02T15:58:57.755000+00:00,23.832,32.813,24.495,260.0,273,False,81.14,"[None, 2048, 2048, 2048, 2048, 2048, 2048]","[2048, 2048, 2048, 2048, 2048, 2048, 2048, 2048]","[2048, 2048, 2048, 2048, 2048, 2048]",
1211,9096,55,30,2023-06-02T15:59:02.020000+00:00,23.73,31.976,24.019,274.0,285,False,79.725,"[None, 2048, 2048, 2048, 2048, 2048, 2048]","[2048, 2048, 2048, 2048, 2048, 2048, 2048, 2048]","[2048, 2048, 2048, 2048, 2048, 2048]",303.0
1211,9096,14,28,2023-06-02T15:59:04.223000+00:00,23.833,32.093,24.114,271.0,282,False,80.04,"[None, 2048, 2048, 2048, 2048, 2048, 2048]","[2048, 2048, 2048, 2048, 2048, 2048, 2048, 2048]","[2048, 2048, 2048, 2048, 2048, 2048]",301.0
1211,9096,77,30,2023-06-02T15:59:07.895000+00:00,24.052,32.147,24.301,,274,False,80.5,"[None, 2048, 2048, 2048, 2048, 2048, 2048]","[2048, 2048, 2048, 2048, 2048, 2048, 2048, 2048]","[2048, 2048, 2048, 2048, 2048, 2048]",295.0
1211,9096,31,28,2023-06-02T15:59:11.802000+00:00,23.982,32.696,24.389,263.0,277,False,81.067,"[None, 2048, 2048, 2048, 2048, 2048, 2048]","[2048, 2048, 2048, 2048, 2048, 2048, 2048, 2048]","[2048, 2048, 2048, 2048, 2048, 2048]",307.0
1211,9096,23,30,2023-06-02T15:59:14.973000+00:00,24.277,32.657,24.599,,270,False,81.533,"[None, 2048, 2048, 2048, 2048, 2048, 2048]","[2048, 2048, 2048, 2048, 2048, 2048, 2048, 2048]","[2048, 2048, 2048, 2048, 2048, 2048]",301.0
1211,9096,44,29,2023-06-02T15:59:20.551000+00:00,23.803,32.215,24.181,272.0,270,False,80.199,"[None, 2048, 2048, 2048, 2048, 2048, 2048]","[2048, 2048, 2048, 2048, 2048, 2048, 2048, 2048]","[2048, 2048, 2048, 2048, 2048]",303.0
1211,9096,81,28,2023-06-02T15:59:29.817000+00:00,23.76,31.817,23.778,270.0,274,False,79.355,"[2048, 2048, 2048, 2048, 2048, 2048, 2048]","[2048, 2048, 2048, 2048, 2048, 2048, 2048, 2048]","[2048, 2048, 2048, 2048, 2048, 2048]",295.0
1211,9096,18,29,2023-06-02T15:59:32.067000+00:00,23.997,32.423,24.493,266.0,278,False,80.913,"[None, 2048, 2048, 2048, 2048, 2048, 2048]","[2048, 2048, 2048, 2048, 2048, 2048, 2048, 2048]","[2048, 2048, 2048, 2048, 2048, 2048]",298.0
1211,9096,16,30,2023-06-02T15:59:35.645000+00:00,23.973,32.399,24.315,266.0,275,False,80.687,"[None, 2048, 2048, 2048, 2048, 2048, 2048]","[2048, 2048, 2048, 2048, 2048, 2048, 2048, 2048]","[2048, 2048, 2048, 2048, 2048, 2048]",
1211,9096,11,28,2023-06-02T15:59:39.239000+00:00,43.008,32.474,23.733,260.0,270,True,99.215,"[2064, 2064, 2048, 2048, 2048, 2048, 2048]","[2048, 2048, 2048, 2048, 2048, 2048, 2048, 2048]","[2048, 2048, 2048, 2048, 2048, 2048]",246.0
1211,9096,2,31,2023-06-02T15:59:44.067000+00:00,23.828,32.351,24.208,270.0,271,False,80.387,"[None, 2048, 2048, 2048, 2048, 2048, 2048]","[2048, 2048, 2048, 2048, 2048, 2048, 2048, 2048]","[2048, 2048, 2048, 2048, 2048, 2048]",
1211,9096,1,32,2023-06-02T15:59:52.614000+00:00,23.421,31.57,23.688,264.0,268,False,78.679,"[None, 2048, 2048, 2048, 2048, 2048, 2048]","[2048, 2048, 2048, 2048, 2048, 2048, 2048, 2048]","[2048, 2048, 2048, 2048, 2048, 2048]",303.0
1211,9096,20,22,2023-06-02T15:59:57.692000+00:00,23.962,32.609,24.505,276.0,281,False,81.076,"[None, 2048, 2048, 2048, 2048, 2048, 2048]","[2048, 2048, 2048, 2048, 2048, 2048, 2048, 2048]","[2048, 2048, 2048, 2048, 2048, 2048]",304.0
1211,9096,63,30,2023-06-02T16:00:00.785000+00:00,33.47,41.311,41.87,127.0,163,False,116.651,"[None, 2048, 2048, 2048, 2048, 2048, 2048]","[2048, 2048, 2048, 2048, 2048, 2048, 2048, 2048]","[2048, 2048, 2048, 2048, 2048, 2048]",201.0
1211,9096,22,33,2023-06-02T16:00:04.020000+00:00,27.99,35.805,40.506,218.0,244,False,104.301,"[None, 2048, 2048, 2048, 2048, 2048, 2048]","[2048, 2048, 2048, 2048, 2048, 2048, 2048, 2048]","[2048, 2048, 2048, 2048, 2048, 2048]",301.0
1211,9096,27,30,2023-06-02T16:00:06.457000+00:00,24.37,32.549,37.714,261.0,261,False,94.633,"[None, 2048, 2048, 2048, 2048, 2048, 2048]","[2048, 2048, 2048, 2048, 2048, 2048, 2048, 2048]","[2048, 2048, 2048, 2048, 2048, 2048]",307.0
1211,9096,21,32,2023-06-02T16:00:09.285000+00:00,27.427,40.516,44.842,225.0,234,False,112.785,"[None, 2048, 2048, 2048, 2048, 2048, 2048]","[2048, 2048, 2048, 2048, 2048, 2048, 2048, 2048]","[2048, 2048, 2048, 2048, 2048, 2048]",283.0
1211,9096,24,28,2023-06-02T16:00:14.785000+00:00,28.296,38.676,44.053,199.0,174,False,111.025,"[None, 2048, 2048, 2048, 2048, 2048, 2048]","[2048, 2048, 2048, 2048, 2048, 2048, 2048, 2048]","[2048, 2048, 2048, 2048, 2048]",299.0
1211,9096,10,28,2023-06-02T16:00:18.379000+00:00,30.525,43.383,47.538,162.0,205,False,121.446,"[None, 2048, 2048, 2048, 2048, 2048, 2048]","[2048, 2048, 2048, 2048, 2048, 2048, 2048, 2048]","[2048, 2048, 2048, 2048, 2048, 2048]",267.0
1211,9096,4,29,2023-06-02T16:00:18.863000+00:00,29.272,39.129,38.303,188.0,211,False,106.704,"[None, 2048, 2048, 2048, 2048, 2048, 2048]","[2048, 2048, 2048, 2048, 2048, 2048, 2048, 2048]","[2048, 2048, 2048, 2048, 2048]",230.0
1211,9096,55,31,2023-06-02T16:00:21.691000+00:00,28.536,42.302,48.561,170.0,191,False,119.399,"[None, 2048, 2048, 2048, 2048, 2048, 2048]","[2048, 2048, 2048, 2048, 2048, 2048, 2048, 2048]","[2048, 2048, 2048, 2048, 2048, 2048]",306.0
1211,9096,14,29,2023-06-02T16:00:24.254000+00:00,32.824,43.716,43.882,193.0,184,False,120.422,"[None, 2048, 2048, 2048, 2048, 2048, 2048]","[2048, 2048, 2048, 2048, 2048, 2048, 2048, 2048]","[2048, 2048, 2048, 2048, 2048, 2048]",197.0
1211,9096,77,31,2023-06-02T16:00:28.426000+00:00,30.431,39.093,44.613,206.0,212,False,114.137,"[None, 2048, 2048, 2048, 2048, 2048, 2048]","[2048, 2048, 2048, 2048, 2048, 2048, 2048, 2048]","[2048, 2048, 2048, 2048, 2048]",194.0
1211,9096,31,29,2023-06-02T16:00:32.894000+00:00,31.492,45.251,47.539,150.0,192,False,124.282,"[None, 2048, 2048, 2048, 2048, 2048, 2048]","[2048, 2048, 2048, 2048, 2048, 2048, 2048, 2048]","[2048, 2048, 2048, 2048, 2048]",
1211,9096,23,31,2023-06-02T16:00:36.441000+00:00,25.86,40.011,51.794,212.0,194,False,117.665,"[None, 2048, 2048, 2048, 2048, 2048, 2048]","[2048, 2048, 2048, 2048, 2048, 2048, 2048, 2048]","[2048, 2048, 2048, 2048, 2048]",
1211,9096,44,30,2023-06-02T16:00:40.769000+00:00,32.049,41.492,46.564,187.0,218,False,120.105,"[None, 2048, 2048, 2048, 2048, 2048, 2048]","[2048, 2048, 2048, 2048, 2048, 2048, 2048, 2048]","[2048, 2048, 2048, 2048, 2048, 2048]",199.0
1211,9096,81,29,2023-06-02T16:00:49.175000+00:00,27.878,38.992,47.148,228.0,158,False,114.018,"[None, 2048, 2048, 2048, 2048, 2048, 2048]","[2048, 2048, 2048, 2048, 2048, 2048, 2048, 2048]","[2048, 2048, 2048, 2048, 2048, 2048]",255.0
1211,9096,18,30,2023-06-02T16:00:53.050000+00:00,30.275,39.755,43.472,165.0,164,False,113.502,"[None, 2048, 2048, 2048, 2048, 2048, 2048]","[2048, 2048, 2048, 2048, 2048, 2048, 2048, 2048]","[2048, 2048, 2048, 2048, 2048, 2048]",251.0
1211,9096,16,31,2023-06-02T16:00:56.300000+00:00,31.175,44.254,43.38,158.0,148,False,118.809,"[None, 2048, 2048, 2048, 2048, 2048, 2048]","[2048, 2048, 2048, 2048, 2048, 2048, 2048, 2048]","[2048, 2048, 2048, 2048, 2048, 2048]",292.0
1211,9096,11,29,2023-06-02T16:00:59.269000+00:00,34.548,48.11,64.95,148.0,168,False,147.608,"[2048, 2048, 2048, 2048, 2048, 2048, 2048]","[2048, 2048, 2048, 2048, 2048, 2048, 2048, 2048]","[2048, 2048, 2048, 2048, 2048, 2048]",198.0
1211,9096,2,32,2023-06-02T16:01:04.425000+00:00,30.479,43.058,44.679,153.0,172,False,118.216,"[None, 2048, 2048, 2048, 2048, 2048, 2048]","[2048, 2048, 2048, 2048, 2048, 2048, 2048, 2048]","[2048, 2048, 2048, 2048, 2048]",285.0
1211,9096,1,33,2023-06-02T16:01:11.285000+00:00,40.421,71.806,51.088,112.0,87,False,163.315,"[None, 2048, 2048, 2048, 2048, 2048, 2048]","[2048, 2048, 2048, 2048, 2048, 2048, 2048, 2048]","[2048, 2048, 2048, 2048, 2048, 2048]",188.0
1211,9096,20,23,2023-06-02T16:01:18.722000+00:00,30.655,42.415,38.488,191.0,199,False,111.558,"[None, 2048, 2048, 2048, 2048, 2048, 2048]","[2048, 2048, 2048, 2048, 2048, 2048, 2048, 2048]","[2048, 2048, 2048, 2048, 2048, 2048]",292.0
1211,9096,27,31,2023-06-02T16:01:41.112000+00:00,48.288,33.441,29.737,251.0,235,False,111.466,"[None, 2048, 2048, 2048, 2048, 2048, 2048]","[2048, 2048, 2048, 2048, 2048, 2048, 2048, 2048]","[2048, 2048, 2048, 2048, 2064, 2064]",275.0
1211,9096,22,34,2023-06-02T16:01:48.315000+00:00,46.578,35.14,72.466,235.0,204,False,154.184,"[None, 2048, 2048, 2048, 2048, 2048, 2048]","[2048, 2048, 2048, 2048, 2048, 2048, 2048, 2048]","[2048, 2048, 2048, 2048, 2064, 2064]",273.0
1211,9096,63,31,2023-06-02T16:01:57.472000+00:00,54.61,35.414,28.747,233.0,227,False,118.771,"[None, 2048, 2048, 2048, 2048, 2048, 2048]","[2048, 2048, 2048, 2048, 2048, 2048, 2048, 2048]","[2048, 2048, 2048, 2048, 2064, 2064]",273.0
1211,9096,21,33,2023-06-02T16:02:02.128000+00:00,58.811,32.899,29.353,262.0,254,False,121.063,"[None, 2048, 2048, 2048, 2048, 2048, 2048]","[2048, 2048, 2048, 2048, 2048, 2048, 2048, 2048]","[2048, 2048, 2048, 2048, 2064, 2064]",276.0
1211,9096,4,30,2023-06-02T16:02:05.596000+00:00,50.401,33.809,28.91,258.0,238,False,113.12,"[None, 2048, 2048, 2048, 2048, 2048, 2048]","[2048, 2048, 2048, 2048, 2048, 2048, 2048, 2048]","[2048, 2048, 2048, 2048, 2064, 2064]",272.0
1211,9096,24,29,2023-06-02T16:02:06.112000+00:00,58.349,35.243,32.771,258.0,170,False,126.363,"[None, 2048, 2048, 2048, 2048, 2048, 2048]","[2048, 2048, 2048, 2048, 2048, 2048, 2048, 2048]","[2048, 2048, 2048, 2048, 2064, 2064]",278.0
1211,9096,10,29,2023-06-02T16:02:19.784000+00:00,54.602,37.306,31.851,239.0,208,False,123.759,"[None, 2048, 2048, 2048, 2048, 2048, 2048]","[2048, 2048, 2048, 2048, 2048, 2048, 2048, 2048]","[2048, 2048, 2048, 2048, 2064, 2064]",282.0
1211,9096,55,32,2023-06-02T16:02:21.221000+00:00,59.745,33.726,33.37,238.0,257,False,126.841,"[None, 2048, 2048, 2048, 2048, 2048, 2048]","[2048, 2048, 2048, 2048, 2048, 2048, 2048, 2048]","[2048, 2048, 2048, 2048, 2064, 2064]",288.0
1211,9096,77,32,2023-06-02T16:02:22.549000+00:00,48.302,38.693,32.356,260.0,141,False,119.351,"[None, 2048, 2048, 2048, 2048, 2048, 2048]","[2048, 2048, 2048, 2048, 2048, 2048, 2048, 2048]","[2048, 2048, 2048, 2048, 2064, 2064]",271.0
1211,9096,14,30,2023-06-02T16:02:24.628000+00:00,54.834,32.668,34.511,265.0,239,False,122.013,"[None, 2048, 2048, 2048, 2048, 2048, 2048]","[2048, 2048, 2048, 2048, 2048, 2048, 2048, 2048]","[2048, 2048, 2048, 2048, 2064, 2064]",283.0
1211,9096,23,32,2023-06-02T16:02:34.065000+00:00,54.646,38.174,29.727,199.0,197,False,122.547,"[None, 2048, 2048, 2048, 2048, 2048, 2048]","[2048, 2048, 2048, 2048, 2048, 2048, 2048, 2048]","[2048, 2048, 2048, 2048, 2064, 2064]",277.0
1211,9096,31,30,2023-06-02T16:02:37.127000+00:00,60.227,38.589,31.67,183.0,218,False,130.486,"[None, 2048, 2048, 2048, 2048, 2048, 2048]","[2048, 2048, 2048, 2048, 2048, 2048, 2048, 2048]","[2048, 2048, 2048, 2048, 2064, 2064]",280.0
1211,9096,44,31,2023-06-02T16:02:40.893000+00:00,55.652,33.865,32.234,253.0,225,False,121.751,"[None, 2048, 2048, 2048, 2048, 2048, 2048]","[2048, 2048, 2048, 2048, 2048, 2048, 2048, 2048]","[2048, 2048, 2048, 2048, 2064, 2064]",283.0
1211,9096,81,30,2023-06-02T16:02:43.205000+00:00,51.866,34.639,29.532,225.0,216,False,116.037,"[None, 2048, 2048, 2048, 2048, 2048, 2048]","[2048, 2048, 2048, 2048, 2048, 2048, 2048, 2048]","[2048, 2048, 2048, 2048, 2064, 2064]",278.0
1211,9096,18,31,2023-06-02T16:02:46.596000+00:00,57.699,34.93,37.302,228.0,182,False,129.931,"[None, 2048, 2048, 2048, 2048, 2048, 2048]","[2048, 2048, 2048, 2048, 2048, 2048, 2048, 2048]","[2048, 2048, 2048, 2048, 2064, 2064]",278.0
1211,9096,16,32,2023-06-02T16:02:55.205000+00:00,52.347,45.333,28.866,251.0,236,False,126.546,"[None, 2048, 2048, 2048, 2048, 2048, 2048]","[2048, 2048, 2048, 2048, 2048, 2048, 2048, 2048]","[2048, 2048, 2048, 2048, 2064, 2064]",286.0
1211,9096,2,33,2023-06-02T16:03:02.799000+00:00,50.845,40.361,30.022,188.0,253,False,121.228,"[None, 2048, 2048, 2048, 2048, 2048, 2048]","[2048, 2048, 2048, 2048, 2048, 2048, 2048, 2048]","[2048, 2048, 2048, 2048, 2064, 2064]",256.0
1211,9096,20,24,2023-06-02T16:03:10.330000+00:00,49.346,35.71,32.22,269.0,199,False,117.276,"[None, 2048, 2048, 2048, 2048, 2048, 2048]","[2048, 2048, 2048, 2048, 2048, 2048, 2048, 2048]","[2048, 2048, 2048, 2048, 2064, 2064]",287.0
1211,9096,11,30,2023-06-02T16:03:26.924000+00:00,30.6,37.078,30.436,210.0,207,False,98.114,"[None, 2048, 2048, 2048, 2048, 2048, 2048]","[2048, 2048, 2048, 2048, 2048, 2048, 2048, 2048]","[2048, 2048, 2048, 2048, 2064, 2064]",286.0
1211,9096,1,34,2023-06-02T16:03:54.611000+00:00,51.539,33.97,28.354,221.0,229,False,113.863,"[None, 2048, 2048, 2048, 2048, 2048, 2048]","[2048, 2048, 2048, 2048, 2048, 2048, 2048, 2048]","[2048, 2048, 2048, 2048, 2064, 2064]",272.0
