meeting_key,session_key,driver_number,lap_number,date_start,duration_sector_1,duration_sector_2,duration_sector_3,i1_speed,i2_speed,is_pit_out_lap,lap_duration,segments_sector_1,segments_sector_2,segments_sector_3,st_speed
1223,9175,63,1,,,33.965,22.332,266.0,268,True,,"[None, 2064, 2049, 2049, 2049, 2049, 2049, 2049]","[2049, 2049, 2049, 2049, 2049, 2049, 2051, 2049]","[2051, 2051, 2051, 2051, 2051]",293.0
1223,9175,18,1,2023-10-27T22:00:07.133000+00:00,,33.851,25.283,254.0,268,True,,"[2064, 2064, 2049, 2049, 2049, 2049, 2049, 2049]","[2049, 2051, 2051, 2051, 2051, 2049, 2049, 2049]","[2049, 2049, 2049, 2049]",280.0
1223,9175,14,1,2023-10-27T22:00:09.445000+00:00,,38.684,40.145,138.0,262,True,,"[2064, 2064, 2049, 2049, 2049, 2049, 2049, 2049]","[2049, 2049, 2049, 2049, 2049, 2049, 2049, 2049]","[2049, 2049, 2049, 2049, 2049]",248.0
1223,9175,22,1,2023-10-27T22:00:12.179000+00:00,,37.696,25.086,263.0,263,True,,"[2064, 2064, 2049, 2049, 2049, 2049, 2049, 2049]","[2049, 2049, 2049, 2049, 2049, 2049, 2049, 2049]","[2049, 2049, 2049, 2049, 2049]",271.0
1223,9175,3,1,2023-10-27T22:00:13.070000+00:00,,38.013,25.164,268.0,274,True,,"[2064, 2064, 2049, 2049, 2049, 2049, 2049, 2049]","[2049, 2049, 2049, 2049, 2049, 2049, 2049, 2049]","[2049, 2049, 2049, 2049, 2049]",268.0
1223,9175,10,1,2023-10-27T22:00:14.367000+00:00,,41.02,27.808,232.0,248,True,,"[2064, 2064, 2049, 2049, 2049, 2049, 2049, 2049]","[2049, 2049, 2049, 2049, 2049, 2049, 2049, 2049]","[2049, 2049, 2049, 2049, 2049]",272.0
1223,9175,77,1,2023-10-27T22:00:15.773000+00:00,,40.275,32.069,237.0,262,True,,"[2064, 2064, 2049, 2049, 2049, 2049, 2049, 2049]","[2049, 2049, 2049, 2049, 2049, 2049, 2049, 2051]","[2049, 2049, 2049, 2049]",201.0
1223,9175,24,1,2023-10-27T22:00:20.461000+00:00,,39.008,32.5,242.0,264,True,,"[2064, 2064, 2049, 2049, 2049, 2049, 2049, 2049]","[2049, 2049, 2049, 2049, 2049, 2049, 2049, 2049]","[2049, 2049, 2049, 2049, 2049]",259.0
1223,9175,20,1,2023-10-27T22:00:29.617000+00:00,,36.488,44.507,257.0,273,True,,"[2064, 2064, 2049, 2049, 2049, 2049, 2049, 2049]","[2049, 2049, 2049, 2049, 2049, 2049, 2049, 2049]","[2049, 2049, 2049, 2049, 2049]",292.0
1223,9175,31,1,2023-10-27T22:00:33.867000+00:00,,40.996,36.1,257.0,258,True,,"[2064, 2064, 2049, 2049, 2049, 2049, 2049, 2049]","[2049, 2049, 2049, 2049, 2049, 2049, 2049, 2049]","[2049, 2049, 2049, 2049, 2064]",220.0
1223,9175,81,1,2023-10-27T22:00:34.695000+00:00,,37.142,51.381,271.0,207,True,,"[2064, 2064, 2049, 2049, 2049, 2049, 2049, 2049]","[2049, 2049, 2049, 2049, 2049, 2049, 2049, 2049]","[2049, 2049, 2049, 2049]",265.0
1223,9175,55,1,2023-10-27T22:00:35.211000+00:00,,35.678,36.021,240.0,271,True,,"[2064, 2064, 2049, 2049, 2049, 2049, 2049, 2049]","[2049, 2049, 2049, 2049, 2049, 2049, 2049, 2049]","[2049, 2049, 2049, 2049, 2049]",262.0
1223,9175,2,1,2023-10-27T22:00:45.304000+00:00,,37.715,39.627,250.0,265,True,,"[2064, 2064, 2049, 2049, 2049, 2049, 2049, 2049]","[2049, 2049, 2049, 2049, 2049, 2049, 2049, 2049]","[2049, 2049, 2049, 2049, 2049]",298.0
1223,9175,11,1,2023-10-27T22:00:47.913000+00:00,,40.158,42.343,246.0,195,True,,"[2064, 2064, 2049, 2049, 2049, 2049, 2049, 2049]","[2049, 2049, 2049, 2049, 2049, 2049, 2049, 2049]","[2049, 2049, 2049, 2049]",278.0
1223,9175,16,1,2023-10-27T22:00:52.320000+00:00,,40.172,50.083,243.0,154,True,,"[2064, 2064, 2049, 2049, 2049, 2049, 2049, 2049]","[2049, 2049, 2049, 2049, 2049, 2049, 2049, 2049]","[2049, 2049, 2049, 2049]",277.0
1223,9175,44,1,2023-10-27T22:00:59.429000+00:00,,41.636,46.221,212.0,217,True,,"[2064, 2064, 2049, 2049, 2049, 2049, 2049, 2049]","[2049, 2049, 2049, 2049, 2049, 2049, 2049, 2049]","[2049, 2049, 2049, 2049, 2049]",264.0
1223,9175,4,1,2023-10-27T22:01:04.007000+00:00,,40.403,48.534,247.0,204,True,,"[2064, 2064, 2049, 2049, 2049, 2049, 2049, 2049]","[2049, 2049, 2049, 2049, 2049, 2049, 2049, 2049]","[2049, 2049, 2049, 2049, 2049]",286.0
1223,9175,27,1,2023-10-27T22:01:19.226000+00:00,,35.699,42.547,289.0,276,True,,"[2064, 2064, 2049, 2049, 2049, 2049, 2049, 2049]","[2049, 2049, 2049, 2049, 2049, 2049, 2049, 2049]","[2049, 2049, 2049, 2049]",283.0
1223,9175,63,2,2023-10-27T22:01:29.632000+00:00,28.625,31.671,21.322,306.0,287,False,81.618,"[2049, 2049, 2049, 2049, 2049, 2051, 2049, 2049]","[2049, 2049, 2049, 2049, 2049, 2049, 2051, 2049]","[2049, 2051, 2051, 2051]",338.0
1223,9175,18,2,2023-10-27T22:01:38.491000+00:00,29.127,31.385,21.356,294.0,281,False,81.868,"[2049, 2049, 2049, 2049, 2051, 2049, 2049, 2049]","[2049, 2051, 2051, 2051, 2049, 2049, 2049, 2049]","[2049, 2049, 2051, 2049]",322.0
1223,9175,22,2,2023-10-27T22:01:49.241000+00:00,37.275,42.907,23.132,151.0,269,False,103.314,"[2049, 2049, 2049, 2048, 2048, 2048, 2048, 2048]","[2048, 2048, 2048, 2048, 2049, 2048, 2048, 2049]","[2049, 2049, 2049, 2049, 2049]",282.0
1223,9175,3,2,2023-10-27T22:01:50.475000+00:00,28.274,31.393,20.901,308.0,289,False,80.568,"[2051, 2051, 2051, 2049, 2049, 2049, 2051, 2049]","[2049, 2049, 2049, 2049, 2051, 2049, 2049, 2051]","[2049, 2051, 2051, 2051]",346.0
1223,9175,10,2,2023-10-27T22:01:56.522000+00:00,28.543,32.254,21.522,307.0,284,False,82.319,"[2049, 2049, 2049, 2049, 2049, 2049, 2049, 2049]","[2049, 2049, 2049, 2049, 2049, 2049, 2049, 2049]","[2049, 2049, 2049, 2049]",341.0
1223,9175,77,2,2023-10-27T22:02:01.319000+00:00,28.965,31.785,21.156,303.0,284,False,81.906,"[2049, 2049, 2049, 2049, 2049, 2049, 2049, 2049]","[2049, 2049, 2049, 2049, 2049, 2051, 2049, 2049]","[2049, 2049, 2049, 2049]",335.0
1223,9175,24,2,2023-10-27T22:02:07.272000+00:00,28.574,31.479,21.097,310.0,289,False,81.15,"[2049, 2049, 2049, 2049, 2049, 2049, 2049, 2049]","[2049, 2049, 2049, 2049, 2049, 2049, 2051, 2049]","[2051, 2049, 2049, 2049]",343.0
1223,9175,14,2,2023-10-27T22:02:16.459000+00:00,29.003,31.527,20.998,297.0,280,False,81.528,"[2049, 2049, 2049, 2049, 2049, 2049, 2049, 2049]","[2049, 2049, 2049, 2049, 2049, 2049, 2049, 2049]","[2049, 2051, 2049, 2049]",324.0
1223,9175,20,2,2023-10-27T22:02:21.225000+00:00,28.598,33.085,21.691,310.0,284,False,83.374,"[2049, 2049, 2049, 2049, 2049, 2049, 2049, 2049]","[2051, 2049, 2049, 2049, 2049, 2049, 2049, 2049]","[2049, 2049, 2049, 2049]",346.0
1223,9175,55,2,2023-10-27T22:02:30.162000+00:00,28.67,31.624,20.909,310.0,289,False,81.203,"[2049, 2049, 2049, 2049, 2049, 2049, 2049, 2049]","[2049, 2049, 2049, 2049, 2049, 2049, 2049, 2049]","[2049, 2049, 2049, 2051]",345.0
1223,9175,2,2,2023-10-27T22:02:36.584000+00:00,28.463,31.442,20.925,309.0,289,False,80.83,"[2049, 2049, 2049, 2049, 2049, 2049, 2049, 2049]","[2049, 2049, 2049, 2049, 2049, 2049, 2049, 2049]","[2049, 2049, 2049, 2049, 2049]",342.0
1223,9175,11,2,2023-10-27T22:02:42.553000+00:00,28.753,31.345,20.688,309.0,290,False,80.786,"[2049, 2049, 2049, 2051, 2049, 2049, 2049, 2049]","[2049, 2049, 2049, 2049, 2049, 2049, 2049, 2049]","[2049, 2049, 2051, 2051]",346.0
1223,9175,63,3,2023-10-27T22:02:51.178000+00:00,39.332,50.12,25.198,87.0,239,False,114.65,"[2048, 2048, 2048, 2048, 2048, 2048, 2048, 2048]","[2048, 2048, 2048, 2048, 2048, 2048, 2048, 2048]","[2048, 2048, 2048, 2048, 2048]",213.0
1223,9175,81,2,2023-10-27T22:02:53.615000+00:00,28.782,31.338,20.752,306.0,288,False,80.872,"[2049, 2049, 2049, 2049, 2049, 2049, 2049, 2049]","[2049, 2049, 2049, 2049, 2049, 2049, 2049, 2049]","[2051, 2049, 2049, 2049]",343.0
1223,9175,16,2,2023-10-27T22:02:59.084000+00:00,28.175,31.2,21.019,313.0,291,False,80.394,"[2049, 2049, 2049, 2049, 2049, 2049, 2051, 2051]","[2049, 2049, 2051, 2051, 2049, 2049, 2049, 2049]","[2049, 2049, 2049, 2049, 2049]",347.0
1223,9175,18,3,2023-10-27T22:02:59.818000+00:00,34.965,46.298,30.463,123.0,249,False,111.726,"[2048, 2048, 2048, 2048, 2048, 2048, 2048, 2048]","[2048, 2048, 2048, 2048, 2048, 2048, 2048, 2048]","[2048, 2048, 2048, 2048, 2049]",289.0
1223,9175,44,2,2023-10-27T22:03:04.756000+00:00,34.762,48.374,36.247,176.0,197,False,119.383,"[2049, 2049, 2049, 2049, 2049, 2048, 2048, 2048]","[2048, 2048, 2049, 2049, 2048, 2048, 2048, 2048]","[2048, 2049, 2049, 2049]",343.0
1223,9175,4,2,2023-10-27T22:03:09.740000+00:00,28.285,31.117,20.707,309.0,289,False,80.109,"[2049, 2049, 2049, 2049, 2051, 2051, 2049, 2049]","[2049, 2049, 2049, 2049, 2051, 2051, 2051, 2051]","[2049, 2051, 2049, 2049, 2049]",341.0
1223,9175,3,3,2023-10-27T22:03:10.943000+00:00,41.635,43.417,32.427,106.0,208,False,117.479,"[2048, 2048, 2048, 2048, 2048, 2048, 2048, 2048]","[2048, 2048, 2048, 2048, 2048, 2048, 2048, 2048]","[2048, 2048, 2048, 2048]",153.0
1223,9175,31,2,2023-10-27T22:03:14.240000+00:00,82.23,38.694,29.223,248.0,264,True,150.147,"[None, 2064, 2048, 2049, 2049, 2049, 2049, 2048]","[2048, 2049, 2049, 2049, 2049, 2049, 2049, 2049]","[2049, 2049, 2049, 2049, 2049]",227.0
1223,9175,27,2,2023-10-27T22:03:14.646000+00:00,29.099,32.292,21.289,308.0,290,False,82.68,"[2049, 2051, 2051, 2049, 2049, 2048, 2049, 2049]","[2049, 2049, 2049, 2049, 2049, 2049, 2049, 2049]","[2049, 2049, 2049, 2049]",349.0
1223,9175,10,3,2023-10-27T22:03:18.771000+00:00,35.954,43.551,40.828,211.0,259,False,120.333,"[2048, 2048, 2048, 2048, 2048, 2048, 2048, 2048]","[2048, 2048, 2048, 2048, 2048, 2048, 2048, 2048]","[2048, 2048, 2048, 2048]",295.0
1223,9175,77,3,2023-10-27T22:03:23.130000+00:00,33.268,44.992,41.523,218.0,263,False,119.783,"[2048, 2048, 2048, 2048, 2048, 2048, 2048, 2048]","[2048, 2048, 2048, 2048, 2048, 2048, 2048, 2048]","[2048, 2048, 2048, 2048]",291.0
1223,9175,23,1,2023-10-27T22:03:23.865000+00:00,,40.0,35.382,250.0,278,True,,"[2064, 2064, 2049, 2049, 2049, 2049, 2049, 2049]","[2049, 2049, 2049, 2049, 2049, 2049, 2049, 2049]","[2049, 2049, 2049, 2049, 2049]",297.0
1223,9175,24,3,2023-10-27T22:03:28.318000+00:00,46.065,49.069,42.894,107.0,254,False,138.028,"[2048, 2048, 2048, 2048, 2048, 2048, 2048, 2048]","[2048, 2048, 2048, 2048, 2048, 2048, 2048, 2048]","[2048, 2048, 2048, 2048, 2048]",176.0
1223,9175,22,3,2023-10-27T22:03:32.865000+00:00,28.731,33.15,21.84,310.0,281,False,83.721,"[None, 2049, 2049, 2049, 2049, 2049, 2049, 2049]","[2049, 2049, 2049, 2049, 2049, 2049, 2049, 2049]","[2049, 2049, 2049, 2049]",343.0
1223,9175,1,1,2023-10-27T22:03:35.240000+00:00,,43.279,42.124,256.0,200,True,,"[2064, 2064, 2049, 2049, 2049, 2049, 2049, 2049]","[2049, 2049, 2049, 2049, 2049, 2049, 2049, 2049]","[2049, 2049, 2049, 2049]",287.0
1223,9175,14,3,2023-10-27T22:03:37.896000+00:00,36.569,45.986,38.615,232.0,227,False,121.17,"[2048, 2048, 2048, 2048, 2048, 2048, 2048, 2048]","[2048, 2048, 2048, 2048, 2048, 2048, 2048, 2048]","[2048, 2048, 2048, 2048, 2048]",175.0
1223,9175,20,3,2023-10-27T22:03:44.521000+00:00,37.971,54.408,36.881,144.0,141,False,129.26,"[2048, 2048, 2048, 2048, 2048, 2048, 2048, 2048]","[2048, 2048, 2048, 2048, 2048, 2048, 2048, 2048]","[2048, 2048, 2048, 2048, 2048]",303.0
1223,9175,55,3,2023-10-27T22:03:51.302000+00:00,43.842,49.365,34.265,174.0,143,False,127.472,"[2048, 2048, 2048, 2048, 2048, 2048, 2048, 2048]","[2048, 2048, 2048, 2048, 2048, 2048, 2048, 2048]","[2048, 2048, 2048, 2048, 2048]",188.0
1223,9175,2,3,2023-10-27T22:03:57.333000+00:00,30.706,36.232,39.599,256.0,267,False,106.537,"[2048, 2048, 2048, 2048, 2048, 2048, 2048, 2048]","[2048, 2048, 2048, 2048, 2048, 2048, 2048, 2048]","[2048, 2048, 2048, 2048, 2064]",306.0
1223,9175,11,3,2023-10-27T22:04:03.130000+00:00,40.849,45.103,34.292,153.0,217,False,120.244,"[2048, 2048, 2048, 2048, 2048, 2048, 2048, 2048]","[2048, 2048, 2048, 2048, 2048, 2048, 2048, 2048]","[2048, 2048, 2048, 2048, 2064]",192.0
1223,9175,81,3,2023-10-27T22:04:14.427000+00:00,37.686,49.099,23.993,171.0,255,False,110.778,"[2048, 2048, 2048, 2048, 2048, 2048, 2048, 2048]","[2048, 2048, 2048, 2048, 2048, 2048, 2048, 2048]","[2048, 2048, 2048, 2048]",226.0
1223,9175,16,3,2023-10-27T22:04:19.380000+00:00,41.919,47.826,36.19,146.0,97,False,125.935,"[2048, 2048, 2048, 2048, 2048, 2048, 2048, 2048]","[2048, 2048, 2048, 2048, 2048, 2048, 2048, 2048]","[2048, 2048, 2048, 2048, 2048]",196.0
1223,9175,4,3,2023-10-27T22:04:29.786000+00:00,45.9,52.944,28.077,112.0,234,False,126.921,"[2048, 2048, 2048, 2048, 2048, 2048, 2048, 2048]","[2048, 2048, 2048, 2048, 2048, 2048, 2048, 2048]","[2048, 2048, 2048, 2048]",229.0
1223,9175,27,3,2023-10-27T22:04:37.208000+00:00,28.774,32.189,21.758,309.0,286,False,82.721,"[None, 2048, 2048, 2048, 2049, 2049, 2049, 2048]","[2049, 2049, 2048, 2049, 2049, 2049, 2048, 2048]","[2049, 2048, 2048, 2048, 2048]",345.0
1223,9175,63,4,2023-10-27T22:04:45.911000+00:00,28.514,31.82,21.236,307.0,285,False,81.57,"[None, 2049, 2049, 2049, 2048, 2051, 2049, 2048]","[2049, 2048, 2048, 2049, 2049, 2049, 2048, 2048]","[2049, 2049, 2048, 2049]",340.0
1223,9175,18,4,2023-10-27T22:04:51.629000+00:00,28.52,31.581,20.983,307.0,285,False,81.084,"[2049, 2049, 2049, 2049, 2049, 2048, 2049, 2049]","[2049, 2048, 2048, 2049, 2049, 2048, 2048, 2048]","[2049, 2049, 2049, 2049]",341.0
1223,9175,22,4,2023-10-27T22:04:56.192000+00:00,40.852,44.784,32.596,110.0,239,False,118.232,"[2048, 2048, 2048, 2048, 2048, 2048, 2048, 2048]","[2048, 2048, 2048, 2048, 2048, 2048, 2048, 2048]","[2048, 2048, 2048, 2048, 2048]",293.0
1223,9175,31,3,2023-10-27T22:04:57.473000+00:00,28.394,31.503,21.122,308.0,285,False,81.019,"[2049, 2049, 2049, 2049, 2049, 2049, 2049, 2049]","[2049, 2049, 2049, 2049, 2049, 2049, 2049, 2049]","[2049, 2049, 2049, 2049]",341.0
1223,9175,44,3,2023-10-27T22:05:03.911000+00:00,30.764,41.004,25.821,249.0,264,False,97.589,"[2048, 2048, 2048, 2051, 2049, 2049, 2049, 2049]","[2049, 2049, 2049, 2049, 2048, 2048, 2048, 2048]","[2049, 2049, 2049, 2049]",342.0
1223,9175,3,4,2023-10-27T22:05:08.676000+00:00,28.666,43.097,29.226,309.0,162,False,100.989,"[None, 2048, 2048, 2049, 2048, 2048, 2048, 2048]","[2049, 2048, 2048, 2048, 2048, 2048, 2048, 2048]","[2048, 2048, 2048, 2048]",344.0
1223,9175,23,2,2023-10-27T22:05:13.926000+00:00,28.167,31.343,20.848,309.0,290,False,80.358,"[2049, 2049, 2049, 2049, 2051, 2049, 2049, 2049]","[2049, 2049, 2049, 2049, 2049, 2049, 2049, 2051]","[2049, 2049, 2049, 2049]",343.0
1223,9175,10,4,2023-10-27T22:05:19.207000+00:00,28.787,33.086,21.696,308.0,287,False,83.569,"[None, 2048, 2048, 2049, 2048, 2048, 2048, 2048]","[2051, 2048, 2048, 2049, 2048, 2048, 2048, 2049]","[2048, 2048, 2048, 2048, 2048]",342.0
1223,9175,77,4,2023-10-27T22:05:23.020000+00:00,28.63,31.673,21.241,310.0,290,False,81.544,"[2049, 2049, 2049, 2048, 2048, 2049, 2049, 2049]","[2048, 2049, 2049, 2049, 2048, 2048, 2048, 2049]","[2049, 2048, 2048, 2049]",344.0
1223,9175,1,2,2023-10-27T22:05:32.723000+00:00,28.184,30.952,20.949,310.0,291,False,80.085,"[2049, 2049, 2049, 2049, 2049, 2049, 2049, 2049]","[2049, 2051, 2051, 2051, 2049, 2049, 2049, 2049]","[2049, 2049, 2049, 2049]",347.0
1223,9175,14,4,2023-10-27T22:05:39.129000+00:00,28.895,31.67,21.328,307.0,286,False,81.893,"[None, 2049, 2049, 2049, 2048, 2048, 2049, 2049]","[2049, 2048, 2048, 2049, 2048, 2049, 2051, 2049]","[2049, 2048, 2048, 2048, 2049]",341.0
1223,9175,24,4,2023-10-27T22:05:46.457000+00:00,28.481,31.212,20.998,311.0,288,False,80.691,"[None, 2048, 2048, 2049, 2049, 2049, 2049, 2049]","[2049, 2049, 2049, 2049, 2049, 2049, 2048, 2048]","[2048, 2049, 2049, 2049]",344.0
1223,9175,20,4,2023-10-27T22:05:53.863000+00:00,28.668,32.148,21.471,309.0,288,False,82.287,"[2049, 2048, 2048, 2049, 2048, 2049, 2049, 2049]","[2048, 2049, 2049, 2049, 2048, 2049, 2048, 2049]","[2048, 2049, 2049, 2049]",346.0
1223,9175,55,4,2023-10-27T22:05:58.863000+00:00,28.325,31.387,20.888,313.0,288,False,80.6,"[2049, 2049, 2049, 2048, 2049, 2049, 2049, 2049]","[2049, 2049, 2049, 2049, 2049, 2049, 2049, 2048]","[2049, 2049, 2048, 2048, 2048]",347.0
1223,9175,27,4,2023-10-27T22:06:00.051000+00:00,29.432,32.311,21.445,299.0,288,False,83.188,"[2048, 2048, 2048, 2048, 2048, 2048, 2048, 2048]","[2048, 2048, 2048, 2048, 2048, 2048, 2048, 2048]","[2049, 2048, 2048, 2048]",335.0
1223,9175,81,4,2023-10-27T22:06:05.285000+00:00,28.596,31.589,21.156,308.0,288,False,81.341,"[2049, 2048, 2048, 2049, 2049, 2049, 2049, 2049]","[2049, 2048, 2048, 2048, 2048, 2048, 2049, 2048]","[2048, 2048, 2048, 2048, 2048]",343.0
1223,9175,63,5,2023-10-27T22:06:07.394000+00:00,41.823,48.875,27.56,186.0,196,False,118.258,"[None, 2048, 2048, 2048, 2048, 2048, 2048, 2048]","[2048, 2048, 2048, 2048, 2048, 2048, 2048, 2048]","[2048, 2048, 2048, 2048, 2048]",172.0
1223,9175,18,5,2023-10-27T22:06:12.629000+00:00,32.606,35.243,27.844,236.0,274,False,95.693,"[None, 2048, 2048, 2048, 2048, 2048, 2048, 2048]","[2048, 2048, 2048, 2048, 2048, 2048, 2048, 2048]","[2048, 2048, 2048, 2048, 2064]",270.0
1223,9175,31,4,2023-10-27T22:06:18.394000+00:00,45.397,54.255,27.021,99.0,251,False,126.673,"[2048, 2048, 2048, 2048, 2048, 2048, 2048, 2048]","[2048, 2048, 2048, 2048, 2048, 2048, 2048, 2048]","[2048, 2048, 2048, 2048]",162.0
1223,9175,16,4,2023-10-27T22:06:25.472000+00:00,28.266,31.353,20.948,312.0,290,False,80.567,"[2049, 2048, 2048, 2048, 2048, 2048, 2048, 2048]","[2048, 2048, 2048, 2048, 2048, 2049, 2049, 2049]","[2049, 2048, 2049, 2049, 2049]",346.0
1223,9175,11,4,2023-10-27T22:06:26.910000+00:00,57.921,41.601,27.544,230.0,216,True,127.066,"[2064, 2064, 2048, 2048, 2048, 2048, 2048, 2048]","[2048, 2048, 2048, 2048, 2048, 2048, 2048, 2048]","[2048, 2048, 2048, 2048, 2048]",274.0
1223,9175,2,4,2023-10-27T22:06:27.816000+00:00,77.996,42.993,30.567,194.0,266,True,151.556,"[None, 2064, 2048, 2048, 2048, 2048, 2048, 2048]","[2048, 2048, 2048, 2048, 2048, 2048, 2048, 2048]","[2048, 2048, 2048, 2048, 2048]",299.0
1223,9175,23,3,2023-10-27T22:06:34.238000+00:00,40.815,50.804,29.435,198.0,193,False,121.054,"[2048, 2048, 2048, 2048, 2048, 2048, 2048, 2048]","[2048, 2048, 2048, 2048, 2048, 2048, 2048, 2048]","[2048, 2048, 2048, 2048]",265.0
1223,9175,4,4,2023-10-27T22:06:36.784000+00:00,28.411,31.215,24.066,308.0,288,False,83.692,"[2049, 2048, 2048, 2049, 2049, 2048, 2048, 2048]","[2048, 2049, 2049, 2048, 2051, 2048, 2048, 2048]","[2049, 2048, 2048, 2048]",341.0
1223,9175,44,4,2023-10-27T22:06:41.519000+00:00,28.576,31.543,21.158,307.0,287,False,81.277,"[2049, 2049, 2049, 2048, 2049, 2049, 2049, 2049]","[2049, 2049, 2049, 2049, 2049, 2049, 2049, 2049]","[2049, 2049, 2049, 2049]",343.0
1223,9175,10,5,2023-10-27T22:06:42.753000+00:00,31.413,41.113,28.931,239.0,195,False,101.457,"[None, 2048, 2048, 2048, 2048, 2048, 2048, 2048]","[2048, 2048, 2048, 2048, 2048, 2048, 2048, 2048]","[2048, 2048, 2048, 2048, 2064]",304.0
1223,9175,77,5,2023-10-27T22:06:44.519000+00:00,39.233,43.812,32.252,150.0,259,False,115.297,"[2048, 2048, 2048, 2048, 2048, 2048, 2048, 2048]","[2048, 2048, 2048, 2048, 2048, 2048, 2048, 2048]","[2048, 2048, 2048, 2048, 2048]",148.0
1223,9175,3,5,2023-10-27T22:06:49.519000+00:00,28.683,33.478,26.879,308.0,265,False,89.04,"[None, 2048, 2048, 2048, 2048, 2048, 2048, 2048]","[2049, 2048, 2048, 2048, 2048, 2048, 2048, 2048]","[2048, 2048, 2048, 2048, 2064]",343.0
1223,9175,1,3,2023-10-27T22:06:52.722000+00:00,44.059,44.899,24.644,161.0,255,False,113.602,"[2048, 2048, 2048, 2048, 2048, 2048, 2048, 2048]","[2048, 2048, 2048, 2048, 2048, 2048, 2048, 2048]","[2048, 2048, 2048, 2048, 2048]",170.0
1223,9175,22,5,2023-10-27T22:06:54.534000+00:00,28.661,32.33,21.48,310.0,283,False,82.471,"[2049, 2049, 2049, 2048, 2049, 2048, 2048, 2048]","[2048, 2049, 2049, 2049, 2049, 2049, 2049, 2049]","[2049, 2049, 2049, 2049]",345.0
1223,9175,14,5,2023-10-27T22:07:01.050000+00:00,29.477,35.146,27.867,243.0,214,False,92.49,"[2049, 2048, 2048, 2048, 2048, 2048, 2048, 2048]","[2048, 2048, 2048, 2048, 2048, 2048, 2048, 2048]","[2048, 2048, 2048, 2048, 2064]",327.0
1223,9175,24,5,2023-10-27T22:07:07.112000+00:00,40.979,55.642,34.79,130.0,152,False,131.411,"[None, 2048, 2048, 2048, 2048, 2048, 2048, 2048]","[2048, 2048, 2048, 2048, 2048, 2048, 2048, 2048]","[2048, 2048, 2048, 2048, 2064]",261.0
1223,9175,20,5,2023-10-27T22:07:16.050000+00:00,30.809,36.461,30.374,230.0,255,False,97.644,"[2049, 2049, 2048, 2048, 2048, 2048, 2048, 2048]","[2048, 2048, 2048, 2048, 2048, 2048, 2048, 2048]","[2048, 2048, 2048, 2048, 2064]",323.0
1223,9175,55,5,2023-10-27T22:07:19.393000+00:00,54.913,52.632,34.936,128.0,120,False,142.481,"[2048, 2048, 2048, 2048, 2048, 2048, 2048, 2048]","[2048, 2048, 2048, 2048, 2048, 2048, 2048, 2048]","[2048, 2048, 2048, 2048]",143.0
1223,9175,27,5,2023-10-27T22:07:23.221000+00:00,30.709,39.072,29.576,266.0,242,False,99.357,"[None, 2048, 2048, 2048, 2048, 2048, 2048, 2048]","[2048, 2048, 2048, 2048, 2048, 2048, 2048, 2048]","[2048, 2048, 2048, 2048, 2064]",308.0
1223,9175,81,5,2023-10-27T22:07:26.628000+00:00,37.076,50.439,25.933,179.0,220,False,113.448,"[2048, 2048, 2048, 2048, 2048, 2048, 2048, 2048]","[2048, 2048, 2048, 2048, 2048, 2048, 2048, 2048]","[2048, 2048, 2048, 2048, 2048]",236.0
1223,9175,16,5,2023-10-27T22:07:46.034000+00:00,39.865,50.275,34.307,132.0,192,False,124.447,"[2048, 2048, 2048, 2048, 2048, 2048, 2048, 2048]","[2048, 2048, 2048, 2048, 2048, 2048, 2048, 2048]","[2048, 2048, 2048, 2048]",249.0
1223,9175,4,5,2023-10-27T22:08:00.471000+00:00,40.853,37.749,35.437,192.0,249,False,114.039,"[2048, 2048, 2048, 2048, 2048, 2048, 2048, 2048]","[2048, 2048, 2048, 2048, 2048, 2048, 2048, 2048]","[2048, 2048, 2048, 2048, 2048]",198.0
1223,9175,44,5,2023-10-27T22:08:02.862000+00:00,41.905,44.423,30.608,129.0,247,False,116.936,"[2048, 2048, 2048, 2048, 2048, 2048, 2048, 2048]","[2048, 2048, 2048, 2048, 2048, 2048, 2048, 2048]","[2048, 2048, 2048, 2048, 2048]",195.0
1223,9175,63,6,2023-10-27T22:08:05.737000+00:00,28.347,31.443,21.177,305.0,285,False,80.967,"[2049, 2049, 2049, 2049, 2049, 2051, 2048, 2048]","[2049, 2049, 2048, 2049, 2049, 2049, 2048, 2048]","[2049, 2048, 2048, 2049]",341.0
1223,9175,11,5,2023-10-27T22:08:10.549000+00:00,28.396,31.324,21.032,311.0,289,False,80.752,"[2049, 2049, 2049, 2048, 2049, 2049, 2049, 2049]","[2049, 2049, 2048, 2048, 2049, 2049, 2049, 2048]","[2048, 2048, 2048, 2048]",347.0
1223,9175,2,5,2023-10-27T22:08:15.533000+00:00,30.889,44.434,34.065,234.0,257,False,109.388,"[2049, 2048, 2048, 2048, 2049, 2048, 2048, 2048]","[2048, 2048, 2048, 2048, 2048, 2048, 2048, 2048]","[2048, 2048, 2048, 2048, 2048]",342.0
1223,9175,22,6,2023-10-27T22:08:16.924000+00:00,40.959,42.597,27.76,138.0,232,False,111.316,"[2048, 2048, 2048, 2048, 2048, 2048, 2048, 2048]","[2048, 2048, 2048, 2048, 2048, 2048, 2048, 2048]","[2048, 2048, 2048, 2048]",283.0
1223,9175,31,5,2023-10-27T22:08:25.143000+00:00,28.657,31.762,22.068,308.0,286,False,82.487,"[None, 2048, 2048, 2048, 2048, 2048, 2048, 2049]","[2048, 2048, 2048, 2049, 2049, 2048, 2048, 2049]","[2048, 2048, 2048, 2048, 2048]",340.0
1223,9175,23,4,2023-10-27T22:08:35.330000+00:00,28.229,31.039,20.807,313.0,293,False,80.075,"[2049, 2049, 2049, 2048, 2048, 2049, 2051, 2051]","[2049, 2051, 2049, 2051, 2049, 2049, 2048, 2051]","[2049, 2048, 2049, 2048]",345.0
1223,9175,77,6,2023-10-27T22:08:39.830000+00:00,28.49,31.667,21.087,310.0,283,False,81.244,"[2049, 2049, 2048, 2048, 2049, 2048, 2049, 2049]","[2048, 2048, 2049, 2049, 2049, 2049, 2049, 2048]","[2049, 2049, 2049, 2048]",342.0
1223,9175,1,4,2023-10-27T22:08:46.424000+00:00,28.141,31.066,20.907,308.0,283,False,80.114,"[2051, 2051, 2049, 2049, 2048, 2048, 2049, 2049]","[2049, 2048, 2048, 2049, 2049, 2049, 2048, 2048]","[2048, 2048, 2049, 2049, 2049]",348.0
1223,9175,10,6,2023-10-27T22:08:47.252000+00:00,56.843,37.538,22.969,262.0,261,True,117.35,"[2064, 2064, 2048, 2048, 2048, 2048, 2048, 2048]","[2048, 2048, 2048, 2048, 2048, 2048, 2048, 2048]","[2048, 2048, 2048, 2048]",249.0
1223,9175,14,6,2023-10-27T22:09:11.236000+00:00,67.949,34.881,22.816,265.0,275,True,125.646,"[None, 2064, 2048, 2048, 2048, 2048, 2048, 2048]","[2048, 2048, 2048, 2048, 2048, 2048, 2048, 2048]","[2048, 2048, 2048, 2048, 2049]",284.0
1223,9175,20,6,2023-10-27T22:09:15.392000+00:00,58.238,35.99,23.802,253.0,272,True,118.03,"[None, 2064, 2048, 2048, 2048, 2048, 2048, 2048]","[2048, 2048, 2048, 2048, 2048, 2048, 2048, 2048]","[2048, 2048, 2048, 2048, 2049]",195.0
1223,9175,81,6,2023-10-27T22:09:20.080000+00:00,28.52,31.421,21.096,308.0,288,False,81.037,"[2049, 2048, 2048, 2048, 2048, 2049, 2049, 2049]","[2048, 2049, 2049, 2049, 2049, 2049, 2048, 2048]","[2048, 2049, 2048, 2048, 2048]",340.0
1223,9175,63,7,2023-10-27T22:09:26.595000+00:00,34.114,40.046,28.183,199.0,179,False,102.343,"[2048, 2048, 2048, 2048, 2048, 2048, 2048, 2048]","[2048, 2048, 2048, 2048, 2048, 2048, 2048, 2048]","[2048, 2048, 2048, 2048, 2064]",240.0
1223,9175,27,6,2023-10-27T22:09:28.454000+00:00,55.861,35.881,25.102,270.0,266,True,116.844,"[2064, 2064, 2048, 2048, 2048, 2048, 2048, 2048]","[2048, 2048, 2048, 2048, 2048, 2048, 2048, 2048]","[2048, 2048, 2048, 2048]",286.0
1223,9175,11,6,2023-10-27T22:09:31.220000+00:00,38.208,45.507,26.829,112.0,159,False,110.544,"[2048, 2048, 2048, 2048, 2048, 2048, 2048, 2048]","[2048, 2048, 2048, 2048, 2048, 2048, 2048, 2048]","[2048, 2048, 2048, 2048]",257.0
1223,9175,24,6,2023-10-27T22:09:36.329000+00:00,78.255,43.386,27.38,232.0,101,True,149.021,"[None, 2064, 2048, 2048, 2048, 2048, 2048, 2048]","[2048, 2048, 2048, 2048, 2048, 2048, 2048, 2048]","[2048, 2048, 2048, 2048, 2048]",123.0
1223,9175,55,6,2023-10-27T22:09:41.986000+00:00,28.405,31.344,20.795,312.0,289,False,80.544,"[2049, 2048, 2048, 2048, 2049, 2048, 2048, 2048]","[2048, 2048, 2049, 2049, 2049, 2049, 2049, 2048]","[2048, 2049, 2049, 2048]",344.0
1223,9175,31,6,2023-10-27T22:09:47.611000+00:00,38.696,41.531,26.31,263.0,262,False,106.537,"[None, 2048, 2048, 2048, 2048, 2048, 2048, 2048]","[2048, 2048, 2048, 2048, 2048, 2048, 2048, 2048]","[2048, 2048, 2048, 2048, 2064]",153.0
1223,9175,16,6,2023-10-27T22:09:50.470000+00:00,28.337,31.529,20.919,314.0,292,False,80.785,"[2049, 2049, 2049, 2048, 2048, 2048, 2048, 2051]","[2048, 2048, 2048, 2048, 2048, 2048, 2048, 2049]","[2048, 2049, 2049, 2049, 2048]",346.0
1223,9175,4,6,2023-10-27T22:09:54.501000+00:00,28.405,31.178,20.888,309.0,288,False,80.471,"[None, 2048, 2048, 2048, 2048, 2048, 2048, 2049]","[2048, 2048, 2048, 2048, 2048, 2048, 2049, 2048]","[2048, 2048, 2048, 2048, 2049]",341.0
1223,9175,23,5,2023-10-27T22:09:55.314000+00:00,46.781,44.513,26.411,127.0,256,False,117.705,"[2048, 2048, 2048, 2048, 2048, 2048, 2048, 2048]","[2048, 2048, 2048, 2048, 2048, 2048, 2048, 2048]","[2048, 2048, 2048, 2048, 2048]",151.0
1223,9175,44,6,2023-10-27T22:09:59.798000+00:00,28.528,31.552,20.937,308.0,287,False,81.017,"[None, 2048, 2048, 2048, 2049, 2049, 2049, 2049]","[2048, 2048, 2048, 2049, 2049, 2049, 2049, 2048]","[2049, 2049, 2049, 2049]",342.0
1223,9175,77,7,2023-10-27T22:10:01.017000+00:00,32.165,36.829,27.098,136.0,265,False,96.092,"[2048, 2048, 2048, 2048, 2048, 2048, 2048, 2048]","[2048, 2048, 2048, 2048, 2048, 2048, 2048, 2048]","[2048, 2048, 2048, 2048, 2064]",303.0
1223,9175,2,6,2023-10-27T22:10:04.907000+00:00,28.814,31.956,21.105,311.0,288,False,81.875,"[2048, 2048, 2049, 2048, 2048, 2048, 2048, 2049]","[2049, 2048, 2048, 2048, 2048, 2048, 2048, 2048]","[2049, 2048, 2049, 2048, 2048]",343.0
1223,9175,1,5,2023-10-27T22:10:06.517000+00:00,36.069,35.288,26.034,218.0,262,False,97.391,"[2048, 2048, 2048, 2048, 2048, 2048, 2048, 2048]","[2048, 2048, 2048, 2048, 2048, 2048, 2048, 2048]","[2048, 2048, 2048, 2048, 2064]",220.0
1223,9175,22,7,2023-10-27T22:10:08.438000+00:00,37.439,42.891,32.454,141.0,265,False,112.784,"[None, 2048, 2048, 2048, 2048, 2048, 2048, 2048]","[2048, 2048, 2048, 2048, 2048, 2048, 2048, 2048]","[2048, 2048, 2048, 2048, 2048]",308.0
1223,9175,10,7,2023-10-27T22:10:21.579000+00:00,28.342,31.333,20.9,310.0,290,False,80.575,"[2049, 2048, 2048, 2049, 2049, 2049, 2049, 2049]","[2048, 2049, 2049, 2049, 2049, 2049, 2049, 2049]","[2049, 2049, 2049, 2049, 2049]",339.0
1223,9175,14,7,2023-10-27T22:10:39.188000+00:00,28.385,31.245,20.796,310.0,289,False,80.426,"[2049, 2049, 2049, 2048, 2048, 2049, 2049, 2049]","[2048, 2049, 2048, 2049, 2049, 2049, 2048, 2049]","[2049, 2048, 2049, 2049]",340.0
1223,9175,81,7,2023-10-27T22:10:41.110000+00:00,29.511,40.576,29.086,273.0,159,False,99.173,"[2048, 2048, 2048, 2048, 2048, 2048, 2048, 2048]","[2048, 2048, 2048, 2048, 2048, 2048, 2048, 2048]","[2048, 2048, 2048, 2048, 2064]",322.0
1223,9175,20,7,2023-10-27T22:10:51.844000+00:00,28.363,31.691,20.998,312.0,290,False,81.052,"[2048, 2048, 2048, 2049, 2049, 2048, 2048, 2049]","[2048, 2049, 2049, 2051, 2049, 2048, 2049, 2049]","[2049, 2049, 2049, 2049]",345.0
1223,9175,27,7,2023-10-27T22:10:59.453000+00:00,28.28,31.532,20.904,314.0,288,False,80.716,"[2049, 2048, 2048, 2048, 2049, 2049, 2049, 2051]","[2049, 2049, 2049, 2049, 2049, 2049, 2049, 2048]","[2048, 2048, 2049, 2049]",346.0
1223,9175,55,7,2023-10-27T22:11:02.407000+00:00,35.026,35.879,26.953,248.0,254,False,97.858,"[2048, 2048, 2048, 2048, 2048, 2048, 2048, 2048]","[2048, 2048, 2048, 2048, 2048, 2048, 2048, 2048]","[2048, 2048, 2048, 2048, 2064]",276.0
1223,9175,16,7,2023-10-27T22:11:11.219000+00:00,31.539,36.854,29.779,202.0,244,False,98.172,"[2048, 2048, 2048, 2048, 2048, 2048, 2048, 2048]","[2048, 2048, 2048, 2048, 2048, 2048, 2048, 2048]","[2048, 2048, 2048, 2048, 2064]",301.0
1223,9175,4,7,2023-10-27T22:11:14.985000+00:00,32.975,38.708,26.85,126.0,233,False,98.533,"[None, 2048, 2048, 2048, 2048, 2048, 2048, 2048]","[2048, 2048, 2048, 2048, 2048, 2048, 2048, 2048]","[2048, 2048, 2048, 2048, 2064]",254.0
1223,9175,44,7,2023-10-27T22:11:20.781000+00:00,40.599,49.408,27.229,181.0,201,False,117.236,"[None, 2048, 2048, 2048, 2048, 2048, 2048, 2048]","[2048, 2048, 2048, 2048, 2048, 2048, 2048, 2048]","[2048, 2048, 2048, 2048]",195.0
1223,9175,11,7,2023-10-27T22:11:21.969000+00:00,29.869,43.4,26.955,205.0,178,False,100.224,"[2049, 2049, 2048, 2048, 2048, 2048, 2048, 2048]","[2048, 2048, 2048, 2048, 2048, 2048, 2048, 2048]","[2048, 2048, 2048, 2048, 2048]",346.0
1223,9175,2,7,2023-10-27T22:11:26.813000+00:00,32.108,41.837,26.756,282.0,257,False,100.701,"[None, 2048, 2048, 2048, 2048, 2048, 2048, 2048]","[2048, 2048, 2048, 2048, 2048, 2048, 2048, 2048]","[2048, 2048, 2048, 2048]",306.0
1223,9175,63,8,2023-10-27T22:11:30.125000+00:00,51.407,33.492,22.516,262.0,276,True,107.415,"[None, 2064, 2048, 2048, 2048, 2048, 2048, 2048]","[2048, 2048, 2048, 2048, 2048, 2048, 2048, 2048]","[2048, 2048, 2048, 2048]",278.0
1223,9175,10,8,2023-10-27T22:11:42.047000+00:00,38.164,47.073,23.684,101.0,252,False,108.921,"[2048, 2048, 2048, 2048, 2048, 2048, 2048, 2048]","[2048, 2048, 2048, 2048, 2048, 2048, 2048, 2048]","[2048, 2048, 2048, 2048]",292.0
1223,9175,24,7,2023-10-27T22:11:47.562000+00:00,28.707,31.582,21.3,310.0,289,False,81.589,"[2048, 2048, 2048, 2048, 2048, 2048, 2049, 2048]","[2048, 2048, 2048, 2048, 2048, 2048, 2048, 2048]","[2048, 2048, 2048, 2048]",340.0
1223,9175,23,6,2023-10-27T22:11:53.125000+00:00,28.446,34.683,28.428,309.0,213,False,91.557,"[None, 2048, 2048, 2049, 2048, 2048, 2048, 2048]","[2048, 2048, 2048, 2048, 2048, 2048, 2048, 2048]","[2048, 2048, 2048, 2048, 2064]",341.0
1223,9175,31,7,2023-10-27T22:11:57.656000+00:00,60.253,40.219,39.385,244.0,263,True,139.857,"[None, 2064, 2048, 2048, 2048, 2048, 2048, 2048]","[2048, 2048, 2048, 2048, 2048, 2048, 2048, 2048]","[2048, 2048, 2048, 2048]",195.0
1223,9175,77,8,2023-10-27T22:11:59.437000+00:00,58.943,39.673,42.181,238.0,176,True,140.797,"[2064, 2064, 2048, 2048, 2048, 2048, 2048, 2048]","[2048, 2048, 2048, 2048, 2048, 2048, 2048, 2048]","[2048, 2048, 2048, 2048, 2048]",200.0
1223,9175,14,8,2023-10-27T22:11:59.515000+00:00,35.139,39.329,27.207,235.0,256,False,101.675,"[2048, 2048, 2048, 2048, 2048, 2048, 2048, 2048]","[2048, 2048, 2048, 2048, 2048, 2048, 2048, 2048]","[2048, 2048, 2048, 2048]",279.0
1223,9175,22,8,2023-10-27T22:12:01.109000+00:00,28.574,33.487,21.261,309.0,287,False,83.322,"[2049, 2048, 2048, 2049, 2048, 2049, 2049, 2049]","[2048, 2048, 2048, 2048, 2049, 2049, 2048, 2049]","[2048, 2049, 2049, 2049, 2048]",341.0
1223,9175,3,6,2023-10-27T22:12:08.593000+00:00,,42.436,40.037,264.0,272,True,346.374,"[2064, 2064, 2048, 2048, 2048, 2048, 2048, 2048]","[2048, 2048, 2048, 2048, 2048, 2048, 2048, 2048]","[2048, 2048, 2048, 2048]",260.0
1223,9175,1,6,2023-10-27T22:12:10.515000+00:00,58.623,35.634,30.281,255.0,275,True,124.538,"[None, 2064, 2048, 2048, 2048, 2048, 2048, 2048]","[2048, 2048, 2048, 2048, 2048, 2048, 2048, 2048]","[2048, 2048, 2048, 2048]",278.0
1223,9175,20,8,2023-10-27T22:12:12.812000+00:00,36.764,51.244,30.756,203.0,206,False,118.764,"[None, 2048, 2048, 2048, 2048, 2048, 2048, 2048]","[2048, 2048, 2048, 2048, 2048, 2048, 2048, 2048]","[2048, 2048, 2048, 2048, 2048]",302.0
1223,9175,27,8,2023-10-27T22:12:20.046000+00:00,42.488,49.676,33.887,149.0,108,False,126.051,"[2048, 2048, 2048, 2048, 2048, 2048, 2048, 2048]","[2048, 2048, 2048, 2048, 2048, 2048, 2048, 2048]","[2048, 2048, 2048, 2048]",203.0
1223,9175,63,9,2023-10-27T22:12:56.483000+00:00,28.463,31.187,20.924,306.0,285,False,80.574,"[2048, 2048, 2048, 2049, 2049, 2048, 2048, 2048]","[2048, 2048, 2051, 2049, 2049, 2051, 2049, 2048]","[2048, 2049, 2048, 2049]",337.0
1223,9175,55,8,2023-10-27T22:13:00.390000+00:00,56.289,38.28,26.112,259.0,249,True,120.681,"[None, 2064, 2048, 2048, 2048, 2048, 2048, 2048]","[2048, 2048, 2048, 2048, 2048, 2048, 2048, 2048]","[2048, 2048, 2048, 2048, 2048]",253.0
1223,9175,11,8,2023-10-27T22:13:02.077000+00:00,28.411,31.428,21.019,310.0,289,False,80.858,"[2048, 2048, 2048, 2048, 2048, 2049, 2048, 2048]","[2049, 2048, 2048, 2049, 2048, 2048, 2048, 2049]","[2048, 2048, 2048, 2048]",345.0
1223,9175,2,8,2023-10-27T22:13:07.483000+00:00,28.386,31.848,21.194,312.0,288,False,81.428,"[2049, 2049, 2049, 2048, 2048, 2048, 2049, 2049]","[2048, 2048, 2048, 2048, 2048, 2049, 2049, 2048]","[2048, 2048, 2048, 2048]",346.0
1223,9175,24,8,2023-10-27T22:13:09.155000+00:00,31.155,38.426,27.24,249.0,258,False,96.821,"[None, 2048, 2048, 2048, 2048, 2048, 2048, 2048]","[2048, 2048, 2048, 2048, 2048, 2048, 2048, 2048]","[2048, 2048, 2048, 2048, 2064]",322.0
1223,9175,16,8,2023-10-27T22:13:11.827000+00:00,57.749,36.996,25.668,252.0,259,True,120.413,"[None, 2064, 2048, 2048, 2048, 2048, 2048, 2048]","[2048, 2048, 2048, 2048, 2048, 2048, 2048, 2048]","[2048, 2048, 2048, 2048]",262.0
1223,9175,44,8,2023-10-27T22:13:18.046000+00:00,42.271,43.199,22.97,171.0,261,False,108.44,"[None, 2048, 2048, 2048, 2048, 2048, 2048, 2048]","[2048, 2048, 2048, 2048, 2048, 2048, 2048, 2048]","[2048, 2048, 2048, 2048, 2048]",230.0
1223,9175,22,9,2023-10-27T22:13:24.436000+00:00,34.181,38.366,26.826,121.0,266,False,99.373,"[2048, 2048, 2048, 2048, 2048, 2048, 2048, 2048]","[2048, 2048, 2048, 2048, 2048, 2048, 2048, 2048]","[2048, 2048, 2048, 2048, 2064]",300.0
1223,9175,10,9,2023-10-27T22:13:31.077000+00:00,28.494,31.291,20.884,308.0,287,False,80.669,"[None, 2048, 2048, 2049, 2048, 2048, 2048, 2048]","[2048, 2049, 2048, 2048, 2049, 2049, 2049, 2048]","[2048, 2049, 2049, 2048]",340.0
1223,9175,14,9,2023-10-27T22:13:41.280000+00:00,28.496,38.767,28.65,308.0,233,False,95.913,"[None, 2049, 2049, 2048, 2048, 2048, 2048, 2048]","[2048, 2048, 2048, 2048, 2048, 2048, 2048, 2048]","[2048, 2048, 2048, 2048, 2064]",342.0
1223,9175,1,7,2023-10-27T22:13:48.467000+00:00,28.181,30.795,20.535,311.0,291,False,79.511,"[2048, 2051, 2048, 2049, 2048, 2048, 2048, 2048]","[2048, 2048, 2051, 2049, 2049, 2049, 2049, 2049]","[2049, 2049, 2051, 2049]",348.0
1223,9175,31,8,2023-10-27T22:13:53.998000+00:00,28.434,31.138,20.836,307.0,287,False,80.408,"[2048, 2048, 2048, 2048, 2049, 2048, 2049, 2048]","[2049, 2049, 2049, 2049, 2049, 2049, 2049, 2049]","[2049, 2049, 2049, 2049]",339.0
1223,9175,77,9,2023-10-27T22:13:57.967000+00:00,28.278,30.925,20.662,309.0,289,False,79.865,"[2048, 2049, 2048, 2049, 2049, 2049, 2049, 2048]","[2048, 2049, 2049, 2049, 2049, 2051, 2049, 2049]","[2049, 2049, 2049, 2049]",343.0
1223,9175,3,7,2023-10-27T22:14:04.936000+00:00,28.377,30.837,20.51,308.0,289,False,79.724,"[2048, 2048, 2048, 2048, 2049, 2048, 2048, 2048]","[2048, 2049, 2049, 2049, 2049, 2049, 2049, 2051]","[2049, 2049, 2049, 2051]",340.0
1223,9175,20,9,2023-10-27T22:14:11.639000+00:00,47.633,58.556,29.527,154.0,198,False,135.716,"[None, 2048, 2048, 2048, 2048, 2048, 2048, 2048]","[2048, 2048, 2048, 2048, 2048, 2048, 2048, 2048]","[2048, 2048, 2048, 2048, 2048]",184.0
1223,9175,63,10,2023-10-27T22:14:16.936000+00:00,47.247,49.022,25.225,157.0,239,False,121.494,"[None, 2048, 2048, 2048, 2048, 2048, 2048, 2048]","[2048, 2048, 2048, 2048, 2048, 2048, 2048, 2048]","[2048, 2048, 2048, 2048, 2048]",144.0
1223,9175,11,9,2023-10-27T22:14:22.951000+00:00,37.528,43.15,26.739,144.0,259,False,107.417,"[None, 2048, 2048, 2048, 2048, 2048, 2048, 2048]","[2048, 2048, 2048, 2048, 2048, 2048, 2048, 2048]","[2048, 2048, 2048, 2048, 2064]",240.0
1223,9175,27,9,2023-10-27T22:14:26.186000+00:00,28.44,31.503,20.796,310.0,289,False,80.739,"[None, 2049, 2048, 2048, 2049, 2048, 2048, 2048]","[2049, 2048, 2049, 2048, 2048, 2048, 2049, 2049]","[2049, 2049, 2049, 2048, 2048]",348.0
1223,9175,2,9,2023-10-27T22:14:28.951000+00:00,31.65,36.518,29.996,219.0,269,False,98.164,"[2048, 2048, 2048, 2048, 2048, 2048, 2048, 2048]","[2048, 2048, 2048, 2048, 2048, 2048, 2048, 2048]","[2048, 2048, 2048, 2048, 2064]",305.0
1223,9175,55,9,2023-10-27T22:14:41.013000+00:00,28.161,31.018,20.653,311.0,290,False,79.832,"[2049, 2048, 2048, 2048, 2049, 2049, 2049, 2048]","[2049, 2049, 2049, 2049, 2048, 2049, 2049, 2049]","[2049, 2048, 2049, 2049]",343.0
1223,9175,16,9,2023-10-27T22:14:49.795000+00:00,28.037,30.848,20.726,313.0,292,False,79.611,"[2049, 2049, 2048, 2049, 2049, 2049, 2049, 2048]","[2049, 2049, 2048, 2049, 2048, 2049, 2049, 2049]","[2048, 2048, 2049, 2049]",345.0
1223,9175,10,10,2023-10-27T22:14:51.763000+00:00,34.549,35.895,29.496,219.0,257,False,99.94,"[None, 2048, 2048, 2048, 2048, 2048, 2048, 2048]","[2048, 2048, 2048, 2048, 2048, 2048, 2048, 2048]","[2048, 2048, 2048, 2048, 2064]",294.0
1223,9175,44,9,2023-10-27T22:15:06.482000+00:00,28.647,38.792,23.682,305.0,249,False,91.121,"[None, 2048, 2048, 2048, 2049, 2048, 2048, 2048]","[2049, 2048, 2048, 2048, 2048, 2048, 2048, 2048]","[2048, 2048, 2048, 2048, 2049]",337.0
1223,9175,1,8,2023-10-27T22:15:07.873000+00:00,33.704,37.663,27.367,219.0,255,False,98.734,"[None, 2048, 2048, 2048, 2048, 2048, 2048, 2048]","[2048, 2048, 2048, 2048, 2048, 2048, 2048, 2048]","[2048, 2048, 2048, 2048, 2064]",302.0
1223,9175,31,9,2023-10-27T22:15:14.372000+00:00,34.471,38.252,27.884,224.0,258,False,100.607,"[None, 2048, 2048, 2048, 2048, 2048, 2048, 2048]","[2048, 2048, 2048, 2048, 2048, 2048, 2048, 2048]","[2048, 2048, 2048, 2048, 2064]",293.0
1223,9175,77,10,2023-10-27T22:15:17.779000+00:00,32.98,40.167,29.227,220.0,268,False,102.374,"[None, 2048, 2048, 2048, 2048, 2048, 2048, 2048]","[2048, 2048, 2048, 2048, 2048, 2048, 2048, 2048]","[2048, 2048, 2048, 2048, 2048]",300.0
1223,9175,18,6,2023-10-27T22:15:20.669000+00:00,,36.669,28.157,251.0,268,True,547.414,"[None, 2064, 2048, 2048, 2048, 2048, 2048, 2048]","[2048, 2048, 2048, 2048, 2048, 2048, 2048, 2048]","[2048, 2048, 2048, 2048, 2049]",294.0
1223,9175,3,8,2023-10-27T22:15:24.576000+00:00,39.913,47.124,25.459,182.0,179,False,112.496,"[None, 2048, 2048, 2048, 2048, 2048, 2048, 2048]","[2048, 2048, 2048, 2048, 2048, 2048, 2048, 2048]","[2048, 2048, 2048, 2048, 2048]",243.0
1223,9175,27,10,2023-10-27T22:15:46.919000+00:00,31.997,36.047,26.881,198.0,265,False,94.925,"[None, 2048, 2048, 2048, 2048, 2048, 2048, 2048]","[2048, 2048, 2048, 2048, 2048, 2048, 2048, 2048]","[2048, 2048, 2048, 2048, 2064]",319.0
1223,9175,55,10,2023-10-27T22:16:00.794000+00:00,43.233,41.403,30.713,193.0,185,False,115.349,"[2048, 2048, 2048, 2048, 2048, 2048, 2048, 2048]","[2048, 2048, 2048, 2048, 2048, 2048, 2048, 2048]","[2048, 2048, 2048, 2048, 2064]",165.0
1223,9175,16,10,2023-10-27T22:16:09.341000+00:00,46.096,48.589,28.562,60.0,204,False,123.247,"[2048, 2048, 2048, 2048, 2048, 2048, 2048, 2048]","[2048, 2048, 2048, 2048, 2048, 2048, 2048, 2048]","[2048, 2048, 2048, 2048, 2048]",196.0
1223,9175,63,11,2023-10-27T22:16:18.528000+00:00,28.347,31.071,20.629,306.0,287,False,80.047,"[None, 2048, 2048, 2048, 2049, 2048, 2048, 2048]","[2048, 2049, 2048, 2049, 2049, 2051, 2049, 2049]","[2049, 2051, 2049, 2049]",338.0
1223,9175,20,10,2023-10-27T22:16:27.356000+00:00,28.362,31.6,22.81,313.0,290,False,82.772,"[None, 2048, 2048, 2049, 2048, 2048, 2049, 2049]","[2048, 2048, 2048, 2048, 2049, 2049, 2049, 2049]","[2051, 2048, 2048, 2048, 2048]",345.0
1223,9175,44,10,2023-10-27T22:16:37.606000+00:00,28.412,31.218,20.919,308.0,288,False,80.549,"[None, 2048, 2048, 2048, 2048, 2049, 2049, 2049]","[2048, 2049, 2049, 2048, 2049, 2049, 2049, 2049]","[2049, 2049, 2048, 2049]",339.0
1223,9175,18,7,2023-10-27T22:16:55.824000+00:00,28.227,30.907,20.941,308.0,287,False,80.075,"[2049, 2049, 2048, 2049, 2051, 2049, 2049, 2049]","[2049, 2051, 2049, 2049, 2048, 2049, 2049, 2049]","[2049, 2049, 2049, 2048]",338.0
1223,9175,77,11,2023-10-27T22:17:00.215000+00:00,28.238,30.789,20.855,312.0,290,False,79.882,"[2049, 2049, 2048, 2049, 2049, 2048, 2048, 2049]","[2049, 2048, 2048, 2049, 2048, 2048, 2051, 2049]","[2049, 2049, 2048, 2048, 2048]",342.0
1223,9175,3,9,2023-10-27T22:17:17.152000+00:00,28.159,30.981,20.549,311.0,291,False,79.689,"[None, 2048, 2048, 2048, 2049, 2049, 2051, 2049]","[2049, 2048, 2048, 2049, 2048, 2049, 2048, 2051]","[2049, 2049, 2048, 2048]",339.0
1223,9175,63,12,2023-10-27T22:17:38.496000+00:00,38.456,40.627,28.218,188.0,265,False,107.301,"[None, 2048, 2048, 2048, 2048, 2048, 2048, 2048]","[2048, 2048, 2048, 2048, 2048, 2048, 2048, 2048]","[2048, 2048, 2048, 2048, 2064]",212.0
1223,9175,20,11,2023-10-27T22:17:50.136000+00:00,31.596,36.166,26.336,199.0,285,False,94.098,"[None, 2048, 2048, 2048, 2048, 2048, 2048, 2048]","[2048, 2048, 2048, 2048, 2048, 2048, 2048, 2048]","[2048, 2048, 2048, 2048, 2064]",300.0
1223,9175,44,11,2023-10-27T22:17:58.074000+00:00,33.79,35.956,27.434,208.0,203,False,97.18,"[None, 2048, 2048, 2048, 2048, 2048, 2048, 2048]","[2048, 2048, 2048, 2048, 2048, 2048, 2048, 2048]","[2048, 2048, 2048, 2048, 2064]",271.0
1223,9175,16,11,2023-10-27T22:18:12.667000+00:00,44.192,42.765,35.902,192.0,229,False,122.859,"[None, 2048, 2048, 2048, 2048, 2048, 2048, 2048]","[2048, 2048, 2048, 2048, 2048, 2048, 2048, 2048]","[2048, 2048, 2048, 2048]",156.0
1223,9175,55,11,2023-10-27T22:18:13.089000+00:00,70.199,43.311,41.204,210.0,234,True,154.714,"[None, 2064, 2048, 2048, 2048, 2048, 2048, 2048]","[2048, 2048, 2048, 2048, 2048, 2048, 2048, 2048]","[2048, 2048, 2048, 2048, 2048]",249.0
1223,9175,18,8,2023-10-27T22:18:15.808000+00:00,36.96,41.656,25.216,146.0,271,False,103.832,"[2048, 2048, 2048, 2048, 2048, 2048, 2048, 2048]","[2048, 2048, 2048, 2048, 2048, 2048, 2048, 2048]","[2048, 2048, 2048, 2048, 2048]",271.0
1223,9175,77,12,2023-10-27T22:18:20.105000+00:00,33.841,47.497,38.105,151.0,230,False,119.443,"[2048, 2048, 2048, 2048, 2048, 2048, 2048, 2048]","[2048, 2048, 2048, 2048, 2048, 2048, 2048, 2048]","[2048, 2048, 2048, 2048]",263.0
1223,9175,22,10,2023-10-27T22:18:20.808000+00:00,,39.225,31.744,236.0,280,True,302.595,"[None, 2064, 2048, 2048, 2048, 2048, 2048, 2048]","[2048, 2048, 2048, 2048, 2048, 2048, 2048, 2048]","[2048, 2048, 2048, 2048, 2048]",254.0
1223,9175,3,10,2023-10-27T22:18:36.777000+00:00,35.382,39.182,29.842,189.0,256,False,104.406,"[None, 2048, 2048, 2048, 2048, 2048, 2048, 2048]","[2048, 2048, 2048, 2048, 2048, 2048, 2048, 2048]","[2048, 2048, 2048, 2048, 2064]",259.0
1223,9175,81,8,2023-10-27T22:19:09.323000+00:00,,36.565,23.295,264.0,266,True,502.416,"[2064, 2064, 2048, 2048, 2048, 2048, 2048, 2048]","[2048, 2048, 2048, 2048, 2048, 2048, 2048, 2048]","[2048, 2048, 2048, 2048, 2049]",262.0
1223,9175,18,9,2023-10-27T22:19:59.713000+00:00,28.672,31.225,20.871,306.0,285,False,80.768,"[None, 2048, 2048, 2048, 2048, 2048, 2048, 2048]","[2048, 2048, 2048, 2048, 2049, 2048, 2048, 2048]","[2048, 2049, 2048, 2049]",337.0
1223,9175,22,11,2023-10-27T22:20:06.401000+00:00,30.556,42.791,22.828,145.0,237,False,96.175,"[2048, 2048, 2048, 2049, 2048, 2048, 2048, 2048]","[2048, 2048, 2048, 2048, 2048, 2048, 2048, 2048]","[2048, 2048, 2048, 2048]",342.0
1223,9175,16,12,2023-10-27T22:20:15.525000+00:00,28.332,31.31,20.887,312.0,287,False,80.529,"[None, 2048, 2048, 2048, 2048, 2048, 2048, 2048]","[2048, 2048, 2048, 2048, 2048, 2049, 2048, 2048]","[2048, 2048, 2048, 2048, 2048]",344.0
1223,9175,77,13,2023-10-27T22:20:19.541000+00:00,28.325,31.196,20.773,311.0,289,False,80.294,"[2049, 2049, 2048, 2048, 2048, 2048, 2048, 2048]","[2048, 2048, 2048, 2051, 2048, 2048, 2048, 2048]","[2048, 2048, 2049, 2048, 2048]",343.0
1223,9175,55,12,2023-10-27T22:20:30.916000+00:00,28.249,30.817,20.682,313.0,291,False,79.748,"[2048, 2048, 2048, 2048, 2048, 2048, 2049, 2049]","[2048, 2049, 2048, 2049, 2048, 2049, 2049, 2049]","[2049, 2048, 2048, 2048]",343.0
1223,9175,81,9,2023-10-27T22:20:42.713000+00:00,28.057,30.725,20.381,309.0,289,False,79.163,"[2049, 2049, 2048, 2049, 2049, 2049, 2049, 2049]","[2048, 2049, 2049, 2049, 2049, 2051, 2051, 2049]","[2048, 2051, 2049, 2051]",341.0
1223,9175,23,7,2023-10-27T22:21:03.056000+00:00,,40.091,24.381,263.0,263,True,569.981,"[None, 2064, 2048, 2048, 2048, 2048, 2048, 2048]","[2048, 2048, 2048, 2048, 2048, 2048, 2048, 2048]","[2048, 2048, 2048, 2048]",277.0
1223,9175,2,10,2023-10-27T22:21:09.150000+00:00,,40.405,25.418,281.0,258,True,413.453,"[2064, 2064, 2048, 2048, 2048, 2048, 2048, 2048]","[2048, 2048, 2048, 2048, 2048, 2048, 2048, 2048]","[2048, 2048, 2048, 2048, 2048]",260.0
1223,9175,18,10,2023-10-27T22:21:20.493000+00:00,39.615,49.354,29.32,144.0,263,False,118.289,"[None, 2048, 2048, 2048, 2048, 2048, 2048, 2048]","[2048, 2048, 2048, 2048, 2048, 2048, 2048, 2048]","[2048, 2048, 2048, 2048, 2048]",274.0
1223,9175,16,13,2023-10-27T22:21:36.056000+00:00,31.723,42.64,27.19,207.0,255,False,101.553,"[None, 2048, 2048, 2048, 2048, 2048, 2048, 2048]","[2048, 2048, 2048, 2048, 2048, 2048, 2048, 2048]","[2048, 2048, 2048, 2048, 2064]",310.0
1223,9175,77,14,2023-10-27T22:21:39.853000+00:00,31.441,35.96,27.565,185.0,266,False,94.966,"[2048, 2048, 2048, 2048, 2048, 2048, 2048, 2048]","[2048, 2048, 2048, 2048, 2048, 2048, 2048, 2048]","[2048, 2048, 2048, 2048, 2064]",313.0
1223,9175,22,12,2023-10-27T22:21:42.587000+00:00,28.469,31.491,20.919,310.0,289,False,80.879,"[2049, 2048, 2048, 2048, 2048, 2049, 2049, 2049]","[2048, 2049, 2049, 2049, 2049, 2049, 2049, 2049]","[2049, 2049, 2049, 2049]",345.0
1223,9175,55,13,2023-10-27T22:21:50.602000+00:00,35.69,37.619,26.135,200.0,239,False,99.444,"[None, 2048, 2048, 2048, 2048, 2048, 2048, 2048]","[2048, 2048, 2048, 2048, 2048, 2048, 2048, 2048]","[2048, 2048, 2048, 2048, 2064]",264.0
1223,9175,14,10,2023-10-27T22:21:56.493000+00:00,,41.516,24.387,247.0,260,True,500.181,"[None, 2064, 2048, 2048, 2048, 2048, 2048, 2048]","[2048, 2048, 2048, 2048, 2048, 2048, 2048, 2048]","[2048, 2048, 2048, 2048, 2049]",276.0
1223,9175,81,10,2023-10-27T22:22:01.805000+00:00,34.703,38.276,28.558,215.0,239,False,101.537,"[2048, 2048, 2048, 2048, 2048, 2048, 2048, 2048]","[2048, 2048, 2048, 2048, 2048, 2048, 2048, 2048]","[2048, 2048, 2048, 2048, 2064]",228.0
1223,9175,11,10,2023-10-27T22:22:10.212000+00:00,,40.389,22.896,244.0,245,True,458.347,"[None, 2064, 2048, 2048, 2048, 2048, 2048, 2048]","[2048, 2048, 2048, 2048, 2048, 2048, 2048, 2048]","[2048, 2048, 2048, 2048]",262.0
1223,9175,23,8,2023-10-27T22:22:54.649000+00:00,28.032,30.8,20.614,310.0,289,False,79.446,"[2048, 2048, 2048, 2049, 2049, 2049, 2048, 2048]","[2048, 2049, 2049, 2049, 2049, 2049, 2049, 2048]","[2048, 2048, 2049, 2049]",341.0
1223,9175,2,11,2023-10-27T22:23:00.539000+00:00,28.276,30.99,20.634,311.0,290,False,79.9,"[2048, 2048, 2048, 2048, 2048, 2049, 2051, 2049]","[2048, 2048, 2049, 2049, 2049, 2049, 2049, 2049]","[2049, 2049, 2049, 2049]",343.0
1223,9175,22,13,2023-10-27T22:23:03.367000+00:00,41.064,45.319,24.14,108.0,246,False,110.523,"[2048, 2048, 2048, 2048, 2048, 2048, 2048, 2048]","[2048, 2048, 2048, 2048, 2048, 2048, 2048, 2048]","[2048, 2048, 2048, 2048, 2048]",286.0
1223,9175,18,11,2023-10-27T22:23:18.773000+00:00,28.511,31.137,20.805,308.0,287,False,80.453,"[None, 2048, 2048, 2049, 2048, 2048, 2049, 2049]","[2048, 2048, 2048, 2048, 2048, 2048, 2049, 2049]","[2048, 2049, 2049, 2048, 2049]",339.0
1223,9175,14,11,2023-10-27T22:23:37.383000+00:00,28.068,40.088,32.451,311.0,218,False,100.607,"[2049, 2049, 2048, 2049, 2049, 2049, 2049, 2049]","[2048, 2049, 2049, 2049, 2049, 2049]","[2048, 2048, 2048, 2048]",341.0
1223,9175,11,11,2023-10-27T22:23:48.726000+00:00,28.004,34.066,27.019,312.0,263,False,89.089,"[2048, 2048, 2048, 2048, 2049, 2049, 2049, 2049]","[2049, 2049, 2051, 2049, 2049, 2048, 2048, 2048]","[2048, 2048, 2048, 2048, 2048]",344.0
1223,9175,4,8,2023-10-27T22:23:57.476000+00:00,,43.291,28.154,244.0,239,True,774.71,"[None, 2064, 2048, 2048, 2048, 2048, 2048, 2048]","[2048, 2048, 2048, 2048, 2048, 2048, 2048, 2048]","[2048, 2048, 2048, 2048, 2048]",263.0
1223,9175,1,9,2023-10-27T22:24:08.632000+00:00,,37.112,23.364,275.0,263,True,534.36,"[None, 2064, 2048, 2048, 2048, 2048, 2048, 2048]","[2048, 2048, 2048, 2048, 2048, 2048, 2048, 2048]","[2048, 2048, 2048, 2048, 2049]",287.0
1223,9175,23,9,2023-10-27T22:24:14.038000+00:00,40.494,45.977,29.067,230.0,249,False,115.538,"[None, 2048, 2048, 2048, 2048, 2048, 2048, 2048]","[2048, 2048, 2048, 2048, 2048, 2048, 2048, 2048]","[2048, 2048, 2048, 2048]",195.0
1223,9175,2,12,2023-10-27T22:24:20.335000+00:00,37.159,45.68,28.861,251.0,249,False,111.7,"[None, 2048, 2048, 2048, 2048, 2048, 2048, 2048]","[2048, 2048, 2048, 2048, 2048, 2048, 2048, 2048]","[2048, 2048, 2048, 2048, 2048]",297.0
1223,9175,31,10,2023-10-27T22:24:29.085000+00:00,,39.875,24.403,259.0,266,True,556.195,"[None, 2064, 2048, 2048, 2048, 2048, 2048, 2048]","[2048, 2048, 2048, 2048, 2048, 2048, 2048, 2048]","[2048, 2048, 2048, 2048]",194.0
1223,9175,18,12,2023-10-27T22:24:39.257000+00:00,32.247,35.645,29.426,231.0,248,False,97.318,"[None, 2048, 2048, 2048, 2048, 2048, 2048, 2048]","[2048, 2048, 2048, 2048, 2048, 2048, 2048, 2048]","[2048, 2048, 2048, 2048, 2064]",274.0
1223,9175,44,12,2023-10-27T22:24:48.335000+00:00,,38.789,23.192,234.0,264,True,411.181,"[2064, 2064, 2048, 2048, 2048, 2048, 2048, 2048]","[2048, 2048, 2048, 2048, 2048, 2048, 2048, 2048]","[2048, 2048, 2048, 2048, 2049]",265.0
1223,9175,22,14,2023-10-27T22:24:53.960000+00:00,32.223,45.586,24.521,114.0,236,False,102.33,"[None, 2048, 2048, 2049, 2048, 2048, 2048, 2048]","[2048, 2048, 2048, 2048, 2048, 2048, 2048, 2048]","[2048, 2048, 2048, 2048]",342.0
1223,9175,11,12,2023-10-27T22:25:17.803000+00:00,37.753,44.701,25.607,190.0,166,False,108.061,"[None, 2048, 2048, 2048, 2048, 2048, 2048, 2048]","[2048, 2048, 2048, 2048, 2048, 2048, 2048, 2048]","[2048, 2048, 2048, 2048]",277.0
1223,9175,14,12,2023-10-27T22:25:17.975000+00:00,34.93,37.951,28.167,173.0,222,False,101.048,"[2048, 2048, 2048, 2048, 2048, 2048, 2048, 2048]","[2048, 2048, 2048, 2048, 2048, 2048, 2048, 2048]","[2048, 2048, 2048, 2048, 2064]",274.0
1223,9175,27,11,2023-10-27T22:25:29.194000+00:00,,41.71,26.589,271.0,267,True,587.215,"[2064, 2064, 2048, 2048, 2048, 2048, 2048, 2048]","[2048, 2048, 2048, 2048, 2048, 2048, 2048, 2048]","[2048, 2048, 2048, 2048, 2048]",285.0
1223,9175,1,10,2023-10-27T22:25:41.053000+00:00,27.91,30.393,20.383,313.0,288,False,78.686,"[2048, 2048, 2048, 2049, 2051, 2049, 2048, 2049]","[2048, 2051, 2049, 2051, 2049, 2049, 2049, 2049]","[2048, 2049, 2051, 2049]",346.0
1223,9175,4,9,2023-10-27T22:25:48.240000+00:00,28.043,30.424,20.338,309.0,290,False,78.805,"[2049, 2048, 2048, 2049, 2049, 2049, 2049, 2048]","[2048, 2049, 2049, 2049, 2051, 2051, 2051, 2049]","[2049, 2051, 2049, 2049]",340.0
1223,9175,63,13,2023-10-27T22:26:07.896000+00:00,,38.436,25.186,248.0,260,True,501.255,"[None, 2064, 2048, 2048, 2048, 2048, 2048, 2048]","[2048, 2048, 2048, 2048, 2048, 2048, 2048, 2048]","[2048, 2048, 2048, 2048, 2049]",168.0
1223,9175,23,10,2023-10-27T22:26:09.647000+00:00,37.682,47.23,30.627,244.0,239,False,115.539,"[None, 2048, 2048, 2048, 2048, 2048, 2048, 2048]","[2048, 2048, 2048, 2048, 2048, 2048, 2048, 2048]","[2048, 2048, 2048, 2048, 2048]",316.0
1223,9175,31,11,2023-10-27T22:26:11.271000+00:00,28.091,30.555,20.431,310.0,290,False,79.077,"[2049, 2048, 2048, 2048, 2049, 2049, 2049, 2049]","[2049, 2049, 2049, 2049, 2049, 2049, 2049, 2049]","[2049, 2049, 2049, 2049]",338.0
1223,9175,2,13,2023-10-27T22:26:12.131000+00:00,39.437,45.754,33.636,244.0,226,False,118.827,"[None, 2048, 2048, 2048, 2048, 2048, 2048, 2048]","[2048, 2048, 2048, 2048, 2048, 2048, 2048, 2048]","[2048, 2048, 2048, 2048]",306.0
1223,9175,10,11,2023-10-27T22:26:15.553000+00:00,,42.499,25.23,243.0,261,True,687.053,"[None, 2064, 2048, 2048, 2048, 2048, 2048, 2048]","[2048, 2048, 2048, 2048, 2048, 2048, 2048, 2048]","[2048, 2048, 2048, 2048, 2049]",243.0
1223,9175,44,13,2023-10-27T22:26:26.521000+00:00,28.072,30.631,20.321,310.0,291,False,79.024,"[2049, 2048, 2048, 2048, 2049, 2049, 2049, 2049]","[2048, 2049, 2049, 2049, 2049, 2049, 2051, 2049]","[2049, 2049, 2049, 2051]",340.0
1223,9175,22,15,2023-10-27T22:26:36.287000+00:00,28.266,31.412,20.835,311.0,291,False,80.513,"[2049, 2048, 2048, 2048, 2049, 2049, 2049, 2049]","[2048, 2049, 2049, 2049, 2049, 2049, 2048, 2048]","[2049, 2049, 2048, 2049]",343.0
1223,9175,3,11,2023-10-27T22:26:39.537000+00:00,,39.969,25.178,250.0,271,True,479.5,"[2064, 2064, 2048, 2048, 2048, 2048, 2048, 2048]","[2048, 2048, 2048, 2048, 2048, 2048, 2048, 2048]","[2048, 2048, 2048, 2048, 2048]",248.0
1223,9175,1,11,2023-10-27T22:26:59.662000+00:00,31.751,39.234,25.272,230.0,263,False,96.257,"[None, 2048, 2048, 2048, 2048, 2048, 2048, 2048]","[2048, 2048, 2048, 2048, 2048, 2048, 2048, 2048]","[2048, 2048, 2048, 2048, 2064]",295.0
1223,9175,11,13,2023-10-27T22:27:05.880000+00:00,39.713,45.801,31.981,177.0,233,False,117.495,"[None, 2048, 2048, 2048, 2048, 2048, 2048, 2048]","[2048, 2048, 2048, 2048, 2048, 2048, 2048, 2048]","[2048, 2048, 2048, 2048, 2048]",192.0
1223,9175,4,10,2023-10-27T22:27:06.958000+00:00,34.875,42.679,24.392,193.0,231,False,101.946,"[2048, 2048, 2048, 2048, 2048, 2048, 2048, 2048]","[2048, 2048, 2048, 2048, 2048, 2048, 2048, 2048]","[2048, 2048, 2048, 2048]",244.0
1223,9175,27,12,2023-10-27T22:27:09.068000+00:00,27.905,31.137,20.493,315.0,294,False,79.535,"[2051, 2051, 2051, 2049, 2049, 2049, 2049, 2051]","[2049, 2048, 2048, 2049, 2048, 2048, 2049, 2051]","[2051, 2049, 2049, 2049]",351.0
1223,9175,20,12,2023-10-27T22:27:23.380000+00:00,,35.804,26.013,268.0,271,True,573.3,"[None, 2064, 2048, 2048, 2048, 2048, 2048, 2048]","[2048, 2048, 2048, 2048, 2048, 2048, 2048, 2048]","[2048, 2048, 2048, 2048, 2049]",284.0
1223,9175,55,14,2023-10-27T22:27:26.193000+00:00,,42.636,28.096,248.0,264,True,346.52,"[None, 2064, 2048, 2048, 2048, 2048, 2048, 2048]","[2048, 2048, 2048, 2048, 2048, 2048, 2048, 2048]","[2048, 2048, 2048, 2048]",262.0
1223,9175,31,12,2023-10-27T22:27:30.224000+00:00,42.638,48.308,27.88,112.0,203,False,118.826,"[2048, 2048, 2048, 2048, 2048, 2048, 2048, 2048]","[2048, 2048, 2048, 2048, 2048, 2048, 2048, 2048]","[2048, 2048, 2048, 2048]",189.0
1223,9175,44,14,2023-10-27T22:27:45.489000+00:00,39.614,50.713,32.374,135.0,160,False,122.701,"[2048, 2048, 2048, 2048, 2048, 2048, 2048, 2048]","[2048, 2048, 2048, 2048, 2048, 2048, 2048, 2048]","[2048, 2048, 2048, 2048, 2048]",237.0
1223,9175,63,14,2023-10-27T22:27:47.145000+00:00,28.1,30.562,20.565,308.0,289,False,79.227,"[2049, 2049, 2048, 2049, 2049, 2048, 2049, 2049]","[2049, 2051, 2051, 2049, 2049, 2048, 2049, 2049]","[2049, 2048, 2048, 2049, 2049]",339.0
1223,9175,22,16,2023-10-27T22:27:56.739000+00:00,38.584,48.924,30.306,200.0,207,False,117.814,"[2048, 2048, 2048, 2048, 2048, 2048, 2048, 2048]","[2048, 2048, 2048, 2048, 2048, 2048, 2048, 2048]","[2048, 2048, 2048, 2048]",217.0
1223,9175,10,12,2023-10-27T22:27:58.770000+00:00,28.145,31.023,20.474,311.0,289,False,79.642,"[2049, 2049, 2049, 2048, 2049, 2049, 2049, 2049]","[2048, 2048, 2049, 2049, 2049, 2049, 2049, 2048]","[2049, 2049, 2049, 2049]",341.0
1223,9175,23,11,2023-10-27T22:28:05.176000+00:00,28.11,30.954,20.462,310.0,292,False,79.526,"[2049, 2048, 2048, 2049, 2048, 2048, 2048, 2048]","[2049, 2048, 2048, 2048, 2048, 2049, 2048, 2049]","[2049, 2049, 2049, 2049]",344.0
1223,9175,2,14,2023-10-27T22:28:10.973000+00:00,28.148,38.15,31.784,312.0,233,False,98.082,"[None, 2048, 2048, 2048, 2049, 2048, 2048, 2049]","[2051, 2048, 2048, 2048, 2048, 2048, 2048, 2048]","[2048, 2048, 2048, 2048]",345.0
1223,9175,3,12,2023-10-27T22:28:20.770000+00:00,28.113,30.515,20.374,308.0,291,False,79.002,"[2048, 2048, 2048, 2049, 2049, 2051, 2048, 2048]","[2048, 2049, 2049, 2048, 2049, 2049, 2049, 2049]","[2049, 2049, 2049, 2051]",339.0
1223,9175,27,13,2023-10-27T22:28:28.504000+00:00,38.938,41.231,29.992,201.0,177,False,110.161,"[2048, 2048, 2048, 2048, 2048, 2048, 2048, 2048]","[2048, 2048, 2048, 2048, 2048, 2048, 2048, 2048]","[2048, 2048, 2048, 2048, 2064]",200.0
1223,9175,24,9,2023-10-27T22:28:34.551000+00:00,,36.556,26.793,234.0,253,True,926.775,"[2064, 2064, 2048, 2048, 2048, 2048, 2048, 2048]","[2048, 2048, 2048, 2048, 2048, 2048, 2048, 2048]","[2048, 2048, 2048, 2048, 2049]",251.0
1223,9175,4,11,2023-10-27T22:28:48.957000+00:00,28.929,31.311,21.206,295.0,280,False,81.446,"[None, 2048, 2048, 2048, 2048, 2048, 2048, 2048]","[2048, 2048, 2048, 2048, 2048, 2048, 2048, 2048]","[2048, 2048, 2048, 2048, 2048]",317.0
1223,9175,20,13,2023-10-27T22:28:57.566000+00:00,32.195,54.15,28.904,77.0,116,False,115.249,"[2049, 2049, 2049, 2049, 2048, 2048, 2048, 2048]","[2048, 2048, 2048, 2048, 2048, 2048, 2048, 2048]","[2048, 2048, 2048, 2048, 2048]",349.0
1223,9175,11,14,2023-10-27T22:29:03.379000+00:00,28.034,30.461,20.493,312.0,292,False,78.988,"[None, 2048, 2048, 2048, 2048, 2049, 2049, 2048]","[2049, 2048, 2048, 2049, 2049, 2049, 2049, 2049]","[2049, 2049, 2049, 2049]",346.0
1223,9175,63,15,2023-10-27T22:29:06.316000+00:00,40.812,47.023,30.24,164.0,165,False,118.075,"[2048, 2048, 2048, 2048, 2048, 2048, 2048, 2048]","[2048, 2048, 2048, 2048, 2048, 2048, 2048, 2048]","[2048, 2048, 2048, 2048]",179.0
1223,9175,77,15,2023-10-27T22:29:08.894000+00:00,,36.256,22.92,209.0,271,True,449.631,"[None, 2064, 2048, 2048, 2048, 2048, 2048, 2048]","[2048, 2048, 2048, 2048, 2048, 2048, 2048, 2048]","[2048, 2048, 2048, 2048]",279.0
1223,9175,55,15,2023-10-27T22:29:16.660000+00:00,28.034,30.753,20.47,314.0,292,False,79.257,"[2049, 2049, 2048, 2049, 2048, 2048, 2048, 2049]","[2048, 2048, 2048, 2049, 2049, 2049, 2048, 2049]","[2049, 2049, 2048, 2049]",346.0
1223,9175,10,13,2023-10-27T22:29:18.301000+00:00,42.767,48.756,33.314,108.0,217,False,124.837,"[2048, 2048, 2048, 2048, 2048, 2048, 2048, 2048]","[2048, 2048, 2048, 2048, 2048, 2048, 2048, 2048]","[2048, 2048, 2048, 2048]",293.0
1223,9175,23,12,2023-10-27T22:29:24.738000+00:00,36.644,35.553,29.721,243.0,261,False,101.918,"[2048, 2048, 2048, 2048, 2048, 2048, 2048, 2048]","[2048, 2048, 2048, 2048, 2048, 2048, 2048, 2048]","[2048, 2048, 2048, 2048, 2064]",225.0
1223,9175,31,13,2023-10-27T22:29:29.160000+00:00,42.131,42.285,25.809,192.0,232,False,110.225,"[None, 2048, 2048, 2048, 2048, 2048, 2048, 2048]","[2048, 2048, 2048, 2048, 2048, 2048, 2048, 2048]","[2048, 2048, 2048, 2048]",192.0
1223,9175,3,13,2023-10-27T22:29:39.660000+00:00,49.854,51.247,29.737,215.0,127,False,130.838,"[None, 2048, 2048, 2048, 2048, 2048, 2048, 2048]","[2048, 2048, 2048, 2048, 2048, 2048, 2048, 2048]","[2048, 2048, 2048, 2048]",125.0
1223,9175,44,15,2023-10-27T22:29:48.253000+00:00,45.757,48.481,24.287,139.0,262,False,118.525,"[None, 2048, 2048, 2048, 2048, 2048, 2048, 2048]","[2048, 2048, 2048, 2048, 2048, 2048, 2048, 2048]","[2048, 2048, 2048, 2048]",169.0
1223,9175,2,15,2023-10-27T22:29:49.066000+00:00,35.123,42.576,32.375,260.0,252,False,110.074,"[None, 2048, 2048, 2048, 2048, 2048, 2048, 2048]","[2048, 2048, 2048, 2048, 2048, 2048, 2048, 2048]","[2048, 2048, 2048, 2048, 2064]",301.0
1223,9175,16,14,2023-10-27T22:29:49.988000+00:00,,39.12,23.408,222.0,278,True,492.429,"[None, 2064, 2048, 2048, 2048, 2048, 2048, 2048]","[2048, 2048, 2048, 2048, 2048, 2048, 2048, 2048]","[2048, 2048, 2048, 2048]",160.0
1223,9175,22,17,2023-10-27T22:29:54.628000+00:00,28.307,31.372,26.849,312.0,291,False,86.528,"[None, 2049, 2048, 2049, 2048, 2048, 2049, 2049]","[2048, 2048, 2048, 2048, 2049, 2049, 2049, 2049]","[2049, 2048, 2048, 2048, 2064]",343.0
1223,9175,4,12,2023-10-27T22:30:10.456000+00:00,28.953,31.669,21.238,289.0,281,False,81.86,"[None, 2048, 2048, 2048, 2048, 2048, 2048, 2048]","[2048, 2048, 2048, 2048, 2048, 2048, 2048, 2048]","[2048, 2048, 2048, 2048]",318.0
1223,9175,24,10,2023-10-27T22:30:12.753000+00:00,32.917,41.656,25.455,204.0,261,False,100.028,"[2049, 2049, 2049, 2051, 2048, 2048, 2048, 2048]","[2048, 2048, 2048, 2048, 2048, 2048, 2048, 2048]","[2048, 2048, 2048, 2048]",346.0
1223,9175,11,15,2023-10-27T22:30:22.253000+00:00,31.902,35.339,27.589,248.0,259,False,94.83,"[None, 2048, 2048, 2048, 2048, 2048, 2048, 2048]","[2048, 2048, 2048, 2048, 2048, 2048, 2048, 2048]","[2048, 2048, 2048, 2048, 2064]",300.0
1223,9175,55,16,2023-10-27T22:30:35.831000+00:00,47.886,46.709,32.927,164.0,175,False,127.522,"[2048, 2048, 2048, 2048, 2048, 2048, 2048, 2048]","[2048, 2048, 2048, 2048, 2048, 2048, 2048, 2048]","[2048, 2048, 2048, 2048, 2064]",165.0
1223,9175,27,14,2023-10-27T22:30:42.800000+00:00,58.732,45.327,28.511,273.0,149,True,132.57,"[2064, 2064, 2048, 2048, 2048, 2048, 2048, 2048]","[2048, 2048, 2048, 2048, 2048, 2048, 2048, 2048]","[2048, 2048, 2048, 2048]",193.0
1223,9175,77,16,2023-10-27T22:30:44.440000+00:00,27.968,30.582,20.405,313.0,290,False,78.955,"[2049, 2049, 2049, 2049, 2049, 2048, 2049, 2049]","[2048, 2049, 2048, 2048, 2049, 2049, 2049, 2049]","[2048, 2049, 2049, 2049]",343.0
1223,9175,20,14,2023-10-27T22:30:52.815000+00:00,28.095,31.182,20.835,316.0,293,False,80.112,"[2048, 2048, 2049, 2048, 2049, 2048, 2049, 2049]","[2049, 2048, 2049, 2051, 2049, 2048, 2049, 2049]","[2049, 2049, 2048, 2049]",
1223,9175,63,16,2023-10-27T22:31:04.424000+00:00,43.171,46.45,27.581,129.0,176,False,117.202,"[None, 2048, 2048, 2048, 2048, 2048, 2048, 2048]","[2048, 2048, 2048, 2048, 2048, 2048, 2048, 2048]","[2048, 2048, 2048, 2048, 2048]",217.0
1223,9175,31,14,2023-10-27T22:31:19.377000+00:00,28.361,30.898,20.782,310.0,289,False,80.041,"[None, 2048, 2048, 2048, 2048, 2048, 2048, 2048]","[2048, 2048, 2048, 2048, 2048, 2048, 2049, 2048]","[2048, 2048, 2048, 2048]",339.0
1223,9175,10,14,2023-10-27T22:31:23.190000+00:00,35.048,44.968,24.466,209.0,246,False,104.482,"[None, 2048, 2048, 2048, 2048, 2048, 2048, 2048]","[2048, 2048, 2048, 2048, 2048, 2048, 2048, 2048]","[2048, 2048, 2048, 2048, 2048]",280.0
1223,9175,16,15,2023-10-27T22:31:30.034000+00:00,27.937,30.513,20.502,318.0,294,False,78.952,"[2049, 2049, 2049, 2048, 2048, 2048, 2051, 2051]","[2048, 2049, 2049, 2049, 2048, 2049, 2049, 2051]","[2049, 2049, 2049, 2049]",348.0
1223,9175,4,13,2023-10-27T22:31:32.268000+00:00,29.056,31.551,21.135,295.0,281,False,81.742,"[None, 2048, 2048, 2048, 2048, 2048, 2048, 2048]","[2048, 2048, 2048, 2048, 2048, 2048, 2048, 2048]","[2048, 2048, 2048, 2048, 2048]",323.0
1223,9175,44,16,2023-10-27T22:31:46.768000+00:00,28.22,30.707,20.473,309.0,290,False,79.4,"[None, 2048, 2048, 2048, 2048, 2051, 2049, 2048]","[2049, 2048, 2048, 2048, 2049, 2049, 2048, 2049]","[2048, 2048, 2048, 2048, 2049]",339.0
1223,9175,3,14,2023-10-27T22:31:50.596000+00:00,43.665,40.386,23.834,177.0,259,False,107.885,"[None, 2048, 2048, 2048, 2048, 2048, 2048, 2048]","[2048, 2048, 2048, 2048, 2048, 2048, 2048, 2048]","[2048, 2048, 2048, 2048]",245.0
1223,9175,24,11,2023-10-27T22:31:52.768000+00:00,28.159,30.623,20.633,313.0,291,False,79.415,"[None, 2048, 2048, 2048, 2049, 2049, 2049, 2049]","[2048, 2049, 2049, 2049, 2049, 2049, 2049, 2049]","[2048, 2049, 2049, 2049]",345.0
1223,9175,77,17,2023-10-27T22:32:03.314000+00:00,36.782,41.558,30.909,190.0,240,False,109.249,"[2048, 2048, 2048, 2048, 2048, 2048, 2048, 2048]","[2048, 2048, 2048, 2048, 2048, 2048, 2048, 2048]","[2048, 2048, 2048, 2048, 2064]",250.0
1223,9175,20,15,2023-10-27T22:32:12.814000+00:00,36.596,53.023,24.899,143.0,226,False,114.518,"[None, 2048, 2048, 2048, 2048, 2048, 2048, 2048]","[2048, 2048, 2048, 2048, 2048, 2048, 2048, 2048]","[2048, 2048, 2048, 2048, 2048]",300.0
1223,9175,81,11,2023-10-27T22:32:25.095000+00:00,,48.855,29.487,185.0,178,True,641.011,"[None, 2064, 2048, 2048, 2048, 2048, 2048, 2048]","[2048, 2048, 2048, 2048, 2048, 2048, 2048, 2048]","[2048, 2048, 2048, 2048, 2064]",180.0
1223,9175,27,15,2023-10-27T22:32:31.345000+00:00,28.221,32.818,27.87,314.0,239,False,88.909,"[2048, 2048, 2048, 2048, 2048, 2048, 2048, 2048]","[2048, 2048, 2049, 2049, 2049, 2049, 2048, 2048]","[2048, 2048, 2048, 2048, 2064]",346.0
1223,9175,31,15,2023-10-27T22:32:39.392000+00:00,34.467,41.9,34.348,199.0,207,False,110.715,"[None, 2048, 2048, 2048, 2048, 2048, 2048, 2048]","[2048, 2048, 2048, 2048, 2048, 2048, 2048, 2048]","[2048, 2048, 2048, 2048, 2064]",294.0
1223,9175,16,16,2023-10-27T22:32:48.923000+00:00,33.585,38.097,27.234,143.0,221,False,98.916,"[2048, 2048, 2048, 2048, 2048, 2048, 2048, 2048]","[2048, 2048, 2048, 2048, 2048, 2048, 2048, 2048]","[2048, 2048, 2048, 2048, 2064]",269.0
1223,9175,4,14,2023-10-27T22:32:54.064000+00:00,28.997,31.312,21.108,294.0,282,False,81.417,"[None, 2048, 2048, 2048, 2048, 2048, 2048, 2048]","[2048, 2048, 2048, 2048, 2048, 2048, 2048, 2048]","[2048, 2048, 2048, 2048, 2048]",320.0
1223,9175,55,17,2023-10-27T22:33:01.439000+00:00,77.514,44.889,26.402,173.0,227,True,148.805,"[2064, 2064, 2048, 2048, 2048, 2048, 2048, 2048]","[2048, 2048, 2048, 2048, 2048, 2048, 2048, 2048]","[2048, 2048, 2048, 2048, 2048]",87.0
1223,9175,63,17,2023-10-27T22:33:01.626000+00:00,28.253,30.812,21.514,308.0,290,False,80.579,"[None, 2048, 2048, 2048, 2048, 2049, 2049, 2049]","[2048, 2048, 2048, 2048, 2048, 2048, 2049, 2049]","[2048, 2048, 2048, 2048]",339.0
1223,9175,44,17,2023-10-27T22:33:06.173000+00:00,32.369,36.463,26.964,250.0,210,False,95.796,"[None, 2048, 2048, 2048, 2048, 2048, 2048, 2048]","[2048, 2048, 2048, 2048, 2048, 2048, 2048, 2048]","[2048, 2048, 2048, 2048, 2064]",261.0
1223,9175,10,15,2023-10-27T22:33:07.736000+00:00,28.267,31.096,20.765,309.0,289,False,80.128,"[None, 2049, 2049, 2049, 2048, 2048, 2048, 2048]","[2048, 2048, 2048, 2048, 2048, 2049, 2048, 2049]","[2049, 2048, 2048, 2048, 2048]",342.0
1223,9175,24,12,2023-10-27T22:33:12.095000+00:00,43.929,55.146,31.298,127.0,238,False,130.373,"[2048, 2048, 2048, 2048, 2048, 2048, 2048, 2048]","[2048, 2048, 2048, 2048, 2048, 2048, 2048, 2048]","[2048, 2048, 2048, 2048, 2048]",200.0
1223,9175,3,15,2023-10-27T22:33:38.470000+00:00,28.24,32.812,26.381,307.0,261,False,87.433,"[None, 2048, 2048, 2048, 2048, 2048, 2048, 2048]","[2048, 2048, 2048, 2048, 2048, 2048, 2048, 2048]","[2048, 2048, 2048, 2048, 2064]",338.0
1223,9175,14,13,2023-10-27T22:33:54.391000+00:00,,34.982,24.251,254.0,266,True,506.368,"[2064, 2064, 2048, 2048, 2048, 2048, 2048, 2048]","[2048, 2048, 2048, 2048, 2048, 2048, 2048, 2048]","[2048, 2048, 2048, 2048, 2048]",270.0
1223,9175,20,16,2023-10-27T22:34:07.438000+00:00,28.053,31.258,20.881,316.0,293,False,80.192,"[None, 2048, 2048, 2048, 2049, 2048, 2049, 2048]","[2048, 2048, 2049, 2048, 2048, 2048, 2048, 2049]","[2048, 2048, 2048, 2048, 2048]",347.0
1223,9175,77,18,2023-10-27T22:34:11.547000+00:00,67.345,40.995,24.456,225.0,224,True,132.796,"[2064, 2064, 2048, 2048, 2048, 2048, 2048, 2048]","[2048, 2048, 2048, 2048, 2048, 2048, 2048, 2048]","[2048, 2048, 2048, 2048]",130.0
1223,9175,4,15,2023-10-27T22:34:15.454000+00:00,28.91,31.553,26.195,,254,False,86.658,"[None, 2048, 2048, 2048, 2048, 2048, 2048, 2048]","[2048, 2048, 2048, 2048, 2048, 2048, 2048, 2048]","[2048, 2048, 2048, 2048, 2064]",323.0
1223,9175,63,18,2023-10-27T22:34:22.203000+00:00,30.304,38.413,27.507,227.0,173,False,96.224,"[None, 2048, 2048, 2048, 2048, 2048, 2048, 2048]","[2048, 2048, 2048, 2048, 2048, 2048, 2048, 2048]","[2048, 2048, 2048, 2048, 2064]",314.0
1223,9175,10,16,2023-10-27T22:34:27.828000+00:00,31.309,33.808,27.069,255.0,263,False,92.186,"[None, 2048, 2048, 2048, 2048, 2048, 2048, 2048]","[2048, 2048, 2048, 2048, 2048, 2048, 2048, 2048]","[2048, 2048, 2048, 2048, 2064]",296.0
1223,9175,81,12,2023-10-27T22:34:41.156000+00:00,68.64,33.581,22.171,278.0,275,True,124.392,"[None, 2064, 2048, 2048, 2048, 2048, 2048, 2048]","[2048, 2048, 2048, 2048, 2048, 2048, 2048, 2048]","[2048, 2048, 2048, 2048, 2048]",297.0
1223,9175,22,18,2023-10-27T22:34:52.703000+00:00,,38.251,21.983,250.0,270,True,306.287,"[None, 2064, 2048, 2048, 2048, 2048, 2048, 2048]","[2048, 2048, 2048, 2048, 2048, 2048, 2048, 2048]","[2048, 2048, 2048, 2048, 2048]",268.0
1223,9175,55,18,2023-10-27T22:35:12.234000+00:00,28.056,37.714,26.06,313.0,248,False,91.83,"[2048, 2048, 2048, 2048, 2049, 2048, 2048, 2048]","[2049, 2048, 2048, 2048, 2048, 2048, 2048, 2048]","[2048, 2048, 2048, 2048, 2064]",343.0
1223,9175,24,13,2023-10-27T22:35:22.578000+00:00,43.064,45.401,25.577,221.0,247,False,114.042,"[None, 2048, 2048, 2048, 2048, 2048, 2048, 2048]","[2048, 2048, 2048, 2048, 2048, 2048, 2048, 2048]","[2048, 2048, 2048, 2048, 2048]",288.0
1223,9175,14,14,2023-10-27T22:35:25.406000+00:00,29.467,32.52,21.532,281.0,276,False,83.519,"[2048, 2048, 2048, 2048, 2048, 2048, 2048, 2048]","[2048, 2048, 2048, 2048, 2048, 2048, 2048, 2048]","[2048, 2048, 2048, 2048, 2048]",321.0
1223,9175,20,17,2023-10-27T22:35:27.609000+00:00,32.306,36.263,25.548,199.0,259,False,94.117,"[None, 2048, 2048, 2048, 2048, 2048, 2048, 2048]","[2048, 2048, 2048, 2048, 2048, 2048, 2048, 2048]","[2048, 2048, 2048, 2048, 2064]",303.0
1223,9175,77,19,2023-10-27T22:36:05.421000+00:00,27.964,30.89,20.337,312.0,291,False,79.191,"[2048, 2048, 2048, 2049, 2049, 2048, 2048, 2048]","[2049, 2048, 2049, 2049, 2048, 2048, 2048, 2048]","[2049, 2049, 2049, 2048, 2049]",342.0
1223,9175,1,12,2023-10-27T22:36:14.452000+00:00,,33.969,22.226,266.0,277,True,546.025,"[None, 2064, 2048, 2048, 2048, 2048, 2048, 2048]","[2048, 2048, 2048, 2048, 2048, 2048, 2048, 2048]","[2048, 2048, 2048, 2048]",274.0
1223,9175,22,19,2023-10-27T22:36:27.436000+00:00,28.038,30.775,20.477,311.0,290,False,79.29,"[2048, 2048, 2048, 2049, 2049, 2051, 2049, 2048]","[2048, 2049, 2049, 2049, 2049, 2049, 2049, 2049]","[2048, 2049, 2049, 2049]",342.0
1223,9175,81,13,2023-10-27T22:36:28.796000+00:00,29.747,32.749,21.758,273.0,274,False,84.254,"[2048, 2048, 2048, 2048, 2048, 2048, 2048, 2048]","[2048, 2048, 2048, 2048, 2048, 2048, 2048, 2048]","[2048, 2048, 2048, 2048, 2048]",324.0
1223,9175,14,15,2023-10-27T22:36:48.952000+00:00,29.53,32.523,21.998,276.0,272,False,84.051,"[None, 2048, 2048, 2048, 2048, 2048, 2048, 2048]","[2048, 2048, 2048, 2048, 2048, 2048, 2048, 2048]","[2048, 2048, 2048, 2048, 2048]",322.0
1223,9175,23,13,2023-10-27T22:36:50.639000+00:00,,32.75,24.74,287.0,275,True,447.612,"[None, 2064, 2048, 2048, 2048, 2048, 2048, 2048]","[2048, 2048, 2048, 2048, 2048, 2048, 2048, 2048]","[2048, 2048, 2048, 2048, 2064]",297.0
1223,9175,2,16,2023-10-27T22:37:15.811000+00:00,,33.839,21.878,293.0,273,True,435.99,"[None, 2064, 2048, 2048, 2048, 2048, 2048, 2048]","[2048, 2048, 2048, 2048, 2048, 2048, 2048, 2048]","[2048, 2048, 2048, 2048]",173.0
1223,9175,24,14,2023-10-27T22:37:16.608000+00:00,28.149,36.413,28.532,313.0,251,False,93.094,"[None, 2048, 2048, 2048, 2049, 2048, 2049, 2048]","[2049, 2048, 2048, 2049, None, None, 2048, 2048]","[2048, 2048, 2048, 2048, 2064]",343.0
1223,9175,77,20,2023-10-27T22:37:24.639000+00:00,31.443,33.849,25.661,236.0,266,False,90.953,"[None, 2048, 2048, 2048, 2048, 2048, 2048, 2048]","[2048, 2048, 2048, 2048, 2048, 2048, 2048, 2048]","[2048, 2048, 2048, 2048, 2064]",298.0
1223,9175,1,13,2023-10-27T22:37:42.014000+00:00,29.547,32.366,21.504,271.0,277,False,83.417,"[2048, 2048, 2048, 2048, 2048, 2048, 2048, 2048]","[2048, 2048, 2048, 2048, 2048, 2048, 2048, 2048]","[2048, 2048, 2048, 2048, 2048]",314.0
1223,9175,22,20,2023-10-27T22:37:46.623000+00:00,31.348,33.828,26.312,277.0,261,False,91.488,"[None, 2048, 2048, 2048, 2048, 2048, 2048, 2048]","[2048, 2048, 2048, 2048, 2048, 2048, 2048, 2048]","[2048, 2048, 2048, 2048, 2064]",297.0
1223,9175,81,14,2023-10-27T22:37:53.029000+00:00,29.608,32.712,21.744,278.0,276,False,84.064,"[None, 2048, 2048, 2048, 2048, 2048, 2048, 2048]","[2048, 2048, 2048, 2048, 2048, 2048, 2048, 2048]","[2048, 2048, 2048, 2048, 2048]",318.0
1223,9175,14,16,2023-10-27T22:38:12.951000+00:00,29.644,32.8,21.716,280.0,277,False,84.16,"[None, 2048, 2048, 2048, 2048, 2048, 2048, 2048]","[2048, 2048, 2048, 2048, 2048, 2048, 2048, 2048]","[2048, 2048, 2048, 2048, 2048]",321.0
1223,9175,11,16,2023-10-27T22:38:29.029000+00:00,,33.878,21.983,277.0,273,True,485.26,"[2064, 2064, 2048, 2048, 2048, 2048, 2048, 2048]","[2048, 2048, 2048, 2048, 2048, 2048, 2048, 2048]","[2048, 2048, 2048, 2048]",300.0
1223,9175,2,17,2023-10-27T22:38:55.107000+00:00,29.839,33.543,24.837,280.0,275,False,88.219,"[2048, 2048, 2048, 2048, 2048, 2048, 2048, 2048]","[2048, 2048, 2048, 2048, 2048, 2048, 2048, 2048]","[2048, 2048, 2048, 2048, 2064]",316.0
1223,9175,23,14,2023-10-27T22:38:55.622000+00:00,50.188,32.878,21.479,287.0,275,True,104.545,"[None, 2064, 2048, 2048, 2048, 2048, 2048, 2048]","[2048, 2048, 2048, 2048, 2048, 2048, 2048, 2048]","[2048, 2048, 2048, 2048, 2048]",298.0
1223,9175,1,14,2023-10-27T22:39:05.466000+00:00,29.62,32.619,21.49,272.0,277,False,83.729,"[None, 2048, 2048, 2048, 2048, 2048, 2048, 2048]","[2048, 2048, 2048, 2048, 2048, 2048, 2048, 2048]","[2048, 2048, 2048, 2048, 2048]",316.0
1223,9175,81,15,2023-10-27T22:39:17.122000+00:00,29.729,32.227,21.361,281.0,276,False,83.317,"[None, 2048, 2048, 2048, 2048, 2048, 2048, 2048]","[2048, 2048, 2048, 2048, 2048, 2048, 2048, 2048]","[2048, 2048, 2048, 2048]",316.0
1223,9175,16,17,2023-10-27T22:39:17.935000+00:00,,35.243,22.714,242.0,269,True,389.065,"[None, 2064, 2048, 2048, 2048, 2048, 2048, 2048]","[2048, 2048, 2048, 2048, 2048, 2048, 2048, 2048]","[2048, 2048, 2048, 2048, 2048]",299.0
1223,9175,27,16,2023-10-27T22:39:27.559000+00:00,,33.615,21.605,278.0,276,True,420.523,"[None, 2064, 2048, 2048, 2048, 2048, 2048, 2048]","[2048, 2048, 2048, 2048, 2048, 2048, 2048, 2048]","[2048, 2048, 2048, 2048]",299.0
1223,9175,14,17,2023-10-27T22:39:37.122000+00:00,29.647,33.135,22.003,279.0,276,False,84.785,"[None, 2048, 2048, 2048, 2048, 2048, 2048, 2048]","[2048, 2048, 2048, 2048, 2048, 2048, 2048, 2048]","[2048, 2048, 2048, 2048, 2048]",322.0
1223,9175,3,16,2023-10-27T22:40:00.559000+00:00,,33.27,21.621,282.0,273,True,387.174,"[None, 2064, 2048, 2048, 2048, 2048, 2048, 2048]","[2048, 2048, 2048, 2048, 2048, 2048, 2048, 2048]","[2048, 2048, 2048, 2048]",298.0
1223,9175,11,17,2023-10-27T22:40:02.418000+00:00,29.474,32.056,21.446,278.0,276,False,82.976,"[2048, 2048, 2048, 2048, 2048, 2048, 2048, 2048]","[2048, 2048, 2048, 2048, 2048, 2048, 2048, 2048]","[2048, 2048, 2048, 2048, 2048]",319.0
1223,9175,31,16,2023-10-27T22:40:10.731000+00:00,,33.675,21.878,282.0,277,True,445.967,"[None, 2064, 2048, 2048, 2048, 2048, 2048, 2048]","[2048, 2048, 2048, 2048, 2048, 2048, 2048, 2048]","[2048, 2048, 2048, 2048, 2048]",254.0
1223,9175,20,18,2023-10-27T22:40:18.168000+00:00,,33.554,26.625,280.0,280,True,299.899,"[2064, 2064, 2048, 2048, 2048, 2048, 2048, 2048]","[2048, 2048, 2048, 2048, 2048, 2048, 2048, 2048]","[2048, 2048, 2048, 2048, 2048]",306.0
1223,9175,23,15,2023-10-27T22:40:18.778000+00:00,29.333,32.207,21.271,,276,False,82.811,"[2048, 2048, 2048, 2048, 2048, 2048, 2048, 2048]","[2048, 2048, 2048, 2048, 2048, 2048, 2048, 2048]","[2048, 2048, 2048, 2048, 2048]",321.0
1223,9175,1,15,2023-10-27T22:40:29.168000+00:00,29.64,32.474,21.437,273.0,277,False,83.551,"[None, 2048, 2048, 2048, 2048, 2048, 2048, 2048]","[2048, 2048, 2048, 2048, 2048, 2048, 2048, 2048]","[2048, 2048, 2048, 2048, 2048]",
1223,9175,55,19,2023-10-27T22:40:38.684000+00:00,,39.413,22.616,242.0,259,True,329.299,"[2064, 2064, 2048, 2048, 2048, 2048, 2048, 2048]","[2048, 2048, 2048, 2048, 2048, 2048, 2048, 2048]","[2048, 2048, 2048, 2048, 2048]",301.0
1223,9175,81,16,2023-10-27T22:40:40.465000+00:00,29.848,32.519,21.476,,276,False,83.843,"[None, 2048, 2048, 2048, 2048, 2048, 2048, 2048]","[2048, 2048, 2048, 2048, 2048, 2048, 2048, 2048]","[2048, 2048, 2048, 2048]",318.0
1223,9175,2,18,2023-10-27T22:40:49.902000+00:00,55.8,33.144,21.842,293.0,274,True,110.786,"[2064, 2064, 2048, 2048, 2048, 2048, 2048, 2048]","[2048, 2048, 2048, 2048, 2048, 2048, 2048, 2048]","[2048, 2048, 2048, 2048, 2048]",298.0
1223,9175,16,18,2023-10-27T22:40:56.965000+00:00,29.686,32.577,21.636,280.0,277,False,83.899,"[2048, 2048, 2048, 2048, 2048, 2048, 2048, 2048]","[2048, 2048, 2048, 2048, 2048, 2048, 2048, 2048]","[2048, 2048, 2048, 2048, 2048]",319.0
1223,9175,27,17,2023-10-27T22:41:00.746000+00:00,29.548,32.515,21.36,284.0,278,False,83.423,"[2048, 2048, 2048, 2048, 2048, 2048, 2048, 2048]","[2048, 2048, 2048, 2048, 2048, 2048, 2048, 2048]","[2048, 2048, 2048, 2048, 2048]",323.0
1223,9175,14,18,2023-10-27T22:41:01.918000+00:00,29.567,33.274,21.838,284.0,278,False,84.679,"[None, 2048, 2048, 2048, 2048, 2048, 2048, 2048]","[2048, 2048, 2048, 2048, 2048, 2048, 2048, 2048]","[2048, 2048, 2048, 2048, 2048]",328.0
1223,9175,63,19,2023-10-27T22:41:04.418000+00:00,,33.143,21.831,270.0,270,True,407.537,"[None, 2064, 2048, 2048, 2048, 2048, 2048, 2048]","[2048, 2048, 2048, 2048, 2048, 2048, 2048, 2048]","[2048, 2048, 2048, 2048, 2048]",292.0
1223,9175,44,18,2023-10-27T22:41:09.543000+00:00,,36.731,21.885,247.0,275,True,494.246,"[None, 2064, 2048, 2048, 2048, 2048, 2048, 2048]","[2048, 2048, 2048, 2048, 2048, 2048, 2048, 2048]","[2048, 2048, 2048, 2048, 2048]",260.0
1223,9175,11,18,2023-10-27T22:41:25.402000+00:00,29.395,32.284,21.371,279.0,279,False,83.05,"[None, 2048, 2048, 2048, 2048, 2048, 2048, 2048]","[2048, 2048, 2048, 2048, 2048, 2048, 2048, 2048]","[2048, 2048, 2048, 2048, 2048]",322.0
1223,9175,3,17,2023-10-27T22:41:33.136000+00:00,29.465,32.359,21.778,290.0,280,False,83.602,"[2048, 2048, 2048, 2048, 2048, 2048, 2048, 2048]","[2048, 2048, 2048, 2048, 2048, 2048, 2048, 2048]","[2048, 2048, 2048, 2048]",320.0
1223,9175,4,16,2023-10-27T22:41:34.917000+00:00,,32.893,21.249,273.0,271,True,437.352,"[None, 2064, 2048, 2048, 2048, 2048, 2048, 2048]","[2048, 2048, 2048, 2048, 2048, 2048, 2048, 2048]","[2048, 2048, 2048, 2048, 2048]",288.0
1223,9175,10,17,2023-10-27T22:41:38.792000+00:00,,35.169,22.029,242.0,274,True,444.705,"[None, 2064, 2048, 2048, 2048, 2048, 2048, 2048]","[2048, 2048, 2048, 2048, 2048, 2048, 2048, 2048]","[2048, 2048, 2048, 2048]",298.0
1223,9175,23,16,2023-10-27T22:41:41.574000+00:00,29.399,32.474,21.324,301.0,277,False,83.197,"[None, 2048, 2048, 2048, 2048, 2048, 2048, 2048]","[2048, 2048, 2048, 2048, 2048, 2048, 2048, 2048]","[2048, 2048, 2048, 2048, 2048]",322.0
1223,9175,1,16,2023-10-27T22:41:52.745000+00:00,29.536,32.35,21.522,272.0,278,False,83.408,"[None, 2048, 2048, 2048, 2048, 2048, 2048, 2048]","[2048, 2048, 2048, 2048, 2048, 2048, 2048, 2048]","[2048, 2048, 2048, 2048, 2048]",
1223,9175,31,17,2023-10-27T22:41:56.136000+00:00,29.703,32.778,21.494,292.0,277,False,83.975,"[2048, 2048, 2048, 2048, 2048, 2048, 2048, 2048]","[2048, 2048, 2048, 2048, 2048, 2048, 2048, 2048]","[2048, 2048, 2048, 2048, 2048]",322.0
1223,9175,20,19,2023-10-27T22:42:01.620000+00:00,29.365,32.55,21.891,281.0,284,False,83.806,"[2048, 2048, 2048, 2048, 2048, 2048, 2048, 2048]","[2048, 2048, 2048, 2048, 2048, 2048, 2048, 2048]","[2048, 2048, 2048, 2048, 2048]",327.0
1223,9175,81,17,2023-10-27T22:42:04.308000+00:00,29.652,32.751,21.488,286.0,280,False,83.891,"[None, 2048, 2048, 2048, 2048, 2048, 2048, 2048]","[2048, 2048, 2048, 2048, 2048, 2048, 2048, 2048]","[2048, 2048, 2048, 2048, 2048]",324.0
1223,9175,55,20,2023-10-27T22:42:13.355000+00:00,29.757,32.492,21.308,289.0,277,False,83.557,"[2048, 2048, 2048, 2048, 2048, 2048, 2048, 2048]","[2048, 2048, 2048, 2048, 2048, 2048, 2048, 2048]","[2048, 2048, 2048, 2048]",328.0
1223,9175,2,19,2023-10-27T22:42:14.089000+00:00,29.489,33.037,21.527,283.0,277,False,84.053,"[2048, 2048, 2048, 2048, 2048, 2048, 2048, 2048]","[2048, 2048, 2048, 2048, 2048, 2048, 2048, 2048]","[2048, 2048, 2048, 2048]",327.0
1223,9175,16,19,2023-10-27T22:42:20.870000+00:00,29.611,32.247,21.431,281.0,275,False,83.289,"[None, 2048, 2048, 2048, 2048, 2048, 2048, 2048]","[2048, 2048, 2048, 2048, 2048, 2048, 2048, 2048]","[2048, 2048, 2048, 2048]",316.0
1223,9175,27,18,2023-10-27T22:42:24.167000+00:00,30.997,33.371,21.615,280.0,276,False,85.983,"[None, 2048, 2048, 2048, 2048, 2048, 2048, 2048]","[2048, 2048, 2048, 2048, 2048, 2048, 2048, 2048]","[2048, 2048, 2048, 2048, 2048]",324.0
1223,9175,14,19,2023-10-27T22:42:26.589000+00:00,29.542,33.174,21.871,285.0,283,False,84.587,"[None, 2048, 2048, 2048, 2048, 2048, 2048, 2048]","[2048, 2048, 2048, 2048, 2048, 2048, 2048, 2048]","[2048, 2048, 2048, 2048, 2048]",
1223,9175,63,20,2023-10-27T22:42:45.979000+00:00,29.653,32.138,21.372,287.0,273,False,83.163,"[2048, 2048, 2048, 2048, 2048, 2048, 2048, 2048]","[2048, 2048, 2048, 2048, 2048, 2048, 2048, 2048]","[2048, 2048, 2048, 2048]",313.0
1223,9175,11,19,2023-10-27T22:42:48.448000+00:00,29.382,32.514,21.569,277.0,278,False,83.465,"[None, 2048, 2048, 2048, 2048, 2048, 2048, 2048]","[2048, 2048, 2048, 2048, 2048, 2048, 2048, 2048]","[2048, 2048, 2048, 2048, 2048]",326.0
1223,9175,44,19,2023-10-27T22:42:56.245000+00:00,29.076,32.243,21.344,295.0,275,False,82.663,"[2048, 2048, 2048, 2048, 2048, 2048, 2048, 2048]","[2048, 2048, 2048, 2048, 2048, 2048, 2048, 2048]","[2048, 2048, 2048, 2048]",335.0
1223,9175,3,18,2023-10-27T22:42:56.682000+00:00,29.17,32.94,21.687,285.0,279,False,83.797,"[None, 2048, 2049, 2048, 2048, 2048, 2048, 2048]","[2048, 2048, 2048, 2048, 2048, 2048, 2048, 2048]","[2048, 2048, 2048, 2048, 2048]",350.0
1223,9175,4,17,2023-10-27T22:42:59.479000+00:00,29.254,31.999,21.236,296.0,277,False,82.489,"[2048, 2048, 2048, 2048, 2048, 2048, 2048, 2048]","[2048, 2048, 2048, 2048, 2048, 2048, 2048, 2048]","[2048, 2048, 2048, 2048]",317.0
1223,9175,23,17,2023-10-27T22:43:04.776000+00:00,29.417,32.435,21.372,293.0,277,False,83.224,"[None, 2048, 2048, 2048, 2048, 2048, 2048, 2048]","[2048, 2048, 2048, 2048, 2048, 2048, 2048, 2048]","[2048, 2048, 2048, 2048, 2048]",324.0
1223,9175,1,17,2023-10-27T22:43:16.135000+00:00,29.495,32.273,21.4,273.0,279,False,83.168,"[None, 2048, 2048, 2048, 2048, 2048, 2048, 2048]","[2048, 2048, 2048, 2048, 2048, 2048, 2048, 2048]","[2048, 2048, 2048, 2048]",318.0
1223,9175,31,18,2023-10-27T22:43:20.073000+00:00,29.574,32.707,21.478,291.0,277,False,83.759,"[None, 2048, 2048, 2048, 2048, 2048, 2048, 2048]","[2048, 2048, 2048, 2048, 2048, 2048, 2048, 2048]","[2048, 2048, 2048, 2048, 2048]",321.0
1223,9175,22,21,2023-10-27T22:43:23.057000+00:00,,34.257,22.357,275.0,274,True,339.845,"[2064, 2064, 2048, 2048, 2048, 2048, 2048, 2048]","[2048, 2048, 2048, 2048, 2048, 2048, 2048, 2048]","[2048, 2048, 2048, 2048]",302.0
1223,9175,10,18,2023-10-27T22:43:24.729000+00:00,34.121,33.741,21.586,244.0,277,False,89.448,"[2048, 2048, 2048, 2048, 2048, 2048, 2048, 2048]","[2048, 2048, 2048, 2048, 2048, 2048, 2048, 2048]","[2048, 2048, 2048, 2048, 2048]",323.0
1223,9175,20,20,2023-10-27T22:43:25.479000+00:00,29.334,33.14,22.363,287.0,277,False,84.837,"[None, 2048, 2051, 2048, 2048, 2048, 2048, 2048]","[2048, 2048, 2048, 2048, 2048, 2048, 2048, 2048]","[2048, 2048, 2048, 2048, 2048]",351.0
1223,9175,81,18,2023-10-27T22:43:28.166000+00:00,29.382,32.472,21.504,284.0,280,False,83.358,"[None, 2048, 2048, 2048, 2048, 2048, 2048, 2048]","[2048, 2048, 2048, 2048, 2048, 2048, 2048, 2048]","[2048, 2048, 2048, 2048, 2048]",326.0
1223,9175,55,21,2023-10-27T22:43:36.901000+00:00,29.779,32.125,21.45,285.0,275,False,83.354,"[None, 2048, 2048, 2048, 2048, 2048, 2048, 2048]","[2048, 2048, 2048, 2048, 2048, 2048, 2048, 2048]","[2048, 2048, 2048, 2048]",314.0
1223,9175,2,20,2023-10-27T22:43:38.182000+00:00,29.548,32.502,21.331,293.0,277,False,83.381,"[None, 2048, 2048, 2048, 2048, 2048, 2048, 2048]","[2048, 2048, 2048, 2048, 2048, 2048, 2048, 2048]","[2048, 2048, 2048, 2048, 2048]",326.0
1223,9175,16,20,2023-10-27T22:43:44.166000+00:00,29.596,32.213,21.396,283.0,275,False,83.205,"[None, 2048, 2048, 2048, 2048, 2048, 2048, 2048]","[2048, 2048, 2048, 2048, 2048, 2048, 2048, 2048]","[2048, 2048, 2048, 2048, 2048]",315.0
1223,9175,27,19,2023-10-27T22:43:50.166000+00:00,29.728,32.937,21.559,281.0,277,False,84.224,"[None, 2048, 2048, 2048, 2048, 2048, 2048, 2048]","[2048, 2048, 2048, 2048, 2048, 2048, 2048, 2048]","[2048, 2048, 2048, 2048]",
1223,9175,14,20,2023-10-27T22:43:51.197000+00:00,29.464,33.227,25.103,287.0,278,False,87.794,"[None, 2048, 2048, 2048, 2048, 2048, 2048, 2048]","[2048, 2048, 2048, 2048, 2048, 2048, 2048, 2048]","[2048, 2048, 2048, 2048, 2048]",342.0
1223,9175,63,21,2023-10-27T22:44:09.197000+00:00,29.645,32.321,21.441,278.0,273,False,83.407,"[None, 2048, 2048, 2048, 2048, 2048, 2048, 2048]","[2048, 2048, 2048, 2048, 2048, 2048, 2048, 2048]","[2048, 2048, 2048, 2048]",315.0
1223,9175,11,20,2023-10-27T22:44:11.916000+00:00,29.411,32.355,21.449,271.0,279,False,83.215,"[None, 2048, 2048, 2048, 2048, 2048, 2048, 2048]","[2048, 2048, 2048, 2048, 2048, 2048, 2048, 2048]","[2048, 2048, 2048, 2048, 2048]",
1223,9175,44,20,2023-10-27T22:44:18.947000+00:00,29.577,31.909,21.263,273.0,275,False,82.749,"[None, 2048, 2048, 2048, 2048, 2048, 2048, 2048]","[2048, 2048, 2048, 2048, 2048, 2048, 2048, 2048]","[2048, 2048, 2048, 2048, 2048]",318.0
1223,9175,3,19,2023-10-27T22:44:20.494000+00:00,29.411,32.285,21.353,289.0,279,False,83.049,"[None, 2048, 2048, 2048, 2048, 2048, 2048, 2048]","[2048, 2048, 2048, 2048, 2048, 2048, 2048, 2048]","[2048, 2048, 2048, 2048]",327.0
1223,9175,4,18,2023-10-27T22:44:21.963000+00:00,29.319,31.936,21.256,281.0,278,False,82.511,"[None, 2048, 2048, 2048, 2048, 2048, 2048, 2048]","[2048, 2048, 2048, 2048, 2048, 2048, 2048, 2048]","[2048, 2048, 2048, 2048]",325.0
1223,9175,23,18,2023-10-27T22:44:28.025000+00:00,29.401,32.305,21.465,289.0,276,False,83.171,"[None, 2048, 2048, 2048, 2048, 2048, 2048, 2048]","[2048, 2048, 2048, 2048, 2048, 2048, 2048, 2048]","[2048, 2048, 2048, 2048, 2048]",
1223,9175,77,21,2023-10-27T22:44:29.134000+00:00,,33.518,21.66,292.0,274,True,425.445,"[2064, 2064, 2048, 2048, 2048, 2048, 2048, 2048]","[2048, 2048, 2048, 2048, 2048, 2048, 2048, 2048]","[2048, 2048, 2048, 2048]",300.0
1223,9175,1,18,2023-10-27T22:44:39.290000+00:00,29.558,32.549,24.597,278.0,280,False,86.704,"[None, 2048, 2048, 2048, 2048, 2048, 2048, 2048]","[2048, 2048, 2048, 2048, 2048, 2048, 2048, 2048]","[2048, 2048, 2048, 2048]",
1223,9175,31,19,2023-10-27T22:44:43.806000+00:00,29.335,32.387,21.461,,278,False,83.183,"[None, 2048, 2048, 2048, 2048, 2048, 2048, 2048]","[2048, 2048, 2048, 2048, 2048, 2048, 2048, 2048]","[2048, 2048, 2048, 2048, 2048]",322.0
1223,9175,20,21,2023-10-27T22:44:50.275000+00:00,29.473,32.717,21.832,277.0,280,False,84.022,"[None, 2048, 2048, 2048, 2048, 2048, 2048, 2048]","[2048, 2048, 2048, 2048, 2048, 2048, 2048, 2048]","[2048, 2048, 2048, 2048, 2048]",315.0
1223,9175,81,19,2023-10-27T22:44:51.540000+00:00,29.412,32.513,21.757,,287,False,83.682,"[None, 2048, 2048, 2048, 2048, 2048, 2048, 2048]","[2048, 2048, 2048, 2048, 2048, 2048, 2048, 2048]","[2048, 2048, 2048, 2048, 2048]",325.0
1223,9175,10,19,2023-10-27T22:44:54.181000+00:00,29.465,32.45,21.573,289.0,279,False,83.488,"[None, 2048, 2048, 2048, 2048, 2048, 2048, 2048]","[2048, 2048, 2048, 2048, 2048, 2048, 2048, 2048]","[2048, 2048, 2048, 2048, 2048]",324.0
1223,9175,22,22,2023-10-27T22:44:58.056000+00:00,29.725,32.922,21.641,285.0,277,False,84.288,"[2048, 2048, 2048, 2048, 2048, 2048, 2048, 2048]","[2048, 2048, 2048, 2048, 2048, 2048, 2048, 2048]","[2048, 2048, 2048, 2048, 2048]",322.0
1223,9175,55,22,2023-10-27T22:45:00.243000+00:00,29.602,32.186,21.547,,282,False,83.335,"[None, 2048, 2048, 2048, 2048, 2048, 2048, 2048]","[2048, 2048, 2048, 2048, 2048, 2048, 2048, 2048]","[2048, 2048, 2048, 2048]",316.0
1223,9175,2,21,2023-10-27T22:45:01.571000+00:00,29.44,32.928,21.638,289.0,278,False,84.006,"[None, 2048, 2048, 2048, 2048, 2048, 2048, 2048]","[2048, 2048, 2048, 2048, 2048, 2048, 2048, 2048]","[2048, 2048, 2048, 2048]",328.0
1223,9175,16,21,2023-10-27T22:45:07.337000+00:00,29.492,32.123,21.24,286.0,277,False,82.855,"[None, 2048, 2048, 2048, 2048, 2048, 2048, 2048]","[2048, 2048, 2048, 2048, 2048, 2048, 2048, 2048]","[2048, 2048, 2048, 2048]",
1223,9175,27,20,2023-10-27T22:45:14.384000+00:00,29.905,32.864,21.562,280.0,278,False,84.331,"[None, 2048, 2048, 2048, 2048, 2048, 2048, 2048]","[2048, 2048, 2048, 2048, 2048, 2048, 2048, 2048]","[2048, 2048, 2048, 2048, 2048]",
1223,9175,14,21,2023-10-27T22:45:18.962000+00:00,29.569,32.852,21.848,276.0,278,False,84.269,"[None, 2048, 2048, 2048, 2048, 2048, 2048, 2048]","[2048, 2048, 2048, 2048, 2048, 2048, 2048, 2048]","[2048, 2048, 2048, 2048]",326.0
1223,9175,24,15,2023-10-27T22:45:22.524000+00:00,,39.696,26.792,204.0,122,True,492.322,"[None, 2064, 2048, 2048, 2048, 2048, 2048, 2048]","[2048, 2048, 2048, 2048, 2048, 2048, 2048, 2048]","[2048, 2048, 2048, 2048]",277.0
1223,9175,63,22,2023-10-27T22:45:32.587000+00:00,29.767,32.192,21.577,268.0,271,False,83.536,"[None, 2048, 2048, 2048, 2048, 2048, 2048, 2048]","[2048, 2048, 2048, 2048, 2048, 2048, 2048, 2048]","[2048, 2048, 2048, 2048, 2048]",314.0
1223,9175,11,21,2023-10-27T22:45:35.102000+00:00,29.504,32.261,21.483,284.0,277,False,83.248,"[None, 2048, 2048, 2048, 2048, 2048, 2048, 2048]","[2048, 2048, 2048, 2048, 2048, 2048, 2048, 2048]","[2048, 2048, 2048, 2048]",325.0
1223,9175,44,21,2023-10-27T22:45:41.618000+00:00,29.765,32.1,21.385,270.0,275,False,83.25,"[None, 2048, 2048, 2048, 2048, 2048, 2048, 2048]","[2048, 2048, 2048, 2048, 2048, 2048, 2048, 2048]","[2048, 2048, 2048, 2048]",316.0
1223,9175,3,20,2023-10-27T22:45:43.540000+00:00,29.353,32.293,21.526,287.0,278,False,83.172,"[None, 2048, 2048, 2048, 2048, 2048, 2048, 2048]","[2048, 2048, 2048, 2048, 2048, 2048, 2048, 2048]","[2048, 2048, 2048, 2048, 2048]",325.0
1223,9175,4,19,2023-10-27T22:45:44.477000+00:00,28.958,32.254,21.521,282.0,283,False,82.733,"[None, 2048, 2049, 2048, 2048, 2048, 2048, 2048]","[2048, 2048, 2048, 2048, 2048, 2048, 2048, 2048]","[2048, 2048, 2048, 2048, 2048]",345.0
1223,9175,23,19,2023-10-27T22:45:51.180000+00:00,29.485,32.459,21.387,,279,False,83.331,"[None, 2048, 2048, 2048, 2048, 2048, 2048, 2048]","[2048, 2048, 2048, 2048, 2048, 2048, 2048, 2048]","[2048, 2048, 2048, 2048]",313.0
1223,9175,77,22,2023-10-27T22:46:01.040000+00:00,29.506,31.952,21.327,290.0,276,False,82.785,"[2048, 2048, 2048, 2048, 2048, 2048, 2048, 2048]","[2048, 2048, 2048, 2048, 2048, 2048, 2048, 2048]","[2048, 2048, 2048, 2048, 2048]",318.0
1223,9175,1,19,2023-10-27T22:46:06.024000+00:00,29.538,32.338,21.414,,278,False,83.29,"[None, 2048, 2048, 2048, 2048, 2048, 2048, 2048]","[2048, 2048, 2048, 2048, 2048, 2048, 2048, 2048]","[2048, 2048, 2048, 2048, 2048]",321.0
1223,9175,31,20,2023-10-27T22:46:06.993000+00:00,29.332,36.317,21.759,289.0,272,False,87.408,"[None, 2048, 2048, 2048, 2048, 2048, 2048, 2048]","[2048, 2048, 2048, 2048, 2048, 2048, 2048, 2048]","[2048, 2048, 2048, 2048]",337.0
1223,9175,20,22,2023-10-27T22:46:14.289000+00:00,29.489,32.769,21.778,283.0,279,False,84.036,"[None, 2048, 2048, 2048, 2048, 2048, 2048, 2048]","[2048, 2048, 2048, 2048, 2048, 2048, 2048, 2048]","[2048, 2048, 2048, 2048, 2048]",325.0
1223,9175,81,20,2023-10-27T22:46:15.211000+00:00,29.02,33.114,21.808,282.0,282,False,83.942,"[None, 2049, 2049, 2048, 2048, 2048, 2048, 2048]","[2048, 2048, 2048, 2048, 2048, 2048, 2048, 2048]","[2048, 2048, 2048, 2048]",347.0
1223,9175,10,20,2023-10-27T22:46:17.649000+00:00,29.49,32.714,21.746,286.0,270,False,83.95,"[None, 2048, 2048, 2048, 2048, 2048, 2048, 2048]","[2048, 2048, 2048, 2048, 2048, 2048, 2048, 2048]","[2048, 2048, 2048, 2048, 2048]",319.0
1223,9175,22,23,2023-10-27T22:46:22.649000+00:00,29.372,32.983,21.584,288.0,277,False,83.939,"[None, 2048, 2048, 2048, 2048, 2048, 2048, 2048]","[2048, 2048, 2048, 2048, 2048, 2048, 2048, 2048]","[2048, 2048, 2048, 2048, 2048]",326.0
1223,9175,55,23,2023-10-27T22:46:23.602000+00:00,28.909,32.657,22.332,297.0,284,False,83.898,"[None, 2048, 2048, 2048, 2048, 2048, 2048, 2048]","[2048, 2048, 2048, 2048, 2048, 2048]","[2048, 2048, 2048, 2048, 2048]",342.0
1223,9175,2,22,2023-10-27T22:46:25.555000+00:00,29.325,32.707,22.037,292.0,279,False,84.069,"[None, 2048, 2048, 2048, 2048, 2048, 2048, 2048]","[2048, 2048, 2048, 2048, 2048, 2048, 2048, 2048]","[2048, 2048, 2048, 2048]",329.0
1223,9175,16,22,2023-10-27T22:46:30.195000+00:00,29.286,32.194,21.421,288.0,280,False,82.901,"[None, 2048, 2048, 2048, 2048, 2048, 2048, 2048]","[2048, 2048, 2048, 2048, 2048, 2048, 2048, 2048]","[2048, 2048, 2048, 2048, 2048]",322.0
1223,9175,27,21,2023-10-27T22:46:38.711000+00:00,29.626,32.913,21.622,283.0,277,False,84.161,"[None, 2048, 2048, 2048, 2048, 2048, 2048, 2048]","[2048, 2048, 2048, 2048, 2048, 2048, 2048, 2048]","[2048, 2048, 2048, 2048]",326.0
1223,9175,14,22,2023-10-27T22:46:43.289000+00:00,29.626,32.777,21.981,277.0,278,False,84.384,"[None, 2048, 2048, 2048, 2048, 2048, 2048, 2048]","[2048, 2048, 2048, 2048, 2048, 2048, 2048, 2048]","[2048, 2048, 2048, 2048, 2048]",328.0
1223,9175,63,23,2023-10-27T22:46:56.086000+00:00,29.873,32.439,21.445,264.0,274,False,83.757,"[None, 2048, 2048, 2048, 2048, 2048, 2048, 2048]","[2048, 2048, 2048, 2048, 2048, 2048, 2048, 2048]","[2048, 2048, 2048, 2048]",307.0
1223,9175,11,22,2023-10-27T22:46:58.367000+00:00,29.582,32.399,23.53,270.0,277,False,85.511,"[None, 2048, 2048, 2048, 2048, 2048, 2048, 2048]","[2048, 2048, 2048, 2048, 2048, 2048, 2048, 2048]","[2048, 2048, 2048, 2048, 2048]",326.0
1223,9175,24,16,2023-10-27T22:47:02.023000+00:00,29.721,32.809,21.669,291.0,276,False,84.199,"[2048, 2048, 2048, 2048, 2048, 2048, 2048, 2048]","[2048, 2048, 2048, 2048, 2048, 2048, 2048, 2048]","[2048, 2048, 2048, 2048]",320.0
1223,9175,44,22,2023-10-27T22:47:04.929000+00:00,29.66,32.706,21.731,276.0,271,False,84.097,"[None, 2048, 2048, 2048, 2048, 2048, 2048, 2048]","[2048, 2048, 2048, 2048, 2048, 2048, 2048, 2048]","[2048, 2048, 2048, 2048]",315.0
1223,9175,3,21,2023-10-27T22:47:06.695000+00:00,29.946,33.926,24.265,259.0,258,False,88.137,"[None, 2048, 2048, 2048, 2048, 2048, 2048, 2048]","[2048, 2048, 2048, 2048, 2048, 2048, 2048, 2048]","[2048, 2048, 2048, 2048, 2048]",323.0
1223,9175,4,20,2023-10-27T22:47:07.195000+00:00,28.871,32.323,21.556,281.0,274,False,82.75,"[None, 2049, 2049, 2048, 2048, 2048, 2048, 2048]","[2048, 2048, 2048, 2048, 2048, 2048, 2048, 2048]","[2048, 2048, 2048, 2048]",350.0
1223,9175,23,20,2023-10-27T22:47:14.523000+00:00,29.595,32.585,21.514,290.0,280,False,83.694,"[None, 2048, 2048, 2048, 2048, 2048, 2048, 2048]","[2048, 2048, 2048, 2048, 2048, 2048, 2048, 2048]","[2048, 2048, 2048, 2048]",325.0
1223,9175,77,23,2023-10-27T22:47:23.804000+00:00,29.563,32.178,21.384,287.0,276,False,83.125,"[None, 2048, 2048, 2048, 2048, 2048, 2048, 2048]","[2048, 2048, 2048, 2048, 2048, 2048, 2048, 2048]","[2048, 2048, 2048, 2048, 2048]",317.0
1223,9175,1,20,2023-10-27T22:47:29.304000+00:00,29.587,32.236,21.397,276.0,279,False,83.22,"[None, 2048, 2048, 2048, 2048, 2048, 2048, 2048]","[2048, 2048, 2048, 2048, 2048, 2048, 2048, 2048]","[2048, 2048, 2048, 2048]",324.0
1223,9175,31,21,2023-10-27T22:47:34.398000+00:00,29.646,32.636,21.491,284.0,273,False,83.773,"[None, 2048, 2048, 2048, 2048, 2048, 2048, 2048]","[2048, 2048, 2048, 2048, 2048, 2048, 2048, 2048]","[2048, 2048, 2048, 2048, 2048]",316.0
1223,9175,20,23,2023-10-27T22:47:38.351000+00:00,29.359,32.718,22.176,290.0,278,False,84.253,"[None, 2048, 2048, 2048, 2048, 2048, 2048, 2048]","[2048, 2048, 2048, 2048, 2048, 2048, 2048, 2048]","[2048, 2048, 2048, 2048]",327.0
1223,9175,81,21,2023-10-27T22:47:39.148000+00:00,28.912,32.813,22.077,297.0,285,False,83.802,"[None, 2049, 2049, 2048, 2048, 2048, 2048, 2048]","[2048, 2048, 2048, 2048, 2048, 2048, 2048, 2048]","[2048, 2048, 2048, 2048, 2048]",349.0
1223,9175,10,21,2023-10-27T22:47:41.617000+00:00,29.624,32.682,21.583,288.0,278,False,83.889,"[None, 2048, 2048, 2048, 2048, 2048, 2048, 2048]","[2048, 2048, 2048, 2048, 2048, 2048, 2048, 2048]","[2048, 2048, 2048, 2048, 2048]",323.0
1223,9175,22,24,2023-10-27T22:47:46.288000+00:00,29.362,32.533,21.622,291.0,277,False,83.517,"[None, 2048, 2048, 2048, 2048, 2048, 2048, 2048]","[2048, 2048, 2048, 2048, 2048, 2048, 2048, 2048]","[2048, 2048, 2048, 2048, 2048]",
1223,9175,55,24,2023-10-27T22:47:47.491000+00:00,35.882,39.156,22.683,112.0,272,False,97.721,"[None, 2048, 2049, 2048, 2048, 2048, 2048, 2048]","[2048, 2048, 2048, 2048, 2048, 2048, 2048, 2048]","[2048, 2048, 2048, 2048, 2048]",348.0
1223,9175,2,23,2023-10-27T22:47:49.617000+00:00,29.51,32.95,21.754,295.0,276,False,84.214,"[None, 2048, 2048, 2048, 2048, 2048, 2048, 2048]","[2048, 2048, 2048, 2048, 2048, 2048, 2048, 2048]","[2048, 2048, 2048, 2048]",
1223,9175,16,23,2023-10-27T22:47:53.116000+00:00,29.157,32.286,21.483,296.0,281,False,82.926,"[None, 2048, 2048, 2048, 2048, 2048, 2048, 2048]","[2048, 2048, 2048, 2048, 2048, 2048, 2048, 2048]","[2048, 2048, 2048, 2048, 2048]",328.0
1223,9175,27,22,2023-10-27T22:48:02.882000+00:00,29.941,32.937,21.75,279.0,278,False,84.628,"[None, 2048, 2048, 2048, 2048, 2048, 2048, 2048]","[2048, 2048, 2048, 2048, 2048, 2048, 2048, 2048]","[2048, 2048, 2048, 2048]",325.0
1223,9175,14,23,2023-10-27T22:48:07.648000+00:00,29.683,33.142,22.054,273.0,279,False,84.879,"[None, 2048, 2048, 2048, 2048, 2048, 2048, 2048]","[2048, 2048, 2048, 2048, 2048, 2048, 2048, 2048]","[2048, 2048, 2048, 2048, 2048]",327.0
1223,9175,63,24,2023-10-27T22:48:19.851000+00:00,29.759,32.188,21.413,272.0,271,False,83.36,"[None, 2048, 2048, 2048, 2048, 2048, 2048, 2048]","[2048, 2048, 2048, 2048, 2048, 2048, 2048, 2048]","[2048, 2048, 2048, 2048]",310.0
1223,9175,11,23,2023-10-27T22:48:23.913000+00:00,29.527,32.22,21.625,280.0,277,False,83.372,"[None, 2048, 2048, 2048, 2048, 2048, 2048, 2048]","[2048, 2048, 2048, 2048, 2048, 2048, 2048, 2048]","[2048, 2048, 2048, 2048, 2048]",323.0
1223,9175,24,17,2023-10-27T22:48:26.225000+00:00,29.562,32.672,21.405,290.0,276,False,83.639,"[None, 2048, 2048, 2048, 2048, 2048, 2048, 2048]","[2048, 2048, 2048, 2048, 2048, 2048, 2048, 2048]","[2048, 2048, 2048, 2048]",321.0
1223,9175,44,23,2023-10-27T22:48:28.975000+00:00,29.799,32.578,21.494,272.0,276,False,83.871,"[None, 2048, 2048, 2048, 2048, 2048, 2048, 2048]","[2048, 2048, 2048, 2048, 2048, 2048, 2048, 2048]","[2048, 2048, 2048, 2048, 2048]",320.0
1223,9175,4,21,2023-10-27T22:48:29.960000+00:00,29.059,32.839,21.594,270.0,283,False,83.492,"[None, 2048, 2048, 2048, 2048, 2048, 2048, 2048]","[2048, 2048, 2048, 2048, 2048, 2048, 2048, 2048]","[2048, 2048, 2048, 2048, 2048]",338.0
1223,9175,3,22,2023-10-27T22:48:34.819000+00:00,29.36,32.044,21.315,291.0,280,False,82.719,"[None, 2048, 2048, 2048, 2048, 2048, 2048, 2048]","[2048, 2048, 2048, 2048, 2048, 2048, 2048, 2048]","[2048, 2048, 2048, 2048, 2048]",325.0
1223,9175,23,21,2023-10-27T22:48:38.194000+00:00,29.315,32.46,21.477,286.0,280,False,83.252,"[None, 2048, 2048, 2048, 2048, 2048, 2048, 2048]","[2048, 2048, 2048, 2048, 2048, 2048, 2048, 2048]","[2048, 2048, 2048, 2048]",327.0
1223,9175,77,24,2023-10-27T22:48:46.928000+00:00,29.57,32.119,21.415,288.0,276,False,83.104,"[None, 2048, 2048, 2048, 2048, 2048, 2048, 2048]","[2048, 2048, 2048, 2048, 2048, 2048, 2048, 2048]","[2048, 2048, 2048, 2048, 2048]",318.0
1223,9175,1,21,2023-10-27T22:48:52.506000+00:00,29.486,32.056,21.37,278.0,279,False,82.912,"[None, 2048, 2048, 2048, 2048, 2048, 2048, 2048]","[2048, 2048, 2048, 2048, 2048, 2048, 2048, 2048]","[2048, 2048, 2048, 2048, 2048]",325.0
1223,9175,31,22,2023-10-27T22:48:58.178000+00:00,29.592,32.371,21.664,,271,False,83.627,"[None, 2048, 2048, 2048, 2048, 2048, 2048, 2048]","[2048, 2048, 2048, 2048, 2048, 2048, 2048, 2048]","[2048, 2048, 2048, 2048, 2048]",315.0
1223,9175,20,24,2023-10-27T22:49:02.584000+00:00,30.005,33.609,22.281,281.0,278,False,85.895,"[None, 2048, 2048, 2048, 2048, 2048, 2048, 2048]","[2048, 2048, 2048, 2048, 2048, 2048, 2048, 2048]","[2048, 2048, 2048, 2048, 2048]",323.0
1223,9175,81,22,2023-10-27T22:49:02.944000+00:00,29.076,32.667,21.63,274.0,271,False,83.373,"[2049, 2049, 2048, 2048, 2048, 2048, 2048, 2048]","[2048, 2048, 2048, 2048, 2048, 2048, 2048, 2048]","[2048, 2048, 2048, 2048, 2048]",345.0
1223,9175,10,22,2023-10-27T22:49:05.491000+00:00,29.527,32.727,21.725,,277,False,83.979,"[None, 2048, 2048, 2048, 2048, 2048, 2048, 2048]","[2048, 2048, 2048, 2048, 2048, 2048, 2048, 2048]","[2048, 2048, 2048, 2048]",
1223,9175,22,25,2023-10-27T22:49:09.803000+00:00,29.332,32.412,21.53,289.0,280,False,83.274,"[None, 2048, 2048, 2048, 2048, 2048, 2048, 2048]","[2048, 2048, 2048, 2048, 2048, 2048, 2048, 2048]","[2048, 2048, 2048, 2048, 2048]",327.0
1223,9175,2,24,2023-10-27T22:49:13.819000+00:00,29.417,32.702,21.782,,279,False,83.901,"[None, 2048, 2048, 2048, 2048, 2048, 2048, 2048]","[2048, 2048, 2048, 2048, 2048, 2048, 2048, 2048]","[2048, 2048, 2048, 2048, 2048]",327.0
1223,9175,16,24,2023-10-27T22:49:16.084000+00:00,29.164,32.817,25.387,307.0,278,False,87.368,"[None, 2048, 2048, 2048, 2048, 2048, 2048, 2048]","[2048, 2048, 2048, 2048, 2048, 2048, 2048, 2048]","[2048, 2048, 2048, 2048]",330.0
1223,9175,55,25,2023-10-27T22:49:25.240000+00:00,29.649,32.246,21.437,292.0,277,False,83.332,"[None, 2048, 2048, 2048, 2048, 2048, 2048, 2048]","[2048, 2048, 2048, 2048, 2048, 2048, 2048, 2048]","[2048, 2048, 2048, 2048]",322.0
1223,9175,27,23,2023-10-27T22:49:27.506000+00:00,29.782,32.872,21.686,281.0,278,False,84.34,"[None, 2048, 2048, 2048, 2048, 2048, 2048, 2048]","[2048, 2048, 2048, 2048, 2048, 2048, 2048, 2048]","[2048, 2048, 2048, 2048, 2048]",326.0
1223,9175,14,24,2023-10-27T22:49:32.490000+00:00,29.618,33.281,22.024,,277,False,84.923,"[None, 2048, 2048, 2048, 2048, 2048, 2048, 2048]","[2048, 2048, 2048, 2048, 2048, 2048, 2048, 2048]","[2048, 2048, 2048, 2048]",328.0
1223,9175,63,25,2023-10-27T22:49:43.225000+00:00,29.641,32.237,21.624,279.0,275,False,83.502,"[None, 2048, 2048, 2048, 2048, 2048, 2048, 2048]","[2048, 2048, 2048, 2048, 2048, 2048, 2048, 2048]","[2048, 2048, 2048, 2048, 2048]",
1223,9175,11,24,2023-10-27T22:49:47.256000+00:00,29.48,32.189,21.45,284.0,278,False,83.119,"[None, 2048, 2048, 2048, 2048, 2048, 2048, 2048]","[2048, 2048, 2048, 2048, 2048, 2048, 2048, 2048]","[2048, 2048, 2048, 2048, 2048]",
1223,9175,24,18,2023-10-27T22:49:49.850000+00:00,29.372,32.641,21.58,294.0,278,False,83.593,"[None, 2048, 2048, 2048, 2048, 2048, 2048, 2048]","[2048, 2048, 2048, 2048, 2048, 2048, 2048, 2048]","[2048, 2048, 2048, 2048]",324.0
1223,9175,44,24,2023-10-27T22:49:52.865000+00:00,30.058,32.878,24.108,270.0,276,False,87.044,"[None, 2048, 2048, 2048, 2048, 2048, 2048, 2048]","[2048, 2048, 2048, 2048, 2048, 2048, 2048, 2048]","[2048, 2048, 2048, 2048, 2048]",321.0
1223,9175,4,22,2023-10-27T22:49:53.428000+00:00,28.991,32.31,21.406,284.0,275,False,82.707,"[None, 2048, 2048, 2048, 2048, 2048, 2048, 2048]","[2048, 2048, 2048, 2048, 2048, 2048, 2048, 2048]","[2048, 2048, 2048, 2048, 2048]",347.0
1223,9175,3,23,2023-10-27T22:49:57.537000+00:00,29.412,32.145,24.285,289.0,280,False,85.842,"[None, 2048, 2048, 2048, 2048, 2048, 2048, 2048]","[2048, 2048, 2048, 2048, 2048, 2048, 2048, 2048]","[2048, 2048, 2048, 2048]",324.0
1223,9175,23,22,2023-10-27T22:50:01.428000+00:00,29.796,32.853,21.602,296.0,277,False,84.251,"[None, 2048, 2048, 2048, 2048, 2048, 2048, 2048]","[2048, 2048, 2048, 2048, 2048, 2048, 2048, 2048]","[2048, 2048, 2048, 2048]",
1223,9175,77,25,2023-10-27T22:50:10.052000+00:00,29.488,32.141,21.477,290.0,279,False,83.106,"[None, 2048, 2048, 2048, 2048, 2048, 2048, 2048]","[2048, 2048, 2048, 2048, 2048, 2048, 2048, 2048]","[2048, 2048, 2048, 2048, 2048]",321.0
1223,9175,1,22,2023-10-27T22:50:15.427000+00:00,,32.101,21.296,283.0,280,False,82.883,"[None, 2048, 2048, 2048, 2048, 2048, 2048, 2048]","[2048, 2048, 2048, 2048, 2048, 2048, 2048, 2048]","[2048, 2048, 2048, 2048]",322.0
1223,9175,31,23,2023-10-27T22:50:21.818000+00:00,29.564,32.421,21.592,,273,False,83.577,"[None, 2048, 2048, 2048, 2048, 2048, 2048, 2048]","[2048, 2048, 2048, 2048, 2048, 2048, 2048, 2048]","[2048, 2048, 2048, 2048, 2048]",
1223,9175,81,23,2023-10-27T22:50:26.365000+00:00,29.639,32.301,21.742,281.0,280,False,83.682,"[2048, 2048, 2048, 2048, 2048, 2048, 2048, 2048]","[2048, 2048, 2048, 2048, 2048, 2048, 2048, 2048]","[2048, 2048, 2048, 2048, 2048]",313.0
1223,9175,20,25,2023-10-27T22:50:28.474000+00:00,29.627,33.23,22.432,287.0,279,False,85.289,"[None, 2048, 2048, 2048, 2048, 2048, 2048, 2048]","[2048, 2048, 2048, 2048, 2048, 2048, 2048, 2048]","[2048, 2048, 2048, 2048, 2048]",330.0
1223,9175,10,23,2023-10-27T22:50:29.490000+00:00,29.233,33.167,22.387,287.0,284,False,84.787,"[None, 2048, 2049, 2048, 2048, 2048, 2048, 2048]","[2048, 2048, 2048, 2048, 2048, 2048, 2048, 2048]","[2048, 2048, 2048, 2048]",343.0
1223,9175,22,26,2023-10-27T22:50:33.271000+00:00,29.575,32.598,22.367,286.0,280,False,84.54,"[None, 2048, 2048, 2048, 2048, 2048, 2048, 2048]","[2048, 2048, 2048, 2048, 2048, 2048, 2048, 2048]","[2048, 2048, 2048, 2048, 2048]",329.0
1223,9175,2,25,2023-10-27T22:50:37.740000+00:00,29.516,32.992,22.33,290.0,277,False,84.838,"[None, 2048, 2048, 2048, 2048, 2048, 2048, 2048]","[2048, 2048, 2048, 2048, 2048, 2048, 2048, 2048]","[2048, 2048, 2048, 2048, 2048]",326.0
1223,9175,18,13,2023-10-27T22:50:41.208000+00:00,,46.279,26.235,208.0,239,True,1571.603,"[None, 2064, 2048, 2048, 2048, 2048, 2048, 2048]","[2048, 2048, 2048, 2048, 2048, 2048, 2048, 2048]","[2048, 2048, 2048, 2048, 2048]",275.0
1223,9175,16,25,2023-10-27T22:50:43.411000+00:00,29.713,32.406,22.352,293.0,277,False,84.471,"[None, 2048, 2048, 2048, 2048, 2048, 2048, 2048]","[2048, 2048, 2048, 2048, 2048, 2048, 2048, 2048]","[2048, 2048, 2048, 2048]",326.0
1223,9175,55,26,2023-10-27T22:50:48.568000+00:00,29.552,32.456,21.692,291.0,277,False,83.7,"[None, 2048, 2048, 2048, 2048, 2048, 2048, 2048]","[2048, 2048, 2048, 2048, 2048, 2048, 2048, 2048]","[2048, 2048, 2048, 2048]",323.0
1223,9175,27,24,2023-10-27T22:50:51.833000+00:00,29.752,33.741,21.814,286.0,276,False,85.307,"[None, 2048, 2048, 2048, 2048, 2048, 2048, 2048]","[2048, 2048, 2048, 2048, 2048, 2048, 2048, 2048]","[2048, 2048, 2048, 2048, 2048]",327.0
1223,9175,14,25,2023-10-27T22:50:57.458000+00:00,29.723,33.184,22.229,274.0,276,False,85.136,"[None, 2048, 2048, 2048, 2048, 2048, 2048, 2048]","[2048, 2048, 2048, 2048, 2048, 2048, 2048, 2048]","[2048, 2048, 2048, 2048, 2048]",327.0
1223,9175,63,26,2023-10-27T22:51:06.739000+00:00,29.723,32.74,22.375,273.0,274,False,84.838,"[None, 2048, 2048, 2048, 2048, 2048, 2048, 2048]","[2048, 2048, 2048, 2048, 2048, 2048, 2048, 2048]","[2048, 2048, 2048, 2048, 2048]",313.0
1223,9175,11,25,2023-10-27T22:51:10.411000+00:00,29.356,33.057,21.979,289.0,276,False,84.392,"[None, 2048, 2048, 2048, 2048, 2048, 2048, 2048]","[2048, 2048, 2048, 2048, 2048, 2048, 2048, 2048]","[2048, 2048, 2048, 2048]",326.0
1223,9175,24,19,2023-10-27T22:51:13.458000+00:00,29.506,33.52,21.643,274.0,279,False,84.669,"[None, 2048, 2048, 2048, 2048, 2048, 2048, 2048]","[2048, 2048, 2048, 2048, 2048, 2048, 2048, 2048]","[2048, 2048, 2048, 2048]",325.0
1223,9175,4,23,2023-10-27T22:51:16.114000+00:00,29.27,32.51,21.508,283.0,280,False,83.288,"[None, 2048, 2048, 2048, 2048, 2048, 2048, 2048]","[2048, 2048, 2048, 2048, 2048, 2048, 2048, 2048]","[2048, 2048, 2048, 2048]",324.0
1223,9175,44,25,2023-10-27T22:51:19.895000+00:00,29.648,32.367,21.385,278.0,276,False,83.4,"[None, 2048, 2048, 2048, 2048, 2048, 2048, 2048]","[2048, 2048, 2048, 2048, 2048, 2048, 2048, 2048]","[2048, 2048, 2048, 2048, 2048]",318.0
1223,9175,3,24,2023-10-27T22:51:23.380000+00:00,29.557,32.737,21.929,285.0,277,False,84.223,"[None, 2048, 2048, 2048, 2048, 2048, 2048, 2048]","[2048, 2048, 2048, 2048, 2048, 2048, 2048, 2048]","[2048, 2048, 2048, 2048, 2048]",323.0
1223,9175,23,23,2023-10-27T22:51:25.692000+00:00,29.375,35.425,27.108,277.0,231,False,91.908,"[None, 2048, 2048, 2048, 2048, 2048, 2048, 2048]","[2048, 2048, 2048, 2048, 2048, 2048, 2048, 2048]","[2048, 2048, 2048, 2048, 2064]",329.0
1223,9175,77,26,2023-10-27T22:51:33.130000+00:00,29.465,32.743,21.639,,277,False,83.847,"[None, 2048, 2048, 2048, 2048, 2048, 2048, 2048]","[2048, 2048, 2048, 2048, 2048, 2048, 2048, 2048]","[2048, 2048, 2048, 2048, 2048]",
1223,9175,1,23,2023-10-27T22:51:38.333000+00:00,29.443,33.656,25.905,,278,False,89.004,"[None, 2048, 2048, 2048, 2048, 2048, 2048, 2048]","[2048, 2048, 2048, 2048, 2048, 2048, 2048, 2048]","[2048, 2048, 2048, 2048, 2064]",321.0
1223,9175,31,24,2023-10-27T22:51:45.458000+00:00,29.601,34.814,22.059,283.0,271,False,86.474,"[None, 2048, 2048, 2048, 2048, 2048, 2048, 2048]","[2048, 2048, 2048, 2048, 2048, 2048, 2048, 2048]","[2048, 2048, 2048, 2048, 2048]",316.0
1223,9175,81,24,2023-10-27T22:51:50.004000+00:00,29.408,32.674,21.655,,280,False,83.737,"[None, 2048, 2048, 2048, 2048, 2048, 2048, 2048]","[2048, 2048, 2048, 2048, 2048, 2048, 2048, 2048]","[2048, 2048, 2048, 2048]",320.0
1223,9175,20,26,2023-10-27T22:51:53.770000+00:00,31.143,34.666,22.884,274.0,277,False,88.693,"[None, 2048, 2048, 2048, 2048, 2048, 2048, 2048]","[2048, 2048, 2048, 2048, 2048, 2048, 2048, 2048]","[2048, 2048, 2048, 2048, 2048]",328.0
1223,9175,10,24,2023-10-27T22:51:54.239000+00:00,29.902,33.589,21.762,291.0,275,False,85.253,"[None, 2048, 2049, 2049, 2048, 2048, 2048, 2048]","[2048, 2048, 2048, 2048, 2048, 2048, 2048, 2048]","[2048, 2048, 2048, 2048, 2048]",348.0
1223,9175,22,27,2023-10-27T22:51:57.661000+00:00,29.358,33.654,22.057,291.0,286,False,85.069,"[None, 2048, 2048, 2048, 2048, 2048, 2048, 2048]","[2048, 2048, 2048, 2048, 2048, 2048, 2048, 2048]","[2048, 2048, 2048, 2048, 2048]",
1223,9175,2,26,2023-10-27T22:52:02.582000+00:00,31.161,43.867,31.875,241.0,253,False,106.903,"[None, 2048, 2048, 2048, 2048, 2048, 2048, 2048]","[2048, 2048, 2048, 2048, 2048, 2048, 2048, 2048]","[2048, 2048, 2048, 2048, 2064]",
1223,9175,16,26,2023-10-27T22:52:07.957000+00:00,29.89,33.217,21.777,290.0,276,False,84.884,"[None, 2048, 2048, 2048, 2048, 2048, 2048, 2048]","[2048, 2048, 2048, 2048, 2048, 2048, 2048, 2048]","[2048, 2048, 2048, 2048]",325.0
1223,9175,55,27,2023-10-27T22:52:12.239000+00:00,29.578,33.608,21.766,287.0,276,False,84.952,"[None, 2048, 2048, 2048, 2048, 2048, 2048, 2048]","[2048, 2048, 2048, 2048, 2048, 2048, 2048, 2048]","[2048, 2048, 2048, 2048, 2048]",
1223,9175,27,25,2023-10-27T22:52:17.160000+00:00,29.627,33.759,21.905,288.0,279,False,85.291,"[None, 2048, 2048, 2048, 2048, 2048, 2048, 2048]","[2048, 2048, 2048, 2048, 2048, 2048, 2048, 2048]","[2048, 2048, 2048, 2048, 2048]",329.0
1223,9175,14,26,2023-10-27T22:52:22.567000+00:00,29.776,33.574,22.156,276.0,275,False,85.506,"[None, 2048, 2048, 2048, 2048, 2048, 2048, 2048]","[2048, 2048, 2048, 2048, 2048, 2048, 2048, 2048]","[2048, 2048, 2048, 2048]",
1223,9175,18,14,2023-10-27T22:52:28.176000+00:00,28.287,40.13,30.844,309.0,227,False,99.261,"[2049, 2049, 2049, 2049, 2048, 2048, 2049, 2049]","[2048, 2048, 2048, 2048, 2048, 2048, 2048, 2048]","[2048, 2048, 2048, 2048, 2064]",344.0
1223,9175,63,27,2023-10-27T22:52:31.535000+00:00,29.912,34.05,22.037,260.0,271,False,85.999,"[None, 2048, 2048, 2048, 2048, 2048, 2048, 2048]","[2048, 2048, 2048, 2048, 2048, 2048, 2048, 2048]","[2048, 2048, 2048, 2048]",319.0
1223,9175,11,26,2023-10-27T22:52:34.785000+00:00,29.593,33.644,27.533,,276,False,90.77,"[None, 2048, 2048, 2048, 2048, 2048, 2048, 2048]","[2048, 2048, 2048, 2048, 2048, 2048, 2048, 2048]","[2048, 2048, 2048, 2048, 2064]",328.0
1223,9175,24,20,2023-10-27T22:52:38.129000+00:00,29.432,33.586,22.224,258.0,274,False,85.242,"[None, 2048, 2048, 2048, 2048, 2048, 2048, 2048]","[2048, 2048, 2048, 2048, 2048, 2048, 2048, 2048]","[2048, 2048, 2048, 2048]",326.0
1223,9175,4,24,2023-10-27T22:52:39.426000+00:00,29.198,32.718,22.371,292.0,286,False,84.287,"[None, 2048, 2048, 2048, 2048, 2048, 2048, 2048]","[2048, 2048, 2048, 2048, 2048, 2048, 2048, 2048]","[2048, 2048, 2048, 2048, 2048]",326.0
1223,9175,44,26,2023-10-27T22:52:43.301000+00:00,29.714,33.017,21.578,,274,False,84.309,"[None, 2048, 2048, 2048, 2048, 2048, 2048, 2048]","[2048, 2048, 2048, 2048, 2048, 2048, 2048, 2048]","[2048, 2048, 2048, 2048]",
1223,9175,3,25,2023-10-27T22:52:47.629000+00:00,29.472,32.888,22.136,288.0,275,False,84.496,"[None, 2048, 2048, 2048, 2048, 2048, 2048, 2048]","[2048, 2048, 2048, 2048, 2048, 2048, 2048, 2048]","[2048, 2048, 2048, 2048, 2048]",324.0
1223,9175,77,27,2023-10-27T22:52:56.988000+00:00,29.475,33.195,21.95,270.0,274,False,84.62,"[None, 2048, 2048, 2048, 2048, 2048, 2048, 2048]","[2048, 2048, 2048, 2048, 2048, 2048, 2048, 2048]","[2048, 2048, 2048, 2048, 2048]",323.0
1223,9175,31,25,2023-10-27T22:53:11.863000+00:00,29.579,32.906,21.723,285.0,273,False,84.208,"[None, 2048, 2048, 2048, 2048, 2048, 2048, 2048]","[2048, 2048, 2048, 2048, 2048, 2048, 2048, 2048]","[2048, 2048, 2048, 2048, 2048]",
1223,9175,81,25,2023-10-27T22:53:13.769000+00:00,29.512,32.942,21.753,288.0,275,False,84.207,"[None, 2048, 2048, 2048, 2048, 2048, 2048, 2048]","[2048, 2048, 2048, 2048, 2048, 2048, 2048, 2048]","[2048, 2048, 2048, 2048]",324.0
1223,9175,10,25,2023-10-27T22:53:19.503000+00:00,29.633,32.96,21.787,287.0,274,False,84.38,"[None, 2048, 2048, 2048, 2048, 2048, 2048, 2048]","[2048, 2048, 2048, 2048, 2048, 2048, 2048, 2048]","[2048, 2048, 2048, 2048, 2048]",320.0
1223,9175,20,27,2023-10-27T22:53:22.488000+00:00,30.374,36.69,29.517,286.0,251,False,96.581,"[None, 2048, 2048, 2048, 2048, 2048, 2048, 2048]","[2048, 2048, 2048, 2048, 2048, 2048, 2048, 2048]","[2048, 2048, 2048, 2048, 2064]",330.0
1223,9175,22,28,2023-10-27T22:53:22.691000+00:00,29.099,33.622,21.945,287.0,276,False,84.666,"[None, 2049, 2049, 2048, 2048, 2048, 2048, 2048]","[2048, 2048, 2048, 2048, 2048, 2048, 2048, 2048]","[2048, 2048, 2048, 2048, 2048]",345.0
1223,9175,16,27,2023-10-27T22:53:32.769000+00:00,29.705,33.001,21.998,,276,False,84.704,"[None, 2048, 2048, 2048, 2048, 2048, 2048, 2048]","[2048, 2048, 2048, 2048, 2048, 2048, 2048, 2048]","[2048, 2048, 2048, 2048]",323.0
1223,9175,55,28,2023-10-27T22:53:37.206000+00:00,29.667,32.801,21.711,288.0,276,False,84.179,"[None, 2048, 2048, 2048, 2048, 2048, 2048, 2048]","[2048, 2048, 2048, 2048, 2048, 2048, 2048, 2048]","[2048, 2048, 2048, 2048]",
1223,9175,27,26,2023-10-27T22:53:42.503000+00:00,30.203,35.971,26.148,269.0,274,False,92.322,"[None, 2048, 2048, 2048, 2048, 2048, 2048, 2048]","[2048, 2048, 2048, 2048, 2048, 2048, 2048, 2048]","[2048, 2048, 2048, 2048, 2064]",328.0
1223,9175,14,27,2023-10-27T22:53:48.081000+00:00,29.957,35.362,29.046,,227,False,94.365,"[None, 2048, 2048, 2048, 2048, 2048, 2048, 2048]","[2048, 2048, 2048, 2048, 2048, 2048, 2048, 2048]","[2048, 2048, 2048, 2048, 2064]",326.0
1223,9175,63,28,2023-10-27T22:53:57.534000+00:00,31.682,42.348,30.428,183.0,192,False,104.458,"[None, 2048, 2048, 2048, 2048, 2048, 2048, 2048]","[2048, 2048, 2048, 2048, 2048, 2048, 2048, 2048]","[2048, 2048, 2048, 2048, 2064]",316.0
1223,9175,24,21,2023-10-27T22:54:03.409000+00:00,30.287,34.274,22.055,272.0,274,False,86.616,"[None, 2048, 2048, 2048, 2048, 2048, 2048, 2048]","[2048, 2048, 2048, 2048, 2048, 2048, 2048, 2048]","[2048, 2048, 2048, 2048]",295.0
1223,9175,4,25,2023-10-27T22:54:03.722000+00:00,29.107,32.453,21.719,288.0,277,False,83.279,"[2049, 2049, 2048, 2048, 2048, 2048, 2048, 2048]","[2048, 2048, 2048, 2048, 2048, 2048, 2048, 2048]","[2048, 2048, 2048, 2048, 2048]",329.0
1223,9175,44,27,2023-10-27T22:54:08.065000+00:00,29.903,41.323,29.562,273.0,177,False,100.788,"[None, 2048, 2048, 2048, 2048, 2048, 2048, 2048]","[2048, 2048, 2048, 2048, 2048, 2048, 2048, 2048]","[2048, 2048, 2048, 2048, 2064]",315.0
1223,9175,3,26,2023-10-27T22:54:12.112000+00:00,29.217,32.882,22.529,290.0,281,False,84.628,"[None, 2048, 2048, 2048, 2048, 2048, 2048, 2048]","[2048, 2048, 2048, 2048, 2048, 2048, 2048, 2048]","[2048, 2048, 2048, 2048, 2048]",339.0
1223,9175,77,28,2023-10-27T22:54:21.597000+00:00,29.806,32.924,22.217,289.0,274,False,84.947,"[None, 2048, 2048, 2048, 2048, 2048, 2048, 2048]","[2048, 2048, 2048, 2048, 2048, 2048, 2048, 2048]","[2048, 2048, 2048, 2048, 2048]",321.0
1223,9175,31,26,2023-10-27T22:54:36.065000+00:00,,32.964,25.564,283.0,270,False,88.107,"[None, 2048, 2048, 2048, 2048, 2048, 2048, 2048]","[2048, 2048, 2048, 2048, 2048, 2048, 2048, 2048]","[2048, 2048, 2048, 2048, 2064]",315.0
1223,9175,81,26,2023-10-27T22:54:38.128000+00:00,29.672,33.495,26.533,272.0,236,False,89.7,"[None, 2048, 2048, 2048, 2048, 2048, 2048, 2048]","[2048, 2048, 2048, 2048, 2048, 2048, 2048, 2048]","[2048, 2048, 2048, 2048, 2064]",323.0
1223,9175,10,26,2023-10-27T22:54:43.924000+00:00,30.011,33.31,26.23,284.0,275,False,89.551,"[None, 2048, 2048, 2048, 2048, 2048, 2048, 2048]","[2048, 2048, 2048, 2048, 2048, 2048, 2048, 2048]","[2048, 2048, 2048, 2048, 2064]",319.0
1223,9175,22,29,2023-10-27T22:54:47.378000+00:00,29.592,33.049,21.967,292.0,276,False,84.608,"[None, 2048, 2048, 2048, 2048, 2048, 2048, 2048]","[2048, 2048, 2048, 2048, 2048, 2048, 2048, 2048]","[2048, 2048, 2048, 2048]",326.0
1223,9175,16,28,2023-10-27T22:54:57.471000+00:00,29.767,32.822,22.072,289.0,277,False,84.661,"[None, 2048, 2048, 2048, 2048, 2048, 2048, 2048]","[2048, 2048, 2048, 2048, 2048, 2048, 2048, 2048]","[2048, 2048, 2048, 2048]",322.0
1223,9175,55,29,2023-10-27T22:55:01.377000+00:00,29.639,32.618,25.046,289.0,277,False,87.303,"[None, 2048, 2048, 2048, 2048, 2048, 2048, 2048]","[2048, 2048, 2048, 2048, 2048, 2048, 2048, 2048]","[2048, 2048, 2048, 2048, 2048]",322.0
1223,9175,4,26,2023-10-27T22:55:27.033000+00:00,29.662,32.18,21.682,279.0,277,False,83.524,"[2048, 2048, 2048, 2048, 2048, 2048, 2048, 2048]","[2048, 2048, 2048, 2048, 2048, 2048, 2048, 2048]","[2048, 2048, 2048, 2048, 2048]",316.0
1223,9175,24,22,2023-10-27T22:55:29.986000+00:00,29.98,33.006,21.931,287.0,275,False,84.917,"[None, 2048, 2048, 2048, 2048, 2048, 2048, 2048]","[2048, 2048, 2048, 2048, 2048, 2048, 2048, 2048]","[2048, 2048, 2048, 2048, 2048]",321.0
1223,9175,3,27,2023-10-27T22:55:36.752000+00:00,29.322,36.182,27.988,279.0,249,False,93.492,"[None, 2048, 2048, 2048, 2048, 2048, 2048, 2048]","[2048, 2048, 2048, 2048, 2048, 2048, 2048, 2048]","[2048, 2048, 2048, 2048, 2064]",338.0
1223,9175,77,29,2023-10-27T22:55:46.580000+00:00,29.892,32.989,22.526,292.0,274,False,85.407,"[None, 2048, 2048, 2048, 2048, 2048, 2048, 2048]","[2048, 2048, 2048, 2048, 2048, 2048, 2048, 2048]","[2048, 2048, 2048, 2048, 2048]",320.0
1223,9175,22,30,2023-10-27T22:56:12.002000+00:00,29.473,32.579,21.641,293.0,276,False,83.693,"[None, 2048, 2048, 2048, 2048, 2048, 2048, 2048]","[2048, 2048, 2048, 2048, 2048, 2048, 2048, 2048]","[2048, 2048, 2048, 2048, 2048]",324.0
1223,9175,16,29,2023-10-27T22:56:22.126000+00:00,29.789,32.946,24.896,,276,False,87.631,"[None, 2048, 2048, 2048, 2048, 2048, 2048, 2048]","[2048, 2048, 2048, 2048, 2048, 2048, 2048, 2048]","[2048, 2048, 2048, 2048]",321.0
1223,9175,55,30,2023-10-27T22:56:28.673000+00:00,29.962,32.894,21.951,284.0,276,False,84.807,"[None, 2048, 2048, 2048, 2048, 2048, 2048, 2048]","[2048, 2048, 2048, 2048, 2048, 2048, 2048, 2048]","[2048, 2048, 2048, 2048]",315.0
1223,9175,81,27,2023-10-27T22:56:35.126000+00:00,56.578,31.825,21.206,289.0,278,True,109.609,"[None, 2064, 2048, 2048, 2048, 2048, 2048, 2048]","[2048, 2048, 2048, 2048, 2048, 2048, 2048, 2048]","[2048, 2048, 2048, 2048, 2048]",301.0
1223,9175,4,27,2023-10-27T22:56:50.517000+00:00,29.322,32.149,21.548,274.0,278,False,83.019,"[None, 2048, 2048, 2048, 2048, 2048, 2048, 2048]","[2048, 2048, 2048, 2048, 2048, 2048, 2048, 2048]","[2048, 2048, 2048, 2048]",320.0
1223,9175,24,23,2023-10-27T22:56:54.892000+00:00,29.755,32.772,21.611,288.0,275,False,84.138,"[None, 2048, 2048, 2048, 2048, 2048, 2048, 2048]","[2048, 2048, 2048, 2048, 2048, 2048, 2048, 2048]","[2048, 2048, 2048, 2048, 2048]",318.0
1223,9175,77,30,2023-10-27T22:57:11.954000+00:00,29.95,33.033,22.447,291.0,273,False,85.43,"[None, 2048, 2048, 2048, 2048, 2048, 2048, 2048]","[2048, 2048, 2048, 2048, 2048, 2048, 2048, 2048]","[2048, 2048, 2048, 2048, 2048]",319.0
1223,9175,3,28,2023-10-27T22:57:29.501000+00:00,70.785,45.537,24.659,168.0,264,True,140.981,"[None, 2064, 2048, 2048, 2048, 2048, 2048, 2048]","[2048, 2048, 2048, 2048, 2048, 2048, 2048, 2048]","[2048, 2048, 2048, 2048]",278.0
1223,9175,22,31,2023-10-27T22:57:35.688000+00:00,29.588,32.599,21.715,288.0,276,False,83.902,"[None, 2048, 2048, 2048, 2048, 2048, 2048, 2048]","[2048, 2048, 2048, 2048, 2048, 2048, 2048, 2048]","[2048, 2048, 2048, 2048, 2048]",323.0
1223,9175,16,30,2023-10-27T22:57:49.797000+00:00,29.787,32.997,22.161,293.0,276,False,84.945,"[None, 2048, 2048, 2048, 2048, 2048, 2048, 2048]","[2048, 2048, 2048, 2048, 2048, 2048, 2048, 2048]","[2048, 2048, 2048, 2048]",
1223,9175,55,31,2023-10-27T22:57:53.469000+00:00,29.789,32.975,21.942,285.0,276,False,84.706,"[None, 2048, 2048, 2048, 2048, 2048, 2048, 2048]","[2048, 2048, 2048, 2048, 2048, 2048, 2048, 2048]","[2048, 2048, 2048, 2048]",318.0
1223,9175,81,28,2023-10-27T22:57:57.266000+00:00,29.333,31.436,21.129,284.0,278,False,81.898,"[2048, 2048, 2048, 2048, 2048, 2048, 2048, 2048]","[2048, 2048, 2048, 2048, 2048, 2048, 2048, 2048]","[2048, 2048, 2048, 2048, 2048]",318.0
1223,9175,4,28,2023-10-27T22:58:13.563000+00:00,29.414,32.34,21.585,282.0,276,False,83.339,"[None, 2048, 2048, 2048, 2048, 2048, 2048, 2048]","[2048, 2048, 2048, 2048, 2048, 2048, 2048, 2048]","[2048, 2048, 2048, 2048, 2048]",317.0
1223,9175,24,24,2023-10-27T22:58:19.047000+00:00,29.675,32.477,21.67,,275,False,83.822,"[None, 2048, 2048, 2048, 2048, 2048, 2048, 2048]","[2048, 2048, 2048, 2048, 2048, 2048, 2048, 2048]","[2048, 2048, 2048, 2048, 2048]",317.0
1223,9175,1,24,2023-10-27T22:58:23.891000+00:00,,33.387,32.625,247.0,258,True,417.215,"[2064, 2064, 2048, 2048, 2048, 2048, 2048, 2048]","[2048, 2048, 2048, 2048, 2048, 2048, 2048, 2048]","[2048, 2048, 2048, 2048, 2048]",246.0
1223,9175,11,27,2023-10-27T22:58:30.328000+00:00,,33.49,22.635,272.0,260,True,361.374,"[None, 2064, 2048, 2048, 2048, 2048, 2048, 2048]","[2048, 2048, 2048, 2048, 2048, 2048, 2048, 2048]","[2048, 2048, 2048, 2048, 2048]",300.0
1223,9175,77,31,2023-10-27T22:58:37.406000+00:00,30.131,33.353,23.217,290.0,274,False,86.701,"[None, 2048, 2048, 2048, 2048, 2048, 2048, 2048]","[2048, 2048, 2048, 2048, 2048, 2048, 2048, 2048]","[2048, 2048, 2048, 2048, 2048]",
1223,9175,20,28,2023-10-27T22:58:38.906000+00:00,,33.31,21.82,280.0,280,True,317.016,"[None, 2064, 2048, 2048, 2048, 2048, 2048, 2048]","[2048, 2048, 2048, 2048, 2048, 2048, 2048, 2048]","[2048, 2048, 2048, 2048]",306.0
1223,9175,44,28,2023-10-27T22:58:52.281000+00:00,,33.969,22.023,257.0,263,True,289.808,"[None, 2064, 2048, 2048, 2048, 2048, 2048, 2048]","[2048, 2048, 2048, 2048, 2048, 2048, 2048, 2048]","[2048, 2048, 2048, 2048]",262.0
1223,9175,31,27,2023-10-27T22:58:56.109000+00:00,,34.535,22.309,241.0,265,True,264.312,"[None, 2064, 2048, 2048, 2048, 2048, 2048, 2048]","[2048, 2048, 2048, 2048, 2048, 2048, 2048, 2048]","[2048, 2048, 2048, 2048, 2048]",229.0
1223,9175,22,32,2023-10-27T22:58:59.578000+00:00,29.683,33.059,21.788,,275,False,84.53,"[None, 2048, 2048, 2048, 2048, 2048, 2048, 2048]","[2048, 2048, 2048, 2048, 2048, 2048, 2048, 2048]","[2048, 2048, 2048, 2048, 2048]",
1223,9175,18,15,2023-10-27T22:59:12.390000+00:00,,39.841,24.279,210.0,265,True,403.472,"[2064, 2064, 2048, 2048, 2048, 2048, 2048, 2048]","[2048, 2048, 2048, 2048, 2048, 2048, 2048, 2048]","[2048, 2048, 2048, 2048, 2048]",267.0
1223,9175,27,27,2023-10-27T22:59:13.593000+00:00,,38.12,24.284,185.0,259,True,336.968,"[None, 2064, 2048, 2048, 2048, 2048, 2048, 2048]","[2048, 2048, 2048, 2048, 2048, 2048, 2048, 2048]","[2048, 2048, 2048, 2048, 2048]",203.0
1223,9175,16,31,2023-10-27T22:59:14.734000+00:00,30.465,33.624,22.354,289.0,275,False,86.443,"[None, 2048, 2048, 2048, 2048, 2048, 2048, 2048]","[2048, 2048, 2048, 2048, 2048, 2048, 2048, 2048]","[2048, 2048, 2048, 2048]",
1223,9175,55,32,2023-10-27T22:59:18.218000+00:00,29.938,33.694,21.96,287.0,275,False,85.592,"[None, 2048, 2048, 2048, 2048, 2048, 2048, 2048]","[2048, 2048, 2048, 2048, 2048, 2048, 2048, 2048]","[2048, 2048, 2048, 2048]",316.0
1223,9175,14,28,2023-10-27T22:59:18.968000+00:00,,36.528,24.292,201.0,245,True,331.361,"[2064, 2064, 2048, 2048, 2048, 2048, 2048, 2048]","[2048, 2048, 2048, 2048, 2048, 2048, 2048, 2048]","[2048, 2048, 2048, 2048, 2048]",212.0
1223,9175,81,29,2023-10-27T22:59:19.203000+00:00,29.382,35.19,23.364,270.0,237,False,87.936,"[None, 2048, 2048, 2048, 2048, 2048, 2048, 2048]","[2048, 2048, 2048, 2048, 2048, 2048, 2048, 2048]","[2048, 2048, 2048, 2048, 2048]",324.0
1223,9175,63,29,2023-10-27T22:59:22.187000+00:00,,38.967,25.534,110.0,255,True,334.372,"[None, 2064, 2048, 2048, 2048, 2048, 2048, 2048]","[2048, 2048, 2048, 2048, 2048, 2048, 2048, 2048]","[2048, 2048, 2048, 2048, 2048]",195.0
1223,9175,10,27,2023-10-27T22:59:28.078000+00:00,,35.941,24.572,265.0,253,True,302.489,"[None, 2064, 2048, 2048, 2048, 2048, 2048, 2048]","[2048, 2048, 2048, 2048, 2048, 2048, 2048, 2048]","[2048, 2048, 2048, 2048, 2048]",297.0
1223,9175,3,29,2023-10-27T22:59:31.234000+00:00,30.105,34.672,23.44,278.0,271,False,88.217,"[2048, 2048, 2048, 2048, 2048, 2048, 2048, 2048]","[2048, 2048, 2048, 2048, 2048, 2048, 2048, 2048]","[2048, 2048, 2048, 2048]",320.0
1223,9175,4,29,2023-10-27T22:59:36.874000+00:00,32.738,37.125,23.747,187.0,229,False,93.61,"[None, 2048, 2048, 2048, 2048, 2048, 2048, 2048]","[2048, 2048, 2048, 2048, 2048, 2048, 2048, 2048]","[2048, 2048, 2048, 2048, 2048]",244.0
1223,9175,24,25,2023-10-27T22:59:42.890000+00:00,29.649,32.661,21.507,293.0,275,False,83.817,"[None, 2048, 2048, 2048, 2048, 2048, 2048, 2048]","[2048, 2048, 2048, 2048, 2048, 2048, 2048, 2048]","[2048, 2048, 2048, 2048, 2048]",320.0
1223,9175,77,32,2023-10-27T23:00:04.077000+00:00,33.197,36.326,28.327,237.0,226,False,97.85,"[None, 2048, 2048, 2048, 2048, 2048, 2048, 2048]","[2048, 2048, 2048, 2048, 2048, 2048, 2048, 2048]","[2048, 2048, 2048, 2048]",317.0
1223,9175,1,25,2023-10-27T23:00:04.562000+00:00,32.312,32.837,26.809,264.0,262,False,91.958,"[2048, 2048, 2048, 2048, 2048, 2048, 2048, 2048]","[2048, 2048, 2048, 2048, 2048, 2048, 2048, 2048]","[2048, 2048, 2048, 2048, 2048]",290.0
1223,9175,11,28,2023-10-27T23:00:06.921000+00:00,33.459,35.791,28.652,206.0,260,False,97.902,"[2048, 2048, 2048, 2048, 2048, 2048, 2048, 2048]","[2048, 2048, 2048, 2048, 2048, 2048, 2048, 2048]","[2048, 2048, 2048, 2048, 2048]",290.0
1223,9175,20,29,2023-10-27T23:00:16.077000+00:00,29.309,37.141,28.255,273.0,248,False,94.705,"[2048, 2048, 2048, 2048, 2048, 2048, 2048, 2048]","[2048, 2048, 2048, 2048, 2048, 2048, 2048, 2048]","[2048, 2048, 2048, 2048]",326.0
1223,9175,22,33,2023-10-27T23:00:24.093000+00:00,33.914,35.302,29.589,259.0,259,False,98.805,"[None, 2048, 2048, 2048, 2048, 2048, 2048, 2048]","[2048, 2048, 2048, 2048, 2048, 2048, 2048, 2048]","[2048, 2048, 2048, 2048]",235.0
1223,9175,31,28,2023-10-27T23:00:28.499000+00:00,30.601,36.716,31.166,230.0,232,False,98.483,"[2048, 2048, 2048, 2048, 2048, 2048, 2048, 2048]","[2048, 2048, 2048, 2048, 2048, 2048, 2048, 2048]","[2048, 2048, 2048, 2048]",304.0
1223,9175,44,29,2023-10-27T23:00:38.217000+00:00,38.401,39.048,27.129,178.0,204,False,104.578,"[2048, 2048, 2048, 2048, 2048, 2048, 2048, 2048]","[2048, 2048, 2048, 2048, 2048, 2048, 2048, 2048]","[2048, 2048, 2048, 2048, 2048]",200.0
1223,9175,16,32,2023-10-27T23:00:41.139000+00:00,41.056,39.816,29.222,176.0,215,False,110.094,"[None, 2048, 2048, 2048, 2048, 2048, 2048, 2048]","[2048, 2048, 2048, 2048, 2048, 2048, 2048, 2048]","[2048, 2048, 2048, 2048, 2048]",175.0
1223,9175,55,33,2023-10-27T23:00:43.780000+00:00,41.044,41.267,31.658,186.0,208,False,113.969,"[None, 2048, 2048, 2048, 2048, 2048, 2048, 2048]","[2048, 2048, 2048, 2048, 2048, 2048, 2048, 2048]","[2048, 2048, 2048, 2048, 2048]",183.0
1223,9175,81,30,2023-10-27T23:00:47.092000+00:00,35.175,41.015,29.889,186.0,243,False,106.079,"[None, 2048, 2048, 2048, 2048, 2048, 2048, 2048]","[2048, 2048, 2048, 2048, 2048, 2048, 2048, 2048]","[2048, 2048, 2048, 2048, 2048]",209.0
1223,9175,18,16,2023-10-27T23:00:51.014000+00:00,36.284,40.667,34.118,144.0,206,False,111.069,"[2048, 2048, 2048, 2048, 2048, 2048, 2048, 2048]","[2048, 2048, 2048, 2048, 2048, 2048, 2048, 2048]","[2048, 2048, 2048, 2048]",254.0
1223,9175,27,28,2023-10-27T23:00:51.717000+00:00,33.251,36.676,26.708,245.0,258,False,96.635,"[2048, 2048, 2048, 2048, 2048, 2048, 2048, 2048]","[2048, 2048, 2048, 2048, 2048, 2048, 2048, 2048]","[2048, 2048, 2048, 2048]",281.0
1223,9175,14,29,2023-10-27T23:00:53.795000+00:00,34.967,40.964,35.384,175.0,194,False,111.315,"[2048, 2048, 2048, 2048, 2048, 2048, 2048, 2048]","[2048, 2048, 2048, 2048, 2048, 2048, 2048, 2048]","[2048, 2048, 2048, 2048]",206.0
1223,9175,3,30,2023-10-27T23:00:59.420000+00:00,34.084,38.219,35.373,207.0,236,False,107.676,"[None, 2048, 2048, 2048, 2048, 2048, 2048, 2048]","[2048, 2048, 2048, 2048, 2048, 2048, 2048, 2048]","[2048, 2048, 2048, 2048, 2048]",250.0
1223,9175,24,26,2023-10-27T23:01:06.655000+00:00,33.926,47.969,32.148,156.0,195,False,114.043,"[None, 2048, 2048, 2048, 2048, 2048, 2048, 2048]","[2048, 2048, 2048, 2048, 2048, 2048, 2048, 2048]","[2048, 2048, 2048, 2048]",321.0
1223,9175,4,30,2023-10-27T23:01:10.467000+00:00,32.898,37.593,28.892,231.0,248,False,99.383,"[None, 2048, 2048, 2048, 2048, 2048, 2048, 2048]","[2048, 2048, 2048, 2048, 2048, 2048, 2048, 2048]","[2048, 2048, 2048, 2048, 2048]",226.0
1223,9175,10,28,2023-10-27T23:01:15.967000+00:00,33.07,36.742,31.007,225.0,254,False,100.819,"[2048, 2048, 2048, 2048, 2048, 2048, 2048, 2048]","[2048, 2048, 2048, 2048, 2048, 2048, 2048, 2048]","[2048, 2048, 2048, 2048, 2048]",316.0
1223,9175,63,30,2023-10-27T23:01:16.373000+00:00,37.069,37.442,34.879,174.0,230,False,109.39,"[2048, 2048, 2048, 2048, 2048, 2048, 2048, 2048]","[2048, 2048, 2048, 2048, 2048, 2048, 2048, 2048]","[2048, 2048, 2048, 2048, 2048]",268.0
1223,9175,1,26,2023-10-27T23:01:36.561000+00:00,59.77,35.512,29.121,255.0,252,False,124.403,"[None, 2048, 2048, 2048, 2048, 2048, 2048, 2048]","[2048, 2048, 2048, 2048, 2048, 2048, 2048, 2048]","[2048, 2048, 2048, 2048, 2064]",307.0
1223,9175,77,33,2023-10-27T23:01:41.935000+00:00,54.93,39.604,31.871,246.0,236,False,126.405,"[None, 2048, 2048, 2048, 2048, 2048, 2048, 2048]","[2048, 2048, 2048, 2048, 2048, 2048, 2048, 2048]","[2048, 2048, 2048, 2048, 2064]",316.0
1223,9175,11,29,2023-10-27T23:01:44.873000+00:00,58.531,38.612,35.6,251.0,251,False,132.743,"[None, 2048, 2048, 2048, 2048, 2048, 2048, 2048]","[2048, 2048, 2048, 2048, 2048, 2048, 2048, 2048]","[2048, 2048, 2048, 2048, 2064]",309.0
1223,9175,20,30,2023-10-27T23:01:50.748000+00:00,60.008,42.516,34.096,254.0,206,False,136.62,"[None, 2048, 2048, 2048, 2048, 2048, 2048, 2048]","[2048, 2048, 2048, 2048, 2048, 2048, 2048, 2048]","[2048, 2048, 2048, 2048, 2064]",307.0
1223,9175,22,34,2023-10-27T23:02:02.904000+00:00,55.02,40.957,31.905,279.0,242,False,127.882,"[None, 2048, 2048, 2048, 2048, 2048, 2048, 2048]","[2048, 2048, 2048, 2048, 2048, 2048, 2048, 2048]","[2048, 2048, 2048, 2048, 2064]",310.0
1223,9175,31,29,2023-10-27T23:02:07.076000+00:00,65.802,44.0,31.724,199.0,171,False,141.526,"[None, 2048, 2048, 2048, 2048, 2048, 2048, 2048]","[2048, 2048, 2048, 2048, 2048, 2048, 2048, 2048]","[2048, 2048, 2048, 2048, 2064]",306.0
1223,9175,44,30,2023-10-27T23:02:22.794000+00:00,67.851,43.78,31.468,282.0,187,False,143.099,"[None, 2048, 2048, 2048, 2048, 2048, 2048, 2048]","[2048, 2048, 2048, 2048, 2048, 2048, 2048, 2048]","[2048, 2048, 2048, 2048, 2064]",301.0
1223,9175,27,29,2023-10-27T23:02:28.357000+00:00,63.594,42.221,28.966,271.0,247,False,134.781,"[None, 2048, 2048, 2048, 2048, 2048, 2048, 2048]","[2048, 2048, 2048, 2048, 2048, 2048, 2048, 2048]","[2048, 2048, 2048, 2048, 2064]",311.0
1223,9175,16,33,2023-10-27T23:02:31.232000+00:00,67.792,39.259,31.461,224.0,244,False,138.512,"[None, 2048, 2048, 2048, 2048, 2048, 2048, 2048]","[2048, 2048, 2048, 2048, 2048, 2048, 2048, 2048]","[2048, 2048, 2048, 2048, 2064]",240.0
1223,9175,81,31,2023-10-27T23:02:33.154000+00:00,71.246,38.446,29.361,202.0,257,False,139.053,"[None, 2048, 2048, 2048, 2048, 2048, 2048, 2048]","[2048, 2048, 2048, 2048, 2048, 2048, 2048, 2048]","[2048, 2048, 2048, 2048, 2064]",231.0
1223,9175,55,34,2023-10-27T23:02:37.716000+00:00,52.936,43.127,30.861,288.0,201,False,126.924,"[None, 2048, 2048, 2048, 2048, 2048, 2048, 2048]","[2048, 2048, 2048, 2048, 2048, 2048, 0, 0]","[2048, 2048, 2048, 2048, 2064]",312.0
1223,9175,18,17,2023-10-27T23:02:41.950000+00:00,59.352,43.333,32.584,181.0,231,False,135.269,"[None, 2048, 2048, 2048, 2048, 2048, 2048, 2048]","[2048, 2048, 2048, 2048, 2048, 2048, 2048, 2048]","[2048, 2048, 2048, 2048, 2064]",225.0
1223,9175,14,30,2023-10-27T23:02:45.169000+00:00,61.784,38.541,33.865,284.0,183,False,134.19,"[None, 2048, 2048, 2048, 2048, 2048, 2048, 2048]","[2048, 2048, 2048, 2048, 2048, 2048, 2048, 2048]","[2048, 2048, 2048, 2048, 2064]",308.0
1223,9175,3,31,2023-10-27T23:02:47.169000+00:00,68.306,42.318,33.539,211.0,249,False,144.163,"[None, 2048, 2048, 2048, 2048, 2048, 2048, 2048]","[2048, 2048, 2048, 2048, 2048, 2048, 2048, 2048]","[2048, 2048, 2048, 2048, 2064]",247.0
1223,9175,4,31,2023-10-27T23:02:49.825000+00:00,63.008,38.652,36.159,161.0,145,False,137.819,"[None, 2048, 2048, 2048, 2048, 2048, 2048, 2048]","[2048, 2048, 2048, 2048, 2048, 2048, 2048, 2048]","[2048, 2048, 2048, 2048, 2064]",282.0
1223,9175,10,29,2023-10-27T23:02:56.857000+00:00,63.213,40.363,34.721,233.0,233,False,138.297,"[None, 2048, 2048, 2048, 2048, 2048, 2048, 2048]","[2048, 2048, 2048, 2048, 2048, 2048, 2048, 2048]","[2048, 2048, 2048, 2048, 2064]",310.0
1223,9175,24,27,2023-10-27T23:03:00.700000+00:00,57.651,40.558,33.84,193.0,242,False,132.049,"[None, 2048, 2048, 2048, 2048, 2048, 2048, 2048]","[2048, 2048, 2048, 2048, 2048, 2048, 2048, 2048]","[2048, 2048, 2048, 2048, 2064]",278.0
1223,9175,63,31,2023-10-27T23:03:05.810000+00:00,62.243,39.546,32.475,210.0,229,False,134.264,"[None, 2048, 2048, 2048, 2048, 2048, 2048, 2048]","[2048, 2048, 2048, 2048, 2048, 2048, 2048, 2048]","[2048, 2048, 2048, 2048, 2064]",252.0
