meeting_key,session_key,driver_number,lap_number,date_start,duration_sector_1,duration_sector_2,duration_sector_3,i1_speed,i2_speed,is_pit_out_lap,lap_duration,segments_sector_1,segments_sector_2,segments_sector_3,st_speed
1252,9461,14,1,,,51.091,36.672,268.0,260.0,True,,"[2064, 2064, 2064, 2064, 2049]","[2049, 2049, 2049, 2049, 2049, 2049, 2049, 2049, 2049]","[2051, 2051, 2051, 2049, 2051, 2051, 2051, 2051, 2051]",258.0
1252,9461,34,1,2024-12-06T09:30:07.840000+00:00,,53.088,36.111,114.0,256.0,True,,"[2064, 2064, 2064, 2064, 2049]","[2049, 2049, 2049, 2049, 2049, 2049, 2049, 2049, 2049]","[2049, 2049, 2049, 2051, 2051, 2051, 2051, 2051, 2049]",277.0
1252,9461,20,1,2024-12-06T09:30:09.255000+00:00,,45.785,42.556,255.0,212.0,True,,"[2064, 2064, 2064, 2064, 2051]","[2051, 2051, 2051, 2049, 2049, 2049, 2049, 2049, 2049]","[2049, 2049, 2049, 2049, 2049, 2049, 2049, 2049, 2051]",186.0
1252,9461,43,1,2024-12-06T09:30:18.919000+00:00,,58.776,47.756,265.0,139.0,True,,"[2064, 2064, 2064, 2064, 2049]","[2049, 2049, 2049, 2049, 2049, 2049, 2049, 2049, 2049]","[2049, 2049, 2049, 2049, 2049, 2049, 2049, 2064, 2064]",239.0
1252,9461,28,1,2024-12-06T09:30:22.555000+00:00,,53.18,44.378,231.0,215.0,True,,"[2064, 2064, 2064, 2064, 2049]","[2049, 2049, 2049, 2049, 2049, 2049, 2049, 2049, 2049]","[2049, 2049, 2049, 2049, 2049, 2049, 2049, 2064, 2064]",203.0
1252,9461,24,1,2024-12-06T09:30:28.471000+00:00,,45.739,44.741,237.0,230.0,True,,"[2064, 2064, 2064, 2064, 2049]","[2049, 2049, 2049, 2049, 2049, 2049, 2049, 2049, 2049]","[2049, 2049, 2049, 2049, 2049, 2049, 2049, 2064, 2064]",210.0
1252,9461,10,1,2024-12-06T09:30:40.903000+00:00,,47.548,42.144,198.0,253.0,True,,"[2064, 2064, 2064, 2064, 2049]","[2049, 2049, 2049, 2049, 2049, 2049, 2049, 2049, 2049]","[2049, 2049, 2049, 2051, 2049, 2049, 2049, 2064, 2064]",283.0
1252,9461,40,1,2024-12-06T09:30:46.316000+00:00,,53.854,41.879,223.0,181.0,True,,"[2064, 2064, 2064, 2064, 2049]","[2049, 2049, 2049, 2049, 2049, 2049, 2049, 2049, 2049]","[2049, 2049, 2049, 2049, 2049, 2049, 2049, 2049, 2049]",227.0
1252,9461,77,1,2024-12-06T09:30:48.816000+00:00,,42.586,39.621,234.0,234.0,True,,"[2064, 2064, 2064, 2064, 2049]","[2049, 2049, 2049, 2049, 2049, 2049, 2051, 2049, 2049]","[2049, 2049, 2049, 2049, 2049, 2049, 2049, 2049, 2049]",270.0
1252,9461,39,1,2024-12-06T09:30:52.597000+00:00,,52.28,44.906,204.0,189.0,True,,"[2064, 2064, 2064, 2064, 2049]","[2049, 2049, 2049, 2049, 2049, 2049, 2049, 2049, 2049]","[2049, 2049, 2049, 2049, 2049, 2049, 2049, 2049, 2049]",195.0
1252,9461,61,1,2024-12-06T09:30:56.160000+00:00,,53.166,44.619,199.0,194.0,True,,"[2064, 2064, 2064, 2064, 2049]","[2049, 2049, 2049, 2049, 2049, 2049, 2049, 2049, 2049]","[2049, 2049, 2049, 2049, 2049, 2049, 2049, 2064, 2064]",171.0
1252,9461,37,1,2024-12-06T09:31:04.481000+00:00,,51.677,50.751,250.0,232.0,True,,"[2064, 2064, 2064, 2064, 2049]","[2049, 2049, 2049, 2049, 2049, 2049, 2049, 2049, 2049]","[2049, 2049, 2049, 2049, 2049, 2049, 2049, 2049, 2049]",184.0
1252,9461,27,1,2024-12-06T09:31:08.840000+00:00,,44.855,41.306,243.0,241.0,True,,"[2064, 2064, 2064, 2064, 2049]","[2049, 2049, 2049, 2049, 2049, 2049, 2049, 2049, 2049]","[2049, 2049, 2049, 2049, 2049, 2051, 2049, 2049, 2049]",209.0
1252,9461,30,1,2024-12-06T09:31:14.037000+00:00,,45.202,47.506,252.0,286.0,True,,"[2064, 2064, 2064, 2064, 2049]","[2049, 2049, 2049, 2049, 2049, 2049, 2049, 2049, 2049]","[2049, 2049, 2049, 2049, 2049, 2049, 2049, 2064, 2064]",264.0
1252,9461,4,1,2024-12-06T09:31:31.564000+00:00,,44.427,53.123,250.0,290.0,True,,"[2064, 2064, 2064, 2064, 2049]","[2049, 2049, 2049, 2049, 2049, 2049, 2049, 2049, 2049]","[2049, 2049, 2049, 2049, 2049, 2049, 2049, 2049, 2049]",256.0
1252,9461,44,1,2024-12-06T09:31:53.303000+00:00,,48.353,40.312,249.0,209.0,True,,"[2064, 2064, 2064, 2064, 2049]","[2049, 2049, 2049, 2049, 2049, 2049, 2049, 2049, 2049]","[2049, 2049, 2049, 2049, 2049, 2049, 2049, 2049, 2049]",228.0
1252,9461,14,2,2024-12-06T09:31:54.076000+00:00,19.898,51.764,38.806,272.0,156.0,False,110.468,"[2049, 2049, 2049, 2049, 2049]","[2049, 2049, 2049, 2049, 2049, 2049, 2049, 2049, 2048]","[2049, 2049, 2049, 2048, 2049, 2049, 2049, 2064, 2064]",263.0
1252,9461,20,2,2024-12-06T09:32:05.660000+00:00,18.137,37.658,31.971,281.0,306.0,False,87.766,"[2051, 2051, 2049, 2051, 2051]","[2051, 2051, 2049, 2051, 2051, 2049, 2049, 2051, 2051]","[2051, 2051, 2051, 2051, 2051, 2051, 2051, 2051, 2048]",310.0
1252,9461,34,2,2024-12-06T09:32:08.933000+00:00,19.048,48.611,37.681,200.0,264.0,False,105.34,"[2049, 2049, 2049, 2049, 2049]","[2049, 2049, 2049, 2049, 2049, 2049, 2049, 2049, 2049]","[2049, 2049, 2049, 2049, 2049, 2049, 2048, 2064, 2064]",279.0
1252,9461,63,1,2024-12-06T09:32:10.463000+00:00,,44.624,40.987,251.0,257.0,True,,"[2064, 2064, 2064, 2064, 2049]","[2049, 2049, 2049, 2049, 2049, 2049, 2049, 2049, 2049]","[2049, 2049, 2049, 2049, 2049, 2049, 2049, 2049, 2051]",278.0
1252,9461,11,1,2024-12-06T09:32:39.173000+00:00,,42.599,37.164,241.0,287.0,True,,"[2064, 2064, 2064, 2064, 2049]","[2049, 2049, 2049, 2049, 2049, 2049, 2049, 2049, 2049]","[2049, 2049, 2049, 2049, 2049, 2049, 2049, 2049, 2049]",297.0
1252,9461,77,2,2024-12-06T09:32:43.154000+00:00,18.795,37.742,32.344,268.0,312.0,False,88.881,"[2049, 2049, 2049, 2049, 2049]","[2049, 2049, 2051, 2049, 2049, 2051, 2051, 2049, 2049]","[2049, 2049, 2049, 2049, 2049, 2049, 2051, 2049]",318.0
1252,9461,40,2,2024-12-06T09:32:56.335000+00:00,20.212,41.536,39.919,255.0,273.0,False,101.667,"[2049, 2049, 2049, 2049, 2049]","[2049, 2049, 2049, 2049, 2049, 2049, 2049, 2049, 2049]","[2049, 2049, 2049, 2049, 2049, 2049, 2049, 2064, 2064]",278.0
1252,9461,39,2,2024-12-06T09:33:05.384000+00:00,19.562,39.479,34.645,270.0,285.0,False,93.686,"[2049, 2049, 2049, 2049, 2049]","[2049, 2049, 2049, 2049, 2049, 2049, 2049, 2049, 2049]","[2049, 2049, 2049, 2049, 2049, 2049, 2049, 2049]",300.0
1252,9461,27,2,2024-12-06T09:33:10.272000+00:00,18.468,38.027,32.803,281.0,311.0,False,89.298,"[2049, 2049, 2049, 2049, 2049]","[2049, 2049, 2049, 2049, 2049, 2049, 2049, 2051, 2051]","[2049, 2049, 2051, 2049, 2049, 2049, 2049, 2049]",320.0
1252,9461,37,2,2024-12-06T09:33:24.862000+00:00,18.533,62.149,48.792,279.0,216.0,False,129.474,"[2049, 2049, 2049, 2049, 2049]","[2049, 2049, 2049, 2049, 2049, 2048, 2049, 2048, 2048]","[2049, 2049, 2048, 2048, 2048, 2048, 2049, 2049, 2049]",322.0
1252,9461,4,2,2024-12-06T09:33:32.516000+00:00,18.033,46.914,47.23,284.0,146.0,False,112.177,"[2049, 2049, 2049, 2049, 2049]","[2049, 2051, 2049, 2049, 2049, 2048, 2048, 2048, 2048]","[2048, 2048, 2048, 2048, 2049, 2049, 2049, 2049, 2049]",323.0
1252,9461,20,3,2024-12-06T09:33:33.358000+00:00,33.354,65.287,61.001,122.0,124.0,False,159.642,"[2048, 2048, 2048, 2048, 2048]","[2048, 2048, 2048, 2048, 2048, 2048, 2048, 2048, 2048]","[2048, 2048, 2048, 2048, 2048, 2048, 2048, 2048, 2048]",114.0
1252,9461,44,2,2024-12-06T09:33:48.807000+00:00,17.756,37.927,31.776,285.0,316.0,False,87.459,"[2049, 2049, 2049, 2049, 2049]","[2049, 2049, 2049, 2049, 2049, 2049, 2049, 2051, 2049]","[2051, 2051, 2051, 2051, 2049, 2051, 2051, 2049, 2049]",301.0
1252,9461,63,2,2024-12-06T09:33:59.995000+00:00,17.571,37.278,32.045,286.0,318.0,False,86.894,"[2051, 2051, 2051, 2051, 2051]","[2049, 2049, 2051, 2049, 2049, 2049, 2049, 2049, 2049]","[2049, 2049, 2049, 2049, 2049, 2049, 2049, 2049]",323.0
1252,9461,61,2,2024-12-06T09:34:00.657000+00:00,72.913,52.018,45.328,252.0,158.0,True,170.259,"[None, 2064, 2064, 2064, 2049]","[2049, 2049, 2049, 2049, 2049, 2049, 2048, 2048, 2048]","[2048, 2048, 2048, 2048, 2048, 2048, 2048, 2049, 2049]",209.0
1252,9461,77,3,2024-12-06T09:34:11.947000+00:00,25.114,52.439,60.805,213.0,131.0,False,138.358,"[2048, 2048, 2048, 2048, 2048]","[2048, 2048, 2048, 2048, 2048, 2048, 2048, 2048, 2048]","[2048, 2048, 2048, 2048, 2048, 2048, 2048, 2048, 2048]",259.0
1252,9461,46,1,2024-12-06T09:34:13.016000+00:00,,45.181,55.103,248.0,210.0,True,,"[2064, 2064, 2064, 2064, 2049]","[2049, 2049, 2049, 2049, 2049, 2049, 2049, 2049, 2049]","[2049, 2049, 2049, 2049, 2049, 2049, 2049, 2049, 2049]",295.0
1252,9461,11,2,2024-12-06T09:34:22.162000+00:00,18.005,37.232,32.015,285.0,320.0,False,87.252,"[2049, 2049, 2049, 2049, 2049]","[2051, 2049, 2049, 2051, 2051, 2049, 2051, 2049, 2051]","[2051, 2049, 2049, 2049, 2049, 2049, 2049, 2049, 2049]",327.0
1252,9461,39,3,2024-12-06T09:34:38.917000+00:00,27.663,49.48,41.995,159.0,238.0,False,119.138,"[None, 2048, 2048, 2048, 2048]","[2048, 2048, 2048, 2048, 2048, 2048, 2048, 2048, 2048]","[2048, 2048, 2048, 2048, 2048, 2048, 2048, 2064, 2064]",199.0
1252,9461,27,3,2024-12-06T09:34:39.390000+00:00,26.287,66.384,48.636,147.0,140.0,False,141.307,"[None, 2048, 2048, 2048, 2048]","[2048, 2048, 2048, 2048, 2048, 2048, 2048, 2048, 2048]","[2048, 2048, 2048, 2048, 2048, 2048, 2048, 2048, 2048]",136.0
1252,9461,44,3,2024-12-06T09:35:16.235000+00:00,34.15,72.553,62.43,118.0,169.0,False,169.133,"[2048, 2048, 2048, 2048, 2048]","[2048, 2048, 2048, 2048, 2048, 2048, 2048, 2048, 2048]","[2048, 2048, 2048, 2048, 2048, 2048, 2048, 2064, 2064]",150.0
1252,9461,40,3,2024-12-06T09:35:21.877000+00:00,71.623,50.177,37.966,227.0,188.0,True,159.766,"[2064, 2064, 2064, 2064, 2048]","[2048, 2048, 2048, 2048, 2049, 2048, 2048, 2048, 2048]","[2048, 2048, 2048, 2048, 2048, 2048, 2049, 2049, 2049]",269.0
1252,9461,4,3,2024-12-06T09:35:24.742000+00:00,17.784,37.239,32.085,,317.0,False,87.108,"[None, 2049, 2049, 2049, 2049]","[2049, 2051, 2048, 2049, 2049, 2049, 2049, 2051, 2049]","[2051, 2049, 2049, 2049, 2049, 2049, 2049, 2051, 2049]",323.0
1252,9461,63,3,2024-12-06T09:35:26.769000+00:00,36.479,73.78,56.916,133.0,155.0,False,167.175,"[2048, 2048, 2048, 2048, 2048]","[2048, 2048, 2048, 2048, 2048, 2048, 2048, 2048, 2048]","[2048, 2048, 2048, 2048, 2048, 2048, 2048, 2048]",138.0
1252,9461,37,3,2024-12-06T09:35:34.152000+00:00,18.222,37.665,32.712,283.0,318.0,False,88.599,"[None, 2049, 2049, 2049, 2049]","[2048, 2048, 2049, 2049, 2049, 2049, 2049, 2049, 2049]","[2049, 2049, 2049, 2049, 2049, 2049, 2049, 2049]",324.0
1252,9461,11,3,2024-12-06T09:35:49.349000+00:00,27.541,64.424,53.794,134.0,205.0,False,145.759,"[None, 2048, 2048, 2048, 2048]","[2048, 2048, 2048, 2048, 2048, 2048, 2048, 2048, 2048]","[2048, 2048, 2048, 2048, 2048, 2048, 2048, 2048, 2048]",158.0
1252,9461,61,3,2024-12-06T09:36:03.859000+00:00,18.143,37.908,32.627,284.0,312.0,False,88.678,"[2049, 2049, 2049, 2049, 2049]","[2049, 2049, 2049, 2049, 2049, 2049, 2049, 2049, 2049]","[2049, 2049, 2049, 2049, 2049, 2049, 2049, 2049]",319.0
1252,9461,20,4,2024-12-06T09:36:12.991000+00:00,18.005,37.248,31.679,283.0,308.0,False,86.932,"[2049, 2049, 2049, 2049, 2049]","[2051, 2049, 2049, 2049, 2049, 2051, 2048, 2049, 2049]","[2049, 2048, 2049, 2049, 2051, 2051, 2049, 2051]",314.0
1252,9461,46,2,2024-12-06T09:36:23.481000+00:00,18.677,37.686,33.208,279.0,318.0,False,89.571,"[2049, 2049, 2049, 2049, 2049]","[2049, 2049, 2049, 2049, 2049, 2049, 2049, 2049, 2049]","[2049, 2049, 2049, 2049, 2049, 2049, 2049, 2049]",325.0
1252,9461,77,4,2024-12-06T09:36:30.462000+00:00,18.069,37.431,32.223,280.0,314.0,False,87.723,"[None, 2049, 2049, 2049, 2049]","[2049, 2049, 2048, 2048, 2049, 2049, 2049, 2049, 2049]","[2049, 2048, 2049, 2048, 2049, 2049, 2048, 2048]",320.0
1252,9461,30,2,2024-12-06T09:36:46.317000+00:00,,48.949,40.35,203.0,255.0,True,322.784,"[None, 2064, 2064, 2064, 2048]","[2048, 2048, 2048, 2048, 2048, 2048, 2049, 2048, 2048]","[2048, 2049, 2049, 2049, 2049, 2049, 2049, 2049, 2049]",147.0
1252,9461,4,4,2024-12-06T09:36:51.819000+00:00,28.658,62.595,51.272,162.0,145.0,False,142.525,"[2048, 2048, 2048, 2048, 2048]","[2048, 2048, 2048, 2048, 2048, 2048, 2048, 2048, 2048]","[2048, 2048, 2048, 2048, 2048, 2048, 2048, 2048, 2048]",147.0
1252,9461,27,4,2024-12-06T09:37:00.882000+00:00,17.976,37.372,31.709,284.0,309.0,False,87.057,"[2048, 2049, 2049, 2049, 2049]","[2049, 2049, 2049, 2049, 2048, 2049, 2049, 2049, 2048]","[2049, 2049, 2049, 2049, 2051, 2051, 2049, 2049, 2049]",316.0
1252,9461,37,4,2024-12-06T09:37:02.806000+00:00,26.837,56.873,52.479,191.0,188.0,False,136.189,"[None, 2048, 2048, 2048, 2048]","[2048, 2048, 2048, 2048, 2048, 2048, 2048, 2048, 2048]","[2048, 2048, 2048, 2048, 2048, 2048, 2048, 2048, 2048]",192.0
1252,9461,40,4,2024-12-06T09:37:17.741000+00:00,19.409,40.725,38.096,261.0,274.0,False,98.23,"[2049, 2049, 2049, 2049, 2049]","[2049, 2049, 2049, 2049, 2048, 2049, 2049, 2049, 2049]","[2049, 2049, 2049, 2049, 2049, 2049, 2049, 2064, 2064]",280.0
1252,9461,61,4,2024-12-06T09:37:32.456000+00:00,24.229,55.342,43.252,158.0,167.0,False,122.823,"[2048, 2048, 2048, 2048, 2048]","[2048, 2048, 2048, 2048, 2048, 2048, 2048, 2048, 2048]","[2048, 2048, 2048, 2048, 2048, 2048, 2048, 2048, 2049]",162.0
1252,9461,20,5,2024-12-06T09:37:39.767000+00:00,35.447,86.62,65.058,120.0,101.0,False,187.125,"[2048, 2048, 2048, 2048, 2048]","[2048, 2048, 2048, 2048, 2048, 2048, 2048, 2048, 2048]","[2048, 2048, 2048, 2048, 2048, 2048, 2048, 2048, 2051]",93.0
1252,9461,46,3,2024-12-06T09:37:52.883000+00:00,28.604,64.863,50.291,106.0,150.0,False,143.758,"[None, 2048, 2048, 2048, 2048]","[2048, 2048, 2048, 2048, 2048, 2048, 2048, 2048, 2048]","[2048, 2048, 2048, 2048, 2048, 2048, 2048, 2048, 2048]",148.0
1252,9461,77,5,2024-12-06T09:37:58.023000+00:00,24.747,79.594,53.887,157.0,133.0,False,158.228,"[None, 2048, 2048, 2048, 2048]","[2048, 2048, 2048, 2048, 2048, 2048, 2048, 2048, 2048]","[2048, 2048, 2048, 2048, 2048, 2048, 2048, 2048, 2048]",104.0
1252,9461,63,4,2024-12-06T09:38:13.881000+00:00,29.64,52.312,50.312,192.0,120.0,False,132.264,"[None, 2048, 2048, 2048, 2048]","[2048, 2048, 2048, 2048, 2048, 2048, 2048, 2048, 2048]","[2048, 2048, 2048, 2048, 2048, 2048, 2048, 2048, 2051]",239.0
1252,9461,11,4,2024-12-06T09:38:15.082000+00:00,31.281,58.127,47.35,163.0,195.0,False,136.758,"[2048, 2048, 2048, 2048, 2048]","[2048, 2048, 2048, 2048, 2048, 2048, 2048, 2048, 2048]","[2048, 2048, 2048, 2048, 2048, 2048, 2048, 2048, 2048]",174.0
1252,9461,27,5,2024-12-06T09:38:27.838000+00:00,28.251,59.467,46.961,120.0,173.0,False,134.679,"[None, 2048, 2048, 2048, 2048]","[2048, 2048, 2048, 2048, 2048, 2048, 2048, 2048, 2048]","[2048, 2048, 2048, 2048, 2048, 2048, 2048, 2064, 2064]",162.0
1252,9461,44,4,2024-12-06T09:38:32.206000+00:00,55.205,50.266,55.104,177.0,225.0,True,160.575,"[2064, 2064, 2064, 2064, 2048]","[2048, 2048, 2048, 2048, 2048, 2048, 2048, 2048, 2048]","[2048, 2048, 2048, 2048, 2048, 2048, 2048, 2048, 2048]",221.0
1252,9461,30,3,2024-12-06T09:38:41.946000+00:00,17.965,37.478,32.291,285.0,320.0,False,87.734,"[2049, 2049, 2049, 2049, 2049]","[2049, 2049, 2049, 2049, 2049, 2049, 2049, 2049, 2051]","[2049, 2049, 2049, 2049, 2049, 2049, 2049, 2049, 2049]",325.0
1252,9461,14,3,2024-12-06T09:38:46.722000+00:00,,66.959,38.263,268.0,97.0,True,428.583,"[2064, 2064, 2064, 2064, 2048]","[2048, 2048, 2048, 2048, 2048, 2048, 2048, 2048, 2048]","[2048, 2049, 2049, 2049, 2048, 2049, 2049, 2048, 2049]",204.0
1252,9461,4,5,2024-12-06T09:39:14.397000+00:00,17.932,37.131,35.172,286.0,319.0,False,90.235,"[None, 2048, 2049, 2049, 2049]","[2048, 2051, 2049, 2049, 2049, 2049, 2048, 2051, 2049]","[2051, 2048, 2049, 2048, 2049, 2049, 2049, 2048, 2048]",324.0
1252,9461,37,5,2024-12-06T09:39:18.991000+00:00,27.293,52.668,59.056,198.0,211.0,False,139.017,"[2048, 2048, 2048, 2048, 2048]","[2048, 2048, 2048, 2048, 2048, 2048, 2048, 2048, 2048]","[2048, 2048, 2048, 2048, 2048, 2048, 2048, 2048, 2048]",211.0
1252,9461,61,5,2024-12-06T09:39:35.344000+00:00,17.821,37.527,32.286,285.0,315.0,False,87.634,"[2049, 2049, 2049, 2049, 2049]","[2049, 2049, 2048, 2049, 2049, 2049, 2051, 2049, 2049]","[2049, 2049, 2048, 2049, 2049, 2049, 2048, 2048]",321.0
1252,9461,43,2,2024-12-06T09:39:42.098000+00:00,,42.926,39.655,268.0,287.0,True,531.238,"[None, 2064, 2064, 2064, 2049]","[2049, 2049, 2049, 2049, 2049, 2049, 2049, 2049, 2049]","[2049, 2049, 2049, 2049, 2048, 2048, 2049, 2049, 2049]",274.0
1252,9461,30,4,2024-12-06T09:40:09.609000+00:00,26.843,62.979,46.372,159.0,153.0,False,136.194,"[2048, 2048, 2048, 2048, 2048]","[2048, 2048, 2048, 2048, 2048, 2048, 2048, 2048, 2048]","[2048, 2048, 2048, 2048, 2048, 2048, 2048, 2048, 2048]",151.0
1252,9461,46,4,2024-12-06T09:40:16.750000+00:00,18.132,38.624,52.698,281.0,273.0,False,109.454,"[None, 2049, 2049, 2049, 2049]","[2049, 2049, 2049, 2049, 2049, 2048, 2048, 2048, 2048]","[2048, 2048, 2048, 2048, 2048, 2048, 2048, 2048, 2048]",324.0
1252,9461,63,5,2024-12-06T09:40:26.227000+00:00,17.539,37.047,31.377,283.0,319.0,False,85.963,"[2051, 2051, 2051, 2051, 2048]","[2049, 2049, 2051, 2049, 2049, 2049, 2048, 2049, 2049]","[2049, 2049, 2049, 2048, 2051, 2051, 2049, 2049, 2048]",325.0
1252,9461,11,5,2024-12-06T09:40:31.875000+00:00,17.784,36.942,31.659,286.0,323.0,False,86.385,"[2049, 2049, 2049, 2049, 2049]","[2049, 2049, 2049, 2048, 2051, 2049, 2049, 2051, 2051]","[2049, 2048, 2049, 2049, 2049, 2049, 2049, 2049, 2049]",330.0
1252,9461,77,6,2024-12-06T09:40:36.915000+00:00,17.922,37.162,31.8,278.0,317.0,False,86.884,"[2049, 2049, 2049, 2049, 2048]","[2049, 2049, 2048, 2049, 2049, 2051, 2048, 2048, 2049]","[2049, 2048, 2048, 2049, 2049, 2048, 2048, 2048, 2049]",323.0
1252,9461,4,6,2024-12-06T09:40:44.692000+00:00,28.476,57.093,46.004,172.0,192.0,False,131.573,"[None, 2048, 2048, 2048, 2048]","[2048, 2048, 2048, 2048, 2048, 2048, 2048, 2048, 2048]","[2048, 2048, 2048, 2048, 2048, 2048, 2048, 2064, 2064]",141.0
1252,9461,44,5,2024-12-06T09:40:46.044000+00:00,28.7,48.375,47.509,207.0,213.0,False,124.584,"[2048, 2048, 2048, 2048, 2048]","[2048, 2048, 2048, 2048, 2048, 2048, 2048, 2048, 2048]","[2048, 2048, 2048, 2048, 2048, 2048, 2048, 2048, 2048]",236.0
1252,9461,20,6,2024-12-06T09:40:47.063000+00:00,17.851,58.123,59.251,280.0,65.0,False,135.225,"[2049, 2048, 2049, 2049, 2048]","[2048, 2048, 2048, 2049, 2049, 2048, 2048, 2048, 2048]","[2048, 2048, 2048, 2048, 2048, 2048, 2048, 2048, 2051]",324.0
1252,9461,14,4,2024-12-06T09:40:53.120000+00:00,19.15,44.986,38.065,275.0,272.0,False,102.201,"[2049, 2049, 2049, 2049, 2049]","[2049, 2049, 2049, 2049, 2049, 2049, 2048, 2049, 2049]","[2049, 2049, 2049, 2049, 2049, 2048, 2049, 2064, 2064]",271.0
1252,9461,34,3,2024-12-06T09:41:00.579000+00:00,,45.14,34.25,265.0,271.0,True,527.644,"[2064, 2064, 2064, 2064, 2048]","[2049, 2049, 2049, 2049, 2049, 2048, 2048, 2049, 2049]","[2048, 2048, 2048, 2048, 2048, 2048, 2049, 2049, 2049]",276.0
1252,9461,61,6,2024-12-06T09:41:02.915000+00:00,22.199,64.081,49.515,209.0,138.0,False,135.795,"[2048, 2048, 2048, 2048, 2048]","[2048, 2048, 2048, 2048, 2048, 2048, 2048, 2048, 2048]","[2048, 2048, 2048, 2048, 2048, 2048, 2048, 2048, 2049]",141.0
1252,9461,28,2,2024-12-06T09:41:04.902000+00:00,,56.96,46.241,232.0,249.0,True,636.192,"[None, 2064, 2064, 2064, 2049]","[2049, 2048, 2048, 2048, 2048, 2048, 2048, 2048, 2049]","[2049, 2049, 2049, 2049, 2048, 2048, 2048, 2064, 2064]",112.0
1252,9461,10,2,2024-12-06T09:41:12.606000+00:00,,46.582,45.915,212.0,145.0,True,626.578,"[None, 2064, 2064, 2064, 2048]","[2049, 2048, 2049, 2048, 2048, 2049, 2049, 2049, 2048]","[2048, 2049, 2048, 2048, 2048, 2048, 2048, 2048, 2049]",240.0
1252,9461,43,3,2024-12-06T09:41:28.124000+00:00,17.885,37.212,32.281,285.0,317.0,False,87.378,"[2049, 2049, 2049, 2049, 2049]","[2049, 2049, 2049, 2051, 2049, 2049, 2049, 2051, 2049]","[2049, 2049, 2049, 2049, 2049, 2049, 2049, 2049, 2049]",325.0
1252,9461,27,6,2024-12-06T09:41:31.787000+00:00,74.004,57.611,45.583,153.0,157.0,True,177.198,"[2064, 2064, 2064, 2064, 2048]","[2048, 2048, 2048, 2048, 2048, 2048, 2048, 2048, 2048]","[2048, 2048, 2048, 2048, 2048, 2048, 2048, 2048, 2048]",171.0
1252,9461,37,6,2024-12-06T09:41:37.996000+00:00,18.43,37.518,32.319,283.0,317.0,False,88.267,"[2049, 2049, 2048, 2048, 2049]","[2048, 2049, 2049, 2049, 2049, 2049, 2051, 2049, 2048]","[2049, 2049, 2048, 2049, 2049, 2049, 2049, 2048]",325.0
1252,9461,63,6,2024-12-06T09:41:52.246000+00:00,34.293,67.801,52.139,130.0,159.0,False,154.233,"[2048, 2048, 2048, 2048, 2048]","[2048, 2048, 2048, 2048, 2048, 2048, 2048, 2048, 2048]","[2048, 2048, 2048, 2048, 2048, 2048, 2048, 2064, 2064]",159.0
1252,9461,11,6,2024-12-06T09:41:58.207000+00:00,29.709,69.845,54.988,126.0,143.0,False,154.542,"[2048, 2048, 2048, 2048, 2048]","[2048, 2048, 2048, 2048, 2048, 2048, 2048, 2048, 2048]","[2048, 2048, 2048, 2048, 2048, 2048, 2048, 2048, 2048]",140.0
1252,9461,77,7,2024-12-06T09:42:04.021000+00:00,27.303,62.683,42.575,176.0,261.0,False,132.561,"[2048, 2048, 2048, 2048, 2048]","[2048, 2048, 2048, 2048, 2048, 2048, 2048, 2048, 2048]","[2048, 2048, 2048, 2048, 2048, 2048, 2048, 2064, 2064]",152.0
1252,9461,46,5,2024-12-06T09:42:06.287000+00:00,18.036,37.559,32.389,282.0,316.0,False,87.984,"[None, 2048, 2049, 2049, 2049]","[2048, 2048, 2048, 2048, 2049, 2048, 2048, 2049, 2049]","[2049, 2049, 2049, 2049, 2049, 2049, 2049, 2049]",322.0
1252,9461,30,5,2024-12-06T09:42:25.865000+00:00,17.848,37.092,31.992,286.0,318.0,False,86.932,"[2049, 2048, 2049, 2049, 2049]","[2048, 2049, 2049, 2049, 2049, 2049, 2049, 2049, 2048]","[2049, 2049, 2049, 2049, 2049, 2049, 2049, 2048, 2048]",327.0
1252,9461,34,4,2024-12-06T09:42:41.958000+00:00,18.029,43.383,38.616,278.0,272.0,False,100.028,"[2049, 2049, 2049, 2049, 2049]","[2049, 2049, 2048, 2048, 2048, 2049, 2049, 2049, 2048]","[2049, 2048, 2048, 2049, 2048, 2048, 2048, 2064, 2064]",280.0
1252,9461,44,6,2024-12-06T09:42:50.591000+00:00,17.606,36.978,31.409,284.0,318.0,False,85.993,"[2049, 2051, 2049, 2049, 2048]","[2049, 2049, 2049, 2049, 2049, 2049, 2051, 2049, 2049]","[2049, 2048, 2051, 2048, 2049, 2051, 2051, 2049, 2049]",324.0
1252,9461,43,4,2024-12-06T09:42:55.294000+00:00,24.275,55.671,47.456,152.0,234.0,False,127.402,"[2048, 2048, 2048, 2048, 2048]","[2048, 2048, 2048, 2048, 2048, 2048, 2048, 2048, 2048]","[2048, 2048, 2048, 2048, 2048, 2048, 2048, 2048, 2048]",218.0
1252,9461,20,7,2024-12-06T09:43:02.364000+00:00,17.789,37.193,31.888,284.0,315.0,False,86.87,"[None, 2048, 2049, 2049, 2049]","[2048, 2049, 2048, 2048, 2048, 2048, 2049, 2049, 2049]","[2049, 2048, 2048, 2048, 2049, 2048, 2048, 2048, 2048]",323.0
1252,9461,37,7,2024-12-06T09:43:06.218000+00:00,26.315,49.154,49.493,217.0,213.0,False,124.962,"[2048, 2048, 2048, 2048, 2048]","[2048, 2048, 2048, 2048, 2048, 2048, 2048, 2048, 2048]","[2048, 2048, 2048, 2048, 2048, 2048, 2048, 2064, 2064]",228.0
1252,9461,10,3,2024-12-06T09:43:07.846000+00:00,18.028,37.32,31.959,283.0,311.0,False,87.307,"[2049, 2049, 2049, 2049, 2049]","[2049, 2049, 2049, 2049, 2049, 2049, 2049, 2049, 2049]","[2049, 2049, 2049, 2049, 2049, 2049, 2049, 2049]",319.0
1252,9461,4,7,2024-12-06T09:43:18.743000+00:00,46.942,54.028,46.748,219.0,216.0,True,147.718,"[2064, 2064, 2064, 2064, 2048]","[2048, 2048, 2048, 2048, 2048, 2048, 2048, 2048, 2048]","[2048, 2048, 2048, 2048, 2048, 2048, 2048, 2048, 2049]",177.0
1252,9461,61,7,2024-12-06T09:43:18.865000+00:00,17.738,37.508,32.011,286.0,313.0,False,87.257,"[2049, 2049, 2049, 2049, 2048]","[2049, 2048, 2049, 2049, 2049, 2048, 2048, 2048, 2048]","[2048, 2049, 2049, 2048, 2049, 2048, 2048, 2049]",321.0
1252,9461,46,6,2024-12-06T09:43:34.151000+00:00,29.676,53.183,60.751,210.0,175.0,False,143.61,"[2048, 2048, 2048, 2048, 2048]","[2048, 2048, 2048, 2048, 2048, 2048, 2048, 2048, 2048]","[2048, 2048, 2048, 2048, 2048, 2048, 2048, 2048, 2048]",185.0
1252,9461,40,5,2024-12-06T09:43:38.854000+00:00,,46.883,39.236,242.0,182.0,True,395.899,"[2064, 2064, 2064, 2064, 2048]","[2048, 2048, 2048, 2048, 2048, 2048, 2048, 2048, 2048]","[2048, 2048, 2048, 2048, 2048, 2048, 2048, 2048, 2048]",277.0
1252,9461,27,7,2024-12-06T09:43:39.901000+00:00,17.893,37.097,31.381,284.0,314.0,False,86.371,"[2048, 2049, 2049, 2049, 2048]","[2049, 2049, 2049, 2049, 2048, 2049, 2049, 2049, 2048]","[2049, 2049, 2048, 2048, 2051, 2049, 2048, 2049, 2049]",323.0
1252,9461,28,3,2024-12-06T09:43:51.825000+00:00,65.378,50.91,41.238,253.0,261.0,True,157.526,"[None, 2064, 2064, 2064, 2049]","[2049, 2049, 2048, 2048, 2049, 2049, 2049, 2049, 2049]","[2049, 2049, 2049, 2048, 2049, 2049, 2049, 2064, 2064]",214.0
1252,9461,30,6,2024-12-06T09:43:52.636000+00:00,28.432,65.031,55.146,152.0,151.0,False,148.609,"[2048, 2048, 2048, 2048, 2048]","[2048, 2048, 2048, 2048, 2048, 2048, 2048, 2048, 2048]","[2048, 2048, 2048, 2048, 2048, 2048, 2048, 2048, 2048]",151.0
1252,9461,44,7,2024-12-06T09:44:16.560000+00:00,25.541,65.287,66.621,117.0,165.0,False,157.449,"[2048, 2048, 2048, 2048, 2048]","[2048, 2048, 2048, 2048, 2048, 2048, 2048, 2048, 2048]","[2048, 2048, 2048, 2048, 2048, 2048, 2048, 2048, 2048]",178.0
1252,9461,20,8,2024-12-06T09:44:29.057000+00:00,20.272,46.92,42.142,253.0,253.0,False,109.334,"[2048, 2048, 2048, 2048, 2048]","[2048, 2048, 2048, 2048, 2048, 2048, 2048, 2048, 2048]","[2048, 2048, 2048, 2048, 2048, 2048, 2048, 2064, 2064]",198.0
1252,9461,11,7,2024-12-06T09:44:32.875000+00:00,34.001,71.553,50.79,142.0,114.0,False,156.344,"[None, 2048, 2048, 2048, 2048]","[2048, 2048, 2048, 2048, 2048, 2048, 2048, 2048, 2048]","[2048, 2048, 2048, 2048, 2048, 2048, 2048, 2048, 2048]",154.0
1252,9461,10,4,2024-12-06T09:44:35+00:00,30.894,66.433,51.828,126.0,179.0,False,149.155,"[2048, 2048, 2048, 2048, 2048]","[2048, 2048, 2048, 2048, 2048, 2048, 2048, 2048, 2048]","[2048, 2048, 2048, 2048, 2048, 2048, 2048, 2048, 2048]",139.0
1252,9461,61,8,2024-12-06T09:44:45.974000+00:00,26.488,67.797,56.977,149.0,125.0,False,151.262,"[2048, 2048, 2048, 2048, 2048]","[2048, 2048, 2048, 2048, 2048, 2048, 2048, 2048, 2048]","[2048, 2048, 2048, 2048, 2048, 2048, 2048, 2048, 2048]",133.0
1252,9461,63,7,2024-12-06T09:44:51.804000+00:00,54.915,55.472,43.058,192.0,138.0,True,153.445,"[2064, 2064, 2064, 2064, 2048]","[2048, 2048, 2048, 2048, 2048, 2048, 2048, 2048, 2048]","[2048, 2048, 2048, 2048, 2048, 2048, 2048, 2048, 2048]",218.0
1252,9461,43,5,2024-12-06T09:45:02.831000+00:00,17.598,36.943,31.702,288.0,317.0,False,86.243,"[2049, 2049, 2049, 2051, 2049]","[2049, 2049, 2048, 2051, 2048, 2049, 2049, 2048, 2048]","[2049, 2048, 2051, 2049, 2049, 2048, 2049, 2049]",323.0
1252,9461,27,8,2024-12-06T09:45:06.159000+00:00,20.351,43.788,41.216,245.0,247.0,False,105.355,"[None, 2048, 2048, 2048, 2048]","[2048, 2048, 2048, 2048, 2048, 2048, 2048, 2048, 2048]","[2048, 2048, 2048, 2048, 2048, 2048, 2048, 2064, 2064]",238.0
1252,9461,4,8,2024-12-06T09:45:23.962000+00:00,17.602,36.993,31.115,284.0,319.0,False,85.71,"[2049, 2049, 2049, 2049, 2048]","[2049, 2048, 2049, 2049, 2049, 2049, 2049, 2049, 2049]","[2048, 2049, 2049, 2049, 2049, 2051, 2048, 2049]",324.0
1252,9461,40,6,2024-12-06T09:45:31.743000+00:00,19.394,40.432,37.769,262.0,277.0,False,97.595,"[2048, 2048, 2048, 2049, 2049]","[2049, 2049, 2048, 2049, 2049, 2049, 2049, 2048, 2049]","[2049, 2048, 2049, 2048, 2048, 2048, 2049, 2064, 2064]",282.0
1252,9461,24,2,2024-12-06T09:45:37.042000+00:00,,43.906,38.429,247.0,222.0,True,890.041,"[None, 2064, 2064, 2064, 2049]","[2049, 2049, 2049, 2049, 2049, 2049, 2049, 2048, 2048]","[2049, 2049, 2049, 2049, 2049, 2049, 2049, 2049, 2049]",234.0
1252,9461,46,7,2024-12-06T09:45:57.860000+00:00,17.9,37.336,32.267,284.0,317.0,False,87.503,"[2049, 2049, 2049, 2049, 2049]","[2048, 2048, 2049, 2049, 2049, 2048, 2051, 2049, 2049]","[2049, 2049, 2049, 2049, 2049, 2048, 2048, 2048, 2048]",323.0
1252,9461,28,4,2024-12-06T09:46:15+00:00,49.299,50.272,39.252,251.0,271.0,True,138.823,"[None, 2064, 2064, 2064, 2048]","[2048, 2048, 2049, 2049, 2048, 2049, 2049, 2049, 2049]","[2049, 2049, 2049, 2049, 2049, 2049, 2049, 2064, 2064]",220.0
1252,9461,30,7,2024-12-06T09:46:21.319000+00:00,27.299,53.062,47.17,220.0,247.0,False,127.531,"[None, 2048, 2048, 2048, 2048]","[2048, 2048, 2048, 2048, 2048, 2048, 2048, 2048, 2048]","[2048, 2048, 2048, 2048, 2048, 2048, 2048, 2048, 2048]",214.0
1252,9461,43,6,2024-12-06T09:46:28.978000+00:00,24.471,50.275,51.132,186.0,231.0,False,125.878,"[2048, 2048, 2048, 2048, 2048]","[2048, 2048, 2048, 2048, 2048, 2048, 2048, 2048, 2048]","[2048, 2048, 2048, 2048, 2048, 2048, 2048, 2048, 2048]",266.0
1252,9461,4,9,2024-12-06T09:46:49.555000+00:00,19.59,45.066,40.975,254.0,167.0,False,105.631,"[2048, 2048, 2048, 2048, 2048]","[2048, 2048, 2048, 2048, 2048, 2048, 2048, 2048, 2048]","[2048, 2048, 2048, 2048, 2048, 2048, 2048, 2064, 2064]",263.0
1252,9461,44,8,2024-12-06T09:46:54.045000+00:00,34.285,69.591,48.118,133.0,159.0,False,151.994,"[None, 2048, 2048, 2048, 2048]","[2048, 2048, 2048, 2048, 2048, 2048, 2048, 2048, 2048]","[2048, 2048, 2048, 2048, 2048, 2048, 2048, 2048, 2048]",156.0
1252,9461,63,8,2024-12-06T09:46:59.923000+00:00,17.573,37.028,30.97,285.0,319.0,False,85.571,"[2051, 2049, 2048, 2048, 2048]","[2049, 2048, 2048, 2048, 2048, 2048, 2049, 2051, 2049]","[2049, 2048, 2049, 2049, 2051, 2051, 2049, 2051]",324.0
1252,9461,10,5,2024-12-06T09:47:04.360000+00:00,29.223,52.121,42.003,155.0,264.0,False,123.347,"[None, 2048, 2048, 2048, 2048]","[2048, 2048, 2048, 2048, 2048, 2048, 2048, 2048, 2048]","[2048, 2048, 2048, 2048, 2048, 2048, 2048, 2048, 2049]",208.0
1252,9461,11,8,2024-12-06T09:47:09.216000+00:00,17.882,36.902,31.395,287.0,322.0,False,86.179,"[2049, 2049, 2048, 2048, 2049]","[2048, 2049, 2048, 2048, 2048, 2049, 2049, 2049, 2048]","[2051, 2049, 2049, 2048, 2049, 2049, 2049, 2049, 2048]",328.0
1252,9461,61,9,2024-12-06T09:47:17.408000+00:00,17.802,37.163,31.83,286.0,315.0,False,86.795,"[None, 2048, 2048, 2048, 2049]","[2048, 2049, 2048, 2049, 2049, 2049, 2049, 2049, 2049]","[2049, 2049, 2049, 2049, 2049, 2049, 2049, 2048]",322.0
1252,9461,24,3,2024-12-06T09:47:22.611000+00:00,18.267,37.816,31.845,280.0,314.0,False,87.928,"[2049, 2049, 2049, 2049, 2049]","[2049, 2049, 2049, 2049, 2049, 2049, 2049, 2049, 2049]","[2049, 2049, 2049, 2049, 2049, 2049, 2049, 2049, 2049]",322.0
1252,9461,46,8,2024-12-06T09:47:25.282000+00:00,23.98,50.915,50.145,216.0,140.0,False,125.04,"[2048, 2048, 2048, 2048, 2048]","[2048, 2048, 2048, 2048, 2048, 2048, 2048, 2048, 2048]","[2048, 2048, 2048, 2048, 2048, 2048, 2048, 2064, 2064]",225.0
1252,9461,39,4,2024-12-06T09:47:47.263000+00:00,,43.684,40.96,250.0,236.0,True,775.812,"[2064, 2064, 2064, 2064, 2048]","[2048, 2048, 2048, 2048, 2048, 2048, 2048, 2048, 2048]","[2048, 2048, 2048, 2048, 2048, 2048, 2048, 2048, 2049]",276.0
1252,9461,40,7,2024-12-06T09:48:04.866000+00:00,78.633,45.552,37.122,246.0,177.0,True,161.307,"[2064, 2064, 2064, 2064, 2048]","[2048, 2048, 2048, 2048, 2048, 2048, 2048, 2048, 2048]","[2048, 2048, 2048, 2048, 2048, 2048, 2048, 2049, 0]",280.0
1252,9461,63,9,2024-12-06T09:48:25.436000+00:00,28.18,45.001,39.384,159.0,238.0,False,112.565,"[2048, 2048, 2048, 2048, 2048]","[2048, 2048, 2048, 2048, 2048, 2048, 2048, 2048, 2048]","[2048, 2048, 2048, 2048, 2048, 2048, 2048, 2064, 2064]",279.0
1252,9461,30,8,2024-12-06T09:48:28.972000+00:00,17.799,37.007,31.597,286.0,318.0,False,86.403,"[2049, 2049, 2048, 2049, 2048]","[2049, 2049, 2049, 2048, 2048, 2048, 2048, 2048, 2048]","[2049, 2048, 2049, 2048, 2049, 2049, 2048, 2049]",327.0
1252,9461,43,7,2024-12-06T09:48:35.065000+00:00,26.81,49.176,46.335,232.0,291.0,False,122.321,"[None, 2048, 2048, 2048, 2048]","[2048, 2048, 2048, 2048, 2048, 2048, 2048, 2048, 2048]","[2048, 2048, 2048, 2048, 2048, 2048, 2048, 2048, 2048]",248.0
1252,9461,11,9,2024-12-06T09:48:35.235000+00:00,21.649,45.678,39.564,250.0,225.0,False,106.891,"[2048, 2048, 2048, 2048, 2048]","[2048, 2048, 2048, 2048, 2048, 2048, 2048, 2048, 2048]","[2048, 2048, 2048, 2048, 2048, 2048, 2048, 2064, 2064]",236.0
1252,9461,61,10,2024-12-06T09:48:43.965000+00:00,23.641,62.445,45.829,165.0,144.0,False,131.915,"[None, 2048, 2048, 2048, 2048]","[2048, 2048, 2048, 2048, 2048, 2048, 2048, 2048, 2048]","[2048, 2048, 2048, 2048, 2048, 2048, 2048, 2048, 2048]",166.0
1252,9461,24,4,2024-12-06T09:48:50.442000+00:00,22.608,63.525,53.474,165.0,176.0,False,139.607,"[2048, 2048, 2048, 2048, 2048]","[2048, 2048, 2048, 2048, 2048, 2048, 2048, 2048, 2048]","[2048, 2048, 2048, 2048, 2048, 2048, 2048, 2064, 2064]",156.0
1252,9461,10,6,2024-12-06T09:49:07.624000+00:00,17.771,37.307,31.399,284.0,311.0,False,86.477,"[2049, 2049, 2049, 2049, 2048]","[2049, 2048, 2049, 2048, 2048, 2049, 2049, 2048, 2048]","[2049, 2049, 2049, 2049, 2049, 2049, 2049, 2048]",319.0
1252,9461,44,9,2024-12-06T09:49:26.137000+00:00,22.374,47.948,43.623,227.0,234.0,False,113.945,"[2049, 2051, 2048, 2048, 2048]","[2048, 2048, 2048, 2048, 2048, 2048, 2048, 2048, 2048]","[2048, 2048, 2048, 2048, 2048, 2048, 2048, 2048]",239.0
1252,9461,39,5,2024-12-06T09:49:34.058000+00:00,18.501,37.672,32.944,279.0,315.0,False,89.117,"[2049, 2049, 2049, 2049, 2049]","[2049, 2049, 2049, 2049, 2049, 2049, 2049, 2049, 2049]","[2049, 2049, 2049, 2049, 2049, 2049, 2049, 2049]",321.0
1252,9461,14,5,2024-12-06T09:49:41.583000+00:00,,47.015,45.628,249.0,261.0,True,542.563,"[2064, 2064, 2064, 2064, 2048]","[2048, 2048, 2048, 2049, 2049, 2048, 2049, 2049, 2049]","[2048, 2048, 2048, 2048, 2048, 2048, 2048, 2048, 2049]",281.0
1252,9461,40,8,2024-12-06T09:49:51.558000+00:00,19.438,40.739,37.769,266.0,277.0,False,97.946,"[2049, 2049, 2049, 2048, 2048]","[2049, 2048, 2048, 2048, 2048, 2048, 2048, 2049, 2048]","[2048, 2048, 2048, 2049, 2048, 2048, 2048, 2064, 2064]",277.0
1252,9461,30,9,2024-12-06T09:49:55.122000+00:00,21.474,45.782,43.014,244.0,242.0,False,110.27,"[2048, 2048, 2048, 2048, 2048]","[2048, 2048, 2048, 2048, 2048, 2048, 2048, 2048, 2048]","[2048, 2048, 2048, 2048, 2048, 2048, 2048, 2064, 2064]",237.0
1252,9461,10,7,2024-12-06T09:50:33.971000+00:00,28.692,60.986,51.463,154.0,174.0,False,141.141,"[2048, 2048, 2048, 2048, 2048]","[2048, 2048, 2048, 2048, 2048, 2048, 2048, 2048, 2048]","[2048, 2048, 2048, 2048, 2048, 2048, 2048, 2048, 2048]",170.0
1252,9461,43,8,2024-12-06T09:50:37.308000+00:00,17.647,37.22,31.712,288.0,320.0,False,86.579,"[2051, 2049, 2048, 2048, 2048]","[2049, 2049, 2048, 2048, 2048, 2048, 2048, 2048, 2048]","[2049, 2048, 2048, 2049, 2048, 2048, 2049, 2049, 2049]",324.0
1252,9461,61,11,2024-12-06T09:50:56.092000+00:00,17.682,37.243,31.9,286.0,315.0,False,86.825,"[2049, 2049, 2049, 2049, 2048]","[2049, 2049, 2048, 2048, 2049, 2048, 2048, 2049, 2049]","[2048, 2049, 2049, 2049, 2048, 2048, 2048, 2048]",322.0
1252,9461,39,6,2024-12-06T09:51:02.969000+00:00,24.763,58.622,45.022,155.0,179.0,False,128.407,"[None, 2048, 2048, 2048, 2048]","[2048, 2048, 2048, 2048, 2048, 2048, 2048, 2048, 2048]","[2048, 2048, 2048, 2048, 2048, 2048, 2048, 2048, 2048]",207.0
1252,9461,44,10,2024-12-06T09:51:20.599000+00:00,17.495,36.898,31.173,285.0,319.0,False,85.566,"[None, 2051, 2049, 2049, 2049]","[2049, 2048, 2049, 2049, 2049, 2049, 2048, 2049, 2049]","[2049, 2048, 2049, 2048, 2049, 2048, 2051, 2049, 2049]",325.0
1252,9461,14,6,2024-12-06T09:51:37.847000+00:00,17.797,37.29,31.874,284.0,319.0,False,86.961,"[2049, 2049, 2049, 2049, 2049]","[2049, 2049, 2049, 2049, 2049, 2049, 2049, 2049, 2049]","[2049, 2049, 2049, 2049, 2049, 2049, 2049, 2049, 2048]",326.0
1252,9461,24,5,2024-12-06T09:51:40.815000+00:00,54.117,48.78,43.292,249.0,236.0,True,146.189,"[2064, 2064, 2064, 2064, 2048]","[2048, 2048, 2048, 2048, 2048, 2048, 2048, 2048, 2048]","[2048, 2048, 2048, 2048, 2048, 2048, 2048, 2048, 2048]",226.0
1252,9461,43,9,2024-12-06T09:52:03.934000+00:00,19.533,43.43,34.491,265.0,296.0,False,97.454,"[2048, 2048, 2048, 2048, 2048]","[2048, 2048, 2048, 2048, 2048, 2048, 2048, 2048, 2048]","[2048, 2048, 2048, 2048, 2049, 2049, 2048, 2064, 2064]",240.0
1252,9461,61,12,2024-12-06T09:52:23.129000+00:00,22.831,55.831,41.955,199.0,218.0,False,120.617,"[2048, 2048, 2048, 2048, 2048]","[2048, 2048, 2048, 2048, 2048, 2048, 2048, 2048, 2048]","[2048, 2048, 2048, 2048, 2048, 2048, 2048, 2064, 2064]",166.0
1252,9461,44,11,2024-12-06T09:52:45.465000+00:00,22.952,44.173,40.097,159.0,238.0,False,107.222,"[2048, 2048, 2048, 2048, 2048]","[2048, 2048, 2048, 2048, 2048, 2048, 2048, 2048, 2048]","[2048, 2048, 2048, 2048, 2048, 2048, 2048, 2064, 2064]",269.0
1252,9461,10,8,2024-12-06T09:52:55.298000+00:00,27.975,54.159,42.695,171.0,252.0,False,124.829,"[None, 2048, 2048, 2048, 2048]","[2048, 2048, 2048, 2048, 2048, 2048, 2048, 2048, 2048]","[2048, 2048, 2048, 2048, 2048, 2048, 2048, 2048, 2048]",202.0
1252,9461,14,7,2024-12-06T09:53:04.742000+00:00,30.638,62.243,49.736,182.0,252.0,False,142.617,"[2048, 2048, 2048, 2048, 2048]","[2048, 2048, 2048, 2048, 2048, 2048, 2048, 2048, 2048]","[2048, 2048, 2048, 2048, 2048, 2048, 2048, 2048, 2048]",279.0
1252,9461,39,7,2024-12-06T09:53:11.547000+00:00,18.15,37.546,32.588,283.0,314.0,False,88.284,"[2048, 2049, 2049, 2049, 2049]","[2049, 2049, 2048, 2048, 2049, 2049, 2048, 2048, 2048]","[2049, 2048, 2049, 2049, 2049, 2049, 2049, 2049]",321.0
1252,9461,24,6,2024-12-06T09:53:36.359000+00:00,18.103,37.414,31.459,279.0,312.0,False,86.976,"[2048, 2048, 2049, 2049, 2048]","[2048, 2049, 2048, 2048, 2048, 2049, 2049, 2049, 2048]","[2049, 2048, 2049, 2049, 2049, 2049, 2049, 2049, 2048]",321.0
1252,9461,39,8,2024-12-06T09:54:39.689000+00:00,25.814,70.352,49.646,129.0,138.0,False,145.812,"[None, 2048, 2048, 2048, 2048]","[2048, 2048, 2048, 2048, 2048, 2048, 2048, 2048, 2048]","[2048, 2048, 2048, 2048, 2048, 2048, 2048, 2048, 2048]",171.0
1252,9461,10,9,2024-12-06T09:55:00.155000+00:00,17.73,37.052,31.291,283.0,312.0,False,86.073,"[2049, 2048, 2049, 2049, 2048]","[2048, 2049, 2048, 2048, 2048, 2051, 2048, 2049, 2049]","[2049, 2048, 2049, 2049, 2049, 2049, 2049, 2049, 2049]",320.0
1252,9461,28,5,2024-12-06T09:55:01.818000+00:00,,55.472,40.567,215.0,268.0,True,536.164,"[None, 2064, 2064, 2064, 2048]","[2048, 2048, 2048, 2048, 2048, 2048, 2048, 2048, 2048]","[2049, 2049, 2049, 2048, 2048, 2048, 2048, 2064, 2064]",121.0
1252,9461,24,7,2024-12-06T09:55:03.178000+00:00,24.776,66.087,52.386,158.0,199.0,False,143.249,"[None, 2048, 2048, 2048, 2048]","[2048, 2048, 2048, 2048, 2048, 2048, 2048, 2048, 2048]","[2048, 2048, 2048, 2048, 2048, 2048, 2048, 2048, 2048]",185.0
1252,9461,14,8,2024-12-06T09:55:27.338000+00:00,17.623,37.286,31.279,285.0,316.0,False,86.188,"[None, 2049, 2049, 2049, 2049]","[2049, 2048, 2049, 2049, 2048, 2048, 2049, 2049, 2049]","[2049, 2049, 2048, 2049, 2049, 2049, 2048, 2048]",322.0
1252,9461,30,10,2024-12-06T09:55:35.124000+00:00,,52.738,50.503,205.0,254.0,True,358.622,"[2064, 2064, 2064, 2064, 2048]","[2048, 2048, 2048, 2048, 2048, 2048, 2048, 2048, 2048]","[2048, 2048, 2048, 2048, 2048, 2048, 2048, 2048, 2048]",238.0
1252,9461,34,5,2024-12-06T09:55:40.413000+00:00,,44.73,46.0,242.0,204.0,True,793.278,"[2064, 2064, 2064, 2064, 2048]","[2048, 2048, 2048, 2049, 2048, 2048, 2048, 2049, 2048]","[2048, 2048, 2048, 2048, 2048, 2048, 2048, 2048, 2048]",211.0
1252,9461,10,10,2024-12-06T09:56:26.042000+00:00,28.286,63.25,51.772,154.0,233.0,False,143.308,"[2048, 2048, 2048, 2048, 2048]","[2048, 2048, 2048, 2048, 2048, 2048, 2048, 2048, 2048]","[2048, 2048, 2048, 2048, 2048, 2048, 2048, 2048, 2048]",148.0
1252,9461,14,9,2024-12-06T09:56:53.950000+00:00,23.597,78.229,49.034,237.0,238.0,False,150.86,"[None, 2048, 2048, 2048, 2048]","[2048, 2048, 2048, 2048, 2048, 2048, 2048, 2048, 2048]","[2048, 2048, 2048, 2048, 2048, 2048, 2048, 2048, 2048]",248.0
1252,9461,37,8,2024-12-06T09:56:55.779000+00:00,,49.628,56.872,124.0,217.0,True,837.961,"[2064, 2064, 2064, 2064, 2048]","[2048, 2048, 2048, 2048, 2048, 2048, 2048, 2048, 2048]","[2048, 2048, 2048, 2048, 2048, 2048, 2048, 2048, 2049]",242.0
1252,9461,39,9,2024-12-06T09:57:05.694000+00:00,18.007,37.383,32.207,285.0,315.0,False,87.597,"[None, 2048, 2049, 2049, 2049]","[2049, 2049, 2048, 2048, 2048, 2049, 2049, 2049, 2048]","[2049, 2048, 2049, 2049, 2049, 2048, 2048, 2049, 2048]",321.0
1252,9461,24,8,2024-12-06T09:57:26.547000+00:00,18.001,37.207,31.174,283.0,316.0,False,86.382,"[2049, 2049, 2049, 2049, 2049]","[2049, 2048, 2049, 2048, 2048, 2049, 2049, 2049, 2049]","[2049, 2049, 2049, 2048, 2049, 2049, 2049, 2051, 2049]",322.0
1252,9461,34,6,2024-12-06T09:57:35.196000+00:00,17.845,37.194,31.875,286.0,321.0,False,86.914,"[2049, 2049, 2048, 2049, 2049]","[2049, 2049, 2049, 2049, 2049, 2049, 2049, 2049, 2049]","[2049, 2049, 2049, 2049, 2048, 2049, 2049, 2049, 2049]",327.0
1252,9461,63,10,2024-12-06T09:57:38.671000+00:00,,50.476,41.394,189.0,239.0,True,560.604,"[2064, 2064, 2064, 2064, 2048]","[2048, 2048, 2048, 2048, 2048, 2048, 2048, 2048, 2048]","[2048, 2048, 2048, 2048, 2048, 2048, 2048, 2048, 2051]",219.0
1252,9461,30,11,2024-12-06T09:57:44.213000+00:00,17.805,36.941,31.673,288.0,322.0,False,86.419,"[2048, 2048, 2049, 2048, 2049]","[2049, 2048, 2048, 2048, 2048, 2048, 2049, 2049, 2049]","[2048, 2048, 2049, 2048, 2049, 2048, 2048, 2049, 2048]",327.0
1252,9461,20,9,2024-12-06T09:57:46.795000+00:00,,47.134,48.462,233.0,185.0,True,807.982,"[2064, 2064, 2064, 2064, 2048]","[2048, 2048, 2048, 2048, 2048, 2048, 2048, 2048, 2048]","[2048, 2048, 2048, 2048, 2048, 2048, 2048, 2048, 2051]",198.0
1252,9461,11,10,2024-12-06T09:58:00.869000+00:00,,46.925,41.501,224.0,223.0,True,569.613,"[2064, 2064, 2064, 2064, 2048]","[2048, 2048, 2048, 2048, 2048, 2048, 2048, 2048, 2048]","[2048, 2048, 2048, 2048, 2048, 2048, 2048, 2048, 2048]",217.0
1252,9461,4,10,2024-12-06T09:58:28.419000+00:00,,48.298,48.512,216.0,280.0,True,723.828,"[2064, 2064, 2064, 2064, 2048]","[2048, 2048, 2048, 2048, 2048, 2048, 2048, 2048, 2048]","[2048, 2048, 2048, 2048, 2048, 2048, 2048, 2048, 0]",281.0
1252,9461,27,9,2024-12-06T09:58:31.698000+00:00,,56.341,45.644,218.0,201.0,True,838.967,"[2064, 2064, 2064, 2064, 2048]","[2048, 2048, 2048, 2048, 2048, 2048, 2048, 2048, 2048]","[2048, 2048, 2048, 2048, 2048, 2048, 2048, 2048, 2049]",202.0
1252,9461,39,10,2024-12-06T09:58:33.211000+00:00,23.56,49.917,41.72,201.0,216.0,False,115.197,"[None, 2048, 2048, 2048, 2048]","[2048, 2048, 2048, 2048, 2048, 2048, 2048, 2048, 2048]","[2048, 2048, 2048, 2048, 2048, 2048, 2048, 2048, 2048]",233.0
1252,9461,46,9,2024-12-06T09:58:35.151000+00:00,,48.714,49.253,166.0,184.0,True,687.277,"[2064, 2064, 2064, 2064, 2048]","[2048, 2048, 2048, 2048, 2048, 2048, 2048, 2048, 2048]","[2048, 2048, 2048, 2048, 2048, 2048, 2048, 2048, 2048]",175.0
1252,9461,40,9,2024-12-06T09:58:48.285000+00:00,,51.693,50.03,166.0,266.0,True,575.174,"[2064, 2064, 2064, 2064, 2048]","[2048, 2048, 2048, 2048, 2048, 2048, 2048, 2048, 2048]","[2048, 2048, 2048, 2048, 2048, 2048, 2048, 2048, 2049]",226.0
1252,9461,10,11,2024-12-06T09:58:49.464000+00:00,29.976,57.124,58.172,172.0,159.0,False,145.272,"[None, 2048, 2048, 2048, 2048]","[2048, 2048, 2048, 2048, 2048, 2048, 2048, 2048, 2048]","[2048, 2048, 2048, 2048, 2048, 2048, 2048, 2048, 2048]",186.0
1252,9461,24,9,2024-12-06T09:58:52.810000+00:00,28.422,65.707,49.729,121.0,247.0,False,143.858,"[2048, 2048, 2048, 2048, 2048]","[2048, 2048, 2048, 2048, 2048, 2048, 2048, 2048, 2048]","[2048, 2048, 2048, 2048, 2048, 2048, 2048, 2048, 2048]",131.0
1252,9461,77,8,2024-12-06T09:59:00.223000+00:00,,49.391,51.995,164.0,271.0,True,1012.657,"[2064, 2064, 2064, 2064, 2048]","[2048, 2048, 2048, 2048, 2048, 2048, 2048, 2048, 2048]","[2048, 2048, 2048, 2048, 2048, 2048, 2048, 2048, 2048]",215.0
1252,9461,34,7,2024-12-06T09:59:02.062000+00:00,27.339,64.186,50.877,232.0,119.0,False,142.402,"[2048, 2048, 2048, 2048, 2048]","[2048, 2048, 2048, 2048, 2048, 2048, 2048, 2048, 2048]","[2048, 2048, 2048, 2048, 2048, 2048, 2048, 2048, 2048]",136.0
1252,9461,37,9,2024-12-06T09:59:09.223000+00:00,17.906,36.961,31.275,286.0,320.0,False,86.142,"[2049, 2048, 2049, 2049, 2049]","[2049, 2049, 2049, 2049, 2049, 2049, 2051, 2049, 2049]","[2049, 2049, 2049, 2049, 2049, 2049, 2049, 2049]",327.0
1252,9461,30,12,2024-12-06T09:59:10.564000+00:00,28.095,64.608,49.235,150.0,231.0,False,141.938,"[None, 2048, 2048, 2048, 2048]","[2048, 2048, 2048, 2048, 2048, 2048, 2048, 2048, 2048]","[2048, 2048, 2048, 2048, 2048, 2048, 2048, 2048, 2048]",83.0
1252,9461,14,10,2024-12-06T09:59:24.465000+00:00,33.591,61.091,51.509,192.0,113.0,False,146.191,"[None, 2048, 2048, 2048, 2048]","[2048, 2048, 2048, 2048, 2048, 2048, 2048, 2048, 2048]","[2048, 2048, 2048, 2048, 2048, 2048, 2048, 2048]",271.0
1252,9461,63,11,2024-12-06T09:59:38.619000+00:00,17.424,36.776,31.21,284.0,318.0,False,85.41,"[2048, 2049, 2049, 2049, 2048]","[2048, 2049, 2048, 2048, 2048, 2049, 2048, 2048, 2048]","[2049, 2048, 2048, 2048, 2051, 2051, 2048, 2048, 2048]",323.0
1252,9461,20,10,2024-12-06T09:59:46.548000+00:00,17.669,36.842,31.395,284.0,317.0,False,85.906,"[2049, 2048, 2049, 2049, 2049]","[2048, 2048, 2051, 2049, 2049, 2051, 2048, 2049, 2049]","[2049, 2049, 2049, 2049, 2049, 2048, 2048, 2048]",324.0
1252,9461,11,11,2024-12-06T09:59:51.776000+00:00,17.621,36.676,31.354,288.0,322.0,False,85.651,"[2049, 2049, 2049, 2049, 2051]","[2048, 2049, 2049, 2049, 2048, 2049, 2049, 2049, 2048]","[2048, 2049, 2049, 2049, 2049, 2049, 2048, 2048]",329.0
1252,9461,16,1,2024-12-06T10:00:24.069000+00:00,,47.421,36.906,244.0,285.0,True,,"[2064, 2064, 2064, 2064, 2049]","[2049, 2049, 2049, 2049, 2049, 2049, 2049, 2049, 2049]","[2049, 2049, 2049, 2049, 2049, 2049, 2049, 2049, 2049]",172.0
1252,9461,39,11,2024-12-06T10:00:28.474000+00:00,18.292,37.987,32.23,282.0,301.0,False,88.509,"[None, 2048, 2048, 2048, 2048]","[2049, 2049, 2048, 2048, 2048, 2048, 2048, 2048, 2048]","[2048, 2049, 2049, 2048, 2048, 2049, 2048, 2048, 2048]",304.0
1252,9461,37,10,2024-12-06T10:00:35.280000+00:00,27.752,61.952,58.466,198.0,201.0,False,148.17,"[2048, 2048, 2048, 2048, 2048]","[2048, 2048, 2048, 2048, 2048, 2048, 2048, 2048, 2048]","[2048, 2048, 2048, 2048, 2048, 2048, 2048, 2048, 2048]",114.0
1252,9461,4,11,2024-12-06T10:00:39.021000+00:00,17.281,36.491,30.77,285.0,312.0,False,84.542,"[2049, 2051, 2051, 2051, 2049]","[2049, 2051, 2049, 2049, 2048, 2049, 2049, 2049, 2048]","[2051, 2048, 2048, 2051, 2051, 2048, 2048, 2051, 2048]",317.0
1252,9461,27,10,2024-12-06T10:00:50.500000+00:00,17.7,36.639,31.034,284.0,320.0,False,85.373,"[2049, 2049, 2049, 2048, 2048]","[2049, 2049, 2051, 2049, 2049, 2049, 2049, 2049, 2049]","[2049, 2048, 2049, 2049, 2049, 2049, 2049, 2049]",325.0
1252,9461,46,10,2024-12-06T10:00:57.712000+00:00,17.814,36.89,31.815,285.0,317.0,False,86.519,"[2048, 2049, 2049, 2049, 2048]","[2049, 2048, 2049, 2049, 2049, 2049, 2051, 2049, 2048]","[2049, 2048, 2049, 2049, 2049, 2049, 2049, 2049, 2048]",322.0
1252,9461,40,10,2024-12-06T10:01:03.824000+00:00,18.674,38.842,32.369,283.0,315.0,False,89.885,"[2049, 2049, 2048, 2049, 2049]","[2049, 2049, 2049, 2049, 2049, 2048, 2049, 2049, 2049]","[2049, 2049, 2049, 2049, 2049, 2049, 2049, 2049]",324.0
1252,9461,63,12,2024-12-06T10:01:03.947000+00:00,33.048,66.391,57.95,149.0,90.0,False,157.389,"[None, 2048, 2048, 2048, 2048]","[2048, 2048, 2048, 2048, 2048, 2048, 2048, 2048, 2048]","[2048, 2048, 2048, 2048, 2048, 2048, 2048, 2064, 2064]",164.0
1252,9461,77,9,2024-12-06T10:01:08.568000+00:00,17.708,36.674,31.476,280.0,321.0,False,85.858,"[2049, 2049, 2049, 2049, 2049]","[2049, 2049, 2048, 2049, 2049, 2051, 2048, 2049, 2049]","[2049, 2049, 2049, 2048, 2049, 2049, 2049, 2049]",324.0
1252,9461,20,11,2024-12-06T10:01:12.286000+00:00,37.328,70.891,62.293,143.0,128.0,False,170.512,"[2048, 2048, 2048, 2048, 2048]","[2048, 2048, 2048, 2048, 2048, 2048, 2048, 2048, 2048]","[2048, 2048, 2048, 2048, 2048, 2048, 2048, 2064, 2064]",105.0
1252,9461,10,12,2024-12-06T10:01:14.738000+00:00,18.258,48.676,48.747,222.0,188.0,False,115.681,"[None, 2049, 2048, 2048, 2048]","[2048, 2048, 2048, 2048, 2048, 2048, 2048, 2048, 2048]","[2048, 2048, 2048, 2048, 2048, 2048, 2048, 2048, 2048]",198.0
1252,9461,43,10,2024-12-06T10:01:16.295000+00:00,,41.094,38.91,276.0,300.0,True,558.437,"[2064, 2064, 2064, 2064, 2048]","[2048, 2048, 2048, 2048, 2048, 2048, 2048, 2048, 2048]","[2048, 2048, 2048, 2048, 2048, 2048, 2048, 2048, 2048]",326.0
1252,9461,24,10,2024-12-06T10:01:16.739000+00:00,20.888,39.602,32.668,244.0,286.0,False,93.158,"[None, 2048, 2048, 2048, 2048]","[2048, 2048, 2048, 2048, 2048, 2048, 2048, 2048, 2048]","[2048, 2048, 2048, 2048, 2048, 2048, 2048, 2048, 2048]",295.0
1252,9461,11,12,2024-12-06T10:01:17.396000+00:00,25.889,66.244,61.257,163.0,107.0,False,153.39,"[2048, 2048, 2048, 2048, 2048]","[2048, 2048, 2048, 2048, 2048, 2048, 2048, 2048, 2048]","[2048, 2048, 2048, 2048, 2048, 2048, 2048, 2064, 2064]",162.0
1252,9461,34,8,2024-12-06T10:01:24.602000+00:00,25.874,51.987,41.551,199.0,175.0,False,119.412,"[None, 2048, 2048, 2048, 2048]","[2048, 2048, 2048, 2048, 2048, 2048, 2048, 2048, 2048]","[2048, 2048, 2048, 2048, 2048, 2048, 2048, 2048, 2049]",202.0
1252,9461,30,13,2024-12-06T10:01:32.539000+00:00,26.277,53.446,51.467,204.0,103.0,False,131.19,"[None, 2048, 2048, 2048, 2048]","[2048, 2048, 2048, 2048, 2048, 2048, 2048, 2048, 2048]","[2048, 2048, 2048, 2048, 2048, 2048, 2048, 2048, 2048]",158.0
1252,9461,44,12,2024-12-06T10:01:36.763000+00:00,,47.544,44.399,223.0,134.0,True,542.982,"[2064, 2064, 2064, 2064, 2048]","[2048, 2048, 2048, 2048, 2048, 2048, 2048, 2048, 2048]","[2048, 2048, 2048, 2048, 2048, 2048, 2048, 2048, 0]",226.0
1252,9461,14,11,2024-12-06T10:01:51.247000+00:00,17.668,36.973,31.262,285.0,318.0,False,85.903,"[2049, 2049, 2048, 2048, 2048]","[2048, 2049, 2048, 2049, 2051, 2049, 2049, 2049, 2049]","[2049, 2048, 2049, 2049, 2048, 2049, 2049, 2049, 2048]",326.0
1252,9461,39,12,2024-12-06T10:01:56.987000+00:00,18.159,38.174,32.632,275.0,298.0,False,88.965,"[None, 2049, 2049, 2048, 2048]","[2048, 2048, 2048, 2048, 2048, 2048, 2048, 2048, 2048]","[2048, 2049, 2048, 2048, 2048, 2048, 2048, 2048, 2048]",295.0
1252,9461,4,12,2024-12-06T10:02:04.853000+00:00,24.199,53.672,53.946,180.0,147.0,False,131.817,"[2048, 2048, 2048, 2048, 2048]","[2048, 2048, 2048, 2048, 2048, 2048, 2048, 2048, 2048]","[2048, 2048, 2048, 2048, 2048, 2048, 2048, 2048, 2048]",203.0
1252,9461,16,2,2024-12-06T10:02:14.544000+00:00,18.02,37.393,31.591,283.0,315.0,False,87.004,"[2049, 2049, 2049, 2049, 2049]","[2049, 2049, 2049, 2049, 2049, 2049, 2049, 2049, 2049]","[2049, 2049, 2049, 2049, 2049, 2049, 2049, 2049, 2049]",321.0
1252,9461,27,11,2024-12-06T10:02:15.796000+00:00,26.332,55.402,47.451,172.0,176.0,False,129.185,"[2048, 2048, 2048, 2048, 2048]","[2048, 2048, 2048, 2048, 2048, 2048, 2048, 2048, 2048]","[2048, 2048, 2048, 2048, 2048, 2048, 2048, 2064, 2064]",168.0
1252,9461,46,11,2024-12-06T10:02:24.098000+00:00,27.277,60.695,54.783,172.0,118.0,False,142.755,"[None, 2048, 2048, 2048, 2048]","[2048, 2048, 2048, 2048, 2048, 2048, 2048, 2048, 2048]","[2048, 2048, 2048, 2048, 2048, 2048, 2048, 2048, 2048]",175.0
1252,9461,40,11,2024-12-06T10:02:33.672000+00:00,22.524,62.635,63.768,193.0,167.0,False,148.927,"[None, 2048, 2048, 2048, 2048]","[2048, 2048, 2048, 2048, 2048, 2048, 2048, 2048, 2048]","[2048, 2048, 2048, 2048, 2048, 2048, 2048, 2048, 2048]",215.0
1252,9461,77,10,2024-12-06T10:02:34.220000+00:00,28.035,63.038,48.481,147.0,161.0,False,139.554,"[2048, 2048, 2048, 2048, 2048]","[2048, 2048, 2048, 2048, 2048, 2048, 2048, 2048, 2048]","[2048, 2048, 2048, 2048, 2048, 2048, 2048, 2064, 2064]",143.0
1252,9461,24,11,2024-12-06T10:02:49.934000+00:00,18.15,38.691,32.3,276.0,286.0,False,89.141,"[None, 2048, 2048, 2048, 2048]","[2048, 2048, 2048, 2048, 2048, 2048, 2048, 2048, 2048]","[2048, 2048, 2048, 2048, 2048, 2048, 2048, 2048, 2048]",290.0
1252,9461,43,11,2024-12-06T10:02:59.761000+00:00,17.47,36.589,31.323,288.0,320.0,False,85.382,"[2048, 2048, 2049, 2049, 2049]","[2049, 2049, 2049, 2048, 2048, 2049, 2048, 2051, 2049]","[2049, 2049, 2048, 2049, 2048, 2049, 2049, 2049, 2048]",323.0
1252,9461,28,6,2024-12-06T10:03:03.084000+00:00,,53.871,42.039,190.0,276.0,True,478.394,"[None, 2064, 2064, 2064, 2048]","[2048, 2048, 2049, 2049, 2048, 2048, 2048, 2048, 2048]","[2049, 2048, 2048, 2048, 2049, 2048, 2048, 2064, 2064]",218.0
1252,9461,37,11,2024-12-06T10:03:03.547000+00:00,32.282,54.946,57.619,136.0,226.0,False,144.847,"[None, 2048, 2048, 2048, 2048]","[2048, 2048, 2048, 2048, 2048, 2048, 2048, 2048, 2048]","[2048, 2048, 2048, 2048, 2048, 2048, 2048, 2048, 2048]",217.0
1252,9461,10,13,2024-12-06T10:03:10.447000+00:00,17.736,37.058,31.3,285.0,315.0,False,86.094,"[None, 2048, 2048, 2048, 2049]","[2049, 2048, 2048, 2049, 2048, 2048, 2048, 2049, 2049]","[2049, 2048, 2049, 2048, 2048, 2048, 2048, 2049, 2048]",320.0
1252,9461,14,12,2024-12-06T10:03:16.424000+00:00,19.579,48.481,45.247,261.0,244.0,False,113.307,"[2048, 2048, 2048, 2048, 2048]","[2048, 2048, 2048, 2048, 2048, 2048, 2048, 2048, 2048]","[2048, 2048, 2048, 2048, 2048, 2048, 2048, 2064, 2064]",206.0
1252,9461,34,9,2024-12-06T10:03:23.923000+00:00,17.71,37.317,31.917,285.0,319.0,False,86.944,"[2049, 2049, 2049, 2049, 2049]","[2049, 2048, 2049, 2049, 2049, 2048, 2048, 2048, 2048]","[2049, 2048, 2048, 2049, 2048, 2048, 2048, 2049, 2048]",324.0
1252,9461,39,13,2024-12-06T10:03:25.999000+00:00,18.132,38.559,38.24,277.0,298.0,False,94.931,"[None, 2049, 2048, 2048, 2048]","[2048, 2048, 2048, 2048, 2048, 2048, 2048, 2048, 2048]","[2048, 2048, 2048, 2048, 2048, 2048, 2048, 2064, 2064]",300.0
1252,9461,44,13,2024-12-06T10:03:36.347000+00:00,17.373,36.537,30.896,285.0,320.0,False,84.806,"[2049, 2048, 2049, 2049, 2049]","[2049, 2049, 2049, 2049, 2048, 2049, 2049, 2051, 2049]","[2049, 2051, 2048, 2048, 2049, 2049, 2048, 2048]",324.0
1252,9461,16,3,2024-12-06T10:03:41.450000+00:00,25.513,60.909,51.076,150.0,167.0,False,137.498,"[None, 2048, 2048, 2048, 2048]","[2048, 2048, 2048, 2048, 2048, 2048, 2048, 2048, 2048]","[2048, 2048, 2048, 2048, 2048, 2048, 2048, 2048, 2048]",135.0
1252,9461,30,14,2024-12-06T10:03:43.815000+00:00,17.744,36.788,31.718,287.0,323.0,False,86.25,"[2049, 2048, 2049, 2048, 2049]","[2048, 2048, 2049, 2049, 2049, 2048, 2049, 2049, 2049]","[2049, 2048, 2048, 2048, 2048, 2049, 2049, 2048, 2048]",328.0
1252,9461,63,13,2024-12-06T10:04:06.590000+00:00,56.341,62.593,46.442,141.0,172.0,True,165.376,"[2064, 2064, 2064, 2064, 2048]","[2048, 2048, 2048, 2048, 2048, 2048, 2048, 2048, 2048]","[2048, 2048, 2048, 2048, 2048, 2048, 2048, 2048, 2048]",186.0
1252,9461,4,13,2024-12-06T10:04:15.501000+00:00,32.688,66.507,52.423,158.0,138.0,False,151.618,"[None, 2048, 2048, 2048, 2048]","[2048, 2048, 2048, 2048, 2048, 2048, 2048, 2048, 2048]","[2048, 2048, 2048, 2048, 2048, 2048, 2048, 2048, 2048]",142.0
1252,9461,24,12,2024-12-06T10:04:19.117000+00:00,18.163,38.89,32.181,271.0,281.0,False,89.234,"[None, 2048, 2049, 2049, 2048]","[2048, 2048, 2048, 2048, 2048, 2048, 2048, 2048, 2048]","[2048, 2048, 2048, 2048, 2048, 2048, 2048, 2048, 2048]",286.0
1252,9461,11,13,2024-12-06T10:04:23.911000+00:00,62.321,53.246,43.329,171.0,202.0,True,158.896,"[2064, 2064, 2064, 2064, 2048]","[2048, 2048, 2048, 2048, 2048, 2048, 2048, 2048, 2048]","[2048, 2048, 2048, 2048, 2048, 2048, 2048, 2048, 2048]",226.0
1252,9461,43,12,2024-12-06T10:04:25.079000+00:00,23.723,53.18,54.893,158.0,175.0,False,131.796,"[None, 2048, 2048, 2048, 2048]","[2048, 2048, 2048, 2048, 2048, 2048, 2048, 2048, 2048]","[2048, 2048, 2048, 2048, 2048, 2048, 2048, 2064, 2064]",250.0
1252,9461,10,14,2024-12-06T10:04:36.517000+00:00,19.275,51.843,45.365,261.0,239.0,False,116.483,"[None, 2048, 2048, 2048, 2048]","[2048, 2048, 2048, 2048, 2048, 2048, 2048, 2048, 2048]","[2048, 2048, 2048, 2048, 2048, 2048, 2048, 2064, 2064]",239.0
1252,9461,20,12,2024-12-06T10:04:43.117000+00:00,68.223,57.621,53.769,162.0,259.0,True,179.613,"[2064, 2064, 2064, 2064, 2048]","[2048, 2048, 2048, 2048, 2048, 2048, 2048, 2048, 2048]","[2048, 2048, 2048, 2048, 2048, 2048, 2048, 2048, 2051]",163.0
1252,9461,46,12,2024-12-06T10:04:46.892000+00:00,25.88,50.942,50.113,198.0,175.0,False,126.935,"[None, 2048, 2048, 2048, 2048]","[2048, 2048, 2048, 2048, 2048, 2048, 2048, 2048, 2048]","[2048, 2048, 2048, 2048, 2048, 2048, 2048, 2048, 2048]",244.0
1252,9461,34,10,2024-12-06T10:04:50.962000+00:00,29.166,62.342,47.206,145.0,88.0,False,138.714,"[2048, 2048, 2048, 2048, 2048]","[2048, 2048, 2048, 2048, 2048, 2048, 2048, 2048, 2048]","[2048, 2048, 2048, 2048, 2048, 2048, 2048, 2048, 2048]",177.0
1252,9461,44,14,2024-12-06T10:05:00.372000+00:00,28.615,72.687,71.398,135.0,128.0,False,172.7,"[2048, 2048, 2048, 2048, 2048]","[2048, 2048, 2048, 2048, 2048, 2048, 2048, 2048, 2048]","[2048, 2048, 2048, 2048, 2048, 2048, 2048, 2064, 2064]",112.0
1252,9461,40,12,2024-12-06T10:05:02.682000+00:00,18.107,37.281,32.295,284.0,317.0,False,87.683,"[2048, 2048, 2049, 2049, 2049]","[2049, 2049, 2048, 2049, 2049, 2049, 2049, 2049, 2049]","[2049, 2048, 2049, 2049, 2048, 2048, 2049, 2048]",326.0
1252,9461,77,11,2024-12-06T10:05:09.011000+00:00,46.529,62.486,58.949,177.0,112.0,True,167.964,"[2064, 2064, 2064, 2064, 2048]","[2048, 2048, 2048, 2048, 2048, 2048, 2048, 2048, 2048]","[2048, 2048, 2048, 2048, 2048, 2048, 2048, 2048, 2048]",231.0
1252,9461,30,15,2024-12-06T10:05:09.949000+00:00,19.411,41.619,38.121,265.0,274.0,False,99.151,"[2048, 2048, 2048, 2048, 2048]","[2048, 2048, 2048, 2048, 2048, 2048, 2048, 2048, 2048]","[2048, 2048, 2048, 2048, 2048, 2048, 2048, 2064, 2064]",285.0
1252,9461,37,12,2024-12-06T10:05:28.553000+00:00,17.816,36.743,31.318,285.0,319.0,False,85.877,"[2049, 2049, 2049, 2048, 2048]","[2049, 2049, 2049, 2048, 2048, 2049, 2048, 2049, 2048]","[2049, 2049, 2049, 2048, 2049, 2049, 2048, 2048, 2048]",325.0
1252,9461,27,12,2024-12-06T10:05:36.052000+00:00,,61.122,46.625,137.0,243.0,True,208.488,"[2064, 2064, 2064, 2064, 2048]","[2048, 2048, 2048, 2048, 2048, 2048, 2048, 2048, 2048]","[2048, 2048, 2048, 2048, 2048, 2048, 2048, 2048, 2048]",158.0
1252,9461,24,13,2024-12-06T10:05:48.280000+00:00,18.123,38.726,31.916,273.0,284.0,False,88.765,"[None, 2048, 2049, 2048, 2048]","[2048, 2048, 2048, 2048, 2048, 2048, 2048, 2048, 2048]","[2048, 2048, 2048, 2048, 2048, 2048, 2048, 2048, 2048]",288.0
1252,9461,14,13,2024-12-06T10:05:49.129000+00:00,63.944,48.226,46.73,218.0,264.0,True,158.9,"[2064, 2064, 2064, 2064, 2048]","[2048, 2048, 2048, 2048, 2048, 2048, 2048, 2048, 2048]","[2048, 2048, 2048, 2048, 2048, 2048, 2048, 2048, 2048]",251.0
1252,9461,16,4,2024-12-06T10:05:59.151000+00:00,17.771,37.056,31.38,285.0,317.0,False,86.207,"[None, 2049, 2049, 2049, 2049]","[2049, 2049, 2049, 2049, 2049, 2049, 2049, 2049, 2049]","[2049, 2048, 2049, 2049, 2049, 2049, 2048, 2049]",323.0
1252,9461,63,14,2024-12-06T10:06:26.928000+00:00,17.463,36.791,30.911,284.0,317.0,False,85.165,"[2048, 2048, 2049, 2048, 2048]","[2049, 2049, 2048, 2048, 2048, 2048, 2049, 2048, 2048]","[2048, 2049, 2048, 2048, 2049, 2048, 2048, 2049, 2048]",322.0
1252,9461,11,14,2024-12-06T10:06:29.724000+00:00,17.621,36.663,31.199,288.0,324.0,False,85.483,"[2048, 2049, 2049, 2048, 2048]","[2048, 2048, 2048, 2048, 2051, 2049, 2049, 2049, 2051]","[2048, 2048, 2048, 2048, 2049, 2049, 2049, 2049]",330.0
1252,9461,40,13,2024-12-06T10:06:30.205000+00:00,23.269,56.752,48.997,175.0,188.0,False,267.982,"[2049, 2048, 2048, 2048, 2048]","[2048, 2048, 2048, 2048, 2048, 2048, 2048, 2048, 2048]","[2048, 2048, 2048, 2048, 2048, 2048, 2048, 2048, 2048]",222.0
1252,9461,4,14,2024-12-06T10:06:47.093000+00:00,17.494,36.852,37.072,283.0,312.0,False,91.418,"[None, 2048, 2048, 2048, 2048]","[2048, 2051, 2048, 2048, 2048, 2048, 2048, 2048, 2048]","[2048, 2049, 2049, 2048, 2048, 2048, 2048, 2064, 2064]",318.0
1252,9461,46,13,2024-12-06T10:06:53.924000+00:00,17.814,36.976,31.851,283.0,316.0,False,86.641,"[None, 2049, 2049, 2048, 2048]","[2048, 2049, 2048, 2049, 2049, 2048, 2048, 2048, 2048]","[2049, 2048, 2048, 2048, 2048, 2048, 2048, 2048]",324.0
1252,9461,37,13,2024-12-06T10:06:54.221000+00:00,27.628,51.458,43.824,163.0,130.0,False,122.91,"[2048, 2048, 2048, 2048, 2048]","[2048, 2048, 2048, 2048, 2048, 2048, 2048, 2048, 2048]","[2048, 2048, 2048, 2048, 2048, 2048, 2048, 2064, 2064]",265.0
1252,9461,20,13,2024-12-06T10:07:02.495000+00:00,17.696,36.77,30.978,282.0,317.0,False,85.444,"[2049, 2049, 2048, 2048, 2048]","[2048, 2049, 2048, 2048, 2049, 2048, 2049, 2049, 2049]","[2048, 2049, 2048, 2048, 2049, 2049, 2049, 2049]",324.0
1252,9461,34,11,2024-12-06T10:07:09.548000+00:00,17.767,37.276,31.642,285.0,318.0,False,86.685,"[None, 2049, 2048, 2048, 2049]","[2049, 2049, 2048, 2048, 2048, 2048, 2048, 2048, 2049]","[2048, 2049, 2049, 2049, 2049, 2048, 2048, 2048]",323.0
1252,9461,24,14,2024-12-06T10:07:17.121000+00:00,17.963,38.507,31.999,280.0,290.0,False,88.469,"[None, 2048, 2049, 2049, 2049]","[2048, 2048, 2048, 2048, 2048, 2048, 2048, 2048, 2048]","[2048, 2048, 2048, 2048, 2048, 2048, 2048, 2048, 2048]",297.0
1252,9461,16,5,2024-12-06T10:07:25.151000+00:00,28.038,59.331,48.096,118.0,181.0,False,135.465,"[2048, 2048, 2048, 2048, 2048]","[2048, 2048, 2048, 2048, 2048, 2048, 2048, 2048, 2048]","[2048, 2048, 2048, 2048, 2048, 2048, 2048, 2048, 2048]",162.0
1252,9461,77,12,2024-12-06T10:07:41.848000+00:00,17.773,36.877,30.961,278.0,313.0,False,85.611,"[2048, 2049, 2049, 2048, 2048]","[2049, 2049, 2048, 2048, 2048, 2048, 2048, 2048, 2048]","[2048, 2048, 2048, 2049, 2051, 2051, 2049, 2049, 2049]",320.0
1252,9461,14,14,2024-12-06T10:07:48.796000+00:00,17.784,63.842,48.001,285.0,253.0,False,129.627,"[2048, 2048, 2048, 2048, 2048]","[2048, 2048, 2048, 2048, 2048, 2048, 2048, 2048, 2048]","[2048, 2048, 2048, 2048, 2048, 2048, 2048, 2048, 2048]",220.0
1252,9461,63,15,2024-12-06T10:07:51.887000+00:00,26.331,48.453,41.571,198.0,231.0,False,116.355,"[None, 2048, 2048, 2048, 2048]","[2048, 2048, 2048, 2048, 2048, 2048, 2048, 2048, 2048]","[2048, 2048, 2048, 2048, 2048, 2048, 2048, 2064, 2064]",246.0
1252,9461,27,13,2024-12-06T10:07:53.648000+00:00,17.652,36.817,32.162,283.0,316.0,False,86.631,"[2048, 2048, 2049, 2049, 2048]","[2048, 2048, 2048, 2049, 2049, 2049, 2048, 2048, 2048]","[2049, 2049, 2048, 2051, 2048, 2049, 2049, 2049, 2048]",325.0
1252,9461,11,15,2024-12-06T10:07:55.087000+00:00,25.104,56.153,44.986,193.0,175.0,False,126.243,"[None, 2048, 2048, 2048, 2048]","[2048, 2048, 2048, 2048, 2048, 2048, 2048, 2048, 2048]","[2048, 2048, 2048, 2048, 2048, 2048, 2048, 2064, 2064]",196.0
1252,9461,46,14,2024-12-06T10:08:21.121000+00:00,23.309,49.379,45.112,230.0,206.0,False,117.8,"[None, 2048, 2048, 2048, 2048]","[2048, 2048, 2048, 2048, 2048, 2048, 2048, 2048, 2048]","[2048, 2048, 2048, 2048, 2048, 2048, 2048, 2064, 2064]",231.0
1252,9461,44,15,2024-12-06T10:08:21.132000+00:00,62.82,57.414,51.864,147.0,221.0,True,172.098,"[2064, 2064, 2064, 2064, 2048]","[2048, 2048, 2048, 2048, 2048, 2048, 2048, 2048, 2048]","[2048, 2048, 2048, 2048, 2048, 2048, 2048, 2048, 2048]",148.0
1252,9461,61,13,2024-12-06T10:08:27.510000+00:00,,60.989,47.004,139.0,193.0,True,987.765,"[2064, 2064, 2064, 2064, 2048]","[2048, 2048, 2048, 2048, 2048, 2048, 2048, 2048, 2048]","[2048, 2048, 2048, 2048, 2048, 2048, 2048, 2048, 2048]",176.0
1252,9461,20,14,2024-12-06T10:08:27.779000+00:00,21.626,48.611,40.662,224.0,246.0,False,110.899,"[2048, 2048, 2048, 2048, 2048]","[2048, 2048, 2048, 2048, 2048, 2048, 2048, 2048, 2048]","[2048, 2048, 2048, 2048, 2048, 2048, 2048, 2064, 2064]",180.0
1252,9461,34,12,2024-12-06T10:08:36.227000+00:00,17.631,38.101,31.998,282.0,292.0,False,87.73,"[None, 2048, 2049, 2049, 2049]","[2048, 2049, 2048, 2048, 2048, 2048, 2048, 2048, 2048]","[2048, 2049, 2048, 2048, 2048, 2048, 2049, 2048, 2048]",299.0
1252,9461,24,15,2024-12-06T10:08:45.469000+00:00,18.262,43.508,40.269,270.0,242.0,False,102.039,"[None, 2048, 2048, 2048, 2048]","[2048, 2048, 2048, 2048, 2048, 2048, 2048, 2048, 2048]","[2048, 2048, 2048, 2048, 2048, 2048, 2048, 2064, 2064]",273.0
1252,9461,43,13,2024-12-06T10:08:48.965000+00:00,,43.277,43.668,275.0,219.0,True,242.46,"[2064, 2064, 2064, 2064, 2048]","[2048, 2048, 2048, 2048, 2048, 2048, 2048, 2048, 2048]","[2048, 2048, 2048, 2048, 2048, 2048, 2048, 2048, 2048]",320.0
1252,9461,77,13,2024-12-06T10:09:07.679000+00:00,24.86,66.851,40.422,174.0,231.0,False,132.133,"[None, 2048, 2048, 2048, 2048]","[2048, 2048, 2048, 2048, 2048, 2048, 2048, 2048, 2048]","[2048, 2048, 2048, 2048, 2048, 2048, 2048, 2064, 2064]",150.0
1252,9461,27,14,2024-12-06T10:09:20.262000+00:00,20.842,42.56,37.977,254.0,252.0,False,101.379,"[None, 2048, 2048, 2048, 2048]","[2048, 2048, 2048, 2048, 2048, 2048, 2048, 2048, 2048]","[2048, 2048, 2048, 2048, 2048, 2048, 2048, 2064, 2064]",257.0
1252,9461,16,6,2024-12-06T10:09:40.716000+00:00,17.666,36.872,31.271,286.0,317.0,False,85.809,"[2049, 2049, 2049, 2049, 2049]","[2048, 2049, 2048, 2049, 2049, 2049, 2049, 2049, 2049]","[2049, 2048, 2049, 2048, 2049, 2049, 2049, 2048, 2049]",324.0
1252,9461,30,16,2024-12-06T10:09:43.791000+00:00,,54.864,45.017,199.0,268.0,True,301.632,"[2064, 2064, 2064, 2064, 2048]","[2048, 2048, 2048, 2048, 2048, 2048, 2048, 2048, 2048]","[2048, 2048, 2048, 2048, 2048, 2048, 2048, 2048, 2048]",142.0
1252,9461,14,15,2024-12-06T10:09:58.312000+00:00,17.58,37.136,31.328,284.0,316.0,False,86.044,"[2049, 2048, 2049, 2049, 2048]","[2048, 2049, 2048, 2048, 2048, 2048, 2048, 2048, 2048]","[2049, 2048, 2049, 2051, 2048, 2048, 2048, 2049, 2048]",322.0
1252,9461,34,13,2024-12-06T10:10:04.010000+00:00,17.808,38.109,32.189,283.0,290.0,False,88.106,"[None, 2048, 2048, 2048, 2049]","[2048, 2048, 2048, 2048, 2048, 2048, 2048, 2048, 2048]","[2048, 2048, 2048, 2048, 2048, 2048, 2048, 2048, 2048]",296.0
1252,9461,28,7,2024-12-06T10:10:16.140000+00:00,,40.481,39.992,260.0,297.0,True,415.039,"[None, 2064, 2064, 2064, 2049]","[2049, 2049, 2049, 2049, 2049, 2049, 2049, 2049, 2049]","[2049, 2049, 2049, 2049, 2049, 2048, 2048, 2048, 2049]",288.0
1252,9461,43,14,2024-12-06T10:10:39.399000+00:00,17.538,44.694,45.934,286.0,173.0,False,108.166,"[2048, 2048, 2049, 2048, 2048]","[2048, 2048, 2048, 2048, 2048, 2048, 2048, 2048, 2048]","[2048, 2048, 2048, 2048, 2048, 2048, 2048, 2064, 2064]",323.0
1252,9461,44,16,2024-12-06T10:10:45.315000+00:00,17.492,36.666,30.955,284.0,316.0,False,85.113,"[2048, 2048, 2048, 2048, 2048]","[2048, 2048, 2048, 2048, 2048, 2049, 2049, 2048, 2048]","[2048, 2051, 2048, 2048, 2049, 2049, 2048, 2048, 2048]",322.0
1252,9461,61,14,2024-12-06T10:10:51.329000+00:00,17.758,36.92,31.626,285.0,315.0,False,86.304,"[2048, 2048, 2049, 2048, 2048]","[2049, 2049, 2049, 2048, 2048, 2049, 2049, 2049, 2049]","[2049, 2049, 2048, 2049, 2048, 2049, 2049, 2049, 2049]",322.0
1252,9461,40,14,2024-12-06T10:10:58.309000+00:00,17.881,37.114,31.868,285.0,317.0,False,86.863,"[2048, 2049, 2049, 2049, 2049]","[2049, 2049, 2048, 2048, 2048, 2049, 2049, 2049, 2049]","[2049, 2049, 2049, 2048, 2049, 2048, 2049, 2049, 2049]",324.0
1252,9461,16,7,2024-12-06T10:11:06.486000+00:00,28.803,62.968,58.662,102.0,120.0,False,150.433,"[None, 2048, 2048, 2048, 2048]","[2048, 2048, 2048, 2048, 2048, 2048, 2048, 2048, 2048]","[2048, 2048, 2048, 2048, 2048, 2048, 2048, 2048, 2048]",205.0
1252,9461,14,16,2024-12-06T10:11:24.446000+00:00,18.538,38.645,38.133,266.0,296.0,False,95.316,"[2048, 2048, 2048, 2048, 2048]","[2048, 2048, 2048, 2048, 2048, 2048, 2048, 2048, 2048]","[2048, 2048, 2048, 2048, 2048, 2048, 2048, 2064, 2064]",301.0
1252,9461,34,14,2024-12-06T10:11:32.116000+00:00,17.648,38.333,32.012,288.0,294.0,False,87.993,"[None, 2048, 2048, 2048, 2049]","[2049, 2048, 2048, 2048, 2048, 2048, 2048, 2048, 2048]","[2048, 2048, 2049, 2048, 2048, 2048, 2049, 2048, 2048]",299.0
1252,9461,30,17,2024-12-06T10:11:51.363000+00:00,17.575,36.769,31.219,288.0,320.0,False,85.563,"[2048, 2049, 2049, 2049, 2049]","[2049, 2049, 2048, 2048, 2048, 2048, 2049, 2048, 2048]","[2049, 2049, 2048, 2048, 2049, 2049, 2048, 2048]",327.0
1252,9461,28,8,2024-12-06T10:11:57.658000+00:00,18.048,37.494,32.014,282.0,308.0,False,87.556,"[2049, 2049, 2049, 2049, 2049]","[2049, 2049, 2049, 2049, 2049, 2049, 2049, 2049, 2049]","[2049, 2049, 2049, 2049, 2049, 2049, 2049, 2049, 2049]",314.0
1252,9461,44,17,2024-12-06T10:12:10.406000+00:00,25.563,47.961,41.536,159.0,234.0,False,115.06,"[None, 2048, 2048, 2048, 2048]","[2048, 2048, 2048, 2048, 2048, 2048, 2048, 2048, 2048]","[2048, 2048, 2048, 2048, 2048, 2048, 2048, 2064, 2064]",256.0
1252,9461,61,15,2024-12-06T10:12:17.502000+00:00,25.429,59.082,52.987,170.0,158.0,False,137.498,"[None, 2048, 2048, 2048, 2048]","[2048, 2048, 2048, 2048, 2048, 2048, 2048, 2048, 2048]","[2048, 2048, 2048, 2048, 2048, 2048, 2048, 2048, 2048]",163.0
1252,9461,40,15,2024-12-06T10:12:25.103000+00:00,25.06,,,185.0,,False,,"[2049, 2048, 2048, 2048, 2048]",[2048],,
1252,9461,34,15,2024-12-06T10:13:00.181000+00:00,17.797,41.413,40.475,,270.0,False,99.685,"[None, 2048, 2048, 2048, 2048]","[2048, 2048, 2048, 2048, 2048, 2048, 2048, 2048, 2048]","[2048, 2048, 2048, 2048, 2048, 2048, 2048, 2064, 2064]",230.0
1252,9461,30,18,2024-12-06T10:13:16.165000+00:00,24.792,54.946,47.586,178.0,217.0,False,127.324,"[None, 2048, 2048, 2048, 2048]","[2048, 2048, 2048, 2048, 2048, 2048, 2048, 2048, 2048]","[2048, 2048, 2048, 2048, 2048, 2048, 2048, 2064, 2064]",218.0
1252,9461,40,16,2024-12-06T10:13:16.165000+00:00,,54.533,47.031,,163.0,False,126.624,,"[None, None, None, None, None, 2048, 2048, 2048, 2048]","[2048, 2048, 2048, 2048, 2048, 2048, 2048, 2064, 2064]",249.0
1252,9461,28,9,2024-12-06T10:13:25.123000+00:00,17.888,37.625,31.841,,309.0,False,87.354,"[2048, 2049, 2049, 2049, 2048]","[2048, 2049, 2048, 2049, 2049, 2049, 2048, 2048, 2049]","[2049, 2048, 2049, 2049, 2049, 2048, 2048, 2049, 2049]",314.0
1252,9461,16,8,2024-12-06T10:13:37.049000+00:00,17.687,36.94,31.185,286.0,318.0,False,85.812,"[None, 2049, 2048, 2048, 2048]","[2049, 2048, 2048, 2048, 2049, 2048, 2048, 2048, 2049]","[2049, 2048, 2049, 2048, 2048, 2051, 2049, 2049, 2048]",325.0
1252,9461,61,16,2024-12-06T10:14:35.076000+00:00,28.768,55.482,39.252,191.0,191.0,False,123.502,"[None, 2048, 2048, 2048, 2048]","[2048, 2048, 2048, 2048, 2048, 2048, 2048, 2048, 2048]","[2048, 2048, 2048, 2048, 2048, 2048, 2048, 2048, 2048]",180.0
1252,9461,28,10,2024-12-06T10:14:52.426000+00:00,21.974,48.835,41.992,237.0,219.0,False,112.801,"[None, 2048, 2048, 2048, 2048]","[2048, 2048, 2048, 2048, 2048, 2048, 2048, 2048, 2048]","[2048, 2048, 2048, 2048, 2048, 2048, 2048, 2048, 2048]",225.0
1252,9461,10,15,2024-12-06T10:14:55.298000+00:00,,49.385,40.397,191.0,239.0,True,619.168,"[2064, 2064, 2064, 2064, 2048]","[2048, 2048, 2048, 2048, 2048, 2048, 2048, 2048, 2048]","[2048, 2048, 2048, 2048, 2048, 2048, 2048, 2048, 2048]",240.0
1252,9461,16,9,2024-12-06T10:15:02.826000+00:00,21.3,47.956,46.038,253.0,185.0,False,115.294,"[2048, 2048, 2048, 2048, 2048]","[2048, 2048, 2048, 2048, 2048, 2048, 2048, 2048, 2048]","[2048, 2048, 2048, 2048, 2048, 2048, 2048, 2064, 2064]",196.0
1252,9461,63,16,2024-12-06T10:15:41.266000+00:00,,39.175,33.305,276.0,293.0,True,443.812,"[2064, 2064, 2064, 2064, 2048]","[2048, 2048, 2048, 2048, 2048, 2048, 2048, 2048, 2048]","[2048, 2048, 2048, 2048, 2048, 2048, 2048, 2048, 2048]",298.0
1252,9461,61,17,2024-12-06T10:16:38.514000+00:00,17.643,37.215,31.792,285.0,314.0,False,86.65,"[None, 2049, 2049, 2048, 2048]","[2048, 2048, 2049, 2048, 2048, 2048, 2048, 2048, 2048]","[2048, 2049, 2048, 2048, 2049, 2048, 2048, 2048, 2048]",321.0
1252,9461,28,11,2024-12-06T10:16:45.366000+00:00,18.23,37.791,31.674,282.0,314.0,False,87.695,"[None, 2048, 2048, 2049, 2048]","[2049, 2049, 2048, 2049, 2049, 2048, 2048, 2049, 2049]","[2048, 2048, 2049, 2049, 2048, 2048, 2048, 2049, 2049]",322.0
1252,9461,4,15,2024-12-06T10:16:47.700000+00:00,,39.775,33.568,267.0,291.0,True,608.695,"[2064, 2064, 2064, 2064, 2048]","[2048, 2048, 2048, 2048, 2048, 2048, 2048, 2048, 2048]","[2048, 2048, 2048, 2048, 2048, 2048, 2048, 2048, 2048]",292.0
1252,9461,10,16,2024-12-06T10:16:52.224000+00:00,17.587,36.649,31.097,285.0,314.0,False,85.333,"[2049, 2048, 2049, 2049, 2049]","[2048, 2051, 2048, 2049, 2049, 2049, 2049, 2049, 2049]","[2049, 2048, 2049, 2049, 2049, 2048, 2048, 2048, 2049]",321.0
1252,9461,11,16,2024-12-06T10:16:53.419000+00:00,,40.856,33.645,264.0,286.0,True,508.504,"[2064, 2064, 2064, 2064, 2048]","[2048, 2048, 2048, 2048, 2048, 2048, 2048, 2048, 2048]","[2048, 2048, 2048, 2048, 2048, 2048, 2048, 2048, 2048]",272.0
1252,9461,63,17,2024-12-06T10:17:12.153000+00:00,18.103,38.533,32.97,280.0,293.0,False,89.606,"[2048, 2048, 2048, 2048, 2048]","[2048, 2048, 2048, 2048, 2048, 2048, 2048, 2048, 2048]","[2048, 2048, 2048, 2048, 2048, 2048, 2048, 2048, 2048]",297.0
1252,9461,16,10,2024-12-06T10:17:19.204000+00:00,49.921,51.05,46.501,188.0,260.0,True,147.472,"[2064, 2064, 2064, 2064, 2048]","[2048, 2048, 2048, 2048, 2048, 2048, 2048, 2048, 2048]","[2048, 2048, 2048, 2048, 2048, 2048, 2048, 2048, 2048]",181.0
1252,9461,46,15,2024-12-06T10:17:25.067000+00:00,,44.03,40.698,235.0,248.0,True,539.351,"[2064, 2064, 2064, 2064, 2048]","[2048, 2048, 2048, 2048, 2048, 2048, 2048, 2048, 2048]","[2048, 2048, 2048, 2048, 2048, 2048, 2048, 2048, 2048]",231.0
1252,9461,20,15,2024-12-06T10:17:36.757000+00:00,,39.066,33.502,276.0,287.0,True,528.557,"[2064, 2064, 2064, 2064, 2048]","[2048, 2048, 2048, 2048, 2048, 2048, 2048, 2048, 2048]","[2048, 2048, 2048, 2048, 2048, 2048, 2048, 2048, 2048]",293.0
1252,9461,37,14,2024-12-06T10:17:41.826000+00:00,,42.035,35.849,248.0,243.0,True,629.353,"[2064, 2064, 2064, 2064, 2048]","[2048, 2048, 2048, 2048, 2048, 2048, 2048, 2048, 2048]","[2048, 2048, 2048, 2048, 2048, 2048, 2048, 2048, 2048]",259.0
1252,9461,43,15,2024-12-06T10:17:46.080000+00:00,,40.983,43.291,262.0,298.0,True,432.206,"[2064, 2064, 2064, 2064, 2048]","[2048, 2048, 2048, 2048, 2048, 2048, 2048, 2048, 2048]","[2048, 2048, 2048, 2048, 2048, 2048, 2048, 2048, 2048]",300.0
1252,9461,39,14,2024-12-06T10:17:54.526000+00:00,,43.372,40.535,237.0,272.0,True,888.348,"[2064, 2064, 2064, 2064, 2048]","[2048, 2048, 2048, 2048, 2048, 2048, 2048, 2048, 2048]","[2048, 2048, 2048, 2048, 2048, 2048, 2048, 2048, 2048]",273.0
1252,9461,61,18,2024-12-06T10:18:05.186000+00:00,23.506,58.568,46.082,199.0,205.0,False,128.156,"[None, 2048, 2048, 2048, 2048]","[2048, 2048, 2048, 2048, 2048, 2048, 2048, 2048, 2048]","[2048, 2048, 2048, 2048, 2048, 2048, 2048, 2064, 2064]",159.0
1252,9461,28,12,2024-12-06T10:18:13.020000+00:00,19.57,47.985,44.996,238.0,230.0,False,112.551,"[None, 2048, 2048, 2048, 2048]","[2048, 2048, 2048, 2048, 2048, 2048, 2048, 2048, 2048]","[2048, 2048, 2048, 2048, 2048, 2048, 2048, 2048, 2049]",222.0
1252,9461,10,17,2024-12-06T10:18:17.451000+00:00,31.715,62.783,56.752,128.0,175.0,False,151.25,"[2048, 2048, 2048, 2048, 2048]","[2048, 2048, 2048, 2048, 2048, 2048, 2048, 2048, 2048]","[2048, 2048, 2048, 2048, 2048, 2048, 2048, 2064, 2064]",166.0
1252,9461,77,14,2024-12-06T10:18:26.033000+00:00,,41.896,38.651,253.0,283.0,True,529.061,"[2064, 2064, 2064, 2064, 2048]","[2048, 2048, 2048, 2048, 2048, 2048, 2048, 2048, 2048]","[2048, 2048, 2048, 2048, 2048, 2048, 2048, 2048, 2048]",272.0
1252,9461,4,16,2024-12-06T10:18:27.223000+00:00,18.288,38.648,33.009,275.0,293.0,False,89.945,"[2048, 2048, 2048, 2048, 2048]","[2048, 2048, 2048, 2048, 2048, 2048, 2048, 2048, 2048]","[2048, 2048, 2048, 2048, 2048, 2048, 2048, 2048, 2048]",292.0
1252,9461,11,17,2024-12-06T10:18:30.052000+00:00,18.411,38.663,33.061,281.0,289.0,False,90.135,"[2048, 2048, 2048, 2048, 2048]","[2048, 2048, 2048, 2048, 2048, 2048, 2048, 2048, 2048]","[2048, 2048, 2048, 2048, 2048, 2048, 2048, 2048, 2048]",293.0
1252,9461,30,19,2024-12-06T10:18:33.915000+00:00,,53.511,50.54,188.0,224.0,True,324.547,"[2064, 2064, 2064, 2064, 2048]","[2048, 2048, 2048, 2048, 2048, 2048, 2048, 2048, 2048]","[2048, 2048, 2048, 2048, 2048, 2048, 2048, 2048, 2048]",221.0
1252,9461,63,18,2024-12-06T10:18:41.780000+00:00,18.206,38.39,33.166,281.0,300.0,False,89.762,"[None, 2048, 2048, 2048, 2048]","[2048, 2048, 2048, 2048, 2048, 2048, 2048, 2048, 2048]","[2048, 2048, 2048, 2048, 2048, 2048, 2048, 2048, 2048]",303.0
1252,9461,24,16,2024-12-06T10:18:45.185000+00:00,,44.749,37.873,246.0,238.0,True,604.885,"[2064, 2064, 2064, 2064, 2048]","[2048, 2048, 2048, 2048, 2048, 2048, 2048, 2048, 2048]","[2048, 2048, 2048, 2048, 2048, 2048, 2048, 2048, 2048]",248.0
1252,9461,40,17,2024-12-06T10:18:52.317000+00:00,,53.084,47.325,158.0,265.0,True,392.35,"[2064, 2064, 2064, 2064, 2048]","[2048, 2048, 2048, 2048, 2048, 2048, 2048, 2048, 2048]","[2048, 2048, 2048, 2048, 2048, 2048, 2048, 2048, 2049]",247.0
1252,9461,44,18,2024-12-06T10:19:05.367000+00:00,,41.306,35.869,262.0,282.0,True,396.828,"[2064, 2064, 2064, 2064, 2048]","[2048, 2048, 2048, 2048, 2048, 2048, 2048, 2048, 2048]","[2048, 2048, 2048, 2048, 2048, 2048, 2048, 2048, 2048]",289.0
1252,9461,20,16,2024-12-06T10:19:07.382000+00:00,18.177,38.33,32.879,280.0,294.0,False,89.386,"[2048, 2048, 2048, 2048, 2048]","[2048, 2048, 2048, 2048, 2048, 2048, 2048, 2048, 2048]","[2048, 2048, 2048, 2048, 2048, 2048, 2048, 2048, 2048]",299.0
1252,9461,46,16,2024-12-06T10:19:17.636000+00:00,18.442,38.461,34.179,280.0,303.0,False,91.082,"[2048, 2048, 2048, 2048, 2048]","[2048, 2048, 2048, 2048, 2048, 2048, 2048, 2048, 2048]","[2048, 2048, 2048, 2048, 2048, 2048, 2048, 2048, 2048]",306.0
1252,9461,16,11,2024-12-06T10:19:25.583000+00:00,17.338,36.247,30.736,287.0,322.0,False,84.321,"[2049, 2049, 2049, 2049, 2049]","[2051, 2049, 2049, 2051, 2049, 2049, 2049, 2051, 2049]","[2049, 2049, 2049, 2049, 2049, 2051, 2051, 2048, 2048]",326.0
1252,9461,37,15,2024-12-06T10:19:26.602000+00:00,18.839,38.886,33.302,271.0,287.0,False,91.027,"[2048, 2048, 2048, 2048, 2048]","[2048, 2048, 2048, 2048, 2048, 2048, 2048, 2048, 2048]","[2048, 2048, 2048, 2048, 2048, 2048, 2048, 2048, 2048]",292.0
1252,9461,27,15,2024-12-06T10:19:34.661000+00:00,,38.95,32.709,272.0,291.0,True,603.694,"[2064, 2064, 2064, 2064, 2048]","[2048, 2048, 2048, 2048, 2048, 2048, 2048, 2048, 2048]","[2048, 2048, 2048, 2048, 2048, 2048, 2048, 2048, 0]",294.0
1252,9461,43,16,2024-12-06T10:19:39.754000+00:00,18.106,38.617,33.18,284.0,296.0,False,89.903,"[2048, 2048, 2048, 2048, 2048]","[2048, 2048, 2048, 2048, 2048, 2048, 2048, 2048, 2048]","[2048, 2048, 2048, 2048, 2048, 2048, 2048, 2048, 2048]",302.0
1252,9461,39,15,2024-12-06T10:19:49.170000+00:00,17.716,36.979,31.729,284.0,320.0,False,86.424,"[2049, 2049, 2049, 2049, 2049]","[2049, 2048, 2049, 2049, 2049, 2049, 2048, 2049, 2049]","[2048, 2049, 2049, 2049, 2048, 2049, 2049, 2048]",325.0
1252,9461,4,17,2024-12-06T10:19:57.128000+00:00,17.973,38.41,32.68,284.0,290.0,False,89.063,"[None, 2048, 2048, 2048, 2048]","[2048, 2048, 2048, 2048, 2048, 2048, 2048, 2048, 2048]","[2048, 2048, 2048, 2048, 2048, 2048, 2048, 2048, 2048]",296.0
1252,9461,11,18,2024-12-06T10:20:00.219000+00:00,18.277,38.702,33.361,280.0,288.0,False,90.34,"[None, 2048, 2048, 2048, 2048]","[2048, 2048, 2048, 2048, 2048, 2048, 2048, 2048, 2048]","[2048, 2048, 2048, 2048, 2048, 2048, 2048, 2048, 2048]",299.0
1252,9461,28,13,2024-12-06T10:20:05.596000+00:00,17.771,37.281,35.145,282.0,318.0,False,90.197,"[2049, 2049, 2049, 2049, 2049]","[2049, 2049, 2048, 2048, 2049, 2048, 2049, 2049, 2049]","[2048, 2049, 2049, 2048, 2048, 2048, 2048, 2064, 2064]",322.0
1252,9461,77,15,2024-12-06T10:20:08.780000+00:00,18.318,38.604,32.463,275.0,293.0,False,89.385,"[2048, 2048, 2048, 2048, 2048]","[2048, 2048, 2048, 2048, 2048, 2048, 2048, 2048, 2048]","[2048, 2048, 2048, 2048, 2048, 2048, 2048, 2048, 2048]",295.0
1252,9461,63,19,2024-12-06T10:20:11.615000+00:00,18.198,38.552,33.052,,304.0,False,89.802,"[None, 2048, 2048, 2048, 2048]","[2048, 2048, 2048, 2048, 2048, 2048, 2048, 2048, 2048]","[2048, 2048, 2048, 2048, 2048, 2048, 2048, 2048, 2048]",307.0
1252,9461,14,17,2024-12-06T10:20:16.427000+00:00,,56.78,51.67,195.0,121.0,True,567.222,"[2064, 2064, 2064, 2064, 2048]","[2048, 2048, 2048, 2048, 2048, 2048, 2048, 2048, 2048]","[2048, 2048, 2048, 2048, 2048, 2048, 2048, 2048, 2048]",199.0
1252,9461,24,17,2024-12-06T10:20:32.462000+00:00,17.722,37.195,31.004,282.0,317.0,False,85.921,"[2049, 2049, 2049, 2049, 2048]","[2049, 2048, 2049, 2049, 2049, 2049, 2048, 2048, 2049]","[2049, 2049, 2049, 2048, 2049, 2048, 2048, 2049]",322.0
1252,9461,20,17,2024-12-06T10:20:36.781000+00:00,18.224,38.448,32.77,275.0,291.0,False,89.442,"[None, 2048, 2048, 2048, 2048]","[2048, 2048, 2048, 2048, 2048, 2048, 2048, 2048, 2048]","[2048, 2048, 2048, 2048, 2048, 2048, 2048, 2048, 2048]",297.0
1252,9461,44,19,2024-12-06T10:20:42.383000+00:00,18.218,38.853,33.287,280.0,287.0,False,90.358,"[2048, 2048, 2048, 2048, 2048]","[2048, 2048, 2048, 2048, 2048, 2048, 2048, 2048, 2048]","[2048, 2048, 2048, 2048, 2048, 2048, 2048, 2048, 2048]",295.0
1252,9461,30,20,2024-12-06T10:20:48.278000+00:00,17.657,36.832,31.417,286.0,323.0,False,85.906,"[2048, 2048, 2049, 2048, 2048]","[2048, 2048, 2048, 2048, 2048, 2048, 2049, 2049, 2049]","[2048, 2048, 2049, 2048, 2048, 2048, 2048, 2048, 2048]",327.0
1252,9461,46,17,2024-12-06T10:20:48.783000+00:00,18.499,38.217,32.687,283.0,304.0,False,89.403,"[None, 2048, 2048, 2048, 2048]","[2048, 2048, 2048, 2048, 2048, 2048, 2048, 2048, 2048]","[2048, 2048, 2048, 2048, 2048, 2048, 2048, 2048, 2048]",306.0
1252,9461,16,12,2024-12-06T10:20:49.889000+00:00,24.111,62.047,51.401,136.0,154.0,False,137.559,"[2048, 2048, 2048, 2048, 2048]","[2048, 2048, 2048, 2048, 2048, 2048, 2048, 2048, 2048]","[2048, 2048, 2048, 2048, 2048, 2048, 2048, 2048, 2048]",154.0
1252,9461,34,16,2024-12-06T10:20:56.628000+00:00,,53.094,36.862,190.0,199.0,True,492.008,"[2064, 2064, 2064, 2064, 2048]","[2048, 2048, 2048, 2048, 2048, 2048, 2048, 2048, 2048]","[2048, 2048, 2048, 2048, 2048, 2048, 2048, 2048, 2049]",199.0
1252,9461,37,16,2024-12-06T10:20:57.644000+00:00,18.468,38.834,33.304,275.0,291.0,False,90.606,"[None, 2048, 2048, 2048, 2048]","[2048, 2048, 2048, 2048, 2048, 2048, 2048, 2048, 2048]","[2048, 2048, 2048, 2048, 2048, 2048, 2048, 2048, 2048]",296.0
1252,9461,40,18,2024-12-06T10:21:04.227000+00:00,17.63,36.964,31.527,285.0,320.0,False,86.121,"[2049, 2049, 2049, 2049, 2049]","[2049, 2049, 2048, 2048, 2048, 2048, 2049, 2049, 2049]","[2051, 2048, 2048, 2049, 2049, 2049, 2049, 2049, 2049]",324.0
1252,9461,27,16,2024-12-06T10:21:05.911000+00:00,18.132,38.246,32.163,281.0,301.0,False,88.541,"[2048, 2048, 2048, 2048, 2048]","[2048, 2048, 2048, 2048, 2048, 2048, 2048, 2048, 2048]","[2048, 2048, 2048, 2048, 2048, 2048, 2048, 2048, 2048]",302.0
1252,9461,43,17,2024-12-06T10:21:09.661000+00:00,17.974,38.496,33.131,285.0,301.0,False,89.601,"[None, 2048, 2048, 2048, 2048]","[2048, 2048, 2048, 2048, 2048, 2048, 2048, 2048, 2048]","[2048, 2048, 2048, 2048, 2048, 2048, 2048, 2048, 2048]",303.0
1252,9461,10,18,2024-12-06T10:21:15.287000+00:00,54.772,61.002,44.412,153.0,135.0,True,160.186,"[2064, 2064, 2064, 2064, 2048]","[2048, 2048, 2048, 2048, 2048, 2048, 2048, 2048, 2048]","[2048, 2048, 2048, 2048, 2048, 2048, 2048, 2048, 2048]",215.0
1252,9461,39,16,2024-12-06T10:21:15.630000+00:00,26.09,58.187,51.211,184.0,172.0,False,135.488,"[2048, 2048, 2048, 2048, 2048]","[2048, 2048, 2048, 2048, 2048, 2048, 2048, 2048, 2048]","[2048, 2048, 2048, 2048, 2048, 2048, 2048, 2048, 2048]",170.0
1252,9461,4,18,2024-12-06T10:21:26.214000+00:00,17.993,38.278,32.882,285.0,294.0,False,89.153,"[None, 2048, 2048, 2048, 2048]","[2048, 2048, 2048, 2048, 2048, 2048, 2048, 2048, 2048]","[2048, 2048, 2048, 2048, 2048, 2048, 2048, 2048, 2048]",301.0
1252,9461,11,19,2024-12-06T10:21:30.465000+00:00,18.114,38.696,33.15,281.0,296.0,False,89.96,"[None, 2048, 2048, 2048, 2048]","[2048, 2048, 2048, 2048, 2048, 2048, 2048, 2048, 2048]","[2048, 2048, 2048, 2048, 2048, 2048, 2048, 2048, 2048]",301.0
1252,9461,77,16,2024-12-06T10:21:38.151000+00:00,18.398,39.278,32.817,265.0,280.0,False,90.493,"[None, 2048, 2048, 2048, 2048]","[2048, 2048, 2048, 2048, 2048, 2048, 2048, 2048, 2048]","[2048, 2048, 2048, 2048, 2048, 2048, 2048, 2048, 2048]",282.0
1252,9461,63,20,2024-12-06T10:21:41.385000+00:00,18.017,38.526,32.926,285.0,301.0,False,89.469,"[None, 2048, 2048, 2048, 2048]","[2048, 2048, 2048, 2048, 2048, 2048, 2048, 2048, 2048]","[2048, 2048, 2048, 2048, 2048, 2048, 2048, 2048, 2048]",305.0
1252,9461,24,18,2024-12-06T10:21:58.294000+00:00,21.961,75.411,49.265,151.0,87.0,False,146.637,"[2048, 2048, 2048, 2048, 2048]","[2048, 2048, 2048, 2048, 2048, 2048, 2048, 2048, 2048]","[2048, 2048, 2048, 2048, 2048, 2048, 2048, 2064, 2064]",92.0
1252,9461,28,14,2024-12-06T10:22:05.927000+00:00,52.095,43.257,51.619,262.0,266.0,True,146.971,"[2064, 2064, 2064, 2064, 2048]","[2048, 2048, 2048, 2048, 2048, 2048, 2048, 2048, 2048]","[2048, 2048, 2048, 2048, 2048, 2048, 2048, 2048, 2048]",285.0
1252,9461,20,18,2024-12-06T10:22:06.237000+00:00,17.989,38.545,32.598,282.0,290.0,False,89.132,"[None, 2048, 2048, 2048, 2048]","[2048, 2048, 2048, 2048, 2048, 2048, 2048, 2048, 2048]","[2048, 2048, 2048, 2048, 2048, 2048, 2048, 2048, 2048]",299.0
1252,9461,44,20,2024-12-06T10:22:12.668000+00:00,17.934,38.611,32.492,283.0,290.0,False,89.037,"[None, 2048, 2048, 2048, 2048]","[2048, 2048, 2048, 2048, 2048, 2048, 2048, 2048, 2048]","[2048, 2048, 2048, 2048, 2048, 2048, 2048, 2048, 2048]",300.0
1252,9461,30,21,2024-12-06T10:22:14.168000+00:00,20.456,47.992,32.62,139.0,304.0,False,101.068,"[None, 2048, 2048, 2048, 2048]","[2048, 2048, 2048, 2048, 2048, 2048, 2048, 2048, 2048]","[2048, 2048, 2048, 2048, 2048, 2048, 2048, 2048, 2048]",307.0
1252,9461,46,18,2024-12-06T10:22:18.151000+00:00,17.934,38.452,32.973,285.0,294.0,False,89.359,"[None, 2048, 2048, 2048, 2049]","[2048, 2048, 2048, 2048, 2048, 2048, 2048, 2048, 2048]","[2048, 2048, 2048, 2048, 2048, 2048, 2048, 2048, 2048]",302.0
1252,9461,14,18,2024-12-06T10:22:26.974000+00:00,17.464,36.826,31.214,284.0,317.0,False,85.504,"[2048, 2048, 2049, 2049, 2049]","[2049, 2049, 2048, 2048, 2048, 2049, 2049, 2049, 2048]","[2049, 2048, 2048, 2048, 2048, 2048, 2048, 2048, 2048]",325.0
1252,9461,37,17,2024-12-06T10:22:28.151000+00:00,18.446,38.892,33.257,276.0,291.0,False,90.595,"[None, 2048, 2048, 2048, 2048]","[2048, 2048, 2048, 2048, 2048, 2048, 2048, 2048, 2048]","[2048, 2048, 2048, 2048, 2048, 2048, 2048, 2048, 2048]",297.0
1252,9461,40,19,2024-12-06T10:22:30.254000+00:00,27.079,61.671,50.337,135.0,172.0,False,139.087,"[2048, 2048, 2048, 2048, 2048]","[2048, 2048, 2048, 2048, 2048, 2048, 2048, 2048, 2048]","[2048, 2048, 2048, 2048, 2048, 2048, 2048, 2064, 2064]",202.0
1252,9461,27,17,2024-12-06T10:22:33.892000+00:00,18.042,38.612,33.059,277.0,293.0,False,89.713,"[None, 2048, 2048, 2048, 2048]","[2048, 2048, 2048, 2048, 2048, 2048, 2048, 2048, 2048]","[2048, 2048, 2048, 2048, 2048, 2048, 2048, 2048]",296.0
1252,9461,43,18,2024-12-06T10:22:39.330000+00:00,18.09,38.792,33.003,282.0,297.0,False,89.885,"[None, 2048, 2048, 2048, 2048]","[2048, 2048, 2048, 2048, 2048, 2048, 2048, 2048, 2048]","[2048, 2048, 2048, 2048, 2048, 2048, 2048, 2048, 2048]",302.0
1252,9461,34,17,2024-12-06T10:22:51.847000+00:00,17.525,36.765,31.181,285.0,318.0,False,85.471,"[2051, 2049, 2049, 2049, 2048]","[2049, 2048, 2049, 2048, 2048, 2049, 2049, 2049, 2049]","[2049, 2049, 2049, 2048, 2049, 2049, 2049, 2048, 2048]",323.0
1252,9461,4,19,2024-12-06T10:22:55.337000+00:00,17.989,38.446,32.886,286.0,296.0,False,89.321,"[None, 2048, 2048, 2048, 2048]","[2048, 2048, 2048, 2048, 2048, 2048, 2048, 2048, 2048]","[2048, 2048, 2048, 2048, 2048, 2048, 2048, 2048, 2048]",304.0
1252,9461,11,20,2024-12-06T10:23:00.468000+00:00,18.138,38.63,32.815,279.0,295.0,False,89.583,"[None, 2048, 2048, 2048, 2048]","[2048, 2048, 2048, 2048, 2048, 2048, 2048, 2048, 2048]","[2048, 2048, 2048, 2048, 2048, 2048, 2048, 2048, 2048]",300.0
1252,9461,16,13,2024-12-06T10:23:07.454000+00:00,28.305,56.787,37.476,171.0,228.0,False,122.568,"[None, 2048, 2048, 2048, 2048]","[2048, 2048, 2048, 2048, 2048, 2048, 2048, 2048, 2048]","[2048, 2048, 2048, 2048, 2048, 2048, 2048, 2048, 2048]",149.0
1252,9461,77,17,2024-12-06T10:23:08.600000+00:00,18.403,39.272,32.839,268.0,282.0,False,90.514,"[None, 2048, 2048, 2048, 2048]","[2048, 2048, 2048, 2048, 2048, 2048, 2048, 2048, 2048]","[2048, 2048, 2048, 2048, 2048, 2048, 2048, 2048, 2048]",284.0
1252,9461,63,21,2024-12-06T10:23:10.783000+00:00,18.242,38.376,33.201,284.0,314.0,False,89.819,"[None, 2048, 2048, 2048, 2048]","[2048, 2048, 2048, 2048, 2048, 2048, 2048, 2048, 2048]","[2048, 2048, 2048, 2048, 2048, 2048, 2048, 2048, 2048]",320.0
1252,9461,10,19,2024-12-06T10:23:29.015000+00:00,17.598,36.879,31.05,284.0,313.0,False,85.527,"[2049, 2049, 2048, 2048, 2048]","[2048, 2048, 2049, 2048, 2049, 2048, 2049, 2048, 2048]","[2049, 2049, 2048, 2049, 2048, 2049, 2049, 2048, 2048]",321.0
1252,9461,39,17,2024-12-06T10:23:31.168000+00:00,28.107,59.203,47.96,164.0,102.0,False,135.27,"[None, 2048, 2048, 2048, 2048]","[2048, 2048, 2048, 2048, 2048, 2048, 2048, 2048, 2048]","[2048, 2048, 2048, 2048, 2048, 2048, 2048, 2048, 2049]",180.0
1252,9461,20,19,2024-12-06T10:23:35.396000+00:00,18.045,38.629,32.621,279.0,288.0,False,89.295,"[None, 2048, 2048, 2048, 2048]","[2048, 2048, 2048, 2048, 2048, 2048, 2048, 2048, 2048]","[2048, 2048, 2048, 2048, 2048, 2048, 2048, 2048, 2048]",298.0
1252,9461,44,21,2024-12-06T10:23:41.740000+00:00,17.958,38.769,32.827,,289.0,False,89.554,"[None, 2048, 2048, 2048, 2048]","[2048, 2048, 2048, 2048, 2048, 2048, 2048, 2048, 2048]","[2048, 2048, 2048, 2048, 2048, 2048, 2048, 2048, 2048]",294.0
1252,9461,46,19,2024-12-06T10:23:47.490000+00:00,17.91,38.387,32.879,286.0,290.0,False,89.176,"[None, 2048, 2048, 2048, 2049]","[2048, 2048, 2048, 2048, 2048, 2048, 2048, 2048, 2048]","[2048, 2048, 2048, 2048, 2048, 2048, 2048, 2048, 2048]",299.0
1252,9461,14,19,2024-12-06T10:23:52.350000+00:00,37.871,82.543,59.272,168.0,154.0,False,179.686,"[None, 2048, 2048, 2048, 2048]","[2048, 2048, 2048, 2048, 2048, 2048, 2048, 2048, 2048]","[2048, 2048, 2048, 2048, 2048, 2048, 2048, 2048, 2048]",84.0
1252,9461,30,22,2024-12-06T10:23:55.162000+00:00,17.831,38.488,32.523,276.0,296.0,False,88.842,"[None, 2048, 2048, 2048, 2048]","[2048, 2048, 2048, 2048, 2048, 2048, 2048, 2048, 2048]","[2048, 2048, 2048, 2048, 2048, 2048, 2048, 2048, 2048]",291.0
1252,9461,37,18,2024-12-06T10:23:58.756000+00:00,18.358,38.841,33.191,274.0,291.0,False,90.39,"[None, 2048, 2048, 2048, 2048]","[2048, 2048, 2048, 2048, 2048, 2048, 2048, 2048, 2048]","[2048, 2048, 2048, 2048, 2048, 2048, 2048, 2048, 2048]",299.0
1252,9461,28,15,2024-12-06T10:24:02.765000+00:00,17.633,42.328,49.706,283.0,202.0,False,109.667,"[2049, 2049, 2049, 2049, 2049]","[2049, 2049, 2048, 2048, 2049, 2048, 2048, 2048, 2048]","[2048, 2048, 2048, 2048, 2048, 2048, 2048, 2048, 2049]",323.0
1252,9461,27,18,2024-12-06T10:24:05.088000+00:00,18.509,38.529,32.536,275.0,291.0,False,89.574,"[None, 2048, 2048, 2048, 2048]","[2048, 2048, 2048, 2048, 2048, 2048, 2048, 2048, 2048]","[2048, 2048, 2048, 2048, 2048, 2048, 2048, 2048, 2048]",302.0
1252,9461,43,19,2024-12-06T10:24:09.124000+00:00,18.25,38.872,33.194,284.0,295.0,False,90.316,"[None, 2048, 2048, 2048, 2048]","[2048, 2048, 2048, 2048, 2048, 2048, 2048, 2048, 2048]","[2048, 2048, 2048, 2048, 2048, 2048, 2048, 2048, 2048]",302.0
1252,9461,34,18,2024-12-06T10:24:17.247000+00:00,27.876,71.333,58.218,166.0,187.0,False,157.427,"[2048, 2048, 2048, 2048, 2048]","[2048, 2048, 2048, 2048, 2048, 2048, 2048, 2048, 2048]","[2048, 2048, 2048, 2048, 2048, 2048, 2048, 2048, 2048]",96.0
1252,9461,61,19,2024-12-06T10:24:21.785000+00:00,,39.828,33.317,255.0,290.0,True,344.445,"[2064, 2064, 2064, 2064, 2048]","[2048, 2048, 2048, 2048, 2048, 2048, 2048, 2048, 2048]","[2048, 2048, 2048, 2048, 2048, 2048, 2048, 2048, 2048]",298.0
1252,9461,4,20,2024-12-06T10:24:24.729000+00:00,18.494,38.856,33.098,276.0,293.0,False,90.448,"[None, 2048, 2048, 2048, 2048]","[2048, 2048, 2048, 2048, 2048, 2048, 2048, 2048, 2048]","[2048, 2048, 2048, 2048, 2048, 2048, 2048, 2048, 2048]",303.0
1252,9461,11,21,2024-12-06T10:24:29.997000+00:00,18.095,38.65,33.263,283.0,295.0,False,90.008,"[None, 2048, 2048, 2048, 2048]","[2048, 2048, 2048, 2048, 2048, 2048, 2048, 2048, 2048]","[2048, 2048, 2048, 2048, 2048, 2048, 2048, 2048, 2048]",303.0
1252,9461,77,18,2024-12-06T10:24:39.065000+00:00,18.372,38.924,38.415,277.0,283.0,False,95.711,"[None, 2048, 2048, 2048, 2048]","[2048, 2048, 2048, 2048, 2048, 2048, 2048, 2048, 2048]","[2048, 2048, 2048, 2048, 2048, 2048, 2048, 2048, 2048]",297.0
1252,9461,63,22,2024-12-06T10:24:40.550000+00:00,18.08,38.229,33.31,288.0,319.0,False,89.619,"[None, 2048, 2048, 2048, 2048]","[2048, 2048, 2048, 2048, 2048, 2048, 2048, 2048, 2048]","[2048, 2048, 2048, 2048, 2048, 2048, 2048, 2048, 2048]",323.0
1252,9461,10,20,2024-12-06T10:24:54.555000+00:00,28.315,58.389,59.706,147.0,137.0,False,146.41,"[2048, 2048, 2048, 2048, 2048]","[2048, 2048, 2048, 2048, 2048, 2048, 2048, 2048, 2048]","[2048, 2048, 2048, 2048, 2048, 2048, 2048, 2064, 2064]",210.0
1252,9461,24,19,2024-12-06T10:24:54.727000+00:00,61.894,65.098,50.085,144.0,235.0,True,177.077,"[2064, 2064, 2064, 2064, 2048]","[2048, 2048, 2048, 2048, 2048, 2048, 2048, 2048, 2048]","[2048, 2048, 2048, 2048, 2048, 2048, 2048, 2048, 2048]",108.0
1252,9461,20,20,2024-12-06T10:25:04.697000+00:00,18.137,38.749,32.745,,286.0,False,89.631,"[None, 2048, 2048, 2048, 2048]","[2048, 2048, 2048, 2048, 2048, 2048, 2048, 2048, 2048]","[2048, 2048, 2048, 2048, 2048, 2048, 2048, 2048, 2048]",297.0
1252,9461,16,14,2024-12-06T10:25:10.090000+00:00,17.487,37.626,32.47,288.0,284.0,False,87.583,"[None, 2048, 2048, 2048, 2048]","[2051, 2048, 2048, 2048, 2048, 2048, 2048, 2048, 2048]","[2048, 2048, 2048, 2048, 2048, 2048, 2048, 2048, 2048]",310.0
1252,9461,44,22,2024-12-06T10:25:11.236000+00:00,17.922,38.934,32.943,286.0,288.0,False,89.799,"[None, 2048, 2048, 2048, 2048]","[2048, 2048, 2048, 2048, 2048, 2048, 2048, 2048, 2048]","[2048, 2048, 2048, 2048, 2048, 2048, 2048, 2048, 2048]",296.0
1252,9461,46,20,2024-12-06T10:25:16.697000+00:00,17.916,38.407,33.194,287.0,280.0,False,89.517,"[None, 2048, 2048, 2048, 2049]","[2048, 2048, 2048, 2048, 2048, 2048, 2048, 2048, 2048]","[2048, 2049, 2048, 2048, 2048, 2048, 2048, 2048, 2048]",300.0
1252,9461,40,20,2024-12-06T10:25:21.890000+00:00,64.492,64.211,40.441,209.0,206.0,True,169.144,"[2064, 2064, 2064, 2064, 2048]","[2048, 2048, 2048, 2048, 2048, 2048, 2048, 2048, 2048]","[2048, 2048, 2048, 2048, 2048, 2048, 2048, 2048, 2048]",238.0
1252,9461,30,23,2024-12-06T10:25:24.023000+00:00,17.835,38.432,36.082,281.0,297.0,False,92.349,"[None, 2048, 2048, 2048, 2048]","[2048, 2048, 2048, 2048, 2048, 2048, 2048, 2048, 2048]","[2048, 2048, 2048, 2048, 2048, 2048, 2048, 2064, 2064]",293.0
1252,9461,37,19,2024-12-06T10:25:29.213000+00:00,18.46,38.849,33.329,277.0,293.0,False,90.638,"[None, 2048, 2048, 2048, 2048]","[2048, 2048, 2048, 2048, 2048, 2048, 2048, 2048, 2048]","[2048, 2048, 2048, 2048, 2048, 2048, 2048, 2048, 2048]",298.0
1252,9461,27,19,2024-12-06T10:25:33.081000+00:00,18.279,38.588,32.823,280.0,295.0,False,89.69,"[None, 2048, 2048, 2048, 2048]","[2048, 2048, 2048, 2048, 2048, 2048, 2048, 2048, 2048]","[2048, 2048, 2048, 2048, 2048, 2048, 2048, 2048, 2048]",303.0
1252,9461,43,20,2024-12-06T10:25:39.528000+00:00,18.105,38.767,33.476,286.0,293.0,False,90.348,"[None, 2048, 2048, 2048, 2048]","[2048, 2048, 2048, 2048, 2048, 2048, 2048, 2048, 2048]","[2048, 2048, 2048, 2048, 2048, 2048, 2048, 2048, 2048]",301.0
1252,9461,39,18,2024-12-06T10:25:46.427000+00:00,17.681,36.874,31.624,286.0,321.0,False,86.179,"[2049, 2048, 2048, 2049, 2049]","[2048, 2048, 2049, 2049, 2049, 2048, 2049, 2049, 2049]","[2049, 2048, 2049, 2048, 2049, 2049, 2049, 2049, 2048]",327.0
1252,9461,28,16,2024-12-06T10:25:52.382000+00:00,17.52,37.042,31.312,282.0,315.0,False,85.874,"[None, 2049, 2049, 2049, 2049]","[2048, 2048, 2049, 2048, 2049, 2048, 2049, 2049, 2048]","[2049, 2048, 2049, 2049, 2049, 2049, 2049, 2048, 2048]",323.0
1252,9461,4,21,2024-12-06T10:25:55.170000+00:00,18.022,38.596,33.213,286.0,298.0,False,89.831,"[None, 2048, 2048, 2048, 2048]","[2048, 2048, 2048, 2048, 2048, 2048, 2048, 2048, 2048]","[2048, 2048, 2048, 2048, 2048, 2048, 2048, 2048, 2048]",304.0
1252,9461,61,20,2024-12-06T10:25:57.794000+00:00,18.318,38.934,33.195,282.0,293.0,False,90.447,"[2048, 2048, 2048, 2048, 2048]","[2048, 2048, 2048, 2048, 2048, 2048, 2048, 2048, 2048]","[2048, 2048, 2048, 2048, 2048, 2048, 2048, 2048, 2048]",301.0
1252,9461,11,22,2024-12-06T10:26:00.073000+00:00,18.127,38.879,36.498,284.0,297.0,False,93.504,"[None, 2048, 2048, 2048, 2048]","[2048, 2048, 2048, 2048, 2048, 2048, 2048, 2048, 2048]","[2048, 2048, 2048, 2048, 2048, 2048, 2048, 2048, 2048]",305.0
1252,9461,63,23,2024-12-06T10:26:10.246000+00:00,18.035,38.615,33.439,285.0,294.0,False,90.089,"[None, 2048, 2048, 2048, 2048]","[2048, 2048, 2048, 2048, 2048, 2048, 2048, 2048, 2048]","[2048, 2048, 2048, 2048, 2048, 2048, 2048, 2048, 2048]",301.0
1252,9461,77,19,2024-12-06T10:26:14.768000+00:00,18.348,38.999,33.068,271.0,282.0,False,90.415,"[None, 2048, 2048, 2048, 2048]","[2048, 2048, 2048, 2048, 2048, 2048, 2048, 2048, 2048]","[2048, 2048, 2048, 2048, 2048, 2048, 2048, 2048, 2048]",289.0
1252,9461,20,21,2024-12-06T10:26:34.269000+00:00,18.06,38.609,32.888,282.0,288.0,False,89.557,"[None, 2048, 2048, 2048, 2048]","[2048, 2048, 2048, 2048, 2048, 2048, 2048, 2048, 2048]","[2048, 2048, 2048, 2048, 2048, 2048, 2048, 2048]",299.0
1252,9461,16,15,2024-12-06T10:26:37.647000+00:00,18.015,38.104,31.947,279.0,293.0,False,88.066,"[None, 2048, 2048, 2048, 2048]","[2048, 2048, 2048, 2048, 2048, 2048, 2048, 2048, 2048]","[2048, 2048, 2048, 2048, 2048, 2048, 2048, 2048, 2048]",301.0
1252,9461,44,23,2024-12-06T10:26:41.170000+00:00,17.913,38.766,32.786,285.0,292.0,False,89.465,"[None, 2048, 2048, 2048, 2048]","[2048, 2048, 2048, 2048, 2048, 2048, 2048, 2048, 2048]","[2048, 2048, 2048, 2048, 2048, 2048, 2048, 2048, 2048]",299.0
1252,9461,46,21,2024-12-06T10:26:46.346000+00:00,17.833,38.299,32.786,288.0,290.0,False,88.918,"[None, 2048, 2048, 2048, 2049]","[2048, 2048, 2048, 2048, 2048, 2048, 2048, 2048, 2048]","[2048, 2049, 2048, 2048, 2048, 2048, 2048, 2048, 2048]",294.0
1252,9461,14,20,2024-12-06T10:26:52.168000+00:00,29.982,72.887,50.662,199.0,238.0,False,153.531,"[None, 2048, 2048, 2048, 2048]","[2048, 2048, 2048, 2048, 2048, 2048, 2048, 2048, 2048]","[2048, 2048, 2048, 2048, 2048, 2048, 2048, 2048, 2048]",88.0
1252,9461,34,19,2024-12-06T10:26:54.832000+00:00,28.797,73.904,53.433,203.0,98.0,False,156.134,"[None, 2048, 2048, 2048, 2048]","[2048, 2048, 2048, 2048, 2048, 2048, 2048, 2048, 2048]","[2048, 2048, 2048, 2048, 2048, 2048, 2048, 2048, 2048]",93.0
1252,9461,37,20,2024-12-06T10:26:59.866000+00:00,18.418,38.891,33.522,276.0,290.0,False,90.831,"[None, 2048, 2048, 2048, 2048]","[2048, 2048, 2048, 2048, 2048, 2048, 2048, 2048, 2048]","[2048, 2048, 2048, 2048, 2048, 2048, 2048, 2048, 2048]",299.0
1252,9461,27,20,2024-12-06T10:27:02.884000+00:00,18.339,38.548,32.942,279.0,294.0,False,89.829,"[None, 2048, 2048, 2048, 2048]","[2048, 2048, 2048, 2048, 2048, 2048, 2048, 2048, 2048]","[2048, 2048, 2048, 2048, 2048, 2048, 2048, 2048, 2048]",303.0
1252,9461,43,21,2024-12-06T10:27:09.825000+00:00,18.253,38.85,33.422,285.0,301.0,False,90.525,"[None, 2048, 2048, 2048, 2048]","[2048, 2048, 2048, 2048, 2048, 2048, 2048, 2048, 2048]","[2048, 2048, 2048, 2048, 2048, 2048, 2048, 2048, 2048]",310.0
1252,9461,39,19,2024-12-06T10:27:12.511000+00:00,22.585,63.865,53.966,159.0,103.0,False,140.416,"[2048, 2048, 2048, 2048, 2048]","[2048, 2048, 2048, 2048, 2048, 2048, 2048, 2048, 2048]","[2048, 2048, 2048, 2048, 2048, 2048, 2048, 2048, 2048]",124.0
1252,9461,30,24,2024-12-06T10:27:17.299000+00:00,39.322,38.57,32.261,276.0,293.0,True,110.153,"[2064, 2064, 2064, 2064, 2048]","[2048, 2048, 2048, 2048, 2048, 2048, 2048, 2048, 2048]","[2048, 2048, 2048, 2048, 2048, 2048, 2048, 2048, 2048]",297.0
1252,9461,28,17,2024-12-06T10:27:18.161000+00:00,26.143,64.44,50.265,195.0,200.0,False,140.848,"[2048, 2048, 2048, 2048, 2048]","[2048, 2048, 2048, 2048, 2048, 2048, 2048, 2048, 2048]","[2048, 2048, 2048, 2048, 2048, 2048, 2048, 2048, 2048]",106.0
1252,9461,24,20,2024-12-06T10:27:22.119000+00:00,17.854,37.163,36.401,281.0,314.0,False,91.418,"[2048, 2048, 2048, 2048, 2048]","[2048, 2049, 2048, 2048, 2049, 2048, 2048, 2049, 2048]","[2048, 2048, 2048, 2049, 2048, 2048, 2048, 2048, 2048]",324.0
1252,9461,4,22,2024-12-06T10:27:24.922000+00:00,18.014,38.616,33.337,,299.0,False,89.967,"[None, 2048, 2048, 2048, 2048]","[2048, 2048, 2048, 2048, 2048, 2048, 2048, 2048, 2048]","[2048, 2048, 2048, 2048, 2048, 2048, 2048, 2048, 2048]",302.0
1252,9461,61,21,2024-12-06T10:27:28.269000+00:00,18.306,38.971,33.388,280.0,290.0,False,90.665,"[None, 2048, 2048, 2048, 2048]","[2048, 2048, 2048, 2048, 2048, 2048, 2048, 2048, 2048]","[2048, 2048, 2048, 2048, 2048, 2048, 2048, 2048, 2048]",300.0
1252,9461,11,23,2024-12-06T10:27:33.519000+00:00,18.14,38.833,33.467,282.0,294.0,False,90.44,"[None, 2048, 2048, 2048, 2048]","[2048, 2048, 2048, 2048, 2048, 2048, 2048, 2048, 2048]","[2048, 2048, 2048, 2048, 2048, 2048, 2048, 2048]",302.0
1252,9461,10,21,2024-12-06T10:27:35.868000+00:00,43.87,46.051,56.196,171.0,277.0,True,146.117,"[2064, 2064, 2064, 2064, 2048]","[2048, 2048, 2048, 2048, 2048, 2048, 2048, 2048, 2048]","[2048, 2048, 2048, 2048, 2048, 2048, 2048, 2048, 2048]",251.0
1252,9461,40,21,2024-12-06T10:27:38.567000+00:00,17.639,37.078,31.707,285.0,315.0,False,86.424,"[2049, 2049, 2048, 2049, 2048]","[2049, 2049, 2048, 2048, 2048, 2048, 2048, 2048, 2048]","[2048, 2048, 2048, 2048, 2048, 2048, 2049, 2049, 2048]",323.0
1252,9461,63,24,2024-12-06T10:27:40.438000+00:00,19.908,38.731,33.453,284.0,298.0,False,92.092,"[None, 2048, 2048, 2048, 2048]","[2048, 2048, 2048, 2048, 2048, 2048, 2048, 2048, 2048]","[2048, 2048, 2048, 2048, 2048, 2048, 2048, 2048, 2048]",304.0
1252,9461,77,20,2024-12-06T10:27:45.166000+00:00,18.65,39.199,33.316,264.0,283.0,False,91.165,"[None, 2048, 2048, 2048, 2048]","[2048, 2048, 2048, 2048, 2048, 2048, 2048, 2048, 2048]","[2048, 2048, 2048, 2048, 2048, 2048, 2048, 2048, 2048]",289.0
1252,9461,20,22,2024-12-06T10:28:04.832000+00:00,18.091,38.812,33.153,279.0,290.0,False,90.056,"[None, 2048, 2048, 2048, 2048]","[2048, 2048, 2048, 2048, 2048, 2048, 2048, 2048, 2048]","[2048, 2048, 2048, 2048, 2048, 2048, 2048, 2048, 2048]",295.0
1252,9461,16,16,2024-12-06T10:28:05.636000+00:00,17.769,37.723,33.314,282.0,310.0,False,88.806,"[None, 2048, 2048, 2048, 2048]","[2048, 2048, 2048, 2048, 2048, 2048, 2048, 2048, 2048]","[2048, 2048, 2048, 2048, 2048, 2048, 2048, 2048, 2048]",301.0
1252,9461,44,24,2024-12-06T10:28:10.629000+00:00,18.005,38.842,33.094,286.0,295.0,False,89.941,"[None, 2048, 2048, 2048, 2048]","[2048, 2048, 2048, 2048, 2048, 2048, 2048, 2048, 2048]","[2048, 2048, 2048, 2048, 2048, 2048, 2048, 2048, 2048]",299.0
1252,9461,46,22,2024-12-06T10:28:15.166000+00:00,17.881,38.983,41.155,287.0,241.0,False,98.019,"[None, 2048, 2048, 2048, 2049]","[2048, 2048, 2048, 2048, 2048, 2048, 2048, 2048, 2048]","[2048, 2048, 2048, 2048, 2048, 2048, 2048, 2064, 2064]",297.0
1252,9461,37,21,2024-12-06T10:28:30.672000+00:00,18.478,38.823,33.092,277.0,294.0,False,90.393,"[None, 2048, 2048, 2048, 2048]","[2048, 2048, 2048, 2048, 2048, 2048, 2048, 2048, 2048]","[2048, 2048, 2048, 2048, 2048, 2048, 2048, 2048, 2048]",302.0
1252,9461,27,21,2024-12-06T10:28:32.608000+00:00,18.199,38.202,33.105,283.0,306.0,False,89.506,"[None, 2048, 2048, 2048, 2048]","[2048, 2048, 2048, 2048, 2048, 2048, 2048, 2048, 2048]","[2048, 2048, 2048, 2048, 2048, 2048, 2048, 2048, 2048]",311.0
1252,9461,43,22,2024-12-06T10:28:40.382000+00:00,18.213,38.883,33.197,286.0,296.0,False,90.293,"[None, 2048, 2048, 2048, 2048]","[2048, 2048, 2048, 2048, 2048, 2048, 2048, 2048, 2048]","[2048, 2048, 2048, 2048, 2048, 2048, 2048, 2048, 2048]",303.0
1252,9461,30,25,2024-12-06T10:28:46.496000+00:00,17.861,38.114,32.445,280.0,295.0,False,88.42,"[2048, 2048, 2048, 2048, 2048]","[2048, 2048, 2048, 2048, 2048, 2048, 2048, 2048, 2048]","[2048, 2048, 2048, 2048, 2048, 2048, 2048, 2048, 2048]",300.0
1252,9461,24,21,2024-12-06T10:28:53.516000+00:00,21.214,49.484,33.875,264.0,289.0,False,104.573,"[None, 2048, 2048, 2048, 2048]","[2048, 2048, 2048, 2048, 2048, 2048, 2048, 2048, 2048]","[2048, 2048, 2048, 2048, 2048, 2048, 2048, 2048]",206.0
1252,9461,4,23,2024-12-06T10:28:54.835000+00:00,18.013,38.673,33.161,,297.0,False,89.847,"[None, 2048, 2048, 2048, 2048]","[2048, 2048, 2048, 2048, 2048, 2048, 2048, 2048, 2048]","[2048, 2048, 2048, 2048, 2048, 2048, 2048, 2048, 2048]",307.0
1252,9461,61,22,2024-12-06T10:28:58.917000+00:00,18.245,39.01,33.341,282.0,292.0,False,90.596,"[None, 2048, 2048, 2048, 2048]","[2048, 2048, 2048, 2048, 2048, 2048, 2048, 2048, 2048]","[2048, 2048, 2048, 2048, 2048, 2048, 2048, 2048, 2048]",299.0
1252,9461,11,24,2024-12-06T10:29:04.373000+00:00,18.13,38.917,33.258,281.0,293.0,False,90.305,"[None, 2048, 2048, 2048, 2048]","[2048, 2048, 2048, 2048, 2048, 2048, 2048, 2048, 2048]","[2048, 2048, 2048, 2048, 2048, 2048, 2048, 2048, 2048]",303.0
1252,9461,40,22,2024-12-06T10:29:05+00:00,18.392,38.481,33.288,277.0,295.0,False,90.161,"[2048, 2048, 2048, 2048, 2048]","[2048, 2048, 2048, 2048, 2048, 2048, 2048, 2048, 2048]","[2048, 2048, 2048, 2048, 2048, 2048, 2048, 2048, 2048]",302.0
1252,9461,63,25,2024-12-06T10:29:12.394000+00:00,18.094,38.765,33.478,285.0,302.0,False,90.337,"[None, 2048, 2048, 2048, 2048]","[2048, 2048, 2048, 2048, 2048, 2048, 2048, 2048, 2048]","[2048, 2048, 2048, 2048, 2048, 2048, 2048, 2048, 2048]",308.0
1252,9461,77,21,2024-12-06T10:29:16.425000+00:00,18.464,39.056,33.164,268.0,283.0,False,90.684,"[None, 2048, 2048, 2048, 2048]","[2048, 2048, 2048, 2048, 2048, 2048, 2048, 2048, 2048]","[2048, 2048, 2048, 2048, 2048, 2048, 2048, 2048, 2048]",289.0
1252,9461,14,21,2024-12-06T10:29:25.648000+00:00,17.451,37.041,31.277,284.0,316.0,False,85.769,"[None, 2049, 2049, 2049, 2048]","[2049, 2048, 2048, 2048, 2048, 2048, 2048, 2048, 2048]","[2048, 2048, 2048, 2048, 2048, 2048, 2048, 2048, 2048]",324.0
1252,9461,34,20,2024-12-06T10:29:30.785000+00:00,17.671,36.865,31.63,284.0,317.0,False,86.166,"[None, 2048, 2048, 2049, 2048]","[2048, 2048, 2048, 2048, 2048, 2048, 2049, 2049, 2048]","[2048, 2048, 2048, 2048, 2048, 2048, 2048, 2048, 2048]",324.0
1252,9461,39,20,2024-12-06T10:29:33.051000+00:00,18.352,37.959,32.175,284.0,302.0,False,88.486,"[None, 2048, 2048, 2048, 2048]","[2048, 2048, 2048, 2048, 2048, 2048, 2048, 2048, 2048]","[2048, 2049, 2048, 2048, 2048, 2048, 2048, 2048, 2048]",309.0
1252,9461,20,23,2024-12-06T10:29:33.882000+00:00,18.076,39.222,33.694,285.0,307.0,False,90.992,"[None, 2048, 2048, 2048, 2049]","[2048, 2048, 2048, 2048, 2049, 2048, 2048, 2048, 2048]","[2048, 2048, 2048, 2048, 2048, 2048, 2048, 2048, 2048]",309.0
1252,9461,16,17,2024-12-06T10:29:34.570000+00:00,17.702,38.477,32.088,295.0,293.0,False,88.267,"[None, 2048, 2048, 2048, 2051]","[2048, 2048, 2048, 2051, 2049, 2048, 2048, 2048, 2048]","[2048, 2048, 2048, 2048, 2048, 2048, 2048, 2048, 2048]",321.0
1252,9461,28,18,2024-12-06T10:29:39.076000+00:00,17.581,37.249,32.058,285.0,317.0,False,86.888,"[None, 2049, 2048, 2048, 2049]","[2049, 2048, 2048, 2048, 2049, 2048, 2048, 2048, 2048]","[2048, 2048, 2048, 2048, 2048, 2048, 2048, 2049, 2048]",325.0
1252,9461,44,25,2024-12-06T10:29:40.482000+00:00,18.028,38.845,33.178,288.0,295.0,False,90.051,"[None, 2048, 2048, 2048, 2049]","[2048, 2048, 2048, 2048, 2048, 2048, 2048, 2048, 2048]","[2048, 2048, 2048, 2048, 2048, 2048, 2048, 2048, 2048]",303.0
1252,9461,10,22,2024-12-06T10:29:47.045000+00:00,17.604,37.149,31.583,286.0,312.0,False,86.336,"[2048, 2048, 2048, 2048, 2049]","[2048, 2048, 2048, 2048, 2048, 2048, 2048, 2048, 2048]","[2048, 2048, 2048, 2048, 2048, 2048, 2048, 2048, 2048]",322.0
1252,9461,37,22,2024-12-06T10:30:01.089000+00:00,18.388,39.095,36.035,,293.0,False,93.518,"[None, 2048, 2048, 2048, 2048]","[2048, 2048, 2048, 2048, 2048, 2048, 2048, 2048, 2048]","[2048, 2048, 2048, 2048, 2048, 2048, 2048, 2064, 2064]",301.0
1252,9461,27,22,2024-12-06T10:30:02.241000+00:00,19.127,39.724,48.782,280.0,237.0,False,107.633,"[None, 2048, 2048, 2048, 2048]","[2048, 2048, 2048, 2048, 2048, 2048, 2048, 2048, 2048]","[2048, 2048, 2048, 2048, 2048, 2048, 2048, 2048]",286.0
1252,9461,43,23,2024-12-06T10:30:10.746000+00:00,25.125,51.331,65.503,188.0,164.0,False,141.959,"[None, 2048, 2048, 2048, 2048]","[2048, 2048, 2048, 2048, 2048, 2048, 2048, 2048, 2048]","[2048, 2048, 2048, 2048, 2048, 2048, 2048, 2048, 2048]",169.0
1252,9461,30,26,2024-12-06T10:30:14.903000+00:00,28.894,57.002,56.899,138.0,231.0,False,142.795,"[None, 2048, 2048, 2048, 2048]","[2048, 2048, 2048, 2048, 2048, 2048, 2048, 2048, 2048]","[2048, 2048, 2048, 2048, 2048, 2048, 2048, 2048, 2048]",169.0
1252,9461,4,24,2024-12-06T10:30:24.718000+00:00,17.984,39.646,47.821,,213.0,False,105.451,"[None, 2048, 2048, 2048, 2048]","[2048, 2048, 2048, 2048, 2048, 2048, 2048, 2048, 2048]","[2048, 2048, 2048, 2048, 2048, 2048, 2048, 2048, 2048]",303.0
1252,9461,61,23,2024-12-06T10:30:29.466000+00:00,22.241,58.909,75.266,185.0,158.0,False,156.416,"[None, 2048, 2048, 2048, 2048]","[2048, 2048, 2048, 2048, 2048, 2048, 2048, 2048, 2048]","[2048, 2048, 2048, 2048, 2048, 2048, 2048, 2048, 2048]",142.0
1252,9461,11,25,2024-12-06T10:30:34.373000+00:00,18.303,55.63,58.812,280.0,149.0,False,132.745,"[None, 2048, 2048, 2048, 2048]","[2048, 2048, 2048, 2048, 2048, 2048, 2048, 2048, 2048]","[2048, 2048, 2048, 2048, 2048, 2048, 2048, 2048, 2048]",145.0
1252,9461,40,23,2024-12-06T10:30:35.138000+00:00,27.132,56.807,91.578,187.0,216.0,False,175.517,"[None, 2048, 2048, 2048, 2048]","[2048, 2048, 2048, 2048, 2048, 2048, 2048, 2048, 2048]","[2048, 2048, 2048, 2048, 2048, 2048, 2048, 2048, 2048]",154.0
1252,9461,24,22,2024-12-06T10:30:38.530000+00:00,25.995,49.128,57.035,172.0,208.0,False,132.158,"[None, 2048, 2048, 2048, 2048]","[2048, 2048, 2048, 2048, 2048, 2048, 2048, 2048, 2048]","[2048, 2048, 2048, 2048, 2048, 2048, 2048, 2048, 2048]",245.0
1252,9461,63,26,2024-12-06T10:30:42.785000+00:00,21.719,45.226,55.331,222.0,230.0,False,122.276,"[None, 2048, 2048, 2048, 2048]","[2048, 2048, 2048, 2048, 2048, 2048, 2048, 2048, 2048]","[2048, 2048, 2048, 2048, 2048, 2048, 2048, 2048, 2048]",203.0
1252,9461,77,22,2024-12-06T10:30:47.108000+00:00,18.847,40.578,54.252,,259.0,False,113.677,"[None, 2048, 2048, 2048, 2048]","[2048, 2048, 2048, 2048, 2048, 2048, 2048, 2048, 2048]","[2048, 2048, 2048, 2048, 2048, 2048, 2048, 2048, 2048]",294.0
1252,9461,14,22,2024-12-06T10:30:51.520000+00:00,19.179,41.78,45.106,198.0,250.0,False,106.065,"[None, 2048, 2048, 2048, 2048]","[2048, 2048, 2048, 2048, 2048, 2048, 2048, 2048, 2048]","[2048, 2048, 2048, 2048, 2048, 2048, 2048, 2048, 2048]",271.0
1252,9461,34,21,2024-12-06T10:30:56.953000+00:00,22.242,58.612,61.055,209.0,187.0,False,141.909,"[None, 2048, 2048, 2048, 2048]","[2048, 2048, 2048, 2048, 2048, 2048, 2048, 2048, 2048]","[2048, 2048, 2048, 2048, 2048, 2048, 2048, 2048, 2048]",143.0
1252,9461,39,21,2024-12-06T10:31:01.487000+00:00,18.178,38.274,59.22,276.0,292.0,False,115.672,"[None, 2048, 2048, 2048, 2048]","[2048, 2048, 2048, 2048, 2048, 2048, 2048, 2048, 2048]","[2048, 2048, 2048, 2048, 2048, 2048, 2048, 2048, 2048]",298.0
1252,9461,16,18,2024-12-06T10:31:02.775000+00:00,17.768,37.708,57.206,283.0,293.0,False,112.682,"[None, 2048, 2048, 2048, 2048]","[2048, 2048, 2048, 2048, 2048, 2048, 2048, 2048, 2048]","[2048, 2048, 2048, 2048, 2048, 2048, 2048, 2048, 2048]",319.0
1252,9461,20,24,2024-12-06T10:31:04.917000+00:00,18.234,45.033,51.903,,268.0,False,115.17,"[None, 2048, 2048, 2048, 2048]","[2048, 2048, 2048, 2048, 2048, 2048, 2048, 2048, 2048]","[2048, 2048, 2048, 2048, 2048, 2048, 2048, 2048, 2048]",198.0
1252,9461,28,19,2024-12-06T10:31:06.129000+00:00,21.446,48.517,45.032,213.0,245.0,False,114.995,"[None, 2048, 2048, 2048, 2048]","[2048, 2048, 2048, 2048, 2048, 2048, 2048, 2048, 2048]","[2048, 2048, 2048, 2048, 2048, 2048, 2048, 2064, 2064]",219.0
1252,9461,44,26,2024-12-06T10:31:10.629000+00:00,28.784,64.645,74.452,139.0,154.0,False,167.881,"[None, 2048, 2048, 2048, 2048]","[2048, 2048, 2048, 2048, 2048, 2048, 2048, 2048, 2048]","[2048, 2048, 2048, 2048, 2048, 2048, 2048, 2048, 2048]",128.0
1252,9461,10,23,2024-12-06T10:31:13.318000+00:00,28.114,50.104,57.177,162.0,239.0,False,135.395,"[None, 2048, 2048, 2048, 2048]","[2048, 2048, 2048, 2048, 2048, 2048, 2048, 2048, 2048]","[2048, 2048, 2048, 2048, 2048, 2048, 2048, 2048, 2048]",259.0
1252,9461,27,23,2024-12-06T10:31:49.984000+00:00,41.058,40.396,38.936,282.0,257.0,False,120.39,"[None, 2048, 2048, 2048, 2048]","[2048, 2048, 2048, 2048, 2048, 2048, 2048, 2048, 2048]","[2048, 2048, 2048, 2048, 2048, 2048, 2048, 2064, 2064]",281.0
1252,9461,4,25,2024-12-06T10:32:10.498000+00:00,50.066,50.355,39.662,277.0,200.0,False,140.083,"[None, 2048, 2048, 2048, 2048]","[2048, 2048, 2048, 2048, 2048, 2048, 2048, 2048, 2048]","[2048, 2048, 2048, 2048, 2048, 2048, 2048, 2064, 2064]",231.0
1252,9461,43,24,2024-12-06T10:32:32.907000+00:00,42.161,44.241,35.33,260.0,284.0,False,121.732,"[None, 2048, 2048, 2048, 2048]","[2048, 2048, 2048, 2048, 2048, 2048, 2048, 2048, 2048]","[2048, 2048, 2048, 2048, 2048, 2048, 2048, 2064, 2064]",240.0
1252,9461,30,27,2024-12-06T10:32:38.568000+00:00,40.593,41.372,35.672,284.0,296.0,False,117.637,"[None, 2048, 2048, 2048, 2048]","[2048, 2048, 2048, 2048, 2048, 2048, 2048, 2048, 2048]","[2048, 2048, 2048, 2048, 2048, 2048, 2048, 2064, 2064]",289.0
1252,9461,14,23,2024-12-06T10:32:38.583000+00:00,35.458,38.133,35.311,282.0,285.0,False,108.902,"[None, 2048, 2048, 2048, 2048]","[2048, 2048, 2048, 2048, 2048, 2048, 2048, 2048, 2048]","[2048, 2048, 2048, 2048, 2048, 2048, 2048, 2064, 2064]",306.0
1252,9461,77,23,2024-12-06T10:32:41.006000+00:00,39.146,43.791,44.362,276.0,184.0,False,127.299,"[None, 2048, 2048, 2048, 2048]","[2048, 2048, 2048, 2048, 2048, 2048, 2048, 2048, 2048]","[2048, 2048, 2048, 2048, 2048, 2048, 2048, 2064, 2064]",247.0
1252,9461,63,27,2024-12-06T10:32:45.169000+00:00,49.757,39.272,39.999,280.0,286.0,False,129.028,"[None, 2048, 2048, 2048, 2048]","[2048, 2048, 2048, 2048, 2048, 2048, 2048, 2048, 2048]","[2048, 2048, 2048, 2048, 2048, 2048, 2048, 2064, 2064]",307.0
1252,9461,11,26,2024-12-06T10:32:47.313000+00:00,48.551,40.512,42.148,281.0,214.0,False,131.211,"[None, 2048, 2048, 2048, 2048]","[2048, 2048, 2048, 2048, 2048, 2048, 2048, 2048, 2048]","[2048, 2048, 2048, 2048, 2048, 2048, 2048, 2064, 2064]",280.0
1252,9461,24,23,2024-12-06T10:32:50.480000+00:00,35.476,48.117,50.39,276.0,110.0,False,133.983,"[None, 2048, 2048, 2048, 2048]","[2048, 2048, 2048, 2048, 2048, 2048, 2048, 2048, 2048]","[2048, 2048, 2048, 2048, 2048, 2048, 2048, 2064, 2064]",174.0
1252,9461,16,19,2024-12-06T10:32:55.718000+00:00,43.467,45.52,42.871,198.0,200.0,False,131.858,"[None, 2048, 2048, 2048, 2048]","[2048, 2048, 2048, 2048, 2048, 2048, 2048, 2048, 2048]","[2048, 2048, 2048, 2048, 2048, 2048, 2048, 2064, 2064]",199.0
1252,9461,39,22,2024-12-06T10:32:57.186000+00:00,44.492,49.821,42.403,282.0,237.0,False,136.716,"[None, 2048, 2048, 2048, 2048]","[2048, 2048, 2048, 2048, 2048, 2048, 2048, 2048, 2048]","[2048, 2048, 2048, 2048, 2048, 2048, 2048, 2064, 2064]",198.0
1252,9461,20,25,2024-12-06T10:33:00.117000+00:00,50.998,47.158,40.073,280.0,169.0,False,138.229,"[None, 2048, 2048, 2048, 2048]","[2048, 2048, 2048, 2048, 2048, 2048, 2048, 2048, 2048]","[2048, 2048, 2048, 2048, 2048, 2048, 2048, 2064, 2064]",198.0
1252,9461,61,24,2024-12-06T10:33:06.177000+00:00,51.178,39.554,39.207,280.0,294.0,False,129.939,"[None, 2048, 2048, 2048, 2048]","[2048, 2048, 2048, 2048, 2048, 2048, 2048, 2048, 2048]","[2048, 2048, 2048, 2048, 2048, 2048, 2048, 2064, 2064]",299.0
1252,9461,34,22,2024-12-06T10:33:19.171000+00:00,47.689,38.713,48.626,283.0,271.0,False,135.028,"[None, 2048, 2048, 2048, 2048]","[2048, 2048, 2048, 2048, 2048, 2048, 2048, 2048, 2048]","[2048, 2048, 2048, 2048, 2048, 2048, 2048, 2064, 2064]",294.0
1252,9461,10,24,2024-12-06T10:33:29.072000+00:00,46.736,38.224,49.446,283.0,294.0,False,134.406,"[None, 2048, 2048, 2048, 2048]","[2048, 2048, 2048, 2048, 2048, 2048, 2048, 2048, 2048]","[2048, 2048, 2048, 2048, 2048, 2048, 2048, 2064, 2064]",299.0
1252,9461,40,24,2024-12-06T10:33:30.917000+00:00,26.174,50.96,49.189,239.0,203.0,False,126.323,"[None, 2048, 2048, 2048, 2048]","[2048, 2048, 2048, 2048, 2048, 2048, 2048, 2048, 2048]","[2048, 2048, 2048, 2048, 2048, 2048, 2048, 2064, 2064]",216.0
1252,9461,44,27,2024-12-06T10:33:58.469000+00:00,46.533,41.418,35.157,282.0,286.0,False,123.108,"[None, 2048, 2048, 2048, 2048]","[2048, 2048, 2048, 2048, 2048, 2048, 2048, 2048, 2048]","[2048, 2048, 2048, 2048, 2048, 2048, 2048, 2064, 2064]",279.0
