meeting_key,session_key,driver_number,lap_number,date_start,duration_sector_1,duration_sector_2,duration_sector_3,i1_speed,i2_speed,is_pit_out_lap,lap_duration,segments_sector_1,segments_sector_2,segments_sector_3,st_speed
1230,9480,1,1,2024-03-09T17:03:59.055000+00:00,36.294,29.707,29.83,284.0,294.0,False,95.831,"[2048, 2049, 2051, 2049, 2049, 2051, 2049, 2051, 2049]","[2049, 2051, 2049, 2051, 2049, 2049, 2049]","[2051, 2049, 2049, 2049, 2049, 2049, 2049, 2049, 2048]",298.0
1230,9480,16,1,2024-03-09T17:03:59.055000+00:00,37.556,29.838,29.664,280.0,293.0,False,97.058,"[2048, 2049, 2049, 2049, 2051, 2049, 2051, 2049, 2049]","[2049, 2049, 2049, 2049, 2049, 2049, 2049]","[2049, 2051, 2049, 2049, 2051, 2051, 2049, 2049, 2051]",307.0
1230,9480,11,1,2024-03-09T17:03:59.055000+00:00,38.025,29.831,29.801,286.0,313.0,False,97.657,"[2048, 2049, 2049, 2049, 2049, 2049, 2049, 2049, 2049]","[2051, 2049, 2049, 2049, 2049, 2049, 2049]","[2049, 2049, 2049, 2049, 2049, 2049, 2049, 2049, 2051]",306.0
1230,9480,14,1,2024-03-09T17:03:59.055000+00:00,38.567,30.035,30.287,285.0,295.0,False,98.889,"[2048, 2049, 2049, 2049, 2049, 2049, 2049, 2049, 2049]","[2049, 2049, 2049, 2049, 2049, 2049, 2049]","[2049, 2049, 2049, 2049, 2049, 2049, 2049, 2049, 2049]",299.0
1230,9480,81,1,2024-03-09T17:03:59.055000+00:00,38.912,30.007,30.16,287.0,301.0,False,99.079,"[2048, 2049, 2049, 2049, 2049, 2049, 2049, 2049, 2051]","[2049, 2049, 2049, 2049, 2049, 2049, 2049]","[2049, 2049, 2049, 2049, 2049, 2049, 2051, 2051, 2051]",304.0
1230,9480,4,1,2024-03-09T17:03:59.055000+00:00,40.117,30.023,30.261,283.0,300.0,False,100.401,"[2048, 2049, 2049, 2049, 2049, 2049, 2049, 2049, 2049]","[2049, 2049, 2049, 2049, 2051, 2049, 2049]","[2049, 2049, 2049, 2049, 2049, 2049, 2049, 2049, 2049]",300.0
1230,9480,44,1,2024-03-09T17:03:59.055000+00:00,40.961,30.084,30.266,286.0,306.0,False,101.311,"[2048, 2049, 2049, 2049, 2049, 2049, 2049, 2049, 2049]","[2049, 2049, 2049, 2049, 2049, 2049, 2049]","[2049, 2049, 2049, 2049, 2049, 2049, 2049, 2049, 2049]",312.0
1230,9480,63,1,2024-03-09T17:03:59.055000+00:00,40.387,29.989,30.438,288.0,311.0,False,100.814,"[2048, 2049, 2049, 2049, 2049, 2049, 2049, 2049, 2049]","[2049, 2049, 2051, 2049, 2049, 2049, 2051]","[2049, 2049, 2049, 2049, 2049, 2049, 2049, 2049, 2049]",314.0
1230,9480,22,1,2024-03-09T17:03:59.055000+00:00,41.716,30.431,30.889,286.0,301.0,False,103.036,"[2048, 2049, 2049, 2049, 2049, 2049, 2049, 2049, 2049]","[2049, 2049, 2049, 2049, 2049, 2051, 2049]","[2049, 2049, 2049, 2049, 2049, 2049, 2049, 2049, 2049]",322.0
1230,9480,18,1,2024-03-09T17:03:59.055000+00:00,41.125,30.865,30.889,291.0,308.0,False,102.879,"[2048, 2049, 2049, 2051, 2049, 2049, 2049, 2049, 2049]","[2049, 2049, 2049, 2049, 2049, 2049, 2049]","[2049, 2049, 2049, 2049, 2049, 2049, 2049, 2049, 2049]",306.0
1230,9480,23,1,2024-03-09T17:03:59.055000+00:00,42.415,30.767,30.874,284.0,301.0,False,104.056,"[2048, 2049, 2049, 2049, 2049, 2049, 2049, 2049, 2049]","[2049, 2049, 2049, 2049, 2049, 2049, 2049]","[2049, 2049, 2049, 2049, 2049, 2049, 2049, 2049, 2049]",307.0
1230,9480,20,1,2024-03-09T17:03:59.055000+00:00,42.23,30.722,30.711,288.0,304.0,False,103.663,"[2048, 2049, 2049, 2049, 2049, 2049, 2049, 2049, 2049]","[2049, 2049, 2049, 2049, 2049, 2049, 2049]","[2049, 2049, 2049, 2049, 2049, 2049, 2049, 2049, 2049]",311.0
1230,9480,3,1,2024-03-09T17:03:59.055000+00:00,43.153,30.97,30.767,285.0,309.0,False,104.89,"[2048, 2049, 2049, 2049, 2049, 2049, 2049, 2049, 2049]","[2049, 2049, 2049, 2049, 2049, 2049, 2049]","[2049, 2049, 2049, 2049, 2049, 2049, 2049, 2049, 2049]",320.0
1230,9480,27,1,2024-03-09T17:03:59.055000+00:00,42.779,30.902,30.556,282.0,304.0,False,104.237,"[2048, 2049, 2049, 2049, 2049, 2049, 2049, 2049, 2049]","[2049, 2049, 2049, 2049, 2049, 2049, 2049]","[2049, 2049, 2049, 2049, 2049, 2049, 2049, 2051, 2051]",312.0
1230,9480,77,1,2024-03-09T17:03:59.055000+00:00,43.4,31.227,30.579,285.0,305.0,False,105.206,"[2048, 2049, 2049, 2049, 2049, 2049, 2049, 2049, 2049]","[2049, 2049, 2049, 2049, 2049, 2049, 2049]","[2049, 2049, 2049, 2049, 2049, 2049, 2049, 2049, 2049]",320.0
1230,9480,38,1,2024-03-09T17:03:59.055000+00:00,41.998,30.675,30.433,284.0,299.0,False,103.106,"[None, 2049, 2049, 2049, 2049, 2049, 2049, 2049, 2049]","[2049, 2049, 2049, 2049, 2049, 2049, 2049]","[2049, 2049, 2049, 2049, 2049, 2049, 2049, 2049, 2051]",318.0
1230,9480,31,1,2024-03-09T17:03:59.055000+00:00,43.271,31.206,30.413,287.0,299.0,False,104.89,"[2048, 2049, 2049, 2049, 2049, 2049, 2049, 2049, 2049]","[2049, 2049, 2049, 2049, 2049, 2049, 2049]","[2049, 2049, 2051, 2051, 2049, 2049, 2049, 2049, 2051]",319.0
1230,9480,10,1,2024-03-09T17:03:59.055000+00:00,45.749,36.134,40.034,221.0,213.0,False,121.917,"[2048, 2049, 2049, 2049, 2049, 2049, 2049, 2049, 2049]","[2049, 2049, 2049, 2049, 2049, 2049, 2049]","[2049, 2049, 2049, 2049, 2049, 2049, 2049, 2049, 2064]",224.0
1230,9480,2,1,2024-03-09T17:03:59.055000+00:00,43.885,31.169,30.765,283.0,285.0,False,105.819,"[2048, 2049, 2049, 2049, 2049, 2049, 2049, 2049, 2049]","[2049, 2049, 2049, 2049, 2049, 2049, 2049]","[2049, 2049, 2049, 2049, 2049, 2049, 2049, 2049, 2049]",308.0
1230,9480,24,1,2024-03-09T17:03:59.055000+00:00,44.624,30.973,30.724,285.0,301.0,False,106.321,"[2048, 2049, 2049, 2049, 2049, 2049, 2049, 2049, 2049]","[2049, 2049, 2049, 2049, 2049, 2049, 2049]","[2049, 2049, 2049, 2049, 2049, 2049, 2049, 2049, 2049]",312.0
1230,9480,1,2,2024-03-09T17:05:34.885000+00:00,34.72,29.628,29.857,,296.0,False,94.205,"[2049, 2049, 2049, 2049, 2048, 2051, 2049, 2051, 2049]","[2048, 2048, 2049, 2051, 2048, 2049, 2049]","[2049, 2048, 2048, 2049, 2049, 2048, 2048, 2048, 2049]",302.0
1230,9480,16,2,2024-03-09T17:05:36.112000+00:00,34.757,29.603,29.819,284.0,305.0,False,94.179,"[2049, 2049, 2051, 2049, 2048, 2049, 2049, 2049, 2049]","[2049, 2051, 2049, 2049, 2048, 2049, 2049]","[2051, 2048, 2048, 2049, 2048, 2048, 2048, 2048, 2049]",304.0
1230,9480,11,2,2024-03-09T17:05:36.711000+00:00,35.07,29.781,29.664,285.0,303.0,False,94.515,"[2049, 2049, 2049, 2049, 2049, 2049, 2049, 2049, 2049]","[2048, 2049, 2048, 2049, 2048, 2048, 2048]","[2049, 2048, 2048, 2049, 2049, 2048, 2048, 2049, 2049]",309.0
1230,9480,14,2,2024-03-09T17:05:37.943000+00:00,35.945,29.705,30.074,,314.0,False,95.724,"[2049, 2049, 2049, 2051, 2048, 2049, 2049, 2049, 2048]","[2049, 2049, 2049, 2049, 2048, 2049, 2049]","[2048, 2048, 2049, 2049, 2049, 2048, 2049, 2049, 2049]",320.0
1230,9480,81,2,2024-03-09T17:05:38.133000+00:00,34.965,29.949,30.168,282.0,295.0,False,95.082,"[2049, 2051, 2049, 2049, 2049, 2049, 2051, 2049, 2048]","[2048, 2049, 2048, 2049, 2049, 2048, 2048]","[2049, 2049, 2048, 2048, 2049, 2048, 2048, 2048, 2048]",296.0
1230,9480,4,2,2024-03-09T17:05:39.455000+00:00,35.355,29.959,29.932,286.0,303.0,False,95.246,"[2049, 2049, 2049, 2049, 2049, 2049, 2049, 2049, 2051]","[2049, 2048, 2049, 2049, 2048, 2049, 2049]","[2049, 2048, 2049, 2049, 2049, 2049, 2048, 2049, 2049]",307.0
1230,9480,63,2,2024-03-09T17:05:39.868000+00:00,35.762,29.646,29.738,,328.0,False,95.146,"[2049, 2049, 2049, 2049, 2049, 2049, 2049, 2049, 2048]","[2051, 2049, 2051, 2049, 2051, 2049, 2049]","[2049, 2049, 2049, 2049, 2049, 2049, 2049, 2049, 2051]",329.0
1230,9480,44,2,2024-03-09T17:05:40.365000+00:00,36.082,29.801,29.658,288.0,322.0,False,95.541,"[2049, 2049, 2049, 2049, 2049, 2049, 2049, 2049, 2049]","[2048, 2049, 2048, 2049, 2049, 2049, 2049]","[2049, 2049, 2049, 2049, 2049, 2048, 2048, 2049, 2049]",332.0
1230,9480,18,2,2024-03-09T17:05:41.933000+00:00,35.771,30.16,30.163,279.0,307.0,False,96.094,"[2049, 2049, 2049, 2049, 2048, 2049, 2049, 2049, 2048]","[2049, 2049, 2049, 2049, 2049, 2049, 2049]","[2049, 2049, 2049, 2049, 2049, 2048, 2049, 2049, 2049]",307.0
1230,9480,22,2,2024-03-09T17:05:42.090000+00:00,36.61,30.236,30.027,,308.0,False,96.873,"[2049, 2049, 2049, 2049, 2049, 2049, 2049, 2049, 2049]","[2048, 2049, 2048, 2049, 2049, 2048, 2048]","[2049, 2049, 2049, 2048, 2049, 2049, 2049, 2049, 2049]",322.0
1230,9480,38,2,2024-03-09T17:05:42.160000+00:00,37.634,29.937,29.844,282.0,311.0,False,97.415,"[2049, 2049, 2049, 2049, 2048, 2049, 2049, 2049, 2049]","[2048, 2049, 2049, 2049, 2049, 2049, 2049]","[2049, 2049, 2049, 2049, 2049, 2049, 2048, 2049, 2049]",327.0
1230,9480,20,2,2024-03-09T17:05:42.717000+00:00,37.419,30.138,29.965,285.0,316.0,False,97.522,"[2049, 2049, 2049, 2049, 2048, 2049, 2049, 2049, 2049]","[2049, 2049, 2048, 2049, 2049, 2049, 2049]","[2049, 2049, 2049, 2049, 2049, 2049, 2048, 2048, 2049]",328.0
1230,9480,23,2,2024-03-09T17:05:43.110000+00:00,37.27,30.174,30.109,286.0,313.0,False,97.553,"[2049, 2049, 2049, 2049, 2049, 2049, 2049, 2049, 2049]","[2049, 2049, 2049, 2049, 2049, 2051, 2051]","[2049, 2049, 2048, 2049, 2049, 2049, 2048, 2048, 2049]",326.0
1230,9480,27,2,2024-03-09T17:05:43.291000+00:00,37.559,30.401,29.876,,314.0,False,97.836,"[2049, 2049, 2049, 2049, 2049, 2049, 2049, 2049, 2049]","[2049, 2049, 2048, 2049, 2049, 2049, 2049]","[2049, 2049, 2049, 2049, 2049, 2049, 2048, 2048, 2051]",325.0
1230,9480,3,2,2024-03-09T17:05:43.944000+00:00,37.42,30.467,30.148,284.0,317.0,False,98.035,"[2049, 2049, 2049, 2049, 2048, 2049, 2049, 2049, 2049]","[2049, 2049, 2048, 2049, 2049, 2049, 2049]","[2049, 2049, 2049, 2049, 2049, 2049, 2048, 2048, 2049]",334.0
1230,9480,31,2,2024-03-09T17:05:43.944000+00:00,37.709,30.659,30.114,283.0,324.0,False,98.482,"[2049, 2049, 2049, 2048, 2048, 2049, 2049, 2049, 2049]","[2049, 2049, 2049, 2049, 2048, 2049, 2049]","[2049, 2048, 2048, 2049, 2048, 2049, 2048, 2048, 2048]",334.0
1230,9480,77,2,2024-03-09T17:05:44.260000+00:00,37.493,30.68,30.301,281.0,322.0,False,98.474,"[2049, 2049, 2049, 2049, 2049, 2049, 2049, 2049, 2048]","[2049, 2048, 2049, 2049, 2049, 2049, 2049]","[2049, 2048, 2048, 2049, 2049, 2048, 2048, 2048, 2049]",340.0
1230,9480,2,2,2024-03-09T17:05:44.873000+00:00,37.303,30.722,30.393,286.0,318.0,False,98.418,"[2049, 2049, 2049, 2049, 2049, 2049, 2049, 2049, 2049]","[2049, 2048, 2048, 2049, 2049, 2049, 2049]","[2049, 2048, 2051, 2051, 2048, 2049, 2048, 2048, 2049]",341.0
1230,9480,24,2,2024-03-09T17:05:45.375000+00:00,37.329,30.946,30.264,280.0,310.0,False,98.539,"[2049, 2049, 2049, 2049, 2049, 2049, 2049, 2049, 2049]","[2049, 2048, 2049, 2048, 2048, 2049, 2049]","[2049, 2049, 2049, 2049, 2048, 2049, 2048, 2048, 2049]",329.0
1230,9480,10,2,2024-03-09T17:06:00.971000+00:00,,,,,,False,,,,,
1230,9480,1,3,2024-03-09T17:07:09.250000+00:00,34.53,29.621,29.892,285.0,296.0,False,94.043,"[None, 2049, 2051, 2048, 2048, 2051, 2048, 2051, 2051]","[2048, 2048, 2049, 2051, 2049, 2049, 2049]","[2048, 2048, 2049, 2048, 2048, 2048, 2048, 2048, 2049]",302.0
1230,9480,16,3,2024-03-09T17:07:10.280000+00:00,34.851,29.856,29.842,283.0,293.0,False,94.549,"[2048, 2048, 2048, 2048, 2048, 2048, 2048, 2049, 2049]","[2048, 2048, 2048, 2048, 2048, 2049, 2048]","[2048, 2051, 2049, 2048, 2048, 2048, 2048, 2048, 2049]",303.0
1230,9480,11,3,2024-03-09T17:07:11.256000+00:00,34.799,29.603,29.653,286.0,318.0,False,94.055,"[None, 2049, 2048, 2049, 2049, 2048, 2048, 2048, 2048]","[2049, 2048, 2048, 2048, 2049, 2049, 2049]","[2048, 2048, 2049, 2049, 2048, 2048, 2048, 2049, 2049]",324.0
1230,9480,81,3,2024-03-09T17:07:13.200000+00:00,34.586,29.726,30.067,284.0,300.0,False,94.379,"[2048, 2048, 2049, 2049, 2049, 2049, 2051, 2049, 2048]","[2049, 2048, 2048, 2049, 2049, 2048, 2048]","[2049, 2049, 2048, 2048, 2049, 2048, 2048, 2048, 2048]",299.0
1230,9480,14,3,2024-03-09T17:07:13.681000+00:00,35.214,29.443,29.782,282.0,318.0,False,94.439,"[None, 2048, 2049, 2048, 2049, 2049, 2049, 2049, 2048]","[2051, 2049, 2049, 2049, 2048, 2049, 2049]","[2049, 2048, 2048, 2049, 2051, 2048, 2048, 2048, 2049]",324.0
1230,9480,4,3,2024-03-09T17:07:14.651000+00:00,35.158,29.767,30.154,285.0,305.0,False,95.079,"[None, 2048, 2048, 2049, 2048, 2049, 2049, 2049, 2048]","[2049, 2049, 2049, 2049, 2048, 2049, 2049]","[2049, 2048, 2048, 2048, 2048, 2048, 2049, 2048, 2048]",307.0
1230,9480,63,3,2024-03-09T17:07:15.135000+00:00,35.737,29.727,29.755,,316.0,False,95.219,"[2049, 2049, 2048, 2049, 2048, 2048, 2048, 2049, 2048]","[2048, 2049, 2051, 2048, 2048, 2048, 2048]","[2049, 2048, 2048, 2048, 2049, 2048, 2049, 2049, 2048]",327.0
1230,9480,44,3,2024-03-09T17:07:15.871000+00:00,35.62,29.818,29.746,289.0,316.0,False,95.184,"[None, 2049, 2048, 2049, 2048, 2049, 2048, 2049, 2048]","[2048, 2048, 2049, 2049, 2049, 2049, 2048]","[2049, 2049, 2048, 2048, 2048, 2048, 2048, 2048, 2048]",329.0
1230,9480,18,3,2024-03-09T17:07:18.074000+00:00,35.453,30.148,30.189,284.0,304.0,False,95.79,"[None, 2049, 2049, 2048, 2049, 2049, 2049, 2048, 2048]","[2049, 2048, 2048, 2049, 2049, 2049, 2048]","[2048, 2049, 2049, 2048, 2049, 2048, 2048, 2048, 2048]",303.0
1230,9480,22,3,2024-03-09T17:07:18.870000+00:00,35.593,30.17,29.94,287.0,308.0,False,95.703,"[None, 2048, 2049, 2049, 2049, 2049, 2048, 2048, 2049]","[2049, 2048, 2048, 2049, 2048, 2048, 2048]","[2049, 2049, 2049, 2048, 2048, 2049, 2049, 2049, 2048]",321.0
1230,9480,38,3,2024-03-09T17:07:19.454000+00:00,35.728,30.062,29.725,283.0,311.0,False,95.515,"[None, 2049, 2049, 2048, 2048, 2049, 2049, 2049, 2049]","[2049, 2048, 2048, 2048, 2048, 2049, 2048]","[2049, 2049, 2048, 2049, 2049, 2048, 2048, 2049, 2049]",333.0
1230,9480,20,3,2024-03-09T17:07:20.224000+00:00,35.815,30.103,29.932,281.0,317.0,False,95.85,"[None, 2049, 2049, 2049, 2048, 2049, 2049, 2049, 2048]","[2049, 2048, 2048, 2049, 2048, 2048, 2048]","[2049, 2049, 2048, 2048, 2048, 2049, 2048, 2048, 2048]",326.0
1230,9480,23,3,2024-03-09T17:07:20.685000+00:00,35.739,30.029,30.218,,318.0,False,95.986,"[2049, 2049, 2049, 2049, 2049, 2049, 2049, 2049, 2049]","[2048, 2049, 2048, 2049, 2049, 2051, 2051]","[2049, 2048, 2048, 2048, 2048, 2049, 2048, 2048, 2048]",327.0
1230,9480,27,3,2024-03-09T17:07:20.999000+00:00,36.146,30.285,29.951,,317.0,False,96.382,"[2051, 2049, 2049, 2049, 2048, 2049, 2049, 2049, 2049]","[2049, 2048, 2048, 2049, 2048, 2048, 2048]","[2049, 2048, 2048, 2048, 2048, 2049, 2048, 2048, 2048]",328.0
1230,9480,3,3,2024-03-09T17:07:21.833000+00:00,36.44,30.303,30.023,282.0,311.0,False,96.766,"[None, 2048, 2049, 2049, 2049, 2049, 2049, 2049, 2048]","[2049, 2049, 2048, 2049, 2048, 2048, 2048]","[2049, 2049, 2048, 2048, 2049, 2049, 2048, 2048, 2048]",322.0
1230,9480,31,3,2024-03-09T17:07:22.282000+00:00,36.32,30.427,30.173,281.0,320.0,False,96.92,"[None, 2048, 2049, 2049, 2049, 2049, 2049, 2049, 2049]","[2049, 2049, 2048, 2049, 2049, 2049, 2048]","[2048, 2048, 2048, 2048, 2048, 2049, 2048, 2048, 2048]",328.0
1230,9480,77,3,2024-03-09T17:07:22.879000+00:00,36.222,30.52,30.224,,318.0,False,96.966,"[None, 2048, 2049, 2049, 2048, 2049, 2049, 2049, 2049]","[2049, 2049, 2048, 2049, 2048, 2048, 2048]","[2049, 2049, 2049, 2048, 2048, 2048, 2048, 2048, 2048]",325.0
1230,9480,2,3,2024-03-09T17:07:23.293000+00:00,36.326,30.341,30.204,285.0,318.0,False,96.871,"[None, 2049, 2049, 2048, 2049, 2049, 2049, 2049, 2049]","[2049, 2049, 2048, 2049, 2048, 2048, 2049]","[2048, 2049, 2048, 2048, 2048, 2048, 2048, 2048, 2049]",335.0
1230,9480,24,3,2024-03-09T17:07:23.826000+00:00,36.3,30.556,30.376,279.0,318.0,False,97.232,"[None, 2049, 2049, 2049, 2048, 2049, 2049, 2049, 2049]","[2049, 2049, 2049, 2049, 2048, 2049, 2049]","[2048, 2048, 2048, 2048, 2048, 2049, 2048, 2048, 2048]",322.0
1230,9480,1,4,2024-03-09T17:08:43.306000+00:00,34.416,29.541,29.797,,298.0,False,93.754,"[None, 2049, 2048, 2048, 2048, 2048, 2049, 2051, 2049]","[2048, 2048, 2049, 2051, 2048, 2049, 2049]","[2049, 2048, 2048, 2049, 2049, 2048, 2048, 2048, 2048]",303.0
1230,9480,16,4,2024-03-09T17:08:44.924000+00:00,35.927,29.635,29.651,279.0,309.0,False,95.213,"[None, 2049, 2048, 2048, 2048, 2048, 2048, 2048, 2048]","[2048, 2048, 2049, 2048, 2048, 2049, 2049]","[2049, 2048, 2048, 2049, 2049, 2048, 2048, 2048, 2049]",318.0
1230,9480,11,4,2024-03-09T17:08:45.305000+00:00,34.751,29.57,29.725,,302.0,False,94.046,"[None, 2049, 2048, 2048, 2049, 2049, 2048, 2049, 2051]","[2049, 2049, 2048, 2049, 2049, 2048, 2048]","[2051, 2049, 2048, 2048, 2049, 2048, 2048, 2048, 2048]",306.0
1230,9480,81,4,2024-03-09T17:08:47.691000+00:00,34.81,29.76,30.019,286.0,298.0,False,94.589,"[None, 2048, 2048, 2049, 2048, 2049, 2048, 2048, 2049]","[2048, 2048, 2048, 2049, 2051, 2048, 2048]","[2048, 2049, 2048, 2048, 2049, 2048, 2048, 2048, 2048]",299.0
1230,9480,14,4,2024-03-09T17:08:48.153000+00:00,35.313,29.54,29.893,283.0,314.0,False,94.746,"[2048, 2049, 2048, 2048, 2048, 2049, 2049, 2048, 2048]","[2048, 2049, 2049, 2048, 2049, 2049, 2048]","[2048, 2048, 2049, 2049, 2048, 2048, 2048, 2048, 2048]",323.0
1230,9480,4,4,2024-03-09T17:08:49.750000+00:00,35.054,29.889,29.954,287.0,304.0,False,94.897,"[2048, 2048, 2048, 2048, 2048, 2049, 2049, 2049, 2049]","[2048, 2048, 2048, 2049, 2048, 2048, 2048]","[2048, 2049, 2049, 2048, 2049, 2048, 2048, 2048, 2048]",305.0
1230,9480,63,4,2024-03-09T17:08:50.307000+00:00,35.522,29.747,29.764,290.0,316.0,False,95.033,"[2048, 2048, 2048, 2048, 2048, 2048, 2049, 2049, 2049]","[2049, 2048, 2048, 2049, 2048, 2048, 2048]","[2048, 2049, 2048, 2048, 2049, 2048, 2048, 2048, 2048]",328.0
1230,9480,44,4,2024-03-09T17:08:51.131000+00:00,35.622,29.971,30.079,,307.0,False,95.672,"[2048, 2048, 2049, 2048, 2048, 2049, 2048, 2049, 2049]","[2048, 2049, 2048, 2048, 2048, 2048, 2048]","[2048, 2048, 2048, 2048, 2049, 2048, 2049, 2048, 2048]",313.0
1230,9480,18,4,2024-03-09T17:08:53.791000+00:00,35.301,30.247,30.187,,300.0,False,95.735,"[2048, 2049, 2049, 2048, 2049, 2049, 2048, 2049, 2048]","[2049, 2048, 2048, 2048, 2048, 2048, 2048]","[2048, 2048, 2049, 2048, 2048, 2049, 2049, 2049, 2049]",301.0
1230,9480,22,4,2024-03-09T17:08:54.576000+00:00,35.57,29.858,29.95,285.0,314.0,False,95.378,"[None, 2049, 2048, 2048, 2048, 2049, 2048, 2049, 2048]","[2049, 2049, 2048, 2049, 2049, 2049, 2049]","[2048, 2048, 2049, 2049, 2048, 2048, 2049, 2049, 2049]",333.0
1230,9480,38,4,2024-03-09T17:08:55.129000+00:00,35.862,30.067,29.716,,313.0,False,95.645,"[None, 2048, 2048, 2048, 2048, 2049, 2049, 2048, 2049]","[2049, 2048, 2048, 2049, 2048, 2048, 2049]","[2049, 2049, 2049, 2048, 2048, 2048, 2048, 2049, 2048]",326.0
1230,9480,20,4,2024-03-09T17:08:55.973000+00:00,35.537,29.956,29.874,285.0,321.0,False,95.367,"[None, 2049, 2049, 2049, 2049, 2049, 2048, 2048, 2048]","[2048, 2048, 2048, 2049, 2048, 2049, 2049]","[2048, 2048, 2048, 2049, 2049, 2049, 2048, 2048, 2049]",330.0
1230,9480,23,4,2024-03-09T17:08:56.605000+00:00,35.715,29.935,29.903,287.0,315.0,False,95.553,"[2048, 2049, 2049, 2048, 2049, 2049, 2048, 2049, 2049]","[2048, 2048, 2048, 2049, 2049, 2048, 2048]","[2048, 2049, 2049, 2048, 2049, 2049, 2048, 2048, 2048]",328.0
1230,9480,27,4,2024-03-09T17:08:57.498000+00:00,35.786,30.354,30.091,285.0,310.0,False,96.231,"[2048, 2049, 2049, 2048, 2048, 2048, 2049, 2049, 2048]","[2048, 2048, 2049, 2048, 2049, 2048, 2048]","[2048, 2048, 2048, 2048, 2049, 2049, 2048, 2048, 2048]",315.0
1230,9480,3,4,2024-03-09T17:08:58.600000+00:00,35.734,30.292,30.245,285.0,309.0,False,96.271,"[2048, 2049, 2049, 2048, 2049, 2049, 2049, 2049, 2049]","[2048, 2049, 2048, 2048, 2048, 2048, 2048]","[2048, 2048, 2048, 2048, 2048, 2048, 2049, 2049, 2048]",318.0
1230,9480,31,4,2024-03-09T17:08:59.213000+00:00,35.875,30.204,30.182,282.0,320.0,False,96.261,"[2048, 2048, 2049, 2048, 2049, 2049, 2049, 2049, 2049]","[2049, 2048, 2049, 2049, 2049, 2049, 2048]","[2049, 2048, 2048, 2048, 2048, 2048, 2048, 2048, 2048]",326.0
1230,9480,77,4,2024-03-09T17:08:59.748000+00:00,35.91,30.33,30.177,280.0,315.0,False,96.417,"[2048, 2048, 2049, 2049, 2049, 2049, 2048, 2049, 2048]","[2049, 2049, 2048, 2049, 2049, 2048, 2048]","[2049, 2048, 2048, 2048, 2048, 2049, 2048, 2048, 2048]",320.0
1230,9480,2,4,2024-03-09T17:09:00.292000+00:00,36.153,30.291,30.1,,319.0,False,96.544,"[None, 2048, 2049, 2048, 2049, 2049, 2049, 2049, 2049]","[2048, 2048, 2048, 2049, 2048, 2048, 2049]","[2049, 2049, 2048, 2048, 2048, 2049, 2048, 2048, 2048]",331.0
1230,9480,24,4,2024-03-09T17:09:01.132000+00:00,36.001,30.359,30.166,285.0,320.0,False,96.526,"[2048, 2048, 2049, 2049, 2049, 2049, 2049, 2049, 2049]","[2049, 2048, 2049, 2049, 2048, 2049, 2049]","[2049, 2048, 2048, 2048, 2049, 2048, 2048, 2048, 2049]",322.0
1230,9480,1,5,2024-03-09T17:10:17.093000+00:00,34.457,29.59,29.908,284.0,296.0,False,93.955,"[None, 2048, 2051, 2048, 2048, 2048, 2049, 2048, 2048]","[2048, 2048, 2048, 2048, 2049, 2049, 2048]","[2048, 2048, 2048, 2048, 2048, 2048, 2048, 2048, 2049]",302.0
1230,9480,11,5,2024-03-09T17:10:19.312000+00:00,34.625,29.673,29.787,287.0,300.0,False,94.085,"[2048, 2048, 2049, 2048, 2048, 2049, 2049, 2049, 2048]","[2049, 2048, 2048, 2049, 2048, 2048, 2048]","[2051, 2048, 2048, 2048, 2049, 2048, 2048, 2048, 2048]",305.0
1230,9480,16,5,2024-03-09T17:10:20.146000+00:00,34.902,29.654,29.826,281.0,304.0,False,94.382,"[2049, 2049, 2048, 2048, 2048, 2048, 2049, 2048, 2048]","[2048, 2048, 2048, 2048, 2048, 2048, 2048]","[2049, 2048, 2048, 2048, 2048, 2048, 2048, 2048, 2048]",305.0
1230,9480,81,5,2024-03-09T17:10:22.205000+00:00,34.773,29.755,30.029,284.0,297.0,False,94.557,"[None, 2048, 2049, 2048, 2048, 2048, 2048, 2048, 2048]","[2048, 2048, 2048, 2049, 2048, 2048, 2048]","[2049, 2048, 2048, 2048, 2049, 2048, 2048, 2048, 2048]",300.0
1230,9480,14,5,2024-03-09T17:10:22.921000+00:00,35.061,29.628,29.823,284.0,316.0,False,94.512,"[2049, 2049, 2049, 2048, 2048, 2049, 2049, 2048, 2048]","[2048, 2048, 2048, 2049, 2048, 2048, 2048]","[2048, 2049, 2049, 2048, 2048, 2048, 2048, 2049, 2048]",324.0
1230,9480,4,5,2024-03-09T17:10:24.642000+00:00,35.043,29.824,30.035,286.0,301.0,False,94.902,"[None, 2048, 2048, 2048, 2049, 2048, 2049, 2048, 2048]","[2048, 2048, 2048, 2048, 2048, 2048, 2048]","[2048, 2048, 2048, 2048, 2048, 2048, 2048, 2048, 2048]",304.0
1230,9480,63,5,2024-03-09T17:10:25.283000+00:00,35.467,29.73,29.953,288.0,315.0,False,95.15,"[None, 2048, 2049, 2048, 2049, 2049, 2049, 2048, 2048]","[2049, 2048, 2048, 2049, 2048, 2048, 2048]","[2048, 2048, 2048, 2048, 2048, 2049, 2048, 2048, 2048]",313.0
1230,9480,44,5,2024-03-09T17:10:26.789000+00:00,35.365,29.797,29.945,288.0,310.0,False,95.107,"[None, 2049, 2049, 2048, 2048, 2049, 2049, 2049, 2048]","[2049, 2048, 2048, 2049, 2048, 2048, 2048]","[2049, 2049, 2048, 2048, 2048, 2048, 2048, 2048, 2048]",316.0
1230,9480,18,5,2024-03-09T17:10:29.589000+00:00,35.293,30.188,30.079,282.0,297.0,False,95.56,"[2049, 2049, 2048, 2048, 2049, 2049, 2049, 2049, 2048]","[2048, 2048, 2048, 2049, 2049, 2048, 2048]","[2048, 2048, 2048, 2048, 2049, 2048, 2048, 2049, 2048]",306.0
1230,9480,22,5,2024-03-09T17:10:29.998000+00:00,35.908,30.063,29.618,286.0,308.0,False,95.589,"[None, 2048, 2048, 2048, 2048, 2048, 2048, 2048, 2049]","[2048, 2048, 2048, 2048, 2048, 2048, 2048]","[2049, 2049, 2049, 2049, 2049, 2048, 2048, 2048, 2048]",334.0
1230,9480,38,5,2024-03-09T17:10:30.710000+00:00,35.766,30.04,29.787,284.0,310.0,False,95.593,"[2048, 2049, 2048, 2048, 2048, 2048, 2049, 2049, 2049]","[2048, 2048, 2048, 2048, 2049, 2049, 2048]","[2049, 2048, 2049, 2049, 2048, 2048, 2048, 2048, 2048]",326.0
1230,9480,20,5,2024-03-09T17:10:31.345000+00:00,35.781,30.081,29.822,284.0,317.0,False,95.684,"[None, 2048, 2048, 2048, 2048, 2048, 2049, 2048, 2048]","[2048, 2048, 2048, 2048, 2048, 2048, 2048]","[2049, 2048, 2048, 2048, 2049, 2048, 2048, 2048, 2048]",330.0
1230,9480,23,5,2024-03-09T17:10:32.229000+00:00,35.622,30.005,29.963,,307.0,False,95.59,"[None, 2048, 2049, 2048, 2048, 2049, 2048, 2049, 2049]","[2048, 2048, 2048, 2048, 2049, 2048, 2048]","[2048, 2048, 2048, 2049, 2049, 2048, 2048, 2048, 2048]",330.0
1230,9480,27,5,2024-03-09T17:10:33.704000+00:00,35.486,30.198,30.039,,306.0,False,95.723,"[None, 2048, 2049, 2049, 2049, 2049, 2049, 2049, 2049]","[2049, 2049, 2049, 2049, 2048, 2048, 2048]","[2048, 2048, 2048, 2048, 2049, 2048, 2048, 2048, 2048]",315.0
1230,9480,3,5,2024-03-09T17:10:34.862000+00:00,35.461,30.256,29.982,,307.0,False,95.699,"[None, 2048, 2049, 2048, 2049, 2049, 2049, 2049, 2048]","[2049, 2048, 2048, 2049, 2048, 2048, 2048]","[2048, 2049, 2049, 2048, 2049, 2048, 2048, 2048, 2048]",318.0
1230,9480,31,5,2024-03-09T17:10:35.520000+00:00,35.727,30.153,30.123,284.0,326.0,False,96.003,"[None, 2048, 2048, 2049, 2049, 2049, 2049, 2049, 2049]","[2048, 2048, 2049, 2049, 2048, 2048, 2048]","[2048, 2048, 2048, 2048, 2049, 2048, 2048, 2048, 2048]",327.0
1230,9480,77,5,2024-03-09T17:10:36.132000+00:00,35.837,30.36,30.047,282.0,313.0,False,96.244,"[None, 2049, 2049, 2049, 2049, 2048, 2048, 2049, 2049]","[2049, 2048, 2048, 2049, 2048, 2048, 2048]","[2049, 2049, 2048, 2048, 2048, 2048, 2048, 2048, 2048]",321.0
1230,9480,2,5,2024-03-09T17:10:36.739000+00:00,35.938,30.121,30.145,286.0,321.0,False,96.204,"[2051, 2048, 2049, 2049, 2049, 2048, 2049, 2048, 2049]","[2048, 2048, 2048, 2048, 2049, 2049, 2049]","[2048, 2048, 2048, 2048, 2048, 2049, 2048, 2048, 2048]",329.0
1230,9480,24,5,2024-03-09T17:10:37.509000+00:00,35.861,30.252,30.125,,321.0,False,96.238,"[None, 2048, 2048, 2048, 2049, 2048, 2049, 2048, 2049]","[2048, 2048, 2049, 2049, 2048, 2049, 2049]","[2048, 2048, 2048, 2048, 2049, 2048, 2048, 2048, 2048]",321.0
1230,9480,1,6,2024-03-09T17:11:50.933000+00:00,34.355,29.545,29.776,286.0,297.0,False,93.676,"[None, 2049, 2048, 2048, 2048, 2051, 2048, 2051, 2048]","[2049, 2048, 2048, 2048, 2049, 2049, 2049]","[2048, 2049, 2049, 2049, 2048, 2048, 2048, 2048, 2049]",303.0
1230,9480,11,6,2024-03-09T17:11:53.330000+00:00,34.574,29.549,29.719,288.0,302.0,False,93.842,"[None, 2048, 2049, 2049, 2049, 2048, 2048, 2048, 2048]","[2048, 2048, 2048, 2049, 2049, 2048, 2048]","[2048, 2048, 2048, 2048, 2049, 2048, 2048, 2048, 2048]",305.0
1230,9480,16,6,2024-03-09T17:11:54.577000+00:00,34.737,29.696,29.811,283.0,296.0,False,94.244,"[2048, 2048, 2049, 2048, 2048, 2049, 2048, 2049, 2049]","[2048, 2048, 2048, 2048, 2048, 2048, 2048]","[2048, 2048, 2049, 2048, 2049, 2048, 2048, 2048, 2048]",305.0
1230,9480,81,6,2024-03-09T17:11:56.771000+00:00,34.705,29.757,29.947,286.0,298.0,False,94.409,"[None, 2048, 2048, 2048, 2048, 2048, 2051, 2049, 2048]","[2048, 2048, 2048, 2048, 2048, 2048, 2048]","[2048, 2051, 2048, 2048, 2049, 2048, 2048, 2048, 2048]",301.0
1230,9480,14,6,2024-03-09T17:11:57.457000+00:00,35.089,29.616,29.775,283.0,316.0,False,94.48,"[2048, 2048, 2048, 2051, 2049, 2049, 2048, 2049, 2048]","[2048, 2048, 2048, 2048, 2048, 2048, 2048]","[2048, 2048, 2048, 2048, 2048, 2048, 2048, 2049, 2048]",324.0
1230,9480,4,6,2024-03-09T17:11:59.573000+00:00,35.133,29.856,30.025,287.0,301.0,False,95.014,"[None, 2048, 2048, 2048, 2049, 2048, 2048, 2049, 2049]","[2048, 2048, 2048, 2049, 2048, 2048, 2048]","[2048, 2048, 2048, 2048, 2048, 2048, 2048, 2048, 2048]",302.0
1230,9480,63,6,2024-03-09T17:12:00.536000+00:00,35.505,29.744,29.811,,317.0,False,95.06,"[None, 2048, 2048, 2049, 2049, 2048, 2049, 2048, 2048]","[2048, 2048, 2048, 2049, 2048, 2048, 2048]","[2049, 2049, 2048, 2048, 2048, 2049, 2048, 2048, 2048]",314.0
1230,9480,44,6,2024-03-09T17:12:01.878000+00:00,35.389,29.73,29.958,289.0,312.0,False,95.077,"[None, 2048, 2048, 2048, 2049, 2048, 2049, 2048, 2049]","[2049, 2048, 2048, 2049, 2049, 2048, 2048]","[2048, 2049, 2048, 2048, 2048, 2048, 2048, 2049, 2048]",315.0
1230,9480,18,6,2024-03-09T17:12:05.119000+00:00,35.683,30.131,,284.0,296.0,False,,"[2048, 2048, 2048, 2048, 2048, 2048, 2048, 2048, 2048]","[2048, 2048, 2048, 2049, 2049, 2048, 2048]",[2049],
1230,9480,22,6,2024-03-09T17:12:05.581000+00:00,36.227,30.049,29.999,285.0,310.0,False,96.275,"[2048, 2048, 2048, 2048, 2048, 2048, 2048, 2048, 2048]","[2048, 2048, 2048, 2048, 2048, 2048, 2048]","[2048, 2048, 2048, 2048, 2048, 2048, 2048, 2048]",329.0
1230,9480,38,6,2024-03-09T17:12:06.252000+00:00,35.873,30.007,30.242,285.0,328.0,False,96.122,"[None, 2049, 2048, 2048, 2048, 2048, 2048, 2048, 2048]","[2049, 2048, 2049, 2048, 2049, 2049, 2049]","[2049, 2048, 2048, 2048, 2048, 2048, 2048, 2048]",327.0
1230,9480,20,6,2024-03-09T17:12:07.080000+00:00,35.769,30.206,30.052,,317.0,False,96.027,"[2048, 2048, 2048, 2048, 2048, 2048, 2048, 2048, 2049]","[2048, 2048, 2048, 2048, 2048, 2048, 2048]","[2049, 2048, 2048, 2048, 2048, 2048, 2048, 2048, 2048]",325.0
1230,9480,23,6,2024-03-09T17:12:07.859000+00:00,35.791,30.052,30.134,,320.0,False,95.977,"[None, 2048, 2048, 2048, 2048, 2048, 2048, 2048, 2048]","[2048, 2048, 2048, 2048, 2048, 2048, 2048]","[2049, 2048, 2048, 2048, 2048, 2048, 2048, 2048, 2048]",329.0
1230,9480,27,6,2024-03-09T17:12:09.516000+00:00,35.701,30.239,30.458,284.0,304.0,False,96.398,"[None, 2048, 2048, 2048, 2049, 2048, 2048, 2048, 2048]","[2048, 2049, 2048, 2049, 2048, 2048, 2048]","[2048, 2048, 2048, 2048, 2051, 2048, 2048, 2048, 2048]",320.0
1230,9480,3,6,2024-03-09T17:12:10.560000+00:00,35.463,30.075,30.309,284.0,322.0,False,95.847,"[None, 2048, 2048, 2048, 2048, 2049, 2049, 2048, 2048]","[2049, 2048, 2048, 2048, 2048, 2048, 2048]","[2048, 2048, 2048, 2048, 2048, 2048, 2048, 2049, 2048]",330.0
1230,9480,31,6,2024-03-09T17:12:11.492000+00:00,35.505,30.389,30.904,283.0,307.0,False,96.798,"[None, 2048, 2048, 2048, 2049, 2049, 2049, 2048, 2048]","[2048, 2048, 2048, 2049, 2049, 2048, 2048]","[2049, 2048, 2048, 2048, 2048, 2048, 2048, 2048, 2048]",313.0
1230,9480,77,6,2024-03-09T17:12:12.360000+00:00,35.387,30.125,30.713,284.0,318.0,False,96.225,"[None, 2048, 2049, 2049, 2049, 2049, 2049, 2049, 2048]","[2049, 2048, 2048, 2048, 2049, 2048, 2048]","[2048, 2048, 2048, 2048, 2048, 2048, 2048, 2048]",323.0
1230,9480,2,6,2024-03-09T17:12:13.089000+00:00,35.749,30.086,30.368,,320.0,False,96.203,"[None, 2049, 2048, 2048, 2049, 2049, 2049, 2049, 2049]","[2048, 2049, 2048, 2049, 2048, 2048, 2048]","[2048, 2048, 2048, 2048, 2048, 2048, 2048, 2048, 2048]",329.0
1230,9480,24,6,2024-03-09T17:12:13.894000+00:00,35.967,30.415,30.69,282.0,306.0,False,97.072,"[None, 2048, 2048, 2049, 2049, 2048, 2048, 2048, 2048]","[2049, 2048, 2048, 2049, 2048, 2048, 2048]","[2048, 2048, 2048, 2048, 2048, 2049, 2048, 2048, 2048]",306.0
1230,9480,1,7,2024-03-09T17:13:24.670000+00:00,34.467,41.316,47.136,,123.0,False,122.919,"[2048, 2048, 2051, 2048, 2048, 2048, 2048, 2051, 2048]","[2048, 2048, 2048, 2048, 2048, 2048, 2048]","[2048, 2048, 2048, 2048, 2048, 2048, 2048, 2048, 2064]",228.0
1230,9480,11,7,2024-03-09T17:13:27.245000+00:00,34.591,43.307,46.717,,203.0,False,124.615,"[None, 2048, 2049, 2048, 2048, 2048, 2049, 2049, 2051]","[2048, 2048, 2048, 2048, 2048, 2048, 2048]","[2048, 2048, 2048, 2048, 2048, 2048, 2048, 2048, 2064]",238.0
1230,9480,16,7,2024-03-09T17:13:28.735000+00:00,34.738,43.191,46.902,282.0,131.0,False,124.831,"[None, 2048, 2048, 2048, 2048, 2048, 2049, 2049, 2048]","[2048, 2048, 2048, 2048, 2048, 2048, 2048]","[2048, 2048, 2048, 2048, 2048, 2048, 2048, 2048, 2064]",222.0
1230,9480,81,7,2024-03-09T17:13:31.249000+00:00,34.62,45.923,46.177,,149.0,False,126.72,"[None, 2048, 2048, 2048, 2048, 2048, 2051, 2049, 2048]","[2048, 2048, 2048, 2048, 2048, 2048, 2048]","[2048, 2048, 2048, 2048, 2048, 2048, 2048, 2048, 2064]",191.0
1230,9480,14,7,2024-03-09T17:13:31.881000+00:00,35.084,46.252,45.547,282.0,121.0,False,126.883,"[2049, 2048, 2048, 2048, 2049, 2048, 2048, 2048, 2048]","[2048, 2048, 2048, 2048, 2048, 2048, 2048]","[2048, 2048, 2048, 2048, 2048, 2048, 2048, 2048, 2064]",130.0
1230,9480,4,7,2024-03-09T17:13:34.549000+00:00,35.819,47.119,44.087,144.0,150.0,False,127.025,"[None, 2048, 2048, 2048, 2048, 2048, 2048, 2049, 2048]","[2048, 2048, 2048, 2048, 2048, 2048, 2048]","[2048, 2048, 2048, 2048, 2048, 2048, 2048, 2048, 2048]",275.0
1230,9480,63,7,2024-03-09T17:13:35.527000+00:00,37.521,46.108,45.207,150.0,217.0,False,128.836,"[None, 2049, 2049, 2048, 2049, 2048, 2048, 2048, 2048]","[2048, 2048, 2048, 2048, 2048, 2048, 2048]","[2048, 2048, 2048, 2048, 2048, 2048, 2048, 2048, 2064]",226.0
1230,9480,44,7,2024-03-09T17:13:37.085000+00:00,41.279,42.517,44.332,119.0,187.0,False,128.128,"[None, 2048, 2048, 2049, 2048, 2048, 2049, 2048, 2048]","[2048, 2048, 2048, 2048, 2048, 2048, 2048]","[2048, 2048, 2048, 2048, 2048, 2048, 2048, 2048, 2048]",276.0
1230,9480,22,7,2024-03-09T17:13:41.693000+00:00,42.102,43.057,45.755,199.0,125.0,False,130.914,"[None, 2049, 2048, 2049, 2049, 2049, 2048, 2048, 2048]","[2048, 2048, 2048, 2048, 2048, 2048, 2048]","[2048, 2048, 2048, 2048, 2048, 2048, 2048, 2048, 2064]",245.0
1230,9480,38,7,2024-03-09T17:13:42.262000+00:00,41.828,43.823,45.517,194.0,128.0,False,131.168,"[None, 2048, 2048, 2048, 2048, 2049, 2048, 2048, 2048]","[2048, 2048, 2048, 2048, 2048, 2048, 2048]","[2048, 2048, 2048, 2048, 2048, 2048, 2048, 2048, 2064]",205.0
1230,9480,20,7,2024-03-09T17:13:43.002000+00:00,42.881,42.987,45.696,213.0,136.0,False,131.564,"[None, 2048, 2048, 2048, 2048, 2048, 2048, 2048, 2048]","[2048, 2048, 2048, 2048, 2048, 2048, 2048]","[2048, 2048, 2048, 2048, 2048, 2048, 2048, 2048, 2064]",195.0
1230,9480,23,7,2024-03-09T17:13:43.723000+00:00,43.958,42.788,44.867,180.0,148.0,False,131.613,"[None, 2048, 2048, 2048, 2048, 2048, 2048, 2048, 2048]","[2048, 2048, 2048, 2048, 2048, 2048, 2048]","[2048, 2048, 2048, 2048, 2048, 2048, 2048, 2048, 2064]",253.0
1230,9480,27,7,2024-03-09T17:13:45.732000+00:00,43.36,43.579,42.785,194.0,160.0,False,129.724,"[None, 2048, 2049, 2048, 2049, 2048, 2048, 2048, 2048]","[2048, 2048, 2048, 2048, 2048, 2048, 2048]","[2048, 2048, 2048, 2048, 2048, 2048, 2048, 2048, 2048]",188.0
1230,9480,3,7,2024-03-09T17:13:46.417000+00:00,45.442,42.229,44.803,163.0,160.0,False,132.474,"[None, 2048, 2048, 2048, 2048, 2048, 2048, 2048, 2048]","[2048, 2048, 2048, 2048, 2048, 2048, 2048]","[2048, 2048, 2048, 2048, 2048, 2048, 2048, 2048, 2064]",229.0
1230,9480,31,7,2024-03-09T17:13:48.359000+00:00,45.335,41.714,45.653,188.0,159.0,False,132.702,"[None, 2048, 2048, 2048, 2049, 2048, 2048, 2048, 2048]","[2048, 2048, 2048, 2048, 2048, 2048, 2048]","[2048, 2048, 2048, 2048, 2048, 2048, 2048, 2048, 2064]",226.0
1230,9480,77,7,2024-03-09T17:13:48.536000+00:00,46.378,41.619,45.583,201.0,142.0,False,133.58,"[None, 2048, 2048, 2049, 2048, 2048, 2048, 2048, 2048]","[2048, 2048, 2048, 2048, 2048, 2048, 2048]","[2048, 2048, 2048, 2048, 2048, 2048, 2048, 2048, 2064]",207.0
1230,9480,2,7,2024-03-09T17:13:49.302000+00:00,46.83,41.873,45.647,211.0,130.0,False,134.35,"[2048, 2048, 2048, 2048, 2048, 2048, 2048, 2048, 2048]","[2048, 2048, 2048, 2048, 2048, 2048, 2048]","[2048, 2048, 2048, 2048, 2048, 2048, 2048, 2048, 2064]",219.0
1230,9480,24,7,2024-03-09T17:13:50.783000+00:00,46.611,41.796,44.353,194.0,143.0,False,132.76,"[None, 2048, 2048, 2048, 2048, 2048, 2048, 2048, 2048]","[2048, 2048, 2048, 2048, 2048, 2048, 2048]","[2048, 2048, 2048, 2048, 2048, 2048, 2048, 2048, 2048]",220.0
1230,9480,1,8,2024-03-09T17:15:27.474000+00:00,73.947,57.475,57.661,158.0,96.0,True,189.083,"[2064, 2064, 2064, 2048, 2048, 2048, 2048, 2048, 2048]","[2048, 2048, 2048, 2048, 2048, 2048, 2048]","[2048, 2048, 2048, 2048, 2048, 2048, 2048, 2048, 2048]",130.0
1230,9480,11,8,2024-03-09T17:15:31.866000+00:00,72.474,57.39,57.505,147.0,120.0,True,187.369,"[2064, 2064, 2064, 2048, 2048, 2048, 2048, 2048, 2048]","[2048, 2048, 2048, 2048, 2048, 2048, 2048]","[2048, 2048, 2048, 2048, 2048, 2048, 2048, 2048, 2048]",172.0
1230,9480,16,8,2024-03-09T17:15:33.494000+00:00,72.351,57.248,56.807,151.0,129.0,True,186.406,"[2064, 2064, 2064, 2048, 2048, 2048, 2048, 2048, 2048]","[2048, 2048, 2048, 2048, 2048, 2048, 2048]","[2048, 2048, 2048, 2048, 2048, 2048, 2048, 2048, 2048]",229.0
1230,9480,81,8,2024-03-09T17:15:37.867000+00:00,69.068,57.486,57.819,139.0,154.0,True,184.373,"[2064, 2064, 2064, 2048, 2048, 2048, 2048, 2048, 2048]","[2048, 2048, 2048, 2048, 2048, 2048, 2048]","[2048, 2048, 2048, 2048, 2048, 2048, 2048, 2048, 2048]",199.0
1230,9480,14,8,2024-03-09T17:15:38.849000+00:00,69.823,57.417,58.052,197.0,181.0,True,185.292,"[2064, 2064, 2064, 2048, 2048, 2048, 2048, 2048, 2048]","[2048, 2048, 2048, 2048, 2048, 2048, 2048]","[2048, 2048, 2048, 2048, 2048, 2048, 2048, 2048, 2048]",224.0
1230,9480,4,8,2024-03-09T17:15:41.520000+00:00,58.945,58.053,57.007,145.0,110.0,False,174.005,"[None, 2048, 2048, 2048, 2048, 2048, 2048, 2048, 2048]","[2048, 2048, 2048, 2048, 2048, 2048, 2048]","[2048, 2048, 2048, 2048, 2048, 2048, 2048, 2048, 2048]",158.0
1230,9480,63,8,2024-03-09T17:15:44.374000+00:00,67.888,58.43,57.258,210.0,125.0,True,183.576,"[2064, 2064, 2064, 2048, 2048, 2048, 2048, 2048, 2048]","[2048, 2048, 2048, 2048, 2048, 2048, 2048]","[2048, 2048, 2048, 2048, 2048, 2048, 2048, 2048, 2048]",213.0
1230,9480,44,8,2024-03-09T17:15:45.120000+00:00,58.375,57.107,58.149,139.0,105.0,False,173.631,"[None, 2048, 2048, 2048, 2048, 2048, 2048, 2048, 2048]","[2048, 2048, 2048, 2048, 2048, 2048, 2048]","[2048, 2048, 2048, 2048, 2048, 2048, 2048, 2048, 2048]",193.0
1230,9480,22,8,2024-03-09T17:15:52.710000+00:00,66.004,55.077,58.481,255.0,151.0,True,179.562,"[2064, 2064, 2064, 2048, 2048, 2048, 2048, 2048, 2048]","[2048, 2048, 2048, 2048, 2048, 2048, 2048]","[2048, 2048, 2048, 2048, 2048, 2048, 2048, 2048, 2048]",178.0
1230,9480,38,8,2024-03-09T17:15:53.588000+00:00,66.315,54.931,58.342,232.0,115.0,True,179.588,"[2064, 2064, 2064, 2048, 2048, 2048, 2048, 2048, 2048]","[2048, 2048, 2048, 2048, 2048, 2048, 2048]","[2048, 2048, 2048, 2048, 2048, 2048, 2048, 2048, 2048]",149.0
1230,9480,20,8,2024-03-09T17:15:54.607000+00:00,66.188,54.869,58.97,254.0,131.0,True,180.027,"[2064, 2064, 2064, 2048, 2048, 2048, 2048, 2048, 2048]","[2048, 2048, 2048, 2048, 2048, 2048, 2048]","[2048, 2048, 2048, 2048, 2048, 2048, 2048, 2048, 2048]",143.0
1230,9480,23,8,2024-03-09T17:15:55.350000+00:00,67.007,54.858,58.118,223.0,109.0,True,179.983,"[2064, 2064, 2064, 2048, 2048, 2048, 2048, 2048, 2048]","[2048, 2048, 2048, 2048, 2048, 2048, 2048]","[2048, 2048, 2048, 2048, 2048, 2048, 2048, 2048, 2048]",155.0
1230,9480,27,8,2024-03-09T17:15:55.601000+00:00,54.729,57.519,58.23,160.0,126.0,False,170.478,"[None, 2048, 2048, 2048, 2048, 2048, 2048, 2048, 2048]","[2048, 2048, 2048, 2048, 2048, 2048, 2048]","[2048, 2048, 2048, 2048, 2048, 2048, 2048, 2048]",224.0
1230,9480,3,8,2024-03-09T17:15:58.794000+00:00,,44.279,42.299,179.0,149.0,True,193.712,"[2064, 2064, 2064, 2048, 2048, 2048, 2048, 2048, 2048]","[2048, 2048, 2048, 2048, 2048, 2048, 2048]","[2048, 2048, 2048, 2048, 2048, 2048, 2048, 2048, 2048]",147.0
1230,9480,31,8,2024-03-09T17:16:01.102000+00:00,63.564,53.661,59.143,217.0,116.0,True,176.368,"[2064, 2064, 2064, 2048, 2048, 2048, 2048, 2048, 2048]","[2048, 2048, 2048, 2048, 2048, 2048, 2048]","[2048, 2048, 2048, 2048, 2048, 2048, 2048, 2048, 2048]",140.0
1230,9480,77,8,2024-03-09T17:16:02.216000+00:00,63.619,53.45,60.263,220.0,103.0,True,177.332,"[2064, 2064, 2064, 2048, 2048, 2048, 2048, 2048, 2048]","[2048, 2048, 2048, 2048, 2048, 2048, 2048]","[2048, 2048, 2048, 2048, 2048, 2048, 2048, 2048, 2048]",167.0
1230,9480,2,8,2024-03-09T17:16:03.483000+00:00,65.092,51.928,60.268,161.0,132.0,True,177.288,"[2064, 2064, 2064, 2048, 2048, 2048, 2048, 2048, 2048]","[2048, 2048, 2048, 2048, 2048, 2048, 2048]","[2048, 2048, 2048, 2048, 2048, 2048, 2048, 2048, 2048]",169.0
1230,9480,24,8,2024-03-09T17:16:03.642000+00:00,51.283,57.079,58.137,186.0,130.0,False,166.499,"[None, 2048, 2048, 2048, 2048, 2048, 2048, 2048, 2048]","[2048, 2048, 2048, 2048, 2048, 2048, 2048]","[2048, 2048, 2048, 2048, 2048, 2048, 2048, 2048, 2048]",201.0
1230,9480,4,9,2024-03-09T17:18:35.516000+00:00,56.382,49.565,55.844,214.0,186.0,False,161.791,"[None, 2048, 2048, 2048, 2048, 2048, 2048, 2048, 2048]","[2048, 2048, 2048, 2048, 2048, 2048, 2048]","[2048, 2048, 2048, 2048, 2048, 2048, 2048, 2048, 2048]",144.0
1230,9480,1,9,2024-03-09T17:18:36.618000+00:00,56.642,49.042,55.311,183.0,131.0,False,160.995,"[2048, 2048, 2048, 2048, 2048, 2048, 2048, 2048, 2048]","[2048, 2048, 2048, 2048, 2048, 2048, 2048]","[2048, 2048, 2048, 2048, 2048, 2048, 2048, 2048, 2048]",141.0
1230,9480,44,9,2024-03-09T17:18:38.668000+00:00,56.308,48.762,54.121,164.0,190.0,False,159.191,"[None, 2048, 2048, 2048, 2048, 2048, 2048, 2048, 2048]","[2048, 2048, 2048, 2048, 2048, 2048, 2048]","[2048, 2048, 2048, 2048, 2048, 2048, 2048, 2048, 2048]",149.0
1230,9480,11,9,2024-03-09T17:18:39.141000+00:00,56.202,49.026,53.668,173.0,186.0,False,158.896,"[2048, 2048, 2048, 2048, 2048, 2048, 2048, 2048, 2048]","[2048, 2048, 2048, 2048, 2048, 2048, 2048]","[2048, 2048, 2048, 2048, 2048, 2048, 2048, 2048, 2048]",144.0
1230,9480,16,9,2024-03-09T17:18:39.996000+00:00,56.449,49.562,52.637,187.0,131.0,False,158.648,"[2048, 2048, 2048, 2048, 2048, 2048, 2048, 2048, 2048]","[2048, 2048, 2048, 2048, 2048, 2048, 2048]","[2048, 2048, 2048, 2048, 2048, 2048, 2048, 2048, 2048]",164.0
1230,9480,81,9,2024-03-09T17:18:42.253000+00:00,55.998,48.856,51.544,162.0,141.0,False,156.398,"[2048, 2048, 2048, 2048, 2048, 2048, 2048, 2048, 2048]","[2048, 2048, 2048, 2048, 2048, 2048, 2048]","[2048, 2048, 2048, 2048, 2048, 2048, 2048, 2048, 2048]",169.0
1230,9480,14,9,2024-03-09T17:18:44.148000+00:00,55.441,49.285,50.242,123.0,191.0,False,154.968,"[2048, 2048, 2048, 2048, 2048, 2048, 2048, 2048, 2048]","[2048, 2048, 2048, 2048, 2048, 2048, 2048]","[2048, 2048, 2048, 2048, 2048, 2048, 2048, 2048, 2048]",150.0
1230,9480,27,9,2024-03-09T17:18:45.848000+00:00,54.683,49.385,49.021,149.0,189.0,False,153.089,"[None, 2048, 2048, 2048, 2048, 2048, 2048, 2048, 2048]","[2048, 2048, 2048, 2048, 2048, 2048, 2048]","[2048, 2048, 2048, 2048, 2048, 2048, 2048, 2048, 2048]",177.0
1230,9480,63,9,2024-03-09T17:18:47.919000+00:00,54.808,49.031,47.641,188.0,169.0,False,151.48,"[2048, 2048, 2048, 2048, 2048, 2048, 2048, 2048, 2048]","[2048, 2048, 2048, 2048, 2048, 2048, 2048]","[2048, 2048, 2048, 2048, 2048, 2048, 2048, 2048, 2048]",172.0
1230,9480,24,9,2024-03-09T17:18:50.241000+00:00,53.818,49.413,46.251,155.0,191.0,False,149.482,"[None, 2048, 2048, 2048, 2048, 2048, 2048, 2048, 2048]","[2048, 2048, 2048, 2048, 2048, 2048, 2048]","[2048, 2048, 2048, 2048, 2048, 2048, 2048, 2048, 2048]",160.0
1230,9480,22,9,2024-03-09T17:18:52.223000+00:00,52.921,49.579,45.396,192.0,211.0,False,147.896,"[2048, 2048, 2048, 2048, 2048, 2048, 2048, 2048, 2048]","[2048, 2048, 2048, 2048, 2048, 2048, 2048]","[2048, 2048, 2048, 2048, 2048, 2048, 2048, 2048, 2048]",160.0
1230,9480,38,9,2024-03-09T17:18:53.120000+00:00,52.761,49.435,44.921,196.0,207.0,False,147.117,"[2048, 2048, 2048, 2048, 2048, 2048, 2048, 2048, 2048]","[2048, 2048, 2048, 2048, 2048, 2048, 2048]","[2048, 2048, 2048, 2048, 2048, 2048, 2048, 2048, 2048]",159.0
1230,9480,20,9,2024-03-09T17:18:54.711000+00:00,52.511,49.02,44.301,171.0,204.0,False,145.832,"[2048, 2048, 2048, 2048, 2048, 2048, 2048, 2048, 2048]","[2048, 2048, 2048, 2048, 2048, 2048, 2048]","[2048, 2048, 2048, 2048, 2048, 2048, 2048, 2048, 2048]",164.0
1230,9480,23,9,2024-03-09T17:18:55.380000+00:00,53.012,49.079,43.336,150.0,194.0,False,145.427,"[2048, 2048, 2048, 2048, 2048, 2048, 2048, 2048, 2048]","[2048, 2048, 2048, 2048, 2048, 2048, 2048]","[2048, 2048, 2048, 2048, 2048, 2048, 2048, 2048, 2048]",177.0
1230,9480,31,9,2024-03-09T17:18:57.361000+00:00,51.918,48.928,42.901,195.0,199.0,False,143.747,"[2048, 2048, 2048, 2048, 2048, 2048, 2048, 2048, 2048]","[2048, 2048, 2048, 2048, 2048, 2048, 2048]","[2048, 2048, 2048, 2048, 2048, 2048, 2048, 2048, 2048]",184.0
1230,9480,77,9,2024-03-09T17:18:59.527000+00:00,51.317,48.257,42.256,214.0,195.0,False,141.83,"[2048, 2048, 2048, 2048, 2048, 2048, 2048, 2048, 2048]","[2048, 2048, 2048, 2048, 2048, 2048, 2048]","[2048, 2048, 2048, 2048, 2048, 2048, 2048, 2048, 2048]",180.0
1230,9480,2,9,2024-03-09T17:19:00.803000+00:00,51.159,48.784,41.238,216.0,139.0,False,141.181,"[2048, 2048, 2048, 2048, 2048, 2048, 2048, 2048, 2048]","[2048, 2048, 2048, 2048, 2048, 2048, 2048]","[2048, 2048, 2048, 2048, 2048, 2048, 2048, 2048, 2048]",166.0
1230,9480,3,9,2024-03-09T17:19:12.644000+00:00,42.528,47.238,40.232,121.0,150.0,False,129.998,"[2048, 2048, 2048, 2048, 2048, 2048, 2048, 2048, 2048]","[2048, 2048, 2048, 2048, 2048, 2048, 2048]","[2048, 2048, 2048, 2048, 2048, 2048, 2048, 2048, 2048]",170.0
1230,9480,4,10,2024-03-09T17:21:17.536000+00:00,34.882,29.644,29.826,284.0,294.0,False,94.352,"[None, 2048, 2048, 2051, 2048, 2049, 2049, 2049, 2049]","[2048, 2049, 2048, 2049, 2049, 2048, 2048]","[2048, 2051, 2048, 2048, 2049, 2049, 2049, 2048, 2048]",298.0
1230,9480,1,10,2024-03-09T17:21:17.723000+00:00,35.648,29.514,29.862,286.0,311.0,False,95.024,"[None, 2048, 2048, 2048, 2048, 2048, 2048, 2048, 2048]","[2049, 2048, 2049, 2048, 2048, 2049, 2049]","[2048, 2048, 2049, 2049, 2048, 2048, 2048, 2049, 2049]",303.0
1230,9480,44,10,2024-03-09T17:21:17.869000+00:00,36.023,29.399,29.835,289.0,311.0,False,95.257,"[None, 2048, 2048, 2048, 2048, 2048, 2048, 2049, 2048]","[2049, 2049, 2051, 2049, 2049, 2048, 2048]","[2049, 2048, 2048, 2048, 2048, 2048, 2049, 2049, 2048]",319.0
1230,9480,11,10,2024-03-09T17:21:18.137000+00:00,36.36,29.896,29.749,287.0,313.0,False,96.005,"[None, 2048, 2048, 2048, 2048, 2048, 2048, 2048, 2048]","[2049, 2048, 2049, 2048, 2048, 2048, 2048]","[2048, 2048, 2049, 2048, 2048, 2048, 2048, 2048, 2048]",307.0
1230,9480,16,10,2024-03-09T17:21:18.576000+00:00,36.458,29.741,29.883,282.0,310.0,False,96.082,"[None, 2048, 2048, 2048, 2048, 2048, 2048, 2048, 2048]","[2048, 2048, 2048, 2048, 2048, 2048, 2048]","[2048, 2048, 2049, 2048, 2048, 2048, 2048, 2048, 2048]",315.0
1230,9480,81,10,2024-03-09T17:21:18.871000+00:00,36.736,29.821,30.211,287.0,303.0,False,96.768,"[None, 2048, 2048, 2048, 2048, 2048, 2048, 2048, 2048]","[2048, 2048, 2049, 2048, 2048, 2048, 2049]","[2048, 2048, 2049, 2049, 2048, 2048, 2048, 2048, 2048]",310.0
1230,9480,14,10,2024-03-09T17:21:19.140000+00:00,36.944,30.179,30.173,280.0,300.0,False,97.296,"[None, 2048, 2048, 2048, 2048, 2048, 2048, 2048, 2048]","[2048, 2048, 2048, 2048, 2048, 2048, 2048]","[2048, 2048, 2048, 2048, 2048, 2048, 2048, 2048, 2048]",308.0
1230,9480,27,10,2024-03-09T17:21:19.204000+00:00,37.449,30.017,30.33,284.0,303.0,False,97.796,"[None, 2048, 2048, 2048, 2048, 2048, 2048, 2048, 2049]","[2048, 2049, 2049, 2048, 2049, 2048, 2048]","[2048, 2048, 2048, 2048, 2048, 2048, 2048, 2048, 2048]",308.0
1230,9480,63,10,2024-03-09T17:21:19.460000+00:00,37.722,30.004,30.217,287.0,311.0,False,97.943,"[None, 2048, 2048, 2048, 2048, 2048, 2048, 2048, 2048]","[2048, 2048, 2049, 2048, 2048, 2048, 2048]","[2048, 2048, 2051, 2048, 2048, 2048, 2048, 2048, 2048]",318.0
1230,9480,24,10,2024-03-09T17:21:19.721000+00:00,37.871,30.292,30.254,287.0,308.0,False,98.417,"[None, 2048, 2048, 2048, 2048, 2048, 2048, 2048, 2049]","[2048, 2048, 2049, 2048, 2049, 2048, 2048]","[2048, 2049, 2048, 2048, 2048, 2048, 2048, 2048, 2048]",310.0
1230,9480,22,10,2024-03-09T17:21:20.168000+00:00,38.387,30.481,30.354,285.0,309.0,False,99.222,"[None, 2048, 2048, 2048, 2048, 2048, 2048, 2048, 2048]","[2048, 2048, 2048, 2048, 2048, 2048, 2048]","[2048, 2048, 2048, 2048, 2048, 2048, 2048, 2048, 2048]",322.0
1230,9480,38,10,2024-03-09T17:21:20.350000+00:00,37.734,30.418,30.275,285.0,301.0,False,98.427,"[None, 2048, 2048, 2048, 2048, 2048, 2048, 2048, 2048]","[2048, 2048, 2049, 2048, 2048, 2048, 2048]","[2048, 2048, 2048, 2048, 2048, 2048, 2048, 2048, 2048]",310.0
1230,9480,20,10,2024-03-09T17:21:20.485000+00:00,38.527,30.559,30.377,286.0,315.0,False,99.463,"[None, 2048, 2048, 2048, 2048, 2048, 2048, 2048, 2048]","[2048, 2048, 2048, 2048, 2048, 2048, 2048]","[2048, 2048, 2048, 2048, 2048, 2048, 2048, 2048, 2048]",312.0
1230,9480,23,10,2024-03-09T17:21:20.738000+00:00,39.036,30.557,30.725,284.0,310.0,False,100.318,"[None, 2048, 2048, 2048, 2048, 2048, 2048, 2048, 2048]","[2048, 2048, 2049, 2048, 2048, 2048, 2048]","[2048, 2048, 2048, 2048, 2048, 2048, 2048, 2048, 2048]",312.0
1230,9480,31,10,2024-03-09T17:21:21.140000+00:00,38.307,30.515,30.617,286.0,308.0,False,99.439,"[None, 2048, 2048, 2048, 2048, 2048, 2048, 2048, 2048]","[2048, 2049, 2049, 2048, 2048, 2048, 2048]","[2048, 2048, 2048, 2048, 2048, 2048, 2048, 2048]",314.0
1230,9480,77,10,2024-03-09T17:21:21.418000+00:00,38.709,30.926,30.447,286.0,305.0,False,100.082,"[None, 2048, 2048, 2048, 2048, 2048, 2048, 2048, 2048]","[2048, 2048, 2049, 2048, 2048, 2048, 2048]","[2048, 2048, 2048, 2048, 2048, 2048, 2048, 2048, 2048]",321.0
1230,9480,2,10,2024-03-09T17:21:22.105000+00:00,38.458,30.866,30.817,287.0,289.0,False,100.141,"[None, 2048, 2048, 2048, 2048, 2048, 2048, 2048, 2048]","[2048, 2048, 2049, 2048, 2048, 2048, 2048]","[2048, 2048, 2048, 2048, 2048, 2048, 2048, 2048, 2048]",316.0
1230,9480,3,10,2024-03-09T17:21:22.640000+00:00,38.26,31.032,30.698,286.0,303.0,False,99.99,"[None, 2048, 2048, 2048, 2048, 2048, 2048, 2048, 2048]","[2048, 2048, 2048, 2048, 2048, 2048, 2048]","[2048, 2048, 2049, 2048, 2048, 2048, 2049, 2049, 2048]",322.0
1230,9480,4,11,2024-03-09T17:22:51.733000+00:00,34.198,29.625,29.851,282.0,293.0,False,93.674,"[None, 2049, 2049, 2048, 2049, 2049, 2049, 2051, 2051]","[2048, 2049, 2048, 2049, 2048, 2048, 2048]","[2049, 2051, 2048, 2048, 2048, 2048, 2048, 2048, 2048]",296.0
1230,9480,1,11,2024-03-09T17:22:52.628000+00:00,34.555,29.427,29.628,287.0,299.0,False,93.61,"[2049, 2048, 2048, 2048, 2049, 2048, 2048, 2048, 2048]","[2048, 2048, 2049, 2048, 2051, 2049, 2048]","[2048, 2049, 2049, 2049, 2048, 2048, 2048, 2049, 2049]",304.0
1230,9480,44,11,2024-03-09T17:22:53.208000+00:00,35.119,29.502,29.713,288.0,308.0,False,94.334,"[None, 2048, 2048, 2048, 2048, 2049, 2049, 2049, 2049]","[2048, 2048, 2048, 2048, 2048, 2048, 2048]","[2049, 2049, 2048, 2048, 2049, 2048, 2048, 2048, 2048]",314.0
1230,9480,11,11,2024-03-09T17:22:54.126000+00:00,35.019,29.543,29.297,286.0,318.0,False,93.859,"[None, 2048, 2048, 2048, 2048, 2048, 2048, 2048, 2048]","[2048, 2048, 2048, 2048, 2048, 2049, 2049]","[2048, 2048, 2049, 2049, 2049, 2048, 2048, 2049, 2049]",325.0
1230,9480,16,11,2024-03-09T17:22:54.603000+00:00,35.345,29.571,29.527,285.0,316.0,False,94.443,"[None, 2048, 2048, 2048, 2048, 2048, 2048, 2048, 2048]","[2049, 2048, 2048, 2048, 2049, 2049, 2049]","[2051, 2048, 2048, 2049, 2049, 2048, 2048, 2048, 2048]",325.0
1230,9480,81,11,2024-03-09T17:22:55.487000+00:00,35.264,29.527,29.657,,321.0,False,94.448,"[None, 2048, 2048, 2048, 2048, 2048, 2048, 2048, 2048]","[2048, 2048, 2048, 2048, 2048, 2049, 2049]","[2048, 2048, 2049, 2049, 2049, 2048, 2048, 2048, 2049]",326.0
1230,9480,14,11,2024-03-09T17:22:56.331000+00:00,35.307,29.584,29.639,287.0,321.0,False,94.53,"[None, 2048, 2048, 2048, 2048, 2048, 2048, 2048, 2049]","[2048, 2048, 2048, 2048, 2048, 2049, 2049]","[2048, 2048, 2049, 2049, 2048, 2048, 2048, 2049, 2049]",327.0
1230,9480,27,11,2024-03-09T17:22:56.856000+00:00,35.558,29.716,29.59,285.0,318.0,False,94.864,"[None, 2048, 2048, 2049, 2048, 2049, 2049, 2049, 2049]","[2049, 2048, 2049, 2049, 2048, 2048, 2048]","[2049, 2049, 2049, 2048, 2051, 2048, 2048, 2048, 2048]",328.0
1230,9480,63,11,2024-03-09T17:22:57.445000+00:00,35.82,29.607,29.621,290.0,317.0,False,95.048,"[None, 2048, 2048, 2048, 2048, 2048, 2048, 2048, 2048]","[2048, 2048, 2051, 2048, 2049, 2051, 2048]","[2048, 2048, 2051, 2049, 2048, 2048, 2049, 2049, 2049]",338.0
1230,9480,24,11,2024-03-09T17:22:58.111000+00:00,35.805,30.006,29.884,281.0,315.0,False,95.695,"[None, 2048, 2049, 2048, 2048, 2049, 2048, 2048, 2049]","[2049, 2049, 2048, 2049, 2049, 2048, 2048]","[2049, 2049, 2049, 2048, 2049, 2049, 2048, 2048, 2048]",307.0
1230,9480,38,11,2024-03-09T17:22:58.736000+00:00,35.816,30.052,29.777,283.0,318.0,False,95.645,"[None, 2049, 2048, 2048, 2048, 2048, 2048, 2048, 2048]","[2048, 2048, 2048, 2049, 2048, 2048, 2048]","[2049, 2048, 2048, 2048, 2048, 2048, 2048, 2048, 2048]",327.0
1230,9480,22,11,2024-03-09T17:22:59.494000+00:00,36.072,29.954,29.712,286.0,321.0,False,95.738,"[None, 2048, 2048, 2048, 2048, 2048, 2048, 2048, 2048]","[2048, 2048, 2048, 2048, 2048, 2049, 2049]","[2048, 2049, 2049, 2049, 2048, 2048, 2048, 2048, 2048]",337.0
1230,9480,20,11,2024-03-09T17:22:59.914000+00:00,36.096,30.152,29.788,283.0,319.0,False,96.036,"[None, 2048, 2049, 2048, 2048, 2048, 2048, 2048, 2048]","[2048, 2048, 2048, 2048, 2048, 2048, 2048]","[2048, 2049, 2049, 2048, 2048, 2048, 2048, 2048]",327.0
1230,9480,31,11,2024-03-09T17:23:00.461000+00:00,36.156,30.118,29.695,280.0,322.0,False,95.969,"[None, 2048, 2048, 2049, 2048, 2049, 2048, 2048, 2048]","[2048, 2048, 2048, 2048, 2048, 2049, 2049]","[2048, 2049, 2049, 2048, 2049, 2049, 2048, 2048, 2049]",329.0
1230,9480,23,11,2024-03-09T17:23:01.096000+00:00,36.04,30.082,30.11,287.0,320.0,False,96.232,"[None, 2048, 2048, 2048, 2048, 2048, 2048, 2048, 2049]","[2048, 2049, 2048, 2048, 2048, 2048, 2051]","[2048, 2048, 2049, 2049, 2048, 2048, 2048, 2048, 2048]",328.0
1230,9480,77,11,2024-03-09T17:23:01.429000+00:00,36.431,30.173,29.852,282.0,319.0,False,96.456,"[None, 2048, 2048, 2048, 2048, 2048, 2048, 2048, 2048]","[2048, 2049, 2048, 2048, 2048, 2048, 2048]","[2049, 2049, 2049, 2048, 2048, 2049, 2048, 2048, 2048]",325.0
1230,9480,2,11,2024-03-09T17:23:02.142000+00:00,36.344,30.175,29.949,286.0,319.0,False,96.468,"[None, 2048, 2049, 2048, 2048, 2048, 2048, 2048, 2048]","[2048, 2048, 2049, 2048, 2048, 2048, 2048]","[2048, 2049, 2048, 2048, 2049, 2048, 2048, 2048, 2048]",333.0
1230,9480,3,11,2024-03-09T17:23:02.549000+00:00,36.633,30.266,29.92,,321.0,False,96.819,"[None, 2048, 2048, 2048, 2048, 2048, 2048, 2048, 2048]","[2048, 2048, 2049, 2048, 2048, 2049, 2048]","[2048, 2048, 2049, 2048, 2048, 2048, 2048, 2048, 2049]",330.0
1230,9480,4,12,2024-03-09T17:24:25.525000+00:00,34.258,29.634,29.985,280.0,292.0,False,93.877,"[None, 2048, 2048, 2048, 2048, 2049, 2051, 2051, 2048]","[2048, 2049, 2048, 2049, 2049, 2048, 2048]","[2049, 2048, 2048, 2048, 2048, 2048, 2048, 2048, 2048]",295.0
1230,9480,1,12,2024-03-09T17:24:26.243000+00:00,34.391,29.239,29.691,288.0,318.0,False,93.321,"[None, 2049, 2048, 2048, 2049, 2048, 2048, 2048, 2048]","[2048, 2048, 2049, 2048, 2051, 2049, 2049]","[2048, 2048, 2049, 2049, 2048, 2048, 2048, 2048, 2049]",328.0
1230,9480,44,12,2024-03-09T17:24:27.573000+00:00,34.807,29.506,29.705,,311.0,False,94.018,"[None, 2049, 2048, 2048, 2049, 2049, 2049, 2049, 2049]","[2049, 2048, 2048, 2048, 2048, 2048, 2048]","[2049, 2048, 2048, 2048, 2049, 2048, 2048, 2048, 2048]",314.0
1230,9480,11,12,2024-03-09T17:24:28.027000+00:00,35.0,29.502,29.428,288.0,323.0,False,93.93,"[2049, 2048, 2048, 2048, 2048, 2048, 2048, 2048, 2048]","[2048, 2048, 2048, 2048, 2049, 2049, 2049]","[2048, 2048, 2049, 2049, 2048, 2048, 2049, 2049, 2049]",330.0
1230,9480,16,12,2024-03-09T17:24:29.101000+00:00,34.732,29.576,29.291,,318.0,False,93.599,"[None, 2048, 2048, 2048, 2048, 2048, 2048, 2048, 2048]","[2048, 2048, 2048, 2048, 2048, 2049, 2049]","[2048, 2048, 2049, 2049, 2051, 2048, 2048, 2049, 2049]",328.0
1230,9480,81,12,2024-03-09T17:24:29.862000+00:00,34.817,29.496,29.633,286.0,322.0,False,93.946,"[2049, 2048, 2048, 2048, 2048, 2048, 2048, 2048, 2048]","[2048, 2048, 2048, 2048, 2048, 2049, 2049]","[2049, 2048, 2048, 2048, 2049, 2048, 2048, 2048, 2048]",326.0
1230,9480,14,12,2024-03-09T17:24:30.963000+00:00,35.001,29.76,29.974,286.0,301.0,False,94.735,"[2049, 2049, 2048, 2048, 2048, 2048, 2048, 2049, 2048]","[2048, 2048, 2048, 2048, 2048, 2048, 2048]","[2048, 2049, 2048, 2048, 2048, 2048, 2048, 2048, 2048]",308.0
1230,9480,27,12,2024-03-09T17:24:31.696000+00:00,35.112,29.784,29.709,286.0,308.0,False,94.605,"[None, 2049, 2049, 2048, 2048, 2048, 2048, 2049, 2048]","[2051, 2048, 2049, 2048, 2048, 2048, 2048]","[2048, 2048, 2048, 2048, 2048, 2048, 2048, 2048, 2048]",329.0
1230,9480,63,12,2024-03-09T17:24:32.404000+00:00,35.327,29.546,29.615,,329.0,False,94.488,"[2049, 2048, 2048, 2048, 2048, 2048, 2048, 2048, 2048]","[2048, 2048, 2048, 2048, 2049, 2048, 2051]","[2048, 2048, 2051, 2049, 2049, 2048, 2048, 2048, 2048]",336.0
1230,9480,24,12,2024-03-09T17:24:33.781000+00:00,35.228,29.896,29.874,286.0,307.0,False,94.998,"[None, 2049, 2049, 2048, 2048, 2049, 2049, 2049, 2049]","[2049, 2049, 2049, 2049, 2048, 2048, 2048]","[2049, 2049, 2048, 2048, 2048, 2048, 2048, 2048, 2048]",311.0
1230,9480,38,12,2024-03-09T17:24:34.306000+00:00,35.377,29.858,29.672,285.0,328.0,False,94.907,"[None, 2048, 2048, 2048, 2048, 2048, 2049, 2048, 2049]","[2048, 2048, 2048, 2049, 2049, 2048, 2049]","[2049, 2048, 2049, 2049, 2048, 2048, 2048, 2049, 2048]",336.0
1230,9480,22,12,2024-03-09T17:24:35.140000+00:00,35.637,29.947,29.679,288.0,312.0,False,95.263,"[None, 2049, 2048, 2048, 2048, 2048, 2048, 2048, 2049]","[2048, 2049, 2048, 2048, 2048, 2048, 2048]","[2048, 2048, 2048, 2048, 2049, 2049, 2048, 2048, 2048]",325.0
1230,9480,20,12,2024-03-09T17:24:35.978000+00:00,35.57,29.944,29.715,285.0,318.0,False,95.229,"[None, 2048, 2048, 2048, 2048, 2049, 2049, 2048, 2048]","[2048, 2049, 2048, 2048, 2048, 2049, 2048]","[2049, 2048, 2048, 2048, 2049, 2048, 2048, 2048, 2048]",328.0
1230,9480,31,12,2024-03-09T17:24:36.474000+00:00,35.633,29.872,29.895,284.0,326.0,False,95.4,"[2049, 2048, 2048, 2048, 2048, 2048, 2048, 2048, 2048]","[2048, 2049, 2049, 2049, 2049, 2049, 2049]","[2048, 2048, 2048, 2048, 2048, 2048, 2048, 2048, 2048]",330.0
1230,9480,23,12,2024-03-09T17:24:37.335000+00:00,35.514,29.964,29.963,286.0,314.0,False,95.441,"[None, 2049, 2049, 2049, 2048, 2049, 2048, 2048, 2048]","[2048, 2048, 2048, 2048, 2048, 2048, 2048]","[2048, 2049, 2048, 2048, 2048, 2048, 2048, 2048, 2048]",326.0
1230,9480,77,12,2024-03-09T17:24:37.916000+00:00,35.578,30.285,29.964,280.0,318.0,False,95.827,"[None, 2049, 2049, 2048, 2048, 2049, 2048, 2048, 2048]","[2048, 2048, 2048, 2048, 2048, 2048, 2048]","[2048, 2048, 2048, 2048, 2049, 2048, 2048, 2048, 2048]",325.0
1230,9480,2,12,2024-03-09T17:24:38.540000+00:00,35.639,30.071,29.932,284.0,318.0,False,95.642,"[None, 2049, 2049, 2048, 2049, 2048, 2049, 2049, 2048]","[2048, 2049, 2048, 2048, 2048, 2049, 2048]","[2048, 2048, 2048, 2048, 2048, 2049, 2048, 2048, 2048]",329.0
1230,9480,3,12,2024-03-09T17:24:39.330000+00:00,35.792,30.336,29.967,284.0,313.0,False,96.095,"[2049, 2048, 2048, 2048, 2048, 2048, 2048, 2048, 2048]","[2048, 2048, 2048, 2048, 2048, 2048, 2048]","[2048, 2048, 2048, 2048, 2048, 2048, 2048, 2048, 2048]",316.0
1230,9480,4,13,2024-03-09T17:25:59.337000+00:00,35.575,29.624,29.932,285.0,299.0,False,95.131,"[None, 2048, 2048, 2048, 2048, 2048, 2048, 2048, 2048]","[2048, 2048, 2049, 2048, 2048, 2048, 2048]","[2048, 2048, 2048, 2048, 2048, 2048, 2048, 2048, 2048]",301.0
1230,9480,1,13,2024-03-09T17:25:59.611000+00:00,34.096,29.411,29.637,286.0,298.0,False,93.144,"[None, 2049, 2048, 2048, 2048, 2048, 2049, 2049, 2049]","[2048, 2048, 2048, 2048, 2048, 2048, 2048]","[2048, 2049, 2048, 2048, 2048, 2048, 2048, 2048]",302.0
1230,9480,44,13,2024-03-09T17:26:01.536000+00:00,36.142,29.596,29.574,289.0,310.0,False,95.312,"[None, 2049, 2048, 2048, 2048, 2048, 2048, 2048, 2048]","[2049, 2048, 2048, 2048, 2048, 2048, 2048]","[2048, 2049, 2049, 2048, 2048, 2048, 2048, 2048, 2048]",327.0
1230,9480,11,13,2024-03-09T17:26:01.897000+00:00,34.785,29.641,29.627,287.0,303.0,False,94.053,"[None, 2051, 2048, 2048, 2048, 2048, 2048, 2048, 2048]","[2048, 2048, 2048, 2048, 2048, 2048, 2048]","[2048, 2049, 2048, 2048, 2048, 2048, 2048, 2048]",306.0
1230,9480,16,13,2024-03-09T17:26:02.823000+00:00,35.443,29.747,29.437,284.0,316.0,False,94.627,"[2049, 2049, 2048, 2051, 2048, 2048, 2048, 2048, 2048]","[2048, 2048, 2048, 2048, 2049, 2048, 2048]","[2048, 2048, 2049, 2049, 2048, 2048, 2048, 2048, 2049]",330.0
1230,9480,81,13,2024-03-09T17:26:03.859000+00:00,35.103,29.5,29.737,285.0,323.0,False,94.34,"[2048, 2048, 2048, 2048, 2048, 2048, 2048, 2048, 2048]","[2049, 2048, 2048, 2048, 2048, 2048, 2049]","[2048, 2048, 2048, 2049, 2049, 2048, 2048, 2048, 2049]",328.0
1230,9480,14,13,2024-03-09T17:26:05.556000+00:00,34.964,29.795,29.905,285.0,304.0,False,94.664,"[2048, 2048, 2049, 2048, 2048, 2049, 2048, 2049, 2048]","[2048, 2048, 2048, 2048, 2048, 2048, 2048]","[2048, 2049, 2048, 2048, 2048, 2048, 2048, 2049, 2048]",309.0
1230,9480,27,13,2024-03-09T17:26:06.339000+00:00,35.322,29.978,30.067,284.0,305.0,False,95.367,"[None, 2048, 2048, 2048, 2048, 2048, 2048, 2048, 2048]","[2048, 2048, 2048, 2048, 2048, 2048, 2048]","[2048, 2048, 2048, 2048, 2048, 2048, 2049, 2048, 2048]",312.0
1230,9480,63,13,2024-03-09T17:26:06.980000+00:00,35.53,29.642,29.91,,323.0,False,95.082,"[2048, 2048, 2048, 2048, 2048, 2048, 2048, 2048, 2048]","[2048, 2048, 2048, 2048, 2049, 2051, 2048]","[2048, 2048, 2051, 2048, 2048, 2048, 2049, 2051, 2049]",323.0
1230,9480,24,13,2024-03-09T17:26:08.773000+00:00,35.518,29.938,29.899,285.0,305.0,False,95.355,"[None, 2048, 2048, 2048, 2048, 2049, 2048, 2048, 2048]","[2048, 2049, 2048, 2049, 2048, 2048, 2048]","[2049, 2048, 2048, 2048, 2048, 2048, 2048, 2048, 2048]",307.0
1230,9480,38,13,2024-03-09T17:26:09.279000+00:00,35.641,29.885,29.627,284.0,316.0,False,95.153,"[2049, 2048, 2048, 2049, 2048, 2048, 2048, 2048, 2048]","[2048, 2048, 2049, 2048, 2048, 2048, 2048]","[2048, 2049, 2048, 2048, 2048, 2048, 2048, 2049, 2049]",327.0
1230,9480,22,13,2024-03-09T17:26:10.351000+00:00,35.622,30.067,29.636,285.0,310.0,False,95.325,"[None, 2048, 2048, 2048, 2049, 2048, 2049, 2048, 2048]","[2048, 2048, 2048, 2049, 2048, 2048, 2048]","[2049, 2048, 2048, 2048, 2049, 2048, 2048, 2048, 2048]",323.0
1230,9480,20,13,2024-03-09T17:26:11.310000+00:00,35.513,29.888,29.661,,319.0,False,95.062,"[None, 2048, 2049, 2049, 2049, 2048, 2048, 2049, 2048]","[2048, 2048, 2048, 2048, 2049, 2049, 2048]","[2049, 2048, 2049, 2049, 2048, 2048, 2048, 2048, 2048]",336.0
1230,9480,31,13,2024-03-09T17:26:11.991000+00:00,35.506,29.824,29.777,286.0,322.0,False,95.107,"[2048, 2048, 2048, 2048, 2048, 2049, 2048, 2048, 2048]","[2048, 2048, 2048, 2049, 2049, 2048, 2048]","[2048, 2048, 2048, 2048, 2049, 2048, 2048, 2048, 2048]",329.0
1230,9480,23,13,2024-03-09T17:26:12.809000+00:00,35.449,29.919,29.845,,321.0,False,95.213,"[None, 2048, 2049, 2048, 2048, 2048, 2048, 2049, 2048]","[2048, 2049, 2048, 2048, 2048, 2048, 2048]","[2049, 2048, 2048, 2048, 2048, 2048, 2048, 2048, 2048]",329.0
1230,9480,77,13,2024-03-09T17:26:13.791000+00:00,35.489,29.924,30.034,285.0,322.0,False,95.447,"[None, 2049, 2049, 2048, 2048, 2048, 2048, 2048, 2048]","[2048, 2049, 2048, 2049, 2048, 2048, 2048]","[2049, 2048, 2048, 2048, 2048, 2049, 2048, 2048, 2048]",314.0
1230,9480,2,13,2024-03-09T17:26:14.291000+00:00,35.743,30.108,29.9,285.0,319.0,False,95.751,"[None, 2048, 2048, 2048, 2049, 2048, 2048, 2049, 2048]","[2048, 2048, 2048, 2048, 2048, 2048, 2048]","[2049, 2048, 2048, 2048, 2049, 2048, 2048, 2048, 2048]",325.0
1230,9480,3,13,2024-03-09T17:26:15.528000+00:00,35.538,30.714,30.085,286.0,310.0,False,96.337,"[2048, 2048, 2048, 2048, 2049, 2048, 2048, 2048, 2048]","[2049, 2048, 2048, 2048, 2048, 2048, 2048]","[2048, 2048, 2048, 2048, 2048, 2049, 2049, 2048, 2048]",314.0
1230,9480,1,14,2024-03-09T17:27:32.604000+00:00,34.303,29.274,29.617,284.0,298.0,False,93.194,"[2048, 2048, 2048, 2048, 2049, 2048, 2049, 2049, 2048]","[2049, 2048, 2048, 2051, 2051, 2048, 2048]","[2048, 2049, 2048, 2048, 2049, 2048, 2048, 2048, 2048]",304.0
1230,9480,4,14,2024-03-09T17:27:34.446000+00:00,34.497,29.55,29.924,286.0,297.0,False,93.971,"[None, 2048, 2048, 2048, 2048, 2048, 2048, 2048, 2048]","[2048, 2048, 2048, 2048, 2049, 2048, 2048]","[2049, 2048, 2048, 2048, 2048, 2048, 2048, 2048, 2048]",300.0
1230,9480,11,14,2024-03-09T17:27:35.851000+00:00,34.633,29.519,29.662,289.0,304.0,False,93.814,"[2048, 2048, 2048, 2048, 2048, 2048, 2048, 2048, 2051]","[2051, 2048, 2048, 2048, 2048, 2048, 2048]","[2048, 2049, 2048, 2048, 2048, 2048, 2048, 2048, 2048]",307.0
1230,9480,44,14,2024-03-09T17:27:36.795000+00:00,34.994,29.546,29.801,,312.0,False,94.341,"[None, 2048, 2048, 2048, 2049, 2048, 2048, 2048, 2048]","[2048, 2048, 2048, 2049, 2049, 2048, 2048]","[2048, 2048, 2048, 2048, 2049, 2048, 2048, 2048, 2048]",316.0
1230,9480,16,14,2024-03-09T17:27:37.378000+00:00,35.106,29.602,29.331,282.0,315.0,False,94.039,"[None, 2048, 2048, 2048, 2048, 2048, 2048, 2048, 2048]","[2048, 2048, 2048, 2048, 2049, 2048, 2048]","[2048, 2048, 2048, 2048, 2048, 2048, 2048, 2049, 2049]",326.0
1230,9480,81,14,2024-03-09T17:27:38.123000+00:00,34.969,29.601,29.861,288.0,318.0,False,94.431,"[2049, 2048, 2048, 2048, 2048, 2048, 2048, 2048, 2048]","[2048, 2048, 2048, 2048, 2048, 2049, 2048]","[2048, 2048, 2049, 2048, 2048, 2048, 2048, 2048, 2048]",324.0
1230,9480,14,14,2024-03-09T17:27:40.303000+00:00,35.033,29.853,29.991,286.0,306.0,False,94.877,"[None, 2048, 2048, 2048, 2048, 2048, 2048, 2048, 2048]","[2048, 2048, 2048, 2048, 2048, 2048, 2048]","[2048, 2048, 2048, 2048, 2048, 2048, 2048, 2048, 2048]",308.0
1230,9480,27,14,2024-03-09T17:27:41.780000+00:00,36.334,30.027,30.12,286.0,304.0,False,96.481,"[None, 2048, 2048, 2048, 2048, 2048, 2048, 2048, 2048]","[2048, 2048, 2048, 2048, 2048, 2048, 2048]","[2048, 2048, 2048, 2048, 2048, 2048, 2048, 2048, 2048]",311.0
1230,9480,63,14,2024-03-09T17:27:42.080000+00:00,35.046,29.535,29.798,289.0,314.0,False,94.379,"[2051, 2048, 2048, 2048, 2049, 2049, 2049, 2049, 2048]","[2049, 2048, 2048, 2049, 2048, 2048, 2048]","[2048, 2048, 2048, 2048, 2049, 2048, 2048, 2048, 2048]",315.0
1230,9480,24,14,2024-03-09T17:27:44.095000+00:00,36.466,29.899,30.293,,315.0,False,96.658,"[None, 2048, 2048, 2048, 2048, 2048, 2048, 2048, 2048]","[2048, 2049, 2048, 2048, 2048, 2049, 2048]","[2048, 2048, 2048, 2048, 2048, 2048, 2048, 2048, 2048]",319.0
1230,9480,38,14,2024-03-09T17:27:44.425000+00:00,35.53,30.013,29.936,281.0,297.0,False,95.479,"[None, 2048, 2049, 2048, 2049, 2048, 2049, 2049, 2048]","[2048, 2048, 2048, 2049, 2049, 2048, 2048]","[2048, 2049, 2048, 2048, 2048, 2049, 2048, 2048, 2048]",305.0
1230,9480,22,14,2024-03-09T17:27:45.685000+00:00,35.709,30.068,29.798,288.0,312.0,False,95.575,"[None, 2049, 2048, 2048, 2048, 2048, 2048, 2048, 2048]","[2048, 2048, 2048, 2048, 2048, 2048, 2048]","[2048, 2048, 2049, 2049, 2048, 2048, 2048, 2048, 2049]",335.0
1230,9480,20,14,2024-03-09T17:27:46.259000+00:00,35.596,30.154,29.803,287.0,319.0,False,95.553,"[2049, 2048, 2048, 2048, 2048, 2048, 2048, 2048, 2049]","[2048, 2048, 2048, 2048, 2048, 2048, 2048]","[2048, 2048, 2048, 2049, 2048, 2048, 2048, 2049, 2049]",333.0
1230,9480,31,14,2024-03-09T17:27:47.127000+00:00,35.525,30.106,29.801,,322.0,False,95.432,"[None, 2049, 2048, 2048, 2048, 2048, 2048, 2049, 2048]","[2048, 2048, 2048, 2048, 2048, 2048, 2048]","[2048, 2048, 2049, 2049, 2048, 2048, 2048, 2048, 2049]",337.0
1230,9480,23,14,2024-03-09T17:27:47.973000+00:00,35.471,29.892,29.818,287.0,321.0,False,95.181,"[None, 2049, 2048, 2048, 2048, 2048, 2048, 2048, 2048]","[2049, 2048, 2048, 2048, 2048, 2048, 2048]","[2048, 2049, 2049, 2049, 2048, 2048, 2048, 2048, 2048]",331.0
1230,9480,77,14,2024-03-09T17:27:49.209000+00:00,35.414,30.05,29.96,283.0,307.0,False,95.424,"[None, 2048, 2048, 2048, 2048, 2049, 2049, 2049, 2048]","[2048, 2049, 2048, 2049, 2048, 2048, 2048]","[2048, 2049, 2048, 2048, 2048, 2048, 2048, 2048, 2048]",312.0
1230,9480,2,14,2024-03-09T17:27:50.131000+00:00,35.526,29.922,29.759,288.0,319.0,False,95.207,"[None, 2048, 2048, 2049, 2048, 2048, 2049, 2049, 2049]","[2048, 2048, 2049, 2048, 2049, 2048, 2048]","[2048, 2049, 2048, 2048, 2048, 2049, 2048, 2048, 2048]",329.0
1230,9480,3,14,2024-03-09T17:27:51.811000+00:00,35.562,30.218,29.826,287.0,308.0,False,95.606,"[None, 2048, 2048, 2049, 2048, 2048, 2048, 2048, 2049]","[2048, 2048, 2048, 2048, 2049, 2048, 2048]","[2048, 2049, 2048, 2048, 2049, 2049, 2048, 2048, 2048]",314.0
1230,9480,1,15,2024-03-09T17:29:05.883000+00:00,34.32,29.438,29.754,,293.0,False,93.512,"[None, 2048, 2048, 2048, 2048, 2051, 2049, 2048, 2048]","[2049, 2048, 2048, 2048, 2048, 2048, 2048]","[2048, 2048, 2048, 2048, 2048, 2048, 2048, 2048, 2048]",298.0
1230,9480,4,15,2024-03-09T17:29:08.333000+00:00,34.389,29.587,29.968,,298.0,False,93.944,"[None, 2048, 2048, 2048, 2049, 2048, 2048, 2048, 2051]","[2048, 2048, 2048, 2048, 2048, 2048, 2048]","[2048, 2048, 2048, 2048, 2048, 2048, 2048, 2048, 2048]",299.0
1230,9480,11,15,2024-03-09T17:29:09.856000+00:00,34.515,29.477,29.458,,304.0,False,93.45,"[None, 2048, 2049, 2048, 2048, 2049, 2049, 2048, 2048]","[2048, 2048, 2048, 2048, 2048, 2048, 2048]","[2048, 2049, 2048, 2048, 2048, 2048, 2048, 2048, 2048]",312.0
1230,9480,44,15,2024-03-09T17:29:11.203000+00:00,36.045,29.69,29.62,,314.0,False,95.355,"[None, 2048, 2048, 2048, 2048, 2048, 2048, 2048, 2048]","[2049, 2048, 2048, 2048, 2048, 2048, 2048]","[2048, 2048, 2048, 2048, 2049, 2048, 2048, 2048, 2048]",330.0
1230,9480,16,15,2024-03-09T17:29:11.446000+00:00,34.869,29.647,29.709,283.0,297.0,False,94.225,"[None, 2049, 2048, 2048, 2048, 2048, 2048, 2049, 2049]","[2048, 2048, 2048, 2049, 2048, 2048, 2048]","[2048, 2048, 2048, 2048, 2048, 2048, 2048, 2048, 2048]",313.0
1230,9480,81,15,2024-03-09T17:29:12.571000+00:00,35.174,29.636,29.499,287.0,320.0,False,94.309,"[2048, 2048, 2048, 2048, 2048, 2048, 2048, 2048, 2048]","[2049, 2048, 2048, 2048, 2048, 2049, 2048]","[2048, 2048, 2049, 2049, 2049, 2048, 2048, 2048, 2049]",330.0
1230,9480,14,15,2024-03-09T17:29:15.157000+00:00,34.902,29.818,29.958,,305.0,False,94.678,"[None, 2048, 2048, 2048, 2049, 2049, 2048, 2049, 2048]","[2048, 2048, 2048, 2048, 2048, 2048, 2048]","[2048, 2049, 2048, 2048, 2048, 2048, 2048, 2048, 2048]",306.0
1230,9480,63,15,2024-03-09T17:29:16.295000+00:00,35.346,29.583,29.874,,315.0,False,94.803,"[2048, 2048, 2048, 2048, 2049, 2048, 2048, 2048, 2048]","[2048, 2048, 2048, 2048, 2048, 2048, 2048]","[2048, 2048, 2048, 2048, 2048, 2048, 2048, 2048, 2048]",314.0
1230,9480,27,15,2024-03-09T17:29:18.176000+00:00,35.314,30.054,30.127,,304.0,False,95.495,"[None, 2048, 2048, 2048, 2049, 2048, 2049, 2049, 2048]","[2048, 2048, 2048, 2048, 2048, 2048, 2048]","[2049, 2048, 2048, 2048, 2048, 2048, 2048, 2048, 2048]",310.0
1230,9480,38,15,2024-03-09T17:29:19.865000+00:00,35.174,29.998,29.946,,300.0,False,95.118,"[2048, 2048, 2049, 2048, 2048, 2049, 2049, 2049, 2048]","[2048, 2048, 2048, 2049, 2048, 2048, 2048]","[2048, 2049, 2048, 2048, 2048, 2048, 2048, 2048, 2048]",306.0
1230,9480,24,15,2024-03-09T17:29:20.800000+00:00,35.646,30.059,30.348,283.0,304.0,False,96.053,"[None, 2048, 2048, 2048, 2048, 2048, 2048, 2048, 2048]","[2048, 2048, 2048, 2048, 2049, 2048, 2048]","[2048, 2048, 2048, 2048, 2048, 2048, 2048, 2048, 2048]",305.0
1230,9480,22,15,2024-03-09T17:29:21.355000+00:00,35.754,29.936,30.262,287.0,323.0,False,95.952,"[2049, 2048, 2048, 2048, 2048, 2048, 2048, 2048, 2048]","[2049, 2048, 2048, 2048, 2048, 2049, 2049]","[2048, 2048, 2048, 2048, 2048, 2048, 2048, 2048, 2048]",335.0
1230,9480,20,15,2024-03-09T17:29:21.927000+00:00,35.796,30.074,29.876,285.0,319.0,False,95.746,"[2048, 2048, 2048, 2048, 2048, 2048, 2048, 2048, 2048]","[2049, 2048, 2048, 2048, 2048, 2049, 2048]","[2048, 2048, 2048, 2048, 2048, 2048, 2048, 2048, 2049]",325.0
1230,9480,31,15,2024-03-09T17:29:22.543000+00:00,35.792,30.026,29.899,,324.0,False,95.717,"[2049, 2048, 2049, 2048, 2048, 2048, 2048, 2048, 2048]","[2048, 2048, 2048, 2048, 2048, 2048, 2048]","[2048, 2048, 2048, 2048, 2048, 2048, 2048, 2048, 2049]",328.0
1230,9480,23,15,2024-03-09T17:29:23.199000+00:00,35.647,29.917,29.969,288.0,318.0,False,95.533,"[2049, 2048, 2048, 2048, 2048, 2048, 2049, 2048, 2049]","[2048, 2048, 2048, 2048, 2048, 2049, 2051]","[2048, 2048, 2049, 2049, 2048, 2048, 2048, 2049, 2049]",330.0
1230,9480,77,15,2024-03-09T17:29:24.647000+00:00,35.38,30.202,30.139,282.0,306.0,False,95.721,"[None, 2048, 2048, 2049, 2049, 2048, 2048, 2048, 2048]","[2049, 2048, 2048, 2048, 2048, 2048, 2048]","[2048, 2048, 2048, 2048, 2048, 2048, 2048, 2048, 2048]",311.0
1230,9480,2,15,2024-03-09T17:29:25.245000+00:00,35.548,29.97,30.083,287.0,317.0,False,95.601,"[None, 2048, 2048, 2048, 2049, 2048, 2049, 2048, 2048]","[2048, 2049, 2048, 2048, 2049, 2049, 2048]","[2048, 2049, 2049, 2048, 2048, 2048, 2048, 2048, 2048]",330.0
1230,9480,3,15,2024-03-09T17:29:27.419000+00:00,35.33,30.18,29.956,285.0,312.0,False,95.466,"[None, 2048, 2048, 2049, 2049, 2048, 2049, 2049, 2048]","[2048, 2048, 2048, 2048, 2048, 2048, 2048]","[2049, 2048, 2048, 2048, 2048, 2048, 2048, 2048, 2048]",317.0
1230,9480,1,16,2024-03-09T17:30:39.352000+00:00,34.239,29.383,29.57,287.0,297.0,False,93.192,"[None, 2048, 2048, 2048, 2049, 2048, 2048, 2049, 2051]","[2048, 2048, 2048, 2048, 2048, 2048, 2048]","[2048, 2051, 2048, 2048, 2048, 2048, 2048, 2048, 2048]",302.0
1230,9480,4,16,2024-03-09T17:30:42.302000+00:00,34.387,29.562,29.909,,298.0,False,93.858,"[None, 2048, 2048, 2048, 2049, 2048, 2048, 2048, 2048]","[2048, 2048, 2048, 2048, 2048, 2048, 2048]","[2048, 2048, 2048, 2048, 2048, 2048, 2048, 2048, 2048]",300.0
1230,9480,11,16,2024-03-09T17:30:43.184000+00:00,34.719,29.404,29.413,286.0,302.0,False,93.536,"[None, 2048, 2048, 2048, 2048, 2048, 2048, 2048, 2048]","[2048, 2048, 2048, 2049, 2051, 2048, 2048]","[2048, 2048, 2048, 2048, 2048, 2048, 2048, 2048, 2048]",314.0
1230,9480,16,16,2024-03-09T17:30:45.591000+00:00,34.623,29.653,29.757,282.0,296.0,False,94.033,"[2048, 2048, 2049, 2048, 2048, 2049, 2048, 2049, 2048]","[2048, 2048, 2048, 2049, 2048, 2048, 2048]","[2048, 2049, 2048, 2048, 2048, 2048, 2048, 2048, 2048]",304.0
1230,9480,44,16,2024-03-09T17:30:46.608000+00:00,35.036,29.551,29.848,,312.0,False,94.435,"[None, 2048, 2048, 2048, 2048, 2048, 2048, 2048, 2048]","[2051, 2048, 2048, 2049, 2048, 2048, 2048]","[2048, 2048, 2048, 2048, 2048, 2048, 2048, 2048, 2048]",317.0
1230,9480,81,16,2024-03-09T17:30:46.904000+00:00,35.147,29.516,29.716,288.0,318.0,False,94.379,"[2049, 2048, 2048, 2048, 2048, 2048, 2048, 2048, 2048]","[2049, 2048, 2049, 2048, 2048, 2049, 2048]","[2048, 2048, 2048, 2048, 2048, 2048, 2048, 2048, 2048]",325.0
1230,9480,14,16,2024-03-09T17:30:49.753000+00:00,34.934,29.778,30.061,,304.0,False,94.773,"[None, 2048, 2049, 2048, 2048, 2048, 2049, 2049, 2048]","[2048, 2048, 2048, 2048, 2049, 2048, 2048]","[2048, 2048, 2048, 2048, 2048, 2048, 2049, 2049, 2048]",308.0
1230,9480,63,16,2024-03-09T17:30:51.312000+00:00,35.196,29.642,29.8,290.0,318.0,False,94.638,"[None, 2048, 2048, 2049, 2048, 2049, 2048, 2049, 2049]","[2048, 2048, 2048, 2048, 2048, 2048, 2048]","[2048, 2048, 2048, 2048, 2048, 2049, 2048, 2048, 2048]",317.0
1230,9480,27,16,2024-03-09T17:30:53.657000+00:00,35.134,29.939,30.08,,304.0,False,95.153,"[None, 2048, 2049, 2048, 2048, 2049, 2049, 2048, 2048]","[2048, 2048, 2048, 2049, 2048, 2048, 2048]","[2048, 2048, 2048, 2048, 2048, 2048, 2048, 2048, 2048]",310.0
1230,9480,38,16,2024-03-09T17:30:55.115000+00:00,35.076,29.878,29.761,285.0,312.0,False,94.715,"[None, 2048, 2048, 2048, 2048, 2048, 2049, 2049, 2048]","[2049, 2048, 2048, 2049, 2049, 2048, 2048]","[2048, 2048, 2048, 2048, 2049, 2048, 2049, 2048, 2048]",316.0
1230,9480,24,16,2024-03-09T17:30:56.871000+00:00,35.904,29.92,30.241,285.0,304.0,False,96.065,"[None, 2048, 2048, 2048, 2048, 2048, 2048, 2048, 2048]","[2048, 2049, 2048, 2048, 2048, 2048, 2048]","[2049, 2048, 2048, 2048, 2048, 2048, 2048, 2048, 2048]",307.0
1230,9480,22,16,2024-03-09T17:30:57.321000+00:00,36.156,29.823,30.016,,322.0,False,95.995,"[2048, 2048, 2048, 2048, 2048, 2048, 2048, 2048, 2048]","[2048, 2048, 2048, 2049, 2049, 2048, 2048]","[2048, 2048, 2048, 2048, 2048, 2048, 2048, 2048, 2048]",336.0
1230,9480,20,16,2024-03-09T17:30:57.548000+00:00,36.392,30.091,29.617,286.0,320.0,False,96.1,"[None, 2048, 2048, 2049, 2048, 2048, 2048, 2048, 2048]","[2048, 2048, 2048, 2048, 2048, 2048, 2048]","[2051, 2049, 2048, 2048, 2049, 2048, 2048, 2048, 2048]",326.0
1230,9480,31,16,2024-03-09T17:30:58.221000+00:00,36.319,29.994,29.932,,325.0,False,96.245,"[2048, 2048, 2048, 2048, 2048, 2048, 2048, 2048, 2048]","[2048, 2048, 2049, 2048, 2048, 2048, 2049]","[2048, 2048, 2048, 2048, 2048, 2048, 2048, 2048, 2048]",329.0
1230,9480,23,16,2024-03-09T17:30:58.734000+00:00,36.164,30.114,30.192,,315.0,False,96.47,"[2051, 2048, 2048, 2048, 2048, 2048, 2048, 2048, 2048]","[2048, 2048, 2048, 2048, 2048, 2048, 2048]","[2048, 2048, 2048, 2048, 2048, 2048, 2048, 2048, 2048]",331.0
1230,9480,77,16,2024-03-09T17:31:00.749000+00:00,35.638,30.419,30.768,284.0,306.0,False,96.825,"[None, 2048, 2048, 2048, 2048, 2048, 2048, 2048, 2048]","[2048, 2048, 2048, 2048, 2048, 2048, 2048]","[2049, 2048, 2048, 2048, 2048, 2048, 2048, 2049, 2049]",303.0
1230,9480,2,16,2024-03-09T17:31:00.906000+00:00,35.952,30.028,30.082,282.0,319.0,False,96.062,"[None, 2048, 2048, 2048, 2048, 2048, 2049, 2048, 2048]","[2048, 2048, 2048, 2048, 2049, 2048, 2048]","[2048, 2048, 2048, 2048, 2049, 2048, 2048, 2049, 2048]",327.0
1230,9480,3,16,2024-03-09T17:31:02.917000+00:00,35.48,30.212,30.113,287.0,312.0,False,95.805,"[None, 2048, 2048, 2048, 2048, 2048, 2048, 2048, 2048]","[2048, 2048, 2048, 2048, 2048, 2048, 2048]","[2048, 2048, 2048, 2048, 2049, 2048, 2048, 2048, 2048]",318.0
1230,9480,1,17,2024-03-09T17:32:12.586000+00:00,34.134,29.333,29.592,288.0,298.0,False,93.059,"[None, 2048, 2048, 2048, 2048, 2048, 2048, 2051, 2051]","[2048, 2048, 2048, 2051, 2051, 2048, 2048]","[2048, 2048, 2048, 2048, 2049, 2048, 2048, 2048, 2048]",304.0
1230,9480,4,17,2024-03-09T17:32:16.147000+00:00,34.635,29.782,30.08,283.0,294.0,False,94.497,"[None, 2048, 2048, 2048, 2048, 2048, 2048, 2048, 2048]","[2048, 2048, 2048, 2048, 2048, 2048, 2048]","[2048, 2048, 2048, 2048, 2048, 2048, 2048, 2048, 2048]",297.0
1230,9480,11,17,2024-03-09T17:32:16.740000+00:00,34.882,29.392,29.895,,319.0,False,94.169,"[None, 2048, 2048, 2048, 2048, 2048, 2048, 2048, 2048]","[2048, 2048, 2048, 2048, 2048, 2048, 2048]","[2048, 2048, 2049, 2048, 2048, 2048, 2048, 2048, 2048]",302.0
1230,9480,16,17,2024-03-09T17:32:19.686000+00:00,34.602,29.638,29.833,283.0,297.0,False,94.073,"[None, 2048, 2049, 2048, 2048, 2049, 2048, 2048, 2048]","[2048, 2048, 2048, 2049, 2048, 2048, 2048]","[2048, 2048, 2048, 2048, 2048, 2048, 2048, 2048, 2048]",304.0
1230,9480,44,17,2024-03-09T17:32:20.976000+00:00,35.564,29.468,29.779,,310.0,False,94.811,"[None, 2048, 2048, 2048, 2049, 2048, 2049, 2049, 2049]","[2048, 2048, 2048, 2049, 2048, 2048, 2048]","[2048, 2048, 2048, 2048, 2048, 2048, 2048, 2048, 2048]",316.0
1230,9480,81,17,2024-03-09T17:32:21.292000+00:00,35.865,29.514,29.678,,318.0,False,95.057,"[2048, 2049, 2048, 2048, 2048, 2048, 2048, 2048, 2048]","[2048, 2048, 2048, 2048, 2049, 2048, 2048]","[2048, 2048, 2048, 2048, 2048, 2048, 2048, 2048, 2048]",323.0
1230,9480,14,17,2024-03-09T17:32:24.531000+00:00,34.943,29.737,30.015,,304.0,False,94.695,"[None, 2049, 2048, 2048, 2048, 2048, 2049, 2048, 2048]","[2048, 2048, 2048, 2048, 2049, 2048, 2048]","[2048, 2048, 2048, 2048, 2048, 2048, 2048, 2048, 2048]",306.0
1230,9480,63,17,2024-03-09T17:32:25.779000+00:00,35.144,29.726,30.037,291.0,318.0,False,94.907,"[None, 2049, 2048, 2048, 2048, 2049, 2048, 2048, 2048]","[2049, 2048, 2048, 2048, 2048, 2048, 2048]","[2048, 2048, 2048, 2048, 2048, 2048, 2048, 2048, 2048]",314.0
1230,9480,27,17,2024-03-09T17:32:28.821000+00:00,35.144,29.975,30.086,284.0,302.0,False,95.205,"[None, 2048, 2048, 2048, 2048, 2049, 2048, 2049, 2048]","[2048, 2048, 2048, 2049, 2048, 2048, 2048]","[2048, 2049, 2048, 2048, 2048, 2048, 2048, 2048, 2048]",308.0
1230,9480,38,17,2024-03-09T17:32:29.726000+00:00,34.949,29.85,29.882,,327.0,False,94.681,"[None, 2049, 2048, 2048, 2048, 2048, 2048, 2049, 2049]","[2049, 2048, 2049, 2048, 2048, 2048, 2048]","[2048, 2048, 2049, 2048, 2048, 2048, 2048, 2049, 2048]",323.0
1230,9480,24,17,2024-03-09T17:32:32.892000+00:00,35.909,29.916,30.057,282.0,301.0,False,95.882,"[None, 2048, 2048, 2048, 2048, 2048, 2048, 2049, 2048]","[2048, 2048, 2048, 2049, 2048, 2048, 2048]","[2048, 2048, 2048, 2048, 2048, 2048, 2048, 2048, 2048]",303.0
1230,9480,22,17,2024-03-09T17:32:33.304000+00:00,37.518,30.111,29.974,285.0,319.0,False,97.603,"[None, 2048, 2048, 2048, 2048, 2048, 2048, 2048, 2048]","[2048, 2048, 2048, 2048, 2048, 2048, 2048]","[2048, 2048, 2048, 2048, 2048, 2048, 2048, 2048, 2048]",334.0
1230,9480,20,17,2024-03-09T17:32:33.772000+00:00,36.447,30.141,30.033,284.0,303.0,False,96.621,"[2049, 2048, 2048, 2049, 2051, 2048, 2049, 2049, 2048]","[2048, 2048, 2048, 2048, 2048, 2048, 2048]","[2048, 2048, 2048, 2048, 2048, 2048, 2048, 2048]",309.0
1230,9480,31,17,2024-03-09T17:32:34.498000+00:00,36.819,30.101,30.344,285.0,323.0,False,97.264,"[None, 2048, 2048, 2048, 2048, 2048, 2048, 2048, 2048]","[2048, 2049, 2049, 2048, 2048, 2048, 2048]","[2048, 2048, 2048, 2048, 2048, 2048, 2048, 2048, 2048]",319.0
1230,9480,23,17,2024-03-09T17:32:35.169000+00:00,36.439,30.263,30.327,286.0,326.0,False,97.029,"[2048, 2048, 2048, 2048, 2048, 2048, 2048, 2048, 2048]","[2048, 2048, 2048, 2048, 2048, 2048, 2048]","[2048, 2048, 2048, 2048, 2048, 2048, 2048, 2048, 2048]",328.0
1230,9480,2,17,2024-03-09T17:32:36.790000+00:00,36.065,30.102,30.169,284.0,316.0,False,96.336,"[None, 2048, 2048, 2048, 2049, 2048, 2048, 2048, 2048]","[2048, 2048, 2048, 2048, 2048, 2048, 2048]","[2048, 2048, 2048, 2048, 2048, 2048, 2048, 2048, 2048]",311.0
1230,9480,77,17,2024-03-09T17:32:37.141000+00:00,36.446,30.612,30.18,282.0,304.0,False,97.238,"[2049, 2048, 2048, 2048, 2048, 2048, 2048, 2048, 2048]","[2048, 2048, 2048, 2048, 2048, 2048, 2048]","[2048, 2048, 2048, 2048, 2048, 2048, 2048, 2048, 2048]",309.0
1230,9480,3,17,2024-03-09T17:32:38.761000+00:00,35.974,30.31,29.983,285.0,324.0,False,96.267,"[None, 2048, 2048, 2048, 2048, 2048, 2048, 2048, 2048]","[2048, 2048, 2048, 2048, 2048, 2049, 2049]","[2048, 2048, 2048, 2048, 2048, 2048, 2048, 2048, 2048]",333.0
1230,9480,1,18,2024-03-09T17:33:45.720000+00:00,34.172,29.33,29.637,,299.0,False,93.139,"[None, 2048, 2048, 2048, 2048, 2048, 2049, 2048, 2048]","[2048, 2048, 2048, 2048, 2051, 2048, 2048]","[2049, 2048, 2048, 2048, 2048, 2048, 2048, 2048, 2048]",303.0
1230,9480,4,18,2024-03-09T17:33:50.596000+00:00,35.599,29.723,30.285,286.0,301.0,False,95.607,"[None, 2048, 2048, 2048, 2048, 2048, 2048, 2048, 2048]","[2048, 2048, 2048, 2048, 2048, 2048, 2048]","[2048, 2048, 2048, 2048, 2048, 2048, 2048, 2048, 2048]",306.0
1230,9480,11,18,2024-03-09T17:33:50.928000+00:00,34.34,29.396,29.546,,303.0,False,93.282,"[None, 2048, 2049, 2048, 2048, 2048, 2048, 2048, 2049]","[2048, 2049, 2048, 2048, 2048, 2048, 2048]","[2048, 2048, 2048, 2048, 2048, 2048, 2048, 2048, 2048]",310.0
1230,9480,16,18,2024-03-09T17:33:53.797000+00:00,34.703,29.663,29.776,285.0,299.0,False,94.142,"[None, 2048, 2049, 2048, 2048, 2048, 2048, 2048, 2048]","[2048, 2048, 2048, 2048, 2048, 2048, 2048]","[2048, 2048, 2048, 2048, 2048, 2048, 2048, 2048, 2048]",306.0
1230,9480,44,18,2024-03-09T17:33:55.803000+00:00,34.882,29.588,29.837,,309.0,False,94.307,"[None, 2048, 2049, 2048, 2051, 2048, 2048, 2048, 2048]","[2051, 2048, 2048, 2048, 2048, 2048, 2048]","[2048, 2048, 2048, 2048, 2048, 2048, 2048, 2048, 2048]",313.0
1230,9480,81,18,2024-03-09T17:33:56.391000+00:00,34.898,29.575,29.602,289.0,317.0,False,94.075,"[None, 2048, 2048, 2048, 2048, 2048, 2048, 2048, 2048]","[2048, 2048, 2048, 2048, 2048, 2048, 2048]","[2048, 2048, 2049, 2048, 2048, 2048, 2048, 2048, 2048]",320.0
1230,9480,14,18,2024-03-09T17:33:59.313000+00:00,34.896,29.912,29.843,,305.0,False,94.651,"[None, 2048, 2048, 2048, 2048, 2048, 2048, 2049, 2048]","[2048, 2048, 2048, 2048, 2048, 2048, 2048]","[2048, 2049, 2048, 2048, 2048, 2048, 2048, 2048, 2048]",307.0
1230,9480,63,18,2024-03-09T17:34:00.730000+00:00,35.218,29.495,29.846,,318.0,False,94.559,"[None, 2048, 2049, 2048, 2048, 2049, 2049, 2048, 2049]","[2048, 2048, 2051, 2049, 2048, 2048, 2048]","[2048, 2048, 2048, 2048, 2048, 2048, 2048, 2048, 2048]",315.0
1230,9480,27,18,2024-03-09T17:34:04.093000+00:00,35.228,30.008,30.451,285.0,302.0,False,95.687,"[None, 2049, 2048, 2048, 2048, 2048, 2048, 2048, 2048]","[2048, 2048, 2048, 2048, 2048, 2048, 2048]","[2048, 2048, 2048, 2048, 2048, 2048, 2049, 2051, 2051]",308.0
1230,9480,38,18,2024-03-09T17:34:04.372000+00:00,35.543,29.795,29.932,286.0,317.0,False,95.27,"[None, 2048, 2048, 2048, 2048, 2048, 2048, 2048, 2048]","[2048, 2048, 2048, 2048, 2048, 2048, 2048]","[2048, 2048, 2048, 2048, 2048, 2048, 2049, 2048, 2048]",328.0
1230,9480,24,18,2024-03-09T17:34:08.832000+00:00,35.43,30.013,30.023,283.0,302.0,False,95.466,"[None, 2048, 2048, 2048, 2048, 2049, 2048, 2048, 2048]","[2048, 2048, 2048, 2048, 2048, 2048, 2048]","[2048, 2048, 2048, 2048, 2048, 2048, 2048, 2048, 2048]",304.0
1230,9480,20,18,2024-03-09T17:34:10.201000+00:00,35.237,30.01,30.019,286.0,303.0,False,95.266,"[2048, 2049, 2049, 2048, 2048, 2049, 2049, 2049, 2049]","[2048, 2049, 2048, 2049, 2048, 2048, 2048]","[2048, 2049, 2048, 2048, 2048, 2048, 2048, 2048, 2048]",308.0
1230,9480,22,18,2024-03-09T17:34:10.921000+00:00,35.599,29.995,29.773,286.0,309.0,False,95.367,"[None, 2048, 2048, 2048, 2048, 2048, 2049, 2048, 2048]","[2048, 2048, 2048, 2048, 2048, 2048, 2048]","[2048, 2048, 2048, 2048, 2048, 2048, 2048, 2048, 2048]",334.0
1230,9480,31,18,2024-03-09T17:34:11.763000+00:00,35.655,29.942,29.839,286.0,320.0,False,95.436,"[None, 2048, 2048, 2048, 2048, 2048, 2048, 2049, 2048]","[2049, 2048, 2048, 2048, 2048, 2048, 2048]","[2048, 2048, 2048, 2048, 2049, 2048, 2048, 2048, 2048]",330.0
1230,9480,23,18,2024-03-09T17:34:12.245000+00:00,35.803,29.832,29.973,288.0,322.0,False,95.608,"[None, 2048, 2048, 2048, 2048, 2048, 2049, 2049, 2048]","[2048, 2049, 2049, 2048, 2048, 2048, 2048]","[2048, 2048, 2048, 2048, 2048, 2048, 2048, 2048, 2048]",328.0
1230,9480,2,18,2024-03-09T17:34:13.143000+00:00,35.719,30.213,30.107,288.0,310.0,False,96.039,"[None, 2048, 2048, 2048, 2048, 2048, 2048, 2048, 2049]","[2049, 2048, 2048, 2048, 2048, 2048, 2048]","[2048, 2048, 2048, 2048, 2048, 2048, 2048, 2048, 2048]",312.0
1230,9480,77,18,2024-03-09T17:34:14.373000+00:00,35.531,30.108,30.419,,316.0,False,96.058,"[2048, 2048, 2048, 2048, 2049, 2048, 2048, 2048, 2048]","[2048, 2048, 2049, 2048, 2048, 2048, 2048]","[2048, 2048, 2048, 2048, 2048, 2048, 2048, 2048, 2048]",321.0
1230,9480,3,18,2024-03-09T17:34:15.001000+00:00,35.958,30.173,29.962,288.0,312.0,False,96.093,"[2049, 2048, 2048, 2048, 2048, 2048, 2048, 2048, 2049]","[2048, 2048, 2048, 2048, 2049, 2048, 2048]","[2048, 2048, 2049, 2048, 2048, 2048, 2048, 2048, 2048]",319.0
1230,9480,1,19,2024-03-09T17:35:18.779000+00:00,,29.375,29.588,289.0,298.0,False,93.135,"[None, 2048, 2048, 2048, 2048, 2048, 2049, 2051, 2051]","[2048, 2048, 2048, 2048, 2048, 2048, 2048]","[2048, 2048, 2048, 2048, 2048, 2048, 2048, 2048, 2048]",302.0
1230,9480,11,19,2024-03-09T17:35:24.176000+00:00,34.462,29.548,29.535,283.0,299.0,False,93.545,"[None, 2048, 2049, 2048, 2048, 2049, 2049, 2048, 2048]","[2048, 2048, 2048, 2048, 2048, 2048, 2048]","[2048, 2048, 2048, 2048, 2048, 2048, 2048, 2048, 2048]",309.0
1230,9480,4,19,2024-03-09T17:35:26.268000+00:00,34.537,29.596,30.061,288.0,299.0,False,94.194,"[None, 2048, 2048, 2048, 2051, 2048, 2048, 2048, 2048]","[2048, 2048, 2048, 2048, 2048, 2048, 2048]","[2048, 2048, 2049, 2048, 2048, 2048, 2048, 2048, 2048]",300.0
1230,9480,16,19,2024-03-09T17:35:27.808000+00:00,34.7,29.52,29.72,,300.0,False,93.94,"[None, 2048, 2048, 2048, 2048, 2048, 2048, 2048, 2048]","[2048, 2048, 2049, 2048, 2048, 2048, 2048]","[2048, 2048, 2048, 2048, 2048, 2048, 2048, 2048, 2048]",307.0
1230,9480,44,19,2024-03-09T17:35:30.089000+00:00,35.163,29.567,29.794,290.0,309.0,False,94.524,"[None, 2048, 2048, 2048, 2048, 2048, 2048, 2048, 2049]","[2048, 2048, 2048, 2048, 2048, 2048, 2048]","[2048, 2049, 2048, 2048, 2048, 2048, 2048, 2048, 2048]",311.0
1230,9480,81,19,2024-03-09T17:35:30.490000+00:00,35.267,29.534,29.83,288.0,316.0,False,94.631,"[None, 2048, 2048, 2048, 2049, 2048, 2048, 2048, 2049]","[2048, 2048, 2048, 2048, 2049, 2048, 2048]","[2048, 2048, 2048, 2048, 2048, 2048, 2048, 2048, 2048]",324.0
1230,9480,14,19,2024-03-09T17:35:33.920000+00:00,34.983,29.717,29.876,287.0,304.0,False,94.576,"[None, 2048, 2048, 2048, 2048, 2048, 2048, 2048, 2048]","[2048, 2048, 2048, 2048, 2049, 2048, 2048]","[2048, 2048, 2048, 2048, 2048, 2048, 2048, 2048, 2048]",307.0
1230,9480,63,19,2024-03-09T17:35:35.254000+00:00,35.139,29.488,29.768,,319.0,False,94.395,"[None, 2048, 2048, 2048, 2048, 2049, 2049, 2048, 2048]","[2049, 2048, 2048, 2048, 2049, 2048, 2048]","[2048, 2048, 2048, 2048, 2048, 2048, 2048, 2048, 2048]",324.0
1230,9480,38,19,2024-03-09T17:35:39.711000+00:00,35.914,29.887,29.815,283.0,314.0,False,95.616,"[None, 2048, 2048, 2048, 2048, 2048, 2048, 2048, 2048]","[2048, 2048, 2048, 2048, 2048, 2048, 2048]","[2048, 2048, 2048, 2048, 2048, 2048, 2049, 2048, 2048]",324.0
1230,9480,27,19,2024-03-09T17:35:39.744000+00:00,35.076,29.99,30.108,284.0,302.0,False,95.174,"[None, 2048, 2048, 2048, 2048, 2048, 2049, 2048, 2049]","[2048, 2048, 2048, 2048, 2048, 2048, 2048]","[2048, 2048, 2048, 2048, 2048, 2048, 2048, 2048, 2048]",307.0
1230,9480,24,19,2024-03-09T17:35:44.165000+00:00,35.361,30.027,30.019,284.0,302.0,False,95.407,"[None, 2048, 2048, 2048, 2048, 2049, 2048, 2049, 2049]","[2048, 2048, 2048, 2048, 2048, 2048, 2048]","[2048, 2048, 2048, 2048, 2048, 2048, 2048, 2048, 2048]",305.0
1230,9480,20,19,2024-03-09T17:35:45.622000+00:00,35.318,29.957,29.945,285.0,313.0,False,95.22,"[None, 2049, 2049, 2048, 2048, 2048, 2048, 2048, 2049]","[2049, 2049, 2048, 2048, 2048, 2048, 2048]","[2048, 2048, 2048, 2048, 2048, 2048, 2048, 2048, 2048]",309.0
1230,9480,22,19,2024-03-09T17:35:46.180000+00:00,35.486,29.895,29.765,285.0,318.0,False,95.146,"[None, 2048, 2048, 2048, 2048, 2048, 2048, 2049, 2048]","[2048, 2049, 2048, 2048, 2048, 2048, 2048]","[2048, 2048, 2048, 2048, 2048, 2048, 2048, 2048, 2048]",332.0
1230,9480,31,19,2024-03-09T17:35:47.195000+00:00,35.53,29.911,29.711,,320.0,False,95.152,"[None, 2048, 2048, 2048, 2048, 2049, 2048, 2048, 2048]","[2048, 2048, 2048, 2048, 2048, 2048, 2048]","[2049, 2048, 2048, 2048, 2049, 2048, 2048, 2048, 2048]",331.0
1230,9480,23,19,2024-03-09T17:35:47.864000+00:00,35.426,29.708,29.93,,327.0,False,95.064,"[None, 2048, 2048, 2048, 2048, 2048, 2049, 2048, 2048]","[2049, 2049, 2048, 2048, 2049, 2048, 2048]","[2048, 2048, 2048, 2049, 2048, 2048, 2048, 2048, 2048]",339.0
1230,9480,2,19,2024-03-09T17:35:49.159000+00:00,35.415,29.984,29.962,284.0,312.0,False,95.361,"[None, 2048, 2049, 2048, 2048, 2049, 2049, 2049, 2048]","[2048, 2049, 2048, 2049, 2048, 2048, 2048]","[2048, 2049, 2048, 2048, 2048, 2049, 2048, 2048, 2048]",310.0
1230,9480,77,19,2024-03-09T17:35:50.439000+00:00,35.387,30.276,30.165,284.0,302.0,False,95.828,"[None, 2048, 2048, 2048, 2048, 2048, 2048, 2049, 2049]","[2048, 2048, 2048, 2048, 2048, 2048, 2048]","[2048, 2048, 2048, 2048, 2048, 2049, 2048, 2048, 2048]",306.0
1230,9480,3,19,2024-03-09T17:35:51.112000+00:00,35.819,30.112,29.922,287.0,310.0,False,95.853,"[2048, 2048, 2048, 2048, 2048, 2048, 2048, 2048, 2048]","[2048, 2048, 2049, 2048, 2049, 2048, 2048]","[2048, 2048, 2049, 2048, 2048, 2048, 2048, 2048, 2048]",326.0
1230,9480,1,20,2024-03-09T17:36:51.962000+00:00,34.155,29.384,29.527,,298.0,False,93.066,"[None, 2048, 2048, 2048, 2049, 2048, 2048, 2048, 2051]","[2048, 2048, 2048, 2048, 2048, 2048, 2048]","[2048, 2051, 2048, 2048, 2048, 2048, 2048, 2048, 2048]",304.0
1230,9480,11,20,2024-03-09T17:36:57.752000+00:00,34.399,29.419,29.559,285.0,302.0,False,93.377,"[None, 2048, 2049, 2048, 2048, 2049, 2048, 2048, 2048]","[2048, 2049, 2048, 2048, 2048, 2048, 2048]","[2048, 2048, 2048, 2048, 2048, 2048, 2048, 2048, 2048]",310.0
1230,9480,4,20,2024-03-09T17:37:00.485000+00:00,34.492,29.626,29.885,287.0,299.0,False,94.003,"[None, 2048, 2048, 2048, 2048, 2048, 2048, 2048, 2048]","[2048, 2048, 2048, 2048, 2048, 2048, 2048]","[2048, 2048, 2049, 2048, 2048, 2048, 2048, 2048, 2048]",301.0
1230,9480,16,20,2024-03-09T17:37:01.878000+00:00,34.734,29.551,29.664,286.0,300.0,False,93.949,"[None, 2048, 2048, 2048, 2048, 2048, 2048, 2048, 2049]","[2048, 2048, 2049, 2048, 2048, 2048, 2048]","[2048, 2048, 2048, 2048, 2048, 2048, 2048, 2048, 2048]",307.0
1230,9480,44,20,2024-03-09T17:37:04.568000+00:00,34.86,29.553,29.812,,306.0,False,94.225,"[None, 2048, 2048, 2048, 2048, 2048, 2048, 2049, 2048]","[2048, 2048, 2048, 2048, 2048, 2048, 2048]","[2049, 2048, 2048, 2048, 2048, 2048, 2048, 2048, 2048]",312.0
1230,9480,81,20,2024-03-09T17:37:05.157000+00:00,34.99,29.683,29.651,,316.0,False,94.324,"[None, 2048, 2048, 2048, 2048, 2048, 2048, 2048, 2049]","[2048, 2048, 2048, 2048, 2048, 2048, 2048]","[2048, 2048, 2048, 2048, 2048, 2048, 2048, 2048, 2048]",320.0
1230,9480,14,20,2024-03-09T17:37:08.599000+00:00,34.883,29.704,29.803,,305.0,False,94.39,"[None, 2048, 2048, 2048, 2049, 2048, 2048, 2048, 2049]","[2048, 2048, 2048, 2048, 2048, 2048, 2048]","[2048, 2049, 2049, 2048, 2048, 2048, 2048, 2048, 2048]",309.0
1230,9480,63,20,2024-03-09T17:37:09.609000+00:00,35.093,29.493,29.871,,320.0,False,94.457,"[None, 2048, 2048, 2048, 2049, 2048, 2049, 2048, 2048]","[2049, 2048, 2051, 2048, 2049, 2048, 2048]","[2048, 2048, 2048, 2048, 2048, 2048, 2048, 2048, 2048]",317.0
1230,9480,27,20,2024-03-09T17:37:14.876000+00:00,35.019,30.032,30.016,,301.0,False,95.067,"[None, 2048, 2048, 2048, 2048, 2048, 2048, 2049, 2048]","[2048, 2048, 2048, 2048, 2048, 2048, 2048]","[2048, 2049, 2048, 2048, 2048, 2048, 2048, 2048, 2048]",307.0
1230,9480,38,20,2024-03-09T17:37:15.326000+00:00,35.453,29.793,29.582,,314.0,False,94.828,"[None, 2048, 2048, 2048, 2048, 2048, 2048, 2049, 2048]","[2048, 2048, 2048, 2048, 2048, 2048, 2048]","[2048, 2048, 2048, 2048, 2048, 2048, 2051, 2051, 2049]",324.0
1230,9480,24,20,2024-03-09T17:37:19.625000+00:00,35.247,29.912,29.928,286.0,303.0,False,95.087,"[None, 2048, 2048, 2048, 2049, 2049, 2048, 2048, 2049]","[2049, 2048, 2048, 2049, 2048, 2048, 2048]","[2049, 2048, 2048, 2048, 2048, 2048, 2048, 2048, 2048]",306.0
1230,9480,20,20,2024-03-09T17:37:20.797000+00:00,35.225,29.959,29.828,286.0,304.0,False,95.012,"[None, 2048, 2048, 2048, 2048, 2049, 2048, 2049, 2048]","[2048, 2048, 2048, 2049, 2048, 2048, 2048]","[2048, 2049, 2048, 2048, 2048, 2049, 2048, 2048, 2048]",311.0
1230,9480,22,20,2024-03-09T17:37:21.344000+00:00,35.498,29.825,29.737,286.0,320.0,False,95.06,"[None, 2048, 2048, 2048, 2049, 2048, 2048, 2048, 2048]","[2048, 2048, 2048, 2048, 2048, 2048, 2048]","[2048, 2048, 2048, 2048, 2048, 2048, 2048, 2048, 2048]",335.0
1230,9480,31,20,2024-03-09T17:37:22.221000+00:00,35.44,29.871,29.709,287.0,322.0,False,95.02,"[None, 2048, 2048, 2048, 2048, 2048, 2048, 2048, 2049]","[2048, 2049, 2048, 2048, 2048, 2048, 2048]","[2049, 2048, 2048, 2048, 2049, 2048, 2048, 2048, 2048]",332.0
1230,9480,23,20,2024-03-09T17:37:22.827000+00:00,35.644,29.864,29.77,287.0,322.0,False,95.278,"[None, 2048, 2048, 2048, 2048, 2048, 2048, 2048, 2048]","[2049, 2048, 2048, 2049, 2048, 2048, 2048]","[2048, 2048, 2048, 2048, 2049, 2048, 2048, 2048, 2048]",331.0
1230,9480,2,20,2024-03-09T17:37:24.666000+00:00,35.308,29.973,29.97,285.0,312.0,False,95.251,"[None, 2048, 2049, 2048, 2049, 2048, 2048, 2048, 2049]","[2048, 2048, 2048, 2048, 2049, 2048, 2048]","[2048, 2048, 2048, 2048, 2048, 2049, 2048, 2048, 2048]",309.0
1230,9480,77,20,2024-03-09T17:37:26.300000+00:00,35.663,30.15,30.44,281.0,302.0,False,96.253,"[None, 2048, 2048, 2048, 2048, 2048, 2048, 2048, 2048]","[2048, 2048, 2048, 2049, 2048, 2048, 2048]","[2048, 2048, 2048, 2048, 2048, 2048, 2048, 2048, 2048]",305.0
1230,9480,3,20,2024-03-09T17:37:27.001000+00:00,35.843,29.937,30.293,,324.0,False,96.073,"[None, 2048, 2048, 2048, 2048, 2048, 2048, 2048, 2048]","[2048, 2048, 2048, 2048, 2048, 2049, 2048]","[2048, 2048, 2049, 2048, 2048, 2048, 2048, 2049, 2049]",332.0
1230,9480,1,21,2024-03-09T17:38:25.080000+00:00,34.129,29.281,29.523,288.0,299.0,False,92.933,"[None, 2048, 2048, 2049, 2048, 2048, 2049, 2048, 2048]","[2048, 2048, 2048, 2048, 2048, 2048, 2048]","[2048, 2051, 2049, 2048, 2048, 2048, 2048, 2049, 2048]",304.0
1230,9480,11,21,2024-03-09T17:38:31.208000+00:00,34.191,29.457,29.484,,301.0,False,93.132,"[None, 2048, 2048, 2048, 2048, 2049, 2049, 2049, 2048]","[2048, 2048, 2048, 2048, 2048, 2048, 2048]","[2048, 2048, 2048, 2048, 2048, 2048, 2048, 2048, 2048]",309.0
1230,9480,4,21,2024-03-09T17:38:34.519000+00:00,34.384,29.621,29.936,,298.0,False,93.941,"[None, 2048, 2048, 2048, 2048, 2049, 2051, 2048, 2049]","[2048, 2048, 2048, 2048, 2048, 2048, 2048]","[2048, 2048, 2048, 2048, 2048, 2048, 2048, 2048, 2048]",299.0
1230,9480,16,21,2024-03-09T17:38:35.833000+00:00,34.562,29.535,29.625,,300.0,False,93.722,"[None, 2048, 2048, 2048, 2048, 2048, 2048, 2048, 2048]","[2048, 2048, 2048, 2048, 2049, 2048, 2048]","[2048, 2048, 2048, 2048, 2048, 2048, 2048, 2048, 2048]",308.0
1230,9480,44,21,2024-03-09T17:38:38.824000+00:00,34.763,29.48,29.773,,309.0,False,94.016,"[None, 2048, 2048, 2048, 2048, 2049, 2049, 2048, 2048]","[2048, 2048, 2048, 2048, 2049, 2048, 2048]","[2049, 2048, 2048, 2048, 2048, 2048, 2048, 2048, 2048]",312.0
1230,9480,81,21,2024-03-09T17:38:39.456000+00:00,34.684,29.515,29.594,289.0,321.0,False,93.793,"[None, 2048, 2048, 2048, 2049, 2048, 2048, 2048, 2048]","[2049, 2048, 2049, 2048, 2048, 2048, 2048]","[2048, 2048, 2048, 2048, 2048, 2048, 2048, 2048, 2048]",325.0
1230,9480,14,21,2024-03-09T17:38:43.090000+00:00,34.729,29.72,29.929,,304.0,False,94.378,"[None, 2048, 2048, 2048, 2048, 2049, 2049, 2049, 2049]","[2048, 2048, 2048, 2048, 2048, 2048, 2048]","[2048, 2048, 2048, 2048, 2048, 2048, 2048, 2049, 2048]",305.0
1230,9480,63,21,2024-03-09T17:38:44.124000+00:00,34.966,29.383,29.795,,320.0,False,94.144,"[None, 2048, 2048, 2048, 2048, 2049, 2049, 2048, 2048]","[2048, 2048, 2048, 2049, 2049, 2048, 2048]","[2048, 2049, 2048, 2048, 2049, 2048, 2048, 2048, 2048]",316.0
1230,9480,27,21,2024-03-09T17:38:50.005000+00:00,36.167,30.13,30.072,285.0,303.0,False,96.369,"[None, 2048, 2048, 2048, 2048, 2048, 2048, 2048, 2048]","[2048, 2048, 2048, 2048, 2048, 2048, 2048]","[2048, 2048, 2048, 2048, 2048, 2048, 2048, 2048, 2048]",308.0
1230,9480,38,21,2024-03-09T17:38:50.172000+00:00,34.628,29.902,29.838,,297.0,False,94.368,"[2049, 2048, 2048, 2048, 2048, 2049, 2049, 2049, 2049]","[2048, 2048, 2048, 2049, 2048, 2048, 2048]","[2048, 2049, 2048, 2048, 2048, 2048, 2048, 2048, 2048]",303.0
1230,9480,24,21,2024-03-09T17:38:54.778000+00:00,35.37,29.931,30.098,284.0,301.0,False,95.399,"[None, 2048, 2048, 2048, 2048, 2048, 2048, 2048, 2048]","[2048, 2048, 2048, 2048, 2049, 2048, 2048]","[2048, 2048, 2048, 2048, 2048, 2048, 2048, 2048, 2048]",303.0
1230,9480,20,21,2024-03-09T17:38:55.854000+00:00,35.229,29.763,29.931,,318.0,False,94.923,"[None, 2049, 2049, 2048, 2048, 2048, 2049, 2048, 2048]","[2049, 2049, 2049, 2049, 2048, 2048, 2048]","[2048, 2048, 2048, 2048, 2048, 2048, 2048, 2048, 2048]",324.0
1230,9480,22,21,2024-03-09T17:38:56.456000+00:00,35.457,29.701,29.552,,321.0,False,94.71,"[None, 2048, 2048, 2048, 2048, 2048, 2048, 2048, 2048]","[2048, 2049, 2048, 2049, 2048, 2048, 2048]","[2048, 2048, 2049, 2049, 2048, 2048, 2049, 2049, 2049]",339.0
1230,9480,31,21,2024-03-09T17:38:57.375000+00:00,35.383,29.841,29.701,,323.0,False,94.925,"[None, 2048, 2049, 2048, 2048, 2049, 2048, 2048, 2048]","[2048, 2048, 2048, 2048, 2048, 2048, 2048]","[2048, 2048, 2048, 2048, 2049, 2048, 2048, 2048, 2048]",331.0
1230,9480,23,21,2024-03-09T17:38:58.123000+00:00,35.308,29.749,29.763,285.0,315.0,False,94.82,"[None, 2048, 2049, 2048, 2048, 2049, 2048, 2049, 2048]","[2048, 2048, 2048, 2049, 2049, 2048, 2048]","[2048, 2048, 2048, 2048, 2048, 2048, 2048, 2048, 2048]",330.0
1230,9480,2,21,2024-03-09T17:38:59.836000+00:00,35.159,29.953,29.97,288.0,307.0,False,95.082,"[None, 2048, 2048, 2048, 2048, 2048, 2049, 2049, 2049]","[2049, 2048, 2048, 2048, 2048, 2048, 2048]","[2048, 2048, 2048, 2048, 2048, 2048, 2048, 2048, 2048]",307.0
1230,9480,77,21,2024-03-09T17:39:02.499000+00:00,36.614,30.048,30.139,280.0,301.0,False,96.801,"[None, 2048, 2048, 2048, 2049, 2048, 2048, 2048, 2048]","[2048, 2048, 2048, 2049, 2049, 2048, 2048]","[2048, 2049, 2048, 2048, 2048, 2048, 2049, 2048, 2048]",303.0
1230,9480,3,21,2024-03-09T17:39:03.093000+00:00,36.83,29.973,29.976,,318.0,False,96.779,"[2049, 2048, 2048, 2048, 2048, 2048, 2048, 2048, 2048]","[2048, 2048, 2048, 2048, 2048, 2049, 2048]","[2048, 2048, 2049, 2048, 2048, 2048, 2048, 2049, 2048]",331.0
1230,9480,1,22,2024-03-09T17:39:57.953000+00:00,34.195,29.241,29.544,,298.0,False,92.98,"[None, 2048, 2048, 2048, 2048, 2051, 2048, 2048, 2048]","[2048, 2048, 2048, 2051, 2051, 2048, 2048]","[2048, 2048, 2048, 2048, 2048, 2048, 2048, 2048]",303.0
1230,9480,11,22,2024-03-09T17:40:04.273000+00:00,34.206,29.341,29.517,287.0,301.0,False,93.064,"[None, 2048, 2049, 2048, 2048, 2049, 2049, 2049, 2048]","[2048, 2048, 2048, 2049, 2048, 2048, 2048]","[2048, 2048, 2048, 2048, 2048, 2048, 2048, 2048, 2048]",309.0
1230,9480,4,22,2024-03-09T17:40:08.478000+00:00,34.268,29.525,29.905,,297.0,False,93.698,"[None, 2049, 2048, 2048, 2048, 2048, 2048, 2048, 2048]","[2048, 2048, 2048, 2049, 2049, 2048, 2048]","[2048, 2048, 2048, 2048, 2048, 2048, 2048, 2048, 2048]",298.0
1230,9480,16,22,2024-03-09T17:40:09.542000+00:00,34.505,29.563,29.634,287.0,300.0,False,93.702,"[None, 2048, 2048, 2048, 2048, 2048, 2048, 2048, 2048]","[2048, 2048, 2048, 2048, 2048, 2048, 2048]","[2048, 2048, 2048, 2048, 2048, 2048, 2048, 2048, 2048]",308.0
1230,9480,44,22,2024-03-09T17:40:12.965000+00:00,35.066,29.586,29.767,289.0,309.0,False,94.419,"[None, 2048, 2048, 2048, 2048, 2048, 2048, 2049, 2048]","[2048, 2048, 2048, 2048, 2048, 2048, 2048]","[2048, 2048, 2048, 2048, 2048, 2048, 2048, 2048, 2048]",312.0
1230,9480,81,22,2024-03-09T17:40:13.223000+00:00,35.259,29.729,29.772,286.0,315.0,False,94.76,"[None, 2048, 2048, 2048, 2048, 2048, 2048, 2048, 2048]","[2048, 2048, 2048, 2048, 2048, 2048, 2048]","[2048, 2048, 2048, 2048, 2048, 2048, 2048, 2048, 2048]",317.0
1230,9480,14,22,2024-03-09T17:40:17.314000+00:00,34.739,29.559,29.875,,303.0,False,94.173,"[None, 2048, 2048, 2048, 2048, 2048, 2048, 2049, 2049]","[2048, 2049, 2048, 2048, 2049, 2048, 2048]","[2048, 2048, 2048, 2048, 2048, 2049, 2048, 2048, 2048]",306.0
1230,9480,63,22,2024-03-09T17:40:18.339000+00:00,34.97,29.49,29.804,292.0,318.0,False,94.264,"[None, 2048, 2048, 2048, 2048, 2048, 2048, 2048, 2049]","[2048, 2048, 2048, 2048, 2048, 2048, 2048]","[2048, 2048, 2048, 2048, 2048, 2048, 2048, 2048, 2048]",317.0
1230,9480,38,22,2024-03-09T17:40:24.440000+00:00,34.844,29.851,29.864,,295.0,False,94.559,"[2048, 2048, 2048, 2048, 2048, 2049, 2048, 2048, 2048]","[2048, 2049, 2048, 2049, 2048, 2048, 2048]","[2048, 2048, 2048, 2048, 2048, 2049, 2048, 2048, 2048]",304.0
1230,9480,27,22,2024-03-09T17:40:26.269000+00:00,35.191,30.086,30.081,286.0,302.0,False,95.358,"[None, 2048, 2048, 2048, 2048, 2049, 2049, 2048, 2049]","[2048, 2048, 2048, 2048, 2048, 2048, 2048]","[2048, 2048, 2048, 2048, 2048, 2048, 2048, 2048, 2048]",307.0
1230,9480,24,22,2024-03-09T17:40:30.177000+00:00,35.125,29.952,30.081,,302.0,False,95.158,"[None, 2049, 2048, 2048, 2048, 2048, 2049, 2048, 2048]","[2048, 2048, 2048, 2048, 2048, 2048, 2048]","[2048, 2048, 2048, 2048, 2048, 2048, 2048, 2048, 2048]",303.0
1230,9480,20,22,2024-03-09T17:40:30.725000+00:00,35.779,30.008,30.017,,303.0,False,95.804,"[None, 2048, 2048, 2048, 2048, 2048, 2048, 2048, 2048]","[2048, 2048, 2048, 2048, 2049, 2048, 2048]","[2048, 2048, 2048, 2048, 2048, 2048, 2048, 2048, 2048]",307.0
1230,9480,22,22,2024-03-09T17:40:31.162000+00:00,35.785,30.024,29.889,288.0,317.0,False,95.698,"[None, 2048, 2048, 2048, 2048, 2048, 2048, 2048, 2048]","[2048, 2048, 2048, 2048, 2049, 2048, 2048]","[2048, 2048, 2048, 2048, 2048, 2048, 2048, 2049, 2049]",336.0
1230,9480,31,22,2024-03-09T17:40:32.341000+00:00,35.49,29.92,29.808,286.0,323.0,False,95.218,"[None, 2048, 2048, 2048, 2048, 2048, 2048, 2048, 2048]","[2048, 2048, 2048, 2048, 2048, 2048, 2048]","[2048, 2048, 2049, 2048, 2048, 2048, 2048, 2048, 2049]",331.0
1230,9480,23,22,2024-03-09T17:40:33.090000+00:00,36.002,29.959,30.055,287.0,311.0,False,96.016,"[None, 2049, 2048, 2048, 2048, 2048, 2049, 2048, 2048]","[2048, 2048, 2048, 2048, 2048, 2048, 2048]","[2048, 2048, 2048, 2048, 2048, 2048, 2048, 2048, 2048]",309.0
1230,9480,2,22,2024-03-09T17:40:34.867000+00:00,35.472,29.997,30.132,287.0,304.0,False,95.601,"[None, 2048, 2048, 2048, 2048, 2048, 2048, 2048, 2048]","[2048, 2048, 2048, 2048, 2049, 2048, 2048]","[2048, 2048, 2048, 2048, 2048, 2048, 2048, 2048, 2048]",306.0
1230,9480,77,22,2024-03-09T17:40:39.376000+00:00,36.244,29.991,30.19,281.0,300.0,False,96.425,"[None, 2048, 2048, 2048, 2049, 2048, 2048, 2049, 2049]","[2049, 2048, 2048, 2049, 2048, 2048, 2048]","[2049, 2048, 2048, 2048, 2048, 2048, 2048, 2048, 2048]",303.0
1230,9480,3,22,2024-03-09T17:40:39.810000+00:00,36.561,29.903,29.969,,323.0,False,96.433,"[2048, 2048, 2048, 2048, 2048, 2048, 2048, 2048, 2048]","[2048, 2048, 2048, 2048, 2048, 2048, 2048]","[2048, 2048, 2048, 2048, 2048, 2048, 2049, 2049, 2049]",331.0
1230,9480,1,23,2024-03-09T17:41:30.860000+00:00,34.024,29.214,29.554,290.0,298.0,False,92.792,"[None, 2048, 2048, 2048, 2049, 2051, 2049, 2051, 2051]","[2048, 2048, 2049, 2048, 2048, 2048, 2048]","[2048, 2051, 2049, 2048, 2048, 2048, 2048, 2048, 2048]",303.0
1230,9480,11,23,2024-03-09T17:41:37.343000+00:00,34.259,29.346,29.365,,302.0,False,92.97,"[None, 2048, 2048, 2048, 2048, 2048, 2048, 2049, 2048]","[2048, 2048, 2048, 2049, 2048, 2048, 2048]","[2048, 2049, 2048, 2048, 2048, 2048, 2048, 2048, 2048]",309.0
1230,9480,4,23,2024-03-09T17:41:42.106000+00:00,34.331,29.528,29.965,,298.0,False,93.824,"[None, 2048, 2048, 2048, 2048, 2048, 2048, 2048, 2048]","[2048, 2048, 2048, 2048, 2049, 2048, 2048]","[2048, 2048, 2049, 2048, 2049, 2048, 2048, 2048, 2048]",299.0
1230,9480,16,23,2024-03-09T17:41:43.168000+00:00,34.525,29.498,29.579,,300.0,False,93.602,"[None, 2048, 2048, 2048, 2048, 2048, 2048, 2048, 2049]","[2048, 2048, 2048, 2048, 2049, 2048, 2048]","[2048, 2048, 2048, 2048, 2048, 2048, 2048, 2048, 2048]",309.0
1230,9480,44,23,2024-03-09T17:41:47.285000+00:00,34.829,29.483,29.729,290.0,307.0,False,94.041,"[None, 2048, 2048, 2048, 2048, 2048, 2049, 2048, 2048]","[2048, 2048, 2048, 2048, 2048, 2048, 2048]","[2048, 2049, 2048, 2048, 2048, 2048, 2048, 2048, 2048]",312.0
1230,9480,81,23,2024-03-09T17:41:47.900000+00:00,34.722,29.323,29.67,290.0,320.0,False,93.715,"[None, 2048, 2048, 2048, 2048, 2048, 2048, 2048, 2049]","[2049, 2048, 2049, 2049, 2048, 2049, 2048]","[2048, 2048, 2048, 2048, 2049, 2048, 2048, 2048, 2048]",327.0
1230,9480,14,23,2024-03-09T17:41:51.394000+00:00,34.657,29.538,29.763,288.0,303.0,False,93.958,"[None, 2048, 2048, 2048, 2048, 2048, 2049, 2049, 2049]","[2048, 2049, 2048, 2048, 2048, 2048, 2048]","[2048, 2049, 2049, 2048, 2048, 2048, 2048, 2048, 2048]",307.0
1230,9480,63,23,2024-03-09T17:41:52.545000+00:00,34.763,29.481,29.855,,320.0,False,94.099,"[None, 2049, 2049, 2048, 2049, 2049, 2048, 2049, 2048]","[2048, 2048, 2048, 2048, 2048, 2048, 2048]","[2049, 2048, 2048, 2048, 2048, 2048, 2048, 2048, 2048]",314.0
1230,9480,38,23,2024-03-09T17:41:59.092000+00:00,34.668,29.649,29.811,286.0,298.0,False,94.128,"[None, 2048, 2048, 2048, 2049, 2048, 2049, 2049, 2048]","[2049, 2049, 2048, 2049, 2049, 2048, 2048]","[2048, 2049, 2048, 2048, 2048, 2048, 2048, 2048, 2048]",305.0
1230,9480,27,23,2024-03-09T17:42:01.812000+00:00,34.99,29.832,29.994,,302.0,False,94.816,"[None, 2048, 2048, 2048, 2048, 2049, 2049, 2049, 2049]","[2048, 2048, 2048, 2049, 2049, 2048, 2048]","[2048, 2049, 2048, 2048, 2048, 2048, 2048, 2048, 2048]",307.0
1230,9480,24,23,2024-03-09T17:42:05.290000+00:00,35.253,29.933,30.11,283.0,301.0,False,95.296,"[None, 2048, 2048, 2048, 2049, 2048, 2048, 2048, 2048]","[2048, 2048, 2048, 2049, 2048, 2048, 2048]","[2048, 2048, 2048, 2048, 2048, 2048, 2048, 2048, 2048]",303.0
1230,9480,20,23,2024-03-09T17:42:06.479000+00:00,36.375,29.957,29.866,282.0,316.0,False,96.198,"[None, 2048, 2048, 2048, 2048, 2048, 2048, 2048, 2048]","[2048, 2048, 2048, 2049, 2048, 2048, 2048]","[2048, 2048, 2048, 2048, 2048, 2048, 2049, 2048, 2048]",310.0
1230,9480,22,23,2024-03-09T17:42:06.814000+00:00,36.367,30.077,29.841,287.0,320.0,False,96.285,"[None, 2049, 2048, 2048, 2048, 2048, 2048, 2048, 2048]","[2048, 2048, 2048, 2048, 2048, 2048, 2048]","[2049, 2048, 2048, 2048, 2048, 2048, 2048, 2048, 2048]",333.0
1230,9480,31,23,2024-03-09T17:42:07.486000+00:00,36.275,30.09,29.851,288.0,322.0,False,96.216,"[None, 2048, 2048, 2048, 2048, 2048, 2048, 2048, 2048]","[2048, 2048, 2048, 2048, 2048, 2048, 2048]","[2048, 2048, 2048, 2048, 2048, 2048, 2048, 2048, 2048]",334.0
1230,9480,23,23,2024-03-09T17:42:08.935000+00:00,35.496,29.899,29.968,288.0,307.0,False,95.363,"[None, 2048, 2049, 2048, 2049, 2048, 2048, 2048, 2048]","[2048, 2048, 2048, 2049, 2049, 2048, 2048]","[2048, 2048, 2048, 2048, 2048, 2048, 2048, 2048, 2048]",329.0
1230,9480,2,23,2024-03-09T17:42:10.519000+00:00,35.34,29.841,29.835,289.0,313.0,False,95.016,"[None, 2048, 2049, 2048, 2048, 2048, 2048, 2048, 2049]","[2049, 2048, 2049, 2049, 2048, 2048, 2048]","[2049, 2048, 2048, 2048, 2048, 2048, 2048, 2048, 2048]",314.0
1230,9480,77,23,2024-03-09T17:42:15.859000+00:00,35.641,30.17,30.44,279.0,299.0,False,96.251,"[None, 2049, 2048, 2048, 2048, 2048, 2048, 2049, 2048]","[2048, 2048, 2048, 2048, 2048, 2048, 2048]","[2048, 2048, 2048, 2048, 2048, 2048, 2048, 2048, 2048]",303.0
1230,9480,3,23,2024-03-09T17:42:16.193000+00:00,35.877,30.007,29.971,,318.0,False,95.855,"[None, 2048, 2048, 2048, 2048, 2048, 2048, 2048, 2049]","[2048, 2049, 2048, 2048, 2048, 2048, 2048]","[2048, 2048, 2048, 2048, 2048, 2048, 2048, 2049, 2049]",330.0
1230,9480,1,24,2024-03-09T17:43:03.691000+00:00,33.956,29.191,29.536,289.0,299.0,False,92.683,"[None, 2048, 2048, 2048, 2048, 2051, 2048, 2048, 2048]","[2048, 2048, 2049, 2048, 2051, 2048, 2048]","[2049, 2048, 2048, 2048, 2048, 2048, 2048, 2049, 2048]",304.0
1230,9480,11,24,2024-03-09T17:43:10.256000+00:00,34.002,29.272,29.521,288.0,303.0,False,92.795,"[None, 2048, 2051, 2048, 2048, 2049, 2049, 2049, 2048]","[2048, 2048, 2049, 2049, 2048, 2048, 2048]","[2048, 2048, 2048, 2048, 2048, 2048, 2048, 2048, 2048]",310.0
1230,9480,4,24,2024-03-09T17:43:15.990000+00:00,34.228,29.486,29.847,288.0,297.0,False,93.561,"[None, 2048, 2048, 2048, 2048, 2049, 2051, 2049, 2049]","[2048, 2048, 2048, 2048, 2048, 2048, 2048]","[2048, 2048, 2049, 2048, 2048, 2048, 2048, 2048, 2048]",298.0
1230,9480,16,24,2024-03-09T17:43:16.744000+00:00,34.499,29.443,29.569,289.0,299.0,False,93.511,"[None, 2048, 2048, 2048, 2048, 2048, 2048, 2048, 2049]","[2049, 2048, 2049, 2048, 2048, 2048, 2048]","[2048, 2048, 2048, 2048, 2048, 2048, 2048, 2048, 2048]",307.0
1230,9480,44,24,2024-03-09T17:43:21.340000+00:00,34.845,29.441,29.739,,307.0,False,94.025,"[None, 2048, 2048, 2048, 2048, 2048, 2049, 2049, 2049]","[2048, 2048, 2048, 2049, 2049, 2048, 2048]","[2048, 2049, 2048, 2048, 2048, 2048, 2048, 2048, 2048]",309.0
1230,9480,81,24,2024-03-09T17:43:21.691000+00:00,35.019,29.504,29.574,287.0,316.0,False,94.097,"[None, 2048, 2048, 2049, 2048, 2048, 2048, 2048, 2048]","[2048, 2048, 2048, 2048, 2048, 2048, 2048]","[2048, 2048, 2048, 2048, 2048, 2048, 2048, 2048, 2048]",331.0
1230,9480,14,24,2024-03-09T17:43:25.385000+00:00,34.677,29.528,29.828,,302.0,False,94.033,"[None, 2048, 2048, 2048, 2048, 2049, 2048, 2049, 2048]","[2048, 2048, 2048, 2048, 2049, 2048, 2048]","[2048, 2048, 2048, 2048, 2048, 2048, 2048, 2048, 2048]",306.0
1230,9480,63,24,2024-03-09T17:43:26.658000+00:00,35.064,29.354,29.838,,318.0,False,94.256,"[None, 2048, 2048, 2048, 2048, 2048, 2048, 2048, 2048]","[2048, 2048, 2048, 2049, 2049, 2048, 2048]","[2048, 2048, 2048, 2048, 2048, 2048, 2048, 2048, 2048]",312.0
1230,9480,38,24,2024-03-09T17:43:33.239000+00:00,34.503,29.637,29.826,287.0,298.0,False,93.966,"[None, 2048, 2048, 2048, 2048, 2049, 2049, 2049, 2049]","[2049, 2049, 2048, 2048, 2048, 2048, 2048]","[2048, 2049, 2048, 2048, 2048, 2048, 2048, 2048, 2048]",306.0
1230,9480,27,24,2024-03-09T17:43:36.531000+00:00,34.948,29.851,30.044,285.0,302.0,False,94.843,"[None, 2048, 2048, 2048, 2048, 2049, 2049, 2049, 2048]","[2048, 2048, 2048, 2048, 2049, 2048, 2048]","[2048, 2048, 2048, 2048, 2048, 2048, 2048, 2048, 2048]",306.0
1230,9480,24,24,2024-03-09T17:43:40.623000+00:00,35.242,29.865,30.038,285.0,302.0,False,95.145,"[None, 2048, 2049, 2048, 2048, 2048, 2048, 2048, 2048]","[2048, 2048, 2048, 2049, 2048, 2048, 2048]","[2048, 2048, 2048, 2048, 2049, 2048, 2048, 2048, 2048]",304.0
1230,9480,20,24,2024-03-09T17:43:42.745000+00:00,36.264,29.983,29.825,281.0,299.0,False,96.072,"[None, 2048, 2048, 2048, 2048, 2048, 2048, 2048, 2049]","[2048, 2048, 2048, 2049, 2048, 2048, 2048]","[2048, 2049, 2048, 2048, 2049, 2048, 2048, 2048, 2048]",313.0
1230,9480,22,24,2024-03-09T17:43:43.181000+00:00,36.214,29.871,29.797,,308.0,False,95.882,"[None, 2048, 2048, 2048, 2048, 2048, 2048, 2048, 2048]","[2048, 2048, 2048, 2048, 2049, 2049, 2048]","[2048, 2048, 2049, 2048, 2048, 2048, 2048, 2048, 2048]",335.0
1230,9480,31,24,2024-03-09T17:43:43.680000+00:00,36.07,30.165,29.889,286.0,322.0,False,96.124,"[None, 2048, 2048, 2048, 2048, 2048, 2048, 2048, 2048]","[2048, 2048, 2048, 2048, 2048, 2048, 2048]","[2048, 2048, 2048, 2048, 2048, 2048, 2048, 2048, 2048]",330.0
1230,9480,23,24,2024-03-09T17:43:44.400000+00:00,35.696,30.115,30.156,290.0,316.0,False,95.967,"[None, 2048, 2048, 2048, 2048, 2048, 2048, 2048, 2049]","[2048, 2048, 2048, 2048, 2048, 2051, 2048]","[2048, 2048, 2048, 2048, 2049, 2048, 2049, 2049, 2049]",334.0
1230,9480,2,24,2024-03-09T17:43:45.480000+00:00,35.392,29.975,29.766,,320.0,False,95.133,"[None, 2049, 2048, 2048, 2048, 2048, 2048, 2048, 2048]","[2048, 2048, 2048, 2048, 2048, 2048, 2048]","[2048, 2048, 2049, 2048, 2048, 2048, 2048, 2049, 2051]",333.0
1230,9480,77,24,2024-03-09T17:43:52.137000+00:00,36.506,30.247,30.149,,301.0,False,96.902,"[None, 2048, 2048, 2048, 2048, 2048, 2048, 2048, 2048]","[2048, 2048, 2048, 2048, 2048, 2048, 2048]","[2048, 2048, 2048, 2048, 2048, 2049, 2048, 2048, 2048]",305.0
1230,9480,3,24,2024-03-09T17:43:52.140000+00:00,35.091,29.843,30.001,288.0,309.0,False,94.935,"[None, 2048, 2048, 2048, 2048, 2048, 2049, 2049, 2049]","[2048, 2049, 2048, 2049, 2048, 2048, 2048]","[2048, 2048, 2048, 2048, 2048, 2048, 2048, 2048]",313.0
1230,9480,1,25,2024-03-09T17:44:36.388000+00:00,34.12,29.17,29.495,,299.0,False,92.785,"[None, 2048, 2048, 2048, 2048, 2048, 2048, 2048, 2048]","[2048, 2048, 2048, 2051, 2051, 2048, 2048]","[2049, 2048, 2048, 2048, 2048, 2048, 2048, 2048, 2048]",305.0
1230,9480,11,25,2024-03-09T17:44:43.125000+00:00,34.219,29.359,29.451,285.0,302.0,False,93.029,"[None, 2048, 2048, 2048, 2048, 2048, 2048, 2048, 2048]","[2048, 2048, 2048, 2048, 2048, 2048, 2048]","[2048, 2049, 2048, 2048, 2048, 2048, 2048, 2048, 2048]",310.0
1230,9480,4,25,2024-03-09T17:44:49.503000+00:00,34.207,29.461,29.904,287.0,298.0,False,93.572,"[None, 2048, 2048, 2048, 2051, 2049, 2051, 2049, 2048]","[2049, 2048, 2049, 2049, 2049, 2048, 2048]","[2048, 2048, 2048, 2048, 2048, 2048, 2048, 2048, 2048]",298.0
1230,9480,16,25,2024-03-09T17:44:50.353000+00:00,34.411,29.258,29.467,285.0,315.0,False,93.136,"[None, 2048, 2048, 2048, 2048, 2048, 2049, 2048, 2049]","[2048, 2048, 2048, 2048, 2048, 2048, 2048]","[2048, 2048, 2048, 2048, 2048, 2048, 2048, 2049, 2048]",324.0
1230,9480,44,25,2024-03-09T17:44:55.401000+00:00,34.498,29.364,29.67,,308.0,False,93.532,"[None, 2049, 2049, 2048, 2048, 2049, 2049, 2049, 2049]","[2048, 2048, 2048, 2049, 2049, 2048, 2048]","[2048, 2048, 2048, 2048, 2048, 2048, 2048, 2048, 2048]",312.0
1230,9480,81,25,2024-03-09T17:44:55.729000+00:00,34.773,29.394,29.527,288.0,316.0,False,93.694,"[None, 2048, 2048, 2048, 2048, 2048, 2048, 2048, 2048]","[2048, 2048, 2048, 2049, 2048, 2048, 2048]","[2048, 2048, 2048, 2048, 2048, 2048, 2048, 2048, 2048]",319.0
1230,9480,14,25,2024-03-09T17:44:59.441000+00:00,34.616,29.499,29.775,,303.0,False,93.89,"[None, 2048, 2048, 2048, 2048, 2049, 2049, 2049, 2048]","[2048, 2048, 2048, 2048, 2048, 2048, 2048]","[2048, 2048, 2049, 2048, 2048, 2048, 2048, 2048, 2048]",305.0
1230,9480,63,25,2024-03-09T17:45:00.887000+00:00,35.002,29.345,29.73,,319.0,False,94.077,"[None, 2048, 2048, 2048, 2048, 2048, 2048, 2049, 2049]","[2048, 2048, 2051, 2048, 2048, 2048, 2048]","[2048, 2049, 2048, 2048, 2048, 2048, 2048, 2048, 2048]",311.0
1230,9480,38,25,2024-03-09T17:45:07.132000+00:00,34.546,29.619,29.759,286.0,298.0,False,93.924,"[None, 2048, 2049, 2048, 2048, 2048, 2048, 2049, 2048]","[2048, 2049, 2048, 2049, 2048, 2048, 2048]","[2048, 2049, 2048, 2048, 2048, 2048, 2048, 2048, 2048]",306.0
1230,9480,27,25,2024-03-09T17:45:11.355000+00:00,34.835,29.843,30.047,286.0,302.0,False,94.725,"[None, 2048, 2048, 2049, 2048, 2048, 2049, 2048, 2048]","[2048, 2048, 2048, 2048, 2048, 2048, 2048]","[2048, 2048, 2048, 2048, 2048, 2048, 2048, 2048, 2048]",306.0
1230,9480,24,25,2024-03-09T17:45:15.642000+00:00,35.278,29.815,30.052,284.0,301.0,False,95.145,"[None, 2048, 2048, 2048, 2048, 2048, 2048, 2048, 2048]","[2048, 2049, 2049, 2048, 2048, 2048, 2048]","[2048, 2048, 2048, 2048, 2048, 2048, 2048, 2048, 2048]",303.0
1230,9480,20,25,2024-03-09T17:45:18.761000+00:00,36.561,29.906,30.088,280.0,297.0,False,96.555,"[None, 2048, 2048, 2048, 2048, 2048, 2048, 2048, 2048]","[2048, 2049, 2048, 2048, 2048, 2048, 2048]","[2048, 2048, 2048, 2048, 2048, 2048, 2049, 2048, 2048]",300.0
1230,9480,22,25,2024-03-09T17:45:19.079000+00:00,36.806,29.671,30.071,288.0,319.0,False,96.548,"[None, 2048, 2048, 2048, 2048, 2048, 2048, 2048, 2048]","[2048, 2048, 2048, 2048, 2049, 2048, 2048]","[2048, 2048, 2048, 2048, 2048, 2048, 2051, 2051, 2048]",334.0
1230,9480,31,25,2024-03-09T17:45:19.844000+00:00,36.401,29.926,30.046,289.0,323.0,False,96.373,"[None, 2048, 2048, 2048, 2048, 2048, 2048, 2048, 2049]","[2048, 2048, 2048, 2048, 2049, 2048, 2048]","[2048, 2048, 2048, 2048, 2048, 2048, 2048, 2048, 2048]",327.0
1230,9480,23,25,2024-03-09T17:45:20.339000+00:00,36.148,30.089,29.887,,310.0,False,96.124,"[None, 2048, 2048, 2049, 2048, 2048, 2048, 2048, 2048]","[2048, 2048, 2049, 2048, 2048, 2048, 2048]","[2048, 2048, 2049, 2048, 2048, 2048, 2049, 2049, 2051]",333.0
1230,9480,2,25,2024-03-09T17:45:20.721000+00:00,36.231,30.238,30.07,288.0,324.0,False,96.539,"[2051, 2048, 2048, 2048, 2048, 2048, 2048, 2048, 2048]","[2048, 2048, 2048, 2048, 2048, 2048, 2049]","[2048, 2048, 2048, 2048, 2048, 2048, 2048, 2048, 2048]",334.0
1230,9480,3,25,2024-03-09T17:45:26.884000+00:00,35.044,29.885,29.81,,309.0,False,94.739,"[None, 2048, 2048, 2049, 2048, 2049, 2049, 2049, 2048]","[2049, 2049, 2048, 2048, 2048, 2048, 2048]","[2049, 2049, 2048, 2048, 2048, 2048, 2049, 2048, 2048]",315.0
1230,9480,77,25,2024-03-09T17:45:28.894000+00:00,35.557,30.038,30.024,281.0,301.0,False,95.619,"[None, 2048, 2048, 2048, 2048, 2048, 2048, 2048, 2048]","[2048, 2048, 2048, 2048, 2048, 2048, 2048]","[2048, 2048, 2048, 2048, 2048, 2048, 2048, 2048, 2048]",304.0
1230,9480,1,26,2024-03-09T17:46:09.126000+00:00,33.949,29.144,29.468,290.0,300.0,False,92.561,"[None, 2048, 2048, 2048, 2049, 2048, 2048, 2051, 2051]","[2048, 2048, 2048, 2048, 2048, 2048, 2048]","[2049, 2048, 2048, 2048, 2049, 2048, 2048, 2049, 2048]",306.0
1230,9480,11,26,2024-03-09T17:46:16.141000+00:00,33.951,29.309,29.49,287.0,302.0,False,92.75,"[None, 2048, 2048, 2048, 2049, 2049, 2048, 2048, 2048]","[2048, 2049, 2048, 2048, 2048, 2048, 2048]","[2048, 2048, 2048, 2048, 2048, 2048, 2048, 2048, 2048]",310.0
1230,9480,4,26,2024-03-09T17:46:23.101000+00:00,34.364,29.549,29.879,284.0,296.0,False,93.792,"[None, 2049, 2048, 2048, 2048, 2048, 2048, 2048, 2048]","[2048, 2048, 2048, 2048, 2049, 2048, 2048]","[2048, 2048, 2049, 2048, 2048, 2048, 2048, 2048, 2048]",297.0
1230,9480,16,26,2024-03-09T17:46:23.530000+00:00,34.95,29.334,29.226,283.0,315.0,False,93.51,"[None, 2048, 2048, 2048, 2048, 2048, 2048, 2048, 2048]","[2048, 2048, 2048, 2048, 2048, 2048, 2048]","[2048, 2048, 2049, 2048, 2048, 2048, 2048, 2049, 2049]",324.0
1230,9480,44,26,2024-03-09T17:46:28.840000+00:00,,29.387,29.633,,309.0,False,93.518,"[None, 2048, 2048, 2048, 2051, 2049, 2049, 2048, 2048]","[2048, 2048, 2048, 2048, 2048, 2048, 2048]","[2048, 2048, 2048, 2048, 2048, 2048, 2048, 2048, 2048]",316.0
1230,9480,81,26,2024-03-09T17:46:29.446000+00:00,34.612,29.304,29.396,289.0,316.0,False,93.312,"[None, 2048, 2048, 2048, 2048, 2048, 2048, 2048, 2048]","[2048, 2048, 2048, 2048, 2049, 2049, 2048]","[2048, 2048, 2049, 2048, 2048, 2048, 2048, 2048, 2048]",332.0
1230,9480,14,26,2024-03-09T17:46:33.385000+00:00,34.594,29.461,29.786,287.0,304.0,False,93.841,"[None, 2048, 2048, 2048, 2048, 2049, 2049, 2048, 2049]","[2048, 2048, 2048, 2048, 2049, 2048, 2048]","[2048, 2048, 2048, 2048, 2048, 2048, 2048, 2048, 2048]",306.0
1230,9480,63,26,2024-03-09T17:46:34.983000+00:00,34.921,29.222,29.594,291.0,320.0,False,93.737,"[None, 2048, 2049, 2048, 2048, 2048, 2048, 2049, 2048]","[2048, 2048, 2051, 2048, 2051, 2048, 2048]","[2048, 2049, 2048, 2048, 2049, 2048, 2048, 2048, 2048]",315.0
1230,9480,38,26,2024-03-09T17:46:41.145000+00:00,34.447,29.616,29.725,287.0,299.0,False,93.788,"[None, 2048, 2048, 2048, 2048, 2049, 2049, 2049, 2048]","[2048, 2048, 2048, 2049, 2049, 2048, 2048]","[2048, 2049, 2048, 2048, 2048, 2048, 2048, 2048, 2048]",306.0
1230,9480,27,26,2024-03-09T17:46:46.122000+00:00,34.909,29.843,29.942,,301.0,False,94.694,"[None, 2048, 2048, 2049, 2049, 2048, 2048, 2048, 2049]","[2048, 2048, 2048, 2048, 2048, 2048, 2048]","[2048, 2049, 2048, 2048, 2048, 2048, 2048, 2048, 2048]",306.0
1230,9480,24,26,2024-03-09T17:46:50.854000+00:00,35.26,29.824,29.952,283.0,301.0,False,95.036,"[None, 2048, 2049, 2048, 2048, 2048, 2048, 2048, 2048]","[2048, 2048, 2048, 2049, 2049, 2048, 2048]","[2048, 2048, 2048, 2048, 2048, 2048, 2048, 2048, 2048]",302.0
1230,9480,20,26,2024-03-09T17:46:55.373000+00:00,36.579,29.808,29.873,281.0,298.0,False,96.26,"[None, 2048, 2048, 2048, 2048, 2048, 2048, 2048, 2049]","[2048, 2049, 2048, 2048, 2049, 2048, 2048]","[2048, 2049, 2048, 2048, 2048, 2048, 2049, 2048, 2048]",302.0
1230,9480,22,26,2024-03-09T17:46:55.497000+00:00,36.84,29.68,30.142,287.0,320.0,False,96.662,"[None, 2048, 2048, 2049, 2048, 2048, 2048, 2048, 2048]","[2048, 2049, 2048, 2048, 2048, 2048, 2048]","[2048, 2048, 2048, 2048, 2048, 2048, 2048, 2048, 2048]",334.0
1230,9480,31,26,2024-03-09T17:46:56.187000+00:00,36.625,29.868,29.838,285.0,323.0,False,96.331,"[None, 2048, 2048, 2048, 2048, 2048, 2048, 2048, 2048]","[2048, 2048, 2048, 2048, 2048, 2049, 2048]","[2048, 2048, 2051, 2049, 2048, 2048, 2048, 2048, 2049]",338.0
1230,9480,23,26,2024-03-09T17:46:56.496000+00:00,36.635,29.905,30.093,284.0,309.0,False,96.633,"[2051, 2049, 2048, 2049, 2048, 2048, 2048, 2048, 2048]","[2048, 2048, 2048, 2048, 2049, 2051, 2048]","[2048, 2048, 2048, 2048, 2048, 2048, 2048, 2048, 2048]",328.0
1230,9480,2,26,2024-03-09T17:46:57.293000+00:00,36.255,30.218,30.024,,320.0,False,96.497,"[2048, 2048, 2048, 2048, 2048, 2048, 2048, 2048, 2048]","[2048, 2048, 2048, 2048, 2048, 2049, 2048]","[2048, 2048, 2048, 2048, 2048, 2048, 2048, 2048, 2048]",331.0
1230,9480,3,26,2024-03-09T17:47:01.790000+00:00,35.025,29.981,29.967,289.0,308.0,False,94.973,"[None, 2048, 2048, 2048, 2048, 2048, 2048, 2048, 2049]","[2048, 2048, 2048, 2048, 2048, 2048, 2048]","[2048, 2048, 2048, 2048, 2048, 2048, 2048, 2048, 2048]",316.0
1230,9480,77,26,2024-03-09T17:47:04.555000+00:00,35.298,30.032,29.989,283.0,302.0,False,95.319,"[None, 2048, 2049, 2048, 2048, 2048, 2048, 2048, 2048]","[2049, 2048, 2048, 2048, 2048, 2048, 2048]","[2048, 2048, 2048, 2048, 2048, 2048, 2048, 2048, 2048]",307.0
1230,9480,1,27,2024-03-09T17:47:41.703000+00:00,34.033,29.197,29.492,289.0,299.0,False,92.722,"[None, 2048, 2048, 2048, 2048, 2048, 2049, 2048, 2048]","[2048, 2048, 2049, 2048, 2048, 2048, 2048]","[2048, 2048, 2048, 2048, 2048, 2048, 2048, 2048, 2048]",305.0
1230,9480,11,27,2024-03-09T17:47:48.953000+00:00,34.045,29.275,29.414,286.0,302.0,False,92.734,"[None, 2048, 2048, 2048, 2048, 2048, 2048, 2049, 2048]","[2048, 2049, 2048, 2048, 2048, 2048, 2048]","[2048, 2048, 2048, 2048, 2048, 2048, 2048, 2048, 2048]",310.0
1230,9480,4,27,2024-03-09T17:47:56.895000+00:00,35.204,29.598,29.916,288.0,301.0,False,94.718,"[None, 2048, 2048, 2048, 2048, 2048, 2048, 2048, 2048]","[2048, 2048, 2048, 2048, 2048, 2049, 2048]","[2048, 2048, 2049, 2049, 2048, 2048, 2048, 2048, 2048]",305.0
1230,9480,16,27,2024-03-09T17:47:57.020000+00:00,34.087,29.421,29.643,286.0,295.0,False,93.151,"[None, 2048, 2048, 2048, 2048, 2049, 2049, 2049, 2048]","[2049, 2048, 2048, 2049, 2048, 2048, 2048]","[2048, 2048, 2048, 2048, 2048, 2048, 2048, 2048, 2048]",302.0
1230,9480,44,27,2024-03-09T17:48:02.349000+00:00,34.772,29.393,29.753,289.0,306.0,False,93.918,"[None, 2048, 2048, 2048, 2048, 2048, 2048, 2048, 2048]","[2048, 2048, 2048, 2048, 2049, 2048, 2048]","[2048, 2049, 2048, 2048, 2048, 2048, 2048, 2048, 2048]",309.0
1230,9480,81,27,2024-03-09T17:48:02.778000+00:00,34.846,29.428,29.724,286.0,314.0,False,93.998,"[None, 2048, 2048, 2048, 2048, 2048, 2048, 2048, 2048]","[2048, 2048, 2048, 2048, 2048, 2048, 2048]","[2048, 2048, 2048, 2048, 2048, 2048, 2048, 2048, 2048]",321.0
1230,9480,14,27,2024-03-09T17:48:07.183000+00:00,34.426,29.398,29.756,288.0,306.0,False,93.58,"[None, 2048, 2049, 2048, 2049, 2049, 2048, 2049, 2048]","[2048, 2049, 2048, 2048, 2048, 2048, 2048]","[2048, 2048, 2048, 2048, 2048, 2048, 2049, 2048, 2048]",308.0
1230,9480,63,27,2024-03-09T17:48:08.723000+00:00,34.788,29.2,29.583,292.0,319.0,False,93.571,"[None, 2048, 2049, 2048, 2048, 2048, 2048, 2048, 2049]","[2049, 2048, 2051, 2048, 2048, 2048, 2048]","[2048, 2049, 2048, 2048, 2048, 2048, 2048, 2048, 2048]",317.0
1230,9480,38,27,2024-03-09T17:48:14.860000+00:00,34.562,29.549,29.697,,299.0,False,93.808,"[None, 2048, 2048, 2048, 2048, 2048, 2049, 2048, 2048]","[2048, 2049, 2048, 2049, 2049, 2048, 2048]","[2048, 2049, 2048, 2048, 2048, 2048, 2048, 2048, 2048]",307.0
1230,9480,27,27,2024-03-09T17:48:20.808000+00:00,34.882,29.78,30.042,285.0,300.0,False,94.704,"[None, 2048, 2048, 2048, 2048, 2049, 2048, 2048, 2048]","[2048, 2048, 2048, 2049, 2049, 2048, 2048]","[2048, 2048, 2048, 2048, 2048, 2048, 2048, 2048, 2048]",306.0
1230,9480,24,27,2024-03-09T17:48:25.841000+00:00,35.17,29.729,30.103,285.0,301.0,False,95.002,"[None, 2048, 2048, 2048, 2049, 2048, 2048, 2048, 2048]","[2049, 2048, 2048, 2048, 2048, 2048, 2048]","[2048, 2048, 2048, 2048, 2048, 2048, 2048, 2048, 2048]",304.0
1230,9480,20,27,2024-03-09T17:48:31.608000+00:00,36.586,29.869,29.767,,297.0,False,96.222,"[None, 2049, 2048, 2048, 2048, 2048, 2048, 2048, 2049]","[2048, 2048, 2048, 2049, 2048, 2048, 2048]","[2048, 2049, 2048, 2048, 2049, 2048, 2049, 2048, 2048]",308.0
1230,9480,22,27,2024-03-09T17:48:32.215000+00:00,36.464,29.707,29.922,285.0,317.0,False,96.093,"[None, 2048, 2048, 2048, 2048, 2048, 2048, 2048, 2048]","[2048, 2048, 2048, 2048, 2049, 2048, 2048]","[2048, 2048, 2048, 2048, 2048, 2048, 2048, 2048, 2048]",333.0
1230,9480,31,27,2024-03-09T17:48:32.556000+00:00,36.41,30.212,29.777,289.0,322.0,False,96.399,"[2049, 2048, 2048, 2048, 2048, 2048, 2048, 2048, 2048]","[2048, 2048, 2048, 2048, 2048, 2048, 2048]","[2048, 2048, 2048, 2048, 2048, 2048, 2048, 2048, 2048]",331.0
1230,9480,23,27,2024-03-09T17:48:33.095000+00:00,36.103,30.185,29.839,289.0,327.0,False,96.127,"[2048, 2048, 2048, 2048, 2048, 2048, 2048, 2048, 2048]","[2048, 2048, 2048, 2048, 2048, 2048, 2051]","[2048, 2048, 2049, 2048, 2048, 2048, 2049, 2049, 2051]",334.0
1230,9480,2,27,2024-03-09T17:48:33.729000+00:00,35.934,30.282,29.982,287.0,318.0,False,96.198,"[None, 2048, 2048, 2048, 2048, 2048, 2048, 2048, 2048]","[2048, 2048, 2048, 2048, 2048, 2048, 2048]","[2048, 2048, 2048, 2048, 2048, 2048, 2048, 2048, 2048]",334.0
1230,9480,3,27,2024-03-09T17:48:36.671000+00:00,35.583,30.098,29.967,284.0,312.0,False,95.648,"[None, 2048, 2048, 2048, 2048, 2048, 2048, 2048, 2048]","[2048, 2048, 2049, 2048, 2048, 2048, 2048]","[2048, 2048, 2048, 2048, 2048, 2048, 2048, 2048, 2048]",318.0
1230,9480,77,27,2024-03-09T17:48:39.855000+00:00,35.279,30.019,29.956,281.0,304.0,False,95.254,"[None, 2048, 2049, 2048, 2048, 2049, 2048, 2048, 2048]","[2048, 2048, 2048, 2048, 2048, 2048, 2048]","[2048, 2049, 2048, 2048, 2048, 2049, 2048, 2048, 2048]",307.0
1230,9480,1,28,2024-03-09T17:49:14.533000+00:00,33.962,29.194,29.518,290.0,300.0,False,92.674,"[None, 2048, 2048, 2048, 2051, 2048, 2048, 2048, 2048]","[2048, 2048, 2049, 2048, 2048, 2048, 2048]","[2049, 2048, 2048, 2048, 2048, 2048, 2048, 2048, 2048]",306.0
1230,9480,11,28,2024-03-09T17:49:21.629000+00:00,34.129,29.353,29.486,,302.0,False,92.968,"[None, 2048, 2048, 2048, 2048, 2048, 2048, 2048, 2048]","[2048, 2048, 2048, 2048, 2048, 2048, 2048]","[2048, 2048, 2048, 2048, 2048, 2048, 2048, 2048, 2048]",310.0
1230,9480,16,28,2024-03-09T17:49:29.995000+00:00,33.992,29.51,29.7,283.0,295.0,False,93.202,"[None, 2048, 2048, 2048, 2049, 2051, 2048, 2049, 2049]","[2048, 2048, 2048, 2049, 2048, 2048, 2048]","[2048, 2049, 2048, 2048, 2048, 2048, 2048, 2048, 2048]",302.0
1230,9480,4,28,2024-03-09T17:49:31.547000+00:00,34.295,29.568,29.931,,301.0,False,93.794,"[None, 2048, 2048, 2048, 2048, 2048, 2048, 2048, 2048]","[2048, 2048, 2048, 2048, 2048, 2048, 2048]","[2048, 2048, 2048, 2048, 2048, 2048, 2048, 2048, 2048]",301.0
1230,9480,44,28,2024-03-09T17:49:36.294000+00:00,34.565,29.32,29.675,290.0,306.0,False,93.56,"[None, 2048, 2048, 2048, 2048, 2048, 2048, 2048, 2049]","[2048, 2048, 2048, 2049, 2048, 2048, 2048]","[2048, 2048, 2048, 2048, 2048, 2048, 2048, 2048, 2048]",311.0
1230,9480,81,28,2024-03-09T17:49:36.704000+00:00,34.617,29.324,29.586,290.0,320.0,False,93.527,"[None, 2048, 2048, 2048, 2048, 2048, 2048, 2049, 2049]","[2049, 2048, 2048, 2048, 2048, 2048, 2048]","[2048, 2048, 2049, 2048, 2048, 2048, 2048, 2049, 2048]",333.0
1230,9480,14,28,2024-03-09T17:49:40.801000+00:00,34.576,29.484,29.803,,306.0,False,93.863,"[None, 2048, 2048, 2048, 2048, 2048, 2049, 2048, 2049]","[2048, 2048, 2048, 2049, 2048, 2048, 2048]","[2049, 2048, 2048, 2048, 2048, 2048, 2049, 2049, 2048]",307.0
1230,9480,63,28,2024-03-09T17:49:42.305000+00:00,34.708,29.23,29.837,293.0,320.0,False,93.775,"[None, 2048, 2048, 2049, 2048, 2048, 2048, 2049, 2049]","[2048, 2048, 2048, 2049, 2048, 2048, 2048]","[2048, 2048, 2048, 2048, 2048, 2048, 2048, 2048, 2048]",318.0
1230,9480,38,28,2024-03-09T17:49:48.619000+00:00,34.428,29.472,29.739,,299.0,False,93.639,"[None, 2048, 2048, 2048, 2048, 2048, 2048, 2049, 2049]","[2048, 2049, 2049, 2049, 2048, 2048, 2048]","[2049, 2048, 2048, 2048, 2048, 2048, 2048, 2048, 2048]",307.0
1230,9480,27,28,2024-03-09T17:49:55.445000+00:00,34.779,29.72,29.983,286.0,301.0,False,94.482,"[None, 2048, 2048, 2048, 2048, 2049, 2048, 2048, 2049]","[2048, 2048, 2048, 2049, 2049, 2048, 2048]","[2049, 2048, 2048, 2048, 2048, 2048, 2048, 2048, 2048]",306.0
1230,9480,24,28,2024-03-09T17:50:00.854000+00:00,35.104,29.726,30.049,,303.0,False,94.879,"[None, 2048, 2048, 2048, 2048, 2049, 2048, 2048, 2048]","[2048, 2048, 2049, 2048, 2049, 2048, 2048]","[2048, 2048, 2048, 2048, 2048, 2048, 2048, 2048, 2048]",304.0
1230,9480,20,28,2024-03-09T17:50:07.897000+00:00,36.373,29.681,30.045,,299.0,False,96.099,"[None, 2048, 2049, 2048, 2048, 2048, 2048, 2048, 2048]","[2048, 2049, 2048, 2049, 2049, 2048, 2048]","[2048, 2048, 2048, 2048, 2049, 2048, 2048, 2048, 2048]",314.0
1230,9480,22,28,2024-03-09T17:50:08.331000+00:00,36.328,29.684,29.656,287.0,320.0,False,95.668,"[None, 2048, 2049, 2048, 2048, 2048, 2048, 2048, 2048]","[2048, 2049, 2048, 2048, 2048, 2048, 2048]","[2048, 2048, 2048, 2048, 2048, 2048, 2048, 2051, 2049]",333.0
1230,9480,31,28,2024-03-09T17:50:08.954000+00:00,36.049,30.157,29.678,284.0,332.0,False,95.884,"[2048, 2049, 2048, 2048, 2048, 2048, 2048, 2048, 2048]","[2048, 2048, 2048, 2048, 2048, 2048, 2049]","[2048, 2049, 2048, 2048, 2048, 2048, 2048, 2048, 2048]",326.0
1230,9480,23,28,2024-03-09T17:50:09.442000+00:00,35.985,30.096,30.085,290.0,326.0,False,96.166,"[2051, 2048, 2048, 2049, 2048, 2048, 2048, 2048, 2049]","[2048, 2048, 2048, 2048, 2048, 2051, 2051]","[2048, 2048, 2048, 2048, 2048, 2048, 2048, 2048, 2048]",331.0
1230,9480,2,28,2024-03-09T17:50:09.903000+00:00,35.701,30.345,29.84,289.0,324.0,False,95.886,"[None, 2049, 2048, 2048, 2048, 2048, 2048, 2048, 2048]","[2048, 2048, 2049, 2048, 2048, 2048, 2049]","[2048, 2048, 2048, 2048, 2048, 2048, 2048, 2049, 2048]",337.0
1230,9480,3,28,2024-03-09T17:50:12.348000+00:00,35.502,29.959,29.824,288.0,316.0,False,95.285,"[None, 2048, 2048, 2048, 2048, 2048, 2048, 2048, 2048]","[2048, 2048, 2048, 2048, 2049, 2048, 2048]","[2048, 2048, 2048, 2048, 2048, 2048, 2048, 2048, 2048]",322.0
1230,9480,77,28,2024-03-09T17:50:15.157000+00:00,35.381,30.039,29.904,284.0,304.0,False,95.324,"[None, 2048, 2048, 2048, 2048, 2048, 2048, 2048, 2048]","[2048, 2048, 2048, 2048, 2048, 2048, 2048]","[2048, 2049, 2048, 2048, 2048, 2048, 2048, 2048, 2048]",309.0
1230,9480,1,29,2024-03-09T17:50:47.178000+00:00,33.939,29.126,29.687,,300.0,False,92.752,"[None, 2048, 2048, 2048, 2048, 2049, 2048, 2048, 2051]","[2048, 2049, 2049, 2048, 2048, 2048, 2048]","[2049, 2048, 2048, 2048, 2048, 2048, 2048, 2048, 2048]",304.0
1230,9480,11,29,2024-03-09T17:50:54.646000+00:00,34.061,29.24,29.37,287.0,303.0,False,92.671,"[None, 2048, 2048, 2048, 2048, 2049, 2049, 2048, 2048]","[2048, 2048, 2048, 2048, 2049, 2048, 2048]","[2048, 2048, 2048, 2048, 2048, 2048, 2048, 2048, 2048]",311.0
1230,9480,16,29,2024-03-09T17:51:03.239000+00:00,34.229,29.48,29.596,,295.0,False,93.305,"[None, 2048, 2048, 2048, 2048, 2048, 2048, 2048, 2048]","[2048, 2048, 2048, 2048, 2048, 2048, 2048]","[2048, 2049, 2048, 2048, 2048, 2048, 2048, 2048, 2048]",302.0
1230,9480,4,29,2024-03-09T17:51:05.296000+00:00,34.288,29.531,29.812,287.0,302.0,False,93.631,"[None, 2048, 2048, 2048, 2051, 2048, 2048, 2048, 2048]","[2049, 2048, 2049, 2048, 2048, 2048, 2048]","[2049, 2048, 2048, 2048, 2048, 2048, 2048, 2048, 2048]",303.0
1230,9480,44,29,2024-03-09T17:51:09.847000+00:00,34.579,29.359,29.629,289.0,308.0,False,93.567,"[None, 2048, 2048, 2048, 2048, 2048, 2048, 2048, 2048]","[2048, 2048, 2048, 2048, 2048, 2048, 2048]","[2048, 2048, 2048, 2048, 2048, 2048, 2048, 2048, 2048]",313.0
1230,9480,81,29,2024-03-09T17:51:10.290000+00:00,34.792,29.473,29.556,288.0,315.0,False,93.821,"[None, 2048, 2048, 2048, 2048, 2048, 2048, 2048, 2048]","[2048, 2048, 2048, 2048, 2048, 2048, 2048]","[2048, 2048, 2048, 2048, 2048, 2048, 2048, 2048, 2048]",317.0
1230,9480,14,29,2024-03-09T17:51:14.663000+00:00,34.537,29.386,29.759,,303.0,False,93.682,"[None, 2048, 2049, 2048, 2048, 2048, 2048, 2048, 2048]","[2048, 2048, 2048, 2048, 2049, 2048, 2048]","[2048, 2048, 2049, 2048, 2048, 2048, 2049, 2049, 2048]",307.0
1230,9480,63,29,2024-03-09T17:51:16.116000+00:00,34.73,29.277,29.636,,312.0,False,93.643,"[None, 2048, 2048, 2048, 2048, 2048, 2049, 2049, 2048]","[2048, 2048, 2048, 2048, 2048, 2048, 2048]","[2048, 2048, 2048, 2048, 2048, 2048, 2048, 2048, 2048]",317.0
1230,9480,38,29,2024-03-09T17:51:22.312000+00:00,34.35,29.366,29.663,,302.0,False,93.379,"[None, 2048, 2048, 2049, 2049, 2048, 2048, 2048, 2048]","[2049, 2048, 2048, 2049, 2049, 2048, 2048]","[2048, 2049, 2048, 2048, 2048, 2048, 2048, 2048, 2048]",310.0
1230,9480,27,29,2024-03-09T17:51:30.076000+00:00,34.681,29.696,29.858,287.0,301.0,False,94.235,"[None, 2048, 2048, 2049, 2048, 2049, 2048, 2048, 2049]","[2048, 2049, 2048, 2048, 2049, 2048, 2048]","[2048, 2049, 2048, 2048, 2048, 2048, 2048, 2048, 2048]",306.0
1230,9480,24,29,2024-03-09T17:51:35.776000+00:00,35.142,29.83,30.018,284.0,302.0,False,94.99,"[None, 2048, 2049, 2048, 2048, 2048, 2048, 2048, 2048]","[2048, 2048, 2048, 2048, 2048, 2048, 2048]","[2048, 2048, 2048, 2048, 2048, 2048, 2048, 2048, 2048]",303.0
1230,9480,20,29,2024-03-09T17:51:44.089000+00:00,36.062,29.785,29.95,,297.0,False,95.797,"[None, 2048, 2048, 2048, 2048, 2049, 2048, 2048, 2049]","[2048, 2049, 2048, 2048, 2048, 2048, 2048]","[2048, 2048, 2048, 2048, 2048, 2048, 2048, 2048, 2048]",306.0
1230,9480,22,29,2024-03-09T17:51:44.100000+00:00,37.282,29.817,29.632,,325.0,False,96.731,"[None, 2049, 2048, 2048, 2048, 2048, 2048, 2048, 2048]","[2048, 2048, 2048, 2048, 2048, 2048, 2049]","[2048, 2048, 2048, 2048, 2048, 2048, 2048, 2048, 2048]",337.0
1230,9480,31,29,2024-03-09T17:51:44.758000+00:00,35.624,29.785,29.896,285.0,318.0,False,95.305,"[None, 2048, 2048, 2048, 2048, 2048, 2048, 2048, 2049]","[2048, 2049, 2048, 2049, 2048, 2048, 2048]","[2048, 2048, 2048, 2048, 2048, 2048, 2048, 2048, 2048]",324.0
1230,9480,23,29,2024-03-09T17:51:45.360000+00:00,36.139,29.81,29.738,,317.0,False,95.687,"[2048, 2048, 2048, 2048, 2048, 2048, 2048, 2048, 2048]","[2048, 2048, 2048, 2048, 2048, 2051, 2048]","[2048, 2048, 2049, 2049, 2048, 2048, 2049, 2048, 2048]",337.0
1230,9480,2,29,2024-03-09T17:51:45.870000+00:00,36.095,30.058,29.894,288.0,321.0,False,96.047,"[None, 2048, 2048, 2048, 2048, 2048, 2048, 2048, 2048]","[2048, 2048, 2048, 2048, 2048, 2049, 2048]","[2048, 2048, 2048, 2048, 2048, 2048, 2048, 2048, 2048]",332.0
1230,9480,3,29,2024-03-09T17:51:47.601000+00:00,35.595,30.2,29.854,287.0,313.0,False,95.649,"[None, 2048, 2048, 2048, 2048, 2048, 2048, 2048, 2048]","[2048, 2048, 2048, 2048, 2048, 2048, 2048]","[2048, 2048, 2048, 2048, 2048, 2048, 2048, 2048, 2048]",322.0
1230,9480,77,29,2024-03-09T17:51:50.402000+00:00,35.074,29.984,29.799,285.0,307.0,False,94.857,"[None, 2048, 2048, 2048, 2048, 2049, 2048, 2048, 2048]","[2048, 2048, 2048, 2048, 2048, 2048, 2048]","[2049, 2048, 2049, 2048, 2048, 2049, 2048, 2048, 2048]",311.0
1230,9480,1,30,2024-03-09T17:52:19.969000+00:00,33.902,29.221,29.478,,300.0,False,92.601,"[None, 2048, 2048, 2048, 2048, 2051, 2049, 2048, 2048]","[2048, 2048, 2048, 2048, 2048, 2048, 2048]","[2048, 2048, 2049, 2048, 2048, 2048, 2048, 2048, 2048]",306.0
1230,9480,11,30,2024-03-09T17:52:27.241000+00:00,34.063,29.212,29.507,288.0,302.0,False,92.782,"[None, 2048, 2048, 2048, 2048, 2049, 2049, 2048, 2048]","[2048, 2048, 2049, 2048, 2049, 2048, 2048]","[2048, 2048, 2048, 2048, 2048, 2048, 2048, 2048, 2048]",309.0
1230,9480,16,30,2024-03-09T17:52:36.640000+00:00,34.034,29.334,29.495,287.0,298.0,False,92.863,"[None, 2048, 2049, 2048, 2048, 2048, 2048, 2049, 2048]","[2048, 2048, 2049, 2049, 2048, 2048, 2048]","[2048, 2048, 2048, 2048, 2048, 2048, 2048, 2048, 2048]",307.0
1230,9480,4,30,2024-03-09T17:52:39.083000+00:00,34.252,29.547,29.851,288.0,301.0,False,93.65,"[None, 2048, 2048, 2048, 2048, 2048, 2048, 2048, 2048]","[2048, 2048, 2049, 2048, 2048, 2048, 2048]","[2048, 2048, 2048, 2048, 2048, 2048, 2048, 2049, 2048]",302.0
1230,9480,44,30,2024-03-09T17:52:43.414000+00:00,34.562,29.249,29.543,290.0,309.0,False,93.354,"[None, 2048, 2048, 2048, 2051, 2048, 2048, 2048, 2048]","[2051, 2048, 2049, 2049, 2048, 2048, 2048]","[2049, 2048, 2048, 2048, 2049, 2048, 2048, 2048, 2048]",316.0
1230,9480,81,30,2024-03-09T17:52:44.202000+00:00,34.651,29.218,29.507,,319.0,False,93.376,"[None, 2048, 2048, 2048, 2049, 2048, 2048, 2048, 2048]","[2048, 2048, 2048, 2048, 2048, 2048, 2048]","[2048, 2048, 2048, 2048, 2048, 2048, 2048, 2048, 2048]",323.0
1230,9480,14,30,2024-03-09T17:52:48.237000+00:00,34.451,29.373,29.669,,307.0,False,93.493,"[None, 2048, 2048, 2048, 2049, 2048, 2049, 2048, 2048]","[2048, 2049, 2049, 2048, 2048, 2048, 2048]","[2049, 2048, 2048, 2048, 2048, 2049, 2048, 2048, 2048]",306.0
1230,9480,63,30,2024-03-09T17:52:49.700000+00:00,34.659,29.328,29.644,292.0,312.0,False,93.631,"[None, 2048, 2048, 2048, 2049, 2048, 2048, 2048, 2048]","[2048, 2048, 2048, 2048, 2048, 2048, 2048]","[2048, 2048, 2048, 2048, 2048, 2048, 2048, 2048, 2048]",317.0
1230,9480,38,30,2024-03-09T17:52:55.619000+00:00,34.425,29.502,29.844,286.0,299.0,False,93.771,"[None, 2048, 2048, 2048, 2048, 2048, 2049, 2048, 2048]","[2048, 2049, 2048, 2048, 2048, 2048, 2048]","[2048, 2048, 2048, 2048, 2048, 2048, 2048, 2048, 2048]",305.0
1230,9480,27,30,2024-03-09T17:53:04.188000+00:00,34.693,29.632,29.982,,302.0,False,94.307,"[None, 2048, 2048, 2048, 2048, 2048, 2048, 2049, 2048]","[2048, 2048, 2048, 2048, 2048, 2048, 2048]","[2048, 2048, 2048, 2048, 2048, 2048, 2048, 2048, 2048]",306.0
1230,9480,24,30,2024-03-09T17:53:10.841000+00:00,35.153,29.709,30.023,,301.0,False,94.885,"[None, 2048, 2048, 2048, 2048, 2048, 2048, 2048, 2048]","[2048, 2049, 2049, 2048, 2048, 2048, 2048]","[2048, 2048, 2048, 2048, 2049, 2048, 2048, 2048, 2048]",302.0
1230,9480,20,30,2024-03-09T17:53:19.743000+00:00,36.329,29.725,29.789,,298.0,False,95.843,"[None, 2048, 2048, 2048, 2048, 2048, 2048, 2048, 2048]","[2048, 2048, 2048, 2048, 2048, 2048, 2048]","[2048, 2049, 2048, 2048, 2048, 2049, 2048, 2048, 2048]",301.0
1230,9480,31,30,2024-03-09T17:53:20.188000+00:00,36.326,29.891,29.9,284.0,316.0,False,96.117,"[None, 2049, 2048, 2048, 2048, 2048, 2048, 2048, 2048]","[2048, 2048, 2048, 2048, 2048, 2048, 2048]","[2048, 2048, 2048, 2048, 2048, 2048, 2048, 2048, 2048]",321.0
1230,9480,22,30,2024-03-09T17:53:20.759000+00:00,36.222,29.96,29.859,286.0,322.0,False,96.041,"[None, 2049, 2048, 2048, 2048, 2048, 2048, 2048, 2048]","[2048, 2048, 2048, 2048, 2048, 2048, 2049]","[2048, 2048, 2048, 2049, 2048, 2048, 2048, 2048, 2048]",338.0
1230,9480,23,30,2024-03-09T17:53:21.086000+00:00,36.098,30.204,29.833,289.0,324.0,False,96.135,"[None, 2048, 2048, 2048, 2048, 2048, 2048, 2048, 2048]","[2048, 2048, 2048, 2048, 2048, 2048, 2048]","[2048, 2048, 2048, 2048, 2048, 2048, 2048, 2048, 2048]",338.0
1230,9480,2,30,2024-03-09T17:53:21.943000+00:00,35.725,30.206,29.819,289.0,321.0,False,95.75,"[None, 2048, 2048, 2048, 2048, 2048, 2048, 2048, 2048]","[2048, 2048, 2048, 2048, 2048, 2048, 2049]","[2048, 2048, 2049, 2048, 2048, 2048, 2048, 2048, 2049]",336.0
1230,9480,3,30,2024-03-09T17:53:23.346000+00:00,35.466,30.276,29.866,288.0,300.0,False,95.608,"[None, 2048, 2048, 2048, 2048, 2048, 2048, 2048, 2048]","[2048, 2048, 2049, 2048, 2048, 2048, 2048]","[2048, 2049, 2049, 2048, 2048, 2048, 2048, 2048, 2048]",323.0
1230,9480,77,30,2024-03-09T17:53:25.236000+00:00,35.378,30.009,29.926,286.0,308.0,False,95.313,"[None, 2048, 2048, 2048, 2048, 2048, 2048, 2048, 2049]","[2049, 2048, 2048, 2048, 2048, 2048, 2048]","[2048, 2048, 2048, 2048, 2048, 2048, 2048, 2048, 2048]",313.0
1230,9480,1,31,2024-03-09T17:53:52.569000+00:00,33.899,29.138,29.417,,300.0,False,92.454,"[None, 2048, 2048, 2048, 2048, 2048, 2049, 2048, 2048]","[2048, 2049, 2048, 2048, 2048, 2048, 2048]","[2048, 2048, 2049, 2048, 2048, 2048, 2048, 2049, 2048]",305.0
1230,9480,11,31,2024-03-09T17:54:00.092000+00:00,33.992,29.256,29.577,287.0,302.0,False,92.825,"[None, 2048, 2048, 2048, 2048, 2049, 2048, 2048, 2048]","[2048, 2048, 2048, 2048, 2048, 2048, 2048]","[2048, 2048, 2048, 2048, 2048, 2048, 2048, 2048, 2048]",310.0
1230,9480,16,31,2024-03-09T17:54:09.513000+00:00,33.852,29.225,29.529,288.0,297.0,False,92.606,"[None, 2048, 2049, 2048, 2049, 2051, 2049, 2049, 2049]","[2048, 2051, 2049, 2049, 2048, 2048, 2048]","[2048, 2048, 2048, 2048, 2048, 2048, 2048, 2048, 2048]",307.0
1230,9480,4,31,2024-03-09T17:54:12.646000+00:00,34.267,29.436,29.859,,301.0,False,93.562,"[None, 2048, 2048, 2048, 2049, 2048, 2048, 2048, 2048]","[2048, 2048, 2048, 2048, 2048, 2048, 2048]","[2048, 2048, 2048, 2048, 2048, 2048, 2048, 2048, 2048]",301.0
1230,9480,44,31,2024-03-09T17:54:16.743000+00:00,34.454,29.342,29.588,291.0,308.0,False,93.384,"[None, 2048, 2049, 2048, 2051, 2048, 2048, 2048, 2048]","[2048, 2048, 2049, 2048, 2048, 2048, 2048]","[2048, 2048, 2048, 2048, 2048, 2048, 2048, 2048, 2048]",315.0
1230,9480,81,31,2024-03-09T17:54:17.436000+00:00,34.555,29.213,29.584,289.0,321.0,False,93.352,"[None, 2048, 2048, 2048, 2048, 2048, 2048, 2048, 2048]","[2049, 2048, 2049, 2048, 2049, 2048, 2049]","[2048, 2048, 2048, 2048, 2048, 2048, 2048, 2048, 2048]",324.0
1230,9480,14,31,2024-03-09T17:54:21.795000+00:00,34.486,29.375,29.809,289.0,303.0,False,93.67,"[None, 2048, 2048, 2048, 2048, 2048, 2048, 2049, 2049]","[2048, 2048, 2048, 2048, 2048, 2048, 2048]","[2048, 2048, 2049, 2048, 2048, 2048, 2048, 2048, 2048]",303.0
1230,9480,63,31,2024-03-09T17:54:23.386000+00:00,34.639,29.243,29.683,,314.0,False,93.565,"[None, 2048, 2048, 2048, 2049, 2049, 2048, 2048, 2048]","[2048, 2048, 2048, 2049, 2048, 2048, 2048]","[2048, 2048, 2048, 2048, 2048, 2048, 2048, 2048, 2048]",319.0
1230,9480,38,31,2024-03-09T17:54:29.405000+00:00,34.401,29.339,29.706,287.0,299.0,False,93.446,"[None, 2048, 2048, 2048, 2048, 2048, 2048, 2048, 2048]","[2048, 2049, 2049, 2049, 2049, 2048, 2048]","[2049, 2048, 2048, 2048, 2048, 2048, 2048, 2048, 2048]",307.0
1230,9480,27,31,2024-03-09T17:54:38.480000+00:00,34.648,29.597,29.937,288.0,302.0,False,94.182,"[None, 2048, 2048, 2049, 2048, 2048, 2048, 2048, 2049]","[2048, 2048, 2048, 2049, 2049, 2048, 2048]","[2048, 2049, 2048, 2048, 2048, 2048, 2048, 2048, 2048]",306.0
1230,9480,24,31,2024-03-09T17:54:45.575000+00:00,34.983,29.738,30.079,285.0,302.0,False,94.8,"[None, 2048, 2048, 2048, 2048, 2048, 2049, 2049, 2048]","[2048, 2048, 2048, 2049, 2048, 2048, 2048]","[2048, 2048, 2048, 2048, 2048, 2048, 2048, 2048, 2048]",303.0
1230,9480,20,31,2024-03-09T17:54:55.643000+00:00,36.5,29.632,29.929,,297.0,False,96.061,"[None, 2048, 2048, 2048, 2048, 2048, 2048, 2048, 2048]","[2048, 2049, 2048, 2049, 2048, 2048, 2048]","[2048, 2049, 2048, 2048, 2048, 2048, 2048, 2048, 2048]",300.0
1230,9480,31,31,2024-03-09T17:54:56.259000+00:00,36.31,29.779,29.823,,317.0,False,95.912,"[None, 2048, 2049, 2048, 2048, 2048, 2048, 2048, 2048]","[2048, 2049, 2048, 2048, 2049, 2048, 2048]","[2048, 2049, 2048, 2048, 2048, 2048, 2048, 2048, 2048]",322.0
1230,9480,22,31,2024-03-09T17:54:56.777000+00:00,36.193,29.85,29.896,289.0,321.0,False,95.939,"[2049, 2048, 2048, 2048, 2048, 2048, 2048, 2048, 2048]","[2048, 2048, 2049, 2048, 2048, 2049, 2048]","[2048, 2048, 2048, 2048, 2048, 2048, 2048, 2048, 2048]",336.0
1230,9480,23,31,2024-03-09T17:54:57.185000+00:00,36.024,29.855,29.961,,314.0,False,95.84,"[None, 2048, 2048, 2048, 2048, 2048, 2048, 2048, 2048]","[2048, 2048, 2048, 2048, 2049, 2051, 2048]","[2048, 2048, 2048, 2048, 2048, 2048, 2048, 2048, 2048]",332.0
1230,9480,2,31,2024-03-09T17:54:57.623000+00:00,35.994,30.034,29.851,288.0,321.0,False,95.879,"[2049, 2048, 2048, 2048, 2048, 2048, 2048, 2048, 2048]","[2048, 2048, 2048, 2048, 2048, 2049, 2048]","[2048, 2048, 2049, 2048, 2048, 2048, 2049, 2049, 2048]",336.0
1230,9480,3,31,2024-03-09T17:54:58.921000+00:00,35.565,30.106,29.762,,311.0,False,95.433,"[None, 2048, 2048, 2048, 2048, 2048, 2048, 2048, 2048]","[2048, 2048, 2048, 2048, 2048, 2049, 2049]","[2048, 2048, 2048, 2049, 2048, 2048, 2048, 2048, 2048]",332.0
1230,9480,77,31,2024-03-09T17:55:00.659000+00:00,35.237,30.039,30.139,287.0,312.0,False,95.415,"[None, 2048, 2048, 2048, 2048, 2048, 2048, 2048, 2048]","[2048, 2048, 2048, 2048, 2048, 2048, 2048]","[2048, 2048, 2049, 2048, 2048, 2048, 2048, 2048, 2048]",315.0
1230,9480,1,32,2024-03-09T17:55:25.006000+00:00,33.99,29.125,29.43,291.0,303.0,False,92.545,"[None, 2048, 2048, 2048, 2049, 2048, 2048, 2048, 2051]","[2049, 2048, 2049, 2048, 2048, 2048, 2048]","[2048, 2048, 2049, 2048, 2048, 2048, 2048, 2048, 2048]",306.0
1230,9480,11,32,2024-03-09T17:55:32.872000+00:00,33.975,29.178,29.353,289.0,305.0,False,92.506,"[None, 2048, 2048, 2048, 2049, 2048, 2048, 2048, 2049]","[2048, 2048, 2048, 2048, 2048, 2048, 2048]","[2048, 2048, 2048, 2048, 2048, 2048, 2048, 2048, 2048]",310.0
1230,9480,16,32,2024-03-09T17:55:42.135000+00:00,33.998,29.346,29.615,287.0,294.0,False,92.959,"[None, 2048, 2048, 2048, 2049, 2048, 2048, 2048, 2049]","[2048, 2051, 2048, 2048, 2048, 2048, 2048]","[2048, 2048, 2048, 2048, 2048, 2048, 2048, 2048, 2048]",304.0
1230,9480,4,32,2024-03-09T17:55:46.247000+00:00,34.073,29.426,29.81,289.0,300.0,False,93.309,"[None, 2048, 2049, 2048, 2048, 2048, 2048, 2048, 2048]","[2049, 2048, 2049, 2048, 2048, 2048, 2048]","[2048, 2048, 2049, 2048, 2048, 2048, 2048, 2049, 2048]",301.0
1230,9480,44,32,2024-03-09T17:55:50.109000+00:00,34.534,29.297,29.575,,311.0,False,93.406,"[None, 2048, 2048, 2048, 2048, 2048, 2049, 2048, 2048]","[2051, 2048, 2049, 2048, 2048, 2048, 2048]","[2048, 2048, 2048, 2048, 2048, 2048, 2048, 2049, 2048]",318.0
1230,9480,81,32,2024-03-09T17:55:50.865000+00:00,34.729,29.156,29.376,290.0,320.0,False,93.261,"[None, 2048, 2048, 2048, 2048, 2048, 2048, 2048, 2048]","[2049, 2048, 2049, 2049, 2048, 2048, 2048]","[2048, 2048, 2049, 2048, 2048, 2048, 2048, 2048, 2048]",324.0
1230,9480,14,32,2024-03-09T17:55:55.460000+00:00,34.473,29.294,29.631,,301.0,False,93.398,"[None, 2048, 2048, 2048, 2049, 2048, 2048, 2048, 2048]","[2048, 2049, 2049, 2048, 2048, 2048, 2048]","[2048, 2049, 2049, 2048, 2048, 2048, 2048, 2048, 2048]",306.0
1230,9480,63,32,2024-03-09T17:55:56.840000+00:00,34.602,29.208,29.58,293.0,312.0,False,93.39,"[None, 2049, 2048, 2048, 2048, 2048, 2048, 2048, 2048]","[2048, 2048, 2048, 2049, 2051, 2048, 2048]","[2048, 2048, 2048, 2048, 2049, 2048, 2048, 2048, 2048]",318.0
1230,9480,38,32,2024-03-09T17:56:02.921000+00:00,34.056,29.388,29.642,288.0,301.0,False,93.086,"[None, 2048, 2048, 2049, 2049, 2049, 2049, 2049, 2049]","[2049, 2048, 2049, 2048, 2048, 2048, 2048]","[2048, 2049, 2048, 2048, 2048, 2048, 2048, 2048, 2048]",310.0
1230,9480,27,32,2024-03-09T17:56:12.761000+00:00,34.55,29.619,29.83,287.0,301.0,False,93.999,"[None, 2048, 2048, 2049, 2049, 2049, 2048, 2048, 2048]","[2048, 2048, 2048, 2048, 2048, 2048, 2048]","[2048, 2048, 2048, 2048, 2048, 2048, 2048, 2048, 2048]",306.0
1230,9480,24,32,2024-03-09T17:56:20.471000+00:00,34.972,29.732,29.927,286.0,302.0,False,94.631,"[None, 2048, 2048, 2048, 2048, 2048, 2049, 2049, 2049]","[2048, 2048, 2048, 2048, 2049, 2048, 2048]","[2048, 2048, 2048, 2048, 2048, 2048, 2048, 2048, 2048]",304.0
1230,9480,20,32,2024-03-09T17:56:31.663000+00:00,36.336,29.651,29.796,,297.0,False,95.783,"[None, 2048, 2048, 2048, 2048, 2048, 2048, 2048, 2048]","[2048, 2049, 2048, 2049, 2048, 2048, 2048]","[2048, 2048, 2048, 2048, 2048, 2048, 2049, 2049, 2048]",310.0
1230,9480,31,32,2024-03-09T17:56:32.111000+00:00,36.228,29.665,29.816,287.0,320.0,False,95.709,"[None, 2048, 2048, 2048, 2048, 2048, 2048, 2048, 2048]","[2048, 2049, 2048, 2048, 2048, 2048, 2048]","[2048, 2048, 2048, 2048, 2048, 2048, 2048, 2048, 2048]",326.0
1230,9480,22,32,2024-03-09T17:56:32.675000+00:00,36.159,29.801,29.734,287.0,322.0,False,95.694,"[2048, 2048, 2048, 2048, 2048, 2048, 2048, 2048, 2048]","[2048, 2048, 2049, 2048, 2048, 2048, 2048]","[2048, 2048, 2049, 2049, 2048, 2048, 2048, 2048, 2048]",335.0
1230,9480,23,32,2024-03-09T17:56:32.952000+00:00,36.014,29.983,29.624,290.0,322.0,False,95.621,"[None, 2048, 2048, 2049, 2048, 2048, 2048, 2048, 2048]","[2048, 2048, 2048, 2048, 2048, 2048, 2048]","[2048, 2048, 2048, 2048, 2048, 2048, 2049, 2051, 2051]",331.0
1230,9480,2,32,2024-03-09T17:56:33.483000+00:00,35.934,30.097,29.866,289.0,323.0,False,95.897,"[2048, 2048, 2048, 2048, 2048, 2048, 2048, 2048, 2048]","[2048, 2048, 2049, 2048, 2048, 2049, 2048]","[2048, 2048, 2048, 2048, 2048, 2048, 2048, 2048, 2048]",336.0
1230,9480,3,32,2024-03-09T17:56:34.358000+00:00,35.768,30.303,29.733,289.0,317.0,False,95.804,"[2049, 2048, 2048, 2048, 2048, 2048, 2048, 2048, 2048]","[2048, 2048, 2048, 2048, 2048, 2048, 2049]","[2048, 2048, 2049, 2049, 2048, 2048, 2048, 2048, 2048]",328.0
1230,9480,77,32,2024-03-09T17:56:36.096000+00:00,35.252,30.116,29.805,288.0,322.0,False,95.173,"[None, 2048, 2048, 2048, 2048, 2048, 2048, 2048, 2049]","[2048, 2048, 2049, 2048, 2048, 2049, 2048]","[2048, 2048, 2049, 2048, 2048, 2048, 2048, 2048, 2048]",327.0
1230,9480,1,33,2024-03-09T17:56:57.539000+00:00,33.856,29.071,29.382,,301.0,False,92.309,"[None, 2048, 2048, 2048, 2048, 2049, 2048, 2051, 2051]","[2048, 2048, 2048, 2048, 2051, 2048, 2048]","[2048, 2048, 2048, 2048, 2049, 2048, 2048, 2048, 2048]",305.0
1230,9480,11,33,2024-03-09T17:57:05.385000+00:00,33.985,29.217,29.362,286.0,303.0,False,92.564,"[None, 2048, 2048, 2048, 2049, 2048, 2048, 2048, 2048]","[2048, 2048, 2048, 2048, 2048, 2048, 2048]","[2048, 2048, 2048, 2048, 2048, 2048, 2048, 2048, 2048]",310.0
1230,9480,16,33,2024-03-09T17:57:14.983000+00:00,34.074,29.404,29.586,286.0,293.0,False,93.064,"[None, 2048, 2048, 2048, 2048, 2051, 2048, 2048, 2048]","[2048, 2048, 2048, 2048, 2048, 2048, 2048]","[2048, 2048, 2048, 2048, 2048, 2048, 2048, 2048, 2048]",302.0
1230,9480,4,33,2024-03-09T17:57:19.527000+00:00,34.174,29.433,29.907,288.0,298.0,False,93.514,"[None, 2048, 2049, 2048, 2048, 2048, 2048, 2048, 2048]","[2048, 2048, 2048, 2048, 2049, 2048, 2048]","[2048, 2048, 2048, 2048, 2048, 2048, 2048, 2048, 2048]",298.0
1230,9480,44,33,2024-03-09T17:57:23.549000+00:00,34.51,29.199,29.651,,311.0,False,93.36,"[None, 2048, 2048, 2048, 2048, 2048, 2048, 2048, 2048]","[2051, 2048, 2049, 2049, 2048, 2048, 2048]","[2049, 2048, 2048, 2048, 2048, 2048, 2048, 2048, 2048]",315.0
1230,9480,81,33,2024-03-09T17:57:24.149000+00:00,34.649,29.198,29.443,,320.0,False,93.29,"[None, 2048, 2048, 2048, 2048, 2048, 2048, 2048, 2048]","[2049, 2048, 2048, 2048, 2048, 2048, 2048]","[2048, 2048, 2048, 2048, 2048, 2048, 2048, 2048, 2048]",324.0
1230,9480,14,33,2024-03-09T17:57:28.803000+00:00,34.434,29.329,29.689,288.0,304.0,False,93.452,"[None, 2048, 2049, 2048, 2048, 2048, 2048, 2048, 2048]","[2048, 2048, 2049, 2048, 2048, 2048, 2048]","[2048, 2048, 2048, 2048, 2048, 2048, 2048, 2049, 2048]",305.0
1230,9480,63,33,2024-03-09T17:57:30.281000+00:00,34.61,29.169,29.541,,314.0,False,93.32,"[None, 2048, 2048, 2048, 2048, 2048, 2049, 2048, 2048]","[2048, 2048, 2048, 2049, 2048, 2048, 2048]","[2048, 2048, 2048, 2048, 2048, 2048, 2048, 2048, 2048]",318.0
1230,9480,38,33,2024-03-09T17:57:36.086000+00:00,34.36,29.499,29.692,286.0,300.0,False,93.551,"[None, 2048, 2048, 2048, 2048, 2048, 2048, 2048, 2048]","[2048, 2048, 2048, 2048, 2048, 2048, 2048]","[2048, 2048, 2048, 2048, 2048, 2048, 2048, 2048, 2048]",306.0
1230,9480,27,33,2024-03-09T17:57:46.770000+00:00,34.574,29.67,32.357,288.0,301.0,False,96.601,"[None, 2048, 2048, 2048, 2048, 2048, 2049, 2049, 2049]","[2048, 2048, 2049, 2048, 2048, 2048, 2048]","[2048, 2048, 2048, 2048, 2048, 2049, 2048, 2048, 2064]",306.0
1230,9480,24,33,2024-03-09T17:57:55.131000+00:00,35.023,29.741,29.915,284.0,301.0,False,94.679,"[None, 2048, 2048, 2048, 2048, 2048, 2048, 2048, 2048]","[2048, 2048, 2048, 2048, 2048, 2048, 2048]","[2048, 2049, 2048, 2048, 2048, 2048, 2048, 2048, 2048]",303.0
1230,9480,20,33,2024-03-09T17:58:07.455000+00:00,36.29,29.674,29.736,,297.0,False,95.7,"[None, 2048, 2048, 2048, 2048, 2048, 2048, 2048, 2048]","[2048, 2049, 2048, 2049, 2048, 2048, 2048]","[2048, 2048, 2048, 2048, 2048, 2048, 2049, 2049, 2048]",308.0
1230,9480,31,33,2024-03-09T17:58:07.943000+00:00,36.304,29.67,29.779,,319.0,False,95.753,"[None, 2048, 2048, 2048, 2048, 2048, 2048, 2048, 2048]","[2048, 2048, 2048, 2049, 2049, 2048, 2048]","[2048, 2048, 2048, 2048, 2048, 2048, 2048, 2048, 2048]",326.0
1230,9480,22,33,2024-03-09T17:58:08.345000+00:00,36.774,29.635,29.709,288.0,323.0,False,96.118,"[None, 2048, 2048, 2049, 2048, 2048, 2048, 2048, 2048]","[2048, 2048, 2048, 2048, 2048, 2048, 2049]","[2048, 2048, 2051, 2051, 2048, 2048, 2048, 2048, 2048]",341.0
1230,9480,23,33,2024-03-09T17:58:08.640000+00:00,35.946,29.662,29.613,289.0,318.0,False,95.221,"[2051, 2051, 2048, 2048, 2049, 2048, 2048, 2048, 2049]","[2048, 2049, 2049, 2048, 2048, 2048, 2048]","[2048, 2048, 2048, 2048, 2048, 2048, 2051, 2051]",327.0
1230,9480,2,33,2024-03-09T17:58:09.380000+00:00,36.155,29.809,29.736,290.0,323.0,False,95.7,"[None, 2048, 2048, 2048, 2048, 2048, 2048, 2048, 2049]","[2048, 2048, 2048, 2048, 2049, 2049, 2048]","[2048, 2048, 2048, 2048, 2048, 2048, 2048, 2048, 2048]",331.0
1230,9480,3,33,2024-03-09T17:58:10.170000+00:00,36.095,30.076,29.582,288.0,318.0,False,95.753,"[2048, 2048, 2048, 2048, 2048, 2048, 2048, 2048, 2048]","[2048, 2048, 2048, 2048, 2048, 2048, 2048]","[2048, 2049, 2048, 2049, 2048, 2048, 2048, 2048, 2049]",335.0
1230,9480,77,33,2024-03-09T17:58:11.199000+00:00,35.706,30.259,29.827,285.0,323.0,False,95.792,"[None, 2048, 2048, 2048, 2048, 2048, 2048, 2048, 2048]","[2048, 2048, 2048, 2048, 2048, 2048, 2048]","[2048, 2048, 2049, 2048, 2048, 2048, 2048, 2048, 2048]",327.0
1230,9480,1,34,2024-03-09T17:58:29.760000+00:00,33.918,29.188,29.452,,303.0,False,92.558,"[None, 2048, 2048, 2048, 2048, 2048, 2048, 2048, 2048]","[2048, 2048, 2048, 2048, 2048, 2048, 2048]","[2048, 2048, 2048, 2048, 2048, 2048, 2048, 2049, 2048]",307.0
1230,9480,11,34,2024-03-09T17:58:37.911000+00:00,34.056,29.271,29.304,,303.0,False,92.631,"[None, 2048, 2048, 2048, 2048, 2048, 2048, 2048, 2048]","[2048, 2048, 2048, 2048, 2048, 2048, 2048]","[2048, 2048, 2048, 2048, 2048, 2049, 2048, 2048, 2048]",310.0
1230,9480,16,34,2024-03-09T17:58:48.169000+00:00,34.015,29.529,29.553,285.0,294.0,False,93.097,"[None, 2048, 2048, 2048, 2048, 2051, 2049, 2048, 2048]","[2048, 2048, 2048, 2048, 2048, 2048, 2048]","[2048, 2048, 2048, 2048, 2048, 2048, 2048, 2048, 2048]",304.0
1230,9480,4,34,2024-03-09T17:58:53.100000+00:00,34.242,29.411,29.746,,301.0,False,93.399,"[None, 2048, 2048, 2048, 2048, 2048, 2048, 2048, 2049]","[2048, 2048, 2048, 2048, 2048, 2048, 2048]","[2048, 2048, 2048, 2048, 2048, 2048, 2048, 2048, 2048]",300.0
1230,9480,44,34,2024-03-09T17:58:56.894000+00:00,34.622,29.317,29.754,,309.0,False,93.693,"[None, 2049, 2048, 2048, 2048, 2048, 2048, 2048, 2048]","[2048, 2048, 2048, 2048, 2048, 2048, 2048]","[2048, 2048, 2048, 2048, 2048, 2048, 2048, 2048, 2048]",312.0
1230,9480,81,34,2024-03-09T17:58:57.390000+00:00,34.725,29.221,29.459,291.0,320.0,False,93.405,"[None, 2048, 2048, 2048, 2048, 2048, 2048, 2048, 2049]","[2048, 2048, 2049, 2048, 2048, 2049, 2048]","[2048, 2049, 2049, 2048, 2048, 2048, 2048, 2049, 2049]",328.0
1230,9480,14,34,2024-03-09T17:59:02.316000+00:00,34.38,29.248,29.633,289.0,304.0,False,93.261,"[None, 2048, 2048, 2048, 2049, 2049, 2048, 2048, 2049]","[2048, 2048, 2049, 2049, 2048, 2048, 2048]","[2048, 2048, 2048, 2048, 2048, 2049, 2049, 2049, 2048]",306.0
1230,9480,63,34,2024-03-09T17:59:03.657000+00:00,34.543,29.198,29.568,,311.0,False,93.309,"[None, 2048, 2048, 2048, 2048, 2048, 2049, 2048, 2048]","[2048, 2049, 2048, 2048, 2051, 2049, 2048]","[2048, 2048, 2048, 2048, 2048, 2048, 2048, 2048, 2048]",314.0
1230,9480,38,34,2024-03-09T17:59:09.526000+00:00,34.378,29.319,29.559,,302.0,False,93.256,"[None, 2048, 2048, 2048, 2048, 2048, 2048, 2048, 2048]","[2048, 2049, 2049, 2048, 2048, 2048, 2048]","[2048, 2049, 2048, 2048, 2048, 2048, 2048, 2048, 2048]",309.0
1230,9480,27,34,2024-03-09T17:59:23.299000+00:00,52.578,29.706,29.579,282.0,298.0,True,111.863,"[2064, 2064, 2064, 2048, 2048, 2048, 2048, 2048, 2048]","[2048, 2049, 2048, 2048, 2049, 2048, 2048]","[2048, 2049, 2049, 2048, 2048, 2049, 2049, 2048, 2048]",302.0
1230,9480,24,34,2024-03-09T17:59:29.847000+00:00,34.981,29.728,29.941,283.0,300.0,False,94.65,"[None, 2048, 2048, 2048, 2048, 2048, 2048, 2048, 2048]","[2048, 2048, 2049, 2048, 2048, 2048, 2048]","[2048, 2048, 2048, 2048, 2048, 2049, 2048, 2048, 2048]",302.0
1230,9480,20,34,2024-03-09T17:59:43.181000+00:00,34.753,29.681,29.74,283.0,298.0,False,94.174,"[None, 2048, 2048, 2048, 2048, 2048, 2049, 2049, 2049]","[2048, 2048, 2048, 2048, 2048, 2048, 2048]","[2048, 2048, 2049, 2048, 2048, 2048, 2048, 2049, 2048]",303.0
1230,9480,31,34,2024-03-09T17:59:43.620000+00:00,35.063,29.492,29.532,,321.0,False,94.087,"[None, 2048, 2048, 2048, 2048, 2049, 2049, 2049, 2048]","[2048, 2049, 2048, 2049, 2049, 2048, 2048]","[2048, 2048, 2048, 2048, 2048, 2048, 2048, 2048, 2048]",329.0
1230,9480,23,34,2024-03-09T17:59:43.785000+00:00,35.596,29.417,29.511,288.0,326.0,False,94.524,"[2048, 2048, 2048, 2048, 2048, 2048, 2049, 2049, 2048]","[2049, 2048, 2048, 2049, 2048, 2048, 2048]","[2049, 2048, 2048, 2048, 2049, 2048, 2048, 2048, 2048]",328.0
1230,9480,22,34,2024-03-09T17:59:44.525000+00:00,35.626,29.68,29.462,,323.0,False,94.768,"[2049, 2048, 2048, 2048, 2048, 2048, 2048, 2048, 2048]","[2049, 2048, 2048, 2048, 2048, 2048, 2048]","[2048, 2048, 2048, 2048, 2048, 2048, 2048, 2048, 2048]",338.0
1230,9480,2,34,2024-03-09T17:59:45.133000+00:00,35.442,29.784,29.617,,320.0,False,94.843,"[None, 2048, 2048, 2048, 2048, 2048, 2048, 2048, 2049]","[2048, 2048, 2048, 2048, 2048, 2049, 2048]","[2048, 2048, 2048, 2048, 2048, 2048, 2048, 2048, 2048]",332.0
1230,9480,3,34,2024-03-09T17:59:45.891000+00:00,35.588,29.868,29.794,,322.0,False,95.25,"[None, 2049, 2048, 2048, 2048, 2048, 2048, 2048, 2048]","[2048, 2048, 2048, 2048, 2048, 2049, 2049]","[2048, 2048, 2048, 2048, 2048, 2048, 2048, 2048, 2048]",320.0
1230,9480,77,34,2024-03-09T17:59:47+00:00,35.876,30.007,29.838,284.0,307.0,False,95.721,"[None, 2048, 2048, 2048, 2048, 2048, 2048, 2048, 2048]","[2048, 2049, 2048, 2048, 2048, 2048, 2048]","[2048, 2048, 2048, 2048, 2048, 2048, 2048, 2048, 2048]",309.0
1230,9480,1,35,2024-03-09T18:00:02.320000+00:00,34.0,29.147,29.389,,305.0,False,92.536,"[None, 2048, 2048, 2048, 2049, 2048, 2048, 2048, 2048]","[2048, 2048, 2049, 2048, 2048, 2048, 2048]","[2048, 2048, 2048, 2048, 2048, 2048, 2048, 2049, 2048]",308.0
1230,9480,11,35,2024-03-09T18:00:10.583000+00:00,34.0,29.139,29.279,288.0,305.0,False,92.418,"[None, 2048, 2048, 2048, 2048, 2048, 2049, 2048, 2048]","[2048, 2049, 2049, 2048, 2048, 2048, 2048]","[2048, 2048, 2048, 2048, 2048, 2048, 2048, 2048, 2048]",311.0
1230,9480,16,35,2024-03-09T18:00:21.261000+00:00,34.047,29.381,29.585,286.0,294.0,False,93.013,"[None, 2048, 2048, 2048, 2048, 2048, 2048, 2048, 2048]","[2048, 2048, 2048, 2048, 2048, 2048, 2048]","[2048, 2048, 2048, 2048, 2048, 2048, 2048, 2048, 2048]",303.0
1230,9480,4,35,2024-03-09T18:00:26.458000+00:00,34.212,29.504,29.855,,300.0,False,93.571,"[None, 2048, 2048, 2048, 2049, 2048, 2048, 2048, 2048]","[2048, 2048, 2048, 2048, 2048, 2048, 2048]","[2048, 2048, 2048, 2048, 2048, 2048, 2048, 2048, 2048]",300.0
1230,9480,44,35,2024-03-09T18:00:30.553000+00:00,34.844,29.297,29.601,290.0,311.0,False,93.742,"[None, 2048, 2048, 2048, 2048, 2048, 2048, 2048, 2048]","[2048, 2048, 2048, 2048, 2048, 2048, 2048]","[2048, 2048, 2049, 2048, 2048, 2048, 2048, 2049, 2048]",312.0
1230,9480,81,35,2024-03-09T18:00:30.828000+00:00,35.331,29.465,29.322,288.0,319.0,False,94.118,"[2049, 2051, 2048, 2048, 2048, 2048, 2048, 2048, 2048]","[2048, 2048, 2048, 2048, 2048, 2048, 2048]","[2048, 2049, 2048, 2048, 2048, 2049, 2048, 2048, 2048]",319.0
1230,9480,14,35,2024-03-09T18:00:35.519000+00:00,34.323,29.277,29.795,288.0,303.0,False,93.395,"[None, 2048, 2048, 2048, 2049, 2049, 2049, 2048, 2048]","[2048, 2049, 2048, 2048, 2048, 2049, 2048]","[2048, 2048, 2048, 2048, 2048, 2048, 2048, 2048, 2048]",305.0
1230,9480,63,35,2024-03-09T18:00:36.849000+00:00,34.496,29.091,29.494,294.0,314.0,False,93.081,"[None, 2048, 2048, 2048, 2049, 2048, 2049, 2049, 2049]","[2048, 2048, 2048, 2049, 2051, 2049, 2048]","[2048, 2049, 2051, 2048, 2049, 2048, 2048, 2048, 2048]",322.0
1230,9480,38,35,2024-03-09T18:00:42.761000+00:00,34.206,29.525,29.535,287.0,299.0,False,93.266,"[None, 2048, 2048, 2048, 2048, 2049, 2049, 2048, 2048]","[2048, 2048, 2048, 2048, 2048, 2048, 2048]","[2048, 2049, 2048, 2048, 2048, 2048, 2048, 2048, 2048]",306.0
1230,9480,24,35,2024-03-09T18:01:04.433000+00:00,34.813,29.624,29.968,285.0,301.0,False,94.405,"[None, 2048, 2048, 2048, 2048, 2049, 2049, 2049, 2049]","[2048, 2049, 2049, 2048, 2048, 2048, 2048]","[2048, 2048, 2048, 2048, 2048, 2049, 2048, 2048, 2048]",303.0
1230,9480,27,35,2024-03-09T18:01:15.168000+00:00,34.267,29.275,29.564,286.0,298.0,False,93.106,"[2048, 2048, 2049, 2048, 2048, 2048, 2049, 2049, 2049]","[2048, 2049, 2049, 2049, 2049, 2048, 2048]","[2048, 2048, 2049, 2048, 2048, 2048, 2048, 2048, 2048]",305.0
1230,9480,20,35,2024-03-09T18:01:17.313000+00:00,34.681,29.531,29.711,282.0,299.0,False,93.923,"[None, 2048, 2048, 2048, 2048, 2049, 2049, 2049, 2048]","[2049, 2049, 2049, 2048, 2048, 2048, 2048]","[2048, 2048, 2049, 2048, 2048, 2048, 2048, 2048, 2048]",301.0
1230,9480,31,35,2024-03-09T18:01:17.690000+00:00,35.081,29.409,29.571,289.0,318.0,False,94.061,"[None, 2048, 2048, 2048, 2048, 2048, 2049, 2049, 2049]","[2049, 2049, 2049, 2049, 2048, 2048, 2048]","[2048, 2048, 2048, 2048, 2048, 2048, 2048, 2048, 2048]",324.0
1230,9480,23,35,2024-03-09T18:01:18.360000+00:00,35.697,29.481,29.872,289.0,314.0,False,95.05,"[None, 2048, 2048, 2048, 2048, 2048, 2048, 2049, 2048]","[2049, 2048, 2048, 2049, 2048, 2048, 2048]","[2049, 2049, 2048, 2048, 2048, 2048, 2048, 2048, 2048]",310.0
1230,9480,22,35,2024-03-09T18:01:19.238000+00:00,35.49,29.639,29.652,290.0,324.0,False,94.781,"[2048, 2048, 2049, 2048, 2048, 2048, 2048, 2048, 2049]","[2048, 2048, 2048, 2049, 2048, 2048, 2048]","[2048, 2048, 2048, 2048, 2048, 2048, 2048, 2048, 2048]",336.0
1230,9480,2,35,2024-03-09T18:01:19.879000+00:00,35.301,29.851,29.564,,324.0,False,94.716,"[None, 2048, 2048, 2048, 2048, 2048, 2048, 2048, 2049]","[2048, 2048, 2049, 2048, 2048, 2048, 2048]","[2048, 2048, 2048, 2048, 2048, 2048, 2048, 2048, 2048]",327.0
1230,9480,3,35,2024-03-09T18:01:21.106000+00:00,35.174,29.822,29.662,,314.0,False,94.658,"[None, 2048, 2048, 2048, 2049, 2049, 2048, 2048, 2048]","[2048, 2048, 2048, 2048, 2049, 2048, 2048]","[2048, 2048, 2048, 2048, 2048, 2048, 2048, 2048, 2048]",321.0
1230,9480,77,35,2024-03-09T18:01:22.711000+00:00,35.391,29.894,32.579,286.0,305.0,False,97.864,"[None, 2048, 2048, 2048, 2048, 2048, 2048, 2048, 2048]","[2048, 2048, 2048, 2048, 2048, 2048, 2048]","[2048, 2048, 2048, 2048, 2048, 2048, 2048, 2048, 2064]",308.0
1230,9480,1,36,2024-03-09T18:01:34.943000+00:00,33.965,29.074,29.374,292.0,302.0,False,92.413,"[None, 2048, 2048, 2048, 2048, 2048, 2048, 2048, 2051]","[2049, 2048, 2048, 2048, 2051, 2048, 2048]","[2048, 2048, 2049, 2048, 2048, 2048, 2048, 2048, 2048]",307.0
1230,9480,11,36,2024-03-09T18:01:42.962000+00:00,33.948,29.135,29.28,287.0,303.0,False,92.363,"[None, 2048, 2048, 2048, 2048, 2049, 2048, 2048, 2049]","[2048, 2049, 2048, 2049, 2049, 2048, 2048]","[2048, 2048, 2049, 2048, 2048, 2048, 2048, 2049, 2048]",312.0
1230,9480,16,36,2024-03-09T18:01:54.176000+00:00,33.953,29.399,29.563,,294.0,False,92.915,"[None, 2048, 2048, 2048, 2048, 2048, 2048, 2048, 2048]","[2048, 2048, 2048, 2048, 2048, 2048, 2048]","[2048, 2048, 2048, 2048, 2048, 2048, 2048, 2048, 2048]",303.0
1230,9480,4,36,2024-03-09T18:02:00.093000+00:00,34.258,29.481,29.834,,301.0,False,93.573,"[None, 2048, 2048, 2048, 2048, 2048, 2048, 2048, 2049]","[2048, 2048, 2048, 2048, 2048, 2048, 2048]","[2048, 2048, 2048, 2048, 2048, 2048, 2048, 2048, 2048]",302.0
1230,9480,44,36,2024-03-09T18:02:04.320000+00:00,34.588,29.352,32.027,,313.0,False,95.967,"[None, 2048, 2048, 2048, 2048, 2048, 2048, 2048, 2048]","[2048, 2048, 2048, 2048, 2048, 2048, 2048]","[2049, 2048, 2049, 2048, 2048, 2048, 2048, 2048, 2064]",316.0
1230,9480,81,36,2024-03-09T18:02:04.949000+00:00,34.596,29.161,29.272,290.0,323.0,False,93.029,"[2048, 2048, 2048, 2048, 2048, 2048, 2048, 2048, 2048]","[2048, 2048, 2048, 2048, 2048, 2049, 2049]","[2048, 2048, 2051, 2048, 2048, 2048, 2049, 2051]",327.0
1230,9480,14,36,2024-03-09T18:02:09.082000+00:00,34.245,29.25,29.519,,304.0,False,93.014,"[None, 2048, 2048, 2048, 2049, 2049, 2049, 2049, 2048]","[2048, 2048, 2048, 2049, 2048, 2048, 2048]","[2048, 2049, 2049, 2048, 2048, 2048, 2048, 2048, 2048]",309.0
1230,9480,63,36,2024-03-09T18:02:10.117000+00:00,34.449,29.136,29.54,293.0,322.0,False,93.125,"[None, 2048, 2048, 2048, 2048, 2048, 2048, 2048, 2048]","[2048, 2048, 2048, 2048, 2048, 2048, 2048]","[2048, 2048, 2048, 2048, 2048, 2048, 2048, 2048, 2048]",319.0
1230,9480,38,36,2024-03-09T18:02:16.111000+00:00,34.127,29.387,29.539,288.0,300.0,False,93.053,"[None, 2048, 2048, 2048, 2049, 2048, 2049, 2049, 2049]","[2048, 2048, 2048, 2048, 2048, 2048, 2048]","[2048, 2048, 2049, 2048, 2048, 2048, 2048, 2048, 2048]",308.0
1230,9480,24,36,2024-03-09T18:02:38.809000+00:00,34.747,29.596,29.939,283.0,300.0,False,94.282,"[None, 2048, 2048, 2048, 2048, 2049, 2049, 2048, 2048]","[2048, 2049, 2049, 2048, 2049, 2048, 2048]","[2048, 2048, 2048, 2048, 2048, 2048, 2048, 2048, 2048]",303.0
1230,9480,27,36,2024-03-09T18:02:48.227000+00:00,34.214,29.216,29.585,,302.0,False,93.015,"[None, 2048, 2048, 2049, 2049, 2049, 2049, 2048, 2048]","[2048, 2048, 2049, 2049, 2048, 2048, 2048]","[2048, 2049, 2049, 2048, 2048, 2048, 2048, 2048, 2048]",308.0
1230,9480,20,36,2024-03-09T18:02:51.262000+00:00,34.509,29.557,29.694,,299.0,False,93.76,"[None, 2048, 2048, 2048, 2048, 2048, 2049, 2049, 2048]","[2048, 2048, 2048, 2048, 2048, 2048, 2048]","[2048, 2049, 2049, 2048, 2048, 2048, 2048, 2048, 2048]",302.0
1230,9480,31,36,2024-03-09T18:02:51.711000+00:00,34.881,29.369,29.549,288.0,319.0,False,93.799,"[None, 2048, 2048, 2048, 2049, 2049, 2049, 2048, 2048]","[2048, 2048, 2048, 2049, 2049, 2048, 2048]","[2049, 2048, 2048, 2048, 2048, 2049, 2048, 2048, 2048]",326.0
1230,9480,23,36,2024-03-09T18:02:53.469000+00:00,34.779,29.469,29.739,,311.0,False,93.987,"[None, 2048, 2048, 2048, 2048, 2049, 2049, 2049, 2048]","[2048, 2048, 2048, 2049, 2048, 2048, 2048]","[2049, 2048, 2048, 2048, 2048, 2048, 2048, 2048, 2048]",313.0
1230,9480,22,36,2024-03-09T18:02:54.082000+00:00,35.13,29.652,29.576,289.0,311.0,False,94.358,"[None, 2048, 2048, 2048, 2049, 2049, 2049, 2049, 2048]","[2049, 2048, 2048, 2048, 2048, 2048, 2048]","[2048, 2049, 2048, 2048, 2048, 2048, 2048, 2048, 2048]",322.0
1230,9480,2,36,2024-03-09T18:02:54.579000+00:00,35.216,29.696,29.664,,322.0,False,94.576,"[None, 2048, 2048, 2048, 2048, 2048, 2048, 2049, 2048]","[2049, 2048, 2049, 2048, 2048, 2048, 2048]","[2048, 2048, 2048, 2048, 2048, 2048, 2048, 2048, 2048]",327.0
1230,9480,3,36,2024-03-09T18:02:55.772000+00:00,35.342,29.868,29.71,289.0,311.0,False,94.92,"[None, 2048, 2048, 2048, 2048, 2048, 2048, 2048, 2048]","[2048, 2048, 2049, 2048, 2048, 2048, 2048]","[2048, 2049, 2048, 2048, 2048, 2048, 2048, 2048, 2048]",312.0
1230,9480,77,36,2024-03-09T18:03:00.586000+00:00,54.741,29.718,29.79,280.0,298.0,True,114.249,"[2064, 2064, 2064, 2048, 2048, 2048, 2048, 2049, 2048]","[2048, 2049, 2048, 2049, 2049, 2048, 2048]","[2048, 2048, 2048, 2048, 2048, 2049, 2049, 2048, 2048]",298.0
1230,9480,1,37,2024-03-09T18:03:07.299000+00:00,33.887,29.026,29.499,291.0,303.0,False,92.412,"[None, 2048, 2048, 2048, 2048, 2048, 2048, 2048, 2048]","[2048, 2048, 2049, 2051, 2051, 2048, 2048]","[2048, 2048, 2048, 2048, 2048, 2048, 2048, 2048, 2048]",307.0
1230,9480,11,37,2024-03-09T18:03:15.341000+00:00,33.781,29.236,29.256,286.0,303.0,False,92.273,"[None, 2048, 2048, 2048, 2048, 2049, 2049, 2048, 2049]","[2048, 2049, 2048, 2048, 2048, 2048, 2048]","[2048, 2051, 2048, 2048, 2048, 2048, 2048, 2048, 2048]",311.0
1230,9480,16,37,2024-03-09T18:03:27.122000+00:00,33.871,29.276,29.527,287.0,296.0,False,92.674,"[None, 2048, 2048, 2048, 2048, 2048, 2049, 2051, 2048]","[2048, 2048, 2049, 2049, 2048, 2048, 2048]","[2048, 2048, 2048, 2048, 2048, 2048, 2048, 2048, 2048]",305.0
1230,9480,4,37,2024-03-09T18:03:33.592000+00:00,34.295,29.498,32.882,,300.0,False,96.675,"[None, 2048, 2048, 2048, 2048, 2048, 2048, 2048, 2048]","[2048, 2048, 2048, 2048, 2048, 2048, 2048]","[2048, 2048, 2049, 2048, 2049, 2048, 2048, 2049, 2064]",299.0
1230,9480,81,37,2024-03-09T18:03:37.835000+00:00,33.99,29.224,29.72,288.0,302.0,False,92.934,"[None, 2048, 2048, 2048, 2048, 2049, 2051, 2049, 2048]","[2048, 2049, 2048, 2049, 2048, 2048, 2048]","[2048, 2049, 2048, 2048, 2048, 2048, 2048, 2048, 2048]",302.0
1230,9480,44,37,2024-03-09T18:03:40.377000+00:00,51.107,29.127,29.251,289.0,306.0,True,109.485,"[2064, 2064, 2064, 2048, 2048, 2048, 2048, 2048, 2048]","[2048, 2049, 2049, 2048, 2049, 2048, 2048]","[2048, 2048, 2048, 2048, 2049, 2049, 2049, 2049, 2048]",310.0
1230,9480,14,37,2024-03-09T18:03:41.967000+00:00,34.24,29.262,29.614,,303.0,False,93.116,"[None, 2048, 2048, 2048, 2048, 2048, 2048, 2049, 2049]","[2048, 2048, 2048, 2048, 2049, 2048, 2048]","[2048, 2048, 2048, 2048, 2048, 2048, 2049, 2048, 2048]",307.0
1230,9480,63,37,2024-03-09T18:03:43.149000+00:00,34.474,29.178,29.606,292.0,311.0,False,93.258,"[None, 2048, 2048, 2048, 2048, 2049, 2049, 2048, 2048]","[2048, 2049, 2048, 2049, 2048, 2048, 2048]","[2048, 2049, 2048, 2048, 2048, 2048, 2048, 2048, 2048]",317.0
1230,9480,38,37,2024-03-09T18:03:49.211000+00:00,34.129,29.377,29.546,287.0,299.0,False,93.052,"[None, 2048, 2048, 2048, 2048, 2048, 2049, 2048, 2049]","[2048, 2049, 2048, 2048, 2048, 2048, 2048]","[2049, 2048, 2049, 2048, 2048, 2048, 2048, 2048, 2048]",306.0
1230,9480,24,37,2024-03-09T18:04:13.109000+00:00,34.806,29.49,29.836,285.0,302.0,False,94.132,"[None, 2048, 2048, 2048, 2048, 2048, 2048, 2048, 2048]","[2048, 2049, 2049, 2049, 2049, 2048, 2048]","[2048, 2048, 2048, 2048, 2048, 2049, 2048, 2048, 2048]",303.0
1230,9480,27,37,2024-03-09T18:04:21.297000+00:00,34.457,29.25,29.541,288.0,302.0,False,93.248,"[None, 2048, 2048, 2048, 2048, 2048, 2048, 2048, 2048]","[2048, 2048, 2048, 2048, 2048, 2048, 2048]","[2048, 2048, 2048, 2048, 2048, 2048, 2048, 2048, 2048]",308.0
1230,9480,20,37,2024-03-09T18:04:24.983000+00:00,34.443,29.444,29.629,284.0,300.0,False,93.516,"[None, 2048, 2048, 2048, 2048, 2049, 2048, 2049, 2049]","[2049, 2049, 2049, 2048, 2048, 2048, 2048]","[2048, 2048, 2048, 2048, 2048, 2048, 2048, 2048, 2048]",303.0
1230,9480,31,37,2024-03-09T18:04:25.601000+00:00,34.845,29.517,29.448,285.0,304.0,False,93.81,"[None, 2048, 2048, 2048, 2049, 2049, 2049, 2049, 2048]","[2048, 2048, 2048, 2049, 2048, 2048, 2048]","[2049, 2048, 2048, 2048, 2049, 2048, 2048, 2048, 2048]",324.0
1230,9480,23,37,2024-03-09T18:04:27.443000+00:00,34.692,29.501,29.746,,309.0,False,93.939,"[None, 2048, 2049, 2048, 2048, 2049, 2048, 2049, 2048]","[2049, 2048, 2048, 2049, 2048, 2048, 2048]","[2049, 2048, 2048, 2048, 2048, 2049, 2048, 2048, 2048]",313.0
1230,9480,22,37,2024-03-09T18:04:28.424000+00:00,34.974,29.635,29.624,288.0,309.0,False,94.233,"[None, 2048, 2049, 2048, 2048, 2049, 2048, 2049, 2049]","[2049, 2048, 2048, 2048, 2049, 2048, 2048]","[2048, 2048, 2048, 2048, 2048, 2048, 2048, 2048, 2048]",322.0
1230,9480,2,37,2024-03-09T18:04:29.224000+00:00,34.96,29.684,29.584,,320.0,False,94.228,"[None, 2048, 2048, 2048, 2049, 2049, 2049, 2049, 2048]","[2049, 2048, 2049, 2048, 2048, 2048, 2048]","[2048, 2048, 2048, 2048, 2048, 2048, 2048, 2048, 2048]",327.0
1230,9480,3,37,2024-03-09T18:04:30.747000+00:00,34.931,29.642,29.552,,312.0,False,94.125,"[None, 2048, 2049, 2048, 2049, 2048, 2049, 2048, 2048]","[2049, 2049, 2049, 2048, 2048, 2048, 2048]","[2048, 2048, 2048, 2048, 2048, 2049, 2048, 2048, 2048]",318.0
1230,9480,1,38,2024-03-09T18:04:39.763000+00:00,33.875,29.067,29.354,292.0,303.0,False,92.296,"[None, 2048, 2048, 2048, 2048, 2048, 2048, 2049, 2051]","[2049, 2048, 2049, 2048, 2048, 2048, 2048]","[2048, 2048, 2048, 2048, 2049, 2048, 2048, 2049, 2048]",308.0
1230,9480,11,38,2024-03-09T18:04:47.567000+00:00,34.097,29.253,29.361,287.0,302.0,False,92.711,"[None, 2048, 2048, 2048, 2048, 2048, 2048, 2048, 2048]","[2048, 2048, 2048, 2048, 2048, 2048, 2048]","[2048, 2048, 2048, 2048, 2048, 2048, 2048, 2048, 2048]",312.0
1230,9480,77,37,2024-03-09T18:04:54.811000+00:00,34.261,29.338,29.481,284.0,300.0,False,93.08,"[2048, 2048, 2049, 2051, 2049, 2049, 2049, 2049, 2049]","[2048, 2049, 2049, 2049, 2049, 2048, 2048]","[2048, 2049, 2048, 2048, 2048, 2049, 2051, 2049, 2048]",302.0
1230,9480,16,38,2024-03-09T18:04:59.904000+00:00,34.03,29.157,29.445,288.0,298.0,False,92.632,"[None, 2048, 2048, 2048, 2048, 2051, 2048, 2048, 2048]","[2048, 2049, 2049, 2049, 2049, 2048, 2048]","[2048, 2048, 2048, 2048, 2048, 2048, 2048, 2048, 2048]",307.0
1230,9480,4,38,2024-03-09T18:05:10.181000+00:00,52.11,29.326,29.413,283.0,294.0,True,110.849,"[2064, 2064, 2064, 2048, 2051, 2048, 2048, 2048, 2048]","[2048, 2051, 2048, 2048, 2048, 2048, 2048]","[2048, 2049, 2048, 2048, 2048, 2051, 2049, 2049, 2048]",294.0
1230,9480,81,38,2024-03-09T18:05:10.907000+00:00,34.21,29.17,29.707,289.0,301.0,False,93.087,"[None, 2048, 2048, 2048, 2048, 2048, 2051, 2049, 2049]","[2048, 2049, 2048, 2049, 2049, 2048, 2048]","[2048, 2048, 2048, 2048, 2048, 2049, 2048, 2048]",302.0
1230,9480,14,38,2024-03-09T18:05:15.217000+00:00,34.158,29.198,29.581,,305.0,False,92.937,"[None, 2048, 2048, 2048, 2049, 2049, 2048, 2049, 2048]","[2048, 2049, 2049, 2049, 2049, 2048, 2048]","[2048, 2048, 2048, 2048, 2048, 2049, 2048, 2049, 2048]",308.0
1230,9480,63,38,2024-03-09T18:05:16.283000+00:00,34.454,29.036,29.528,293.0,312.0,False,93.018,"[None, 2048, 2048, 2048, 2049, 2048, 2049, 2048, 2048]","[2048, 2049, 2048, 2048, 2048, 2048, 2048]","[2048, 2048, 2048, 2048, 2048, 2048, 2048, 2048, 2048]",317.0
1230,9480,38,38,2024-03-09T18:05:22.115000+00:00,34.037,29.216,29.455,288.0,299.0,False,92.708,"[None, 2048, 2048, 2048, 2049, 2048, 2048, 2049, 2048]","[2048, 2049, 2049, 2048, 2049, 2048, 2048]","[2048, 2051, 2049, 2048, 2048, 2048, 2048, 2048]",307.0
1230,9480,44,38,2024-03-09T18:05:29.923000+00:00,33.995,28.878,28.873,292.0,313.0,False,91.746,"[2048, 2048, 2049, 2049, 2049, 2049, 2049, 2049, 2049]","[2048, 2049, 2051, 2048, 2049, 2049, 2048]","[2048, 2049, 2049, 2049, 2049, 2048, 2051, 2051, 2049]",330.0
1230,9480,24,38,2024-03-09T18:05:47.284000+00:00,34.602,29.446,29.866,286.0,302.0,False,93.914,"[None, 2048, 2049, 2048, 2048, 2048, 2049, 2049, 2049]","[2049, 2048, 2049, 2049, 2048, 2048, 2048]","[2048, 2048, 2048, 2048, 2048, 2048, 2048, 2048, 2048]",304.0
1230,9480,27,38,2024-03-09T18:05:54.459000+00:00,34.298,29.309,29.546,287.0,301.0,False,93.153,"[None, 2048, 2048, 2049, 2048, 2048, 2049, 2048, 2048]","[2048, 2048, 2048, 2048, 2048, 2048, 2048]","[2048, 2048, 2048, 2048, 2048, 2048, 2048, 2048, 2048]",307.0
1230,9480,20,38,2024-03-09T18:05:58.453000+00:00,34.416,29.388,29.625,286.0,301.0,False,93.429,"[None, 2048, 2049, 2048, 2048, 2048, 2048, 2048, 2048]","[2049, 2048, 2049, 2048, 2048, 2048, 2048]","[2048, 2048, 2048, 2048, 2048, 2048, 2048, 2048, 2048]",304.0
1230,9480,31,38,2024-03-09T18:05:59.301000+00:00,34.643,29.442,29.76,287.0,306.0,False,93.845,"[None, 2048, 2049, 2048, 2049, 2049, 2049, 2048, 2048]","[2048, 2048, 2048, 2049, 2049, 2048, 2048]","[2048, 2048, 2048, 2048, 2048, 2049, 2048, 2048, 2048]",309.0
1230,9480,23,38,2024-03-09T18:06:01.426000+00:00,34.538,29.376,29.759,290.0,311.0,False,93.673,"[None, 2048, 2049, 2048, 2049, 2048, 2049, 2049, 2049]","[2049, 2048, 2048, 2049, 2048, 2048, 2048]","[2048, 2049, 2048, 2048, 2048, 2049, 2048, 2048, 2048]",311.0
1230,9480,22,38,2024-03-09T18:06:02.618000+00:00,34.743,29.51,29.708,289.0,310.0,False,93.961,"[None, 2048, 2048, 2048, 2049, 2049, 2049, 2049, 2049]","[2049, 2048, 2048, 2049, 2048, 2048, 2048]","[2048, 2048, 2048, 2048, 2048, 2048, 2048, 2048, 2048]",321.0
1230,9480,2,38,2024-03-09T18:06:03.421000+00:00,34.749,29.457,29.557,289.0,320.0,False,93.763,"[None, 2048, 2048, 2048, 2048, 2048, 2049, 2049, 2049]","[2048, 2049, 2049, 2048, 2049, 2048, 2048]","[2048, 2048, 2048, 2048, 2048, 2048, 2048, 2048, 2048]",324.0
1230,9480,3,38,2024-03-09T18:06:04.827000+00:00,34.776,29.527,29.518,290.0,311.0,False,93.821,"[None, 2048, 2048, 2048, 2049, 2048, 2049, 2048, 2049]","[2049, 2049, 2049, 2049, 2049, 2048, 2048]","[2048, 2049, 2048, 2048, 2048, 2049, 2048, 2048, 2048]",316.0
1230,9480,1,39,2024-03-09T18:06:12.089000+00:00,33.743,28.987,29.265,293.0,304.0,False,91.995,"[None, 2048, 2048, 2048, 2049, 2048, 2049, 2048, 2048]","[2049, 2048, 2048, 2048, 2048, 2048, 2048]","[2049, 2049, 2049, 2048, 2048, 2048, 2048, 2049, 2048]",307.0
1230,9480,11,39,2024-03-09T18:06:20.362000+00:00,33.952,29.194,29.204,289.0,304.0,False,92.35,"[None, 2048, 2048, 2048, 2048, 2048, 2048, 2048, 2048]","[2048, 2048, 2048, 2048, 2048, 2048, 2048]","[2048, 2049, 2049, 2048, 2048, 2048, 2048, 2048, 2048]",310.0
1230,9480,77,38,2024-03-09T18:06:27.923000+00:00,34.133,29.305,29.489,285.0,302.0,False,92.927,"[None, 2048, 2049, 2049, 2049, 2048, 2049, 2049, 2049]","[2049, 2048, 2049, 2048, 2049, 2048, 2048]","[2049, 2049, 2048, 2048, 2048, 2048, 2048, 2048, 2048]",303.0
1230,9480,16,39,2024-03-09T18:06:32.456000+00:00,33.983,29.226,29.513,285.0,298.0,False,92.722,"[None, 2048, 2048, 2048, 2048, 2048, 2048, 2049, 2048]","[2048, 2049, 2048, 2048, 2048, 2048, 2048]","[2048, 2048, 2048, 2048, 2048, 2048, 2048, 2048, 2048]",303.0
1230,9480,81,39,2024-03-09T18:06:43.913000+00:00,34.0,29.096,29.579,288.0,302.0,False,92.675,"[None, 2048, 2049, 2048, 2049, 2049, 2049, 2049, 2048]","[2048, 2049, 2048, 2049, 2049, 2048, 2048]","[2048, 2049, 2048, 2048, 2048, 2049, 2048, 2048, 2048]",301.0
1230,9480,14,39,2024-03-09T18:06:47.952000+00:00,34.055,29.086,29.551,289.0,303.0,False,92.692,"[None, 2048, 2048, 2048, 2049, 2049, 2049, 2049, 2048]","[2048, 2049, 2048, 2049, 2049, 2049, 2048]","[2048, 2048, 2048, 2048, 2048, 2049, 2049, 2048, 2048]",305.0
1230,9480,63,39,2024-03-09T18:06:49.393000+00:00,34.309,28.941,29.357,294.0,312.0,False,92.607,"[None, 2049, 2049, 2048, 2048, 2049, 2049, 2049, 2048]","[2048, 2048, 2049, 2049, 2051, 2049, 2048]","[2048, 2049, 2051, 2048, 2048, 2048, 2048, 2048, 2048]",318.0
1230,9480,38,39,2024-03-09T18:06:54.734000+00:00,33.924,29.286,29.546,,299.0,False,92.756,"[None, 2048, 2048, 2048, 2048, 2048, 2048, 2049, 2049]","[2048, 2048, 2048, 2048, 2049, 2048, 2048]","[2048, 2048, 2049, 2048, 2048, 2048, 2048, 2048, 2048]",306.0
1230,9480,4,39,2024-03-09T18:07:01.105000+00:00,33.72,29.019,29.367,290.0,299.0,False,92.106,"[2048, 2049, 2048, 2048, 2048, 2051, 2051, 2051, 2049]","[2048, 2048, 2049, 2051, 2049, 2048, 2048]","[2049, 2049, 2048, 2048, 2048, 2048, 2048, 2048, 2048]",299.0
1230,9480,44,39,2024-03-09T18:07:01.794000+00:00,34.456,28.846,29.013,293.0,308.0,False,92.315,"[2049, 2048, 2048, 2049, 2048, 2048, 2048, 2048, 2049]","[2048, 2049, 2048, 2049, 2049, 2049, 2048]","[2049, 2049, 2049, 2048, 2048, 2048, 2048, 2048, 2048]",311.0
1230,9480,24,39,2024-03-09T18:07:21.141000+00:00,34.674,29.444,29.797,287.0,303.0,False,93.915,"[None, 2048, 2048, 2048, 2049, 2048, 2048, 2048, 2048]","[2048, 2048, 2049, 2048, 2048, 2048, 2048]","[2049, 2048, 2048, 2048, 2048, 2048, 2048, 2048, 2048]",305.0
1230,9480,27,39,2024-03-09T18:07:27.690000+00:00,34.246,29.26,29.539,288.0,302.0,False,93.045,"[None, 2048, 2048, 2048, 2049, 2048, 2049, 2048, 2048]","[2048, 2048, 2049, 2048, 2049, 2048, 2048]","[2048, 2048, 2049, 2048, 2048, 2048, 2048, 2048, 2048]",308.0
1230,9480,20,39,2024-03-09T18:07:31.995000+00:00,34.225,29.31,29.668,289.0,304.0,False,93.203,"[None, 2048, 2048, 2048, 2049, 2048, 2049, 2049, 2049]","[2049, 2048, 2049, 2048, 2048, 2048, 2048]","[2048, 2048, 2048, 2048, 2048, 2048, 2048, 2048, 2048]",307.0
1230,9480,31,39,2024-03-09T18:07:33.267000+00:00,34.721,29.501,29.825,288.0,304.0,False,94.047,"[None, 2048, 2049, 2048, 2048, 2049, 2049, 2049, 2048]","[2049, 2048, 2049, 2048, 2049, 2048, 2048]","[2048, 2049, 2048, 2048, 2048, 2048, 2049, 2048, 2048]",309.0
1230,9480,23,39,2024-03-09T18:07:35.080000+00:00,34.722,29.231,29.551,289.0,311.0,False,93.504,"[None, 2048, 2048, 2048, 2048, 2048, 2049, 2048, 2049]","[2048, 2049, 2048, 2049, 2049, 2048, 2048]","[2048, 2049, 2048, 2048, 2048, 2049, 2048, 2048, 2048]",312.0
1230,9480,22,39,2024-03-09T18:07:36.662000+00:00,34.876,29.508,29.51,291.0,312.0,False,93.894,"[None, 2048, 2048, 2048, 2049, 2048, 2048, 2048, 2049]","[2048, 2048, 2048, 2049, 2048, 2048, 2048]","[2048, 2048, 2048, 2048, 2048, 2048, 2048, 2048, 2048]",320.0
1230,9480,2,39,2024-03-09T18:07:37.161000+00:00,34.958,29.471,29.541,,317.0,False,93.97,"[None, 2048, 2048, 2048, 2048, 2048, 2049, 2048, 2048]","[2048, 2049, 2049, 2048, 2048, 2048, 2048]","[2048, 2049, 2049, 2048, 2048, 2048, 2048, 2048, 2048]",327.0
1230,9480,3,39,2024-03-09T18:07:38.670000+00:00,34.822,29.556,29.596,,311.0,False,93.974,"[None, 2048, 2048, 2048, 2049, 2049, 2049, 2049, 2049]","[2049, 2048, 2049, 2048, 2049, 2048, 2048]","[2049, 2049, 2048, 2048, 2048, 2048, 2048, 2048, 2048]",314.0
1230,9480,1,40,2024-03-09T18:07:43.927000+00:00,34.039,29.096,29.42,291.0,304.0,False,92.555,"[None, 2048, 2048, 2048, 2048, 2048, 2048, 2048, 2048]","[2048, 2048, 2048, 2048, 2048, 2048, 2048]","[2048, 2048, 2048, 2048, 2048, 2048, 2048, 2048, 2048]",308.0
1230,9480,11,40,2024-03-09T18:07:52.634000+00:00,34.179,29.155,29.386,288.0,304.0,False,92.72,"[None, 2048, 2048, 2048, 2048, 2048, 2048, 2048, 2048]","[2048, 2048, 2048, 2048, 2048, 2048, 2048]","[2048, 2048, 2048, 2048, 2048, 2048, 2048, 2048, 2048]",312.0
1230,9480,77,39,2024-03-09T18:08:00.807000+00:00,34.203,29.28,29.545,286.0,301.0,False,93.028,"[None, 2048, 2048, 2051, 2048, 2048, 2048, 2048, 2049]","[2049, 2048, 2048, 2049, 2049, 2048, 2048]","[2048, 2049, 2048, 2048, 2048, 2048, 2048, 2048, 2048]",304.0
1230,9480,16,40,2024-03-09T18:08:05.205000+00:00,33.896,29.111,29.275,289.0,303.0,False,92.282,"[None, 2048, 2048, 2048, 2048, 2048, 2048, 2048, 2048]","[2048, 2048, 2049, 2048, 2048, 2048, 2048]","[2048, 2049, 2048, 2048, 2048, 2048, 2048, 2048, 2048]",309.0
1230,9480,81,40,2024-03-09T18:08:16.692000+00:00,33.984,29.149,29.47,,300.0,False,92.603,"[None, 2048, 2048, 2048, 2049, 2048, 2049, 2048, 2048]","[2048, 2049, 2048, 2048, 2049, 2048, 2048]","[2049, 2049, 2048, 2048, 2048, 2048, 2048, 2048, 2048]",302.0
1230,9480,14,40,2024-03-09T18:08:20.799000+00:00,34.056,28.961,29.41,290.0,304.0,False,92.427,"[None, 2048, 2048, 2048, 2049, 2049, 2049, 2048, 2049]","[2048, 2049, 2049, 2048, 2049, 2049, 2048]","[2048, 2049, 2048, 2048, 2048, 2048, 2049, 2048, 2048]",308.0
1230,9480,63,40,2024-03-09T18:08:22.080000+00:00,34.21,28.95,29.327,295.0,312.0,False,92.487,"[None, 2048, 2048, 2048, 2048, 2049, 2049, 2049, 2049]","[2048, 2048, 2051, 2049, 2048, 2049, 2048]","[2048, 2049, 2051, 2048, 2049, 2048, 2048, 2048, 2048]",320.0
1230,9480,38,40,2024-03-09T18:08:27.695000+00:00,33.945,29.292,29.37,,299.0,False,92.607,"[None, 2048, 2048, 2048, 2048, 2048, 2049, 2048, 2048]","[2048, 2048, 2048, 2048, 2048, 2048, 2048]","[2049, 2048, 2048, 2048, 2048, 2049, 2048, 2048, 2048]",307.0
1230,9480,4,40,2024-03-09T18:08:33.340000+00:00,33.625,28.987,29.332,285.0,298.0,False,91.944,"[None, 2048, 2049, 2048, 2048, 2048, 2048, 2051, 2048]","[2048, 2051, 2048, 2051, 2048, 2048, 2048]","[2048, 2048, 2048, 2048, 2048, 2048, 2048, 2048, 2048]",299.0
1230,9480,44,40,2024-03-09T18:08:33.896000+00:00,34.188,28.938,29.244,,310.0,False,92.37,"[2048, 2048, 2048, 2048, 2048, 2048, 2049, 2048, 2049]","[2048, 2048, 2048, 2048, 2048, 2048, 2048]","[2048, 2048, 2048, 2048, 2048, 2048, 2048, 2048, 2048]",314.0
1230,9480,24,40,2024-03-09T18:08:55.091000+00:00,34.604,29.283,29.849,,303.0,False,93.736,"[None, 2048, 2048, 2048, 2048, 2048, 2048, 2049, 2048]","[2048, 2049, 2049, 2049, 2049, 2048, 2048]","[2048, 2048, 2048, 2048, 2048, 2048, 2048, 2048, 2048]",306.0
1230,9480,27,40,2024-03-09T18:09:00.760000+00:00,34.275,29.18,29.477,,302.0,False,92.932,"[None, 2048, 2048, 2048, 2048, 2048, 2048, 2049, 2049]","[2048, 2049, 2048, 2049, 2049, 2048, 2048]","[2048, 2048, 2048, 2048, 2048, 2048, 2048, 2048, 2048]",308.0
1230,9480,20,40,2024-03-09T18:09:05.100000+00:00,34.213,29.233,29.484,290.0,302.0,False,92.93,"[None, 2048, 2048, 2049, 2049, 2049, 2049, 2048, 2049]","[2048, 2049, 2049, 2048, 2048, 2048, 2048]","[2048, 2048, 2049, 2048, 2048, 2048, 2048, 2048, 2048]",307.0
1230,9480,31,40,2024-03-09T18:09:07.217000+00:00,34.6,29.347,29.769,,303.0,False,93.716,"[None, 2048, 2049, 2048, 2048, 2049, 2049, 2049, 2049]","[2048, 2048, 2048, 2049, 2049, 2048, 2048]","[2048, 2048, 2048, 2048, 2048, 2048, 2048, 2048, 2048]",306.0
1230,9480,23,40,2024-03-09T18:09:08.671000+00:00,34.576,29.217,29.631,291.0,311.0,False,93.424,"[None, 2048, 2048, 2048, 2048, 2048, 2049, 2049, 2049]","[2048, 2049, 2048, 2048, 2049, 2048, 2048]","[2048, 2048, 2048, 2048, 2048, 2048, 2048, 2048, 2048]",313.0
1230,9480,22,40,2024-03-09T18:09:10.557000+00:00,34.619,29.479,29.503,290.0,309.0,False,93.601,"[None, 2048, 2048, 2048, 2049, 2049, 2049, 2048, 2049]","[2048, 2049, 2048, 2049, 2048, 2048, 2048]","[2048, 2049, 2048, 2048, 2048, 2048, 2048, 2048, 2048]",318.0
1230,9480,2,40,2024-03-09T18:09:11.155000+00:00,34.661,29.359,29.527,291.0,320.0,False,93.547,"[None, 2048, 2048, 2048, 2049, 2049, 2048, 2049, 2049]","[2049, 2048, 2049, 2049, 2048, 2048, 2048]","[2048, 2048, 2049, 2048, 2048, 2048, 2048, 2048, 2048]",328.0
1230,9480,3,40,2024-03-09T18:09:12.565000+00:00,34.721,29.372,29.401,291.0,313.0,False,93.494,"[None, 2048, 2048, 2048, 2048, 2049, 2049, 2049, 2049]","[2049, 2049, 2049, 2049, 2049, 2048, 2048]","[2049, 2049, 2048, 2048, 2049, 2048, 2048, 2048, 2048]",317.0
1230,9480,1,41,2024-03-09T18:09:16.583000+00:00,34.119,29.046,29.326,292.0,306.0,False,92.491,"[None, 2048, 2048, 2048, 2048, 2048, 2048, 2048, 2048]","[2049, 2048, 2048, 2048, 2049, 2048, 2048]","[2048, 2048, 2049, 2048, 2048, 2048, 2048, 2049, 2048]",309.0
1230,9480,11,41,2024-03-09T18:09:25.437000+00:00,34.098,29.123,29.259,289.0,303.0,False,92.48,"[None, 2048, 2048, 2048, 2048, 2048, 2048, 2048, 2048]","[2048, 2048, 2048, 2048, 2048, 2048, 2048]","[2048, 2048, 2048, 2048, 2048, 2048, 2048, 2049, 2048]",312.0
1230,9480,77,40,2024-03-09T18:09:33.930000+00:00,34.335,29.317,29.523,284.0,301.0,False,93.175,"[None, 2048, 2048, 2048, 2048, 2048, 2049, 2049, 2048]","[2048, 2049, 2048, 2048, 2048, 2048, 2048]","[2048, 2048, 2048, 2048, 2048, 2048, 2048, 2048, 2048]",304.0
1230,9480,16,41,2024-03-09T18:09:37.451000+00:00,33.936,29.187,29.381,288.0,300.0,False,92.504,"[None, 2048, 2048, 2048, 2048, 2048, 2048, 2048, 2049]","[2048, 2049, 2048, 2048, 2048, 2048, 2048]","[2048, 2048, 2048, 2048, 2048, 2048, 2048, 2048, 2048]",307.0
1230,9480,81,41,2024-03-09T18:09:49.213000+00:00,34.014,29.008,29.523,,302.0,False,92.545,"[None, 2048, 2049, 2048, 2048, 2048, 2048, 2049, 2048]","[2048, 2049, 2049, 2049, 2048, 2048, 2048]","[2049, 2048, 2048, 2048, 2048, 2048, 2048, 2048, 2048]",303.0
1230,9480,14,41,2024-03-09T18:09:53.239000+00:00,34.078,29.065,29.519,289.0,300.0,False,92.662,"[None, 2048, 2048, 2048, 2048, 2048, 2049, 2048, 2048]","[2048, 2049, 2048, 2048, 2048, 2048, 2048]","[2048, 2048, 2048, 2048, 2048, 2048, 2048, 2048, 2048]",304.0
1230,9480,63,41,2024-03-09T18:09:54.580000+00:00,34.172,28.924,29.362,293.0,313.0,False,92.458,"[None, 2048, 2048, 2048, 2049, 2048, 2049, 2049, 2048]","[2048, 2048, 2048, 2049, 2048, 2048, 2048]","[2048, 2049, 2051, 2048, 2048, 2048, 2048, 2048, 2048]",320.0
1230,9480,38,41,2024-03-09T18:10:00.196000+00:00,34.036,29.221,29.434,,299.0,False,92.691,"[None, 2048, 2049, 2048, 2048, 2048, 2048, 2048, 2048]","[2048, 2048, 2048, 2048, 2049, 2048, 2048]","[2048, 2048, 2049, 2048, 2048, 2048, 2048, 2048, 2048]",306.0
1230,9480,4,41,2024-03-09T18:10:05.196000+00:00,33.575,29.014,29.506,291.0,300.0,False,92.095,"[None, 2048, 2051, 2048, 2048, 2048, 2048, 2048, 2049]","[2048, 2048, 2048, 2048, 2048, 2049, 2048]","[2048, 2048, 2048, 2048, 2048, 2048, 2048, 2048, 2048]",299.0
1230,9480,44,41,2024-03-09T18:10:06.212000+00:00,34.196,28.857,29.148,294.0,313.0,False,92.201,"[None, 2048, 2048, 2048, 2051, 2048, 2049, 2048, 2049]","[2051, 2048, 2051, 2049, 2048, 2048, 2048]","[2049, 2048, 2048, 2048, 2048, 2048, 2048, 2048, 2048]",318.0
1230,9480,24,41,2024-03-09T18:10:28.785000+00:00,34.611,29.551,32.217,284.0,300.0,False,96.379,"[None, 2048, 2048, 2048, 2048, 2049, 2048, 2048, 2048]","[2048, 2048, 2048, 2048, 2048, 2048, 2048]","[2048, 2049, 2049, 2048, 2049, 2048, 2048, 2048, 2064]",303.0
1230,9480,27,41,2024-03-09T18:10:33.642000+00:00,34.206,29.15,29.484,289.0,303.0,False,92.84,"[None, 2048, 2048, 2048, 2048, 2048, 2048, 2048, 2048]","[2048, 2048, 2049, 2049, 2048, 2048, 2048]","[2049, 2048, 2048, 2048, 2049, 2048, 2048, 2048, 2048]",309.0
1230,9480,20,41,2024-03-09T18:10:38.099000+00:00,34.044,29.272,29.539,289.0,303.0,False,92.855,"[None, 2048, 2049, 2048, 2048, 2049, 2049, 2048, 2049]","[2048, 2048, 2048, 2048, 2048, 2048, 2048]","[2048, 2048, 2048, 2048, 2048, 2048, 2049, 2048, 2048]",306.0
1230,9480,31,41,2024-03-09T18:10:40.980000+00:00,34.532,29.502,29.677,287.0,299.0,False,93.711,"[None, 2048, 2048, 2048, 2049, 2049, 2048, 2048, 2048]","[2048, 2049, 2048, 2048, 2048, 2048, 2048]","[2048, 2048, 2048, 2048, 2048, 2049, 2048, 2048, 2048]",305.0
1230,9480,23,41,2024-03-09T18:10:41.961000+00:00,34.761,29.3,29.689,289.0,313.0,False,93.75,"[None, 2048, 2048, 2048, 2049, 2048, 2048, 2049, 2048]","[2048, 2048, 2048, 2048, 2049, 2048, 2048]","[2048, 2048, 2048, 2048, 2048, 2048, 2048, 2048, 2048]",310.0
1230,9480,22,41,2024-03-09T18:10:44.132000+00:00,34.725,29.443,29.563,289.0,309.0,False,93.731,"[None, 2048, 2048, 2048, 2048, 2048, 2049, 2048, 2048]","[2048, 2049, 2049, 2049, 2048, 2048, 2048]","[2048, 2048, 2048, 2048, 2048, 2048, 2048, 2048, 2048]",321.0
1230,9480,2,41,2024-03-09T18:10:44.659000+00:00,35.051,29.373,29.414,289.0,325.0,False,93.838,"[None, 2048, 2048, 2048, 2048, 2048, 2049, 2048, 2048]","[2049, 2048, 2049, 2049, 2048, 2048, 2048]","[2049, 2048, 2048, 2048, 2048, 2048, 2048, 2048, 2048]",324.0
1230,9480,3,41,2024-03-09T18:10:46.245000+00:00,35.343,29.67,29.561,289.0,310.0,False,94.574,"[None, 2048, 2049, 2048, 2048, 2048, 2048, 2048, 2048]","[2048, 2048, 2049, 2048, 2048, 2048, 2048]","[2048, 2048, 2048, 2048, 2048, 2048, 2048, 2048, 2048]",314.0
1230,9480,1,42,2024-03-09T18:10:49.102000+00:00,34.337,29.205,29.471,290.0,306.0,False,93.013,"[None, 2048, 2048, 2048, 2048, 2048, 2048, 2048, 2048]","[2048, 2048, 2048, 2048, 2048, 2049, 2048]","[2048, 2048, 2049, 2048, 2048, 2048, 2048, 2049, 2048]",308.0
1230,9480,11,42,2024-03-09T18:10:57.847000+00:00,33.903,29.159,29.371,290.0,305.0,False,92.433,"[None, 2048, 2048, 2048, 2048, 2048, 2048, 2048, 2048]","[2048, 2048, 2049, 2048, 2048, 2048, 2048]","[2048, 2048, 2048, 2048, 2048, 2048, 2048, 2048, 2048]",311.0
1230,9480,77,41,2024-03-09T18:11:07.001000+00:00,34.358,29.274,29.562,,301.0,False,93.194,"[None, 2048, 2048, 2048, 2048, 2048, 2048, 2048, 2048]","[2048, 2049, 2048, 2049, 2048, 2048, 2048]","[2048, 2049, 2048, 2048, 2048, 2048, 2048, 2048, 2048]",304.0
1230,9480,16,42,2024-03-09T18:11:09.901000+00:00,34.077,29.135,29.448,,300.0,False,92.66,"[None, 2048, 2048, 2048, 2048, 2048, 2048, 2048, 2048]","[2048, 2048, 2048, 2048, 2049, 2048, 2048]","[2048, 2048, 2048, 2048, 2048, 2048, 2048, 2048, 2048]",308.0
1230,9480,81,42,2024-03-09T18:11:21.766000+00:00,33.936,29.031,29.486,286.0,301.0,False,92.453,"[None, 2048, 2048, 2048, 2049, 2048, 2048, 2049, 2048]","[2048, 2049, 2048, 2048, 2049, 2048, 2048]","[2048, 2048, 2048, 2048, 2048, 2048, 2048, 2048, 2048]",304.0
1230,9480,14,42,2024-03-09T18:11:25.756000+00:00,33.949,29.054,29.407,,303.0,False,92.41,"[None, 2048, 2049, 2048, 2049, 2049, 2049, 2048, 2048]","[2048, 2048, 2049, 2048, 2048, 2048, 2048]","[2049, 2048, 2048, 2048, 2048, 2049, 2048, 2049, 2048]",306.0
1230,9480,63,42,2024-03-09T18:11:27.087000+00:00,34.061,28.821,29.372,294.0,320.0,False,92.254,"[None, 2049, 2049, 2048, 2048, 2049, 2049, 2048, 2048]","[2049, 2048, 2051, 2048, 2051, 2049, 2048]","[2049, 2048, 2048, 2048, 2048, 2048, 2048, 2049, 2048]",320.0
1230,9480,38,42,2024-03-09T18:11:32.940000+00:00,33.968,29.224,29.464,287.0,299.0,False,92.656,"[None, 2048, 2048, 2048, 2048, 2048, 2049, 2048, 2048]","[2048, 2049, 2049, 2049, 2048, 2048, 2048]","[2049, 2048, 2048, 2048, 2048, 2048, 2048, 2048, 2048]",306.0
1230,9480,4,42,2024-03-09T18:11:37.188000+00:00,33.716,29.121,29.365,288.0,298.0,False,92.202,"[None, 2048, 2048, 2048, 2048, 2048, 2048, 2051, 2049]","[2048, 2048, 2048, 2048, 2048, 2048, 2048]","[2048, 2049, 2049, 2048, 2048, 2048, 2048, 2048, 2048]",298.0
1230,9480,44,42,2024-03-09T18:11:38.514000+00:00,34.075,28.77,29.182,,313.0,False,92.027,"[None, 2048, 2048, 2048, 2048, 2048, 2049, 2049, 2049]","[2051, 2048, 2049, 2048, 2049, 2049, 2048]","[2048, 2048, 2049, 2048, 2048, 2048, 2048, 2048, 2048]",319.0
1230,9480,24,42,2024-03-09T18:12:05.167000+00:00,78.203,29.657,29.532,281.0,298.0,True,137.392,"[2064, 2064, 2064, 2048, 2048, 2048, 2048, 2048, 2048]","[2048, 2048, 2048, 2048, 2048, 2048, 2048]","[2048, 2049, 2048, 2048, 2048, 2051, 2048, 2048, 2048]",300.0
1230,9480,27,42,2024-03-09T18:12:06.509000+00:00,34.091,29.11,29.391,,301.0,False,92.592,"[None, 2048, 2048, 2048, 2048, 2048, 2049, 2048, 2049]","[2048, 2049, 2048, 2049, 2048, 2048, 2048]","[2048, 2049, 2048, 2048, 2048, 2048, 2048, 2048, 2048]",308.0
1230,9480,20,42,2024-03-09T18:12:10.962000+00:00,33.954,29.285,29.476,,301.0,False,92.715,"[None, 2048, 2049, 2048, 2048, 2049, 2048, 2049, 2049]","[2048, 2048, 2048, 2049, 2048, 2048, 2048]","[2048, 2049, 2049, 2048, 2048, 2048, 2049, 2049, 2048]",304.0
1230,9480,31,42,2024-03-09T18:12:14.633000+00:00,,29.461,29.64,286.0,301.0,False,93.633,"[None, 2048, 2048, 2049, 2048, 2049, 2048, 2049, 2049]","[2048, 2049, 2048, 2048, 2048, 2048, 2048]","[2048, 2049, 2048, 2048, 2048, 2049, 2048, 2048, 2048]",307.0
1230,9480,23,42,2024-03-09T18:12:15.794000+00:00,34.546,29.01,29.294,290.0,323.0,False,92.85,"[None, 2048, 2048, 2048, 2049, 2048, 2048, 2049, 2048]","[2048, 2049, 2048, 2048, 2048, 2048, 2048]","[2048, 2048, 2048, 2048, 2048, 2048, 2049, 2049, 2048]",328.0
1230,9480,22,42,2024-03-09T18:12:17.866000+00:00,34.63,29.439,29.554,291.0,312.0,False,93.623,"[None, 2048, 2048, 2048, 2048, 2048, 2049, 2049, 2049]","[2048, 2048, 2048, 2048, 2049, 2048, 2048]","[2048, 2048, 2048, 2048, 2049, 2048, 2048, 2048, 2048]",322.0
1230,9480,2,42,2024-03-09T18:12:18.467000+00:00,34.875,29.282,29.491,290.0,326.0,False,93.648,"[None, 2048, 2048, 2048, 2048, 2048, 2048, 2048, 2049]","[2048, 2048, 2048, 2049, 2048, 2048, 2048]","[2048, 2048, 2048, 2048, 2048, 2048, 2048, 2048, 2048]",326.0
1230,9480,3,42,2024-03-09T18:12:20.814000+00:00,35.691,30.525,29.596,245.0,311.0,False,95.812,"[None, 2048, 2048, 2049, 2048, 2048, 2048, 2048, 2048]","[2048, 2048, 2048, 2048, 2048, 2048, 2048]","[2048, 2048, 2048, 2048, 2048, 2048, 2048, 2048, 2048]",319.0
1230,9480,1,43,2024-03-09T18:12:22.031000+00:00,34.553,29.211,29.359,289.0,306.0,False,93.123,"[None, 2048, 2048, 2048, 2048, 2048, 2048, 2048, 2048]","[2048, 2048, 2048, 2048, 2048, 2048, 2048]","[2048, 2048, 2048, 2048, 2048, 2048, 2048, 2048, 2048]",309.0
1230,9480,11,43,2024-03-09T18:12:30.322000+00:00,33.987,29.093,29.312,289.0,304.0,False,92.392,"[None, 2048, 2048, 2048, 2048, 2048, 2048, 2048, 2049]","[2048, 2048, 2048, 2048, 2048, 2048, 2048]","[2048, 2048, 2048, 2048, 2048, 2048, 2048, 2048, 2048]",312.0
1230,9480,77,42,2024-03-09T18:12:40.223000+00:00,34.237,29.246,29.513,286.0,301.0,False,92.996,"[None, 2048, 2048, 2048, 2048, 2049, 2048, 2048, 2049]","[2048, 2049, 2048, 2049, 2049, 2048, 2048]","[2048, 2049, 2048, 2048, 2048, 2048, 2048, 2048, 2048]",303.0
1230,9480,16,43,2024-03-09T18:12:42.641000+00:00,34.02,29.165,29.371,289.0,302.0,False,92.556,"[None, 2048, 2049, 2048, 2049, 2048, 2048, 2048, 2048]","[2048, 2048, 2049, 2048, 2048, 2048, 2048]","[2048, 2048, 2048, 2048, 2048, 2048, 2048, 2048, 2048]",311.0
1230,9480,81,43,2024-03-09T18:12:54.186000+00:00,33.951,29.02,29.55,290.0,301.0,False,92.521,"[None, 2048, 2048, 2048, 2048, 2048, 2049, 2048, 2049]","[2048, 2048, 2048, 2049, 2049, 2048, 2048]","[2048, 2048, 2048, 2048, 2048, 2048, 2048, 2048, 2048]",304.0
1230,9480,14,43,2024-03-09T18:12:58.310000+00:00,33.992,28.953,29.442,290.0,301.0,False,92.387,"[None, 2048, 2048, 2048, 2048, 2048, 2048, 2049, 2049]","[2048, 2048, 2048, 2049, 2049, 2049, 2048]","[2048, 2049, 2048, 2048, 2048, 2048, 2048, 2048, 2048]",308.0
1230,9480,63,43,2024-03-09T18:12:59.192000+00:00,34.162,28.933,29.404,295.0,311.0,False,92.499,"[None, 2048, 2048, 2048, 2048, 2048, 2048, 2048, 2048]","[2048, 2048, 2048, 2048, 2048, 2048, 2048]","[2048, 2048, 2048, 2048, 2048, 2048, 2048, 2048, 2048]",317.0
1230,9480,38,43,2024-03-09T18:13:05.622000+00:00,34.038,29.226,29.408,288.0,299.0,False,92.672,"[None, 2048, 2048, 2048, 2048, 2048, 2048, 2048, 2049]","[2048, 2049, 2049, 2048, 2048, 2048, 2048]","[2048, 2048, 2048, 2048, 2048, 2048, 2048, 2048, 2048]",306.0
1230,9480,4,43,2024-03-09T18:13:09.425000+00:00,33.785,29.124,29.49,290.0,298.0,False,92.399,"[None, 2048, 2048, 2048, 2048, 2048, 2051, 2048, 2048]","[2048, 2048, 2048, 2048, 2048, 2048, 2048]","[2048, 2048, 2048, 2048, 2048, 2048, 2048, 2048, 2048]",299.0
1230,9480,44,43,2024-03-09T18:13:10.452000+00:00,34.125,28.81,29.106,293.0,313.0,False,92.041,"[None, 2048, 2048, 2048, 2048, 2048, 2049, 2048, 2048]","[2048, 2048, 2048, 2049, 2048, 2049, 2048]","[2048, 2048, 2048, 2048, 2048, 2048, 2048, 2048, 2048]",317.0
1230,9480,27,43,2024-03-09T18:13:39.165000+00:00,34.046,29.121,29.585,288.0,300.0,False,92.752,"[None, 2048, 2048, 2048, 2049, 2049, 2049, 2049, 2048]","[2048, 2049, 2048, 2048, 2049, 2048, 2048]","[2048, 2048, 2048, 2048, 2048, 2048, 2048, 2048, 2048]",306.0
1230,9480,20,43,2024-03-09T18:13:43.659000+00:00,34.118,29.304,29.48,,301.0,False,92.902,"[None, 2048, 2049, 2048, 2049, 2048, 2048, 2048, 2049]","[2048, 2048, 2048, 2048, 2048, 2048, 2048]","[2048, 2048, 2048, 2048, 2048, 2049, 2048, 2048, 2048]",304.0
1230,9480,31,43,2024-03-09T18:13:48.253000+00:00,35.359,29.6,29.631,285.0,302.0,False,94.59,"[None, 2048, 2048, 2048, 2048, 2048, 2048, 2048, 2048]","[2048, 2048, 2048, 2048, 2048, 2048, 2048]","[2048, 2048, 2048, 2048, 2048, 2048, 2048, 2048, 2048]",309.0
1230,9480,23,43,2024-03-09T18:13:48.547000+00:00,34.116,29.271,29.607,,303.0,False,92.994,"[None, 2048, 2048, 2048, 2048, 2049, 2049, 2049, 2048]","[2048, 2048, 2048, 2049, 2048, 2048, 2048]","[2048, 2049, 2048, 2048, 2048, 2048, 2048, 2048, 2048]",303.0
1230,9480,22,43,2024-03-09T18:13:51.420000+00:00,34.621,29.542,29.604,290.0,309.0,False,93.767,"[None, 2048, 2048, 2048, 2049, 2049, 2048, 2049, 2048]","[2048, 2048, 2048, 2048, 2048, 2048, 2048]","[2048, 2048, 2048, 2048, 2048, 2048, 2048, 2048, 2048]",319.0
1230,9480,2,43,2024-03-09T18:13:52.217000+00:00,34.869,29.378,29.519,,325.0,False,93.766,"[None, 2048, 2049, 2048, 2048, 2048, 2049, 2048, 2048]","[2048, 2048, 2048, 2048, 2048, 2048, 2048]","[2048, 2049, 2049, 2048, 2048, 2048, 2048, 2048, 2048]",327.0
1230,9480,1,44,2024-03-09T18:13:55.226000+00:00,33.996,29.009,29.372,292.0,310.0,False,92.377,"[None, 2049, 2048, 2048, 2048, 2048, 2048, 2048, 2048]","[2048, 2048, 2049, 2048, 2049, 2049, 2048]","[2048, 2048, 2049, 2048, 2048, 2048, 2048, 2048, 2048]",311.0
1230,9480,3,43,2024-03-09T18:13:56.524000+00:00,34.779,29.46,29.466,291.0,311.0,False,93.705,"[None, 2048, 2048, 2048, 2048, 2048, 2048, 2048, 2049]","[2048, 2048, 2048, 2048, 2049, 2048, 2048]","[2048, 2049, 2048, 2048, 2048, 2048, 2049, 2048, 2048]",315.0
1230,9480,11,44,2024-03-09T18:14:02.625000+00:00,33.983,29.167,29.291,290.0,305.0,False,92.441,"[None, 2048, 2048, 2048, 2048, 2048, 2048, 2048, 2048]","[2048, 2048, 2048, 2048, 2048, 2048, 2048]","[2048, 2048, 2048, 2048, 2048, 2048, 2048, 2049, 2048]",312.0
1230,9480,77,43,2024-03-09T18:14:13.191000+00:00,34.16,29.321,29.587,285.0,299.0,False,93.068,"[None, 2048, 2048, 2048, 2048, 2048, 2049, 2049, 2049]","[2048, 2048, 2048, 2049, 2049, 2048, 2048]","[2048, 2048, 2048, 2048, 2048, 2048, 2048, 2048, 2048]",302.0
1230,9480,16,44,2024-03-09T18:14:15.113000+00:00,33.979,29.234,29.466,,301.0,False,92.679,"[None, 2048, 2048, 2048, 2048, 2048, 2048, 2048, 2048]","[2048, 2048, 2048, 2048, 2048, 2048, 2048]","[2048, 2048, 2048, 2048, 2048, 2048, 2048, 2048, 2048]",308.0
1230,9480,24,43,2024-03-09T18:14:22.626000+00:00,34.276,29.221,29.55,283.0,298.0,False,93.047,"[2048, 2049, 2049, 2049, 2048, 2048, 2049, 2049, 2049]","[2048, 2051, 2048, 2048, 2049, 2048, 2048]","[2048, 2048, 2048, 2048, 2048, 2048, 2049, 2049, 2048]",300.0
1230,9480,81,44,2024-03-09T18:14:26.810000+00:00,33.957,29.124,29.458,289.0,304.0,False,92.539,"[None, 2048, 2049, 2048, 2049, 2048, 2048, 2048, 2048]","[2048, 2048, 2048, 2049, 2048, 2048, 2048]","[2049, 2048, 2048, 2048, 2048, 2048, 2048, 2048, 2048]",306.0
1230,9480,14,44,2024-03-09T18:14:30.666000+00:00,34.096,28.971,29.407,,301.0,False,92.474,"[None, 2048, 2048, 2048, 2048, 2048, 2048, 2048, 2048]","[2048, 2048, 2049, 2048, 2049, 2048, 2048]","[2048, 2048, 2049, 2048, 2048, 2048, 2048, 2049, 2048]",307.0
1230,9480,63,44,2024-03-09T18:14:31.658000+00:00,34.256,28.946,29.369,294.0,311.0,False,92.571,"[None, 2048, 2048, 2048, 2049, 2048, 2048, 2048, 2048]","[2048, 2049, 2048, 2048, 2048, 2048, 2048]","[2048, 2048, 2048, 2048, 2048, 2048, 2048, 2048, 2048]",319.0
1230,9480,38,44,2024-03-09T18:14:38.256000+00:00,33.793,29.117,29.412,290.0,299.0,False,92.322,"[None, 2048, 2048, 2048, 2049, 2048, 2048, 2049, 2049]","[2048, 2048, 2049, 2049, 2048, 2048, 2048]","[2048, 2048, 2048, 2048, 2048, 2048, 2048, 2048, 2048]",308.0
1230,9480,4,44,2024-03-09T18:14:41.921000+00:00,33.605,29.054,29.492,292.0,299.0,False,92.151,"[None, 2048, 2048, 2048, 2048, 2051, 2051, 2051, 2051]","[2049, 2048, 2049, 2048, 2049, 2048, 2048]","[2048, 2048, 2048, 2048, 2048, 2048, 2048, 2048, 2048]",300.0
1230,9480,44,44,2024-03-09T18:14:42.559000+00:00,34.288,28.825,29.119,,313.0,False,92.232,"[None, 2048, 2048, 2048, 2048, 2048, 2048, 2048, 2048]","[2048, 2048, 2049, 2049, 2048, 2048, 2048]","[2049, 2048, 2048, 2048, 2048, 2048, 2048, 2048, 2048]",318.0
1230,9480,27,44,2024-03-09T18:15:11.843000+00:00,34.039,29.187,29.41,,298.0,False,92.636,"[None, 2048, 2048, 2048, 2049, 2048, 2048, 2048, 2049]","[2048, 2048, 2048, 2048, 2048, 2048, 2048]","[2048, 2048, 2048, 2048, 2048, 2048, 2048, 2048, 2048]",306.0
1230,9480,20,44,2024-03-09T18:15:16.595000+00:00,33.941,29.301,29.402,290.0,301.0,False,92.644,"[None, 2048, 2048, 2048, 2048, 2048, 2048, 2049, 2048]","[2048, 2049, 2049, 2048, 2048, 2048, 2048]","[2048, 2048, 2048, 2048, 2048, 2049, 2048, 2048, 2048]",307.0
1230,9480,23,44,2024-03-09T18:15:21.463000+00:00,34.316,29.167,29.514,,305.0,False,92.997,"[None, 2048, 2048, 2048, 2049, 2049, 2049, 2049, 2049]","[2048, 2048, 2048, 2049, 2049, 2048, 2048]","[2049, 2049, 2048, 2048, 2048, 2048, 2048, 2048, 2048]",309.0
1230,9480,31,44,2024-03-09T18:15:22.920000+00:00,34.803,29.467,29.601,283.0,302.0,False,93.871,"[None, 2048, 2048, 2048, 2048, 2048, 2048, 2048, 2048]","[2048, 2049, 2048, 2048, 2048, 2048, 2048]","[2048, 2048, 2048, 2048, 2048, 2048, 2048, 2048, 2048]",308.0
1230,9480,22,44,2024-03-09T18:15:25.222000+00:00,34.541,29.493,29.489,,309.0,False,93.523,"[None, 2048, 2048, 2048, 2049, 2048, 2049, 2049, 2048]","[2048, 2049, 2048, 2048, 2048, 2048, 2048]","[2048, 2048, 2048, 2048, 2048, 2049, 2048, 2048, 2048]",320.0
1230,9480,2,44,2024-03-09T18:15:25.960000+00:00,34.746,30.819,29.65,,315.0,False,95.215,"[None, 2048, 2048, 2048, 2048, 2048, 2048, 2048, 2048]","[2048, 2048, 2048, 2048, 2048, 2048, 2048]","[2048, 2048, 2048, 2048, 2048, 2048, 2048, 2048, 2048]",332.0
1230,9480,1,45,2024-03-09T18:15:27.522000+00:00,34.348,29.199,29.463,289.0,321.0,False,93.01,"[None, 2048, 2048, 2048, 2048, 2048, 2048, 2048, 2048]","[2048, 2048, 2048, 2048, 2048, 2049, 2049]","[2048, 2048, 2048, 2048, 2048, 2048, 2048, 2048, 2048]",309.0
1230,9480,3,44,2024-03-09T18:15:30.247000+00:00,34.624,29.301,29.511,289.0,311.0,False,93.436,"[None, 2048, 2048, 2049, 2048, 2049, 2048, 2049, 2048]","[2048, 2049, 2049, 2049, 2049, 2048, 2048]","[2049, 2048, 2048, 2048, 2049, 2048, 2048, 2048, 2048]",317.0
1230,9480,11,45,2024-03-09T18:15:35.165000+00:00,34.187,29.142,29.233,289.0,305.0,False,92.562,"[None, 2048, 2048, 2048, 2048, 2048, 2048, 2048, 2048]","[2048, 2048, 2048, 2048, 2048, 2048, 2048]","[2048, 2048, 2049, 2048, 2048, 2048, 2048, 2049, 2048]",314.0
1230,9480,77,44,2024-03-09T18:15:46.315000+00:00,34.198,31.305,29.698,283.0,313.0,False,95.201,"[None, 2048, 2048, 2048, 2049, 2048, 2049, 2049, 2048]","[2048, 2048, 2048, 2048, 2048, 2048, 2048]","[2048, 2048, 2048, 2048, 2048, 2048, 2048, 2048, 2048]",320.0
1230,9480,16,45,2024-03-09T18:15:47.881000+00:00,33.883,29.319,29.35,,298.0,False,92.552,"[None, 2048, 2048, 2048, 2048, 2048, 2048, 2048, 2048]","[2048, 2048, 2048, 2048, 2048, 2048, 2048]","[2048, 2048, 2048, 2048, 2048, 2048, 2048, 2048, 2048]",306.0
1230,9480,24,44,2024-03-09T18:15:55.589000+00:00,34.167,29.203,29.4,,299.0,False,92.77,"[None, 2049, 2048, 2048, 2049, 2049, 2049, 2049, 2049]","[2048, 2048, 2048, 2049, 2048, 2048, 2048]","[2049, 2049, 2049, 2048, 2048, 2048, 2048, 2048, 2048]",303.0
1230,9480,81,45,2024-03-09T18:15:59.311000+00:00,33.816,28.959,29.535,290.0,301.0,False,92.31,"[None, 2048, 2048, 2048, 2048, 2048, 2048, 2048, 2049]","[2048, 2048, 2049, 2049, 2051, 2048, 2048]","[2048, 2048, 2048, 2048, 2048, 2048, 2048, 2048, 2048]",306.0
1230,9480,14,45,2024-03-09T18:16:03.144000+00:00,34.007,29.022,29.384,,302.0,False,92.413,"[None, 2048, 2048, 2048, 2048, 2048, 2048, 2049, 2048]","[2049, 2048, 2048, 2048, 2048, 2048, 2048]","[2048, 2049, 2049, 2048, 2048, 2048, 2048, 2048, 2048]",307.0
1230,9480,63,45,2024-03-09T18:16:04.251000+00:00,34.325,28.874,29.374,293.0,319.0,False,92.573,"[None, 2048, 2048, 2048, 2048, 2048, 2048, 2048, 2048]","[2048, 2048, 2051, 2048, 2048, 2048, 2048]","[2048, 2048, 2051, 2048, 2048, 2048, 2048, 2048, 2048]",316.0
1230,9480,38,45,2024-03-09T18:16:10.516000+00:00,33.973,29.263,29.377,287.0,297.0,False,92.613,"[None, 2048, 2048, 2048, 2048, 2048, 2049, 2048, 2048]","[2048, 2048, 2048, 2048, 2048, 2048, 2048]","[2048, 2048, 2048, 2048, 2048, 2048, 2048, 2048, 2048]",305.0
1230,9480,4,45,2024-03-09T18:16:13.996000+00:00,33.639,29.138,29.428,290.0,299.0,False,92.205,"[None, 2048, 2048, 2048, 2048, 2048, 2048, 2048, 2048]","[2048, 2048, 2048, 2048, 2048, 2049, 2048]","[2048, 2048, 2048, 2048, 2048, 2048, 2048, 2048, 2048]",300.0
1230,9480,44,45,2024-03-09T18:16:14.819000+00:00,34.153,28.802,28.988,294.0,313.0,False,91.943,"[None, 2048, 2048, 2048, 2048, 2048, 2048, 2048, 2048]","[2048, 2048, 2048, 2048, 2048, 2049, 2048]","[2049, 2048, 2048, 2049, 2048, 2048, 2048, 2048, 2048]",330.0
1230,9480,27,45,2024-03-09T18:16:44.563000+00:00,34.018,29.048,29.427,,301.0,False,92.493,"[None, 2048, 2048, 2048, 2049, 2048, 2049, 2049, 2048]","[2049, 2049, 2049, 2049, 2048, 2048, 2048]","[2048, 2048, 2048, 2048, 2048, 2048, 2048, 2048, 2048]",308.0
1230,9480,20,45,2024-03-09T18:16:49.257000+00:00,33.856,29.232,29.55,289.0,302.0,False,92.638,"[None, 2048, 2048, 2048, 2049, 2048, 2049, 2048, 2048]","[2048, 2048, 2048, 2048, 2048, 2048, 2048]","[2048, 2048, 2048, 2048, 2048, 2049, 2048, 2048, 2048]",305.0
1230,9480,23,45,2024-03-09T18:16:54.612000+00:00,34.171,29.009,29.384,,310.0,False,92.564,"[None, 2048, 2048, 2048, 2049, 2049, 2049, 2048, 2048]","[2048, 2049, 2048, 2049, 2049, 2048, 2048]","[2049, 2048, 2048, 2048, 2048, 2048, 2048, 2048, 2048]",307.0
1230,9480,31,45,2024-03-09T18:16:56.725000+00:00,34.713,29.349,29.581,288.0,301.0,False,93.643,"[None, 2048, 2048, 2048, 2048, 2048, 2048, 2048, 2048]","[2048, 2048, 2049, 2049, 2048, 2048, 2048]","[2048, 2048, 2048, 2048, 2048, 2049, 2048, 2048, 2048]",309.0
1230,9480,22,45,2024-03-09T18:16:58.816000+00:00,34.656,29.394,29.594,289.0,311.0,False,93.644,"[None, 2048, 2048, 2048, 2048, 2048, 2048, 2048, 2048]","[2048, 2049, 2048, 2048, 2049, 2048, 2048]","[2048, 2048, 2048, 2048, 2048, 2048, 2048, 2048, 2048]",320.0
1230,9480,1,46,2024-03-09T18:17:00.590000+00:00,34.168,29.292,29.429,292.0,307.0,False,92.889,"[None, 2048, 2048, 2048, 2048, 2048, 2048, 2048, 2048]","[2048, 2048, 2049, 2048, 2048, 2048, 2048]","[2048, 2048, 2048, 2048, 2048, 2048, 2048, 2049, 2048]",311.0
1230,9480,2,45,2024-03-09T18:17:01.324000+00:00,34.812,29.554,29.711,289.0,308.0,False,94.077,"[None, 2048, 2048, 2048, 2048, 2048, 2048, 2049, 2048]","[2048, 2048, 2048, 2048, 2049, 2048, 2048]","[2048, 2048, 2048, 2048, 2048, 2049, 2048, 2048, 2048]",306.0
1230,9480,3,45,2024-03-09T18:17:03.634000+00:00,34.885,29.449,29.416,,309.0,False,93.75,"[None, 2049, 2048, 2048, 2048, 2048, 2049, 2048, 2048]","[2048, 2048, 2048, 2048, 2048, 2048, 2048]","[2048, 2048, 2048, 2048, 2048, 2048, 2048, 2048, 2048]",315.0
1230,9480,11,46,2024-03-09T18:17:07.726000+00:00,34.002,29.207,29.272,291.0,307.0,False,92.481,"[None, 2048, 2048, 2048, 2049, 2048, 2048, 2048, 2048]","[2048, 2048, 2048, 2048, 2048, 2048, 2048]","[2048, 2048, 2048, 2048, 2048, 2048, 2048, 2049, 2048]",315.0
1230,9480,16,46,2024-03-09T18:17:20.433000+00:00,33.737,29.074,29.241,288.0,298.0,False,92.052,"[None, 2048, 2048, 2048, 2048, 2048, 2048, 2048, 2049]","[2048, 2049, 2048, 2049, 2048, 2048, 2048]","[2048, 2049, 2048, 2048, 2048, 2048, 2048, 2048, 2048]",306.0
1230,9480,77,45,2024-03-09T18:17:21.565000+00:00,34.239,29.184,29.48,290.0,306.0,False,92.903,"[None, 2048, 2048, 2048, 2049, 2048, 2048, 2048, 2049]","[2049, 2048, 2049, 2048, 2048, 2048, 2048]","[2048, 2048, 2048, 2048, 2048, 2048, 2048, 2048, 2048]",311.0
1230,9480,24,45,2024-03-09T18:17:28.469000+00:00,34.219,29.221,29.417,285.0,299.0,False,92.857,"[None, 2048, 2048, 2051, 2049, 2049, 2048, 2048, 2049]","[2048, 2048, 2049, 2048, 2048, 2048, 2048]","[2049, 2048, 2048, 2048, 2048, 2048, 2048, 2049, 2048]",303.0
1230,9480,81,46,2024-03-09T18:17:31.640000+00:00,34.112,29.071,29.374,289.0,302.0,False,92.557,"[None, 2048, 2048, 2048, 2048, 2048, 2048, 2048, 2048]","[2048, 2048, 2048, 2048, 2048, 2048, 2048]","[2049, 2049, 2048, 2048, 2048, 2048, 2048, 2048, 2048]",305.0
1230,9480,14,46,2024-03-09T18:17:35.604000+00:00,34.101,29.066,29.474,289.0,303.0,False,92.641,"[None, 2048, 2048, 2048, 2048, 2048, 2048, 2048, 2048]","[2049, 2048, 2048, 2049, 2048, 2048, 2048]","[2048, 2048, 2048, 2048, 2048, 2048, 2048, 2048, 2048]",308.0
1230,9480,63,46,2024-03-09T18:17:36.838000+00:00,34.342,28.939,29.359,295.0,312.0,False,92.64,"[None, 2048, 2048, 2048, 2048, 2048, 2048, 2048, 2049]","[2049, 2048, 2048, 2048, 2048, 2048, 2048]","[2048, 2048, 2051, 2048, 2048, 2049, 2048, 2049, 2048]",317.0
1230,9480,38,46,2024-03-09T18:17:43.285000+00:00,34.091,29.206,29.452,288.0,298.0,False,92.749,"[None, 2048, 2048, 2048, 2048, 2048, 2048, 2048, 2048]","[2048, 2048, 2048, 2048, 2048, 2048, 2048]","[2048, 2048, 2048, 2048, 2048, 2048, 2048, 2048, 2048]",308.0
1230,9480,4,46,2024-03-09T18:17:46.285000+00:00,33.904,29.141,29.457,288.0,299.0,False,92.502,"[None, 2049, 2048, 2048, 2048, 2048, 2048, 2048, 2048]","[2048, 2048, 2048, 2048, 2049, 2049, 2048]","[2048, 2048, 2048, 2048, 2048, 2048, 2048, 2048, 2048]",299.0
1230,9480,44,46,2024-03-09T18:17:46.699000+00:00,34.709,29.03,29.297,295.0,312.0,False,93.036,"[2049, 2048, 2048, 2048, 2048, 2048, 2048, 2048, 2049]","[2048, 2048, 2048, 2048, 2048, 2048, 2048]","[2048, 2048, 2048, 2048, 2048, 2048, 2048, 2048, 2048]",315.0
1230,9480,27,46,2024-03-09T18:18:16.961000+00:00,33.923,29.144,29.363,,299.0,False,92.43,"[None, 2048, 2048, 2048, 2048, 2049, 2049, 2049, 2049]","[2048, 2048, 2048, 2049, 2048, 2048, 2048]","[2048, 2049, 2049, 2048, 2048, 2048, 2048, 2048, 2048]",305.0
1230,9480,20,46,2024-03-09T18:18:21.813000+00:00,33.97,29.396,29.446,290.0,302.0,False,92.812,"[None, 2048, 2048, 2048, 2048, 2048, 2048, 2048, 2048]","[2048, 2048, 2048, 2048, 2048, 2048, 2048]","[2048, 2048, 2048, 2048, 2048, 2048, 2048, 2048, 2048]",306.0
1230,9480,23,46,2024-03-09T18:18:27.111000+00:00,34.109,29.046,29.385,,306.0,False,92.54,"[None, 2048, 2049, 2048, 2048, 2048, 2048, 2049, 2048]","[2048, 2048, 2048, 2049, 2048, 2048, 2048]","[2049, 2049, 2048, 2048, 2048, 2048, 2048, 2048, 2048]",309.0
1230,9480,31,46,2024-03-09T18:18:30.444000+00:00,34.502,29.533,29.722,285.0,300.0,False,93.757,"[None, 2048, 2048, 2048, 2048, 2048, 2048, 2048, 2048]","[2048, 2048, 2048, 2048, 2048, 2048, 2048]","[2048, 2048, 2048, 2048, 2048, 2048, 2048, 2048, 2048]",308.0
1230,9480,22,46,2024-03-09T18:18:32.442000+00:00,35.343,30.098,29.52,241.0,320.0,False,94.961,"[None, 2048, 2048, 2048, 2048, 2049, 2048, 2048, 2048]","[2048, 2048, 2048, 2048, 2049, 2048, 2048]","[2048, 2048, 2048, 2048, 2048, 2048, 2048, 2048, 2048]",334.0
1230,9480,1,47,2024-03-09T18:18:33.540000+00:00,34.402,29.034,29.348,290.0,304.0,False,92.784,"[None, 2048, 2048, 2048, 2048, 2048, 2048, 2048, 2048]","[2048, 2048, 2048, 2048, 2049, 2048, 2048]","[2048, 2049, 2048, 2048, 2048, 2048, 2048, 2048, 2048]",309.0
1230,9480,2,46,2024-03-09T18:18:35.217000+00:00,35.016,29.46,29.665,,309.0,False,94.141,"[None, 2048, 2048, 2048, 2049, 2048, 2048, 2048, 2048]","[2048, 2049, 2049, 2048, 2048, 2048, 2048]","[2048, 2048, 2048, 2048, 2048, 2049, 2048, 2048, 2048]",308.0
1230,9480,3,46,2024-03-09T18:18:37.380000+00:00,34.552,29.384,29.464,291.0,312.0,False,93.4,"[None, 2048, 2048, 2048, 2049, 2049, 2049, 2049, 2048]","[2048, 2049, 2048, 2048, 2048, 2048, 2048]","[2048, 2048, 2049, 2048, 2048, 2048, 2048, 2048, 2048]",319.0
1230,9480,11,47,2024-03-09T18:18:40.207000+00:00,34.183,29.257,29.392,289.0,306.0,False,92.832,"[None, 2048, 2048, 2048, 2048, 2048, 2048, 2048, 2048]","[2048, 2048, 2048, 2048, 2048, 2048, 2048]","[2048, 2048, 2049, 2048, 2048, 2048, 2048, 2048, 2048]",314.0
1230,9480,16,47,2024-03-09T18:18:52.486000+00:00,33.634,29.122,29.273,287.0,298.0,False,92.029,"[None, 2048, 2048, 2048, 2049, 2049, 2049, 2049, 2048]","[2048, 2049, 2048, 2048, 2048, 2048, 2048]","[2048, 2048, 2048, 2048, 2048, 2048, 2049, 2048, 2048]",304.0
1230,9480,77,46,2024-03-09T18:18:54.394000+00:00,34.251,29.24,29.457,288.0,304.0,False,92.948,"[None, 2048, 2048, 2048, 2048, 2048, 2048, 2048, 2048]","[2048, 2048, 2048, 2049, 2048, 2048, 2048]","[2048, 2049, 2049, 2048, 2048, 2048, 2048, 2048, 2048]",306.0
1230,9480,24,46,2024-03-09T18:19:01.266000+00:00,34.126,29.24,29.508,286.0,301.0,False,92.874,"[None, 2048, 2048, 2048, 2049, 2048, 2049, 2049, 2049]","[2049, 2048, 2048, 2049, 2048, 2048, 2048]","[2048, 2048, 2048, 2048, 2048, 2048, 2048, 2048, 2048]",303.0
1230,9480,81,47,2024-03-09T18:19:04.224000+00:00,34.006,29.145,29.423,291.0,304.0,False,92.574,"[None, 2048, 2048, 2048, 2048, 2048, 2048, 2048, 2049]","[2048, 2048, 2049, 2048, 2048, 2048, 2048]","[2048, 2049, 2048, 2048, 2048, 2048, 2048, 2048, 2048]",307.0
1230,9480,14,47,2024-03-09T18:19:08.182000+00:00,34.06,29.02,29.499,291.0,305.0,False,92.579,"[None, 2048, 2048, 2048, 2048, 2048, 2049, 2048, 2048]","[2048, 2048, 2049, 2048, 2048, 2048, 2048]","[2048, 2048, 2048, 2048, 2048, 2048, 2049, 2048, 2048]",307.0
1230,9480,63,47,2024-03-09T18:19:09.461000+00:00,34.327,28.862,29.305,,320.0,False,92.494,"[None, 2048, 2048, 2048, 2048, 2048, 2048, 2048, 2048]","[2048, 2048, 2048, 2048, 2048, 2048, 2048]","[2049, 2049, 2048, 2048, 2048, 2048, 2048, 2048, 2048]",318.0
1230,9480,38,47,2024-03-09T18:19:15.977000+00:00,33.921,29.125,29.537,289.0,300.0,False,92.583,"[None, 2048, 2048, 2048, 2049, 2048, 2048, 2048, 2048]","[2048, 2048, 2049, 2048, 2048, 2048, 2048]","[2048, 2048, 2048, 2048, 2048, 2048, 2048, 2048, 2048]",309.0
1230,9480,4,47,2024-03-09T18:19:18.713000+00:00,33.589,29.131,29.433,291.0,301.0,False,92.153,"[None, 2048, 2048, 2048, 2048, 2048, 2048, 2048, 2048]","[2048, 2048, 2048, 2048, 2048, 2048, 2048]","[2048, 2048, 2049, 2048, 2048, 2048, 2048, 2048, 2048]",301.0
1230,9480,44,47,2024-03-09T18:19:19.782000+00:00,34.081,28.818,29.207,294.0,314.0,False,92.106,"[2048, 2048, 2048, 2048, 2048, 2048, 2048, 2048, 2049]","[2048, 2048, 2048, 2048, 2049, 2048, 2048]","[2048, 2048, 2048, 2048, 2048, 2048, 2048, 2048, 2048]",318.0
1230,9480,27,47,2024-03-09T18:19:49.428000+00:00,33.912,28.976,29.491,290.0,300.0,False,92.379,"[None, 2049, 2048, 2048, 2049, 2048, 2048, 2048, 2048]","[2049, 2049, 2048, 2049, 2049, 2048, 2048]","[2048, 2048, 2048, 2048, 2048, 2048, 2048, 2048, 2048]",308.0
1230,9480,20,47,2024-03-09T18:19:54.684000+00:00,33.881,29.088,29.369,,303.0,False,92.338,"[None, 2048, 2048, 2048, 2049, 2048, 2049, 2048, 2048]","[2049, 2048, 2048, 2049, 2048, 2048, 2048]","[2048, 2048, 2048, 2048, 2048, 2049, 2048, 2048, 2048]",308.0
1230,9480,23,47,2024-03-09T18:19:59.725000+00:00,35.331,29.094,29.433,,305.0,False,93.858,"[None, 2048, 2048, 2048, 2048, 2048, 2048, 2048, 2048]","[2048, 2049, 2048, 2048, 2048, 2048, 2048]","[2048, 2048, 2048, 2048, 2048, 2048, 2048, 2048, 2048]",309.0
1230,9480,31,47,2024-03-09T18:20:04.205000+00:00,34.722,29.585,30.987,288.0,301.0,False,95.294,"[None, 2048, 2048, 2048, 2048, 2048, 2048, 2048, 2048]","[2048, 2048, 2048, 2048, 2048, 2048, 2048]","[2048, 2048, 2048, 2048, 2048, 2048, 2048, 2048, 2048]",274.0
1230,9480,1,48,2024-03-09T18:20:06.253000+00:00,34.127,29.104,29.332,292.0,305.0,False,92.563,"[None, 2048, 2048, 2048, 2048, 2048, 2048, 2048, 2048]","[2048, 2048, 2049, 2048, 2048, 2048, 2048]","[2048, 2048, 2048, 2048, 2048, 2048, 2049, 2048, 2048]",310.0
1230,9480,22,47,2024-03-09T18:20:07.333000+00:00,34.567,29.343,29.615,292.0,312.0,False,93.525,"[None, 2048, 2048, 2048, 2048, 2049, 2048, 2049, 2049]","[2049, 2048, 2049, 2048, 2048, 2048, 2048]","[2048, 2048, 2048, 2048, 2048, 2048, 2048, 2048, 2048]",321.0
1230,9480,2,47,2024-03-09T18:20:09.383000+00:00,34.616,29.351,29.751,290.0,306.0,False,93.718,"[None, 2048, 2048, 2048, 2049, 2049, 2049, 2049, 2048]","[2048, 2048, 2049, 2048, 2048, 2048, 2048]","[2048, 2048, 2048, 2048, 2048, 2049, 2048, 2048, 2048]",306.0
1230,9480,3,47,2024-03-09T18:20:10.830000+00:00,34.562,29.364,29.397,290.0,311.0,False,93.323,"[None, 2048, 2048, 2048, 2048, 2048, 2048, 2048, 2049]","[2048, 2049, 2049, 2048, 2048, 2048, 2048]","[2048, 2048, 2048, 2048, 2048, 2048, 2048, 2048, 2048]",318.0
1230,9480,11,48,2024-03-09T18:20:13.116000+00:00,33.997,29.17,29.347,292.0,308.0,False,92.514,"[None, 2048, 2048, 2048, 2048, 2048, 2048, 2048, 2048]","[2049, 2048, 2049, 2048, 2048, 2048, 2048]","[2048, 2048, 2049, 2048, 2048, 2048, 2048, 2049, 2048]",315.0
1230,9480,16,48,2024-03-09T18:20:24.484000+00:00,33.936,29.713,29.715,,297.0,False,93.364,"[None, 2048, 2048, 2048, 2048, 2048, 2048, 2048, 2048]","[2048, 2048, 2048, 2048, 2048, 2048, 2048]","[2048, 2048, 2048, 2048, 2048, 2048, 2049, 2048, 2048]",304.0
1230,9480,77,47,2024-03-09T18:20:27.320000+00:00,34.198,29.17,29.484,290.0,305.0,False,92.852,"[None, 2048, 2048, 2048, 2048, 2048, 2048, 2048, 2049]","[2048, 2048, 2048, 2048, 2048, 2048, 2048]","[2048, 2048, 2048, 2048, 2048, 2048, 2048, 2048, 2048]",306.0
1230,9480,24,47,2024-03-09T18:20:34.144000+00:00,34.497,29.254,29.456,283.0,300.0,False,93.207,"[None, 2048, 2048, 2048, 2048, 2048, 2048, 2048, 2048]","[2048, 2048, 2048, 2048, 2049, 2048, 2048]","[2048, 2048, 2049, 2048, 2048, 2048, 2048, 2048, 2048]",302.0
1230,9480,81,48,2024-03-09T18:20:36.816000+00:00,34.01,29.151,29.496,290.0,309.0,False,92.657,"[None, 2048, 2049, 2048, 2048, 2048, 2048, 2048, 2048]","[2048, 2048, 2048, 2048, 2048, 2048, 2048]","[2049, 2048, 2048, 2048, 2048, 2048, 2048, 2048, 2048]",311.0
1230,9480,14,48,2024-03-09T18:20:40.830000+00:00,34.035,29.132,29.462,289.0,299.0,False,92.629,"[None, 2048, 2048, 2048, 2048, 2048, 2049, 2049, 2049]","[2048, 2048, 2048, 2048, 2051, 2049, 2048]","[2048, 2048, 2049, 2048, 2048, 2048, 2049, 2049, 2048]",302.0
1230,9480,63,48,2024-03-09T18:20:42.011000+00:00,34.605,28.934,29.341,,320.0,False,92.88,"[None, 2048, 2049, 2048, 2048, 2048, 2048, 2049, 2049]","[2048, 2048, 2048, 2048, 2048, 2048, 2048]","[2048, 2048, 2048, 2048, 2048, 2049, 2048, 2048, 2048]",314.0
1230,9480,38,48,2024-03-09T18:20:48.490000+00:00,33.863,29.067,29.332,290.0,300.0,False,92.262,"[None, 2048, 2048, 2048, 2048, 2048, 2048, 2048, 2048]","[2049, 2049, 2048, 2048, 2049, 2048, 2048]","[2048, 2051, 2049, 2048, 2048, 2048, 2048, 2048, 2048]",308.0
1230,9480,4,48,2024-03-09T18:20:50.849000+00:00,33.734,29.088,29.547,,302.0,False,92.369,"[None, 2048, 2048, 2048, 2048, 2048, 2048, 2048, 2048]","[2049, 2048, 2048, 2048, 2048, 2048, 2049]","[2048, 2048, 2048, 2048, 2048, 2048, 2048, 2048, 2048]",300.0
1230,9480,44,48,2024-03-09T18:20:51.963000+00:00,34.186,28.899,29.296,,313.0,False,92.381,"[None, 2048, 2048, 2048, 2048, 2048, 2048, 2049, 2048]","[2048, 2048, 2048, 2048, 2048, 2048, 2048]","[2048, 2049, 2048, 2048, 2048, 2048, 2048, 2048, 2048]",317.0
1230,9480,27,48,2024-03-09T18:21:21.884000+00:00,34.149,29.026,29.345,288.0,303.0,False,92.52,"[None, 2048, 2048, 2048, 2048, 2048, 2048, 2048, 2048]","[2048, 2048, 2049, 2048, 2048, 2048, 2048]","[2048, 2048, 2049, 2048, 2048, 2048, 2048, 2048, 2048]",308.0
1230,9480,20,48,2024-03-09T18:21:26.983000+00:00,34.893,29.227,29.354,289.0,305.0,False,93.474,"[None, 2048, 2048, 2048, 2051, 2048, 2048, 2048, 2048]","[2048, 2048, 2049, 2048, 2048, 2048, 2048]","[2048, 2048, 2049, 2048, 2048, 2048, 2048, 2048, 2048]",308.0
1230,9480,23,48,2024-03-09T18:21:33.577000+00:00,34.315,28.916,29.48,289.0,307.0,False,92.711,"[None, 2048, 2048, 2048, 2049, 2048, 2048, 2048, 2048]","[2048, 2049, 2049, 2049, 2048, 2048, 2048]","[2048, 2048, 2048, 2048, 2048, 2048, 2048, 2048, 2048]",307.0
1230,9480,1,49,2024-03-09T18:21:38.790000+00:00,33.841,29.093,29.229,293.0,303.0,False,92.163,"[None, 2048, 2048, 2048, 2049, 2048, 2049, 2048, 2051]","[2048, 2048, 2049, 2048, 2048, 2048, 2048]","[2048, 2048, 2048, 2048, 2049, 2048, 2049, 2048, 2048]",309.0
1230,9480,31,48,2024-03-09T18:21:39.423000+00:00,34.57,29.352,29.559,,303.0,False,93.481,"[None, 2048, 2048, 2048, 2048, 2048, 2048, 2048, 2049]","[2048, 2048, 2048, 2048, 2049, 2048, 2048]","[2048, 2048, 2048, 2048, 2048, 2049, 2048, 2048, 2048]",309.0
1230,9480,22,48,2024-03-09T18:21:40.954000+00:00,34.678,29.494,29.668,289.0,308.0,False,93.84,"[None, 2048, 2048, 2048, 2048, 2048, 2048, 2048, 2048]","[2048, 2048, 2048, 2048, 2048, 2048, 2048]","[2048, 2048, 2048, 2048, 2048, 2048, 2048, 2048, 2048]",319.0
1230,9480,2,48,2024-03-09T18:21:43.104000+00:00,34.529,29.348,29.506,,309.0,False,93.383,"[None, 2048, 2048, 2049, 2048, 2048, 2049, 2049, 2049]","[2048, 2048, 2048, 2049, 2049, 2048, 2048]","[2048, 2049, 2048, 2048, 2048, 2048, 2048, 2048, 2048]",309.0
1230,9480,3,48,2024-03-09T18:21:44.132000+00:00,44.188,29.932,29.661,287.0,310.0,False,103.781,"[None, 2048, 2048, 2048, 2048, 2048, 2048, 2048, 2048]","[2048, 2048, 2048, 2048, 2048, 2048, 2048]","[2048, 2048, 2048, 2048, 2049, 2048, 2049, 2048, 2048]",314.0
1230,9480,11,49,2024-03-09T18:21:45.564000+00:00,34.483,29.092,29.454,,307.0,False,93.029,"[None, 2048, 2048, 2048, 2049, 2048, 2048, 2048, 2049]","[2048, 2048, 2049, 2048, 2048, 2048, 2048]","[2048, 2048, 2048, 2048, 2048, 2048, 2048, 2048, 2048]",308.0
1230,9480,16,49,2024-03-09T18:21:57.806000+00:00,33.682,28.97,29.279,290.0,303.0,False,91.931,"[None, 2048, 2048, 2048, 2049, 2048, 2048, 2048, 2048]","[2048, 2048, 2049, 2049, 2048, 2048, 2048]","[2048, 2048, 2049, 2048, 2048, 2048, 2048, 2048, 2048]",312.0
1230,9480,77,48,2024-03-09T18:22:00.261000+00:00,34.108,29.208,29.631,288.0,303.0,False,92.947,"[None, 2048, 2048, 2048, 2048, 2048, 2048, 2048, 2049]","[2048, 2048, 2048, 2048, 2048, 2048, 2048]","[2048, 2048, 2048, 2048, 2048, 2048, 2048, 2048, 2048]",306.0
1230,9480,24,48,2024-03-09T18:22:07.394000+00:00,34.272,28.992,29.497,289.0,305.0,False,92.761,"[None, 2048, 2048, 2048, 2048, 2048, 2048, 2048, 2048]","[2049, 2048, 2049, 2049, 2049, 2048, 2048]","[2048, 2048, 2048, 2048, 2048, 2048, 2048, 2048, 2048]",308.0
1230,9480,81,49,2024-03-09T18:22:09.381000+00:00,34.052,29.094,29.442,,307.0,False,92.588,"[None, 2048, 2048, 2048, 2048, 2048, 2048, 2048, 2048]","[2048, 2048, 2048, 2048, 2048, 2048, 2048]","[2048, 2048, 2048, 2048, 2048, 2048, 2048, 2048, 2048]",307.0
1230,9480,14,49,2024-03-09T18:22:13.443000+00:00,34.003,28.907,29.479,,304.0,False,92.389,"[None, 2048, 2048, 2048, 2048, 2048, 2048, 2048, 2048]","[2048, 2048, 2049, 2048, 2048, 2049, 2048]","[2048, 2048, 2048, 2048, 2048, 2048, 2048, 2048, 2048]",308.0
1230,9480,63,49,2024-03-09T18:22:14.822000+00:00,34.431,28.907,29.342,293.0,320.0,False,92.68,"[None, 2048, 2048, 2048, 2048, 2048, 2048, 2049, 2048]","[2048, 2048, 2051, 2048, 2048, 2048, 2048]","[2048, 2048, 2048, 2048, 2048, 2048, 2048, 2049, 2048]",315.0
1230,9480,38,49,2024-03-09T18:22:20.847000+00:00,33.939,29.04,29.505,289.0,301.0,False,92.484,"[None, 2048, 2048, 2049, 2049, 2048, 2048, 2048, 2048]","[2048, 2048, 2049, 2049, 2049, 2048, 2048]","[2048, 2048, 2048, 2048, 2049, 2048, 2048, 2048, 2048]",310.0
1230,9480,4,49,2024-03-09T18:22:23.272000+00:00,33.667,29.131,29.59,,304.0,False,92.388,"[None, 2048, 2048, 2048, 2048, 2048, 2048, 2048, 2048]","[2049, 2048, 2049, 2048, 2048, 2049, 2049]","[2048, 2048, 2048, 2048, 2048, 2048, 2048, 2048, 2048]",301.0
1230,9480,44,49,2024-03-09T18:22:24.242000+00:00,34.257,28.931,29.427,293.0,315.0,False,92.615,"[None, 2048, 2048, 2048, 2048, 2048, 2048, 2048, 2048]","[2048, 2048, 2048, 2048, 2048, 2048, 2048]","[2048, 2048, 2048, 2048, 2049, 2048, 2048, 2048, 2048]",323.0
1230,9480,27,49,2024-03-09T18:22:54.346000+00:00,34.024,29.035,29.307,289.0,304.0,False,92.366,"[None, 2048, 2048, 2048, 2048, 2048, 2048, 2048, 2048]","[2048, 2048, 2049, 2048, 2048, 2048, 2048]","[2048, 2048, 2048, 2048, 2048, 2048, 2048, 2048, 2048]",311.0
1230,9480,20,49,2024-03-09T18:23:00.504000+00:00,34.333,29.412,29.692,,304.0,False,93.437,"[None, 2048, 2048, 2048, 2048, 2048, 2048, 2048, 2048]","[2048, 2048, 2048, 2048, 2048, 2048, 2048]","[2048, 2048, 2048, 2048, 2048, 2048, 2048, 2048, 2048]",309.0
1230,9480,23,49,2024-03-09T18:23:06.349000+00:00,34.145,29.008,29.407,,306.0,False,92.56,"[None, 2048, 2048, 2048, 2048, 2049, 2048, 2048, 2048]","[2048, 2049, 2048, 2048, 2048, 2048, 2048]","[2048, 2048, 2048, 2048, 2048, 2048, 2048, 2048, 2048]",309.0
1230,9480,1,50,2024-03-09T18:23:11.113000+00:00,33.781,28.864,29.128,,315.0,False,91.773,"[None, 2048, 2048, 2048, 2048, 2048, 2049, 2048, 2048]","[2049, 2048, 2048, 2048, 2048, 2048, 2048]","[2049, 2051, 2049, 2048, 2048, 2048, 2048, 2048, 2048]",309.0
1230,9480,31,49,2024-03-09T18:23:12.974000+00:00,34.63,29.521,29.662,287.0,302.0,False,93.813,"[None, 2048, 2048, 2048, 2048, 2048, 2048, 2048, 2048]","[2048, 2048, 2048, 2048, 2048, 2048, 2048]","[2048, 2048, 2048, 2048, 2048, 2048, 2048, 2048, 2048]",309.0
1230,9480,22,49,2024-03-09T18:23:14.682000+00:00,34.63,29.419,29.511,290.0,310.0,False,93.56,"[None, 2048, 2048, 2048, 2049, 2048, 2048, 2048, 2048]","[2048, 2048, 2048, 2048, 2048, 2048, 2048]","[2048, 2048, 2048, 2048, 2048, 2048, 2048, 2048, 2048]",321.0
1230,9480,2,49,2024-03-09T18:23:16.514000+00:00,34.439,29.211,29.376,,314.0,False,93.026,"[None, 2048, 2048, 2048, 2048, 2049, 2049, 2048, 2049]","[2049, 2048, 2049, 2049, 2048, 2048, 2048]","[2048, 2048, 2048, 2048, 2048, 2048, 2048, 2049, 2048]",314.0
1230,9480,11,50,2024-03-09T18:23:18.602000+00:00,34.299,29.185,29.347,291.0,309.0,False,92.831,"[None, 2048, 2048, 2048, 2049, 2048, 2048, 2048, 2048]","[2049, 2048, 2048, 2048, 2048, 2048, 2048]","[2048, 2048, 2048, 2048, 2048, 2048, 2048, 2048, 2048]",310.0
1230,9480,3,49,2024-03-09T18:23:27.942000+00:00,34.334,30.319,30.883,290.0,244.0,False,95.536,"[None, 2048, 2048, 2049, 2048, 2049, 2049, 2049, 2049]","[2049, 2049, 2049, 2048, 2048, 2048, 2048]","[2048, 2048, 2048, 2048, 2048, 2048, 2048, 2048, 2048]",329.0
1230,9480,16,50,2024-03-09T18:23:29.761000+00:00,33.75,28.668,29.214,291.0,325.0,False,91.632,"[None, 2048, 2049, 2048, 2048, 2048, 2048, 2048, 2049]","[2049, 2049, 2049, 2048, 2049, 2049, 2049]","[2049, 2048, 2048, 2048, 2051, 2048, 2049, 2048, 2048]",312.0
1230,9480,77,49,2024-03-09T18:23:33.171000+00:00,34.026,29.241,29.439,289.0,306.0,False,92.706,"[None, 2048, 2048, 2048, 2048, 2048, 2049, 2048, 2048]","[2048, 2048, 2048, 2048, 2048, 2048, 2048]","[2048, 2048, 2049, 2048, 2048, 2048, 2048, 2049, 2048]",308.0
1230,9480,24,49,2024-03-09T18:23:40.088000+00:00,33.892,28.979,29.337,290.0,306.0,False,92.208,"[None, 2048, 2048, 2048, 2049, 2049, 2049, 2049, 2049]","[2049, 2048, 2049, 2049, 2048, 2048, 2048]","[2049, 2048, 2048, 2048, 2049, 2048, 2048, 2048, 2048]",308.0
1230,9480,81,50,2024-03-09T18:23:41.967000+00:00,33.983,29.094,29.692,,307.0,False,92.769,"[None, 2048, 2048, 2048, 2048, 2048, 2048, 2048, 2048]","[2048, 2048, 2048, 2048, 2048, 2048, 2048]","[2049, 2048, 2048, 2048, 2048, 2048, 2048, 2048, 2048]",311.0
1230,9480,14,50,2024-03-09T18:23:45.735000+00:00,34.105,29.053,29.621,290.0,306.0,False,92.779,"[None, 2049, 2048, 2048, 2048, 2048, 2048, 2048, 2048]","[2048, 2048, 2048, 2048, 2048, 2048, 2048]","[2048, 2048, 2048, 2048, 2048, 2048, 2048, 2048, 2048]",309.0
1230,9480,63,50,2024-03-09T18:23:47.477000+00:00,34.509,30.163,30.473,292.0,313.0,False,95.145,"[None, 2048, 2048, 2048, 2048, 2048, 2048, 2048, 2048]","[2048, 2048, 2048, 2048, 2048, 2048, 2048]","[2048, 2048, 2048, 2048, 2048, 2048, 2048, 2048, 2048]",289.0
1230,9480,38,50,2024-03-09T18:23:53.223000+00:00,33.854,29.085,29.247,,313.0,False,92.186,"[None, 2048, 2048, 2048, 2048, 2049, 2048, 2048, 2048]","[2048, 2048, 2049, 2048, 2048, 2048, 2048]","[2051, 2048, 2048, 2048, 2048, 2049, 2048, 2048, 2048]",313.0
1230,9480,4,50,2024-03-09T18:23:55.567000+00:00,33.771,29.282,29.788,290.0,301.0,False,92.841,"[None, 2048, 2048, 2048, 2048, 2048, 2048, 2048, 2048]","[2048, 2048, 2048, 2048, 2048, 2048, 2048]","[2048, 2048, 2048, 2048, 2048, 2048, 2048, 2048, 2048]",298.0
1230,9480,44,50,2024-03-09T18:23:56.807000+00:00,34.397,29.264,29.653,291.0,314.0,False,93.314,"[None, 2048, 2048, 2048, 2048, 2048, 2048, 2048, 2048]","[2048, 2048, 2048, 2048, 2048, 2048, 2048]","[2048, 2048, 2048, 2048, 2048, 2048, 2048, 2048, 2048]",320.0
1230,9480,27,50,2024-03-09T18:24:26.750000+00:00,34.241,29.278,29.562,287.0,300.0,False,93.081,"[None, 2048, 2048, 2048, 2048, 2048, 2048, 2048, 2048]","[2048, 2048, 2048, 2048, 2048, 2048, 2048]","[2048, 2048, 2048, 2048, 2048, 2048, 2048, 2048, 2048]",307.0
1230,9480,20,50,2024-03-09T18:24:33.915000+00:00,35.144,29.638,29.821,288.0,301.0,False,94.603,"[None, 2048, 2048, 2048, 2048, 2048, 2048, 2048, 2048]","[2048, 2048, 2048, 2048, 2048, 2048, 2048]","[2048, 2048, 2048, 2048, 2048, 2048, 2048, 2048]",305.0
1230,9480,23,50,2024-03-09T18:24:38.827000+00:00,33.975,28.993,29.339,291.0,309.0,False,92.307,"[None, 2048, 2048, 2048, 2048, 2049, 2048, 2048, 2049]","[2048, 2048, 2048, 2048, 2048, 2048, 2048]","[2048, 2048, 2048, 2048, 2049, 2048, 2048, 2048, 2048]",317.0
