meeting_key,session_key,driver_number,lap_number,date_start,duration_sector_1,duration_sector_2,duration_sector_3,i1_speed,i2_speed,is_pit_out_lap,lap_duration,segments_sector_1,segments_sector_2,segments_sector_3,st_speed
1232,9491,1,1,,,49.451,21.917,270.0,183,True,,"[2064, 2064, 2049, 2049, 2049, 2049, 2049, 2049, 2051]","[2049, 2049, 2049, 2049, 2049, 2049, 2051, 2049, 2049, 2049, 2049]","[2049, 2051, 2051, 2051, 2051]",198
1232,9491,77,1,,,49.702,28.327,251.0,270,True,,"[2064, 2064, 2049, 2049, 2049, 2049, 2049, 2049, 2049]","[2049, 2049, 2049, 2049, 2049, 2049, 2049, 2049, 2049, 2049, 2051]","[2049, 2049, 2049, 2049, 2049]",227
1232,9491,24,1,2024-04-06T02:30:09.621000+00:00,,50.252,30.946,252.0,263,True,,"[2064, 2064, 2049, 2049, 2049, 2049, 2049, 2049, 2049]","[2049, 2049, 2049, 2049, 2049, 2049, 2049, 2049, 2049, 2049, 2049]","[2049, 2049, 2049, 2049, 2049]",114
1232,9491,11,1,2024-04-06T02:30:11.074000+00:00,,47.42,24.632,263.0,269,True,,"[2064, 2064, 2049, 2049, 2049, 2049, 2049, 2049, 2049]","[2051, 2051, 2049, 2049, 2049, 2051, 2049, 2049, 2049, 2049, 2049]","[2051, 2049, 2049, 2049, 2049]",265
1232,9491,20,1,2024-04-06T02:30:17.412000+00:00,,46.091,38.466,257.0,160,True,,"[2064, 2064, 2049, 2049, 2049, 2049, 2049, 2049, 2049]","[2049, 2049, 2049, 2049, 2051, 2049, 2049, 2051, 2051, 2051, 2049]","[2049, 2049, 2049, 2049, 2049]",152
1232,9491,27,1,2024-04-06T02:30:40.053000+00:00,,56.397,19.14,252.0,274,True,,"[2064, 2064, 2049, 2049, 2049, 2049, 2049, 2049, 2049]","[2049, 2049, 2049, 2049, 2049, 2049, 2049, 2049, 2049, 2049, 2051]","[2049, 2051, 2051, 2049, 2051]",276
1232,9491,55,1,2024-04-06T02:31:04.083000+00:00,,48.106,22.647,251.0,270,True,,"[2064, 2064, 2049, 2049, 2049, 2049, 2049, 2049, 2049]","[2049, 2049, 2049, 2049, 2049, 2049, 2049, 2049, 2049, 2049, 2049]","[2049, 2049, 2049, 2049, 2049]",273
1232,9491,16,1,2024-04-06T02:31:14.336000+00:00,,49.564,20.642,253.0,271,True,,"[2064, 2064, 2049, 2049, 2049, 2049, 2049, 2049, 2049]","[2049, 2049, 2049, 2049, 2049, 2049, 2049, 2049, 2049, 2049, 2049]","[2049, 2049, 2049, 2049, 2049]",272
1232,9491,63,1,2024-04-06T02:31:26.327000+00:00,,43.239,19.771,273.0,294,True,,"[2064, 2064, 2049, 2049, 2049, 2049, 2049, 2049, 2049]","[2049, 2049, 2049, 2049, 2049, 2049, 2049, 2049, 2049, 2049, 2051]","[2051, 2049, 2049, 2049, 2049]",296
1232,9491,1,2,2024-04-06T02:31:53.777000+00:00,31.699,40.732,17.834,283.0,297,False,90.265,"[2049, 2049, 2049, 2051, 2051, 2049, 2051, 2051, 2049]","[2049, 2049, 2049, 2049, 2049, 2049, 2049, 2049, 2051, 2049, 2049]","[2049, 2051, 2051, 2048, 2048]",295
1232,9491,11,2,2024-04-06T02:32:00.880000+00:00,31.868,40.573,18.012,283.0,299,False,90.453,"[2049, 2049, 2049, 2049, 2049, 2049, 2049, 2049, 2049]","[2051, 2051, 2049, 2049, 2051, 2049, 2051, 2051, 2049, 2051, 2051]","[2051, 2049, 2049, 2049, 2049]",297
1232,9491,77,2,2024-04-06T02:32:05.170000+00:00,32.04,41.02,18.136,279.0,292,False,91.196,"[2049, 2049, 2049, 2049, 2049, 2049, 2049, 2049, 2049]","[2049, 2049, 2049, 2051, 2049, 2049, 2049, 2049, 2049, 2049, 2049]","[2049, 2049, 2049, 2049, 2049]",290
1232,9491,44,1,2024-04-06T02:32:08.227000+00:00,,53.032,21.509,263.0,188,True,,"[2064, 2064, 2049, 2049, 2049, 2049, 2049, 2049, 2049]","[2049, 2049, 2049, 2049, 2049, 2049, 2049, 2049, 2049, 2049, 2049]","[2049, 2049, 2049, 2049, 2049]",224
1232,9491,24,2,2024-04-06T02:32:10.934000+00:00,32.86,41.403,18.315,278.0,290,False,92.578,"[2049, 2049, 2049, 2049, 2049, 2049, 2049, 2049, 2049]","[2049, 2049, 2049, 2049, 2049, 2049, 2049, 2049, 2049, 2049, 2049]","[2049, 2049, 2049, 2049, 2049]",283
1232,9491,20,2,2024-04-06T02:32:19.293000+00:00,32.482,59.692,25.638,285.0,273,False,117.812,"[2049, 2051, 2051, 2049, 2049, 2049, 2049, 2049, 2049]","[2049, 2049, 2051, 2048, 2048, 2048, 2048, 2048, 2048, 2048, 2049]","[2049, 2049, 2048, 2049]",122
1232,9491,23,1,2024-04-06T02:32:30.068000+00:00,,54.283,32.579,252.0,240,True,,"[2064, 2064, 2049, 2049, 2049, 2049, 2049, 2049, 2049]","[2049, 2049, 2049, 2049, 2049, 2049, 2049, 2049, 2049, 2049, 2049]","[2049, 2049, 2049, 2064, 2064]",209
1232,9491,27,2,2024-04-06T02:32:33.580000+00:00,32.649,41.414,17.906,286.0,302,False,91.969,"[2051, 2049, 2049, 2049, 2049, 2049, 2049, 2049, 2051]","[2049, 2049, 2049, 2049, 2049, 2051, 2051, 2049, 2049, 2051, 2051]","[2051, 2049, 2049, 2051, 2051]",299
1232,9491,55,2,2024-04-06T02:32:54.026000+00:00,32.207,41.128,18.082,280.0,293,False,91.417,"[2049, 2049, 2049, 2049, 2049, 2049, 2049, 2049, 2049]","[2049, 2049, 2049, 2049, 2049, 2049, 2049, 2049, 2049, 2049, 2049]","[2049, 2049, 2049, 2048]",289
1232,9491,16,2,2024-04-06T02:33:03.531000+00:00,32.047,41.068,18.071,280.0,295,False,91.186,"[2049, 2049, 2049, 2049, 2049, 2049, 2049, 2049, 2049]","[2049, 2049, 2049, 2049, 2049, 2049, 2049, 2049, 2049, 2049, 2049]","[2049, 2049, 2049, 2048, 2049]",291
1232,9491,63,2,2024-04-06T02:33:03.963000+00:00,34.438,42.657,18.691,276.0,296,False,95.786,"[2049, 2049, 2049, 2049, 2049, 2049, 2049, 2049, 2049]","[2049, 2049, 2049, 2048, 2048, 2049, 2049, 2049, 2049, 2049, 2049]","[2048, 2049, 2049, 2048]",289
1232,9491,1,3,2024-04-06T02:33:23.890000+00:00,56.808,75.633,22.9,208.0,204,False,155.341,"[2048, 2048, 2048, 2048, 2048, 2048, 2048, 2048, 2048]","[2048, 2048, 2048, 2048, 2048, 2048, 2048, 2048, 2048, 2048, 2048]","[2048, 2048, 2048, 2048, 2049]",228
1232,9491,11,3,2024-04-06T02:33:31.270000+00:00,59.068,70.541,25.896,131.0,190,False,155.505,"[2048, 2048, 2048, 2048, 2048, 2048, 2048, 2048, 2048]","[2048, 2048, 2048, 2048, 2048, 2048, 2048, 2048, 2048, 2048, 2048]","[2048, 2048, 2048, 2048, 2048]",191
1232,9491,77,3,2024-04-06T02:33:36.382000+00:00,53.404,51.998,27.468,206.0,266,False,132.87,"[2048, 2048, 2048, 2048, 2048, 2048, 2048, 2048, 2048]","[2048, 2048, 2048, 2048, 2048, 2048, 2048, 2048, 2048, 2048, 2048]","[2048, 2048, 2048, 2064, 2064]",222
1232,9491,24,3,2024-04-06T02:33:43.434000+00:00,55.283,60.141,26.155,72.0,266,False,141.579,"[2048, 2048, 2048, 2048, 2048, 2048, 2048, 2048, 2048]","[2048, 2048, 2048, 2048, 2048, 2048, 2048, 2048, 2048, 2048, 2048]","[2048, 2048, 2048, 2064, 2064]",216
1232,9491,27,3,2024-04-06T02:34:05.543000+00:00,57.192,66.475,26.05,194.0,133,False,149.717,"[2048, 2048, 2048, 2048, 2048, 2048, 2048, 2048, 2048]","[2048, 2048, 2048, 2048, 2048, 2048, 2048, 2048, 2048, 2048, 2048]","[2048, 2048, 2048, 2048]",172
1232,9491,44,2,2024-04-06T02:34:09.476000+00:00,31.405,40.716,17.944,284.0,300,False,90.065,"[2049, 2049, 2051, 2051, 2049, 2051, 2051, 2051, 2049]","[2049, 2049, 2049, 2049, 2049, 2049, 2049, 2049, 2049, 2051, 2049]","[2049, 2051, 2049, 2048, 2048]",294
1232,9491,20,3,2024-04-06T02:34:16.961000+00:00,32.747,41.483,18.12,,303,False,92.35,"[2051, 2048, 2048, 2048, 2049, 2048, 2048, 2048, 2049]","[2049, 2048, 2048, 2049, 2049, 2051, 2049, 2049, 2049, 2049, 2049]","[2051, 2049, 2049, 2048, 2048]",300
1232,9491,55,3,2024-04-06T02:34:25.457000+00:00,57.94,77.88,24.208,157.0,221,False,160.028,"[2048, 2048, 2048, 2048, 2048, 2048, 2048, 2048, 2048]","[2048, 2048, 2048, 2048, 2048, 2048, 2048, 2048, 2048, 2048, 2048]","[2048, 2048, 2048, 2049, 2049]",247
1232,9491,16,3,2024-04-06T02:34:34.621000+00:00,58.323,76.567,26.392,124.0,142,False,161.282,"[2048, 2048, 2048, 2048, 2048, 2048, 2048, 2048, 2048]","[2048, 2048, 2048, 2048, 2048, 2048, 2048, 2048, 2048, 2048, 2048]","[2048, 2048, 2048, 2048, 2048]",245
1232,9491,63,3,2024-04-06T02:34:39.662000+00:00,34.278,42.553,18.642,277.0,294,False,95.473,"[2048, 2048, 2049, 2049, 2049, 2049, 2048, 2049, 2049]","[2049, 2049, 2048, 2048, 2049, 2048, 2048, 2049, 2049, 2048, 2048]","[2048, 2049, 2049, 2048]",289
1232,9491,18,1,2024-04-06T02:34:44.816000+00:00,,44.101,20.255,263.0,279,True,,"[2064, 2064, 2049, 2049, 2049, 2049, 2049, 2049, 2049]","[2049, 2049, 2049, 2049, 2049, 2049, 2049, 2049, 2049, 2049, 2049]","[2049, 2049, 2049, 2049, 2049]",278
1232,9491,14,1,2024-04-06T02:35:08.683000+00:00,,49.929,22.801,262.0,277,True,,"[2064, 2064, 2049, 2049, 2049, 2049, 2049, 2049, 2049]","[2049, 2049, 2049, 2049, 2049, 2049, 2049, 2049, 2049, 2049, 2049]","[2049, 2049, 2049, 2049, 2049]",215
1232,9491,44,3,2024-04-06T02:35:39.600000+00:00,55.148,72.526,36.103,162.0,182,False,163.777,"[2048, 2048, 2048, 2048, 2048, 2048, 2048, 2048, 2048]","[2048, 2048, 2048, 2048, 2048, 2048, 2048, 2048, 2048, 2048, 2048]","[2048, 2048, 2048, 2064, 2064]",137
1232,9491,20,4,2024-04-06T02:35:49.395000+00:00,53.15,66.765,32.56,167.0,142,False,152.475,"[2048, 2048, 2048, 2048, 2048, 2048, 2048, 2048, 2048]","[2048, 2048, 2048, 2048, 2048, 2048, 2048, 2048, 2048, 2048, 2048]","[2048, 2048, 2048, 2048, 2048]",149
1232,9491,1,4,2024-04-06T02:35:59.293000+00:00,31.727,40.639,17.827,283.0,298,False,90.193,"[2049, 2049, 2051, 2048, 2048, 2048, 2048, 2048, 2049]","[2051, 2049, 2049, 2048, 2048, 2048, 2049, 2051, 2051, 2048, 2048]","[2049, 2049, 2048, 2048, 2048]",295
1232,9491,11,4,2024-04-06T02:36:06.900000+00:00,53.191,57.806,29.777,205.0,211,False,140.774,"[None, 2048, 2048, 2048, 2048, 2048, 2048, 2048, 2048]","[2048, 2048, 2048, 2048, 2048, 2048, 2048, 2048, 2048, 2048, 2048]","[2048, 2048, 2048, 2048, 2048]",138
1232,9491,63,4,2024-04-06T02:36:15.046000+00:00,33.801,42.708,18.382,,295,False,94.891,"[None, 2048, 2049, 2049, 2049, 2049, 2049, 2049, 2049]","[2049, 2048, 2048, 2048, 2048, 2048, 2048, 2049, 2049, 2049, 2048]","[2048, 2049, 2049, 2048]",293
1232,9491,77,4,2024-04-06T02:36:15.225000+00:00,76.601,58.382,28.521,166.0,266,True,163.504,"[2064, 2064, 2048, 2048, 2048, 2048, 2048, 2048, 2048]","[2048, 2048, 2048, 2048, 2048, 2048, 2048, 2048, 2048, 2048, 2048]","[2048, 2048, 2048, 2051, 2049]",209
1232,9491,18,2,2024-04-06T02:36:25.431000+00:00,32.033,41.24,18.163,281.0,298,False,91.436,"[2049, 2049, 2049, 2049, 2049, 2049, 2049, 2049, 2049]","[2049, 2049, 2049, 2049, 2049, 2049, 2049, 2049, 2049, 2049, 2049]","[2049, 2049, 2049, 2048]",295
1232,9491,24,4,2024-04-06T02:36:28.076000+00:00,73.903,52.86,27.773,251.0,244,True,154.536,"[2064, 2064, 2048, 2048, 2048, 2048, 2048, 2048, 2048]","[2048, 2048, 2048, 2048, 2048, 2048, 2048, 2048, 2048, 2048, 2048]","[2048, 2048, 2048, 2049, 2049]",148
1232,9491,27,4,2024-04-06T02:36:35.328000+00:00,32.655,41.295,17.922,286.0,304,False,91.872,"[None, 2048, 2049, 2049, 2048, 2049, 2048, 2048, 2051]","[2049, 2048, 2049, 2048, 2051, 2049, 2051, 2049, 2049, 2048, 2051]","[2051, 2049, 2048, 2051, 2051]",300
1232,9491,14,2,2024-04-06T02:36:57.171000+00:00,32.146,41.202,18.061,280.0,297,False,91.409,"[2049, 2049, 2049, 2049, 2049, 2049, 2049, 2049, 2049]","[2049, 2049, 2049, 2049, 2049, 2049, 2049, 2049, 2049, 2049, 2049]","[2049, 2049, 2049, 2049, 2049]",295
1232,9491,55,4,2024-04-06T02:37:05.641000+00:00,31.903,40.952,18.129,283.0,298,False,90.984,"[2049, 2049, 2049, 2048, 2049, 2048, 2049, 2049, 2049]","[2049, 2049, 2049, 2048, 2049, 2049, 2049, 2049, 2048, 2049, 2049]","[2049, 2049, 2048, 2048, 2048]",293
1232,9491,16,4,2024-04-06T02:37:16.032000+00:00,31.885,40.695,17.979,283.0,298,False,90.559,"[2049, 2049, 2049, 2048, 2048, 2051, 2049, 2049, 2049]","[2049, 2049, 2049, 2048, 2049, 2049, 2049, 2051, 2049, 2049, 2049]","[2049, 2051, 2048, 2049, 2049]",296
1232,9491,22,1,2024-04-06T02:37:24.901000+00:00,,48.913,19.767,260.0,266,True,,"[2064, 2064, 2049, 2049, 2049, 2049, 2049, 2049, 2049]","[2049, 2049, 2049, 2049, 2049, 2049, 2049, 2049, 2049, 2049, 2049]","[2049, 2049, 2049, 2049, 2049]",267
1232,9491,1,5,2024-04-06T02:37:29.456000+00:00,41.24,56.589,25.489,234.0,226,False,123.318,"[2048, 2048, 2048, 2048, 2048, 2048, 2048, 2048, 2048]","[2048, 2048, 2048, 2048, 2048, 2048, 2048, 2048, 2048, 2048, 2048]","[2048, 2048, 2048, 2064, 2064]",220
1232,9491,3,1,2024-04-06T02:37:35.357000+00:00,,47.177,20.748,266.0,267,True,,"[2064, 2064, 2049, 2049, 2049, 2049, 2049, 2049, 2049]","[2049, 2049, 2049, 2049, 2049, 2049, 2049, 2049, 2049, 2049, 2049]","[2049, 2049, 2049, 2049, 2049]",254
1232,9491,63,5,2024-04-06T02:37:49.941000+00:00,33.745,42.303,18.448,,294,False,94.496,"[None, 2048, 2048, 2049, 2048, 2049, 2049, 2048, 2048]","[2048, 2048, 2048, 2048, 2048, 2049, 2049, 2049, 2048, 2048, 2048]","[2049, 2049, 2048, 2048]",296
1232,9491,18,3,2024-04-06T02:37:56.802000+00:00,51.696,74.241,22.878,176.0,238,False,148.815,"[2048, 2048, 2048, 2048, 2048, 2048, 2048, 2048, 2048]","[2048, 2048, 2048, 2048, 2048, 2048, 2048, 2048, 2048, 2048, 2048]","[2048, 2048, 2048, 2048, 2048]",236
1232,9491,27,5,2024-04-06T02:38:07.076000+00:00,38.985,45.302,21.745,253.0,277,False,106.032,"[None, 2048, 2048, 2048, 2048, 2048, 2048, 2048, 2048]","[2048, 2048, 2048, 2048, 2048, 2048, 2048, 2048, 2048, 2048, 2048]","[2048, 2048, 2048, 2064, 2064]",280
1232,9491,20,5,2024-04-06T02:38:21.903000+00:00,32.819,41.425,18.181,285.0,303,False,92.425,"[None, 2048, 2048, 2048, 2048, 2048, 2048, 2048, 2048]","[2049, 2048, 2048, 2049, 2048, 2048, 2051, 2049, 2048, 2049, 2048]","[2051, 2049, 2048, 2048, 2048]",301
1232,9491,11,5,2024-04-06T02:38:27.710000+00:00,31.84,40.761,18.368,282.0,299,False,90.969,"[None, 2048, 2051, 2049, 2049, 2049, 2048, 2048, 2049]","[2048, 2048, 2049, 2048, 2051, 2049, 2049, 2049, 2048, 2048, 2048]","[2049, 2048, 2048, 2048, 2048]",300
1232,9491,14,3,2024-04-06T02:38:28.463000+00:00,54.019,55.409,24.694,210.0,279,False,134.122,"[2048, 2048, 2048, 2048, 2048, 2048, 2048, 2048, 2048]","[2048, 2048, 2048, 2048, 2048, 2048, 2048, 2048, 2048, 2048, 2048]","[2048, 2048, 2048, 2048, 2048]",197
1232,9491,77,5,2024-04-06T02:38:32.763000+00:00,31.912,40.839,18.04,281.0,296,False,90.791,"[2049, 2049, 2049, 2048, 2049, 2049, 2048, 2048, 2049]","[2049, 2051, 2049, 2048, 2049, 2049, 2049, 2049, 2049, 2049, 2049]","[2049, 2049, 2048, 2048]",296
1232,9491,55,5,2024-04-06T02:38:36.459000+00:00,59.279,76.923,23.156,143.0,221,False,159.358,"[2048, 2048, 2048, 2048, 2048, 2048, 2048, 2048, 2048]","[2048, 2048, 2048, 2048, 2048, 2048, 2048, 2048, 2048, 2048, 2048]","[2048, 2048, 2048, 2048, 2048]",226
1232,9491,24,5,2024-04-06T02:38:39.644000+00:00,32.099,40.941,18.027,280.0,295,False,91.067,"[2049, 2049, 2049, 2049, 2049, 2049, 2049, 2049, 2049]","[2049, 2049, 2049, 2048, 2049, 2049, 2049, 2049, 2049, 2049, 2049]","[2049, 2049, 2049, 2048, 2048]",293
1232,9491,2,1,2024-04-06T02:38:43.640000+00:00,,48.58,22.863,264.0,288,True,,"[2064, 2064, 2049, 2049, 2049, 2049, 2049, 2049, 2049]","[2049, 2049, 2049, 2049, 2049, 2049, 2049, 2049, 2049, 2049, 2049]","[2049, 2049, 2049, 2049, 2049]",227
1232,9491,16,5,2024-04-06T02:38:46.412000+00:00,53.935,78.391,25.301,125.0,231,False,157.627,"[2048, 2048, 2048, 2048, 2048, 2048, 2048, 2048, 2048]","[2048, 2048, 2048, 2048, 2048, 2048, 2048, 2048, 2048, 2048, 2048]","[2048, 2048, 2048, 2048, 2048]",262
1232,9491,23,2,2024-04-06T02:38:51.968000+00:00,,48.719,26.365,256.0,286,True,360.834,"[None, 2064, 2049, 2049, 2049, 2049, 2049, 2049, 2049]","[2049, 2049, 2049, 2049, 2048, 2048, 2049, 2049, 2049, 2049, 2049]","[2049, 2048, 2049, 2049, 2049]",246
1232,9491,44,4,2024-04-06T02:38:57.690000+00:00,,54.309,29.651,157.0,281,True,186.614,"[2064, 2064, 2048, 2048, 2048, 2048, 2048, 2048, 2048]","[2048, 2048, 2048, 2048, 2048, 2048, 2048, 2048, 2048, 2048, 2048]","[2048, 2048, 2048, 2049, 2049]",234
1232,9491,22,2,2024-04-06T02:39:14.843000+00:00,32.108,40.938,18.032,282.0,298,False,91.078,"[2049, 2049, 2049, 2049, 2049, 2049, 2049, 2049, 2049]","[2049, 2049, 2049, 2049, 2049, 2049, 2049, 2049, 2049, 2049, 2049]","[2049, 2049, 2049, 2048, 2049]",296
1232,9491,3,2,2024-04-06T02:39:20.980000+00:00,31.994,40.962,18.173,283.0,299,False,91.129,"[2049, 2049, 2049, 2049, 2049, 2049, 2049, 2049, 2049]","[2049, 2049, 2049, 2049, 2049, 2049, 2049, 2049, 2049, 2049, 2049]","[2049, 2049, 2049, 2048]",297
1232,9491,63,6,2024-04-06T02:39:24.511000+00:00,33.804,42.368,18.463,,295,False,94.635,"[None, 2048, 2049, 2048, 2048, 2048, 2048, 2048, 2049]","[2049, 2048, 2048, 2048, 2048, 2049, 2049, 2048, 2049, 2049, 2049]","[2049, 2048, 2048, 2048, 2048]",294
1232,9491,20,6,2024-04-06T02:39:54.413000+00:00,39.884,47.222,24.338,252.0,199,False,111.444,"[None, 2048, 2048, 2048, 2048, 2048, 2048, 2048, 2048]","[2048, 2048, 2048, 2048, 2048, 2048, 2048, 2048, 2048, 2048, 2048]","[2048, 2048, 2048, 2064, 2064]",210
1232,9491,11,6,2024-04-06T02:39:58.606000+00:00,40.696,52.215,22.599,233.0,256,False,115.51,"[None, 2048, 2048, 2048, 2048, 2048, 2048, 2048, 2048]","[2048, 2048, 2048, 2048, 2048, 2048, 2048, 2048, 2048, 2048, 2048]","[2048, 2048, 2048, 2049, 2049]",204
1232,9491,77,6,2024-04-06T02:40:03.470000+00:00,41.446,53.666,26.597,201.0,217,False,121.709,"[2048, 2048, 2048, 2048, 2048, 2048, 2048, 2048, 2048]","[2048, 2048, 2048, 2048, 2048, 2048, 2048, 2048, 2048, 2048, 2048]","[2048, 2048, 2048, 2064, 2064]",212
1232,9491,1,6,2024-04-06T02:40:07.205000+00:00,78.168,67.855,22.423,194.0,208,True,168.446,"[2064, 2064, 2048, 2048, 2048, 2048, 2048, 2048, 2048]","[2048, 2048, 2048, 2048, 2048, 2048, 2048, 2048, 2048, 2048, 2048]","[2048, 2048, 2048, 2048, 2048]",243
1232,9491,24,6,2024-04-06T02:40:10.702000+00:00,42.315,50.991,30.701,245.0,270,False,124.007,"[2048, 2048, 2048, 2048, 2048, 2048, 2048, 2048, 2048]","[2048, 2048, 2048, 2048, 2048, 2048, 2048, 2048, 2048, 2048, 2048]","[2048, 2048, 2048, 2064, 2064]",273
1232,9491,18,4,2024-04-06T02:40:25.616000+00:00,31.97,41.155,18.217,281.0,298,False,91.342,"[None, 2049, 2049, 2048, 2048, 2049, 2048, 2049, 2049]","[2049, 2048, 2049, 2048, 2049, 2049, 2048, 2049, 2049, 2049, 2049]","[2049, 2049, 2048, 2048, 2049]",294
1232,9491,2,2,2024-04-06T02:40:34.528000+00:00,33.587,41.609,18.062,283.0,308,False,93.258,"[2049, 2049, 2049, 2049, 2049, 2049, 2049, 2049, 2049]","[2049, 2049, 2049, 2049, 2049, 2051, 2051, 2049, 2049, 2049, 2049]","[2049, 2049, 2049, 2049, 2049]",306
1232,9491,14,4,2024-04-06T02:40:42.677000+00:00,31.843,41.076,18.013,281.0,299,False,90.932,"[2049, 2049, 2049, 2048, 2049, 2049, 2049, 2049, 2049]","[2049, 2048, 2049, 2049, 2048, 2049, 2049, 2049, 2048, 2049, 2049]","[2049, 2049, 2048, 2048]",296
1232,9491,22,3,2024-04-06T02:40:45.830000+00:00,56.706,73.512,29.793,135.0,167,False,160.011,"[2048, 2048, 2048, 2048, 2048, 2048, 2048, 2048, 2048]","[2048, 2048, 2048, 2048, 2048, 2048, 2048, 2048, 2048, 2048, 2048]","[2048, 2048, 2048, 2048, 2048]",180
1232,9491,23,3,2024-04-06T02:40:47.862000+00:00,32.65,41.874,18.071,285.0,310,False,92.595,"[2051, 2051, 2049, 2049, 2049, 2049, 2049, 2049, 2049]","[2049, 2049, 2049, 2049, 2049, 2049, 2049, 2049, 2049, 2049, 2051]","[2051, 2049, 2049, 2048, 2048]",308
1232,9491,3,3,2024-04-06T02:40:52.608000+00:00,51.293,73.827,39.166,174.0,160,False,164.286,"[2048, 2048, 2048, 2048, 2048, 2048, 2048, 2048, 2048]","[2048, 2048, 2048, 2048, 2048, 2048, 2048, 2048, 2048, 2048, 2048]","[2048, 2048, 2048, 2048, 2048]",149
1232,9491,63,7,2024-04-06T02:40:59.218000+00:00,34.118,42.867,18.656,,295,False,95.641,"[None, 2048, 2048, 2048, 2048, 2048, 2048, 2048, 2049]","[2049, 2048, 2048, 2048, 2048, 2048, 2048, 2048, 2048, 2048, 2048]","[2048, 2048, 2048, 2048, 2048]",286
1232,9491,55,6,2024-04-06T02:41:15.942000+00:00,31.971,41.002,18.028,282.0,298,False,91.001,"[None, 2049, 2049, 2048, 2049, 2049, 2048, 2048, 2048]","[2048, 2048, 2048, 2048, 2048, 2048, 2048, 2049, 2048, 2048, 2048]","[2049, 2049, 2048, 2049, 2049]",294
1232,9491,16,6,2024-04-06T02:41:24.108000+00:00,31.926,40.626,22.322,283.0,299,False,94.874,"[2049, 2049, 2049, 2048, 2051, 2048, 2048, 2048, 2049]","[2048, 2049, 2051, 2048, 2049, 2048, 2049, 2048, 2049, 2049, 2049]","[2049, 2048, 2048, 2064, 2064]",298
1232,9491,44,5,2024-04-06T02:41:30.022000+00:00,32.65,42.299,20.79,280.0,282,False,95.739,"[2048, 2049, 2051, 2048, 2048, 2048, 2048, 2048, 2048]","[2048, 2048, 2048, 2048, 2048, 2048, 2048, 2048, 2048, 2048, 2048]","[2048, 2048, 2048, 2064, 2064]",281
1232,9491,11,7,2024-04-06T02:41:54.114000+00:00,31.988,42.832,23.183,283.0,271,False,98.003,"[None, 2049, 2049, 2048, 2049, 2048, 2048, 2048, 2049]","[2049, 2048, 2048, 2048, 2048, 2048, 2048, 2048, 2048, 2048, 2048]","[2048, 2048, 2048, 2064, 2064]",244
1232,9491,18,5,2024-04-06T02:41:56.829000+00:00,61.303,71.675,26.87,143.0,255,False,159.848,"[None, 2048, 2048, 2048, 2048, 2048, 2048, 2048, 2048]","[2048, 2048, 2048, 2048, 2048, 2048, 2048, 2048, 2048, 2048, 2048]","[2048, 2048, 2048, 2048, 2049]",206
1232,9491,2,3,2024-04-06T02:42:07.612000+00:00,51.868,62.009,27.149,146.0,270,False,141.026,"[2048, 2048, 2048, 2048, 2048, 2048, 2048, 2048, 2048]","[2048, 2048, 2048, 2048, 2048, 2048, 2048, 2048, 2048, 2048, 2048]","[2048, 2048, 2048, 2049, 2049]",154
1232,9491,14,5,2024-04-06T02:42:13.525000+00:00,53.358,70.547,30.861,84.0,222,False,154.766,"[2048, 2048, 2048, 2048, 2048, 2048, 2048, 2048, 2048]","[2048, 2048, 2048, 2048, 2048, 2048, 2048, 2048, 2048, 2048, 2048]","[2048, 2048, 2048, 2048, 2048]",114
1232,9491,81,1,2024-04-06T02:42:17.537000+00:00,,53.929,24.086,257.0,272,True,,"[2064, 2064, 2049, 2049, 2049, 2049, 2049, 2049, 2049]","[2049, 2049, 2049, 2049, 2049, 2049, 2049, 2049, 2049, 2049, 2049]","[2049, 2049, 2049, 2049, 2049]",183
1232,9491,23,4,2024-04-06T02:42:20.343000+00:00,58.913,65.263,32.524,157.0,268,False,156.7,"[2048, 2048, 2048, 2048, 2048, 2048, 2048, 2048, 2048]","[2048, 2048, 2048, 2048, 2048, 2048, 2048, 2048, 2048, 2048, 2048]","[2048, 2048, 2048, 2048, 2048]",102
1232,9491,1,7,2024-04-06T02:42:21.224000+00:00,31.713,40.843,17.818,284.0,298,False,90.374,"[2049, 2049, 2049, 2048, 2048, 2049, 2048, 2048, 2049]","[2048, 2048, 2049, 2048, 2048, 2048, 2049, 2048, 2048, 2048, 2049]","[2049, 2049, 2048, 2048, 2048]",298
1232,9491,63,8,2024-04-06T02:42:34.894000+00:00,34.193,42.503,18.565,278.0,294,False,95.261,"[None, 2048, 2048, 2048, 2048, 2048, 2048, 2048, 2049]","[2049, 2049, 2048, 2048, 2048, 2048, 2048, 2048, 2048, 2048, 2048]","[2048, 2048, 2048, 2048, 2048]",294
1232,9491,55,7,2024-04-06T02:42:46.812000+00:00,41.648,52.118,23.668,217.0,262,False,117.434,"[None, 2048, 2048, 2048, 2048, 2048, 2048, 2048, 2048]","[2048, 2048, 2048, 2048, 2048, 2048, 2048, 2048, 2048, 2048, 2048]","[2048, 2048, 2048, 2064, 2064]",225
1232,9491,22,4,2024-04-06T02:43:25.827000+00:00,53.296,55.907,22.685,177.0,263,False,131.888,"[None, 2048, 2048, 2048, 2048, 2048, 2048, 2048, 2048]","[2048, 2048, 2048, 2048, 2048, 2048, 2048, 2048, 2048, 2048, 2048]","[2048, 2048, 2048, 2048, 2048]",268
1232,9491,3,4,2024-04-06T02:43:36.397000+00:00,48.272,54.748,23.851,240.0,266,False,126.871,"[None, 2048, 2048, 2048, 2048, 2048, 2048, 2048, 2048]","[2048, 2048, 2048, 2048, 2048, 2048, 2048, 2048, 2048, 2048, 2048]","[2048, 2048, 2048, 2048, 2048]",216
1232,9491,1,8,2024-04-06T02:43:51.717000+00:00,36.118,45.881,22.225,259.0,274,False,104.224,"[2048, 2048, 2048, 2048, 2048, 2048, 2048, 2048, 2048]","[2048, 2048, 2048, 2048, 2048, 2048, 2048, 2048, 2048, 2048, 2048]","[2048, 2048, 2048, 2064, 2064]",262
1232,9491,63,9,2024-04-06T02:44:10.189000+00:00,33.793,42.404,18.441,,296,False,94.638,"[None, 2048, 2048, 2049, 2048, 2049, 2049, 2048, 2049]","[2049, 2048, 2048, 2048, 2048, 2048, 2048, 2049, 2048, 2048, 2048]","[2049, 2049, 2048, 2048, 2048]",296
1232,9491,81,2,2024-04-06T02:44:21.125000+00:00,31.531,40.903,17.926,283.0,298,False,90.36,"[2049, 2049, 2049, 2051, 2049, 2051, 2049, 2051, 2049]","[2049, 2049, 2049, 2049, 2049, 2049, 2049, 2049, 2049, 2049, 2049]","[2049, 2049, 2049, 2048, 2048]",293
1232,9491,2,4,2024-04-06T02:44:28.798000+00:00,32.921,41.343,17.862,287.0,311,False,92.126,"[2051, 2049, 2049, 2049, 2049, 2049, 2049, 2049, 2051]","[2049, 2049, 2049, 2048, 2049, 2051, 2051, 2049, 2048, 2051, 2051]","[2051, 2051, 2049, 2049, 2051]",309
1232,9491,18,6,2024-04-06T02:44:36.887000+00:00,32.016,41.157,18.188,279.0,298,False,91.361,"[2049, 2049, 2049, 2049, 2048, 2049, 2048, 2048, 2048]","[2049, 2048, 2049, 2048, 2048, 2048, 2048, 2049, 2049, 2049, 2049]","[2049, 2049, 2048, 2048, 2048]",297
1232,9491,14,6,2024-04-06T02:44:48.438000+00:00,31.925,40.965,17.921,280.0,296,False,90.811,"[None, 2048, 2049, 2049, 2048, 2048, 2048, 2048, 2048]","[2049, 2049, 2048, 2048, 2048, 2048, 2048, 2049, 2048, 2048, 2048]","[2048, 2048, 2049, 2049, 2048]",296
1232,9491,23,5,2024-04-06T02:44:57.213000+00:00,32.868,41.495,17.975,285.0,308,False,92.338,"[None, 2048, 2049, 2048, 2048, 2049, 2048, 2048, 2048]","[2049, 2049, 2049, 2048, 2048, 2048, 2048, 2049, 2049, 2049, 2048]","[2048, 2049, 2049, 2049, 2048]",307
1232,9491,10,1,2024-04-06T02:45:04.958000+00:00,,55.541,24.326,206.0,237,True,,"[2064, 2064, 2049, 2049, 2049, 2049, 2049, 2049, 2049]","[2049, 2049, 2049, 2049, 2049, 2049, 2049, 2049, 2049, 2049, 2049]","[2049, 2049, 2049, 2049, 2049]",189
1232,9491,4,1,2024-04-06T02:45:12.297000+00:00,,53.901,25.245,255.0,264,True,,"[2064, 2064, 2049, 2049, 2049, 2049, 2049, 2049, 2049]","[2049, 2049, 2049, 2049, 2049, 2049, 2049, 2049, 2049, 2049, 2049]","[2049, 2049, 2049, 2049, 2049]",233
1232,9491,31,1,2024-04-06T02:45:15.932000+00:00,,54.526,35.765,220.0,262,True,,"[2064, 2064, 2049, 2049, 2049, 2049, 2049, 2049, 2049]","[2049, 2049, 2049, 2049, 2049, 2049, 2049, 2049, 2049, 2049, 2049]","[2049, 2049, 2049, 2049, 2049]",187
1232,9491,22,5,2024-04-06T02:45:37.780000+00:00,31.856,40.931,17.984,282.0,298,False,90.771,"[None, 2049, 2049, 2049, 2049, 2049, 2049, 2049, 2049]","[2049, 2049, 2049, 2048, 2048, 2049, 2049, 2049, 2048, 2048, 2049]","[2048, 2049, 2049, 2049, 2049]",297
1232,9491,3,5,2024-04-06T02:45:43.247000+00:00,54.176,58.144,23.364,247.0,194,False,135.684,"[None, 2049, 2049, 2048, 2048, 2048, 2048, 2048, 2048]","[2048, 2048, 2048, 2048, 2048, 2048, 2048, 2048, 2048, 2048, 2048]","[2048, 2048, 2048, 2048, 2048]",183
1232,9491,63,10,2024-04-06T02:45:44.681000+00:00,35.314,42.732,18.523,277.0,294,False,96.569,"[None, 2048, 2049, 2048, 2048, 2048, 2048, 2048, 2048]","[2048, 2048, 2048, 2048, 2048, 2048, 2048, 2048, 2048, 2048, 2048]","[2048, 2048, 2048, 2048, 2048]",295
1232,9491,81,3,2024-04-06T02:45:51.401000+00:00,39.096,47.39,24.662,271.0,276,False,111.148,"[2048, 2048, 2048, 2048, 2048, 2048, 2048, 2048, 2048]","[2048, 2048, 2048, 2048, 2048, 2048, 2048, 2048, 2048, 2048, 2048]","[2048, 2048, 2048, 2064, 2064]",237
1232,9491,2,5,2024-04-06T02:46:00.847000+00:00,51.342,68.226,26.668,164.0,175,False,146.236,"[2048, 2048, 2048, 2048, 2048, 2048, 2048, 2048, 2048]","[2048, 2048, 2048, 2048, 2048, 2048, 2048, 2048, 2048, 2048, 2048]","[2048, 2048, 2048, 2048, 2048]",180
1232,9491,18,7,2024-04-06T02:46:08.319000+00:00,44.222,49.906,26.816,221.0,269,False,120.944,"[2048, 2048, 2048, 2048, 2048, 2048, 2048, 2048, 2048]","[2048, 2048, 2048, 2048, 2048, 2048, 2048, 2048, 2048, 2048, 2048]","[2048, 2048, 2048, 2064, 2064]",214
1232,9491,14,7,2024-04-06T02:46:19.154000+00:00,45.578,51.163,24.952,236.0,277,False,121.693,"[None, 2048, 2048, 2048, 2048, 2048, 2048, 2048, 2048]","[2048, 2048, 2048, 2048, 2048, 2048, 2048, 2048, 2048, 2048, 2048]","[2048, 2048, 2048, 2064, 2064]",222
1232,9491,23,6,2024-04-06T02:46:29.477000+00:00,54.483,68.278,23.397,158.0,116,False,146.158,"[None, 2048, 2048, 2048, 2048, 2048, 2048, 2048, 2048]","[2048, 2048, 2048, 2048, 2048, 2048, 2048, 2048, 2048, 2048, 2048]","[2048, 2048, 2048, 2049, 2049]",211
1232,9491,22,6,2024-04-06T02:47:08.414000+00:00,48.127,57.257,26.222,163.0,218,False,131.606,"[None, 2048, 2048, 2048, 2048, 2048, 2048, 2048, 2048]","[2048, 2048, 2048, 2048, 2048, 2048, 2048, 2048, 2048, 2048, 2048]","[2048, 2048, 2048, 2064, 2064]",223
1232,9491,10,2,2024-04-06T02:47:12.921000+00:00,32.371,41.219,18.193,281.0,295,False,91.783,"[2049, 2049, 2049, 2049, 2049, 2049, 2049, 2049, 2049]","[2049, 2049, 2049, 2049, 2049, 2049, 2049, 2049, 2049, 2049, 2049]","[2049, 2049, 2049, 2049]",293
1232,9491,4,2,2024-04-06T02:47:20.023000+00:00,31.627,40.64,17.932,282.0,296,False,90.199,"[2049, 2049, 2049, 2051, 2049, 2049, 2049, 2049, 2049]","[2049, 2051, 2049, 2049, 2049, 2049, 2049, 2049, 2049, 2049, 2049]","[2049, 2049, 2051, 2049]",292
1232,9491,63,11,2024-04-06T02:47:21.435000+00:00,33.9,42.591,18.748,,296,False,95.239,"[None, 2048, 2048, 2048, 2048, 2048, 2048, 2048, 2048]","[2049, 2048, 2048, 2048, 2048, 2049, 2049, 2048, 2048, 2048, 2049]","[2049, 2048, 2048, 2048, 2048]",297
1232,9491,31,2,2024-04-06T02:47:31.660000+00:00,32.462,41.454,18.282,276.0,297,False,92.198,"[2049, 2049, 2049, 2049, 2049, 2049, 2049, 2049, 2049]","[2049, 2049, 2049, 2049, 2049, 2049, 2049, 2049, 2049, 2049, 2049]","[2049, 2049, 2049, 2049]",293
1232,9491,3,6,2024-04-06T02:47:59.029000+00:00,32.177,40.972,18.019,282.0,298,False,91.168,"[None, 2048, 2048, 2048, 2048, 2049, 2049, 2048, 2048]","[2048, 2048, 2049, 2049, 2049, 2048, 2048, 2049, 2048, 2048, 2048]","[2048, 2049, 2049, 2048, 2048]",296
1232,9491,77,7,2024-04-06T02:48:18.723000+00:00,,44.332,18.852,264.0,287,True,482.735,"[2064, 2064, 2048, 2048, 2048, 2048, 2048, 2048, 2048]","[2048, 2048, 2048, 2048, 2048, 2048, 2048, 2048, 2048, 2048, 2048]","[2048, 2048, 2048, 2048, 2048]",285
1232,9491,2,6,2024-04-06T02:48:27.054000+00:00,33.353,41.498,25.459,284.0,306,False,100.31,"[None, 2048, 2048, 2048, 2048, 2048, 2048, 2048, 2048]","[2048, 2049, 2049, 2049, 2048, 2048, 2048, 2048, 2048, 2048, 2048]","[2048, 2048, 2048, 2064, 2064]",245
1232,9491,10,3,2024-04-06T02:48:44.591000+00:00,56.271,67.846,28.5,141.0,193,False,152.617,"[2048, 2048, 2048, 2048, 2048, 2048, 2048, 2048, 2048]","[2048, 2048, 2048, 2048, 2048, 2048, 2048, 2048, 2048, 2048, 2048]","[2048, 2048, 2048, 2048, 2048]",165
1232,9491,4,3,2024-04-06T02:48:50.123000+00:00,50.233,51.105,24.555,201.0,267,False,125.893,"[2048, 2048, 2048, 2048, 2048, 2048, 2048, 2048, 2048]","[2048, 2048, 2048, 2048, 2048, 2048, 2048, 2048, 2048, 2048, 2048]","[2048, 2048, 2048, 2064, 2064]",227
1232,9491,16,7,2024-04-06T02:48:54.559000+00:00,,46.472,19.515,253.0,269,True,468.223,"[2064, 2064, 2048, 2048, 2048, 2048, 2048, 2048, 2048]","[2048, 2048, 2048, 2048, 2048, 2048, 2048, 2048, 2048, 2048, 2048]","[2048, 2048, 2048, 2048, 2048]",283
1232,9491,23,7,2024-04-06T02:48:55.659000+00:00,33.03,41.474,18.123,285.0,307,False,92.627,"[None, 2048, 2049, 2048, 2048, 2048, 2048, 2048, 2049]","[2048, 2048, 2049, 2049, 2048, 2049, 2048, 2048, 2048, 2048, 2048]","[2048, 2048, 2048, 2048, 2048]",306
1232,9491,63,12,2024-04-06T02:48:56.527000+00:00,33.979,42.663,18.581,278.0,297,False,95.223,"[2049, 2049, 2048, 2048, 2048, 2048, 2048, 2048, 2049]","[2048, 2048, 2048, 2048, 2048, 2048, 2049, 2048, 2048, 2048, 2049]","[2049, 2048, 2048, 2048, 2048]",296
1232,9491,31,3,2024-04-06T02:49:03.781000+00:00,53.002,65.913,28.152,150.0,194,False,147.067,"[2048, 2048, 2048, 2048, 2048, 2048, 2048, 2048, 2048]","[2048, 2048, 2048, 2048, 2048, 2048, 2048, 2048, 2048, 2048, 2048]","[2048, 2048, 2048, 2048, 2048]",174
1232,9491,20,7,2024-04-06T02:49:06.200000+00:00,,43.888,18.724,265.0,295,True,550.575,"[2064, 2064, 2048, 2048, 2048, 2048, 2048, 2048, 2048]","[2048, 2048, 2048, 2048, 2048, 2048, 2048, 2048, 2048, 2048, 2048]","[2048, 2048, 2048, 2048, 2048]",294
1232,9491,3,7,2024-04-06T02:49:30.072000+00:00,49.75,58.132,27.962,221.0,206,False,135.844,"[None, 2048, 2048, 2048, 2048, 2048, 2048, 2048, 2048]","[2048, 2048, 2048, 2048, 2048, 2048, 2048, 2048, 2048, 2048, 2048]","[2048, 2048, 2048, 2064, 2064]",188
1232,9491,27,6,2024-04-06T02:49:30.231000+00:00,,44.776,19.098,270.0,294,True,684.334,"[2064, 2064, 2048, 2048, 2048, 2048, 2048, 2048, 2048]","[2048, 2048, 2048, 2048, 2048, 2048, 2048, 2048, 2048, 2048, 2048]","[2048, 2048, 2048, 2048, 2048]",292
1232,9491,77,8,2024-04-06T02:50:07.953000+00:00,34.531,43.217,18.739,270.0,287,False,96.487,"[2048, 2048, 2048, 2048, 2048, 2048, 2048, 2048, 2048]","[2048, 2048, 2048, 2048, 2048, 2048, 2048, 2048, 2048, 2048, 2048]","[2048, 2048, 2048, 2048, 2048]",285
1232,9491,23,8,2024-04-06T02:50:28.281000+00:00,52.25,62.447,26.768,104.0,277,False,141.465,"[None, 2048, 2048, 2048, 2048, 2048, 2048, 2048, 2048]","[2048, 2048, 2048, 2048, 2048, 2048, 2048, 2048, 2048, 2048, 2048]","[2048, 2048, 2048, 2064, 2064]",193
1232,9491,63,13,2024-04-06T02:50:31.732000+00:00,33.917,43.221,18.627,277.0,293,False,95.765,"[2048, 2048, 2048, 2048, 2048, 2048, 2048, 2048, 2048]","[2048, 2048, 2048, 2048, 2049, 2048, 2048, 2048, 2048, 2048, 2048]","[2048, 2048, 2048, 2048, 2048]",286
1232,9491,44,6,2024-04-06T02:50:33.807000+00:00,,42.821,23.793,273.0,293,True,565.022,"[2064, 2064, 2048, 2048, 2048, 2048, 2048, 2048, 2048]","[2048, 2048, 2048, 2048, 2048, 2048, 2048, 2048, 2048, 2048, 2048]","[2048, 2048, 2048, 2048, 2048]",248
1232,9491,16,8,2024-04-06T02:50:47.326000+00:00,34.173,42.802,18.673,274.0,289,False,95.648,"[2048, 2048, 2048, 2048, 2048, 2048, 2048, 2048, 2048]","[2048, 2048, 2048, 2048, 2048, 2048, 2048, 2048, 2048, 2048, 2048]","[2048, 2048, 2048, 2048, 2048]",289
1232,9491,20,8,2024-04-06T02:50:56.462000+00:00,35.657,43.665,18.776,271.0,295,False,98.098,"[2048, 2048, 2048, 2048, 2048, 2048, 2048, 2048, 2048]","[2048, 2048, 2048, 2048, 2048, 2048, 2048, 2048, 2048, 2048, 2048]","[2048, 2048, 2048, 2048, 2048]",296
1232,9491,24,7,2024-04-06T02:51:01.661000+00:00,,43.589,18.816,264.0,286,True,639.4,"[2064, 2064, 2048, 2048, 2048, 2048, 2048, 2048, 2048]","[2048, 2048, 2048, 2048, 2048, 2048, 2048, 2048, 2048, 2048, 2048]","[2048, 2048, 2048, 2048, 2048]",283
1232,9491,10,4,2024-04-06T02:51:17.307000+00:00,53.913,58.967,20.868,175.0,262,False,133.748,"[None, 2048, 2048, 2048, 2048, 2048, 2048, 2048, 2048]","[2048, 2048, 2048, 2048, 2048, 2048, 2048, 2048, 2048, 2048, 2048]","[2048, 2048, 2048, 2048, 2048]",213
1232,9491,27,7,2024-04-06T02:51:17.595000+00:00,35.464,43.395,18.734,275.0,299,False,97.593,"[2048, 2048, 2048, 2048, 2048, 2048, 2048, 2048, 2048]","[2048, 2048, 2048, 2048, 2048, 2048, 2048, 2048, 2048, 2048, 2048]","[2048, 2048, 2048, 2048, 2048]",300
1232,9491,31,4,2024-04-06T02:51:30.947000+00:00,55.465,61.58,25.959,155.0,242,False,143.004,"[None, 2048, 2048, 2048, 2048, 2048, 2048, 2048, 2048]","[2048, 2048, 2048, 2048, 2048, 2048, 2048, 2048, 2048, 2048, 2048]","[2048, 2048, 2048, 2048, 2048]",206
1232,9491,11,8,2024-04-06T02:51:32.430000+00:00,,45.815,23.005,213.0,294,True,603.66,"[2064, 2064, 2048, 2048, 2048, 2048, 2048, 2048, 2048]","[2048, 2048, 2048, 2048, 2048, 2048, 2048, 2048, 2048, 2048, 2048]","[2048, 2048, 2048, 2048, 0]",293
1232,9491,77,9,2024-04-06T02:51:44.451000+00:00,35.09,43.408,18.833,265.0,287,False,97.331,"[None, 2048, 2048, 2048, 2048, 2048, 2048, 2048, 2048]","[2048, 2048, 2048, 2048, 2048, 2048, 2048, 2048, 2048, 2048, 2048]","[2048, 2048, 2048, 2048, 2048]",285
1232,9491,55,8,2024-04-06T02:51:44.950000+00:00,,46.409,21.534,267.0,284,True,539.128,"[2064, 2064, 2048, 2048, 2048, 2048, 2048, 2048, 2048]","[2048, 2048, 2048, 2048, 2048, 2048, 2048, 2048, 2048, 2048, 2048]","[2048, 2048, 2048, 2048, 2048]",264
1232,9491,1,9,2024-04-06T02:52:04.576000+00:00,,49.772,22.845,252.0,235,True,501.389,"[2064, 2064, 2048, 2048, 2048, 2048, 2048, 2048, 2048]","[2048, 2048, 2048, 2048, 2048, 2048, 2048, 2048, 2048, 2048, 2048]","[2048, 2048, 2048, 2048, 2048]",212
1232,9491,63,14,2024-04-06T02:52:07.510000+00:00,54.275,65.217,28.044,184.0,276,False,147.536,"[None, 2048, 2048, 2048, 2048, 2048, 2048, 2048, 2048]","[2048, 2048, 2048, 2048, 2048, 2048, 2048, 2048, 2048, 2048, 2048]","[2048, 2048, 2048, 2064, 2064]",161
1232,9491,3,8,2024-04-06T02:52:17.129000+00:00,81.245,53.942,20.794,216.0,263,True,155.981,"[2064, 2064, 2048, 2048, 2048, 2048, 2048, 2048, 2048]","[2048, 2048, 2048, 2048, 2048, 2048, 2048, 2048, 2048, 2048, 2048]","[2048, 2048, 2048, 2048, 2048]",267
1232,9491,16,9,2024-04-06T02:52:22.914000+00:00,34.417,42.813,18.748,268.0,292,False,95.978,"[None, 2048, 2048, 2048, 2048, 2048, 2048, 2048, 2048]","[2048, 2048, 2048, 2048, 2048, 2048, 2048, 2048, 2048, 2048, 2048]","[2048, 2048, 2048, 2048, 2048]",288
1232,9491,44,7,2024-04-06T02:52:30.748000+00:00,34.015,42.455,18.412,,293,False,94.882,"[2048, 2048, 2048, 2048, 2048, 2048, 2048, 2048, 2048]","[2048, 2048, 2048, 2048, 2048, 2048, 2048, 2048, 2048, 2048, 2048]","[2048, 2048, 2048, 2048, 2048]",293
1232,9491,20,9,2024-04-06T02:52:34.442000+00:00,35.586,43.801,18.655,269.0,296,False,98.042,"[None, 2048, 2048, 2048, 2048, 2048, 2048, 2048, 2048]","[2048, 2048, 2048, 2048, 2048, 2048, 2048, 2048, 2048, 2048, 2048]","[2048, 2048, 2048, 2048, 2048]",295
1232,9491,24,8,2024-04-06T02:52:54.109000+00:00,34.414,42.856,18.595,270.0,292,False,95.865,"[2048, 2048, 2048, 2048, 2048, 2048, 2048, 2048, 2048]","[2048, 2048, 2048, 2048, 2048, 2048, 2048, 2048, 2048, 2048, 2048]","[2048, 2048, 2048, 2048]",291
1232,9491,27,8,2024-04-06T02:52:55.050000+00:00,35.327,43.262,18.83,273.0,298,False,97.419,"[None, 2048, 2048, 2048, 2048, 2048, 2048, 2048, 2048]","[2048, 2048, 2048, 2048, 2048, 2048, 2048, 2048, 2048, 2048, 2048]","[2048, 2048, 2048, 2048, 2048]",298
1232,9491,81,4,2024-04-06T02:53:05.539000+00:00,,42.976,18.885,274.0,290,True,432.439,"[2064, 2064, 2048, 2048, 2048, 2048, 2048, 2048, 2048]","[2048, 2048, 2048, 2048, 2048, 2048, 2048, 2048, 2048, 2048, 2048]","[2048, 2048, 2048, 2048, 2048]",281
1232,9491,77,10,2024-04-06T02:53:21.773000+00:00,34.848,43.339,18.78,267.0,290,False,96.967,"[None, 2048, 2048, 2048, 2048, 2048, 2048, 2048, 2048]","[2048, 2048, 2048, 2048, 2048, 2048, 2048, 2048, 2048, 2048, 2048]","[2048, 2048, 2048, 2048, 2048]",289
1232,9491,23,9,2024-04-06T02:53:22.641000+00:00,78.431,42.319,18.281,283.0,306,True,139.031,"[2064, 2064, 2048, 2048, 2048, 2048, 2048, 2048, 2048]","[2048, 2048, 2048, 2049, 2048, 2048, 2048, 2048, 2048, 2048, 2048]","[2048, 2048, 2048, 2048, 2048]",306
1232,9491,10,5,2024-04-06T02:53:31.167000+00:00,32.334,41.465,18.263,277.0,297,False,92.062,"[2049, 2049, 2049, 2049, 2049, 2048, 2048, 2048, 2048]","[2049, 2048, 2048, 2048, 2048, 2048, 2048, 2048, 2049, 2048, 2049]","[2049, 2049, 2048, 2049, 2048]",293
1232,9491,11,9,2024-04-06T02:53:35.740000+00:00,34.608,43.024,18.701,276.0,295,False,96.333,"[2048, 2048, 2048, 2048, 2048, 2048, 2048, 2048, 2048]","[2048, 2048, 2048, 2048, 2048, 2048, 2048, 2048, 2048, 2048, 2048]","[2048, 2048, 2048, 2048, 2048]",287
1232,9491,55,9,2024-04-06T02:53:43.498000+00:00,34.415,42.834,18.592,276.0,291,False,95.841,"[2048, 2048, 2048, 2048, 2048, 2048, 2048, 2048, 2048]","[2048, 2048, 2048, 2048, 2048, 2048, 2048, 2048, 2048, 2048, 2048]","[2048, 2048, 2048, 2048, 2048]",290
1232,9491,31,5,2024-04-06T02:53:53.955000+00:00,32.279,41.476,18.158,278.0,298,False,91.913,"[2049, 2049, 2049, 2048, 2049, 2049, 2049, 2049, 2049]","[2049, 2049, 2049, 2048, 2048, 2048, 2048, 2049, 2049, 2048, 2049]","[2049, 2049, 2049, 2049, 2048]",294
1232,9491,1,10,2024-04-06T02:53:57.279000+00:00,34.635,43.163,18.737,272.0,292,False,96.535,"[2048, 2048, 2048, 2048, 2048, 2048, 2048, 2048, 2048]","[2048, 2048, 2048, 2048, 2048, 2048, 2048, 2048, 2048, 2048, 2048]","[2048, 2048, 2048, 2048, 2048]",283
1232,9491,16,10,2024-04-06T02:53:58.874000+00:00,34.277,42.914,24.022,275.0,294,False,101.213,"[None, 2048, 2048, 2048, 2048, 2048, 2048, 2048, 2048]","[2048, 2048, 2048, 2048, 2048, 2048, 2048, 2048, 2048, 2048, 2048]","[2048, 2048, 2048, 2048, 2048]",296
1232,9491,44,8,2024-04-06T02:54:05.676000+00:00,34.243,42.81,18.607,275.0,293,False,95.66,"[None, 2048, 2048, 2048, 2048, 2048, 2048, 2048, 2048]","[2048, 2048, 2048, 2048, 2048, 2048, 2048, 2048, 2048, 2048, 2048]","[2048, 2048, 2048, 2048, 2048]",295
1232,9491,20,10,2024-04-06T02:54:12.530000+00:00,35.274,43.685,18.662,271.0,296,False,97.621,"[None, 2048, 2048, 2048, 2048, 2048, 2048, 2048, 2048]","[2048, 2048, 2048, 2048, 2048, 2048, 2048, 2048, 2048, 2048, 2048]","[2048, 2048, 2048, 2048, 2048]",296
1232,9491,3,9,2024-04-06T02:54:21.949000+00:00,32.452,41.558,21.919,280.0,296,False,95.929,"[2048, 2048, 2048, 2048, 2048, 2048, 2048, 2048, 2048]","[2048, 2048, 2048, 2048, 2048, 2048, 2048, 2048, 2048, 2048, 2048]","[2048, 2048, 2048, 2064, 2064]",286
1232,9491,24,9,2024-04-06T02:54:30.003000+00:00,34.43,43.237,18.801,267.0,291,False,96.468,"[None, 2048, 2048, 2048, 2048, 2048, 2048, 2048, 2048]","[2048, 2048, 2048, 2048, 2048, 2048, 2048, 2048, 2048, 2048, 2048]","[2048, 2048, 2048, 2048, 2048]",287
1232,9491,27,9,2024-04-06T02:54:32.556000+00:00,35.194,43.325,18.579,274.0,297,False,97.098,"[None, 2048, 2048, 2048, 2048, 2048, 2048, 2048, 2048]","[2048, 2048, 2048, 2048, 2048, 2048, 2048, 2048, 2048, 2048, 2048]","[2048, 2048, 2048, 2048, 2048]",298
1232,9491,81,5,2024-04-06T02:54:55.106000+00:00,34.733,43.045,18.62,275.0,290,False,96.398,"[2048, 2048, 2048, 2048, 2048, 2048, 2048, 2048, 2048]","[2048, 2048, 2048, 2048, 2048, 2048, 2048, 2048, 2048, 2048, 2048]","[2048, 2048, 2048, 2048, 2048]",282
1232,9491,77,11,2024-04-06T02:54:58.761000+00:00,34.635,43.257,18.679,270.0,294,False,96.571,"[None, 2048, 2048, 2048, 2048, 2048, 2048, 2048, 2048]","[2048, 2048, 2048, 2048, 2048, 2048, 2048, 2048, 2048, 2048, 2048]","[2049, 2048, 2048, 2048]",294
1232,9491,10,6,2024-04-06T02:55:03.208000+00:00,34.621,42.518,18.844,273.0,299,False,95.983,"[2048, 2048, 2048, 2048, 2048, 2048, 2048, 2048, 2048]","[2048, 2048, 2048, 2048, 2048, 2048, 2048, 2048, 2048, 2048, 2049]","[2049, 2048, 2048, 2048]",293
1232,9491,23,10,2024-04-06T02:55:08.856000+00:00,34.332,42.627,18.279,,306,False,95.238,"[2048, 2048, 2048, 2048, 2048, 2048, 2048, 2048, 2048]","[2048, 2048, 2048, 2048, 2048, 2048, 2048, 2048, 2048, 2048, 2048]","[2048, 2048, 2048, 2048, 2048]",300
1232,9491,11,10,2024-04-06T02:55:12.208000+00:00,34.499,43.171,18.668,,294,False,96.338,"[None, 2048, 2048, 2048, 2048, 2048, 2048, 2048, 2048]","[2048, 2048, 2048, 2048, 2048, 2048, 2048, 2048, 2048, 2048, 2048]","[2048, 2048, 2048, 2048, 2048]",294
1232,9491,14,8,2024-04-06T02:55:17.959000+00:00,,47.358,20.954,259.0,280,True,525.429,"[2064, 2064, 2048, 2048, 2048, 2048, 2048, 2048, 2048]","[2048, 2048, 2048, 2048, 2048, 2048, 2048, 2048, 2048, 2048, 2048]","[2048, 2048, 2048, 2048]",279
1232,9491,55,10,2024-04-06T02:55:19.349000+00:00,34.528,43.083,18.487,271.0,291,False,96.098,"[None, 2048, 2048, 2048, 2048, 2048, 2048, 2048, 2048]","[2048, 2048, 2048, 2048, 2048, 2048, 2048, 2048, 2048, 2048, 2048]","[2048, 2048, 2048, 2048, 2048]",290
1232,9491,63,15,2024-04-06T02:55:23.398000+00:00,,48.273,28.546,246.0,279,True,180.682,"[2064, 2064, 2048, 2048, 2048, 2048, 2048, 2048, 2048]","[2048, 2048, 2048, 2048, 2048, 2048, 2048, 2048, 2048, 2048, 2048]","[2048, 2048, 2048, 2048, 0]",231
1232,9491,31,6,2024-04-06T02:55:25.706000+00:00,33.733,42.286,18.463,274.0,299,False,94.482,"[2048, 2048, 2048, 2048, 2048, 2048, 2048, 2048, 2048]","[2048, 2048, 2048, 2048, 2048, 2048, 2048, 2048, 2048, 2048, 2049]","[2049, 2048, 2048, 2048, 2048]",294
1232,9491,1,11,2024-04-06T02:55:33.861000+00:00,34.725,43.448,18.791,270.0,292,False,96.964,"[None, 2048, 2048, 2048, 2048, 2048, 2048, 2048, 2048]","[2048, 2048, 2048, 2048, 2048, 2048, 2048, 2048, 2048, 2048, 2048]","[2048, 2048, 2048, 2048, 2048]",282
1232,9491,16,11,2024-04-06T02:55:40.138000+00:00,34.566,43.091,18.668,269.0,292,False,96.325,"[None, 2048, 2048, 2048, 2048, 2048, 2048, 2048, 2048]","[2048, 2048, 2048, 2048, 2048, 2048, 2048, 2048, 2048, 2048, 2048]","[2048, 2048, 2048, 2048, 2048]",290
1232,9491,44,9,2024-04-06T02:55:41.302000+00:00,34.355,43.112,24.024,,297,False,101.491,"[None, 2048, 2048, 2048, 2048, 2048, 2048, 2048, 2048]","[2048, 2048, 2048, 2048, 2048, 2048, 2049, 2048, 2048, 2048, 2048]","[2048, 2048, 2048, 2048, 2048]",214
1232,9491,20,11,2024-04-06T02:55:50.106000+00:00,35.302,43.761,18.737,273.0,297,False,97.8,"[None, 2048, 2048, 2048, 2048, 2048, 2048, 2048, 2048]","[2048, 2048, 2048, 2048, 2048, 2048, 2048, 2048, 2048, 2048, 2048]","[2048, 2048, 2048, 2048, 2048]",293
1232,9491,22,7,2024-04-06T02:55:50.497000+00:00,,42.95,18.988,278.0,294,True,496.622,"[2064, 2064, 2048, 2048, 2048, 2048, 2048, 2048, 2048]","[2048, 2048, 2048, 2048, 2048, 2048, 2048, 2048, 2048, 2048, 2048]","[2048, 2048, 2048, 2048, 2048]",291
1232,9491,24,10,2024-04-06T02:56:06.500000+00:00,34.934,43.853,18.932,264.0,289,False,97.719,"[None, 2048, 2048, 2048, 2048, 2048, 2048, 2048, 2048]","[2048, 2048, 2048, 2048, 2048, 2048, 2048, 2048, 2048, 2048, 2048]","[2048, 2048, 2048, 2048, 2048]",282
1232,9491,27,10,2024-04-06T02:56:09.641000+00:00,35.404,43.565,18.522,272.0,299,False,97.491,"[None, 2048, 2048, 2048, 2048, 2048, 2048, 2048, 2048]","[2048, 2048, 2048, 2048, 2048, 2048, 2048, 2048, 2048, 2048, 2048]","[2048, 2048, 2048, 2048, 2048]",299
1232,9491,81,6,2024-04-06T02:56:31.544000+00:00,34.884,43.116,18.832,,292,False,96.832,"[None, 2048, 2048, 2048, 2048, 2048, 2048, 2048, 2048]","[2048, 2048, 2048, 2048, 2048, 2048, 2048, 2048, 2048, 2048, 2048]","[2048, 2048, 2048, 2048, 2048]",283
1232,9491,77,12,2024-04-06T02:56:35.977000+00:00,35.121,43.46,18.658,269.0,294,False,97.239,"[None, 2048, 2048, 2048, 2048, 2048, 2048, 2048, 2048]","[2048, 2048, 2048, 2048, 2048, 2048, 2048, 2048, 2048, 2048, 2048]","[2048, 2048, 2048, 2048, 2048]",294
1232,9491,10,7,2024-04-06T02:56:39.474000+00:00,33.996,42.499,18.469,276.0,302,False,94.964,"[None, 2048, 2048, 2048, 2048, 2048, 2048, 2048, 2048]","[2048, 2048, 2048, 2048, 2048, 2049, 2048, 2048, 2048, 2048, 2049]","[2049, 2048, 2048, 2048, 2048]",298
1232,9491,23,11,2024-04-06T02:56:43.981000+00:00,34.22,42.38,18.415,284.0,307,False,95.015,"[None, 2048, 2048, 2048, 2048, 2048, 2048, 2048, 2048]","[2048, 2048, 2048, 2048, 2048, 2048, 2048, 2048, 2048, 2048, 2048]","[2048, 2048, 2048, 2048, 2048]",301
1232,9491,11,11,2024-04-06T02:56:48.483000+00:00,34.696,43.29,18.794,,295,False,96.78,"[None, 2048, 2048, 2048, 2048, 2048, 2048, 2048, 2048]","[2048, 2048, 2048, 2048, 2048, 2048, 2048, 2048, 2048, 2048, 2048]","[2048, 2048, 2048, 2048, 2048]",292
1232,9491,55,11,2024-04-06T02:56:55.383000+00:00,34.716,43.09,18.483,272.0,293,False,96.289,"[None, 2048, 2048, 2048, 2048, 2048, 2048, 2048, 2048]","[2048, 2048, 2048, 2048, 2048, 2048, 2048, 2048, 2048, 2048, 2048]","[2048, 2048, 2048, 2048, 2048]",292
1232,9491,31,7,2024-04-06T02:57:00.466000+00:00,33.66,42.182,18.358,,301,False,94.2,"[None, 2048, 2048, 2048, 2048, 2048, 2048, 2048, 2048]","[2048, 2048, 2048, 2048, 2048, 2049, 2048, 2048, 2048, 2048, 2049]","[2049, 2048, 2048, 2048, 2048]",295
1232,9491,14,9,2024-04-06T02:57:06.246000+00:00,34.161,42.635,18.518,275.0,295,False,95.314,"[2048, 2048, 2048, 2048, 2048, 2048, 2048, 2048, 2048]","[2048, 2048, 2048, 2048, 2048, 2048, 2048, 2048, 2048, 2048, 2048]","[2048, 2048, 2048, 2048, 2048]",295
1232,9491,1,12,2024-04-06T02:57:10.741000+00:00,34.879,43.227,18.565,269.0,295,False,96.671,"[None, 2048, 2048, 2048, 2048, 2048, 2048, 2048, 2048]","[2048, 2048, 2048, 2048, 2048, 2048, 2048, 2048, 2048, 2048, 2048]","[2048, 2048, 2048, 2048, 2048]",288
1232,9491,16,12,2024-04-06T02:57:16.445000+00:00,34.457,42.892,18.638,276.0,293,False,95.987,"[None, 2048, 2048, 2048, 2048, 2048, 2048, 2048, 2048]","[2048, 2048, 2048, 2048, 2048, 2048, 2048, 2048, 2048, 2048, 2048]","[2048, 2048, 2048, 2048]",294
1232,9491,44,10,2024-04-06T02:57:22.755000+00:00,34.016,42.773,18.638,,295,False,95.427,"[None, 2048, 2048, 2048, 2048, 2048, 2048, 2048, 2048]","[2048, 2048, 2048, 2048, 2048, 2048, 2048, 2048, 2048, 2048, 2048]","[2049, 2048, 2048, 2048, 2048]",296
1232,9491,20,12,2024-04-06T02:57:27.928000+00:00,35.559,43.826,18.731,270.0,297,False,98.116,"[None, 2048, 2048, 2048, 2048, 2048, 2048, 2048, 2048]","[2048, 2048, 2048, 2048, 2048, 2048, 2048, 2048, 2048, 2048, 2048]","[2048, 2048, 2048, 2048, 2048]",298
1232,9491,63,16,2024-04-06T02:57:36.525000+00:00,32.995,41.971,18.313,278.0,300,False,93.279,"[2048, 2048, 2049, 2048, 2049, 2049, 2049, 2048, 2048]","[2049, 2049, 2049, 2048, 2048, 2049, 2048, 2049, 2048, 2049, 2049]","[2049, 2049, 2048, 2048]",298
1232,9491,22,8,2024-04-06T02:57:36.757000+00:00,33.851,42.383,18.495,280.0,298,False,94.729,"[2048, 2048, 2048, 2048, 2048, 2048, 2048, 2048, 2048]","[2048, 2048, 2048, 2048, 2048, 2048, 2048, 2048, 2048, 2048, 2048]","[2049, 2048, 2048, 2048, 2048]",297
1232,9491,18,8,2024-04-06T02:57:40.412000+00:00,,44.524,19.33,260.0,293,True,684.66,"[2064, 2064, 2048, 2048, 2048, 2048, 2048, 2048, 2048]","[2048, 2048, 2048, 2048, 2048, 2048, 2048, 2048, 2048, 2048, 2048]","[2048, 2048, 2048, 2048, 2048]",281
1232,9491,24,11,2024-04-06T02:57:44.205000+00:00,35.271,44.056,18.866,258.0,290,False,98.193,"[None, 2048, 2048, 2048, 2048, 2048, 2048, 2048, 2048]","[2048, 2048, 2048, 2048, 2048, 2048, 2048, 2048, 2048, 2048, 2048]","[2048, 2048, 2048, 2048]",289
1232,9491,27,11,2024-04-06T02:57:47.121000+00:00,35.337,43.552,18.685,273.0,300,False,97.574,"[None, 2048, 2048, 2048, 2048, 2048, 2048, 2048, 2048]","[2048, 2048, 2048, 2048, 2048, 2048, 2048, 2048, 2048, 2048, 2048]","[2048, 2048, 2048, 2048, 2048]",300
1232,9491,81,7,2024-04-06T02:58:08.401000+00:00,34.737,43.14,18.646,276.0,293,False,96.523,"[None, 2048, 2048, 2048, 2048, 2048, 2048, 2048, 2048]","[2048, 2048, 2048, 2048, 2048, 2048, 2048, 2048, 2048, 2048, 2048]","[2048, 2048, 2048, 2048, 2048]",291
1232,9491,77,13,2024-04-06T02:58:12.601000+00:00,35.115,43.581,18.87,274.0,295,False,97.566,"[None, 2048, 2048, 2048, 2048, 2048, 2048, 2048, 2048]","[2048, 2048, 2048, 2048, 2048, 2048, 2048, 2048, 2048, 2048, 2048]","[2048, 2048, 2048, 2048, 2048]",294
1232,9491,10,8,2024-04-06T02:58:14.092000+00:00,34.208,43.159,19.044,277.0,295,False,96.411,"[None, 2048, 2048, 2048, 2048, 2048, 2048, 2048, 2048]","[2048, 2048, 2048, 2048, 2048, 2049, 2049, 2048, 2048, 2049, 2048]","[2048, 2048, 2048, 2048, 2048]",293
1232,9491,23,12,2024-04-06T02:58:19.069000+00:00,34.24,42.44,18.604,285.0,309,False,95.284,"[None, 2048, 2048, 2048, 2048, 2048, 2048, 2048, 2048]","[2048, 2048, 2048, 2048, 2048, 2048, 2048, 2048, 2048, 2048, 2048]","[2048, 2048, 2048, 2048, 2048]",293
1232,9491,11,12,2024-04-06T02:58:25.301000+00:00,34.707,43.122,18.686,,295,False,96.515,"[None, 2048, 2048, 2048, 2048, 2048, 2048, 2048, 2048]","[2048, 2048, 2048, 2048, 2048, 2048, 2048, 2048, 2048, 2048, 2048]","[2048, 2048, 2048, 2048, 2048]",296
1232,9491,55,12,2024-04-06T02:58:31.675000+00:00,34.566,43.092,18.564,276.0,293,False,96.222,"[None, 2048, 2048, 2048, 2048, 2048, 2048, 2048, 2048]","[2048, 2048, 2048, 2048, 2048, 2048, 2048, 2048, 2048, 2048, 2048]","[2048, 2048, 2048, 2048, 2048]",293
1232,9491,31,8,2024-04-06T02:58:34.672000+00:00,33.82,42.564,18.818,275.0,303,False,95.202,"[None, 2048, 2048, 2048, 2048, 2048, 2048, 2048, 2048]","[2048, 2048, 2048, 2048, 2048, 2049, 2049, 2048, 2048, 2049, 2049]","[2049, 2048, 2048, 2048, 2048]",296
1232,9491,14,10,2024-04-06T02:58:41.624000+00:00,34.43,42.5,18.414,277.0,295,False,95.344,"[None, 2048, 2048, 2048, 2048, 2048, 2048, 2048, 2048]","[2048, 2048, 2048, 2048, 2048, 2048, 2048, 2048, 2048, 2048, 2048]","[2048, 2048, 2048, 2048, 2048]",295
1232,9491,1,13,2024-04-06T02:58:47.523000+00:00,34.902,43.253,18.583,271.0,294,False,96.738,"[None, 2048, 2048, 2048, 2048, 2048, 2048, 2048, 2048]","[2048, 2048, 2048, 2048, 2048, 2048, 2048, 2048, 2048, 2048, 2048]","[2048, 2048, 2048, 2048, 2048]",287
1232,9491,16,13,2024-04-06T02:58:52.604000+00:00,34.408,42.772,18.492,275.0,298,False,95.672,"[None, 2048, 2048, 2048, 2048, 2048, 2048, 2048, 2048]","[2048, 2048, 2048, 2048, 2048, 2048, 2048, 2048, 2048, 2048, 2048]","[2049, 2048, 2048, 2048, 2048]",300
1232,9491,44,11,2024-04-06T02:58:58.193000+00:00,34.477,43.256,18.672,276.0,295,False,96.405,"[None, 2048, 2048, 2048, 2048, 2048, 2048, 2048, 2048]","[2048, 2048, 2048, 2048, 2048, 2048, 2048, 2048, 2048, 2048, 2048]","[2049, 2048, 2048, 2048, 2048]",297
1232,9491,3,10,2024-04-06T02:59:03.658000+00:00,,42.724,18.385,276.0,296,True,294.838,"[2064, 2064, 2048, 2048, 2048, 2048, 2048, 2048, 2048]","[2048, 2048, 2048, 2048, 2048, 2048, 2048, 2048, 2048, 2048, 2048]","[2048, 2048, 2048, 2048, 2048]",297
1232,9491,20,13,2024-04-06T02:59:06.114000+00:00,35.6,43.862,18.828,271.0,298,False,98.29,"[None, 2048, 2048, 2048, 2048, 2048, 2048, 2048, 2048]","[2048, 2048, 2048, 2048, 2048, 2048, 2048, 2048, 2048, 2048, 2048]","[2048, 2048, 2048, 2048, 2048]",299
1232,9491,63,17,2024-04-06T02:59:08.914000+00:00,45.584,52.731,28.589,229.0,208,False,126.904,"[None, 2048, 2048, 2048, 2048, 2048, 2048, 2048, 2048]","[2048, 2048, 2048, 2048, 2048, 2048, 2048, 2048, 2048, 2048, 2048]","[2048, 2048, 2048, 2064, 2064]",201
1232,9491,22,9,2024-04-06T02:59:11.526000+00:00,33.723,42.668,18.561,279.0,298,False,94.952,"[None, 2048, 2048, 2048, 2048, 2048, 2048, 2048, 2048]","[2048, 2048, 2048, 2048, 2048, 2048, 2048, 2048, 2048, 2048, 2048]","[2049, 2048, 2048, 2048, 2048]",300
1232,9491,4,4,2024-04-06T02:59:14.838000+00:00,,48.921,20.32,185.0,279,True,622.947,"[2064, 2064, 2048, 2048, 2048, 2048, 2048, 2048, 2048]","[2048, 2048, 2048, 2048, 2048, 2048, 2048, 2048, 2048, 2048, 2048]","[2048, 2048, 2048, 2049, 2049]",241
1232,9491,24,12,2024-04-06T02:59:23.124000+00:00,35.178,44.046,18.972,272.0,290,False,98.196,"[None, 2048, 2048, 2048, 2048, 2048, 2048, 2048, 2048]","[2048, 2048, 2048, 2048, 2048, 2048, 2048, 2048, 2048, 2048, 2048]","[2048, 2048, 2048, 2048, 2048]",290
1232,9491,27,12,2024-04-06T02:59:24.667000+00:00,35.387,43.637,18.915,275.0,301,False,97.939,"[None, 2048, 2048, 2048, 2048, 2048, 2048, 2048, 2048]","[2048, 2048, 2048, 2048, 2048, 2048, 2048, 2048, 2048, 2048, 2048]","[2048, 2048, 2048, 2048, 2048]",302
1232,9491,18,9,2024-04-06T02:59:33.872000+00:00,34.501,42.948,18.542,275.0,294,False,95.991,"[2048, 2048, 2048, 2048, 2048, 2048, 2048, 2048, 2048]","[2048, 2048, 2048, 2048, 2048, 2048, 2048, 2048, 2048, 2048, 2048]","[2048, 2048, 2048, 2048, 2048]",296
1232,9491,81,8,2024-04-06T02:59:44.772000+00:00,,43.06,18.711,,294,False,96.508,"[None, 2048, 2048, 2048, 2048, 2048, 2048, 2048, 2048]","[2048, 2048, 2048, 2048, 2048, 2048, 2048, 2048, 2048, 2048, 2048]","[2048, 2048, 2048, 2048, 2048]",295
1232,9491,77,14,2024-04-06T02:59:50.206000+00:00,36.134,44.268,18.897,267.0,290,False,99.299,"[None, 2048, 2048, 2048, 2048, 2048, 2048, 2048, 2048]","[2048, 2048, 2048, 2048, 2048, 2048, 2048, 2048, 2048, 2048, 2048]","[2048, 2048, 2048, 2048, 2048]",291
1232,9491,10,9,2024-04-06T02:59:50.598000+00:00,33.715,42.576,18.579,279.0,300,False,94.87,"[2049, 2049, 2048, 2048, 2048, 2048, 2048, 2048, 2048]","[2048, 2048, 2048, 2048, 2048, 2048, 2048, 2048, 2048, 2048, 2048]","[2048, 2049, 2048, 2048, 2048]",300
1232,9491,23,13,2024-04-06T02:59:54.350000+00:00,34.349,42.628,18.687,,310,False,95.664,"[None, 2048, 2048, 2048, 2048, 2048, 2048, 2048, 2049]","[2048, 2048, 2048, 2048, 2048, 2049, 2049, 2048, 2048, 2048, 2048]","[2048, 2048, 2048, 2048, 2048]",305
1232,9491,11,13,2024-04-06T03:00:01.822000+00:00,34.64,43.199,18.673,,294,False,96.512,"[None, 2048, 2048, 2048, 2048, 2048, 2048, 2048, 2048]","[2048, 2048, 2048, 2048, 2048, 2048, 2048, 2048, 2048, 2048, 2048]","[2048, 2048, 2048, 2048, 2048]",294
1232,9491,55,13,2024-04-06T03:00:07.957000+00:00,34.564,43.086,18.571,275.0,293,False,96.221,"[None, 2048, 2048, 2048, 2048, 2048, 2048, 2048, 2048]","[2048, 2048, 2048, 2048, 2048, 2048, 2048, 2048, 2048, 2048, 2048]","[2048, 2048, 2048, 2048, 2048]",294
1232,9491,31,9,2024-04-06T03:00:09.834000+00:00,34.022,42.615,18.624,276.0,303,False,95.261,"[None, 2048, 2048, 2048, 2048, 2048, 2048, 2048, 2048]","[2048, 2048, 2048, 2048, 2048, 2048, 2049, 2048, 2048, 2049, 2049]","[2049, 2048, 2048, 2048, 2048]",302
1232,9491,14,11,2024-04-06T03:00:16.924000+00:00,34.347,42.744,18.424,273.0,295,False,95.515,"[None, 2048, 2048, 2048, 2048, 2048, 2048, 2048, 2048]","[2048, 2048, 2048, 2048, 2048, 2048, 2048, 2048, 2048, 2048, 2048]","[2048, 2048, 2048, 2048, 2048]",296
1232,9491,1,14,2024-04-06T03:00:24.124000+00:00,34.808,43.327,18.568,273.0,293,False,96.703,"[None, 2048, 2048, 2048, 2048, 2048, 2048, 2048, 2048]","[2048, 2048, 2048, 2048, 2048, 2048, 2048, 2048, 2048, 2048, 2048]","[2048, 2048, 2048, 2048, 2048]",287
1232,9491,16,14,2024-04-06T03:00:28.155000+00:00,34.42,42.788,18.555,276.0,298,False,95.763,"[None, 2048, 2048, 2048, 2048, 2048, 2048, 2048, 2048]","[2048, 2048, 2048, 2048, 2048, 2048, 2048, 2048, 2048, 2048, 2048]","[2048, 2048, 2048, 2048, 2048]",299
1232,9491,44,12,2024-04-06T03:00:34.657000+00:00,34.405,43.275,18.673,274.0,295,False,96.353,"[None, 2048, 2048, 2048, 2048, 2048, 2048, 2048, 2048]","[2048, 2048, 2048, 2048, 2048, 2048, 2048, 2048, 2048, 2048, 2048]","[2048, 2048, 2048, 2048, 2048]",297
1232,9491,20,14,2024-04-06T03:00:44.391000+00:00,35.597,43.963,18.992,275.0,298,False,98.552,"[None, 2048, 2048, 2048, 2048, 2048, 2048, 2048, 2048]","[2048, 2048, 2048, 2048, 2048, 2048, 2048, 2048, 2048, 2048, 2048]","[2048, 2048, 2048, 2048, 2048]",299
1232,9491,22,10,2024-04-06T03:00:46.466000+00:00,34.223,43.398,18.961,280.0,288,False,96.582,"[None, 2048, 2048, 2048, 2048, 2048, 2048, 2048, 2048]","[2048, 2048, 2048, 2048, 2048, 2049, 2048, 2048, 2048, 2048, 2049]","[2048, 2048, 2048, 2048, 2048]",297
1232,9491,3,11,2024-04-06T03:00:52.631000+00:00,33.601,42.127,18.396,279.0,298,False,94.124,"[2048, 2048, 2048, 2048, 2048, 2048, 2048, 2048, 2048]","[2048, 2048, 2048, 2048, 2048, 2048, 2048, 2048, 2048, 2048, 2048]","[2049, 2048, 2048, 2048, 2048]",299
1232,9491,24,13,2024-04-06T03:01:00.663000+00:00,35.491,44.146,18.96,268.0,289,False,98.597,"[None, 2048, 2048, 2048, 2048, 2048, 2048, 2048, 2048]","[2048, 2048, 2048, 2048, 2048, 2048, 2048, 2048, 2048, 2048, 2048]","[2048, 2048, 2048, 2048, 2048]",289
1232,9491,27,13,2024-04-06T03:01:02.687000+00:00,35.817,43.827,18.715,273.0,300,False,98.359,"[None, 2048, 2048, 2048, 2048, 2048, 2048, 2048, 2048]","[2048, 2048, 2048, 2048, 2048, 2048, 2048, 2048, 2048, 2048, 2048]","[2048, 2048, 2048, 2048, 2048]",302
1232,9491,18,10,2024-04-06T03:01:09.954000+00:00,34.576,42.792,18.548,276.0,294,False,95.916,"[None, 2048, 2048, 2048, 2048, 2048, 2048, 2048, 2048]","[2048, 2048, 2048, 2048, 2048, 2048, 2048, 2048, 2048, 2048, 2048]","[2048, 2048, 2048, 2048, 2048]",296
1232,9491,4,5,2024-04-06T03:01:19.040000+00:00,31.888,41.142,17.978,282.0,299,False,91.008,"[2048, 2048, 2049, 2048, 2048, 2049, 2048, 2048, 2049]","[2048, 2048, 2048, 2048, 2049, 2049, 2049, 2048, 2048, 2049, 2049]","[2049, 2049, 2048, 2048, 2048]",296
1232,9491,81,9,2024-04-06T03:01:21.325000+00:00,34.872,43.371,18.688,,292,False,96.931,"[None, 2048, 2048, 2048, 2048, 2048, 2048, 2048, 2048]","[2048, 2048, 2048, 2048, 2048, 2048, 2048, 2048, 2048, 2048, 2048]","[2048, 2048, 2048, 2048, 2048]",295
1232,9491,10,10,2024-04-06T03:01:25.392000+00:00,37.122,47.654,25.506,255.0,195,False,110.282,"[2048, 2048, 2048, 2048, 2048, 2048, 2048, 2048, 2048]","[2048, 2048, 2048, 2048, 2048, 2048, 2048, 2048, 2048, 2048, 2048]","[2048, 2048, 2048, 2064, 2064]",217
1232,9491,77,15,2024-04-06T03:01:29.516000+00:00,36.978,44.591,20.158,268.0,279,False,101.727,"[None, 2048, 2048, 2048, 2048, 2048, 2048, 2048, 2048]","[2048, 2048, 2048, 2048, 2048, 2048, 2048, 2048, 2048, 2048, 2048]","[2048, 2048, 2048, 2048, 2048]",265
1232,9491,23,14,2024-04-06T03:01:30.104000+00:00,34.433,42.985,18.436,,307,False,95.854,"[None, 2048, 2048, 2048, 2048, 2048, 2048, 2048, 2048]","[2048, 2048, 2048, 2048, 2048, 2048, 2051, 2048, 2048, 2048, 2048]","[2048, 2048, 2048, 2048, 2048]",300
1232,9491,2,7,2024-04-06T03:01:33.051000+00:00,,43.188,18.92,281.0,304,True,790.645,"[2064, 2064, 2048, 2048, 2048, 2048, 2048, 2048, 2048]","[2048, 2048, 2048, 2048, 2048, 2048, 2048, 2048, 2048, 2048, 2048]","[2048, 2048, 2048, 2048, 2048]",298
1232,9491,11,14,2024-04-06T03:01:38.349000+00:00,34.749,43.261,18.778,275.0,294,False,96.788,"[None, 2048, 2048, 2048, 2048, 2048, 2048, 2048, 2048]","[2048, 2048, 2048, 2048, 2048, 2048, 2048, 2048, 2048, 2048, 2048]","[2048, 2048, 2048, 2048, 2048]",296
1232,9491,55,14,2024-04-06T03:01:44.162000+00:00,34.736,43.321,22.911,,293,False,100.968,"[None, 2048, 2048, 2048, 2048, 2048, 2048, 2048, 2048]","[2048, 2048, 2048, 2048, 2048, 2048, 2048, 2048, 2048, 2048, 2048]","[2048, 2048, 2048, 2048, 2048]",296
1232,9491,31,10,2024-04-06T03:01:45.043000+00:00,45.21,60.37,27.129,190.0,186,False,132.709,"[None, 2048, 2048, 2048, 2048, 2048, 2048, 2048, 2048]","[2048, 2048, 2048, 2048, 2048, 2048, 2048, 2048, 2048, 2048, 2048]","[2048, 2048, 2048, 2064, 2064]",218
1232,9491,14,12,2024-04-06T03:01:52.531000+00:00,34.39,42.907,18.493,277.0,294,False,95.79,"[None, 2048, 2048, 2048, 2048, 2048, 2048, 2048, 2048]","[2048, 2048, 2048, 2048, 2048, 2048, 2048, 2048, 2048, 2048, 2048]","[2048, 2048, 2048, 2048, 2048]",297
1232,9491,1,15,2024-04-06T03:02:00.948000+00:00,35.04,43.716,18.643,272.0,293,False,97.399,"[None, 2048, 2048, 2048, 2048, 2048, 2048, 2048, 2048]","[2048, 2048, 2048, 2048, 2048, 2048, 2048, 2048, 2048, 2048, 2048]","[2048, 2048, 2048, 2048, 2048]",287
1232,9491,16,15,2024-04-06T03:02:03.775000+00:00,35.835,43.858,22.655,266.0,294,False,102.348,"[None, 2048, 2048, 2048, 2048, 2048, 2048, 2048, 2048]","[2048, 2048, 2048, 2048, 2048, 2048, 2048, 2048, 2048, 2048, 2048]","[2048, 2048, 2048, 2048, 2048]",250
1232,9491,44,13,2024-04-06T03:02:10.982000+00:00,34.82,43.616,21.343,275.0,295,False,99.779,"[None, 2048, 2048, 2048, 2048, 2048, 2048, 2048, 2048]","[2048, 2048, 2048, 2048, 2048, 2048, 2048, 2048, 2048, 2048, 2048]","[2048, 2048, 2048, 2048, 2048]",297
1232,9491,20,15,2024-04-06T03:02:22.882000+00:00,37.108,45.763,21.51,268.0,298,False,104.381,"[None, 2048, 2048, 2048, 2048, 2048, 2048, 2048, 2048]","[2048, 2048, 2048, 2048, 2048, 2048, 2048, 2048, 2048, 2048, 2048]","[2048, 2048, 2048, 2064, 2064]",295
1232,9491,22,11,2024-04-06T03:02:23.033000+00:00,33.753,42.609,18.531,282.0,299,False,94.893,"[None, 2048, 2048, 2048, 2048, 2048, 2048, 2048, 2048]","[2048, 2048, 2048, 2048, 2048, 2048, 2048, 2048, 2048, 2048, 2048]","[2048, 2048, 2048, 2048, 2048]",298
1232,9491,3,12,2024-04-06T03:02:26.807000+00:00,33.923,42.951,18.491,282.0,297,False,95.365,"[None, 2048, 2048, 2048, 2048, 2048, 2048, 2048, 2048]","[2048, 2048, 2048, 2048, 2048, 2048, 2048, 2048, 2048, 2048, 2048]","[2048, 2048, 2048, 2048, 2048]",297
1232,9491,24,14,2024-04-06T03:02:39.212000+00:00,35.698,44.337,19.029,265.0,290,False,99.064,"[None, 2048, 2048, 2048, 2048, 2048, 2048, 2048, 2048]","[2048, 2048, 2048, 2048, 2048, 2048, 2048, 2048, 2048, 2048, 2048]","[2048, 2048, 2048, 2048]",289
1232,9491,27,14,2024-04-06T03:02:40.967000+00:00,36.017,44.773,21.678,276.0,281,False,102.468,"[None, 2048, 2048, 2048, 2048, 2048, 2048, 2048, 2048]","[2048, 2048, 2048, 2048, 2048, 2048, 2048, 2048, 2048, 2048, 2048]","[2048, 2048, 2048, 2064, 2064]",283
1232,9491,18,11,2024-04-06T03:02:45.730000+00:00,34.845,42.807,18.835,274.0,298,False,96.487,"[None, 2048, 2048, 2048, 2048, 2048, 2048, 2048, 2048]","[2048, 2048, 2048, 2048, 2048, 2048, 2048, 2048, 2048, 2048, 2048]","[2049, 2048, 2048, 2048]",299
1232,9491,4,6,2024-04-06T03:02:50.094000+00:00,38.524,44.584,21.583,251.0,275,False,104.691,"[None, 2048, 2048, 2048, 2048, 2048, 2048, 2048, 2048]","[2048, 2048, 2048, 2048, 2048, 2048, 2048, 2048, 2048, 2048, 2048]","[2048, 2048, 2048, 2064, 2064]",272
1232,9491,81,10,2024-04-06T03:02:58.341000+00:00,35.158,44.662,19.193,,293,False,99.013,"[None, 2048, 2048, 2048, 2048, 2048, 2048, 2048, 2048]","[2048, 2048, 2048, 2048, 2048, 2048, 2048, 2048, 2048, 2048, 2048]","[2048, 2048, 2048, 2048, 2048]",279
1232,9491,23,15,2024-04-06T03:03:05.877000+00:00,34.695,42.904,21.513,283.0,292,False,99.112,"[None, 2048, 2048, 2048, 2048, 2048, 2048, 2048, 2048]","[2048, 2048, 2048, 2048, 2048, 2048, 2048, 2048, 2048, 2048, 2048]","[2048, 2048, 2048, 2064, 2064]",280
1232,9491,77,16,2024-04-06T03:03:11.213000+00:00,35.459,44.169,18.836,271.0,289,False,98.464,"[None, 2048, 2048, 2048, 2048, 2048, 2048, 2048, 2048]","[2048, 2048, 2048, 2048, 2048, 2048, 2048, 2048, 2048, 2048, 2048]","[2048, 2048, 2048, 2048, 2048]",289
1232,9491,11,15,2024-04-06T03:03:15.128000+00:00,34.979,43.331,18.693,277.0,298,False,97.003,"[None, 2048, 2048, 2048, 2048, 2048, 2048, 2048, 2048]","[2048, 2048, 2048, 2048, 2048, 2048, 2048, 2048, 2048, 2048, 2048]","[2048, 2048, 2048, 2048]",296
1232,9491,2,8,2024-04-06T03:03:18.085000+00:00,34.992,43.062,18.859,,306,False,96.913,"[2048, 2048, 2048, 2048, 2048, 2048, 2048, 2048, 2048]","[2048, 2048, 2048, 2048, 2048, 2048, 2048, 2048, 2048, 2048, 2048]","[2048, 2048, 2048, 2048, 2048]",303
1232,9491,55,15,2024-04-06T03:03:25.061000+00:00,34.62,43.073,18.46,276.0,296,False,96.153,"[None, 2048, 2048, 2048, 2048, 2048, 2048, 2048, 2048]","[2048, 2048, 2048, 2048, 2048, 2048, 2048, 2048, 2048, 2048, 2048]","[2049, 2048, 2048, 2048, 2048]",297
1232,9491,14,13,2024-04-06T03:03:28.425000+00:00,34.496,45.462,23.528,278.0,293,False,103.486,"[None, 2048, 2048, 2048, 2048, 2048, 2048, 2048, 2048]","[2048, 2048, 2048, 2048, 2048, 2048, 2048, 2048, 2048, 2048, 2048]","[2048, 2048, 2048, 2048, 2048]",194
1232,9491,1,16,2024-04-06T03:03:38.273000+00:00,34.914,43.215,18.517,276.0,296,False,96.646,"[None, 2048, 2048, 2048, 2048, 2048, 2048, 2048, 2048]","[2048, 2048, 2048, 2048, 2048, 2048, 2048, 2048, 2048, 2048, 2048]","[2048, 2048, 2048, 2048, 2048]",290
1232,9491,16,16,2024-04-06T03:03:46.111000+00:00,34.83,43.094,18.731,274.0,292,False,96.655,"[None, 2048, 2048, 2048, 2048, 2048, 2048, 2048, 2048]","[2048, 2048, 2048, 2048, 2048, 2048, 2048, 2048, 2048, 2048, 2048]","[2048, 2048, 2048, 2048, 2048]",293
1232,9491,44,14,2024-04-06T03:03:50.680000+00:00,34.937,43.547,18.7,274.0,295,False,97.184,"[None, 2048, 2048, 2048, 2048, 2048, 2048, 2048, 2048]","[2048, 2048, 2048, 2048, 2048, 2048, 2048, 2048, 2048, 2048, 2048]","[2048, 2048, 2048, 2048, 2048]",297
1232,9491,22,12,2024-04-06T03:03:57.885000+00:00,34.146,42.703,20.439,281.0,299,False,97.288,"[None, 2048, 2048, 2048, 2048, 2048, 2048, 2048, 2048]","[2048, 2048, 2048, 2048, 2048, 2048, 2048, 2048, 2048, 2048, 2048]","[2049, 2048, 2048, 2064, 2064]",300
1232,9491,10,11,2024-04-06T03:04:00.580000+00:00,79.763,46.167,23.376,281.0,199,True,149.306,"[2064, 2064, 2048, 2048, 2048, 2048, 2048, 2048, 2049]","[2048, 2048, 2048, 2048, 2048, 2048, 2049, 2048, 2048, 2048, 2048]","[2048, 2048, 2048, 2064, 2064]",251
1232,9491,3,13,2024-04-06T03:04:02.171000+00:00,34.267,42.704,18.393,280.0,300,False,95.364,"[None, 2048, 2048, 2048, 2048, 2048, 2048, 2048, 2048]","[2048, 2048, 2048, 2048, 2048, 2049, 2049, 2048, 2048, 2048, 2048]","[2049, 2048, 2048, 2048, 2048]",301
1232,9491,24,15,2024-04-06T03:04:18.233000+00:00,35.94,44.344,18.966,263.0,289,False,99.25,"[None, 2048, 2048, 2048, 2048, 2048, 2048, 2048, 2048]","[2048, 2048, 2048, 2048, 2048, 2048, 2048, 2048, 2048, 2048, 2048]","[2048, 2048, 2048, 2048, 2048]",286
1232,9491,18,12,2024-04-06T03:04:22.403000+00:00,34.838,47.807,19.585,277.0,291,False,102.23,"[None, 2048, 2048, 2048, 2048, 2048, 2048, 2048, 2048]","[2048, 2048, 2048, 2048, 2048, 2048, 2048, 2048, 2048, 2048, 2048]","[2048, 2048, 2048, 2048, 2048]",276
1232,9491,81,11,2024-04-06T03:04:37.397000+00:00,35.157,43.702,18.872,,293,False,97.731,"[None, 2048, 2048, 2048, 2048, 2048, 2048, 2048, 2048]","[2048, 2048, 2048, 2048, 2048, 2048, 2048, 2048, 2048, 2048, 2048]","[2048, 2048, 2048, 2048, 2048]",277
1232,9491,31,11,2024-04-06T03:04:44.676000+00:00,84.271,46.345,27.994,280.0,199,True,158.61,"[2064, 2064, 2048, 2048, 2048, 2048, 2048, 2048, 2049]","[2048, 2048, 2048, 2048, 2048, 2048, 2049, 2048, 2048, 2048, 2048]","[2048, 2048, 2048, 2064, 2064]",197
1232,9491,77,17,2024-04-06T03:04:49.650000+00:00,35.666,44.063,21.014,269.0,290,False,100.743,"[None, 2048, 2048, 2048, 2048, 2048, 2048, 2048, 2048]","[2048, 2048, 2048, 2048, 2048, 2048, 2048, 2048, 2048, 2048, 2048]","[2048, 2048, 2048, 2064, 2064]",289
1232,9491,11,16,2024-04-06T03:04:52.916000+00:00,35.018,43.241,18.961,278.0,300,False,97.22,"[None, 2048, 2048, 2048, 2048, 2048, 2048, 2048, 2048]","[2048, 2048, 2048, 2048, 2048, 2048, 2048, 2048, 2048, 2048, 2048]","[2048, 2048, 2048, 2048, 2048]",280
1232,9491,2,9,2024-04-06T03:04:55.040000+00:00,34.931,43.027,21.695,282.0,307,False,99.653,"[None, 2048, 2048, 2048, 2048, 2048, 2048, 2048, 2048]","[2048, 2048, 2048, 2048, 2048, 2048, 2048, 2048, 2048, 2048, 2048]","[2048, 2048, 2048, 2048, 2048]",194
1232,9491,55,16,2024-04-06T03:05:01.269000+00:00,34.66,42.944,18.469,277.0,298,False,96.073,"[None, 2048, 2048, 2048, 2048, 2048, 2048, 2048, 2048]","[2048, 2048, 2048, 2048, 2048, 2048, 2048, 2048, 2048, 2048, 2048]","[2048, 2048, 2048, 2048, 2048]",297
1232,9491,14,14,2024-04-06T03:05:11.812000+00:00,34.573,42.914,18.461,277.0,295,False,95.948,"[None, 2048, 2048, 2048, 2048, 2048, 2048, 2048, 2048]","[2048, 2048, 2048, 2048, 2048, 2048, 2048, 2048, 2048, 2048, 2048]","[2048, 2048, 2048, 2048, 2048]",295
1232,9491,1,17,2024-04-06T03:05:14.911000+00:00,36.541,43.692,20.72,271.0,294,False,100.953,"[None, 2048, 2048, 2048, 2048, 2048, 2048, 2048, 2048]","[2048, 2048, 2048, 2048, 2048, 2048, 2048, 2048, 2048, 2048, 2048]","[2048, 2048, 2048, 2064, 2064]",295
1232,9491,16,17,2024-04-06T03:05:22.798000+00:00,35.061,43.222,18.715,270.0,293,False,96.998,"[None, 2048, 2048, 2048, 2048, 2048, 2048, 2048, 2048]","[2048, 2048, 2048, 2048, 2048, 2048, 2048, 2048, 2048, 2048, 2048]","[2048, 2048, 2048, 2048, 2048]",293
1232,9491,44,15,2024-04-06T03:05:27.902000+00:00,35.121,43.736,21.555,276.0,295,False,100.412,"[None, 2048, 2048, 2048, 2048, 2048, 2048, 2048, 2048]","[2048, 2048, 2048, 2048, 2048, 2048, 2048, 2048, 2048, 2048, 2048]","[2048, 2048, 2048, 2064, 2064]",283
1232,9491,3,14,2024-04-06T03:05:37.571000+00:00,34.057,42.584,18.528,281.0,299,False,95.169,"[None, 2048, 2048, 2048, 2048, 2048, 2048, 2048, 2048]","[2048, 2048, 2048, 2048, 2048, 2048, 2048, 2048, 2048, 2048, 2048]","[2048, 2048, 2048, 2048, 2048]",299
1232,9491,22,13,2024-04-06T03:05:51.632000+00:00,49.241,43.401,20.7,279.0,294,True,113.342,"[2064, 2064, 2048, 2048, 2048, 2048, 2048, 2048, 2048]","[2048, 2048, 2048, 2048, 2048, 2048, 2048, 2048, 2048, 2048, 2048]","[2048, 2048, 2048, 2064, 2064]",295
1232,9491,24,16,2024-04-06T03:05:57.588000+00:00,36.821,46.297,22.011,246.0,270,False,105.129,"[None, 2048, 2048, 2048, 2048, 2048, 2048, 2048, 2048]","[2048, 2048, 2048, 2048, 2048, 2048, 2048, 2048, 2048, 2048, 2048]","[2048, 2048, 2048, 2064, 2064]",272
1232,9491,18,13,2024-04-06T03:06:04.525000+00:00,34.795,43.053,18.8,271.0,295,False,96.648,"[None, 2048, 2048, 2048, 2048, 2048, 2048, 2048, 2048]","[2048, 2048, 2048, 2048, 2048, 2048, 2048, 2048, 2048, 2048, 2048]","[2048, 2048, 2048, 2048, 2048]",297
1232,9491,81,12,2024-04-06T03:06:15.041000+00:00,35.253,43.782,18.866,275.0,293,False,97.901,"[None, 2048, 2048, 2048, 2048, 2048, 2048, 2048, 2048]","[2048, 2048, 2048, 2048, 2048, 2048, 2048, 2048, 2048, 2048, 2048]","[2048, 2048, 2048, 2048, 2048]",290
1232,9491,11,17,2024-04-06T03:06:29.255000+00:00,35.214,44.049,22.183,275.0,293,False,101.446,"[None, 2048, 2048, 2048, 2048, 2048, 2048, 2048, 2048]","[2048, 2048, 2048, 2048, 2048, 2048, 2048, 2048, 2048, 2048, 2048]","[2048, 2048, 2048, 2064, 2064]",294
1232,9491,2,10,2024-04-06T03:06:34.738000+00:00,34.812,42.82,18.537,,306,False,96.169,"[None, 2048, 2048, 2048, 2048, 2048, 2048, 2048, 2048]","[2048, 2048, 2048, 2048, 2048, 2048, 2048, 2048, 2048, 2048, 2048]","[2048, 2048, 2048, 2048, 2048]",301
1232,9491,55,17,2024-04-06T03:06:37.301000+00:00,34.821,43.269,18.489,274.0,295,False,96.579,"[None, 2048, 2048, 2048, 2048, 2048, 2048, 2048, 2048]","[2048, 2048, 2048, 2048, 2048, 2048, 2048, 2048, 2048, 2048, 2048]","[2048, 2048, 2048, 2048, 2048]",294
1232,9491,14,15,2024-04-06T03:06:47.672000+00:00,34.42,42.921,18.534,276.0,296,False,95.875,"[None, 2048, 2048, 2048, 2048, 2048, 2048, 2048, 2048]","[2048, 2048, 2048, 2048, 2048, 2048, 2048, 2048, 2048, 2048, 2048]","[2048, 2048, 2048, 2048, 2048]",295
1232,9491,16,18,2024-04-06T03:06:59.828000+00:00,35.023,43.214,18.57,269.0,293,False,96.807,"[None, 2048, 2048, 2048, 2048, 2048, 2048, 2048, 2048]","[2048, 2048, 2048, 2048, 2048, 2048, 2048, 2048, 2048, 2048, 2048]","[2048, 2048, 2048, 2048, 2048]",292
1232,9491,3,15,2024-04-06T03:07:12.828000+00:00,34.328,42.801,18.545,277.0,296,False,95.674,"[None, 2048, 2048, 2048, 2048, 2048, 2048, 2048, 2048]","[2048, 2048, 2048, 2048, 2048, 2048, 2048, 2048, 2048, 2048, 2048]","[2048, 2048, 2048, 2048, 2048]",296
1232,9491,18,14,2024-04-06T03:07:41.157000+00:00,34.691,42.904,18.56,276.0,293,False,96.155,"[None, 2048, 2048, 2048, 2048, 2048, 2048, 2048, 2048]","[2048, 2048, 2048, 2048, 2048, 2048, 2048, 2048, 2048, 2048, 2048]","[2048, 2048, 2048, 2048, 2048]",293
1232,9491,81,13,2024-04-06T03:07:52.992000+00:00,35.423,45.187,21.803,273.0,279,False,102.413,"[None, 2048, 2048, 2048, 2048, 2048, 2048, 2048, 2048]","[2048, 2048, 2048, 2048, 2048, 2048, 2048, 2048, 2048, 2048, 2048]","[2048, 2048, 2048, 2064, 2064]",262
1232,9491,2,11,2024-04-06T03:08:10.800000+00:00,34.768,42.9,18.484,281.0,304,False,96.152,"[None, 2048, 2048, 2048, 2048, 2048, 2048, 2048, 2048]","[2048, 2048, 2048, 2048, 2048, 2048, 2048, 2048, 2048, 2048, 2048]","[2048, 2048, 2048, 2048, 2048]",304
1232,9491,55,18,2024-04-06T03:08:13.795000+00:00,35.092,43.23,23.192,,293,False,101.514,"[None, 2048, 2048, 2048, 2048, 2048, 2048, 2048, 2048]","[2048, 2048, 2048, 2048, 2048, 2048, 2048, 2048, 2048, 2048, 2048]","[2048, 2048, 2048, 2048, 2048]",294
1232,9491,14,16,2024-04-06T03:08:23.676000+00:00,34.552,42.759,18.525,278.0,294,False,95.836,"[None, 2048, 2048, 2048, 2048, 2048, 2048, 2048, 2048]","[2048, 2048, 2048, 2048, 2048, 2048, 2048, 2048, 2048, 2048, 2048]","[2048, 2048, 2048, 2048, 2048]",295
1232,9491,16,19,2024-04-06T03:08:36.762000+00:00,35.057,43.23,21.399,273.0,291,False,99.686,"[None, 2048, 2048, 2048, 2048, 2048, 2048, 2048, 2048]","[2048, 2048, 2048, 2048, 2048, 2048, 2048, 2048, 2048, 2048, 2048]","[2048, 2048, 2048, 2064, 2064]",293
1232,9491,3,16,2024-04-06T03:08:48.439000+00:00,34.704,43.206,21.164,,294,False,99.074,"[None, 2048, 2048, 2048, 2048, 2048, 2048, 2048, 2048]","[2048, 2048, 2048, 2048, 2048, 2048, 2048, 2048, 2048, 2048, 2048]","[2048, 2048, 2048, 2064, 2064]",296
1232,9491,18,15,2024-04-06T03:09:17.204000+00:00,34.457,42.896,18.535,,291,False,95.888,"[None, 2048, 2048, 2048, 2048, 2048, 2048, 2048, 2048]","[2048, 2048, 2048, 2048, 2048, 2048, 2048, 2048, 2048, 2048, 2048]","[2048, 2048, 2048, 2048, 2048]",293
1232,9491,2,12,2024-04-06T03:09:46.974000+00:00,34.764,43.564,21.508,282.0,287,False,99.836,"[None, 2048, 2048, 2048, 2048, 2048, 2048, 2048, 2048]","[2048, 2048, 2048, 2048, 2048, 2048, 2048, 2048, 2048, 2048, 2048]","[2048, 2048, 2048, 2064, 2064]",288
1232,9491,55,19,2024-04-06T03:09:55.483000+00:00,34.93,43.261,18.534,273.0,290,False,96.725,"[None, 2048, 2048, 2048, 2048, 2048, 2048, 2048, 2048]","[2048, 2048, 2048, 2048, 2048, 2048, 2048, 2048, 2048, 2048, 2048]","[2048, 2048, 2048, 2048, 2048]",292
1232,9491,14,17,2024-04-06T03:09:59.390000+00:00,34.555,42.948,18.411,277.0,294,False,95.914,"[None, 2048, 2048, 2048, 2048, 2048, 2048, 2048, 2048]","[2048, 2048, 2048, 2048, 2048, 2048, 2048, 2048, 2048, 2048, 2048]","[2048, 2048, 2048, 2048, 2048]",295
1232,9491,18,16,2024-04-06T03:10:53.126000+00:00,35.826,45.066,22.021,262.0,277,False,102.913,"[None, 2048, 2048, 2048, 2048, 2048, 2048, 2048, 2048]","[2048, 2048, 2048, 2048, 2048, 2048, 2048, 2048, 2048, 2048, 2048]","[2048, 2048, 2048, 2064, 2064]",279
1232,9491,55,20,2024-04-06T03:11:32.175000+00:00,35.01,43.295,20.888,271.0,289,False,99.193,"[None, 2048, 2048, 2048, 2048, 2048, 2048, 2048, 2048]","[2048, 2048, 2048, 2048, 2048, 2048, 2048, 2048, 2048, 2048, 2048]","[2048, 2048, 2048, 2064, 2064]",291
1232,9491,14,18,2024-04-06T03:11:35.358000+00:00,34.642,43.976,21.857,278.0,272,False,100.475,"[None, 2048, 2048, 2048, 2048, 2048, 2048, 2048, 2048]","[2048, 2048, 2048, 2048, 2048, 2048, 2048, 2048, 2048, 2048, 2048]","[2048, 2048, 2048, 2064, 2064]",278
1232,9491,23,16,2024-04-06T03:13:35.924000+00:00,,50.805,21.895,212.0,285,True,653.194,"[2064, 2064, 2048, 2048, 2048, 2048, 2048, 2048, 2048]","[2048, 2048, 2048, 2048, 2048, 2048, 2048, 2048, 2048, 2048, 2048]","[2048, 2048, 2048, 2049, 2051]",203
1232,9491,2,13,2024-04-06T03:14:54.807000+00:00,,50.807,21.472,251.0,286,True,321.81,"[2064, 2064, 2048, 2048, 2048, 2048, 2048, 2048, 2048]","[2048, 2048, 2048, 2048, 2048, 2048, 2048, 2048, 2048, 2048, 2048]","[2048, 2048, 2048, 2048, 2048]",203
1232,9491,23,17,2024-04-06T03:15:38.153000+00:00,32.241,40.632,17.66,289.0,309,False,90.533,"[2048, 2048, 2049, 2049, 2049, 2049, 2049, 2049, 2051]","[2049, 2049, 2051, 2049, 2051, 2049, 2051, 2049, 2049, 2049, 2049]","[2048, 2048, 2049, 2049, 2051]",307
1232,9491,63,18,2024-04-06T03:16:12.017000+00:00,,53.346,21.816,242.0,273,True,1018.957,"[2064, 2064, 2048, 2048, 2048, 2048, 2048, 2048, 2048]","[2048, 2048, 2048, 2048, 2048, 2048, 2048, 2048, 2048, 2048, 2048]","[2048, 2048, 2048, 2049, 2049]",194
1232,9491,2,14,2024-04-06T03:16:48.627000+00:00,32.628,40.982,17.842,288.0,308,False,91.452,"[2048, 2048, 2048, 2049, 2049, 2049, 2049, 2049, 2049]","[2049, 2048, 2048, 2048, 2049, 2051, 2049, 2049, 2049, 2048, 2048]","[2048, 2048, 2049, 2048, 2048]",305
1232,9491,23,18,2024-04-06T03:17:08.627000+00:00,49.724,59.613,28.573,184.0,221,False,137.91,"[None, 2048, 2048, 2048, 2048, 2048, 2048, 2048, 2048]","[2048, 2048, 2048, 2048, 2048, 2048, 2048, 2048, 2048, 2048, 2048]","[2048, 2048, 2048, 2064, 2064]",196
1232,9491,1,18,2024-04-06T03:17:20.653000+00:00,,52.139,20.537,247.0,259,True,740.293,"[2064, 2064, 2048, 2048, 2048, 2048, 2048, 2048, 2048]","[2048, 2048, 2048, 2048, 2048, 2048, 2048, 2048, 2048, 2048, 2048]","[2048, 2048, 2048, 2049, 2049]",234
1232,9491,77,18,2024-04-06T03:17:21.660000+00:00,,51.475,23.687,253.0,270,True,769.867,"[2064, 2064, 2048, 2048, 2048, 2048, 2048, 2048, 2048]","[2048, 2048, 2048, 2048, 2048, 2048, 2048, 2048, 2048, 2048, 2048]","[2048, 2048, 2048, 2048, 2048]",203
1232,9491,4,7,2024-04-06T03:17:22.010000+00:00,,51.538,27.993,239.0,264,True,897.508,"[2064, 2064, 2048, 2048, 2048, 2048, 2048, 2048, 2048]","[2048, 2048, 2048, 2048, 2048, 2048, 2048, 2048, 2048, 2048, 2048]","[2048, 2048, 2048, 2048, 2048]",168
1232,9491,44,16,2024-04-06T03:17:38.442000+00:00,,51.084,25.738,257.0,233,True,750.557,"[2064, 2064, 2048, 2048, 2048, 2048, 2048, 2048, 2048]","[2048, 2048, 2048, 2048, 2048, 2048, 2048, 2048, 2048, 2048, 2048]","[2048, 2048, 2048, 2048, 2048]",192
1232,9491,10,12,2024-04-06T03:17:47.273000+00:00,,51.854,21.288,251.0,264,True,841.316,"[None, 2064, 2048, 2048, 2048, 2048, 2048, 2048, 2048]","[2048, 2048, 2048, 2048, 2048, 2048, 2048, 2048, 2048, 2048, 2048]","[2048, 2048, 2048, 2049, 2049]",190
1232,9491,11,18,2024-04-06T03:18:04.136000+00:00,,48.812,25.734,188.0,257,True,712.711,"[2064, 2064, 2048, 2048, 2048, 2048, 2048, 2048, 2048]","[2048, 2048, 2048, 2048, 2048, 2048, 2048, 2048, 2048, 2048, 2048]","[2048, 2048, 2048, 2049, 2049]",161
1232,9491,3,17,2024-04-06T03:18:08.040000+00:00,,56.966,20.203,185.0,254,True,590.96,"[2064, 2064, 2048, 2048, 2048, 2048, 2048, 2048, 2048]","[2048, 2048, 2048, 2048, 2048, 2048, 2048, 2048, 2048, 2048, 2048]","[2048, 2048, 2048, 2048, 2048]",262
1232,9491,63,19,2024-04-06T03:18:14.835000+00:00,31.771,40.318,17.829,283.0,301,False,89.918,"[2048, 2048, 2049, 2049, 2051, 2049, 2049, 2049, 2049]","[2049, 2049, 2049, 2049, 2049, 2049, 2049, 2049, 2049, 2049, 2049]","[2049, 2048, 2049, 2048, 2048]",298
1232,9491,2,15,2024-04-06T03:18:20.012000+00:00,52.441,77.783,29.503,151.0,130,False,159.727,"[None, 2048, 2048, 2048, 2048, 2048, 2048, 2048, 2048]","[2048, 2048, 2048, 2048, 2048, 2048, 2048, 2048, 2048, 2048, 2048]","[2048, 2048, 2048, 2048, 2048]",159
1232,9491,22,14,2024-04-06T03:18:27.216000+00:00,,54.176,24.692,207.0,264,True,778.175,"[None, 2064, 2048, 2048, 2048, 2048, 2048, 2048, 2048]","[2048, 2048, 2048, 2048, 2048, 2048, 2048, 2048, 2048, 2048, 2048]","[2048, 2048, 2048, 2048, 2049]",215
1232,9491,81,14,2024-04-06T03:18:33.086000+00:00,,54.93,24.958,257.0,266,True,660.526,"[2064, 2064, 2048, 2048, 2048, 2048, 2048, 2048, 2048]","[2048, 2048, 2048, 2048, 2048, 2048, 2048, 2048, 2048, 2048, 2048]","[2048, 2048, 2048, 2049, 2049]",128
1232,9491,14,19,2024-04-06T03:18:48.183000+00:00,,50.424,24.299,252.0,278,True,448.086,"[2064, 2064, 2048, 2048, 2048, 2048, 2048, 2048, 2048]","[2048, 2048, 2048, 2048, 2048, 2048, 2048, 2048, 2048, 2048, 2048]","[2048, 2048, 2048, 2049, 2049]",212
1232,9491,1,19,2024-04-06T03:19:16.309000+00:00,31.458,40.438,17.667,285.0,298,False,89.563,"[2048, 2048, 2049, 2049, 2048, 2049, 2048, 2049, 2049]","[2051, 2049, 2049, 2048, 2049, 2049, 2049, 2048, 2048, 2048, 2048]","[2048, 2049, 2051, 2051, 2048]",296
1232,9491,77,19,2024-04-06T03:19:20.314000+00:00,31.888,40.826,17.832,282.0,297,False,90.546,"[2048, 2048, 2048, 2049, 2049, 2049, 2048, 2048, 2049]","[2049, 2048, 2048, 2048, 2049, 2049, 2049, 2048, 2049, 2049, 2049]","[2049, 2049, 2049, 2048]",295
1232,9491,4,8,2024-04-06T03:19:32.296000+00:00,31.323,64.985,29.361,284.0,145,False,125.669,"[2049, 2048, 2049, 2051, 2049, 2051, 2049, 2049, 2049]","[2049, 2048, 2048, 2048, 2048, 2048, 2048, 2048, 2048, 2048, 2048]","[2048, 2048, 2048, 2048, 2048]",179
1232,9491,44,17,2024-04-06T03:19:38.909000+00:00,31.586,40.631,17.82,284.0,299,False,90.037,"[2049, 2048, 2048, 2048, 2049, 2048, 2048, 2048, 2049]","[2049, 2048, 2049, 2048, 2049, 2049, 2049, 2049, 2048, 2048, 2048]","[2049, 2048, 2049, 2048]",296
1232,9491,63,20,2024-04-06T03:19:44.833000+00:00,45.361,57.849,27.466,199.0,193,False,130.676,"[None, 2048, 2048, 2048, 2048, 2048, 2048, 2048, 2048]","[2048, 2048, 2048, 2048, 2048, 2048, 2048, 2048, 2048, 2048, 2048]","[2048, 2048, 2048, 2064, 2064]",192
1232,9491,10,13,2024-04-06T03:19:46.326000+00:00,31.94,41.019,18.182,285.0,298,False,91.141,"[2048, 2048, 2049, 2049, 2049, 2049, 2048, 2049, 2049]","[2049, 2048, 2049, 2048, 2049, 2049, 2049, 2049, 2049, 2049, 2048]","[2048, 2049, 2048, 2048]",295
1232,9491,11,19,2024-04-06T03:20:03.570000+00:00,31.467,40.529,17.836,285.0,299,False,89.832,"[2049, 2048, 2049, 2049, 2049, 2049, 2049, 2049, 2049]","[2049, 2048, 2048, 2048, 2048, 2048, 2048, 2049, 2049, 2048, 2048]","[2048, 2048, 2049, 2049, 2049]",297
1232,9491,3,18,2024-04-06T03:20:18.397000+00:00,32.064,40.832,17.786,283.0,299,False,90.682,"[2048, 2048, 2049, 2048, 2048, 2048, 2049, 2048, 2049]","[2049, 2048, 2049, 2048, 2049, 2049, 2048, 2049, 2049, 2048, 2049]","[2048, 2049, 2049, 2049]",296
1232,9491,22,15,2024-04-06T03:20:26.741000+00:00,31.686,40.774,17.881,284.0,299,False,90.341,"[2049, 2049, 2049, 2049, 2049, 2048, 2048, 2048, 2049]","[2049, 2048, 2049, 2048, 2049, 2048, 2049, 2049, 2048, 2049, 2048]","[2048, 2049, 2049, 2048, 2049]",297
1232,9491,31,12,2024-04-06T03:20:30.572000+00:00,,53.105,19.762,221.0,228,True,957.891,"[None, 2064, 2048, 2048, 2048, 2048, 2048, 2048, 2048]","[2048, 2048, 2048, 2048, 2048, 2048, 2048, 2048, 2048, 2048, 2048]","[2048, 2048, 2048, 2049, 2049]",267
1232,9491,81,15,2024-04-06T03:20:35.851000+00:00,31.647,40.717,17.862,285.0,298,False,90.226,"[2049, 2049, 2049, 2049, 2051, 2048, 2048, 2051, 2049]","[2049, 2048, 2049, 2048, 2049, 2049, 2049, 2049, 2049, 2049, 2049]","[2049, 2048, 2049, 2048, 2048]",292
1232,9491,14,20,2024-04-06T03:20:43.936000+00:00,31.663,40.597,17.822,284.0,301,False,90.082,"[2049, 2049, 2049, 2049, 2049, 2048, 2049, 2049, 2049]","[2049, 2049, 2049, 2048, 2049, 2049, 2049, 2049, 2049, 2049, 2049]","[2049, 2048, 2049, 2048]",296
1232,9491,1,20,2024-04-06T03:20:45.766000+00:00,51.042,51.42,23.914,211.0,269,False,126.376,"[None, 2048, 2048, 2048, 2048, 2048, 2048, 2048, 2048]","[2048, 2048, 2048, 2048, 2048, 2048, 2048, 2048, 2048, 2048, 2048]","[2048, 2048, 2048, 2064, 2064]",241
1232,9491,77,20,2024-04-06T03:20:51.368000+00:00,52.873,61.07,26.47,183.0,219,False,140.413,"[None, 2048, 2048, 2048, 2048, 2048, 2048, 2048, 2048]","[2048, 2048, 2048, 2048, 2048, 2048, 2048, 2048, 2048, 2048, 2048]","[2048, 2048, 2048, 2048, 2048]",193
1232,9491,18,17,2024-04-06T03:20:51.974000+00:00,,51.471,20.69,221.0,278,True,612.07,"[2064, 2064, 2048, 2048, 2048, 2048, 2048, 2048, 2048]","[2048, 2048, 2048, 2048, 2048, 2048, 2048, 2048, 2048, 2048, 2048]","[2048, 2048, 2048, 2051, 2049]",242
1232,9491,2,16,2024-04-06T03:20:59.892000+00:00,32.775,41.358,18.146,288.0,309,False,92.279,"[None, 2048, 2049, 2048, 2048, 2048, 2048, 2049, 2049]","[2048, 2048, 2049, 2048, 2048, 2048, 2048, 2048, 2048, 2048, 2048]","[2048, 2048, 2048, 2048, 2048]",305
1232,9491,44,18,2024-04-06T03:21:08.757000+00:00,45.209,47.228,22.061,214.0,272,False,114.498,"[2048, 2048, 2048, 2048, 2048, 2048, 2048, 2048, 2048]","[2048, 2048, 2048, 2048, 2048, 2048, 2048, 2048, 2048, 2048, 2048]","[2048, 2048, 2048, 2064, 2064]",262
1232,9491,10,14,2024-04-06T03:21:17.319000+00:00,52.898,66.611,30.54,152.0,200,False,150.049,"[None, 2048, 2048, 2048, 2048, 2048, 2048, 2048, 2048]","[2048, 2048, 2048, 2048, 2048, 2048, 2048, 2048, 2048, 2048, 2048]","[2048, 2048, 2048, 2064, 2064]",178
1232,9491,20,16,2024-04-06T03:21:20.462000+00:00,,45.503,22.915,262.0,278,True,1138.806,"[2064, 2064, 2048, 2048, 2048, 2048, 2048, 2048, 2048]","[2048, 2048, 2048, 2048, 2048, 2048, 2048, 2048, 2048, 2048, 2048]","[2048, 2048, 2048, 2049, 2048]",266
1232,9491,11,20,2024-04-06T03:21:33.270000+00:00,49.627,66.756,29.126,180.0,172,False,145.509,"[2048, 2048, 2048, 2048, 2048, 2048, 2048, 2048, 2048]","[2048, 2048, 2048, 2048, 2048, 2048, 2048, 2048, 2048, 2048, 2048]","[2048, 2048, 2048, 2048, 2048]",174
1232,9491,27,15,2024-04-06T03:21:36.922000+00:00,,51.598,19.481,247.0,273,True,1147.004,"[2064, 2064, 2048, 2048, 2048, 2048, 2048, 2048, 2048]","[2048, 2048, 2048, 2048, 2048, 2048, 2048, 2048, 2048, 2048, 2048]","[2048, 2048, 2048, 2048, 2048]",275
1232,9491,4,9,2024-04-06T03:21:38.023000+00:00,49.616,67.501,27.877,166.0,216,False,144.994,"[2048, 2048, 2048, 2048, 2048, 2048, 2048, 2048, 2048]","[2048, 2048, 2048, 2048, 2048, 2048, 2048, 2048, 2048, 2048, 2048]","[2048, 2048, 2048, 2048]",200
1232,9491,3,19,2024-04-06T03:21:49.034000+00:00,54.899,75.307,27.515,119.0,183,False,157.721,"[None, 2048, 2048, 2048, 2048, 2048, 2048, 2048, 2048]","[2048, 2048, 2048, 2048, 2048, 2048, 2048, 2048, 2048, 2048, 2048]","[2048, 2048, 2048, 2048, 2048]",174
1232,9491,22,16,2024-04-06T03:21:56.987000+00:00,53.798,70.288,29.33,145.0,164,False,153.416,"[2048, 2048, 2048, 2048, 2048, 2048, 2048, 2048, 2048]","[2048, 2048, 2048, 2048, 2048, 2048, 2048, 2048, 2048, 2048, 2048]","[2048, 2048, 2048, 2048, 2048]",175
1232,9491,55,21,2024-04-06T03:22:00.683000+00:00,,54.346,32.687,213.0,272,True,659.561,"[2064, 2064, 2048, 2048, 2048, 2048, 2048, 2048, 2048]","[2048, 2048, 2048, 2048, 2048, 2048, 2048, 2048, 2048, 2048, 2048]","[2048, 2048, 2048, 2049, 2048]",253
1232,9491,81,16,2024-04-06T03:22:06.539000+00:00,41.688,48.282,29.557,247.0,245,False,119.527,"[2048, 2048, 2048, 2048, 2048, 2048, 2048, 2048, 2048]","[2048, 2048, 2048, 2048, 2048, 2048, 2048, 2048, 2048, 2048, 2048]","[2048, 2048, 2048, 2064, 2064]",189
1232,9491,16,20,2024-04-06T03:22:11.525000+00:00,,55.796,30.168,225.0,263,True,842.762,"[2064, 2064, 2048, 2048, 2048, 2048, 2048, 2048, 2048]","[2048, 2048, 2048, 2048, 2048, 2048, 2048, 2048, 2048, 2048, 2048]","[2048, 2048, 2048, 2049, 2048]",272
1232,9491,14,21,2024-04-06T03:22:13.952000+00:00,52.273,56.294,23.881,129.0,225,False,132.448,"[2048, 2048, 2048, 2048, 2048, 2048, 2048, 2048, 2048]","[2048, 2048, 2048, 2048, 2048, 2048, 2048, 2048, 2048, 2048, 2048]","[2048, 2048, 2048, 2048, 2048]",218
1232,9491,2,17,2024-04-06T03:22:32.103000+00:00,41.724,53.629,23.766,236.0,282,False,119.119,"[None, 2048, 2048, 2048, 2048, 2048, 2048, 2048, 2048]","[2048, 2048, 2048, 2048, 2048, 2048, 2048, 2048, 2048, 2048, 2048]","[2048, 2048, 2048, 2064, 2064]",250
1232,9491,31,13,2024-04-06T03:22:34.277000+00:00,31.963,40.924,18.135,285.0,298,False,91.022,"[2049, 2049, 2049, 2049, 2049, 2049, 2048, 2049, 2049]","[2049, 2049, 2049, 2048, 2049, 2048, 2049, 2049, 2049, 2049, 2048]","[2048, 2048, 2049, 2049, 2048]",294
1232,9491,18,18,2024-04-06T03:22:48.094000+00:00,31.727,79.701,35.017,284.0,224,False,146.445,"[2049, 2049, 2049, 2049, 2049, 2049, 2048, 2048, 2049]","[2049, 2048, 2048, 2048, 2048, 2048, 2048, 2048, 2048, 2048, 2048]","[2048, 2048, 2048, 2048, 2048]",136
1232,9491,20,17,2024-04-06T03:23:06.133000+00:00,32.552,41.022,17.888,286.0,303,False,91.462,"[2048, 2048, 2048, 2048, 2049, 2049, 2048, 2048, 2049]","[2049, 2048, 2048, 2049, 2048, 2048, 2048, 2049, 2049, 2049, 2048]","[2048, 2049, 2049, 2048]",301
1232,9491,77,21,2024-04-06T03:23:11.253000+00:00,45.905,56.833,26.156,249.0,156,False,128.894,"[None, 2048, 2048, 2048, 2048, 2048, 2048, 2048, 2048]","[2048, 2048, 2048, 2048, 2048, 2048, 2048, 2048, 2048, 2048, 2048]","[2048, 2048, 2048, 2048, 2048]",155
1232,9491,27,16,2024-04-06T03:23:30.493000+00:00,32.267,41.06,17.812,288.0,302,False,91.139,"[2048, 2048, 2049, 2049, 2049, 2049, 2049, 2048, 2049]","[2049, 2048, 2048, 2048, 2049, 2048, 2049, 2049, 2049, 2048, 2048]","[2048, 2048, 2049, 2049, 2049]",299
1232,9491,11,21,2024-04-06T03:23:58.685000+00:00,59.172,65.684,22.285,169.0,260,False,147.141,"[None, 2048, 2048, 2048, 2048, 2048, 2048, 2048, 2048]","[2048, 2048, 2048, 2048, 2048, 2048, 2048, 2048, 2048, 2048, 2048]","[2048, 2048, 2048, 2048, 2048]",207
1232,9491,4,10,2024-04-06T03:24:02.870000+00:00,31.528,40.672,17.937,284.0,295,False,90.137,"[None, 2048, 2048, 2048, 2048, 2048, 2048, 2049, 2049]","[2048, 2048, 2049, 2048, 2049, 2049, 2048, 2048, 2049, 2048, 2048]","[2048, 2048, 2048, 2048, 2048]",292
1232,9491,31,14,2024-04-06T03:24:05.126000+00:00,54.472,66.11,28.719,171.0,228,False,149.301,"[2048, 2048, 2048, 2048, 2048, 2048, 2048, 2048, 2048]","[2048, 2048, 2048, 2048, 2048, 2048, 2048, 2048, 2048, 2048, 2048]","[2048, 2048, 2048, 2048, 2048]",191
1232,9491,55,22,2024-04-06T03:24:10.942000+00:00,31.818,40.473,17.88,285.0,296,False,90.171,"[2049, 2049, 2049, 2049, 2048, 2049, 2048, 2049, 2049]","[2049, 2051, 2049, 2048, 2049, 2048, 2049, 2049, 2048, 2048, 2048]","[2048, 2049, 2049, 2048, 2048]",295
1232,9491,10,15,2024-04-06T03:24:18.464000+00:00,80.83,58.159,32.988,192.0,267,True,171.977,"[2064, 2064, 2048, 2048, 2048, 2048, 2048, 2048, 2048]","[2048, 2048, 2048, 2048, 2048, 2048, 2048, 2048, 2048, 2048, 2048]","[2048, 2048, 2048, 2048, 2048]",101
1232,9491,16,21,2024-04-06T03:24:19.140000+00:00,31.873,40.544,17.966,284.0,297,False,90.383,"[2049, 2049, 2048, 2048, 2049, 2048, 2048, 2048, 2049]","[2049, 2049, 2048, 2048, 2049, 2049, 2049, 2048, 2048, 2048, 2048]","[2048, 2048, 2048, 2048]",297
1232,9491,14,22,2024-04-06T03:24:26.414000+00:00,48.996,58.695,34.524,246.0,148,False,142.215,"[None, 2048, 2048, 2048, 2048, 2048, 2048, 2048, 2048]","[2048, 2048, 2048, 2048, 2048, 2048, 2048, 2048, 2048, 2048, 2048]","[2048, 2048, 2048, 2048, 2048]",161
1232,9491,3,20,2024-04-06T03:24:26.762000+00:00,52.204,62.139,32.4,224.0,248,False,146.743,"[None, 2048, 2048, 2048, 2048, 2048, 2048, 2048, 2048]","[2048, 2048, 2048, 2048, 2048, 2048, 2048, 2048, 2048, 2048, 2048]","[2048, 2048, 2048, 2048, 2048]",127
1232,9491,22,17,2024-04-06T03:24:30.475000+00:00,52.747,59.778,37.246,149.0,250,False,149.771,"[None, 2048, 2048, 2048, 2048, 2048, 2048, 2048, 2048]","[2048, 2048, 2048, 2048, 2048, 2048, 2048, 2048, 2048, 2048, 2048]","[2048, 2048, 2048, 2048, 2048]",84
1232,9491,20,18,2024-04-06T03:24:37.457000+00:00,58.162,63.961,26.748,134.0,247,False,148.871,"[None, 2048, 2048, 2048, 2048, 2048, 2048, 2048, 2048]","[2048, 2048, 2048, 2048, 2048, 2048, 2048, 2048, 2048, 2048, 2048]","[2048, 2048, 2048, 2048, 2048]",183
1232,9491,27,17,2024-04-06T03:25:01.625000+00:00,58.778,70.386,26.128,154.0,121,False,155.292,"[None, 2048, 2048, 2048, 2048, 2048, 2048, 2048, 2048]","[2048, 2048, 2048, 2048, 2048, 2048, 2048, 2048, 2048, 2048, 2048]","[2048, 2048, 2048, 2048, 2048]",205
1232,9491,18,19,2024-04-06T03:25:14.572000+00:00,56.887,63.56,28.563,160.0,253,False,149.01,"[2048, 2048, 2048, 2048, 2048, 2048, 2048, 2048, 2048]","[2048, 2048, 2048, 2048, 2048, 2048, 2048, 2048, 2048, 2048, 2048]","[2048, 2048, 2048, 2048, 2048]",179
1232,9491,77,22,2024-04-06T03:25:20.105000+00:00,32.136,41.304,17.954,282.0,293,False,91.394,"[None, 2048, 2049, 2048, 2049, 2049, 2048, 2048, 2049]","[2049, 2048, 2048, 2048, 2048, 2048, 2048, 2048, 2048, 2048, 2048]","[2048, 2048, 2048, 2048, 2048]",291
1232,9491,4,11,2024-04-06T03:25:32.990000+00:00,42.157,43.919,22.173,263.0,278,False,108.249,"[None, 2048, 2048, 2048, 2048, 2048, 2048, 2048, 2048]","[2048, 2048, 2048, 2048, 2048, 2048, 2048, 2048, 2048, 2048, 2048]","[2048, 2048, 2048, 2064, 2064]",279
1232,9491,55,23,2024-04-06T03:25:40.950000+00:00,51.29,66.579,25.81,162.0,187,False,143.679,"[2048, 2048, 2048, 2048, 2048, 2048, 2048, 2048, 2048]","[2048, 2048, 2048, 2048, 2048, 2048, 2048, 2048, 2048, 2048, 2048]","[2048, 2048, 2048, 2048, 2048]",191
1232,9491,16,22,2024-04-06T03:25:49.331000+00:00,52.312,65.467,23.26,142.0,229,False,141.039,"[2048, 2048, 2048, 2048, 2048, 2048, 2048, 2048, 2048]","[2048, 2048, 2048, 2048, 2048, 2048, 2048, 2048, 2048, 2048, 2048]","[2048, 2048, 2048, 2048]",207
1232,9491,23,19,2024-04-06T03:25:52.492000+00:00,,52.343,23.089,220.0,289,True,511.284,"[2064, 2064, 2048, 2048, 2048, 2048, 2048, 2048, 2048]","[2048, 2048, 2048, 2048, 2048, 2048, 2048, 2048, 2048, 2048, 2048]","[2048, 2048, 2048, 2048, 2048]",169
1232,9491,11,22,2024-04-06T03:26:25.996000+00:00,31.803,40.726,17.889,284.0,299,False,90.418,"[None, 2048, 2048, 2048, 2048, 2048, 2048, 2048, 2048]","[2048, 2048, 2048, 2048, 2048, 2049, 2048, 2048, 2048, 2048, 2048]","[2048, 2049, 2048, 2048, 2049]",296
1232,9491,31,15,2024-04-06T03:26:34.565000+00:00,60.213,56.833,22.435,191.0,229,False,139.481,"[None, 2048, 2048, 2048, 2048, 2048, 2048, 2048, 2048]","[2048, 2048, 2048, 2048, 2048, 2048, 2048, 2048, 2048, 2048, 2048]","[2048, 2048, 2048, 2048, 2048]",213
1232,9491,10,16,2024-04-06T03:26:39.419000+00:00,32.373,41.439,18.112,284.0,297,False,91.924,"[2048, 2048, 2048, 2048, 2048, 2049, 2048, 2048, 2048]","[2048, 2048, 2048, 2048, 2048, 2049, 2048, 2048, 2048, 2048, 2048]","[2048, 2049, 2048, 2048, 2048]",295
1232,9491,14,23,2024-04-06T03:26:48.675000+00:00,31.945,40.919,17.971,284.0,297,False,90.835,"[None, 2048, 2048, 2048, 2048, 2048, 2048, 2048, 2048]","[2048, 2048, 2051, 2048, 2048, 2049, 2049, 2048, 2048, 2048, 2048]","[2048, 2048, 2048, 2048, 2048]",296
1232,9491,77,23,2024-04-06T03:26:51.581000+00:00,40.343,51.834,24.133,199.0,270,False,116.31,"[None, 2048, 2048, 2048, 2048, 2048, 2048, 2048, 2048]","[2048, 2048, 2048, 2048, 2048, 2048, 2048, 2048, 2048, 2048, 2048]","[2048, 2048, 2048, 2064, 2064]",222
1232,9491,3,21,2024-04-06T03:26:53.620000+00:00,36.527,53.077,20.78,162.0,265,False,110.384,"[None, 2049, 2048, 2048, 2048, 2048, 2048, 2048, 2048]","[2048, 2048, 2048, 2048, 2048, 2048, 2048, 2048, 2048, 2048, 2048]","[2048, 2048, 2048, 2048, 2048]",226
1232,9491,22,18,2024-04-06T03:27:00.273000+00:00,32.183,42.627,17.961,283.0,296,False,92.771,"[None, 2048, 2048, 2048, 2048, 2048, 2048, 2048, 2048]","[2048, 2048, 2048, 2048, 2048, 2048, 2048, 2048, 2048, 2048, 2048]","[2048, 2048, 2048, 2048, 2048]",296
1232,9491,20,19,2024-04-06T03:27:07.225000+00:00,54.577,56.219,25.954,178.0,208,False,136.75,"[None, 2048, 2048, 2048, 2048, 2048, 2048, 2048, 2048]","[2048, 2048, 2048, 2048, 2048, 2048, 2048, 2048, 2048, 2048, 2048]","[2048, 2048, 2048, 2048, 2048]",250
1232,9491,63,21,2024-04-06T03:27:34.496000+00:00,,46.504,18.817,135.0,290,True,459.711,"[2064, 2064, 2048, 2048, 2048, 2048, 2048, 2048, 2048]","[2048, 2048, 2048, 2048, 2048, 2048, 2048, 2048, 2048, 2048, 2048]","[2048, 2048, 2048, 2048, 2048]",281
1232,9491,27,18,2024-04-06T03:27:36.935000+00:00,32.275,44.971,27.67,286.0,257,False,104.916,"[None, 2048, 2049, 2049, 2049, 2049, 2049, 2048, 2048]","[2048, 2049, 2049, 2048, 2048, 2048, 2049, 2048, 2048, 2048, 2048]","[2048, 2048, 2048, 2064, 2064]",199
1232,9491,18,20,2024-04-06T03:27:43.542000+00:00,43.404,53.957,22.376,227.0,277,False,119.737,"[None, 2048, 2048, 2048, 2048, 2048, 2048, 2048, 2048]","[2048, 2048, 2048, 2048, 2048, 2048, 2048, 2048, 2048, 2048, 2048]","[2048, 2048, 2048, 2048, 2048]",220
1232,9491,11,23,2024-04-06T03:27:56.377000+00:00,44.104,63.769,24.675,238.0,202,False,132.548,"[None, 2048, 2048, 2048, 2048, 2048, 2048, 2048, 2048]","[2048, 2048, 2048, 2048, 2048, 2048, 2048, 2048, 2048, 2048, 2048]","[2048, 2048, 2048, 2048, 2048]",235
1232,9491,23,20,2024-04-06T03:27:57.950000+00:00,32.57,40.904,17.78,288.0,309,False,91.254,"[2051, 2048, 2049, 2048, 2048, 2048, 2049, 2048, 2048]","[2048, 2048, 2048, 2049, 2048, 2051, 2051, 2048, 2048, 2051, 2049]","[2048, 2049, 2048, 2048, 2048]",307
1232,9491,1,21,2024-04-06T03:28:03.363000+00:00,,53.353,25.863,199.0,249,True,431.662,"[2064, 2064, 2048, 2048, 2048, 2048, 2048, 2048, 2048]","[2048, 2048, 2048, 2048, 2048, 2048, 2048, 2048, 2048, 2048, 2048]","[2048, 2048, 2048, 2048, 2048]",221
1232,9491,55,24,2024-04-06T03:28:04.777000+00:00,43.704,47.835,19.917,251.0,263,False,111.456,"[None, 2048, 2048, 2048, 2048, 2048, 2048, 2048, 2048]","[2048, 2048, 2048, 2048, 2048, 2048, 2048, 2048, 2048, 2048, 2048]","[2048, 2048, 2048, 2049, 2049]",251
1232,9491,16,23,2024-04-06T03:28:10.768000+00:00,41.99,47.28,20.969,240.0,274,False,110.239,"[None, 2048, 2048, 2048, 2048, 2048, 2048, 2048, 2048]","[2048, 2048, 2048, 2048, 2048, 2048, 2048, 2048, 2048, 2048, 2048]","[2048, 2048, 2048, 2049, 2049]",205
1232,9491,10,17,2024-04-06T03:28:11.452000+00:00,35.724,52.105,24.159,260.0,245,False,111.988,"[None, 2048, 2048, 2048, 2048, 2048, 2048, 2048, 2048]","[2048, 2048, 2048, 2048, 2048, 2048, 2048, 2048, 2048, 2048, 2048]","[2048, 2048, 2048, 2048, 2048]",209
1232,9491,44,19,2024-04-06T03:28:16.394000+00:00,,42.779,21.691,275.0,292,True,422.835,"[2064, 2064, 2048, 2048, 2048, 2048, 2048, 2048, 2048]","[2048, 2048, 2048, 2048, 2048, 2048, 2048, 2048, 2048, 2048, 2048]","[2048, 2048, 2048, 2048, 2048]",292
1232,9491,14,24,2024-04-06T03:28:19.535000+00:00,38.663,46.967,34.876,254.0,252,False,120.506,"[None, 2048, 2048, 2048, 2048, 2048, 2048, 2048, 2048]","[2048, 2048, 2048, 2048, 2048, 2048, 2048, 2048, 2048, 2048, 2048]","[2048, 2048, 2048, 2064, 2064]",216
1232,9491,81,17,2024-04-06T03:28:29.397000+00:00,,49.654,20.169,264.0,279,True,386.987,"[2064, 2064, 2048, 2048, 2048, 2048, 2048, 2048, 2048]","[2048, 2048, 2048, 2048, 2048, 2048, 2048, 2048, 2048, 2048, 2048]","[2048, 2048, 2048, 2048, 2048]",265
1232,9491,22,19,2024-04-06T03:28:33.076000+00:00,48.334,53.947,24.411,174.0,270,False,126.692,"[None, 2048, 2048, 2048, 2048, 2048, 2048, 2048, 2048]","[2048, 2048, 2048, 2048, 2048, 2048, 2048, 2048, 2048, 2048, 2048]","[2048, 2048, 2048, 2048, 2048]",253
1232,9491,3,22,2024-04-06T03:28:44.010000+00:00,32.367,41.52,18.295,283.0,297,False,92.182,"[None, 2048, 2048, 2048, 2048, 2048, 2048, 2048, 2048]","[2048, 2048, 2048, 2048, 2048, 2048, 2048, 2048, 2048, 2048, 2048]","[2048, 2048, 2048, 2048, 2048]",296
1232,9491,31,16,2024-04-06T03:28:54.051000+00:00,32.25,41.692,19.117,284.0,277,False,93.059,"[None, 2049, 2048, 2049, 2048, 2048, 2048, 2048, 2048]","[2048, 2048, 2049, 2048, 2048, 2048, 2048, 2048, 2048, 2048, 2048]","[2048, 2048, 2048, 2048, 2048]",273
1232,9491,77,24,2024-04-06T03:29:12.330000+00:00,57.38,43.06,18.666,273.0,291,True,119.106,"[2064, 2064, 2048, 2048, 2048, 2048, 2048, 2048, 2048]","[2048, 2048, 2048, 2048, 2048, 2048, 2048, 2048, 2048, 2048, 2048]","[2048, 2048, 2048, 2048, 2048]",291
1232,9491,20,20,2024-04-06T03:29:23.194000+00:00,32.583,41.189,18.021,285.0,302,False,91.793,"[None, 2048, 2049, 2048, 2048, 2049, 2048, 2048, 2049]","[2049, 2048, 2048, 2048, 2048, 2048, 2048, 2048, 2048, 2048, 2048]","[2048, 2049, 2048, 2048, 2048]",301
1232,9491,23,21,2024-04-06T03:29:29.086000+00:00,50.554,55.735,21.869,214.0,240,False,128.158,"[2048, 2048, 2048, 2048, 2048, 2048, 2048, 2048, 2048]","[2048, 2048, 2048, 2048, 2048, 2048, 2048, 2048, 2048, 2048, 2048]","[2048, 2048, 2048, 2048, 2048]",240
1232,9491,63,22,2024-04-06T03:29:36.365000+00:00,34.647,43.173,18.725,272.0,289,False,96.545,"[2048, 2048, 2048, 2048, 2048, 2048, 2048, 2048, 2048]","[2048, 2048, 2048, 2048, 2048, 2048, 2048, 2048, 2048, 2048, 2048]","[2048, 2048, 2048, 2048, 2048]",290
1232,9491,2,18,2024-04-06T03:29:38.662000+00:00,,55.895,26.565,210.0,295,True,447.992,"[2064, 2064, 2048, 2048, 2048, 2048, 2048, 2048, 2048]","[2048, 2048, 2048, 2048, 2048, 2048, 2048, 2048, 2048, 2048, 2048]","[2048, 2048, 2048, 2048, 2048]",204
1232,9491,27,19,2024-04-06T03:29:40.861000+00:00,71.271,47.393,19.728,93.0,276,True,138.392,"[2064, 2064, 2048, 2048, 2048, 2048, 2048, 2048, 2048]","[2048, 2048, 2048, 2048, 2048, 2048, 2048, 2048, 2048, 2048, 2048]","[2048, 2048, 2048, 2048, 2048]",278
1232,9491,18,21,2024-04-06T03:29:43.361000+00:00,32.401,49.01,28.005,247.0,279,False,109.416,"[None, 2048, 2048, 2048, 2048, 2048, 2048, 2048, 2048]","[2048, 2048, 2048, 2048, 2048, 2048, 2048, 2048, 2048, 2048, 2048]","[2048, 2048, 2048, 2048, 2048]",141
1232,9491,4,12,2024-04-06T03:29:45.421000+00:00,,44.252,20.508,272.0,293,True,260.621,"[2064, 2064, 2048, 2048, 2048, 2048, 2048, 2048, 2048]","[2048, 2048, 2048, 2048, 2048, 2048, 2048, 2048, 2048, 2048, 2048]","[2048, 2048, 2048, 2048, 2048]",252
1232,9491,55,25,2024-04-06T03:29:56.175000+00:00,32.285,41.047,17.878,284.0,297,False,91.21,"[None, 2048, 2048, 2048, 2048, 2048, 2048, 2048, 2048]","[2048, 2048, 2048, 2048, 2048, 2049, 2049, 2048, 2048, 2048, 2048]","[2048, 2048, 2049, 2048, 2048]",294
1232,9491,16,24,2024-04-06T03:30:00.833000+00:00,32.202,50.884,33.444,284.0,270,False,116.53,"[None, 2048, 2048, 2048, 2048, 2048, 2048, 2048, 2049]","[2048, 2048, 2048, 2048, 2048, 2048, 2048, 2048, 2048, 2048, 2048]","[2048, 2048, 2048, 2048, 2048]",209
1232,9491,10,18,2024-04-06T03:30:03.313000+00:00,39.896,44.392,34.896,267.0,276,False,119.184,"[None, 2048, 2048, 2048, 2048, 2048, 2048, 2048, 2048]","[2048, 2048, 2048, 2048, 2048, 2048, 2048, 2048, 2048, 2048, 2048]","[2048, 2048, 2048, 2048, 2048]",269
1232,9491,1,22,2024-04-06T03:30:03.703000+00:00,40.608,45.784,37.208,270.0,275,False,123.6,"[2048, 2048, 2048, 2048, 2048, 2048, 2048, 2048, 2048]","[2048, 2048, 2048, 2048, 2048, 2048, 2048, 2048, 2048, 2048, 2048]","[2048, 2048, 2048, 2048, 2048]",240
1232,9491,44,20,2024-04-06T03:30:06.274000+00:00,34.915,56.37,35.22,272.0,200,False,126.505,"[2048, 2048, 2048, 2048, 2048, 2048, 2048, 2048, 2048]","[2048, 2048, 2048, 2048, 2048, 2048, 2048, 2048, 2048, 2048, 2048]","[2048, 2048, 2048, 2048, 2048]",147
1232,9491,11,24,2024-04-06T03:30:08.874000+00:00,47.645,49.155,34.135,248.0,263,False,130.935,"[None, 2048, 2048, 2048, 2048, 2048, 2048, 2048, 2048]","[2048, 2048, 2048, 2048, 2048, 2048, 2048, 2048, 2048, 2048, 2048]","[2048, 2048, 2048, 2048, 2048]",217
1232,9491,3,23,2024-04-06T03:30:16.207000+00:00,43.047,47.261,35.413,232.0,275,False,125.721,"[None, 2048, 2048, 2048, 2048, 2048, 2048, 2048, 2048]","[2048, 2048, 2048, 2048, 2048, 2048, 2048, 2048, 2048, 2048, 2048]","[2048, 2048, 2048, 2048, 2048]",241
1232,9491,31,17,2024-04-06T03:30:27.137000+00:00,48.511,57.782,33.515,196.0,199,False,139.808,"[None, 2048, 2048, 2048, 2048, 2048, 2048, 2048, 2048]","[2048, 2048, 2048, 2048, 2048, 2048, 2048, 2048, 2048, 2048, 2048]","[2048, 2048, 2048, 2048, 2048]",210
1232,9491,81,18,2024-04-06T03:30:32.542000+00:00,44.003,50.596,31.681,175.0,216,False,126.28,"[2048, 2048, 2048, 2048, 2048, 2048, 2048, 2048, 2048]","[2048, 2048, 2048, 2048, 2048, 2048, 2048, 2048, 2048, 2048, 2048]","[2048, 2048, 2048, 2048, 2048]",180
1232,9491,22,20,2024-04-06T03:30:39.729000+00:00,44.589,48.54,30.35,247.0,269,False,123.479,"[None, 2048, 2048, 2048, 2048, 2048, 2048, 2048, 2048]","[2048, 2048, 2048, 2048, 2048, 2048, 2048, 2048, 2048, 2048, 2048]","[2048, 2048, 2048, 2048, 2048]",271
1232,9491,77,25,2024-04-06T03:30:46.912000+00:00,41.174,50.365,29.561,203.0,267,False,121.1,"[2048, 2048, 2048, 2048, 2048, 2048, 2048, 2048, 2048]","[2048, 2048, 2048, 2048, 2048, 2048, 2048, 2048, 2048, 2048, 2048]","[2048, 2048, 2048, 2048, 2048]",233
1232,9491,20,21,2024-04-06T03:30:54.975000+00:00,42.664,48.729,27.446,240.0,199,False,118.839,"[None, 2048, 2048, 2048, 2048, 2048, 2048, 2048, 2048]","[2048, 2048, 2048, 2048, 2048, 2048, 2048, 2048, 2048, 2048, 2048]","[2048, 2048, 2048, 2048, 2048]",226
1232,9491,63,23,2024-04-06T03:31:11.811000+00:00,59.72,81.077,41.428,148.0,124,False,182.225,"[None, 2048, 2048, 2048, 2048, 2048, 2048, 2048, 2048]","[2048, 2048, 2048, 2048, 2048, 2048, 2048, 2048, 2048, 2048, 2048]","[2048, 2048, 2048, 2048, 2048]",132
1232,9491,55,26,2024-04-06T03:31:27.447000+00:00,46.701,59.227,31.253,190.0,199,False,137.181,"[None, 2048, 2048, 2048, 2048, 2048, 2048, 2048, 2048]","[2048, 2048, 2048, 2048, 2048, 2048, 2048, 2048, 2048, 2048, 2048]","[2048, 2048, 2048, 2048, 2048]",185
1232,9491,18,22,2024-04-06T03:31:32.773000+00:00,38.369,46.676,28.152,249.0,278,False,113.197,"[None, 2048, 2048, 2048, 2048, 2048, 2048, 2048, 2048]","[2048, 2048, 2048, 2048, 2048, 2048, 2048, 2048, 2048, 2048, 2048]","[2048, 2048, 2048, 2048, 2048]",243
1232,9491,23,22,2024-04-06T03:31:37.385000+00:00,48.218,58.915,32.634,143.0,155,False,139.767,"[None, 2048, 2048, 2048, 2048, 2048, 2048, 2048, 2048]","[2048, 2048, 2048, 2048, 2048, 2048, 2048, 2048, 2048, 2048, 2048]","[2048, 2048, 2048, 2048, 2048]",194
1232,9491,27,20,2024-04-06T03:31:40.173000+00:00,39.175,50.438,30.187,235.0,268,False,119.8,"[2048, 2048, 2048, 2048, 2048, 2048, 2048, 2048, 2048]","[2048, 2048, 2048, 2048, 2048, 2048, 2048, 2048, 2048, 2048, 2048]","[2048, 2048, 2048, 2048, 2048]",189
1232,9491,4,13,2024-04-06T03:31:41.855000+00:00,39.165,50.521,30.992,248.0,277,False,120.678,"[2048, 2048, 2048, 2048, 2048, 2048, 2048, 2048, 2048]","[2048, 2048, 2048, 2048, 2048, 2048, 2048, 2048, 2048, 2048, 2048]","[2048, 2048, 2048, 2048, 2048]",196
1232,9491,16,25,2024-04-06T03:31:57.376000+00:00,61.439,44.471,26.941,281.0,263,False,132.851,"[None, 2048, 2048, 2048, 2048, 2048, 2048, 2048, 2048]","[2048, 2048, 2048, 2048, 2048, 2048, 2048, 2048, 2048, 2048, 2048]","[2048, 2048, 2048, 2064, 2064]",165
1232,9491,2,19,2024-04-06T03:31:59.146000+00:00,39.599,47.661,32.916,268.0,241,False,120.176,"[2048, 2048, 2048, 2048, 2048, 2048, 2048, 2048, 2048]","[2048, 2048, 2048, 2048, 2048, 2048, 2048, 2048, 2048, 2048, 2048]","[2048, 2048, 2048, 2048, 2048]",189
1232,9491,10,19,2024-04-06T03:32:02.505000+00:00,62.415,42.369,28.364,277.0,296,False,133.148,"[None, 2048, 2048, 2048, 2048, 2048, 2048, 2048, 2048]","[2048, 2048, 2048, 2048, 2048, 2048, 2048, 2048, 2048, 2048, 2048]","[2048, 2048, 2048, 2064, 2064]",235
1232,9491,1,23,2024-04-06T03:32:07.470000+00:00,67.858,44.048,21.103,260.0,274,False,133.009,"[None, 2048, 2048, 2048, 2048, 2048, 2048, 2048, 2048]","[2048, 2048, 2048, 2048, 2048, 2048, 2048, 2048, 2048, 2048, 2048]","[2048, 2048, 2048, 2064, 2064]",274
1232,9491,44,21,2024-04-06T03:32:12.794000+00:00,77.987,44.762,21.044,221.0,276,False,143.793,"[None, 2048, 2048, 2048, 2048, 2048, 2048, 2048, 2048]","[2048, 2048, 2048, 2048, 2048, 2048, 2048, 2048, 2048, 2048, 2048]","[2048, 2048, 2048, 2064, 2064]",274
1232,9491,11,25,2024-04-06T03:32:19.820000+00:00,73.388,45.118,23.756,260.0,273,False,142.262,"[None, 2048, 2048, 2048, 2048, 2048, 2048, 2048, 2048]","[2048, 2048, 2048, 2048, 2048, 2048, 2048, 2048, 2048, 2048, 2048]","[2048, 2048, 2048, 2064, 2064]",240
1232,9491,3,24,2024-04-06T03:32:21.844000+00:00,62.014,44.879,22.321,274.0,269,False,129.214,"[None, 2048, 2048, 2048, 2048, 2048, 2048, 2048, 2048]","[2048, 2048, 2048, 2048, 2048, 2048, 2048, 2048, 2048, 2048, 2048]","[2048, 2048, 2048, 2064, 2064]",268
1232,9491,81,19,2024-04-06T03:32:38.880000+00:00,68.481,49.673,23.934,254.0,240,False,142.088,"[None, 2048, 2048, 2048, 2048, 2048, 2048, 2048, 2048]","[2048, 2048, 2048, 2048, 2048, 2048, 2048, 2048, 2048, 2048, 2048]","[2048, 2048, 2048, 2064, 2064]",243
1232,9491,22,21,2024-04-06T03:32:43.292000+00:00,65.449,45.519,23.183,280.0,268,False,134.151,"[None, 2048, 2048, 2048, 2048, 2048, 2048, 2048, 2048]","[2048, 2048, 2048, 2048, 2048, 2048, 2048, 2048, 2048, 2048, 2048]","[2048, 2048, 2048, 2064, 2064]",264
1232,9491,31,18,2024-04-06T03:32:46.861000+00:00,67.076,42.257,22.506,276.0,299,False,131.839,"[None, 2048, 2048, 2048, 2048, 2048, 2048, 2048, 2048]","[2048, 2048, 2048, 2048, 2048, 2048, 2048, 2048, 2048, 2048, 2048]","[2048, 2048, 2048, 2064, 2064]",297
1232,9491,77,26,2024-04-06T03:32:48.105000+00:00,71.782,46.591,21.619,277.0,269,False,139.992,"[None, 2048, 2048, 2048, 2048, 2048, 2048, 2048, 2048]","[2048, 2048, 2048, 2048, 2048, 2048, 2048, 2048, 2048, 2048, 2048]","[2048, 2048, 2048, 2064, 2064]",272
1232,9491,20,22,2024-04-06T03:32:53.790000+00:00,68.89,44.268,23.84,280.0,282,False,136.998,"[None, 2048, 2048, 2048, 2048, 2048, 2048, 2048, 2048]","[2048, 2048, 2048, 2048, 2048, 2048, 2048, 2048, 2048, 2048, 2048]","[2048, 2048, 2048, 2064, 2064]",230
1232,9491,18,23,2024-04-06T03:33:25.893000+00:00,57.586,43.098,25.841,282.0,278,False,126.525,"[None, 2048, 2048, 2048, 2048, 2048, 2048, 2048, 2048]","[2048, 2048, 2048, 2048, 2048, 2048, 2048, 2048, 2048, 2048, 2048]","[2048, 2048, 2048, 2064, 2064]",270
1232,9491,27,21,2024-04-06T03:33:40.017000+00:00,62.063,44.853,21.699,260.0,275,False,128.615,"[None, 2048, 2048, 2048, 2048, 2048, 2048, 2048, 2048]","[2048, 2048, 2048, 2048, 2048, 2048, 2048, 2048, 2048, 2048, 2048]","[2048, 2048, 2048, 2064, 2064]",276
1232,9491,4,14,2024-04-06T03:33:42.588000+00:00,76.093,44.089,23.008,263.0,239,False,143.19,"[None, 2048, 2048, 2048, 2048, 2048, 2048, 2048, 2048]","[2048, 2048, 2048, 2048, 2048, 2048, 2048, 2048, 2048, 2048, 2048]","[2048, 2048, 2048, 2064, 2064]",239
1232,9491,55,27,2024-04-06T03:33:44.547000+00:00,74.81,43.136,21.092,283.0,290,False,139.038,"[None, 2048, 2048, 2048, 2048, 2048, 2048, 2048, 2048]","[2048, 2048, 2048, 2048, 2048, 2048, 2048, 2048, 2048, 2048, 2048]","[2048, 2048, 2048, 2064, 2064]",275
1232,9491,23,23,2024-04-06T03:33:57.154000+00:00,68.868,42.509,22.373,282.0,244,False,133.75,"[None, 2048, 2048, 2048, 2048, 2048, 2048, 2048, 2048]","[2048, 2048, 2048, 2048, 2048, 2048, 2048, 2048, 2048, 2048, 2048]","[2048, 2048, 2048, 2064, 2064]",229
1232,9491,2,20,2024-04-06T03:33:59.376000+00:00,77.203,51.231,21.811,166.0,254,False,150.245,"[None, 2048, 2048, 2048, 2048, 2048, 2048, 2048, 2048]","[2048, 2048, 2048, 2048, 2048, 2048, 2048, 2048, 2048, 2048, 2048]","[2048, 2048, 2048, 2064, 2064]",260
1232,9491,63,24,2024-04-06T03:34:13.902000+00:00,78.524,44.047,21.63,268.0,270,False,144.201,"[None, 2048, 2048, 2048, 2048, 2048, 2048, 2048, 2048]","[2048, 2048, 2048, 2048, 2048, 2048, 2048, 2048, 2048, 2048, 2048]","[2048, 2048, 2048, 2064, 2064]",274
