meeting_key,session_key,driver_number,lap_number,date_start,duration_sector_1,duration_sector_2,duration_sector_3,i1_speed,i2_speed,is_pit_out_lap,lap_duration,segments_sector_1,segments_sector_2,segments_sector_3,st_speed
1234,9497,20,1,,,37.73,27.186,204.0,175.0,True,,"[2064, 2064, 2064, 2049, 2049, 2049, 2049, 2049, 2049]","[2051, 2049, 2049, 2049, 2049, 2051, 2049, 2051, 2051]","[2051, 2051, 2051, 2051, 2051, 2051]",307.0
1234,9497,31,1,2024-05-03T16:30:06.896000+00:00,,40.554,28.801,197.0,147.0,True,,"[2064, 2064, 2064, 2049, 2049, 2049, 2049, 2049, 2049]","[2049, 2049, 2049, 2049, 2049, 2049, 2049, 2049, 2049]","[2049, 2049, 2049, 2049, 2049, 2049, 2049]",286.0
1234,9497,81,1,2024-05-03T16:30:10.445000+00:00,,41.754,32.018,196.0,87.0,True,,"[2064, 2064, 2064, 2049, 2049, 2049, 2049, 2049, 2049]","[2049, 2049, 2049, 2049, 2049, 2049, 2049, 2049, 2049]","[2049, 2049, 2049, 2049, 2049, 2051, 2051]",144.0
1234,9497,4,1,2024-05-03T16:30:21.335000+00:00,,41.737,34.479,173.0,132.0,True,,"[2064, 2064, 2064, 2049, 2049, 2049, 2049, 2049, 2049]","[2049, 2049, 2049, 2049, 2049, 2049, 2049, 2049, 2049]","[2049, 2049, 2049, 2049, 2049, 2049, 2064]",292.0
1234,9497,10,1,2024-05-03T16:30:24.612000+00:00,,38.336,28.832,199.0,164.0,True,,"[2064, 2064, 2064, 2049, 2049, 2049, 2049, 2051, 2051]","[2049, 2049, 2049, 2049, 2051, 2049, 2049, 2049, 2049]","[2049, 2049, 2049, 2049, 2049, 2049, 2049]",275.0
1234,9497,24,1,2024-05-03T16:30:28.834000+00:00,,39.281,30.303,203.0,149.0,True,,"[2064, 2064, 2064, 2049, 2049, 2049, 2049, 2049, 2049]","[2049, 2049, 2049, 2049, 2049, 2049, 2049, 2049, 2049]","[2049, 2049, 2049, 2049, 2049, 2051, 2049]",225.0
1234,9497,77,1,2024-05-03T16:30:33.908000+00:00,,37.933,30.639,201.0,174.0,True,,"[2064, 2064, 2064, 2049, 2049, 2049, 2049, 2049, 2049]","[2049, 2049, 2049, 2049, 2049, 2049, 2051, 2049, 2049]","[2049, 2049, 2049, 2049, 2049, 2049]",176.0
1234,9497,44,1,2024-05-03T16:30:48.082000+00:00,,42.981,30.082,156.0,143.0,True,,"[2064, 2064, 2064, 2049, 2049, 2049, 2049, 2049, 2049]","[2049, 2049, 2049, 2049, 2049, 2049, 2049, 2049, 2049]","[2049, 2049, 2049, 2049, 2049, 2051, 2051]",207.0
1234,9497,14,1,2024-05-03T16:31:01.624000+00:00,,43.28,42.528,175.0,127.0,True,,"[2064, 2064, 2064, 2049, 2049, 2049, 2049, 2049, 2049]","[2049, 2049, 2049, 2049, 2049, 2049, 2049, 2049, 2049]","[2049, 2049, 2049, 2049, 2049, 2049, 2064]",172.0
1234,9497,55,1,2024-05-03T16:31:06.302000+00:00,,41.76,29.943,195.0,170.0,True,,"[2064, 2064, 2064, 2049, 2049, 2049, 2049, 2049, 2049]","[2049, 2049, 2049, 2049, 2049, 2049, 2049, 2049, 2049]","[2049, 2049, 2049, 2049, 2049, 2049, 2049]",297.0
1234,9497,3,1,2024-05-03T16:31:11.533000+00:00,,38.958,31.613,179.0,169.0,True,,"[2064, 2064, 2064, 2049, 2049, 2049, 2049, 2049, 2049]","[2049, 2049, 2049, 2049, 2049, 2049, 2049, 2049, 2049]","[2049, 2049, 2049, 2049, 2049, 2049, 2049]",286.0
1234,9497,18,1,2024-05-03T16:31:14.276000+00:00,,39.611,45.363,194.0,164.0,True,,"[2064, 2064, 2064, 2049, 2049, 2049, 2049, 2049, 2049]","[2049, 2049, 2049, 2049, 2049, 2049, 2049, 2049, 2049]","[2049, 2049, 2049, 2049, 2049, 2049, 2064]",190.0
1234,9497,22,1,2024-05-03T16:31:20.394000+00:00,,39.531,31.871,178.0,136.0,True,,"[2064, 2064, 2064, 2049, 2049, 2049, 2049, 2049, 2049]","[2049, 2049, 2049, 2049, 2049, 2049, 2049, 2049, 2049]","[2049, 2049, 2049, 2049, 2049, 2049, 2049]",266.0
1234,9497,16,1,2024-05-03T16:31:23.749000+00:00,,40.291,40.038,195.0,166.0,True,,"[2064, 2064, 2064, 2049, 2049, 2049, 2049, 2049, 2049]","[2049, 2049, 2049, 2049, 2049, 2049, 2049, 2049, 2049]","[2049, 2049, 2049, 2049, 2049, 2049]",93.0
1234,9497,1,1,2024-05-03T16:31:28.586000+00:00,,40.086,39.488,135.0,179.0,True,,"[2064, 2064, 2064, 2049, 2049, 2049, 2049, 2049, 2049]","[2049, 2049, 2049, 2049, 2049, 2049, 2049, 2049, 2049]","[2049, 2049, 2049, 2049, 2049, 2049, 2049]",156.0
1234,9497,11,1,2024-05-03T16:31:39.583000+00:00,,37.599,41.832,203.0,168.0,True,,"[2064, 2064, 2064, 2049, 2049, 2049, 2049, 2049, 2049]","[2049, 2049, 2049, 2049, 2049, 2049, 2049, 2049, 2049]","[2049, 2049, 2049, 2049, 2049, 2049, 2049]",175.0
1234,9497,20,2,2024-05-03T16:31:43.853000+00:00,31.631,35.176,25.684,213.0,188.0,False,92.491,"[2049, 2051, 2049, 2049, 2049, 2049, 2049, 2049, 2049]","[2049, 2049, 2049, 2049, 2049, 2049, 2049, 2049, 2051]","[2051, 2049, 2051, 2049, 2051, 2049]",334.0
1234,9497,63,1,2024-05-03T16:31:48.577000+00:00,,42.364,30.283,206.0,129.0,True,,"[2064, 2064, 2064, 2049, 2049, 2049, 2049, 2049, 2049]","[2049, 2049, 2049, 2049, 2049, 2049, 2049, 2049, 2049]","[2049, 2049, 2049, 2049, 2049, 2049, 2049]",183.0
1234,9497,27,1,2024-05-03T16:31:53.816000+00:00,,45.412,29.325,186.0,137.0,True,,"[2064, 2064, 2064, 2049, 2049, 2049, 2049, 2049, 2049]","[2049, 2049, 2049, 2049, 2049, 2049, 2049, 2049, 2049]","[2049, 2049, 2049, 2049, 2049, 2049, 2049]",237.0
1234,9497,31,2,2024-05-03T16:31:54.601000+00:00,31.235,35.406,25.746,214.0,186.0,False,92.387,"[2049, 2049, 2049, 2049, 2049, 2049, 2049, 2049, 2049]","[2049, 2051, 2049, 2049, 2049, 2049, 2049, 2049, 2049]","[2049, 2051, 2049, 2051, 2049, 2049]",331.0
1234,9497,81,2,2024-05-03T16:32:03.324000+00:00,30.837,34.915,25.739,212.0,185.0,False,91.491,"[2049, 2049, 2049, 2049, 2049, 2049, 2049, 2049, 2049]","[2049, 2049, 2051, 2051, 2049, 2051, 2051, 2051, 2049]","[2049, 2049, 2049, 2049, 2051, 2048, 2049]",334.0
1234,9497,10,2,2024-05-03T16:32:08.594000+00:00,30.885,35.517,25.818,215.0,184.0,False,92.22,"[2049, 2049, 2049, 2049, 2049, 2049, 2049, 2049, 2049]","[2049, 2049, 2049, 2049, 2051, 2049, 2049, 2049, 2049]","[2049, 2049, 2049, 2049, 2049, 2049]",330.0
1234,9497,24,2,2024-05-03T16:32:18.563000+00:00,32.07,35.519,25.949,212.0,185.0,False,93.538,"[2049, 2049, 2049, 2049, 2049, 2049, 2049, 2049, 2049]","[2049, 2049, 2049, 2049, 2049, 2049, 2049, 2049, 2049]","[2049, 2049, 2049, 2049, 2051, 2049, 2049]",331.0
1234,9497,77,2,2024-05-03T16:32:24.441000+00:00,31.411,35.484,25.985,212.0,187.0,False,92.88,"[2049, 2049, 2049, 2049, 2049, 2049, 2049, 2049, 2049]","[2049, 2049, 2049, 2049, 2049, 2049, 2049, 2049, 2049]","[2049, 2049, 2049, 2049, 2049, 2049, 2049]",331.0
1234,9497,44,2,2024-05-03T16:32:46.629000+00:00,30.205,35.255,25.667,217.0,187.0,False,91.127,"[2049, 2049, 2049, 2051, 2051, 2051, 2051, 2051, 2051]","[2051, 2049, 2049, 2049, 2049, 2051, 2051, 2049, 2049]","[2049, 2049, 2049, 2051, 2049, 2051]",328.0
1234,9497,55,2,2024-05-03T16:32:55.244000+00:00,31.148,35.477,26.128,217.0,185.0,False,92.753,"[2049, 2049, 2049, 2049, 2049, 2049, 2049, 2049, 2049]","[2049, 2049, 2049, 2048, 2049, 2049, 2049, 2049, 2049]","[2049, 2049, 2049, 2049, 2051, 2049]",311.0
1234,9497,3,2,2024-05-03T16:32:57.799000+00:00,32.209,35.758,26.2,212.0,185.0,False,94.167,"[2049, 2049, 2049, 2049, 2049, 2049, 2049, 2049, 2049]","[2049, 2049, 2049, 2049, 2049, 2049, 2049, 2049, 2049]","[2049, 2049, 2049, 2049, 2049, 2049]",332.0
1234,9497,22,2,2024-05-03T16:33:11.991000+00:00,31.17,35.656,25.788,213.0,185.0,False,92.614,"[2049, 2049, 2049, 2049, 2049, 2049, 2049, 2049, 2049]","[2049, 2049, 2049, 2049, 2049, 2049, 2049, 2049, 2049]","[2049, 2049, 2049, 2049, 2049, 2049, 2049]",332.0
1234,9497,20,3,2024-05-03T16:33:16.315000+00:00,30.766,35.004,25.609,212.0,186.0,False,91.379,"[2049, 2048, 2051, 2049, 2049, 2049, 2049, 2049, 2048]","[2048, 2048, 2049, 2049, 2049, 2049, 2049, 2049, 2048]","[2048, 2049, 2051, 2048, 2049, 2049]",333.0
1234,9497,16,2,2024-05-03T16:33:25.277000+00:00,30.804,35.199,26.096,216.0,185.0,False,92.099,"[2049, 2049, 2049, 2049, 2049, 2049, 2049, 2049, 2049]","[2049, 2049, 2049, 2049, 2049, 2049, 2049, 2049, 2049]","[2049, 2049, 2049, 2049, 2051, 2049]",313.0
1234,9497,31,3,2024-05-03T16:33:26.949000+00:00,47.862,55.228,39.65,144.0,109.0,False,142.74,"[2048, 2048, 2048, 2048, 2048, 2048, 2048, 2048, 2048]","[2048, 2048, 2048, 2048, 2048, 2048, 2048, 2048, 2048]","[2048, 2048, 2048, 2048, 2048, 2048, 2048]",79.0
1234,9497,14,2,2024-05-03T16:33:28.542000+00:00,66.264,46.837,43.44,169.0,126.0,True,156.541,"[None, 2064, 2064, 2048, 2048, 2048, 2048, 2048, 2048]","[2048, 2048, 2048, 2049, 2048, 2048, 2048, 2048, 2048]","[2048, 2048, 2048, 2049, 2049, 2049, 2064]",190.0
1234,9497,1,2,2024-05-03T16:33:32.677000+00:00,30.747,34.684,25.64,214.0,186.0,False,91.071,"[2049, 2049, 2049, 2049, 2049, 2049, 2049, 2049, 2049]","[2049, 2049, 2049, 2049, 2049, 2049, 2049, 2051, 2049]","[2049, 2049, 2049, 2049, 2049, 2049, 2049]",337.0
1234,9497,81,3,2024-05-03T16:33:34.723000+00:00,48.857,50.303,43.718,185.0,88.0,False,142.878,"[2048, 2048, 2048, 2048, 2048, 2048, 2048, 2048, 2048]","[2048, 2048, 2048, 2048, 2048, 2048, 2048, 2048, 2048]","[2048, 2048, 2048, 2048, 2048, 2048, 2048]",72.0
1234,9497,11,2,2024-05-03T16:33:37.127000+00:00,31.073,34.698,25.59,213.0,186.0,False,91.361,"[2051, 2049, 2049, 2049, 2049, 2049, 2049, 2049, 2049]","[2049, 2049, 2049, 2051, 2049, 2049, 2049, 2049, 2051]","[2049, 2049, 2051, 2049, 2049, 2051]",337.0
1234,9497,18,2,2024-05-03T16:33:39.033000+00:00,60.849,43.757,52.674,203.0,99.0,True,157.28,"[None, 2064, 2064, 2048, 2048, 2048, 2048, 2048, 2049]","[2049, 2048, 2048, 2048, 2048, 2049, 2048, 2048, 2048]","[2048, 2048, 2048, 2048, 2048, 2049, 2064]",145.0
1234,9497,10,3,2024-05-03T16:33:40.566000+00:00,48.511,50.932,43.277,125.0,117.0,False,142.72,"[2048, 2048, 2048, 2048, 2048, 2048, 2048, 2048, 2048]","[2048, 2048, 2048, 2048, 2048, 2048, 2048, 2048, 2048]","[2048, 2048, 2048, 2048, 2048, 2048, 2048]",92.0
1234,9497,63,2,2024-05-03T16:33:44.497000+00:00,31.644,35.102,25.875,216.0,189.0,False,92.621,"[2049, 2049, 2049, 2049, 2049, 2049, 2049, 2049, 2049]","[2049, 2049, 2049, 2049, 2049, 2049, 2049, 2049, 2049]","[2051, 2049, 2049, 2049, 2049, 2049, 2049]",332.0
1234,9497,27,2,2024-05-03T16:33:46.118000+00:00,32.403,36.371,25.728,198.0,185.0,False,94.502,"[2049, 2049, 2049, 2049, 2049, 2049, 2049, 2049, 2049]","[2049, 2049, 2049, 2049, 2049, 2049, 2049, 2049, 2049]","[2049, 2049, 2049, 2049, 2049, 2049]",335.0
1234,9497,24,3,2024-05-03T16:33:52.040000+00:00,45.46,50.492,39.988,133.0,95.0,False,135.94,"[2048, 2048, 2048, 2048, 2048, 2048, 2048, 2048, 2048]","[2048, 2048, 2048, 2048, 2048, 2048, 2048, 2048, 2048]","[2048, 2048, 2048, 2048, 2048, 2048, 2049]",75.0
1234,9497,77,3,2024-05-03T16:33:57.003000+00:00,43.353,50.233,41.521,153.0,139.0,False,135.107,"[2048, 2048, 2048, 2048, 2048, 2048, 2048, 2048, 2048]","[2048, 2048, 2048, 2048, 2048, 2048, 2048, 2048, 2048]","[2048, 2048, 2048, 2048, 2048, 2048, 2048]",70.0
1234,9497,2,1,2024-05-03T16:34:12.053000+00:00,,43.456,44.799,188.0,132.0,True,,"[2064, 2064, 2064, 2049, 2049, 2049, 2049, 2049, 2049]","[2049, 2049, 2049, 2049, 2049, 2049, 2049, 2049, 2049]","[2049, 2049, 2049, 2049, 2049, 2049, 2049]",79.0
1234,9497,44,3,2024-05-03T16:34:17.634000+00:00,64.964,95.948,30.34,81.0,104.0,False,191.252,"[2048, 2048, 2048, 2048, 2048, 2048, 2048, 2048, 2048]","[2048, 2048, 2048, 2048, 2048, 2048, 2048, 2048, 2048]","[2048, 2048, 2048, 2048, 2048, 2048, 2048]",201.0
1234,9497,55,3,2024-05-03T16:34:27.125000+00:00,30.964,35.151,25.879,,186.0,False,91.994,"[2048, 2048, 2048, 2049, 2049, 2049, 2049, 2049, 2049]","[2049, 2049, 2049, 2049, 2049, 2048, 2049, 2049, 2049]","[2049, 2049, 2049, 2049, 2051, 2049]",309.0
1234,9497,3,3,2024-05-03T16:34:31.830000+00:00,31.504,35.352,25.893,213.0,185.0,False,92.749,"[None, 2049, 2048, 2049, 2049, 2049, 2049, 2049, 2049]","[2049, 2049, 2049, 2049, 2049, 2048, 2049, 2048, 2049]","[2049, 2049, 2049, 2049, 2049, 2049, 2049]",333.0
1234,9497,22,3,2024-05-03T16:34:44.522000+00:00,48.644,53.901,34.599,132.0,139.0,False,137.144,"[2048, 2048, 2048, 2048, 2048, 2048, 2048, 2048, 2048]","[2048, 2048, 2048, 2048, 2048, 2048, 2048, 2048, 2048]","[2048, 2048, 2048, 2048, 2048, 2048, 2048]",120.0
1234,9497,20,4,2024-05-03T16:34:47.682000+00:00,47.486,48.129,32.147,150.0,142.0,False,127.762,"[2048, 2048, 2048, 2048, 2048, 2048, 2048, 2048, 2048]","[2048, 2048, 2048, 2048, 2048, 2048, 2048, 2048, 2048]","[2048, 2048, 2048, 2048, 2048, 2049, 2048]",209.0
1234,9497,16,3,2024-05-03T16:34:56.974000+00:00,30.459,,,,,False,,"[2048, 2049, 2048, 2049, 2049, 2049, 2051, 2051, 2049]",[2049],,
1234,9497,1,3,2024-05-03T16:35:03.758000+00:00,55.371,60.187,38.647,157.0,137.0,False,154.205,"[2048, 2048, 2048, 2048, 2048, 2048, 2048, 2048, 2048]","[2048, 2048, 2048, 2048, 2048, 2048, 2048, 2048, 2048]","[2048, 2048, 2048, 2048, 2048, 2048, 2051]",95.0
1234,9497,11,3,2024-05-03T16:35:08.405000+00:00,53.046,64.277,42.168,127.0,57.0,False,159.491,"[2048, 2048, 2048, 2048, 2048, 2048, 2048, 2048, 2048]","[2048, 2048, 2048, 2048, 2048, 2048, 2048, 2048, 2048]","[2048, 2048, 2048, 2048, 2048, 2048, 2051]",185.0
1234,9497,63,3,2024-05-03T16:35:17.066000+00:00,56.274,60.909,38.567,120.0,95.0,False,155.75,"[2048, 2048, 2048, 2048, 2048, 2048, 2048, 2048, 2048]","[2048, 2048, 2048, 2048, 2048, 2048, 2048, 2048, 2048]","[2048, 2048, 2048, 2048, 2048, 2048, 2048]",162.0
1234,9497,27,3,2024-05-03T16:35:20.532000+00:00,45.039,55.334,41.948,143.0,137.0,False,142.321,"[2048, 2048, 2048, 2048, 2048, 2048, 2048, 2048, 2048]","[2048, 2048, 2048, 2048, 2048, 2048, 2048, 2048, 2048]","[2048, 2048, 2048, 2048, 2048, 2049, 2051]",57.0
1234,9497,31,4,2024-05-03T16:35:49.811000+00:00,30.707,52.767,44.938,215.0,88.0,False,128.412,"[None, 2049, 2049, 2049, 2049, 2049, 2048, 2049, 2048]","[2049, 2048, 2049, 2049, 2048, 2048, 2048, 2048, 2048]","[2048, 2048, 2048, 2048, 2048, 2048, 2048]",153.0
1234,9497,81,4,2024-05-03T16:35:57.684000+00:00,30.453,48.367,46.659,211.0,102.0,False,125.479,"[2049, 2048, 2049, 2049, 2049, 2049, 2049, 2048, 2048]","[2048, 2048, 2048, 2048, 2051, 2048, 2048, 2048, 2048]","[2048, 2048, 2048, 2048, 2048, 2048, 2048]",70.0
1234,9497,55,4,2024-05-03T16:35:59.158000+00:00,48.229,65.782,,130.0,74.0,False,,"[2049, 2049, 2048, 2048, 2048, 2048, 2048, 2048, 2048]","[2048, 2048, 2048, 2048, 2048, 2048, 2048, 2048, 2048]","[2048, 2048, 2048]",187.0
1234,9497,10,4,2024-05-03T16:36:03.405000+00:00,30.641,47.501,48.483,216.0,75.0,False,126.625,"[None, 2048, 2048, 2049, 2049, 2049, 2049, 2049, 2049]","[2048, 2048, 2048, 2048, 2048, 2049, 2048, 2048, 2048]","[2048, 2048, 2048, 2048, 2048, 2048, 2048]",123.0
1234,9497,3,4,2024-05-03T16:36:04.861000+00:00,44.018,67.564,,139.0,66.0,False,,"[None, 2048, 2048, 2048, 2048, 2048, 2048, 2048, 2048]","[2048, 2048, 2048, 2048, 2048, 2048, 2048, 2048, 2048]",[2048],
1234,9497,24,4,2024-05-03T16:36:08.111000+00:00,30.894,44.901,52.638,215.0,79.0,False,128.433,"[2049, 2049, 2049, 2049, 2049, 2049, 2049, 2049, 2049]","[2049, 2049, 2049, 2049, 2049, 2048, 2048, 2048, 2048]","[2048, 2048, 2048, 2048, 2048, 2048, 2048]",124.0
1234,9497,77,4,2024-05-03T16:36:12.187000+00:00,30.885,43.936,53.319,217.0,80.0,False,128.14,"[2049, 2048, 2048, 2049, 2049, 2049, 2049, 2049, 2049]","[2049, 2049, 2049, 2049, 2048, 2049, 2048, 2048, 2048]","[2048, 2048, 2048, 2048, 2048, 2049, 2048]",140.0
1234,9497,2,2,2024-05-03T16:36:20.116000+00:00,32.152,53.149,,217.0,98.0,False,,"[2049, 2049, 2049, 2049, 2049, 2049, 2049, 2049, 2049]","[2049, 2051, 2048, 2048, 2048, 2048, 2048, 2048, 2048]","[2048, 2048, 2049]",102.0
1234,9497,20,5,2024-05-03T16:36:55.664000+00:00,30.241,36.507,,216.0,82.0,False,,"[None, 2048, 2051, 2049, 2049, 2049, 2049, 2049, 2049]","[2049, 2049, 2048, 2048, 2049, 2051, 2049, 2049, 2048]",[2048],
1234,9497,22,4,2024-05-03T16:37:01.640000+00:00,30.638,41.904,,215.0,93.0,False,,"[2049, 2048, 2048, 2049, 2049, 2049, 2049, 2049, 2049]","[2049, 2049, 2049, 2049, 2049, 2048, 2048, 2048, 2048]",[2048],
1234,9497,44,4,2024-05-03T16:37:28.931000+00:00,29.977,,,218.0,,False,,"[None, 2049, 2049, 2051, 2049, 2051, 2049, 2049, 2051]","[2048, 2049, 2049, 2048, 2048, 2051, 2048, 2049, 2048]",[2048],
1234,9497,1,4,2024-05-03T16:37:37.989000+00:00,30.209,,,218.0,,False,,"[2049, 2049, 2049, 2049, 2051, 2049, 2049, 2049, 2049]","[2049, 2049, 2051, 2051, 2048, 2048, 2048, 2048, 2048]",[2048],
1234,9497,27,4,2024-05-03T16:37:42.963000+00:00,30.964,,,215.0,,False,,"[2049, 2051, 2049, 2049, 2049, 2049, 2049, 2049, 2049]","[2049, 2049, 2049, 2048, 2048, 2048, 2048, 2048, 2048]",[2048],
1234,9497,11,4,2024-05-03T16:37:48.057000+00:00,30.309,,,218.0,,False,,"[2051, 2048, 2048, 2049, 2049, 2049, 2049, 2049, 2049]","[2051, 2051, 2048, 2048, 2048, 2048, 2048, 2048, 2048]",[2048],
1234,9497,63,4,2024-05-03T16:37:52.855000+00:00,30.448,,,219.0,,False,,"[None, 2049, 2048, 2049, 2049, 2049, 2049, 2049, 2049]","[2049, 2048, 2048, 2048, 2048, 2048, 2048, 2048, 2048]",[2048],
1234,9497,31,5,2024-05-03T16:37:58.167000+00:00,,,,,,False,,"[None, 2048, 2048, 2048, 2048, 2048, 2048, 2048, 2048]","[2048, 2048, 2048, 2048, 2048, 2048, 2048, 2048, 2048]",[2048],
1234,9497,81,5,2024-05-03T16:38:03.119000+00:00,,,,,,False,,"[None, 2048, 2048, 2048, 2049, 2048, 2048, 2048, 2048]","[2048, 2048, 2048, 2048, 2048, 2048, 2048, 2048, 2048]",[2048],
1234,9497,10,5,2024-05-03T16:38:10.048000+00:00,,,,,,False,,"[None, 2049, 2049, 2048, 2048, 2048, 2048, 2048, 2048]","[2048, 2048, 2048, 2048, 2048, 2048, 2048, 2048, 2048]",[2048],
1234,9497,24,5,2024-05-03T16:38:16.475000+00:00,,,,,,False,,"[2048, 2048, 2048, 2048, 2048, 2048, 2048, 2048, 2048]","[2048, 2048, 2048, 2048, 2048, 2048, 2048, 2048, 2048]",[2048],
1234,9497,77,5,2024-05-03T16:38:20.294000+00:00,,,,,,False,,"[2048, 2049, 2048, 2048, 2048, 2048, 2048, 2048, 2048]","[2048, 2048, 2048, 2048, 2048, 2048, 2048, 2048, 2048]",[2048],
1234,9497,2,3,2024-05-03T16:46:04.171000+00:00,,39.276,29.254,182.0,158.0,True,688.723,"[2064, 2064, 2064, 2048, 2048, 2048, 2048, 2048, 2048]","[2048, 2048, 2048, 2048, 2048, 2049, 2049, 2049, 2049]","[2049, 2049, 2049, 2049, 2048, 2048, 2049]",189.0
1234,9497,22,5,2024-05-03T16:46:09.618000+00:00,,39.498,28.082,163.0,149.0,True,655.867,"[2064, 2064, 2064, 2048, 2048, 2048, 2048, 2048, 2048]","[2048, 2048, 2048, 2048, 2048, 2048, 2048, 2048, 2048]","[2048, 2048, 2048, 2048, 2048, 2048, 2048]",299.0
1234,9497,23,1,2024-05-03T16:46:12.642000+00:00,,40.673,31.464,200.0,159.0,True,,"[2064, 2064, 2064, 2049, 2049, 2049, 2049, 2049, 2049]","[2049, 2049, 2049, 2049, 2049, 2049, 2049, 2049, 2049]","[2049, 2049, 2049, 2049, 2049, 2049, 2049]",186.0
1234,9497,11,5,2024-05-03T16:46:17.558000+00:00,,44.014,32.615,207.0,67.0,True,625.187,"[2064, 2064, 2064, 2048, 2048, 2048, 2048, 2048, 2048]","[2048, 2048, 2048, 2048, 2048, 2048, 2048, 2048, 2048]","[2048, 2048, 2048, 2048, 2048, 2048, 2051]",290.0
1234,9497,14,3,2024-05-03T16:46:23.146000+00:00,,38.852,33.003,196.0,171.0,True,755.613,"[None, 2064, 2064, 2049, 2049, 2049, 2049, 2049, 2049]","[2049, 2048, 2048, 2048, 2049, 2049, 2049, 2049, 2049]","[2049, 2049, 2048, 2048, 2049, 2049, 2049]",226.0
1234,9497,44,5,2024-05-03T16:46:30.521000+00:00,,46.556,30.279,164.0,143.0,True,672.02,"[2064, 2064, 2064, 2048, 2048, 2048, 2048, 2048, 2048]","[2048, 2048, 2048, 2048, 2048, 2048, 2048, 2048, 2048]","[2048, 2048, 2048, 2048, 2048, 2048, 2048]",189.0
1234,9497,63,5,2024-05-03T16:46:40.082000+00:00,,45.152,32.767,151.0,122.0,True,653.748,"[2064, 2064, 2064, 2048, 2048, 2048, 2048, 2048, 2048]","[2048, 2048, 2048, 2048, 2048, 2048, 2048, 2048, 2048]","[2048, 2048, 2048, 2048, 2048, 2049, 2048]",101.0
1234,9497,18,3,2024-05-03T16:46:49.242000+00:00,,47.599,37.651,195.0,177.0,True,778.02,"[None, 2064, 2064, 2049, 2049, 2049, 2049, 2049, 2049]","[2048, 2048, 2048, 2048, 2048, 2048, 2048, 2048, 2048]","[2048, 2048, 2048, 2048, 2049, 2049, 2049]",126.0
1234,9497,81,6,2024-05-03T16:46:56.986000+00:00,,46.903,37.429,195.0,124.0,True,658.918,"[2064, 2064, 2064, 2048, 2048, 2048, 2048, 2048, 2048]","[2048, 2048, 2048, 2048, 2048, 2048, 2048, 2048, 2048]","[2048, 2048, 2048, 2048, 2048, 2049, 2048]",84.0
1234,9497,4,2,2024-05-03T16:47:05.001000+00:00,,46.476,41.636,198.0,105.0,True,1013.525,"[None, 2064, 2064, 2049, 2049, 2049, 2049, 2049, 2049]","[2049, 2049, 2049, 2049, 2049, 2049, 2048, 2048, 2048]","[2048, 2048, 2048, 2048, 2048, 2049, 2049]",75.0
1234,9497,3,5,2024-05-03T16:47:08.264000+00:00,,41.638,40.247,154.0,125.0,True,789.157,"[2064, 2064, 2064, 2048, 2048, 2048, 2048, 2048, 2048]","[2048, 2048, 2048, 2048, 2048, 2048, 2048, 2048, 2048]","[2048, 2048, 2048, 2048, 2048, 2048, 0]",70.0
1234,9497,24,6,2024-05-03T16:47:17.287000+00:00,,43.185,40.204,189.0,111.0,True,661.18,"[2064, 2064, 2064, 2048, 2048, 2048, 2048, 2048, 2048]","[2048, 2048, 2048, 2048, 2048, 2048, 2048, 2048, 2048]","[2048, 2048, 2048, 2048, 2048, 2048, 2048]",99.0
1234,9497,10,6,2024-05-03T16:47:24.410000+00:00,,40.142,44.706,194.0,157.0,True,675.731,"[2064, 2064, 2064, 2048, 2048, 2048, 2048, 2048, 2048]","[2048, 2048, 2048, 2048, 2048, 2048, 2048, 2048, 2048]","[2048, 2048, 2048, 2048, 2048, 2048, 2048]",196.0
1234,9497,2,4,2024-05-03T16:47:48.857000+00:00,31.477,35.512,25.747,216.0,185.0,False,92.736,"[2048, 2049, 2049, 2049, 2049, 2049, 2049, 2048, 2049]","[2048, 2048, 2049, 2049, 2051, 2049, 2049, 2049, 2049]","[2049, 2049, 2049, 2049, 2049, 2049, 2049]",337.0
1234,9497,22,6,2024-05-03T16:47:57.572000+00:00,32.202,34.644,25.58,213.0,186.0,False,92.426,"[2048, 2049, 2048, 2048, 2048, 2048, 2048, 2048, 2049]","[2048, 2048, 2048, 2049, 2049, 2049, 2049, 2049, 2049]","[2049, 2049, 2049, 2051, 2048, 2049]",333.0
1234,9497,23,2,2024-05-03T16:48:03.488000+00:00,31.5,34.948,25.489,212.0,185.0,False,91.937,"[2049, 2049, 2049, 2049, 2049, 2049, 2049, 2049, 2049]","[2049, 2049, 2049, 2049, 2049, 2049, 2049, 2049, 2049]","[2049, 2049, 2049, 2049, 2049, 2049, 2049]",339.0
1234,9497,11,6,2024-05-03T16:48:13.239000+00:00,29.98,34.428,25.224,220.0,189.0,False,89.632,"[2048, 2049, 2049, 2048, 2051, 2051, 2049, 2049, 2049]","[2051, 2051, 2051, 2051, 2048, 2048, 2049, 2049, 2048]","[2051, 2051, 2051, 2049, 2051, 2048, 2051]",340.0
1234,9497,14,4,2024-05-03T16:48:19.719000+00:00,30.924,34.544,25.68,214.0,188.0,False,91.148,"[2049, 2049, 2049, 2049, 2049, 2049, 2049, 2049, 2049]","[2049, 2049, 2049, 2049, 2049, 2049, 2049, 2049, 2049]","[2049, 2049, 2049, 2049, 2049, 2049, 2049]",337.0
1234,9497,44,6,2024-05-03T16:48:40.981000+00:00,29.935,34.714,25.484,219.0,189.0,False,90.133,"[2048, 2049, 2048, 2049, 2048, 2049, 2048, 2051, 2048]","[2048, 2049, 2049, 2049, 2048, 2048, 2048, 2048, 2049]","[2049, 2049, 2048, 2049, 2049, 2051]",329.0
1234,9497,63,6,2024-05-03T16:48:46.640000+00:00,29.939,34.487,25.56,220.0,191.0,False,89.986,"[2048, 2048, 2051, 2051, 2049, 2049, 2051, 2049, 2049]","[2048, 2049, 2049, 2048, 2049, 2049, 2051, 2049, 2049]","[2049, 2049, 2048, 2049, 2049, 2051]",331.0
1234,9497,18,4,2024-05-03T16:48:54.743000+00:00,31.183,35.059,26.019,216.0,189.0,False,92.261,"[2049, 2049, 2049, 2049, 2049, 2049, 2049, 2049, 2049]","[2049, 2049, 2048, 2048, 2049, 2049, 2049, 2049, 2049]","[2049, 2049, 2049, 2049, 2049, 2049]",319.0
1234,9497,81,7,2024-05-03T16:49:01.946000+00:00,30.422,34.389,25.62,215.0,188.0,False,90.431,"[2048, 2048, 2048, 2049, 2048, 2048, 2049, 2048, 2049]","[2049, 2048, 2048, 2048, 2048, 2051, 2049, 2049, 2049]","[2049, 2049, 2049, 2048, 2049, 2049, 2048]",333.0
1234,9497,4,3,2024-05-03T16:49:09.790000+00:00,31.385,35.093,26.077,213.0,188.0,False,92.555,"[2049, 2049, 2049, 2049, 2049, 2049, 2049, 2049, 2049]","[2049, 2049, 2049, 2049, 2049, 2049, 2049, 2049, 2049]","[2049, 2049, 2049, 2049, 2048, 2049, 2049]",316.0
1234,9497,3,6,2024-05-03T16:49:13.901000+00:00,31.062,34.801,25.741,213.0,186.0,False,91.604,"[2048, 2049, 2048, 2048, 2049, 2049, 2049, 2049, 2049]","[2049, 2049, 2049, 2049, 2049, 2049, 2049, 2049, 2048]","[2049, 2049, 2048, 2049, 2049, 2049, 2048]",333.0
1234,9497,24,7,2024-05-03T16:49:17.744000+00:00,30.851,34.781,25.735,215.0,187.0,False,91.367,"[2048, 2049, 2049, 2049, 2048, 2048, 2049, 2049, 2048]","[2049, 2049, 2049, 2049, 2049, 2049, 2049, 2049, 2049]","[2049, 2049, 2049, 2048, 2049, 2049]",334.0
1234,9497,2,5,2024-05-03T16:49:21.612000+00:00,31.313,34.647,25.542,214.0,184.0,False,91.502,"[2049, 2048, 2049, 2049, 2049, 2049, 2048, 2049, 2048]","[2048, 2049, 2051, 2051, 2048, 2049, 2049, 2049, 2049]","[2048, 2049, 2051, 2049, 2049, 2049, 2049]",342.0
1234,9497,10,7,2024-05-03T16:49:25.904000+00:00,30.632,34.906,25.822,212.0,184.0,False,91.36,"[2048, 2049, 2048, 2048, 2048, 2048, 2049, 2049, 2048]","[2048, 2048, 2048, 2048, 2048, 2048, 2049, 2049, 2049]","[2048, 2048, 2048, 2049, 2049, 2048, 2048]",330.0
1234,9497,22,7,2024-05-03T16:49:29.865000+00:00,47.781,53.796,34.611,120.0,147.0,False,136.188,"[None, 2048, 2048, 2048, 2048, 2048, 2048, 2048, 2048]","[2048, 2048, 2048, 2048, 2048, 2048, 2048, 2048, 2048]","[2048, 2048, 2048, 2048, 2048, 2048, 2048]",192.0
1234,9497,23,3,2024-05-03T16:49:35.438000+00:00,42.073,45.27,27.747,171.0,135.0,False,115.09,"[None, 2048, 2049, 2048, 2048, 2048, 2048, 2048, 2048]","[2048, 2048, 2048, 2048, 2048, 2048, 2048, 2048, 2048]","[2048, 2048, 2048, 2048, 2048, 2049, 2051]",302.0
1234,9497,11,7,2024-05-03T16:49:42.822000+00:00,38.641,42.699,34.474,190.0,172.0,False,115.814,"[None, 2048, 2048, 2048, 2048, 2048, 2048, 2048, 2048]","[2048, 2048, 2048, 2048, 2048, 2048, 2048, 2048, 2048]","[2048, 2048, 2048, 2048, 2048, 2048, 2064]",239.0
1234,9497,1,5,2024-05-03T16:49:50.035000+00:00,,35.45,26.172,208.0,184.0,True,826.117,"[2064, 2064, 2064, 2048, 2048, 2048, 2048, 2048, 2048]","[2048, 2048, 2048, 2048, 2048, 2048, 2049, 2049, 2048]","[2048, 2048, 2048, 2048, 2051, 2048, 2048]",311.0
1234,9497,14,5,2024-05-03T16:49:50.848000+00:00,44.801,48.524,40.565,167.0,109.0,False,133.89,"[2048, 2048, 2048, 2048, 2048, 2048, 2048, 2048, 2048]","[2048, 2048, 2048, 2048, 2048, 2048, 2048, 2048, 2048]","[2048, 2048, 2048, 2048, 2048, 2048, 2049]",297.0
1234,9497,20,6,2024-05-03T16:49:58.357000+00:00,,36.559,31.35,203.0,174.0,True,881.886,"[2064, 2064, 2064, 2048, 2048, 2048, 2048, 2048, 2048]","[2048, 2048, 2048, 2048, 2048, 2048, 2048, 2048, 2048]","[2048, 2048, 2048, 2048, 2048, 2048, 2048]",136.0
1234,9497,44,7,2024-05-03T16:50:10.948000+00:00,59.778,69.84,50.489,95.0,99.0,False,180.107,"[None, 2048, 2048, 2048, 2048, 2048, 2048, 2048, 2048]","[2048, 2048, 2048, 2048, 2048, 2048, 2048, 2048, 2048]","[2048, 2048, 2048, 2048, 2048, 2048, 2064]",161.0
1234,9497,63,7,2024-05-03T16:50:16.551000+00:00,55.847,57.357,33.197,113.0,125.0,False,146.401,"[None, 2048, 2048, 2048, 2048, 2048, 2048, 2048, 2048]","[2048, 2048, 2048, 2048, 2048, 2048, 2048, 2048, 2048]","[2048, 2048, 2048, 2048, 2048, 2048, 2048]",211.0
1234,9497,18,5,2024-05-03T16:50:26.996000+00:00,40.034,37.204,28.185,196.0,181.0,False,105.423,"[2048, 2048, 2048, 2048, 2048, 2048, 2048, 2048, 2048]","[2048, 2048, 2048, 2048, 2048, 2048, 2048, 2048, 2048]","[2048, 2048, 2048, 2048, 2048, 2048, 2049]",248.0
1234,9497,81,8,2024-05-03T16:50:32.391000+00:00,36.918,41.431,36.032,182.0,153.0,False,114.381,"[None, 2048, 2048, 2048, 2048, 2048, 2048, 2048, 2048]","[2048, 2048, 2048, 2048, 2048, 2048, 2048, 2048, 2048]","[2048, 2048, 2048, 2048, 2048, 2048, 2064]",209.0
1234,9497,4,4,2024-05-03T16:50:42.814000+00:00,39.648,51.138,37.447,159.0,105.0,False,128.233,"[2048, 2048, 2048, 2048, 2048, 2048, 2048, 2048, 2048]","[2048, 2048, 2048, 2048, 2048, 2048, 2048, 2048, 2048]","[2048, 2048, 2048, 2048, 2048, 2048, 2049]",162.0
1234,9497,3,7,2024-05-03T16:50:45.284000+00:00,45.656,56.963,41.967,128.0,113.0,False,144.586,"[None, 2048, 2048, 2048, 2048, 2048, 2048, 2048, 2048]","[2048, 2048, 2048, 2048, 2048, 2048, 2048, 2048, 2048]","[2048, 2048, 2048, 2048, 2048, 2048, 2048]",141.0
1234,9497,24,8,2024-05-03T16:50:48.918000+00:00,45.628,58.183,41.729,130.0,89.0,False,145.54,"[None, 2048, 2048, 2048, 2048, 2048, 2048, 2048, 2048]","[2048, 2048, 2048, 2048, 2048, 2048, 2048, 2048, 2048]","[2048, 2048, 2048, 2048, 2048, 2048, 2048]",213.0
1234,9497,27,5,2024-05-03T16:50:51.511000+00:00,,36.447,27.414,207.0,179.0,True,885.754,"[2064, 2064, 2064, 2048, 2048, 2048, 2048, 2048, 2048]","[2048, 2048, 2048, 2048, 2048, 2049, 2049, 2049, 2049]","[2048, 2048, 2048, 2048, 2048, 2049, 2048]",284.0
1234,9497,2,6,2024-05-03T16:50:53.063000+00:00,43.375,47.926,35.653,147.0,131.0,False,126.954,"[None, 2048, 2048, 2048, 2048, 2048, 2048, 2048, 2048]","[2048, 2048, 2048, 2048, 2048, 2048, 2048, 2048, 2048]","[2048, 2048, 2048, 2048, 2048, 2048, 2064]",214.0
1234,9497,10,8,2024-05-03T16:50:57.085000+00:00,46.479,52.214,29.933,138.0,164.0,False,128.626,"[None, 2048, 2048, 2048, 2048, 2048, 2048, 2048, 2048]","[2048, 2048, 2048, 2048, 2048, 2048, 2048, 2048, 2048]","[2048, 2048, 2048, 2048, 2048, 2048, 2048]",240.0
1234,9497,1,6,2024-05-03T16:51:24.421000+00:00,31.564,35.307,31.346,209.0,184.0,False,98.217,"[2048, 2048, 2048, 2048, 2048, 2048, 2048, 2048, 2048]","[2048, 2048, 2048, 2048, 2048, 2048, 2049, 2048, 2048]","[2048, 2048, 2048, 2049, 2048, 2048, 2048]",314.0
1234,9497,23,4,2024-05-03T16:51:30.611000+00:00,31.237,34.531,25.356,216.0,187.0,False,91.124,"[None, 2048, 2048, 2049, 2049, 2049, 2048, 2048, 2049]","[2049, 2051, 2051, 2049, 2049, 2049, 2049, 2048, 2049]","[2051, 2051, 2051, 2048, 2049, 2048, 2048]",343.0
1234,9497,20,7,2024-05-03T16:51:37.552000+00:00,32.21,35.583,26.395,207.0,182.0,False,94.188,"[2048, 2048, 2048, 2048, 2048, 2048, 2048, 2048, 2048]","[2048, 2048, 2048, 2048, 2048, 2048, 2048, 2048, 2048]","[2048, 2048, 2048, 2048, 2048, 2048, 2048]",311.0
1234,9497,77,6,2024-05-03T16:51:42.719000+00:00,,38.025,27.487,198.0,177.0,True,903.441,"[2064, 2064, 2064, 2048, 2048, 2048, 2048, 2048, 2048]","[2048, 2048, 2048, 2048, 2048, 2048, 2048, 2048, 2048]","[2048, 2048, 2048, 2048, 2049, 2049, 2048]",282.0
1234,9497,55,5,2024-05-03T16:51:45.832000+00:00,,40.686,30.573,205.0,102.0,True,1052.276,"[2064, 2064, 2064, 2048, 2048, 2048, 2048, 2048, 2048]","[2048, 2048, 2048, 2049, 2048, 2048, 2048, 2048, 2048]","[2048, 2048, 2048, 2048, 2048, 2048]",247.0
1234,9497,22,8,2024-05-03T16:51:46.082000+00:00,30.482,34.378,25.632,215.0,187.0,False,90.492,"[2049, 2048, 2049, 2049, 2049, 2049, 2048, 2048, 2049]","[2049, 2049, 2049, 2049, 2049, 2049, 2048, 2048, 2049]","[2049, 2049, 2049, 2048, 2048, 2048]",335.0
1234,9497,31,6,2024-05-03T16:51:55.431000+00:00,,41.314,27.831,191.0,168.0,True,943.159,"[2064, 2064, 2064, 2048, 2048, 2048, 2048, 2048, 2048]","[2048, 2048, 2048, 2048, 2048, 2048, 2048, 2048, 2048]","[2048, 2048, 2048, 2048, 2048, 2048, 2048]",286.0
1234,9497,14,6,2024-05-03T16:52:04.735000+00:00,30.578,34.631,25.57,214.0,189.0,False,90.779,"[2049, 2049, 2049, 2049, 2049, 2049, 2049, 2048, 2048]","[2049, 2049, 2049, 2049, 2048, 2049, 2048, 2048, 2049]","[2049, 2049, 2049, 2049, 2048, 2049, 2049]",338.0
1234,9497,18,6,2024-05-03T16:52:12.563000+00:00,30.764,34.71,25.402,212.0,188.0,False,90.876,"[2049, 2049, 2048, 2049, 2049, 2049, 2048, 2048, 2049]","[2048, 2048, 2049, 2049, 2049, 2049, 2049, 2049, 2048]","[2049, 2049, 2049, 2049, 2049, 2048, 2049]",340.0
1234,9497,27,6,2024-05-03T16:52:28.777000+00:00,30.7,34.71,25.572,217.0,187.0,False,90.982,"[2048, 2048, 2049, 2049, 2048, 2049, 2049, 2049, 2048]","[2049, 2048, 2049, 2048, 2048, 2049, 2049, 2049, 2049]","[2049, 2049, 2049, 2049, 2048, 2048]",336.0
1234,9497,63,8,2024-05-03T16:52:43.114000+00:00,29.92,34.456,25.392,211.0,190.0,False,89.768,"[None, 2048, 2048, 2048, 2049, 2049, 2051, 2049, 2048]","[2048, 2048, 2048, 2048, 2049, 2049, 2048, 2049, 2048]","[2049, 2048, 2048, 2049, 2051, 2051, 2049]",330.0
1234,9497,4,5,2024-05-03T16:52:50.600000+00:00,30.366,34.618,25.804,218.0,186.0,False,90.788,"[2049, 2049, 2049, 2049, 2049, 2049, 2049, 2049, 2049]","[2049, 2049, 2049, 2049, 2049, 2048, 2049, 2049, 2048]","[2048, 2049, 2049, 2049, 2048, 2048]",332.0
1234,9497,23,5,2024-05-03T16:53:01.750000+00:00,46.801,45.685,35.315,118.0,167.0,False,127.801,"[2048, 2048, 2048, 2048, 2048, 2048, 2048, 2048, 2048]","[2048, 2048, 2048, 2048, 2048, 2048, 2048, 2048, 2048]","[2048, 2048, 2048, 2048, 2048, 2048, 2064]",233.0
1234,9497,1,7,2024-05-03T16:53:02.293000+00:00,31.654,35.126,26.145,210.0,184.0,False,92.925,"[None, 2048, 2048, 2048, 2048, 2048, 2048, 2048, 2048]","[2048, 2048, 2048, 2048, 2048, 2048, 2048, 2048, 2048]","[2048, 2048, 2048, 2048, 2048, 2048, 2048]",300.0
1234,9497,10,9,2024-05-03T16:53:05.839000+00:00,30.401,34.893,25.823,215.0,182.0,False,91.117,"[None, 2048, 2049, 2048, 2048, 2049, 2048, 2049, 2048]","[2048, 2048, 2049, 2048, 2048, 2049, 2049, 2048, 2049]","[2048, 2049, 2048, 2049, 2048, 2048, 2048]",328.0
1234,9497,3,8,2024-05-03T16:53:10.030000+00:00,30.79,34.554,25.771,216.0,186.0,False,91.115,"[None, 2048, 2049, 2049, 2049, 2049, 2049, 2048, 2049]","[2049, 2049, 2049, 2049, 2048, 2049, 2049, 2049, 2049]","[2049, 2049, 2048, 2049, 2048, 2049]",333.0
1234,9497,20,8,2024-05-03T16:53:11.658000+00:00,31.924,35.438,26.245,209.0,183.0,False,93.607,"[None, 2048, 2048, 2048, 2048, 2048, 2048, 2048, 2048]","[2048, 2048, 2048, 2048, 2048, 2048, 2048, 2048, 2048]","[2048, 2048, 2048, 2048, 2048, 2048, 2048]",311.0
1234,9497,24,9,2024-05-03T16:53:14.549000+00:00,30.852,34.605,25.692,213.0,186.0,False,91.149,"[2049, 2048, 2048, 2048, 2048, 2049, 2049, 2048, 2048]","[2048, 2049, 2049, 2049, 2049, 2049, 2048, 2049, 2049]","[2049, 2049, 2049, 2049, 2048, 2049, 2049]",341.0
1234,9497,22,9,2024-05-03T16:53:16.523000+00:00,48.662,55.319,31.251,119.0,120.0,False,135.232,"[2048, 2048, 2048, 2048, 2048, 2048, 2048, 2048, 2048]","[2048, 2048, 2048, 2048, 2048, 2048, 2048, 2048, 2048]","[2048, 2048, 2048, 2048, 2048, 2048, 2048]",280.0
1234,9497,77,7,2024-05-03T16:53:23.825000+00:00,30.654,34.517,25.716,215.0,188.0,False,90.887,"[2049, 2049, 2049, 2048, 2048, 2049, 2049, 2049, 2048]","[2048, 2048, 2049, 2049, 2049, 2049, 2049, 2049, 2049]","[2049, 2049, 2049, 2048, 2049, 2049]",333.0
1234,9497,2,7,2024-05-03T16:53:26.361000+00:00,60.907,35.186,26.039,208.0,185.0,True,122.132,"[2064, 2064, 2064, 2048, 2048, 2048, 2048, 2048, 2048]","[2048, 2048, 2048, 2048, 2048, 2048, 2049, 2048, 2049]","[2049, 2048, 2048, 2049, 2048, 2049, 2048]",328.0
1234,9497,55,6,2024-05-03T16:53:31.534000+00:00,30.446,40.495,37.736,218.0,118.0,False,108.677,"[2049, 2049, 2049, 2048, 2048, 2049, 2049, 2049, 2048]","[2049, 2049, 2049, 2049, 2049, 2048, 2048, 2048, 2048]","[2048, 2048, 2048, 2048, 2048, 2048, 2049]",153.0
1234,9497,44,8,2024-05-03T16:53:33.929000+00:00,74.488,52.409,35.822,118.0,131.0,True,162.719,"[2064, 2064, 2064, 2048, 2048, 2048, 2048, 2048, 2048]","[2048, 2048, 2048, 2048, 2048, 2048, 2048, 2048, 2048]","[2048, 2048, 2048, 2048, 2048, 2048, 2049]",88.0
1234,9497,14,7,2024-05-03T16:53:35.572000+00:00,47.653,53.106,31.273,154.0,123.0,False,132.032,"[2048, 2048, 2048, 2048, 2048, 2048, 2048, 2048, 2048]","[2048, 2048, 2048, 2048, 2048, 2048, 2048, 2048, 2048]","[2048, 2048, 2048, 2048, 2048, 2048, 2048]",259.0
1234,9497,31,7,2024-05-03T16:53:41.306000+00:00,30.246,34.594,25.539,217.0,186.0,False,90.379,"[2049, 2049, 2049, 2048, 2048, 2049, 2049, 2048, 2049]","[2049, 2049, 2049, 2049, 2049, 2049, 2049, 2049, 2049]","[2049, 2049, 2049, 2048, 2049, 2048]",333.0
1234,9497,18,7,2024-05-03T16:53:43.332000+00:00,47.947,54.012,36.762,114.0,110.0,False,138.721,"[2048, 2048, 2048, 2048, 2048, 2048, 2048, 2048, 2048]","[2048, 2048, 2048, 2048, 2048, 2048, 2048, 2048, 2048]","[2048, 2048, 2048, 2048, 2048, 2048, 2048]",208.0
1234,9497,27,7,2024-05-03T16:53:59.630000+00:00,46.832,48.353,31.989,145.0,155.0,False,127.174,"[None, 2048, 2048, 2048, 2048, 2048, 2048, 2048, 2048]","[2048, 2048, 2048, 2048, 2048, 2048, 2048, 2048, 2048]","[2048, 2048, 2048, 2048, 2048, 2048, 2048]",201.0
1234,9497,63,9,2024-05-03T16:54:12.994000+00:00,38.794,47.607,36.417,155.0,143.0,False,122.818,"[None, 2048, 2048, 2048, 2048, 2048, 2048, 2048, 2048]","[2048, 2048, 2048, 2048, 2048, 2048, 2048, 2048, 2048]","[2048, 2048, 2048, 2048, 2048, 2048, 2064]",145.0
1234,9497,4,6,2024-05-03T16:54:21.207000+00:00,40.775,43.239,33.384,170.0,162.0,False,117.398,"[2048, 2048, 2048, 2048, 2048, 2048, 2048, 2048, 2048]","[2048, 2048, 2048, 2048, 2048, 2048, 2048, 2048, 2048]","[2048, 2048, 2048, 2048, 2049, 2048, 2064]",245.0
1234,9497,1,8,2024-05-03T16:54:35.355000+00:00,31.653,35.103,26.063,206.0,184.0,False,92.819,"[None, 2048, 2048, 2048, 2048, 2048, 2048, 2048, 2048]","[2048, 2048, 2048, 2048, 2048, 2048, 2049, 2048, 2048]","[2048, 2048, 2048, 2048, 2048, 2048, 2048]",308.0
1234,9497,10,10,2024-05-03T16:54:36.845000+00:00,49.834,50.878,28.083,130.0,154.0,False,128.795,"[None, 2048, 2048, 2048, 2048, 2048, 2048, 2048, 2048]","[2048, 2048, 2048, 2048, 2048, 2048, 2048, 2048, 2048]","[2048, 2048, 2048, 2048, 2048, 2048, 2048]",293.0
1234,9497,3,9,2024-05-03T16:54:41.024000+00:00,50.017,58.397,35.075,128.0,118.0,False,143.489,"[None, 2048, 2048, 2048, 2048, 2048, 2048, 2048, 2048]","[2048, 2048, 2048, 2048, 2048, 2048, 2048, 2048, 2048]","[2048, 2048, 2048, 2048, 2048, 2048, 2048]",152.0
1234,9497,20,9,2024-05-03T16:54:45.283000+00:00,32.113,35.759,26.219,197.0,183.0,False,94.091,"[None, 2048, 2048, 2048, 2048, 2048, 2048, 2048, 2048]","[2048, 2048, 2048, 2048, 2048, 2048, 2048, 2048, 2048]","[2048, 2048, 2048, 2048, 2048, 2048, 2048]",309.0
1234,9497,24,10,2024-05-03T16:54:45.608000+00:00,51.221,46.746,36.701,137.0,92.0,False,134.668,"[2048, 2048, 2048, 2048, 2048, 2048, 2048, 2048, 2048]","[2048, 2048, 2048, 2048, 2048, 2048, 2048, 2048, 2048]","[2048, 2048, 2048, 2048, 2048, 2048, 2048]",174.0
1234,9497,77,8,2024-05-03T16:54:54.536000+00:00,37.284,46.218,34.025,152.0,167.0,False,117.527,"[2048, 2048, 2048, 2048, 2048, 2048, 2048, 2048, 2048]","[2048, 2048, 2048, 2048, 2048, 2048, 2048, 2048, 2048]","[2048, 2048, 2048, 2048, 2048, 2048, 2064]",249.0
1234,9497,2,8,2024-05-03T16:55:02.245000+00:00,31.747,34.967,25.966,214.0,186.0,False,92.68,"[2048, 2048, 2048, 2048, 2048, 2048, 2048, 2049, 2048]","[2048, 2048, 2048, 2048, 2048, 2048, 2049, 2049, 2049]","[2048, 2048, 2048, 2048, 2048, 2048, 2048]",318.0
1234,9497,31,8,2024-05-03T16:55:11.606000+00:00,44.471,52.729,39.331,167.0,126.0,False,136.531,"[2048, 2048, 2048, 2048, 2048, 2048, 2048, 2048, 2048]","[2048, 2048, 2048, 2048, 2048, 2048, 2048, 2048, 2048]","[2048, 2048, 2048, 2048, 2048, 2048]",110.0
1234,9497,55,7,2024-05-03T16:55:20.145000+00:00,30.034,34.444,25.458,222.0,190.0,False,89.936,"[None, 2049, 2049, 2049, 2051, 2049, 2048, 2049, 2048]","[2049, 2049, 2048, 2048, 2049, 2049, 2048, 2049, 2049]","[2049, 2049, 2049, 2049, 2048, 2049, 2048]",337.0
1234,9497,23,6,2024-05-03T16:55:27.036000+00:00,48.711,39.106,35.399,199.0,97.0,True,123.216,"[2064, 2064, 2064, 2048, 2048, 2048, 2048, 2048, 2048]","[2048, 2048, 2048, 2048, 2048, 2048, 2048, 2048, 2048]","[2048, 2048, 2048, 2048, 2048, 2048, 2048]",263.0
1234,9497,22,10,2024-05-03T16:55:31.824000+00:00,30.363,34.444,34.609,217.0,187.0,False,99.416,"[2049, 2048, 2049, 2049, 2048, 2049, 2049, 2048, 2048]","[2049, 2049, 2049, 2049, 2049, 2048, 2048, 2048, 2048]","[2049, 2048, 2049, 2048, 2048, 2048, 2064]",335.0
1234,9497,14,8,2024-05-03T16:55:47.668000+00:00,30.394,34.476,25.621,215.0,189.0,False,90.491,"[None, 2049, 2049, 2049, 2049, 2049, 2049, 2049, 2048]","[2049, 2049, 2048, 2048, 2049, 2048, 2049, 2049, 2048]","[2049, 2048, 2048, 2049, 2048, 2049, 2048]",337.0
1234,9497,44,9,2024-05-03T16:55:53.928000+00:00,29.778,34.448,25.533,220.0,189.0,False,89.759,"[2049, 2048, 2049, 2048, 2049, 2049, 2049, 2048, 2051]","[2049, 2049, 2049, 2049, 2049, 2048, 2048, 2048, 2049]","[2049, 2049, 2049, 2049, 2048, 2049, 2049]",335.0
1234,9497,18,8,2024-05-03T16:56:02.091000+00:00,30.955,34.507,25.55,213.0,189.0,False,91.012,"[None, 2049, 2048, 2048, 2049, 2048, 2049, 2048, 2048]","[2048, 2049, 2049, 2048, 2049, 2048, 2049, 2049, 2048]","[2049, 2048, 2048, 2048, 2048, 2048, 2048]",338.0
1234,9497,27,8,2024-05-03T16:56:06.883000+00:00,30.711,34.57,32.567,211.0,189.0,False,97.848,"[None, 2048, 2048, 2049, 2049, 2049, 2049, 2048, 2048]","[2048, 2048, 2049, 2049, 2048, 2048, 2049, 2048, 2048]","[2048, 2048, 2048, 2048, 2048, 2048, 2064]",302.0
1234,9497,1,9,2024-05-03T16:56:08.113000+00:00,31.672,35.319,26.059,208.0,183.0,False,93.05,"[None, 2049, 2048, 2048, 2048, 2048, 2048, 2048, 2048]","[2048, 2048, 2048, 2048, 2048, 2048, 2048, 2048, 2048]","[2048, 2048, 2048, 2048, 2048, 2048, 2048]",316.0
1234,9497,20,10,2024-05-03T16:56:19.334000+00:00,31.816,35.468,26.299,207.0,181.0,False,93.583,"[None, 2048, 2048, 2048, 2048, 2048, 2048, 2048, 2048]","[2048, 2048, 2048, 2048, 2048, 2048, 2048, 2048, 2048]","[2048, 2048, 2048, 2048, 2048, 2048, 2048]",310.0
1234,9497,2,9,2024-05-03T16:56:34.834000+00:00,31.79,35.018,25.872,212.0,186.0,False,92.68,"[None, 2048, 2048, 2048, 2049, 2048, 2048, 2048, 2049]","[2048, 2048, 2048, 2048, 2048, 2049, 2049, 2048, 2048]","[2048, 2048, 2048, 2048, 2048, 2049, 2048]",320.0
1234,9497,10,11,2024-05-03T16:56:45.655000+00:00,30.049,34.552,26.003,216.0,187.0,False,90.604,"[None, 2048, 2049, 2048, 2049, 2049, 2049, 2049, 2048]","[2049, 2048, 2049, 2048, 2048, 2049, 2049, 2048, 2049]","[2049, 2049, 2048, 2049, 2048, 2048]",330.0
1234,9497,55,8,2024-05-03T16:56:50.169000+00:00,57.189,50.772,32.274,152.0,171.0,False,140.235,"[2048, 2048, 2048, 2048, 2048, 2048, 2048, 2048, 2048]","[2048, 2048, 2048, 2048, 2048, 2048, 2048, 2048, 2048]","[2048, 2048, 2048, 2048, 2048, 2048, 2048]",178.0
1234,9497,24,11,2024-05-03T16:57:00.437000+00:00,48.539,40.232,34.256,173.0,167.0,False,123.027,"[None, 2048, 2048, 2048, 2048, 2048, 2048, 2048, 2048]","[2048, 2048, 2048, 2048, 2048, 2048, 2048, 2048, 2048]","[2048, 2048, 2048, 2048, 2048, 2048, 2048]",177.0
1234,9497,3,10,2024-05-03T16:57:04.680000+00:00,30.554,34.495,25.687,215.0,186.0,False,90.736,"[None, 2048, 2048, 2049, 2049, 2049, 2049, 2049, 2048]","[2048, 2048, 2048, 2048, 2048, 2049, 2049, 2048, 2048]","[2048, 2048, 2048, 2048, 2049, 2049, 2048]",331.0
1234,9497,23,7,2024-05-03T16:57:12.709000+00:00,31.513,35.089,25.588,211.0,185.0,False,92.19,"[2048, 2049, 2048, 2048, 2048, 2048, 2049, 2049, 2048]","[2048, 2048, 2048, 2048, 2048, 2048, 2049, 2048, 2049]","[2048, 2048, 2048, 2048, 2048, 2048, 2048]",330.0
1234,9497,11,8,2024-05-03T16:57:18.042000+00:00,,37.944,26.593,190.0,182.0,True,437.815,"[2064, 2064, 2064, 2048, 2048, 2048, 2048, 2048, 2048]","[2048, 2048, 2048, 2048, 2048, 2048, 2048, 2048, 2048]","[2048, 2048, 2048, 2048, 2048, 2048]",288.0
1234,9497,14,9,2024-05-03T16:57:18.042000+00:00,39.078,46.166,33.22,201.0,177.0,False,118.464,"[None, 2048, 2048, 2048, 2048, 2048, 2048, 2048, 2048]","[2048, 2048, 2048, 2048, 2048, 2048, 2048, 2048, 2048]","[2048, 2048, 2048, 2048, 2048, 2048, 2064]",279.0
1234,9497,44,10,2024-05-03T16:57:23.556000+00:00,36.702,38.504,34.159,191.0,158.0,False,109.365,"[2048, 2048, 2048, 2048, 2048, 2048, 2048, 2048, 2048]","[2048, 2048, 2048, 2048, 2048, 2048, 2048, 2048, 2048]","[2048, 2048, 2048, 2048, 2048, 2048, 2064]",234.0
1234,9497,31,9,2024-05-03T16:57:28.283000+00:00,30.491,34.739,25.589,211.0,187.0,False,90.819,"[None, 2048, 2048, 2048, 2048, 2049, 2048, 2048, 2048]","[2048, 2049, 2049, 2049, 2049, 2048, 2048, 2048, 2049]","[2049, 2048, 2048, 2048, 2048, 2048, 2049]",333.0
1234,9497,18,9,2024-05-03T16:57:33.113000+00:00,49.824,48.769,39.933,114.0,148.0,False,138.526,"[None, 2048, 2048, 2048, 2048, 2048, 2048, 2048, 2048]","[2048, 2048, 2048, 2048, 2048, 2048, 2048, 2048, 2048]","[2048, 2048, 2048, 2048, 2048, 2048, 2048]",123.0
1234,9497,1,10,2024-05-03T16:57:42.711000+00:00,31.514,35.369,26.055,209.0,184.0,False,92.938,"[None, 2048, 2048, 2048, 2048, 2048, 2048, 2048, 2048]","[2048, 2048, 2048, 2048, 2048, 2048, 2048, 2048, 2048]","[2048, 2048, 2048, 2048, 2048, 2048, 2048]",311.0
1234,9497,20,11,2024-05-03T16:57:52.889000+00:00,31.706,35.663,26.348,208.0,182.0,False,93.717,"[None, 2048, 2048, 2048, 2048, 2048, 2048, 2048, 2048]","[2048, 2048, 2048, 2048, 2048, 2048, 2048, 2048, 2048]","[2048, 2048, 2048, 2048, 2048, 2048, 2048]",308.0
1234,9497,2,10,2024-05-03T16:58:07.597000+00:00,31.672,35.141,25.797,213.0,185.0,False,92.61,"[None, 2048, 2048, 2048, 2048, 2048, 2048, 2048, 2048]","[2048, 2048, 2048, 2048, 2048, 2049, 2048, 2048, 2048]","[2048, 2048, 2048, 2048, 2048, 2048, 2048]",325.0
1234,9497,10,12,2024-05-03T16:58:16.128000+00:00,48.927,57.419,36.568,130.0,106.0,False,142.914,"[None, 2048, 2048, 2048, 2048, 2048, 2048, 2048, 2048]","[2048, 2048, 2048, 2048, 2048, 2048, 2048, 2048, 2048]","[2048, 2048, 2048, 2048, 2048, 2048, 2048]",153.0
1234,9497,3,11,2024-05-03T16:58:35.224000+00:00,44.189,59.4,34.95,117.0,113.0,False,138.539,"[None, 2048, 2048, 2048, 2048, 2048, 2048, 2048, 2048]","[2048, 2048, 2048, 2048, 2048, 2048, 2048, 2048, 2048]","[2048, 2048, 2048, 2048, 2048, 2048, 2048]",122.0
1234,9497,23,8,2024-05-03T16:58:44.889000+00:00,31.446,34.987,25.78,,185.0,False,92.213,"[None, 2048, 2048, 2048, 2048, 2048, 2049, 2049, 2048]","[2048, 2048, 2048, 2048, 2048, 2048, 2048, 2049, 2048]","[2048, 2048, 2048, 2048, 2048, 2048, 2048]",323.0
1234,9497,11,9,2024-05-03T16:58:56.401000+00:00,31.701,35.498,26.151,210.0,184.0,False,93.35,"[2048, 2048, 2048, 2048, 2048, 2048, 2048, 2048, 2048]","[2048, 2048, 2048, 2048, 2048, 2048, 2048, 2048, 2048]","[2048, 2048, 2048, 2048, 2048, 2048, 2048]",294.0
1234,9497,31,10,2024-05-03T16:58:59.028000+00:00,49.587,54.192,28.027,158.0,164.0,False,131.806,"[None, 2048, 2048, 2048, 2048, 2048, 2048, 2048, 2048]","[2048, 2048, 2048, 2048, 2048, 2048, 2048, 2048, 2048]","[2048, 2048, 2048, 2048, 2048, 2048, 2048]",289.0
1234,9497,24,12,2024-05-03T16:59:03.346000+00:00,30.329,34.5,25.438,215.0,189.0,False,90.267,"[2049, 2049, 2049, 2049, 2049, 2049, 2049, 2049, 2049]","[2049, 2049, 2049, 2049, 2049, 2049, 2049, 2048, 2048]","[2051, 2049, 2048, 2048, 2048, 2048]",337.0
1234,9497,55,9,2024-05-03T16:59:10.368000+00:00,29.856,34.132,25.358,220.0,189.0,False,89.346,"[2049, 2049, 2048, 2049, 2051, 2049, 2049, 2049, 2048]","[2048, 2048, 2048, 2049, 2049, 2048, 2049, 2049, 2048]","[2049, 2049, 2049, 2049, 2048, 2048]",337.0
1234,9497,1,11,2024-05-03T16:59:14.126000+00:00,31.529,35.102,25.89,210.0,184.0,False,92.521,"[None, 2048, 2048, 2048, 2048, 2048, 2048, 2048, 2048]","[2048, 2048, 2048, 2048, 2048, 2048, 2049, 2048, 2048]","[2048, 2048, 2048, 2048, 2048, 2048, 2048]",314.0
1234,9497,20,12,2024-05-03T16:59:26.605000+00:00,31.526,35.655,26.137,209.0,183.0,False,93.318,"[None, 2048, 2048, 2048, 2048, 2048, 2048, 2048, 2048]","[2048, 2048, 2048, 2048, 2048, 2048, 2048, 2048, 2048]","[2048, 2048, 2048, 2048, 2048, 2048, 2048]",311.0
1234,9497,2,11,2024-05-03T16:59:40.154000+00:00,31.568,35.24,25.779,214.0,185.0,False,92.587,"[None, 2048, 2049, 2048, 2048, 2048, 2048, 2049, 2048]","[2048, 2049, 2048, 2048, 2048, 2048, 2049, 2048, 2048]","[2048, 2048, 2048, 2048, 2048, 2048, 2048]",328.0
1234,9497,18,10,2024-05-03T16:59:51.560000+00:00,30.467,34.794,25.421,214.0,189.0,False,90.682,"[None, 2048, 2051, 2049, 2049, 2048, 2049, 2049, 2049]","[2049, 2049, 2049, 2048, 2048, 2048, 2048, 2048, 2048]","[2049, 2048, 2049, 2049, 2048, 2048, 2048]",339.0
1234,9497,23,9,2024-05-03T17:00:17.085000+00:00,31.526,35.033,25.77,214.0,185.0,False,92.329,"[None, 2048, 2048, 2048, 2048, 2048, 2048, 2048, 2048]","[2048, 2048, 2048, 2048, 2048, 2048, 2048, 2048, 2049]","[2048, 2048, 2048, 2048, 2048, 2048, 2048]",324.0
1234,9497,63,10,2024-05-03T17:00:29.207000+00:00,,35.62,26.053,209.0,187.0,True,349.207,"[2064, 2064, 2064, 2048, 2048, 2048, 2048, 2048, 2048]","[2048, 2048, 2048, 2048, 2048, 2048, 2048, 2048, 2048]","[2048, 2048, 2048, 2048, 2048, 2048, 2048]",331.0
1234,9497,11,10,2024-05-03T17:00:29.750000+00:00,31.461,35.638,26.028,211.0,184.0,False,93.127,"[None, 2048, 2048, 2048, 2048, 2048, 2048, 2048, 2048]","[2048, 2048, 2048, 2048, 2048, 2048, 2048, 2048, 2048]","[2048, 2048, 2048, 2048, 2048, 2048, 2048]",306.0
1234,9497,24,13,2024-05-03T17:00:33.579000+00:00,33.907,40.414,40.31,192.0,155.0,False,114.631,"[2048, 2048, 2048, 2048, 2048, 2048, 2048, 2048, 2048]","[2048, 2048, 2048, 2048, 2048, 2048, 2048, 2048, 2048]","[2048, 2048, 2048, 2048, 2048, 2048, 2064]",189.0
1234,9497,10,13,2024-05-03T17:00:39.131000+00:00,30.173,34.902,25.668,213.0,186.0,False,90.743,"[2049, 2048, 2048, 2048, 2049, 2049, 2048, 2049, 2048]","[2048, 2049, 2049, 2048, 2048, 2048, 2049, 2048, 2048]","[2048, 2049, 2049, 2048, 2048, 2048, 2048]",333.0
1234,9497,55,10,2024-05-03T17:00:39.662000+00:00,49.147,66.36,29.494,112.0,123.0,False,145.001,"[2048, 2048, 2048, 2048, 2048, 2048, 2048, 2048, 2048]","[2048, 2048, 2048, 2048, 2048, 2048, 2048, 2048, 2048]","[2048, 2048, 2048, 2048, 2048, 2048, 2048]",269.0
1234,9497,1,12,2024-05-03T17:00:46.589000+00:00,31.458,35.537,28.257,212.0,185.0,False,95.252,"[None, 2048, 2048, 2048, 2048, 2048, 2048, 2048, 2048]","[2048, 2048, 2048, 2048, 2048, 2048, 2048, 2048, 2048]","[2049, 2049, 2048, 2048, 2048, 2051, 2048]",313.0
1234,9497,3,12,2024-05-03T17:00:53.949000+00:00,30.813,48.338,32.772,212.0,147.0,False,111.923,"[2049, 2048, 2048, 2049, 2048, 2049, 2048, 2048, 2048]","[2048, 2048, 2048, 2048, 2048, 2048, 2048, 2048, 2048]","[2048, 2048, 2048, 2048, 2048, 2048, 2048]",270.0
1234,9497,20,13,2024-05-03T17:00:59.921000+00:00,31.84,35.673,26.491,208.0,182.0,False,94.004,"[None, 2048, 2048, 2048, 2048, 2048, 2048, 2048, 2048]","[2048, 2048, 2048, 2048, 2048, 2048, 2048, 2048, 2048]","[2048, 2048, 2048, 2048, 2048, 2048, 2048]",310.0
1234,9497,31,11,2024-05-03T17:01:10.915000+00:00,30.28,34.66,25.582,215.0,188.0,False,90.522,"[None, 2048, 2049, 2048, 2049, 2048, 2049, 2049, 2048]","[2048, 2048, 2048, 2048, 2048, 2048, 2049, 2048, 2049]","[2049, 2048, 2048, 2048, 2049, 2048, 2048]",332.0
1234,9497,2,12,2024-05-03T17:01:12.682000+00:00,31.756,37.593,25.811,212.0,178.0,False,95.16,"[None, 2048, 2048, 2048, 2048, 2048, 2048, 2049, 2048]","[2048, 2051, 2048, 2048, 2048, 2048, 2048, 2048, 2048]","[2048, 2048, 2048, 2048, 2048, 2048, 2049]",328.0
1234,9497,22,11,2024-05-03T17:01:15.927000+00:00,,35.029,25.827,208.0,184.0,True,338.484,"[2064, 2064, 2064, 2048, 2048, 2048, 2048, 2048, 2048]","[2048, 2048, 2048, 2048, 2048, 2048, 2048, 2048, 2049]","[2048, 2048, 2048, 2048, 2049, 2048, 2048]",328.0
1234,9497,18,11,2024-05-03T17:01:22.219000+00:00,38.15,41.55,32.502,180.0,132.0,False,112.202,"[None, 2048, 2048, 2048, 2048, 2048, 2048, 2048, 2048]","[2048, 2048, 2048, 2048, 2048, 2048, 2048, 2048, 2048]","[2048, 2048, 2048, 2048, 2048, 2048, 2048]",155.0
1234,9497,81,9,2024-05-03T17:01:38.034000+00:00,,40.186,27.366,177.0,145.0,True,654.016,"[2064, 2064, 2064, 2048, 2048, 2048, 2048, 2048, 2048]","[2048, 2048, 2048, 2048, 2048, 2048, 2048, 2048, 2048]","[2048, 2048, 2048, 2048, 2048, 2048, 2049]",305.0
1234,9497,27,9,2024-05-03T17:01:48.067000+00:00,,35.71,26.284,208.0,184.0,True,336.95,"[2064, 2064, 2064, 2048, 2048, 2048, 2048, 2048, 2048]","[2048, 2048, 2048, 2048, 2048, 2048, 2048, 2048, 2048]","[2048, 2048, 2048, 2048, 2048, 2048, 2048]",306.0
1234,9497,23,10,2024-05-03T17:01:49.414000+00:00,31.688,35.366,28.535,208.0,184.0,False,95.589,"[None, 2048, 2048, 2048, 2048, 2048, 2048, 2049, 2048]","[2048, 2048, 2048, 2049, 2048, 2048, 2048, 2048, 2048]","[2048, 2048, 2048, 2048, 2048, 2048, 2048]",326.0
1234,9497,77,9,2024-05-03T17:02:01.037000+00:00,,40.371,29.099,206.0,175.0,True,416.938,"[2064, 2064, 2064, 2048, 2048, 2048, 2048, 2048, 2048]","[2048, 2048, 2048, 2048, 2048, 2048, 2048, 2048, 2048]","[2048, 2048, 2048, 2048, 2048, 2048, 2048]",228.0
1234,9497,11,11,2024-05-03T17:02:02.889000+00:00,31.613,35.424,26.012,210.0,184.0,False,93.049,"[None, 2048, 2048, 2048, 2048, 2048, 2048, 2048, 2048]","[2048, 2048, 2048, 2048, 2048, 2048, 2048, 2048, 2048]","[2048, 2048, 2048, 2048, 2048, 2048, 2048]",306.0
1234,9497,63,11,2024-05-03T17:02:04.913000+00:00,31.262,35.151,29.326,213.0,187.0,False,95.739,"[2048, 2048, 2048, 2048, 2048, 2048, 2048, 2048, 2048]","[2048, 2048, 2048, 2048, 2048, 2048, 2048, 2048, 2048]","[2048, 2048, 2048, 2048, 2048, 2048, 2048]",199.0
1234,9497,10,14,2024-05-03T17:02:09.922000+00:00,30.878,35.407,26.11,214.0,184.0,False,92.395,"[2048, 2048, 2048, 2048, 2048, 2048, 2048, 2048, 2048]","[2049, 2049, 2048, 2048, 2048, 2048, 2048, 2048, 2048]","[2048, 2048, 2048, 2048, 2048, 2049, 2049]",313.0
1234,9497,1,13,2024-05-03T17:02:21.908000+00:00,31.626,35.22,25.918,209.0,185.0,False,92.764,"[None, 2048, 2048, 2048, 2048, 2048, 2048, 2048, 2048]","[2048, 2048, 2048, 2048, 2048, 2048, 2048, 2048, 2048]","[2049, 2048, 2048, 2048, 2048, 2048]",311.0
1234,9497,20,14,2024-05-03T17:02:34.003000+00:00,31.833,35.544,26.241,206.0,182.0,False,93.618,"[None, 2048, 2048, 2048, 2048, 2048, 2048, 2048, 2048]","[2048, 2048, 2048, 2048, 2048, 2048, 2048, 2048, 2048]","[2048, 2048, 2048, 2048, 2048, 2048, 2048]",311.0
1234,9497,31,12,2024-05-03T17:02:41.375000+00:00,31.016,35.437,25.981,213.0,186.0,False,92.434,"[None, 2048, 2048, 2048, 2048, 2048, 2048, 2048, 2048]","[2048, 2048, 2048, 2048, 2048, 2048, 2048, 2048, 2048]","[2048, 2048, 2048, 2048, 2048, 2048, 2048]",313.0
1234,9497,3,13,2024-05-03T17:02:45.825000+00:00,39.539,36.653,28.493,209.0,185.0,False,104.685,"[None, 2048, 2048, 2048, 2048, 2048, 2048, 2048, 2048]","[2048, 2049, 2049, 2048, 2048, 2048, 2048, 2048, 2048]","[2049, 2049, 2049, 2048, 2048, 2048]",313.0
1234,9497,44,11,2024-05-03T17:02:45.987000+00:00,,37.743,26.35,199.0,182.0,True,314.907,"[2064, 2064, 2064, 2048, 2048, 2048, 2048, 2048, 2048]","[2048, 2048, 2048, 2048, 2048, 2048, 2048, 2048, 2048]","[2048, 2048, 2048, 2048, 2048, 2048, 2048]",328.0
1234,9497,2,13,2024-05-03T17:02:47.896000+00:00,32.678,34.983,25.831,211.0,188.0,False,93.492,"[None, 2048, 2048, 2048, 2048, 2048, 2048, 2048, 2048]","[2048, 2048, 2048, 2048, 2048, 2048, 2048, 2048, 2049]","[2049, 2048, 2048, 2048, 2048, 2048, 2049]",323.0
1234,9497,22,12,2024-05-03T17:02:49.852000+00:00,32.215,35.161,26.155,209.0,185.0,False,93.531,"[2048, 2048, 2048, 2048, 2048, 2048, 2048, 2048, 2048]","[2048, 2048, 2048, 2048, 2048, 2048, 2048, 2048, 2048]","[2048, 2048, 2048, 2048, 2048, 2048, 2048]",310.0
1234,9497,55,11,2024-05-03T17:03:04.688000+00:00,29.814,34.156,25.361,220.0,190.0,False,89.331,"[2049, 2048, 2049, 2051, 2051, 2049, 2051, 2048, 2048]","[2048, 2048, 2048, 2048, 2048, 2048, 2048, 2048, 2049]","[2048, 2048, 2048, 2049, 2048, 2048, 2048]",337.0
1234,9497,18,12,2024-05-03T17:03:14.516000+00:00,31.079,35.188,25.88,215.0,186.0,False,92.147,"[None, 2048, 2048, 2049, 2048, 2048, 2048, 2049, 2048]","[2049, 2049, 2048, 2048, 2048, 2048, 2048, 2048, 2048]","[2048, 2048, 2048, 2048, 2048, 2048, 2048]",320.0
1234,9497,81,10,2024-05-03T17:03:20.897000+00:00,30.182,34.407,25.433,205.0,188.0,False,90.022,"[2049, 2048, 2051, 2048, 2048, 2048, 2049, 2049, 2048]","[2048, 2048, 2048, 2048, 2048, 2048, 2048, 2049, 2048]","[2049, 2049, 2049, 2049, 2049, 2049, 2049]",335.0
1234,9497,27,10,2024-05-03T17:03:21.692000+00:00,31.884,35.464,26.081,210.0,182.0,False,93.429,"[2048, 2048, 2048, 2048, 2048, 2048, 2048, 2048, 2048]","[2048, 2048, 2048, 2048, 2048, 2048, 2048, 2048, 2048]","[2048, 2048, 2048, 2048, 2048, 2048]",314.0
1234,9497,4,7,2024-05-03T17:03:22.603000+00:00,,48.699,32.108,166.0,65.0,True,542.157,"[2064, 2064, 2064, 2048, 2048, 2048, 2048, 2048, 2048]","[2048, 2048, 2048, 2048, 2048, 2048, 2048, 2048, 2048]","[2048, 2048, 2048, 2048, 2048, 2048, 2049]",281.0
1234,9497,23,11,2024-05-03T17:03:25.089000+00:00,31.315,34.816,25.837,214.0,185.0,False,91.968,"[None, 2049, 2049, 2048, 2048, 2048, 2049, 2048, 2048]","[2048, 2048, 2048, 2048, 2048, 2048, 2048, 2048, 2049]","[2048, 2048, 2048, 2048, 2048, 2048, 2048]",323.0
1234,9497,11,12,2024-05-03T17:03:36.051000+00:00,31.578,35.091,26.071,213.0,184.0,False,92.74,"[None, 2048, 2048, 2048, 2048, 2048, 2048, 2048, 2048]","[2048, 2048, 2048, 2048, 2048, 2048, 2048, 2048, 2048]","[2048, 2048, 2048, 2048, 2048, 2048, 2048]",309.0
1234,9497,63,12,2024-05-03T17:03:40.582000+00:00,30.858,35.695,26.217,211.0,185.0,False,92.77,"[None, 2048, 2048, 2048, 2048, 2048, 2048, 2048, 2048]","[2048, 2048, 2048, 2048, 2048, 2048, 2048, 2048, 2048]","[2048, 2048, 2048, 2048, 2048, 2048, 2048]",307.0
1234,9497,10,15,2024-05-03T17:03:42.326000+00:00,30.911,35.396,25.946,216.0,186.0,False,92.253,"[None, 2048, 2048, 2048, 2048, 2048, 2048, 2048, 2048]","[2049, 2049, 2049, 2048, 2048, 2048, 2048, 2048, 2048]","[2049, 2049, 2048, 2048, 2048, 2048, 2048]",310.0
1234,9497,77,10,2024-05-03T17:03:49.160000+00:00,31.338,35.425,26.311,210.0,185.0,False,93.074,"[2048, 2048, 2048, 2048, 2048, 2048, 2048, 2048, 2048]","[2048, 2048, 2048, 2048, 2048, 2048, 2048, 2048, 2048]","[2048, 2048, 2048, 2048, 2048, 2048, 2048]",316.0
1234,9497,1,14,2024-05-03T17:03:55.129000+00:00,31.503,35.184,25.802,211.0,185.0,False,92.489,"[None, 2048, 2048, 2048, 2048, 2048, 2048, 2048, 2048]","[2048, 2048, 2048, 2048, 2048, 2048, 2048, 2048, 2048]","[2049, 2049, 2048, 2048, 2048, 2048, 2048]",313.0
1234,9497,20,15,2024-05-03T17:04:07.626000+00:00,32.088,35.618,26.267,209.0,183.0,False,93.973,"[None, 2048, 2048, 2048, 2048, 2048, 2048, 2048, 2048]","[2048, 2048, 2048, 2048, 2048, 2048, 2048, 2048, 2048]","[2048, 2048, 2048, 2048, 2048, 2048, 2048]",308.0
1234,9497,31,13,2024-05-03T17:04:13.833000+00:00,30.845,35.275,25.88,216.0,187.0,False,92.0,"[None, 2048, 2048, 2048, 2048, 2048, 2048, 2048, 2048]","[2049, 2049, 2048, 2048, 2048, 2048, 2048, 2048, 2048]","[2049, 2048, 2048, 2048, 2048, 2048, 2048]",314.0
1234,9497,2,14,2024-05-03T17:04:21.452000+00:00,40.395,42.236,34.125,149.0,171.0,False,116.756,"[None, 2048, 2048, 2048, 2048, 2048, 2048, 2048, 2048]","[2048, 2048, 2048, 2048, 2048, 2048, 2048, 2048, 2048]","[2048, 2048, 2048, 2048, 2048, 2048, 2064]",275.0
1234,9497,22,13,2024-05-03T17:04:23.381000+00:00,31.106,35.233,26.143,213.0,184.0,False,92.482,"[None, 2048, 2048, 2048, 2048, 2048, 2048, 2048, 2048]","[2048, 2048, 2048, 2048, 2048, 2048, 2048, 2048, 2048]","[2048, 2048, 2048, 2048, 2048, 2048, 2048]",313.0
1234,9497,44,12,2024-05-03T17:04:28.013000+00:00,31.485,35.689,26.272,214.0,186.0,False,93.446,"[2048, 2048, 2048, 2048, 2048, 2048, 2048, 2048, 2048]","[2048, 2048, 2048, 2048, 2048, 2048, 2048, 2048, 2048]","[2048, 2048, 2048, 2048, 2048, 2048, 2048]",295.0
1234,9497,3,14,2024-05-03T17:04:30.669000+00:00,31.286,35.439,25.909,,186.0,False,92.634,"[2048, 2048, 2048, 2048, 2048, 2048, 2048, 2048, 2048]","[2048, 2048, 2048, 2048, 2048, 2048, 2048, 2048, 2048]","[2048, 2048, 2048, 2048, 2049, 2048, 2049]",314.0
1234,9497,55,12,2024-05-03T17:04:33.967000+00:00,45.826,52.381,28.924,156.0,150.0,False,127.131,"[2048, 2048, 2048, 2048, 2048, 2048, 2048, 2048, 2048]","[2048, 2048, 2048, 2048, 2048, 2048, 2048, 2048, 2048]","[2048, 2048, 2048, 2048, 2048, 2048, 2048]",233.0
1234,9497,18,13,2024-05-03T17:04:46.663000+00:00,30.998,35.055,25.755,214.0,189.0,False,91.808,"[None, 2048, 2048, 2048, 2048, 2048, 2048, 2048, 2048]","[2049, 2049, 2048, 2048, 2048, 2048, 2048, 2048, 2048]","[2049, 2048, 2048, 2048, 2048, 2048, 2048]",321.0
1234,9497,81,11,2024-05-03T17:04:50.866000+00:00,43.866,49.741,42.324,150.0,133.0,False,135.931,"[2048, 2048, 2048, 2048, 2048, 2048, 2048, 2048, 2048]","[2048, 2048, 2048, 2048, 2048, 2048, 2048, 2048, 2048]","[2048, 2048, 2048, 2048, 2048, 2048, 2048]",178.0
1234,9497,27,11,2024-05-03T17:04:56.162000+00:00,31.69,35.709,26.351,209.0,184.0,False,93.75,"[None, 2048, 2048, 2048, 2048, 2048, 2048, 2048, 2048]","[2048, 2048, 2048, 2048, 2048, 2048, 2048, 2048, 2048]","[2048, 2048, 2048, 2048, 2048, 2048, 2048]",310.0
1234,9497,23,12,2024-05-03T17:04:57.066000+00:00,31.305,35.188,25.664,213.0,184.0,False,92.157,"[None, 2048, 2048, 2048, 2048, 2048, 2049, 2048, 2048]","[2048, 2048, 2048, 2048, 2048, 2048, 2048, 2048, 2048]","[2048, 2048, 2048, 2048, 2048, 2048, 2048]",340.0
1234,9497,11,13,2024-05-03T17:05:08.678000+00:00,31.665,35.401,26.276,212.0,183.0,False,93.342,"[None, 2048, 2048, 2048, 2048, 2048, 2048, 2048, 2048]","[2048, 2048, 2048, 2048, 2048, 2048, 2048, 2048, 2048]","[2048, 2048, 2048, 2048, 2048, 2048, 2048]",311.0
1234,9497,63,13,2024-05-03T17:05:13.378000+00:00,30.94,35.618,26.14,210.0,186.0,False,92.698,"[None, 2048, 2048, 2048, 2048, 2048, 2048, 2048, 2048]","[2048, 2048, 2048, 2048, 2048, 2048, 2048, 2048, 2048]","[2048, 2048, 2048, 2048, 2048, 2048, 2048]",309.0
1234,9497,10,16,2024-05-03T17:05:14.553000+00:00,31.02,35.29,25.776,215.0,187.0,False,92.086,"[None, 2048, 2048, 2048, 2048, 2048, 2048, 2048, 2048]","[2048, 2049, 2048, 2048, 2048, 2048, 2048, 2048, 2048]","[2049, 2049, 2049, 2048, 2048, 2048, 2049]",326.0
1234,9497,4,8,2024-05-03T17:05:20.909000+00:00,30.329,34.167,25.302,218.0,190.0,False,89.798,"[2049, 2049, 2048, 2049, 2049, 2049, 2049, 2048, 2048]","[2049, 2049, 2049, 2049, 2049, 2049, 2048, 2049, 2049]","[2051, 2049, 2049, 2048, 2049, 2048]",340.0
1234,9497,77,11,2024-05-03T17:05:22.188000+00:00,31.646,35.444,26.149,212.0,186.0,False,93.239,"[None, 2048, 2048, 2048, 2048, 2048, 2048, 2048, 2048]","[2048, 2048, 2048, 2048, 2048, 2048, 2048, 2048, 2048]","[2048, 2048, 2048, 2048, 2048, 2048, 2049]",312.0
1234,9497,1,15,2024-05-03T17:05:27.160000+00:00,31.388,35.272,26.018,212.0,183.0,False,92.678,"[None, 2048, 2048, 2048, 2048, 2048, 2048, 2048, 2048]","[2048, 2048, 2048, 2048, 2048, 2048, 2048, 2048, 2048]","[2048, 2048, 2048, 2048, 2048, 2048, 2048]",316.0
1234,9497,20,16,2024-05-03T17:05:41.569000+00:00,31.663,35.574,26.294,206.0,182.0,False,93.531,"[None, 2048, 2048, 2048, 2048, 2048, 2048, 2048, 2048]","[2048, 2048, 2048, 2048, 2048, 2048, 2048, 2048, 2048]","[2048, 2048, 2048, 2048, 2048, 2048, 2048]",312.0
1234,9497,31,14,2024-05-03T17:05:45.872000+00:00,30.968,35.38,25.955,,187.0,False,92.303,"[None, 2048, 2048, 2048, 2048, 2048, 2048, 2048, 2048]","[2049, 2049, 2048, 2048, 2048, 2048, 2048, 2048, 2048]","[2048, 2048, 2048, 2048, 2048, 2048, 2048]",316.0
1234,9497,22,14,2024-05-03T17:05:55.792000+00:00,31.444,35.237,26.057,211.0,184.0,False,92.738,"[None, 2048, 2048, 2048, 2048, 2048, 2048, 2048, 2048]","[2048, 2048, 2048, 2048, 2048, 2048, 2048, 2048, 2048]","[2048, 2048, 2048, 2048, 2048, 2048, 2048]",314.0
1234,9497,44,13,2024-05-03T17:06:01.455000+00:00,31.233,35.496,26.126,213.0,187.0,False,92.855,"[None, 2048, 2048, 2048, 2048, 2048, 2048, 2048, 2048]","[2048, 2048, 2048, 2048, 2048, 2048, 2048, 2048, 2048]","[2048, 2048, 2048, 2048, 2048, 2048, 2048]",299.0
1234,9497,3,15,2024-05-03T17:06:03.143000+00:00,31.426,35.051,25.724,214.0,188.0,False,92.201,"[None, 2048, 2048, 2048, 2048, 2048, 2048, 2048, 2048]","[2049, 2049, 2049, 2048, 2048, 2048, 2048, 2048, 2048]","[2049, 2048, 2048, 2048, 2048, 2049, 2049]",315.0
1234,9497,18,14,2024-05-03T17:06:18.592000+00:00,30.974,35.068,25.647,,188.0,False,91.689,"[None, 2048, 2048, 2048, 2048, 2048, 2048, 2048, 2048]","[2048, 2049, 2048, 2048, 2048, 2048, 2048, 2048, 2048]","[2048, 2048, 2048, 2048, 2049, 2049, 2048]",321.0
1234,9497,27,12,2024-05-03T17:06:28.883000+00:00,32.879,35.613,27.516,210.0,184.0,False,96.008,"[None, 2048, 2048, 2048, 2048, 2048, 2048, 2048, 2048]","[2048, 2048, 2048, 2048, 2048, 2048, 2048, 2048, 2048]","[2048, 2048, 2048, 2048, 2048, 2048, 2048]",237.0
1234,9497,23,13,2024-05-03T17:06:29.271000+00:00,31.512,34.905,30.49,214.0,186.0,False,96.907,"[None, 2048, 2048, 2048, 2048, 2048, 2049, 2048, 2048]","[2048, 2048, 2048, 2048, 2048, 2048, 2048, 2049, 2048]","[2048, 2048, 2048, 2048, 2048, 2048, 2064]",320.0
1234,9497,55,13,2024-05-03T17:06:41.245000+00:00,30.613,34.954,25.949,216.0,187.0,False,91.516,"[None, 2048, 2048, 2048, 2048, 2048, 2048, 2049, 2049]","[2048, 2048, 2048, 2048, 2048, 2049, 2048, 2048, 2048]","[2048, 2048, 2048, 2048, 2048, 2048, 2048]",316.0
1234,9497,11,14,2024-05-03T17:06:42.039000+00:00,32.221,36.709,26.227,210.0,177.0,False,95.157,"[None, 2048, 2048, 2048, 2048, 2048, 2048, 2048, 2048]","[2048, 2048, 2048, 2048, 2048, 2048, 2048, 2048, 2048]","[2048, 2048, 2048, 2048, 2048, 2048, 2048]",311.0
1234,9497,63,14,2024-05-03T17:06:46.074000+00:00,30.958,35.585,25.77,213.0,185.0,False,92.313,"[None, 2048, 2048, 2048, 2049, 2048, 2048, 2048, 2048]","[2048, 2049, 2048, 2048, 2048, 2048, 2048, 2048, 2048]","[2048, 2049, 2049, 2048, 2048, 2048, 2048]",335.0
1234,9497,10,17,2024-05-03T17:06:46.663000+00:00,31.093,35.442,25.562,218.0,186.0,False,92.097,"[None, 2048, 2048, 2048, 2048, 2048, 2048, 2048, 2048]","[2049, 2049, 2049, 2049, 2048, 2048, 2048, 2048, 2048]","[2048, 2049, 2051, 2048, 2048, 2048, 2049]",335.0
1234,9497,4,9,2024-05-03T17:06:50.605000+00:00,49.519,52.111,27.466,149.0,140.0,False,129.096,"[2048, 2048, 2048, 2048, 2048, 2048, 2048, 2048, 2048]","[2048, 2048, 2048, 2048, 2048, 2048, 2048, 2048, 2048]","[2048, 2048, 2048, 2048, 2048, 2048, 2048]",303.0
1234,9497,77,12,2024-05-03T17:06:55.502000+00:00,31.553,35.445,26.056,209.0,186.0,False,93.054,"[None, 2048, 2048, 2048, 2048, 2048, 2048, 2048, 2048]","[2048, 2048, 2048, 2048, 2048, 2048, 2048, 2048, 2048]","[2048, 2048, 2048, 2048, 2048, 2048, 2049]",310.0
1234,9497,1,16,2024-05-03T17:06:59.773000+00:00,31.257,35.295,25.956,210.0,182.0,False,92.508,"[None, 2048, 2048, 2048, 2048, 2048, 2048, 2048, 2048]","[2048, 2048, 2048, 2048, 2048, 2048, 2048, 2048, 2048]","[2048, 2048, 2048, 2048, 2048, 2048, 2048]",314.0
1234,9497,81,12,2024-05-03T17:07:06.869000+00:00,30.077,34.304,25.311,211.0,188.0,False,89.692,"[None, 2048, 2048, 2049, 2049, 2049, 2049, 2049, 2048]","[2048, 2049, 2048, 2048, 2048, 2051, 2048, 2048, 2048]","[2049, 2049, 2049, 2049, 2049, 2049, 2048]",337.0
1234,9497,20,17,2024-05-03T17:07:15.113000+00:00,31.65,35.578,26.22,208.0,183.0,False,93.448,"[None, 2048, 2048, 2048, 2048, 2048, 2048, 2048, 2048]","[2048, 2048, 2048, 2048, 2048, 2048, 2048, 2048, 2048]","[2048, 2048, 2048, 2048, 2048, 2048, 2048]",311.0
1234,9497,31,15,2024-05-03T17:07:18.158000+00:00,31.051,35.26,25.983,,186.0,False,92.294,"[None, 2048, 2048, 2048, 2048, 2048, 2048, 2048, 2048]","[2049, 2049, 2048, 2048, 2048, 2048, 2048, 2048, 2048]","[2048, 2048, 2048, 2048, 2048, 2048, 2048]",317.0
1234,9497,22,15,2024-05-03T17:07:28.607000+00:00,31.368,35.046,31.079,213.0,184.0,False,97.493,"[None, 2048, 2048, 2048, 2048, 2048, 2048, 2048, 2048]","[2048, 2048, 2048, 2048, 2048, 2048, 2048, 2048, 2048]","[2048, 2048, 2048, 2048, 2048, 2048, 2064]",316.0
1234,9497,44,14,2024-05-03T17:07:34.285000+00:00,31.163,35.387,25.918,215.0,186.0,False,92.468,"[None, 2048, 2048, 2048, 2048, 2048, 2048, 2048, 2048]","[2048, 2048, 2048, 2048, 2048, 2048, 2048, 2048, 2048]","[2048, 2048, 2048, 2048, 2048, 2048, 2048]",301.0
1234,9497,3,16,2024-05-03T17:07:35.336000+00:00,31.353,35.215,25.755,,188.0,False,92.323,"[None, 2048, 2048, 2048, 2048, 2048, 2048, 2048, 2048]","[2049, 2049, 2048, 2048, 2048, 2048, 2048, 2048, 2048]","[2048, 2048, 2048, 2048, 2048, 2048, 2049]",312.0
1234,9497,18,15,2024-05-03T17:07:50.099000+00:00,30.866,35.115,25.594,217.0,189.0,False,91.575,"[None, 2048, 2048, 2048, 2049, 2048, 2048, 2048, 2048]","[2049, 2049, 2048, 2048, 2048, 2048, 2048, 2048, 2048]","[2049, 2048, 2048, 2048, 2049, 2049, 2048]",321.0
1234,9497,27,13,2024-05-03T17:08:04.974000+00:00,31.679,35.653,26.145,211.0,184.0,False,93.477,"[None, 2048, 2048, 2048, 2048, 2048, 2048, 2048, 2048]","[2048, 2048, 2048, 2048, 2048, 2048, 2048, 2048, 2048]","[2048, 2048, 2048, 2048, 2048, 2048, 2048]",314.0
1234,9497,55,14,2024-05-03T17:08:12.691000+00:00,30.629,35.249,25.988,215.0,187.0,False,91.866,"[None, 2048, 2048, 2048, 2048, 2048, 2048, 2048, 2049]","[2048, 2048, 2048, 2048, 2048, 2048, 2048, 2048, 2048]","[2048, 2048, 2048, 2048, 2048, 2048, 2048]",308.0
1234,9497,11,15,2024-05-03T17:08:17.168000+00:00,31.508,35.157,25.851,216.0,185.0,False,92.516,"[None, 2048, 2048, 2048, 2048, 2048, 2048, 2048, 2048]","[2048, 2048, 2048, 2048, 2048, 2048, 2048, 2048, 2048]","[2048, 2048, 2048, 2048, 2048, 2048, 2048]",311.0
1234,9497,63,15,2024-05-03T17:08:18.350000+00:00,31.136,35.302,25.715,214.0,187.0,False,92.153,"[2049, 2048, 2048, 2048, 2048, 2048, 2048, 2048, 2048]","[2048, 2049, 2049, 2049, 2048, 2048, 2048, 2048, 2048]","[2048, 2048, 2049, 2048, 2048, 2048, 2048]",334.0
1234,9497,10,18,2024-05-03T17:08:18.828000+00:00,33.667,41.401,37.962,184.0,111.0,False,113.03,"[2049, 2048, 2048, 2048, 2048, 2048, 2048, 2048, 2048]","[2048, 2048, 2048, 2048, 2048, 2048, 2048, 2048, 2048]","[2048, 2048, 2048, 2048, 2048, 2048, 2064]",268.0
1234,9497,77,13,2024-05-03T17:08:28.520000+00:00,31.737,36.883,32.325,213.0,161.0,False,100.945,"[None, 2048, 2048, 2048, 2048, 2048, 2048, 2048, 2048]","[2048, 2049, 2048, 2048, 2048, 2048, 2048, 2048, 2048]","[2048, 2048, 2048, 2048, 2048, 2048, 2064]",308.0
1234,9497,1,17,2024-05-03T17:08:32.268000+00:00,32.248,37.671,31.693,208.0,157.0,False,101.612,"[None, 2048, 2048, 2048, 2048, 2048, 2048, 2048, 2048]","[2048, 2048, 2048, 2048, 2048, 2048, 2048, 2048, 2048]","[2048, 2048, 2048, 2048, 2048, 2048, 2064]",308.0
1234,9497,81,13,2024-05-03T17:08:36.435000+00:00,33.369,36.454,31.551,198.0,181.0,False,101.374,"[None, 2048, 2048, 2048, 2048, 2048, 2048, 2048, 2048]","[2048, 2048, 2048, 2048, 2048, 2048, 2048, 2048, 2048]","[2048, 2048, 2048, 2048, 2048, 2048, 2064]",315.0
1234,9497,20,18,2024-05-03T17:08:48.613000+00:00,31.683,35.452,27.125,207.0,182.0,False,94.26,"[None, 2048, 2048, 2048, 2048, 2048, 2048, 2048, 2048]","[2048, 2048, 2048, 2048, 2048, 2048, 2048, 2048, 2048]","[2048, 2048, 2048, 2049, 2048, 2049, 2048]",329.0
1234,9497,31,16,2024-05-03T17:08:50.355000+00:00,30.979,39.744,37.915,214.0,131.0,False,108.638,"[None, 2048, 2048, 2048, 2048, 2048, 2048, 2048, 2048]","[2048, 2048, 2048, 2048, 2048, 2048, 2048, 2048, 2048]","[2048, 2048, 2048, 2048, 2048, 2048, 2064]",227.0
1234,9497,4,10,2024-05-03T17:08:59.889000+00:00,30.026,34.032,25.437,216.0,190.0,False,89.495,"[None, 2048, 2049, 2049, 2051, 2049, 2049, 2048, 2048]","[2048, 2048, 2049, 2049, 2048, 2049, 2049, 2049, 2048]","[2051, 2049, 2049, 2048, 2048, 2048, 2048]",341.0
1234,9497,44,15,2024-05-03T17:09:06.732000+00:00,30.76,35.26,26.06,216.0,186.0,False,92.08,"[None, 2048, 2048, 2048, 2048, 2048, 2048, 2048, 2048]","[2048, 2048, 2048, 2048, 2048, 2048, 2048, 2048, 2048]","[2048, 2048, 2048, 2048, 2048, 2048, 2048]",304.0
1234,9497,3,17,2024-05-03T17:09:07.725000+00:00,31.293,35.226,25.846,208.0,187.0,False,92.365,"[None, 2048, 2048, 2048, 2048, 2048, 2048, 2048, 2048]","[2048, 2048, 2048, 2048, 2048, 2048, 2048, 2048, 2048]","[2048, 2048, 2048, 2048, 2048, 2048, 2048]",316.0
1234,9497,18,16,2024-05-03T17:09:21.742000+00:00,30.817,35.132,25.696,215.0,189.0,False,91.645,"[None, 2048, 2048, 2048, 2048, 2048, 2048, 2048, 2048]","[2048, 2048, 2048, 2048, 2048, 2048, 2048, 2048, 2048]","[2048, 2048, 2048, 2048, 2048, 2049, 2048]",322.0
1234,9497,22,16,2024-05-03T17:09:30.800000+00:00,55.1,35.191,34.677,210.0,185.0,True,124.968,"[2064, 2064, 2064, 2048, 2048, 2048, 2048, 2048, 2048]","[2048, 2048, 2048, 2048, 2048, 2048, 2048, 2048, 2048]","[2048, 2048, 2048, 2048, 2048, 2048, 2064]",314.0
1234,9497,27,14,2024-05-03T17:09:38.427000+00:00,31.795,35.359,25.952,212.0,183.0,False,93.106,"[None, 2048, 2048, 2048, 2048, 2048, 2048, 2048, 2048]","[2048, 2048, 2048, 2048, 2048, 2048, 2048, 2048, 2048]","[2048, 2048, 2048, 2048, 2048, 2048, 2048]",327.0
1234,9497,55,15,2024-05-03T17:09:44.617000+00:00,30.695,35.06,26.07,214.0,186.0,False,91.825,"[None, 2048, 2048, 2048, 2048, 2048, 2048, 2048, 2048]","[2048, 2048, 2048, 2048, 2048, 2048, 2048, 2048, 2048]","[2048, 2048, 2048, 2048, 2048, 2048, 2048]",311.0
1234,9497,11,16,2024-05-03T17:09:49.699000+00:00,31.458,34.777,25.79,212.0,185.0,False,92.025,"[None, 2048, 2048, 2048, 2048, 2048, 2048, 2048, 2048]","[2048, 2048, 2048, 2049, 2048, 2048, 2048, 2048, 2048]","[2048, 2048, 2048, 2048, 2048, 2048, 2048]",314.0
1234,9497,63,16,2024-05-03T17:09:50.616000+00:00,31.23,41.948,26.67,211.0,155.0,False,99.848,"[2048, 2048, 2048, 2048, 2048, 2048, 2048, 2048, 2048]","[2048, 2049, 2049, 2048, 2048, 2048, 2048, 2048, 2048]","[2048, 2048, 2048, 2048, 2048, 2048, 2048]",306.0
1234,9497,20,19,2024-05-03T17:10:22.705000+00:00,35.307,38.983,33.082,186.0,170.0,False,107.372,"[None, 2048, 2048, 2048, 2048, 2048, 2048, 2048, 2048]","[2048, 2048, 2048, 2048, 2048, 2048, 2048, 2048, 2048]","[2048, 2048, 2048, 2048, 2048, 2048, 2064]",292.0
1234,9497,4,11,2024-05-03T17:10:29.182000+00:00,37.768,36.237,25.896,200.0,189.0,False,99.901,"[None, 2048, 2048, 2048, 2048, 2048, 2048, 2048, 2048]","[2048, 2048, 2048, 2048, 2048, 2048, 2049, 2048, 2049]","[2048, 2048, 2048, 2048, 2049, 2048, 2048]",307.0
1234,9497,81,14,2024-05-03T17:10:34.748000+00:00,46.2,35.415,26.114,213.0,187.0,True,107.729,"[2064, 2064, 2064, 2048, 2048, 2048, 2048, 2048, 2048]","[2048, 2048, 2048, 2048, 2048, 2048, 2048, 2048, 2048]","[2048, 2048, 2048, 2048, 2048, 2048, 2048]",310.0
1234,9497,44,16,2024-05-03T17:10:38.817000+00:00,30.949,35.379,25.943,214.0,185.0,False,92.271,"[None, 2048, 2048, 2048, 2048, 2048, 2048, 2048, 2048]","[2048, 2048, 2048, 2048, 2048, 2048, 2048, 2048, 2048]","[2048, 2048, 2048, 2048, 2048, 2048, 2048]",304.0
1234,9497,3,18,2024-05-03T17:10:40.045000+00:00,31.491,35.352,42.762,213.0,176.0,False,109.605,"[None, 2048, 2048, 2048, 2048, 2048, 2048, 2048, 2048]","[2048, 2048, 2048, 2048, 2048, 2048, 2048, 2048, 2048]","[2048, 2048, 2048, 2048, 2048, 2048, 2064]",190.0
1234,9497,18,17,2024-05-03T17:10:53.366000+00:00,31.04,38.52,32.192,,164.0,False,101.752,"[None, 2048, 2048, 2049, 2048, 2048, 2048, 2048, 2048]","[2048, 2048, 2048, 2048, 2048, 2048, 2048, 2048, 2048]","[2048, 2048, 2048, 2048, 2048, 2048, 2064]",229.0
1234,9497,27,15,2024-05-03T17:11:11.448000+00:00,32.147,35.812,26.107,210.0,184.0,False,94.066,"[None, 2048, 2048, 2048, 2048, 2048, 2048, 2048, 2048]","[2048, 2048, 2048, 2048, 2048, 2048, 2048, 2048, 2048]","[2048, 2048, 2048, 2048, 2048, 2048, 2048]",312.0
1234,9497,14,10,2024-05-03T17:11:12.900000+00:00,,45.577,31.29,185.0,154.0,True,836.045,"[2064, 2064, 2064, 2048, 2048, 2048, 2048, 2048, 2048]","[2048, 2048, 2048, 2048, 2048, 2048, 2048, 2048, 2048]","[2048, 2048, 2048, 2048, 2048, 2048, 2048]",278.0
1234,9497,55,16,2024-05-03T17:11:16.403000+00:00,30.574,35.069,30.759,,186.0,False,96.402,"[None, 2048, 2048, 2048, 2048, 2048, 2048, 2048, 2048]","[2048, 2048, 2048, 2048, 2048, 2049, 2048, 2048, 2048]","[2048, 2048, 2048, 2048, 2049, 2048, 2064]",310.0
1234,9497,11,17,2024-05-03T17:11:21.761000+00:00,32.107,35.32,33.144,,182.0,False,100.571,"[None, 2048, 2048, 2048, 2048, 2048, 2048, 2048, 2048]","[2048, 2048, 2048, 2048, 2048, 2048, 2048, 2048, 2048]","[2048, 2048, 2048, 2048, 2048, 2048, 2064]",284.0
1234,9497,63,17,2024-05-03T17:11:30.393000+00:00,30.778,35.266,26.052,213.0,186.0,False,92.096,"[None, 2048, 2048, 2048, 2048, 2048, 2048, 2048, 2048]","[2048, 2048, 2048, 2048, 2048, 2048, 2048, 2048, 2048]","[2048, 2048, 2048, 2048, 2048, 2048, 2048]",311.0
1234,9497,22,17,2024-05-03T17:11:36.196000+00:00,56.852,37.577,37.657,210.0,183.0,True,132.086,"[None, 2064, 2064, 2048, 2048, 2048, 2048, 2048, 2048]","[2048, 2048, 2048, 2048, 2048, 2048, 2048, 2048, 2048]","[2048, 2048, 2048, 2048, 2048, 2048, 2064]",245.0
1234,9497,81,15,2024-05-03T17:12:05.728000+00:00,30.968,34.937,25.847,212.0,187.0,False,91.752,"[2048, 2048, 2048, 2048, 2048, 2048, 2048, 2048, 2048]","[2048, 2048, 2048, 2048, 2048, 2048, 2048, 2048, 2048]","[2048, 2048, 2048, 2048, 2048, 2048, 2048]",314.0
1234,9497,4,12,2024-05-03T17:12:09.131000+00:00,30.549,34.796,25.656,217.0,189.0,False,91.001,"[None, 2048, 2048, 2048, 2048, 2048, 2048, 2048, 2048]","[2048, 2048, 2048, 2048, 2048, 2048, 2048, 2048, 2048]","[2048, 2048, 2048, 2048, 2049, 2048, 2048]",317.0
1234,9497,44,17,2024-05-03T17:12:11.083000+00:00,30.701,35.791,28.719,,184.0,False,95.211,"[None, 2048, 2048, 2048, 2048, 2048, 2048, 2048, 2048]","[2048, 2048, 2048, 2048, 2048, 2048, 2048, 2048, 2048]","[2048, 2048, 2048, 2048, 2048, 2048, 2048]",175.0
1234,9497,27,16,2024-05-03T17:12:45.552000+00:00,31.938,35.594,26.221,,184.0,False,93.753,"[None, 2048, 2048, 2048, 2048, 2048, 2048, 2048, 2048]","[2048, 2048, 2048, 2048, 2048, 2048, 2048, 2048, 2048]","[2048, 2048, 2048, 2048, 2048, 2048, 2048]",309.0
1234,9497,3,19,2024-05-03T17:12:55.201000+00:00,60.223,36.282,33.111,194.0,172.0,True,129.616,"[2064, 2064, 2064, 2048, 2048, 2048, 2048, 2048, 2048]","[2048, 2048, 2048, 2048, 2048, 2048, 2048, 2048, 2048]","[2048, 2048, 2048, 2048, 2048, 2048, 2064]",269.0
1234,9497,63,18,2024-05-03T17:13:02.516000+00:00,33.332,40.116,35.017,159.0,177.0,False,108.465,"[None, 2048, 2048, 2048, 2048, 2048, 2048, 2048, 2048]","[2048, 2048, 2048, 2048, 2048, 2048, 2048, 2048, 2048]","[2048, 2048, 2048, 2048, 2048, 2048, 2064]",199.0
1234,9497,14,11,2024-05-03T17:13:12.570000+00:00,30.77,34.906,25.746,212.0,186.0,False,91.422,"[2048, 2048, 2048, 2048, 2048, 2049, 2049, 2048, 2048]","[2048, 2048, 2048, 2048, 2048, 2048, 2048, 2048, 2048]","[2048, 2049, 2049, 2048, 2048, 2048, 2048]",323.0
1234,9497,23,14,2024-05-03T17:13:20.962000+00:00,,40.99,27.369,164.0,154.0,True,422.631,"[2064, 2064, 2064, 2048, 2048, 2048, 2048, 2048, 2048]","[2048, 2048, 2048, 2048, 2048, 2048, 2048, 2048, 2048]","[2048, 2048, 2048, 2048, 2048, 2049, 2051]",283.0
1234,9497,81,16,2024-05-03T17:13:37.382000+00:00,31.331,35.081,26.007,,186.0,False,92.419,"[None, 2048, 2048, 2048, 2048, 2048, 2048, 2048, 2048]","[2048, 2048, 2048, 2048, 2048, 2048, 2048, 2048, 2048]","[2048, 2048, 2048, 2048, 2048, 2048, 2048]",315.0
1234,9497,4,13,2024-05-03T17:13:40.162000+00:00,30.779,34.907,25.8,215.0,186.0,False,91.486,"[None, 2048, 2048, 2048, 2048, 2048, 2048, 2048, 2048]","[2048, 2048, 2048, 2048, 2048, 2048, 2048, 2048, 2048]","[2048, 2048, 2048, 2048, 2048, 2048]",310.0
1234,9497,44,18,2024-05-03T17:13:46.285000+00:00,30.948,35.46,31.234,212.0,185.0,False,97.642,"[None, 2048, 2048, 2048, 2048, 2048, 2048, 2048, 2048]","[2048, 2048, 2048, 2048, 2048, 2048, 2048, 2048, 2048]","[2048, 2048, 2048, 2048, 2048, 2048, 2064]",301.0
1234,9497,24,14,2024-05-03T17:13:55.275000+00:00,,40.691,28.575,166.0,167.0,True,795.209,"[2064, 2064, 2064, 2048, 2048, 2048, 2048, 2048, 2048]","[2048, 2048, 2048, 2048, 2048, 2048, 2048, 2048, 2048]","[2048, 2048, 2048, 2048, 2048, 2049, 2048]",235.0
1234,9497,27,17,2024-05-03T17:14:19.227000+00:00,31.814,35.65,26.115,208.0,184.0,False,93.579,"[None, 2048, 2048, 2048, 2048, 2048, 2048, 2048, 2048]","[2048, 2048, 2048, 2048, 2048, 2048, 2048, 2048, 2048]","[2048, 2048, 2048, 2048, 2048, 2048, 2048]",311.0
1234,9497,14,12,2024-05-03T17:14:44.172000+00:00,45.259,47.043,39.201,174.0,64.0,False,131.503,"[None, 2048, 2048, 2048, 2048, 2048, 2048, 2048, 2048]","[2048, 2048, 2048, 2048, 2048, 2048, 2048, 2048, 2048]","[2048, 2048, 2048, 2048, 2048, 2048, 2049]",293.0
1234,9497,77,14,2024-05-03T17:15:00.593000+00:00,,44.396,30.626,138.0,156.0,True,419.224,"[2064, 2064, 2064, 2048, 2048, 2048, 2048, 2048, 2048]","[2048, 2048, 2048, 2048, 2048, 2048, 2048, 2048, 2048]","[2048, 2048, 2048, 2048, 2048, 2049, 2049]",294.0
1234,9497,23,15,2024-05-03T17:15:08.699000+00:00,36.553,51.071,28.115,145.0,149.0,False,115.739,"[2048, 2049, 2049, 2049, 2049, 2049, 2048, 2048, 2048]","[2048, 2048, 2048, 2048, 2048, 2048, 2048, 2048, 2048]","[2048, 2048, 2048, 2048, 2048, 2048, 2048]",297.0
1234,9497,81,17,2024-05-03T17:15:09.739000+00:00,31.231,34.787,26.052,211.0,185.0,False,92.07,"[None, 2048, 2048, 2048, 2048, 2048, 2048, 2048, 2048]","[2048, 2048, 2048, 2048, 2048, 2048, 2048, 2049, 2048]","[2048, 2048, 2048, 2048, 2048, 2048, 2048]",315.0
1234,9497,4,14,2024-05-03T17:15:11.897000+00:00,30.891,34.977,25.755,214.0,188.0,False,91.623,"[None, 2048, 2049, 2048, 2048, 2048, 2048, 2048, 2048]","[2048, 2048, 2048, 2048, 2048, 2048, 2048, 2048, 2048]","[2048, 2048, 2048, 2048, 2048, 2048, 2048]",316.0
1234,9497,24,15,2024-05-03T17:15:43.512000+00:00,30.485,34.465,25.323,213.0,190.0,False,90.273,"[2048, 2048, 2049, 2048, 2048, 2049, 2049, 2048, 2048]","[2048, 2048, 2048, 2048, 2048, 2049, 2049, 2049, 2049]","[2048, 2048, 2048, 2049, 2048, 2048, 2048]",337.0
1234,9497,27,18,2024-05-03T17:15:52.921000+00:00,32.728,36.48,32.288,209.0,182.0,False,101.496,"[None, 2048, 2048, 2048, 2048, 2048, 2048, 2048, 2048]","[2048, 2048, 2048, 2048, 2048, 2048, 2048, 2048, 2048]","[2048, 2048, 2048, 2048, 2048, 2048, 2064]",267.0
1234,9497,2,15,2024-05-03T17:16:26.934000+00:00,,39.97,27.01,203.0,165.0,True,712.218,"[2064, 2064, 2064, 2048, 2048, 2048, 2048, 2048, 2048]","[2048, 2048, 2048, 2048, 2048, 2048, 2048, 2048, 2048]","[2048, 2048, 2048, 2048, 2048, 2049, 2049]",304.0
1234,9497,81,18,2024-05-03T17:16:41.801000+00:00,31.093,35.194,26.028,209.0,186.0,False,92.315,"[None, 2048, 2048, 2048, 2048, 2048, 2048, 2048, 2048]","[2048, 2048, 2048, 2048, 2048, 2048, 2048, 2048, 2048]","[2048, 2048, 2048, 2048, 2048, 2048, 2048]",312.0
1234,9497,4,15,2024-05-03T17:16:43.266000+00:00,30.92,35.082,25.972,,186.0,False,91.974,"[None, 2048, 2048, 2048, 2048, 2048, 2048, 2048, 2048]","[2048, 2048, 2048, 2048, 2048, 2048, 2048, 2048, 2048]","[2048, 2048, 2048, 2048, 2048, 2048, 2048]",313.0
1234,9497,14,13,2024-05-03T17:16:55.500000+00:00,30.858,56.285,29.64,217.0,128.0,False,116.783,"[2049, 2049, 2048, 2048, 2049, 2049, 2049, 2048, 2048]","[2049, 2048, 2048, 2048, 2048, 2048, 2048, 2048, 2048]","[2048, 2048, 2048, 2048, 2048, 2048, 2049]",233.0
1234,9497,23,16,2024-05-03T17:17:04.509000+00:00,46.138,41.808,32.041,180.0,148.0,False,119.987,"[2049, 2049, 2048, 2048, 2048, 2048, 2048, 2048, 2048]","[2048, 2048, 2048, 2048, 2048, 2048, 2048, 2048, 2048]","[2048, 2048, 2048, 2048, 2048, 2049, 2051]",92.0
1234,9497,77,15,2024-05-03T17:17:08.730000+00:00,30.29,34.358,25.332,219.0,192.0,False,89.98,"[2049, 2051, 2049, 2048, 2049, 2049, 2049, 2049, 2048]","[2049, 2049, 2049, 2048, 2048, 2049, 2049, 2048, 2051]","[2049, 2049, 2049, 2049, 2049, 2049, 2048]",333.0
1234,9497,10,19,2024-05-03T17:17:10.429000+00:00,,38.328,34.49,202.0,164.0,True,527.6,"[2064, 2064, 2064, 2048, 2048, 2048, 2048, 2048, 2048]","[2048, 2048, 2048, 2048, 2048, 2048, 2048, 2048, 2048]","[2048, 2048, 2048, 2048, 2048, 2049, 2048]",108.0
1234,9497,24,16,2024-05-03T17:17:13.897000+00:00,49.055,53.398,48.666,123.0,94.0,False,151.119,"[None, 2048, 2048, 2048, 2048, 2048, 2048, 2048, 2048]","[2048, 2048, 2048, 2048, 2048, 2048, 2048, 2048, 2048]","[2048, 2048, 2048, 2048, 2048, 2048, 2048]",88.0
1234,9497,1,18,2024-05-03T17:17:49.482000+00:00,,40.76,31.829,205.0,165.0,True,560.397,"[2064, 2064, 2064, 2048, 2048, 2048, 2048, 2048, 2048]","[2048, 2048, 2048, 2048, 2048, 2048, 2048, 2048, 2048]","[2048, 2048, 2048, 2048, 2048, 2048, 2049]",251.0
1234,9497,2,16,2024-05-03T17:18:10.359000+00:00,30.525,34.425,25.201,212.0,189.0,False,90.151,"[2049, 2048, 2049, 2049, 2049, 2049, 2049, 2049, 2048]","[2049, 2051, 2049, 2048, 2048, 2048, 2048, 2048, 2048]","[2049, 2051, 2049, 2051, 2048, 2049, 2048]",341.0
1234,9497,81,19,2024-05-03T17:18:14.114000+00:00,31.215,35.316,36.768,207.0,185.0,False,103.299,"[None, 2048, 2048, 2048, 2048, 2048, 2048, 2048, 2048]","[2048, 2048, 2048, 2048, 2048, 2048, 2048, 2048, 2048]","[2048, 2048, 2048, 2048, 2048, 2048, 2064]",207.0
1234,9497,4,16,2024-05-03T17:18:15.345000+00:00,31.003,35.195,30.62,,186.0,False,96.818,"[None, 2048, 2048, 2048, 2048, 2048, 2048, 2048, 2048]","[2048, 2048, 2048, 2049, 2048, 2048, 2048, 2048, 2048]","[2048, 2048, 2048, 2048, 2048, 2048, 2064]",309.0
1234,9497,77,16,2024-05-03T17:18:38.530000+00:00,41.761,53.471,40.036,159.0,128.0,False,135.268,"[2048, 2048, 2048, 2048, 2048, 2048, 2048, 2048, 2048]","[2048, 2048, 2048, 2048, 2048, 2048, 2048, 2048, 2048]","[2048, 2048, 2048, 2048, 2048, 2048, 2048]",173.0
1234,9497,14,14,2024-05-03T17:18:52.307000+00:00,30.301,34.369,25.353,215.0,188.0,False,90.023,"[None, 2048, 2049, 2049, 2049, 2049, 2049, 2048, 2048]","[2049, 2049, 2049, 2049, 2048, 2049, 2048, 2048, 2048]","[2049, 2049, 2049, 2049, 2048, 2048, 2048]",339.0
1234,9497,10,20,2024-05-03T17:18:59.429000+00:00,29.748,34.133,25.294,218.0,190.0,False,89.175,"[2049, 2049, 2049, 2048, 2049, 2049, 2049, 2049, 2048]","[2048, 2048, 2048, 2048, 2048, 2048, 2051, 2049, 2049]","[2049, 2048, 2048, 2048, 2049, 2049, 2048]",334.0
1234,9497,23,17,2024-05-03T17:19:04.415000+00:00,30.541,33.969,25.03,218.0,189.0,False,89.54,"[2051, 2048, 2048, 2049, 2049, 2049, 2049, 2049, 2048]","[2051, 2051, 2051, 2051, 2049, 2049, 2049, 2049, 2048]","[2049, 2049, 2049, 2049, 2049, 2048]",342.0
1234,9497,55,17,2024-05-03T17:19:13.456000+00:00,,42.685,29.123,195.0,124.0,True,495.487,"[2064, 2064, 2064, 2048, 2048, 2048, 2048, 2048, 2048]","[2048, 2048, 2048, 2048, 2048, 2048, 2048, 2048, 2048]","[2048, 2048, 2048, 2048, 2048, 2049, 2048]",265.0
1234,9497,63,19,2024-05-03T17:19:28.833000+00:00,,43.324,27.127,149.0,152.0,True,393.968,"[2064, 2064, 2064, 2048, 2048, 2048, 2048, 2048, 2048]","[2048, 2048, 2048, 2048, 2048, 2048, 2048, 2048, 2048]","[2048, 2048, 2048, 2048, 2048, 2049, 2049]",311.0
1234,9497,1,19,2024-05-03T17:19:34.395000+00:00,32.414,63.143,33.627,111.0,127.0,False,129.184,"[2049, 2051, 2049, 2049, 2049, 2049, 2049, 2049, 2048]","[2048, 2048, 2048, 2048, 2048, 2048, 2048, 2048, 2048]","[2048, 2048, 2048, 2048, 2048, 2048, 2048]",223.0
1234,9497,2,17,2024-05-03T17:19:40.461000+00:00,45.221,46.146,37.062,145.0,135.0,False,128.429,"[2048, 2048, 2048, 2048, 2048, 2048, 2048, 2048, 2048]","[2048, 2048, 2048, 2048, 2048, 2048, 2048, 2048, 2048]","[2048, 2048, 2048, 2048, 2048, 2048, 2048]",225.0
1234,9497,24,17,2024-05-03T17:19:44.962000+00:00,55.789,53.594,30.214,97.0,147.0,False,139.597,"[None, 2048, 2048, 2048, 2048, 2048, 2048, 2048, 2048]","[2048, 2048, 2048, 2048, 2048, 2048, 2048, 2048, 2048]","[2048, 2048, 2048, 2048, 2048, 2048, 2048]",167.0
1234,9497,22,18,2024-05-03T17:19:49.614000+00:00,,45.195,32.233,132.0,124.0,True,510.995,"[None, 2064, 2064, 2048, 2048, 2048, 2048, 2048, 2048]","[2048, 2048, 2048, 2048, 2048, 2048, 2048, 2048, 2048]","[2048, 2048, 2048, 2048, 2048, 2048, 2049]",234.0
1234,9497,3,20,2024-05-03T17:20:01.947000+00:00,,43.204,30.589,159.0,142.0,True,441.227,"[None, 2064, 2064, 2048, 2048, 2048, 2048, 2048, 2048]","[2048, 2048, 2048, 2048, 2048, 2048, 2048, 2048, 2048]","[2048, 2048, 2048, 2048, 2048, 2048, 2048]",152.0
1234,9497,44,19,2024-05-03T17:20:11.969000+00:00,,48.113,31.477,139.0,131.0,True,410.885,"[2064, 2064, 2064, 2048, 2048, 2048, 2048, 2048, 2048]","[2048, 2048, 2048, 2048, 2048, 2048, 2048, 2048, 2048]","[2048, 2048, 2048, 2048, 2048, 2048, 2049]",166.0
1234,9497,20,20,2024-05-03T17:20:20.455000+00:00,,51.188,32.046,158.0,120.0,True,610.637,"[2064, 2064, 2064, 2048, 2048, 2048, 2048, 2048, 2048]","[2048, 2048, 2048, 2048, 2048, 2048, 2048, 2048, 2048]","[2048, 2048, 2048, 2048, 2048, 2049, 2049]",102.0
1234,9497,14,15,2024-05-03T17:20:22.290000+00:00,42.54,49.07,46.189,173.0,107.0,False,137.799,"[2048, 2048, 2048, 2048, 2048, 2048, 2048, 2048, 2048]","[2048, 2048, 2048, 2048, 2048, 2048, 2048, 2048, 2048]","[2048, 2048, 2048, 2048, 2048, 2048, 2048]",284.0
1234,9497,10,21,2024-05-03T17:20:28.680000+00:00,45.24,44.186,33.4,164.0,147.0,False,122.826,"[2048, 2048, 2048, 2048, 2048, 2048, 2048, 2048, 2048]","[2048, 2048, 2048, 2048, 2048, 2048, 2048, 2048, 2048]","[2048, 2048, 2048, 2048, 2048, 2048, 2048]",236.0
1234,9497,18,18,2024-05-03T17:20:29.462000+00:00,,43.393,36.403,188.0,104.0,True,592.858,"[2064, 2064, 2064, 2048, 2048, 2048, 2048, 2048, 2048]","[2048, 2048, 2048, 2048, 2048, 2048, 2048, 2048, 2048]","[2048, 2048, 2048, 2048, 2048, 2048, 2049]",205.0
1234,9497,23,18,2024-05-03T17:20:33.820000+00:00,48.809,55.176,34.198,134.0,118.0,False,138.183,"[2048, 2048, 2048, 2048, 2048, 2048, 2048, 2048, 2048]","[2048, 2048, 2048, 2048, 2048, 2048, 2048, 2048, 2048]","[2048, 2048, 2048, 2048, 2048, 2048, 2048]",248.0
1234,9497,31,17,2024-05-03T17:20:52.239000+00:00,,42.725,33.897,189.0,143.0,True,728.974,"[2064, 2064, 2064, 2048, 2048, 2048, 2048, 2048, 2048]","[2048, 2048, 2048, 2048, 2048, 2048, 2048, 2048, 2048]","[2048, 2048, 2048, 2048, 2048, 2048, 2049]",109.0
1234,9497,77,17,2024-05-03T17:20:53.844000+00:00,52.206,49.868,31.856,150.0,154.0,False,133.93,"[None, 2048, 2048, 2048, 2048, 2048, 2048, 2048, 2048]","[2048, 2048, 2048, 2048, 2048, 2048, 2048, 2048, 2048]","[2048, 2048, 2048, 2048, 2048, 2048, 2048]",243.0
1234,9497,55,18,2024-05-03T17:21:08.248000+00:00,29.754,33.981,25.244,222.0,191.0,False,88.979,"[2048, 2049, 2049, 2048, 2048, 2048, 2048, 2048, 2049]","[2049, 2049, 2048, 2048, 2048, 2048, 2049, 2049, 2048]","[2048, 2048, 2048, 2048, 2049, 2048]",336.0
1234,9497,63,20,2024-05-03T17:21:24.953000+00:00,29.615,33.965,25.33,222.0,192.0,False,88.91,"[2048, 2048, 2048, 2049, 2049, 2049, 2048, 2049, 2051]","[2049, 2048, 2048, 2048, 2049, 2049, 2049, 2048, 2051]","[2049, 2048, 2048, 2049, 2048, 2048, 2049]",335.0
1234,9497,27,19,2024-05-03T17:21:27.210000+00:00,,41.142,31.456,195.0,125.0,True,340.766,"[2064, 2064, 2064, 2048, 2048, 2048, 2048, 2048, 2048]","[2048, 2048, 2048, 2048, 2048, 2048, 2048, 2048, 2048]","[2048, 2048, 2048, 2048, 2048, 2049, 2049]",234.0
1234,9497,1,20,2024-05-03T17:21:43.421000+00:00,34.219,70.322,56.384,90.0,101.0,False,160.925,"[2048, 2048, 2048, 2048, 2048, 2049, 2048, 2048, 2048]","[2048, 2048, 2048, 2048, 2048, 2048, 2048, 2048, 2048]","[2048, 2048, 2048, 2048, 2048, 2048, 2064]",108.0
1234,9497,2,18,2024-05-03T17:21:48.959000+00:00,49.205,46.695,30.195,155.0,82.0,False,126.095,"[None, 2048, 2048, 2048, 2048, 2048, 2048, 2048, 2048]","[2048, 2048, 2048, 2048, 2048, 2048, 2048, 2048, 2048]","[2048, 2048, 2048, 2048, 2048, 2048, 2048]",204.0
1234,9497,22,19,2024-05-03T17:21:54.374000+00:00,29.861,34.021,25.29,220.0,191.0,False,89.172,"[2049, 2048, 2049, 2049, 2049, 2049, 2049, 2049, 2049]","[2049, 2048, 2048, 2048, 2048, 2049, 2049, 2049, 2051]","[2049, 2049, 2049, 2049, 2049, 2049, 2049]",334.0
1234,9497,3,21,2024-05-03T17:22:00.436000+00:00,29.948,34.216,25.369,220.0,190.0,False,89.533,"[2049, 2048, 2049, 2048, 2049, 2049, 2049, 2049, 2049]","[2049, 2048, 2049, 2049, 2049, 2048, 2049, 2048, 2049]","[2049, 2048, 2048, 2049, 2048, 2049]",334.0
1234,9497,24,18,2024-05-03T17:22:04.688000+00:00,30.164,34.373,25.375,219.0,190.0,False,89.912,"[None, 2049, 2048, 2049, 2049, 2048, 2048, 2049, 2048]","[2049, 2048, 2049, 2049, 2048, 2049, 2048, 2048, 2048]","[2048, 2048, 2048, 2048, 2048, 2048]",338.0
1234,9497,44,20,2024-05-03T17:22:14.831000+00:00,29.575,34.21,25.227,218.0,190.0,False,89.012,"[2049, 2049, 2049, 2049, 2049, 2051, 2049, 2048, 2048]","[2048, 2048, 2049, 2049, 2048, 2048, 2048, 2048, 2049]","[2049, 2048, 2048, 2048, 2051, 2048, 2048]",334.0
1234,9497,20,21,2024-05-03T17:22:20.768000+00:00,29.993,34.116,25.134,219.0,190.0,False,89.243,"[2049, 2048, 2049, 2049, 2049, 2049, 2049, 2049, 2048]","[2049, 2049, 2049, 2049, 2049, 2049, 2048, 2048, 2049]","[2049, 2049, 2049, 2049, 2049, 2048, 2048]",338.0
1234,9497,18,19,2024-05-03T17:22:28.035000+00:00,30.005,34.302,25.113,218.0,191.0,False,89.42,"[2049, 2049, 2051, 2049, 2049, 2049, 2048, 2048, 2049]","[2049, 2049, 2049, 2049, 2049, 2048, 2049, 2048, 2049]","[2051, 2049, 2049, 2048, 2048, 2049, 2048]",343.0
1234,9497,10,22,2024-05-03T17:22:31.459000+00:00,46.972,47.309,28.793,130.0,136.0,False,123.074,"[None, 2048, 2048, 2048, 2048, 2048, 2048, 2048, 2048]","[2048, 2048, 2048, 2048, 2048, 2048, 2048, 2048, 2048]","[2048, 2048, 2048, 2048, 2048, 2048, 2048]",266.0
1234,9497,55,19,2024-05-03T17:22:37.216000+00:00,48.873,51.934,42.991,146.0,133.0,False,143.798,"[None, 2048, 2048, 2048, 2048, 2048, 2048, 2048, 2048]","[2048, 2048, 2048, 2048, 2048, 2048, 2048, 2048, 2048]","[2048, 2048, 2048, 2048, 2048, 2048, 2064]",195.0
1234,9497,14,16,2024-05-03T17:22:40.164000+00:00,31.546,35.806,26.035,212.0,187.0,False,93.387,"[2049, 2048, 2048, 2048, 2048, 2048, 2048, 2048, 2048]","[2048, 2048, 2048, 2048, 2048, 2048, 2048, 2048, 2048]","[2048, 2048, 2048, 2048, 2048, 2048, 2048]",321.0
1234,9497,11,18,2024-05-03T17:22:45.728000+00:00,,47.376,29.328,197.0,76.0,True,698.869,"[2064, 2064, 2064, 2048, 2048, 2048, 2048, 2048, 2048]","[2048, 2048, 2048, 2048, 2048, 2048, 2048, 2048, 2048]","[2048, 2048, 2048, 2048, 2048, 2049, 2049]",273.0
1234,9497,31,18,2024-05-03T17:22:48.106000+00:00,29.927,34.202,25.222,216.0,190.0,False,89.351,"[2049, 2049, 2049, 2048, 2049, 2049, 2049, 2048, 2049]","[2049, 2048, 2048, 2048, 2049, 2049, 2049, 2049, 2049]","[2049, 2049, 2049, 2049, 2049, 2049]",337.0
1234,9497,23,19,2024-05-03T17:22:52.113000+00:00,48.429,49.143,29.299,143.0,173.0,False,126.871,"[None, 2048, 2048, 2048, 2048, 2048, 2048, 2048, 2048]","[2048, 2048, 2048, 2048, 2048, 2048, 2048, 2048, 2048]","[2048, 2048, 2048, 2048, 2048, 2048, 2048]",214.0
1234,9497,63,21,2024-05-03T17:22:53.852000+00:00,48.014,46.113,39.246,140.0,137.0,False,133.373,"[None, 2048, 2048, 2048, 2048, 2048, 2048, 2048, 2048]","[2048, 2048, 2048, 2048, 2048, 2048, 2048, 2048, 2048]","[2048, 2048, 2048, 2048, 2048, 2048, 2064]",260.0
1234,9497,77,18,2024-05-03T17:23:07.773000+00:00,30.104,34.209,25.323,218.0,192.0,False,89.636,"[None, 2048, 2049, 2049, 2049, 2049, 2049, 2048, 2049]","[2048, 2049, 2049, 2049, 2048, 2048, 2048, 2049, 2048]","[2049, 2049, 2049, 2049, 2048, 2049]",336.0
1234,9497,27,20,2024-05-03T17:23:15.191000+00:00,30.222,34.093,24.999,216.0,191.0,False,89.314,"[2049, 2048, 2049, 2049, 2049, 2049, 2049, 2048, 2049]","[2049, 2049, 2049, 2049, 2049, 2048, 2049, 2048, 2049]","[2049, 2049, 2049, 2049, 2049, 2049, 2049]",340.0
1234,9497,22,20,2024-05-03T17:23:23.255000+00:00,50.367,57.324,46.861,132.0,107.0,False,154.552,"[2048, 2048, 2048, 2048, 2048, 2048, 2048, 2048, 2048]","[2048, 2048, 2048, 2048, 2048, 2048, 2048, 2048, 2048]","[2048, 2048, 2048, 2048, 2048, 2048, 2048]",142.0
1234,9497,3,22,2024-05-03T17:23:29.914000+00:00,43.819,44.235,31.393,148.0,129.0,False,119.447,"[2048, 2048, 2048, 2048, 2048, 2048, 2048, 2048, 2048]","[2048, 2048, 2048, 2048, 2048, 2048, 2048, 2048, 2048]","[2048, 2048, 2048, 2048, 2048, 2048, 2048]",284.0
1234,9497,24,19,2024-05-03T17:23:34.341000+00:00,45.076,53.335,35.07,120.0,141.0,False,133.481,"[None, 2048, 2048, 2048, 2048, 2048, 2048, 2048, 2048]","[2048, 2048, 2048, 2048, 2048, 2048, 2048, 2048, 2048]","[2048, 2048, 2048, 2048, 2048, 2048, 2048]",166.0
1234,9497,44,21,2024-05-03T17:23:43.672000+00:00,45.886,45.786,39.182,164.0,138.0,False,130.854,"[2048, 2048, 2048, 2048, 2048, 2048, 2048, 2048, 2048]","[2048, 2048, 2048, 2048, 2048, 2048, 2048, 2048, 2048]","[2048, 2048, 2048, 2048, 2048, 2048, 2064]",165.0
1234,9497,20,22,2024-05-03T17:23:49.938000+00:00,47.672,53.438,50.441,131.0,116.0,False,151.551,"[2048, 2048, 2048, 2048, 2048, 2048, 2048, 2048, 2048]","[2048, 2048, 2048, 2048, 2048, 2048, 2048, 2048, 2048]","[2048, 2048, 2048, 2048, 2048, 2048, 2048]",125.0
1234,9497,2,19,2024-05-03T17:23:55.047000+00:00,30.567,34.179,25.145,218.0,190.0,False,89.891,"[2051, 2048, 2048, 2049, 2048, 2048, 2048, 2048, 2049]","[2051, 2051, 2051, 2051, 2048, 2048, 2048, 2049, 2049]","[2051, 2051, 2048, 2048, 2048, 2048]",341.0
1234,9497,18,20,2024-05-03T17:23:57.342000+00:00,48.397,49.285,48.19,129.0,114.0,False,145.872,"[2048, 2048, 2048, 2048, 2048, 2048, 2048, 2048, 2048]","[2048, 2048, 2048, 2048, 2048, 2048, 2048, 2048, 2048]","[2048, 2048, 2048, 2048, 2048, 2048, 2048]",124.0
1234,9497,14,17,2024-05-03T17:24:13.476000+00:00,31.099,35.475,25.995,,187.0,False,92.569,"[2048, 2048, 2048, 2048, 2048, 2048, 2048, 2048, 2048]","[2048, 2048, 2048, 2048, 2048, 2048, 2048, 2048, 2048]","[2048, 2048, 2048, 2048, 2048, 2048, 2048]",317.0
1234,9497,31,19,2024-05-03T17:24:17.281000+00:00,49.31,50.764,38.512,162.0,134.0,False,138.586,"[2048, 2048, 2048, 2048, 2048, 2048, 2048, 2048, 2048]","[2048, 2048, 2048, 2048, 2048, 2048, 2048, 2048, 2048]","[2048, 2048, 2048, 2048, 2048, 2048, 2048]",184.0
1234,9497,10,23,2024-05-03T17:24:34.425000+00:00,29.85,34.161,25.297,216.0,190.0,False,89.308,"[2049, 2048, 2048, 2049, 2049, 2048, 2049, 2048, 2048]","[2048, 2048, 2048, 2048, 2049, 2048, 2048, 2048, 2049]","[2049, 2048, 2048, 2049, 2048, 2048, 2048]",334.0
1234,9497,1,21,2024-05-03T17:24:35.937000+00:00,63.029,61.507,32.408,117.0,123.0,True,156.944,"[2064, 2064, 2064, 2048, 2048, 2048, 2048, 2048, 2048]","[2048, 2048, 2048, 2048, 2048, 2048, 2048, 2048, 2048]","[2048, 2048, 2048, 2048, 2048, 2048, 2048]",276.0
1234,9497,77,19,2024-05-03T17:24:37.329000+00:00,51.965,63.175,35.13,59.0,119.0,False,150.27,"[None, 2048, 2048, 2048, 2048, 2048, 2048, 2048, 2048]","[2048, 2048, 2048, 2048, 2048, 2048, 2048, 2048, 2048]","[2048, 2048, 2048, 2048, 2048, 2048, 2048]",232.0
1234,9497,11,19,2024-05-03T17:24:41.199000+00:00,29.929,33.9,25.039,219.0,190.0,False,88.868,"[2049, 2048, 2049, 2048, 2048, 2049, 2049, 2048, 2049]","[2049, 2049, 2049, 2049, 2049, 2049, 2049, 2049, 2049]","[2049, 2049, 2049, 2049, 2051, 2048, 2048]",340.0
1234,9497,27,21,2024-05-03T17:24:44.344000+00:00,47.414,45.78,36.014,154.0,146.0,False,129.208,"[2048, 2048, 2048, 2048, 2048, 2048, 2048, 2048, 2048]","[2048, 2048, 2048, 2048, 2048, 2048, 2048, 2048, 2048]","[2048, 2048, 2048, 2048, 2048, 2048, 2048]",168.0
1234,9497,23,20,2024-05-03T17:24:59.038000+00:00,30.258,34.143,24.992,220.0,191.0,False,89.393,"[None, 2048, 2048, 2049, 2049, 2049, 2048, 2049, 2048]","[2051, 2048, 2048, 2048, 2048, 2048, 2048, 2048, 2049]","[2051, 2051, 2051, 2048, 2048, 2048, 2048]",342.0
1234,9497,2,20,2024-05-03T17:25:25.171000+00:00,41.832,39.988,35.001,185.0,149.0,False,116.821,"[2048, 2048, 2048, 2048, 2048, 2048, 2048, 2048, 2048]","[2048, 2048, 2048, 2048, 2048, 2048, 2048, 2048, 2048]","[2048, 2048, 2048, 2048, 2048, 2048, 2064]",264.0
1234,9497,63,22,2024-05-03T17:25:27.889000+00:00,69.99,42.785,27.524,145.0,147.0,True,140.299,"[2064, 2064, 2064, 2048, 2048, 2048, 2048, 2048, 2048]","[2048, 2048, 2048, 2048, 2048, 2048, 2048, 2048, 2048]","[2048, 2048, 2048, 2048, 2048, 2048, 2048]",288.0
1234,9497,3,23,2024-05-03T17:25:29.499000+00:00,42.753,49.675,31.835,139.0,140.0,False,124.263,"[None, 2048, 2048, 2048, 2048, 2048, 2048, 2048, 2048]","[2048, 2048, 2048, 2048, 2048, 2048, 2048, 2048, 2048]","[2048, 2048, 2048, 2048, 2048, 2048, 2048]",132.0
1234,9497,55,20,2024-05-03T17:25:32.495000+00:00,81.648,47.595,32.595,148.0,90.0,True,161.838,"[2064, 2064, 2064, 2048, 2048, 2048, 2048, 2048, 2048]","[2048, 2048, 2048, 2048, 2048, 2048, 2048, 2048, 2048]","[2048, 2048, 2048, 2048, 2048, 2048, 2048]",135.0
1234,9497,14,18,2024-05-03T17:25:46.061000+00:00,30.945,35.365,26.276,213.0,187.0,False,92.586,"[None, 2048, 2048, 2048, 2048, 2048, 2048, 2048, 2048]","[2048, 2048, 2048, 2048, 2048, 2049, 2048, 2048, 2048]","[2048, 2048, 2048, 2048, 2048, 2049, 2048]",322.0
1234,9497,24,20,2024-05-03T17:25:47.912000+00:00,41.274,53.624,33.699,146.0,112.0,False,128.597,"[None, 2048, 2048, 2048, 2048, 2048, 2048, 2048, 2048]","[2048, 2048, 2048, 2048, 2048, 2048, 2048, 2048, 2048]","[2048, 2048, 2048, 2048, 2048, 2048, 2048]",116.0
1234,9497,22,21,2024-05-03T17:25:57.821000+00:00,52.697,50.794,34.141,129.0,128.0,False,137.632,"[None, 2048, 2048, 2048, 2048, 2048, 2048, 2048, 2048]","[2048, 2048, 2048, 2048, 2048, 2048, 2048, 2048, 2048]","[2048, 2048, 2048, 2048, 2048, 2048, 2048]",150.0
1234,9497,81,20,2024-05-03T17:25:58.460000+00:00,,43.778,31.484,151.0,110.0,True,474.638,"[2064, 2064, 2064, 2048, 2048, 2048, 2048, 2048, 2048]","[2048, 2048, 2048, 2048, 2048, 2048, 2048, 2048, 2048]","[2048, 2048, 2048, 2048, 2048, 2049, 2049]",154.0
1234,9497,4,17,2024-05-03T17:26:00.757000+00:00,,41.291,39.579,162.0,153.0,True,491.556,"[2064, 2064, 2064, 2048, 2048, 2048, 2048, 2048, 2048]","[2048, 2048, 2048, 2048, 2048, 2048, 2048, 2048, 2048]","[2048, 2048, 2048, 2048, 2048, 2049, 2049]",67.0
1234,9497,10,24,2024-05-03T17:26:03.721000+00:00,48.385,46.876,33.732,152.0,136.0,False,128.993,"[2048, 2048, 2048, 2048, 2048, 2048, 2048, 2048, 2048]","[2048, 2048, 2048, 2048, 2048, 2048, 2048, 2048, 2048]","[2048, 2048, 2048, 2048, 2048, 2048, 2048]",245.0
1234,9497,11,20,2024-05-03T17:26:10.028000+00:00,43.939,53.835,40.638,133.0,126.0,False,138.412,"[2048, 2048, 2048, 2048, 2048, 2048, 2048, 2048, 2048]","[2048, 2048, 2048, 2048, 2048, 2048, 2048, 2048, 2048]","[2048, 2048, 2048, 2048, 2048, 2048, 2064]",193.0
1234,9497,20,23,2024-05-03T17:26:21.534000+00:00,52.335,62.269,39.251,130.0,111.0,False,153.855,"[None, 2048, 2048, 2048, 2048, 2048, 2048, 2048, 2048]","[2048, 2048, 2048, 2048, 2048, 2048, 2048, 2048, 2048]","[2048, 2048, 2048, 2048, 2048, 2048, 2048]",81.0
1234,9497,18,21,2024-05-03T17:26:23.245000+00:00,51.702,45.893,27.226,158.0,155.0,False,124.821,"[None, 2048, 2048, 2048, 2048, 2048, 2048, 2048, 2048]","[2048, 2048, 2048, 2048, 2048, 2048, 2048, 2048, 2048]","[2048, 2048, 2048, 2048, 2048, 2048, 2048]",295.0
1234,9497,23,21,2024-05-03T17:26:28.361000+00:00,34.44,40.34,37.2,203.0,163.0,False,111.98,"[None, 2048, 2048, 2048, 2048, 2048, 2048, 2048, 2048]","[2048, 2048, 2048, 2048, 2048, 2048, 2048, 2048, 2048]","[2048, 2048, 2048, 2048, 2048, 2048, 2064]",190.0
1234,9497,31,20,2024-05-03T17:26:35.980000+00:00,46.211,57.215,27.975,165.0,119.0,False,131.401,"[None, 2048, 2048, 2048, 2048, 2048, 2048, 2048, 2048]","[2048, 2048, 2048, 2048, 2048, 2048, 2048, 2048, 2048]","[2048, 2048, 2048, 2048, 2048, 2048, 2048]",304.0
1234,9497,27,22,2024-05-03T17:26:53.667000+00:00,46.349,48.655,37.998,164.0,128.0,False,133.002,"[None, 2048, 2048, 2048, 2048, 2048, 2048, 2048, 2048]","[2048, 2048, 2048, 2048, 2048, 2048, 2048, 2048, 2048]","[2048, 2048, 2048, 2048, 2048, 2048, 2048]",100.0
1234,9497,1,22,2024-05-03T17:27:01.334000+00:00,29.606,33.604,25.385,219.0,191.0,False,88.595,"[2048, 2048, 2048, 2049, 2049, 2048, 2049, 2048, 2049]","[2049, 2049, 2049, 2049, 2049, 2049, 2049, 2051, 2051]","[2049, 2049, 2049, 2049, 2048, 2048, 2049]",339.0
1234,9497,77,20,2024-05-03T17:27:07.696000+00:00,29.87,34.24,25.774,218.0,191.0,False,89.884,"[None, 2049, 2049, 2048, 2049, 2048, 2049, 2048, 2049]","[2048, 2049, 2049, 2049, 2048, 2049, 2048, 2048, 2048]","[2048, 2048, 2049, 2051, 2048, 2049, 2048]",337.0
1234,9497,14,19,2024-05-03T17:27:18.707000+00:00,30.929,35.381,25.968,211.0,187.0,False,92.278,"[None, 2048, 2048, 2048, 2048, 2048, 2048, 2048, 2048]","[2048, 2048, 2048, 2048, 2048, 2049, 2048, 2048, 2048]","[2048, 2048, 2048, 2048, 2048, 2048, 2048]",304.0
1234,9497,63,23,2024-05-03T17:27:27.465000+00:00,29.473,34.034,25.277,221.0,191.0,False,88.784,"[2048, 2049, 2048, 2048, 2049, 2049, 2048, 2049, 2051]","[2048, 2049, 2048, 2048, 2048, 2049, 2048, 2048, 2048]","[2049, 2049, 2048, 2049, 2048, 2049, 2049]",336.0
1234,9497,3,24,2024-05-03T17:27:33.684000+00:00,29.907,34.008,25.263,219.0,191.0,False,89.178,"[None, 2048, 2048, 2048, 2049, 2049, 2048, 2049, 2049]","[2049, 2048, 2049, 2049, 2048, 2049, 2051, 2048, 2049]","[2049, 2048, 2049, 2048, 2049, 2048]",337.0
1234,9497,55,21,2024-05-03T17:27:42.859000+00:00,29.612,33.904,25.195,220.0,192.0,False,88.711,"[2048, 2048, 2048, 2048, 2049, 2048, 2048, 2049, 2048]","[2048, 2048, 2048, 2048, 2048, 2049, 2048, 2049, 2048]","[2049, 2048, 2048, 2048, 2048, 2048, 2049]",336.0
1234,9497,81,21,2024-05-03T17:27:52.091000+00:00,29.746,33.858,25.096,213.0,190.0,False,88.7,"[2049, 2049, 2048, 2048, 2049, 2049, 2049, 2048, 2049]","[2049, 2049, 2049, 2049, 2048, 2051, 2049, 2049, 2048]","[2049, 2049, 2049, 2049, 2048, 2049, 2048]",336.0
1234,9497,24,21,2024-05-03T17:27:56.617000+00:00,30.045,34.181,25.219,219.0,190.0,False,89.445,"[None, 2048, 2048, 2049, 2049, 2049, 2048, 2048, 2049]","[2049, 2049, 2049, 2049, 2048, 2049, 2049, 2048, 2048]","[2048, 2048, 2048, 2049, 2048, 2048, 2048]",338.0
1234,9497,2,21,2024-05-03T17:28:00.318000+00:00,82.944,51.857,33.791,134.0,138.0,True,168.592,"[2064, 2064, 2064, 2048, 2048, 2048, 2048, 2048, 2048]","[2048, 2048, 2048, 2048, 2048, 2048, 2048, 2048, 2048]","[2048, 2048, 2048, 2048, 2048, 2048, 2048]",200.0
1234,9497,4,18,2024-05-03T17:28:03.690000+00:00,29.729,33.706,32.963,220.0,191.0,False,96.398,"[2048, 2048, 2051, 2048, 2048, 2049, 2049, 2048, 2049]","[2049, 2049, 2049, 2048, 2048, 2048, 2049, 2048, 2049]","[2049, 2048, 2048, 2048, 2048, 2048, 2064]",337.0
1234,9497,10,25,2024-05-03T17:28:12.815000+00:00,42.485,41.499,26.652,153.0,174.0,False,110.636,"[None, 2048, 2048, 2048, 2048, 2048, 2048, 2048, 2048]","[2048, 2048, 2048, 2048, 2048, 2048, 2048, 2049, 2048]","[2048, 2048, 2048, 2048, 2048, 2049, 2048]",312.0
1234,9497,22,22,2024-05-03T17:28:15.417000+00:00,30.01,33.803,25.243,221.0,191.0,False,89.056,"[None, 2048, 2048, 2049, 2049, 2048, 2048, 2049, 2049]","[2048, 2049, 2049, 2048, 2048, 2049, 2048, 2049, 2049]","[2049, 2049, 2049, 2049, 2048, 2048, 2049]",334.0
1234,9497,18,22,2024-05-03T17:28:28.159000+00:00,29.814,33.916,25.087,220.0,192.0,False,88.817,"[None, 2048, 2048, 2049, 2049, 2048, 2049, 2051, 2049]","[2051, 2049, 2049, 2048, 2048, 2049, 2049, 2049, 2049]","[2049, 2048, 2048, 2048, 2049, 2049, 2049]",339.0
1234,9497,1,23,2024-05-03T17:28:29.985000+00:00,44.469,49.012,30.681,149.0,166.0,False,124.162,"[None, 2048, 2048, 2048, 2048, 2048, 2048, 2048, 2048]","[2048, 2048, 2048, 2048, 2048, 2048, 2048, 2048, 2048]","[2048, 2048, 2048, 2048, 2048, 2048, 2048]",223.0
1234,9497,77,21,2024-05-03T17:28:37.639000+00:00,37.791,54.647,35.017,152.0,120.0,False,127.455,"[None, 2048, 2048, 2048, 2048, 2048, 2048, 2048, 2048]","[2048, 2048, 2048, 2048, 2048, 2048, 2048, 2048, 2048]","[2048, 2048, 2048, 2048, 2048, 2048, 2048]",266.0
1234,9497,23,22,2024-05-03T17:28:43.038000+00:00,64.038,41.692,32.989,182.0,144.0,True,138.719,"[2064, 2064, 2064, 2048, 2048, 2048, 2048, 2048, 2048]","[2048, 2048, 2048, 2048, 2048, 2048, 2048, 2048, 2048]","[2048, 2048, 2048, 2048, 2048, 2048, 2048]",249.0
1234,9497,31,21,2024-05-03T17:28:47.332000+00:00,29.791,34.127,25.245,219.0,191.0,False,89.163,"[None, 2048, 2049, 2048, 2049, 2048, 2049, 2049, 2049]","[2049, 2049, 2048, 2048, 2048, 2049, 2048, 2048, 2049]","[2049, 2048, 2048, 2048, 2049, 2049, 2048]",335.0
1234,9497,14,20,2024-05-03T17:28:51.033000+00:00,31.582,35.68,26.078,212.0,186.0,False,93.34,"[None, 2048, 2048, 2048, 2048, 2048, 2048, 2048, 2048]","[2048, 2048, 2048, 2048, 2048, 2048, 2048, 2048, 2048]","[2048, 2048, 2048, 2048, 2048, 2048]",289.0
1234,9497,11,21,2024-05-03T17:28:52.127000+00:00,71.295,41.973,30.205,150.0,158.0,True,143.473,"[2064, 2064, 2064, 2048, 2048, 2048, 2048, 2048, 2048]","[2048, 2048, 2048, 2048, 2048, 2048, 2048, 2048, 2048]","[2048, 2048, 2048, 2048, 2048, 2048, 2048]",229.0
1234,9497,20,24,2024-05-03T17:28:55.439000+00:00,30.01,34.033,25.146,218.0,190.0,False,89.189,"[None, 2048, 2048, 2048, 2048, 2048, 2049, 2049, 2048]","[2049, 2049, 2049, 2049, 2048, 2049, 2049, 2048, 2048]","[2049, 2049, 2049, 2048, 2048, 2048]",340.0
1234,9497,63,24,2024-05-03T17:28:56.135000+00:00,44.656,44.193,34.855,165.0,146.0,False,123.704,"[None, 2048, 2048, 2048, 2048, 2048, 2048, 2048, 2048]","[2048, 2048, 2048, 2048, 2048, 2048, 2048, 2048, 2048]","[2048, 2048, 2048, 2048, 2048, 2048, 2048]",219.0
1234,9497,3,25,2024-05-03T17:29:02.744000+00:00,39.994,40.824,31.591,175.0,152.0,False,112.409,"[None, 2048, 2048, 2048, 2048, 2048, 2048, 2048, 2048]","[2048, 2048, 2048, 2048, 2048, 2048, 2048, 2048, 2048]","[2048, 2048, 2048, 2048, 2048, 2048, 2048]",217.0
1234,9497,44,22,2024-05-03T17:29:03+00:00,,40.75,29.857,194.0,143.0,True,297.504,"[2064, 2064, 2064, 2048, 2048, 2048, 2048, 2048, 2048]","[2048, 2048, 2048, 2048, 2048, 2048, 2048, 2048, 2048]","[2048, 2048, 2048, 2048, 2048, 2048, 2048]",262.0
1234,9497,27,23,2024-05-03T17:29:06.692000+00:00,30.602,33.802,24.939,221.0,191.0,False,89.343,"[2049, 2051, 2048, 2048, 2049, 2048, 2048, 2049, 2049]","[2049, 2048, 2048, 2049, 2048, 2049, 2048, 2048, 2049]","[2048, 2048, 2049, 2049, 2051, 2048, 2048]",339.0
1234,9497,55,22,2024-05-03T17:29:11.554000+00:00,45.861,43.595,36.101,180.0,136.0,False,125.557,"[None, 2048, 2048, 2048, 2048, 2048, 2048, 2048, 2048]","[2048, 2048, 2048, 2048, 2048, 2048, 2048, 2048, 2048]","[2048, 2048, 2048, 2048, 2048, 2048, 2048]",202.0
1234,9497,81,22,2024-05-03T17:29:20.714000+00:00,39.111,43.766,36.065,156.0,118.0,False,118.942,"[2048, 2048, 2048, 2048, 2048, 2048, 2048, 2048, 2048]","[2048, 2048, 2048, 2048, 2048, 2048, 2048, 2048, 2048]","[2048, 2048, 2048, 2048, 2048, 2048, 2048]",190.0
1234,9497,24,22,2024-05-03T17:29:25.930000+00:00,37.678,44.55,35.748,172.0,161.0,False,117.976,"[None, 2048, 2048, 2048, 2048, 2048, 2048, 2048, 2048]","[2048, 2048, 2048, 2048, 2048, 2048, 2048, 2048, 2048]","[2048, 2048, 2048, 2048, 2048, 2048, 2048]",132.0
1234,9497,22,23,2024-05-03T17:29:44.485000+00:00,41.832,44.047,30.818,162.0,146.0,False,116.697,"[None, 2048, 2048, 2048, 2048, 2048, 2048, 2048, 2048]","[2048, 2048, 2048, 2048, 2048, 2048, 2048, 2048, 2048]","[2048, 2048, 2048, 2048, 2048, 2048, 2048]",180.0
1234,9497,18,23,2024-05-03T17:29:56.948000+00:00,39.897,38.736,29.543,191.0,167.0,False,108.176,"[None, 2048, 2048, 2048, 2048, 2048, 2048, 2048, 2048]","[2048, 2048, 2048, 2048, 2048, 2048, 2048, 2048, 2048]","[2048, 2048, 2048, 2048, 2048, 2048, 2048]",215.0
1234,9497,4,19,2024-05-03T17:29:57.736000+00:00,49.814,41.041,27.879,199.0,172.0,True,118.734,"[2064, 2064, 2064, 2048, 2048, 2048, 2048, 2048, 2048]","[2048, 2048, 2048, 2048, 2048, 2048, 2048, 2048, 2048]","[2048, 2048, 2048, 2048, 2048, 2048, 2048]",268.0
1234,9497,10,26,2024-05-03T17:30:03.497000+00:00,34.179,42.058,40.549,193.0,143.0,False,116.786,"[None, 2048, 2048, 2048, 2048, 2048, 2048, 2048, 2048]","[2048, 2048, 2048, 2048, 2048, 2048, 2048, 2048, 2048]","[2048, 2048, 2048, 2048, 2048, 2048, 2048]",201.0
1234,9497,2,22,2024-05-03T17:30:10.527000+00:00,42.939,44.003,39.855,170.0,137.0,False,126.797,"[2048, 2048, 2048, 2048, 2048, 2048, 2048, 2048, 2048]","[2048, 2048, 2048, 2048, 2048, 2048, 2048, 2048, 2048]","[2048, 2048, 2048, 2048, 2048, 2048, 2048]",245.0
1234,9497,31,22,2024-05-03T17:30:16.371000+00:00,41.244,48.043,44.793,165.0,136.0,False,134.08,"[None, 2048, 2048, 2048, 2048, 2048, 2048, 2048, 2048]","[2048, 2048, 2048, 2048, 2048, 2048, 2048, 2048, 2048]","[2048, 2048, 2048, 2048, 2048, 2048]",207.0
1234,9497,14,21,2024-05-03T17:30:24.976000+00:00,37.85,39.523,39.316,199.0,164.0,False,116.689,"[None, 2048, 2048, 2048, 2048, 2048, 2048, 2048, 2048]","[2048, 2048, 2048, 2048, 2048, 2048, 2048, 2048, 2048]","[2048, 2048, 2048, 2048, 2048, 2048, 2048]",162.0
1234,9497,20,25,2024-05-03T17:30:25.014000+00:00,41.269,40.145,38.732,190.0,158.0,False,120.146,"[None, 2048, 2048, 2048, 2048, 2048, 2048, 2048, 2048]","[2048, 2048, 2048, 2048, 2048, 2048, 2048, 2048, 2048]","[2048, 2048, 2048, 2048, 2048, 2048]",173.0
1234,9497,1,24,2024-05-03T17:30:34.151000+00:00,36.26,38.797,53.05,203.0,163.0,False,128.107,"[None, 2048, 2048, 2048, 2048, 2048, 2048, 2048, 2048]","[2048, 2048, 2048, 2048, 2048, 2048, 2048, 2048, 2048]","[2048, 2048, 2048, 2048, 2048, 2048, 2048]",200.0
1234,9497,27,24,2024-05-03T17:30:36.083000+00:00,37.657,41.349,46.979,195.0,159.0,False,125.985,"[2048, 2048, 2048, 2048, 2048, 2048, 2048, 2048, 2048]","[2048, 2048, 2048, 2048, 2048, 2048, 2048, 2048, 2048]","[2048, 2048, 2048, 2048, 2048, 2048, 2048]",156.0
1234,9497,23,23,2024-05-03T17:30:39.072000+00:00,40.373,37.066,50.614,174.0,159.0,False,128.053,"[2048, 2048, 2048, 2048, 2048, 2048, 2048, 2048, 2048]","[2048, 2048, 2048, 2048, 2048, 2048, 2048, 2048, 2048]","[2048, 2048, 2048, 2048, 2048, 2048, 2048]",141.0
1234,9497,77,22,2024-05-03T17:30:45.159000+00:00,42.68,39.609,50.298,198.0,165.0,False,132.587,"[None, 2048, 2048, 2048, 2048, 2048, 2048, 2048, 2048]","[2048, 2048, 2048, 2048, 2048, 2048, 2048, 2048, 2048]","[2048, 2048, 2048, 2048, 2048, 2048, 2048]",126.0
1234,9497,11,22,2024-05-03T17:30:52.012000+00:00,37.454,40.536,47.673,196.0,138.0,False,125.663,"[2048, 2048, 2048, 2048, 2048, 2048, 2048, 2048, 2048]","[2048, 2048, 2048, 2048, 2048, 2048, 2048, 2048, 2048]","[2048, 2048, 2048, 2048, 2048, 2048, 2048]",131.0
1234,9497,44,23,2024-05-03T17:30:52.217000+00:00,31.715,38.009,52.526,212.0,119.0,False,122.25,"[2048, 2048, 2048, 2048, 2048, 2048, 2048, 2048, 2048]","[2048, 2048, 2048, 2048, 2048, 2048, 2048, 2048, 2048]","[2048, 2048, 2048, 2048, 2048, 2048]",124.0
1234,9497,3,26,2024-05-03T17:30:55.499000+00:00,36.624,43.787,48.376,194.0,69.0,False,128.787,"[None, 2048, 2048, 2048, 2048, 2048, 2048, 2048, 2048]","[2048, 2048, 2048, 2048, 2048, 2048, 2048, 2048, 2048]","[2048, 2048, 2048, 2048, 2048, 2048, 2048]",201.0
1234,9497,63,25,2024-05-03T17:31:00.007000+00:00,51.286,44.27,51.311,146.0,129.0,False,146.867,"[None, 2048, 2048, 2048, 2048, 2048, 2048, 2048, 2048]","[2048, 2048, 2048, 2048, 2048, 2048, 2048, 2048, 2048]","[2048, 2048, 2048, 2048, 2048, 2048, 2048]",206.0
1234,9497,55,23,2024-05-03T17:31:17.202000+00:00,45.84,45.876,39.611,152.0,137.0,False,131.327,"[None, 2048, 2048, 2048, 2048, 2048, 2048, 2048, 2048]","[2048, 2048, 2048, 2048, 2048, 2048, 2048, 2048, 2048]","[2048, 2048, 2048, 2048, 2048, 2048, 2048]",201.0
1234,9497,81,23,2024-05-03T17:31:19.727000+00:00,46.441,47.186,42.858,142.0,119.0,False,136.485,"[None, 2048, 2048, 2048, 2048, 2048, 2048, 2048, 2048]","[2048, 2048, 2048, 2048, 2048, 2048, 2048, 2048, 2048]","[2048, 2048, 2048, 2048, 2048, 2048, 2048]",218.0
1234,9497,24,23,2024-05-03T17:31:23.885000+00:00,46.172,45.74,52.4,137.0,130.0,False,144.312,"[None, 2048, 2048, 2048, 2048, 2048, 2048, 2048, 2048]","[2048, 2048, 2048, 2048, 2048, 2048, 2048, 2048, 2048]","[2048, 2048, 2048, 2048, 2048, 2048, 2048]",172.0
1234,9497,4,20,2024-05-03T17:31:38.751000+00:00,35.178,42.716,48.28,202.0,139.0,False,126.174,"[2048, 2048, 2048, 2048, 2048, 2048, 2048, 2048, 2048]","[2048, 2048, 2048, 2048, 2048, 2048, 2048, 2048, 2048]","[2048, 2048, 2048, 2048, 2048, 2048, 2048]",189.0
1234,9497,22,24,2024-05-03T17:31:41.529000+00:00,35.615,44.956,47.693,189.0,88.0,False,128.264,"[None, 2048, 2048, 2048, 2048, 2048, 2048, 2048, 2048]","[2048, 2048, 2048, 2048, 2048, 2048, 2048, 2048, 2048]","[2048, 2048, 2048, 2048, 2048, 2048, 2048]",228.0
1234,9497,18,24,2024-05-03T17:31:45.049000+00:00,36.834,41.039,49.372,206.0,144.0,False,127.245,"[None, 2048, 2048, 2048, 2048, 2048, 2048, 2048, 2048]","[2048, 2048, 2048, 2048, 2048, 2048, 2048, 2048, 2048]","[2048, 2048, 2048, 2048, 2048, 2048, 2048]",147.0
1234,9497,10,27,2024-05-03T17:32:00.244000+00:00,63.206,35.69,31.52,215.0,186.0,False,130.416,"[None, 2048, 2048, 2048, 2048, 2048, 2048, 2048, 2048]","[2048, 2048, 2048, 2048, 2048, 2048, 2048, 2048, 2048]","[2048, 2048, 2048, 2048, 2048, 2048, 2064]",282.0
1234,9497,2,23,2024-05-03T17:32:17.133000+00:00,58.994,40.135,34.541,198.0,156.0,False,133.67,"[None, 2048, 2048, 2048, 2048, 2048, 2048, 2048, 2048]","[2048, 2048, 2048, 2048, 2048, 2048, 2048, 2048, 2048]","[2048, 2048, 2048, 2048, 2048, 2048, 2064]",264.0
1234,9497,14,22,2024-05-03T17:32:20.992000+00:00,61.591,37.515,,215.0,179.0,False,,"[None, 2048, 2048, 2048, 2048, 2048, 2048, 2048, 2048]","[2048, 2048, 2048, 2048, 2048, 2048, 2048, 2048, 2048]","[2048, 2048, 2048, 0, 0, 0, 0]",145.0
1234,9497,20,26,2024-05-03T17:32:24.742000+00:00,61.219,39.841,38.637,214.0,175.0,False,139.697,"[None, 2048, 2048, 2048, 2048, 2048, 2048, 2048, 2048]","[2048, 2048, 2048, 2048, 2048, 2048, 2048, 2048, 2048]","[2048, 2048, 2048, 2048, 2048, 2048, 2064]",166.0
1234,9497,31,23,2024-05-03T17:32:30.489000+00:00,60.226,37.353,35.312,211.0,181.0,False,132.891,"[None, 2048, 2048, 2048, 2048, 2048, 2048, 2048, 2048]","[2048, 2048, 2048, 2048, 2048, 2048, 2048, 2048, 2048]","[2048, 2048, 2048, 2048, 2048, 2048, 2064]",303.0
1234,9497,27,25,2024-05-03T17:32:42.600000+00:00,55.16,43.283,39.717,199.0,109.0,False,138.16,"[None, 2048, 2048, 2048, 2048, 2048, 2048, 2048, 2048]","[2048, 2048, 2048, 2048, 2048, 2048, 2048, 2048, 2048]","[2048, 2048, 2048, 2048, 2048, 2048, 2064]",177.0
1234,9497,1,25,2024-05-03T17:32:42.605000+00:00,54.439,36.944,33.312,205.0,177.0,False,124.695,"[None, 2048, 2048, 2048, 2048, 2048, 2048, 2048, 2048]","[2048, 2048, 2048, 2048, 2048, 2048, 2048, 2048, 2048]","[2048, 2048, 2048, 2048, 2048, 2048, 2064]",259.0
1234,9497,23,24,2024-05-03T17:32:47.192000+00:00,59.495,45.806,31.373,198.0,162.0,False,136.674,"[None, 2048, 2048, 2048, 2048, 2048, 2048, 2048, 2048]","[2048, 2048, 2048, 2048, 2048, 2048, 2048, 2048, 2048]","[2048, 2048, 2048, 2048, 2048, 2048, 2064]",321.0
1234,9497,44,24,2024-05-03T17:32:54.591000+00:00,65.34,45.465,34.509,159.0,165.0,False,145.314,"[None, 2048, 2048, 2048, 2048, 2048, 2048, 2048, 2048]","[2048, 2048, 2048, 2048, 2048, 2048, 2048, 2048, 2048]","[2048, 2048, 2048, 2048, 2048, 2048, 2064]",238.0
1234,9497,11,23,2024-05-03T17:32:57.679000+00:00,62.646,38.443,33.728,192.0,167.0,False,134.817,"[None, 2048, 2048, 2048, 2048, 2048, 2048, 2048, 2048]","[2048, 2048, 2048, 2048, 2048, 2048, 2048, 2048, 2048]","[2048, 2048, 2048, 2048, 2048, 2048, 2064]",269.0
1234,9497,77,23,2024-05-03T17:32:57.683000+00:00,63.74,40.908,35.179,200.0,167.0,False,139.827,"[None, 2048, 2048, 2048, 2048, 2048, 2048, 2048, 2048]","[2048, 2048, 2048, 2048, 2048, 2048, 2048, 2048, 2048]","[2048, 2048, 2048, 2048, 2048, 2048, 2064]",167.0
1234,9497,3,27,2024-05-03T17:33:04.127000+00:00,62.128,36.536,32.921,210.0,172.0,False,131.585,"[None, 2048, 2048, 2048, 2048, 2048, 2048, 2048, 2048]","[2048, 2048, 2048, 2048, 2048, 2048, 2048, 2048, 2048]","[2048, 2048, 2048, 2048, 2048, 2048, 2064]",268.0
1234,9497,63,26,2024-05-03T17:33:27.666000+00:00,60.464,34.514,40.789,214.0,188.0,False,135.767,"[None, 2048, 2048, 2048, 2048, 2048, 2048, 2048, 2048]","[2048, 2048, 2048, 2048, 2048, 2048, 2048, 2048, 2048]","[2048, 2048, 2048, 2048, 2048, 2048, 2064]",233.0
1234,9497,55,24,2024-05-03T17:33:28.540000+00:00,64.42,39.123,34.93,186.0,160.0,False,138.473,"[None, 2048, 2048, 2048, 2048, 2048, 2048, 2048, 2048]","[2048, 2048, 2048, 2048, 2048, 2048, 2048, 2048, 2048]","[2048, 2048, 2048, 2048, 2048, 2048, 2064]",240.0
1234,9497,81,24,2024-05-03T17:33:36.162000+00:00,61.548,42.331,36.432,169.0,145.0,False,140.311,"[None, 2048, 2048, 2048, 2048, 2048, 2048, 2048, 2048]","[2048, 2048, 2048, 2048, 2048, 2048, 2048, 2048, 2048]","[2048, 2048, 2048, 2048, 2048, 2048, 2064]",196.0
1234,9497,4,21,2024-05-03T17:33:44.937000+00:00,59.782,45.996,38.967,214.0,140.0,False,144.745,"[None, 2048, 2048, 2048, 2048, 2048, 2048, 2048, 2048]","[2048, 2048, 2048, 2048, 2048, 2048, 2048, 2048, 2048]","[2048, 2048, 2048, 2048, 2048, 2048, 2064]",225.0
1234,9497,24,24,2024-05-03T17:33:48.274000+00:00,52.957,43.906,43.537,210.0,158.0,False,140.4,"[None, 2048, 2048, 2048, 2048, 2048, 2048, 2048, 2048]","[2048, 2048, 2048, 2048, 2048, 2048, 2048, 2048, 2048]","[2048, 2048, 2048, 2048, 2048, 2048, 2064]",134.0
1234,9497,22,25,2024-05-03T17:33:49.428000+00:00,59.837,47.976,34.255,169.0,152.0,False,142.068,"[None, 2048, 2048, 2048, 2048, 2048, 2048, 2048, 2048]","[2048, 2048, 2048, 2048, 2048, 2048, 2048, 2048, 2048]","[2048, 2048, 2048, 2048, 2048, 2048, 2064]",248.0
1234,9497,18,25,2024-05-03T17:33:52.346000+00:00,68.611,38.583,,217.0,177.0,False,,"[None, 2048, 2048, 2048, 2048, 2048, 2048, 2048, 2048]","[2048, 2048, 2048, 2048, 2048, 2048, 2048, 2048, 2048]","[2048, 2048, 2048, 0, 0, 0, 0]",187.0
