meeting_key,session_key,driver_number,lap_number,date_start,duration_sector_1,duration_sector_2,duration_sector_3,i1_speed,i2_speed,is_pit_out_lap,lap_duration,segments_sector_1,segments_sector_2,segments_sector_3,st_speed
1234,9507,1,1,2024-05-05T20:03:23.795000+00:00,33.644,34.99,26.211,213.0,184.0,False,94.845,"[None, 2049, 2051, 2051, 2051, 2051, 2049, 2051, 2049]","[2049, 2049, 2049, 2049, 2049, 2049, 2051, 2051, 2051]","[2049, 2049, 2049, 2049, 2049, 2049, 2051]",305.0
1234,9507,16,1,2024-05-05T20:03:23.795000+00:00,34.741,35.321,26.09,211.0,183.0,False,96.152,"[None, 2049, 2049, 2049, 2049, 2049, 2049, 2049, 2051]","[2049, 2049, 2049, 2049, 2051, 2049, 2049, 2049, 2049]","[2049, 2049, 2049, 2051, 2051, 2049, 2049]",308.0
1234,9507,55,1,2024-05-05T20:03:23.795000+00:00,36.273,35.469,25.983,211.0,185.0,False,97.725,"[None, 2049, 2049, 2049, 2049, 2049, 2049, 2049, 2049]","[2049, 2049, 2049, 2049, 2049, 2049, 2049, 2049, 2049]","[2049, 2049, 2049, 2049, 2049, 2049, 2051]",314.0
1234,9507,11,1,2024-05-05T20:03:23.795000+00:00,37.024,35.815,25.988,208.0,182.0,False,98.827,"[None, 2049, 2049, 2049, 2049, 2049, 2049, 2049, 2049]","[2049, 2049, 2049, 2049, 2049, 2049, 2049, 2049, 2049]","[2049, 2049, 2049, 2049, 2049, 2049, 2049]",314.0
1234,9507,4,1,2024-05-05T20:03:23.795000+00:00,37.413,36.048,26.092,212.0,185.0,False,99.553,"[None, 2049, 2049, 2049, 2049, 2049, 2049, 2049, 2049]","[2049, 2049, 2049, 2049, 2049, 2049, 2049, 2049, 2049]","[2049, 2049, 2049, 2049, 2049, 2049, 2049]",302.0
1234,9507,81,1,2024-05-05T20:03:23.795000+00:00,35.468,35.653,26.096,215.0,184.0,False,97.217,"[None, 2049, 2049, 2049, 2049, 2049, 2051, 2049, 2049]","[2049, 2049, 2049, 2049, 2049, 2051, 2049, 2049, 2049]","[2049, 2049, 2049, 2049, 2049, 2049, 2051]",308.0
1234,9507,24,1,2024-05-05T20:03:23.795000+00:00,41.747,37.496,26.202,209.0,186.0,False,105.445,"[2049, 2049, 2049, 2049, 2049, 2049, 2049, 2049, 2049]","[2049, 2049, 2049, 2049, 2049, 2049, 2049, 2049, 2049]","[2049, 2049, 2051, 2049, 2049, 2049, 0]",303.0
1234,9507,3,1,2024-05-05T20:03:23.795000+00:00,42.166,38.306,26.646,203.0,182.0,False,107.118,"[2049, 2049, 2049, 2049, 2049, 2049, 2049, 2049, 2049]","[2049, 2049, 2049, 2049, 2049, 2049, 2049, 2049, 2049]","[2049, 2049, 2049, 2049, 2049, 2049, 2049]",271.0
1234,9507,63,1,2024-05-05T20:03:23.795000+00:00,39.575,36.279,26.304,210.0,184.0,False,102.158,"[None, 2049, 2049, 2049, 2049, 2049, 2049, 2049, 2049]","[2049, 2049, 2049, 2049, 2049, 2049, 2049, 2049, 2049]","[2049, 2049, 2049, 2049, 2049, 2049, 2049]",319.0
1234,9507,44,1,2024-05-05T20:03:23.795000+00:00,37.817,36.229,26.321,206.0,182.0,False,100.367,"[None, 2049, 2049, 2049, 2049, 2049, 2049, 2049, 2049]","[2049, 2049, 2049, 2049, 2049, 2049, 2049, 2049, 2049]","[2049, 2049, 2049, 2049, 2049, 2049, 2049]",316.0
1234,9507,27,1,2024-05-05T20:03:23.795000+00:00,38.237,36.227,26.167,212.0,185.0,False,100.631,"[None, 2049, 2049, 2049, 2049, 2049, 2049, 2049, 2049]","[2049, 2049, 2049, 2049, 2049, 2049, 2049, 2049, 2049]","[2049, 2049, 2049, 2049, 2049, 2051, 2051]",274.0
1234,9507,22,1,2024-05-05T20:03:23.795000+00:00,39.168,36.072,26.343,209.0,182.0,False,101.583,"[None, 2049, 2049, 2049, 2049, 2049, 2049, 2049, 2049]","[2049, 2049, 2049, 2049, 2049, 2049, 2049, 2049, 2049]","[2049, 2049, 2049, 2049, 2049, 2049, 2049]",298.0
1234,9507,18,1,2024-05-05T20:03:23.795000+00:00,39.847,36.466,26.187,212.0,185.0,False,102.5,"[None, 2049, 2049, 2049, 2049, 2049, 2049, 2049, 2049]","[2049, 2049, 2049, 2049, 2049, 2049, 2049, 2049, 2049]","[2049, 2049, 2049, 2049, 2049, 2049, 2049]",330.0
1234,9507,10,1,2024-05-05T20:03:23.795000+00:00,40.572,37.045,26.06,202.0,180.0,False,103.677,"[None, 2049, 2049, 2049, 2049, 2049, 2049, 2049, 2049]","[2049, 2049, 2051, 2051, 2049, 2049, 2049, 2049, 2049]","[2049, 2049, 2049, 2049, 2049, 2049, 2048]",325.0
1234,9507,31,1,2024-05-05T20:03:23.795000+00:00,40.014,37.607,26.47,208.0,178.0,False,104.091,"[None, 2049, 2049, 2049, 2049, 2049, 2049, 2049, 2049]","[2049, 2049, 2049, 2049, 2049, 2049, 2049, 2049, 2049]","[2049, 2049, 2049, 2049, 2049, 2049, 2049]",326.0
1234,9507,23,1,2024-05-05T20:03:23.795000+00:00,40.569,37.525,26.236,210.0,185.0,False,104.33,"[None, 2049, 2049, 2049, 2049, 2049, 2049, 2049, 2049]","[2049, 2049, 2049, 2049, 2049, 2049, 2049, 2049, 2049]","[2049, 2051, 2049, 2049, 2049, 2049, 2049]",307.0
1234,9507,20,1,2024-05-05T20:03:23.795000+00:00,41.587,37.431,26.427,206.0,184.0,False,105.445,"[2048, 2049, 2049, 2049, 2049, 2049, 2049, 2049, 2049]","[2049, 2049, 2049, 2049, 2049, 2049, 2049, 2049, 2049]","[2049, 2049, 2049, 2049, 2049, 2049, 2049]",279.0
1234,9507,2,1,2024-05-05T20:03:23.795000+00:00,41.116,37.34,26.27,208.0,187.0,False,104.726,"[2048, 2049, 2049, 2049, 2049, 2049, 2049, 2049, 2049]","[2051, 2051, 2049, 2049, 2049, 2049, 2049, 2049, 2049]","[2051, 2049, 2049, 2049, 2049, 2051, 2051]",267.0
1234,9507,14,1,2024-05-05T20:03:23.795000+00:00,40.249,36.675,26.509,212.0,180.0,False,103.433,"[None, 2049, 2049, 2049, 2049, 2049, 2049, 2049, 2049]","[2049, 2049, 2049, 2049, 2049, 2049, 2049, 2049, 2049]","[2049, 2049, 2049, 2049, 2049, 2049, 2049]",286.0
1234,9507,77,1,2024-05-05T20:03:23.795000+00:00,41.729,38.125,26.384,203.0,188.0,False,106.238,"[None, 2049, 2049, 2049, 2049, 2049, 2049, 2049, 2049]","[2049, 2049, 2049, 2049, 2049, 2049, 2049, 2049, 2049]","[2049, 2049, 2049, 2049, 2049, 2049, 2049]",291.0
1234,9507,1,2,2024-05-05T20:04:58.639000+00:00,31.455,35.489,26.149,209.0,183.0,False,93.093,"[2049, 2049, 2051, 2051, 2048, 2048, 2048, 2049, 2048]","[2048, 2049, 2049, 2048, 2048, 2048, 2048, 2048, 2048]","[2049, 2049, 2049, 2048, 2049, 2049, 2049]",303.0
1234,9507,16,2,2024-05-05T20:04:59.946000+00:00,31.481,35.738,26.098,209.0,182.0,False,93.317,"[2049, 2049, 2049, 2049, 2049, 2051, 2048, 2048, 2048]","[2048, 2049, 2049, 2049, 2048, 2048, 2048, 2048, 2049]","[2049, 2049, 2049, 2048, 2048, 2048, 2049]",311.0
1234,9507,81,2,2024-05-05T20:05:01.011000+00:00,31.39,35.45,25.987,211.0,185.0,False,92.827,"[2049, 2049, 2049, 2049, 2049, 2049, 2048, 2048, 2048]","[2048, 2048, 2049, 2049, 2049, 2048, 2049, 2049, 2049]","[2049, 2049, 2049, 2049, 2048, 2048, 2049]",319.0
1234,9507,55,2,2024-05-05T20:05:01.519000+00:00,31.678,35.404,25.908,209.0,184.0,False,92.99,"[2049, 2049, 2049, 2049, 2049, 2049, 2049, 2051, 2048]","[2049, 2049, 2049, 2049, 2049, 2048, 2048, 2048, 2048]","[2048, 2049, 2049, 2048, 2048, 2048, 2049]",325.0
1234,9507,11,2,2024-05-05T20:05:02.621000+00:00,31.695,35.497,25.989,209.0,183.0,False,93.181,"[2049, 2049, 2049, 2049, 2049, 2049, 2049, 2049, 2048]","[2049, 2048, 2048, 2049, 2048, 2049, 2049, 2049, 2049]","[2049, 2049, 2049, 2048, 2049, 2048, 2049]",310.0
1234,9507,4,2,2024-05-05T20:05:03.347000+00:00,32.214,35.711,26.274,211.0,185.0,False,94.199,"[2049, 2049, 2049, 2049, 2049, 2049, 2049, 2049, 2049]","[2048, 2048, 2048, 2048, 2048, 2049, 2049, 2049, 2048]","[2048, 2048, 2049, 2048, 2048, 2048, 2049]",305.0
1234,9507,44,2,2024-05-05T20:05:04.161000+00:00,33.275,35.62,26.071,207.0,182.0,False,94.966,"[2049, 2049, 2049, 2048, 2049, 2049, 2049, 2049, 2049]","[2049, 2049, 2049, 2049, 2049, 2049, 2049, 2048, 2049]","[2049, 2049, 2049, 2049, 2049, 2048, 2049]",314.0
1234,9507,27,2,2024-05-05T20:05:04.425000+00:00,32.472,35.402,26.064,214.0,184.0,False,93.938,"[2049, 2051, 2049, 2049, 2048, 2049, 2049, 2049, 2049]","[2049, 2048, 2048, 2048, 2049, 2049, 2049, 2049, 2049]","[2048, 2048, 2048, 2049, 2049, 2048, 2048]",312.0
1234,9507,22,2,2024-05-05T20:05:05.377000+00:00,32.682,35.581,26.074,213.0,183.0,False,94.337,"[2049, 2049, 2049, 2049, 2049, 2049, 2049, 2049, 2049]","[2049, 2049, 2049, 2049, 2048, 2049, 2049, 2049, 2048]","[2049, 2049, 2049, 2048, 2048, 2048, 2049]",323.0
1234,9507,63,2,2024-05-05T20:05:05.952000+00:00,32.558,35.728,26.109,211.0,184.0,False,94.395,"[2049, 2049, 2049, 2049, 2049, 2049, 2049, 2049, 2049]","[2049, 2048, 2049, 2049, 2048, 2049, 2048, 2049, 2049]","[2049, 2049, 2049, 2048, 2049, 2048, 2049]",315.0
1234,9507,18,2,2024-05-05T20:05:06.294000+00:00,32.797,35.722,26.007,210.0,185.0,False,94.526,"[2049, 2049, 2049, 2049, 2049, 2049, 2049, 2049, 2049]","[2048, 2048, 2049, 2049, 2049, 2049, 2049, 2049, 2049]","[2049, 2049, 2049, 2048, 2049, 2048, 2049]",327.0
1234,9507,14,2,2024-05-05T20:05:07.227000+00:00,32.4,36.823,26.356,202.0,181.0,False,95.579,"[2049, 2049, 2049, 2049, 2049, 2049, 2049, 2049, 2049]","[2048, 2048, 2048, 2049, 2049, 2048, 2048, 2049, 2049]","[2049, 2049, 2049, 2048, 2049, 2048, 2049]",305.0
1234,9507,10,2,2024-05-05T20:05:07.471000+00:00,32.446,35.776,26.276,210.0,182.0,False,94.498,"[2049, 2049, 2049, 2049, 2049, 2049, 2049, 2049, 2049]","[2049, 2048, 2049, 2051, 2051, 2048, 2049, 2049, 2049]","[2049, 2048, 2048, 2048, 2049, 2048, 2048]",308.0
1234,9507,31,2,2024-05-05T20:05:07.885000+00:00,32.593,36.325,26.52,211.0,181.0,False,95.438,"[2049, 2049, 2049, 2049, 2049, 2049, 2049, 2049, 2049]","[2049, 2048, 2049, 2049, 2049, 2049, 2048, 2049, 2049]","[2049, 2049, 2049, 2048, 2048, 2048, 2048]",291.0
1234,9507,23,2,2024-05-05T20:05:08.124000+00:00,32.833,36.217,25.875,209.0,185.0,False,94.925,"[2049, 2049, 2049, 2049, 2049, 2049, 2049, 2049, 2049]","[2048, 2048, 2049, 2049, 2049, 2049, 2049, 2049, 2049]","[2048, 2048, 2051, 2049, 2048, 2049]",339.0
1234,9507,2,2,2024-05-05T20:05:08.520000+00:00,33.179,36.041,26.147,210.0,183.0,False,95.367,"[2049, 2049, 2049, 2049, 2051, 2049, 2049, 2049, 2049]","[2048, 2048, 2049, 2049, 2049, 2049, 2049, 2049, 2049]","[2048, 2048, 2049, 2048, 2049, 2048, 2051]",294.0
1234,9507,20,2,2024-05-05T20:05:09.239000+00:00,32.992,36.783,27.093,204.0,180.0,False,96.868,"[2049, 2049, 2049, 2049, 2049, 2049, 2049, 2049, 2049]","[2048, 2048, 2049, 2049, 2049, 2048, 2048, 2049, 2048]","[2048, 2048, 2048, 2049, 2048, 2048, 2049]",321.0
1234,9507,24,2,2024-05-05T20:05:09.239000+00:00,33.167,36.662,26.436,212.0,185.0,False,96.265,"[None, 2049, 2049, 2049, 2049, 2049, 2049, 2049, 2049]","[2049, 2049, 2051, 2049, 2049, 2048, 2048, 2049, 2048]","[2049, 2048, 2048, 2049, 2048, 2048, 2048]",297.0
1234,9507,77,2,2024-05-05T20:05:10.032000+00:00,32.961,36.51,26.332,213.0,187.0,False,95.803,"[2049, 2049, 2049, 2049, 2049, 2049, 2049, 2049, 2049]","[2049, 2049, 2049, 2049, 2049, 2049, 2049, 2049, 2048]","[2048, 2049, 2049, 2048, 2048, 2048, 2048]",286.0
1234,9507,3,2,2024-05-05T20:05:10.912000+00:00,32.812,36.307,26.474,204.0,181.0,False,95.593,"[None, 2049, 2049, 2049, 2049, 2049, 2049, 2049, 2049]","[2048, 2048, 2048, 2049, 2049, 2049, 2049, 2049, 2049]","[2049, 2049, 2049, 2049, 2048, 2049, 2049]",280.0
1234,9507,1,3,2024-05-05T20:06:31.802000+00:00,31.551,35.472,26.114,211.0,183.0,False,93.137,"[None, 2048, 2048, 2048, 2048, 2048, 2048, 2048, 2048]","[2048, 2049, 2049, 2049, 2048, 2048, 2048, 2048, 2048]","[2049, 2049, 2049, 2049, 2048, 2048, 2048]",309.0
1234,9507,16,3,2024-05-05T20:06:33.221000+00:00,31.478,35.579,26.253,208.0,181.0,False,93.31,"[2048, 2049, 2048, 2048, 2048, 2048, 2049, 2048, 2048]","[2048, 2049, 2049, 2049, 2048, 2048, 2048, 2048, 2048]","[2048, 2049, 2048, 2048, 2048, 2048, 2048]",308.0
1234,9507,81,3,2024-05-05T20:06:34.005000+00:00,31.681,35.488,25.894,210.0,185.0,False,93.063,"[None, 2048, 2048, 2048, 2048, 2048, 2048, 2048, 2048]","[2048, 2048, 2049, 2049, 2049, 2048, 2048, 2049, 2048]","[2049, 2049, 2049, 2049, 2048, 2048, 2049]",323.0
1234,9507,55,3,2024-05-05T20:06:34.506000+00:00,31.788,35.553,25.898,211.0,182.0,False,93.239,"[2049, 2048, 2049, 2048, 2048, 2049, 2048, 2048, 2048]","[2049, 2049, 2049, 2049, 2049, 2048, 2048, 2048, 2048]","[2048, 2048, 2049, 2049, 2048, 2048, 2048]",337.0
1234,9507,11,3,2024-05-05T20:06:35.643000+00:00,31.821,35.548,26.152,207.0,182.0,False,93.521,"[2048, 2048, 2049, 2049, 2049, 2049, 2048, 2048, 2048]","[2048, 2048, 2048, 2048, 2049, 2048, 2049, 2049, 2048]","[2049, 2048, 2048, 2048, 2048, 2048, 2048]",302.0
1234,9507,4,3,2024-05-05T20:06:37.373000+00:00,31.766,35.697,26.224,,182.0,False,93.687,"[None, 2049, 2048, 2049, 2051, 2049, 2049, 2048, 2049]","[2048, 2048, 2048, 2048, 2049, 2048, 2049, 2049, 2048]","[2048, 2048, 2048, 2048, 2048, 2048, 2049]",299.0
1234,9507,27,3,2024-05-05T20:06:38.214000+00:00,32.347,35.769,26.024,210.0,183.0,False,94.14,"[2048, 2048, 2049, 2049, 2049, 2048, 2049, 2049, 2048]","[2048, 2048, 2048, 2048, 2048, 2048, 2048, 2048, 2048]","[2048, 2048, 2048, 2049, 2049, 2048, 2048]",307.0
1234,9507,44,3,2024-05-05T20:06:39.136000+00:00,32.04,35.912,26.079,206.0,183.0,False,94.031,"[None, 2048, 2049, 2049, 2049, 2049, 2048, 2048, 2048]","[2048, 2049, 2049, 2049, 2048, 2048, 2048, 2049, 2048]","[2049, 2048, 2048, 2048, 2049, 2048, 2048]",310.0
1234,9507,22,3,2024-05-05T20:06:39.669000+00:00,32.245,35.923,26.109,210.0,181.0,False,94.277,"[None, 2048, 2048, 2049, 2049, 2049, 2049, 2049, 2048]","[2048, 2048, 2048, 2048, 2049, 2048, 2048, 2048, 2048]","[2048, 2048, 2048, 2049, 2049, 2048, 2048]",323.0
1234,9507,63,3,2024-05-05T20:06:40.331000+00:00,32.323,35.748,26.024,,184.0,False,94.095,"[2049, 2048, 2048, 2049, 2049, 2049, 2048, 2049, 2048]","[2048, 2048, 2049, 2049, 2049, 2048, 2048, 2048, 2048]","[2049, 2049, 2048, 2049, 2048, 2048, 2049]",321.0
1234,9507,18,3,2024-05-05T20:06:40.751000+00:00,32.522,35.786,25.906,211.0,184.0,False,94.214,"[2049, 2048, 2048, 2049, 2049, 2049, 2049, 2049, 2048]","[2048, 2048, 2048, 2048, 2048, 2049, 2049, 2049, 2048]","[2048, 2048, 2048, 2048, 2048, 2048, 2048]",336.0
1234,9507,10,3,2024-05-05T20:06:42.063000+00:00,32.069,35.794,25.926,211.0,180.0,False,93.789,"[2048, 2049, 2048, 2049, 2049, 2049, 2049, 2048, 2049]","[2048, 2048, 2048, 2048, 2048, 2049, 2049, 2049, 2048]","[2048, 2049, 2049, 2049, 2048, 2048, 2048]",328.0
1234,9507,14,3,2024-05-05T20:06:42.957000+00:00,32.066,35.85,26.087,207.0,180.0,False,94.003,"[None, 2048, 2048, 2049, 2049, 2048, 2049, 2049, 2049]","[2048, 2048, 2048, 2048, 2048, 2049, 2049, 2049, 2049]","[2048, 2048, 2049, 2048, 2049, 2048, 2049]",312.0
1234,9507,23,3,2024-05-05T20:06:43.327000+00:00,32.569,35.701,26.039,,179.0,False,94.309,"[None, 2049, 2049, 2048, 2049, 2049, 2049, 2049, 2048]","[2048, 2048, 2048, 2048, 2048, 2049, 2049, 2049, 2049]","[2048, 2048, 2048, 2048, 2049, 2049, 2049]",307.0
1234,9507,31,3,2024-05-05T20:06:43.526000+00:00,32.73,35.857,26.08,208.0,181.0,False,94.667,"[None, 2048, 2048, 2048, 2048, 2049, 2049, 2049, 2048]","[2048, 2048, 2049, 2049, 2048, 2049, 2049, 2049, 2049]","[2048, 2048, 2049, 2048, 2049, 2049, 2049]",333.0
1234,9507,2,3,2024-05-05T20:06:43.891000+00:00,32.871,35.727,26.048,207.0,183.0,False,94.646,"[2051, 2049, 2049, 2048, 2048, 2049, 2049, 2049, 2049]","[2048, 2048, 2049, 2049, 2049, 2048, 2049, 2049, 2049]","[2048, 2048, 2049, 2049, 2048, 2048, 2048]",303.0
1234,9507,24,3,2024-05-05T20:06:45.593000+00:00,32.333,35.818,26.188,209.0,182.0,False,94.339,"[2048, 2049, 2049, 2048, 2048, 2049, 2049, 2049, 2049]","[2048, 2048, 2048, 2048, 2048, 2049, 2049, 2049, 2049]","[2048, 2048, 2048, 2049, 2049, 2048, 2048]",320.0
1234,9507,77,3,2024-05-05T20:06:45.721000+00:00,32.69,35.905,26.039,202.0,184.0,False,94.634,"[None, 2049, 2048, 2048, 2048, 2048, 2049, 2049, 2049]","[2048, 2048, 2048, 2048, 2048, 2049, 2049, 2049, 2049]","[2048, 2048, 2048, 2049, 2049, 2048, 2048]",316.0
1234,9507,20,3,2024-05-05T20:06:46.043000+00:00,33.382,35.883,26.015,209.0,180.0,False,95.28,"[None, 2049, 2048, 2048, 2048, 2048, 2049, 2049, 2049]","[2049, 2048, 2048, 2048, 2048, 2049, 2049, 2049, 2049]","[2048, 2048, 2049, 2048, 2049, 2048, 2048]",326.0
1234,9507,3,3,2024-05-05T20:06:46.520000+00:00,33.365,36.117,26.25,205.0,180.0,False,95.732,"[None, 2048, 2048, 2048, 2048, 2048, 2048, 2048, 2049]","[2048, 2048, 2049, 2049, 2048, 2048, 2048, 2049, 2049]","[2048, 2048, 2049, 2049, 2049, 2048, 2048]",308.0
1234,9507,1,4,2024-05-05T20:08:04.865000+00:00,31.508,35.686,26.31,208.0,181.0,False,93.504,"[None, 2049, 2048, 2048, 2048, 2048, 2048, 2048, 2048]","[2048, 2048, 2048, 2048, 2048, 2048, 2048, 2048, 2048]","[2048, 2048, 2049, 2048, 2048, 2048, 2049]",309.0
1234,9507,16,4,2024-05-05T20:08:06.594000+00:00,31.423,35.756,26.595,209.0,180.0,False,93.774,"[None, 2048, 2048, 2048, 2048, 2051, 2049, 2049, 2048]","[2048, 2049, 2048, 2048, 2048, 2048, 2048, 2048, 2048]","[2048, 2048, 2048, 2048, 2048, 2048, 2049]",309.0
1234,9507,81,4,2024-05-05T20:08:07.015000+00:00,31.769,35.564,25.786,209.0,185.0,False,93.119,"[None, 2048, 2048, 2048, 2049, 2048, 2048, 2048, 2048]","[2048, 2048, 2048, 2048, 2049, 2048, 2048, 2048, 2048]","[2049, 2049, 2049, 2049, 2048, 2048, 2049]",328.0
1234,9507,55,4,2024-05-05T20:08:07.769000+00:00,31.712,35.607,25.93,208.0,182.0,False,93.249,"[2048, 2048, 2048, 2049, 2049, 2048, 2048, 2048, 2048]","[2048, 2048, 2048, 2048, 2048, 2048, 2048, 2048, 2048]","[2048, 2048, 2048, 2051, 2048, 2048, 2049]",331.0
1234,9507,11,4,2024-05-05T20:08:09.231000+00:00,31.725,35.532,26.168,209.0,182.0,False,93.425,"[2049, 2049, 2048, 2049, 2049, 2048, 2048, 2048, 2048]","[2048, 2048, 2048, 2048, 2049, 2048, 2048, 2049, 2048]","[2048, 2048, 2048, 2048, 2048, 2048, 2049]",307.0
1234,9507,4,4,2024-05-05T20:08:11.106000+00:00,31.834,35.786,26.054,,183.0,False,93.674,"[2048, 2048, 2049, 2048, 2051, 2049, 2048, 2049, 2048]","[2048, 2048, 2048, 2048, 2049, 2048, 2048, 2048, 2048]","[2048, 2048, 2048, 2048, 2049, 2049, 2049]",305.0
1234,9507,27,4,2024-05-05T20:08:12.511000+00:00,31.877,35.8,26.141,212.0,183.0,False,93.818,"[None, 2048, 2049, 2049, 2049, 2049, 2049, 2049, 2048]","[2048, 2048, 2048, 2048, 2048, 2048, 2048, 2048, 2048]","[2048, 2048, 2048, 2049, 2048, 2048, 2048]",314.0
1234,9507,44,4,2024-05-05T20:08:13.224000+00:00,31.931,35.768,26.162,207.0,183.0,False,93.861,"[2048, 2048, 2049, 2049, 2049, 2048, 2048, 2049, 2048]","[2048, 2048, 2048, 2048, 2048, 2048, 2048, 2049, 2048]","[2048, 2048, 2048, 2048, 2048, 2049, 2049]",310.0
1234,9507,22,4,2024-05-05T20:08:13.972000+00:00,32.055,35.718,26.119,212.0,182.0,False,93.892,"[None, 2049, 2048, 2049, 2049, 2048, 2048, 2049, 2048]","[2048, 2048, 2048, 2048, 2049, 2048, 2048, 2048, 2048]","[2048, 2048, 2048, 2049, 2049, 2048, 2049]",321.0
1234,9507,63,4,2024-05-05T20:08:14.314000+00:00,32.253,35.803,26.069,,183.0,False,94.125,"[None, 2049, 2048, 2048, 2048, 2048, 2049, 2049, 2048]","[2049, 2048, 2048, 2048, 2049, 2048, 2048, 2048, 2048]","[2048, 2048, 2048, 2049, 2048, 2048, 2048]",334.0
1234,9507,18,4,2024-05-05T20:08:15.058000+00:00,32.361,35.903,25.802,,184.0,False,94.066,"[2048, 2049, 2049, 2048, 2048, 2048, 2048, 2049, 2048]","[2048, 2048, 2048, 2048, 2048, 2049, 2048, 2048, 2048]","[2048, 2048, 2048, 2048, 2049, 2048, 2049]",336.0
1234,9507,10,4,2024-05-05T20:08:15.899000+00:00,32.206,35.91,26.039,206.0,181.0,False,94.155,"[2049, 2048, 2049, 2049, 2049, 2048, 2048, 2048, 2048]","[2048, 2048, 2048, 2048, 2048, 2049, 2048, 2048, 2048]","[2048, 2049, 2049, 2048, 2048, 2048, 2048]",329.0
1234,9507,14,4,2024-05-05T20:08:16.887000+00:00,32.001,35.93,26.091,206.0,178.0,False,94.022,"[None, 2048, 2049, 2049, 2049, 2049, 2048, 2048, 2048]","[2048, 2048, 2048, 2048, 2048, 2048, 2048, 2048, 2048]","[2048, 2048, 2049, 2049, 2048, 2048, 2049]",325.0
1234,9507,23,4,2024-05-05T20:08:17.373000+00:00,32.383,35.633,25.873,207.0,180.0,False,93.889,"[2048, 2049, 2049, 2048, 2049, 2049, 2049, 2048, 2048]","[2048, 2048, 2048, 2048, 2049, 2049, 2048, 2049, 2049]","[2048, 2048, 2048, 2049, 2048, 2048, 2049]",340.0
1234,9507,31,4,2024-05-05T20:08:18.081000+00:00,32.369,35.587,26.057,,182.0,False,94.013,"[None, 2049, 2049, 2048, 2048, 2048, 2049, 2049, 2048]","[2048, 2048, 2048, 2048, 2048, 2049, 2049, 2049, 2049]","[2048, 2048, 2048, 2048, 2049, 2049, 2049]",297.0
1234,9507,2,4,2024-05-05T20:08:18.537000+00:00,32.524,35.784,25.995,209.0,184.0,False,94.303,"[2048, 2049, 2049, 2048, 2048, 2049, 2049, 2048, 2049]","[2048, 2048, 2048, 2048, 2048, 2048, 2048, 2048, 2049]","[2048, 2048, 2048, 2049, 2049, 2048, 2048]",312.0
1234,9507,24,4,2024-05-05T20:08:19.844000+00:00,32.342,35.935,26.08,207.0,183.0,False,94.357,"[None, 2048, 2049, 2049, 2049, 2048, 2048, 2048, 2048]","[2048, 2048, 2048, 2048, 2048, 2048, 2048, 2048, 2049]","[2048, 2048, 2048, 2048, 2049, 2048, 2048]",316.0
1234,9507,77,4,2024-05-05T20:08:20.570000+00:00,32.358,36.041,25.998,208.0,184.0,False,94.397,"[2048, 2048, 2049, 2048, 2048, 2049, 2048, 2048, 2048]","[2048, 2048, 2048, 2048, 2049, 2048, 2048, 2048, 2048]","[2048, 2048, 2048, 2049, 2048, 2048, 2048]",331.0
1234,9507,20,4,2024-05-05T20:08:21.411000+00:00,32.662,35.77,26.028,208.0,181.0,False,94.46,"[2048, 2049, 2048, 2048, 2048, 2049, 2048, 2048, 2049]","[2048, 2048, 2048, 2048, 2048, 2049, 2049, 2048, 2049]","[2048, 2048, 2049, 2048, 2048, 2048, 2049]",323.0
1234,9507,3,4,2024-05-05T20:08:22.199000+00:00,32.596,35.96,26.351,,180.0,False,94.907,"[2048, 2049, 2049, 2048, 2048, 2049, 2048, 2049, 2048]","[2048, 2048, 2048, 2048, 2048, 2049, 2048, 2049, 2049]","[2048, 2048, 2048, 2049, 2048, 2049, 2048]",309.0
1234,9507,1,5,2024-05-05T20:09:38.284000+00:00,31.318,35.41,26.106,210.0,183.0,False,92.834,"[None, 2048, 2048, 2048, 2049, 2048, 2049, 2048, 2048]","[2048, 2048, 2049, 2049, 2049, 2048, 2048, 2048, 2048]","[2049, 2049, 2048, 2048, 2048, 2048, 2049]",306.0
1234,9507,81,5,2024-05-05T20:09:40.093000+00:00,31.562,35.549,26.21,210.0,184.0,False,93.321,"[2048, 2048, 2048, 2049, 2049, 2048, 2048, 2048, 2048]","[2048, 2048, 2048, 2048, 2049, 2048, 2048, 2049, 2048]","[2048, 2048, 2048, 2048, 2048, 2048, 2048]",306.0
1234,9507,16,5,2024-05-05T20:09:40.350000+00:00,32.04,35.702,26.067,205.0,181.0,False,93.809,"[2049, 2048, 2048, 2048, 2048, 2048, 2048, 2048, 2048]","[2048, 2049, 2049, 2049, 2049, 2048, 2048, 2048, 2048]","[2049, 2049, 2049, 2048, 2048, 2048, 2048]",324.0
1234,9507,55,5,2024-05-05T20:09:41.034000+00:00,31.913,35.721,25.935,209.0,182.0,False,93.569,"[None, 2048, 2048, 2048, 2048, 2048, 2048, 2048, 2048]","[2049, 2049, 2049, 2049, 2048, 2048, 2048, 2048, 2048]","[2048, 2049, 2048, 2048, 2048, 2048, 2049]",322.0
1234,9507,11,5,2024-05-05T20:09:42.579000+00:00,31.829,35.42,26.069,,182.0,False,93.318,"[2048, 2048, 2048, 2048, 2048, 2048, 2049, 2048, 2048]","[2049, 2049, 2049, 2049, 2049, 2048, 2048, 2048, 2048]","[2048, 2048, 2048, 2048, 2048, 2048, 2049]",312.0
1234,9507,4,5,2024-05-05T20:09:44.701000+00:00,31.583,35.645,26.032,207.0,184.0,False,93.26,"[2049, 2049, 2049, 2048, 2051, 2049, 2049, 2048, 2048]","[2048, 2048, 2048, 2048, 2049, 2048, 2049, 2048, 2048]","[2048, 2048, 2048, 2049, 2048, 2049, 2049]",302.0
1234,9507,27,5,2024-05-05T20:09:46.261000+00:00,31.834,35.841,26.101,,183.0,False,93.776,"[None, 2048, 2049, 2049, 2049, 2048, 2049, 2048, 2048]","[2048, 2048, 2048, 2048, 2048, 2048, 2048, 2048, 2048]","[2048, 2048, 2048, 2048, 2048, 2048, 2048]",311.0
1234,9507,44,5,2024-05-05T20:09:47.055000+00:00,31.703,35.868,26.095,,181.0,False,93.666,"[2049, 2049, 2049, 2049, 2048, 2049, 2048, 2048, 2049]","[2049, 2049, 2049, 2048, 2048, 2048, 2048, 2048, 2048]","[2048, 2049, 2049, 2048, 2048, 2048, 2049]",321.0
1234,9507,22,5,2024-05-05T20:09:47.843000+00:00,33.019,36.124,26.124,205.0,182.0,False,95.267,"[None, 2048, 2048, 2049, 2048, 2049, 2048, 2048, 2048]","[2048, 2048, 2048, 2048, 2049, 2048, 2049, 2048, 2048]","[2048, 2048, 2048, 2048, 2048, 2048, 2049]",320.0
1234,9507,63,5,2024-05-05T20:09:48.492000+00:00,31.895,36.05,25.987,209.0,183.0,False,93.932,"[None, 2048, 2049, 2049, 2049, 2049, 2049, 2048, 2049]","[2048, 2048, 2048, 2048, 2048, 2048, 2049, 2048, 2048]","[2048, 2048, 2048, 2049, 2049, 2048, 2048]",325.0
1234,9507,18,5,2024-05-05T20:09:49.066000+00:00,32.111,36.36,26.035,,184.0,False,94.506,"[2049, 2048, 2049, 2049, 2048, 2049, 2049, 2048, 2048]","[2051, 2049, 2049, 2049, 2049, 2048, 2049, 2048, 2048]","[2048, 2048, 2048, 2048, 2048, 2049, 2049]",321.0
1234,9507,10,5,2024-05-05T20:09:50.128000+00:00,32.047,36.003,26.14,209.0,181.0,False,94.19,"[2048, 2048, 2048, 2048, 2048, 2048, 2049, 2049, 2048]","[2048, 2048, 2048, 2048, 2048, 2049, 2048, 2048, 2048]","[2049, 2049, 2049, 2048, 2048, 2048, 2049]",327.0
1234,9507,14,5,2024-05-05T20:09:50.949000+00:00,32.034,35.844,26.14,207.0,181.0,False,94.018,"[None, 2049, 2048, 2048, 2048, 2048, 2048, 2049, 2048]","[2048, 2048, 2048, 2048, 2048, 2048, 2048, 2049, 2048]","[2049, 2049, 2048, 2048, 2048, 2048, 2049]",322.0
1234,9507,23,5,2024-05-05T20:09:51.359000+00:00,32.401,35.666,26.107,205.0,180.0,False,94.174,"[2049, 2048, 2048, 2048, 2049, 2048, 2049, 2048, 2048]","[2048, 2048, 2048, 2048, 2049, 2048, 2048, 2048, 2048]","[2048, 2048, 2048, 2048, 2048, 2048, 2049]",317.0
1234,9507,31,5,2024-05-05T20:09:52.131000+00:00,32.255,35.656,25.997,209.0,179.0,False,93.908,"[None, 2048, 2048, 2048, 2048, 2048, 2049, 2048, 2048]","[2048, 2048, 2048, 2048, 2049, 2048, 2048, 2048, 2048]","[2048, 2048, 2048, 2048, 2048, 2049, 2049]",334.0
1234,9507,2,5,2024-05-05T20:09:52.825000+00:00,32.257,35.814,25.762,207.0,182.0,False,93.833,"[None, 2049, 2049, 2048, 2048, 2049, 2049, 2049, 2049]","[2048, 2048, 2048, 2048, 2049, 2048, 2048, 2048, 2048]","[2048, 2048, 2048, 2049, 2049, 2048, 2048]",333.0
1234,9507,24,5,2024-05-05T20:09:54.230000+00:00,32.009,35.749,25.915,210.0,184.0,False,93.673,"[None, 2048, 2049, 2049, 2048, 2048, 2048, 2049, 2048]","[2048, 2048, 2048, 2048, 2048, 2048, 2049, 2049, 2049]","[2048, 2048, 2048, 2049, 2049, 2048, 2048]",325.0
1234,9507,77,5,2024-05-05T20:09:54.836000+00:00,32.038,35.828,25.962,209.0,183.0,False,93.828,"[None, 2048, 2048, 2048, 2048, 2049, 2049, 2049, 2048]","[2048, 2048, 2048, 2049, 2048, 2048, 2048, 2049, 2049]","[2048, 2048, 2048, 2048, 2049, 2048, 2049]",326.0
1234,9507,20,5,2024-05-05T20:09:55.772000+00:00,32.289,35.683,26.249,206.0,180.0,False,94.221,"[None, 2048, 2049, 2048, 2048, 2048, 2049, 2049, 2048]","[2048, 2048, 2048, 2048, 2048, 2048, 2049, 2049, 2048]","[2048, 2048, 2048, 2048, 2048, 2048, 2048]",315.0
1234,9507,3,5,2024-05-05T20:09:57.093000+00:00,32.173,35.788,26.24,208.0,181.0,False,94.201,"[None, 2049, 2049, 2049, 2049, 2049, 2049, 2049, 2049]","[2048, 2048, 2048, 2048, 2048, 2049, 2049, 2049, 2049]","[2048, 2048, 2048, 2049, 2049, 2048, 2048]",319.0
1234,9507,1,6,2024-05-05T20:11:11.166000+00:00,31.528,35.395,26.016,209.0,183.0,False,92.939,"[2048, 2048, 2048, 2048, 2048, 2048, 2048, 2048, 2048]","[2048, 2049, 2048, 2049, 2048, 2048, 2048, 2048, 2048]","[2049, 2049, 2049, 2048, 2049, 2048, 2048]",308.0
1234,9507,81,6,2024-05-05T20:11:13.507000+00:00,31.305,35.473,26.1,208.0,184.0,False,92.878,"[None, 2048, 2051, 2048, 2048, 2049, 2049, 2049, 2048]","[2048, 2048, 2048, 2048, 2048, 2048, 2048, 2049, 2048]","[2048, 2048, 2048, 2048, 2048, 2048, 2048]",310.0
1234,9507,16,6,2024-05-05T20:11:14.085000+00:00,31.331,35.617,25.992,208.0,180.0,False,92.94,"[None, 2048, 2048, 2049, 2049, 2051, 2048, 2048, 2048]","[2049, 2049, 2049, 2049, 2048, 2048, 2048, 2048, 2048]","[2049, 2049, 2049, 2048, 2048, 2048, 2048]",328.0
1234,9507,55,6,2024-05-05T20:11:14.503000+00:00,31.56,35.492,25.859,,182.0,False,92.911,"[2049, 2048, 2048, 2049, 2049, 2049, 2051, 2048, 2048]","[2048, 2048, 2048, 2048, 2048, 2048, 2048, 2048, 2048]","[2048, 2049, 2049, 2048, 2048, 2048, 2048]",331.0
1234,9507,11,6,2024-05-05T20:11:16.038000+00:00,31.696,35.537,25.965,210.0,183.0,False,93.198,"[2049, 2048, 2048, 2048, 2048, 2049, 2049, 2048, 2048]","[2049, 2048, 2048, 2049, 2048, 2048, 2048, 2048, 2048]","[2049, 2048, 2048, 2049, 2048, 2048, 2048]",316.0
1234,9507,4,6,2024-05-05T20:11:17.977000+00:00,31.622,35.555,25.995,209.0,182.0,False,93.172,"[2048, 2048, 2048, 2051, 2048, 2048, 2048, 2048, 2048]","[2048, 2048, 2048, 2048, 2049, 2048, 2049, 2048, 2048]","[2048, 2048, 2049, 2049, 2048, 2048, 2048]",308.0
1234,9507,27,6,2024-05-05T20:11:20.041000+00:00,31.875,35.63,26.056,211.0,184.0,False,93.561,"[None, 2048, 2048, 2048, 2048, 2048, 2048, 2048, 2048]","[2048, 2048, 2048, 2048, 2048, 2048, 2049, 2048, 2048]","[2048, 2048, 2048, 2048, 2048, 2048, 2048]",314.0
1234,9507,44,6,2024-05-05T20:11:20.745000+00:00,31.816,35.777,26.086,203.0,182.0,False,93.679,"[None, 2048, 2048, 2049, 2048, 2049, 2049, 2048, 2048]","[2048, 2048, 2048, 2048, 2048, 2048, 2048, 2049, 2048]","[2048, 2049, 2049, 2049, 2048, 2048, 2048]",325.0
1234,9507,63,6,2024-05-05T20:11:22.362000+00:00,31.791,35.82,26.025,211.0,183.0,False,93.636,"[2048, 2048, 2049, 2049, 2048, 2049, 2049, 2048, 2049]","[2048, 2048, 2048, 2048, 2048, 2049, 2048, 2049, 2049]","[2048, 2048, 2048, 2048, 2049, 2048, 2048]",322.0
1234,9507,22,6,2024-05-05T20:11:23.076000+00:00,32.005,35.836,26.061,209.0,181.0,False,93.902,"[2048, 2048, 2048, 2048, 2048, 2049, 2048, 2048, 2048]","[2048, 2048, 2048, 2048, 2048, 2048, 2048, 2048, 2048]","[2048, 2048, 2048, 2048, 2049, 2048, 2048]",326.0
1234,9507,18,6,2024-05-05T20:11:23.544000+00:00,32.244,35.824,25.849,,185.0,False,93.917,"[2048, 2048, 2048, 2048, 2048, 2048, 2049, 2048, 2049]","[2048, 2048, 2048, 2048, 2049, 2048, 2048, 2049, 2048]","[2048, 2049, 2048, 2048, 2048, 2048, 2048]",332.0
1234,9507,10,6,2024-05-05T20:11:24.177000+00:00,32.323,35.683,25.998,,181.0,False,94.004,"[2049, 2048, 2048, 2048, 2048, 2048, 2049, 2049, 2048]","[2048, 2048, 2048, 2048, 2048, 2048, 2048, 2048, 2048]","[2049, 2049, 2049, 2048, 2048, 2048, 2048]",328.0
1234,9507,14,6,2024-05-05T20:11:24.901000+00:00,32.282,35.828,25.95,206.0,181.0,False,94.06,"[2048, 2048, 2048, 2048, 2048, 2048, 2048, 2048, 2048]","[2048, 2048, 2049, 2048, 2048, 2048, 2049, 2049, 2048]","[2048, 2048, 2048, 2049, 2048, 2048, 2048]",325.0
1234,9507,23,6,2024-05-05T20:11:25.570000+00:00,32.643,35.645,25.972,204.0,181.0,False,94.26,"[2048, 2048, 2048, 2048, 2048, 2048, 2048, 2048, 2048]","[2048, 2048, 2048, 2048, 2048, 2048, 2049, 2049, 2049]","[2048, 2048, 2048, 2048, 2048, 2048, 2048]",327.0
1234,9507,31,6,2024-05-05T20:11:25.996000+00:00,32.562,35.852,26.026,210.0,181.0,False,94.44,"[None, 2048, 2048, 2048, 2048, 2048, 2048, 2049, 2048]","[2049, 2049, 2049, 2049, 2048, 2048, 2049, 2048, 2048]","[2048, 2048, 2048, 2048, 2049, 2048, 2048]",314.0
1234,9507,2,6,2024-05-05T20:11:26.793000+00:00,32.715,35.831,25.919,210.0,179.0,False,94.465,"[None, 2048, 2048, 2048, 2048, 2048, 2048, 2048, 2048]","[2048, 2048, 2048, 2048, 2048, 2048, 2049, 2048, 2048]","[2048, 2048, 2049, 2048, 2049, 2048, 2048]",319.0
1234,9507,24,6,2024-05-05T20:11:27.926000+00:00,32.344,35.871,26.103,208.0,183.0,False,94.318,"[None, 2048, 2048, 2048, 2048, 2048, 2048, 2048, 2048]","[2048, 2048, 2048, 2048, 2048, 2048, 2048, 2048, 2048]","[2048, 2048, 2049, 2048, 2049, 2048, 2048]",309.0
1234,9507,77,6,2024-05-05T20:11:28.738000+00:00,32.365,35.942,26.066,210.0,184.0,False,94.373,"[None, 2048, 2048, 2049, 2048, 2048, 2048, 2048, 2048]","[2048, 2048, 2048, 2048, 2049, 2048, 2048, 2048, 2048]","[2048, 2048, 2048, 2048, 2048, 2048, 2048]",324.0
1234,9507,20,6,2024-05-05T20:11:30.066000+00:00,32.307,35.638,25.911,209.0,181.0,False,93.856,"[None, 2048, 2049, 2048, 2048, 2049, 2048, 2048, 2048]","[2049, 2048, 2048, 2048, 2048, 2048, 2049, 2049, 2049]","[2048, 2048, 2049, 2048, 2049, 2048, 2048]",339.0
1234,9507,3,6,2024-05-05T20:11:31.453000+00:00,32.231,35.7,26.051,204.0,181.0,False,93.982,"[None, 2049, 2048, 2049, 2048, 2049, 2049, 2048, 2048]","[2048, 2048, 2048, 2048, 2048, 2048, 2049, 2049, 2049]","[2048, 2048, 2048, 2049, 2048, 2048, 2048]",322.0
1234,9507,1,7,2024-05-05T20:12:44.103000+00:00,31.547,35.239,26.109,210.0,183.0,False,92.895,"[None, 2048, 2048, 2048, 2048, 2048, 2048, 2048, 2048]","[2048, 2049, 2048, 2048, 2048, 2048, 2048, 2048, 2048]","[2048, 2049, 2049, 2049, 2048, 2048, 2048]",309.0
1234,9507,81,7,2024-05-05T20:12:46.694000+00:00,31.58,35.566,26.209,212.0,184.0,False,93.355,"[None, 2048, 2048, 2048, 2049, 2049, 2048, 2049, 2048]","[2048, 2048, 2048, 2048, 2048, 2048, 2049, 2048, 2048]","[2048, 2048, 2048, 2048, 2048, 2048, 2048]",312.0
1234,9507,16,7,2024-05-05T20:12:47.313000+00:00,31.654,35.576,26.048,210.0,180.0,False,93.278,"[2048, 2048, 2048, 2048, 2048, 2048, 2048, 2048, 2048]","[2049, 2048, 2048, 2048, 2048, 2048, 2048, 2048, 2048]","[2048, 2048, 2049, 2048, 2048, 2048, 2048]",328.0
1234,9507,55,7,2024-05-05T20:12:47.451000+00:00,31.885,35.584,25.952,212.0,182.0,False,93.421,"[2048, 2048, 2048, 2048, 2049, 2048, 2048, 2048, 2048]","[2049, 2048, 2048, 2048, 2048, 2048, 2048, 2048, 2048]","[2048, 2048, 2048, 2048, 2048, 2048, 2048]",332.0
1234,9507,11,7,2024-05-05T20:12:49.237000+00:00,31.579,35.546,26.05,211.0,181.0,False,93.175,"[2048, 2048, 2049, 2048, 2048, 2049, 2049, 2048, 2048]","[2049, 2049, 2049, 2048, 2048, 2048, 2048, 2048, 2048]","[2048, 2049, 2048, 2048, 2048, 2048, 2048]",313.0
1234,9507,4,7,2024-05-05T20:12:51.171000+00:00,31.65,35.508,26.007,208.0,184.0,False,93.165,"[None, 2049, 2049, 2048, 2048, 2049, 2048, 2048, 2048]","[2048, 2048, 2048, 2048, 2048, 2048, 2049, 2048, 2048]","[2048, 2048, 2049, 2048, 2048, 2048, 2048]",310.0
1234,9507,27,7,2024-05-05T20:12:53.712000+00:00,32.097,36.764,26.092,,182.0,False,94.953,"[None, 2048, 2048, 2048, 2049, 2048, 2048, 2048, 2048]","[2048, 2048, 2048, 2048, 2049, 2048, 2048, 2048, 2048]","[2048, 2048, 2049, 2048, 2048, 2048, 2048]",316.0
1234,9507,44,7,2024-05-05T20:12:54.326000+00:00,31.729,35.544,27.193,208.0,181.0,False,94.466,"[2048, 2049, 2049, 2048, 2048, 2049, 2049, 2048, 2048]","[2049, 2049, 2049, 2049, 2049, 2048, 2049, 2049, 2048]","[2048, 2048, 2048, 2049, 2048, 2048, 2048]",311.0
1234,9507,63,7,2024-05-05T20:12:56.102000+00:00,31.869,35.849,26.218,210.0,181.0,False,93.936,"[None, 2049, 2049, 2048, 2048, 2049, 2048, 2048, 2048]","[2048, 2048, 2048, 2048, 2048, 2049, 2048, 2048, 2048]","[2048, 2048, 2048, 2049, 2048, 2048, 2048]",325.0
1234,9507,22,7,2024-05-05T20:12:56.967000+00:00,31.779,35.798,26.105,211.0,181.0,False,93.682,"[None, 2049, 2048, 2048, 2048, 2048, 2048, 2048, 2049]","[2048, 2048, 2048, 2048, 2048, 2048, 2048, 2048, 2048]","[2048, 2048, 2048, 2048, 2048, 2048, 2048]",313.0
1234,9507,18,7,2024-05-05T20:12:57.479000+00:00,32.314,35.782,25.968,210.0,186.0,False,94.064,"[None, 2048, 2048, 2048, 2049, 2049, 2048, 2048, 2048]","[2048, 2048, 2048, 2048, 2048, 2048, 2049, 2049, 2048]","[2048, 2048, 2048, 2049, 2048, 2048, 2048]",323.0
1234,9507,10,7,2024-05-05T20:12:58.292000+00:00,32.199,35.947,26.145,210.0,183.0,False,94.291,"[2048, 2048, 2048, 2048, 2048, 2049, 2048, 2048, 2048]","[2049, 2048, 2048, 2048, 2048, 2048, 2048, 2049, 2048]","[2049, 2048, 2048, 2048, 2048, 2048, 2048]",317.0
1234,9507,14,7,2024-05-05T20:12:58.999000+00:00,32.309,35.875,26.421,208.0,182.0,False,94.605,"[2049, 2048, 2048, 2048, 2048, 2048, 2048, 2048, 2048]","[2049, 2048, 2048, 2048, 2048, 2048, 2048, 2048, 2048]","[2049, 2049, 2048, 2048, 2048, 2049, 2048]",307.0
1234,9507,23,7,2024-05-05T20:12:59.815000+00:00,32.519,35.673,26.283,209.0,181.0,False,94.475,"[None, 2048, 2049, 2048, 2049, 2048, 2048, 2048, 2048]","[2048, 2048, 2048, 2048, 2048, 2048, 2049, 2048, 2048]","[2048, 2048, 2048, 2049, 2048, 2048, 2048]",334.0
1234,9507,31,7,2024-05-05T20:13:00.504000+00:00,32.259,35.931,25.937,208.0,180.0,False,94.127,"[2048, 2049, 2049, 2048, 2048, 2048, 2049, 2048, 2048]","[2048, 2048, 2048, 2048, 2048, 2048, 2048, 2048, 2048]","[2048, 2048, 2048, 2048, 2048, 2048, 2048]",335.0
1234,9507,2,7,2024-05-05T20:13:01.128000+00:00,32.346,35.904,26.391,209.0,180.0,False,94.641,"[None, 2048, 2048, 2048, 2048, 2049, 2049, 2049, 2048]","[2048, 2048, 2048, 2048, 2048, 2048, 2049, 2048, 2048]","[2048, 2048, 2049, 2048, 2048, 2048, 2048]",332.0
1234,9507,24,7,2024-05-05T20:13:02.243000+00:00,32.243,35.992,26.22,209.0,183.0,False,94.455,"[2049, 2048, 2048, 2048, 2049, 2048, 2048, 2048, 2048]","[2048, 2048, 2048, 2048, 2048, 2048, 2048, 2048, 2048]","[2048, 2048, 2048, 2048, 2048, 2048, 2048]",317.0
1234,9507,77,7,2024-05-05T20:13:03.055000+00:00,32.286,35.897,26.212,211.0,183.0,False,94.395,"[None, 2048, 2048, 2048, 2048, 2048, 2049, 2048, 2048]","[2048, 2048, 2048, 2048, 2048, 2048, 2048, 2049, 2048]","[2048, 2048, 2048, 2048, 2048, 2048, 2048]",319.0
1234,9507,20,7,2024-05-05T20:13:03.877000+00:00,32.589,35.766,26.311,,180.0,False,94.666,"[None, 2048, 2048, 2048, 2048, 2048, 2048, 2048, 2048]","[2048, 2049, 2048, 2048, 2048, 2048, 2048, 2048, 2048]","[2048, 2048, 2048, 2048, 2048, 2048, 2048]",321.0
1234,9507,3,7,2024-05-05T20:13:05.277000+00:00,32.216,35.758,26.371,206.0,181.0,False,94.345,"[None, 2048, 2048, 2048, 2049, 2049, 2048, 2048, 2048]","[2048, 2048, 2048, 2048, 2048, 2048, 2049, 2048, 2048]","[2048, 2048, 2048, 2048, 2048, 2048, 2048]",322.0
1234,9507,1,8,2024-05-05T20:14:17.050000+00:00,31.563,35.266,26.009,211.0,183.0,False,92.838,"[None, 2049, 2048, 2048, 2048, 2048, 2048, 2048, 2048]","[2048, 2049, 2049, 2048, 2048, 2048, 2048, 2048, 2048]","[2048, 2049, 2049, 2049, 2048, 2048, 2048]",311.0
1234,9507,81,8,2024-05-05T20:14:19.645000+00:00,31.606,35.402,26.059,207.0,183.0,False,93.067,"[None, 2048, 2048, 2048, 2049, 2048, 2048, 2048, 2048]","[2048, 2048, 2048, 2048, 2049, 2048, 2049, 2049, 2048]","[2048, 2048, 2048, 2048, 2048, 2048, 2048]",315.0
1234,9507,16,8,2024-05-05T20:14:20.372000+00:00,31.587,35.679,25.847,208.0,180.0,False,93.113,"[2049, 2048, 2048, 2048, 2048, 2048, 2048, 2048, 2048]","[2048, 2048, 2048, 2049, 2048, 2048, 2048, 2048, 2048]","[2049, 2049, 2049, 2051, 2048, 2048, 2048]",333.0
1234,9507,55,8,2024-05-05T20:14:20.778000+00:00,31.778,35.615,25.946,208.0,181.0,False,93.339,"[None, 2049, 2048, 2048, 2048, 2049, 2048, 2048, 2048]","[2048, 2048, 2048, 2048, 2048, 2048, 2048, 2048, 2048]","[2048, 2048, 2048, 2048, 2048, 2048, 2048]",333.0
1234,9507,11,8,2024-05-05T20:14:22.323000+00:00,31.845,35.375,25.927,209.0,182.0,False,93.147,"[None, 2048, 2048, 2048, 2048, 2048, 2048, 2048, 2048]","[2048, 2048, 2048, 2048, 2048, 2048, 2048, 2049, 2048]","[2049, 2049, 2049, 2048, 2048, 2048, 2048]",314.0
1234,9507,4,8,2024-05-05T20:14:24.264000+00:00,31.604,35.428,25.967,210.0,183.0,False,92.999,"[None, 2048, 2048, 2048, 2048, 2049, 2048, 2049, 2048]","[2048, 2048, 2048, 2048, 2049, 2048, 2049, 2048, 2048]","[2048, 2049, 2049, 2049, 2048, 2048, 2048]",309.0
1234,9507,27,8,2024-05-05T20:14:28.650000+00:00,32.18,35.946,26.178,,182.0,False,94.304,"[None, 2048, 2048, 2048, 2048, 2048, 2048, 2048, 2048]","[2048, 2048, 2048, 2048, 2048, 2048, 2048, 2048, 2048]","[2048, 2048, 2048, 2048, 2048, 2048, 2048]",318.0
1234,9507,44,8,2024-05-05T20:14:28.860000+00:00,32.4,36.121,26.1,203.0,181.0,False,94.621,"[None, 2048, 2048, 2048, 2048, 2048, 2048, 2048, 2048]","[2048, 2048, 2048, 2048, 2048, 2048, 2048, 2048, 2048]","[2048, 2048, 2048, 2048, 2048, 2048, 2048]",319.0
1234,9507,63,8,2024-05-05T20:14:29.926000+00:00,32.047,35.887,25.885,207.0,183.0,False,93.819,"[None, 2048, 2048, 2048, 2048, 2048, 2049, 2048, 2048]","[2048, 2048, 2048, 2048, 2048, 2048, 2048, 2048, 2048]","[2049, 2049, 2049, 2048, 2048, 2048, 2048]",333.0
1234,9507,22,8,2024-05-05T20:14:30.726000+00:00,32.253,35.829,25.94,,179.0,False,94.022,"[None, 2048, 2048, 2048, 2048, 2048, 2048, 2048, 2048]","[2048, 2048, 2048, 2048, 2048, 2048, 2048, 2048, 2048]","[2048, 2048, 2048, 2049, 2048, 2048, 2048]",328.0
1234,9507,18,8,2024-05-05T20:14:31.516000+00:00,32.162,35.704,25.902,,183.0,False,93.768,"[None, 2049, 2048, 2049, 2049, 2048, 2048, 2049, 2048]","[2048, 2048, 2048, 2048, 2049, 2048, 2048, 2048, 2048]","[2048, 2049, 2049, 2048, 2048, 2048, 2048]",327.0
1234,9507,10,8,2024-05-05T20:14:32.511000+00:00,32.029,35.732,26.043,211.0,182.0,False,93.804,"[None, 2048, 2048, 2048, 2049, 2048, 2048, 2048, 2048]","[2048, 2048, 2048, 2048, 2048, 2049, 2048, 2048, 2048]","[2049, 2048, 2049, 2049, 2048, 2048, 2048]",334.0
1234,9507,14,8,2024-05-05T20:14:33.547000+00:00,31.985,35.73,26.036,206.0,181.0,False,93.751,"[2048, 2048, 2048, 2048, 2049, 2049, 2049, 2051, 2048]","[2048, 2048, 2048, 2048, 2048, 2048, 2049, 2048, 2048]","[2049, 2049, 2048, 2048, 2048, 2048, 2048]",325.0
1234,9507,23,8,2024-05-05T20:14:34.139000+00:00,32.404,35.636,25.941,206.0,180.0,False,93.981,"[None, 2048, 2048, 2048, 2048, 2048, 2048, 2049, 2048]","[2048, 2048, 2048, 2048, 2048, 2049, 2048, 2048, 2048]","[2048, 2048, 2048, 2048, 2048, 2048, 2048]",326.0
1234,9507,31,8,2024-05-05T20:14:34.528000+00:00,32.613,35.929,25.948,209.0,180.0,False,94.49,"[None, 2048, 2048, 2048, 2048, 2049, 2048, 2048, 2048]","[2048, 2048, 2048, 2048, 2049, 2048, 2048, 2048, 2048]","[2048, 2048, 2048, 2048, 2048, 2048, 2048]",337.0
1234,9507,2,8,2024-05-05T20:14:35.809000+00:00,32.454,36.045,25.975,204.0,180.0,False,94.474,"[None, 2049, 2049, 2048, 2048, 2049, 2049, 2048, 2048]","[2048, 2048, 2048, 2048, 2048, 2048, 2048, 2048, 2048]","[2048, 2048, 2048, 2048, 2048, 2048, 2048]",326.0
1234,9507,24,8,2024-05-05T20:14:36.673000+00:00,32.324,36.064,26.151,207.0,181.0,False,94.539,"[None, 2048, 2048, 2048, 2048, 2048, 2048, 2048, 2048]","[2048, 2048, 2048, 2048, 2048, 2048, 2048, 2048, 2048]","[2048, 2048, 2049, 2048, 2048, 2048, 2048]",327.0
1234,9507,77,8,2024-05-05T20:14:37.503000+00:00,32.385,36.057,26.312,208.0,183.0,False,94.754,"[None, 2049, 2048, 2048, 2048, 2048, 2048, 2048, 2048]","[2048, 2048, 2048, 2048, 2049, 2048, 2048, 2048, 2048]","[2048, 2048, 2049, 2049, 2048, 2051, 2048]",330.0
1234,9507,20,8,2024-05-05T20:14:38.472000+00:00,33.145,35.878,26.169,205.0,180.0,False,95.192,"[None, 2049, 2048, 2048, 2048, 2049, 2049, 2048, 2048]","[2048, 2048, 2048, 2048, 2048, 2048, 2048, 2048, 2048]","[2048, 2048, 2048, 2048, 2048, 2049, 2048]",323.0
1234,9507,3,8,2024-05-05T20:14:39.686000+00:00,32.697,35.906,26.289,204.0,176.0,False,94.892,"[None, 2049, 2048, 2048, 2048, 2048, 2048, 2048, 2048]","[2048, 2048, 2048, 2048, 2048, 2048, 2048, 2048, 2048]","[2048, 2048, 2049, 2048, 2048, 2048, 2048]",323.0
1234,9507,1,9,2024-05-05T20:15:49.881000+00:00,31.903,35.254,26.132,207.0,183.0,False,93.289,"[None, 2049, 2048, 2048, 2048, 2048, 2048, 2048, 2048]","[2048, 2048, 2048, 2048, 2048, 2048, 2048, 2048, 2048]","[2048, 2048, 2048, 2048, 2048, 2048, 2048]",309.0
1234,9507,81,9,2024-05-05T20:15:52.740000+00:00,31.727,35.312,26.053,209.0,183.0,False,93.092,"[None, 2048, 2048, 2048, 2048, 2048, 2048, 2048, 2048]","[2048, 2048, 2048, 2048, 2049, 2048, 2048, 2049, 2048]","[2048, 2048, 2048, 2049, 2048, 2048, 2048]",317.0
1234,9507,16,9,2024-05-05T20:15:53.487000+00:00,31.759,35.498,25.895,205.0,180.0,False,93.152,"[2048, 2049, 2048, 2048, 2048, 2048, 2048, 2048, 2048]","[2048, 2048, 2048, 2048, 2048, 2048, 2048, 2048, 2048]","[2048, 2048, 2048, 2051, 2048, 2048, 2048]",329.0
1234,9507,55,9,2024-05-05T20:15:54.228000+00:00,31.982,35.333,25.763,,182.0,False,93.078,"[None, 2049, 2048, 2048, 2048, 2049, 2048, 2048, 2048]","[2048, 2048, 2048, 2048, 2049, 2048, 2048, 2049, 2048]","[2048, 2048, 2048, 2049, 2048, 2048, 2048]",334.0
1234,9507,11,9,2024-05-05T20:15:55.456000+00:00,31.967,35.492,26.031,208.0,183.0,False,93.49,"[2049, 2048, 2048, 2048, 2048, 2048, 2048, 2048, 2048]","[2048, 2049, 2049, 2049, 2048, 2048, 2048, 2049, 2048]","[2048, 2048, 2048, 2048, 2048, 2048, 2048]",315.0
1234,9507,4,9,2024-05-05T20:15:57.352000+00:00,31.724,35.615,26.09,207.0,182.0,False,93.429,"[None, 2049, 2048, 2048, 2048, 2048, 2049, 2048, 2048]","[2048, 2048, 2048, 2048, 2048, 2048, 2048, 2048, 2048]","[2048, 2048, 2048, 2048, 2048, 2048, 2048]",311.0
1234,9507,27,9,2024-05-05T20:16:02.898000+00:00,32.237,35.697,26.192,212.0,182.0,False,94.126,"[None, 2048, 2048, 2048, 2048, 2048, 2048, 2049, 2048]","[2048, 2048, 2048, 2048, 2048, 2048, 2048, 2048, 2048]","[2048, 2048, 2048, 2048, 2048, 2048, 2048]",321.0
1234,9507,44,9,2024-05-05T20:16:03.548000+00:00,32.167,35.749,26.108,204.0,182.0,False,94.024,"[None, 2048, 2048, 2048, 2048, 2048, 2048, 2048, 2048]","[2048, 2048, 2048, 2048, 2048, 2048, 2048, 2048, 2048]","[2049, 2049, 2049, 2048, 2048, 2048, 2048]",329.0
1234,9507,63,9,2024-05-05T20:16:03.860000+00:00,32.498,35.771,26.09,209.0,183.0,False,94.359,"[2049, 2048, 2048, 2048, 2048, 2048, 2048, 2048, 2048]","[2048, 2048, 2049, 2048, 2048, 2048, 2048, 2049, 2048]","[2048, 2048, 2048, 2048, 2048, 2048, 2048]",332.0
1234,9507,22,9,2024-05-05T20:16:04.627000+00:00,32.303,35.801,26.013,210.0,181.0,False,94.117,"[None, 2048, 2048, 2048, 2048, 2048, 2048, 2048, 2048]","[2048, 2048, 2049, 2048, 2048, 2048, 2048, 2048, 2048]","[2048, 2048, 2048, 2048, 2048, 2048, 2048]",325.0
1234,9507,18,9,2024-05-05T20:16:05.308000+00:00,32.359,35.828,25.913,,184.0,False,94.1,"[None, 2048, 2048, 2048, 2048, 2048, 2048, 2048, 2048]","[2048, 2048, 2048, 2048, 2048, 2048, 2048, 2048, 2048]","[2049, 2049, 2048, 2048, 2048, 2048, 2048]",325.0
1234,9507,10,9,2024-05-05T20:16:06.313000+00:00,32.218,35.792,25.943,209.0,181.0,False,93.953,"[2049, 2048, 2048, 2048, 2048, 2048, 2048, 2048, 2048]","[2048, 2048, 2048, 2048, 2048, 2048, 2048, 2049, 2048]","[2048, 2048, 2048, 2048, 2048, 2048, 2048]",330.0
1234,9507,14,9,2024-05-05T20:16:07.392000+00:00,32.15,35.811,26.045,,183.0,False,94.006,"[2049, 2049, 2048, 2048, 2048, 2048, 2048, 2048, 2048]","[2048, 2048, 2048, 2048, 2048, 2048, 2048, 2049, 2049]","[2049, 2048, 2048, 2048, 2048, 2048, 2048]",323.0
1234,9507,23,9,2024-05-05T20:16:08.246000+00:00,32.442,35.79,26.017,207.0,181.0,False,94.249,"[None, 2049, 2049, 2048, 2048, 2048, 2049, 2049, 2048]","[2048, 2048, 2048, 2048, 2048, 2048, 2048, 2048, 2048]","[2048, 2048, 2048, 2048, 2048, 2048, 2048]",327.0
1234,9507,31,9,2024-05-05T20:16:09.094000+00:00,32.272,35.808,26.039,210.0,181.0,False,94.119,"[None, 2049, 2049, 2048, 2048, 2048, 2048, 2048, 2048]","[2048, 2048, 2048, 2048, 2048, 2048, 2048, 2048, 2048]","[2048, 2048, 2048, 2048, 2048, 2048, 2048]",335.0
1234,9507,2,9,2024-05-05T20:16:10.312000+00:00,32.351,35.859,26.065,209.0,180.0,False,94.275,"[None, 2049, 2048, 2048, 2048, 2049, 2048, 2048, 2048]","[2048, 2048, 2048, 2048, 2048, 2049, 2049, 2048, 2048]","[2048, 2048, 2048, 2048, 2048, 2048, 2048]",325.0
1234,9507,24,9,2024-05-05T20:16:11.180000+00:00,32.315,35.892,26.056,210.0,184.0,False,94.263,"[2048, 2048, 2048, 2048, 2048, 2048, 2048, 2049, 2048]","[2048, 2048, 2048, 2048, 2048, 2048, 2048, 2048, 2048]","[2048, 2048, 2048, 2048, 2048, 2048, 2048]",315.0
1234,9507,77,9,2024-05-05T20:16:12.248000+00:00,32.448,35.905,26.244,212.0,183.0,False,94.597,"[None, 2048, 2048, 2048, 2048, 2049, 2048, 2048, 2048]","[2048, 2048, 2048, 2048, 2049, 2048, 2048, 2048, 2048]","[2048, 2048, 2048, 2048, 2048, 2048, 2048]",315.0
1234,9507,20,9,2024-05-05T20:16:13.683000+00:00,32.547,35.813,26.217,210.0,180.0,False,94.577,"[None, 2048, 2048, 2048, 2048, 2048, 2048, 2048, 2048]","[2048, 2048, 2048, 2048, 2048, 2048, 2048, 2048, 2048]","[2048, 2048, 2048, 2048, 2048, 2048, 2048]",324.0
1234,9507,3,9,2024-05-05T20:16:14.551000+00:00,32.516,35.823,26.316,206.0,180.0,False,94.655,"[None, 2048, 2048, 2048, 2048, 2048, 2048, 2048, 2048]","[2048, 2048, 2048, 2048, 2048, 2048, 2048, 2048, 2048]","[2048, 2048, 2048, 2048, 2048, 2048, 2048]",319.0
1234,9507,1,10,2024-05-05T20:17:23.104000+00:00,31.73,35.448,26.089,208.0,183.0,False,93.267,"[None, 2048, 2048, 2048, 2048, 2048, 2048, 2048, 2048]","[2048, 2048, 2049, 2049, 2048, 2048, 2048, 2048, 2048]","[2048, 2048, 2048, 2048, 2048, 2048, 2048]",311.0
1234,9507,81,10,2024-05-05T20:17:25.832000+00:00,31.799,35.626,26.167,211.0,183.0,False,93.592,"[None, 2048, 2048, 2048, 2048, 2048, 2048, 2048, 2048]","[2048, 2048, 2048, 2048, 2048, 2048, 2048, 2048, 2048]","[2048, 2048, 2048, 2048, 2048, 2048, 2048]",316.0
1234,9507,16,10,2024-05-05T20:17:26.568000+00:00,31.807,35.655,26.016,208.0,180.0,False,93.478,"[None, 2048, 2048, 2048, 2048, 2048, 2048, 2048, 2048]","[2048, 2049, 2049, 2048, 2048, 2048, 2048, 2048, 2048]","[2048, 2049, 2048, 2048, 2048, 2048, 2048]",329.0
1234,9507,55,10,2024-05-05T20:17:27.273000+00:00,31.791,35.665,25.878,210.0,181.0,False,93.334,"[None, 2048, 2048, 2048, 2048, 2048, 2048, 2048, 2048]","[2048, 2048, 2048, 2048, 2048, 2048, 2048, 2048, 2048]","[2048, 2048, 2048, 2048, 2048, 2048, 2048]",333.0
1234,9507,11,10,2024-05-05T20:17:29.031000+00:00,31.952,35.658,25.969,,182.0,False,93.579,"[2048, 2048, 2048, 2048, 2048, 2048, 2048, 2048, 2048]","[2048, 2048, 2048, 2048, 2049, 2048, 2048, 2048, 2048]","[2048, 2048, 2048, 2048, 2048, 2048, 2048]",317.0
1234,9507,4,10,2024-05-05T20:17:30.902000+00:00,31.754,35.549,25.927,206.0,183.0,False,93.23,"[None, 2048, 2048, 2048, 2048, 2049, 2049, 2048, 2048]","[2048, 2048, 2048, 2048, 2048, 2048, 2048, 2048, 2048]","[2048, 2049, 2049, 2048, 2048, 2048, 2048]",318.0
1234,9507,27,10,2024-05-05T20:17:37.081000+00:00,32.406,37.038,26.099,210.0,180.0,False,95.543,"[None, 2048, 2048, 2048, 2048, 2048, 2048, 2048, 2048]","[2048, 2048, 2048, 2048, 2048, 2048, 2048, 2048, 2048]","[2048, 2049, 2048, 2048, 2048, 2048, 2048]",334.0
1234,9507,44,10,2024-05-05T20:17:37.434000+00:00,32.404,35.73,26.468,,182.0,False,94.602,"[None, 2048, 2048, 2048, 2048, 2048, 2048, 2048, 2048]","[2048, 2048, 2048, 2048, 2049, 2048, 2048, 2048, 2048]","[2048, 2048, 2048, 2048, 2048, 2048, 2048]",311.0
1234,9507,63,10,2024-05-05T20:17:38.110000+00:00,32.439,36.205,26.141,207.0,184.0,False,94.785,"[2048, 2048, 2048, 2048, 2048, 2048, 2048, 2048, 2048]","[2048, 2048, 2048, 2048, 2048, 2048, 2048, 2048, 2048]","[2049, 2049, 2049, 2048, 2048, 2048, 2048]",325.0
1234,9507,22,10,2024-05-05T20:17:38.860000+00:00,32.517,36.121,26.278,209.0,180.0,False,94.916,"[None, 2048, 2048, 2048, 2048, 2048, 2048, 2048, 2048]","[2048, 2048, 2048, 2048, 2048, 2048, 2048, 2048, 2048]","[2048, 2048, 2048, 2049, 2048, 2048, 2048]",332.0
1234,9507,18,10,2024-05-05T20:17:39.375000+00:00,32.41,36.265,25.843,207.0,185.0,False,94.518,"[None, 2048, 2048, 2048, 2048, 2048, 2049, 2048, 2048]","[2048, 2048, 2048, 2048, 2048, 2048, 2048, 2048, 2048]","[2048, 2049, 2048, 2048, 2048, 2048, 2051]",322.0
1234,9507,10,10,2024-05-05T20:17:40.283000+00:00,32.394,36.14,26.197,210.0,178.0,False,94.731,"[2048, 2048, 2048, 2048, 2048, 2048, 2048, 2048, 2048]","[2048, 2048, 2048, 2048, 2048, 2048, 2048, 2048, 2048]","[2048, 2048, 2048, 2048, 2048, 2048, 2048]",325.0
1234,9507,14,10,2024-05-05T20:17:41.309000+00:00,32.448,35.907,26.264,,180.0,False,94.619,"[2048, 2048, 2048, 2048, 2048, 2048, 2048, 2048, 2048]","[2048, 2048, 2048, 2048, 2048, 2048, 2048, 2048, 2048]","[2048, 2048, 2048, 2048, 2048, 2048, 2048]",317.0
1234,9507,23,10,2024-05-05T20:17:42.390000+00:00,32.552,35.738,31.311,205.0,180.0,False,99.601,"[None, 2049, 2048, 2048, 2049, 2048, 2048, 2048, 2048]","[2048, 2048, 2048, 2048, 2048, 2048, 2048, 2048, 2049]","[2048, 2048, 2048, 2048, 2048, 2048, 2064]",327.0
1234,9507,31,10,2024-05-05T20:17:43.395000+00:00,32.355,35.906,26.095,208.0,180.0,False,94.356,"[None, 2048, 2048, 2048, 2048, 2048, 2048, 2048, 2048]","[2048, 2048, 2048, 2048, 2048, 2048, 2048, 2048, 2048]","[2048, 2048, 2048, 2048, 2048, 2048, 2048]",334.0
1234,9507,2,10,2024-05-05T20:17:44.503000+00:00,32.442,36.009,26.131,208.0,182.0,False,94.582,"[None, 2048, 2048, 2048, 2048, 2049, 2049, 2049, 2048]","[2048, 2048, 2048, 2048, 2048, 2048, 2048, 2048, 2048]","[2048, 2048, 2048, 2048, 2048, 2048, 2048]",322.0
1234,9507,24,10,2024-05-05T20:17:45.497000+00:00,32.293,35.825,26.168,,183.0,False,94.286,"[None, 2048, 2048, 2048, 2049, 2048, 2048, 2048, 2048]","[2048, 2048, 2048, 2048, 2048, 2048, 2048, 2048, 2048]","[2048, 2048, 2048, 2048, 2048, 2048, 2048]",332.0
1234,9507,77,10,2024-05-05T20:17:46.818000+00:00,32.429,36.014,26.283,210.0,184.0,False,94.726,"[None, 2048, 2048, 2048, 2048, 2048, 2048, 2048, 2048]","[2048, 2048, 2048, 2048, 2048, 2048, 2048, 2049, 2048]","[2048, 2048, 2048, 2048, 2048, 2048, 2048]",316.0
1234,9507,20,10,2024-05-05T20:17:48.262000+00:00,32.819,35.995,26.304,208.0,181.0,False,95.118,"[None, 2048, 2048, 2048, 2048, 2048, 2048, 2048, 2048]","[2048, 2048, 2048, 2048, 2048, 2048, 2048, 2048, 2048]","[2048, 2048, 2048, 2048, 2048, 2048, 2048]",318.0
1234,9507,3,10,2024-05-05T20:17:49.231000+00:00,32.625,36.09,26.578,204.0,179.0,False,95.293,"[None, 2048, 2048, 2048, 2048, 2048, 2048, 2048, 2048]","[2048, 2048, 2048, 2048, 2048, 2048, 2048, 2048, 2048]","[2048, 2048, 2048, 2048, 2048, 2048, 2048]",321.0
1234,9507,1,11,2024-05-05T20:18:56.379000+00:00,31.72,35.573,26.208,210.0,183.0,False,93.501,"[None, 2048, 2048, 2048, 2048, 2048, 2048, 2048, 2048]","[2048, 2048, 2048, 2048, 2048, 2048, 2048, 2048, 2048]","[2048, 2048, 2048, 2048, 2048, 2048, 2048]",301.0
1234,9507,81,11,2024-05-05T20:18:59.488000+00:00,31.478,35.619,26.165,212.0,184.0,False,93.262,"[None, 2048, 2048, 2048, 2049, 2048, 2051, 2049, 2048]","[2048, 2048, 2048, 2048, 2048, 2048, 2048, 2048, 2048]","[2048, 2048, 2048, 2048, 2048, 2048, 2048]",316.0
1234,9507,16,11,2024-05-05T20:19:00.084000+00:00,31.704,35.458,26.009,209.0,180.0,False,93.171,"[None, 2048, 2048, 2048, 2048, 2048, 2048, 2048, 2048]","[2048, 2048, 2048, 2048, 2048, 2048, 2048, 2048, 2048]","[2048, 2048, 2048, 2048, 2048, 2048, 2048]",329.0
1234,9507,55,11,2024-05-05T20:19:00.671000+00:00,31.966,35.461,25.928,208.0,182.0,False,93.355,"[None, 2048, 2048, 2048, 2049, 2048, 2048, 2048, 2048]","[2048, 2048, 2048, 2048, 2048, 2048, 2048, 2048, 2048]","[2048, 2048, 2048, 2048, 2048, 2048, 2048]",332.0
1234,9507,11,11,2024-05-05T20:19:02.660000+00:00,31.769,35.672,26.091,210.0,182.0,False,93.532,"[None, 2048, 2048, 2048, 2048, 2049, 2049, 2048, 2048]","[2048, 2048, 2048, 2048, 2048, 2048, 2048, 2048, 2048]","[2048, 2048, 2048, 2048, 2048, 2048, 2048]",305.0
1234,9507,4,11,2024-05-05T20:19:03.944000+00:00,31.625,35.785,26.022,209.0,184.0,False,93.432,"[2049, 2048, 2048, 2048, 2051, 2048, 2048, 2048, 2048]","[2048, 2048, 2048, 2048, 2048, 2048, 2048, 2048, 2048]","[2048, 2048, 2048, 2048, 2048, 2048, 2048]",304.0
1234,9507,44,11,2024-05-05T20:19:12.156000+00:00,31.995,36.047,26.33,210.0,182.0,False,94.372,"[None, 2048, 2048, 2048, 2048, 2049, 2049, 2048, 2048]","[2048, 2048, 2048, 2048, 2048, 2048, 2048, 2048, 2048]","[2048, 2048, 2048, 2048, 2049, 2048, 2048]",309.0
1234,9507,27,11,2024-05-05T20:19:12.655000+00:00,32.566,36.056,26.134,212.0,182.0,False,94.756,"[None, 2048, 2048, 2048, 2048, 2048, 2048, 2048, 2048]","[2048, 2048, 2048, 2048, 2048, 2048, 2048, 2048, 2048]","[2048, 2048, 2048, 2048, 2048, 2048, 2048]",318.0
1234,9507,63,11,2024-05-05T20:19:12.889000+00:00,32.62,36.151,26.034,209.0,182.0,False,94.805,"[None, 2048, 2048, 2048, 2048, 2048, 2048, 2048, 2048]","[2049, 2048, 2048, 2048, 2048, 2048, 2048, 2048, 2048]","[2048, 2048, 2048, 2048, 2048, 2048, 2048]",323.0
1234,9507,22,11,2024-05-05T20:19:13.694000+00:00,32.613,36.112,26.091,208.0,179.0,False,94.816,"[2049, 2048, 2048, 2048, 2049, 2048, 2048, 2048, 2048]","[2048, 2048, 2048, 2048, 2049, 2048, 2048, 2048, 2048]","[2048, 2048, 2048, 2048, 2048, 2048, 2048]",322.0
1234,9507,18,11,2024-05-05T20:19:13.861000+00:00,32.934,36.189,31.08,211.0,183.0,False,100.203,"[2051, 2048, 2048, 2048, 2049, 2048, 2048, 2048, 2048]","[2048, 2048, 2048, 2048, 2048, 2048, 2048, 2048, 2048]","[2048, 2048, 2048, 2048, 2048, 2048, 2064]",335.0
1234,9507,10,11,2024-05-05T20:19:15.058000+00:00,32.595,35.978,26.17,209.0,182.0,False,94.743,"[2049, 2048, 2048, 2048, 2048, 2048, 2048, 2048, 2048]","[2048, 2048, 2048, 2048, 2048, 2048, 2048, 2048, 2048]","[2049, 2048, 2048, 2048, 2048, 2048, 2048]",316.0
1234,9507,14,11,2024-05-05T20:19:15.969000+00:00,32.737,36.097,26.365,210.0,182.0,False,95.199,"[2049, 2049, 2048, 2048, 2048, 2048, 2048, 2048, 2048]","[2049, 2048, 2048, 2048, 2048, 2048, 2048, 2048, 2048]","[2048, 2048, 2048, 2048, 2048, 2048, 2048]",318.0
1234,9507,31,11,2024-05-05T20:19:17.401000+00:00,32.305,35.968,26.213,209.0,180.0,False,94.486,"[None, 2048, 2048, 2048, 2048, 2049, 2049, 2048, 2048]","[2048, 2048, 2048, 2048, 2048, 2048, 2048, 2048, 2048]","[2048, 2048, 2048, 2048, 2049, 2048, 2048]",322.0
1234,9507,2,11,2024-05-05T20:19:19.111000+00:00,32.523,35.848,31.021,211.0,182.0,False,99.392,"[None, 2048, 2048, 2049, 2048, 2048, 2048, 2048, 2048]","[2048, 2048, 2048, 2048, 2048, 2048, 2049, 2048, 2048]","[2048, 2048, 2048, 2048, 2049, 2048, 2064]",320.0
1234,9507,24,11,2024-05-05T20:19:19.701000+00:00,32.492,36.032,26.138,211.0,182.0,False,94.662,"[2049, 2048, 2048, 2048, 2048, 2048, 2048, 2048, 2048]","[2048, 2048, 2048, 2048, 2048, 2048, 2048, 2048, 2048]","[2048, 2048, 2048, 2048, 2048, 2048]",310.0
1234,9507,77,11,2024-05-05T20:19:21.470000+00:00,32.257,36.122,31.277,211.0,182.0,False,99.656,"[None, 2048, 2048, 2049, 2049, 2049, 2048, 2048, 2048]","[2048, 2048, 2048, 2048, 2048, 2048, 2048, 2048, 2048]","[2048, 2048, 2048, 2048, 2048, 2048, 2064]",319.0
1234,9507,23,11,2024-05-05T20:19:22.081000+00:00,46.829,35.135,25.949,208.0,183.0,True,107.913,"[2064, 2064, 2064, 2048, 2048, 2048, 2049, 2048, 2049]","[2048, 2048, 2048, 2048, 2048, 2049, 2049, 2049, 2049]","[2048, 2048, 2048, 2049, 2049, 2049, 2048]",323.0
1234,9507,20,11,2024-05-05T20:19:23.405000+00:00,32.619,36.205,26.328,209.0,182.0,False,95.152,"[None, 2048, 2048, 2048, 2048, 2048, 2049, 2048, 2048]","[2048, 2048, 2048, 2048, 2048, 2048, 2048, 2048, 2048]","[2048, 2048, 2048, 2048, 2048, 2048, 2048]",318.0
1234,9507,3,11,2024-05-05T20:19:24.545000+00:00,32.492,35.951,26.488,207.0,179.0,False,94.931,"[None, 2048, 2048, 2048, 2048, 2048, 2048, 2048, 2048]","[2048, 2048, 2048, 2048, 2049, 2048, 2048, 2049, 2048]","[2048, 2048, 2048, 2048, 2048, 2048, 2048]",322.0
1234,9507,1,12,2024-05-05T20:20:29.879000+00:00,31.605,35.354,26.138,211.0,183.0,False,93.097,"[None, 2048, 2048, 2048, 2049, 2048, 2048, 2048, 2048]","[2048, 2049, 2048, 2048, 2048, 2048, 2048, 2048, 2048]","[2048, 2048, 2048, 2048, 2048, 2048, 2048]",309.0
1234,9507,81,12,2024-05-05T20:20:32.993000+00:00,31.522,35.448,26.113,211.0,184.0,False,93.083,"[None, 2048, 2048, 2048, 2048, 2048, 2048, 2048, 2048]","[2048, 2048, 2048, 2048, 2049, 2048, 2048, 2048, 2048]","[2048, 2048, 2048, 2049, 2048, 2048, 2048]",315.0
1234,9507,16,12,2024-05-05T20:20:33.352000+00:00,31.557,35.636,25.93,208.0,180.0,False,93.123,"[2049, 2048, 2048, 2048, 2049, 2048, 2048, 2048, 2048]","[2048, 2049, 2049, 2049, 2048, 2048, 2048, 2048, 2048]","[2048, 2048, 2048, 2048, 2048, 2048, 2048]",331.0
1234,9507,55,12,2024-05-05T20:20:33.939000+00:00,31.771,35.506,25.876,,182.0,False,93.153,"[None, 2048, 2048, 2048, 2048, 2049, 2048, 2048, 2048]","[2048, 2048, 2048, 2048, 2049, 2048, 2048, 2048, 2048]","[2048, 2048, 2048, 2048, 2048, 2048, 2048]",330.0
1234,9507,11,12,2024-05-05T20:20:36.098000+00:00,31.911,35.596,26.248,205.0,182.0,False,93.755,"[None, 2048, 2048, 2048, 2048, 2048, 2048, 2048, 2048]","[2048, 2048, 2048, 2048, 2048, 2048, 2048, 2048, 2048]","[2048, 2048, 2048, 2048, 2048, 2048, 2048]",311.0
1234,9507,4,12,2024-05-05T20:20:37.456000+00:00,31.757,35.641,26.029,206.0,183.0,False,93.427,"[None, 2048, 2048, 2048, 2048, 2048, 2048, 2048, 2048]","[2048, 2048, 2048, 2048, 2048, 2048, 2048, 2048, 2048]","[2048, 2048, 2048, 2048, 2048, 2049, 2048]",314.0
1234,9507,44,12,2024-05-05T20:20:46.425000+00:00,31.809,35.943,26.238,205.0,183.0,False,93.99,"[None, 2049, 2048, 2048, 2048, 2048, 2048, 2048, 2048]","[2048, 2048, 2048, 2048, 2048, 2049, 2048, 2048, 2048]","[2048, 2048, 2048, 2049, 2048, 2049, 2048]",307.0
1234,9507,27,12,2024-05-05T20:20:47.367000+00:00,32.533,36.881,31.006,211.0,180.0,False,100.42,"[None, 2048, 2048, 2048, 2048, 2048, 2048, 2048, 2048]","[2048, 2048, 2048, 2048, 2048, 2048, 2048, 2048, 2048]","[2048, 2049, 2048, 2048, 2048, 2048, 2064]",331.0
1234,9507,63,12,2024-05-05T20:20:47.761000+00:00,32.489,35.757,26.146,207.0,182.0,False,94.392,"[None, 2048, 2048, 2048, 2048, 2048, 2048, 2048, 2048]","[2048, 2048, 2048, 2048, 2049, 2048, 2048, 2048, 2048]","[2048, 2048, 2048, 2048, 2048, 2048, 2048]",316.0
1234,9507,22,12,2024-05-05T20:20:48.564000+00:00,32.407,36.12,26.104,207.0,183.0,False,94.631,"[2048, 2048, 2048, 2048, 2048, 2048, 2048, 2048, 2048]","[2048, 2048, 2048, 2048, 2048, 2048, 2048, 2048, 2048]","[2049, 2049, 2049, 2048, 2048, 2049]",308.0
1234,9507,10,12,2024-05-05T20:20:49.693000+00:00,32.204,35.984,31.028,207.0,182.0,False,99.216,"[2048, 2048, 2048, 2048, 2049, 2048, 2049, 2048, 2048]","[2048, 2048, 2048, 2048, 2048, 2049, 2048, 2048, 2048]","[2048, 2048, 2048, 2048, 2048, 2048, 2064]",324.0
1234,9507,14,12,2024-05-05T20:20:51.137000+00:00,32.136,36.149,26.908,204.0,180.0,False,95.193,"[2048, 2048, 2048, 2048, 2048, 2048, 2048, 2048, 2048]","[2048, 2048, 2048, 2048, 2048, 2048, 2048, 2048, 2048]","[2048, 2048, 2048, 2048, 2048, 2048, 2048]",315.0
1234,9507,31,12,2024-05-05T20:20:52.036000+00:00,32.223,35.821,25.94,206.0,181.0,False,93.984,"[None, 2048, 2048, 2048, 2048, 2048, 2048, 2048, 2048]","[2048, 2048, 2048, 2048, 2048, 2048, 2048, 2048, 2048]","[2049, 2048, 2048, 2049, 2048, 2048, 2048]",344.0
1234,9507,18,12,2024-05-05T20:20:54.130000+00:00,47.312,37.044,25.777,209.0,184.0,True,110.133,"[2064, 2064, 2064, 2048, 2048, 2049, 2049, 2048, 2048]","[2048, 2048, 2048, 2048, 2048, 2048, 2048, 2048, 2048]","[2049, 2048, 2048, 2051, 2048, 2048, 2048]",335.0
1234,9507,24,12,2024-05-05T20:20:54.353000+00:00,32.118,36.09,26.247,206.0,184.0,False,94.455,"[2048, 2048, 2048, 2049, 2049, 2048, 2048, 2048, 2048]","[2048, 2048, 2048, 2048, 2048, 2049, 2048, 2048, 2048]","[2048, 2048, 2048, 2048, 2048, 2048, 2048]",312.0
1234,9507,2,12,2024-05-05T20:20:58.502000+00:00,47.161,35.495,26.192,210.0,185.0,True,108.848,"[2064, 2064, 2064, 2048, 2048, 2048, 2048, 2048, 2049]","[2048, 2048, 2048, 2048, 2048, 2049, 2049, 2049, 2049]","[2048, 2048, 2048, 2049, 2048, 2051, 2048]",323.0
1234,9507,20,12,2024-05-05T20:20:58.502000+00:00,32.325,35.928,26.36,208.0,181.0,False,94.613,"[None, 2048, 2048, 2048, 2048, 2048, 2048, 2048, 2049]","[2048, 2048, 2048, 2048, 2048, 2048, 2048, 2049, 2048]","[2048, 2048, 2048, 2048, 2048, 2049, 2048]",317.0
1234,9507,3,12,2024-05-05T20:20:59.487000+00:00,32.368,35.812,26.378,206.0,180.0,False,94.558,"[None, 2048, 2048, 2048, 2048, 2048, 2048, 2048, 2048]","[2048, 2048, 2048, 2048, 2048, 2048, 2048, 2049, 2048]","[2048, 2048, 2048, 2048, 2048, 2048, 2048]",324.0
1234,9507,77,12,2024-05-05T20:21:01.163000+00:00,47.772,35.654,26.133,214.0,185.0,True,109.559,"[2064, 2064, 2064, 2048, 2048, 2048, 2048, 2048, 2049]","[2048, 2048, 2048, 2048, 2048, 2049, 2049, 2049, 2049]","[2048, 2048, 2048, 2048, 2049, 2048, 0]",311.0
1234,9507,23,12,2024-05-05T20:21:09.969000+00:00,32.068,35.929,26.422,,181.0,False,94.419,"[2048, 2049, 2049, 2048, 2048, 2048, 2048, 2048, 2048]","[2048, 2048, 2048, 2048, 2049, 2048, 2048, 2048, 2049]","[2048, 2048, 2048, 2049, 2048, 2049, 2049]",326.0
1234,9507,1,13,2024-05-05T20:22:03.046000+00:00,31.578,35.441,26.11,210.0,183.0,False,93.129,"[None, 2048, 2048, 2048, 2049, 2048, 2049, 2048, 2048]","[2048, 2048, 2049, 2048, 2048, 2048, 2048, 2048, 2048]","[2048, 2048, 2048, 2049, 2048, 2048, 2048]",310.0
1234,9507,81,13,2024-05-05T20:22:05.852000+00:00,31.56,35.52,26.082,209.0,184.0,False,93.162,"[None, 2048, 2048, 2048, 2048, 2048, 2051, 2048, 2048]","[2048, 2048, 2048, 2048, 2048, 2048, 2048, 2049, 2048]","[2048, 2048, 2048, 2048, 2048, 2048, 2048]",317.0
1234,9507,16,13,2024-05-05T20:22:06.362000+00:00,31.637,35.683,26.007,209.0,182.0,False,93.327,"[2048, 2048, 2048, 2048, 2048, 2048, 2048, 2048, 2048]","[2048, 2048, 2048, 2048, 2048, 2048, 2048, 2048, 2048]","[2049, 2048, 2048, 2048, 2048, 2048, 2048]",322.0
1234,9507,55,13,2024-05-05T20:22:07.094000+00:00,31.622,35.723,26.26,209.0,182.0,False,93.605,"[None, 2049, 2048, 2048, 2049, 2048, 2048, 2048, 2048]","[2048, 2048, 2048, 2048, 2048, 2048, 2048, 2048, 2048]","[2048, 2048, 2048, 2048, 2048, 2048, 2048]",331.0
1234,9507,11,13,2024-05-05T20:22:09.891000+00:00,31.964,35.848,26.159,206.0,182.0,False,93.971,"[None, 2048, 2048, 2048, 2048, 2048, 2048, 2048, 2048]","[2048, 2048, 2048, 2048, 2049, 2048, 2048, 2048, 2048]","[2048, 2048, 2048, 2048, 2048, 2048, 2048]",311.0
1234,9507,4,13,2024-05-05T20:22:10.766000+00:00,31.771,35.753,25.978,,183.0,False,93.502,"[2048, 2048, 2048, 2048, 2048, 2048, 2048, 2048, 2048]","[2048, 2048, 2048, 2049, 2048, 2048, 2048, 2048, 2048]","[2048, 2049, 2049, 2048, 2048, 2049, 2049]",327.0
1234,9507,44,13,2024-05-05T20:22:20.475000+00:00,31.751,35.869,26.251,208.0,182.0,False,93.871,"[None, 2049, 2049, 2048, 2048, 2049, 2048, 2048, 2049]","[2048, 2048, 2048, 2048, 2048, 2048, 2048, 2049, 2048]","[2048, 2048, 2048, 2048, 2048, 2048, 2048]",314.0
1234,9507,63,13,2024-05-05T20:22:22.101000+00:00,31.992,35.903,26.146,210.0,182.0,False,94.041,"[None, 2048, 2048, 2048, 2048, 2049, 2049, 2049, 2048]","[2048, 2048, 2048, 2048, 2048, 2048, 2048, 2049, 2048]","[2048, 2048, 2048, 2048, 2048, 2048, 2048]",315.0
1234,9507,22,13,2024-05-05T20:22:23.105000+00:00,32.096,35.959,26.634,212.0,181.0,False,94.689,"[None, 2048, 2048, 2048, 2048, 2048, 2048, 2048, 2048]","[2048, 2048, 2048, 2048, 2048, 2048, 2048, 2049, 2048]","[2048, 2048, 2048, 2048, 2048, 2048, 2048]",315.0
1234,9507,31,13,2024-05-05T20:22:25.916000+00:00,31.887,35.931,26.276,209.0,182.0,False,94.094,"[None, 2048, 2049, 2048, 2048, 2049, 2049, 2049, 2049]","[2048, 2048, 2048, 2048, 2048, 2048, 2049, 2049, 2049]","[2048, 2048, 2048, 2048, 2048, 2048, 2048]",317.0
1234,9507,14,13,2024-05-05T20:22:26.290000+00:00,32.342,36.047,26.268,205.0,181.0,False,94.657,"[None, 2048, 2048, 2048, 2048, 2048, 2048, 2048, 2048]","[2048, 2048, 2048, 2048, 2048, 2048, 2048, 2048, 2048]","[2048, 2048, 2048, 2048, 2048, 2048, 2048]",307.0
1234,9507,27,13,2024-05-05T20:22:27.755000+00:00,46.945,35.569,26.081,212.0,184.0,True,108.595,"[2064, 2064, 2064, 2048, 2048, 2049, 2048, 2048, 2048]","[2048, 2048, 2048, 2048, 2048, 2049, 2048, 2048, 2049]","[2048, 2048, 2048, 2049, 2048, 2048, 2048]",313.0
1234,9507,24,13,2024-05-05T20:22:28.808000+00:00,32.221,36.121,26.324,208.0,182.0,False,94.666,"[None, 2048, 2048, 2049, 2049, 2048, 2048, 2048, 2048]","[2048, 2048, 2048, 2048, 2048, 2048, 2048, 2049, 2048]","[2048, 2048, 2048, 2048, 2048, 2048, 2048]",311.0
1234,9507,10,13,2024-05-05T20:22:28.924000+00:00,46.719,35.395,25.9,211.0,182.0,True,108.014,"[2064, 2064, 2064, 2048, 2048, 2048, 2048, 2048, 2049]","[2048, 2048, 2048, 2048, 2048, 2049, 2049, 2049, 2049]","[2048, 2048, 2048, 2048, 2049, 2049, 2048]",330.0
1234,9507,20,13,2024-05-05T20:22:33.081000+00:00,32.317,35.915,26.373,,181.0,False,94.605,"[None, 2048, 2049, 2048, 2048, 2048, 2048, 2048, 2048]","[2048, 2048, 2048, 2048, 2048, 2048, 2049, 2049, 2048]","[2048, 2048, 2048, 2048, 2048, 2048]",315.0
1234,9507,3,13,2024-05-05T20:22:33.946000+00:00,32.337,35.887,26.181,205.0,181.0,False,94.405,"[None, 2048, 2048, 2048, 2048, 2048, 2049, 2048, 2048]","[2048, 2048, 2048, 2048, 2048, 2048, 2048, 2048, 2048]","[2048, 2048, 2048, 2048, 2048, 2048, 2048]",325.0
1234,9507,18,13,2024-05-05T20:22:44.373000+00:00,32.177,35.785,25.974,208.0,183.0,False,93.936,"[2048, 2049, 2049, 2049, 2048, 2048, 2048, 2048, 2048]","[2048, 2048, 2048, 2048, 2048, 2048, 2048, 2049, 2048]","[2048, 2048, 2048, 2048, 2049, 2048, 2048]",323.0
1234,9507,23,13,2024-05-05T20:22:44.373000+00:00,32.533,35.832,26.125,206.0,179.0,False,94.49,"[None, 2048, 2048, 2048, 2049, 2048, 2048, 2048, 2048]","[2048, 2048, 2048, 2048, 2048, 2048, 2048, 2048, 2048]","[2048, 2048, 2048, 2048, 2048, 2048, 2048]",336.0
1234,9507,2,13,2024-05-05T20:22:47.419000+00:00,32.027,35.676,26.003,,182.0,False,93.706,"[2048, 2049, 2049, 2048, 2048, 2048, 2048, 2049, 2048]","[2048, 2048, 2048, 2048, 2048, 2048, 2048, 2048, 2048]","[2048, 2048, 2048, 2048, 2048, 2048, 2048]",322.0
1234,9507,77,13,2024-05-05T20:22:50.668000+00:00,31.689,35.96,26.154,211.0,185.0,False,93.803,"[2048, 2048, 2049, 2049, 2049, 2049, 2049, 2048, 2048]","[2048, 2048, 2048, 2048, 2049, 2048, 2048, 2048, 2049]","[2048, 2048, 2048, 2048, 2048, 2048, 2048]",315.0
1234,9507,1,14,2024-05-05T20:23:36.148000+00:00,31.442,35.397,26.079,,183.0,False,92.918,"[None, 2048, 2048, 2051, 2049, 2049, 2048, 2048, 2048]","[2048, 2048, 2048, 2048, 2048, 2048, 2048, 2048, 2048]","[2049, 2049, 2048, 2048, 2048, 2048, 2048]",310.0
1234,9507,81,14,2024-05-05T20:23:38.930000+00:00,31.586,35.508,26.089,208.0,184.0,False,93.183,"[None, 2048, 2048, 2048, 2049, 2048, 2048, 2048, 2048]","[2048, 2048, 2048, 2048, 2048, 2048, 2048, 2048, 2048]","[2048, 2048, 2048, 2048, 2048, 2048, 2048]",316.0
1234,9507,16,14,2024-05-05T20:23:39.803000+00:00,31.595,35.514,25.856,208.0,182.0,False,92.965,"[None, 2048, 2048, 2048, 2048, 2051, 2049, 2048, 2048]","[2049, 2049, 2049, 2048, 2048, 2048, 2048, 2048, 2048]","[2049, 2048, 2048, 2048, 2048, 2048, 2048]",329.0
1234,9507,55,14,2024-05-05T20:23:40.704000+00:00,31.618,35.44,25.934,208.0,182.0,False,92.992,"[None, 2048, 2048, 2048, 2049, 2049, 2048, 2048, 2048]","[2048, 2048, 2048, 2048, 2049, 2048, 2048, 2048, 2048]","[2048, 2048, 2048, 2048, 2048, 2048, 2048]",329.0
1234,9507,11,14,2024-05-05T20:23:43.821000+00:00,31.882,35.804,26.146,208.0,182.0,False,93.832,"[None, 2048, 2048, 2048, 2048, 2048, 2048, 2048, 2048]","[2048, 2048, 2048, 2048, 2048, 2048, 2048, 2048, 2048]","[2048, 2048, 2048, 2048, 2048, 2048, 2048]",311.0
1234,9507,4,14,2024-05-05T20:23:44.370000+00:00,31.893,35.884,25.987,208.0,183.0,False,93.764,"[2049, 2048, 2048, 2048, 2048, 2048, 2048, 2048, 2048]","[2048, 2049, 2049, 2049, 2048, 2048, 2048, 2048, 2048]","[2049, 2049, 2048, 2048, 2048, 2048, 2048]",310.0
1234,9507,44,14,2024-05-05T20:23:54.356000+00:00,31.721,35.809,26.163,209.0,183.0,False,93.693,"[None, 2049, 2048, 2048, 2048, 2049, 2049, 2048, 2048]","[2048, 2048, 2048, 2048, 2048, 2048, 2049, 2048, 2048]","[2048, 2048, 2048, 2048, 2049, 2048, 2048]",312.0
1234,9507,63,14,2024-05-05T20:23:56.165000+00:00,31.761,35.753,26.079,208.0,181.0,False,93.593,"[None, 2048, 2048, 2048, 2048, 2048, 2048, 2048, 2048]","[2048, 2048, 2048, 2048, 2048, 2048, 2048, 2049, 2048]","[2048, 2048, 2048, 2048, 2048, 2048, 2048]",320.0
1234,9507,22,14,2024-05-05T20:23:57.832000+00:00,31.964,35.761,26.25,211.0,182.0,False,93.975,"[None, 2048, 2048, 2048, 2048, 2049, 2049, 2049, 2048]","[2048, 2048, 2048, 2048, 2048, 2049, 2048, 2048, 2048]","[2048, 2048, 2048, 2048, 2049, 2048, 2048]",312.0
1234,9507,31,14,2024-05-05T20:24:00.130000+00:00,31.929,35.873,26.265,,182.0,False,94.067,"[None, 2048, 2049, 2048, 2048, 2048, 2049, 2049, 2048]","[2048, 2048, 2048, 2048, 2048, 2048, 2048, 2049, 2049]","[2048, 2048, 2048, 2048, 2048, 2048, 2048]",315.0
1234,9507,14,14,2024-05-05T20:24:00.976000+00:00,32.072,36.157,26.389,,181.0,False,94.618,"[None, 2048, 2048, 2048, 2048, 2048, 2048, 2048, 2048]","[2048, 2048, 2048, 2048, 2048, 2048, 2048, 2048, 2048]","[2048, 2048, 2048, 2048, 2048, 2049, 2048]",304.0
1234,9507,24,14,2024-05-05T20:24:03.604000+00:00,32.004,35.992,26.199,,183.0,False,94.195,"[None, 2048, 2048, 2049, 2049, 2048, 2048, 2049, 2048]","[2048, 2048, 2048, 2048, 2048, 2048, 2048, 2049, 2048]","[2048, 2048, 2048, 2048, 2048, 2048, 2048]",311.0
1234,9507,20,14,2024-05-05T20:24:07.652000+00:00,32.069,35.928,26.221,207.0,181.0,False,94.218,"[None, 2048, 2048, 2049, 2048, 2049, 2049, 2048, 2048]","[2048, 2048, 2048, 2048, 2048, 2048, 2048, 2048, 2048]","[2048, 2048, 2048, 2048, 2048, 2049, 2048]",317.0
1234,9507,3,14,2024-05-05T20:24:08.314000+00:00,32.303,35.877,26.131,204.0,180.0,False,94.311,"[None, 2048, 2048, 2049, 2049, 2048, 2048, 2048, 2048]","[2048, 2048, 2048, 2048, 2048, 2048, 2048, 2049, 2048]","[2048, 2048, 2048, 2048, 2048, 2048, 2048]",326.0
1234,9507,27,14,2024-05-05T20:24:16.322000+00:00,31.465,35.867,25.972,213.0,184.0,False,93.304,"[2048, 2048, 2049, 2048, 2048, 2049, 2049, 2049, 2048]","[2048, 2048, 2048, 2048, 2048, 2048, 2049, 2048, 2049]","[2048, 2048, 2048, 2049, 2048, 2048, 2048]",316.0
1234,9507,10,14,2024-05-05T20:24:17.082000+00:00,31.827,35.517,26.031,212.0,183.0,False,93.375,"[2048, 2048, 2049, 2048, 2049, 2048, 2049, 2048, 2048]","[2048, 2048, 2048, 2048, 2048, 2049, 2049, 2048, 2048]","[2049, 2048, 2048, 2048, 2048, 2048, 2048]",322.0
1234,9507,18,14,2024-05-05T20:24:18.175000+00:00,31.802,35.62,25.94,210.0,185.0,False,93.362,"[None, 2048, 2049, 2049, 2049, 2048, 2049, 2051, 2048]","[2048, 2048, 2048, 2048, 2048, 2049, 2049, 2049, 2048]","[2048, 2048, 2048, 2048, 2048, 2048, 2048]",321.0
1234,9507,23,14,2024-05-05T20:24:18.848000+00:00,32.128,35.653,26.148,210.0,178.0,False,93.929,"[None, 2048, 2048, 2048, 2048, 2048, 2048, 2048, 2048]","[2048, 2048, 2048, 2048, 2048, 2048, 2048, 2048, 2048]","[2048, 2048, 2048, 2048, 2048, 2048, 2048]",323.0
1234,9507,2,14,2024-05-05T20:24:21.039000+00:00,32.104,35.535,26.053,208.0,182.0,False,93.692,"[None, 2048, 2048, 2048, 2048, 2048, 2049, 2049, 2048]","[2048, 2048, 2048, 2048, 2048, 2048, 2049, 2048, 2049]","[2048, 2048, 2048, 2048, 2048, 2048, 2048]",321.0
1234,9507,77,14,2024-05-05T20:24:24.481000+00:00,31.642,35.777,26.175,,185.0,False,93.594,"[None, 2048, 2048, 2049, 2048, 2049, 2048, 2049, 2048]","[2048, 2048, 2048, 2048, 2048, 2048, 2048, 2048, 2048]","[2048, 2048, 2048, 2048, 2048, 2048, 2048]",312.0
1234,9507,1,15,2024-05-05T20:25:09.082000+00:00,31.402,35.279,26.126,209.0,183.0,False,92.807,"[2049, 2048, 2048, 2049, 2049, 2048, 2049, 2049, 2048]","[2048, 2048, 2048, 2049, 2049, 2048, 2048, 2048, 2048]","[2049, 2048, 2048, 2048, 2048, 2048, 2048]",311.0
1234,9507,81,15,2024-05-05T20:25:12.079000+00:00,31.299,35.349,26.119,210.0,184.0,False,92.767,"[None, 2049, 2048, 2049, 2049, 2048, 2048, 2048, 2048]","[2048, 2048, 2048, 2048, 2048, 2048, 2048, 2048, 2048]","[2048, 2048, 2048, 2048, 2048, 2048, 2048]",317.0
1234,9507,16,15,2024-05-05T20:25:12.658000+00:00,31.417,35.433,25.839,211.0,182.0,False,92.689,"[None, 2048, 2048, 2049, 2049, 2048, 2048, 2048, 2048]","[2049, 2049, 2049, 2048, 2049, 2048, 2048, 2048, 2048]","[2049, 2049, 2048, 2048, 2048, 2048, 2048]",329.0
1234,9507,55,15,2024-05-05T20:25:13.649000+00:00,31.434,35.564,26.121,210.0,184.0,False,93.119,"[None, 2048, 2049, 2049, 2048, 2048, 2051, 2048, 2048]","[2048, 2048, 2048, 2048, 2048, 2048, 2048, 2048, 2048]","[2048, 2048, 2048, 2048, 2048, 2048, 2048]",314.0
1234,9507,11,15,2024-05-05T20:25:17.633000+00:00,31.567,35.705,26.065,209.0,183.0,False,93.337,"[None, 2048, 2048, 2048, 2049, 2048, 2048, 2048, 2048]","[2048, 2048, 2048, 2048, 2048, 2048, 2048, 2048, 2048]","[2048, 2048, 2048, 2048, 2048, 2048, 2048]",310.0
1234,9507,4,15,2024-05-05T20:25:18.074000+00:00,31.733,35.813,25.926,,183.0,False,93.472,"[2048, 2048, 2048, 2051, 2048, 2048, 2048, 2048, 2048]","[2048, 2048, 2048, 2048, 2048, 2048, 2048, 2048, 2048]","[2049, 2048, 2048, 2048, 2048, 2048, 2049]",322.0
1234,9507,44,15,2024-05-05T20:25:28.081000+00:00,31.424,35.685,26.235,207.0,182.0,False,93.344,"[None, 2048, 2049, 2049, 2049, 2048, 2048, 2048, 2049]","[2048, 2048, 2048, 2048, 2048, 2048, 2048, 2048, 2048]","[2048, 2048, 2048, 2048, 2048, 2048, 2048]",309.0
1234,9507,63,15,2024-05-05T20:25:29.728000+00:00,31.672,35.671,26.046,207.0,182.0,False,93.389,"[None, 2048, 2049, 2049, 2049, 2049, 2048, 2048, 2048]","[2048, 2048, 2048, 2048, 2048, 2048, 2048, 2048, 2048]","[2048, 2048, 2048, 2048, 2048, 2048, 2048]",320.0
1234,9507,22,15,2024-05-05T20:25:31.818000+00:00,31.625,35.531,26.181,,182.0,False,93.337,"[None, 2048, 2048, 2049, 2048, 2049, 2048, 2048, 2048]","[2048, 2048, 2048, 2048, 2048, 2048, 2048, 2049, 2048]","[2048, 2048, 2048, 2048, 2048, 2048, 2048]",316.0
1234,9507,31,15,2024-05-05T20:25:34.153000+00:00,31.743,35.668,26.174,,182.0,False,93.585,"[None, 2048, 2049, 2049, 2048, 2048, 2048, 2048, 2048]","[2048, 2048, 2048, 2048, 2048, 2049, 2048, 2049, 2048]","[2048, 2048, 2048, 2048, 2048, 2048, 2048]",316.0
1234,9507,14,15,2024-05-05T20:25:35.584000+00:00,32.104,36.038,26.208,206.0,182.0,False,94.35,"[None, 2048, 2048, 2049, 2049, 2049, 2048, 2048, 2048]","[2048, 2048, 2048, 2048, 2048, 2048, 2049, 2048, 2048]","[2048, 2048, 2048, 2048, 2048, 2048, 2048]",306.0
1234,9507,24,15,2024-05-05T20:25:37.736000+00:00,,36.012,26.15,210.0,182.0,False,94.166,"[None, 2048, 2049, 2048, 2048, 2048, 2048, 2048, 2048]","[2048, 2048, 2048, 2048, 2048, 2048, 2048, 2048, 2049]","[2048, 2048, 2048, 2048, 2048, 2048, 2048]",310.0
1234,9507,20,15,2024-05-05T20:25:42.057000+00:00,32.099,35.622,26.174,208.0,182.0,False,93.895,"[None, 2048, 2049, 2049, 2048, 2049, 2048, 2048, 2048]","[2048, 2048, 2048, 2048, 2048, 2049, 2048, 2048, 2048]","[2048, 2048, 2048, 2048, 2048, 2049, 2048]",318.0
1234,9507,3,15,2024-05-05T20:25:42.708000+00:00,32.099,35.816,26.103,206.0,180.0,False,94.018,"[None, 2048, 2048, 2048, 2048, 2048, 2048, 2049, 2049]","[2048, 2048, 2048, 2048, 2049, 2048, 2048, 2048, 2048]","[2048, 2048, 2048, 2048, 2048, 2048, 2048]",330.0
1234,9507,27,15,2024-05-05T20:25:49.542000+00:00,31.596,35.366,25.96,214.0,184.0,False,92.922,"[None, 2048, 2048, 2049, 2049, 2048, 2048, 2048, 2048]","[2048, 2048, 2048, 2048, 2048, 2048, 2048, 2049, 2048]","[2048, 2048, 2048, 2048, 2048, 2048, 2048]",316.0
1234,9507,10,15,2024-05-05T20:25:50.433000+00:00,31.68,35.328,25.986,209.0,181.0,False,92.994,"[None, 2048, 2049, 2049, 2048, 2048, 2048, 2048, 2049]","[2048, 2048, 2048, 2048, 2048, 2048, 2049, 2048, 2048]","[2048, 2048, 2048, 2048, 2048, 2048, 2048]",322.0
1234,9507,18,15,2024-05-05T20:25:51.609000+00:00,31.814,35.707,25.958,,185.0,False,93.479,"[None, 2048, 2048, 2048, 2048, 2048, 2048, 2048, 2048]","[2048, 2048, 2048, 2048, 2048, 2048, 2048, 2048, 2048]","[2048, 2048, 2048, 2048, 2049, 2048, 2048]",322.0
1234,9507,23,15,2024-05-05T20:25:52.840000+00:00,32.072,35.358,26.017,209.0,179.0,False,93.447,"[None, 2048, 2049, 2048, 2048, 2049, 2048, 2048, 2048]","[2048, 2048, 2048, 2048, 2048, 2049, 2048, 2048, 2048]","[2048, 2048, 2048, 2048, 2048, 2048, 2048]",322.0
1234,9507,2,15,2024-05-05T20:25:54.744000+00:00,32.123,35.381,25.948,210.0,181.0,False,93.452,"[None, 2049, 2048, 2048, 2048, 2048, 2049, 2049, 2048]","[2048, 2048, 2048, 2048, 2048, 2048, 2048, 2049, 2048]","[2048, 2048, 2048, 2048, 2048, 2048, 2048]",326.0
1234,9507,77,15,2024-05-05T20:25:58.198000+00:00,31.776,35.683,26.156,,184.0,False,93.615,"[None, 2048, 2048, 2048, 2048, 2048, 2048, 2048, 2048]","[2048, 2048, 2048, 2048, 2048, 2048, 2048, 2048, 2048]","[2048, 2048, 2048, 2048, 2048, 2048, 2048]",315.0
1234,9507,1,16,2024-05-05T20:26:41.840000+00:00,31.413,35.262,26.074,210.0,184.0,False,92.749,"[None, 2048, 2048, 2048, 2048, 2048, 2049, 2048, 2048]","[2048, 2048, 2049, 2049, 2048, 2048, 2048, 2048, 2048]","[2048, 2049, 2048, 2048, 2048, 2048, 2048]",309.0
1234,9507,81,16,2024-05-05T20:26:44.844000+00:00,31.448,35.317,26.02,211.0,184.0,False,92.785,"[None, 2048, 2048, 2049, 2049, 2048, 2048, 2048, 2048]","[2048, 2048, 2048, 2048, 2049, 2048, 2048, 2048, 2048]","[2048, 2048, 2048, 2049, 2048, 2048, 2048]",317.0
1234,9507,16,16,2024-05-05T20:26:45.548000+00:00,31.725,35.369,25.932,208.0,180.0,False,93.026,"[None, 2048, 2048, 2048, 2048, 2048, 2048, 2048, 2048]","[2048, 2048, 2048, 2048, 2049, 2048, 2048, 2048, 2048]","[2048, 2048, 2048, 2048, 2048, 2048, 2048]",328.0
1234,9507,55,16,2024-05-05T20:26:46.851000+00:00,31.665,35.548,26.032,209.0,183.0,False,93.245,"[None, 2048, 2048, 2048, 2048, 2048, 2048, 2048, 2048]","[2048, 2048, 2048, 2048, 2048, 2048, 2048, 2048, 2048]","[2048, 2048, 2048, 2048, 2048, 2048, 2048]",314.0
1234,9507,11,16,2024-05-05T20:26:50.988000+00:00,31.535,35.654,25.985,,182.0,False,93.174,"[None, 2049, 2048, 2049, 2048, 2048, 2049, 2048, 2048]","[2048, 2048, 2048, 2048, 2048, 2048, 2048, 2048, 2048]","[2048, 2048, 2048, 2049, 2048, 2048, 2048]",317.0
1234,9507,4,16,2024-05-05T20:26:51.651000+00:00,31.564,35.686,25.941,209.0,183.0,False,93.191,"[2049, 2048, 2048, 2048, 2048, 2048, 2048, 2048, 2048]","[2048, 2049, 2049, 2048, 2048, 2048, 2048, 2048, 2048]","[2048, 2048, 2048, 2048, 2048, 2048, 2048]",318.0
1234,9507,44,16,2024-05-05T20:27:01.385000+00:00,31.57,35.757,26.194,205.0,183.0,False,93.521,"[None, 2048, 2048, 2048, 2048, 2048, 2049, 2048, 2048]","[2048, 2048, 2048, 2048, 2048, 2048, 2048, 2048, 2049]","[2048, 2048, 2048, 2048, 2048, 2048, 2048]",312.0
1234,9507,63,16,2024-05-05T20:27:03.175000+00:00,31.716,35.657,26.05,206.0,182.0,False,93.423,"[None, 2048, 2048, 2048, 2048, 2048, 2048, 2049, 2048]","[2048, 2048, 2048, 2048, 2048, 2048, 2049, 2048, 2048]","[2048, 2048, 2048, 2049, 2048, 2048, 2048]",321.0
1234,9507,22,16,2024-05-05T20:27:05.155000+00:00,31.887,35.634,26.162,,183.0,False,93.683,"[None, 2048, 2048, 2048, 2048, 2048, 2048, 2048, 2048]","[2048, 2048, 2048, 2048, 2048, 2048, 2049, 2048, 2049]","[2048, 2048, 2048, 2048, 2048, 2048, 2048]",315.0
1234,9507,31,16,2024-05-05T20:27:07.755000+00:00,31.711,35.672,26.162,210.0,181.0,False,93.545,"[None, 2049, 2048, 2049, 2048, 2048, 2048, 2048, 2049]","[2048, 2048, 2048, 2048, 2048, 2048, 2049, 2048, 2049]","[2048, 2048, 2048, 2049, 2048, 2048, 2048]",316.0
1234,9507,14,16,2024-05-05T20:27:09.910000+00:00,31.995,35.858,26.355,204.0,182.0,False,94.208,"[None, 2048, 2049, 2048, 2048, 2048, 2048, 2048, 2048]","[2048, 2048, 2048, 2048, 2048, 2048, 2049, 2049, 2049]","[2048, 2048, 2048, 2048, 2048, 2049, 2048]",304.0
1234,9507,24,16,2024-05-05T20:27:11.922000+00:00,31.871,35.987,26.147,209.0,183.0,False,94.005,"[None, 2048, 2048, 2049, 2049, 2048, 2048, 2049, 2048]","[2048, 2048, 2048, 2048, 2048, 2049, 2048, 2048, 2048]","[2048, 2048, 2048, 2048, 2048, 2048, 2048]",312.0
1234,9507,20,16,2024-05-05T20:27:15.882000+00:00,32.078,35.796,26.251,207.0,182.0,False,94.125,"[None, 2048, 2048, 2048, 2048, 2048, 2048, 2048, 2048]","[2048, 2048, 2048, 2048, 2048, 2048, 2048, 2048, 2048]","[2048, 2048, 2048, 2048, 2048, 2048, 2048]",317.0
1234,9507,3,16,2024-05-05T20:27:16.750000+00:00,32.261,35.827,26.18,205.0,182.0,False,94.268,"[None, 2048, 2048, 2048, 2048, 2048, 2048, 2048, 2048]","[2048, 2048, 2048, 2048, 2048, 2048, 2049, 2049, 2048]","[2049, 2048, 2048, 2048, 2048, 2048, 2048]",317.0
1234,9507,27,16,2024-05-05T20:27:22.652000+00:00,32.197,35.553,25.981,212.0,184.0,False,93.731,"[None, 2048, 2048, 2048, 2048, 2048, 2048, 2048, 2048]","[2048, 2048, 2048, 2048, 2048, 2048, 2048, 2048, 2048]","[2048, 2048, 2048, 2048, 2048, 2048, 2048]",317.0
1234,9507,10,16,2024-05-05T20:27:23.373000+00:00,32.027,35.55,25.977,,183.0,False,93.554,"[None, 2048, 2048, 2049, 2049, 2048, 2048, 2048, 2048]","[2048, 2048, 2048, 2048, 2048, 2048, 2048, 2048, 2048]","[2049, 2048, 2048, 2048, 2048, 2048, 2048]",326.0
1234,9507,18,16,2024-05-05T20:27:25.066000+00:00,31.958,35.847,26.053,209.0,185.0,False,93.858,"[None, 2049, 2048, 2048, 2049, 2048, 2048, 2048, 2048]","[2048, 2048, 2048, 2048, 2048, 2048, 2048, 2048, 2048]","[2048, 2048, 2048, 2048, 2048, 2048, 2048]",318.0
1234,9507,23,16,2024-05-05T20:27:26.253000+00:00,32.389,35.615,26.174,208.0,180.0,False,94.178,"[None, 2049, 2048, 2048, 2048, 2048, 2048, 2048, 2048]","[2048, 2048, 2048, 2048, 2048, 2048, 2048, 2048, 2048]","[2048, 2048, 2048, 2048, 2048, 2048, 2048]",319.0
1234,9507,2,16,2024-05-05T20:27:28.315000+00:00,32.244,35.667,26.111,209.0,181.0,False,94.022,"[None, 2048, 2048, 2048, 2048, 2048, 2048, 2048, 2048]","[2048, 2048, 2048, 2048, 2048, 2048, 2048, 2048, 2048]","[2048, 2048, 2048, 2048, 2048, 2048, 2048]",323.0
1234,9507,77,16,2024-05-05T20:27:31.711000+00:00,31.819,35.899,26.178,,184.0,False,93.896,"[None, 2049, 2048, 2048, 2048, 2048, 2048, 2048, 2048]","[2048, 2048, 2048, 2048, 2048, 2048, 2048, 2048, 2048]","[2048, 2048, 2048, 2048, 2048, 2048, 2048]",312.0
1234,9507,1,17,2024-05-05T20:28:14.550000+00:00,31.36,35.419,26.141,211.0,183.0,False,92.92,"[2048, 2048, 2048, 2048, 2048, 2049, 2049, 2049, 2048]","[2049, 2049, 2048, 2048, 2048, 2048, 2048, 2048, 2048]","[2048, 2048, 2048, 2048, 2048, 2048, 2048]",308.0
1234,9507,81,17,2024-05-05T20:28:17.599000+00:00,31.562,35.451,26.071,209.0,184.0,False,93.084,"[None, 2048, 2048, 2048, 2048, 2048, 2048, 2048, 2048]","[2048, 2048, 2048, 2048, 2049, 2048, 2048, 2048, 2048]","[2048, 2048, 2048, 2048, 2048, 2048, 2048]",316.0
1234,9507,16,17,2024-05-05T20:28:18.445000+00:00,31.683,35.402,25.983,,180.0,False,93.068,"[None, 2049, 2048, 2048, 2048, 2048, 2048, 2048, 2048]","[2048, 2048, 2049, 2048, 2048, 2048, 2048, 2048, 2048]","[2048, 2048, 2048, 2048, 2048, 2048, 2048]",329.0
1234,9507,55,17,2024-05-05T20:28:20.171000+00:00,31.487,35.669,26.074,208.0,182.0,False,93.23,"[None, 2048, 2048, 2048, 2048, 2048, 2048, 2048, 2048]","[2048, 2048, 2048, 2048, 2048, 2048, 2048, 2048, 2048]","[2048, 2048, 2048, 2048, 2048, 2048, 2048]",314.0
1234,9507,11,17,2024-05-05T20:28:24.172000+00:00,31.643,35.746,31.596,208.0,183.0,False,98.985,"[None, 2048, 2048, 2048, 2049, 2048, 2048, 2048, 2048]","[2048, 2048, 2048, 2048, 2048, 2048, 2048, 2048, 2048]","[2048, 2048, 2048, 2048, 2048, 2048, 2064]",321.0
1234,9507,4,17,2024-05-05T20:28:24.739000+00:00,31.729,35.603,26.131,210.0,186.0,False,93.463,"[2048, 2048, 2048, 2048, 2048, 2048, 2048, 2048, 2048]","[2048, 2048, 2048, 2048, 2048, 2048, 2048, 2048, 2048]","[2049, 2049, 2049, 2048, 2048, 2048]",325.0
1234,9507,44,17,2024-05-05T20:28:34.813000+00:00,31.505,35.655,26.442,209.0,183.0,False,93.602,"[None, 2048, 2048, 2048, 2048, 2048, 2048, 2048, 2048]","[2048, 2048, 2048, 2048, 2048, 2048, 2048, 2048, 2049]","[2048, 2048, 2048, 2048, 2048, 2048, 2048]",313.0
1234,9507,63,17,2024-05-05T20:28:36.602000+00:00,31.649,35.705,26.253,209.0,182.0,False,93.607,"[None, 2048, 2049, 2048, 2048, 2048, 2048, 2049, 2048]","[2048, 2048, 2048, 2048, 2048, 2048, 2048, 2049, 2048]","[2048, 2048, 2048, 2049, 2048, 2048, 2048]",319.0
1234,9507,22,17,2024-05-05T20:28:38.904000+00:00,31.656,35.678,26.602,210.0,182.0,False,93.936,"[None, 2048, 2049, 2048, 2048, 2048, 2048, 2048, 2048]","[2048, 2048, 2048, 2048, 2048, 2049, 2048, 2048, 2048]","[2048, 2048, 2048, 2048, 2048, 2048, 2048]",317.0
1234,9507,31,17,2024-05-05T20:28:41.387000+00:00,31.827,35.802,26.368,,181.0,False,93.997,"[None, 2049, 2048, 2048, 2048, 2048, 2048, 2048, 2049]","[2048, 2048, 2048, 2048, 2048, 2048, 2048, 2048, 2048]","[2048, 2048, 2048, 2048, 2048, 2048, 2048]",317.0
1234,9507,14,17,2024-05-05T20:28:44.217000+00:00,31.851,36.064,26.345,208.0,182.0,False,94.26,"[None, 2049, 2049, 2048, 2049, 2048, 2048, 2048, 2048]","[2048, 2048, 2048, 2048, 2048, 2048, 2048, 2048, 2048]","[2048, 2048, 2048, 2049, 2048, 2048, 2048]",319.0
1234,9507,24,17,2024-05-05T20:28:45.980000+00:00,31.792,36.054,26.249,210.0,183.0,False,94.095,"[None, 2048, 2048, 2048, 2049, 2048, 2048, 2048, 2048]","[2048, 2048, 2048, 2048, 2048, 2048, 2048, 2048, 2049]","[2048, 2048, 2048, 2048, 2048, 2048, 2048]",316.0
1234,9507,20,17,2024-05-05T20:28:50.045000+00:00,32.063,35.802,26.275,209.0,182.0,False,94.14,"[None, 2048, 2048, 2048, 2048, 2049, 2049, 2048, 2048]","[2048, 2048, 2048, 2048, 2048, 2048, 2048, 2048, 2048]","[2048, 2048, 2048, 2048, 2048, 2048, 2048]",318.0
1234,9507,3,17,2024-05-05T20:28:50.951000+00:00,32.021,35.767,26.245,206.0,179.0,False,94.033,"[None, 2049, 2048, 2048, 2049, 2048, 2048, 2048, 2048]","[2048, 2048, 2048, 2048, 2049, 2048, 2048, 2048, 2048]","[2048, 2048, 2048, 2048, 2048, 2048, 2048]",326.0
1234,9507,27,17,2024-05-05T20:28:56.264000+00:00,31.7,35.877,26.044,213.0,182.0,False,93.621,"[None, 2048, 2048, 2048, 2049, 2048, 2048, 2048, 2048]","[2048, 2048, 2048, 2048, 2048, 2048, 2048, 2048, 2048]","[2048, 2048, 2048, 2049, 2048, 2048, 2048]",318.0
1234,9507,10,17,2024-05-05T20:28:56.941000+00:00,31.718,35.756,26.056,211.0,181.0,False,93.53,"[None, 2048, 2048, 2048, 2049, 2049, 2048, 2048, 2048]","[2049, 2048, 2048, 2048, 2048, 2048, 2048, 2048, 2048]","[2048, 2048, 2048, 2048, 2048, 2048, 2048]",342.0
1234,9507,18,17,2024-05-05T20:28:58.847000+00:00,31.706,35.78,25.987,212.0,184.0,False,93.473,"[None, 2048, 2049, 2049, 2048, 2048, 2049, 2048, 2048]","[2048, 2048, 2048, 2048, 2048, 2048, 2048, 2048, 2048]","[2048, 2048, 2048, 2048, 2048, 2048, 2048]",322.0
1234,9507,23,17,2024-05-05T20:29:00.435000+00:00,31.987,35.621,26.075,209.0,181.0,False,93.683,"[None, 2048, 2048, 2048, 2048, 2049, 2048, 2049, 2048]","[2048, 2048, 2048, 2048, 2048, 2048, 2048, 2048, 2048]","[2048, 2048, 2048, 2048, 2048, 2048, 2048]",325.0
1234,9507,2,17,2024-05-05T20:29:02.303000+00:00,32.076,35.656,25.985,210.0,182.0,False,93.717,"[None, 2048, 2048, 2048, 2048, 2049, 2048, 2049, 2048]","[2048, 2048, 2048, 2048, 2048, 2048, 2048, 2048, 2048]","[2048, 2048, 2048, 2048, 2048, 2048, 2048]",324.0
1234,9507,77,17,2024-05-05T20:29:05.770000+00:00,31.551,35.812,26.287,213.0,184.0,False,93.65,"[None, 2049, 2048, 2049, 2049, 2049, 2048, 2048, 2048]","[2048, 2048, 2048, 2048, 2048, 2048, 2048, 2048, 2048]","[2048, 2048, 2048, 2048, 2048, 2048, 2048]",318.0
1234,9507,1,18,2024-05-05T20:29:47.515000+00:00,31.388,35.398,26.236,209.0,184.0,False,93.022,"[None, 2048, 2048, 2049, 2049, 2048, 2048, 2048, 2048]","[2048, 2048, 2048, 2048, 2049, 2048, 2048, 2048, 2048]","[2049, 2049, 2048, 2048, 2048, 2049, 2048]",309.0
1234,9507,81,18,2024-05-05T20:29:50.807000+00:00,31.345,35.499,26.131,211.0,184.0,False,92.975,"[None, 2048, 2048, 2048, 2048, 2048, 2048, 2048, 2048]","[2048, 2048, 2048, 2048, 2049, 2048, 2048, 2048, 2048]","[2048, 2048, 2048, 2048, 2048, 2048, 2048]",316.0
1234,9507,16,18,2024-05-05T20:29:51.508000+00:00,31.483,35.461,25.885,209.0,180.0,False,92.829,"[2049, 2048, 2048, 2048, 2049, 2048, 2048, 2048, 2048]","[2048, 2048, 2048, 2048, 2049, 2048, 2048, 2048, 2048]","[2048, 2048, 2048, 2049, 2048, 2048, 2048]",332.0
1234,9507,55,18,2024-05-05T20:29:53.280000+00:00,31.464,35.501,26.1,212.0,183.0,False,93.065,"[None, 2048, 2048, 2049, 2048, 2048, 2048, 2051, 2048]","[2048, 2048, 2048, 2048, 2048, 2048, 2048, 2048, 2048]","[2048, 2048, 2048, 2048, 2048, 2048, 2048]",315.0
1234,9507,4,18,2024-05-05T20:29:58.142000+00:00,31.495,35.607,26.048,209.0,184.0,False,93.15,"[None, 2048, 2048, 2051, 2051, 2048, 2048, 2048, 2048]","[2048, 2048, 2048, 2048, 2049, 2048, 2048, 2048, 2048]","[2048, 2048, 2048, 2048, 2048, 2048, 2048]",310.0
1234,9507,11,18,2024-05-05T20:30:03.049000+00:00,45.577,35.222,25.75,210.0,184.0,True,106.549,"[2064, 2064, 2064, 2048, 2048, 2048, 2048, 2048, 2049]","[2048, 2048, 2048, 2048, 2049, 2049, 2048, 2048, 2049]","[2049, 2049, 2049, 2048, 2048, 2048, 0]",323.0
1234,9507,44,18,2024-05-05T20:30:08.475000+00:00,31.376,35.687,26.243,210.0,183.0,False,93.306,"[None, 2048, 2049, 2049, 2048, 2049, 2051, 2048, 2048]","[2048, 2048, 2048, 2048, 2048, 2048, 2048, 2049, 2048]","[2048, 2048, 2048, 2049, 2048, 2048, 2048]",309.0
1234,9507,63,18,2024-05-05T20:30:10.137000+00:00,31.733,35.838,26.134,210.0,182.0,False,93.705,"[None, 2048, 2048, 2048, 2048, 2048, 2049, 2049, 2048]","[2048, 2048, 2048, 2048, 2048, 2048, 2048, 2049, 2048]","[2048, 2048, 2048, 2048, 2048, 2048, 2048]",316.0
1234,9507,22,18,2024-05-05T20:30:12.767000+00:00,31.825,35.625,26.295,211.0,184.0,False,93.745,"[None, 2048, 2048, 2048, 2048, 2049, 2048, 2048, 2048]","[2048, 2048, 2048, 2048, 2048, 2048, 2048, 2049, 2049]","[2048, 2048, 2048, 2048, 2048, 2048, 2048]",311.0
1234,9507,31,18,2024-05-05T20:30:15.250000+00:00,31.797,35.865,26.228,209.0,182.0,False,93.89,"[None, 2048, 2048, 2048, 2048, 2048, 2048, 2048, 2048]","[2048, 2048, 2048, 2048, 2048, 2048, 2048, 2048, 2048]","[2049, 2048, 2048, 2048, 2048, 2049, 2048]",315.0
1234,9507,14,18,2024-05-05T20:30:18.416000+00:00,31.966,35.956,26.235,205.0,183.0,False,94.157,"[None, 2048, 2049, 2049, 2049, 2048, 2048, 2048, 2048]","[2048, 2048, 2048, 2048, 2048, 2048, 2048, 2048, 2049]","[2048, 2048, 2048, 2048, 2048, 2049, 2048]",309.0
1234,9507,24,18,2024-05-05T20:30:20.044000+00:00,32.034,36.183,26.177,208.0,183.0,False,94.394,"[None, 2048, 2048, 2048, 2048, 2048, 2048, 2048, 2048]","[2048, 2048, 2048, 2048, 2048, 2048, 2048, 2048, 2048]","[2048, 2048, 2048, 2048, 2048, 2048, 2048]",316.0
1234,9507,20,18,2024-05-05T20:30:24.120000+00:00,32.097,35.723,26.216,208.0,182.0,False,94.036,"[None, 2048, 2048, 2049, 2048, 2048, 2048, 2048, 2048]","[2048, 2048, 2048, 2048, 2048, 2048, 2048, 2049, 2048]","[2048, 2048, 2048, 2048, 2048, 2048, 2048]",318.0
1234,9507,3,18,2024-05-05T20:30:25.045000+00:00,32.128,35.836,26.27,204.0,181.0,False,94.234,"[None, 2048, 2048, 2048, 2049, 2049, 2049, 2048, 2048]","[2048, 2048, 2048, 2048, 2048, 2048, 2048, 2048, 2048]","[2048, 2048, 2048, 2048, 2048, 2048, 2048]",313.0
1234,9507,27,18,2024-05-05T20:30:29.979000+00:00,31.828,35.731,26.049,,183.0,False,93.608,"[None, 2048, 2048, 2048, 2048, 2049, 2048, 2048, 2048]","[2048, 2048, 2048, 2048, 2048, 2048, 2048, 2048, 2048]","[2048, 2048, 2048, 2048, 2048, 2048, 2048]",316.0
1234,9507,10,18,2024-05-05T20:30:30.454000+00:00,31.886,35.734,26.187,209.0,183.0,False,93.807,"[None, 2048, 2048, 2048, 2048, 2048, 2048, 2048, 2048]","[2048, 2048, 2048, 2048, 2048, 2048, 2048, 2048, 2048]","[2048, 2048, 2048, 2048, 2048, 2048, 2048]",325.0
1234,9507,18,18,2024-05-05T20:30:32.310000+00:00,31.895,36.006,25.96,210.0,184.0,False,93.861,"[None, 2048, 2049, 2049, 2049, 2049, 2048, 2048, 2048]","[2048, 2048, 2048, 2048, 2048, 2048, 2048, 2048, 2048]","[2048, 2048, 2048, 2048, 2048, 2048, 2048]",322.0
1234,9507,23,18,2024-05-05T20:30:34.216000+00:00,31.99,35.639,26.063,208.0,180.0,False,93.692,"[None, 2048, 2049, 2048, 2048, 2049, 2048, 2048, 2048]","[2048, 2048, 2048, 2048, 2048, 2048, 2048, 2048, 2048]","[2048, 2048, 2048, 2048, 2048, 2048, 2048]",322.0
1234,9507,2,18,2024-05-05T20:30:36.057000+00:00,31.955,35.77,25.955,209.0,182.0,False,93.68,"[None, 2048, 2048, 2049, 2048, 2049, 2048, 2048, 2048]","[2048, 2048, 2048, 2048, 2048, 2048, 2048, 2048, 2048]","[2048, 2048, 2048, 2048, 2048, 2048, 2048]",323.0
1234,9507,77,18,2024-05-05T20:30:39.336000+00:00,31.946,35.876,26.234,211.0,183.0,False,94.056,"[None, 2048, 2048, 2048, 2048, 2048, 2048, 2048, 2048]","[2048, 2048, 2048, 2048, 2048, 2048, 2048, 2048, 2048]","[2048, 2048, 2048, 2048, 2048, 2048, 2048]",311.0
1234,9507,1,19,2024-05-05T20:31:20.552000+00:00,31.331,35.313,26.024,210.0,185.0,False,92.668,"[None, 2048, 2048, 2049, 2049, 2048, 2048, 2048, 2048]","[2048, 2048, 2048, 2048, 2048, 2048, 2048, 2048, 2048]","[2048, 2048, 2048, 2048, 2048, 2048, 2049]",310.0
1234,9507,81,19,2024-05-05T20:31:23.671000+00:00,31.472,35.525,26.112,,184.0,False,93.109,"[None, 2048, 2048, 2048, 2048, 2048, 2048, 2048, 2048]","[2048, 2048, 2048, 2048, 2048, 2048, 2048, 2048, 2048]","[2048, 2048, 2048, 2048, 2048, 2048, 2048]",316.0
1234,9507,16,19,2024-05-05T20:31:24.264000+00:00,31.584,35.584,31.071,,182.0,False,98.239,"[2048, 2048, 2048, 2048, 2048, 2048, 2048, 2048, 2048]","[2048, 2048, 2048, 2048, 2048, 2048, 2048, 2048, 2048]","[2048, 2048, 2048, 2048, 2048, 2048, 2064]",328.0
1234,9507,55,19,2024-05-05T20:31:26.511000+00:00,31.391,35.42,26.027,206.0,184.0,False,92.838,"[None, 2048, 2049, 2049, 2048, 2048, 2049, 2048, 2048]","[2048, 2048, 2048, 2048, 2048, 2048, 2049, 2049, 2048]","[2048, 2048, 2048, 2048, 2048, 2048, 2048]",314.0
1234,9507,4,19,2024-05-05T20:31:31.352000+00:00,31.179,35.329,25.968,211.0,184.0,False,92.476,"[None, 2048, 2049, 2051, 2051, 2049, 2049, 2049, 2048]","[2048, 2048, 2048, 2048, 2049, 2048, 2048, 2048, 2049]","[2048, 2048, 2048, 2048, 2048, 2048, 2048]",311.0
1234,9507,44,19,2024-05-05T20:31:41.757000+00:00,31.405,35.772,26.156,211.0,183.0,False,93.333,"[None, 2048, 2048, 2049, 2049, 2048, 2048, 2048, 2048]","[2048, 2048, 2048, 2048, 2048, 2048, 2048, 2048, 2048]","[2048, 2048, 2048, 2048, 2048, 2048, 2048]",313.0
1234,9507,63,19,2024-05-05T20:31:43.826000+00:00,31.706,35.794,26.062,209.0,183.0,False,93.562,"[None, 2049, 2048, 2048, 2049, 2048, 2048, 2048, 2048]","[2048, 2048, 2048, 2048, 2048, 2048, 2048, 2048, 2048]","[2048, 2048, 2048, 2048, 2048, 2048, 2048]",319.0
1234,9507,22,19,2024-05-05T20:31:46.512000+00:00,31.551,35.627,26.204,,183.0,False,93.382,"[None, 2048, 2048, 2048, 2048, 2049, 2048, 2048, 2048]","[2048, 2048, 2048, 2048, 2048, 2049, 2048, 2048, 2048]","[2048, 2048, 2048, 2048, 2049, 2048, 2048]",312.0
1234,9507,31,19,2024-05-05T20:31:49.131000+00:00,31.785,36.898,26.053,210.0,181.0,False,94.736,"[None, 2048, 2048, 2048, 2049, 2048, 2048, 2048, 2048]","[2048, 2048, 2048, 2048, 2048, 2048, 2048, 2048, 2048]","[2048, 2048, 2048, 2048, 2048, 2049, 2048]",327.0
1234,9507,11,19,2024-05-05T20:31:49.723000+00:00,31.811,35.446,25.902,207.0,183.0,False,93.159,"[2049, 2048, 2048, 2048, 2049, 2048, 2048, 2048, 2048]","[2048, 2049, 2049, 2049, 2049, 2048, 2048, 2048, 2048]","[2048, 2048, 2048, 2048, 2048, 2049, 2048]",314.0
1234,9507,14,19,2024-05-05T20:31:52.543000+00:00,31.715,35.882,26.452,,182.0,False,94.049,"[None, 2048, 2048, 2049, 2049, 2049, 2048, 2048, 2048]","[2048, 2048, 2048, 2048, 2048, 2048, 2048, 2048, 2048]","[2048, 2048, 2048, 2048, 2048, 2048, 2049]",278.0
1234,9507,24,19,2024-05-05T20:31:54.412000+00:00,31.97,35.926,26.045,212.0,182.0,False,93.941,"[None, 2048, 2048, 2048, 2048, 2048, 2048, 2048, 2048]","[2048, 2048, 2048, 2048, 2048, 2048, 2048, 2048, 2048]","[2048, 2048, 2048, 2048, 2049, 2048, 2048]",315.0
1234,9507,20,19,2024-05-05T20:31:58.205000+00:00,32.122,35.784,26.221,207.0,182.0,False,94.127,"[None, 2048, 2048, 2048, 2048, 2048, 2049, 2048, 2048]","[2048, 2048, 2048, 2048, 2048, 2048, 2048, 2048, 2048]","[2048, 2048, 2048, 2048, 2048, 2048, 2049]",316.0
1234,9507,3,19,2024-05-05T20:31:59.298000+00:00,32.018,35.784,26.099,206.0,182.0,False,93.901,"[None, 2048, 2049, 2048, 2049, 2048, 2049, 2049, 2048]","[2048, 2048, 2048, 2048, 2048, 2048, 2048, 2048, 2048]","[2049, 2048, 2048, 2048, 2048, 2049, 2048]",327.0
1234,9507,27,19,2024-05-05T20:32:03.502000+00:00,31.69,35.597,25.986,211.0,184.0,False,93.273,"[None, 2048, 2048, 2048, 2048, 2049, 2049, 2048, 2048]","[2048, 2048, 2048, 2048, 2048, 2048, 2048, 2048, 2048]","[2048, 2048, 2048, 2048, 2048, 2048, 2048]",317.0
1234,9507,10,19,2024-05-05T20:32:04.321000+00:00,31.708,35.489,25.977,,183.0,False,93.174,"[None, 2048, 2048, 2049, 2049, 2049, 2049, 2048, 2048]","[2048, 2048, 2048, 2048, 2048, 2048, 2048, 2048, 2048]","[2049, 2048, 2048, 2048, 2048, 2048, 2049]",328.0
1234,9507,18,19,2024-05-05T20:32:06.299000+00:00,31.777,35.93,25.928,211.0,185.0,False,93.635,"[None, 2048, 2048, 2049, 2049, 2048, 2048, 2048, 2048]","[2048, 2048, 2048, 2048, 2048, 2048, 2048, 2048, 2048]","[2049, 2048, 2048, 2048, 2048, 2048, 2048]",318.0
1234,9507,23,19,2024-05-05T20:32:07.857000+00:00,32.133,35.512,26.026,210.0,181.0,False,93.671,"[None, 2048, 2048, 2048, 2048, 2048, 2048, 2048, 2048]","[2048, 2048, 2048, 2048, 2048, 2048, 2048, 2048, 2048]","[2048, 2048, 2048, 2048, 2048, 2048, 2048]",321.0
1234,9507,2,19,2024-05-05T20:32:09.595000+00:00,31.979,35.642,25.921,211.0,182.0,False,93.542,"[None, 2048, 2048, 2048, 2048, 2048, 2048, 2049, 2048]","[2048, 2048, 2048, 2048, 2048, 2048, 2048, 2048, 2048]","[2048, 2048, 2048, 2048, 2048, 2048, 2051]",322.0
1234,9507,77,19,2024-05-05T20:32:13.322000+00:00,31.762,35.883,26.112,209.0,183.0,False,93.757,"[None, 2049, 2048, 2048, 2048, 2048, 2048, 2048, 2048]","[2048, 2048, 2048, 2048, 2048, 2048, 2048, 2048, 2048]","[2048, 2048, 2048, 2048, 2048, 2048, 2048]",313.0
1234,9507,1,20,2024-05-05T20:32:53.209000+00:00,31.249,35.307,25.974,212.0,185.0,False,92.53,"[None, 2048, 2048, 2051, 2048, 2048, 2049, 2048, 2048]","[2049, 2049, 2049, 2048, 2048, 2048, 2048, 2048, 2048]","[2049, 2049, 2048, 2048, 2048, 2048, 2048]",308.0
1234,9507,81,20,2024-05-05T20:32:56.801000+00:00,31.173,35.433,26.024,,184.0,False,92.63,"[None, 2049, 2048, 2048, 2048, 2048, 2048, 2049, 2048]","[2048, 2049, 2048, 2048, 2048, 2048, 2048, 2048, 2048]","[2048, 2048, 2048, 2048, 2048, 2048, 2048]",317.0
1234,9507,55,20,2024-05-05T20:32:59.201000+00:00,31.086,35.543,25.999,210.0,184.0,False,92.628,"[None, 2049, 2048, 2049, 2048, 2049, 2051, 2049, 2048]","[2048, 2048, 2048, 2048, 2048, 2048, 2048, 2048, 2048]","[2048, 2048, 2048, 2049, 2048, 2048, 2048]",313.0
1234,9507,16,20,2024-05-05T20:33:02.473000+00:00,45.442,34.987,25.983,212.0,185.0,True,106.412,"[2064, 2064, 2064, 2048, 2048, 2048, 2049, 2049, 2048]","[2048, 2048, 2048, 2048, 2048, 2049, 2048, 2049, 2049]","[2048, 2048, 2048, 2049, 2048, 2049, 2048]",309.0
1234,9507,4,20,2024-05-05T20:33:03.911000+00:00,31.208,35.278,25.935,209.0,183.0,False,92.421,"[None, 2048, 2048, 2048, 2048, 2048, 2048, 2051, 2048]","[2048, 2048, 2048, 2048, 2048, 2048, 2049, 2049, 2048]","[2048, 2048, 2048, 2048, 2048, 2048, 2048]",309.0
1234,9507,44,20,2024-05-05T20:33:15.163000+00:00,31.286,35.473,26.289,209.0,184.0,False,93.048,"[None, 2049, 2048, 2048, 2048, 2048, 2048, 2048, 2049]","[2048, 2048, 2048, 2048, 2048, 2048, 2049, 2048, 2048]","[2048, 2048, 2048, 2048, 2048, 2048, 2048]",311.0
1234,9507,63,20,2024-05-05T20:33:17.574000+00:00,31.848,35.841,26.122,208.0,183.0,False,93.811,"[None, 2048, 2048, 2048, 2048, 2048, 2048, 2048, 2048]","[2048, 2048, 2048, 2048, 2048, 2048, 2049, 2048, 2048]","[2048, 2048, 2048, 2048, 2048, 2048, 2048]",316.0
1234,9507,22,20,2024-05-05T20:33:19.934000+00:00,31.694,35.606,26.147,,182.0,False,93.447,"[None, 2048, 2048, 2048, 2048, 2048, 2048, 2048, 2048]","[2048, 2048, 2048, 2048, 2048, 2048, 2049, 2048, 2048]","[2048, 2048, 2048, 2048, 2049, 2048, 2048]",314.0
1234,9507,11,20,2024-05-05T20:33:22.823000+00:00,31.843,35.316,25.91,206.0,183.0,False,93.069,"[2048, 2049, 2048, 2048, 2048, 2048, 2049, 2049, 2048]","[2048, 2048, 2048, 2048, 2048, 2048, 2049, 2049, 2048]","[2048, 2048, 2048, 2048, 2048, 2049, 2048]",310.0
1234,9507,31,20,2024-05-05T20:33:23.928000+00:00,32.061,35.779,26.229,209.0,183.0,False,94.069,"[None, 2048, 2048, 2048, 2048, 2048, 2048, 2048, 2048]","[2048, 2048, 2048, 2048, 2048, 2048, 2048, 2048, 2048]","[2049, 2048, 2048, 2048, 2048, 2048, 2048]",316.0
1234,9507,14,20,2024-05-05T20:33:26.628000+00:00,32.019,35.942,26.269,209.0,184.0,False,94.23,"[None, 2049, 2048, 2048, 2048, 2048, 2048, 2049, 2048]","[2048, 2048, 2048, 2048, 2048, 2048, 2048, 2049, 2048]","[2049, 2048, 2048, 2048, 2048, 2048, 2048]",303.0
1234,9507,24,20,2024-05-05T20:33:28.395000+00:00,32.081,35.952,26.253,209.0,184.0,False,94.286,"[None, 2048, 2048, 2048, 2048, 2048, 2048, 2048, 2048]","[2048, 2048, 2048, 2048, 2048, 2048, 2048, 2048, 2049]","[2048, 2048, 2048, 2048, 2048, 2048, 2048]",310.0
1234,9507,20,20,2024-05-05T20:33:32.313000+00:00,32.008,35.881,26.232,210.0,183.0,False,94.121,"[None, 2048, 2048, 2048, 2048, 2048, 2048, 2048, 2049]","[2048, 2048, 2048, 2048, 2048, 2048, 2048, 2048, 2048]","[2048, 2048, 2048, 2048, 2048, 2048, 2048]",315.0
1234,9507,3,20,2024-05-05T20:33:33.199000+00:00,31.931,35.789,26.26,207.0,182.0,False,93.98,"[None, 2048, 2048, 2048, 2048, 2048, 2048, 2049, 2049]","[2048, 2048, 2048, 2048, 2048, 2048, 2048, 2048, 2048]","[2049, 2048, 2048, 2048, 2048, 2048, 2048]",324.0
1234,9507,27,20,2024-05-05T20:33:36.704000+00:00,31.854,35.713,25.971,212.0,182.0,False,93.538,"[None, 2048, 2048, 2048, 2048, 2048, 2048, 2048, 2048]","[2048, 2048, 2048, 2048, 2048, 2048, 2048, 2048, 2048]","[2048, 2048, 2048, 2048, 2048, 2048, 2048]",316.0
1234,9507,10,20,2024-05-05T20:33:37.407000+00:00,31.804,35.75,26.085,,182.0,False,93.639,"[None, 2048, 2048, 2048, 2048, 2049, 2048, 2048, 2048]","[2048, 2048, 2048, 2048, 2048, 2048, 2048, 2048, 2048]","[2048, 2048, 2048, 2048, 2048, 2048, 2049]",321.0
1234,9507,18,20,2024-05-05T20:33:39.815000+00:00,31.884,35.847,26.085,212.0,184.0,False,93.816,"[None, 2048, 2048, 2048, 2048, 2048, 2048, 2048, 2048]","[2048, 2048, 2048, 2048, 2048, 2048, 2049, 2048, 2048]","[2048, 2048, 2048, 2048, 2048, 2048, 2048]",315.0
1234,9507,23,20,2024-05-05T20:33:41.569000+00:00,32.087,35.504,25.993,211.0,181.0,False,93.584,"[None, 2048, 2048, 2048, 2048, 2048, 2048, 2048, 2048]","[2048, 2048, 2048, 2048, 2048, 2048, 2048, 2048, 2048]","[2048, 2048, 2048, 2048, 2048, 2048, 2048]",321.0
1234,9507,2,20,2024-05-05T20:33:43.208000+00:00,32.038,35.69,25.987,208.0,182.0,False,93.715,"[None, 2048, 2048, 2048, 2048, 2048, 2049, 2048, 2048]","[2048, 2048, 2048, 2048, 2048, 2048, 2048, 2048, 2048]","[2048, 2048, 2048, 2048, 2048, 2048, 2048]",318.0
1234,9507,77,20,2024-05-05T20:33:47.152000+00:00,31.754,36.095,26.303,208.0,183.0,False,94.152,"[None, 2048, 2048, 2048, 2048, 2048, 2048, 2048, 2048]","[2048, 2048, 2048, 2048, 2048, 2048, 2048, 2048, 2048]","[2048, 2048, 2048, 2048, 2048, 2048, 2048]",310.0
1234,9507,1,21,2024-05-05T20:34:25.782000+00:00,31.35,35.491,26.085,211.0,184.0,False,92.926,"[None, 2048, 2048, 2051, 2049, 2048, 2049, 2048, 2048]","[2048, 2048, 2048, 2048, 2048, 2048, 2048, 2048, 2048]","[2048, 2048, 2049, 2048, 2048, 2048, 2048]",310.0
1234,9507,81,21,2024-05-05T20:34:29.530000+00:00,31.343,35.538,26.049,212.0,183.0,False,92.93,"[None, 2048, 2048, 2048, 2049, 2048, 2048, 2048, 2048]","[2048, 2048, 2048, 2048, 2048, 2048, 2048, 2048, 2048]","[2048, 2048, 2048, 2048, 2048, 2048, 2048]",315.0
1234,9507,55,21,2024-05-05T20:34:31.875000+00:00,31.34,35.457,25.981,211.0,184.0,False,92.778,"[None, 2048, 2048, 2048, 2049, 2048, 2051, 2048, 2048]","[2048, 2048, 2048, 2048, 2048, 2048, 2049, 2048, 2048]","[2048, 2048, 2048, 2048, 2048, 2049, 2048]",314.0
1234,9507,4,21,2024-05-05T20:34:36.250000+00:00,31.083,35.329,25.917,,183.0,False,92.329,"[None, 2048, 2049, 2048, 2048, 2048, 2049, 2048, 2048]","[2048, 2048, 2048, 2048, 2048, 2048, 2048, 2048, 2048]","[2048, 2048, 2048, 2049, 2048, 2048, 2048]",316.0
1234,9507,44,21,2024-05-05T20:34:48.148000+00:00,31.411,36.438,26.336,211.0,178.0,False,94.185,"[None, 2048, 2048, 2048, 2049, 2049, 2048, 2048, 2048]","[2048, 2048, 2048, 2048, 2048, 2048, 2048, 2048, 2048]","[2048, 2048, 2048, 2048, 2048, 2048, 2048]",312.0
1234,9507,16,21,2024-05-05T20:34:48.994000+00:00,31.154,34.798,26.161,213.0,184.0,False,92.113,"[2048, 2049, 2048, 2048, 2048, 2048, 2048, 2048, 2048]","[2049, 2049, 2048, 2048, 2049, 2048, 2049, 2049, 2048]","[2048, 2048, 2048, 2048, 2048, 2048, 2048]",306.0
1234,9507,63,21,2024-05-05T20:34:51.225000+00:00,31.685,35.89,26.138,209.0,182.0,False,93.713,"[None, 2048, 2048, 2048, 2048, 2048, 2048, 2048, 2049]","[2048, 2048, 2048, 2048, 2048, 2048, 2048, 2048, 2048]","[2048, 2048, 2048, 2048, 2048, 2048, 2048]",314.0
1234,9507,22,21,2024-05-05T20:34:53.350000+00:00,31.764,35.668,26.279,210.0,182.0,False,93.711,"[None, 2048, 2048, 2048, 2048, 2048, 2048, 2048, 2048]","[2048, 2048, 2048, 2048, 2048, 2048, 2048, 2048, 2048]","[2048, 2048, 2048, 2048, 2048, 2048, 2048]",313.0
1234,9507,11,21,2024-05-05T20:34:55.947000+00:00,31.382,35.473,25.898,208.0,184.0,False,92.753,"[None, 2048, 2049, 2049, 2048, 2049, 2048, 2048, 2048]","[2048, 2048, 2048, 2048, 2048, 2048, 2048, 2048, 2048]","[2048, 2048, 2048, 2048, 2048, 2048, 2048]",313.0
1234,9507,31,21,2024-05-05T20:34:58.073000+00:00,31.868,35.799,26.2,210.0,182.0,False,93.867,"[None, 2048, 2048, 2048, 2048, 2048, 2048, 2048, 2048]","[2048, 2048, 2048, 2048, 2048, 2049, 2048, 2048, 2048]","[2048, 2048, 2048, 2048, 2048, 2048, 2048]",315.0
1234,9507,14,21,2024-05-05T20:35:00.858000+00:00,31.837,36.107,26.314,207.0,184.0,False,94.258,"[None, 2048, 2048, 2048, 2048, 2049, 2048, 2048, 2048]","[2048, 2048, 2048, 2048, 2048, 2049, 2048, 2048, 2048]","[2048, 2048, 2048, 2048, 2048, 2048, 2048]",314.0
1234,9507,24,21,2024-05-05T20:35:02.680000+00:00,32.117,36.349,26.223,,184.0,False,94.689,"[None, 2048, 2048, 2048, 2048, 2048, 2048, 2048, 2048]","[2048, 2048, 2048, 2048, 2048, 2048, 2048, 2048, 2048]","[2048, 2048, 2048, 2048, 2048, 2048, 2048]",311.0
1234,9507,20,21,2024-05-05T20:35:06.425000+00:00,32.053,35.829,26.236,207.0,182.0,False,94.118,"[None, 2048, 2048, 2048, 2048, 2049, 2048, 2048, 2049]","[2048, 2048, 2048, 2048, 2048, 2048, 2049, 2048, 2048]","[2048, 2048, 2048, 2048, 2048, 2048, 2048]",317.0
1234,9507,3,21,2024-05-05T20:35:07.168000+00:00,32.115,35.842,26.114,206.0,180.0,False,94.071,"[None, 2048, 2048, 2048, 2048, 2048, 2048, 2048, 2048]","[2048, 2048, 2048, 2048, 2048, 2048, 2048, 2048, 2048]","[2048, 2048, 2048, 2048, 2048, 2048, 2048]",329.0
1234,9507,27,21,2024-05-05T20:35:10.352000+00:00,31.903,35.838,25.964,214.0,182.0,False,93.705,"[None, 2048, 2048, 2048, 2048, 2048, 2048, 2048, 2048]","[2049, 2048, 2048, 2048, 2048, 2048, 2048, 2048, 2048]","[2048, 2048, 2048, 2048, 2048, 2048, 2048]",318.0
1234,9507,10,21,2024-05-05T20:35:11.127000+00:00,32.01,35.71,25.971,211.0,182.0,False,93.691,"[None, 2048, 2048, 2048, 2048, 2048, 2048, 2048, 2048]","[2048, 2048, 2048, 2048, 2048, 2048, 2048, 2048, 2048]","[2048, 2048, 2048, 2048, 2048, 2048, 2048]",326.0
1234,9507,18,21,2024-05-05T20:35:13.710000+00:00,31.906,35.817,26.004,210.0,184.0,False,93.727,"[None, 2048, 2048, 2048, 2048, 2048, 2048, 2049, 2048]","[2048, 2048, 2048, 2048, 2048, 2048, 2048, 2048, 2048]","[2048, 2048, 2048, 2048, 2048, 2048, 2048]",316.0
1234,9507,23,21,2024-05-05T20:35:15.127000+00:00,32.136,35.45,26.021,213.0,179.0,False,93.607,"[None, 2048, 2048, 2048, 2048, 2048, 2048, 2048, 2048]","[2051, 2048, 2048, 2048, 2048, 2048, 2048, 2048, 2048]","[2048, 2048, 2048, 2048, 2048, 2048, 2048]",326.0
1234,9507,2,21,2024-05-05T20:35:16.913000+00:00,31.866,35.863,26.076,206.0,182.0,False,93.805,"[None, 2048, 2048, 2048, 2048, 2048, 2049, 2048, 2048]","[2048, 2048, 2048, 2048, 2048, 2048, 2048, 2048, 2048]","[2048, 2048, 2048, 2048, 2048, 2048, 2048]",323.0
1234,9507,77,21,2024-05-05T20:35:21.242000+00:00,31.756,36.262,26.181,212.0,184.0,False,94.199,"[None, 2048, 2048, 2048, 2048, 2048, 2048, 2048, 2048]","[2048, 2048, 2048, 2048, 2048, 2048, 2048, 2048, 2048]","[2048, 2048, 2048, 2048, 2048, 2048, 2048]",312.0
1234,9507,1,22,2024-05-05T20:35:58.614000+00:00,31.387,35.453,26.066,212.0,184.0,False,92.906,"[None, 2048, 2048, 2048, 2048, 2048, 2049, 2048, 2048]","[2048, 2048, 2048, 2048, 2049, 2048, 2048, 2048, 2048]","[2049, 2048, 2048, 2048, 2048, 2048, 2048]",310.0
1234,9507,81,22,2024-05-05T20:36:02.303000+00:00,31.397,35.265,26.054,,182.0,False,92.716,"[None, 2048, 2048, 2048, 2048, 2049, 2048, 2048, 2048]","[2048, 2048, 2048, 2048, 2048, 2048, 2049, 2048, 2048]","[2048, 2048, 2048, 2048, 2048, 2048, 2048]",316.0
1234,9507,55,22,2024-05-05T20:36:04.608000+00:00,31.312,35.44,26.023,209.0,184.0,False,92.775,"[None, 2048, 2048, 2048, 2048, 2049, 2048, 2048, 2048]","[2048, 2048, 2048, 2048, 2048, 2048, 2049, 2049, 2048]","[2048, 2048, 2048, 2048, 2048, 2048, 2048]",313.0
1234,9507,4,22,2024-05-05T20:36:08.612000+00:00,31.138,35.452,25.927,208.0,182.0,False,92.517,"[None, 2048, 2048, 2048, 2048, 2048, 2048, 2048, 2048]","[2048, 2048, 2048, 2048, 2048, 2048, 2048, 2048, 2048]","[2048, 2048, 2048, 2048, 2048, 2048, 2048]",313.0
1234,9507,16,22,2024-05-05T20:36:21.130000+00:00,31.232,35.281,26.128,212.0,184.0,False,92.641,"[None, 2048, 2048, 2048, 2048, 2048, 2048, 2048, 2048]","[2048, 2048, 2048, 2048, 2048, 2048, 2048, 2049, 2048]","[2048, 2048, 2048, 2048, 2048, 2048, 2048]",307.0
1234,9507,44,22,2024-05-05T20:36:22.336000+00:00,31.603,35.615,26.141,210.0,182.0,False,93.359,"[None, 2048, 2048, 2048, 2048, 2049, 2048, 2048, 2048]","[2048, 2048, 2048, 2048, 2048, 2048, 2048, 2048, 2048]","[2048, 2048, 2048, 2048, 2048, 2048, 2048]",316.0
1234,9507,63,22,2024-05-05T20:36:25.081000+00:00,31.608,35.718,26.0,210.0,183.0,False,93.326,"[None, 2048, 2048, 2048, 2048, 2049, 2048, 2048, 2048]","[2048, 2048, 2048, 2048, 2048, 2048, 2049, 2048, 2048]","[2048, 2048, 2048, 2049, 2048, 2048, 2048]",320.0
1234,9507,22,22,2024-05-05T20:36:27.049000+00:00,31.717,35.546,26.452,,182.0,False,93.715,"[None, 2048, 2048, 2048, 2048, 2048, 2048, 2048, 2049]","[2048, 2048, 2048, 2048, 2048, 2048, 2048, 2048, 2048]","[2048, 2048, 2048, 2048, 2048, 2048, 2048]",314.0
1234,9507,11,22,2024-05-05T20:36:28.705000+00:00,31.438,35.269,26.145,207.0,183.0,False,92.852,"[None, 2048, 2049, 2048, 2048, 2048, 2048, 2048, 2048]","[2048, 2049, 2048, 2048, 2048, 2048, 2048, 2049, 2048]","[2049, 2048, 2048, 2048, 2048, 2048, 2048]",316.0
1234,9507,31,22,2024-05-05T20:36:31.858000+00:00,31.75,35.975,34.632,,181.0,False,102.357,"[None, 2048, 2048, 2048, 2048, 2048, 2048, 2049, 2048]","[2048, 2048, 2048, 2048, 2048, 2048, 2048, 2048, 2048]","[2048, 2048, 2048, 2048, 2049, 2048, 2064]",315.0
1234,9507,14,22,2024-05-05T20:36:35.051000+00:00,31.838,36.012,34.551,,182.0,False,102.401,"[None, 2048, 2048, 2049, 2048, 2048, 2048, 2048, 2048]","[2048, 2048, 2048, 2048, 2048, 2048, 2049, 2048, 2048]","[2048, 2048, 2048, 2048, 2048, 2048, 2064]",311.0
1234,9507,24,22,2024-05-05T20:36:37.355000+00:00,32.008,35.909,31.538,,183.0,False,99.455,"[None, 2048, 2048, 2048, 2048, 2048, 2048, 2048, 2048]","[2048, 2048, 2048, 2048, 2048, 2048, 2049, 2049, 2048]","[2048, 2048, 2048, 2048, 2048, 2048]",314.0
1234,9507,20,22,2024-05-05T20:36:40.542000+00:00,32.133,35.684,36.65,210.0,182.0,False,104.467,"[None, 2048, 2048, 2048, 2048, 2048, 2049, 2048, 2048]","[2048, 2048, 2048, 2048, 2048, 2048, 2048, 2048, 2048]","[2048, 2048, 2048, 2048, 2048, 2048, 2064]",317.0
1234,9507,3,22,2024-05-05T20:36:41.317000+00:00,32.188,35.631,33.727,,181.0,False,101.546,"[None, 2048, 2048, 2048, 2048, 2048, 2048, 2048, 2048]","[2048, 2048, 2048, 2048, 2048, 2048, 2048, 2048, 2048]","[2048, 2048, 2048, 2048, 2048, 2048, 2048]",117.0
1234,9507,27,22,2024-05-05T20:36:44.061000+00:00,31.898,35.62,33.789,,184.0,False,101.307,"[None, 2048, 2048, 2048, 2048, 2048, 2048, 2048, 2048]","[2049, 2049, 2048, 2048, 2048, 2048, 2048, 2048, 2048]","[2048, 2048, 2048, 2048, 2048, 2048, 2048]",180.0
1234,9507,10,22,2024-05-05T20:36:44.798000+00:00,31.767,35.565,33.889,210.0,183.0,False,101.221,"[None, 2048, 2048, 2048, 2048, 2049, 2048, 2048, 2048]","[2049, 2048, 2048, 2048, 2048, 2048, 2048, 2048, 2048]","[2049, 2048, 2048, 2048, 2048, 2048, 2048]",216.0
1234,9507,18,22,2024-05-05T20:36:47.486000+00:00,31.899,35.845,35.123,211.0,184.0,False,102.867,"[None, 2048, 2048, 2048, 2048, 2048, 2048, 2048, 2048]","[2048, 2048, 2048, 2048, 2048, 2048, 2048, 2048, 2048]","[2048, 2048, 2048, 2048, 2048, 2048, 2048]",219.0
1234,9507,23,22,2024-05-05T20:36:48.749000+00:00,32.196,35.569,35.9,210.0,180.0,False,103.665,"[None, 2048, 2048, 2048, 2048, 2048, 2048, 2048, 2048]","[2048, 2048, 2048, 2048, 2048, 2048, 2048, 2048, 2048]","[2048, 2048, 2048, 2048, 2048, 2048, 2048]",268.0
1234,9507,2,22,2024-05-05T20:36:50.713000+00:00,31.883,35.578,36.131,207.0,182.0,False,103.592,"[None, 2049, 2048, 2048, 2048, 2048, 2048, 2048, 2049]","[2048, 2048, 2048, 2048, 2048, 2048, 2048, 2048, 2048]","[2048, 2048, 2048, 2048, 2048, 2048, 2048]",273.0
1234,9507,77,22,2024-05-05T20:36:55.519000+00:00,31.849,38.297,35.135,,102.0,False,105.281,"[None, 2048, 2048, 2048, 2048, 2048, 2048, 2048, 2048]","[2048, 2048, 2048, 2048, 2048, 2048, 2048, 2048, 2048]","[2048, 2048, 2048, 2048, 2048, 2048, 2048]",217.0
1234,9507,1,23,2024-05-05T20:37:31.612000+00:00,34.111,46.78,31.047,83.0,179.0,False,111.938,"[None, 2048, 2048, 2048, 2048, 2048, 2049, 2048, 2048]","[2048, 2048, 2048, 2048, 2048, 2048, 2048, 2048, 2048]","[2048, 2048, 2049, 2048, 2048, 2048, 2064]",317.0
1234,9507,81,23,2024-05-05T20:37:35.126000+00:00,35.28,45.686,26.138,163.0,186.0,False,107.104,"[None, 2048, 2048, 2048, 2048, 2048, 2049, 2048, 2048]","[2048, 2048, 2048, 2048, 2048, 2048, 2048, 2048, 2048]","[2048, 2048, 2048, 2048, 2048, 2048, 2048]",310.0
1234,9507,55,23,2024-05-05T20:37:37.382000+00:00,37.751,43.619,26.036,126.0,185.0,False,107.406,"[None, 2048, 2048, 2049, 2048, 2048, 2048, 2048, 2048]","[2048, 2048, 2048, 2048, 2048, 2048, 2048, 2048, 2048]","[2048, 2048, 2048, 2048, 2048, 2049, 2048]",311.0
1234,9507,4,23,2024-05-05T20:37:41.150000+00:00,37.959,43.102,25.83,136.0,186.0,False,106.891,"[None, 2049, 2048, 2048, 2048, 2048, 2048, 2048, 2048]","[2048, 2048, 2048, 2048, 2048, 2048, 2048, 2048, 2049]","[2048, 2048, 2048, 2048, 2048, 2048, 2049]",318.0
1234,9507,16,23,2024-05-05T20:37:53.671000+00:00,42.781,38.847,26.096,157.0,183.0,False,107.724,"[None, 2049, 2048, 2048, 2048, 2048, 2048, 2048, 2048]","[2048, 2048, 2048, 2048, 2048, 2048, 2048, 2048, 2048]","[2048, 2048, 2048, 2048, 2048, 2048, 2048]",308.0
1234,9507,44,23,2024-05-05T20:37:55.672000+00:00,43.18,39.158,26.445,161.0,184.0,False,108.783,"[None, 2048, 2048, 2048, 2048, 2048, 2048, 2048, 2048]","[2048, 2048, 2048, 2048, 2048, 2049, 2049, 2048, 2049]","[2048, 2048, 2048, 2048, 2048, 2049, 2048]",323.0
1234,9507,63,23,2024-05-05T20:37:58.384000+00:00,43.857,38.694,26.051,154.0,184.0,False,108.602,"[None, 2048, 2048, 2048, 2048, 2048, 2048, 2048, 2048]","[2048, 2048, 2048, 2048, 2048, 2048, 2049, 2048, 2048]","[2048, 2048, 2048, 2049, 2048, 2048, 2048]",322.0
1234,9507,22,23,2024-05-05T20:38:00.853000+00:00,44.891,36.852,26.079,151.0,185.0,False,107.822,"[None, 2048, 2048, 2048, 2048, 2048, 2048, 2048, 2048]","[2048, 2048, 2048, 2048, 2048, 2049, 2048, 2048, 2049]","[2048, 2048, 2048, 2048, 2049, 2048, 2048]",311.0
1234,9507,11,23,2024-05-05T20:38:01.492000+00:00,45.525,36.584,25.88,174.0,185.0,False,107.989,"[None, 2048, 2048, 2048, 2048, 2048, 2048, 2048, 2048]","[2048, 2048, 2048, 2048, 2048, 2048, 2048, 2048, 2048]","[2049, 2048, 2048, 2048, 2048, 2048, 2049]",317.0
1234,9507,31,23,2024-05-05T20:38:14.215000+00:00,50.783,35.422,25.723,214.0,183.0,True,111.928,"[2064, 2064, 2064, 2048, 2048, 2048, 2048, 2048, 2049]","[2051, 2049, 2049, 2049, 2049, 2048, 2049, 2048, 2049]","[2049, 2048, 2048, 2048, 2049, 2049, 2049]",333.0
1234,9507,24,23,2024-05-05T20:38:16.623000+00:00,40.959,35.76,26.133,213.0,185.0,False,102.852,"[None, 2048, 2048, 2048, 2048, 2048, 2048, 2048, 2049]","[2048, 2048, 2048, 2048, 2048, 2049, 2048, 2049, 2049]","[2048, 2048, 2048, 2048, 2048, 2048, 2048]",310.0
1234,9507,14,23,2024-05-05T20:38:17.419000+00:00,48.068,35.782,25.465,213.0,187.0,True,109.315,"[2064, 2064, 2064, 2048, 2048, 2048, 2048, 2048, 2048]","[2049, 2048, 2049, 2048, 2048, 2048, 2048, 2048, 2049]","[2051, 2051, 2049, 2049, 2048, 2051, 2049]",332.0
1234,9507,3,23,2024-05-05T20:38:22.656000+00:00,38.52,35.546,26.133,,183.0,False,100.199,"[None, 2048, 2048, 2048, 2048, 2048, 2048, 2048, 2049]","[2048, 2048, 2048, 2048, 2048, 2049, 2049, 2049, 2049]","[2048, 2048, 2048, 2049, 2048, 2049, 2048]",317.0
1234,9507,20,23,2024-05-05T20:38:25.013000+00:00,47.565,35.293,25.926,210.0,182.0,True,108.784,"[2064, 2064, 2064, 2048, 2048, 2048, 2048, 2048, 2049]","[2049, 2048, 2048, 2048, 2048, 2049, 2049, 2048, 2049]","[2048, 2048, 2048, 2049, 2049, 2048, 2048]",318.0
1234,9507,27,23,2024-05-05T20:38:25.395000+00:00,38.837,35.639,26.088,211.0,185.0,False,100.564,"[None, 2048, 2048, 2048, 2048, 2048, 2048, 2048, 2048]","[2048, 2048, 2048, 2048, 2048, 2048, 2048, 2048, 2048]","[2048, 2048, 2048, 2049, 2048, 2048, 2048]",318.0
1234,9507,10,23,2024-05-05T20:38:25.994000+00:00,38.77,36.364,26.068,212.0,181.0,False,101.202,"[None, 2048, 2048, 2048, 2048, 2048, 2048, 2048, 2048]","[2049, 2048, 2048, 2048, 2048, 2048, 2048, 2048, 2048]","[2048, 2049, 2048, 2049, 2048, 2048, 2051]",336.0
1234,9507,18,23,2024-05-05T20:38:30.223000+00:00,37.882,35.699,25.976,210.0,185.0,False,99.557,"[None, 2048, 2048, 2048, 2048, 2048, 2048, 2048, 2048]","[2048, 2048, 2048, 2048, 2049, 2048, 2048, 2049, 2048]","[2049, 2048, 2048, 2048, 2048, 2048, 2048]",322.0
1234,9507,23,23,2024-05-05T20:38:32.359000+00:00,37.219,35.465,25.912,,182.0,False,98.596,"[None, 2048, 2048, 2048, 2048, 2048, 2048, 2048, 2048]","[2048, 2048, 2048, 2048, 2048, 2048, 2048, 2048, 2048]","[2048, 2048, 2048, 2048, 2048, 2048, 2048]",334.0
1234,9507,2,23,2024-05-05T20:38:34.230000+00:00,36.614,35.6,26.0,208.0,182.0,False,98.214,"[None, 2048, 2048, 2048, 2048, 2048, 2048, 2049, 2048]","[2048, 2048, 2048, 2048, 2048, 2048, 2048, 2048, 2048]","[2048, 2048, 2048, 2048, 2048, 2048, 2048]",320.0
1234,9507,77,23,2024-05-05T20:38:40.723000+00:00,34.411,36.033,26.344,211.0,184.0,False,96.788,"[None, 2048, 2048, 2048, 2048, 2048, 2048, 2048, 2048]","[2048, 2048, 2048, 2048, 2048, 2048, 2048, 2048, 2048]","[2048, 2048, 2048, 2048, 2048, 2048, 2048]",305.0
1234,9507,81,24,2024-05-05T20:39:22.188000+00:00,31.012,35.326,26.117,212.0,185.0,False,92.455,"[None, 2048, 2048, 2048, 2049, 2048, 2049, 2049, 2048]","[2048, 2048, 2048, 2048, 2048, 2048, 2048, 2048, 2048]","[2048, 2048, 2048, 2048, 2048, 2048, 2048]",313.0
1234,9507,1,24,2024-05-05T20:39:23.577000+00:00,45.854,35.283,25.95,211.0,185.0,True,107.087,"[2064, 2064, 2064, 2048, 2048, 2048, 2048, 2048, 2048]","[2048, 2048, 2048, 2048, 2048, 2048, 2048, 2048, 2048]","[2049, 2048, 2048, 2048, 2048, 2049, 2048]",307.0
1234,9507,55,24,2024-05-05T20:39:24.792000+00:00,31.24,35.346,26.054,212.0,185.0,False,92.64,"[None, 2048, 2048, 2049, 2049, 2048, 2048, 2048, 2048]","[2048, 2048, 2048, 2048, 2048, 2048, 2049, 2048, 2048]","[2048, 2048, 2048, 2048, 2048, 2048, 2048]",311.0
1234,9507,4,24,2024-05-05T20:39:27.964000+00:00,30.826,35.283,25.873,210.0,184.0,False,91.982,"[None, 2049, 2051, 2051, 2051, 2049, 2049, 2048, 2049]","[2048, 2048, 2048, 2048, 2049, 2048, 2048, 2048, 2048]","[2048, 2048, 2048, 2048, 2048, 2048, 2048]",317.0
1234,9507,16,24,2024-05-05T20:39:41.551000+00:00,31.121,35.29,25.984,210.0,181.0,False,92.395,"[None, 2051, 2049, 2048, 2048, 2048, 2048, 2048, 2048]","[2048, 2048, 2048, 2048, 2048, 2048, 2048, 2049, 2048]","[2048, 2048, 2048, 2049, 2048, 2048, 2048]",312.0
1234,9507,44,24,2024-05-05T20:39:44.543000+00:00,31.336,35.461,26.055,208.0,184.0,False,92.852,"[None, 2048, 2048, 2049, 2049, 2048, 2048, 2048, 2048]","[2048, 2048, 2048, 2048, 2048, 2048, 2048, 2048, 2049]","[2048, 2048, 2048, 2048, 2048, 2048, 2048]",317.0
1234,9507,63,24,2024-05-05T20:39:46.928000+00:00,31.464,35.701,30.905,209.0,183.0,False,98.07,"[None, 2048, 2048, 2049, 2049, 2048, 2049, 2048, 2048]","[2048, 2048, 2048, 2048, 2048, 2048, 2048, 2048, 2048]","[2048, 2048, 2048, 2048, 2048, 2048, 2064]",322.0
1234,9507,22,24,2024-05-05T20:39:48.623000+00:00,31.645,36.676,26.084,210.0,183.0,False,94.405,"[None, 2048, 2048, 2049, 2049, 2048, 2048, 2049, 2048]","[2048, 2048, 2048, 2048, 2048, 2048, 2048, 2048, 2048]","[2048, 2048, 2048, 2048, 2048, 2048]",318.0
1234,9507,11,24,2024-05-05T20:39:49.598000+00:00,31.391,35.199,25.796,209.0,184.0,False,92.386,"[2049, 2048, 2048, 2048, 2048, 2048, 2048, 2048, 2048]","[2049, 2049, 2049, 2049, 2049, 2048, 2048, 2048, 2048]","[2048, 2048, 2048, 2048, 2048, 2048, 2048]",317.0
1234,9507,24,24,2024-05-05T20:39:59.609000+00:00,31.653,35.941,26.094,210.0,184.0,False,93.688,"[None, 2048, 2048, 2049, 2049, 2048, 2048, 2049, 2048]","[2048, 2048, 2048, 2048, 2048, 2048, 2048, 2048, 2048]","[2048, 2048, 2048, 2048, 2048, 2048, 2048]",314.0
1234,9507,3,24,2024-05-05T20:40:02.977000+00:00,31.567,35.689,26.232,210.0,182.0,False,93.488,"[None, 2048, 2049, 2049, 2049, 2049, 2048, 2049, 2048]","[2048, 2048, 2048, 2048, 2048, 2048, 2048, 2048, 2048]","[2048, 2048, 2048, 2048, 2048, 2048, 2048]",315.0
1234,9507,27,24,2024-05-05T20:40:05.942000+00:00,31.93,36.272,25.897,213.0,182.0,False,94.099,"[None, 2048, 2048, 2048, 2048, 2048, 2048, 2048, 2048]","[2048, 2048, 2048, 2048, 2048, 2048, 2048, 2048, 2048]","[2048, 2049, 2049, 2048, 2048, 2048, 2049]",335.0
1234,9507,31,24,2024-05-05T20:40:06.197000+00:00,31.979,35.032,26.03,216.0,183.0,False,93.041,"[2049, 2048, 2048, 2048, 2048, 2048, 2048, 2048, 2048]","[2051, 2048, 2048, 2048, 2049, 2048, 2049, 2048, 2049]","[2048, 2048, 2048, 2048, 2049, 2049, 2048]",315.0
1234,9507,14,24,2024-05-05T20:40:06.909000+00:00,31.89,35.696,25.861,209.0,186.0,False,93.447,"[2048, 2049, 2048, 2048, 2048, 2048, 2048, 2048, 2048]","[2048, 2048, 2048, 2048, 2048, 2048, 2049, 2048, 2048]","[2048, 2048, 2048, 2048, 2048, 2048, 2049]",293.0
1234,9507,10,24,2024-05-05T20:40:07.159000+00:00,32.199,35.838,25.946,209.0,182.0,False,93.983,"[2049, 2048, 2048, 2048, 2049, 2048, 2048, 2048, 2048]","[2048, 2048, 2048, 2048, 2048, 2048, 2048, 2048, 2048]","[2048, 2048, 2049, 2048, 2048, 2048, 2048]",326.0
1234,9507,18,24,2024-05-05T20:40:09.828000+00:00,32.049,35.91,25.879,,185.0,False,93.838,"[None, 2048, 2048, 2048, 2048, 2048, 2048, 2048, 2049]","[2048, 2048, 2048, 2048, 2048, 2048, 2049, 2048, 2048]","[2049, 2048, 2048, 2048, 2048, 2049, 2048]",321.0
1234,9507,23,24,2024-05-05T20:40:10.783000+00:00,32.093,35.79,26.077,211.0,181.0,False,93.96,"[None, 2048, 2048, 2048, 2049, 2048, 2048, 2048, 2048]","[2048, 2048, 2048, 2048, 2048, 2048, 2048, 2048, 2048]","[2048, 2048, 2048, 2048, 2048, 2048, 2048]",330.0
1234,9507,2,24,2024-05-05T20:40:12.478000+00:00,31.836,35.882,25.967,206.0,181.0,False,93.685,"[None, 2048, 2048, 2048, 2049, 2049, 2048, 2049, 2048]","[2048, 2048, 2048, 2048, 2048, 2048, 2048, 2048, 2048]","[2048, 2048, 2048, 2048, 2048, 2048, 2048]",325.0
1234,9507,20,24,2024-05-05T20:40:13.752000+00:00,31.867,35.489,25.792,,181.0,False,93.148,"[2048, 2048, 2048, 2048, 2049, 2048, 2048, 2048, 2048]","[2049, 2048, 2048, 2048, 2048, 2048, 2049, 2048, 2048]","[2048, 2048, 2048, 2049, 2048, 2048, 2049]",334.0
1234,9507,77,24,2024-05-05T20:40:17.491000+00:00,31.842,35.75,26.155,,185.0,False,93.747,"[None, 2049, 2048, 2048, 2049, 2048, 2048, 2048, 2048]","[2048, 2048, 2048, 2048, 2048, 2048, 2048, 2049, 2048]","[2048, 2048, 2048, 2048, 2048, 2048, 2048]",316.0
1234,9507,81,25,2024-05-05T20:40:54.697000+00:00,31.003,35.415,26.035,211.0,185.0,False,92.453,"[None, 2048, 2048, 2049, 2049, 2048, 2048, 2048, 2048]","[2048, 2048, 2048, 2048, 2048, 2048, 2048, 2048, 2048]","[2048, 2048, 2048, 2048, 2048, 2049, 2049]",315.0
1234,9507,55,25,2024-05-05T20:40:57.402000+00:00,31.061,35.433,25.961,210.0,186.0,False,92.455,"[None, 2048, 2048, 2048, 2048, 2049, 2048, 2051, 2049]","[2048, 2048, 2048, 2048, 2048, 2048, 2048, 2048, 2048]","[2049, 2048, 2048, 2048, 2048, 2048, 2048]",313.0
1234,9507,4,25,2024-05-05T20:40:59.960000+00:00,31.017,35.257,25.897,211.0,184.0,False,92.171,"[None, 2048, 2048, 2048, 2048, 2049, 2048, 2048, 2048]","[2048, 2048, 2048, 2048, 2048, 2048, 2048, 2048, 2048]","[2048, 2048, 2048, 2048, 2048, 2048, 2048]",314.0
1234,9507,1,25,2024-05-05T20:41:10.722000+00:00,31.146,35.182,25.97,212.0,186.0,False,92.298,"[2048, 2048, 2049, 2048, 2048, 2048, 2048, 2048, 2048]","[2048, 2048, 2048, 2048, 2048, 2048, 2048, 2048, 2048]","[2049, 2048, 2048, 2048, 2048, 2048, 2049]",309.0
1234,9507,16,25,2024-05-05T20:41:13.860000+00:00,30.926,35.429,25.924,212.0,181.0,False,92.279,"[None, 2048, 2049, 2048, 2048, 2048, 2049, 2049, 2048]","[2048, 2048, 2048, 2048, 2048, 2048, 2048, 2048, 2048]","[2048, 2048, 2048, 2049, 2048, 2048, 2048]",314.0
1234,9507,44,25,2024-05-05T20:41:17.379000+00:00,31.223,35.619,26.09,210.0,184.0,False,92.932,"[None, 2049, 2048, 2048, 2048, 2048, 2048, 2049, 2048]","[2048, 2048, 2048, 2048, 2048, 2048, 2048, 2048, 2048]","[2048, 2048, 2048, 2048, 2048, 2048, 2048]",315.0
1234,9507,11,25,2024-05-05T20:41:21.859000+00:00,31.302,35.54,25.921,211.0,182.0,False,92.763,"[2048, 2048, 2048, 2048, 2048, 2048, 2048, 2049, 2048]","[2048, 2048, 2048, 2048, 2048, 2048, 2048, 2048, 2048]","[2048, 2048, 2048, 2048, 2048, 2048, 2048]",310.0
1234,9507,22,25,2024-05-05T20:41:22.927000+00:00,31.655,35.463,26.159,,182.0,False,93.277,"[None, 2049, 2048, 2048, 2048, 2048, 2049, 2048, 2048]","[2048, 2048, 2048, 2048, 2048, 2048, 2048, 2049, 2048]","[2048, 2048, 2048, 2048, 2048, 2048, 2048]",314.0
1234,9507,63,25,2024-05-05T20:41:24.900000+00:00,46.478,35.169,25.791,210.0,186.0,True,107.438,"[2064, 2064, 2064, 2048, 2048, 2048, 2048, 2048, 2049]","[2049, 2048, 2048, 2048, 2048, 2049, 2048, 2048, 2049]","[2048, 2048, 2048, 2048, 2048, 2048, 2049]",326.0
1234,9507,24,25,2024-05-05T20:41:33.387000+00:00,31.644,35.872,26.148,,184.0,False,93.664,"[None, 2048, 2048, 2048, 2048, 2048, 2048, 2049, 2048]","[2048, 2048, 2048, 2048, 2048, 2048, 2048, 2049, 2048]","[2048, 2048, 2048, 2049, 2048, 2048, 2048]",310.0
1234,9507,3,25,2024-05-05T20:41:36.416000+00:00,31.519,35.709,26.207,209.0,182.0,False,93.435,"[None, 2048, 2048, 2049, 2049, 2048, 2049, 2048, 2049]","[2048, 2048, 2048, 2048, 2048, 2048, 2048, 2048, 2048]","[2048, 2048, 2048, 2048, 2048, 2048, 2048]",314.0
1234,9507,31,25,2024-05-05T20:41:39.226000+00:00,31.386,35.508,26.024,215.0,183.0,False,92.918,"[2048, 2048, 2048, 2049, 2048, 2049, 2048, 2049, 2048]","[2048, 2048, 2048, 2048, 2048, 2049, 2048, 2048, 2049]","[2048, 2048, 2048, 2048, 2048, 2048, 2048]",315.0
1234,9507,27,25,2024-05-05T20:41:40.037000+00:00,32.288,36.323,25.875,211.0,182.0,False,94.486,"[2049, 2048, 2048, 2048, 2048, 2048, 2048, 2048, 2048]","[2048, 2049, 2049, 2049, 2048, 2048, 2048, 2048, 2048]","[2048, 2049, 2049, 2048, 2048, 2048, 2049]",328.0
1234,9507,14,25,2024-05-05T20:41:40.334000+00:00,32.293,35.199,26.156,215.0,183.0,False,93.648,"[2049, 2048, 2048, 2048, 2048, 2048, 2048, 2048, 2048]","[2049, 2049, 2049, 2051, 2049, 2048, 2048, 2048, 2048]","[2048, 2048, 2048, 2048, 2048, 2051, 2048]",301.0
1234,9507,10,25,2024-05-05T20:41:41.217000+00:00,31.96,35.869,26.14,208.0,181.0,False,93.969,"[2048, 2049, 2048, 2048, 2048, 2048, 2048, 2048, 2048]","[2048, 2048, 2048, 2048, 2048, 2048, 2048, 2048, 2048]","[2048, 2049, 2049, 2048, 2048, 2048, 2048]",318.0
1234,9507,18,25,2024-05-05T20:41:43.713000+00:00,31.843,35.811,26.057,211.0,185.0,False,93.711,"[None, 2048, 2048, 2048, 2049, 2048, 2048, 2048, 2049]","[2048, 2048, 2048, 2048, 2048, 2048, 2048, 2048, 2048]","[2049, 2048, 2048, 2048, 2048, 2048, 2048]",324.0
1234,9507,23,25,2024-05-05T20:41:44.890000+00:00,31.829,35.648,25.952,209.0,180.0,False,93.429,"[None, 2048, 2048, 2049, 2049, 2048, 2048, 2048, 2048]","[2048, 2048, 2048, 2048, 2048, 2048, 2048, 2048, 2048]","[2048, 2048, 2048, 2048, 2048, 2048, 2049]",332.0
1234,9507,2,25,2024-05-05T20:41:46.165000+00:00,31.854,35.812,26.136,207.0,181.0,False,93.802,"[None, 2048, 2048, 2048, 2048, 2048, 2048, 2048, 2048]","[2048, 2048, 2048, 2048, 2048, 2048, 2048, 2048, 2048]","[2048, 2048, 2048, 2048, 2048, 2048, 2048]",324.0
1234,9507,20,25,2024-05-05T20:41:46.954000+00:00,31.998,35.439,25.744,,184.0,False,93.181,"[None, 2048, 2048, 2048, 2048, 2048, 2048, 2049, 2048]","[2049, 2048, 2048, 2048, 2048, 2048, 2048, 2048, 2049]","[2049, 2049, 2048, 2048, 2048, 2049, 2051]",325.0
1234,9507,77,25,2024-05-05T20:41:51.215000+00:00,31.504,35.731,26.165,210.0,185.0,False,93.4,"[None, 2049, 2048, 2048, 2048, 2048, 2049, 2048, 2048]","[2048, 2048, 2048, 2048, 2048, 2048, 2048, 2048, 2048]","[2048, 2048, 2048, 2048, 2048, 2048, 2048]",313.0
1234,9507,81,26,2024-05-05T20:42:27.214000+00:00,31.202,35.409,26.045,,184.0,False,92.656,"[None, 2048, 2048, 2048, 2048, 2048, 2048, 2048, 2048]","[2048, 2048, 2048, 2048, 2048, 2048, 2048, 2048, 2048]","[2048, 2048, 2048, 2049, 2048, 2048, 2048]",314.0
1234,9507,55,26,2024-05-05T20:42:29.919000+00:00,31.168,35.372,26.033,213.0,185.0,False,92.573,"[None, 2048, 2049, 2048, 2049, 2048, 2048, 2048, 2048]","[2048, 2048, 2048, 2048, 2048, 2048, 2048, 2049, 2048]","[2048, 2048, 2048, 2048, 2048, 2048, 2048]",313.0
1234,9507,4,26,2024-05-05T20:42:32.205000+00:00,30.933,35.271,25.949,,184.0,False,92.153,"[None, 2048, 2048, 2051, 2051, 2048, 2048, 2048, 2048]","[2048, 2048, 2048, 2048, 2048, 2048, 2048, 2048, 2048]","[2048, 2048, 2048, 2048, 2048, 2048, 2048]",313.0
1234,9507,1,26,2024-05-05T20:42:42.918000+00:00,31.18,35.194,26.036,210.0,185.0,False,92.41,"[None, 2048, 2048, 2048, 2048, 2048, 2048, 2048, 2048]","[2048, 2048, 2048, 2048, 2048, 2049, 2048, 2048, 2048]","[2048, 2048, 2048, 2048, 2048, 2048, 2048]",310.0
1234,9507,16,26,2024-05-05T20:42:46.236000+00:00,31.029,35.435,25.928,,184.0,False,92.392,"[None, 2048, 2048, 2048, 2048, 2048, 2049, 2048, 2048]","[2048, 2048, 2048, 2048, 2048, 2048, 2048, 2048, 2048]","[2048, 2048, 2048, 2048, 2048, 2048, 2048]",312.0
1234,9507,44,26,2024-05-05T20:42:50.274000+00:00,31.331,36.536,31.182,211.0,182.0,False,99.049,"[None, 2048, 2048, 2048, 2048, 2048, 2048, 2049, 2048]","[2048, 2048, 2048, 2048, 2048, 2048, 2048, 2048, 2048]","[2048, 2048, 2048, 2048, 2048, 2048, 2064]",316.0
1234,9507,11,26,2024-05-05T20:42:54.619000+00:00,31.119,35.359,26.034,209.0,183.0,False,92.512,"[None, 2048, 2049, 2048, 2048, 2048, 2048, 2049, 2049]","[2048, 2048, 2048, 2048, 2048, 2048, 2048, 2048, 2048]","[2048, 2048, 2048, 2048, 2048, 2048, 2048]",315.0
1234,9507,22,26,2024-05-05T20:42:56.348000+00:00,31.504,35.418,26.158,212.0,183.0,False,93.08,"[None, 2048, 2048, 2049, 2049, 2048, 2048, 2049, 2048]","[2048, 2048, 2048, 2048, 2048, 2049, 2048, 2049, 2048]","[2048, 2048, 2048, 2048, 2048, 2048, 2048]",314.0
1234,9507,24,26,2024-05-05T20:43:06.996000+00:00,31.576,35.88,26.188,212.0,184.0,False,93.644,"[None, 2048, 2048, 2049, 2048, 2049, 2049, 2049, 2048]","[2048, 2048, 2048, 2048, 2048, 2048, 2048, 2048, 2048]","[2048, 2048, 2048, 2048, 2048, 2048, 2048]",313.0
1234,9507,3,26,2024-05-05T20:43:09.846000+00:00,31.549,35.505,26.161,,182.0,False,93.215,"[None, 2048, 2048, 2048, 2048, 2048, 2048, 2048, 2048]","[2048, 2048, 2048, 2048, 2048, 2049, 2049, 2049, 2048]","[2048, 2048, 2048, 2048, 2048, 2048, 2048]",314.0
1234,9507,31,26,2024-05-05T20:43:12.077000+00:00,32.421,35.567,26.06,212.0,183.0,False,94.048,"[None, 2048, 2048, 2048, 2048, 2048, 2048, 2048, 2048]","[2048, 2048, 2048, 2048, 2048, 2048, 2048, 2048, 2048]","[2048, 2048, 2048, 2048, 2048, 2048, 2048]",318.0
1234,9507,63,26,2024-05-05T20:43:12.403000+00:00,31.162,35.286,25.91,213.0,185.0,False,92.358,"[2048, 2048, 2048, 2049, 2049, 2048, 2049, 2049, 2049]","[2048, 2048, 2048, 2048, 2048, 2049, 2049, 2048, 2048]","[2048, 2048, 2048, 2048, 2049, 2049, 2048]",320.0
1234,9507,14,26,2024-05-05T20:43:13.877000+00:00,31.651,35.72,26.091,207.0,183.0,False,93.462,"[2048, 2048, 2048, 2049, 2048, 2049, 2049, 2051, 2048]","[2048, 2048, 2048, 2048, 2048, 2049, 2048, 2048, 2048]","[2048, 2048, 2048, 2048, 2049, 2048, 2048]",299.0
1234,9507,27,26,2024-05-05T20:43:14.569000+00:00,32.34,36.017,25.965,212.0,183.0,False,94.322,"[None, 2048, 2048, 2048, 2048, 2048, 2048, 2048, 2048]","[2048, 2048, 2048, 2048, 2048, 2048, 2048, 2048, 2048]","[2048, 2048, 2048, 2048, 2048, 2048, 2048]",317.0
1234,9507,10,26,2024-05-05T20:43:15.152000+00:00,32.166,36.256,26.018,211.0,181.0,False,94.44,"[None, 2048, 2048, 2048, 2048, 2048, 2048, 2048, 2048]","[2049, 2048, 2048, 2048, 2051, 2048, 2048, 2048, 2048]","[2048, 2048, 2048, 2048, 2048, 2048, 2048]",321.0
1234,9507,18,26,2024-05-05T20:43:17.344000+00:00,31.914,35.857,25.927,,185.0,False,93.698,"[None, 2048, 2048, 2049, 2049, 2048, 2048, 2048, 2048]","[2048, 2048, 2048, 2048, 2048, 2048, 2048, 2048, 2048]","[2048, 2048, 2048, 2048, 2048, 2048, 2048]",319.0
1234,9507,23,26,2024-05-05T20:43:18.384000+00:00,32.075,35.593,25.806,211.0,181.0,False,93.474,"[None, 2048, 2048, 2048, 2048, 2048, 2048, 2049, 2048]","[2048, 2048, 2048, 2048, 2048, 2048, 2048, 2048, 2048]","[2048, 2048, 2048, 2048, 2048, 2048, 2049]",341.0
1234,9507,2,26,2024-05-05T20:43:20.052000+00:00,32.051,36.155,26.009,210.0,182.0,False,94.215,"[None, 2048, 2048, 2048, 2048, 2048, 2049, 2048, 2048]","[2048, 2048, 2048, 2048, 2048, 2048, 2048, 2048, 2048]","[2048, 2048, 2048, 2048, 2048, 2048, 2048]",325.0
1234,9507,20,26,2024-05-05T20:43:20.151000+00:00,32.282,36.175,25.914,213.0,184.0,False,94.371,"[2049, 2048, 2048, 2048, 2048, 2048, 2049, 2048, 2048]","[2049, 2049, 2049, 2048, 2049, 2048, 2048, 2048, 2048]","[2049, 2049, 2049, 2048, 2048, 2048, 2048]",332.0
1234,9507,77,26,2024-05-05T20:43:24.712000+00:00,31.771,35.843,26.172,211.0,184.0,False,93.786,"[None, 2048, 2048, 2048, 2048, 2048, 2048, 2048, 2048]","[2048, 2048, 2048, 2048, 2048, 2048, 2048, 2048, 2048]","[2048, 2048, 2048, 2048, 2048, 2048, 2048]",311.0
1234,9507,81,27,2024-05-05T20:43:59.793000+00:00,31.089,35.412,31.101,,185.0,False,97.602,"[None, 2048, 2048, 2048, 2049, 2048, 2048, 2048, 2048]","[2048, 2048, 2048, 2048, 2049, 2048, 2048, 2048, 2048]","[2049, 2048, 2048, 2048, 2048, 2048, 2064]",315.0
1234,9507,55,27,2024-05-05T20:44:02.540000+00:00,31.087,35.237,30.958,209.0,185.0,False,97.282,"[None, 2049, 2048, 2048, 2049, 2049, 2048, 2048, 2048]","[2048, 2048, 2048, 2048, 2048, 2049, 2048, 2049, 2048]","[2048, 2048, 2048, 2048, 2048, 2048, 2064]",320.0
1234,9507,4,27,2024-05-05T20:44:04.390000+00:00,31.064,35.253,25.845,208.0,184.0,False,92.162,"[None, 2048, 2048, 2048, 2051, 2048, 2048, 2048, 2048]","[2048, 2048, 2048, 2048, 2048, 2048, 2048, 2048, 2048]","[2048, 2048, 2048, 2049, 2048, 2048, 2048]",319.0
1234,9507,1,27,2024-05-05T20:44:15.353000+00:00,31.06,35.072,26.383,213.0,185.0,False,92.515,"[None, 2048, 2048, 2048, 2048, 2048, 2049, 2048, 2048]","[2049, 2049, 2048, 2048, 2048, 2048, 2048, 2048, 2048]","[2049, 2049, 2048, 2048, 2048, 2051, 2049]",310.0
1234,9507,16,27,2024-05-05T20:44:18.532000+00:00,30.806,35.275,25.976,,182.0,False,92.057,"[None, 2048, 2048, 2048, 2048, 2048, 2051, 2048, 2048]","[2048, 2048, 2048, 2048, 2048, 2048, 2048, 2048, 2048]","[2048, 2048, 2048, 2049, 2048, 2049, 2048]",314.0
1234,9507,11,27,2024-05-05T20:44:27.216000+00:00,31.079,35.219,25.863,210.0,183.0,False,92.161,"[None, 2048, 2048, 2049, 2048, 2049, 2048, 2049, 2048]","[2048, 2048, 2048, 2048, 2048, 2048, 2048, 2048, 2048]","[2048, 2048, 2048, 2048, 2048, 2048, 2048]",312.0
1234,9507,44,27,2024-05-05T20:44:29.303000+00:00,44.969,35.08,25.915,213.0,185.0,True,105.964,"[2064, 2064, 2064, 2048, 2048, 2048, 2049, 2051, 2049]","[2048, 2048, 2048, 2048, 2048, 2049, 2049, 2049, 2049]","[2049, 2048, 2048, 2048, 2049, 2048, 2048]",315.0
1234,9507,22,27,2024-05-05T20:44:29.457000+00:00,31.376,35.572,26.161,213.0,183.0,False,93.109,"[None, 2048, 2048, 2049, 2048, 2048, 2049, 2049, 2048]","[2048, 2048, 2048, 2048, 2048, 2049, 2048, 2048, 2048]","[2048, 2048, 2048, 2048, 2048, 2048, 2048]",313.0
1234,9507,24,27,2024-05-05T20:44:40.753000+00:00,31.543,35.727,26.215,213.0,186.0,False,93.485,"[None, 2048, 2049, 2049, 2048, 2049, 2048, 2048, 2048]","[2048, 2048, 2048, 2048, 2048, 2048, 2049, 2048, 2049]","[2048, 2048, 2048, 2048, 2048, 2048, 2048]",308.0
1234,9507,3,27,2024-05-05T20:44:43.104000+00:00,32.497,36.687,25.988,208.0,180.0,False,95.172,"[None, 2048, 2048, 2048, 2048, 2048, 2048, 2048, 2048]","[2048, 2048, 2048, 2048, 2048, 2048, 2048, 2048, 2048]","[2048, 2048, 2048, 2048, 2048, 2048, 2049]",325.0
1234,9507,63,27,2024-05-05T20:44:44.778000+00:00,31.33,35.282,25.983,208.0,184.0,False,92.595,"[None, 2048, 2048, 2048, 2049, 2048, 2048, 2048, 2048]","[2048, 2049, 2048, 2048, 2048, 2048, 2049, 2048, 2048]","[2048, 2048, 2048, 2049, 2048, 2048, 2048]",325.0
1234,9507,31,27,2024-05-05T20:44:46.171000+00:00,31.61,35.636,25.924,213.0,183.0,False,93.17,"[None, 2048, 2049, 2048, 2049, 2049, 2048, 2048, 2048]","[2048, 2048, 2048, 2048, 2048, 2048, 2048, 2048, 2048]","[2048, 2048, 2048, 2048, 2048, 2048, 2048]",323.0
1234,9507,14,27,2024-05-05T20:44:47.695000+00:00,31.489,35.74,25.954,208.0,183.0,False,93.183,"[None, 2048, 2049, 2048, 2049, 2049, 2049, 2048, 2049]","[2048, 2048, 2048, 2048, 2048, 2048, 2048, 2048, 2048]","[2048, 2048, 2048, 2048, 2048, 2048, 2048]",313.0
1234,9507,27,27,2024-05-05T20:44:48.792000+00:00,32.021,36.868,25.936,213.0,181.0,False,94.825,"[2048, 2048, 2048, 2048, 2048, 2048, 2048, 2048, 2048]","[2048, 2048, 2048, 2048, 2048, 2048, 2048, 2048, 2048]","[2048, 2049, 2048, 2048, 2048, 2048, 2048]",324.0
1234,9507,10,27,2024-05-05T20:44:49.710000+00:00,31.722,35.75,26.142,207.0,182.0,False,93.614,"[None, 2048, 2048, 2048, 2048, 2048, 2048, 2048, 2048]","[2048, 2048, 2048, 2048, 2048, 2048, 2048, 2048, 2048]","[2048, 2048, 2048, 2048, 2048, 2048, 2048]",327.0
1234,9507,18,27,2024-05-05T20:44:51.045000+00:00,31.832,36.029,26.0,,185.0,False,93.861,"[None, 2048, 2048, 2049, 2049, 2048, 2048, 2048, 2048]","[2048, 2048, 2048, 2048, 2048, 2048, 2048, 2048, 2048]","[2049, 2048, 2048, 2048, 2048, 2048, 2048]",323.0
1234,9507,23,27,2024-05-05T20:44:51.850000+00:00,32.175,35.656,25.949,210.0,181.0,False,93.78,"[2049, 2048, 2048, 2048, 2048, 2048, 2048, 2048, 2048]","[2048, 2048, 2048, 2048, 2048, 2048, 2048, 2048, 2048]","[2048, 2048, 2048, 2048, 2048, 2048, 2048]",326.0
1234,9507,2,27,2024-05-05T20:44:54.225000+00:00,31.792,35.71,26.053,206.0,182.0,False,93.555,"[None, 2048, 2048, 2049, 2048, 2048, 2048, 2048, 2048]","[2048, 2048, 2048, 2048, 2048, 2048, 2048, 2048, 2048]","[2048, 2048, 2048, 2048, 2048, 2048, 2048]",329.0
1234,9507,20,27,2024-05-05T20:44:54.500000+00:00,31.942,35.703,25.734,205.0,185.0,False,93.379,"[2048, 2048, 2048, 2049, 2048, 2048, 2048, 2049, 2048]","[2048, 2048, 2048, 2048, 2048, 2048, 2048, 2048, 2048]","[2049, 2049, 2048, 2048, 2048, 2048, 2051]",334.0
1234,9507,77,27,2024-05-05T20:44:58.397000+00:00,31.646,35.783,26.132,212.0,184.0,False,93.561,"[None, 2048, 2048, 2048, 2048, 2048, 2048, 2048, 2048]","[2048, 2048, 2048, 2048, 2048, 2048, 2048, 2048, 2048]","[2048, 2048, 2048, 2048, 2048, 2048, 2048]",315.0
1234,9507,4,28,2024-05-05T20:45:36.436000+00:00,30.83,35.276,25.936,211.0,185.0,False,92.042,"[None, 2048, 2051, 2048, 2048, 2048, 2048, 2048, 2049]","[2048, 2048, 2048, 2048, 2048, 2049, 2049, 2048, 2048]","[2048, 2048, 2048, 2048, 2048, 2048, 2048]",314.0
1234,9507,81,28,2024-05-05T20:45:37.458000+00:00,45.644,34.902,34.933,212.0,186.0,True,115.479,"[2064, 2064, 2064, 2048, 2048, 2048, 2048, 2048, 2048]","[2048, 2048, 2048, 2048, 2048, 2051, 2048, 2049, 2049]","[2049, 2048, 2048, 2048, 2048, 2048, 2048]",92.0
1234,9507,55,28,2024-05-05T20:45:39.691000+00:00,45.942,35.086,35.853,214.0,187.0,True,116.881,"[2064, 2064, 2064, 2048, 2048, 2048, 2048, 2049, 2049]","[2048, 2048, 2048, 2048, 2048, 2049, 2049, 2049, 2049]","[2049, 2048, 2048, 2048, 2048, 2048, 2048]",134.0
1234,9507,1,28,2024-05-05T20:45:47.805000+00:00,30.997,35.165,33.214,212.0,185.0,False,99.376,"[2049, 2048, 2048, 2048, 2048, 2048, 2049, 2049, 2048]","[2048, 2048, 2048, 2048, 2048, 2048, 2048, 2048, 2048]","[2049, 2049, 2048, 2048, 2048, 2048, 2048]",311.0
1234,9507,16,28,2024-05-05T20:45:50.592000+00:00,30.885,35.236,32.782,211.0,182.0,False,98.903,"[None, 2048, 2048, 2048, 2048, 2048, 2048, 2048, 2048]","[2048, 2048, 2048, 2048, 2048, 2048, 2048, 2048, 2048]","[2048, 2048, 2048, 2048, 2048, 2048, 2048]",245.0
1234,9507,11,28,2024-05-05T20:45:59.391000+00:00,31.139,35.259,40.638,211.0,184.0,False,107.036,"[None, 2048, 2049, 2048, 2048, 2048, 2049, 2048, 2048]","[2049, 2048, 2048, 2048, 2048, 2048, 2048, 2048, 2048]","[2048, 2048, 2048, 2048, 2048, 2048, 2064]",199.0
1234,9507,22,28,2024-05-05T20:46:02.405000+00:00,31.382,36.63,39.658,,77.0,False,107.67,"[None, 2048, 2048, 2049, 2049, 2048, 2048, 2049, 2048]","[2048, 2048, 2048, 2048, 2048, 2048, 2048, 2048, 2048]","[2048, 2048, 2048, 2048, 2048, 2048, 2064]",240.0
1234,9507,24,28,2024-05-05T20:46:14.171000+00:00,31.758,42.643,38.707,212.0,131.0,False,113.108,"[None, 2048, 2048, 2048, 2048, 2048, 2048, 2048, 2048]","[2048, 2048, 2048, 2048, 2048, 2048, 2048, 2048, 2048]","[2048, 2048, 2048, 2048, 2048, 2048, 2064]",181.0
1234,9507,44,28,2024-05-05T20:46:15.347000+00:00,31.072,41.397,34.896,211.0,125.0,False,107.365,"[2048, 2048, 2049, 2049, 2049, 2048, 2048, 2048, 2048]","[2049, 2048, 2048, 2048, 2048, 2048, 2048, 2048, 2048]","[2048, 2048, 2048, 2048, 2048, 2048, 2048]",220.0
1234,9507,63,28,2024-05-05T20:46:17.299000+00:00,31.282,42.075,35.924,211.0,113.0,False,109.281,"[None, 2048, 2048, 2048, 2048, 2049, 2049, 2048, 2048]","[2048, 2048, 2048, 2048, 2048, 2048, 2048, 2048, 2048]","[2048, 2048, 2048, 2048, 2048, 2048, 2048]",249.0
1234,9507,3,28,2024-05-05T20:46:18.369000+00:00,31.815,42.556,39.058,211.0,99.0,False,113.429,"[None, 2048, 2048, 2048, 2048, 2048, 2048, 2048, 2048]","[2049, 2048, 2048, 2048, 2048, 2048, 2048, 2048, 2048]","[2048, 2048, 2048, 2048, 2048, 2048, 2064]",236.0
1234,9507,31,28,2024-05-05T20:46:19.353000+00:00,31.615,42.853,35.44,214.0,151.0,False,109.908,"[None, 2048, 2048, 2048, 2048, 2048, 2048, 2048, 2048]","[2048, 2048, 2048, 2048, 2048, 2048, 2048, 2048, 2048]","[2048, 2048, 2048, 2048, 2048, 2048, 2048]",228.0
1234,9507,14,28,2024-05-05T20:46:20.617000+00:00,31.495,43.765,34.853,209.0,123.0,False,110.113,"[None, 2048, 2048, 2048, 2048, 2049, 2048, 2048, 2049]","[2048, 2048, 2048, 2048, 2048, 2048, 2048, 2048, 2048]","[2048, 2048, 2048, 2048, 2048, 2048, 2048]",207.0
1234,9507,10,28,2024-05-05T20:46:23.111000+00:00,31.704,45.002,34.354,211.0,141.0,False,111.06,"[None, 2048, 2048, 2048, 2048, 2049, 2049, 2049, 2048]","[2048, 2048, 2048, 2048, 2048, 2048, 2048, 2048, 2048]","[2048, 2048, 2048, 2048, 2048, 2048, 2048]",260.0
1234,9507,27,28,2024-05-05T20:46:23.721000+00:00,32.232,45.469,37.728,212.0,145.0,False,115.429,"[None, 2048, 2048, 2048, 2048, 2048, 2048, 2048, 2048]","[2048, 2048, 2048, 2048, 2048, 2048, 2048, 2048, 2048]","[2048, 2048, 2048, 2048, 2048, 2048, 2064]",230.0
1234,9507,18,28,2024-05-05T20:46:24.947000+00:00,32.01,46.28,38.304,210.0,137.0,False,116.594,"[None, 2048, 2048, 2048, 2048, 2048, 2048, 2048, 2048]","[2048, 2048, 2048, 2048, 2048, 2048, 2048, 2048, 2048]","[2048, 2048, 2048, 2048, 2048, 2048, 2064]",201.0
1234,9507,23,28,2024-05-05T20:46:25.615000+00:00,32.431,45.791,35.004,209.0,133.0,False,113.226,"[2048, 2048, 2048, 2048, 2048, 2048, 2048, 2048, 2048]","[2048, 2048, 2048, 2048, 2048, 2048, 2048, 2048, 2048]","[2048, 2048, 2048, 2048, 2048, 2048, 2048]",216.0
1234,9507,2,28,2024-05-05T20:46:27.795000+00:00,,,,,,False,,"[None, 0, 0, 0, 0, 0, 0, 0, 0]",,,
1234,9507,20,28,2024-05-05T20:46:28.050000+00:00,56.596,49.375,40.152,142.0,93.0,False,146.123,"[2049, 2048, 2048, 2048, 2048, 2048, 2048, 2048, 2048]","[2048, 2048, 2048, 2048, 2048, 2048, 2048, 2048, 2048]","[2048, 2048, 2048, 2048, 2048, 2048, 2064]",226.0
1234,9507,77,28,2024-05-05T20:46:32.097000+00:00,32.563,48.519,36.581,208.0,123.0,False,117.663,"[None, 2048, 2048, 2048, 2048, 2048, 2048, 2048, 2048]","[2048, 2048, 2048, 2048, 2048, 2048, 2048, 2048, 2048]","[2048, 2048, 2048, 2048, 2048, 2048, 2048]",253.0
1234,9507,4,29,2024-05-05T20:47:08.500000+00:00,45.796,47.25,40.318,165.0,119.0,False,133.364,"[None, 2048, 2048, 2048, 2048, 2048, 2048, 2048, 2048]","[2048, 2048, 2048, 2048, 2048, 2048, 2048, 2048, 2048]","[2048, 2048, 2048, 2048, 2048, 2048, 2064]",229.0
1234,9507,1,29,2024-05-05T20:47:27.238000+00:00,48.739,56.064,41.716,110.0,149.0,False,146.519,"[2048, 2048, 2048, 2048, 2048, 2048, 2048, 2048, 2048]","[2048, 2048, 2048, 2048, 2048, 2048, 2048, 2048, 2048]","[2048, 2048, 2048, 2048, 2048, 2048, 2048]",125.0
1234,9507,16,29,2024-05-05T20:47:29.484000+00:00,48.315,55.945,41.334,162.0,126.0,False,145.594,"[None, 2048, 2048, 2048, 2048, 2048, 2048, 2048, 2048]","[2048, 2048, 2048, 2048, 2048, 2048, 2048, 2048, 2048]","[2048, 2048, 2048, 2048, 2048, 2048, 2048]",127.0
1234,9507,81,29,2024-05-05T20:47:32.868000+00:00,46.298,55.356,41.182,139.0,118.0,False,142.836,"[2048, 2048, 2048, 2048, 2048, 2048, 2048, 2048, 2048]","[2048, 2048, 2048, 2048, 2048, 2048, 2048, 2048, 2048]","[2048, 2048, 2048, 2048, 2048, 2048, 2048]",114.0
1234,9507,55,29,2024-05-05T20:47:36.710000+00:00,43.801,55.387,40.467,130.0,100.0,False,139.655,"[2048, 2048, 2048, 2048, 2048, 2048, 2048, 2048, 2048]","[2048, 2048, 2048, 2048, 2048, 2048, 2048, 2048, 2048]","[2048, 2048, 2048, 2048, 2048, 2048, 2048]",110.0
1234,9507,11,29,2024-05-05T20:47:46.294000+00:00,54.485,47.349,36.236,160.0,117.0,True,138.07,"[2064, 2064, 2064, 2048, 2048, 2048, 2048, 2048, 2048]","[2048, 2048, 2048, 2048, 2048, 2048, 2048, 2048, 2048]","[2048, 2048, 2048, 2048, 2048, 2048, 2048]",222.0
1234,9507,22,29,2024-05-05T20:47:50.051000+00:00,55.486,48.152,34.565,211.0,126.0,True,138.203,"[2064, 2064, 2064, 2048, 2048, 2048, 2048, 2048, 2048]","[2048, 2048, 2048, 2048, 2048, 2048, 2048, 2048, 2048]","[2048, 2048, 2048, 2048, 2048, 2048, 2048]",218.0
1234,9507,44,29,2024-05-05T20:48:02.565000+00:00,47.689,45.506,35.543,181.0,112.0,False,128.738,"[None, 2048, 2048, 2048, 2048, 2048, 2048, 2048, 2048]","[2048, 2048, 2048, 2048, 2048, 2048, 2048, 2048, 2048]","[2048, 2048, 2048, 2048, 2048, 2048, 2048]",196.0
1234,9507,63,29,2024-05-05T20:48:06.647000+00:00,45.12,47.357,34.996,156.0,119.0,False,127.473,"[None, 2048, 2048, 2048, 2048, 2048, 2048, 2048, 2048]","[2048, 2048, 2048, 2048, 2048, 2048, 2048, 2048, 2048]","[2048, 2048, 2048, 2048, 2048, 2048, 2048]",234.0
1234,9507,24,29,2024-05-05T20:48:07.256000+00:00,59.818,44.829,34.699,174.0,107.0,True,139.346,"[2064, 2064, 2064, 2048, 2048, 2048, 2048, 2048, 2048]","[2048, 2048, 2048, 2048, 2048, 2048, 2048, 2048, 2048]","[2048, 2048, 2048, 2048, 2048, 2048, 2048]",232.0
1234,9507,31,29,2024-05-05T20:48:09.214000+00:00,44.08,48.337,34.162,163.0,140.0,False,126.579,"[None, 2048, 2048, 2048, 2048, 2048, 2048, 2048, 2048]","[2048, 2048, 2048, 2048, 2048, 2048, 2048, 2048, 2048]","[2048, 2048, 2048, 2048, 2048, 2048]",241.0
1234,9507,14,29,2024-05-05T20:48:10.581000+00:00,46.474,47.034,34.578,177.0,141.0,False,128.086,"[None, 2048, 2048, 2048, 2048, 2048, 2048, 2048, 2048]","[2048, 2048, 2048, 2048, 2048, 2048, 2048, 2048, 2048]","[2048, 2048, 2048, 2048, 2048, 2048, 2048]",230.0
1234,9507,3,29,2024-05-05T20:48:11.723000+00:00,58.66,45.163,33.741,162.0,82.0,True,137.564,"[2064, 2064, 2064, 2048, 2048, 2048, 2048, 2048, 2048]","[2048, 2048, 2048, 2048, 2048, 2048, 2048, 2048, 2048]","[2048, 2048, 2048, 2048, 2048, 2048, 2048]",225.0
1234,9507,10,29,2024-05-05T20:48:14.241000+00:00,45.413,48.733,34.985,159.0,111.0,False,129.131,"[None, 2048, 2048, 2048, 2048, 2048, 2048, 2048, 2048]","[2048, 2048, 2048, 2048, 2048, 2048, 2048, 2048, 2048]","[2048, 2048, 2048, 2048, 2048, 2048, 2048]",249.0
1234,9507,23,29,2024-05-05T20:48:18.701000+00:00,45.181,47.177,34.755,180.0,106.0,False,127.113,"[None, 2048, 2048, 2048, 2048, 2048, 2048, 2048, 2048]","[2048, 2048, 2048, 2048, 2048, 2048, 2048, 2048, 2048]","[2048, 2048, 2048, 2048, 2048, 2048, 2048]",259.0
1234,9507,27,29,2024-05-05T20:48:18.988000+00:00,56.634,46.642,34.709,175.0,123.0,True,137.985,"[2064, 2064, 2064, 2048, 2048, 2048, 2048, 2048, 2048]","[2048, 2048, 2048, 2048, 2048, 2048, 2048, 2048, 2048]","[2048, 2048, 2048, 2048, 2048, 2048, 2048]",205.0
1234,9507,18,29,2024-05-05T20:48:21.522000+00:00,55.621,47.073,34.583,198.0,148.0,True,137.277,"[2064, 2064, 2064, 2048, 2048, 2048, 2048, 2048, 2048]","[2048, 2048, 2048, 2048, 2048, 2048, 2048, 2048, 2048]","[2048, 2048, 2048, 2048, 2048, 2048, 2048]",166.0
1234,9507,77,29,2024-05-05T20:48:29.635000+00:00,43.424,47.662,39.65,147.0,125.0,False,130.736,"[None, 2048, 2048, 2048, 2048, 2048, 2048, 2048, 2048]","[2048, 2048, 2048, 2048, 2048, 2048, 2048, 2048, 2048]","[2048, 2048, 2048, 2048, 2048, 2048, 2064]",207.0
1234,9507,20,29,2024-05-05T20:48:53.930000+00:00,60.768,48.601,35.894,170.0,125.0,True,145.263,"[2064, 2064, 2064, 2048, 2048, 2048, 2048, 2048, 2048]","[2048, 2048, 2048, 2048, 2048, 2048, 2048, 2048, 2048]","[2048, 2048, 2048, 2048, 2048, 2048, 2048]",209.0
1234,9507,4,30,2024-05-05T20:49:21.836000+00:00,53.125,49.462,35.428,209.0,113.0,True,138.015,"[2064, 2064, 2064, 2048, 2048, 2048, 2048, 2048, 2048]","[2048, 2048, 2048, 2048, 2048, 2048, 2048, 2048, 2048]","[2048, 2048, 2048, 2048, 2048, 2048, 2048]",288.0
1234,9507,1,30,2024-05-05T20:49:53.608000+00:00,58.171,37.695,28.554,131.0,171.0,False,124.42,"[None, 2048, 2048, 2048, 2048, 2048, 2048, 2048, 2048]","[2048, 2048, 2048, 2048, 2048, 2048, 2048, 2048, 2048]","[2048, 2048, 2048, 2048, 2048, 2048, 2048]",272.0
1234,9507,16,30,2024-05-05T20:49:55.036000+00:00,57.825,38.796,28.65,149.0,169.0,False,125.271,"[None, 2048, 2048, 2048, 2048, 2048, 2048, 2048, 2048]","[2048, 2048, 2048, 2048, 2048, 2048, 2048, 2048, 2048]","[2048, 2048, 2048, 2048, 2048, 2048, 2048]",282.0
1234,9507,81,30,2024-05-05T20:49:55.653000+00:00,57.922,39.53,28.43,160.0,173.0,False,125.882,"[None, 2048, 2048, 2048, 2048, 2048, 2048, 2048, 2048]","[2048, 2048, 2048, 2048, 2048, 2048, 2048, 2048, 2048]","[2048, 2048, 2048, 2048, 2048, 2048, 2048]",279.0
1234,9507,55,30,2024-05-05T20:49:56.286000+00:00,57.895,40.637,29.144,157.0,168.0,False,127.676,"[None, 2048, 2048, 2048, 2048, 2048, 2048, 2048, 2048]","[2048, 2048, 2048, 2048, 2048, 2048, 2048, 2048, 2048]","[2048, 2048, 2048, 2048, 2048, 2048, 2048]",278.0
1234,9507,11,30,2024-05-05T20:50:04.548000+00:00,50.793,41.271,28.529,159.0,159.0,False,120.593,"[2048, 2048, 2048, 2048, 2048, 2048, 2048, 2048, 2048]","[2048, 2048, 2048, 2048, 2048, 2048, 2048, 2048, 2048]","[2048, 2048, 2048, 2048, 2048, 2048, 2048]",277.0
1234,9507,22,30,2024-05-05T20:50:08.396000+00:00,49.287,42.916,29.163,144.0,152.0,False,121.366,"[2048, 2048, 2048, 2048, 2048, 2048, 2048, 2048, 2048]","[2048, 2048, 2048, 2048, 2048, 2048, 2048, 2048, 2048]","[2048, 2048, 2048, 2048, 2048, 2048, 2048]",280.0
1234,9507,44,30,2024-05-05T20:50:11.349000+00:00,47.518,42.617,29.98,138.0,142.0,False,120.115,"[None, 2048, 2048, 2048, 2048, 2048, 2048, 2048, 2048]","[2048, 2048, 2048, 2048, 2048, 2048, 2048, 2048, 2048]","[2048, 2048, 2048, 2048, 2048, 2048, 2048]",253.0
1234,9507,63,30,2024-05-05T20:50:14.107000+00:00,46.793,43.212,29.423,142.0,135.0,False,119.428,"[None, 2048, 2048, 2048, 2048, 2048, 2048, 2048, 2048]","[2048, 2048, 2048, 2048, 2048, 2048, 2048, 2048, 2048]","[2048, 2048, 2048, 2048, 2048, 2048, 2048]",250.0
1234,9507,31,30,2024-05-05T20:50:15.737000+00:00,46.077,43.552,29.169,149.0,130.0,False,118.798,"[None, 2048, 2048, 2048, 2048, 2048, 2048, 2048, 2048]","[2048, 2048, 2048, 2048, 2048, 2048, 2048, 2048, 2048]","[2048, 2048, 2048, 2048, 2048, 2048, 2048]",184.0
1234,9507,14,30,2024-05-05T20:50:18.726000+00:00,44.771,43.741,29.622,122.0,143.0,False,118.134,"[None, 2048, 2048, 2048, 2048, 2048, 2048, 2048, 2048]","[2048, 2048, 2048, 2048, 2048, 2048, 2048, 2048, 2048]","[2048, 2048, 2048, 2048, 2048, 2048, 2048]",233.0
1234,9507,10,30,2024-05-05T20:50:23.313000+00:00,40.598,44.268,30.297,151.0,147.0,False,115.163,"[None, 2048, 2048, 2048, 2048, 2048, 2048, 2048, 2048]","[2048, 2048, 2048, 2048, 2048, 2048, 2048, 2048, 2048]","[2048, 2048, 2048, 2048, 2048, 2048, 2048]",277.0
1234,9507,23,30,2024-05-05T20:50:25.802000+00:00,39.261,44.661,29.098,204.0,119.0,False,113.02,"[None, 2048, 2048, 2048, 2048, 2048, 2048, 2048, 2048]","[2048, 2048, 2048, 2048, 2048, 2048, 2048, 2048, 2048]","[2048, 2048, 2048, 2048, 2048, 2048, 2048]",288.0
1234,9507,24,30,2024-05-05T20:50:26.648000+00:00,41.822,42.534,30.611,185.0,144.0,False,114.967,"[2048, 2048, 2048, 2048, 2048, 2048, 2048, 2048, 2048]","[2048, 2048, 2048, 2048, 2048, 2048, 2048, 2048, 2048]","[2048, 2048, 2048, 2048, 2048, 2048, 2048]",256.0
1234,9507,3,30,2024-05-05T20:50:29.338000+00:00,42.712,41.017,30.701,166.0,132.0,False,114.43,"[2048, 2048, 2048, 2048, 2048, 2048, 2048, 2048, 2048]","[2048, 2048, 2048, 2048, 2048, 2048, 2048, 2048, 2048]","[2048, 2048, 2048, 2048, 2048, 2048, 2048]",254.0
1234,9507,27,30,2024-05-05T20:50:37.046000+00:00,39.731,38.707,30.192,193.0,156.0,False,108.63,"[2048, 2048, 2048, 2048, 2048, 2048, 2048, 2048, 2048]","[2048, 2048, 2048, 2048, 2048, 2048, 2048, 2048, 2048]","[2048, 2048, 2048, 2048, 2048, 2048, 2048]",257.0
1234,9507,18,30,2024-05-05T20:50:38.897000+00:00,39.144,39.938,28.694,196.0,177.0,False,107.776,"[2048, 2048, 2048, 2048, 2048, 2048, 2048, 2048, 2048]","[2048, 2048, 2048, 2048, 2048, 2048, 2048, 2048, 2048]","[2048, 2048, 2048, 2048, 2048, 2048, 2048]",220.0
1234,9507,77,30,2024-05-05T20:50:40.417000+00:00,54.472,37.204,27.739,209.0,142.0,True,119.415,"[2064, 2064, 2064, 2048, 2048, 2048, 2048, 2048, 2048]","[2048, 2048, 2048, 2048, 2048, 2048, 2048, 2048, 2048]","[2048, 2048, 2048, 2048, 2048, 2048, 2048]",307.0
1234,9507,20,30,2024-05-05T20:51:19.297000+00:00,38.568,37.09,27.611,195.0,175.0,False,103.269,"[2048, 2048, 2048, 2048, 2048, 2048, 2048, 2048, 2048]","[2048, 2048, 2048, 2048, 2048, 2048, 2048, 2048, 2048]","[2048, 2048, 2048, 2048, 2049, 2048, 2048]",287.0
1234,9507,4,31,2024-05-05T20:51:39.917000+00:00,38.753,40.571,38.189,207.0,164.0,False,117.513,"[2048, 2048, 2048, 2048, 2048, 2048, 2048, 2048, 2048]","[2048, 2048, 2048, 2048, 2048, 2048, 2048, 2048, 2048]","[2048, 2048, 2048, 2048, 2048, 2048, 2048]",184.0
1234,9507,1,31,2024-05-05T20:51:58.124000+00:00,36.388,37.212,27.477,206.0,179.0,False,101.077,"[None, 2048, 2048, 2048, 2048, 2048, 2048, 2048, 2048]","[2048, 2048, 2048, 2048, 2048, 2048, 2048, 2048, 2048]","[2048, 2048, 2048, 2048, 2048, 2048, 2048]",291.0
1234,9507,16,31,2024-05-05T20:52:00.455000+00:00,35.455,38.016,28.669,192.0,168.0,False,102.14,"[None, 2048, 2048, 2048, 2048, 2048, 2048, 2048, 2048]","[2048, 2048, 2048, 2048, 2048, 2048, 2048, 2048, 2048]","[2048, 2048, 2048, 2048, 2048, 2048, 2048]",282.0
1234,9507,81,31,2024-05-05T20:52:01.531000+00:00,35.715,38.39,28.652,199.0,164.0,False,102.757,"[None, 2048, 2048, 2048, 2048, 2048, 2048, 2048, 2048]","[2048, 2048, 2048, 2048, 2048, 2048, 2048, 2048, 2048]","[2048, 2048, 2048, 2048, 2048, 2048, 2048]",269.0
1234,9507,55,31,2024-05-05T20:52:03.936000+00:00,35.012,38.812,28.723,170.0,162.0,False,102.547,"[None, 2048, 2048, 2048, 2048, 2048, 2048, 2048, 2048]","[2048, 2048, 2048, 2048, 2048, 2048, 2048, 2048, 2048]","[2048, 2048, 2048, 2048, 2048, 2048, 2048]",287.0
1234,9507,11,31,2024-05-05T20:52:05.094000+00:00,35.598,38.266,28.831,175.0,148.0,False,102.695,"[None, 2048, 2048, 2048, 2048, 2048, 2048, 2048, 2048]","[2048, 2048, 2048, 2048, 2048, 2048, 2048, 2048, 2048]","[2048, 2048, 2048, 2048, 2048, 2048, 2048]",278.0
1234,9507,22,31,2024-05-05T20:52:09.780000+00:00,36.233,37.916,28.614,208.0,157.0,False,102.763,"[None, 2048, 2048, 2048, 2048, 2048, 2048, 2048, 2048]","[2048, 2048, 2048, 2048, 2048, 2048, 2048, 2048, 2048]","[2048, 2048, 2048, 2048, 2048, 2048, 2048]",288.0
1234,9507,44,31,2024-05-05T20:52:11.568000+00:00,39.738,36.684,27.107,202.0,180.0,False,103.529,"[None, 2048, 2048, 2048, 2048, 2048, 2048, 2048, 2048]","[2048, 2048, 2048, 2048, 2048, 2048, 2048, 2048, 2048]","[2048, 2048, 2048, 2048, 2049, 2048, 2048]",281.0
1234,9507,63,31,2024-05-05T20:52:13.556000+00:00,40.037,38.373,28.203,189.0,177.0,False,106.613,"[None, 2048, 2048, 2048, 2048, 2048, 2048, 2048, 2048]","[2048, 2048, 2048, 2048, 2048, 2048, 2048, 2048, 2048]","[2048, 2048, 2048, 2048, 2048, 2048, 2048]",263.0
1234,9507,31,31,2024-05-05T20:52:14.567000+00:00,39.876,39.308,28.103,192.0,169.0,False,107.287,"[None, 2048, 2048, 2048, 2048, 2048, 2048, 2048, 2048]","[2048, 2048, 2048, 2048, 2048, 2048, 2048, 2048, 2048]","[2048, 2048, 2048, 2048, 2048, 2048, 2048]",289.0
1234,9507,14,31,2024-05-05T20:52:16.829000+00:00,40.974,39.676,28.438,187.0,163.0,False,109.088,"[None, 2048, 2048, 2048, 2048, 2048, 2048, 2048, 2048]","[2048, 2048, 2048, 2048, 2048, 2048, 2048, 2048, 2048]","[2048, 2048, 2048, 2048, 2048, 2048, 2048]",239.0
1234,9507,10,31,2024-05-05T20:52:18.611000+00:00,40.367,39.838,28.869,176.0,151.0,False,109.074,"[None, 2048, 2048, 2048, 2048, 2048, 2048, 2048, 2048]","[2048, 2048, 2048, 2048, 2048, 2048, 2048, 2048, 2048]","[2048, 2048, 2048, 2048, 2048, 2048, 2048]",297.0
1234,9507,23,31,2024-05-05T20:52:18.930000+00:00,40.913,41.309,28.863,166.0,161.0,False,111.085,"[None, 2048, 2048, 2048, 2048, 2048, 2048, 2048, 2048]","[2048, 2048, 2048, 2048, 2048, 2048, 2048, 2048, 2048]","[2048, 2048, 2048, 2048, 2048, 2048, 2048]",301.0
1234,9507,24,31,2024-05-05T20:52:21.696000+00:00,40.932,40.307,29.828,172.0,149.0,False,111.067,"[None, 2048, 2048, 2048, 2048, 2048, 2048, 2048, 2048]","[2048, 2048, 2048, 2048, 2048, 2048, 2048, 2048, 2048]","[2048, 2048, 2048, 2048, 2048, 2048, 2048]",227.0
1234,9507,3,31,2024-05-05T20:52:23.744000+00:00,41.1,40.487,29.935,150.0,146.0,False,111.522,"[None, 2048, 2048, 2048, 2048, 2048, 2048, 2048, 2048]","[2048, 2048, 2048, 2048, 2048, 2048, 2048, 2048, 2048]","[2048, 2048, 2048, 2048, 2048, 2048, 2048]",285.0
1234,9507,27,31,2024-05-05T20:52:25.672000+00:00,41.199,40.233,29.581,188.0,161.0,False,111.013,"[None, 2048, 2048, 2048, 2048, 2048, 2048, 2048, 2048]","[2048, 2048, 2048, 2048, 2048, 2048, 2048, 2048, 2048]","[2048, 2048, 2048, 2048, 2048, 2048, 2048]",279.0
1234,9507,18,31,2024-05-05T20:52:26.556000+00:00,41.339,40.677,29.141,195.0,163.0,False,111.157,"[None, 2048, 2048, 2048, 2048, 2048, 2048, 2048, 2048]","[2048, 2048, 2048, 2048, 2048, 2048, 2048, 2048, 2048]","[2048, 2048, 2048, 2048, 2048, 2048, 2048]",209.0
1234,9507,77,31,2024-05-05T20:52:39.893000+00:00,34.021,37.603,30.962,206.0,161.0,False,102.586,"[2048, 2048, 2048, 2048, 2048, 2048, 2048, 2048, 2048]","[2048, 2048, 2048, 2048, 2048, 2048, 2048, 2048, 2048]","[2048, 2048, 2048, 2048, 2048, 2048, 2048]",258.0
1234,9507,20,31,2024-05-05T20:53:02.562000+00:00,33.866,35.167,31.34,213.0,188.0,False,100.373,"[None, 2048, 2048, 2048, 2048, 2048, 2048, 2048, 2048]","[2048, 2048, 2048, 2048, 2048, 2049, 2049, 2048, 2049]","[2048, 2048, 2048, 2048, 2048, 2048, 2064]",312.0
1234,9507,4,32,2024-05-05T20:53:37.430000+00:00,59.211,58.821,38.608,109.0,147.0,False,156.64,"[None, 2048, 2048, 2048, 2048, 2048, 2048, 2048, 2048]","[2048, 2048, 2048, 2048, 2048, 2048, 2048, 2048, 2048]","[2048, 2048, 2048, 2048, 2048, 2048, 2048]",115.0
1234,9507,1,32,2024-05-05T20:53:39.282000+00:00,58.501,58.369,38.163,150.0,164.0,False,155.033,"[None, 2048, 2048, 2048, 2048, 2048, 2048, 2048, 2048]","[2048, 2048, 2048, 2048, 2048, 2048, 2048, 2048, 2048]","[2048, 2048, 2048, 2048, 2048, 2048, 2048]",107.0
1234,9507,16,32,2024-05-05T20:53:42.454000+00:00,56.778,57.938,37.35,112.0,159.0,False,152.066,"[None, 2048, 2048, 2048, 2048, 2048, 2048, 2048, 2048]","[2048, 2048, 2048, 2048, 2048, 2048, 2048, 2048, 2048]","[2048, 2048, 2048, 2048, 2048, 2048, 2048]",121.0
1234,9507,81,32,2024-05-05T20:53:44.396000+00:00,55.836,58.454,36.151,103.0,120.0,False,150.441,"[None, 2048, 2048, 2048, 2048, 2048, 2048, 2048, 2048]","[2048, 2048, 2048, 2048, 2048, 2048, 2048, 2048, 2048]","[2048, 2048, 2048, 2048, 2048, 2048, 2049]",140.0
1234,9507,55,32,2024-05-05T20:53:46.619000+00:00,54.578,58.611,35.554,104.0,126.0,False,148.743,"[None, 2048, 2048, 2048, 2048, 2048, 2048, 2048, 2048]","[2048, 2048, 2048, 2048, 2048, 2048, 2048, 2048, 2048]","[2048, 2048, 2048, 2048, 2048, 2048, 2048]",147.0
1234,9507,11,32,2024-05-05T20:53:47.678000+00:00,54.457,59.097,34.135,90.0,101.0,False,147.689,"[None, 2048, 2048, 2048, 2048, 2048, 2048, 2048, 2048]","[2048, 2048, 2048, 2048, 2048, 2048, 2048, 2048, 2048]","[2048, 2048, 2048, 2048, 2048, 2048, 2049]",159.0
1234,9507,22,32,2024-05-05T20:53:52.550000+00:00,51.865,58.387,33.303,99.0,98.0,False,143.555,"[None, 2048, 2048, 2048, 2048, 2048, 2048, 2048, 2048]","[2048, 2048, 2048, 2048, 2048, 2048, 2048, 2048, 2048]","[2048, 2048, 2048, 2048, 2048, 2048, 2049]",170.0
1234,9507,44,32,2024-05-05T20:53:55.089000+00:00,51.804,56.478,32.981,78.0,109.0,False,141.263,"[None, 2048, 2048, 2048, 2048, 2048, 2048, 2048, 2048]","[2048, 2048, 2048, 2048, 2048, 2048, 2048, 2048, 2048]","[2048, 2048, 2048, 2048, 2048, 2049, 2049]",176.0
1234,9507,63,32,2024-05-05T20:54:00.140000+00:00,48.034,55.808,32.842,69.0,135.0,False,136.684,"[None, 2048, 2048, 2048, 2048, 2048, 2048, 2048, 2048]","[2048, 2048, 2048, 2048, 2048, 2048, 2048, 2048, 2048]","[2048, 2048, 2048, 2048, 2048, 2049, 2048]",189.0
1234,9507,31,32,2024-05-05T20:54:01.914000+00:00,47.37,55.837,32.194,67.0,159.0,False,135.401,"[None, 2048, 2048, 2048, 2048, 2048, 2048, 2048, 2048]","[2048, 2048, 2048, 2048, 2048, 2048, 2048, 2048, 2048]","[2048, 2048, 2048, 2048, 2048, 2048, 2048]",204.0
1234,9507,14,32,2024-05-05T20:54:06.050000+00:00,44.597,56.195,30.842,65.0,151.0,False,131.634,"[None, 2048, 2048, 2048, 2048, 2048, 2048, 2048, 2048]","[2048, 2048, 2048, 2048, 2048, 2048, 2048, 2048, 2048]","[2048, 2048, 2048, 2048, 2048, 2048, 2049]",210.0
1234,9507,10,32,2024-05-05T20:54:07.602000+00:00,44.099,56.133,30.743,66.0,138.0,False,130.975,"[None, 2048, 2048, 2048, 2048, 2048, 2048, 2048, 2048]","[2048, 2048, 2048, 2048, 2048, 2048, 2048, 2048, 2048]","[2048, 2048, 2048, 2048, 2048, 2048, 2048]",259.0
1234,9507,23,32,2024-05-05T20:54:09.976000+00:00,42.555,56.311,30.588,69.0,117.0,False,129.454,"[None, 2048, 2048, 2048, 2048, 2048, 2048, 2048, 2048]","[2048, 2048, 2048, 2048, 2048, 2048, 2048, 2048, 2048]","[2048, 2048, 2048, 2048, 2048, 2048, 2048]",269.0
1234,9507,24,32,2024-05-05T20:54:12.720000+00:00,40.817,55.976,30.538,71.0,122.0,False,127.331,"[None, 2048, 2048, 2048, 2048, 2048, 2048, 2048, 2048]","[2048, 2048, 2048, 2048, 2048, 2048, 2048, 2048, 2048]","[2048, 2048, 2048, 2048, 2048, 2049, 2048]",273.0
1234,9507,3,32,2024-05-05T20:54:15.285000+00:00,39.343,56.047,29.921,76.0,157.0,False,125.311,"[None, 2048, 2048, 2048, 2048, 2048, 2048, 2048, 2048]","[2048, 2048, 2048, 2048, 2048, 2048, 2048, 2048, 2048]","[2048, 2048, 2048, 2048, 2049, 2049, 2049]",269.0
1234,9507,27,32,2024-05-05T20:54:16.754000+00:00,39.841,55.455,29.003,79.0,172.0,False,124.299,"[None, 2048, 2048, 2048, 2048, 2048, 2048, 2048, 2048]","[2048, 2048, 2048, 2048, 2048, 2048, 2048, 2048, 2048]","[2048, 2048, 2048, 2048, 2049, 2049, 2049]",247.0
1234,9507,18,32,2024-05-05T20:54:17.700000+00:00,40.104,55.792,28.605,77.0,183.0,False,124.501,"[None, 2048, 2048, 2048, 2048, 2048, 2048, 2048, 2048]","[2048, 2048, 2048, 2048, 2048, 2048, 2048, 2048, 2048]","[2048, 2048, 2048, 2048, 2048, 2049, 2048]",238.0
1234,9507,77,32,2024-05-05T20:54:22.498000+00:00,37.418,56.598,27.887,102.0,160.0,False,121.903,"[None, 2048, 2048, 2048, 2048, 2048, 2048, 2048, 2048]","[2048, 2048, 2048, 2048, 2048, 2048, 2048, 2048, 2048]","[2048, 2048, 2048, 2048, 2048, 2049, 2049]",286.0
1234,9507,20,32,2024-05-05T20:54:42.832000+00:00,54.1,35.114,25.872,214.0,186.0,True,115.086,"[2064, 2064, 2064, 2048, 2048, 2048, 2049, 2049, 2049]","[2048, 2048, 2048, 2048, 2048, 2049, 2049, 2048, 2048]","[2048, 2048, 2048, 2048, 2048, 2049, 2048]",313.0
1234,9507,4,33,2024-05-05T20:56:13.961000+00:00,30.834,34.635,25.688,218.0,187.0,False,91.157,"[None, 2049, 2048, 2048, 2048, 2048, 2049, 2051, 2051]","[2049, 2048, 2048, 2048, 2048, 2051, 2049, 2049, 2051]","[2048, 2048, 2048, 2049, 2051, 2049, 2048]",315.0
1234,9507,1,33,2024-05-05T20:56:14.228000+00:00,31.596,34.889,25.742,213.0,185.0,False,92.227,"[2049, 2048, 2048, 2048, 2048, 2048, 2048, 2048, 2048]","[2049, 2049, 2049, 2049, 2049, 2048, 2048, 2048, 2048]","[2049, 2049, 2049, 2048, 2048, 2048, 2049]",313.0
1234,9507,16,33,2024-05-05T20:56:14.591000+00:00,31.638,35.356,25.793,211.0,184.0,False,92.787,"[None, 2048, 2048, 2048, 2048, 2048, 2048, 2048, 2048]","[2049, 2049, 2048, 2048, 2048, 2048, 2048, 2048, 2048]","[2049, 2048, 2048, 2048, 2048, 2048, 2049]",311.0
1234,9507,81,33,2024-05-05T20:56:14.837000+00:00,32.05,35.42,25.778,215.0,184.0,False,93.248,"[None, 2048, 2048, 2048, 2048, 2048, 2048, 2048, 2048]","[2049, 2049, 2049, 2048, 2048, 2048, 2048, 2048, 2048]","[2049, 2049, 2048, 2048, 2048, 2049, 2049]",315.0
1234,9507,55,33,2024-05-05T20:56:15.262000+00:00,32.03,35.338,25.829,213.0,186.0,False,93.197,"[None, 2048, 2048, 2048, 2048, 2048, 2048, 2048, 2048]","[2049, 2048, 2048, 2048, 2048, 2048, 2048, 2048, 2048]","[2049, 2048, 2048, 2048, 2048, 2049, 2049]",314.0
1234,9507,11,33,2024-05-05T20:56:15.383000+00:00,32.382,35.357,25.85,211.0,186.0,False,93.589,"[None, 2048, 2048, 2048, 2049, 2048, 2048, 2048, 2048]","[2049, 2048, 2048, 2048, 2048, 2048, 2048, 2048, 2049]","[2049, 2049, 2048, 2048, 2048, 2049, 2048]",316.0
1234,9507,22,33,2024-05-05T20:56:16.042000+00:00,32.342,35.758,26.027,213.0,185.0,False,94.127,"[None, 2048, 2048, 2048, 2049, 2048, 2048, 2048, 2048]","[2049, 2048, 2048, 2048, 2048, 2048, 2048, 2048, 2048]","[2049, 2048, 2048, 2048, 2048, 2049, 2049]",320.0
1234,9507,44,33,2024-05-05T20:56:16.232000+00:00,32.358,35.917,25.812,212.0,186.0,False,94.087,"[None, 2048, 2048, 2048, 2048, 2048, 2048, 2048, 2048]","[2049, 2049, 2049, 2048, 2048, 2048, 2048, 2048, 2048]","[2049, 2049, 2048, 2048, 2048, 2049, 2049]",325.0
1234,9507,63,33,2024-05-05T20:56:16.907000+00:00,32.419,36.066,25.97,211.0,185.0,False,94.455,"[None, 2048, 2048, 2048, 2048, 2048, 2048, 2048, 2048]","[2049, 2049, 2048, 2048, 2048, 2048, 2048, 2048, 2048]","[2049, 2048, 2048, 2048, 2048, 2048, 2048]",324.0
1234,9507,31,33,2024-05-05T20:56:17.266000+00:00,32.518,36.262,26.031,214.0,184.0,False,94.811,"[None, 2048, 2048, 2048, 2049, 2048, 2048, 2048, 2048]","[2048, 2048, 2048, 2048, 2048, 2048, 2048, 2048, 2048]","[2049, 2048, 2048, 2048, 2048, 2048, 2048]",322.0
1234,9507,14,33,2024-05-05T20:56:17.606000+00:00,32.451,36.366,26.083,216.0,184.0,False,94.9,"[None, 2048, 2048, 2048, 2048, 2048, 2048, 2048, 2048]","[2049, 2051, 2048, 2048, 2048, 2048, 2048, 2048, 2048]","[2048, 2048, 2048, 2048, 2048, 2048, 2048]",320.0
1234,9507,10,33,2024-05-05T20:56:18.534000+00:00,32.141,36.172,26.248,212.0,183.0,False,94.561,"[None, 2048, 2048, 2048, 2049, 2048, 2048, 2048, 2048]","[2049, 2048, 2048, 2048, 2048, 2048, 2048, 2048, 2048]","[2049, 2048, 2048, 2048, 2048, 2048, 2048]",320.0
1234,9507,23,33,2024-05-05T20:56:19.462000+00:00,32.204,35.693,26.024,211.0,183.0,False,93.921,"[None, 2048, 2048, 2048, 2048, 2048, 2048, 2048, 2048]","[2049, 2049, 2048, 2048, 2048, 2048, 2048, 2048, 2048]","[2049, 2048, 2048, 2048, 2048, 2049, 2049]",319.0
1234,9507,24,33,2024-05-05T20:56:19.974000+00:00,32.065,35.722,25.997,217.0,188.0,False,93.784,"[None, 2048, 2049, 2048, 2048, 2048, 2048, 2048, 2049]","[2051, 2049, 2048, 2048, 2048, 2048, 2048, 2048, 2048]","[2049, 2049, 2048, 2048, 2048, 2049, 2049]",317.0
1234,9507,3,33,2024-05-05T20:56:20.510000+00:00,32.072,35.952,26.007,210.0,185.0,False,94.031,"[None, 2048, 2048, 2048, 2048, 2048, 2048, 2048, 2048]","[2049, 2048, 2048, 2048, 2049, 2048, 2048, 2048, 2048]","[2049, 2048, 2048, 2048, 2048, 2048, 2049]",320.0
1234,9507,27,33,2024-05-05T20:56:21.051000+00:00,32.069,35.827,25.722,216.0,188.0,False,93.618,"[None, 2048, 2048, 2048, 2049, 2048, 2048, 2048, 2049]","[2049, 2049, 2049, 2048, 2048, 2048, 2048, 2048, 2048]","[2051, 2049, 2048, 2048, 2048, 2049, 2051]",326.0
1234,9507,18,33,2024-05-05T20:56:22.266000+00:00,31.687,35.542,25.804,212.0,188.0,False,93.033,"[None, 2048, 2049, 2049, 2049, 2048, 2048, 2048, 2048]","[2049, 2048, 2048, 2048, 2048, 2048, 2049, 2048, 2048]","[2049, 2049, 2048, 2048, 2048, 2048, 2049]",312.0
1234,9507,77,33,2024-05-05T20:56:24.409000+00:00,31.456,35.516,26.037,214.0,186.0,False,93.009,"[None, 2048, 2048, 2048, 2049, 2049, 2048, 2048, 2048]","[2049, 2048, 2048, 2048, 2048, 2048, 2048, 2048, 2048]","[2048, 2048, 2048, 2048, 2048, 2048, 2049]",324.0
1234,9507,20,33,2024-05-05T20:56:38.106000+00:00,30.917,35.115,25.742,215.0,186.0,False,91.774,"[2048, 2048, 2049, 2049, 2048, 2049, 2049, 2049, 2049]","[2048, 2048, 2048, 2048, 2048, 2048, 2049, 2048, 2048]","[2048, 2048, 2048, 2048, 2048, 2049, 2048]",316.0
1234,9507,4,34,2024-05-05T20:57:45.245000+00:00,30.653,34.896,25.74,211.0,187.0,False,91.289,"[None, 2048, 2051, 2051, 2051, 2048, 2048, 2048, 2048]","[2048, 2048, 2048, 2048, 2048, 2051, 2048, 2048, 2048]","[2048, 2048, 2048, 2048, 2048, 2048, 2048]",314.0
1234,9507,1,34,2024-05-05T20:57:46.516000+00:00,30.895,34.877,25.839,212.0,186.0,False,91.611,"[2048, 2048, 2048, 2049, 2049, 2049, 2048, 2048, 2048]","[2048, 2048, 2049, 2048, 2048, 2048, 2048, 2048, 2048]","[2049, 2048, 2049, 2048, 2048, 2048, 2048]",313.0
1234,9507,16,34,2024-05-05T20:57:47.309000+00:00,30.864,35.031,25.604,,186.0,False,91.499,"[None, 2048, 2048, 2049, 2049, 2051, 2048, 2048, 2048]","[2048, 2048, 2048, 2048, 2048, 2048, 2048, 2048, 2048]","[2049, 2049, 2048, 2048, 2048, 2048, 2049]",328.0
1234,9507,81,34,2024-05-05T20:57:48.058000+00:00,31.261,35.147,25.735,211.0,186.0,False,92.143,"[None, 2048, 2048, 2048, 2048, 2048, 2048, 2049, 2048]","[2048, 2048, 2048, 2048, 2049, 2048, 2049, 2048, 2048]","[2049, 2048, 2048, 2048, 2048, 2048, 2048]",315.0
1234,9507,55,34,2024-05-05T20:57:48.468000+00:00,31.166,35.419,25.524,,185.0,False,92.109,"[None, 2048, 2048, 2048, 2048, 2048, 2048, 2048, 2048]","[2049, 2049, 2049, 2049, 2049, 2048, 2048, 2048, 2048]","[2048, 2049, 2048, 2048, 2049, 2049, 2048]",331.0
1234,9507,11,34,2024-05-05T20:57:49.013000+00:00,31.582,34.963,25.643,209.0,185.0,False,92.188,"[None, 2048, 2048, 2048, 2048, 2048, 2048, 2048, 2048]","[2048, 2048, 2048, 2048, 2049, 2048, 2048, 2048, 2048]","[2048, 2049, 2049, 2048, 2048, 2048, 2048]",306.0
1234,9507,22,34,2024-05-05T20:57:50.155000+00:00,31.293,36.052,25.887,211.0,182.0,False,93.232,"[None, 2048, 2048, 2049, 2049, 2049, 2048, 2049, 2048]","[2048, 2048, 2048, 2048, 2049, 2048, 2048, 2048, 2048]","[2048, 2048, 2048, 2048, 2048, 2048, 2048]",310.0
1234,9507,44,34,2024-05-05T20:57:50.392000+00:00,31.46,35.035,25.773,210.0,186.0,False,92.268,"[None, 2048, 2048, 2048, 2048, 2048, 2048, 2048, 2048]","[2048, 2048, 2049, 2049, 2049, 2048, 2048, 2048, 2049]","[2048, 2048, 2048, 2048, 2049, 2048, 2048]",322.0
1234,9507,63,34,2024-05-05T20:57:51.356000+00:00,31.534,35.531,25.697,212.0,184.0,False,92.762,"[None, 2048, 2048, 2048, 2048, 2048, 2048, 2049, 2048]","[2048, 2048, 2048, 2048, 2048, 2048, 2048, 2048, 2048]","[2048, 2048, 2048, 2048, 2048, 2048, 2048]",338.0
1234,9507,31,34,2024-05-05T20:57:52.049000+00:00,31.672,35.399,25.663,215.0,184.0,False,92.734,"[None, 2048, 2048, 2048, 2048, 2049, 2048, 2049, 2048]","[2048, 2048, 2048, 2048, 2048, 2048, 2048, 2048, 2049]","[2048, 2049, 2048, 2048, 2048, 2049, 2048]",338.0
1234,9507,14,34,2024-05-05T20:57:52.496000+00:00,31.692,35.594,25.782,210.0,183.0,False,93.068,"[None, 2048, 2048, 2049, 2049, 2048, 2049, 2049, 2048]","[2048, 2048, 2048, 2048, 2048, 2048, 2048, 2048, 2048]","[2048, 2048, 2048, 2048, 2048, 2048, 2048]",318.0
1234,9507,10,34,2024-05-05T20:57:53.180000+00:00,32.052,35.338,25.811,214.0,184.0,False,93.201,"[None, 2048, 2048, 2048, 2048, 2048, 2048, 2048, 2048]","[2049, 2048, 2048, 2048, 2048, 2048, 2048, 2048, 2048]","[2048, 2048, 2048, 2048, 2048, 2048, 2048]",334.0
1234,9507,23,34,2024-05-05T20:57:53.403000+00:00,32.392,35.268,25.837,212.0,181.0,False,93.497,"[None, 2048, 2048, 2048, 2048, 2048, 2048, 2049, 2048]","[2049, 2051, 2051, 2048, 2049, 2048, 2048, 2048, 2048]","[2048, 2048, 2048, 2048, 2048, 2048, 2048]",335.0
1234,9507,24,34,2024-05-05T20:57:53.778000+00:00,32.359,35.37,25.709,209.0,186.0,False,93.438,"[None, 2048, 2048, 2048, 2048, 2048, 2048, 2048, 2048]","[2048, 2048, 2048, 2048, 2048, 2048, 2048, 2048, 2048]","[2048, 2049, 2049, 2048, 2048, 2048, 2049]",332.0
1234,9507,3,34,2024-05-05T20:57:54.575000+00:00,32.633,35.507,25.75,211.0,184.0,False,93.89,"[None, 2048, 2048, 2048, 2048, 2048, 2048, 2048, 2048]","[2048, 2048, 2049, 2049, 2049, 2048, 2048, 2048, 2048]","[2048, 2048, 2049, 2048, 2048, 2048, 2048]",336.0
1234,9507,27,34,2024-05-05T20:57:54.715000+00:00,32.018,35.494,25.566,215.0,186.0,False,93.078,"[None, 2048, 2048, 2048, 2049, 2048, 2048, 2048, 2048]","[2048, 2048, 2049, 2049, 2048, 2048, 2048, 2048, 2048]","[2048, 2048, 2049, 2048, 2048, 2048, 2048]",337.0
1234,9507,18,34,2024-05-05T20:57:55.320000+00:00,32.413,35.515,25.631,213.0,187.0,False,93.559,"[None, 2048, 2048, 2048, 2048, 2048, 2048, 2048, 2048]","[2049, 2048, 2048, 2048, 2048, 2048, 2048, 2048, 2048]","[2048, 2049, 2051, 2048, 2048, 2048, 2048]",336.0
1234,9507,77,34,2024-05-05T20:57:57.339000+00:00,31.762,35.739,25.891,213.0,186.0,False,93.392,"[None, 2048, 2048, 2048, 2048, 2048, 2048, 2048, 2048]","[2048, 2048, 2048, 2048, 2048, 2048, 2048, 2048, 2048]","[2048, 2048, 2048, 2048, 2048, 2048, 2048]",321.0
1234,9507,20,34,2024-05-05T20:58:09.817000+00:00,31.246,35.107,25.877,213.0,185.0,False,92.23,"[None, 2048, 2048, 2048, 2048, 2048, 2048, 2048, 2048]","[2048, 2048, 2048, 2048, 2048, 2048, 2048, 2048, 2048]","[2048, 2048, 2048, 2048, 2048, 2048, 2048]",316.0
1234,9507,4,35,2024-05-05T20:59:16.539000+00:00,30.786,34.791,25.814,213.0,187.0,False,91.391,"[None, 2048, 2048, 2051, 2051, 2048, 2048, 2048, 2048]","[2048, 2048, 2048, 2048, 2048, 2051, 2049, 2048, 2048]","[2048, 2048, 2048, 2048, 2048, 2048, 2048]",315.0
1234,9507,1,35,2024-05-05T20:59:18.132000+00:00,30.803,34.769,25.837,211.0,185.0,False,91.409,"[None, 2048, 2048, 2048, 2049, 2049, 2048, 2048, 2048]","[2048, 2049, 2049, 2049, 2048, 2048, 2048, 2048, 2048]","[2048, 2048, 2048, 2048, 2048, 2048, 2048]",314.0
1234,9507,16,35,2024-05-05T20:59:18.806000+00:00,30.878,34.926,25.645,212.0,185.0,False,91.449,"[None, 2048, 2048, 2049, 2048, 2048, 2048, 2048, 2048]","[2048, 2048, 2048, 2048, 2048, 2048, 2048, 2048, 2048]","[2048, 2048, 2048, 2048, 2048, 2048, 2049]",327.0
1234,9507,81,35,2024-05-05T20:59:20.258000+00:00,30.689,34.94,25.743,213.0,184.0,False,91.372,"[None, 2049, 2048, 2048, 2049, 2049, 2049, 2049, 2049]","[2048, 2048, 2048, 2048, 2048, 2048, 2048, 2048, 2048]","[2048, 2048, 2048, 2048, 2048, 2048, 2048]",317.0
1234,9507,55,35,2024-05-05T20:59:20.610000+00:00,30.94,34.79,25.693,211.0,186.0,False,91.423,"[None, 2048, 2048, 2048, 2048, 2048, 2051, 2048, 2048]","[2048, 2048, 2048, 2048, 2048, 2048, 2048, 2048, 2048]","[2048, 2049, 2048, 2048, 2048, 2048, 2049]",330.0
1234,9507,11,35,2024-05-05T20:59:21.285000+00:00,31.285,34.769,25.535,210.0,185.0,False,91.589,"[2049, 2048, 2048, 2048, 2048, 2048, 2048, 2048, 2048]","[2048, 2049, 2048, 2048, 2048, 2048, 2048, 2048, 2049]","[2048, 2048, 2049, 2048, 2049, 2048, 2048]",331.0
1234,9507,44,35,2024-05-05T20:59:22.624000+00:00,30.788,34.846,25.751,211.0,182.0,False,91.385,"[None, 2048, 2049, 2048, 2048, 2049, 2049, 2048, 2048]","[2048, 2048, 2048, 2048, 2048, 2048, 2048, 2048, 2048]","[2048, 2048, 2048, 2048, 2049, 2048, 2048]",317.0
1234,9507,22,35,2024-05-05T20:59:23.380000+00:00,31.326,35.032,25.96,213.0,184.0,False,92.318,"[None, 2048, 2048, 2048, 2048, 2048, 2048, 2048, 2049]","[2048, 2048, 2048, 2048, 2048, 2049, 2048, 2048, 2049]","[2048, 2048, 2048, 2048, 2049, 2048, 2048]",312.0
1234,9507,63,35,2024-05-05T20:59:24.048000+00:00,31.24,35.286,25.751,210.0,185.0,False,92.277,"[2049, 2048, 2048, 2048, 2049, 2048, 2048, 2049, 2048]","[2048, 2049, 2049, 2049, 2048, 2048, 2048, 2048, 2048]","[2048, 2048, 2048, 2048, 2048, 2048, 2049]",334.0
1234,9507,31,35,2024-05-05T20:59:24.870000+00:00,31.406,35.22,25.819,213.0,184.0,False,92.445,"[None, 2048, 2048, 2048, 2048, 2048, 2049, 2048, 2048]","[2048, 2048, 2048, 2048, 2048, 2048, 2048, 2048, 2048]","[2048, 2048, 2048, 2048, 2048, 2048, 2048]",329.0
1234,9507,14,35,2024-05-05T20:59:25.582000+00:00,31.427,35.462,25.782,213.0,185.0,False,92.671,"[None, 2048, 2048, 2048, 2048, 2048, 2049, 2049, 2048]","[2048, 2048, 2048, 2048, 2048, 2048, 2048, 2048, 2048]","[2048, 2048, 2048, 2048, 2048, 2048, 2048]",331.0
1234,9507,10,35,2024-05-05T20:59:26.306000+00:00,31.554,35.424,25.885,210.0,183.0,False,92.863,"[None, 2049, 2048, 2048, 2048, 2048, 2048, 2048, 2048]","[2048, 2048, 2048, 2048, 2048, 2048, 2048, 2048, 2048]","[2048, 2048, 2048, 2048, 2048, 2049, 2048]",330.0
1234,9507,23,35,2024-05-05T20:59:26.907000+00:00,31.885,35.316,25.654,209.0,183.0,False,92.855,"[2051, 2049, 2048, 2048, 2048, 2049, 2048, 2048, 2048]","[2048, 2048, 2048, 2048, 2049, 2048, 2048, 2048, 2048]","[2048, 2048, 2048, 2048, 2048, 2048, 2048]",341.0
1234,9507,24,35,2024-05-05T20:59:27.147000+00:00,31.96,35.446,25.778,216.0,187.0,False,93.184,"[2049, 2048, 2048, 2048, 2048, 2048, 2048, 2048, 2048]","[2051, 2049, 2049, 2049, 2048, 2048, 2048, 2048, 2049]","[2048, 2048, 2048, 2048, 2048, 2048, 2048]",313.0
1234,9507,27,35,2024-05-05T20:59:27.646000+00:00,32.005,35.376,25.734,216.0,187.0,False,93.115,"[2049, 2048, 2048, 2048, 2048, 2048, 2048, 2048, 2048]","[2048, 2048, 2048, 2048, 2048, 2048, 2048, 2048, 2048]","[2048, 2048, 2048, 2048, 2048, 2048, 2048]",329.0
1234,9507,3,35,2024-05-05T20:59:28.462000+00:00,31.74,35.421,25.824,209.0,184.0,False,92.985,"[None, 2049, 2048, 2048, 2049, 2048, 2048, 2048, 2048]","[2048, 2048, 2048, 2049, 2049, 2048, 2048, 2048, 2048]","[2048, 2048, 2048, 2048, 2048, 2048, 2048]",341.0
1234,9507,18,35,2024-05-05T20:59:28.799000+00:00,31.857,35.423,25.67,212.0,187.0,False,92.95,"[None, 2048, 2048, 2048, 2049, 2048, 2048, 2048, 2048]","[2048, 2048, 2048, 2048, 2048, 2048, 2048, 2048, 2048]","[2048, 2048, 2048, 2048, 2048, 2048, 2049]",355.0
1234,9507,77,35,2024-05-05T20:59:30.719000+00:00,31.414,35.549,25.959,212.0,186.0,False,92.922,"[None, 2048, 2049, 2048, 2048, 2048, 2048, 2048, 2048]","[2048, 2048, 2048, 2048, 2048, 2048, 2048, 2048, 2048]","[2048, 2048, 2048, 2048, 2048, 2048, 2049]",323.0
1234,9507,20,35,2024-05-05T20:59:42.054000+00:00,31.148,35.031,25.814,212.0,185.0,False,91.993,"[None, 2048, 2048, 2049, 2048, 2049, 2048, 2049, 2048]","[2048, 2048, 2048, 2048, 2048, 2048, 2049, 2049, 2048]","[2048, 2048, 2048, 2048, 2048, 2048, 2048]",315.0
1234,9507,4,36,2024-05-05T21:00:48.008000+00:00,30.61,34.764,25.759,214.0,187.0,False,91.133,"[None, 2049, 2051, 2048, 2048, 2049, 2048, 2048, 2048]","[2048, 2048, 2048, 2048, 2048, 2048, 2048, 2048, 2048]","[2048, 2048, 2048, 2048, 2048, 2048, 2048]",313.0
1234,9507,1,36,2024-05-05T21:00:49.522000+00:00,30.881,34.84,25.735,213.0,185.0,False,91.456,"[None, 2048, 2048, 2048, 2049, 2048, 2048, 2049, 2048]","[2049, 2049, 2048, 2048, 2048, 2048, 2048, 2048, 2048]","[2049, 2048, 2048, 2048, 2049, 2048, 2048]",313.0
1234,9507,16,36,2024-05-05T21:00:50.299000+00:00,30.964,35.038,25.862,214.0,184.0,False,91.864,"[None, 2048, 2048, 2048, 2048, 2051, 2048, 2048, 2048]","[2049, 2048, 2048, 2048, 2048, 2048, 2048, 2048, 2048]","[2048, 2048, 2048, 2048, 2048, 2048, 2048]",318.0
1234,9507,81,36,2024-05-05T21:00:51.450000+00:00,30.955,35.397,25.85,214.0,182.0,False,92.202,"[None, 2048, 2048, 2048, 2049, 2049, 2048, 2048, 2048]","[2048, 2048, 2048, 2048, 2048, 2048, 2048, 2048, 2048]","[2048, 2048, 2048, 2049, 2048, 2048, 2048]",316.0
1234,9507,55,36,2024-05-05T21:00:51.945000+00:00,30.864,35.547,25.694,212.0,186.0,False,92.105,"[None, 2048, 2048, 2049, 2049, 2048, 2051, 2048, 2048]","[2049, 2049, 2049, 2048, 2048, 2048, 2048, 2048, 2048]","[2048, 2049, 2048, 2048, 2048, 2048, 2049]",329.0
1234,9507,11,36,2024-05-05T21:00:52.842000+00:00,31.281,35.294,25.609,209.0,183.0,False,92.184,"[2048, 2048, 2048, 2048, 2048, 2048, 2048, 2049, 2048]","[2048, 2048, 2048, 2048, 2048, 2048, 2048, 2048, 2048]","[2048, 2048, 2048, 2048, 2049, 2048, 2048]",316.0
1234,9507,44,36,2024-05-05T21:00:54.061000+00:00,31.13,35.206,25.904,215.0,186.0,False,92.24,"[None, 2049, 2048, 2048, 2048, 2048, 2048, 2048, 2048]","[2048, 2048, 2048, 2048, 2048, 2048, 2048, 2048, 2049]","[2048, 2048, 2048, 2048, 2049, 2048, 2048]",303.0
1234,9507,22,36,2024-05-05T21:00:55.753000+00:00,31.102,35.247,26.039,215.0,184.0,False,92.388,"[None, 2049, 2048, 2048, 2048, 2048, 2049, 2049, 2049]","[2049, 2048, 2048, 2048, 2048, 2048, 2048, 2048, 2048]","[2048, 2048, 2048, 2048, 2048, 2048, 2049]",312.0
1234,9507,63,36,2024-05-05T21:00:56.395000+00:00,31.262,35.308,25.775,209.0,185.0,False,92.345,"[2048, 2048, 2048, 2049, 2049, 2048, 2048, 2048, 2048]","[2048, 2048, 2048, 2048, 2048, 2048, 2048, 2048, 2048]","[2048, 2048, 2048, 2048, 2048, 2048, 2049]",332.0
1234,9507,31,36,2024-05-05T21:00:57.310000+00:00,31.348,35.306,25.694,214.0,185.0,False,92.348,"[None, 2048, 2048, 2048, 2049, 2048, 2048, 2048, 2048]","[2048, 2048, 2048, 2048, 2048, 2048, 2048, 2048, 2049]","[2048, 2048, 2048, 2048, 2048, 2049, 2049]",331.0
1234,9507,14,36,2024-05-05T21:00:58.316000+00:00,31.246,35.399,25.666,211.0,184.0,False,92.311,"[None, 2049, 2048, 2048, 2048, 2048, 2048, 2048, 2048]","[2048, 2048, 2048, 2048, 2048, 2048, 2048, 2048, 2048]","[2048, 2048, 2048, 2048, 2048, 2048, 2049]",333.0
1234,9507,10,36,2024-05-05T21:00:59.287000+00:00,31.568,35.461,25.849,211.0,184.0,False,92.878,"[None, 2048, 2048, 2049, 2048, 2048, 2048, 2048, 2048]","[2048, 2048, 2048, 2048, 2048, 2048, 2048, 2048, 2048]","[2048, 2048, 2048, 2048, 2048, 2048, 2048]",324.0
1234,9507,23,36,2024-05-05T21:00:59.763000+00:00,32.088,35.372,25.697,211.0,183.0,False,93.157,"[2048, 2048, 2048, 2048, 2048, 2048, 2048, 2048, 2048]","[2048, 2048, 2048, 2048, 2048, 2048, 2048, 2048, 2048]","[2048, 2048, 2048, 2048, 2048, 2048, 2048]",335.0
1234,9507,24,36,2024-05-05T21:01:00.526000+00:00,31.797,35.614,25.847,,185.0,False,93.258,"[2048, 2048, 2049, 2048, 2048, 2048, 2048, 2048, 2048]","[2051, 2048, 2048, 2048, 2048, 2048, 2048, 2048, 2048]","[2048, 2048, 2048, 2048, 2048, 2048, 2049]",306.0
1234,9507,27,36,2024-05-05T21:01:00.806000+00:00,31.979,35.406,25.906,,186.0,False,93.291,"[None, 2048, 2048, 2048, 2048, 2048, 2048, 2048, 2048]","[2048, 2048, 2048, 2048, 2048, 2048, 2048, 2048, 2048]","[2048, 2049, 2048, 2048, 2048, 2048, 2048]",305.0
1234,9507,3,36,2024-05-05T21:01:01.458000+00:00,31.823,35.409,26.018,212.0,183.0,False,93.25,"[None, 2048, 2048, 2048, 2048, 2048, 2048, 2048, 2048]","[2049, 2048, 2049, 2048, 2049, 2048, 2048, 2048, 2048]","[2048, 2049, 2048, 2048, 2048, 2048, 2048]",320.0
1234,9507,18,36,2024-05-05T21:01:01.808000+00:00,31.975,35.568,25.811,214.0,188.0,False,93.354,"[None, 2048, 2048, 2048, 2048, 2048, 2048, 2048, 2048]","[2049, 2048, 2048, 2048, 2048, 2048, 2048, 2048, 2049]","[2048, 2048, 2048, 2048, 2048, 2048, 2049]",317.0
1234,9507,77,36,2024-05-05T21:01:03.685000+00:00,31.805,35.529,25.895,,187.0,False,93.229,"[None, 2048, 2048, 2048, 2048, 2048, 2048, 2048, 2048]","[2048, 2048, 2048, 2048, 2048, 2048, 2048, 2048, 2048]","[2049, 2048, 2048, 2048, 2048, 2048, 2049]",320.0
1234,9507,20,36,2024-05-05T21:01:14.467000+00:00,31.21,35.295,25.701,213.0,185.0,False,92.206,"[None, 2048, 2049, 2048, 2048, 2048, 2048, 2049, 2048]","[2048, 2048, 2048, 2048, 2048, 2048, 2048, 2049, 2048]","[2048, 2048, 2048, 2049, 2049, 2048, 2048]",315.0
1234,9507,4,37,2024-05-05T21:02:19.084000+00:00,30.519,34.744,25.811,,186.0,False,91.074,"[None, 2048, 2048, 2048, 2048, 2048, 2048, 2048, 2048]","[2048, 2048, 2048, 2048, 2048, 2051, 2048, 2048, 2048]","[2048, 2048, 2048, 2048, 2048, 2048, 2048]",314.0
1234,9507,1,37,2024-05-05T21:02:20.921000+00:00,30.791,34.863,25.723,,186.0,False,91.377,"[None, 2048, 2048, 2048, 2049, 2048, 2048, 2048, 2048]","[2049, 2049, 2048, 2048, 2048, 2049, 2048, 2048, 2048]","[2049, 2048, 2048, 2049, 2048, 2048, 2048]",314.0
1234,9507,16,37,2024-05-05T21:02:22.148000+00:00,30.908,35.005,25.928,213.0,183.0,False,91.841,"[None, 2048, 2048, 2048, 2048, 2048, 2048, 2048, 2048]","[2048, 2048, 2048, 2048, 2048, 2049, 2048, 2048, 2048]","[2048, 2048, 2048, 2048, 2048, 2048, 2048]",309.0
1234,9507,81,37,2024-05-05T21:02:23.890000+00:00,31.251,34.993,25.791,213.0,185.0,False,92.035,"[None, 2051, 2048, 2048, 2048, 2048, 2048, 2048, 2048]","[2048, 2048, 2048, 2048, 2048, 2048, 2048, 2048, 2048]","[2048, 2048, 2048, 2048, 2048, 2048, 2048]",315.0
1234,9507,55,37,2024-05-05T21:02:24.179000+00:00,31.775,34.803,25.737,210.0,186.0,False,92.315,"[None, 2048, 2048, 2048, 2048, 2048, 2048, 2048, 2048]","[2048, 2048, 2048, 2048, 2048, 2048, 2048, 2048, 2049]","[2048, 2049, 2048, 2049, 2048, 2049, 2048]",329.0
1234,9507,11,37,2024-05-05T21:02:25.043000+00:00,31.447,35.271,25.835,208.0,184.0,False,92.553,"[2049, 2048, 2048, 2049, 2049, 2048, 2048, 2048, 2048]","[2048, 2049, 2048, 2048, 2048, 2048, 2048, 2048, 2048]","[2048, 2048, 2048, 2048, 2048, 2049, 2048]",313.0
1234,9507,44,37,2024-05-05T21:02:26.300000+00:00,31.129,35.044,25.764,213.0,186.0,False,91.937,"[None, 2048, 2048, 2048, 2048, 2048, 2048, 2048, 2048]","[2048, 2048, 2048, 2048, 2048, 2048, 2048, 2048, 2048]","[2048, 2049, 2048, 2048, 2048, 2048, 2048]",314.0
1234,9507,22,37,2024-05-05T21:02:28.128000+00:00,30.995,35.042,25.869,,184.0,False,91.906,"[None, 2049, 2048, 2048, 2048, 2048, 2049, 2048, 2049]","[2049, 2049, 2048, 2048, 2048, 2049, 2048, 2048, 2048]","[2048, 2048, 2048, 2048, 2048, 2048, 2048]",315.0
1234,9507,63,37,2024-05-05T21:02:28.717000+00:00,31.312,35.166,25.797,211.0,185.0,False,92.275,"[2049, 2048, 2048, 2048, 2048, 2048, 2048, 2048, 2048]","[2048, 2048, 2048, 2048, 2048, 2048, 2048, 2048, 2048]","[2049, 2048, 2048, 2048, 2048, 2048, 2048]",326.0
1234,9507,31,37,2024-05-05T21:02:29.723000+00:00,31.429,35.283,25.898,215.0,184.0,False,92.61,"[None, 2049, 2048, 2048, 2048, 2048, 2048, 2048, 2048]","[2048, 2048, 2048, 2048, 2048, 2049, 2048, 2048, 2048]","[2048, 2048, 2048, 2048, 2048, 2048, 2048]",318.0
1234,9507,14,37,2024-05-05T21:02:30.549000+00:00,31.379,35.325,25.702,213.0,186.0,False,92.406,"[2049, 2048, 2048, 2048, 2049, 2048, 2048, 2048, 2048]","[2048, 2048, 2048, 2048, 2048, 2048, 2048, 2048, 2048]","[2048, 2048, 2048, 2048, 2048, 2048, 2048]",330.0
1234,9507,10,37,2024-05-05T21:02:32.043000+00:00,31.498,35.326,25.961,213.0,185.0,False,92.785,"[None, 2048, 2048, 2048, 2048, 2048, 2048, 2049, 2048]","[2048, 2048, 2048, 2048, 2048, 2048, 2049, 2048, 2048]","[2048, 2048, 2048, 2048, 2048, 2048, 2048]",320.0
1234,9507,23,37,2024-05-05T21:02:32.932000+00:00,31.875,35.273,25.906,,184.0,False,93.054,"[None, 2048, 2048, 2048, 2048, 2048, 2048, 2048, 2048]","[2048, 2048, 2048, 2048, 2048, 2049, 2048, 2048, 2048]","[2048, 2048, 2048, 2048, 2048, 2048, 2048]",326.0
1234,9507,24,37,2024-05-05T21:02:33.555000+00:00,31.669,35.478,25.804,214.0,186.0,False,92.951,"[None, 2048, 2048, 2048, 2048, 2048, 2049, 2048, 2048]","[2048, 2048, 2048, 2048, 2048, 2048, 2048, 2048, 2048]","[2048, 2048, 2048, 2048, 2048, 2048, 2048]",330.0
1234,9507,27,37,2024-05-05T21:02:34.112000+00:00,31.74,35.463,25.691,213.0,186.0,False,92.894,"[2048, 2048, 2048, 2048, 2048, 2048, 2048, 2048, 2048]","[2048, 2049, 2049, 2048, 2048, 2048, 2048, 2048, 2048]","[2048, 2048, 2048, 2048, 2048, 2048, 2048]",316.0
1234,9507,3,37,2024-05-05T21:02:34.646000+00:00,32.039,35.284,25.761,214.0,185.0,False,93.084,"[2049, 2049, 2048, 2048, 2048, 2048, 2048, 2049, 2049]","[2049, 2049, 2048, 2048, 2049, 2048, 2048, 2048, 2048]","[2048, 2048, 2048, 2048, 2048, 2048, 2048]",331.0
1234,9507,18,37,2024-05-05T21:02:35.167000+00:00,32.209,35.342,25.594,213.0,187.0,False,93.145,"[None, 2048, 2048, 2048, 2048, 2048, 2048, 2048, 2048]","[2048, 2049, 2048, 2048, 2048, 2048, 2048, 2048, 2048]","[2048, 2048, 2048, 2048, 2049, 2048, 2048]",304.0
1234,9507,77,37,2024-05-05T21:02:36.989000+00:00,31.685,35.438,25.827,213.0,186.0,False,92.95,"[None, 2048, 2048, 2048, 2048, 2048, 2048, 2048, 2048]","[2049, 2049, 2048, 2048, 2048, 2048, 2048, 2048, 2048]","[2049, 2048, 2048, 2048, 2049, 2048, 2049]",323.0
1234,9507,20,37,2024-05-05T21:02:46.234000+00:00,31.187,34.961,25.837,,185.0,False,91.985,"[None, 2048, 2048, 2048, 2048, 2049, 2049, 2048, 2048]","[2048, 2048, 2048, 2048, 2048, 2049, 2048, 2048, 2048]","[2048, 2048, 2048, 2048, 2048, 2048, 2048]",316.0
1234,9507,4,38,2024-05-05T21:03:50.079000+00:00,30.649,34.812,25.673,213.0,187.0,False,91.134,"[None, 2048, 2048, 2048, 2048, 2048, 2048, 2048, 2048]","[2048, 2048, 2048, 2048, 2048, 2048, 2048, 2048, 2048]","[2048, 2048, 2048, 2049, 2051, 2048, 2048]",316.0
1234,9507,1,38,2024-05-05T21:03:52.379000+00:00,30.847,34.938,25.741,211.0,186.0,False,91.526,"[None, 2048, 2048, 2048, 2048, 2048, 2048, 2048, 2048]","[2048, 2048, 2048, 2048, 2048, 2049, 2048, 2048, 2048]","[2048, 2048, 2048, 2048, 2049, 2048, 2048]",313.0
1234,9507,16,38,2024-05-05T21:03:54.010000+00:00,30.808,35.113,25.832,212.0,185.0,False,91.753,"[None, 2048, 2048, 2048, 2048, 2048, 2048, 2049, 2048]","[2048, 2048, 2048, 2048, 2048, 2048, 2048, 2048, 2048]","[2048, 2048, 2048, 2048, 2049, 2048, 2048]",311.0
1234,9507,81,38,2024-05-05T21:03:55.710000+00:00,30.798,35.011,25.864,211.0,185.0,False,91.673,"[None, 2048, 2048, 2048, 2048, 2049, 2049, 2049, 2048]","[2048, 2048, 2048, 2048, 2048, 2048, 2048, 2048, 2048]","[2048, 2048, 2048, 2048, 2048, 2048, 2048]",311.0
1234,9507,55,38,2024-05-05T21:03:56.366000+00:00,31.051,34.705,25.61,212.0,184.0,False,91.366,"[None, 2049, 2048, 2048, 2048, 2048, 2048, 2048, 2048]","[2048, 2048, 2048, 2048, 2048, 2049, 2048, 2048, 2048]","[2048, 2049, 2048, 2048, 2048, 2048, 2048]",330.0
1234,9507,11,38,2024-05-05T21:03:57.569000+00:00,31.05,34.859,25.755,214.0,186.0,False,91.664,"[2048, 2048, 2048, 2049, 2048, 2048, 2048, 2048, 2048]","[2049, 2049, 2048, 2048, 2048, 2048, 2049, 2048, 2048]","[2049, 2048, 2048, 2048, 2049, 2048, 2048]",318.0
1234,9507,44,38,2024-05-05T21:03:58.220000+00:00,31.016,35.006,25.75,211.0,184.0,False,91.772,"[2049, 2048, 2048, 2048, 2049, 2048, 2048, 2048, 2048]","[2048, 2048, 2048, 2048, 2048, 2048, 2048, 2048, 2048]","[2048, 2048, 2048, 2048, 2048, 2048, 2048]",321.0
1234,9507,22,38,2024-05-05T21:03:59.996000+00:00,30.954,34.934,25.836,214.0,185.0,False,91.724,"[None, 2048, 2049, 2049, 2049, 2048, 2048, 2049, 2048]","[2048, 2048, 2048, 2048, 2048, 2049, 2048, 2048, 2048]","[2049, 2048, 2048, 2048, 2048, 2048, 2048]",318.0
1234,9507,63,38,2024-05-05T21:04:00.996000+00:00,31.124,35.339,25.828,210.0,184.0,False,92.291,"[2048, 2048, 2048, 2049, 2049, 2048, 2048, 2049, 2048]","[2048, 2048, 2048, 2048, 2048, 2048, 2048, 2048, 2048]","[2048, 2048, 2048, 2048, 2049, 2048, 2048]",323.0
1234,9507,31,38,2024-05-05T21:04:02.292000+00:00,31.269,35.218,25.905,,184.0,False,92.392,"[None, 2048, 2048, 2049, 2049, 2048, 2049, 2048, 2048]","[2048, 2048, 2048, 2048, 2048, 2049, 2048, 2048, 2048]","[2048, 2048, 2048, 2048, 2048, 2048, 2048]",318.0
1234,9507,14,38,2024-05-05T21:04:03.060000+00:00,31.094,35.329,25.798,,184.0,False,92.221,"[2048, 2048, 2048, 2049, 2049, 2049, 2048, 2048, 2048]","[2048, 2048, 2048, 2048, 2048, 2048, 2048, 2048, 2048]","[2048, 2048, 2048, 2048, 2048, 2048, 2048]",333.0
1234,9507,10,38,2024-05-05T21:04:04.985000+00:00,31.539,35.367,26.083,207.0,185.0,False,92.989,"[None, 2048, 2048, 2048, 2049, 2048, 2049, 2048, 2048]","[2048, 2048, 2048, 2048, 2048, 2049, 2048, 2048, 2048]","[2048, 2048, 2048, 2048, 2048, 2048, 2048]",318.0
1234,9507,23,38,2024-05-05T21:04:05.976000+00:00,31.887,35.245,25.865,210.0,183.0,False,92.997,"[None, 2048, 2048, 2048, 2048, 2049, 2048, 2048, 2048]","[2048, 2048, 2048, 2048, 2048, 2048, 2048, 2048, 2048]","[2048, 2048, 2048, 2048, 2048, 2048, 2048]",327.0
1234,9507,24,38,2024-05-05T21:04:06.560000+00:00,31.695,35.49,25.734,,184.0,False,92.919,"[None, 2048, 2048, 2048, 2048, 2048, 2048, 2048, 2048]","[2048, 2048, 2048, 2048, 2048, 2048, 2048, 2048, 2048]","[2048, 2048, 2048, 2048, 2049, 2048, 2048]",328.0
1234,9507,27,38,2024-05-05T21:04:07.012000+00:00,31.941,35.412,25.6,215.0,185.0,False,92.953,"[2049, 2048, 2048, 2048, 2048, 2048, 2048, 2048, 2048]","[2048, 2048, 2048, 2048, 2048, 2048, 2048, 2048, 2048]","[2048, 2048, 2048, 2048, 2048, 2048, 2048]",308.0
1234,9507,3,38,2024-05-05T21:04:07.769000+00:00,31.636,35.506,25.739,211.0,184.0,False,92.881,"[2048, 2048, 2048, 2048, 2048, 2048, 2048, 2048, 2048]","[2048, 2048, 2049, 2048, 2048, 2048, 2048, 2048, 2048]","[2048, 2048, 2048, 2048, 2048, 2048, 2048]",336.0
1234,9507,18,38,2024-05-05T21:04:08.348000+00:00,31.689,35.505,25.595,215.0,187.0,False,92.789,"[None, 2048, 2048, 2049, 2048, 2048, 2048, 2048, 2048]","[2049, 2048, 2048, 2048, 2048, 2048, 2048, 2048, 2048]","[2048, 2048, 2048, 2048, 2048, 2049, 2048]",304.0
1234,9507,77,38,2024-05-05T21:04:09.865000+00:00,31.608,35.504,25.895,214.0,187.0,False,93.007,"[None, 2048, 2048, 2049, 2049, 2048, 2048, 2048, 2048]","[2049, 2048, 2048, 2048, 2048, 2048, 2048, 2048, 2048]","[2048, 2048, 2048, 2048, 2048, 2048, 2048]",322.0
1234,9507,20,38,2024-05-05T21:04:18.228000+00:00,31.275,35.084,25.715,212.0,186.0,False,92.074,"[None, 2048, 2048, 2048, 2048, 2048, 2048, 2049, 2048]","[2048, 2048, 2048, 2048, 2048, 2049, 2048, 2049, 2048]","[2048, 2048, 2048, 2049, 2049, 2048, 2048]",315.0
1234,9507,4,39,2024-05-05T21:05:21.317000+00:00,30.787,34.738,25.667,214.0,188.0,False,91.192,"[None, 2048, 2048, 2048, 2048, 2048, 2048, 2048, 2048]","[2048, 2048, 2048, 2048, 2048, 2048, 2048, 2048, 2048]","[2048, 2048, 2048, 2048, 2048, 2048, 2048]",318.0
1234,9507,1,39,2024-05-05T21:05:23.874000+00:00,30.814,34.729,25.793,213.0,185.0,False,91.336,"[None, 2049, 2048, 2048, 2049, 2049, 2048, 2048, 2048]","[2048, 2048, 2048, 2048, 2048, 2048, 2048, 2051, 2048]","[2049, 2049, 2049, 2048, 2048, 2048, 2048]",313.0
1234,9507,16,39,2024-05-05T21:05:25.789000+00:00,30.718,35.062,25.781,211.0,186.0,False,91.561,"[None, 2048, 2048, 2048, 2048, 2048, 2051, 2048, 2048]","[2048, 2048, 2048, 2048, 2048, 2048, 2048, 2048, 2048]","[2048, 2048, 2048, 2048, 2048, 2048, 2048]",314.0
1234,9507,81,39,2024-05-05T21:05:27.434000+00:00,30.88,35.172,26.565,213.0,184.0,False,92.617,"[None, 2048, 2048, 2048, 2049, 2049, 2048, 2049, 2048]","[2048, 2049, 2048, 2048, 2048, 2048, 2048, 2048, 2048]","[2048, 2048, 2048, 2048, 2048, 2049, 2049]",324.0
1234,9507,55,39,2024-05-05T21:05:27.883000+00:00,31.004,35.175,26.019,214.0,185.0,False,92.198,"[2049, 2048, 2048, 2048, 2049, 2048, 2048, 2048, 2048]","[2049, 2049, 2049, 2048, 2048, 2048, 2048, 2048, 2048]","[2049, 2049, 2048, 2049, 2048, 2049]",344.0
1234,9507,11,39,2024-05-05T21:05:29.296000+00:00,31.292,35.183,25.72,215.0,185.0,False,92.195,"[None, 2048, 2048, 2048, 2049, 2048, 2048, 2048, 2048]","[2048, 2048, 2048, 2048, 2048, 2048, 2048, 2048, 2048]","[2048, 2048, 2048, 2048, 2048, 2048, 2048]",323.0
1234,9507,44,39,2024-05-05T21:05:29.987000+00:00,30.987,35.32,25.86,,185.0,False,92.167,"[None, 2048, 2048, 2048, 2049, 2048, 2048, 2048, 2048]","[2048, 2049, 2048, 2048, 2048, 2048, 2048, 2048, 2048]","[2048, 2049, 2049, 2048, 2048, 2048, 2048]",322.0
1234,9507,22,39,2024-05-05T21:05:31.716000+00:00,31.109,35.246,25.849,,183.0,False,92.204,"[None, 2048, 2049, 2048, 2048, 2048, 2049, 2048, 2048]","[2048, 2049, 2048, 2048, 2048, 2048, 2048, 2048, 2048]","[2048, 2048, 2048, 2048, 2048, 2048, 2048]",317.0
1234,9507,63,39,2024-05-05T21:05:33.319000+00:00,31.101,35.319,25.828,213.0,184.0,False,92.248,"[None, 2048, 2048, 2048, 2049, 2049, 2048, 2048, 2048]","[2049, 2048, 2048, 2048, 2048, 2048, 2048, 2048, 2048]","[2048, 2048, 2048, 2048, 2048, 2048, 2048]",325.0
1234,9507,31,39,2024-05-05T21:05:34.689000+00:00,31.197,35.359,25.965,213.0,184.0,False,92.521,"[None, 2048, 2048, 2048, 2049, 2049, 2049, 2048, 2048]","[2048, 2048, 2048, 2048, 2048, 2048, 2048, 2048, 2048]","[2048, 2048, 2048, 2048, 2048, 2048, 2048]",318.0
1234,9507,14,39,2024-05-05T21:05:35.173000+00:00,31.356,35.415,25.889,215.0,184.0,False,92.66,"[None, 2048, 2048, 2048, 2049, 2049, 2049, 2048, 2048]","[2048, 2048, 2048, 2048, 2048, 2048, 2048, 2048, 2048]","[2048, 2048, 2048, 2048, 2048, 2048, 2048]",330.0
1234,9507,10,39,2024-05-05T21:05:37.885000+00:00,31.646,35.433,25.928,210.0,185.0,False,93.007,"[None, 2048, 2048, 2048, 2048, 2049, 2048, 2048, 2048]","[2048, 2048, 2048, 2048, 2048, 2048, 2048, 2049, 2048]","[2048, 2048, 2048, 2049, 2048, 2048, 2048]",320.0
1234,9507,23,39,2024-05-05T21:05:39.039000+00:00,31.825,35.813,25.861,208.0,182.0,False,93.499,"[None, 2048, 2048, 2048, 2048, 2049, 2048, 2048, 2048]","[2048, 2048, 2048, 2048, 2048, 2048, 2048, 2048, 2048]","[2048, 2048, 2048, 2048, 2048, 2048, 2048]",333.0
1234,9507,24,39,2024-05-05T21:05:39.459000+00:00,31.624,35.944,25.741,217.0,185.0,False,93.309,"[None, 2048, 2048, 2048, 2048, 2048, 2048, 2048, 2048]","[2051, 2051, 2049, 2048, 2048, 2048, 2048, 2048, 2048]","[2048, 2048, 2048, 2048, 2048, 2048, 2048]",333.0
1234,9507,27,39,2024-05-05T21:05:39.888000+00:00,31.846,35.708,25.538,,186.0,False,93.092,"[2048, 2048, 2048, 2048, 2048, 2048, 2048, 2048, 2048]","[2048, 2048, 2048, 2048, 2048, 2048, 2048, 2048, 2048]","[2048, 2049, 2048, 2048, 2048, 2048, 2048]",335.0
1234,9507,3,39,2024-05-05T21:05:40.697000+00:00,31.735,35.584,25.817,,185.0,False,93.136,"[None, 2048, 2048, 2048, 2048, 2048, 2049, 2048, 2048]","[2048, 2048, 2048, 2048, 2048, 2048, 2048, 2048, 2048]","[2049, 2049, 2049, 2048, 2048, 2048, 2048]",339.0
1234,9507,18,39,2024-05-05T21:05:41.137000+00:00,31.958,35.417,25.544,,188.0,False,92.919,"[None, 2048, 2048, 2048, 2048, 2048, 2048, 2048, 2048]","[2048, 2048, 2048, 2048, 2048, 2048, 2048, 2048, 2048]","[2051, 2049, 2051, 2048, 2048, 2048, 2048]",319.0
1234,9507,77,39,2024-05-05T21:05:42.864000+00:00,31.556,35.503,25.953,,186.0,False,93.012,"[None, 2048, 2048, 2048, 2048, 2048, 2049, 2048, 2048]","[2048, 2048, 2048, 2048, 2048, 2048, 2048, 2048, 2048]","[2049, 2048, 2048, 2048, 2048, 2048, 2048]",320.0
1234,9507,20,39,2024-05-05T21:05:50.220000+00:00,31.179,35.246,25.893,213.0,184.0,False,92.318,"[None, 2048, 2048, 2048, 2048, 2049, 2049, 2048, 2048]","[2048, 2048, 2048, 2048, 2048, 2048, 2048, 2048, 2048]","[2048, 2048, 2048, 2048, 2048, 2048, 2048]",315.0
1234,9507,4,40,2024-05-05T21:06:52.372000+00:00,30.678,34.83,25.714,213.0,187.0,False,91.222,"[None, 2048, 2048, 2048, 2048, 2048, 2048, 2048, 2048]","[2048, 2048, 2048, 2048, 2048, 2048, 2048, 2048, 2048]","[2048, 2048, 2048, 2049, 2048, 2048, 2048]",317.0
1234,9507,1,40,2024-05-05T21:06:55.198000+00:00,30.938,34.881,25.668,,186.0,False,91.487,"[None, 2049, 2048, 2048, 2048, 2048, 2049, 2048, 2048]","[2048, 2048, 2048, 2048, 2048, 2048, 2048, 2048, 2048]","[2049, 2049, 2049, 2048, 2048, 2048, 2048]",315.0
1234,9507,16,40,2024-05-05T21:06:57.257000+00:00,30.743,35.117,25.792,205.0,184.0,False,91.652,"[None, 2048, 2048, 2048, 2048, 2048, 2048, 2051, 2048]","[2048, 2048, 2048, 2048, 2048, 2049, 2048, 2048, 2048]","[2048, 2048, 2048, 2049, 2048, 2048, 2048]",313.0
1234,9507,55,40,2024-05-05T21:06:59.930000+00:00,31.577,35.058,25.82,213.0,184.0,False,92.455,"[2048, 2048, 2048, 2048, 2048, 2048, 2051, 2049, 2048]","[2048, 2048, 2048, 2048, 2048, 2048, 2049, 2048, 2048]","[2048, 2048, 2048, 2048, 2049, 2048, 2048]",311.0
1234,9507,81,40,2024-05-05T21:07:00.219000+00:00,32.94,36.587,31.268,210.0,184.0,False,100.795,"[2049, 2049, 2048, 2048, 2048, 2048, 2048, 2048, 2048]","[2048, 2048, 2048, 2048, 2048, 2048, 2048, 2048, 2048]","[2048, 2049, 2049, 2048, 2048, 2048, 2064]",314.0
1234,9507,11,40,2024-05-05T21:07:01.310000+00:00,32.009,34.848,25.788,213.0,184.0,False,92.645,"[None, 2048, 2048, 2048, 2048, 2048, 2048, 2048, 2048]","[2049, 2049, 2049, 2049, 2048, 2048, 2048, 2048, 2048]","[2048, 2048, 2048, 2048, 2048, 2048, 2048]",309.0
1234,9507,44,40,2024-05-05T21:07:02.228000+00:00,31.568,35.266,25.696,212.0,186.0,False,92.53,"[None, 2048, 2048, 2048, 2048, 2048, 2048, 2048, 2048]","[2048, 2048, 2048, 2048, 2048, 2048, 2048, 2048, 2048]","[2048, 2048, 2048, 2048, 2048, 2048]",320.0
1234,9507,22,40,2024-05-05T21:07:04.092000+00:00,31.277,35.543,25.978,209.0,183.0,False,92.798,"[None, 2048, 2048, 2048, 2048, 2048, 2048, 2048, 2048]","[2048, 2048, 2048, 2048, 2048, 2048, 2048, 2048, 2048]","[2049, 2048, 2048, 2048, 2048, 2048]",315.0
1234,9507,63,40,2024-05-05T21:07:05.498000+00:00,31.085,35.386,25.806,210.0,185.0,False,92.277,"[None, 2049, 2048, 2048, 2048, 2048, 2049, 2048, 2048]","[2048, 2048, 2048, 2048, 2048, 2048, 2048, 2048, 2048]","[2049, 2048, 2048, 2048, 2048, 2048, 2048]",327.0
1234,9507,31,40,2024-05-05T21:07:07.107000+00:00,31.26,35.403,25.918,211.0,185.0,False,92.581,"[None, 2048, 2048, 2048, 2049, 2048, 2049, 2049, 2048]","[2048, 2048, 2048, 2048, 2048, 2048, 2048, 2048, 2048]","[2049, 2048, 2048, 2048, 2048, 2048]",317.0
1234,9507,14,40,2024-05-05T21:07:07.781000+00:00,31.146,35.489,25.847,207.0,184.0,False,92.482,"[None, 2048, 2048, 2048, 2048, 2048, 2049, 2048, 2048]","[2048, 2048, 2048, 2048, 2048, 2048, 2048, 2048, 2048]","[2048, 2048, 2048, 2048, 2048, 2048]",327.0
1234,9507,10,40,2024-05-05T21:07:10.799000+00:00,31.505,35.387,25.894,211.0,185.0,False,92.786,"[None, 2048, 2048, 2049, 2049, 2048, 2048, 2049, 2048]","[2048, 2048, 2048, 2048, 2048, 2048, 2048, 2048, 2048]","[2048, 2048, 2048, 2048, 2049, 2048, 2048]",317.0
1234,9507,23,40,2024-05-05T21:07:12.448000+00:00,31.688,35.21,25.867,211.0,183.0,False,92.765,"[None, 2048, 2048, 2048, 2048, 2049, 2049, 2048, 2048]","[2048, 2048, 2048, 2048, 2048, 2048, 2048, 2048, 2048]","[2048, 2048, 2048, 2048, 2048, 2048, 2048]",326.0
1234,9507,24,40,2024-05-05T21:07:12.757000+00:00,32.545,35.358,25.8,215.0,185.0,False,93.703,"[None, 2048, 2048, 2048, 2048, 2048, 2048, 2048, 2048]","[2048, 2048, 2048, 2048, 2048, 2048, 2048, 2048, 2048]","[2048, 2048, 2048, 2048, 2048, 2048, 2048]",310.0
1234,9507,27,40,2024-05-05T21:07:12.953000+00:00,31.819,35.186,25.341,213.0,186.0,False,92.346,"[2051, 2048, 2048, 2048, 2048, 2048, 2048, 2048, 2048]","[2048, 2048, 2048, 2048, 2048, 2048, 2048, 2048, 2048]","[2048, 2048, 2048, 2048, 2048, 2048, 2051]",323.0
1234,9507,3,40,2024-05-05T21:07:13.862000+00:00,32.372,35.213,25.877,209.0,185.0,False,93.462,"[None, 2048, 2048, 2048, 2048, 2048, 2049, 2048, 2048]","[2048, 2048, 2048, 2048, 2048, 2048, 2048, 2048, 2049]","[2048, 2048, 2048, 2048, 2048, 2048, 2048]",326.0
1234,9507,18,40,2024-05-05T21:07:14.021000+00:00,33.458,35.217,25.714,214.0,188.0,False,94.389,"[None, 2051, 2048, 2048, 2048, 2048, 2048, 2048, 2048]","[2048, 2048, 2048, 2048, 2048, 2048, 2049, 2048, 2048]","[2048, 2048, 2048, 2048, 2049, 2048, 2048]",321.0
1234,9507,77,40,2024-05-05T21:07:15.849000+00:00,32.107,35.603,25.817,215.0,186.0,False,93.527,"[None, 2048, 2048, 2048, 2048, 2048, 2048, 2048, 2048]","[2049, 2049, 2049, 2048, 2048, 2048, 2048, 2048, 2048]","[2049, 2048, 2048, 2048, 2048, 2048, 2048]",326.0
1234,9507,20,40,2024-05-05T21:07:22.627000+00:00,31.32,35.276,25.866,211.0,185.0,False,92.462,"[None, 2048, 2048, 2049, 2049, 2049, 2048, 2048, 2048]","[2048, 2048, 2048, 2048, 2048, 2048, 2048, 2048, 2048]","[2048, 2048, 2048, 2048, 2048, 2048, 2048]",316.0
1234,9507,4,41,2024-05-05T21:08:23.649000+00:00,30.482,34.862,25.715,,187.0,False,91.059,"[None, 2048, 2048, 2048, 2051, 2048, 2049, 2048, 2048]","[2048, 2048, 2048, 2048, 2049, 2048, 2048, 2048, 2048]","[2048, 2048, 2048, 2048, 2048, 2048, 2048]",318.0
1234,9507,1,41,2024-05-05T21:08:26.636000+00:00,30.793,34.854,25.728,211.0,187.0,False,91.375,"[None, 2048, 2048, 2048, 2048, 2048, 2049, 2048, 2048]","[2048, 2048, 2048, 2048, 2048, 2048, 2048, 2048, 2048]","[2049, 2048, 2048, 2048, 2048, 2048, 2048]",313.0
1234,9507,16,41,2024-05-05T21:08:28.992000+00:00,30.476,35.107,25.763,212.0,185.0,False,91.346,"[None, 2048, 2049, 2048, 2049, 2051, 2049, 2048, 2048]","[2048, 2048, 2048, 2048, 2048, 2048, 2048, 2048, 2048]","[2048, 2048, 2048, 2049, 2048, 2048, 2048]",315.0
1234,9507,55,41,2024-05-05T21:08:32.397000+00:00,30.761,35.329,25.916,216.0,186.0,False,92.006,"[None, 2048, 2049, 2049, 2048, 2048, 2048, 2049, 2048]","[2048, 2048, 2048, 2048, 2048, 2048, 2048, 2048, 2048]","[2048, 2048, 2048, 2048, 2048, 2048, 2048]",310.0
1234,9507,11,41,2024-05-05T21:08:33.994000+00:00,30.994,35.311,25.832,,185.0,False,92.137,"[None, 2048, 2049, 2048, 2049, 2049, 2049, 2048, 2048]","[2048, 2048, 2048, 2048, 2048, 2048, 2048, 2048, 2048]","[2048, 2048, 2048, 2048, 2048, 2048, 2048]",313.0
1234,9507,44,41,2024-05-05T21:08:34.590000+00:00,30.911,35.532,25.7,209.0,185.0,False,92.143,"[2048, 2048, 2048, 2048, 2048, 2048, 2048, 2048, 2048]","[2048, 2048, 2048, 2048, 2048, 2048, 2048, 2048, 2048]","[2048, 2048, 2048, 2048, 2048, 2048, 2048]",322.0
1234,9507,22,41,2024-05-05T21:08:36.607000+00:00,31.006,35.248,25.923,213.0,185.0,False,92.177,"[None, 2048, 2049, 2048, 2048, 2049, 2048, 2048, 2048]","[2048, 2048, 2048, 2048, 2048, 2048, 2048, 2048, 2048]","[2049, 2048, 2048, 2048, 2048, 2048, 2048]",318.0
1234,9507,63,41,2024-05-05T21:08:37.762000+00:00,31.283,35.514,25.851,209.0,184.0,False,92.648,"[None, 2048, 2048, 2048, 2049, 2048, 2048, 2048, 2048]","[2048, 2048, 2048, 2048, 2048, 2048, 2048, 2048, 2048]","[2048, 2048, 2048, 2048, 2048, 2049, 2048]",323.0
1234,9507,31,41,2024-05-05T21:08:39.695000+00:00,31.158,35.376,26.041,215.0,184.0,False,92.575,"[None, 2048, 2049, 2049, 2048, 2048, 2048, 2048, 2048]","[2048, 2048, 2048, 2048, 2048, 2048, 2049, 2048, 2048]","[2048, 2048, 2048, 2048, 2048, 2048, 2048]",316.0
1234,9507,14,41,2024-05-05T21:08:40.255000+00:00,31.131,35.792,25.944,210.0,184.0,False,92.867,"[None, 2048, 2048, 2048, 2048, 2048, 2048, 2048, 2048]","[2048, 2048, 2048, 2048, 2048, 2048, 2048, 2048, 2048]","[2048, 2048, 2048, 2048, 2048, 2048, 2048]",298.0
1234,9507,81,41,2024-05-05T21:08:40.862000+00:00,53.185,34.726,25.812,217.0,187.0,True,113.723,"[2064, 2064, 2064, 2048, 2048, 2048, 2048, 2048, 2049]","[2048, 2048, 2048, 2048, 2048, 2051, 2049, 2048, 2049]","[2048, 2048, 2048, 2048, 2049, 2048, 2048]",310.0
1234,9507,10,41,2024-05-05T21:08:43.687000+00:00,31.444,35.564,25.993,214.0,186.0,False,93.001,"[None, 2048, 2049, 2048, 2048, 2048, 2048, 2048, 2049]","[2048, 2048, 2048, 2048, 2048, 2048, 2048, 2048, 2048]","[2048, 2048, 2048, 2049, 2048, 2048, 2048]",318.0
1234,9507,23,41,2024-05-05T21:08:45.217000+00:00,32.478,35.414,25.75,212.0,182.0,False,93.642,"[None, 2049, 2048, 2048, 2048, 2048, 2048, 2048, 2048]","[2048, 2048, 2048, 2048, 2048, 2048, 2048, 2048, 2048]","[2048, 2048, 2048, 2048, 2048, 2048, 2048]",332.0
1234,9507,27,41,2024-05-05T21:08:45.399000+00:00,31.505,35.39,25.742,216.0,186.0,False,92.637,"[2048, 2049, 2048, 2048, 2048, 2048, 2048, 2049, 2048]","[2048, 2048, 2048, 2048, 2048, 2048, 2048, 2048, 2048]","[2048, 2048, 2048, 2048, 2048, 2048]",318.0
1234,9507,24,41,2024-05-05T21:08:46.460000+00:00,31.642,35.618,25.636,212.0,186.0,False,92.896,"[None, 2048, 2049, 2048, 2048, 2048, 2048, 2048, 2048]","[2048, 2048, 2048, 2048, 2048, 2048, 2048, 2048, 2048]","[2048, 2048, 2048, 2048, 2048, 2048, 2048]",320.0
1234,9507,3,41,2024-05-05T21:08:47.254000+00:00,31.542,35.491,25.821,208.0,184.0,False,92.854,"[None, 2048, 2048, 2048, 2048, 2048, 2048, 2048, 2048]","[2048, 2048, 2048, 2048, 2048, 2048, 2048, 2048, 2048]","[2048, 2048, 2048, 2048, 2048, 2048, 2048]",327.0
1234,9507,18,41,2024-05-05T21:08:48.429000+00:00,31.248,35.29,25.622,213.0,187.0,False,92.16,"[None, 2048, 2048, 2048, 2049, 2049, 2049, 2048, 2048]","[2048, 2048, 2048, 2048, 2048, 2048, 2048, 2048, 2048]","[2048, 2048, 2048, 2048, 2048, 2048, 2049]",316.0
1234,9507,77,41,2024-05-05T21:08:49.384000+00:00,31.377,35.636,26.031,214.0,187.0,False,93.044,"[None, 2048, 2048, 2049, 2049, 2048, 2048, 2049, 2048]","[2048, 2048, 2048, 2048, 2048, 2048, 2048, 2048, 2048]","[2048, 2048, 2048, 2048, 2048, 2048]",319.0
1234,9507,20,41,2024-05-05T21:08:55.120000+00:00,31.244,35.256,25.836,214.0,184.0,False,92.336,"[None, 2048, 2048, 2048, 2048, 2048, 2048, 2048, 2048]","[2048, 2048, 2048, 2048, 2048, 2048, 2048, 2048, 2048]","[2048, 2048, 2048, 2049, 2048, 2048, 2048]",317.0
1234,9507,4,42,2024-05-05T21:09:54.738000+00:00,30.737,34.865,25.738,211.0,186.0,False,91.34,"[None, 2048, 2048, 2049, 2051, 2048, 2048, 2048, 2048]","[2048, 2048, 2048, 2048, 2048, 2048, 2048, 2048, 2048]","[2048, 2048, 2048, 2048, 2048, 2048, 2048]",316.0
1234,9507,1,42,2024-05-05T21:09:58.040000+00:00,30.89,34.778,25.787,214.0,187.0,False,91.455,"[None, 2048, 2048, 2048, 2048, 2048, 2048, 2048, 2048]","[2048, 2048, 2048, 2048, 2048, 2048, 2048, 2048, 2048]","[2049, 2048, 2048, 2048, 2048, 2048, 2049]",313.0
1234,9507,16,42,2024-05-05T21:10:00.269000+00:00,30.692,35.005,25.803,,185.0,False,91.5,"[None, 2048, 2048, 2048, 2048, 2048, 2048, 2048, 2048]","[2048, 2048, 2048, 2048, 2048, 2048, 2048, 2048, 2048]","[2048, 2048, 2048, 2048, 2048, 2048, 2048]",313.0
1234,9507,55,42,2024-05-05T21:10:04.385000+00:00,30.772,34.914,25.895,215.0,186.0,False,91.581,"[None, 2048, 2048, 2051, 2048, 2049, 2048, 2048, 2048]","[2048, 2048, 2048, 2048, 2048, 2049, 2048, 2048, 2048]","[2048, 2048, 2048, 2048, 2048, 2048, 2048]",311.0
1234,9507,11,42,2024-05-05T21:10:06.185000+00:00,30.89,34.929,25.694,214.0,185.0,False,91.513,"[None, 2048, 2049, 2049, 2049, 2048, 2048, 2048, 2048]","[2048, 2048, 2048, 2048, 2048, 2049, 2048, 2048, 2048]","[2048, 2048, 2048, 2048, 2048, 2048, 2048]",318.0
1234,9507,44,42,2024-05-05T21:10:06.899000+00:00,30.936,35.101,25.635,213.0,185.0,False,91.672,"[None, 2048, 2048, 2049, 2048, 2048, 2048, 2048, 2048]","[2048, 2048, 2048, 2048, 2048, 2048, 2048, 2048, 2048]","[2048, 2048, 2048, 2048, 2048, 2048, 2048]",317.0
1234,9507,22,42,2024-05-05T21:10:08.984000+00:00,30.899,35.151,25.893,215.0,184.0,False,91.943,"[None, 2048, 2049, 2048, 2048, 2048, 2048, 2048, 2049]","[2048, 2048, 2048, 2048, 2048, 2048, 2048, 2048, 2048]","[2048, 2048, 2048, 2048, 2048, 2048, 2049]",317.0
1234,9507,63,42,2024-05-05T21:10:10.501000+00:00,31.105,35.202,25.86,215.0,184.0,False,92.167,"[None, 2049, 2049, 2048, 2048, 2048, 2048, 2048, 2048]","[2049, 2048, 2048, 2048, 2048, 2049, 2048, 2048, 2048]","[2048, 2048, 2048, 2048, 2048, 2048, 2048]",321.0
1234,9507,31,42,2024-05-05T21:10:12.291000+00:00,31.094,35.344,25.873,,185.0,False,92.311,"[None, 2048, 2048, 2049, 2048, 2048, 2048, 2049, 2048]","[2048, 2048, 2048, 2048, 2048, 2048, 2048, 2048, 2048]","[2048, 2048, 2048, 2048, 2048, 2048, 2048]",317.0
1234,9507,14,42,2024-05-05T21:10:13.179000+00:00,31.175,35.278,25.727,,184.0,False,92.18,"[None, 2049, 2048, 2048, 2048, 2048, 2048, 2048, 2049]","[2048, 2048, 2048, 2048, 2048, 2048, 2048, 2049, 2048]","[2048, 2048, 2048, 2048, 2048, 2048, 2049]",319.0
1234,9507,10,42,2024-05-05T21:10:16.619000+00:00,31.358,35.385,25.884,212.0,186.0,False,92.627,"[None, 2048, 2048, 2049, 2048, 2048, 2048, 2048, 2049]","[2048, 2048, 2048, 2048, 2048, 2048, 2048, 2048, 2048]","[2048, 2048, 2048, 2048, 2048, 2048, 2048]",319.0
1234,9507,27,42,2024-05-05T21:10:18.086000+00:00,31.365,35.181,25.668,215.0,186.0,False,92.214,"[None, 2048, 2048, 2049, 2048, 2048, 2048, 2048, 2048]","[2048, 2048, 2048, 2048, 2048, 2048, 2048, 2048, 2048]","[2048, 2048, 2048, 2048, 2048, 2048, 2048]",321.0
1234,9507,23,42,2024-05-05T21:10:18.795000+00:00,31.693,35.201,26.053,211.0,184.0,False,92.947,"[None, 2048, 2048, 2048, 2049, 2048, 2048, 2048, 2048]","[2048, 2048, 2048, 2048, 2048, 2049, 2048, 2048, 2048]","[2048, 2048, 2048, 2048, 2048, 2048, 2048]",326.0
1234,9507,24,42,2024-05-05T21:10:19.388000+00:00,31.567,35.42,25.79,214.0,186.0,False,92.777,"[None, 2048, 2048, 2048, 2048, 2048, 2048, 2048, 2048]","[2048, 2048, 2048, 2048, 2048, 2048, 2048, 2048, 2048]","[2048, 2048, 2048, 2048, 2048, 2048, 2048]",321.0
1234,9507,3,42,2024-05-05T21:10:20.113000+00:00,31.477,35.365,25.838,210.0,184.0,False,92.68,"[None, 2048, 2048, 2048, 2048, 2048, 2048, 2048, 2048]","[2048, 2048, 2048, 2048, 2048, 2048, 2048, 2048, 2048]","[2048, 2048, 2048, 2048, 2048, 2048, 2049]",343.0
1234,9507,18,42,2024-05-05T21:10:20.538000+00:00,31.571,35.306,25.707,,188.0,False,92.584,"[None, 2048, 2048, 2049, 2049, 2048, 2048, 2048, 2048]","[2048, 2048, 2048, 2048, 2048, 2048, 2048, 2048, 2048]","[2051, 2048, 2048, 2048, 2048, 2048, 2048]",340.0
1234,9507,77,42,2024-05-05T21:10:22.336000+00:00,31.359,35.548,25.951,213.0,187.0,False,92.858,"[None, 2048, 2049, 2049, 2048, 2048, 2048, 2048, 2048]","[2048, 2048, 2048, 2048, 2048, 2048, 2048, 2048, 2048]","[2048, 2048, 2048, 2048, 2048, 2048, 2048]",318.0
1234,9507,20,42,2024-05-05T21:10:27.326000+00:00,31.143,35.309,25.848,211.0,185.0,False,92.3,"[None, 2048, 2048, 2048, 2049, 2048, 2048, 2048, 2048]","[2048, 2048, 2048, 2048, 2048, 2048, 2048, 2048, 2048]","[2048, 2048, 2048, 2048, 2048, 2048, 2048]",316.0
1234,9507,81,42,2024-05-05T21:10:34.679000+00:00,30.354,34.628,25.661,,188.0,False,90.643,"[2048, 2048, 2049, 2049, 2048, 2049, 2049, 2049, 2048]","[2048, 2048, 2048, 2048, 2048, 2048, 2048, 2048, 2048]","[2049, 2048, 2048, 2049, 2049, 2048, 2048]",317.0
1234,9507,4,43,2024-05-05T21:11:26.124000+00:00,30.53,34.797,25.739,,186.0,False,91.066,"[None, 2048, 2048, 2048, 2048, 2048, 2049, 2048, 2048]","[2048, 2048, 2048, 2048, 2048, 2048, 2048, 2048, 2048]","[2048, 2048, 2048, 2048, 2048, 2048, 2048]",316.0
1234,9507,1,43,2024-05-05T21:11:29.494000+00:00,30.842,34.871,25.722,,186.0,False,91.435,"[None, 2048, 2048, 2048, 2048, 2048, 2048, 2048, 2048]","[2048, 2048, 2048, 2048, 2048, 2048, 2048, 2048, 2048]","[2048, 2049, 2048, 2048, 2048, 2048, 2048]",314.0
1234,9507,16,43,2024-05-05T21:11:31.762000+00:00,30.983,34.814,25.835,215.0,184.0,False,91.632,"[None, 2049, 2048, 2048, 2048, 2048, 2048, 2048, 2048]","[2048, 2048, 2048, 2048, 2048, 2049, 2048, 2048, 2048]","[2048, 2048, 2048, 2048, 2048, 2048, 2048]",314.0
1234,9507,55,43,2024-05-05T21:11:36.045000+00:00,30.556,34.672,25.824,214.0,186.0,False,91.052,"[None, 2048, 2048, 2048, 2048, 2049, 2048, 2049, 2048]","[2048, 2048, 2048, 2048, 2048, 2048, 2048, 2049, 2049]","[2048, 2048, 2048, 2048, 2048, 2048, 2048]",312.0
1234,9507,11,43,2024-05-05T21:11:37.655000+00:00,30.803,34.937,25.665,212.0,185.0,False,91.405,"[None, 2048, 2049, 2048, 2049, 2049, 2049, 2048, 2048]","[2048, 2048, 2048, 2048, 2048, 2049, 2048, 2048, 2048]","[2049, 2048, 2048, 2048, 2048, 2049, 2048]",319.0
1234,9507,44,43,2024-05-05T21:11:38.594000+00:00,30.83,35.067,25.52,211.0,186.0,False,91.417,"[None, 2048, 2048, 2049, 2049, 2049, 2048, 2048, 2048]","[2048, 2048, 2048, 2048, 2048, 2048, 2048, 2048, 2048]","[2048, 2048, 2048, 2048, 2049, 2048, 2048]",323.0
1234,9507,22,43,2024-05-05T21:11:40.967000+00:00,30.992,35.12,25.797,,185.0,False,91.909,"[None, 2048, 2048, 2048, 2048, 2048, 2049, 2048, 2048]","[2048, 2048, 2048, 2048, 2048, 2048, 2048, 2048, 2048]","[2049, 2048, 2048, 2048, 2048, 2048, 2048]",318.0
1234,9507,63,43,2024-05-05T21:11:42.587000+00:00,30.917,35.208,25.796,211.0,184.0,False,91.921,"[None, 2048, 2048, 2049, 2049, 2049, 2048, 2048, 2048]","[2048, 2048, 2048, 2048, 2048, 2048, 2048, 2049, 2048]","[2048, 2048, 2048, 2048, 2048, 2048, 2048]",324.0
1234,9507,31,43,2024-05-05T21:11:44.659000+00:00,31.128,35.246,25.906,,185.0,False,92.28,"[None, 2048, 2048, 2048, 2048, 2048, 2049, 2048, 2048]","[2048, 2048, 2048, 2048, 2048, 2048, 2048, 2048, 2048]","[2049, 2048, 2048, 2048, 2048, 2049, 2048]",318.0
1234,9507,14,43,2024-05-05T21:11:45.381000+00:00,31.193,35.319,25.717,209.0,184.0,False,92.229,"[None, 2048, 2048, 2048, 2048, 2048, 2048, 2049, 2048]","[2048, 2048, 2048, 2048, 2048, 2049, 2048, 2049, 2048]","[2048, 2048, 2048, 2049, 2048, 2048, 2048]",327.0
1234,9507,10,43,2024-05-05T21:11:49.279000+00:00,31.207,35.367,25.93,,186.0,False,92.504,"[None, 2048, 2048, 2048, 2049, 2048, 2049, 2048, 2049]","[2048, 2048, 2048, 2048, 2048, 2049, 2048, 2048, 2049]","[2049, 2048, 2048, 2048, 2048, 2048, 2048]",319.0
1234,9507,27,43,2024-05-05T21:11:50.254000+00:00,31.416,35.543,25.679,216.0,186.0,False,92.638,"[None, 2048, 2048, 2048, 2048, 2049, 2048, 2048, 2048]","[2048, 2048, 2048, 2048, 2048, 2048, 2048, 2048, 2048]","[2048, 2048, 2048, 2048, 2048, 2048, 2048]",319.0
1234,9507,23,43,2024-05-05T21:11:51.915000+00:00,31.669,35.142,25.87,214.0,184.0,False,92.681,"[None, 2048, 2048, 2048, 2048, 2049, 2048, 2048, 2048]","[2049, 2048, 2048, 2048, 2048, 2048, 2048, 2048, 2048]","[2048, 2048, 2048, 2048, 2048, 2048, 2048]",325.0
1234,9507,24,43,2024-05-05T21:11:52.154000+00:00,31.811,35.21,25.797,216.0,187.0,False,92.818,"[None, 2048, 2048, 2048, 2048, 2048, 2048, 2049, 2048]","[2048, 2048, 2048, 2048, 2048, 2048, 2048, 2048, 2048]","[2049, 2048, 2048, 2048, 2048, 2048, 2048]",329.0
1234,9507,3,43,2024-05-05T21:11:52.823000+00:00,31.706,35.323,25.74,212.0,183.0,False,92.769,"[None, 2048, 2048, 2048, 2048, 2048, 2048, 2048, 2048]","[2048, 2048, 2049, 2048, 2048, 2048, 2048, 2048, 2048]","[2048, 2048, 2048, 2048, 2048, 2048, 2048]",331.0
1234,9507,18,43,2024-05-05T21:11:53.071000+00:00,31.971,35.399,25.588,206.0,187.0,False,92.958,"[None, 2048, 2048, 2048, 2048, 2048, 2048, 2048, 2048]","[2048, 2048, 2048, 2048, 2048, 2048, 2048, 2048, 2048]","[2048, 2048, 2048, 2048, 2048, 2048]",326.0
1234,9507,77,43,2024-05-05T21:11:55.293000+00:00,31.351,35.536,25.861,216.0,187.0,False,92.748,"[None, 2048, 2048, 2049, 2049, 2048, 2049, 2048, 2048]","[2048, 2048, 2048, 2048, 2048, 2048, 2048, 2048, 2049]","[2048, 2048, 2048, 2048, 2049, 2048, 2048]",318.0
1234,9507,20,43,2024-05-05T21:11:59.638000+00:00,31.2,35.132,25.755,213.0,183.0,False,92.087,"[None, 2048, 2048, 2048, 2048, 2048, 2049, 2048, 2048]","[2048, 2048, 2048, 2048, 2048, 2048, 2048, 2048, 2048]","[2048, 2048, 2048, 2049, 2048, 2048, 2048]",317.0
1234,9507,81,43,2024-05-05T21:12:05.359000+00:00,30.384,34.629,25.621,216.0,188.0,False,90.634,"[None, 2048, 2048, 2048, 2048, 2049, 2049, 2048, 2048]","[2048, 2048, 2048, 2048, 2048, 2048, 2048, 2049, 2048]","[2049, 2048, 2048, 2048, 2049, 2048, 2048]",316.0
1234,9507,4,44,2024-05-05T21:12:57.126000+00:00,30.563,34.92,25.697,,187.0,False,91.18,"[None, 2048, 2048, 2048, 2051, 2048, 2049, 2048, 2048]","[2048, 2048, 2048, 2048, 2048, 2048, 2048, 2048, 2048]","[2049, 2048, 2048, 2049, 2048, 2048, 2048]",319.0
1234,9507,1,44,2024-05-05T21:13:00.887000+00:00,30.814,34.908,25.73,215.0,186.0,False,91.452,"[None, 2048, 2048, 2048, 2049, 2048, 2048, 2048, 2048]","[2049, 2049, 2049, 2049, 2048, 2048, 2048, 2048, 2048]","[2049, 2048, 2048, 2048, 2048, 2048, 2048]",315.0
1234,9507,16,44,2024-05-05T21:13:03.410000+00:00,30.544,35.085,25.925,211.0,185.0,False,91.554,"[None, 2048, 2049, 2048, 2048, 2048, 2051, 2048, 2048]","[2048, 2048, 2048, 2048, 2048, 2048, 2048, 2048, 2048]","[2049, 2048, 2048, 2048, 2048, 2049, 2048]",314.0
1234,9507,55,44,2024-05-05T21:13:07.058000+00:00,30.529,34.996,25.837,213.0,185.0,False,91.362,"[None, 2048, 2049, 2048, 2048, 2048, 2048, 2048, 2048]","[2048, 2048, 2048, 2048, 2048, 2048, 2048, 2048, 2048]","[2048, 2048, 2048, 2048, 2048, 2048, 2048]",309.0
1234,9507,11,44,2024-05-05T21:13:09.158000+00:00,30.729,35.039,25.741,215.0,185.0,False,91.509,"[None, 2049, 2049, 2049, 2048, 2048, 2048, 2048, 2048]","[2049, 2048, 2048, 2048, 2048, 2048, 2048, 2048, 2048]","[2049, 2048, 2048, 2049, 2048, 2048, 2048]",316.0
1234,9507,44,44,2024-05-05T21:13:09.927000+00:00,30.798,35.119,25.594,213.0,185.0,False,91.511,"[None, 2048, 2048, 2048, 2049, 2049, 2049, 2048, 2048]","[2048, 2048, 2048, 2048, 2048, 2048, 2048, 2048, 2048]","[2048, 2048, 2048, 2048, 2048, 2048, 2049]",319.0
1234,9507,22,44,2024-05-05T21:13:12.726000+00:00,30.988,35.053,25.874,216.0,185.0,False,91.915,"[None, 2048, 2048, 2048, 2048, 2048, 2049, 2048, 2048]","[2049, 2049, 2048, 2048, 2048, 2048, 2049, 2048, 2048]","[2049, 2048, 2048, 2049, 2048, 2048, 2048]",317.0
1234,9507,63,44,2024-05-05T21:13:14.597000+00:00,30.996,35.169,27.533,213.0,184.0,False,93.698,"[None, 2048, 2048, 2049, 2049, 2048, 2048, 2048, 2048]","[2049, 2049, 2048, 2048, 2048, 2048, 2048, 2048, 2048]","[2048, 2048, 2048, 2049, 2048, 2051, 2049]",325.0
1234,9507,31,44,2024-05-05T21:13:16.855000+00:00,31.245,35.255,25.983,,184.0,False,92.483,"[None, 2048, 2048, 2048, 2048, 2048, 2048, 2048, 2049]","[2048, 2048, 2048, 2048, 2048, 2048, 2048, 2048, 2048]","[2048, 2048, 2048, 2048, 2048, 2048, 2048]",317.0
1234,9507,14,44,2024-05-05T21:13:17.563000+00:00,31.167,35.329,25.768,210.0,184.0,False,92.264,"[None, 2048, 2048, 2048, 2048, 2048, 2048, 2049, 2048]","[2048, 2048, 2048, 2048, 2048, 2048, 2048, 2048, 2048]","[2048, 2048, 2048, 2048, 2048, 2048, 2049]",328.0
1234,9507,10,44,2024-05-05T21:13:21.799000+00:00,31.363,35.365,26.127,214.0,187.0,False,92.855,"[None, 2049, 2048, 2048, 2048, 2049, 2049, 2049, 2048]","[2049, 2048, 2048, 2048, 2048, 2048, 2048, 2048, 2048]","[2049, 2048, 2048, 2048, 2048, 2048, 2048]",315.0
1234,9507,27,44,2024-05-05T21:13:22.884000+00:00,31.487,35.332,25.638,214.0,186.0,False,92.457,"[None, 2048, 2048, 2048, 2048, 2048, 2048, 2048, 2048]","[2048, 2048, 2048, 2048, 2048, 2048, 2048, 2048, 2048]","[2048, 2048, 2048, 2048, 2048, 2048, 2048]",319.0
1234,9507,23,44,2024-05-05T21:13:24.525000+00:00,31.626,35.295,25.857,211.0,184.0,False,92.778,"[None, 2048, 2048, 2048, 2049, 2048, 2048, 2049, 2048]","[2048, 2048, 2048, 2048, 2048, 2048, 2048, 2048, 2048]","[2048, 2048, 2048, 2048, 2048, 2048, 2048]",330.0
1234,9507,24,44,2024-05-05T21:13:24.972000+00:00,31.52,35.555,25.935,212.0,187.0,False,93.01,"[None, 2048, 2048, 2048, 2048, 2048, 2048, 2048, 2048]","[2048, 2048, 2048, 2048, 2048, 2048, 2048, 2048, 2048]","[2048, 2048, 2048, 2048, 2048, 2048, 2048]",313.0
1234,9507,3,44,2024-05-05T21:13:25.675000+00:00,31.571,35.656,25.73,213.0,184.0,False,92.957,"[None, 2048, 2048, 2048, 2048, 2048, 2048, 2048, 2048]","[2048, 2049, 2049, 2048, 2048, 2048, 2048, 2048, 2048]","[2048, 2048, 2048, 2049, 2048, 2048, 2049]",331.0
1234,9507,18,44,2024-05-05T21:13:26.063000+00:00,31.513,35.573,25.438,214.0,187.0,False,92.524,"[None, 2048, 2048, 2048, 2048, 2048, 2048, 2048, 2048]","[2049, 2049, 2049, 2049, 2049, 2048, 2048, 2048, 2048]","[2051, 2049, 2051, 2048, 2048, 2049, 2051]",335.0
1234,9507,77,44,2024-05-05T21:13:28.088000+00:00,31.39,35.636,25.921,208.0,186.0,False,92.947,"[None, 2049, 2048, 2048, 2048, 2048, 2048, 2048, 2048]","[2048, 2048, 2048, 2048, 2048, 2048, 2048, 2048, 2048]","[2048, 2048, 2048, 2048, 2048, 2048, 2049]",317.0
1234,9507,20,44,2024-05-05T21:13:31.889000+00:00,31.264,35.219,25.804,,184.0,False,92.287,"[None, 2048, 2048, 2048, 2048, 2048, 2048, 2048, 2048]","[2048, 2048, 2048, 2048, 2048, 2048, 2048, 2048, 2048]","[2048, 2048, 2048, 2048, 2048, 2048, 2048]",320.0
1234,9507,81,44,2024-05-05T21:13:35.876000+00:00,30.437,34.61,25.705,,187.0,False,90.752,"[None, 2048, 2048, 2048, 2049, 2048, 2048, 2048, 2048]","[2049, 2048, 2048, 2048, 2048, 2048, 2048, 2048, 2048]","[2048, 2048, 2048, 2048, 2048, 2048, 2048]",322.0
1234,9507,4,45,2024-05-05T21:14:28.386000+00:00,30.453,34.88,25.735,212.0,186.0,False,91.068,"[None, 2048, 2048, 2048, 2051, 2048, 2049, 2048, 2048]","[2048, 2048, 2048, 2048, 2048, 2048, 2048, 2048, 2048]","[2048, 2048, 2048, 2048, 2048, 2048, 2049]",316.0
1234,9507,1,45,2024-05-05T21:14:32.423000+00:00,30.84,34.912,25.785,214.0,187.0,False,91.537,"[None, 2048, 2048, 2048, 2048, 2048, 2048, 2048, 2048]","[2048, 2048, 2048, 2048, 2048, 2048, 2048, 2048, 2048]","[2048, 2049, 2048, 2048, 2048, 2048, 2048]",313.0
1234,9507,16,45,2024-05-05T21:14:35.008000+00:00,30.646,34.92,25.812,213.0,184.0,False,91.378,"[None, 2048, 2048, 2048, 2048, 2048, 2048, 2048, 2048]","[2048, 2048, 2048, 2048, 2048, 2048, 2048, 2049, 2048]","[2048, 2048, 2048, 2048, 2048, 2048, 2048]",311.0
1234,9507,55,45,2024-05-05T21:14:38.455000+00:00,30.65,35.041,25.81,,186.0,False,91.501,"[None, 2048, 2048, 2048, 2048, 2049, 2051, 2048, 2048]","[2048, 2048, 2048, 2048, 2048, 2048, 2048, 2048, 2048]","[2048, 2048, 2048, 2048, 2048, 2048, 2048]",308.0
1234,9507,11,45,2024-05-05T21:14:40.663000+00:00,30.864,35.058,25.61,,185.0,False,91.532,"[None, 2048, 2048, 2048, 2048, 2048, 2048, 2048, 2048]","[2048, 2048, 2048, 2048, 2048, 2048, 2048, 2048, 2048]","[2048, 2048, 2048, 2048, 2048, 2049, 2048]",319.0
1234,9507,44,45,2024-05-05T21:14:41.431000+00:00,30.727,35.116,25.636,,186.0,False,91.479,"[None, 2048, 2048, 2048, 2049, 2048, 2049, 2049, 2048]","[2048, 2048, 2048, 2048, 2048, 2048, 2048, 2048, 2048]","[2049, 2049, 2048, 2048, 2048, 2048, 2048]",320.0
1234,9507,22,45,2024-05-05T21:14:44.818000+00:00,30.952,35.246,25.879,215.0,186.0,False,92.077,"[None, 2048, 2048, 2048, 2049, 2048, 2049, 2048, 2049]","[2048, 2048, 2048, 2048, 2048, 2048, 2048, 2048, 2048]","[2049, 2048, 2048, 2048, 2048, 2048, 2048]",315.0
1234,9507,63,45,2024-05-05T21:14:48.286000+00:00,31.004,35.27,25.857,,184.0,False,92.131,"[None, 2048, 2048, 2048, 2048, 2048, 2048, 2048, 2049]","[2048, 2048, 2048, 2048, 2048, 2048, 2048, 2048, 2048]","[2048, 2048, 2048, 2048, 2049, 2048]",313.0
1234,9507,31,45,2024-05-05T21:14:49.435000+00:00,31.327,35.958,26.063,212.0,185.0,False,93.348,"[None, 2048, 2048, 2048, 2048, 2048, 2048, 2048, 2048]","[2048, 2048, 2048, 2048, 2048, 2048, 2048, 2048, 2048]","[2049, 2048, 2048, 2048, 2048, 2048, 2048]",323.0
1234,9507,14,45,2024-05-05T21:14:49.879000+00:00,31.235,35.99,25.827,211.0,185.0,False,93.052,"[2049, 2048, 2048, 2048, 2048, 2048, 2048, 2048, 2049]","[2048, 2048, 2048, 2048, 2048, 2048, 2048, 2048, 2048]","[2048, 2048, 2048, 2048, 2048, 2048, 2048]",336.0
1234,9507,10,45,2024-05-05T21:14:54.635000+00:00,31.443,35.503,26.035,213.0,186.0,False,92.981,"[None, 2048, 2048, 2048, 2048, 2048, 2048, 2048, 2048]","[2048, 2048, 2048, 2048, 2048, 2048, 2048, 2048, 2048]","[2049, 2048, 2048, 2048, 2048, 2048, 2048]",318.0
1234,9507,27,45,2024-05-05T21:14:55.281000+00:00,31.426,35.452,25.596,,186.0,False,92.474,"[None, 2048, 2048, 2048, 2048, 2048, 2049, 2048, 2048]","[2048, 2048, 2048, 2048, 2048, 2048, 2048, 2048, 2048]","[2048, 2048, 2048, 2048, 2048, 2048, 2048]",333.0
1234,9507,23,45,2024-05-05T21:14:57.295000+00:00,31.62,35.181,25.764,210.0,184.0,False,92.565,"[None, 2048, 2048, 2048, 2048, 2048, 2048, 2048, 2048]","[2048, 2048, 2048, 2048, 2048, 2048, 2048, 2048, 2048]","[2048, 2048, 2048, 2048, 2048, 2048, 2048]",330.0
1234,9507,24,45,2024-05-05T21:14:58.055000+00:00,31.605,35.39,25.779,,186.0,False,92.774,"[None, 2048, 2048, 2048, 2048, 2048, 2049, 2049, 2048]","[2048, 2048, 2048, 2048, 2048, 2049, 2048, 2048, 2048]","[2048, 2048, 2048, 2048, 2048, 2048, 2048]",326.0
1234,9507,3,45,2024-05-05T21:14:58.461000+00:00,32.831,35.466,25.723,214.0,185.0,False,94.02,"[None, 2048, 2048, 2048, 2048, 2048, 2048, 2048, 2048]","[2049, 2048, 2048, 2048, 2048, 2048, 2048, 2048, 2048]","[2048, 2048, 2048, 2048, 2048, 2048, 2048]",325.0
1234,9507,18,45,2024-05-05T21:14:58.727000+00:00,32.047,35.286,25.503,216.0,187.0,False,92.836,"[2049, 2048, 2048, 2048, 2048, 2048, 2049, 2049, 2048]","[2048, 2048, 2048, 2048, 2048, 2049, 2048, 2048, 2048]","[2048, 2048, 2048, 2048, 2049, 2048]",326.0
1234,9507,77,45,2024-05-05T21:15:00.919000+00:00,31.481,35.69,25.855,214.0,187.0,False,93.026,"[None, 2048, 2048, 2048, 2048, 2048, 2048, 2048, 2048]","[2048, 2048, 2048, 2048, 2048, 2048, 2048, 2048, 2048]","[2049, 2048, 2048, 2048, 2048, 2048, 2048]",321.0
1234,9507,20,45,2024-05-05T21:15:04.069000+00:00,31.281,35.171,25.827,212.0,184.0,False,92.279,"[None, 2048, 2048, 2048, 2048, 2048, 2048, 2048, 2048]","[2048, 2048, 2048, 2048, 2048, 2048, 2048, 2048, 2048]","[2048, 2048, 2048, 2048, 2048, 2048, 2048]",318.0
1234,9507,81,45,2024-05-05T21:15:06.628000+00:00,30.569,35.073,25.644,213.0,186.0,False,91.286,"[None, 2048, 2048, 2048, 2048, 2049, 2048, 2048, 2048]","[2048, 2048, 2048, 2048, 2048, 2048, 2048, 2048, 2048]","[2048, 2048, 2048, 2048, 2048, 2048, 2048]",321.0
1234,9507,4,46,2024-05-05T21:15:59.559000+00:00,30.499,35.205,25.648,215.0,187.0,False,91.352,"[None, 2048, 2048, 2048, 2048, 2048, 2049, 2048, 2048]","[2049, 2048, 2048, 2048, 2048, 2048, 2048, 2048, 2048]","[2048, 2048, 2048, 2048, 2048, 2048, 2048]",317.0
1234,9507,1,46,2024-05-05T21:16:03.969000+00:00,30.951,35.099,25.738,,187.0,False,91.788,"[None, 2048, 2048, 2048, 2048, 2048, 2048, 2048, 2048]","[2048, 2048, 2048, 2048, 2048, 2048, 2048, 2048, 2048]","[2049, 2048, 2048, 2048, 2048, 2048, 2048]",314.0
1234,9507,16,46,2024-05-05T21:16:06.414000+00:00,30.579,35.197,25.761,214.0,185.0,False,91.537,"[None, 2048, 2048, 2048, 2048, 2048, 2048, 2048, 2048]","[2048, 2048, 2048, 2048, 2048, 2048, 2048, 2048, 2048]","[2048, 2048, 2048, 2048, 2048, 2048, 2048]",315.0
1234,9507,55,46,2024-05-05T21:16:09.856000+00:00,30.513,35.07,25.765,214.0,186.0,False,91.348,"[None, 2049, 2048, 2048, 2048, 2049, 2048, 2048, 2048]","[2048, 2048, 2048, 2048, 2048, 2048, 2048, 2048, 2048]","[2048, 2048, 2048, 2048, 2048, 2048, 2048]",309.0
1234,9507,11,46,2024-05-05T21:16:12.117000+00:00,30.825,35.142,25.714,217.0,187.0,False,91.681,"[None, 2048, 2048, 2048, 2048, 2048, 2049, 2048, 2049]","[2049, 2048, 2048, 2048, 2048, 2048, 2048, 2048, 2048]","[2049, 2048, 2048, 2048, 2048, 2049, 2048]",318.0
1234,9507,44,46,2024-05-05T21:16:12.889000+00:00,30.81,35.201,25.668,212.0,185.0,False,91.679,"[None, 2048, 2048, 2048, 2048, 2048, 2048, 2049, 2048]","[2048, 2048, 2048, 2048, 2048, 2048, 2048, 2048, 2048]","[2048, 2048, 2048, 2048, 2048, 2048, 2048]",320.0
1234,9507,22,46,2024-05-05T21:16:16.818000+00:00,30.84,35.234,25.951,214.0,185.0,False,92.025,"[None, 2048, 2048, 2048, 2048, 2049, 2048, 2048, 2049]","[2048, 2048, 2048, 2048, 2048, 2048, 2048, 2048, 2048]","[2048, 2048, 2048, 2048, 2048, 2048, 2048]",317.0
1234,9507,63,46,2024-05-05T21:16:20.291000+00:00,31.005,35.384,25.915,209.0,185.0,False,92.304,"[None, 2048, 2048, 2048, 2048, 2048, 2049, 2049, 2048]","[2048, 2048, 2048, 2048, 2048, 2048, 2048, 2048, 2048]","[2048, 2048, 2048, 2048, 2048, 2048, 2048]",321.0
1234,9507,31,46,2024-05-05T21:16:22.773000+00:00,31.67,35.775,26.052,215.0,185.0,False,93.497,"[None, 2048, 2048, 2048, 2048, 2048, 2048, 2048, 2049]","[2048, 2048, 2048, 2048, 2048, 2048, 2048, 2048, 2048]","[2048, 2048, 2048, 2048, 2048, 2048, 2048]",314.0
1234,9507,14,46,2024-05-05T21:16:23.050000+00:00,31.918,35.856,25.818,208.0,186.0,False,93.592,"[2048, 2049, 2048, 2048, 2048, 2048, 2048, 2048, 2048]","[2048, 2048, 2048, 2048, 2048, 2048, 2048, 2048, 2048]","[2048, 2048, 2048, 2048, 2048, 2048, 2048]",336.0
1234,9507,10,46,2024-05-05T21:16:27.615000+00:00,32.812,35.552,25.977,212.0,184.0,False,94.341,"[None, 2048, 2048, 2048, 2048, 2048, 2048, 2048, 2048]","[2048, 2048, 2048, 2048, 2048, 2048, 2048, 2048, 2048]","[2048, 2048, 2048, 2048, 2048, 2048, 2048]",319.0
1234,9507,27,46,2024-05-05T21:16:27.804000+00:00,31.58,35.361,25.726,,186.0,False,92.667,"[None, 2049, 2048, 2048, 2048, 2049, 2048, 2048, 2049]","[2048, 2048, 2048, 2048, 2048, 2048, 2048, 2048, 2048]","[2048, 2048, 2048, 2048, 2048, 2048, 2048]",318.0
1234,9507,23,46,2024-05-05T21:16:29.815000+00:00,31.79,35.355,25.656,208.0,184.0,False,92.801,"[None, 2048, 2048, 2048, 2048, 2048, 2048, 2048, 2048]","[2048, 2048, 2048, 2048, 2048, 2048, 2048, 2048, 2048]","[2048, 2048, 2048, 2048, 2048, 2048, 2048]",343.0
1234,9507,24,46,2024-05-05T21:16:30.723000+00:00,31.488,35.415,25.688,207.0,184.0,False,92.591,"[None, 2048, 2048, 2048, 2048, 2048, 2048, 2048, 2048]","[2048, 2048, 2048, 2048, 2048, 2048, 2048, 2048, 2048]","[2048, 2048, 2048, 2048, 2048, 2048, 2048]",331.0
1234,9507,18,46,2024-05-05T21:16:31.334000+00:00,31.426,35.381,25.644,211.0,185.0,False,92.451,"[2048, 2048, 2048, 2048, 2048, 2048, 2048, 2048, 2048]","[2048, 2048, 2048, 2048, 2048, 2048, 2048, 2048, 2048]","[2048, 2048, 2048, 2048, 2048, 2048, 2048]",310.0
1234,9507,3,46,2024-05-05T21:16:32.630000+00:00,31.362,35.568,25.915,209.0,184.0,False,92.845,"[None, 2048, 2048, 2048, 2048, 2048, 2048, 2048, 2048]","[2048, 2048, 2048, 2048, 2048, 2049, 2048, 2048, 2048]","[2048, 2048, 2048, 2048, 2048, 2048, 2048]",318.0
1234,9507,77,46,2024-05-05T21:16:34.010000+00:00,31.526,35.478,25.904,211.0,186.0,False,92.908,"[None, 2048, 2048, 2048, 2048, 2048, 2048, 2048, 2048]","[2048, 2048, 2048, 2048, 2048, 2048, 2048, 2048, 2048]","[2049, 2048, 2048, 2048, 2048, 2048, 2048]",320.0
1234,9507,20,46,2024-05-05T21:16:36.351000+00:00,31.322,35.202,26.544,,183.0,False,93.068,"[None, 2048, 2048, 2048, 2048, 2049, 2048, 2048, 2048]","[2048, 2048, 2048, 2048, 2048, 2048, 2048, 2048, 2048]","[2048, 2048, 2048, 2048, 2048, 2048, 2048]",317.0
1234,9507,81,46,2024-05-05T21:16:37.945000+00:00,30.723,34.939,25.418,217.0,186.0,False,91.08,"[None, 2048, 2048, 2048, 2048, 2049, 2048, 2048, 2048]","[2049, 2049, 2049, 2049, 2048, 2048, 2048, 2048, 2048]","[2049, 2049, 2049, 2049, 2048, 2048, 2048]",345.0
1234,9507,4,47,2024-05-05T21:17:30.838000+00:00,30.556,35.123,25.744,212.0,186.0,False,91.423,"[None, 2048, 2048, 2048, 2051, 2048, 2048, 2048, 2048]","[2048, 2048, 2048, 2048, 2048, 2048, 2048, 2048, 2048]","[2048, 2048, 2048, 2048, 2048, 2048, 2049]",315.0
1234,9507,1,47,2024-05-05T21:17:35.643000+00:00,30.859,34.977,25.677,212.0,187.0,False,91.513,"[None, 2048, 2048, 2048, 2048, 2048, 2048, 2048, 2048]","[2048, 2048, 2048, 2048, 2048, 2048, 2048, 2048, 2048]","[2048, 2048, 2048, 2048, 2048, 2048, 2048]",313.0
1234,9507,16,47,2024-05-05T21:17:37.933000+00:00,30.744,35.059,25.824,211.0,184.0,False,91.627,"[None, 2048, 2048, 2048, 2048, 2051, 2051, 2048, 2048]","[2048, 2048, 2048, 2048, 2048, 2048, 2048, 2048, 2048]","[2048, 2048, 2048, 2048, 2048, 2048, 2048]",313.0
1234,9507,55,47,2024-05-05T21:17:41.232000+00:00,30.635,35.102,25.786,,186.0,False,91.523,"[None, 2048, 2048, 2048, 2048, 2048, 2048, 2048, 2048]","[2048, 2048, 2048, 2048, 2048, 2048, 2048, 2048, 2048]","[2048, 2048, 2048, 2048, 2048, 2048, 2048]",312.0
1234,9507,11,47,2024-05-05T21:17:43.805000+00:00,30.732,34.991,25.646,212.0,186.0,False,91.369,"[None, 2049, 2048, 2048, 2048, 2048, 2049, 2048, 2048]","[2048, 2048, 2048, 2048, 2048, 2048, 2048, 2049, 2048]","[2048, 2048, 2048, 2048, 2048, 2048, 2048]",320.0
1234,9507,44,47,2024-05-05T21:17:44.637000+00:00,30.717,35.085,25.528,213.0,186.0,False,91.33,"[None, 2048, 2048, 2048, 2049, 2049, 2049, 2048, 2048]","[2048, 2048, 2048, 2048, 2048, 2048, 2048, 2048, 2048]","[2048, 2048, 2048, 2048, 2048, 2048, 2048]",328.0
1234,9507,22,47,2024-05-05T21:17:48.867000+00:00,30.943,35.141,25.922,215.0,185.0,False,92.006,"[None, 2049, 2048, 2048, 2048, 2048, 2048, 2048, 2048]","[2048, 2048, 2048, 2048, 2048, 2048, 2048, 2048, 2048]","[2048, 2048, 2048, 2048, 2048, 2048, 2048]",316.0
1234,9507,63,47,2024-05-05T21:17:52.871000+00:00,31.075,35.327,25.796,212.0,185.0,False,92.198,"[None, 2048, 2048, 2048, 2048, 2048, 2048, 2048, 2048]","[2048, 2048, 2048, 2048, 2048, 2048, 2048, 2048, 2048]","[2048, 2048, 2048, 2048, 2048, 2048, 2048]",321.0
1234,9507,31,47,2024-05-05T21:17:56.216000+00:00,31.248,35.85,26.218,214.0,185.0,False,93.316,"[None, 2048, 2048, 2048, 2048, 2048, 2049, 2048, 2048]","[2048, 2048, 2048, 2048, 2048, 2048, 2048, 2048, 2048]","[2049, 2048, 2048, 2048, 2048, 2048, 2049]",319.0
1234,9507,14,47,2024-05-05T21:17:56.527000+00:00,31.46,35.799,25.861,210.0,186.0,False,93.12,"[None, 2048, 2048, 2049, 2048, 2048, 2049, 2048, 2048]","[2048, 2048, 2048, 2048, 2048, 2048, 2048, 2048, 2048]","[2048, 2048, 2048, 2048, 2048, 2048, 2049]",332.0
1234,9507,27,47,2024-05-05T21:18:00.474000+00:00,31.191,35.239,25.754,216.0,185.0,False,92.184,"[None, 2048, 2048, 2048, 2049, 2048, 2048, 2049, 2048]","[2048, 2048, 2048, 2048, 2048, 2048, 2048, 2048, 2048]","[2048, 2048, 2048, 2048, 2048, 2048, 2048]",319.0
1234,9507,10,47,2024-05-05T21:18:02.059000+00:00,31.428,35.452,25.887,213.0,186.0,False,92.767,"[None, 2048, 2048, 2048, 2048, 2048, 2048, 2049, 2048]","[2049, 2048, 2048, 2048, 2048, 2048, 2048, 2048, 2048]","[2049, 2048, 2048, 2048, 2048, 2048, 2048]",320.0
1234,9507,23,47,2024-05-05T21:18:02.561000+00:00,31.751,35.224,25.685,212.0,184.0,False,92.66,"[None, 2048, 2048, 2048, 2048, 2048, 2048, 2049, 2048]","[2048, 2048, 2048, 2048, 2048, 2048, 2048, 2048, 2048]","[2049, 2048, 2048, 2048, 2048, 2048, 2048]",340.0
1234,9507,24,47,2024-05-05T21:18:03.320000+00:00,31.548,35.453,25.78,213.0,185.0,False,92.781,"[None, 2048, 2048, 2048, 2048, 2048, 2048, 2048, 2048]","[2048, 2048, 2048, 2048, 2048, 2048, 2048, 2048, 2048]","[2048, 2048, 2048, 2048, 2048, 2048, 2049]",334.0
1234,9507,18,47,2024-05-05T21:18:03.905000+00:00,31.502,35.443,25.497,216.0,187.0,False,92.442,"[None, 2048, 2048, 2048, 2048, 2048, 2048, 2048, 2048]","[2048, 2048, 2048, 2048, 2048, 2048, 2048, 2048, 2048]","[2051, 2048, 2048, 2048, 2048, 2049, 2051]",328.0
1234,9507,3,47,2024-05-05T21:18:05.365000+00:00,31.307,35.412,25.848,208.0,185.0,False,92.567,"[None, 2048, 2048, 2048, 2049, 2049, 2048, 2048, 2048]","[2048, 2048, 2048, 2048, 2048, 2048, 2048, 2048, 2049]","[2048, 2048, 2048, 2049, 2048, 2048, 2048]",322.0
1234,9507,77,47,2024-05-05T21:18:06.978000+00:00,31.316,35.658,25.914,209.0,186.0,False,92.888,"[None, 2049, 2048, 2048, 2048, 2048, 2049, 2048, 2048]","[2048, 2048, 2048, 2048, 2048, 2048, 2048, 2048, 2048]","[2049, 2048, 2048, 2048, 2048, 2048, 2048]",319.0
1234,9507,81,47,2024-05-05T21:18:08.875000+00:00,30.834,35.155,25.652,214.0,186.0,False,91.641,"[None, 2048, 2048, 2048, 2048, 2048, 2048, 2048, 2048]","[2048, 2049, 2048, 2048, 2048, 2048, 2048, 2048, 2048]","[2048, 2048, 2048, 2048, 2048, 2048, 2049]",319.0
1234,9507,20,47,2024-05-05T21:18:09.363000+00:00,31.792,35.304,25.893,213.0,183.0,False,92.989,"[None, 2048, 2048, 2048, 2048, 2048, 2048, 2048, 2048]","[2048, 2048, 2048, 2048, 2048, 2048, 2048, 2048, 2048]","[2048, 2048, 2048, 2048, 2048, 2048, 2048]",318.0
1234,9507,4,48,2024-05-05T21:19:02.152000+00:00,30.529,34.897,25.709,,187.0,False,91.135,"[None, 2048, 2048, 2048, 2048, 2049, 2048, 2048, 2048]","[2048, 2048, 2048, 2048, 2048, 2048, 2048, 2048, 2048]","[2048, 2048, 2048, 2048, 2048, 2048, 2049]",316.0
1234,9507,1,48,2024-05-05T21:19:07.378000+00:00,30.775,34.797,25.689,216.0,187.0,False,91.261,"[None, 2048, 2048, 2048, 2048, 2048, 2048, 2048, 2048]","[2049, 2049, 2048, 2048, 2048, 2048, 2048, 2048, 2048]","[2048, 2048, 2048, 2049, 2048, 2048, 2048]",313.0
1234,9507,16,48,2024-05-05T21:19:09.491000+00:00,30.532,34.881,25.814,215.0,184.0,False,91.227,"[None, 2048, 2048, 2048, 2048, 2048, 2051, 2048, 2048]","[2048, 2048, 2048, 2048, 2048, 2048, 2048, 2048, 2048]","[2048, 2048, 2048, 2048, 2048, 2048, 2048]",312.0
1234,9507,55,48,2024-05-05T21:19:12.774000+00:00,30.722,34.88,25.79,213.0,187.0,False,91.392,"[None, 2048, 2048, 2048, 2048, 2048, 2048, 2048, 2048]","[2048, 2048, 2048, 2048, 2048, 2048, 2048, 2048, 2048]","[2048, 2048, 2048, 2048, 2048, 2048, 2048]",311.0
1234,9507,11,48,2024-05-05T21:19:15.197000+00:00,30.75,35.14,25.659,213.0,186.0,False,91.549,"[None, 2049, 2048, 2048, 2048, 2048, 2048, 2048, 2048]","[2048, 2048, 2048, 2048, 2048, 2048, 2048, 2048, 2048]","[2048, 2048, 2048, 2048, 2048, 2048, 2048]",317.0
1234,9507,44,48,2024-05-05T21:19:15.962000+00:00,30.79,35.113,25.723,,185.0,False,91.626,"[2049, 2048, 2048, 2048, 2048, 2048, 2048, 2049, 2048]","[2048, 2048, 2048, 2048, 2048, 2048, 2048, 2048, 2048]","[2048, 2048, 2048, 2048, 2048, 2048, 2048]",317.0
1234,9507,22,48,2024-05-05T21:19:20.845000+00:00,30.881,35.232,25.897,,186.0,False,92.01,"[None, 2048, 2048, 2048, 2049, 2048, 2048, 2048, 2048]","[2048, 2048, 2048, 2048, 2048, 2048, 2048, 2048, 2048]","[2048, 2048, 2048, 2048, 2048, 2048, 2048]",315.0
1234,9507,63,48,2024-05-05T21:19:24.950000+00:00,30.996,35.298,25.881,216.0,184.0,False,92.175,"[None, 2048, 2048, 2048, 2048, 2048, 2048, 2048, 2048]","[2049, 2048, 2048, 2048, 2048, 2048, 2048, 2048, 2048]","[2048, 2048, 2048, 2048, 2048, 2048, 2048]",319.0
1234,9507,31,48,2024-05-05T21:19:29.594000+00:00,31.509,36.453,25.984,,184.0,False,93.946,"[None, 2049, 2048, 2048, 2048, 2048, 2048, 2048, 2048]","[2048, 2048, 2048, 2048, 2048, 2048, 2048, 2048, 2048]","[2048, 2048, 2048, 2048, 2048, 2048, 2048]",326.0
1234,9507,14,48,2024-05-05T21:19:29.726000+00:00,31.826,35.26,25.958,212.0,186.0,False,93.044,"[None, 2049, 2048, 2048, 2048, 2048, 2048, 2048, 2048]","[2048, 2048, 2048, 2048, 2048, 2048, 2048, 2048, 2048]","[2048, 2048, 2048, 2048, 2048, 2048, 2048]",316.0
1234,9507,27,48,2024-05-05T21:19:32.673000+00:00,31.294,35.237,25.767,217.0,185.0,False,92.298,"[None, 2048, 2048, 2048, 2048, 2048, 2048, 2049, 2048]","[2048, 2048, 2048, 2048, 2048, 2049, 2048, 2048, 2048]","[2048, 2048, 2048, 2048, 2048, 2048, 2048]",320.0
1234,9507,10,48,2024-05-05T21:19:34.782000+00:00,31.408,35.311,25.909,212.0,185.0,False,92.628,"[None, 2048, 2048, 2048, 2049, 2048, 2048, 2048, 2048]","[2048, 2048, 2048, 2048, 2048, 2048, 2048, 2048, 2048]","[2048, 2048, 2048, 2049, 2048, 2048, 2048]",326.0
1234,9507,23,48,2024-05-05T21:19:35.316000+00:00,31.803,35.1,25.649,207.0,185.0,False,92.552,"[None, 2048, 2048, 2048, 2049, 2048, 2048, 2048, 2048]","[2048, 2048, 2048, 2048, 2048, 2048, 2048, 2048, 2048]","[2049, 2048, 2048, 2048, 2048, 2048, 2048]",347.0
1234,9507,24,48,2024-05-05T21:19:36.166000+00:00,32.948,35.46,25.801,,185.0,False,94.209,"[None, 2048, 2048, 2048, 2048, 2048, 2048, 2048, 2048]","[2048, 2048, 2048, 2048, 2048, 2048, 2048, 2048, 2048]","[2048, 2048, 2048, 2048, 2049, 2048, 2048]",317.0
1234,9507,18,48,2024-05-05T21:19:36.279000+00:00,31.851,35.324,25.76,,186.0,False,92.935,"[2051, 2048, 2048, 2048, 2048, 2048, 2048, 2048, 2048]","[2048, 2048, 2048, 2048, 2048, 2049, 2048, 2048, 2048]","[2048, 2048, 2048, 2048, 2048, 2048, 2048]",317.0
1234,9507,3,48,2024-05-05T21:19:37.999000+00:00,31.742,35.503,25.768,213.0,185.0,False,93.013,"[None, 2048, 2048, 2048, 2048, 2048, 2048, 2048, 2048]","[2048, 2048, 2048, 2048, 2048, 2048, 2048, 2048, 2048]","[2048, 2048, 2048, 2048, 2048, 2048, 2048]",331.0
1234,9507,77,48,2024-05-05T21:19:39.834000+00:00,31.401,36.349,25.671,213.0,185.0,False,93.421,"[None, 2048, 2048, 2048, 2049, 2049, 2048, 2048, 2048]","[2048, 2048, 2048, 2048, 2048, 2048, 2048, 2048, 2048]","[2048, 2048, 2048, 2048, 2048, 2048, 2049]",329.0
1234,9507,81,48,2024-05-05T21:19:40.589000+00:00,31.156,34.993,25.679,213.0,186.0,False,91.828,"[2049, 2048, 2048, 2048, 2048, 2048, 2048, 2048, 2048]","[2048, 2049, 2049, 2049, 2048, 2048, 2048, 2048, 2048]","[2048, 2048, 2048, 2048, 2048, 2048, 2048]",317.0
1234,9507,20,48,2024-05-05T21:19:42.454000+00:00,31.147,35.485,25.752,212.0,185.0,False,92.384,"[None, 2048, 2048, 2048, 2049, 2048, 2048, 2048, 2048]","[2048, 2048, 2048, 2048, 2048, 2048, 2048, 2048, 2048]","[2049, 2048, 2048, 2048, 2048, 2048, 2048]",323.0
1234,9507,4,49,2024-05-05T21:20:33.315000+00:00,30.427,35.025,25.725,214.0,187.0,False,91.177,"[None, 2048, 2048, 2048, 2051, 2048, 2048, 2048, 2048]","[2048, 2048, 2048, 2048, 2048, 2048, 2048, 2048, 2048]","[2048, 2048, 2048, 2048, 2048, 2048, 2049]",315.0
1234,9507,1,49,2024-05-05T21:20:38.533000+00:00,30.695,35.124,25.778,215.0,185.0,False,91.597,"[None, 2048, 2048, 2048, 2048, 2048, 2049, 2048, 2048]","[2048, 2048, 2048, 2048, 2048, 2048, 2048, 2048, 2048]","[2048, 2048, 2048, 2048, 2048, 2048, 2049]",313.0
1234,9507,16,49,2024-05-05T21:20:40.749000+00:00,30.527,35.038,25.753,214.0,185.0,False,91.318,"[None, 2048, 2048, 2048, 2048, 2048, 2051, 2048, 2048]","[2048, 2048, 2048, 2048, 2048, 2048, 2048, 2048, 2048]","[2048, 2048, 2048, 2048, 2048, 2048, 2049]",314.0
1234,9507,55,49,2024-05-05T21:20:44.234000+00:00,30.516,35.18,25.719,211.0,186.0,False,91.415,"[None, 2049, 2048, 2048, 2048, 2048, 2048, 2049, 2048]","[2048, 2048, 2048, 2048, 2048, 2048, 2048, 2048, 2048]","[2048, 2048, 2048, 2048, 2048, 2048, 2048]",311.0
1234,9507,11,49,2024-05-05T21:20:46.793000+00:00,30.732,34.959,25.705,212.0,185.0,False,91.396,"[None, 2048, 2048, 2048, 2049, 2048, 2048, 2049, 2048]","[2048, 2048, 2048, 2048, 2048, 2048, 2048, 2048, 2048]","[2049, 2048, 2048, 2048, 2048, 2048, 2048]",318.0
1234,9507,44,49,2024-05-05T21:20:47.599000+00:00,30.579,35.252,25.601,207.0,186.0,False,91.432,"[None, 2049, 2048, 2048, 2048, 2048, 2049, 2048, 2048]","[2048, 2048, 2048, 2048, 2048, 2048, 2048, 2048, 2048]","[2049, 2048, 2048, 2048, 2048, 2048, 2049]",321.0
1234,9507,22,49,2024-05-05T21:20:52.809000+00:00,30.772,35.459,25.933,213.0,185.0,False,92.164,"[None, 2048, 2048, 2048, 2048, 2049, 2048, 2048, 2049]","[2048, 2048, 2048, 2048, 2048, 2048, 2048, 2048, 2048]","[2048, 2048, 2048, 2048, 2048, 2048]",313.0
1234,9507,63,49,2024-05-05T21:20:57.051000+00:00,30.795,35.55,25.775,210.0,185.0,False,92.12,"[None, 2049, 2048, 2048, 2048, 2048, 2049, 2048, 2049]","[2048, 2048, 2048, 2048, 2048, 2048, 2048, 2048, 2048]","[2049, 2048, 2048, 2048, 2048, 2048, 2048]",322.0
1234,9507,14,49,2024-05-05T21:21:02.664000+00:00,31.014,35.45,25.839,211.0,184.0,False,92.303,"[None, 2048, 2049, 2048, 2048, 2049, 2048, 2048, 2049]","[2048, 2048, 2048, 2048, 2048, 2048, 2048, 2048, 2048]","[2048, 2048, 2048, 2049, 2048, 2048, 2048]",319.0
1234,9507,31,49,2024-05-05T21:21:03.495000+00:00,31.378,35.502,25.951,213.0,185.0,False,92.831,"[None, 2048, 2048, 2048, 2048, 2048, 2048, 2048, 2048]","[2048, 2048, 2048, 2048, 2048, 2048, 2048, 2048, 2048]","[2049, 2048, 2048, 2048, 2048, 2048, 2048]",317.0
1234,9507,27,49,2024-05-05T21:21:04.935000+00:00,31.34,35.419,25.715,213.0,186.0,False,92.474,"[None, 2048, 2048, 2048, 2049, 2048, 2048, 2048, 2048]","[2048, 2048, 2048, 2048, 2048, 2048, 2048, 2048, 2048]","[2048, 2048, 2048, 2048, 2048, 2048, 2048]",319.0
1234,9507,10,49,2024-05-05T21:21:07.434000+00:00,31.197,35.523,26.0,213.0,185.0,False,92.72,"[None, 2048, 2048, 2048, 2048, 2049, 2049, 2049, 2048]","[2048, 2048, 2048, 2048, 2048, 2048, 2048, 2048, 2048]","[2049, 2048, 2048, 2048, 2048, 2048, 2048]",324.0
1234,9507,23,49,2024-05-05T21:21:07.857000+00:00,31.557,35.264,25.825,211.0,184.0,False,92.646,"[None, 2048, 2048, 2049, 2048, 2048, 2048, 2049, 2048]","[2049, 2051, 2048, 2048, 2048, 2048, 2048, 2048, 2048]","[2048, 2048, 2048, 2048, 2048, 2048, 2049]",325.0
1234,9507,18,49,2024-05-05T21:21:09.280000+00:00,31.12,35.514,25.708,214.0,187.0,False,92.342,"[2048, 2048, 2048, 2049, 2048, 2049, 2048, 2048, 2048]","[2048, 2048, 2048, 2048, 2048, 2048, 2048, 2048, 2048]","[2048, 2048, 2048, 2048, 2048, 2048, 2048]",318.0
1234,9507,24,49,2024-05-05T21:21:10.308000+00:00,31.197,35.725,26.016,,185.0,False,92.938,"[None, 2048, 2048, 2048, 2049, 2049, 2049, 2048, 2048]","[2048, 2048, 2048, 2048, 2048, 2048, 2048, 2048, 2048]","[2048, 2048, 2048, 2048, 2048, 2048, 2048]",316.0
1234,9507,3,49,2024-05-05T21:21:10.999000+00:00,31.38,35.536,25.804,210.0,185.0,False,92.72,"[2049, 2048, 2048, 2048, 2048, 2048, 2048, 2048, 2049]","[2048, 2048, 2048, 2048, 2048, 2048, 2048, 2048, 2048]","[2049, 2048, 2048, 2048, 2048, 2048, 2048]",327.0
1234,9507,81,49,2024-05-05T21:21:12.399000+00:00,30.913,35.464,25.573,,186.0,False,91.95,"[2048, 2048, 2048, 2048, 2048, 2048, 2048, 2048, 2048]","[2048, 2048, 2048, 2048, 2048, 2048, 2048, 2048, 2048]","[2048, 2048, 2048, 2048, 2048, 2048, 2048]",330.0
1234,9507,77,49,2024-05-05T21:21:13.240000+00:00,31.648,35.619,25.919,,187.0,False,93.186,"[None, 2048, 2048, 2048, 2048, 2048, 2048, 2048, 2048]","[2048, 2048, 2048, 2048, 2048, 2048, 2048, 2048, 2048]","[2049, 2048, 2048, 2048, 2048, 2048, 2048]",319.0
1234,9507,20,49,2024-05-05T21:21:14.726000+00:00,31.269,35.386,25.689,213.0,184.0,False,92.344,"[None, 2048, 2048, 2048, 2048, 2048, 2048, 2048, 2048]","[2049, 2049, 2048, 2048, 2048, 2048, 2048, 2048, 2048]","[2049, 2048, 2048, 2048, 2048, 2048, 2048]",334.0
1234,9507,4,50,2024-05-05T21:22:04.409000+00:00,30.338,35.099,25.79,213.0,186.0,False,91.227,"[None, 2048, 2048, 2051, 2048, 2048, 2048, 2048, 2048]","[2048, 2048, 2048, 2048, 2048, 2048, 2048, 2048, 2048]","[2048, 2048, 2048, 2048, 2048, 2048, 2048]",317.0
1234,9507,1,50,2024-05-05T21:22:10.133000+00:00,30.531,35.085,25.722,,187.0,False,91.338,"[None, 2048, 2048, 2049, 2048, 2049, 2048, 2049, 2048]","[2048, 2048, 2048, 2048, 2048, 2048, 2048, 2048, 2048]","[2049, 2048, 2048, 2048, 2048, 2048, 2048]",314.0
1234,9507,16,50,2024-05-05T21:22:12.042000+00:00,30.493,35.293,26.15,213.0,184.0,False,91.936,"[None, 2048, 2048, 2048, 2048, 2048, 2048, 2048, 2048]","[2048, 2048, 2048, 2048, 2048, 2048, 2048, 2048, 2048]","[2048, 2048, 2048, 2048, 2048, 2048, 2048]",314.0
1234,9507,55,50,2024-05-05T21:22:15.534000+00:00,30.318,35.095,26.133,,185.0,False,91.546,"[None, 2049, 2048, 2048, 2049, 2048, 2048, 2049, 2048]","[2048, 2048, 2048, 2048, 2048, 2048, 2048, 2048, 2048]","[2048, 2048, 2048, 2048, 2048, 2048, 2048]",315.0
1234,9507,11,50,2024-05-05T21:22:18.176000+00:00,30.746,35.265,25.724,215.0,188.0,False,91.735,"[None, 2048, 2048, 2048, 2049, 2048, 2048, 2049, 2048]","[2048, 2048, 2048, 2048, 2048, 2048, 2048, 2048, 2048]","[2049, 2048, 2048, 2048, 2048, 2048, 2048]",318.0
1234,9507,44,50,2024-05-05T21:22:19.041000+00:00,30.562,35.35,25.713,213.0,185.0,False,91.625,"[2048, 2049, 2048, 2048, 2048, 2048, 2048, 2048, 2048]","[2049, 2049, 2048, 2048, 2048, 2048, 2048, 2048, 2048]","[2048, 2048, 2048, 2048, 2048, 2048, 2048]",324.0
1234,9507,22,50,2024-05-05T21:22:24.971000+00:00,30.749,35.241,25.962,215.0,186.0,False,91.952,"[None, 2048, 2049, 2049, 2049, 2048, 2049, 2049, 2048]","[2048, 2048, 2048, 2048, 2048, 2048, 2048, 2048, 2048]","[2048, 2048, 2048, 2048, 2048, 2048, 2049]",313.0
1234,9507,63,50,2024-05-05T21:22:29.147000+00:00,30.77,35.535,26.133,213.0,185.0,False,92.438,"[None, 2048, 2048, 2048, 2049, 2048, 2049, 2048, 2048]","[2048, 2048, 2048, 2048, 2048, 2048, 2048, 2048, 2048]","[2048, 2048, 2048, 2048, 2048, 2048, 2048]",321.0
1234,9507,14,50,2024-05-05T21:22:35.077000+00:00,30.743,35.396,25.931,213.0,185.0,False,92.07,"[None, 2048, 2049, 2048, 2048, 2048, 2048, 2049, 2048]","[2048, 2048, 2048, 2048, 2048, 2048, 2048, 2049, 2048]","[2048, 2048, 2048, 2048, 2048, 2048, 2048]",313.0
1234,9507,31,50,2024-05-05T21:22:36.263000+00:00,30.927,35.324,25.934,215.0,185.0,False,92.185,"[None, 2048, 2049, 2048, 2049, 2048, 2048, 2048, 2048]","[2049, 2048, 2048, 2048, 2048, 2048, 2048, 2048, 2048]","[2048, 2048, 2048, 2048, 2048, 2048, 2048]",317.0
1234,9507,27,50,2024-05-05T21:22:37.491000+00:00,31.166,35.279,25.699,216.0,186.0,False,92.144,"[None, 2048, 2048, 2048, 2049, 2048, 2048, 2048, 2048]","[2049, 2048, 2048, 2048, 2048, 2048, 2048, 2048, 2048]","[2048, 2048, 2048, 2048, 2048, 2048, 2048]",319.0
1234,9507,10,50,2024-05-05T21:22:40.174000+00:00,31.06,35.446,25.986,214.0,186.0,False,92.492,"[None, 2049, 2049, 2048, 2048, 2048, 2049, 2048, 2048]","[2049, 2048, 2048, 2048, 2048, 2048, 2048, 2048, 2048]","[2048, 2048, 2048, 2048, 2048, 2048, 2048]",316.0
1234,9507,23,50,2024-05-05T21:22:40.455000+00:00,31.517,35.401,25.837,212.0,184.0,False,92.755,"[None, 2048, 2048, 2048, 2049, 2048, 2048, 2048, 2048]","[2048, 2048, 2048, 2048, 2048, 2048, 2048, 2048, 2048]","[2048, 2048, 2048, 2048, 2048, 2048, 2048]",325.0
1234,9507,18,50,2024-05-05T21:22:41.620000+00:00,31.215,35.242,25.534,212.0,188.0,False,91.991,"[None, 2048, 2048, 2049, 2049, 2049, 2048, 2048, 2048]","[2048, 2048, 2048, 2048, 2048, 2048, 2048, 2048, 2048]","[2048, 2048, 2048, 2048, 2048, 2048, 2048]",334.0
1234,9507,24,50,2024-05-05T21:22:43.410000+00:00,31.256,35.515,25.751,214.0,187.0,False,92.522,"[None, 2048, 2048, 2048, 2048, 2048, 2048, 2048, 2048]","[2048, 2048, 2048, 2048, 2048, 2048, 2048, 2048, 2048]","[2048, 2048, 2048, 2048, 2049, 2048, 2048]",321.0
1234,9507,3,50,2024-05-05T21:22:43.694000+00:00,31.478,35.482,26.073,209.0,184.0,False,93.033,"[2048, 2048, 2048, 2049, 2049, 2049, 2048, 2049, 2048]","[2048, 2048, 2048, 2048, 2048, 2048, 2048, 2048, 2048]","[2048, 2048, 2048, 2048, 2048, 2048, 2049]",332.0
1234,9507,81,50,2024-05-05T21:22:44.447000+00:00,31.33,35.35,25.695,214.0,186.0,False,92.375,"[2049, 2048, 2048, 2048, 2048, 2048, 2048, 2048, 2048]","[2049, 2049, 2049, 2049, 2048, 2048, 2048, 2048, 2048]","[2049, 2048, 2049, 2048, 2048, 2048, 2048]",328.0
1234,9507,77,50,2024-05-05T21:22:46.475000+00:00,31.158,35.369,25.933,214.0,187.0,False,92.46,"[None, 2048, 2048, 2048, 2048, 2048, 2049, 2048, 2048]","[2048, 2048, 2048, 2048, 2048, 2048, 2048, 2049, 2048]","[2048, 2048, 2048, 2048, 2048, 2048, 2048]",318.0
1234,9507,20,50,2024-05-05T21:22:47.170000+00:00,31.373,35.288,25.734,212.0,184.0,False,92.395,"[None, 2048, 2048, 2048, 2048, 2048, 2048, 2048, 2048]","[2048, 2048, 2048, 2048, 2049, 2048, 2048, 2048, 2048]","[2048, 2048, 2048, 2048, 2048, 2048, 2049]",332.0
1234,9507,4,51,2024-05-05T21:23:35.711000+00:00,30.328,35.008,25.744,210.0,186.0,False,91.08,"[None, 2048, 2048, 2051, 2051, 2049, 2049, 2048, 2048]","[2048, 2048, 2048, 2048, 2048, 2048, 2048, 2048, 2048]","[2048, 2048, 2048, 2048, 2048, 2048, 2049]",312.0
1234,9507,1,51,2024-05-05T21:23:41.355000+00:00,30.587,34.98,25.717,214.0,188.0,False,91.284,"[None, 2048, 2048, 2048, 2049, 2049, 2049, 2049, 2048]","[2048, 2048, 2048, 2048, 2048, 2048, 2048, 2048, 2048]","[2049, 2048, 2048, 2048, 2048, 2048, 2049]",312.0
1234,9507,16,51,2024-05-05T21:23:43.927000+00:00,30.429,35.007,25.787,212.0,185.0,False,91.223,"[None, 2048, 2048, 2048, 2048, 2048, 2051, 2048, 2048]","[2048, 2048, 2048, 2048, 2048, 2048, 2048, 2049, 2048]","[2048, 2048, 2048, 2048, 2048, 2048, 2049]",311.0
1234,9507,55,51,2024-05-05T21:23:47.119000+00:00,30.511,34.806,25.722,213.0,186.0,False,91.039,"[None, 2048, 2048, 2048, 2049, 2048, 2049, 2049, 2048]","[2048, 2048, 2048, 2048, 2048, 2048, 2048, 2048, 2049]","[2048, 2048, 2048, 2048, 2048, 2048, 2049]",315.0
1234,9507,11,51,2024-05-05T21:23:49.826000+00:00,30.706,35.093,25.72,214.0,186.0,False,91.519,"[None, 2048, 2048, 2048, 2049, 2049, 2049, 2048, 2048]","[2048, 2048, 2048, 2048, 2048, 2048, 2048, 2048, 2048]","[2048, 2048, 2048, 2048, 2048, 2048, 2049]",317.0
1234,9507,44,51,2024-05-05T21:23:50.594000+00:00,30.649,35.215,25.636,212.0,185.0,False,91.5,"[2049, 2049, 2048, 2048, 2048, 2048, 2048, 2048, 2048]","[2048, 2048, 2048, 2048, 2048, 2048, 2048, 2048, 2048]","[2048, 2048, 2048, 2048, 2048, 2048]",318.0
1234,9507,22,51,2024-05-05T21:23:56.951000+00:00,30.859,35.247,25.964,214.0,186.0,False,92.07,"[None, 2048, 2048, 2048, 2048, 2048, 2048, 2048, 2048]","[2048, 2048, 2048, 2048, 2048, 2048, 2048, 2048, 2048]","[2048, 2048, 2048, 2048, 2048, 2048, 2049]",312.0
1234,9507,63,51,2024-05-05T21:24:01.644000+00:00,30.743,35.438,25.872,214.0,185.0,False,92.053,"[None, 2048, 2049, 2048, 2048, 2048, 2048, 2048, 2049]","[2048, 2048, 2048, 2048, 2048, 2048, 2048, 2048, 2048]","[2048, 2048, 2048, 2048, 2048, 2048, 2048]",315.0
1234,9507,14,51,2024-05-05T21:24:07.028000+00:00,30.796,35.335,25.866,212.0,185.0,False,91.997,"[None, 2048, 2048, 2048, 2048, 2049, 2049, 2048, 2049]","[2048, 2048, 2048, 2048, 2048, 2049, 2048, 2048, 2048]","[2048, 2048, 2048, 2048, 2048, 2048, 2048]",310.0
1234,9507,31,51,2024-05-05T21:24:08.546000+00:00,30.829,35.36,25.848,,184.0,False,92.037,"[None, 2048, 2048, 2048, 2048, 2048, 2049, 2048, 2049]","[2048, 2048, 2048, 2048, 2048, 2048, 2048, 2048, 2048]","[2048, 2048, 2048, 2048, 2048, 2048, 2049]",320.0
1234,9507,27,51,2024-05-05T21:24:09.502000+00:00,31.115,35.306,25.623,,186.0,False,92.044,"[None, 2048, 2048, 2048, 2049, 2048, 2048, 2048, 2048]","[2048, 2048, 2048, 2048, 2048, 2048, 2048, 2048, 2048]","[2048, 2048, 2048, 2049, 2048, 2048, 2048]",319.0
1234,9507,10,51,2024-05-05T21:24:12.583000+00:00,31.064,35.506,25.952,,184.0,False,92.522,"[None, 2048, 2049, 2049, 2049, 2049, 2048, 2048, 2048]","[2048, 2048, 2048, 2048, 2048, 2048, 2048, 2048, 2048]","[2048, 2048, 2048, 2048, 2048, 2048, 2049]",318.0
1234,9507,23,51,2024-05-05T21:24:13.245000+00:00,32.673,35.619,25.85,213.0,184.0,False,94.142,"[None, 2048, 2048, 2048, 2048, 2048, 2048, 2048, 2048]","[2048, 2048, 2048, 2048, 2048, 2048, 2048, 2048, 2048]","[2048, 2048, 2048, 2048, 2048, 2048, 2048]",331.0
1234,9507,18,51,2024-05-05T21:24:13.593000+00:00,32.559,35.838,25.554,217.0,189.0,False,93.951,"[None, 2048, 2048, 2048, 2048, 2048, 2048, 2048, 2048]","[2051, 2051, 2048, 2048, 2048, 2048, 2048, 2048, 2048]","[2051, 2048, 2048, 2048, 2048, 2048, 2048]",345.0
1234,9507,24,51,2024-05-05T21:24:15.826000+00:00,31.353,35.546,25.712,,185.0,False,92.611,"[None, 2048, 2049, 2048, 2048, 2048, 2049, 2048, 2048]","[2048, 2048, 2048, 2048, 2048, 2048, 2048, 2048, 2048]","[2048, 2048, 2048, 2048, 2048, 2048, 2048]",335.0
1234,9507,3,51,2024-05-05T21:24:16.743000+00:00,31.473,35.38,25.633,210.0,184.0,False,92.486,"[None, 2048, 2048, 2048, 2048, 2048, 2049, 2048, 2048]","[2048, 2048, 2048, 2048, 2048, 2048, 2048, 2048, 2048]","[2048, 2048, 2048, 2048, 2048, 2048, 2049]",334.0
1234,9507,81,51,2024-05-05T21:24:16.827000+00:00,31.961,35.313,25.575,213.0,185.0,False,92.849,"[2048, 2048, 2048, 2048, 2048, 2048, 2048, 2048, 2048]","[2048, 2048, 2048, 2048, 2048, 2048, 2048, 2048, 2048]","[2048, 2048, 2048, 2048, 2048, 2048, 2049]",334.0
1234,9507,77,51,2024-05-05T21:24:18.896000+00:00,31.268,35.468,25.93,213.0,186.0,False,92.666,"[None, 2048, 2048, 2048, 2049, 2048, 2048, 2049, 2048]","[2048, 2048, 2048, 2048, 2048, 2048, 2048, 2048, 2048]","[2048, 2048, 2048, 2048, 2048, 2048, 2049]",321.0
1234,9507,20,51,2024-05-05T21:24:19.615000+00:00,31.616,35.29,25.527,214.0,184.0,False,92.433,"[2049, 2048, 2048, 2048, 2049, 2048, 2048, 2048, 2048]","[2049, 2049, 2048, 2048, 2048, 2048, 2048, 2048, 2048]","[2048, 2049, 2049, 2048, 2048, 2048, 2049]",341.0
1234,9507,4,52,2024-05-05T21:25:06.840000+00:00,30.413,35.142,25.689,213.0,187.0,False,91.244,"[None, 2048, 2048, 2048, 2048, 2048, 2048, 2048, 2048]","[2048, 2048, 2048, 2048, 2048, 2048, 2048, 2048, 2048]","[2048, 2048, 2048, 2049, 2048, 2048, 2049]",317.0
1234,9507,1,52,2024-05-05T21:25:12.725000+00:00,30.619,35.113,25.696,212.0,186.0,False,91.428,"[None, 2049, 2048, 2048, 2048, 2049, 2048, 2048, 2048]","[2048, 2048, 2048, 2048, 2048, 2048, 2048, 2048, 2048]","[2048, 2048, 2048, 2048, 2048, 2048, 2049]",311.0
1234,9507,16,52,2024-05-05T21:25:15.198000+00:00,30.438,35.466,25.875,,185.0,False,91.779,"[None, 2048, 2048, 2048, 2049, 2048, 2048, 2048, 2048]","[2048, 2048, 2048, 2048, 2048, 2048, 2048, 2048, 2048]","[2048, 2048, 2048, 2048, 2048, 2048, 2048]",312.0
1234,9507,55,52,2024-05-05T21:25:18.229000+00:00,30.554,35.048,25.761,,186.0,False,91.363,"[None, 2048, 2048, 2048, 2048, 2048, 2048, 2049, 2048]","[2048, 2048, 2048, 2048, 2048, 2048, 2048, 2048, 2048]","[2048, 2048, 2048, 2048, 2049, 2048, 2048]",312.0
1234,9507,11,52,2024-05-05T21:25:21.406000+00:00,30.739,35.169,25.622,213.0,185.0,False,91.53,"[None, 2048, 2048, 2048, 2049, 2048, 2048, 2048, 2048]","[2048, 2048, 2048, 2048, 2048, 2048, 2048, 2048, 2048]","[2048, 2048, 2048, 2048, 2048, 2048, 2048]",318.0
1234,9507,44,52,2024-05-05T21:25:22.057000+00:00,30.881,35.207,25.608,213.0,185.0,False,91.696,"[2048, 2048, 2048, 2048, 2048, 2048, 2048, 2048, 2048]","[2048, 2048, 2048, 2048, 2048, 2048, 2048, 2048, 2048]","[2048, 2048, 2048, 2049, 2048, 2048, 2048]",314.0
1234,9507,22,52,2024-05-05T21:25:28.926000+00:00,30.834,35.237,25.952,216.0,186.0,False,92.023,"[None, 2048, 2048, 2048, 2048, 2048, 2048, 2049, 2048]","[2049, 2048, 2048, 2048, 2048, 2048, 2048, 2048, 2048]","[2048, 2048, 2048, 2048, 2048, 2048, 2048]",311.0
1234,9507,63,52,2024-05-05T21:25:33.610000+00:00,30.925,35.391,25.869,,185.0,False,92.185,"[None, 2048, 2048, 2048, 2048, 2048, 2048, 2048, 2048]","[2048, 2048, 2048, 2048, 2048, 2048, 2048, 2049, 2048]","[2048, 2048, 2048, 2048, 2048, 2048, 2048]",320.0
1234,9507,14,52,2024-05-05T21:25:39.100000+00:00,30.772,35.336,25.777,213.0,186.0,False,91.885,"[None, 2048, 2048, 2048, 2048, 2048, 2048, 2048, 2048]","[2048, 2048, 2048, 2048, 2048, 2048, 2048, 2049, 2048]","[2048, 2048, 2048, 2048, 2049, 2048, 2048]",309.0
1234,9507,31,52,2024-05-05T21:25:40.551000+00:00,31.023,35.215,25.866,214.0,185.0,False,92.104,"[None, 2048, 2048, 2048, 2048, 2048, 2048, 2048, 2048]","[2048, 2048, 2048, 2048, 2048, 2048, 2048, 2048, 2048]","[2048, 2048, 2048, 2048, 2048, 2048, 2048]",319.0
1234,9507,27,52,2024-05-05T21:25:41.702000+00:00,31.222,35.392,25.789,,185.0,False,92.403,"[None, 2048, 2048, 2048, 2048, 2049, 2049, 2048, 2048]","[2048, 2048, 2048, 2048, 2048, 2048, 2048, 2048, 2048]","[2048, 2048, 2048, 2049, 2048, 2048, 2048]",318.0
1234,9507,10,52,2024-05-05T21:25:45.113000+00:00,31.129,35.437,26.077,,185.0,False,92.643,"[None, 2048, 2048, 2048, 2048, 2048, 2048, 2048, 2048]","[2048, 2048, 2048, 2048, 2048, 2048, 2048, 2048, 2048]","[2048, 2048, 2048, 2048, 2048, 2048, 2048]",317.0
1234,9507,23,52,2024-05-05T21:25:47.381000+00:00,34.018,35.371,25.649,211.0,183.0,False,95.038,"[None, 2049, 2048, 2048, 2048, 2048, 2048, 2048, 2048]","[2049, 2048, 2048, 2048, 2048, 2048, 2048, 2048, 2048]","[2048, 2048, 2048, 2049, 2048, 2048, 2048]",345.0
1234,9507,18,52,2024-05-05T21:25:47.622000+00:00,31.902,35.518,25.786,216.0,188.0,False,93.206,"[None, 2048, 2048, 2048, 2048, 2048, 2048, 2049, 2048]","[2048, 2048, 2048, 2048, 2048, 2048, 2049, 2048, 2048]","[2048, 2048, 2048, 2048, 2048, 2048, 2048]",315.0
1234,9507,24,52,2024-05-05T21:25:48.373000+00:00,31.943,35.482,25.731,216.0,186.0,False,93.156,"[None, 2048, 2048, 2048, 2048, 2048, 2048, 2049, 2048]","[2048, 2048, 2048, 2048, 2048, 2048, 2048, 2048, 2048]","[2048, 2048, 2048, 2048, 2048, 2048, 2048]",331.0
1234,9507,3,52,2024-05-05T21:25:49.258000+00:00,32.464,35.616,25.637,211.0,184.0,False,93.717,"[None, 2048, 2048, 2048, 2048, 2048, 2048, 2048, 2048]","[2048, 2049, 2049, 2048, 2048, 2048, 2048, 2048, 2048]","[2049, 2048, 2048, 2049, 2048, 2048, 2048]",335.0
1234,9507,81,52,2024-05-05T21:25:49.610000+00:00,32.577,35.66,25.625,208.0,185.0,False,93.862,"[None, 2048, 2048, 2048, 2048, 2048, 2048, 2048, 2048]","[2048, 2048, 2048, 2048, 2048, 2048, 2048, 2048, 2048]","[2048, 2048, 2048, 2048, 2048, 2048, 2048]",308.0
1234,9507,77,52,2024-05-05T21:25:51.509000+00:00,31.41,35.542,25.653,210.0,186.0,False,92.605,"[None, 2048, 2048, 2048, 2049, 2048, 2049, 2049, 2048]","[2048, 2048, 2048, 2048, 2049, 2048, 2048, 2048, 2048]","[2049, 2049, 2049, 2048, 2048, 2048, 2048]",326.0
1234,9507,20,52,2024-05-05T21:25:52.043000+00:00,32.063,35.474,25.588,211.0,186.0,False,93.125,"[2048, 2048, 2048, 2048, 2048, 2048, 2048, 2048, 2048]","[2048, 2048, 2048, 2048, 2048, 2048, 2048, 2048, 2048]","[2049, 2049, 2049, 2048, 2048, 2048, 2048]",341.0
1234,9507,4,53,2024-05-05T21:26:38.055000+00:00,30.309,35.186,25.756,,187.0,False,91.251,"[None, 2048, 2048, 2049, 2048, 2048, 2049, 2048, 2048]","[2048, 2048, 2048, 2048, 2048, 2048, 2048, 2048, 2048]","[2048, 2048, 2048, 2048, 2048, 2048, 2048]",318.0
1234,9507,1,53,2024-05-05T21:26:44.128000+00:00,30.632,35.137,25.704,213.0,186.0,False,91.473,"[None, 2048, 2048, 2051, 2049, 2048, 2048, 2048, 2048]","[2048, 2048, 2048, 2048, 2048, 2048, 2048, 2048, 2048]","[2048, 2048, 2048, 2048, 2048, 2048, 2048]",313.0
1234,9507,16,53,2024-05-05T21:26:47.092000+00:00,30.403,35.268,25.784,209.0,184.0,False,91.455,"[None, 2048, 2048, 2049, 2049, 2048, 2048, 2048, 2048]","[2048, 2048, 2048, 2048, 2048, 2048, 2048, 2048, 2048]","[2048, 2048, 2048, 2048, 2048, 2048, 2048]",312.0
1234,9507,55,53,2024-05-05T21:26:49.667000+00:00,30.472,35.245,25.85,211.0,185.0,False,91.567,"[None, 2048, 2049, 2049, 2049, 2049, 2048, 2048, 2048]","[2048, 2048, 2048, 2048, 2048, 2048, 2048, 2048, 2048]","[2048, 2048, 2048, 2048, 2048, 2048, 2048]",315.0
1234,9507,11,53,2024-05-05T21:26:52.924000+00:00,30.534,35.149,25.633,214.0,186.0,False,91.316,"[None, 2049, 2048, 2048, 2048, 2048, 2048, 2049, 2048]","[2048, 2048, 2048, 2048, 2048, 2048, 2048, 2048, 2048]","[2048, 2048, 2048, 2048, 2048, 2048, 2048]",318.0
1234,9507,44,53,2024-05-05T21:26:53.776000+00:00,30.612,35.14,25.62,209.0,186.0,False,91.372,"[None, 2048, 2048, 2049, 2048, 2048, 2049, 2048, 2048]","[2048, 2048, 2048, 2048, 2048, 2048, 2048, 2048, 2048]","[2048, 2048, 2048, 2048, 2048, 2048, 2049]",320.0
1234,9507,22,53,2024-05-05T21:27:01.057000+00:00,30.736,35.315,25.904,214.0,185.0,False,91.955,"[None, 2048, 2048, 2049, 2049, 2048, 2048, 2048, 2048]","[2048, 2048, 2048, 2048, 2048, 2048, 2048, 2048, 2048]","[2048, 2048, 2048, 2048, 2048, 2048, 2049]",314.0
1234,9507,63,53,2024-05-05T21:27:05.893000+00:00,30.946,36.496,25.952,212.0,185.0,False,93.394,"[None, 2048, 2048, 2048, 2048, 2048, 2048, 2048, 2048]","[2048, 2048, 2048, 2048, 2048, 2048, 2048, 2048, 2048]","[2048, 2048, 2048, 2048, 2048, 2048, 2048]",320.0
1234,9507,14,53,2024-05-05T21:27:11.044000+00:00,30.742,35.425,25.99,208.0,185.0,False,92.157,"[None, 2048, 2048, 2049, 2049, 2049, 2048, 2048, 2048]","[2048, 2048, 2048, 2048, 2048, 2048, 2048, 2048, 2048]","[2048, 2048, 2048, 2048, 2048, 2048, 2048]",317.0
1234,9507,31,53,2024-05-05T21:27:12.590000+00:00,30.896,35.373,25.936,215.0,185.0,False,92.205,"[None, 2048, 2048, 2048, 2049, 2048, 2048, 2048, 2048]","[2048, 2048, 2048, 2048, 2048, 2048, 2048, 2048, 2048]","[2049, 2048, 2048, 2048, 2048, 2048, 2049]",320.0
1234,9507,27,53,2024-05-05T21:27:13.993000+00:00,31.106,35.714,25.714,215.0,185.0,False,92.534,"[None, 2048, 2049, 2048, 2048, 2048, 2049, 2048, 2048]","[2048, 2048, 2048, 2048, 2048, 2048, 2048, 2048, 2048]","[2048, 2048, 2048, 2048, 2048, 2048, 2048]",318.0
1234,9507,10,53,2024-05-05T21:27:17.702000+00:00,30.857,35.415,25.984,,186.0,False,92.256,"[None, 2048, 2049, 2048, 2049, 2049, 2048, 2048, 2049]","[2048, 2048, 2048, 2048, 2048, 2048, 2048, 2049, 2048]","[2048, 2048, 2048, 2048, 2048, 2048, 2048]",318.0
1234,9507,18,53,2024-05-05T21:27:20.700000+00:00,30.866,35.373,25.734,,187.0,False,91.973,"[None, 2048, 2049, 2048, 2048, 2049, 2048, 2049, 2048]","[2048, 2048, 2048, 2048, 2048, 2048, 2048, 2048, 2048]","[2048, 2048, 2048, 2048, 2048, 2048, 2048]",314.0
1234,9507,24,53,2024-05-05T21:27:21.572000+00:00,31.081,35.825,26.016,214.0,184.0,False,92.922,"[None, 2048, 2049, 2048, 2048, 2048, 2049, 2049, 2048]","[2048, 2048, 2048, 2048, 2048, 2048, 2048, 2048, 2048]","[2048, 2048, 2048, 2048, 2048, 2048, 2048]",314.0
1234,9507,23,53,2024-05-05T21:27:22.416000+00:00,32.009,42.442,32.246,210.0,177.0,False,106.697,"[None, 2048, 2048, 2048, 2048, 2048, 2048, 2048, 2048]","[2048, 2048, 2048, 2048, 2049, 2048, 2048, 2048, 2048]","[2048, 2048, 2048, 2048, 2048, 2048, 2064]",287.0
1234,9507,3,53,2024-05-05T21:27:22.885000+00:00,31.746,34.985,25.964,212.0,184.0,False,92.695,"[None, 2048, 2048, 2048, 2048, 2048, 2048, 2048, 2048]","[2049, 2049, 2049, 2049, 2048, 2048, 2048, 2048, 2048]","[2048, 2048, 2048, 2048, 2048, 2048, 2048]",314.0
1234,9507,81,53,2024-05-05T21:27:23.513000+00:00,31.675,35.281,25.654,210.0,185.0,False,92.61,"[2049, 2048, 2048, 2048, 2048, 2048, 2048, 2048, 2048]","[2048, 2048, 2048, 2048, 2048, 2048, 2048, 2048, 2048]","[2048, 2048, 2048, 2048, 2048, 2048, 2048]",328.0
1234,9507,77,53,2024-05-05T21:27:24.100000+00:00,31.584,35.488,25.781,211.0,186.0,False,92.853,"[2049, 2048, 2048, 2048, 2048, 2048, 2048, 2048, 2048]","[2048, 2048, 2049, 2049, 2048, 2048, 2048, 2048, 2048]","[2048, 2048, 2048, 2048, 2048, 2048, 2048]",328.0
1234,9507,20,53,2024-05-05T21:27:25.140000+00:00,31.37,35.617,25.717,,183.0,False,92.704,"[2049, 2048, 2048, 2048, 2049, 2048, 2048, 2048, 2048]","[2048, 2049, 2049, 2049, 2048, 2048, 2048, 2048, 2048]","[2048, 2048, 2048, 2048, 2048, 2048, 2048]",339.0
1234,9507,4,54,2024-05-05T21:28:09.279000+00:00,30.402,35.135,25.739,210.0,187.0,False,91.276,"[None, 2048, 2048, 2048, 2051, 2048, 2048, 2048, 2048]","[2048, 2048, 2048, 2048, 2048, 2048, 2048, 2048, 2048]","[2048, 2048, 2048, 2048, 2048, 2048, 2048]",316.0
1234,9507,1,54,2024-05-05T21:28:15.652000+00:00,30.627,35.09,25.829,216.0,188.0,False,91.546,"[None, 2048, 2048, 2048, 2049, 2048, 2048, 2048, 2048]","[2048, 2048, 2048, 2048, 2048, 2048, 2048, 2048, 2048]","[2048, 2048, 2048, 2048, 2048, 2048, 2048]",312.0
1234,9507,16,54,2024-05-05T21:28:18.516000+00:00,30.567,35.154,25.871,211.0,185.0,False,91.592,"[None, 2048, 2048, 2048, 2048, 2048, 2048, 2048, 2048]","[2048, 2048, 2048, 2048, 2048, 2048, 2048, 2048, 2048]","[2049, 2048, 2048, 2048, 2048, 2048, 2048]",312.0
1234,9507,55,54,2024-05-05T21:28:21.107000+00:00,30.429,35.075,25.821,212.0,186.0,False,91.325,"[None, 2048, 2048, 2048, 2049, 2048, 2049, 2048, 2048]","[2048, 2048, 2048, 2048, 2048, 2048, 2048, 2048, 2048]","[2048, 2048, 2048, 2048, 2048, 2048, 2049]",315.0
1234,9507,11,54,2024-05-05T21:28:24.276000+00:00,30.488,35.035,25.655,216.0,187.0,False,91.178,"[None, 2048, 2048, 2048, 2049, 2048, 2048, 2049, 2048]","[2048, 2048, 2048, 2048, 2048, 2048, 2048, 2048, 2048]","[2048, 2048, 2048, 2048, 2048, 2048, 2049]",319.0
1234,9507,44,54,2024-05-05T21:28:25.142000+00:00,30.51,35.044,25.679,211.0,186.0,False,91.233,"[None, 2049, 2048, 2048, 2049, 2051, 2049, 2048, 2048]","[2048, 2048, 2048, 2048, 2048, 2048, 2048, 2048, 2048]","[2048, 2048, 2048, 2048, 2048, 2048, 2049]",325.0
1234,9507,22,54,2024-05-05T21:28:32.958000+00:00,30.671,35.288,25.934,,186.0,False,91.893,"[None, 2048, 2048, 2049, 2048, 2049, 2049, 2048, 2049]","[2048, 2048, 2048, 2048, 2048, 2048, 2048, 2048, 2048]","[2048, 2048, 2048, 2048, 2048, 2048, 2048]",314.0
1234,9507,63,54,2024-05-05T21:28:39.358000+00:00,30.907,35.605,26.025,214.0,186.0,False,92.537,"[None, 2048, 2048, 2048, 2048, 2048, 2049, 2049, 2048]","[2048, 2048, 2048, 2048, 2048, 2048, 2048, 2048, 2048]","[2048, 2048, 2048, 2048, 2048, 2048, 2048]",322.0
1234,9507,14,54,2024-05-05T21:28:43.106000+00:00,30.653,35.301,25.779,209.0,187.0,False,91.733,"[None, 2048, 2048, 2048, 2048, 2048, 2048, 2049, 2048]","[2048, 2048, 2048, 2048, 2048, 2048, 2049, 2048, 2048]","[2048, 2048, 2048, 2048, 2048, 2048, 2048]",318.0
1234,9507,31,54,2024-05-05T21:28:44.847000+00:00,30.863,35.454,25.95,213.0,184.0,False,92.267,"[None, 2048, 2048, 2049, 2049, 2048, 2048, 2048, 2048]","[2048, 2048, 2048, 2048, 2048, 2048, 2048, 2048, 2048]","[2048, 2048, 2048, 2048, 2048, 2048, 2048]",318.0
1234,9507,27,54,2024-05-05T21:28:46.573000+00:00,31.078,35.424,25.685,,185.0,False,92.187,"[None, 2048, 2048, 2049, 2049, 2048, 2048, 2048, 2048]","[2048, 2048, 2048, 2048, 2048, 2048, 2048, 2048, 2048]","[2048, 2048, 2048, 2048, 2048, 2048, 2048]",318.0
1234,9507,10,54,2024-05-05T21:28:50.041000+00:00,30.991,35.367,25.927,211.0,185.0,False,92.285,"[None, 2049, 2048, 2048, 2048, 2048, 2049, 2048, 2049]","[2048, 2048, 2048, 2048, 2048, 2048, 2048, 2048, 2049]","[2048, 2048, 2048, 2048, 2048, 2048, 2048]",317.0
1234,9507,18,54,2024-05-05T21:28:52.772000+00:00,30.943,35.129,25.67,217.0,189.0,False,91.742,"[None, 2048, 2048, 2048, 2049, 2049, 2048, 2048, 2048]","[2048, 2048, 2048, 2048, 2048, 2049, 2048, 2048, 2049]","[2048, 2048, 2048, 2048, 2048, 2048, 2048]",320.0
1234,9507,24,54,2024-05-05T21:28:54.492000+00:00,31.084,35.468,25.905,,187.0,False,92.457,"[None, 2048, 2048, 2048, 2049, 2049, 2048, 2048, 2048]","[2048, 2048, 2048, 2048, 2048, 2048, 2049, 2048, 2048]","[2048, 2048, 2048, 2049, 2048, 2048, 2048]",312.0
1234,9507,3,54,2024-05-05T21:28:55.523000+00:00,31.08,35.342,26.313,209.0,186.0,False,92.735,"[None, 2048, 2048, 2048, 2048, 2049, 2049, 2049, 2048]","[2048, 2048, 2048, 2048, 2048, 2048, 2048, 2048, 2048]","[2048, 2048, 2048, 2048, 2048, 2048, 2049]",334.0
1234,9507,81,54,2024-05-05T21:28:56.057000+00:00,31.311,35.21,25.411,,187.0,False,91.932,"[2048, 2048, 2048, 2048, 2048, 2048, 2048, 2048, 2048]","[2048, 2048, 2048, 2048, 2048, 2048, 2048, 2048, 2048]","[2049, 2048, 2049, 2048, 2048, 2048, 2048]",351.0
1234,9507,77,54,2024-05-05T21:28:56.938000+00:00,31.247,35.276,25.803,210.0,186.0,False,92.326,"[2048, 2048, 2048, 2048, 2049, 2048, 2048, 2048, 2048]","[2048, 2048, 2048, 2048, 2049, 2048, 2048, 2048, 2048]","[2048, 2048, 2048, 2048, 2048, 2048, 2048]",333.0
1234,9507,20,54,2024-05-05T21:28:57.708000+00:00,31.545,35.345,25.865,212.0,184.0,False,92.755,"[2048, 2048, 2048, 2048, 2048, 2048, 2048, 2048, 2048]","[2048, 2048, 2048, 2048, 2048, 2048, 2048, 2048, 2048]","[2048, 2048, 2048, 2048, 2048, 2048, 2048]",321.0
1234,9507,23,54,2024-05-05T21:29:09.067000+00:00,46.449,34.839,25.61,214.0,188.0,True,106.898,"[2064, 2064, 2064, 2048, 2048, 2048, 2048, 2048, 2049]","[2048, 2048, 2048, 2048, 2048, 2049, 2048, 2048, 2051]","[2049, 2048, 2048, 2049, 2048, 2049, 2048]",318.0
1234,9507,4,55,2024-05-05T21:29:40.487000+00:00,30.413,34.898,25.669,214.0,187.0,False,90.98,"[None, 2048, 2048, 2048, 2048, 2048, 2048, 2049, 2048]","[2048, 2048, 2048, 2048, 2048, 2048, 2048, 2048, 2048]","[2049, 2048, 2048, 2048, 2048, 2048, 2048]",317.0
1234,9507,1,55,2024-05-05T21:29:47.161000+00:00,30.725,34.948,25.735,214.0,188.0,False,91.408,"[None, 2048, 2048, 2048, 2048, 2048, 2048, 2048, 2048]","[2048, 2048, 2048, 2048, 2048, 2048, 2048, 2048, 2048]","[2049, 2048, 2048, 2048, 2048, 2048, 2049]",314.0
1234,9507,16,55,2024-05-05T21:29:50.007000+00:00,30.505,35.032,25.744,214.0,186.0,False,91.281,"[None, 2048, 2048, 2048, 2049, 2048, 2048, 2048, 2048]","[2048, 2048, 2048, 2048, 2048, 2048, 2048, 2048, 2048]","[2049, 2048, 2048, 2048, 2048, 2048, 2048]",316.0
1234,9507,55,55,2024-05-05T21:29:52.466000+00:00,30.417,34.86,25.651,214.0,186.0,False,90.928,"[None, 2048, 2048, 2048, 2049, 2048, 2048, 2048, 2048]","[2048, 2048, 2048, 2048, 2048, 2048, 2048, 2048, 2048]","[2048, 2048, 2048, 2048, 2048, 2048, 2049]",318.0
1234,9507,11,55,2024-05-05T21:29:55.455000+00:00,30.505,34.766,25.584,,186.0,False,90.855,"[None, 2048, 2048, 2049, 2049, 2049, 2048, 2048, 2048]","[2048, 2048, 2048, 2048, 2048, 2048, 2048, 2049, 2048]","[2049, 2048, 2048, 2048, 2048, 2048, 2049]",317.0
1234,9507,44,55,2024-05-05T21:29:56.484000+00:00,30.536,35.068,25.65,,187.0,False,91.254,"[None, 2048, 2048, 2048, 2049, 2048, 2049, 2048, 2048]","[2048, 2048, 2048, 2048, 2048, 2048, 2048, 2048, 2048]","[2049, 2048, 2048, 2049, 2048, 2048, 2048]",317.0
1234,9507,22,55,2024-05-05T21:30:04.972000+00:00,30.792,35.088,25.802,216.0,186.0,False,91.682,"[None, 2048, 2048, 2048, 2048, 2048, 2049, 2048, 2048]","[2048, 2048, 2048, 2048, 2048, 2048, 2048, 2048, 2048]","[2049, 2048, 2048, 2048, 2048, 2048, 2048]",314.0
1234,9507,63,55,2024-05-05T21:30:11.726000+00:00,30.723,35.397,25.91,213.0,186.0,False,92.03,"[None, 2048, 2048, 2049, 2048, 2048, 2049, 2048, 2048]","[2048, 2048, 2048, 2048, 2048, 2048, 2048, 2048, 2048]","[2049, 2048, 2048, 2048, 2048, 2048, 2048]",320.0
1234,9507,14,55,2024-05-05T21:30:14.887000+00:00,30.7,35.199,25.828,208.0,186.0,False,91.727,"[None, 2048, 2048, 2048, 2048, 2048, 2048, 2048, 2048]","[2048, 2048, 2048, 2048, 2048, 2048, 2048, 2048, 2048]","[2048, 2048, 2048, 2048, 2048, 2048, 2048]",314.0
1234,9507,31,55,2024-05-05T21:30:17.265000+00:00,30.942,35.345,25.859,215.0,185.0,False,92.146,"[None, 2048, 2049, 2048, 2048, 2048, 2048, 2048, 2048]","[2048, 2048, 2048, 2048, 2048, 2048, 2048, 2048, 2048]","[2049, 2048, 2048, 2048, 2048, 2048, 2048]",315.0
1234,9507,27,55,2024-05-05T21:30:18.737000+00:00,31.068,35.276,25.701,213.0,186.0,False,92.045,"[None, 2048, 2048, 2048, 2048, 2048, 2048, 2048, 2048]","[2048, 2048, 2048, 2048, 2048, 2048, 2048, 2048, 2048]","[2048, 2048, 2048, 2048, 2048, 2048, 2048]",318.0
1234,9507,10,55,2024-05-05T21:30:22.212000+00:00,31.042,35.348,25.936,209.0,186.0,False,92.326,"[None, 2048, 2049, 2048, 2048, 2048, 2049, 2048, 2048]","[2048, 2048, 2048, 2048, 2048, 2048, 2048, 2048, 2048]","[2049, 2048, 2048, 2048, 2048, 2048, 2048]",318.0
1234,9507,18,55,2024-05-05T21:30:24.526000+00:00,30.898,35.14,25.594,214.0,187.0,False,91.632,"[None, 2048, 2048, 2048, 2048, 2048, 2049, 2049, 2048]","[2048, 2048, 2048, 2048, 2048, 2049, 2048, 2049, 2048]","[2048, 2048, 2048, 2048, 2049, 2048, 2048]",320.0
1234,9507,24,55,2024-05-05T21:30:27.046000+00:00,31.11,35.311,25.749,213.0,187.0,False,92.17,"[None, 2048, 2048, 2048, 2048, 2048, 2048, 2048, 2048]","[2048, 2048, 2048, 2048, 2048, 2048, 2049, 2049, 2048]","[2048, 2048, 2048, 2048, 2048, 2048, 2048]",325.0
1234,9507,81,55,2024-05-05T21:30:27.951000+00:00,30.878,35.143,25.644,213.0,185.0,False,91.665,"[None, 2048, 2048, 2048, 2048, 2048, 2048, 2048, 2048]","[2048, 2048, 2048, 2048, 2048, 2048, 2048, 2048, 2048]","[2048, 2048, 2048, 2048, 2048, 2048, 2048]",315.0
1234,9507,3,55,2024-05-05T21:30:28.330000+00:00,31.454,35.076,25.669,207.0,185.0,False,92.199,"[None, 2048, 2048, 2048, 2048, 2048, 2048, 2049, 2048]","[2048, 2048, 2048, 2048, 2048, 2049, 2048, 2048, 2048]","[2048, 2048, 2048, 2048, 2048, 2048, 2048]",330.0
1234,9507,77,55,2024-05-05T21:30:29.358000+00:00,31.325,35.176,25.597,213.0,186.0,False,92.098,"[None, 2048, 2048, 2048, 2048, 2048, 2048, 2048, 2048]","[2048, 2048, 2048, 2048, 2049, 2048, 2048, 2048, 2048]","[2048, 2048, 2048, 2048, 2048, 2048, 2049]",337.0
1234,9507,20,55,2024-05-05T21:30:30.588000+00:00,31.339,35.258,25.763,213.0,183.0,False,92.36,"[None, 2048, 2048, 2048, 2048, 2048, 2048, 2048, 2048]","[2048, 2048, 2048, 2048, 2048, 2048, 2048, 2048, 2048]","[2048, 2048, 2048, 2048, 2048, 2048, 2048]",321.0
1234,9507,23,55,2024-05-05T21:30:56.030000+00:00,30.981,34.425,25.443,216.0,188.0,False,90.849,"[2048, 2048, 2049, 2049, 2048, 2048, 2048, 2048, 2048]","[2049, 2048, 2048, 2048, 2048, 2049, 2049, 2049, 2048]","[2049, 2048, 2048, 2049, 2049, 2048, 2048]",323.0
1234,9507,4,56,2024-05-05T21:31:11.509000+00:00,30.452,34.938,25.65,213.0,187.0,False,91.04,"[None, 2048, 2048, 2048, 2048, 2048, 2048, 2048, 2048]","[2048, 2048, 2048, 2048, 2048, 2048, 2048, 2048, 2048]","[2048, 2048, 2048, 2048, 2048, 2048, 2049]",318.0
1234,9507,1,56,2024-05-05T21:31:18.575000+00:00,30.749,34.993,25.748,215.0,188.0,False,91.49,"[None, 2048, 2048, 2048, 2048, 2048, 2048, 2048, 2048]","[2048, 2048, 2048, 2048, 2048, 2048, 2048, 2048, 2048]","[2048, 2048, 2048, 2048, 2048, 2048, 2048]",311.0
1234,9507,16,56,2024-05-05T21:31:21.354000+00:00,30.383,35.017,25.684,213.0,187.0,False,91.084,"[None, 2048, 2048, 2049, 2049, 2051, 2048, 2048, 2048]","[2049, 2048, 2048, 2048, 2048, 2048, 2048, 2048, 2048]","[2049, 2048, 2048, 2048, 2048, 2048, 2049]",317.0
1234,9507,55,56,2024-05-05T21:31:23.450000+00:00,30.624,34.782,25.656,213.0,186.0,False,91.062,"[None, 2048, 2048, 2048, 2049, 2048, 2048, 2048, 2048]","[2048, 2048, 2048, 2048, 2048, 2048, 2048, 2048, 2049]","[2048, 2048, 2048, 2048, 2048, 2048, 2048]",319.0
1234,9507,11,56,2024-05-05T21:31:26.339000+00:00,30.62,35.024,25.65,215.0,186.0,False,91.294,"[None, 2048, 2048, 2049, 2049, 2048, 2048, 2049, 2048]","[2048, 2048, 2048, 2048, 2048, 2048, 2048, 2048, 2048]","[2048, 2048, 2048, 2048, 2048, 2048, 2048]",322.0
1234,9507,44,56,2024-05-05T21:31:27.767000+00:00,30.615,35.073,25.741,214.0,186.0,False,91.429,"[None, 2048, 2048, 2048, 2048, 2048, 2048, 2048, 2048]","[2048, 2048, 2048, 2048, 2048, 2048, 2048, 2048, 2048]","[2048, 2048, 2048, 2048, 2048, 2048, 2048]",316.0
1234,9507,22,56,2024-05-05T21:31:36.537000+00:00,30.857,35.164,25.801,214.0,187.0,False,91.822,"[None, 2048, 2048, 2048, 2048, 2048, 2048, 2048, 2048]","[2048, 2048, 2048, 2048, 2048, 2048, 2049, 2048, 2048]","[2048, 2048, 2048, 2049, 2048, 2048, 2048]",315.0
1234,9507,63,56,2024-05-05T21:31:43.761000+00:00,30.804,35.509,26.066,,184.0,False,92.379,"[None, 2048, 2048, 2048, 2048, 2049, 2048, 2048, 2048]","[2048, 2048, 2048, 2048, 2048, 2048, 2048, 2048, 2048]","[2048, 2048, 2048, 2048, 2048, 2048, 2048]",322.0
1234,9507,14,56,2024-05-05T21:31:46.578000+00:00,30.795,35.417,25.919,211.0,184.0,False,92.131,"[None, 2048, 2048, 2048, 2048, 2048, 2048, 2048, 2048]","[2048, 2048, 2048, 2048, 2048, 2049, 2048, 2048, 2048]","[2048, 2048, 2048, 2048, 2048, 2048, 2048]",310.0
1234,9507,31,56,2024-05-05T21:31:49.312000+00:00,30.969,35.325,25.842,216.0,185.0,False,92.136,"[None, 2048, 2048, 2048, 2048, 2048, 2048, 2049, 2048]","[2049, 2048, 2048, 2048, 2048, 2048, 2048, 2048, 2048]","[2048, 2048, 2048, 2048, 2048, 2048, 2048]",316.0
1234,9507,27,56,2024-05-05T21:31:50.807000+00:00,31.108,35.246,25.587,212.0,187.0,False,91.941,"[None, 2048, 2049, 2048, 2048, 2048, 2048, 2048, 2048]","[2048, 2048, 2048, 2048, 2048, 2049, 2048, 2048, 2048]","[2049, 2048, 2048, 2048, 2048, 2048, 2048]",313.0
1234,9507,10,56,2024-05-05T21:31:54.592000+00:00,30.999,35.221,25.835,214.0,186.0,False,92.055,"[None, 2048, 2048, 2048, 2049, 2048, 2049, 2048, 2048]","[2049, 2048, 2048, 2048, 2048, 2048, 2049, 2048, 2048]","[2048, 2048, 2048, 2049, 2048, 2048, 2048]",323.0
1234,9507,18,56,2024-05-05T21:31:56.164000+00:00,30.995,35.082,25.516,,189.0,False,91.593,"[None, 2048, 2048, 2048, 2048, 2048, 2048, 2048, 2048]","[2048, 2048, 2048, 2048, 2048, 2049, 2048, 2048, 2048]","[2048, 2048, 2048, 2048, 2048, 2048, 2048]",326.0
1234,9507,24,56,2024-05-05T21:31:59.131000+00:00,30.989,35.292,25.71,214.0,186.0,False,91.991,"[None, 2048, 2048, 2048, 2049, 2048, 2049, 2048, 2048]","[2048, 2048, 2048, 2048, 2048, 2048, 2049, 2048, 2048]","[2048, 2048, 2048, 2049, 2048, 2048, 2048]",320.0
1234,9507,81,56,2024-05-05T21:31:59.713000+00:00,31.051,35.296,25.707,212.0,186.0,False,92.054,"[None, 2048, 2048, 2048, 2048, 2048, 2048, 2048, 2048]","[2048, 2048, 2048, 2048, 2048, 2048, 2048, 2048, 2048]","[2048, 2048, 2048, 2048, 2048, 2048, 2048]",342.0
1234,9507,3,56,2024-05-05T21:32:00.531000+00:00,31.321,35.264,25.829,204.0,185.0,False,92.414,"[None, 2048, 2048, 2048, 2048, 2049, 2049, 2049, 2048]","[2048, 2048, 2048, 2048, 2048, 2048, 2049, 2048, 2048]","[2048, 2048, 2048, 2048, 2048, 2048, 2048]",320.0
1234,9507,77,56,2024-05-05T21:32:01.447000+00:00,31.181,35.497,25.759,214.0,187.0,False,92.437,"[2049, 2048, 2048, 2048, 2048, 2048, 2048, 2048, 2048]","[2048, 2048, 2048, 2048, 2048, 2048, 2048, 2048, 2048]","[2049, 2048, 2048, 2048, 2048, 2048, 2048]",332.0
1234,9507,20,56,2024-05-05T21:32:02.905000+00:00,31.515,35.439,25.827,212.0,184.0,False,92.781,"[None, 2048, 2048, 2048, 2048, 2048, 2048, 2048, 2048]","[2048, 2048, 2048, 2048, 2048, 2048, 2048, 2048, 2048]","[2048, 2048, 2048, 2048, 2048, 2048, 2048]",320.0
1234,9507,23,56,2024-05-05T21:32:26.865000+00:00,31.01,34.624,26.429,215.0,178.0,False,92.063,"[None, 2048, 2048, 2048, 2048, 2049, 2048, 2048, 2048]","[2048, 2048, 2048, 2048, 2048, 2048, 2049, 2048, 2048]","[2048, 2048, 2048, 2048, 2048, 2048, 2048]",305.0
1234,9507,4,57,2024-05-05T21:32:42.598000+00:00,30.59,35.034,25.951,211.0,187.0,False,91.575,"[None, 2048, 2048, 2048, 2048, 2048, 2048, 2048, 2048]","[2048, 2048, 2048, 2048, 2048, 2048, 2048, 2048, 2048]","[2048, 2048, 2048, 2048, 2048, 2048, 2048]",315.0
1234,9507,1,57,2024-05-05T21:32:50.069000+00:00,30.817,35.101,25.781,,188.0,False,91.699,"[None, 2048, 2048, 2048, 2048, 2048, 2048, 2048, 2048]","[2048, 2048, 2048, 2048, 2048, 2048, 2048, 2048, 2048]","[2048, 2048, 2048, 2048, 2048, 2048, 2048]",313.0
1234,9507,16,57,2024-05-05T21:32:52.631000+00:00,30.674,35.135,25.82,212.0,185.0,False,91.629,"[None, 2048, 2048, 2048, 2048, 2048, 2048, 2048, 2048]","[2048, 2048, 2048, 2048, 2048, 2048, 2048, 2048, 2048]","[2048, 2048, 2048, 2048, 2048, 2048, 2048]",318.0
1234,9507,55,57,2024-05-05T21:32:54.397000+00:00,30.573,34.833,25.694,212.0,186.0,False,91.1,"[None, 2048, 2048, 2048, 2048, 2048, 2048, 2049, 2048]","[2048, 2048, 2048, 2048, 2048, 2048, 2048, 2048, 2049]","[2048, 2048, 2048, 2048, 2048, 2048, 2048]",317.0
1234,9507,11,57,2024-05-05T21:32:57.521000+00:00,30.624,34.871,25.728,214.0,187.0,False,91.223,"[None, 2048, 2048, 2048, 2048, 2049, 2048, 2048, 2048]","[2048, 2048, 2048, 2048, 2048, 2048, 2048, 2048, 2048]","[2049, 2048, 2048, 2048, 2048, 2049, 2048]",323.0
1234,9507,44,57,2024-05-05T21:32:59.061000+00:00,30.73,35.192,25.701,,186.0,False,91.623,"[None, 2048, 2048, 2048, 2048, 2048, 2048, 2048, 2048]","[2048, 2048, 2048, 2048, 2048, 2048, 2048, 2048, 2048]","[2049, 2048, 2048, 2048, 2048, 2048, 2048]",324.0
1234,9507,22,57,2024-05-05T21:33:08.431000+00:00,30.873,35.161,25.923,215.0,186.0,False,91.957,"[None, 2048, 2048, 2048, 2048, 2048, 2049, 2048, 2048]","[2048, 2048, 2048, 2048, 2048, 2048, 2048, 2048, 2048]","[2049, 2048, 2048, 2048, 2048, 2048, 2048]",313.0
1234,9507,63,57,2024-05-05T21:33:16.217000+00:00,30.984,35.698,26.057,,185.0,False,92.739,"[None, 2048, 2048, 2048, 2048, 2048, 2048, 2048, 2048]","[2048, 2048, 2048, 2048, 2048, 2048, 2048, 2048, 2048]","[2048, 2048, 2048, 2048, 2048, 2048, 2048]",320.0
1234,9507,14,57,2024-05-05T21:33:18.704000+00:00,30.824,35.621,26.091,,186.0,False,92.536,"[None, 2048, 2048, 2048, 2049, 2049, 2048, 2048, 2048]","[2048, 2048, 2048, 2048, 2048, 2049, 2048, 2048, 2048]","[2048, 2048, 2048, 2048, 2048, 2048, 2048]",286.0
1234,9507,31,57,2024-05-05T21:33:21.497000+00:00,31.245,35.296,25.926,,184.0,False,92.467,"[None, 2048, 2048, 2048, 2048, 2048, 2049, 2048, 2048]","[2048, 2048, 2048, 2048, 2048, 2048, 2048, 2048, 2048]","[2048, 2048, 2048, 2048, 2048, 2048, 2048]",316.0
1234,9507,27,57,2024-05-05T21:33:22.788000+00:00,31.216,35.232,25.739,216.0,186.0,False,92.187,"[None, 2048, 2048, 2048, 2048, 2048, 2049, 2048, 2048]","[2049, 2048, 2048, 2048, 2048, 2049, 2048, 2048, 2048]","[2048, 2048, 2048, 2048, 2048, 2048, 2048]",329.0
1234,9507,10,57,2024-05-05T21:33:26.637000+00:00,31.145,35.328,25.947,,183.0,False,92.42,"[None, 2048, 2048, 2048, 2049, 2048, 2048, 2048, 2048]","[2048, 2048, 2048, 2048, 2048, 2048, 2048, 2048, 2048]","[2048, 2048, 2048, 2048, 2048, 2048, 2048]",324.0
1234,9507,18,57,2024-05-05T21:33:27.830000+00:00,30.954,35.173,25.461,,188.0,False,91.588,"[None, 2048, 2048, 2048, 2048, 2048, 2049, 2048, 2048]","[2048, 2048, 2048, 2048, 2048, 2048, 2048, 2048, 2048]","[2049, 2048, 2048, 2048, 2048, 2048, 2048]",345.0
1234,9507,24,57,2024-05-05T21:33:31.086000+00:00,31.144,35.576,26.264,215.0,187.0,False,92.984,"[None, 2048, 2048, 2049, 2049, 2049, 2048, 2048, 2048]","[2048, 2048, 2048, 2048, 2048, 2048, 2048, 2048, 2048]","[2049, 2048, 2048, 2048, 2048, 2048, 2048]",261.0
1234,9507,81,57,2024-05-05T21:33:31.762000+00:00,31.193,35.351,25.606,215.0,188.0,False,92.15,"[None, 2048, 2048, 2048, 2048, 2048, 2048, 2048, 2048]","[2048, 2048, 2048, 2048, 2048, 2048, 2048, 2048, 2048]","[2051, 2049, 2048, 2048, 2048, 2048]",335.0
1234,9507,3,57,2024-05-05T21:33:32.919000+00:00,31.171,35.148,25.803,211.0,185.0,False,92.122,"[None, 2048, 2049, 2049, 2048, 2048, 2048, 2048, 2048]","[2048, 2048, 2048, 2048, 2048, 2049, 2048, 2048, 2048]","[2049, 2048, 2048, 2048, 2048, 2048]",328.0
1234,9507,77,57,2024-05-05T21:33:33.915000+00:00,31.371,35.641,25.607,210.0,187.0,False,92.619,"[2048, 2048, 2048, 2048, 2049, 2049, 2048, 2048, 2048]","[2048, 2048, 2048, 2048, 2048, 2048, 2048, 2048, 2048]","[2049, 2048, 2048, 2048, 2048, 2048, 2048]",333.0
1234,9507,20,57,2024-05-05T21:33:35.722000+00:00,31.736,35.64,25.758,210.0,183.0,False,93.134,"[None, 2048, 2048, 2048, 2048, 2048, 2048, 2048, 2048]","[2048, 2048, 2048, 2048, 2048, 2048, 2048, 2048, 2048]","[2048, 2048, 2048, 2048, 2048, 2048, 2048]",319.0
1234,9507,23,57,2024-05-05T21:33:58.946000+00:00,31.288,34.59,25.394,216.0,188.0,False,91.272,"[None, 2049, 2049, 2048, 2048, 2048, 2048, 2048, 2048]","[2049, 2048, 2048, 2048, 2048, 2048, 2048, 2048, 2048]","[2049, 2048, 2048, 2048, 2049, 2048, 2048]",328.0
1234,9507,4,58,2024-05-05T21:34:14.328000+00:00,,,,,,False,,"[None, 2048, 2048, 2048, 2048, 2048, 2048, 0, 0]","[2048, 2048, 2048, 2048, 2048, 2048, 2048, 2048, 2048]",[2048],
