meeting_key,session_key,driver_number,lap_number,date_start,duration_sector_1,duration_sector_2,duration_sector_3,i1_speed,i2_speed,is_pit_out_lap,lap_duration,segments_sector_1,segments_sector_2,segments_sector_3,st_speed
1236,9516,44,1,,25.815,39.539,22.44,167.0,173.0,True,87.794,"[2064, 2051, 2051, 2049, 2049, 2051]","[2051, 2049, 2051, 2051, 2051, 2049, 2051, 2051, 2051, 2051]","[2051, 2051, 2051, 2051, 2051]",252.0
1236,9516,20,1,,28.999,42.016,22.988,146.0,167.0,True,94.003,"[2064, 2049, 2049, 2049, 2049, 2049]","[2049, 2049, 2049, 2049, 2049, 2049, 2049, 2049, 2049, 2049]","[2049, 2049, 2049, 2049, 2049]",255.0
1236,9516,63,1,2024-05-24T11:30:14.309000+00:00,30.064,41.98,23.694,147.0,166.0,True,95.738,"[2064, 2049, 2049, 2049, 2049, 2049]","[2049, 2049, 2049, 2049, 2049, 2049, 2049, 2049, 2049, 2049]","[2049, 2049, 2049, 2051, 2049]",250.0
1236,9516,2,1,2024-05-24T11:30:20.545000+00:00,32.359,41.663,23.905,148.0,151.0,True,97.927,"[2064, 2049, 2049, 2049, 2049, 2049]","[2049, 2049, 2049, 2049, 2049, 2049, 2049, 2049, 2049, 2049]","[2049, 2049, 2049, 2049, 2049]",260.0
1236,9516,27,1,2024-05-24T11:30:21.447000+00:00,32.211,42.568,24.628,145.0,162.0,True,99.407,"[2064, 2049, 2049, 2049, 2049, 2049]","[2049, 2049, 2049, 2049, 2049, 2049, 2049, 2049, 2049, 2049]","[2049, 2049, 2049, 2049, 2049]",248.0
1236,9516,1,1,2024-05-24T11:30:26.327000+00:00,28.052,49.466,24.512,148.0,171.0,True,102.03,"[2064, 2049, 2049, 2049, 2049, 2049]","[2049, 2049, 2049, 2049, 2049, 2049, 2051, 2049, 2049, 2049]","[2051, 2051, 2049, 2049, 2051]",260.0
1236,9516,10,1,2024-05-24T11:30:34.849000+00:00,28.832,42.685,24.886,144.0,159.0,True,96.403,"[2064, 2049, 2049, 2049, 2049, 2049]","[2049, 2049, 2049, 2049, 2049, 2049, 2049, 2049, 2049, 2049]","[2049, 2049, 2049, 2049, 2049]",246.0
1236,9516,3,1,2024-05-24T11:30:39.150000+00:00,29.429,41.9,26.592,140.0,156.0,True,97.921,"[2064, 2049, 2049, 2049, 2049, 2049]","[2049, 2049, 2049, 2049, 2049, 2049, 2049, 2049, 2049, 2049]","[2049, 2049, 2049, 2049, 2049]",257.0
1236,9516,81,1,2024-05-24T11:30:46.037000+00:00,30.526,41.408,24.928,173.0,166.0,True,96.862,"[2064, 2049, 2049, 2049, 2049, 2049]","[2049, 2049, 2049, 2049, 2049, 2049, 2049, 2049, 2049, 2049]","[2049, 2049, 2049, 2049, 2051]",258.0
1236,9516,22,1,2024-05-24T11:30:52.935000+00:00,33.686,45.27,23.017,162.0,156.0,True,101.973,"[2064, 2049, 2049, 2049, 2049, 2049]","[2049, 2049, 2049, 2049, 2049, 2049, 2049, 2049, 2049, 2049]","[2049, 2049, 2049, 2051, 2049]",235.0
1236,9516,31,1,2024-05-24T11:30:59.705000+00:00,32.818,42.791,25.207,140.0,155.0,True,100.816,"[2064, 2049, 2049, 2049, 2049, 2049]","[2049, 2049, 2049, 2049, 2049, 2049, 2049, 2049, 2049, 2049]","[2049, 2049, 2049, 2049, 2049]",242.0
1236,9516,24,1,2024-05-24T11:31:05.704000+00:00,33.226,44.317,24.98,120.0,158.0,True,102.523,"[2064, 2049, 2049, 2049, 2049, 2049]","[2049, 2049, 2049, 2049, 2049, 2049, 2049, 2049, 2049, 2049]","[2049, 2049, 2049, 2049]",246.0
1236,9516,4,1,2024-05-24T11:31:19.047000+00:00,28.115,45.107,24.59,154.0,159.0,True,97.812,"[2064, 2049, 2049, 2049, 2049, 2049]","[2049, 2049, 2049, 2049, 2049, 2049, 2049, 2049, 2049, 2049]","[2049, 2049, 2049, 2049, 2051]",264.0
1236,9516,77,1,2024-05-24T11:31:22.143000+00:00,29.153,44.204,24.177,50.0,166.0,True,97.534,"[2064, 2049, 2049, 2049, 2049, 2049]","[2049, 2049, 2049, 2049, 2049, 2049, 2049, 2049, 2049, 2049]","[2049, 2049, 2049, 2049, 2049]",253.0
1236,9516,16,1,2024-05-24T11:31:28.633000+00:00,31.189,44.253,25.64,149.0,159.0,True,101.082,"[2064, 2049, 2049, 2049, 2049, 2049]","[2049, 2049, 2049, 2049, 2049, 2049, 2049, 2049, 2049, 2049]","[2049, 2049, 2049, 2049, 2049]",258.0
1236,9516,44,2,2024-05-24T11:31:31.516000+00:00,20.693,36.459,21.749,200.0,182.0,False,78.901,"[2051, 2051, 2049, 2049, 2051, 2049]","[2049, 2049, 2051, 2051, 2051, 2049, 2049, 2051, 2051, 2051]","[2051, 2051, 2051, 2048, 2049]",274.0
1236,9516,11,1,2024-05-24T11:31:38.645000+00:00,27.293,42.203,23.752,150.0,151.0,True,93.248,"[2064, 2049, 2049, 2049, 2049, 2049]","[2049, 2049, 2049, 2049, 2049, 2049, 2049, 2049, 2049, 2049]","[2049, 2049, 2049, 2049, 2049]",267.0
1236,9516,20,2,2024-05-24T11:31:40.770000+00:00,21.582,37.384,23.195,195.0,182.0,False,82.161,"[2049, 2049, 2049, 2049, 2049, 2049]","[2049, 2049, 2049, 2049, 2049, 2049, 2049, 2049, 2049, 2049]","[2049, 2049, 2049, 2048, 2051]",275.0
1236,9516,55,1,2024-05-24T11:31:43.269000+00:00,32.975,43.046,23.482,147.0,164.0,True,99.503,"[2064, 2049, 2049, 2049, 2049, 2049]","[2049, 2049, 2049, 2049, 2049, 2049, 2049, 2049, 2049, 2049]","[2049, 2049, 2049, 2049, 2049]",258.0
1236,9516,18,1,2024-05-24T11:31:48.168000+00:00,38.751,43.367,22.566,137.0,164.0,True,104.684,"[2064, 2049, 2049, 2049, 2049, 2049]","[2049, 2049, 2049, 2049, 2049, 2049, 2049, 2049, 2049, 2049]","[2049, 2049, 2049, 2049, 2049]",255.0
1236,9516,63,2,2024-05-24T11:31:49.245000+00:00,22.441,38.512,21.902,183.0,178.0,False,82.855,"[2049, 2049, 2049, 2049, 2049, 2049]","[2049, 2049, 2049, 2049, 2049, 2049, 2049, 2049, 2049, 2049]","[2049, 2049, 2049, 2051]",270.0
1236,9516,2,2,2024-05-24T11:31:57.588000+00:00,21.654,37.456,21.261,185.0,179.0,False,80.371,"[2049, 2049, 2049, 2049, 2049, 2049]","[2049, 2049, 2049, 2049, 2049, 2049, 2049, 2049, 2049, 2049]","[2049, 2049, 2049, 2049, 2049]",271.0
1236,9516,27,2,2024-05-24T11:32:00.143000+00:00,21.709,37.415,23.261,193.0,175.0,False,82.385,"[2049, 2049, 2049, 2049, 2049, 2049]","[2049, 2049, 2049, 2049, 2049, 2051, 2051, 2049, 2048, 2049]","[2049, 2049, 2049, 2049]",279.0
1236,9516,1,2,2024-05-24T11:32:07.450000+00:00,20.929,36.583,20.537,197.0,185.0,False,78.049,"[2049, 2049, 2049, 2049, 2049, 2049]","[2049, 2049, 2049, 2049, 2049, 2049, 2049, 2049, 2051, 2049]","[2051, 2051, 2051, 2051, 2049]",274.0
1236,9516,10,2,2024-05-24T11:32:10.513000+00:00,22.539,38.306,23.507,171.0,172.0,False,84.352,"[2049, 2049, 2049, 2049, 2049, 2049]","[2049, 2049, 2049, 2049, 2049, 2049, 2049, 2049, 2049, 2049]","[2049, 2049, 2049, 2049, 2049]",274.0
1236,9516,3,2,2024-05-24T11:32:16.493000+00:00,21.827,37.597,22.108,192.0,177.0,False,81.532,"[2049, 2049, 2049, 2049, 2049, 2049]","[2049, 2049, 2049, 2049, 2049, 2049, 2049, 2049, 2049, 2049]","[2049, 2049, 2049, 2049]",271.0
1236,9516,81,2,2024-05-24T11:32:22.007000+00:00,21.009,36.433,20.56,207.0,188.0,False,78.002,"[2049, 2049, 2049, 2049, 2049, 2049]","[2051, 2051, 2049, 2049, 2051, 2049, 2049, 2051, 2049, 2049]","[2049, 2049, 2051, 2051]",274.0
1236,9516,14,1,2024-05-24T11:32:26.450000+00:00,26.809,42.869,23.307,157.0,164.0,True,92.985,"[2064, 2049, 2049, 2049, 2049, 2049]","[2049, 2049, 2049, 2049, 2049, 2049, 2049, 2049, 2049, 2049]","[2049, 2049, 2049, 2049, 2049]",203.0
1236,9516,22,2,2024-05-24T11:32:33.974000+00:00,21.46,37.717,21.019,179.0,181.0,False,80.196,"[2049, 2049, 2049, 2049, 2049, 2049]","[2049, 2049, 2049, 2049, 2049, 2049, 2049, 2049, 2049, 2049]","[2049, 2049, 2049, 2049]",270.0
1236,9516,31,2,2024-05-24T11:32:39.713000+00:00,22.844,38.859,22.038,169.0,174.0,False,83.741,"[2049, 2049, 2049, 2049, 2049, 2049]","[2049, 2049, 2049, 2049, 2049, 2049, 2049, 2049, 2049, 2049]","[2049, 2049, 2049, 2049]",268.0
1236,9516,24,2,2024-05-24T11:32:47.758000+00:00,21.914,37.658,21.45,189.0,181.0,False,81.022,"[2049, 2049, 2049, 2049, 2049, 2049]","[2049, 2049, 2049, 2049, 2049, 2049, 2049, 2049, 2049, 2049]","[2049, 2049, 2049, 2049, 2049]",270.0
1236,9516,44,3,2024-05-24T11:32:50.357000+00:00,20.224,36.945,26.437,202.0,180.0,False,83.606,"[2049, 2051, 2049, 2051, 2049, 2051]","[2049, 2049, 2049, 2049, 2048, 2049, 2048, 2049, 2048, 2048]","[2048, 2048, 2048, 2048, 2049]",278.0
1236,9516,4,2,2024-05-24T11:32:56.189000+00:00,20.973,36.648,20.775,199.0,185.0,False,78.396,"[2049, 2049, 2049, 2049, 2049, 2049]","[2049, 2049, 2051, 2049, 2049, 2049, 2049, 2049, 2049, 2049]","[2049, 2049, 2049, 2049, 2051]",275.0
1236,9516,77,2,2024-05-24T11:32:59.283000+00:00,20.737,36.652,20.694,200.0,182.0,False,78.083,"[2049, 2049, 2049, 2049, 2049, 2049]","[2049, 2049, 2049, 2049, 2049, 2049, 2049, 2049, 2051, 2049]","[2049, 2051, 2049, 2049, 2049]",272.0
1236,9516,20,3,2024-05-24T11:33:02.936000+00:00,20.55,37.207,20.643,203.0,182.0,False,78.4,"[2049, 2049, 2049, 2049, 2049, 2049]","[2049, 2049, 2049, 2051, 2049, 2049, 2051, 2048, 2048, 2049]","[2049, 2049, 2049, 2051, 2049]",278.0
1236,9516,16,2,2024-05-24T11:33:08.950000+00:00,20.951,36.971,20.764,199.0,181.0,False,78.686,"[2049, 2049, 2049, 2049, 2049, 2049]","[2049, 2049, 2049, 2049, 2049, 2049, 2049, 2049, 2049, 2049]","[2049, 2049, 2049, 2049, 2049]",274.0
1236,9516,11,2,2024-05-24T11:33:11.236000+00:00,21.927,38.157,21.526,173.0,179.0,False,81.61,"[2049, 2049, 2049, 2049, 2049, 2049]","[2049, 2049, 2049, 2049, 2049, 2049, 2049, 2049, 2049, 2049]","[2049, 2049, 2049, 2049, 2049]",274.0
1236,9516,63,3,2024-05-24T11:33:11.832000+00:00,25.087,38.406,23.056,148.0,181.0,False,86.549,"[None, 2049, 2048, 2048, 2048, 2048]","[2048, 2048, 2049, 2049, 2049, 2049, 2049, 2049, 2049, 2049]","[2049, 2049, 2048, 2048, 2051]",273.0
1236,9516,2,3,2024-05-24T11:33:17.898000+00:00,20.774,38.882,23.518,189.0,145.0,False,83.174,"[None, 2049, 2049, 2049, 2049, 2049]","[2049, 2048, 2049, 2048, 2048, 2049, 2048, 2049, 2048, 2048]","[2048, 2048, 2048, 2048, 2049]",276.0
1236,9516,55,2,2024-05-24T11:33:21.913000+00:00,21.175,36.814,26.282,190.0,186.0,False,84.271,"[2049, 2049, 2049, 2049, 2049, 2049]","[2049, 2049, 2049, 2049, 2049, 2049, 2049, 2049, 2049, 2049]","[2049, 2049, 2048, 2048, 2049]",274.0
1236,9516,27,3,2024-05-24T11:33:22.404000+00:00,21.239,37.634,26.342,194.0,156.0,False,85.215,"[None, 2049, 2049, 2049, 2049, 2049]","[2049, 2049, 2049, 2048, 2049, 2051, 2048, 2048, 2049, 2048]","[2048, 2048, 2048, 2048, 2049]",282.0
1236,9516,1,3,2024-05-24T11:33:25.484000+00:00,25.065,49.473,25.911,83.0,164.0,False,100.449,"[2048, 2048, 2048, 2048, 2048, 2048]","[2048, 2048, 2048, 2048, 2048, 2048, 2048, 2048, 2048, 2048]","[2048, 2048, 2048, 2048, 2048]",243.0
1236,9516,18,2,2024-05-24T11:33:30.856000+00:00,20.857,36.777,20.818,200.0,181.0,False,78.452,"[2049, 2049, 2049, 2049, 2049, 2049]","[2049, 2049, 2049, 2049, 2049, 2049, 2049, 2051, 2049, 2049]","[2049, 2049, 2051, 2049]",274.0
1236,9516,23,1,2024-05-24T11:33:31.758000+00:00,28.65,42.876,25.292,102.0,166.0,True,96.818,"[2064, 2049, 2049, 2049, 2049, 2049]","[2049, 2049, 2049, 2049, 2049, 2049, 2049, 2049, 2049, 2049]","[2049, 2049, 2049, 2049, 2049]",244.0
1236,9516,10,3,2024-05-24T11:33:34.867000+00:00,21.425,37.085,21.202,183.0,180.0,False,79.712,"[None, 2049, 2049, 2049, 2049, 2049]","[2049, 2049, 2049, 2049, 2049, 2049, 2049, 2049, 2049, 2049]","[2049, 2049, 2049, 2049]",275.0
1236,9516,3,3,2024-05-24T11:33:37.940000+00:00,21.165,36.945,24.639,191.0,169.0,False,82.749,"[None, 2049, 2049, 2049, 2049, 2049]","[2049, 2049, 2049, 2049, 2049, 2049, 2049, 2049, 2049, 2049]","[2048, 2048, 2048, 2049, 2049]",276.0
1236,9516,81,3,2024-05-24T11:33:39.835000+00:00,20.291,44.897,25.839,208.0,120.0,False,91.027,"[2049, 2049, 2049, 2049, 2049, 2049]","[2049, 2049, 2048, 2048, 2048, 2048, 2048, 2048, 2048, 2048]","[2048, 2048, 2048, 2048, 2048]",240.0
1236,9516,22,3,2024-05-24T11:33:54.028000+00:00,20.315,36.196,20.716,201.0,188.0,False,77.227,"[2049, 2049, 2049, 2049, 2049, 2049]","[2049, 2049, 2051, 2049, 2049, 2049, 2049, 2049, 2049, 2051]","[2049, 2051, 2048, 2048, 2049]",270.0
1236,9516,14,2,2024-05-24T11:33:58.787000+00:00,21.51,37.852,21.75,182.0,178.0,False,81.112,"[2049, 2049, 2049, 2049, 2049, 2049]","[2049, 2049, 2049, 2049, 2049, 2049, 2049, 2049, 2049, 2049]","[2049, 2049, 2049, 2049, 2049]",273.0
1236,9516,31,3,2024-05-24T11:34:03.467000+00:00,21.498,37.142,21.12,184.0,183.0,False,79.76,"[None, 2049, 2049, 2049, 2049, 2049]","[2049, 2049, 2049, 2049, 2049, 2049, 2049, 2049, 2049, 2049]","[2049, 2049, 2049, 2049]",269.0
1236,9516,24,3,2024-05-24T11:34:08.436000+00:00,21.052,36.905,21.116,199.0,184.0,False,79.073,"[None, 2049, 2049, 2049, 2049, 2049]","[2049, 2049, 2049, 2049, 2049, 2049, 2048, 2049, 2049, 2049]","[2049, 2049, 2049, 2049]",272.0
1236,9516,44,4,2024-05-24T11:34:14.180000+00:00,19.92,35.868,20.269,208.0,186.0,False,76.057,"[2049, 2049, 2048, 2051, 2049, 2049]","[2049, 2049, 2049, 2049, 2051, 2048, 2049, 2048, 2048, 2048]","[2049, 2051, 2049, 2051, 2049]",275.0
1236,9516,4,3,2024-05-24T11:34:14.454000+00:00,26.76,39.839,21.014,109.0,183.0,False,87.613,"[2048, 2048, 2048, 2048, 2048, 2048]","[2048, 2048, 2048, 2048, 2048, 2048, 2048, 2048, 2048, 2049]","[2048, 2049, 2048, 2049, 2051]",261.0
1236,9516,77,3,2024-05-24T11:34:17.364000+00:00,20.546,36.096,20.499,204.0,184.0,False,77.141,"[None, 2049, 2048, 2049, 2048, 2048]","[2049, 2049, 2049, 2049, 2049, 2048, 2049, 2049, 2048, 2049]","[2049, 2049, 2051, 2049, 2048]",271.0
1236,9516,20,4,2024-05-24T11:34:21.203000+00:00,20.105,35.692,20.314,207.0,190.0,False,76.111,"[2049, 2051, 2049, 2049, 2049, 2049]","[2049, 2049, 2049, 2049, 2049, 2049, 2048, 2049, 2049, 2051]","[2051, 2049, 2049, 2048]",278.0
1236,9516,16,3,2024-05-24T11:34:27.592000+00:00,19.881,35.837,20.23,211.0,188.0,False,75.948,"[2051, 2049, 2049, 2049, 2049, 2049]","[2049, 2049, 2049, 2049, 2049, 2049, 2049, 2048, 2049, 2049]","[2049, 2049, 2049, 2051]",275.0
1236,9516,11,3,2024-05-24T11:34:32.746000+00:00,20.842,36.115,20.78,192.0,188.0,False,77.737,"[None, 2049, 2049, 2049, 2049, 2049]","[2049, 2049, 2049, 2049, 2049, 2049, 2049, 2049, 2049, 2049]","[2049, 2049, 2049, 2049, 2049]",276.0
1236,9516,63,4,2024-05-24T11:34:38.595000+00:00,21.035,36.366,20.643,196.0,188.0,False,78.044,"[None, 2049, 2049, 2049, 2049, 2049]","[2049, 2049, 2049, 2049, 2049, 2049, 2049, 2049, 2049, 2049]","[2049, 2049, 2049, 2049, 2051]",275.0
1236,9516,2,4,2024-05-24T11:34:41.163000+00:00,20.634,36.193,20.73,198.0,183.0,False,77.557,"[None, 2049, 2049, 2049, 2048, 2049]","[2049, 2049, 2049, 2049, 2049, 2049, 2048, 2049, 2049, 2049]","[2049, 2049, 2049, 2049]",276.0
1236,9516,55,3,2024-05-24T11:34:46.099000+00:00,20.484,35.698,20.245,200.0,192.0,False,76.427,"[None, 2049, 2049, 2049, 2049, 2049]","[2049, 2049, 2049, 2049, 2049, 2048, 2048, 2049, 2049, 2049]","[2049, 2049, 2051, 2049]",273.0
1236,9516,27,4,2024-05-24T11:34:47.792000+00:00,20.304,35.901,20.337,206.0,186.0,False,76.542,"[None, 2049, 2051, 2049, 2049, 2049]","[2049, 2049, 2049, 2049, 2049, 2048, 2048, 2049, 2049, 2049]","[2049, 2049, 2049, 2049]",280.0
1236,9516,18,3,2024-05-24T11:34:49.197000+00:00,20.255,35.858,20.336,207.0,186.0,False,76.449,"[None, 2049, 2049, 2049, 2049, 2049]","[2049, 2049, 2049, 2049, 2049, 2049, 2049, 2051, 2051, 2049]","[2049, 2049, 2049, 2049]",277.0
1236,9516,10,4,2024-05-24T11:34:54.466000+00:00,20.721,36.107,20.528,196.0,186.0,False,77.356,"[None, 2049, 2049, 2049, 2049, 2049]","[2049, 2049, 2049, 2049, 2049, 2049, 2049, 2049, 2049, 2049]","[2049, 2049, 2049, 2049]",276.0
1236,9516,3,4,2024-05-24T11:35:00.758000+00:00,20.587,35.991,20.595,205.0,189.0,False,77.173,"[2048, 2049, 2049, 2049, 2049, 2049]","[2049, 2051, 2049, 2049, 2049, 2048, 2048, 2049, 2049, 2049]","[2049, 2049, 2049, 2049]",274.0
1236,9516,1,4,2024-05-24T11:35:05.973000+00:00,20.154,35.585,19.886,201.0,191.0,False,75.625,"[2049, 2049, 2049, 2049, 2049, 2049]","[2049, 2049, 2049, 2049, 2049, 2049, 2049, 2049, 2049, 2051]","[2051, 2051, 2051, 2051, 2049]",277.0
1236,9516,23,2,2024-05-24T11:35:07.993000+00:00,21.831,37.277,21.041,179.0,182.0,False,80.149,"[2049, 2049, 2049, 2049, 2049, 2049]","[2049, 2049, 2049, 2049, 2049, 2049, 2049, 2049, 2049, 2049]","[2049, 2049, 2049, 2049]",273.0
1236,9516,81,4,2024-05-24T11:35:11.034000+00:00,19.845,36.753,26.759,212.0,151.0,False,83.357,"[None, 2049, 2049, 2049, 2049, 2051]","[2049, 2048, 2049, 2048, 2048, 2049, 2048, 2049, 2049, 2048]","[2048, 2048, 2048, 2048, 2048]",279.0
1236,9516,22,4,2024-05-24T11:35:11.352000+00:00,23.281,39.696,22.966,165.0,170.0,False,85.943,"[2048, 2048, 2048, 2048, 2048, 2048]","[2048, 2048, 2048, 2048, 2048, 2048, 2048, 2048, 2048, 2048]","[2048, 2048, 2048, 2048, 2048]",265.0
1236,9516,14,3,2024-05-24T11:35:19.956000+00:00,20.543,36.061,21.11,199.0,183.0,False,77.714,"[None, 2049, 2049, 2049, 2049, 2049]","[2049, 2049, 2049, 2049, 2049, 2049, 2049, 2049, 2049, 2049]","[2049, 2049, 2049, 2048]",276.0
1236,9516,31,4,2024-05-24T11:35:23.162000+00:00,20.737,36.338,20.55,196.0,185.0,False,77.625,"[None, 2049, 2049, 2049, 2049, 2049]","[2049, 2049, 2049, 2049, 2049, 2049, 2049, 2049, 2048, 2049]","[2049, 2049, 2049, 2049, 2049]",270.0
1236,9516,24,4,2024-05-24T11:35:27.593000+00:00,20.635,36.322,20.669,206.0,189.0,False,77.626,"[None, 2049, 2049, 2049, 2049, 2049]","[2049, 2049, 2049, 2049, 2049, 2049, 2048, 2049, 2049, 2049]","[2049, 2049, 2049, 2049, 2049]",272.0
1236,9516,44,5,2024-05-24T11:35:30.144000+00:00,19.706,35.672,23.054,209.0,186.0,False,78.432,"[None, 2049, 2049, 2051, 2051, 2049]","[2048, 2049, 2049, 2049, 2048, 2049, 2048, 2049, 2049, 2049]","[2048, 2048, 2048, 2048, 2048]",279.0
1236,9516,77,4,2024-05-24T11:35:34.450000+00:00,20.188,35.874,20.297,209.0,185.0,False,76.359,"[None, 2049, 2049, 2049, 2049, 2049]","[2049, 2049, 2049, 2049, 2049, 2048, 2049, 2048, 2048, 2049]","[2048, 2048, 2049, 2049]",272.0
1236,9516,20,5,2024-05-24T11:35:37.373000+00:00,19.998,35.708,20.307,206.0,191.0,False,76.013,"[None, 2048, 2049, 2049, 2048, 2049]","[2048, 2049, 2049, 2048, 2048, 2049, 2048, 2049, 2049, 2049]","[2049, 2048, 2048, 2051]",278.0
1236,9516,4,4,2024-05-24T11:35:42.248000+00:00,19.949,35.284,20.061,209.0,191.0,False,75.294,"[2049, 2049, 2049, 2049, 2049, 2049]","[2049, 2049, 2051, 2051, 2049, 2049, 2049, 2049, 2049, 2049]","[2049, 2051, 2049, 2049, 2048]",277.0
1236,9516,16,4,2024-05-24T11:35:43.409000+00:00,20.976,39.843,23.137,181.0,165.0,False,83.956,"[2048, 2049, 2049, 2048, 2048, 2048]","[2048, 2048, 2048, 2048, 2048, 2048, 2048, 2048, 2048, 2048]","[2048, 2048, 2048, 2048, 2049]",250.0
1236,9516,11,4,2024-05-24T11:35:50.520000+00:00,20.315,36.688,23.653,201.0,151.0,False,80.656,"[None, 2049, 2049, 2049, 2049, 2049]","[2049, 2049, 2049, 2049, 2049, 2049, 2049, 2051, 2048, 2048]","[2048, 2048, 2048, 2048, 2049]",277.0
1236,9516,63,5,2024-05-24T11:35:56.584000+00:00,20.38,35.993,21.848,204.0,190.0,False,78.221,"[None, 2049, 2049, 2049, 2049, 2049]","[2049, 2049, 2049, 2049, 2049, 2049, 2049, 2048, 2048, 2049]","[2049, 2049, 2048, 2048, 2048]",275.0
1236,9516,2,5,2024-05-24T11:35:58.520000+00:00,20.345,35.876,20.272,203.0,182.0,False,76.493,"[None, 2049, 2049, 2049, 2049, 2049]","[2049, 2049, 2049, 2049, 2048, 2048, 2048, 2048, 2048, 2049]","[2049, 2049, 2049, 2049]",275.0
1236,9516,55,4,2024-05-24T11:36:02.376000+00:00,19.928,35.562,20.119,203.0,192.0,False,75.609,"[None, 2049, 2049, 2049, 2049, 2049]","[2049, 2048, 2049, 2049, 2048, 2048, 2049, 2048, 2048, 2051]","[2049, 2049, 2048, 2049, 2049]",274.0
1236,9516,27,5,2024-05-24T11:36:04.181000+00:00,25.081,50.454,28.108,121.0,136.0,False,103.643,"[2048, 2048, 2048, 2048, 2048, 2048]","[2048, 2048, 2048, 2048, 2048, 2048, 2048, 2048, 2048, 2048]","[2048, 2048, 2048, 2048, 2048]",198.0
1236,9516,18,4,2024-05-24T11:36:05.611000+00:00,23.518,36.321,20.268,165.0,190.0,False,80.107,"[2048, 2048, 2048, 2048, 2048, 2048]","[2048, 2048, 2049, 2049, 2049, 2048, 2049, 2048, 2048, 2049]","[2049, 2049, 2049, 2048, 2048]",275.0
1236,9516,10,5,2024-05-24T11:36:11.843000+00:00,20.14,35.769,,204.0,189.0,False,544.905,"[None, 2049, 2049, 2049, 2049, 2049]","[2048, 2049, 2049, 2049, 2049, 2049, 2049, 2049, 2049, 2049]","[2049, 2048, 2048, 2064, 2064]",276.0
1236,9516,3,5,2024-05-24T11:36:17.917000+00:00,20.284,35.552,20.339,207.0,192.0,False,76.175,"[2049, 2049, 2049, 2049, 2049, 2049]","[2049, 2048, 2049, 2049, 2048, 2048, 2049, 2048, 2049, 2049]","[2049, 2049, 2049, 2049]",273.0
1236,9516,1,5,2024-05-24T11:36:21.450000+00:00,25.751,50.907,21.188,95.0,167.0,False,97.846,"[2048, 2048, 2048, 2048, 2048, 2048]","[2048, 2048, 2048, 2048, 2048, 2048, 2048, 2048, 2048, 2048]","[2048, 2048, 2048, 2048, 2048]",192.0
1236,9516,23,3,2024-05-24T11:36:27.909000+00:00,20.696,36.42,20.496,202.0,185.0,False,77.612,"[None, 2049, 2049, 2049, 2049, 2049]","[2049, 2049, 2049, 2049, 2049, 2049, 2049, 2049, 2049, 2049]","[2049, 2049, 2049, 2049]",272.0
1236,9516,81,5,2024-05-24T11:36:34.384000+00:00,19.743,35.104,19.847,215.0,193.0,False,74.694,"[None, 2049, 2048, 2049, 2049, 2051]","[2051, 2051, 2049, 2049, 2049, 2048, 2049, 2049, 2049, 2051]","[2051, 2051, 2051, 2049, 2049]",275.0
1236,9516,22,5,2024-05-24T11:36:37.348000+00:00,20.02,35.652,20.226,207.0,192.0,False,75.898,"[None, 2049, 2049, 2049, 2049, 2049]","[2049, 2049, 2051, 2049, 2049, 2049, 2048, 2049, 2049, 2049]","[2049, 2049, 2049, 2049]",273.0
1236,9516,14,4,2024-05-24T11:36:37.448000+00:00,22.274,39.397,26.092,178.0,172.0,False,87.763,"[2048, 2048, 2048, 2048, 2048, 2048]","[2048, 2048, 2048, 2048, 2048, 2048, 2048, 2048, 2048, 2048]","[2048, 2048, 2048, 2048, 2049]",263.0
1236,9516,31,5,2024-05-24T11:36:40.736000+00:00,20.658,41.62,28.12,182.0,163.0,False,90.398,"[None, 2049, 2049, 2049, 2048, 2048]","[2048, 2048, 2048, 2048, 2048, 2048, 2048, 2048, 2048, 2048]","[2048, 2048, 2048, 2048, 2048]",250.0
1236,9516,24,5,2024-05-24T11:36:45.238000+00:00,29.923,49.618,30.282,95.0,140.0,False,109.823,"[2048, 2048, 2048, 2048, 2048, 2048]","[2048, 2048, 2048, 2048, 2048, 2048, 2048, 2048, 2048, 2048]","[2048, 2048, 2048, 2048, 2048]",252.0
1236,9516,44,6,2024-05-24T11:36:48.561000+00:00,22.116,39.417,26.898,178.0,151.0,False,88.431,"[2048, 2048, 2048, 2048, 2048, 2048]","[2048, 2048, 2048, 2048, 2048, 2048, 2048, 2048, 2048, 2048]","[2048, 2048, 2048, 2048]",253.0
1236,9516,77,5,2024-05-24T11:36:50.831000+00:00,25.927,56.206,28.324,99.0,161.0,False,110.457,"[2048, 2048, 2048, 2048, 2048, 2048]","[2048, 2048, 2048, 2048, 2048, 2048, 2048, 2048, 2048, 2048]","[2048, 2048, 2048, 2048, 2048]",248.0
1236,9516,20,6,2024-05-24T11:36:54.063000+00:00,20.175,42.861,59.861,191.0,154.0,False,122.897,"[None, 2049, 2049, 2048, 2048, 2048]","[2048, 2048, 2048, 2048, 2048, 2048, 2048, 2048, 2048, 2048]","[2048, 2048, 2048, 2064, 2064]",255.0
1236,9516,4,5,2024-05-24T11:36:57.452000+00:00,19.691,38.139,24.942,211.0,147.0,False,82.772,"[2049, 2049, 2049, 2049, 2049, 2049]","[2048, 2048, 2049, 2048, 2048, 2049, 2049, 2048, 2048, 2048]","[2048, 2048, 2048, 2048, 2048]",278.0
1236,9516,16,5,2024-05-24T11:37:07.449000+00:00,19.524,35.257,19.74,213.0,191.0,False,74.521,"[2051, 2049, 2049, 2049, 2051, 2049]","[2049, 2049, 2049, 2049, 2049, 2049, 2049, 2049, 2048, 2049]","[2049, 2051, 2049, 2051, 2049]",276.0
1236,9516,11,5,2024-05-24T11:37:11.255000+00:00,20.225,35.834,20.481,204.0,188.0,False,76.54,"[2048, 2048, 2048, 2049, 2049, 2049]","[2049, 2048, 2048, 2048, 2049, 2049, 2048, 2048, 2049, 2049]","[2049, 2049, 2049, 2049, 2049]",277.0
1236,9516,63,6,2024-05-24T11:37:14.881000+00:00,20.218,35.701,20.224,205.0,191.0,False,76.143,"[None, 2051, 2049, 2049, 2049, 2049]","[2049, 2049, 2049, 2049, 2049, 2049, 2049, 2048, 2049, 2049]","[2049, 2048, 2049, 2049, 2049]",276.0
1236,9516,2,6,2024-05-24T11:37:15.083000+00:00,28.041,47.761,28.434,141.0,127.0,False,104.236,"[2048, 2048, 2048, 2048, 2048, 2048]","[2048, 2048, 2048, 2048, 2048, 2048, 2048, 2048, 2048, 2048]","[2048, 2048, 2048, 2048, 2048]",246.0
1236,9516,55,5,2024-05-24T11:37:18.070000+00:00,24.589,46.556,26.536,155.0,151.0,False,97.681,"[2048, 2048, 2048, 2048, 2048, 2048]","[2048, 2048, 2048, 2048, 2048, 2048, 2048, 2048, 2048, 2048]","[2048, 2048, 2048, 2048, 2048]",193.0
1236,9516,18,5,2024-05-24T11:37:25.849000+00:00,19.701,39.135,21.582,212.0,181.0,False,80.418,"[2049, 2049, 2048, 2049, 2049, 2049]","[2049, 2048, 2048, 2048, 2048, 2048, 2048, 2048, 2048, 2048]","[2048, 2048, 2048, 2048]",242.0
1236,9516,3,6,2024-05-24T11:37:33.948000+00:00,29.296,51.733,25.241,153.0,84.0,False,106.27,"[2048, 2048, 2048, 2048, 2048, 2048]","[2048, 2048, 2048, 2048, 2048, 2048, 2048, 2048, 2048, 2048]","[2048, 2048, 2048, 2048, 2048]",192.0
1236,9516,23,4,2024-05-24T11:37:45.579000+00:00,20.163,35.993,20.295,,187.0,False,76.451,"[None, 2049, 2048, 2049, 2049, 2049]","[2049, 2049, 2048, 2049, 2049, 2048, 2049, 2049, 2049, 2049]","[2049, 2048, 2049, 2049]",271.0
1236,9516,27,6,2024-05-24T11:37:47.970000+00:00,31.212,42.881,65.677,90.0,169.0,False,139.77,"[None, 2048, 2048, 2048, 2048, 2048]","[2048, 2048, 2048, 2048, 2048, 2048, 2048, 2048, 2048, 2048]","[2048, 2048, 2048, 2064, 2064]",258.0
1236,9516,81,6,2024-05-24T11:37:49.032000+00:00,24.043,43.472,33.994,155.0,146.0,False,101.509,"[2048, 2048, 2048, 2048, 2048, 2048]","[2048, 2048, 2048, 2048, 2048, 2048, 2048, 2048, 2048, 2048]","[2048, 2048, 2048, 2048, 2048]",248.0
1236,9516,22,6,2024-05-24T11:37:53.031000+00:00,22.524,42.044,28.554,161.0,161.0,False,93.122,"[None, 2048, 2048, 2048, 2048, 2048]","[2048, 2048, 2048, 2048, 2048, 2048, 2048, 2048, 2048, 2048]","[2048, 2048, 2048, 2048, 2048]",262.0
1236,9516,1,6,2024-05-24T11:37:59.406000+00:00,19.719,35.227,19.887,208.0,193.0,False,74.833,"[2049, 2049, 2049, 2051, 2049, 2049]","[2049, 2048, 2049, 2049, 2048, 2048, 2049, 2049, 2049, 2051]","[2049, 2049, 2051, 2049, 2048]",276.0
1236,9516,14,5,2024-05-24T11:38:05.417000+00:00,19.987,35.484,20.707,204.0,189.0,False,76.178,"[2049, 2049, 2049, 2049, 2049, 2048]","[2049, 2049, 2049, 2049, 2048, 2049, 2049, 2049, 2049, 2049]","[2049, 2049, 2048, 2049, 2049]",277.0
1236,9516,31,6,2024-05-24T11:38:11.216000+00:00,20.98,36.263,20.653,194.0,189.0,False,77.896,"[2048, 2048, 2048, 2048, 2049, 2048]","[2048, 2049, 2049, 2049, 2048, 2048, 2049, 2048, 2049, 2049]","[2049, 2049, 2048, 2048, 2048]",269.0
1236,9516,44,7,2024-05-24T11:38:17.109000+00:00,19.557,35.269,20.205,213.0,191.0,False,75.031,"[2049, 2049, 2048, 2049, 2049, 2051]","[2049, 2048, 2049, 2051, 2051, 2048, 2048, 2049, 2049, 2049]","[2049, 2051, 2049, 2048, 2048]",276.0
1236,9516,4,6,2024-05-24T11:38:20.220000+00:00,,35.193,19.873,214.0,193.0,False,74.757,"[2048, 2048, 2048, 2049, 2048, 2049]","[2049, 2048, 2048, 2048, 2048, 2048, 2048, 2049, 2049, 2049]","[2049, 2049, 2049, 2049]",277.0
1236,9516,16,6,2024-05-24T11:38:22.011000+00:00,22.304,42.569,24.427,182.0,87.0,False,89.3,"[2048, 2048, 2048, 2048, 2048, 2048]","[2048, 2048, 2048, 2048, 2048, 2048, 2048, 2048, 2048, 2048]","[2048, 2048, 2048, 2048]",250.0
1236,9516,11,6,2024-05-24T11:38:27.689000+00:00,19.888,35.49,20.189,205.0,195.0,False,75.567,"[2049, 2048, 2049, 2049, 2049, 2049]","[2049, 2049, 2049, 2049, 2049, 2049, 2048, 2048, 2048, 2049]","[2049, 2049, 2049, 2049, 2048]",279.0
1236,9516,63,7,2024-05-24T11:38:31.030000+00:00,20.083,35.605,20.085,,192.0,False,75.773,"[None, 2048, 2049, 2049, 2049, 2048]","[2048, 2049, 2049, 2049, 2049, 2049, 2049, 2049, 2048, 2048]","[2049, 2049, 2049, 2048, 2048]",277.0
1236,9516,24,6,2024-05-24T11:38:35.509000+00:00,20.514,36.153,20.483,206.0,190.0,False,77.15,"[2049, 2049, 2049, 2049, 2048, 2048]","[2048, 2048, 2049, 2049, 2049, 2049, 2049, 2049, 2049, 2049]","[2049, 2049, 2049, 2049]",274.0
1236,9516,77,6,2024-05-24T11:38:41.333000+00:00,19.996,35.56,20.029,212.0,190.0,False,75.585,"[2049, 2049, 2049, 2049, 2049, 2048]","[2049, 2048, 2049, 2049, 2049, 2049, 2049, 2049, 2049, 2049]","[2049, 2049, 2048, 2049]",273.0
1236,9516,18,6,2024-05-24T11:38:46.181000+00:00,19.686,35.117,20.127,,193.0,False,74.93,"[2051, 2049, 2048, 2048, 2048, 2049]","[2049, 2049, 2049, 2049, 2049, 2048, 2049, 2048, 2048, 2049]","[2049, 2049, 2048, 2049]",276.0
1236,9516,55,6,2024-05-24T11:38:55.798000+00:00,19.894,37.446,21.452,207.0,167.0,False,78.792,"[2049, 2049, 2048, 2049, 2048, 2048]","[2049, 2049, 2049, 2049, 2049, 2048, 2049, 2048, 2048, 2048]","[2048, 2048, 2048, 2048, 2049]",273.0
1236,9516,20,7,2024-05-24T11:38:57.689000+00:00,29.721,42.168,25.503,172.0,157.0,True,97.392,"[2064, 2048, 2048, 2048, 2048, 2048]","[2048, 2048, 2048, 2048, 2048, 2048, 2048, 2048, 2048, 2048]","[2048, 2048, 2048, 2048]",259.0
1236,9516,2,7,2024-05-24T11:38:59.409000+00:00,20.25,35.745,20.245,206.0,188.0,False,76.24,"[None, 2049, 2049, 2049, 2049, 2049]","[2049, 2048, 2048, 2049, 2049, 2048, 2048, 2049, 2049, 2049]","[2049, 2048, 2048, 2049, 2048]",275.0
1236,9516,23,5,2024-05-24T11:39:02.006000+00:00,22.635,41.165,23.924,152.0,167.0,False,87.724,"[2048, 2048, 2048, 2048, 2048, 2048]","[2048, 2048, 2048, 2048, 2048, 2048, 2048, 2048, 2048, 2048]","[2048, 2048, 2048, 2048, 2049]",220.0
1236,9516,1,7,2024-05-24T11:39:14.201000+00:00,26.041,55.098,24.427,104.0,124.0,False,105.566,"[2048, 2048, 2048, 2048, 2048, 2048]","[2048, 2048, 2048, 2048, 2048, 2048, 2048, 2048, 2048, 2048]","[2048, 2048, 2048, 2048, 2048]",212.0
1236,9516,3,7,2024-05-24T11:39:20.460000+00:00,20.236,35.522,20.059,207.0,192.0,False,75.817,"[None, 2048, 2048, 2049, 2049, 2048]","[2048, 2048, 2049, 2048, 2048, 2048, 2048, 2049, 2049, 2049]","[2049, 2049, 2049, 2049, 2049]",271.0
1236,9516,14,6,2024-05-24T11:39:21.462000+00:00,21.026,38.101,23.954,196.0,180.0,False,83.081,"[2048, 2048, 2048, 2048, 2048, 2048]","[2048, 2048, 2048, 2048, 2048, 2048, 2048, 2048, 2048, 2048]","[2048, 2048, 2048, 2048, 2048]",275.0
1236,9516,22,7,2024-05-24T11:39:26.391000+00:00,19.852,36.762,27.439,214.0,146.0,False,84.053,"[2049, 2048, 2048, 2049, 2049, 2049]","[2049, 2048, 2048, 2048, 2049, 2048, 2048, 2048, 2048, 2048]","[2048, 2048, 2048, 2048, 2048]",273.0
1236,9516,31,7,2024-05-24T11:39:29.141000+00:00,20.413,35.933,20.604,201.0,187.0,False,76.95,"[None, 2049, 2049, 2049, 2049, 2049]","[2049, 2049, 2049, 2049, 2049, 2048, 2048, 2049, 2049, 2048]","[2048, 2048, 2049, 2049, 2048]",269.0
1236,9516,81,7,2024-05-24T11:39:30.465000+00:00,20.11,36.323,27.507,209.0,129.0,False,83.94,"[None, 2049, 2049, 2048, 2048, 2048]","[2048, 2048, 2048, 2048, 2049, 2049, 2048, 2048, 2048, 2048]","[2048, 2048, 2048, 2048, 2048]",278.0
1236,9516,44,8,2024-05-24T11:39:32.020000+00:00,25.403,54.531,31.271,122.0,117.0,False,111.205,"[2048, 2048, 2048, 2048, 2048, 2048]","[2048, 2048, 2048, 2048, 2048, 2048, 2048, 2048, 2048, 2048]","[2048, 2048, 2048, 2048, 2048]",208.0
1236,9516,4,7,2024-05-24T11:39:34.867000+00:00,23.271,48.984,21.988,161.0,171.0,False,94.243,"[None, 2048, 2048, 2048, 2048, 2048]","[2048, 2048, 2048, 2048, 2048, 2048, 2048, 2048, 2048, 2048]","[2048, 2048, 2048, 2048, 2048]",183.0
1236,9516,11,7,2024-05-24T11:39:43.302000+00:00,21.083,46.273,25.5,179.0,143.0,False,92.856,"[None, 2048, 2048, 2048, 2048, 2048]","[2048, 2048, 2048, 2048, 2048, 2048, 2048, 2048, 2048, 2048]","[2048, 2048, 2048, 2048, 2048]",113.0
1236,9516,63,8,2024-05-24T11:39:46.667000+00:00,19.788,35.274,20.019,209.0,195.0,False,75.081,"[None, 2051, 2048, 2049, 2049, 2049]","[2049, 2049, 2049, 2048, 2049, 2049, 2048, 2049, 2049, 2049]","[2051, 2049, 2049, 2048]",278.0
1236,9516,16,7,2024-05-24T11:39:51.198000+00:00,19.546,35.002,19.69,214.0,192.0,False,74.238,"[None, 2048, 2049, 2049, 2048, 2049]","[2049, 2048, 2048, 2051, 2048, 2049, 2049, 2049, 2049, 2049]","[2049, 2049, 2051, 2048, 2048]",277.0
1236,9516,24,7,2024-05-24T11:39:52.151000+00:00,28.548,50.588,24.203,93.0,144.0,False,103.339,"[2048, 2048, 2048, 2048, 2048, 2048]","[2048, 2048, 2048, 2048, 2048, 2048, 2048, 2048, 2048, 2048]","[2048, 2048, 2048, 2048]",244.0
1236,9516,77,7,2024-05-24T11:39:56.807000+00:00,25.144,56.572,25.747,68.0,150.0,False,107.463,"[2048, 2048, 2048, 2048, 2048, 2048]","[2048, 2048, 2048, 2048, 2048, 2048, 2048, 2048, 2048, 2048]","[2048, 2048, 2048, 2048, 2048]",237.0
1236,9516,18,7,2024-05-24T11:40:01.023000+00:00,22.998,40.744,23.107,140.0,166.0,False,86.849,"[2049, 2048, 2048, 2048, 2048, 2048]","[2048, 2048, 2048, 2048, 2048, 2048, 2048, 2048, 2048, 2048]","[2048, 2048, 2048, 2048, 2048]",261.0
1236,9516,27,7,2024-05-24T11:40:08.426000+00:00,25.993,39.872,26.643,120.0,176.0,True,92.508,"[2064, 2048, 2048, 2048, 2048, 2048]","[2048, 2048, 2048, 2048, 2048, 2048, 2048, 2048, 2048, 2048]","[2048, 2048, 2048, 2048, 2048]",265.0
1236,9516,55,7,2024-05-24T11:40:14.615000+00:00,19.696,34.975,19.824,210.0,194.0,False,74.495,"[None, 2049, 2049, 2049, 2048, 2049]","[2051, 2048, 2049, 2049, 2049, 2049, 2048, 2049, 2049, 2049]","[2049, 2049, 2049, 2049, 2049]",275.0
1236,9516,2,8,2024-05-24T11:40:15.505000+00:00,24.786,48.469,30.109,143.0,81.0,False,103.364,"[None, 2048, 2048, 2048, 2048, 2048]","[2048, 2048, 2048, 2048, 2048, 2048, 2048, 2048, 2048, 2048]","[2048, 2048, 2048, 2048, 2048]",251.0
1236,9516,23,6,2024-05-24T11:40:29.833000+00:00,20.072,35.551,19.938,199.0,189.0,False,75.561,"[None, 2049, 2049, 2049, 2049, 2048]","[2049, 2048, 2049, 2048, 2049, 2049, 2049, 2049, 2049, 2049]","[2049, 2049, 2049, 2049, 2049]",273.0
1236,9516,20,8,2024-05-24T11:40:33.684000+00:00,19.937,35.259,19.99,211.0,191.0,False,75.186,"[2048, 2048, 2048, 2049, 2049, 2049]","[2049, 2048, 2048, 2049, 2049, 2049, 2048, 2049, 2049, 2049]","[2048, 2049, 2049, 2048]",278.0
1236,9516,3,8,2024-05-24T11:40:36.066000+00:00,29.44,50.754,26.287,117.0,146.0,False,106.481,"[None, 2048, 2048, 2048, 2048, 2048]","[2048, 2048, 2048, 2048, 2048, 2048, 2049, 2049, 2048, 2048]","[2048, 2048, 2048, 2048, 2048]",205.0
1236,9516,14,7,2024-05-24T11:40:44.606000+00:00,19.714,37.924,21.793,184.0,173.0,False,79.431,"[2049, 2049, 2049, 2049, 2049, 2048]","[2049, 2048, 2049, 2048, 2048, 2048, 2048, 2048, 2048, 2048]","[2048, 2048, 2048, 2048, 2048]",261.0
1236,9516,31,8,2024-05-24T11:40:46.060000+00:00,25.332,48.592,29.631,123.0,78.0,False,103.555,"[None, 2048, 2048, 2048, 2048, 2048]","[2048, 2048, 2048, 2048, 2048, 2048, 2048, 2048, 2048, 2048]","[2048, 2048, 2048, 2048, 2048]",204.0
1236,9516,22,8,2024-05-24T11:40:50.408000+00:00,19.833,35.251,20.182,210.0,193.0,False,75.266,"[None, 2048, 2048, 2048, 2048, 2048]","[2049, 2048, 2051, 2049, 2048, 2048, 2049, 2049, 2049, 2049]","[2049, 2049, 2048, 2048, 2048]",271.0
1236,9516,81,8,2024-05-24T11:40:54.460000+00:00,19.555,34.932,19.869,215.0,195.0,False,74.356,"[2049, 2049, 2048, 2049, 2049, 2049]","[2048, 2048, 2049, 2049, 2049, 2048, 2049, 2049, 2048, 2049]","[2049, 2049, 2048, 2049]",276.0
1236,9516,1,8,2024-05-24T11:40:59.719000+00:00,19.417,34.956,19.601,210.0,194.0,False,73.974,"[2049, 2049, 2049, 2051, 2049, 2049]","[2048, 2048, 2048, 2051, 2049, 2049, 2049, 2049, 2049, 2051]","[2049, 2049, 2051, 2049, 2049]",279.0
1236,9516,63,9,2024-05-24T11:41:01.815000+00:00,23.363,43.545,27.119,138.0,149.0,False,94.027,"[2048, 2048, 2048, 2048, 2048, 2048]","[2048, 2048, 2048, 2048, 2048, 2048, 2048, 2048, 2048, 2048]","[2048, 2048, 2048, 2048, 2048]",240.0
1236,9516,16,8,2024-05-24T11:41:05.548000+00:00,19.459,34.939,19.612,213.0,192.0,False,74.01,"[2051, 2049, 2049, 2049, 2048, 2048]","[2049, 2048, 2049, 2049, 2048, 2049, 2048, 2048, 2048, 2048]","[2049, 2048, 2048, 2051]",277.0
1236,9516,4,8,2024-05-24T11:41:09.309000+00:00,19.605,34.954,20.014,215.0,196.0,False,74.573,"[None, 2049, 2049, 2048, 2049, 2051]","[2049, 2048, 2048, 2048, 2048, 2049, 2048, 2049, 2049, 2049]","[2049, 2048, 2048, 2048]",278.0
1236,9516,11,8,2024-05-24T11:41:16.182000+00:00,20.002,35.307,20.103,206.0,190.0,False,75.412,"[2048, 2048, 2048, 2049, 2048, 2048]","[2049, 2048, 2049, 2049, 2048, 2048, 2048, 2048, 2049, 2048]","[2048, 2049, 2049, 2048, 2049]",277.0
1236,9516,44,9,2024-05-24T11:41:23.232000+00:00,19.479,35.091,27.01,211.0,184.0,False,81.58,"[2049, 2049, 2048, 2049, 2049, 2048]","[2049, 2048, 2048, 2049, 2048, 2048, 2049, 2048, 2049, 2048]","[2048, 2048, 2048, 2048, 2048]",277.0
1236,9516,18,8,2024-05-24T11:41:28.051000+00:00,29.092,49.643,32.633,107.0,168.0,False,111.368,"[2048, 2048, 2048, 2048, 2048, 2048]","[2048, 2048, 2048, 2048, 2048, 2048, 2048, 2048, 2048, 2048]","[2048, 2048, 2048, 2048, 2048]",258.0
1236,9516,55,8,2024-05-24T11:41:29.037000+00:00,25.475,47.906,30.623,96.0,162.0,False,104.004,"[2048, 2048, 2048, 2048, 2048, 2048]","[2048, 2048, 2048, 2048, 2048, 2048, 2048, 2048, 2048, 2048]","[2048, 2048, 2048, 2048, 2048]",242.0
1236,9516,24,8,2024-05-24T11:41:35.533000+00:00,20.323,36.087,20.419,205.0,189.0,False,76.829,"[2049, 2048, 2048, 2049, 2049, 2049]","[2048, 2048, 2049, 2049, 2048, 2048, 2048, 2049, 2048, 2048]","[2049, 2049, 2049, 2049]",271.0
1236,9516,27,8,2024-05-24T11:41:40.312000+00:00,20.068,35.556,20.008,208.0,192.0,False,75.632,"[2049, 2048, 2048, 2049, 2049, 2049]","[2048, 2048, 2048, 2049, 2049, 2048, 2048, 2049, 2049, 2049]","[2049, 2049, 2049, 2049]",277.0
1236,9516,77,8,2024-05-24T11:41:44.437000+00:00,19.933,35.867,20.083,213.0,188.0,False,75.883,"[2049, 2048, 2048, 2049, 2048, 2049]","[2048, 2048, 2048, 2048, 2048, 2048, 2049, 2048, 2049, 2049]","[2048, 2048, 2049, 2048, 2048]",273.0
1236,9516,23,7,2024-05-24T11:41:45.433000+00:00,21.467,42.833,33.763,162.0,148.0,False,98.063,"[2049, 2049, 2048, 2048, 2048, 2048]","[2048, 2048, 2048, 2048, 2048, 2048, 2048, 2048, 2048, 2048]","[2048, 2048, 2048, 2048, 2048]",240.0
1236,9516,20,9,2024-05-24T11:41:48.884000+00:00,19.984,36.146,20.859,,187.0,False,76.989,"[None, 2048, 2048, 2048, 2048, 2049]","[2048, 2048, 2048, 2048, 2048, 2049, 2048, 2048, 2048, 2048]","[2048, 2048, 2048, 2048, 2048]",278.0
1236,9516,2,9,2024-05-24T11:41:58.949000+00:00,20.103,35.509,20.189,209.0,190.0,False,75.801,"[2049, 2048, 2048, 2049, 2049, 2049]","[2049, 2048, 2049, 2049, 2049, 2048, 2048, 2048, 2049, 2049]","[2049, 2049, 2048, 2048, 2048]",275.0
1236,9516,14,8,2024-05-24T11:42:04.173000+00:00,19.78,35.344,20.425,206.0,191.0,False,75.549,"[None, 2048, 2048, 2049, 2048, 2049]","[2049, 2048, 2048, 2049, 2049, 2049, 2048, 2049, 2049, 2049]","[2049, 2049, 2049, 2048]",277.0
1236,9516,22,9,2024-05-24T11:42:05.580000+00:00,30.394,46.5,28.956,109.0,161.0,False,105.85,"[2048, 2048, 2048, 2048, 2048, 2048]","[2048, 2048, 2048, 2048, 2048, 2048, 2048, 2048, 2048, 2048]","[2048, 2048, 2048, 2048, 2048]",247.0
1236,9516,81,9,2024-05-24T11:42:08.721000+00:00,19.727,42.026,23.494,207.0,151.0,False,85.247,"[None, 2049, 2048, 2048, 2051, 2048]","[2048, 2048, 2048, 2048, 2048, 2048, 2048, 2048, 2048, 2048]","[2048, 2048, 2048, 2048, 2048]",238.0
1236,9516,1,9,2024-05-24T11:42:13.802000+00:00,24.833,48.503,,96.0,161.0,False,534.467,"[2048, 2048, 2048, 2048, 2048, 2048]","[2048, 2048, 2048, 2048, 2048, 2048, 2048, 2048, 2048, 2048]","[2048, 2048, 2048, 2064, 2064]",227.0
1236,9516,16,9,2024-05-24T11:42:19.429000+00:00,20.416,39.714,25.96,192.0,158.0,False,86.09,"[None, 2048, 2048, 2048, 2048, 2048]","[2048, 2048, 2048, 2048, 2048, 2048, 2048, 2048, 2048, 2048]","[2048, 2048, 2048, 2048, 2048]",249.0
1236,9516,3,9,2024-05-24T11:42:22.777000+00:00,20.086,35.99,23.231,211.0,169.0,False,79.307,"[2049, 2048, 2048, 2049, 2049, 2049]","[2048, 2048, 2048, 2048, 2048, 2048, 2048, 2048, 2048, 2048]","[2048, 2048, 2048, 2048, 2048]",274.0
1236,9516,4,9,2024-05-24T11:42:23.732000+00:00,22.501,44.37,32.088,172.0,164.0,False,98.959,"[None, 2048, 2048, 2048, 2048, 2048]","[2048, 2048, 2048, 2048, 2048, 2048, 2048, 2048, 2048, 2048]","[2048, 2048, 2048, 2048, 2048]",233.0
1236,9516,31,9,2024-05-24T11:42:29.774000+00:00,20.269,35.99,20.445,205.0,185.0,False,76.704,"[None, 2048, 2048, 2049, 2049, 2049]","[2048, 2049, 2049, 2048, 2048, 2048, 2049, 2048, 2048, 2048]","[2049, 2049, 2048, 2048]",270.0
1236,9516,11,9,2024-05-24T11:42:31.540000+00:00,23.206,44.173,75.137,166.0,167.0,False,142.516,"[None, 2048, 2048, 2048, 2048, 2048]","[2048, 2048, 2048, 2048, 2048, 2048, 2048, 2048, 2048, 2048]","[2048, 2048, 2048, 2064, 2064]",188.0
1236,9516,63,10,2024-05-24T11:42:35.890000+00:00,19.943,37.638,,202.0,166.0,False,446.3,"[None, 2049, 2049, 2048, 2048, 2048]","[2048, 2048, 2048, 2048, 2048, 2048, 2048, 2048, 2048, 2048]","[2048, 2048, 2048, 2064, 2064]",267.0
1236,9516,44,10,2024-05-24T11:42:44.717000+00:00,38.195,56.648,,114.0,140.0,False,534.489,"[2048, 2048, 2048, 2048, 2048, 2048]","[2048, 2048, 2048, 2048, 2048, 2048, 2048, 2048, 2048, 2048]","[2048, 2048, 2048, 2064, 2064]",233.0
1236,9516,24,9,2024-05-24T11:42:52.275000+00:00,26.689,47.472,35.727,131.0,142.0,False,109.888,"[2048, 2048, 2048, 2048, 2048, 2048]","[2048, 2048, 2048, 2048, 2048, 2048, 2048, 2048, 2048, 2048]","[2048, 2048, 2048, 2048, 2048]",123.0
1236,9516,27,9,2024-05-24T11:42:55.744000+00:00,27.848,51.531,24.464,95.0,86.0,False,103.843,"[2048, 2048, 2048, 2048, 2048, 2048]","[2048, 2048, 2048, 2048, 2048, 2048, 2048, 2048, 2048, 2048]","[2048, 2048, 2048, 2048, 2048]",161.0
1236,9516,77,9,2024-05-24T11:43:00.403000+00:00,24.847,65.74,34.064,71.0,163.0,False,124.651,"[2048, 2048, 2048, 2048, 2048, 2048]","[2048, 2048, 2048, 2048, 2048, 2048, 2048, 2048, 2048, 2048]","[2048, 2048, 2048, 2048, 2048]",199.0
1236,9516,20,10,2024-05-24T11:43:05.994000+00:00,19.7,35.45,19.922,,194.0,False,75.072,"[None, 2049, 2048, 2048, 2049, 2049]","[2048, 2048, 2049, 2048, 2048, 2048, 2048, 2048, 2048, 2049]","[2049, 2048, 2049, 2049, 2048]",275.0
1236,9516,55,9,2024-05-24T11:43:13.102000+00:00,19.834,37.566,23.121,209.0,171.0,False,80.521,"[None, 2048, 2048, 2048, 2049, 2049]","[2048, 2048, 2048, 2048, 2048, 2048, 2048, 2048, 2048, 2048]","[2048, 2048, 2048, 2048, 2048]",274.0
1236,9516,2,10,2024-05-24T11:43:14.745000+00:00,20.204,41.043,41.824,204.0,76.0,False,103.071,"[2048, 2048, 2048, 2048, 2048, 2048]","[2048, 2048, 2048, 2048, 2048, 2049, 2048, 2048, 2048, 2048]","[2048, 2048, 2048, 2048, 2048]",275.0
1236,9516,18,9,2024-05-24T11:43:19.331000+00:00,19.969,36.029,22.358,208.0,177.0,False,78.356,"[None, 2048, 2048, 2049, 2048, 2048]","[2048, 2048, 2048, 2048, 2048, 2049, 2048, 2048, 2048, 2048]","[2048, 2048, 2048, 2048, 2048]",277.0
1236,9516,14,9,2024-05-24T11:43:19.529000+00:00,22.405,41.851,29.356,186.0,147.0,False,93.612,"[2048, 2048, 2048, 2048, 2048, 2048]","[2048, 2048, 2048, 2048, 2048, 2048, 2048, 2048, 2048, 2048]","[2048, 2048, 2048, 2048, 2048]",258.0
1236,9516,23,8,2024-05-24T11:43:23.583000+00:00,20.135,38.7,24.359,206.0,123.0,False,83.194,"[2048, 2048, 2049, 2048, 2048, 2049]","[2048, 2048, 2048, 2049, 2049, 2049, 2049, 2048, 2048, 2048]","[2048, 2048, 2048, 2048, 2048]",274.0
1236,9516,81,10,2024-05-24T11:43:34.060000+00:00,19.566,34.885,19.9,215.0,196.0,False,74.351,"[2048, 2049, 2048, 2048, 2048, 2048]","[2048, 2048, 2048, 2049, 2049, 2048, 2049, 2048, 2048, 2049]","[2051, 2048, 2048, 2048, 2048]",276.0
1236,9516,3,10,2024-05-24T11:43:42.038000+00:00,19.849,35.269,19.996,208.0,194.0,False,75.114,"[None, 2049, 2049, 2049, 2049, 2048]","[2048, 2048, 2048, 2049, 2048, 2048, 2048, 2048, 2049, 2049]","[2049, 2049, 2049, 2049, 2049]",273.0
1236,9516,16,10,2024-05-24T11:43:45.692000+00:00,19.32,34.809,34.422,215.0,195.0,False,88.551,"[2048, 2048, 2048, 2049, 2049, 2049]","[2051, 2051, 2049, 2048, 2049, 2049, 2049, 2048, 2048, 2049]","[2049, 2048, 2048, 2048, 2048]",278.0
1236,9516,31,10,2024-05-24T11:43:46.275000+00:00,20.198,35.923,20.332,200.0,189.0,False,76.453,"[2049, 2049, 2049, 2049, 2048, 2048]","[2048, 2048, 2049, 2049, 2048, 2049, 2048, 2048, 2048, 2049]","[2049, 2049, 2048, 2048, 2048]",270.0
1236,9516,22,10,2024-05-24T11:43:51.398000+00:00,19.434,35.004,19.902,214.0,195.0,False,74.34,"[2049, 2049, 2049, 2049, 2051, 2049]","[2049, 2049, 2048, 2049, 2049, 2049, 2049, 2048, 2048, 2049]","[2049, 2049, 2049, 2049]",276.0
1236,9516,4,10,2024-05-24T11:44:02.835000+00:00,19.666,34.853,19.708,216.0,196.0,False,74.227,"[None, 2049, 2048, 2048, 2049, 2048]","[2049, 2048, 2049, 2049, 2051, 2048, 2049, 2048, 2048, 2049]","[2049, 2049, 2049, 2049]",276.0
1236,9516,20,11,2024-05-24T11:44:20.891000+00:00,22.262,38.315,,177.0,178.0,False,656.684,"[None, 2048, 2048, 2048, 2048, 2048]","[2048, 2048, 2048, 2048, 2048, 2048, 2048, 2048, 2048, 2048]","[2048, 2048, 2048, 2064, 2064]",254.0
1236,9516,55,10,2024-05-24T11:44:33.688000+00:00,19.422,34.836,19.755,213.0,197.0,False,74.013,"[None, 2049, 2049, 2049, 2049, 2049]","[2048, 2049, 2048, 2049, 2049, 2048, 2048, 2049, 2048, 2049]","[2049, 2049, 2049, 2049, 2048]",273.0
1236,9516,18,10,2024-05-24T11:44:37.786000+00:00,19.734,35.184,19.999,215.0,191.0,False,74.917,"[None, 2048, 2048, 2049, 2048, 2049]","[2048, 2048, 2049, 2049, 2048, 2048, 2048, 2049, 2048, 2048]","[2049, 2048, 2049, 2049]",274.0
1236,9516,27,10,2024-05-24T11:44:39.755000+00:00,19.823,35.312,19.94,212.0,193.0,False,75.075,"[2049, 2049, 2051, 2049, 2049, 2049]","[2049, 2048, 2049, 2049, 2048, 2048, 2048, 2048, 2049, 2049]","[2049, 2049, 2049, 2048]",278.0
1236,9516,24,10,2024-05-24T11:44:42.373000+00:00,20.283,35.957,20.247,210.0,192.0,False,76.487,"[None, 2049, 2049, 2048, 2049, 2049]","[2049, 2048, 2049, 2048, 2049, 2048, 2049, 2048, 2048, 2048]","[2049, 2048, 2049, 2049]",273.0
1236,9516,23,9,2024-05-24T11:44:46.744000+00:00,19.681,35.404,19.882,207.0,193.0,False,74.967,"[2049, 2048, 2049, 2049, 2049, 2049]","[2048, 2048, 2048, 2049, 2049, 2048, 2048, 2048, 2048, 2049]","[2049, 2048, 2048, 2049, 2048]",274.0
1236,9516,81,11,2024-05-24T11:44:48.533000+00:00,24.274,42.56,21.745,84.0,172.0,False,88.579,"[None, 2048, 2048, 2048, 2048, 2048]","[2048, 2048, 2048, 2048, 2048, 2048, 2048, 2048, 2048, 2048]","[2048, 2048, 2048, 2048]",252.0
1236,9516,14,10,2024-05-24T11:44:54.024000+00:00,19.661,35.369,20.171,213.0,192.0,False,75.201,"[None, 2049, 2049, 2048, 2048, 2049]","[2049, 2048, 2048, 2048, 2049, 2048, 2049, 2048, 2048, 2048]","[2048, 2048, 2048, 2049]",276.0
1236,9516,11,10,2024-05-24T11:44:54.713000+00:00,24.308,42.832,29.167,166.0,93.0,True,96.307,"[2064, 2048, 2048, 2048, 2048, 2048]","[2048, 2048, 2048, 2048, 2048, 2048, 2048, 2048, 2048, 2048]","[2048, 2048, 2048, 2048, 2048]",267.0
1236,9516,3,11,2024-05-24T11:44:57.048000+00:00,28.21,48.956,25.475,83.0,138.0,False,102.641,"[2048, 2048, 2048, 2048, 2048, 2048]","[2048, 2048, 2048, 2048, 2048, 2048, 2048, 2048, 2048, 2048]","[2048, 2048, 2048, 2048, 2048]",137.0
1236,9516,2,11,2024-05-24T11:44:57.882000+00:00,28.355,50.224,28.519,127.0,131.0,False,107.098,"[None, 2048, 2048, 2048, 2048, 2048]","[2048, 2048, 2048, 2048, 2048, 2048, 2048, 2048, 2048, 2048]","[2048, 2048, 2048, 2048, 2048]",223.0
1236,9516,31,11,2024-05-24T11:45:02.770000+00:00,20.241,36.058,23.054,204.0,186.0,False,79.353,"[None, 2049, 2048, 2048, 2048, 2048]","[2049, 2048, 2049, 2048, 2048, 2048, 2049, 2048, 2048, 2048]","[2048, 2048, 2048, 2048, 2048]",269.0
1236,9516,77,10,2024-05-24T11:45:04.998000+00:00,20.046,36.176,25.01,211.0,149.0,False,81.232,"[None, 2049, 2049, 2048, 2048, 2048]","[2048, 2048, 2049, 2049, 2049, 2049, 2049, 2048, 2048, 2048]","[2048, 2048, 2048, 2048, 2048]",276.0
1236,9516,22,11,2024-05-24T11:45:05.666000+00:00,28.992,48.211,27.878,126.0,146.0,False,105.081,"[2048, 2048, 2048, 2048, 2048, 2048]","[2048, 2048, 2048, 2048, 2048, 2048, 2048, 2048, 2048, 2048]","[2048, 2048, 2048, 2048]",220.0
1236,9516,16,11,2024-05-24T11:45:14.218000+00:00,19.45,34.9,19.692,,197.0,False,74.042,"[None, 2051, 2048, 2048, 2048, 2048]","[2049, 2048, 2049, 2051, 2048, 2049, 2048, 2048, 2048, 2049]","[2049, 2048, 2048, 2051, 2048]",278.0
1236,9516,4,11,2024-05-24T11:45:16.947000+00:00,22.908,45.184,31.373,160.0,133.0,False,99.465,"[None, 2048, 2048, 2048, 2048, 2048]","[2048, 2048, 2048, 2048, 2048, 2048, 2048, 2048, 2048, 2048]","[2048, 2048, 2048, 2048, 2048]",215.0
1236,9516,10,6,2024-05-24T11:45:17.415000+00:00,25.79,46.451,,170.0,104.0,True,2563.975,"[2064, 2048, 2048, 2048, 2048, 2048]","[2048, 2048, 2048, 2048, 2048, 2048, 2048, 2048, 2048, 2048]","[2048, 2048, 2048, 2064, 2064]",208.0
1236,9516,55,11,2024-05-24T11:45:47.619000+00:00,19.395,47.38,24.731,214.0,148.0,False,91.506,"[2049, 2048, 2049, 2048, 2048, 2049]","[2051, 2048, 2049, 2048, 2048, 2048, 2048, 2048, 2048, 2048]","[2048, 2048, 2048, 2048, 2048]",210.0
1236,9516,18,11,2024-05-24T11:45:52.540000+00:00,19.761,35.789,20.514,211.0,182.0,False,76.064,"[None, 2048, 2049, 2049, 2048, 2048]","[2048, 2048, 2048, 2048, 2048, 2048, 2048, 2048, 2048, 2048]","[2048, 2048, 2048, 2048, 2048]",275.0
1236,9516,27,11,2024-05-24T11:45:54.708000+00:00,27.779,57.334,24.44,104.0,139.0,False,109.553,"[2048, 2048, 2048, 2048, 2048, 2048]","[2048, 2048, 2048, 2048, 2048, 2048, 2048, 2048, 2048, 2048]","[2048, 2048, 2048, 2048, 2048]",164.0
1236,9516,24,11,2024-05-24T11:45:58.635000+00:00,27.057,46.252,48.11,120.0,82.0,False,121.419,"[None, 2048, 2048, 2048, 2048, 2048]","[2048, 2048, 2048, 2048, 2048, 2048, 2048, 2048, 2048, 2048]","[2048, 2048, 2048, 2064, 2064]",212.0
1236,9516,23,10,2024-05-24T11:46:01.637000+00:00,22.222,45.05,24.58,144.0,145.0,False,91.852,"[None, 2049, 2049, 2048, 2048, 2048]","[2048, 2048, 2048, 2048, 2048, 2048, 2048, 2048, 2048, 2048]","[2048, 2048, 2048, 2048, 2048]",204.0
1236,9516,14,11,2024-05-24T11:46:08.282000+00:00,19.622,38.779,22.78,208.0,169.0,False,81.181,"[2049, 2048, 2048, 2049, 2048, 2048]","[2048, 2048, 2048, 2048, 2048, 2048, 2048, 2048, 2048, 2048]","[2048, 2048, 2048, 2048]",263.0
1236,9516,81,12,2024-05-24T11:46:17.084000+00:00,19.565,34.888,19.755,215.0,195.0,False,74.208,"[None, 2048, 2048, 2049, 2048, 2048]","[2048, 2048, 2048, 2049, 2048, 2048, 2049, 2048, 2049, 2048]","[2051, 2049, 2048, 2048]",276.0
1236,9516,31,12,2024-05-24T11:46:22.280000+00:00,19.921,35.482,20.187,,191.0,False,75.59,"[2048, 2049, 2048, 2049, 2048, 2048]","[2049, 2048, 2049, 2049, 2049, 2048, 2049, 2048, 2048, 2049]","[2049, 2048, 2049, 2049, 2048]",270.0
1236,9516,77,11,2024-05-24T11:46:26.177000+00:00,30.469,50.26,22.29,73.0,170.0,False,103.019,"[None, 2048, 2048, 2048, 2048, 2048]","[2048, 2048, 2048, 2048, 2048, 2048, 2048, 2048, 2048, 2048]","[2048, 2048, 2048, 2048, 2048]",256.0
1236,9516,16,12,2024-05-24T11:46:28.377000+00:00,21.068,38.424,26.073,206.0,170.0,False,85.565,"[None, 2048, 2048, 2048, 2048, 2048]","[2048, 2048, 2048, 2048, 2048, 2048, 2048, 2048, 2048, 2048]","[2048, 2048, 2048, 2048, 2048]",232.0
1236,9516,11,11,2024-05-24T11:46:30.395000+00:00,20.711,37.49,30.244,190.0,154.0,False,88.445,"[2048, 2048, 2049, 2048, 2048, 2048]","[2048, 2048, 2048, 2048, 2048, 2048, 2048, 2048, 2048, 2048]","[2048, 2048, 2048, 2048, 2048]",259.0
1236,9516,3,12,2024-05-24T11:46:39.813000+00:00,19.814,35.084,20.146,208.0,197.0,False,75.044,"[None, 2049, 2049, 2049, 2049, 2048]","[2048, 2048, 2048, 2049, 2049, 2048, 2049, 2048, 2049, 2049]","[2049, 2049, 2048, 2048]",272.0
1236,9516,2,12,2024-05-24T11:46:44.925000+00:00,19.942,35.843,19.984,210.0,187.0,False,75.769,"[None, 2049, 2049, 2049, 2049, 2049]","[2048, 2048, 2048, 2048, 2049, 2049, 2048, 2048, 2049, 2048]","[2048, 2049, 2049, 2048, 2048]",278.0
1236,9516,22,12,2024-05-24T11:46:51.149000+00:00,19.452,34.945,19.795,216.0,194.0,False,74.192,"[None, 2049, 2049, 2048, 2048, 2051]","[2048, 2048, 2048, 2051, 2049, 2048, 2048, 2048, 2048, 2049]","[2049, 2049, 2049, 2049, 2048]",275.0
1236,9516,4,12,2024-05-24T11:46:56.437000+00:00,19.473,34.735,19.726,217.0,197.0,False,73.934,"[None, 2048, 2049, 2048, 2049, 2048]","[2048, 2048, 2049, 2049, 2051, 2048, 2048, 2048, 2048, 2049]","[2049, 2048, 2049, 2048, 2049]",278.0
1236,9516,18,12,2024-05-24T11:47:08.686000+00:00,19.936,35.659,20.38,,188.0,False,75.975,"[None, 2049, 2048, 2048, 2048, 2048]","[2048, 2048, 2048, 2048, 2048, 2048, 2048, 2048, 2048, 2048]","[2048, 2048, 2048, 2048, 2048]",274.0
1236,9516,55,12,2024-05-24T11:47:19.106000+00:00,21.454,37.576,22.208,185.0,173.0,False,81.238,"[2048, 2048, 2048, 2048, 2048, 2048]","[2048, 2048, 2048, 2048, 2048, 2048, 2048, 2051, 2048, 2048]","[2048, 2048, 2048, 2048, 2048]",268.0
1236,9516,14,12,2024-05-24T11:47:29.563000+00:00,19.499,35.171,19.873,211.0,193.0,False,74.543,"[None, 2048, 2048, 2049, 2048, 2048]","[2048, 2048, 2048, 2048, 2049, 2048, 2049, 2049, 2049, 2049]","[2049, 2049, 2049, 2049]",275.0
1236,9516,81,13,2024-05-24T11:47:31.143000+00:00,19.545,36.029,,205.0,177.0,False,724.746,"[2049, 2049, 2049, 2048, 2048, 2048]","[2048, 2048, 2048, 2048, 2048, 2048, 2048, 2048, 2048, 2048]","[2048, 2048, 2048, 2064, 2064]",276.0
1236,9516,23,11,2024-05-24T11:47:33.424000+00:00,19.737,35.668,23.288,205.0,170.0,False,78.693,"[2048, 2048, 2048, 2048, 2048, 2048]","[2048, 2048, 2048, 2049, 2048, 2048, 2048, 2048, 2048, 2048]","[2048, 2048, 2048, 2048, 2048]",274.0
1236,9516,31,13,2024-05-24T11:47:37.749000+00:00,19.818,35.639,20.188,,193.0,False,75.645,"[2049, 2049, 2048, 2049, 2049, 2048]","[2048, 2048, 2048, 2048, 2048, 2049, 2048, 2048, 2048, 2049]","[2049, 2049, 2049, 2048, 2048]",270.0
1236,9516,27,12,2024-05-24T11:47:44.333000+00:00,19.687,35.056,19.784,211.0,193.0,False,74.527,"[2049, 2048, 2048, 2049, 2049, 2049]","[2049, 2048, 2048, 2048, 2049, 2048, 2048, 2049, 2049, 2049]","[2048, 2049, 2049, 2048, 2048]",278.0
1236,9516,16,13,2024-05-24T11:47:53.846000+00:00,19.134,34.656,19.553,217.0,196.0,False,73.343,"[None, 2048, 2048, 2051, 2051, 2049]","[2048, 2048, 2048, 2049, 2048, 2048, 2048, 2049, 2048, 2051]","[2051, 2049, 2049, 2048, 2048]",276.0
1236,9516,3,13,2024-05-24T11:47:54.680000+00:00,30.295,45.534,23.233,156.0,154.0,False,99.062,"[None, 2048, 2048, 2048, 2048, 2048]","[2048, 2048, 2048, 2048, 2048, 2048, 2048, 2048, 2048, 2048]","[2048, 2048, 2048, 2048, 2048]",191.0
1236,9516,11,12,2024-05-24T11:47:58.848000+00:00,19.628,34.954,19.984,211.0,196.0,False,74.566,"[None, 2049, 2049, 2049, 2049, 2049]","[2049, 2048, 2049, 2049, 2049, 2048, 2049, 2048, 2048, 2049]","[2049, 2049, 2049, 2049, 2048]",278.0
1236,9516,2,13,2024-05-24T11:48:00.678000+00:00,27.997,42.571,,81.0,152.0,False,223.285,"[None, 2048, 2048, 2048, 2048, 2048]","[2048, 2048, 2048, 2048, 2048, 2048, 2048, 2048, 2048, 2048]","[2048, 2048, 2048, 2064, 2064]",238.0
1236,9516,24,12,2024-05-24T11:48:00.909000+00:00,31.885,41.796,24.059,154.0,152.0,True,97.74,"[2064, 2048, 2048, 2048, 2048, 2048]","[2048, 2048, 2048, 2048, 2048, 2048, 2048, 2048, 2048, 2048]","[2048, 2048, 2048, 2048, 2048]",257.0
1236,9516,22,13,2024-05-24T11:48:05.031000+00:00,32.365,50.589,24.021,107.0,136.0,False,106.975,"[None, 2048, 2048, 2048, 2048, 2048]","[2048, 2048, 2048, 2048, 2048, 2048, 2048, 2048, 2048, 2048]","[2048, 2048, 2048, 2048]",210.0
1236,9516,77,12,2024-05-24T11:48:09.203000+00:00,19.78,35.375,19.778,214.0,189.0,False,74.933,"[2049, 2048, 2048, 2048, 2049, 2049]","[2048, 2048, 2048, 2049, 2048, 2048, 2048, 2049, 2048, 2049]","[2049, 2049, 2049, 2049]",272.0
1236,9516,4,13,2024-05-24T11:48:10.468000+00:00,23.512,41.013,,145.0,153.0,False,710.972,"[None, 2048, 2048, 2048, 2048, 2048]","[2048, 2048, 2048, 2048, 2048, 2048, 2048, 2048, 2048, 2048]","[2048, 2048, 2048, 2064, 2064]",247.0
1236,9516,18,13,2024-05-24T11:48:24.762000+00:00,19.857,35.493,20.42,212.0,188.0,False,75.77,"[None, 2048, 2048, 2048, 2048, 2048]","[2048, 2048, 2048, 2048, 2048, 2048, 2049, 2048, 2048, 2048]","[2048, 2048, 2048, 2048, 2048]",276.0
1236,9516,55,13,2024-05-24T11:48:40.516000+00:00,19.323,34.726,19.669,213.0,197.0,False,73.718,"[2049, 2048, 2048, 2049, 2049, 2048]","[2048, 2048, 2048, 2049, 2048, 2049, 2048, 2048, 2049, 2048]","[2048, 2048, 2049, 2051]",275.0
1236,9516,14,13,2024-05-24T11:48:43.999000+00:00,22.003,42.252,,180.0,168.0,False,708.63,"[2048, 2048, 2048, 2048, 2048, 2048]","[2048, 2048, 2048, 2048, 2048, 2048, 2048, 2048, 2048, 2048]","[2048, 2048, 2048, 2064, 2064]",259.0
1236,9516,23,12,2024-05-24T11:48:52.258000+00:00,19.615,35.306,19.762,207.0,191.0,False,74.683,"[None, 2048, 2048, 2048, 2049, 2049]","[2048, 2049, 2048, 2049, 2048, 2048, 2048, 2049, 2049, 2048]","[2048, 2049, 2049, 2048]",273.0
1236,9516,31,14,2024-05-24T11:48:53.452000+00:00,23.559,39.135,21.44,175.0,176.0,False,84.134,"[2048, 2048, 2048, 2048, 2048, 2048]","[2048, 2048, 2048, 2048, 2048, 2048, 2048, 2048, 2048, 2048]","[2048, 2048, 2048, 2048, 2048]",250.0
1236,9516,27,13,2024-05-24T11:48:58.779000+00:00,23.999,41.491,,142.0,163.0,False,515.886,"[2048, 2048, 2048, 2048, 2048, 2048]","[2048, 2048, 2048, 2048, 2048, 2048, 2048, 2048, 2048, 2048]","[2048, 2048, 2048, 2064, 2064]",248.0
1236,9516,16,14,2024-05-24T11:49:07.145000+00:00,19.028,34.764,19.701,,195.0,False,73.493,"[2051, 2051, 2048, 2048, 2048, 2048]","[2048, 2048, 2048, 2051, 2048, 2048, 2048, 2048, 2048, 2048]","[2048, 2051, 2048, 2048, 2048]",276.0
1236,9516,11,13,2024-05-24T11:49:13.238000+00:00,23.167,42.436,24.973,149.0,156.0,False,90.576,"[None, 2048, 2048, 2048, 2048, 2048]","[2048, 2048, 2048, 2048, 2048, 2048, 2048, 2048, 2048, 2048]","[2048, 2048, 2048, 2048, 2048]",233.0
1236,9516,77,13,2024-05-24T11:49:24.080000+00:00,22.132,43.821,,195.0,167.0,False,1061.819,"[2048, 2048, 2048, 2048, 2048, 2048]","[2048, 2048, 2048, 2048, 2048, 2048, 2048, 2048, 2048, 2048]","[2048, 2048, 2048, 2064, 2064]",249.0
1236,9516,3,14,2024-05-24T11:49:33.814000+00:00,19.718,35.142,19.803,208.0,198.0,False,74.663,"[2049, 2048, 2048, 2048, 2049, 2048]","[2049, 2048, 2048, 2048, 2048, 2048, 2048, 2048, 2048, 2049]","[2049, 2049, 2049, 2049]",271.0
1236,9516,24,13,2024-05-24T11:49:38.029000+00:00,20.264,35.732,20.274,208.0,189.0,False,76.27,"[2049, 2048, 2048, 2048, 2049, 2048]","[2049, 2048, 2048, 2049, 2049, 2048, 2049, 2049, 2049, 2049]","[2049, 2048, 2048, 2049, 2048]",272.0
1236,9516,18,14,2024-05-24T11:49:40.422000+00:00,22.331,39.564,,158.0,175.0,False,938.862,"[None, 2048, 2048, 2048, 2048, 2048]","[2048, 2048, 2048, 2048, 2048, 2048, 2048, 2048, 2048, 2048]","[2048, 2048, 2048, 2064, 2064]",261.0
1236,9516,22,14,2024-05-24T11:49:51.979000+00:00,19.359,34.783,19.748,216.0,194.0,False,73.89,"[None, 2048, 2048, 2049, 2051, 2048]","[2048, 2048, 2051, 2051, 2048, 2048, 2048, 2049, 2048, 2049]","[2049, 2049, 2049, 2049]",273.0
1236,9516,55,14,2024-05-24T11:49:54.872000+00:00,23.689,39.972,21.791,153.0,175.0,False,85.452,"[2048, 2048, 2048, 2048, 2048, 2048]","[2048, 2048, 2048, 2048, 2048, 2048, 2048, 2051, 2048, 2048]","[2048, 2048, 2048, 2048, 2048]",244.0
1236,9516,63,11,2024-05-24T11:50:02.738000+00:00,26.577,38.488,20.871,175.0,181.0,True,85.936,"[2064, 2048, 2048, 2048, 2048, 2048]","[2048, 2048, 2048, 2048, 2048, 2048, 2048, 2048, 2048, 2048]","[2048, 2048, 2048, 2048, 2048]",262.0
1236,9516,23,13,2024-05-24T11:50:06.831000+00:00,19.65,35.124,19.785,208.0,194.0,False,74.559,"[2049, 2048, 2048, 2048, 2048, 2048]","[2049, 2048, 2049, 2048, 2048, 2048, 2048, 2049, 2049, 2049]","[2049, 2048, 2048, 2048, 2048]",273.0
1236,9516,31,15,2024-05-24T11:50:17.623000+00:00,19.782,35.428,20.022,209.0,194.0,False,75.232,"[None, 2049, 2048, 2049, 2049, 2048]","[2049, 2049, 2048, 2048, 2048, 2048, 2048, 2049, 2049, 2049]","[2049, 2049, 2049, 2048]",269.0
1236,9516,16,15,2024-05-24T11:50:20.639000+00:00,25.142,52.102,28.454,127.0,105.0,False,105.698,"[2048, 2048, 2048, 2048, 2048, 2048]","[2048, 2048, 2048, 2048, 2048, 2048, 2048, 2048, 2048, 2048]","[2048, 2048, 2048, 2048, 2048]",163.0
1236,9516,11,14,2024-05-24T11:50:43.984000+00:00,26.493,44.026,22.975,68.0,161.0,False,93.494,"[None, 2048, 2048, 2048, 2048, 2048]","[2048, 2048, 2048, 2048, 2048, 2048, 2048, 2048, 2048, 2048]","[2048, 2048, 2048, 2048, 2049]",249.0
1236,9516,3,15,2024-05-24T11:50:48.905000+00:00,22.352,47.58,25.749,167.0,126.0,False,95.681,"[None, 2048, 2048, 2048, 2048, 2048]","[2048, 2048, 2048, 2048, 2048, 2048, 2048, 2048, 2048, 2048]","[2048, 2048, 2048, 2048]",184.0
1236,9516,24,14,2024-05-24T11:50:54.431000+00:00,26.18,44.415,24.596,133.0,150.0,False,95.191,"[2048, 2048, 2048, 2048, 2048, 2048]","[2048, 2048, 2048, 2048, 2048, 2048, 2048, 2048, 2048, 2048]","[2048, 2048, 2048, 2048, 2048]",246.0
1236,9516,22,15,2024-05-24T11:51:05.750000+00:00,24.952,48.35,22.976,131.0,163.0,False,96.278,"[None, 2048, 2048, 2048, 2048, 2048]","[2048, 2048, 2048, 2048, 2048, 2048, 2048, 2048, 2048, 2048]","[2048, 2048, 2048, 2048, 2048]",207.0
1236,9516,1,10,2024-05-24T11:51:08.821000+00:00,25.985,40.48,21.632,162.0,177.0,True,88.097,"[2064, 2048, 2048, 2048, 2048, 2048]","[2048, 2048, 2048, 2048, 2048, 2048, 2048, 2048, 2048, 2048]","[2048, 2048, 2048, 2048, 2048]",247.0
1236,9516,55,15,2024-05-24T11:51:19.625000+00:00,21.486,38.613,33.411,194.0,172.0,False,93.51,"[None, 2048, 2048, 2048, 2048, 2048]","[2048, 2048, 2048, 2048, 2048, 2048, 2048, 2048, 2048, 2048]","[2048, 2048, 2048, 2048, 2048]",266.0
1236,9516,23,14,2024-05-24T11:51:21.336000+00:00,22.529,41.194,57.618,163.0,172.0,False,121.341,"[2048, 2048, 2048, 2048, 2048, 2048]","[2048, 2048, 2048, 2048, 2048, 2048, 2048, 2048, 2048, 2048]","[2048, 2048, 2048, 2064, 2064]",273.0
1236,9516,63,12,2024-05-24T11:51:28.055000+00:00,19.925,35.725,23.218,206.0,191.0,False,78.868,"[2048, 2048, 2048, 2048, 2049, 2048]","[2048, 2048, 2048, 2049, 2048, 2048, 2048, 2048, 2048, 2048]","[2048, 2048, 2048, 2048, 2048]",277.0
1236,9516,31,16,2024-05-24T11:51:32.642000+00:00,22.107,38.932,22.766,170.0,178.0,False,83.805,"[None, 2048, 2048, 2048, 2048, 2048]","[2048, 2048, 2048, 2048, 2048, 2048, 2048, 2048, 2048, 2048]","[2048, 2048, 2048, 2048, 2048]",253.0
1236,9516,44,11,2024-05-24T11:51:39.875000+00:00,26.096,39.786,21.51,165.0,181.0,True,87.392,"[2064, 2048, 2048, 2048, 2048, 2048]","[2048, 2048, 2048, 2048, 2048, 2048, 2048, 2048, 2048, 2048]","[2048, 2048, 2048, 2048, 2048]",259.0
1236,9516,2,14,2024-05-24T11:51:44.604000+00:00,26.493,38.511,24.036,183.0,168.0,True,89.04,"[2064, 2048, 2048, 2048, 2048, 2048]","[2048, 2048, 2048, 2048, 2048, 2048, 2048, 2048, 2048, 2048]","[2048, 2048, 2048, 2048, 2048]",272.0
1236,9516,16,16,2024-05-24T11:52:06.242000+00:00,19.166,40.446,22.631,217.0,153.0,False,82.243,"[None, 2048, 2048, 2048, 2048, 2048]","[2048, 2048, 2048, 2048, 2048, 2048, 2048, 2048, 2048, 2048]","[2048, 2048, 2048, 2048, 2048]",208.0
1236,9516,11,15,2024-05-24T11:52:17.446000+00:00,19.393,34.804,19.756,215.0,197.0,False,73.953,"[2049, 2048, 2048, 2048, 2049, 2049]","[2049, 2049, 2049, 2049, 2049, 2048, 2049, 2048, 2048, 2049]","[2051, 2049, 2049, 2048, 2048]",276.0
1236,9516,3,16,2024-05-24T11:52:24.484000+00:00,19.561,34.989,19.725,213.0,198.0,False,74.275,"[2048, 2048, 2048, 2049, 2049, 2049]","[2049, 2048, 2049, 2048, 2048, 2048, 2048, 2048, 2048, 2049]","[2048, 2051, 2049, 2048]",271.0
1236,9516,24,15,2024-05-24T11:52:29.363000+00:00,20.113,35.941,20.197,210.0,190.0,False,76.251,"[2049, 2048, 2048, 2049, 2048, 2049]","[2049, 2048, 2048, 2049, 2048, 2048, 2049, 2048, 2048, 2048]","[2048, 2048, 2049, 2048]",271.0
1236,9516,1,11,2024-05-24T11:52:36.352000+00:00,19.337,38.446,26.68,213.0,151.0,False,84.463,"[2048, 2048, 2048, 2049, 2049, 2049]","[2049, 2048, 2048, 2049, 2048, 2048, 2049, 2048, 2048, 2048]","[2048, 2048, 2048, 2048]",275.0
1236,9516,22,16,2024-05-24T11:52:42.128000+00:00,19.276,34.739,19.597,209.0,195.0,False,73.612,"[2049, 2048, 2049, 2049, 2048, 2048]","[2048, 2049, 2048, 2051, 2048, 2048, 2049, 2048, 2048, 2048]","[2049, 2049, 2049, 2049]",273.0
1236,9516,63,13,2024-05-24T11:52:46.923000+00:00,19.601,35.08,19.796,207.0,197.0,False,74.477,"[None, 2051, 2049, 2049, 2049, 2048]","[2049, 2048, 2049, 2049, 2051, 2048, 2048, 2049, 2051, 2049]","[2051, 2049, 2049, 2048, 2051]",278.0
1236,9516,55,16,2024-05-24T11:52:53.143000+00:00,19.339,34.678,19.477,215.0,197.0,False,73.494,"[None, 2049, 2049, 2049, 2048, 2048]","[2048, 2048, 2048, 2048, 2049, 2049, 2048, 2048, 2048, 2049]","[2049, 2049, 2049, 2051, 2049]",275.0
1236,9516,31,17,2024-05-24T11:52:56.659000+00:00,21.075,36.624,20.573,193.0,191.0,False,78.272,"[None, 2048, 2048, 2048, 2048, 2048]","[2048, 2048, 2048, 2048, 2048, 2048, 2048, 2048, 2048, 2048]","[2048, 2048, 2048, 2048, 2049]",269.0
1236,9516,44,12,2024-05-24T11:53:06.596000+00:00,23.821,40.131,24.358,163.0,182.0,False,88.31,"[2048, 2048, 2048, 2048, 2048, 2048]","[2048, 2048, 2048, 2048, 2048, 2048, 2048, 2048, 2048, 2048]","[2048, 2048, 2048, 2048, 2049]",260.0
1236,9516,2,15,2024-05-24T11:53:13.072000+00:00,20.668,35.79,20.189,208.0,187.0,False,76.647,"[2048, 2048, 2048, 2048, 2049, 2048]","[2049, 2048, 2048, 2048, 2049, 2048, 2048, 2048, 2048, 2048]","[2048, 2048, 2048, 2048, 2048]",274.0
1236,9516,23,15,2024-05-24T11:53:23.406000+00:00,27.876,40.25,21.686,144.0,183.0,True,89.812,"[2064, 2048, 2048, 2048, 2048, 2048]","[2048, 2048, 2048, 2048, 2048, 2048, 2048, 2048, 2048, 2048]","[2048, 2048, 2048, 2048, 2048]",269.0
1236,9516,16,17,2024-05-24T11:53:28.498000+00:00,19.11,34.63,19.392,218.0,196.0,False,73.132,"[None, 2048, 2048, 2048, 2049, 2051]","[2048, 2048, 2048, 2048, 2049, 2048, 2049, 2048, 2049, 2051]","[2048, 2051, 2048, 2051, 2049]",275.0
1236,9516,11,16,2024-05-24T11:53:31.581000+00:00,25.359,45.602,23.812,144.0,153.0,False,94.773,"[2048, 2048, 2048, 2048, 2048, 2048]","[2048, 2048, 2048, 2048, 2048, 2048, 2048, 2048, 2048, 2048]","[2048, 2048, 2048, 2048, 2048]",227.0
1236,9516,3,17,2024-05-24T11:53:38.361000+00:00,25.276,43.253,,175.0,146.0,False,406.87,"[None, 2048, 2048, 2048, 2048, 2048]","[2048, 2048, 2048, 2048, 2048, 2048, 2048, 2048, 2048, 2048]","[2048, 2048, 2048, 2064, 2064]",222.0
1236,9516,24,16,2024-05-24T11:53:45.502000+00:00,24.09,40.898,,162.0,145.0,False,737.89,"[2048, 2048, 2048, 2048, 2048, 2048]","[2048, 2048, 2048, 2048, 2048, 2048, 2048, 2048, 2048, 2048]","[2048, 2048, 2048, 2064, 2064]",248.0
1236,9516,22,17,2024-05-24T11:53:55.655000+00:00,34.509,48.04,,70.0,148.0,False,529.255,"[2048, 2048, 2048, 2048, 2048, 2048]","[2048, 2048, 2048, 2048, 2048, 2048, 2048, 2048, 2048, 2048]","[2048, 2048, 2048, 2064, 2064]",236.0
1236,9516,1,12,2024-05-24T11:54:00.787000+00:00,19.294,34.803,19.665,216.0,198.0,False,73.762,"[None, 2049, 2048, 2049, 2048, 2049]","[2048, 2049, 2049, 2048, 2049, 2048, 2048, 2048, 2048, 2051]","[2049, 2049, 2048, 2049, 2048]",275.0
1236,9516,63,14,2024-05-24T11:54:01.661000+00:00,25.211,50.466,23.994,155.0,170.0,False,99.671,"[None, 2048, 2048, 2048, 2048, 2048]","[2048, 2048, 2048, 2048, 2048, 2048, 2048, 2048, 2048, 2048]","[2048, 2048, 2048, 2048, 2048]",192.0
1236,9516,55,17,2024-05-24T11:54:06.504000+00:00,21.107,44.157,23.967,155.0,167.0,False,89.231,"[2049, 2049, 2049, 2048, 2048, 2048]","[2048, 2048, 2048, 2048, 2048, 2048, 2048, 2048, 2048, 2048]","[2048, 2048, 2048, 2048, 2048]",248.0
1236,9516,31,18,2024-05-24T11:54:14.830000+00:00,19.659,35.426,19.995,203.0,190.0,False,75.08,"[2049, 2049, 2049, 2048, 2049, 2048]","[2048, 2048, 2049, 2048, 2049, 2049, 2048, 2048, 2048, 2048]","[2048, 2048, 2049, 2048, 2049]",271.0
1236,9516,2,16,2024-05-24T11:54:29.728000+00:00,19.544,35.051,21.145,212.0,192.0,False,75.74,"[2049, 2049, 2048, 2049, 2049, 2049]","[2049, 2049, 2049, 2049, 2049, 2048, 2048, 2049, 2048, 2049]","[2049, 2048, 2048, 2048, 2048]",274.0
1236,9516,44,13,2024-05-24T11:54:34.943000+00:00,19.277,34.91,19.639,215.0,190.0,False,73.826,"[2049, 2049, 2049, 2049, 2048, 2049]","[2049, 2048, 2049, 2048, 2051, 2048, 2049, 2049, 2049, 2048]","[2049, 2048, 2049, 2049, 2049]",276.0
1236,9516,16,18,2024-05-24T11:54:41.673000+00:00,22.045,48.916,26.162,134.0,132.0,False,97.123,"[None, 2048, 2048, 2048, 2048, 2048]","[2048, 2048, 2048, 2048, 2048, 2048, 2048, 2048, 2048, 2048]","[2048, 2048, 2048, 2048, 2048]",210.0
1236,9516,23,16,2024-05-24T11:54:52.641000+00:00,19.689,38.389,22.878,202.0,154.0,False,80.956,"[2048, 2049, 2048, 2049, 2048, 2048]","[2048, 2049, 2048, 2048, 2048, 2048, 2048, 2048, 2048, 2048]","[2048, 2048, 2048, 2048, 2048]",268.0
1236,9516,11,17,2024-05-24T11:55:06.240000+00:00,19.524,34.693,19.693,215.0,199.0,False,73.91,"[None, 2048, 2048, 2049, 2048, 2048]","[2048, 2049, 2049, 2049, 2048, 2048, 2048, 2048, 2048, 2049]","[2051, 2048, 2049, 2049, 2049]",276.0
1236,9516,1,13,2024-05-24T11:55:14.568000+00:00,26.328,43.665,22.93,150.0,160.0,False,92.923,"[None, 2048, 2048, 2048, 2048, 2048]","[2048, 2048, 2048, 2048, 2048, 2048, 2048, 2048, 2048, 2048]","[2048, 2048, 2048, 2048, 2048]",240.0
1236,9516,20,12,2024-05-24T11:55:18.270000+00:00,26.544,45.839,24.136,173.0,67.0,True,96.519,"[2064, 2048, 2048, 2048, 2048, 2048]","[2048, 2048, 2048, 2048, 2048, 2048, 2048, 2048, 2048, 2048]","[2048, 2048, 2048, 2048, 2048]",239.0
1236,9516,31,19,2024-05-24T11:55:29.963000+00:00,22.271,41.552,,165.0,180.0,False,888.414,"[2048, 2048, 2048, 2048, 2048, 2048]","[2048, 2048, 2048, 2048, 2048, 2048, 2048, 2048, 2048, 2048]","[2048, 2048, 2048, 2064, 2064]",253.0
1236,9516,55,18,2024-05-24T11:55:35.799000+00:00,19.203,34.715,19.768,214.0,194.0,False,73.686,"[2048, 2048, 2048, 2048, 2049, 2048]","[2048, 2048, 2049, 2049, 2048, 2048, 2048, 2048, 2049, 2048]","[2048, 2048, 2051, 2048, 2048]",274.0
1236,9516,63,15,2024-05-24T11:55:41.189000+00:00,19.683,36.677,23.505,209.0,157.0,False,79.865,"[None, 2048, 2048, 2049, 2048, 2048]","[2049, 2049, 2048, 2049, 2048, 2048, 2049, 2048, 2048, 2048]","[2048, 2048, 2048, 2048]",275.0
1236,9516,2,17,2024-05-24T11:55:45.399000+00:00,23.704,42.82,24.64,170.0,153.0,False,91.164,"[2048, 2048, 2048, 2048, 2048, 2048]","[2048, 2048, 2048, 2048, 2048, 2048, 2048, 2048, 2048, 2048]","[2048, 2048, 2048, 2048, 2048]",240.0
1236,9516,44,14,2024-05-24T11:55:48.761000+00:00,24.897,47.019,23.725,157.0,153.0,False,95.641,"[2048, 2048, 2048, 2048, 2048, 2048]","[2048, 2048, 2048, 2048, 2048, 2048, 2048, 2048, 2048, 2048]","[2048, 2048, 2048, 2048, 2048]",200.0
1236,9516,23,17,2024-05-24T11:56:13.617000+00:00,19.571,34.818,19.659,210.0,196.0,False,74.048,"[None, 2048, 2048, 2049, 2049, 2049]","[2049, 2048, 2049, 2049, 2049, 2048, 2048, 2049, 2048, 2049]","[2049, 2049, 2049, 2049, 2048]",271.0
1236,9516,16,19,2024-05-24T11:56:18.862000+00:00,19.121,34.664,19.406,216.0,197.0,False,73.191,"[None, 2048, 2048, 2048, 2048, 2048]","[2048, 2048, 2048, 2048, 2049, 2048, 2048, 2049, 2048, 2048]","[2049, 2051, 2051, 2048, 2048]",276.0
1236,9516,11,18,2024-05-24T11:56:19.983000+00:00,24.659,49.031,45.652,137.0,148.0,False,119.342,"[None, 2048, 2048, 2048, 2048, 2048]","[2048, 2048, 2048, 2048, 2048, 2048, 2048, 2048, 2048, 2048]","[2048, 2048, 2048, 2064, 2064]",188.0
1236,9516,1,14,2024-05-24T11:56:47.497000+00:00,19.145,34.713,19.618,215.0,196.0,False,73.476,"[2049, 2049, 2048, 2051, 2051, 2048]","[2049, 2048, 2049, 2048, 2048, 2048, 2048, 2049, 2049, 2051]","[2048, 2049, 2048, 2048]",273.0
1236,9516,55,19,2024-05-24T11:56:49.532000+00:00,32.737,45.448,21.645,120.0,175.0,False,99.83,"[None, 2048, 2048, 2048, 2048, 2048]","[2048, 2048, 2048, 2048, 2048, 2048, 2048, 2048, 2048, 2048]","[2048, 2048, 2048, 2048, 2048]",254.0
1236,9516,20,13,2024-05-24T11:56:54.188000+00:00,19.799,35.279,19.956,212.0,195.0,False,75.034,"[2048, 2048, 2048, 2048, 2048, 2048]","[2049, 2048, 2048, 2048, 2049, 2048, 2048, 2048, 2048, 2048]","[2048, 2048, 2049, 2048, 2048]",275.0
1236,9516,63,16,2024-05-24T11:57:01.301000+00:00,19.316,34.649,19.721,216.0,200.0,False,73.686,"[2049, 2051, 2049, 2049, 2049, 2051]","[2049, 2049, 2048, 2048, 2048, 2048, 2049, 2049, 2051, 2049]","[2051, 2049, 2049, 2048]",276.0
1236,9516,2,18,2024-05-24T11:57:16.498000+00:00,19.715,34.917,20.141,211.0,194.0,False,74.773,"[None, 2048, 2048, 2049, 2049, 2049]","[2048, 2049, 2048, 2049, 2048, 2048, 2048, 2049, 2049, 2049]","[2049, 2048, 2048, 2048, 2048]",273.0
1236,9516,44,15,2024-05-24T11:57:24.444000+00:00,19.252,34.52,19.525,216.0,195.0,False,73.297,"[None, 2049, 2048, 2048, 2049, 2049]","[2048, 2049, 2049, 2049, 2048, 2048, 2048, 2049, 2049, 2049]","[2049, 2049, 2048, 2048, 2048]",275.0
1236,9516,23,18,2024-05-24T11:57:27.550000+00:00,39.078,41.079,22.914,160.0,173.0,False,103.071,"[None, 2048, 2048, 2048, 2048, 2048]","[2048, 2048, 2048, 2048, 2048, 2048, 2048, 2048, 2048, 2048]","[2048, 2048, 2048, 2048, 2048]",258.0
1236,9516,16,20,2024-05-24T11:57:31.981000+00:00,21.033,35.275,,212.0,187.0,False,461.843,"[None, 2048, 2048, 2048, 2048, 2048]","[2048, 2048, 2048, 2048, 2048, 2048, 2048, 2048, 2048, 2048]","[2048, 2048, 2048, 2064, 2064]",275.0
1236,9516,27,14,2024-05-24T11:57:35.425000+00:00,26.438,38.151,21.559,174.0,174.0,True,86.148,"[2064, 2048, 2048, 2048, 2048, 2048]","[2048, 2048, 2048, 2048, 2048, 2048, 2048, 2048, 2048, 2048]","[2048, 2048, 2048, 2048, 2048]",266.0
1236,9516,1,15,2024-05-24T11:58:00.847000+00:00,27.626,51.908,23.646,89.0,142.0,False,103.18,"[2048, 2048, 2048, 2048, 2048, 2048]","[2048, 2048, 2048, 2048, 2048, 2048, 2048, 2048, 2048, 2048]","[2048, 2048, 2048, 2048, 2048]",210.0
1236,9516,20,14,2024-05-24T11:58:09.230000+00:00,19.563,34.843,19.605,211.0,193.0,False,74.011,"[2049, 2048, 2048, 2049, 2049, 2048]","[2049, 2051, 2049, 2049, 2049, 2048, 2048, 2049, 2048, 2049]","[2049, 2049, 2049, 2049, 2048]",274.0
1236,9516,63,17,2024-05-24T11:58:14.557000+00:00,28.726,46.063,23.408,129.0,158.0,False,98.197,"[2048, 2048, 2048, 2048, 2048, 2048]","[2048, 2048, 2048, 2048, 2048, 2048, 2048, 2048, 2048, 2048]","[2048, 2048, 2048, 2048, 2048]",188.0
1236,9516,11,19,2024-05-24T11:58:20.071000+00:00,27.122,52.091,28.439,159.0,181.0,True,107.652,"[2064, 2048, 2048, 2048, 2048, 2048]","[2048, 2048, 2048, 2048, 2048, 2048, 2048, 2048, 2048, 2048]","[2048, 2048, 2048, 2048, 2048]",176.0
1236,9516,55,20,2024-05-24T11:58:29.360000+00:00,19.277,42.536,30.378,213.0,99.0,False,92.191,"[2049, 2048, 2048, 2049, 2048, 2048]","[2048, 2048, 2048, 2048, 2048, 2048, 2048, 2048, 2048, 2048]","[2048, 2048, 2048, 2048, 2048]",244.0
1236,9516,2,19,2024-05-24T11:58:31.284000+00:00,26.422,46.297,27.672,135.0,131.0,False,100.391,"[None, 2048, 2048, 2048, 2048, 2048]","[2048, 2048, 2048, 2048, 2048, 2048, 2048, 2048, 2048, 2048]","[2048, 2048, 2048, 2048, 2048]",240.0
1236,9516,44,16,2024-05-24T11:58:37.731000+00:00,28.577,55.534,22.032,107.0,178.0,False,106.143,"[None, 2048, 2048, 2048, 2048, 2048]","[2048, 2048, 2048, 2048, 2048, 2048, 2048, 2048, 2048, 2048]","[2048, 2048, 2048, 2048, 2048]",127.0
1236,9516,27,15,2024-05-24T11:59:00.886000+00:00,19.628,34.751,19.65,214.0,194.0,False,74.029,"[2049, 2048, 2048, 2048, 2049, 2049]","[2049, 2049, 2049, 2049, 2048, 2048, 2048, 2049, 2049, 2049]","[2049, 2049, 2048, 2048, 2048]",276.0
1236,9516,23,19,2024-05-24T11:59:10.641000+00:00,19.457,34.714,19.804,213.0,197.0,False,73.975,"[None, 2048, 2048, 2049, 2049, 2049]","[2049, 2049, 2048, 2048, 2048, 2048, 2048, 2048, 2049, 2049]","[2049, 2048, 2048, 2048]",272.0
1236,9516,20,15,2024-05-24T11:59:23.137000+00:00,19.49,34.766,19.747,214.0,192.0,False,74.003,"[None, 2048, 2048, 2049, 2048, 2049]","[2049, 2051, 2049, 2049, 2048, 2048, 2048, 2048, 2048, 2049]","[2048, 2048, 2049, 2048, 2048]",275.0
1236,9516,81,14,2024-05-24T11:59:36.613000+00:00,31.188,44.425,22.073,173.0,162.0,True,97.686,"[2064, 2048, 2048, 2048, 2048, 2048]","[2048, 2048, 2048, 2048, 2048, 2048, 2048, 2048, 2048, 2048]","[2048, 2048, 2048, 2048, 2048]",253.0
1236,9516,1,16,2024-05-24T11:59:44.059000+00:00,19.147,41.636,52.854,215.0,156.0,False,113.637,"[2049, 2048, 2048, 2051, 2048, 2049]","[2049, 2048, 2048, 2048, 2048, 2048, 2048, 2048, 2048, 2048]","[2048, 2048, 2048, 2064, 2064]",184.0
1236,9516,63,18,2024-05-24T11:59:52.852000+00:00,19.214,34.733,19.734,216.0,199.0,False,73.681,"[2049, 2051, 2049, 2049, 2049, 2048]","[2049, 2048, 2049, 2049, 2049, 2048, 2048, 2048, 2048, 2048]","[2048, 2048, 2049, 2049, 2048]",275.0
1236,9516,55,21,2024-05-24T12:00:01.513000+00:00,19.247,34.813,,215.0,198.0,False,506.302,"[2048, 2048, 2048, 2048, 2049, 2048]","[2048, 2048, 2049, 2048, 2048, 2048, 2048, 2048, 2049, 2048]","[2048, 2048, 2048, 2064, 2064]",274.0
1236,9516,4,14,2024-05-24T12:00:02.040000+00:00,31.19,42.028,20.746,75.0,184.0,True,93.964,"[2064, 2048, 2048, 2048, 2048, 2048]","[2048, 2048, 2048, 2048, 2048, 2048, 2048, 2048, 2048, 2048]","[2048, 2048, 2048, 2048, 2048]",257.0
1236,9516,11,20,2024-05-24T12:00:07.090000+00:00,19.402,40.884,,217.0,173.0,False,553.175,"[2048, 2049, 2049, 2049, 2048, 2048]","[2048, 2048, 2048, 2048, 2048, 2048, 2048, 2048, 2048, 2048]","[2048, 2048, 2048, 2064, 2064]",229.0
1236,9516,2,20,2024-05-24T12:00:11.717000+00:00,20.984,49.45,,139.0,125.0,False,423.146,"[None, 2049, 2049, 2049, 2048, 2048]","[2048, 2048, 2048, 2048, 2048, 2048, 2048, 2048, 2048, 2048]","[2048, 2048, 2048, 2064, 2064]",177.0
1236,9516,27,16,2024-05-24T12:00:14.894000+00:00,27.492,50.341,25.618,97.0,135.0,False,103.451,"[2048, 2048, 2048, 2048, 2048, 2048]","[2048, 2048, 2048, 2048, 2048, 2048, 2048, 2048, 2048, 2048]","[2048, 2048, 2048, 2048, 2048]",151.0
1236,9516,44,17,2024-05-24T12:00:24.084000+00:00,19.093,34.498,20.086,217.0,196.0,False,73.677,"[2049, 2048, 2049, 2048, 2049, 2051]","[2049, 2048, 2049, 2048, 2051, 2048, 2048, 2049, 2049, 2049]","[2049, 2048, 2048, 2048, 2048]",276.0
1236,9516,23,20,2024-05-24T12:00:24.506000+00:00,23.716,46.717,27.758,175.0,116.0,False,98.191,"[None, 2048, 2048, 2048, 2048, 2048]","[2048, 2048, 2048, 2048, 2048, 2048, 2048, 2048, 2048, 2048]","[2048, 2048, 2048, 2048, 2048]",238.0
1236,9516,3,18,2024-05-24T12:00:26.041000+00:00,27.923,44.044,29.118,174.0,104.0,True,101.085,"[2064, 2048, 2048, 2048, 2048, 2048]","[2048, 2048, 2048, 2048, 2048, 2048, 2048, 2048, 2048, 2048]","[2048, 2048, 2048, 2048, 2048]",263.0
1236,9516,14,14,2024-05-24T12:00:33.393000+00:00,25.859,41.181,27.373,178.0,165.0,True,94.413,"[2064, 2048, 2048, 2048, 2048, 2048]","[2048, 2048, 2048, 2048, 2048, 2048, 2048, 2048, 2048, 2048]","[2048, 2048, 2048, 2048, 2048]",261.0
1236,9516,20,16,2024-05-24T12:00:37.182000+00:00,24.441,43.703,26.573,144.0,150.0,False,94.717,"[2048, 2048, 2048, 2048, 2048, 2048]","[2048, 2048, 2048, 2048, 2048, 2048, 2048, 2048, 2048, 2048]","[2048, 2048, 2048, 2048, 2048]",245.0
1236,9516,63,19,2024-05-24T12:01:06.476000+00:00,24.676,39.504,39.91,168.0,175.0,False,104.09,"[2048, 2048, 2048, 2048, 2048, 2048]","[2048, 2048, 2048, 2048, 2048, 2048, 2048, 2048, 2048, 2048]","[2048, 2048, 2048, 2064, 2064]",259.0
1236,9516,81,15,2024-05-24T12:01:13.665000+00:00,19.175,34.76,19.689,209.0,198.0,False,73.624,"[2049, 2049, 2048, 2049, 2051, 2048]","[2049, 2051, 2048, 2049, 2048, 2048, 2048, 2049, 2049, 2049]","[2049, 2051, 2049, 2048, 2048]",274.0
1236,9516,4,15,2024-05-24T12:01:35.266000+00:00,19.491,34.865,19.75,214.0,193.0,False,74.106,"[2048, 2048, 2048, 2048, 2049, 2048]","[2049, 2048, 2049, 2048, 2048, 2048, 2048, 2048, 2048, 2048]","[2048, 2049, 2048, 2049, 2048]",273.0
1236,9516,44,18,2024-05-24T12:01:37.606000+00:00,31.046,54.325,21.663,96.0,172.0,False,107.034,"[2048, 2048, 2048, 2048, 2048, 2048]","[2048, 2048, 2048, 2048, 2048, 2048, 2048, 2048, 2048, 2048]","[2048, 2048, 2048, 2048, 2048]",116.0
1236,9516,1,17,2024-05-24T12:01:38.412000+00:00,27.605,40.133,21.125,174.0,179.0,True,88.863,"[2064, 2048, 2048, 2048, 2048, 2048]","[2048, 2048, 2048, 2048, 2048, 2048, 2048, 2048, 2048, 2048]","[2048, 2048, 2048, 2048, 2048]",260.0
1236,9516,27,17,2024-05-24T12:01:58.324000+00:00,23.229,47.367,25.066,102.0,163.0,False,95.662,"[None, 2048, 2048, 2048, 2048, 2048]","[2048, 2048, 2048, 2048, 2048, 2048, 2048, 2048, 2048, 2048]","[2048, 2048, 2048, 2048, 2048]",259.0
1236,9516,23,21,2024-05-24T12:02:02.800000+00:00,19.416,34.906,19.636,212.0,197.0,False,73.958,"[2049, 2049, 2049, 2048, 2048, 2049]","[2049, 2049, 2048, 2048, 2048, 2048, 2048, 2048, 2048, 2048]","[2048, 2049, 2048, 2048]",271.0
1236,9516,3,19,2024-05-24T12:02:06.361000+00:00,19.478,39.831,33.369,212.0,71.0,False,92.678,"[2048, 2048, 2048, 2049, 2049, 2048]","[2049, 2048, 2048, 2048, 2048, 2048, 2048, 2048, 2048, 2048]","[2048, 2048, 2048, 2048, 2048]",271.0
1236,9516,14,15,2024-05-24T12:02:07.142000+00:00,21.459,42.912,34.226,187.0,169.0,False,98.597,"[2048, 2048, 2048, 2048, 2048, 2048]","[2048, 2048, 2048, 2048, 2048, 2048, 2048, 2048, 2048, 2048]","[2048, 2048, 2048, 2048, 2048]",259.0
1236,9516,20,17,2024-05-24T12:02:11.933000+00:00,19.374,34.862,23.373,215.0,192.0,False,77.609,"[None, 2049, 2049, 2049, 2048, 2048]","[2049, 2048, 2048, 2048, 2048, 2048, 2048, 2048, 2048, 2048]","[2048, 2048, 2048, 2048, 2049]",278.0
1236,9516,81,16,2024-05-24T12:02:27.111000+00:00,25.921,45.79,23.048,139.0,144.0,False,94.759,"[2048, 2048, 2048, 2048, 2048, 2048]","[2048, 2048, 2048, 2048, 2048, 2048, 2048, 2048, 2048, 2048]","[2048, 2048, 2048, 2048, 2049]",245.0
1236,9516,22,18,2024-05-24T12:02:45.717000+00:00,27.935,41.011,24.508,159.0,175.0,True,93.454,"[2064, 2048, 2048, 2048, 2048, 2048]","[2048, 2048, 2048, 2048, 2048, 2048, 2048, 2048, 2048, 2048]","[2048, 2048, 2048, 2048, 2048]",262.0
1236,9516,4,16,2024-05-24T12:02:49.442000+00:00,21.838,41.011,21.414,164.0,173.0,False,84.263,"[None, 2048, 2048, 2048, 2048, 2048]","[2048, 2048, 2048, 2048, 2048, 2048, 2048, 2048, 2048, 2048]","[2048, 2048, 2048, 2048, 2048]",234.0
1236,9516,63,20,2024-05-24T12:02:51.204000+00:00,24.999,47.992,20.758,188.0,178.0,True,93.749,"[2064, 2048, 2048, 2048, 2048, 2048]","[2048, 2048, 2048, 2048, 2048, 2048, 2048, 2048, 2048, 2048]","[2048, 2048, 2048, 2048, 2048]",267.0
1236,9516,1,18,2024-05-24T12:03:06.679000+00:00,19.118,34.743,19.655,215.0,195.0,False,73.516,"[2049, 2049, 2049, 2048, 2048, 2048]","[2049, 2048, 2048, 2048, 2049, 2048, 2048, 2048, 2048, 2048]","[2048, 2048, 2048, 2048, 2049]",276.0
1236,9516,23,22,2024-05-24T12:03:16.637000+00:00,25.39,41.396,22.297,141.0,180.0,False,89.083,"[2048, 2048, 2048, 2048, 2048, 2048]","[2048, 2048, 2048, 2048, 2048, 2048, 2048, 2048, 2048, 2048]","[2048, 2048, 2048, 2048, 2049]",270.0
1236,9516,44,19,2024-05-24T12:03:24.582000+00:00,21.378,38.494,39.677,179.0,171.0,False,99.549,"[None, 2048, 2048, 2048, 2048, 2048]","[2048, 2048, 2048, 2048, 2048, 2048, 2048, 2048, 2048, 2048]","[2048, 2048, 2048, 2064, 2064]",263.0
1236,9516,20,18,2024-05-24T12:03:29.505000+00:00,20.346,46.901,26.322,158.0,177.0,False,93.569,"[None, 2048, 2048, 2048, 2048, 2048]","[2048, 2048, 2048, 2048, 2048, 2048, 2048, 2048, 2048, 2048]","[2048, 2048, 2048, 2048, 2048]",149.0
1236,9516,27,18,2024-05-24T12:03:34.086000+00:00,19.39,39.415,24.741,213.0,65.0,False,83.546,"[2049, 2049, 2048, 2049, 2049, 2048]","[2048, 2048, 2049, 2048, 2048, 2048, 2049, 2048, 2048, 2048]","[2048, 2048, 2048, 2048, 2048]",277.0
1236,9516,3,20,2024-05-24T12:03:39.146000+00:00,19.461,34.573,19.615,,199.0,False,73.649,"[None, 2048, 2049, 2049, 2048, 2048]","[2049, 2049, 2048, 2049, 2048, 2048, 2049, 2048, 2048, 2049]","[2048, 2049, 2049, 2049, 2048]",273.0
1236,9516,14,16,2024-05-24T12:03:45.751000+00:00,19.488,34.687,19.605,212.0,192.0,False,73.78,"[None, 2049, 2048, 2048, 2049, 2049]","[2049, 2049, 2049, 2049, 2049, 2048, 2049, 2049, 2049, 2049]","[2048, 2049, 2049, 2049, 2049]",275.0
1236,9516,81,17,2024-05-24T12:04:02.062000+00:00,19.058,34.206,19.354,216.0,199.0,False,72.618,"[None, 2049, 2048, 2049, 2048, 2049]","[2049, 2051, 2049, 2049, 2049, 2048, 2048, 2049, 2049, 2049]","[2049, 2051, 2051, 2049, 2049]",275.0
1236,9516,4,17,2024-05-24T12:04:13.747000+00:00,19.362,34.39,19.474,216.0,196.0,False,73.226,"[2049, 2048, 2048, 2049, 2049, 2048]","[2051, 2049, 2048, 2049, 2048, 2048, 2048, 2049, 2049, 2048]","[2049, 2049, 2049, 2049]",273.0
1236,9516,22,19,2024-05-24T12:04:18.522000+00:00,23.088,43.211,22.127,129.0,162.0,False,88.426,"[2048, 2048, 2048, 2048, 2048, 2048]","[2048, 2048, 2048, 2048, 2048, 2048, 2048, 2048, 2048, 2048]","[2048, 2048, 2048, 2048, 2048]",261.0
1236,9516,1,19,2024-05-24T12:04:20.208000+00:00,22.49,42.707,,91.0,168.0,False,595.468,"[2048, 2048, 2048, 2048, 2048, 2048]","[2048, 2048, 2048, 2048, 2048, 2048, 2048, 2048, 2048, 2048]","[2048, 2048, 2048, 2064, 2064]",244.0
1236,9516,63,21,2024-05-24T12:04:24.469000+00:00,18.931,34.089,19.275,221.0,203.0,False,72.295,"[2049, 2051, 2051, 2049, 2049, 2051]","[2049, 2049, 2049, 2049, 2051, 2049, 2048, 2049, 2051, 2049]","[2051, 2049, 2048, 2051, 2051]",279.0
1236,9516,23,23,2024-05-24T12:04:45.941000+00:00,19.313,34.674,19.438,216.0,197.0,False,73.425,"[2049, 2048, 2049, 2048, 2049, 2049]","[2048, 2048, 2048, 2048, 2049, 2049, 2048, 2049, 2049, 2049]","[2049, 2049, 2049, 2049]",274.0
1236,9516,3,21,2024-05-24T12:04:52.776000+00:00,31.547,54.905,29.224,86.0,115.0,False,115.676,"[None, 2048, 2048, 2048, 2048, 2048]","[2048, 2048, 2048, 2048, 2048, 2048, 2048, 2048, 2048, 2048]","[2048, 2048, 2048, 2048, 2048]",188.0
1236,9516,27,19,2024-05-24T12:04:57.552000+00:00,22.241,46.235,25.123,155.0,139.0,False,93.599,"[2048, 2048, 2048, 2048, 2048, 2048]","[2048, 2048, 2048, 2048, 2048, 2048, 2048, 2048, 2048, 2048]","[2048, 2048, 2048, 2048, 2048]",185.0
1236,9516,14,17,2024-05-24T12:04:59.471000+00:00,24.614,43.666,29.77,139.0,119.0,False,98.05,"[None, 2048, 2048, 2048, 2048, 2048]","[2048, 2048, 2048, 2048, 2048, 2048, 2048, 2048, 2048, 2048]","[2048, 2048, 2048, 2048, 2048]",261.0
1236,9516,20,19,2024-05-24T12:05:03.127000+00:00,19.389,34.572,19.533,213.0,196.0,False,73.494,"[None, 2048, 2049, 2049, 2048, 2048]","[2048, 2049, 2048, 2048, 2048, 2048, 2048, 2049, 2049, 2049]","[2049, 2049, 2049, 2048]",276.0
1236,9516,44,20,2024-05-24T12:05:04.807000+00:00,24.263,40.526,34.627,179.0,180.0,True,99.416,"[2064, 2048, 2048, 2048, 2048, 2048]","[2048, 2048, 2048, 2048, 2048, 2048, 2048, 2048, 2048, 2048]","[2048, 2048, 2048, 2048, 2048]",264.0
1236,9516,16,21,2024-05-24T12:05:14.552000+00:00,27.322,40.373,38.067,186.0,154.0,True,105.762,"[2064, 2048, 2048, 2048, 2048, 2048]","[2048, 2048, 2048, 2048, 2048, 2048, 2048, 2048, 2048, 2048]","[2048, 2048, 2048, 2048, 2048]",261.0
1236,9516,81,18,2024-05-24T12:05:14.638000+00:00,24.902,41.12,33.509,165.0,143.0,False,99.531,"[None, 2048, 2048, 2048, 2048, 2048]","[2048, 2048, 2048, 2048, 2048, 2048, 2048, 2048, 2048, 2048]","[2048, 2048, 2048, 2048, 2048]",259.0
1236,9516,18,15,2024-05-24T12:05:19.924000+00:00,24.483,38.464,49.037,185.0,166.0,True,111.984,"[2064, 2048, 2048, 2048, 2048, 2048]","[2048, 2048, 2048, 2048, 2048, 2048, 2048, 2048, 2048, 2048]","[2048, 2048, 2048, 2048, 2048]",264.0
1236,9516,4,18,2024-05-24T12:05:26.767000+00:00,23.543,45.533,28.917,155.0,141.0,False,97.993,"[2048, 2048, 2048, 2048, 2048, 2048]","[2048, 2048, 2048, 2048, 2048, 2048, 2048, 2048, 2048, 2048]","[2048, 2048, 2048, 2048, 2048]",202.0
1236,9516,63,22,2024-05-24T12:05:36.704000+00:00,30.332,55.402,22.035,94.0,149.0,False,107.769,"[2048, 2048, 2048, 2048, 2048, 2048]","[2048, 2048, 2048, 2048, 2048, 2048, 2048, 2048, 2048, 2048]","[2048, 2048, 2048, 2048, 2048]",157.0
1236,9516,22,20,2024-05-24T12:05:46.947000+00:00,19.163,34.39,19.551,211.0,197.0,False,73.104,"[2049, 2049, 2048, 2049, 2048, 2048]","[2049, 2049, 2048, 2048, 2048, 2048, 2049, 2049, 2049, 2049]","[2049, 2049, 2048, 2048]",273.0
1236,9516,23,24,2024-05-24T12:05:59.176000+00:00,23.332,40.618,,159.0,151.0,False,856.027,"[2048, 2048, 2048, 2048, 2048, 2048]","[2048, 2048, 2048, 2048, 2048, 2048, 2048, 2048, 2048, 2048]","[2048, 2048, 2048, 2064, 2064]",245.0
1236,9516,24,17,2024-05-24T12:06:04.176000+00:00,28.78,39.294,22.935,171.0,174.0,True,91.009,"[2064, 2048, 2048, 2048, 2048, 2048]","[2048, 2048, 2048, 2048, 2048, 2048, 2048, 2048, 2048, 2048]","[2048, 2048, 2048, 2048, 2048]",255.0
1236,9516,20,20,2024-05-24T12:06:16.516000+00:00,23.526,40.106,21.319,146.0,174.0,False,84.951,"[None, 2048, 2048, 2048, 2048, 2048]","[2048, 2048, 2048, 2048, 2048, 2048, 2048, 2048, 2048, 2048]","[2048, 2048, 2048, 2048, 2048]",249.0
1236,9516,27,20,2024-05-24T12:06:31.162000+00:00,19.44,34.62,19.654,213.0,196.0,False,73.714,"[None, 2048, 2048, 2048, 2048, 2048]","[2048, 2049, 2049, 2048, 2049, 2048, 2048, 2049, 2049, 2049]","[2049, 2048, 2048, 2049]",277.0
1236,9516,14,18,2024-05-24T12:06:37.667000+00:00,19.194,34.393,19.461,216.0,197.0,False,73.048,"[2049, 2048, 2048, 2049, 2049, 2049]","[2049, 2048, 2049, 2049, 2049, 2048, 2049, 2049, 2049, 2049]","[2049, 2049, 2049, 2049, 2048]",274.0
1236,9516,44,21,2024-05-24T12:06:43.559000+00:00,18.958,34.19,19.25,220.0,197.0,False,72.398,"[2049, 2049, 2049, 2049, 2049, 2049]","[2049, 2049, 2048, 2051, 2051, 2049, 2049, 2048, 2048, 2049]","[2049, 2049, 2049, 2049, 2049]",279.0
1236,9516,3,22,2024-05-24T12:06:48.480000+00:00,19.42,34.526,19.542,215.0,199.0,False,73.488,"[None, 2048, 2048, 2048, 2049, 2048]","[2049, 2048, 2049, 2049, 2048, 2048, 2048, 2048, 2048, 2048]","[2049, 2048, 2048, 2049]",273.0
1236,9516,81,19,2024-05-24T12:06:54.222000+00:00,18.964,33.942,19.292,218.0,203.0,False,72.198,"[2049, 2049, 2049, 2048, 2048, 2049]","[2049, 2051, 2049, 2049, 2049, 2049, 2049, 2048, 2048, 2051]","[2049, 2051, 2048, 2049, 2048]",277.0
1236,9516,16,22,2024-05-24T12:06:59.669000+00:00,19.537,37.782,27.439,210.0,176.0,False,84.758,"[2048, 2048, 2048, 2048, 2048, 2048]","[2048, 2048, 2048, 2048, 2048, 2048, 2048, 2048, 2048, 2048]","[2048, 2048, 2048, 2048, 2048]",246.0
1236,9516,22,21,2024-05-24T12:06:59.981000+00:00,30.721,49.213,24.122,94.0,142.0,False,104.056,"[2048, 2048, 2048, 2048, 2048, 2048]","[2048, 2048, 2048, 2048, 2048, 2048, 2048, 2048, 2048, 2048]","[2048, 2048, 2048, 2048, 2048]",204.0
1236,9516,4,19,2024-05-24T12:07:04.985000+00:00,19.227,34.793,19.619,216.0,195.0,False,73.639,"[None, 2048, 2048, 2049, 2049, 2048]","[2048, 2048, 2048, 2048, 2048, 2048, 2049, 2048, 2048, 2049]","[2048, 2048, 2048, 2048, 2048]",277.0
1236,9516,77,14,2024-05-24T12:07:06.603000+00:00,28.646,38.453,24.534,192.0,176.0,True,91.633,"[2064, 2048, 2048, 2048, 2048, 2048]","[2048, 2048, 2048, 2048, 2048, 2048, 2048, 2048, 2048, 2048]","[2048, 2048, 2048, 2048, 2048]",256.0
1236,9516,18,16,2024-05-24T12:07:11.372000+00:00,19.348,34.325,19.74,216.0,194.0,False,73.413,"[2048, 2049, 2048, 2049, 2049, 2049]","[2049, 2049, 2049, 2049, 2049, 2048, 2048, 2049, 2048, 2049]","[2049, 2049, 2048, 2049, 2049]",277.0
1236,9516,2,21,2024-05-24T12:07:15.593000+00:00,31.414,38.132,23.727,176.0,180.0,True,93.273,"[2064, 2048, 2048, 2048, 2048, 2048]","[2048, 2048, 2048, 2048, 2048, 2048, 2048, 2048, 2048, 2048]","[2048, 2048, 2048, 2048, 2048]",271.0
1236,9516,63,23,2024-05-24T12:07:24.518000+00:00,18.842,38.368,32.335,221.0,104.0,False,89.545,"[2049, 2048, 2048, 2049, 2049, 2051]","[2049, 2048, 2048, 2048, 2049, 2051, 2049, 2048, 2048, 2048]","[2048, 2048, 2048, 2048, 2048]",281.0
1236,9516,24,18,2024-05-24T12:07:34.609000+00:00,19.605,34.956,20.009,214.0,194.0,False,74.57,"[2049, 2049, 2048, 2049, 2049, 2049]","[2049, 2049, 2049, 2049, 2049, 2049, 2049, 2049, 2049, 2049]","[2049, 2049, 2048, 2048, 2048]",275.0
1236,9516,20,21,2024-05-24T12:07:41.571000+00:00,19.251,34.537,19.602,215.0,197.0,False,73.39,"[2049, 2049, 2048, 2049, 2048, 2049]","[2048, 2048, 2048, 2049, 2049, 2049, 2048, 2048, 2048, 2048]","[2049, 2049, 2048, 2048]",278.0
1236,9516,27,21,2024-05-24T12:07:44.831000+00:00,25.976,49.75,30.597,131.0,113.0,False,106.323,"[None, 2048, 2048, 2048, 2048, 2048]","[2048, 2048, 2048, 2048, 2048, 2048, 2048, 2048, 2048, 2048]","[2048, 2048, 2048, 2048, 2048]",147.0
1236,9516,14,19,2024-05-24T12:07:50.926000+00:00,24.425,43.755,27.108,160.0,139.0,False,95.288,"[2048, 2048, 2048, 2048, 2048, 2048]","[2048, 2048, 2048, 2048, 2048, 2048, 2048, 2048, 2048, 2048]","[2048, 2048, 2048, 2048, 2048]",227.0
1236,9516,44,22,2024-05-24T12:07:55.851000+00:00,29.324,50.939,34.275,117.0,161.0,False,114.538,"[2048, 2048, 2048, 2048, 2048, 2048]","[2048, 2048, 2048, 2048, 2048, 2048, 2048, 2048, 2048, 2048]","[2048, 2048, 2048, 2048, 2048]",218.0
1236,9516,3,23,2024-05-24T12:08:01.950000+00:00,36.884,54.92,26.091,80.0,142.0,False,117.895,"[None, 2048, 2048, 2048, 2048, 2048]","[2048, 2048, 2048, 2048, 2048, 2048, 2048, 2048, 2048, 2048]","[2048, 2048, 2048, 2048, 2048]",174.0
1236,9516,81,20,2024-05-24T12:08:06.426000+00:00,25.966,48.391,34.56,141.0,134.0,False,108.917,"[2048, 2048, 2048, 2048, 2048, 2048]","[2048, 2048, 2048, 2048, 2048, 2048, 2048, 2048, 2048, 2048]","[2048, 2048, 2048, 2048, 2048]",236.0
1236,9516,4,20,2024-05-24T12:08:18.643000+00:00,19.063,37.287,41.126,,164.0,False,97.476,"[2049, 2049, 2048, 2049, 2048, 2048]","[2048, 2048, 2048, 2048, 2048, 2048, 2048, 2048, 2048, 2048]","[2048, 2048, 2048, 2064, 2064]",259.0
1236,9516,16,23,2024-05-24T12:08:24.451000+00:00,19.359,34.939,25.769,217.0,180.0,False,80.067,"[None, 2048, 2048, 2048, 2049, 2048]","[2048, 2049, 2048, 2048, 2049, 2048, 2049, 2048, 2048, 2048]","[2048, 2048, 2048, 2048, 2048]",277.0
1236,9516,18,17,2024-05-24T12:08:24.560000+00:00,27.964,60.702,25.515,95.0,122.0,False,114.181,"[None, 2048, 2048, 2048, 2048, 2048]","[2048, 2048, 2048, 2048, 2048, 2048, 2048, 2048, 2048, 2048]","[2048, 2048, 2048, 2048, 2048]",139.0
1236,9516,55,22,2024-05-24T12:08:28.515000+00:00,24.809,41.48,32.41,154.0,163.0,True,98.699,"[2064, 2048, 2048, 2048, 2048, 2048]","[2048, 2048, 2048, 2048, 2048, 2048, 2048, 2048, 2048, 2048]","[2048, 2048, 2048, 2048, 2048]",259.0
1236,9516,77,15,2024-05-24T12:08:37.589000+00:00,19.583,34.726,19.6,215.0,192.0,False,73.909,"[2049, 2049, 2049, 2049, 2049, 2048]","[2049, 2049, 2049, 2049, 2049, 2049, 2049, 2048, 2049, 2049]","[2049, 2049, 2049, 2049]",276.0
1236,9516,22,22,2024-05-24T12:08:44.108000+00:00,19.031,34.423,19.421,215.0,199.0,False,72.875,"[2049, 2049, 2049, 2049, 2049, 2048]","[2048, 2048, 2048, 2048, 2049, 2048, 2049, 2048, 2048, 2049]","[2049, 2048, 2048, 2049]",275.0
1236,9516,2,22,2024-05-24T12:08:48.162000+00:00,20.107,36.793,27.366,206.0,176.0,False,84.266,"[2048, 2048, 2048, 2048, 2048, 2048]","[2048, 2048, 2048, 2048, 2048, 2048, 2048, 2048, 2048, 2048]","[2048, 2048, 2048, 2048, 2048]",274.0
1236,9516,24,19,2024-05-24T12:08:49.153000+00:00,28.123,45.385,25.951,66.0,135.0,False,99.459,"[2048, 2048, 2048, 2048, 2048, 2048]","[2048, 2048, 2048, 2048, 2048, 2048, 2048, 2048, 2048, 2048]","[2048, 2048, 2048, 2048, 2048]",245.0
1236,9516,63,24,2024-05-24T12:08:53.983000+00:00,31.939,47.139,22.127,120.0,127.0,False,101.205,"[2048, 2048, 2048, 2048, 2048, 2048]","[2048, 2048, 2048, 2048, 2048, 2048, 2048, 2048, 2048, 2048]","[2048, 2048, 2048, 2048, 2048]",238.0
1236,9516,20,22,2024-05-24T12:08:54.837000+00:00,22.843,41.014,24.958,177.0,161.0,False,88.815,"[2048, 2048, 2048, 2048, 2048, 2048]","[2048, 2048, 2048, 2048, 2048, 2048, 2048, 2048, 2048, 2048]","[2048, 2048, 2048, 2048, 2049]",239.0
1236,9516,11,21,2024-05-24T12:09:20.977000+00:00,32.008,41.795,20.735,59.0,186.0,True,94.538,"[2064, 2048, 2048, 2048, 2048, 2048]","[2048, 2048, 2048, 2048, 2048, 2048, 2048, 2048, 2048, 2048]","[2048, 2048, 2048, 2048, 2048]",249.0
1236,9516,14,20,2024-05-24T12:09:25.969000+00:00,19.073,34.25,19.452,218.0,198.0,False,72.775,"[2049, 2049, 2049, 2048, 2049, 2049]","[2051, 2048, 2049, 2048, 2049, 2049, 2049, 2048, 2048, 2049]","[2049, 2049, 2048, 2049, 2049]",276.0
1236,9516,27,22,2024-05-24T12:09:31.151000+00:00,22.1,46.903,25.007,158.0,136.0,False,94.01,"[None, 2048, 2048, 2048, 2048, 2048]","[2048, 2048, 2048, 2048, 2048, 2048, 2048, 2048, 2048, 2048]","[2048, 2048, 2048, 2048, 2048]",200.0
1236,9516,16,24,2024-05-24T12:09:44.502000+00:00,18.912,34.25,19.235,219.0,199.0,False,72.397,"[None, 2049, 2049, 2048, 2049, 2048]","[2049, 2049, 2049, 2049, 2048, 2048, 2048, 2048, 2048, 2048]","[2049, 2049, 2049, 2049]",277.0
1236,9516,44,23,2024-05-24T12:09:50.500000+00:00,22.272,44.9,27.938,159.0,174.0,False,95.11,"[None, 2048, 2048, 2048, 2048, 2048]","[2048, 2048, 2048, 2048, 2048, 2048, 2048, 2048, 2048, 2048]","[2048, 2048, 2048, 2048, 2048]",254.0
1236,9516,77,16,2024-05-24T12:09:51.392000+00:00,34.612,59.006,24.271,76.0,152.0,False,117.889,"[2048, 2048, 2048, 2048, 2048, 2048]","[2048, 2048, 2048, 2048, 2048, 2048, 2048, 2048, 2048, 2048]","[2048, 2048, 2048, 2048, 2048]",234.0
1236,9516,81,21,2024-05-24T12:09:55.250000+00:00,19.264,35.488,,216.0,183.0,False,607.637,"[None, 2048, 2048, 2048, 2048, 2048]","[2048, 2048, 2048, 2048, 2048, 2048, 2048, 2048, 2048, 2048]","[2048, 2048, 2048, 2064, 2064]",259.0
1236,9516,4,21,2024-05-24T12:09:56.625000+00:00,27.076,38.634,28.992,178.0,167.0,True,94.702,"[2064, 2048, 2048, 2048, 2048, 2048]","[2048, 2048, 2048, 2048, 2048, 2048, 2048, 2048, 2048, 2048]","[2048, 2048, 2048, 2048, 2048]",264.0
1236,9516,22,23,2024-05-24T12:09:56.902000+00:00,30.858,52.097,28.136,81.0,139.0,False,111.091,"[2048, 2048, 2048, 2048, 2048, 2048]","[2048, 2048, 2048, 2048, 2048, 2048, 2048, 2048, 2048, 2048]","[2048, 2048, 2048, 2048, 2048]",118.0
1236,9516,3,24,2024-05-24T12:09:59.766000+00:00,19.499,38.134,23.126,212.0,149.0,False,80.759,"[None, 2049, 2049, 2049, 2048, 2049]","[2048, 2048, 2049, 2049, 2049, 2048, 2048, 2048, 2048, 2048]","[2048, 2048, 2048, 2048, 2048]",268.0
1236,9516,55,23,2024-05-24T12:10:06.452000+00:00,20.971,42.452,33.587,187.0,179.0,False,97.01,"[2048, 2048, 2048, 2048, 2048, 2048]","[2048, 2048, 2048, 2048, 2048, 2048, 2048, 2048, 2048, 2048]","[2048, 2048, 2048, 2048, 2048]",256.0
1236,9516,2,23,2024-05-24T12:10:12.429000+00:00,19.537,35.417,19.87,211.0,195.0,False,74.824,"[None, 2048, 2049, 2049, 2048, 2048]","[2048, 2048, 2048, 2048, 2048, 2048, 2049, 2048, 2048, 2048]","[2048, 2049, 2048, 2049, 2048]",276.0
1236,9516,18,18,2024-05-24T12:10:18.980000+00:00,19.189,34.186,19.822,216.0,197.0,False,73.197,"[2049, 2049, 2049, 2049, 2049, 2048]","[2049, 2049, 2049, 2048, 2049, 2049, 2049, 2048, 2048, 2049]","[2049, 2049, 2048, 2048, 2048]",279.0
1236,9516,31,20,2024-05-24T12:10:19.036000+00:00,27.771,45.511,30.145,150.0,149.0,True,103.427,"[2064, 2048, 2048, 2048, 2048, 2048]","[2048, 2048, 2048, 2048, 2048, 2048, 2048, 2048, 2048, 2048]","[2048, 2048, 2048, 2048, 2048]",254.0
1236,9516,20,23,2024-05-24T12:10:23.781000+00:00,20.721,45.776,25.455,160.0,165.0,False,91.952,"[None, 2048, 2049, 2048, 2048, 2048]","[2048, 2048, 2048, 2048, 2048, 2048, 2048, 2048, 2048, 2048]","[2048, 2048, 2048, 2048, 2048]",238.0
1236,9516,24,20,2024-05-24T12:10:28.638000+00:00,19.592,34.875,29.88,214.0,198.0,False,84.347,"[None, 2049, 2049, 2049, 2048, 2048]","[2048, 2049, 2049, 2049, 2049, 2049, 2048, 2049, 2049, 2049]","[2049, 2048, 2048, 2048, 2048]",278.0
1236,9516,63,25,2024-05-24T12:10:35.280000+00:00,18.864,35.515,,220.0,158.0,False,573.326,"[2049, 2048, 2048, 2048, 2048, 2048]","[2049, 2048, 2049, 2048, 2048, 2051, 2048, 2048, 2048, 2048]","[2048, 2048, 2048, 2064, 2064]",283.0
1236,9516,14,21,2024-05-24T12:10:38.718000+00:00,24.525,41.776,,148.0,178.0,False,681.431,"[2048, 2048, 2048, 2048, 2048, 2048]","[2048, 2048, 2048, 2048, 2048, 2048, 2048, 2048, 2048, 2048]","[2048, 2048, 2048, 2064, 2064]",251.0
1236,9516,11,22,2024-05-24T12:10:54.806000+00:00,19.123,34.457,19.649,216.0,199.0,False,73.229,"[2049, 2049, 2048, 2049, 2049, 2048]","[2049, 2049, 2049, 2048, 2048, 2048, 2049, 2048, 2048, 2048]","[2049, 2049, 2048, 2049, 2048]",277.0
1236,9516,16,25,2024-05-24T12:10:56.729000+00:00,22.104,44.526,25.503,149.0,121.0,False,92.133,"[None, 2048, 2048, 2048, 2048, 2048]","[2048, 2048, 2048, 2048, 2048, 2048, 2051, 2049, 2048, 2048]","[2048, 2048, 2048, 2048, 2048]",253.0
1236,9516,27,23,2024-05-24T12:11:05.252000+00:00,19.457,34.6,19.519,212.0,196.0,False,73.576,"[2049, 2048, 2048, 2049, 2048, 2048]","[2048, 2049, 2048, 2049, 2048, 2048, 2048, 2049, 2049, 2048]","[2049, 2048, 2049, 2049]",280.0
1236,9516,3,25,2024-05-24T12:11:20.517000+00:00,19.156,34.335,19.41,218.0,202.0,False,72.901,"[2049, 2049, 2048, 2049, 2049, 2049]","[2049, 2048, 2048, 2051, 2048, 2048, 2048, 2048, 2049, 2049]","[2048, 2049, 2051, 2048, 2048]",272.0
1236,9516,44,24,2024-05-24T12:11:25.717000+00:00,22.004,47.656,20.917,154.0,169.0,False,90.577,"[None, 2048, 2048, 2048, 2048, 2048]","[2048, 2048, 2048, 2048, 2048, 2048, 2048, 2048, 2048, 2048]","[2048, 2048, 2048, 2048, 2048]",253.0
1236,9516,2,24,2024-05-24T12:11:27.235000+00:00,26.2,43.486,25.843,148.0,129.0,False,95.529,"[None, 2048, 2048, 2048, 2048, 2048]","[2048, 2048, 2048, 2048, 2048, 2048, 2048, 2048, 2048, 2048]","[2048, 2048, 2048, 2048, 2048]",252.0
1236,9516,4,22,2024-05-24T12:11:30.823000+00:00,19.934,38.643,21.41,182.0,178.0,False,79.987,"[2048, 2048, 2048, 2048, 2048, 2048]","[2048, 2048, 2048, 2048, 2048, 2048, 2048, 2048, 2048, 2048]","[2048, 2048, 2048, 2048, 2048]",260.0
1236,9516,18,19,2024-05-24T12:11:32.109000+00:00,35.432,54.981,28.098,94.0,160.0,False,118.511,"[2048, 2048, 2048, 2048, 2048, 2048]","[2048, 2048, 2048, 2048, 2048, 2048, 2048, 2048, 2048, 2048]","[2048, 2048, 2048, 2048, 2048]",139.0
1236,9516,55,24,2024-05-24T12:11:43.511000+00:00,22.756,38.769,25.192,,183.0,False,86.717,"[None, 2048, 2048, 2048, 2048, 2048]","[2048, 2048, 2048, 2048, 2048, 2048, 2048, 2048, 2048, 2048]","[2048, 2048, 2048, 2048, 2048]",271.0
1236,9516,22,24,2024-05-24T12:11:48.652000+00:00,27.948,49.717,31.322,90.0,142.0,False,108.987,"[None, 2048, 2048, 2048, 2048, 2048]","[2048, 2048, 2048, 2048, 2048, 2048, 2048, 2048, 2048, 2048]","[2048, 2048, 2048, 2048, 2048]",251.0
1236,9516,77,17,2024-05-24T12:11:49.317000+00:00,21.506,40.503,23.142,150.0,171.0,False,85.151,"[None, 2048, 2048, 2048, 2048, 2048]","[2048, 2048, 2048, 2048, 2048, 2048, 2048, 2048, 2048, 2048]","[2048, 2048, 2048, 2048, 2048]",255.0
1236,9516,24,21,2024-05-24T12:11:52.927000+00:00,30.466,50.135,28.225,87.0,135.0,False,108.826,"[None, 2048, 2048, 2048, 2048, 2048]","[2048, 2048, 2048, 2048, 2048, 2048, 2048, 2048, 2048, 2048]","[2048, 2048, 2048, 2048, 2048]",223.0
1236,9516,20,24,2024-05-24T12:11:55.737000+00:00,20.825,38.653,,176.0,171.0,False,538.485,"[None, 2048, 2048, 2048, 2048, 2048]","[2048, 2048, 2048, 2048, 2048, 2048, 2048, 2048, 2048, 2048]","[2048, 2048, 2048, 2064, 2064]",277.0
1236,9516,31,21,2024-05-24T12:12:01.741000+00:00,20.711,35.935,20.41,196.0,189.0,False,77.056,"[2048, 2048, 2048, 2048, 2048, 2048]","[2048, 2048, 2048, 2048, 2048, 2049, 2048, 2048, 2048, 2048]","[2048, 2048, 2048, 2048, 2048]",271.0
1236,9516,11,23,2024-05-24T12:12:07.949000+00:00,30.401,52.228,,93.0,134.0,False,520.21,"[2048, 2048, 2048, 2048, 2048, 2048]","[2048, 2048, 2048, 2048, 2048, 2048, 2048, 2048, 2048, 2048]","[2048, 2048, 2048, 2064, 2064]",232.0
1236,9516,27,24,2024-05-24T12:12:18.632000+00:00,28.074,51.146,29.258,88.0,123.0,False,108.478,"[2048, 2048, 2048, 2048, 2048, 2048]","[2048, 2048, 2048, 2048, 2048, 2048, 2048, 2048, 2048, 2048]","[2048, 2048, 2048, 2048, 2048]",174.0
1236,9516,16,26,2024-05-24T12:12:28.985000+00:00,18.791,36.32,28.241,220.0,131.0,False,83.352,"[2051, 2048, 2049, 2049, 2051, 2049]","[2048, 2048, 2048, 2048, 2049, 2048, 2048, 2048, 2048, 2048]","[2048, 2048, 2048, 2048, 2048]",276.0
1236,9516,3,26,2024-05-24T12:12:33.491000+00:00,30.082,54.1,31.545,130.0,89.0,False,115.727,"[2048, 2048, 2048, 2048, 2048, 2048]","[2048, 2048, 2048, 2048, 2048, 2048, 2048, 2048, 2048, 2048]","[2048, 2048, 2048, 2048, 2048]",127.0
1236,9516,4,23,2024-05-24T12:12:50.786000+00:00,18.887,34.15,19.359,219.0,197.0,False,72.396,"[None, 2049, 2049, 2049, 2048, 2049]","[2048, 2049, 2048, 2049, 2049, 2049, 2049, 2048, 2049, 2049]","[2049, 2049, 2049, 2049, 2048]",277.0
1236,9516,44,25,2024-05-24T12:12:56.136000+00:00,18.861,34.08,19.228,220.0,201.0,False,72.169,"[2049, 2048, 2049, 2049, 2049, 2049]","[2049, 2048, 2048, 2048, 2048, 2049, 2049, 2048, 2049, 2049]","[2049, 2049, 2049, 2048]",281.0
1236,9516,2,25,2024-05-24T12:13:02.726000+00:00,19.53,34.969,19.651,212.0,191.0,False,74.15,"[None, 2048, 2048, 2048, 2048, 2049]","[2049, 2048, 2048, 2049, 2048, 2048, 2048, 2048, 2048, 2048]","[2048, 2049, 2049, 2048, 2048]",274.0
1236,9516,55,25,2024-05-24T12:13:10.248000+00:00,19.078,34.347,19.529,215.0,199.0,False,72.954,"[2049, 2048, 2049, 2049, 2048, 2049]","[2048, 2049, 2048, 2048, 2049, 2049, 2048, 2048, 2048, 2049]","[2049, 2048, 2049, 2048, 2048]",277.0
1236,9516,77,18,2024-05-24T12:13:14.464000+00:00,19.287,34.351,19.61,218.0,196.0,False,73.248,"[2049, 2049, 2049, 2048, 2049, 2049]","[2049, 2049, 2049, 2048, 2049, 2049, 2048, 2049, 2049, 2049]","[2049, 2048, 2048, 2049]",278.0
1236,9516,31,22,2024-05-24T12:13:18.923000+00:00,19.578,34.852,19.729,208.0,195.0,False,74.159,"[None, 2049, 2049, 2049, 2049, 2049]","[2049, 2049, 2048, 2049, 2049, 2048, 2049, 2049, 2048, 2049]","[2049, 2049, 2049, 2049, 2048]",271.0
1236,9516,18,20,2024-05-24T12:13:30.639000+00:00,19.1,34.238,19.451,217.0,198.0,False,72.789,"[2049, 2048, 2048, 2049, 2049, 2049]","[2049, 2048, 2048, 2048, 2048, 2048, 2048, 2048, 2048, 2049]","[2049, 2049, 2049, 2049, 2049]",277.0
1236,9516,22,25,2024-05-24T12:13:37.061000+00:00,19.203,38.691,23.475,213.0,164.0,False,81.369,"[None, 2048, 2048, 2048, 2048, 2048]","[2048, 2048, 2048, 2048, 2048, 2048, 2048, 2048, 2048, 2048]","[2048, 2048, 2048, 2048, 2048]",250.0
1236,9516,24,22,2024-05-24T12:13:41.839000+00:00,22.097,39.668,,178.0,152.0,False,527.841,"[None, 2048, 2048, 2048, 2048, 2048]","[2048, 2048, 2048, 2048, 2048, 2048, 2048, 2048, 2048, 2048]","[2048, 2048, 2048, 2064, 2064]",255.0
1236,9516,16,27,2024-05-24T12:13:52.304000+00:00,23.424,40.272,,174.0,154.0,False,490.196,"[2048, 2048, 2048, 2048, 2048, 2048]","[2048, 2048, 2048, 2048, 2048, 2048, 2048, 2048, 2048, 2048]","[2048, 2048, 2048, 2064, 2064]",235.0
1236,9516,4,24,2024-05-24T12:14:03.027000+00:00,23.794,,,150.0,,False,438.42,"[None, 2048, 2048, 2048, 2048, 2048]","[2048, 2048, 2048, 2048, 2048, 2048, 2048, 2048, 2048, 2048]","[2048, 2048, 2048, 2064, 2064]",222.0
1236,9516,27,25,2024-05-24T12:14:07.343000+00:00,27.045,,,150.0,,False,436.295,"[None, 2048, 2048, 2048, 2048, 2048]","[2048, 2048, 2048, 2048, 2048, 2048, 2048, 2048, 2048, 2048]","[2048, 2048, 2048, 2064, 2064]",200.0
1236,9516,44,26,2024-05-24T12:14:08.320000+00:00,27.051,,,140.0,,False,426.167,"[2048, 2048, 2048, 2048, 2048, 2048]","[2048, 2048, 2048, 2048, 2048, 2048, 2048, 2048, 2048, 2048]","[2048, 2048, 2048, 2064, 2064]",223.0
1236,9516,1,20,2024-05-24T12:14:16.318000+00:00,26.395,,,189.0,,True,354.168,"[2064, 2048, 2048, 2048, 2048, 2048]","[2048, 2048, 2048, 2048, 2048, 2048, 2048, 2048, 2048, 2048]","[2048, 2048, 2048, 2064, 2064]",259.0
1236,9516,2,26,2024-05-24T12:14:16.797000+00:00,26.723,,,155.0,,False,361.534,"[None, 2048, 2048, 2048, 2048, 2048]","[2048, 2048, 2048, 2048, 2048, 2048, 2048, 2048, 2048, 2048]","[2048, 2048, 2048, 2064, 2064]",
1236,9516,55,26,2024-05-24T12:14:23.164000+00:00,28.721,,,101.0,,False,361.435,"[2048, 2048, 2048, 2048, 2048, 2048]","[2048, 2048, 2048, 2048, 2048, 2048, 2048, 2048, 2048, 2048]","[2048, 2048, 2048, 2064, 2064]",
1236,9516,77,19,2024-05-24T12:14:27.693000+00:00,24.741,,,94.0,,False,358.915,"[2048, 2048, 2048, 2048, 2048, 2048]","[2048, 2048, 2048, 2048, 2048, 2048, 2048, 2048, 2048, 2048]","[2048, 2048, 2048, 2064, 2064]",
1236,9516,3,27,2024-05-24T12:14:29.196000+00:00,29.13,,,151.0,,False,367.854,"[None, 2048, 2048, 2048, 2048, 2048]","[2048, 2048, 2048, 2048, 2048, 2048, 2048, 2048, 2048, 2048]","[2048, 2048, 2048, 2064, 2064]",
1236,9516,31,23,2024-05-24T12:14:32.954000+00:00,19.61,,,205.0,,False,341.053,"[2049, 2048, 2049, 2048, 2048, 2048]","[2048, 2049, 2048, 2048, 2048, 2048, 2048, 2048, 2048, 2048]","[2048, 2048, 2048, 2064, 2064]",
1236,9516,18,21,2024-05-24T12:14:43.375000+00:00,,,,,,False,718.34,"[2048, 2048, 2048, 2048, 2048, 2048]","[2048, 2048, 2048, 2048, 2048, 2048, 2048, 2048, 2048, 2048]","[2048, 2048, 2048, 2064, 2064]",
1236,9516,22,26,2024-05-24T12:14:58.389000+00:00,,,,,,False,366.954,"[None, 2048, 2048, 2048, 2048, 2048]","[2048, 2048, 2048, 2048, 2048, 2048, 2048, 2048, 2048, 2048]","[2048, 2048, 2048, 2064, 2064]",
1236,9516,81,22,2024-05-24T12:20:04.220000+00:00,25.993,38.669,21.381,181.0,181.0,True,86.043,"[2064, 2048, 2048, 2048, 2048, 2048]","[2048, 2048, 2048, 2048, 2048, 2048, 2048, 2048, 2048, 2048]","[2048, 2048, 2048, 2048, 2048]",248.0
1236,9516,63,26,2024-05-24T12:20:09.319000+00:00,25.908,37.994,21.145,178.0,179.0,True,85.047,"[2064, 2048, 2048, 2048, 2048, 2048]","[2048, 2048, 2048, 2048, 2048, 2048, 2048, 2048, 2048, 2048]","[2048, 2048, 2048, 2048, 2048]",265.0
1236,9516,1,21,2024-05-24T12:20:10.366000+00:00,25.074,38.366,29.505,179.0,174.0,True,92.945,"[None, 2048, 2048, 2048, 2048, 2048]","[2048, 2048, 2048, 2048, 2048, 2048, 2048, 2048, 2048, 2048]","[2048, 2048, 2048, 2048, 2048]",266.0
1236,9516,31,24,2024-05-24T12:20:15.017000+00:00,28.644,37.906,26.193,179.0,178.0,True,92.743,"[2064, 2048, 2048, 2048, 2048, 2048]","[2048, 2048, 2048, 2048, 2048, 2048, 2048, 2048, 2048, 2048]","[2048, 2048, 2048, 2048, 0]",265.0
1236,9516,23,25,2024-05-24T12:20:16.299000+00:00,31.144,38.385,23.4,163.0,180.0,True,92.929,"[2064, 2048, 2048, 2048, 2048, 2048]","[2048, 2048, 2048, 2048, 2048, 2048, 2048, 2048, 2048, 2048]","[2048, 2048, 2048, 2048, 0]",269.0
1236,9516,2,27,2024-05-24T12:20:19.662000+00:00,34.028,38.098,20.904,186.0,181.0,True,93.03,"[2064, 2048, 2048, 2048, 2048, 2048]","[2048, 2048, 2048, 2048, 2048, 2048, 2048, 2048, 2048, 2048]","[2048, 2048, 2048, 2048, 2048]",270.0
1236,9516,55,27,2024-05-24T12:20:26.496000+00:00,36.389,38.867,22.768,182.0,179.0,True,98.024,"[2064, 2048, 2048, 2048, 2048, 2048]","[2048, 2048, 2048, 2048, 2048, 2048, 2048, 2048, 2048, 2048]","[2048, 2048, 2048, 2048, 2048]",263.0
1236,9516,77,20,2024-05-24T12:20:28.330000+00:00,38.095,39.033,23.187,186.0,162.0,True,100.315,"[2064, 2048, 2048, 2048, 2048, 2048]","[2048, 2048, 2048, 2048, 2048, 2048, 2048, 2048, 2048, 2048]","[2048, 2048, 2048, 2048, 2049]",256.0
1236,9516,3,28,2024-05-24T12:20:37.768000+00:00,34.2,42.007,24.225,171.0,161.0,True,100.432,"[2064, 2048, 2048, 2048, 2048, 2048]","[2048, 2048, 2048, 2048, 2048, 2048, 2048, 2048, 2048, 2048]","[2048, 2048, 2048, 2048, 2048]",261.0
1236,9516,11,24,2024-05-24T12:20:53.701000+00:00,34.808,39.305,22.52,169.0,180.0,True,96.633,"[2064, 2048, 2048, 2048, 2048, 2048]","[2048, 2048, 2048, 2048, 2048, 2048, 2048, 2048, 2048, 2048]","[2048, 2048, 2048, 2048, 2048]",261.0
1236,9516,20,25,2024-05-24T12:20:58.627000+00:00,34.217,38.549,21.493,168.0,174.0,True,94.259,"[2064, 2048, 2048, 2048, 2048, 2048]","[2048, 2048, 2048, 2048, 2048, 2048, 2048, 2048, 2048, 2048]","[2048, 2048, 2048, 2048, 2048]",270.0
1236,9516,22,27,2024-05-24T12:21:06.464000+00:00,30.654,42.845,22.881,162.0,169.0,True,96.38,"[2064, 2048, 2048, 2048, 2048, 2048]","[2048, 2048, 2048, 2048, 2048, 2048, 2048, 2048, 2048, 2048]","[2048, 2048, 2048, 2048, 2048]",235.0
1236,9516,44,27,2024-05-24T12:21:15.430000+00:00,26.715,38.191,24.376,181.0,179.0,True,89.282,"[2064, 2048, 2048, 2048, 2048, 2048]","[2048, 2048, 2048, 2048, 2048, 2048, 2048, 2048, 2048, 2048]","[2048, 2048, 2048, 2048, 2048]",266.0
1236,9516,4,25,2024-05-24T12:21:22.234000+00:00,25.359,37.525,21.856,193.0,186.0,True,84.74,"[2064, 2048, 2048, 2048, 2048, 2048]","[2048, 2048, 2048, 2048, 2048, 2048, 2048, 2048, 2048, 2048]","[2048, 2048, 2048, 2048, 2048]",271.0
1236,9516,27,26,2024-05-24T12:21:24.751000+00:00,24.911,37.623,20.78,176.0,182.0,True,83.314,"[2064, 2048, 2048, 2048, 2048, 2048]","[2048, 2048, 2048, 2048, 2048, 2048, 2048, 2048, 2048, 2048]","[2048, 2048, 2048, 2048]",273.0
1236,9516,81,23,2024-05-24T12:21:28.996000+00:00,20.553,37.847,23.219,199.0,123.0,False,81.619,"[2048, 2048, 2048, 2048, 2048, 2048]","[2048, 2048, 2048, 2048, 2048, 2048, 2048, 2048, 2048, 2048]","[2048, 2048, 2048, 2048, 2048]",276.0
1236,9516,63,27,2024-05-24T12:21:33.626000+00:00,20.525,36.671,29.806,199.0,143.0,False,87.002,"[2048, 2048, 2048, 2048, 2048, 2048]","[2048, 2048, 2048, 2048, 2048, 2048, 2048, 2048, 2048, 2048]","[2048, 2048, 2048, 2048, 2048]",274.0
1236,9516,1,22,2024-05-24T12:21:42.676000+00:00,19.214,36.498,29.125,216.0,162.0,False,84.837,"[2048, 2048, 2048, 2048, 2048, 2049]","[2049, 2048, 2049, 2051, 2048, 2048, 2049, 2048, 2048, 2048]","[2048, 2048, 2048, 2048, 2048]",277.0
1236,9516,31,25,2024-05-24T12:21:48.246000+00:00,20.085,35.345,29.107,207.0,192.0,False,84.537,"[2048, 2048, 2048, 2048, 2048, 2048]","[2048, 2048, 2048, 2048, 2048, 2048, 2048, 2048, 2048, 2048]","[2048, 2048, 2048, 2048, 2048]",271.0
1236,9516,23,26,2024-05-24T12:21:48.330000+00:00,20.567,35.997,28.212,198.0,186.0,False,84.776,"[2048, 2048, 2048, 2048, 2048, 2048]","[2048, 2048, 2048, 2048, 2048, 2048, 2048, 2048, 2048, 2048]","[2048, 2048, 2048, 2048, 2048]",275.0
1236,9516,2,28,2024-05-24T12:21:51.440000+00:00,20.135,35.558,27.593,207.0,189.0,False,83.286,"[2048, 2048, 2049, 2048, 2048, 2048]","[2048, 2048, 2048, 2048, 2048, 2049, 2048, 2048, 2048, 2048]","[2048, 2048, 2048, 2048, 2048]",278.0
1236,9516,14,22,2024-05-24T12:22:00.818000+00:00,24.648,40.241,22.147,170.0,174.0,True,87.036,"[2064, 2048, 2048, 2048, 2048, 2048]","[2048, 2048, 2048, 2048, 2048, 2048, 2048, 2048, 2048, 2048]","[2048, 2048, 2048, 2048, 2048]",263.0
1236,9516,55,28,2024-05-24T12:22:02.737000+00:00,19.938,36.777,21.15,196.0,179.0,False,77.865,"[2048, 2048, 2048, 2048, 2048, 2048]","[2048, 2048, 2048, 2048, 2048, 2048, 2048, 2048, 2048, 2048]","[2048, 2048, 2048, 2048, 2048]",253.0
1236,9516,16,28,2024-05-24T12:22:03.088000+00:00,26.323,43.929,41.21,181.0,158.0,True,111.462,"[2064, 2048, 2048, 2048, 2048, 2048]","[2048, 2048, 2048, 2048, 2048, 2048, 2048, 2048, 2048, 2048]","[2048, 2048, 2048, 2064, 2064]",252.0
1236,9516,77,21,2024-05-24T12:22:07.064000+00:00,19.332,34.553,20.971,216.0,193.0,False,74.856,"[2049, 2049, 2048, 2048, 2048, 2048]","[2048, 2049, 2048, 2048, 2048, 2049, 2048, 2048, 2048, 2048]","[2048, 2048, 2048, 2048, 2048]",279.0
1236,9516,3,29,2024-05-24T12:22:17.498000+00:00,22.446,37.557,23.449,193.0,185.0,False,83.452,"[2048, 2048, 2048, 2048, 2048, 2048]","[2048, 2048, 2048, 2048, 2048, 2048, 2048, 2048, 2048, 2048]","[2048, 2048, 2048, 2048, 2048]",260.0
1236,9516,11,25,2024-05-24T12:22:24.946000+00:00,19.392,35.749,23.894,216.0,144.0,False,79.035,"[2048, 2048, 2048, 2048, 2048, 2048]","[2048, 2048, 2049, 2049, 2048, 2048, 2049, 2048, 2048, 2048]","[2048, 2048, 2048, 2048, 2048]",279.0
1236,9516,20,26,2024-05-24T12:22:28.483000+00:00,20.487,36.127,20.442,202.0,186.0,False,77.056,"[2048, 2048, 2048, 2048, 2048, 2048]","[2048, 2048, 2048, 2048, 2048, 2048, 2048, 2048, 2048, 2048]","[2048, 2048, 2048, 2048, 2048]",273.0
1236,9516,24,23,2024-05-24T12:22:30.244000+00:00,27.484,43.108,27.266,157.0,69.0,True,97.858,"[2064, 2048, 2048, 2048, 2048, 2048]","[2048, 2048, 2048, 2048, 2048, 2048, 2048, 2048, 2048, 2048]","[2048, 2048, 2048, 2048, 2048]",254.0
1236,9516,22,28,2024-05-24T12:22:41.832000+00:00,26.372,45.15,23.554,96.0,178.0,False,95.076,"[2048, 2048, 2048, 2048, 2048, 2048]","[2048, 2048, 2048, 2048, 2048, 2048, 2048, 2048, 2048, 2048]","[2048, 2048, 2048, 2048, 2048]",244.0
1236,9516,44,28,2024-05-24T12:22:43.803000+00:00,20.08,35.8,20.225,205.0,188.0,False,76.105,"[2048, 2048, 2048, 2048, 2048, 2048]","[2048, 2048, 2048, 2048, 2048, 2048, 2048, 2048, 2048, 2048]","[2048, 2048, 2048, 2048, 2048]",272.0
1236,9516,4,26,2024-05-24T12:22:46.388000+00:00,20.408,35.949,20.441,198.0,191.0,False,76.798,"[2048, 2048, 2048, 2048, 2048, 2048]","[2048, 2048, 2048, 2048, 2048, 2048, 2048, 2048, 2048, 2048]","[2048, 2048, 2048, 2048, 2048]",274.0
1236,9516,27,27,2024-05-24T12:22:47.351000+00:00,20.681,35.9,22.574,201.0,187.0,False,79.155,"[2048, 2048, 2048, 2048, 2048, 2048]","[2048, 2048, 2048, 2048, 2048, 2048, 2048, 2048, 2048, 2048]","[2048, 2048, 2048, 2048, 2048]",277.0
1236,9516,81,24,2024-05-24T12:22:50.581000+00:00,20.375,36.367,20.761,205.0,190.0,False,77.503,"[None, 2048, 2048, 2048, 2048, 2048]","[2048, 2048, 2048, 2048, 2048, 2048, 2048, 2048, 2048, 2048]","[2048, 2048, 2048, 2048, 2048]",273.0
1236,9516,63,28,2024-05-24T12:23:00.530000+00:00,20.569,36.091,22.945,205.0,188.0,False,79.605,"[None, 2048, 2048, 2048, 2048, 2048]","[2048, 2048, 2048, 2048, 2048, 2048, 2048, 2048, 2048, 2048]","[2048, 2048, 2048, 2048, 2048]",273.0
1236,9516,1,23,2024-05-24T12:23:07.507000+00:00,19.063,34.52,19.401,,198.0,False,72.984,"[None, 2048, 2048, 2051, 2048, 2048]","[2048, 2049, 2048, 2048, 2049, 2048, 2048, 2048, 2048, 2048]","[2049, 2049, 2049, 2049, 2049]",277.0
1236,9516,31,26,2024-05-24T12:23:11.352000+00:00,19.619,35.338,19.97,211.0,191.0,False,74.927,"[None, 2048, 2048, 2048, 2049, 2049]","[2048, 2048, 2048, 2048, 2048, 2048, 2048, 2048, 2048, 2048]","[2048, 2048, 2048, 2048, 2048]",271.0
1236,9516,23,27,2024-05-24T12:23:12.973000+00:00,20.127,35.873,20.228,203.0,188.0,False,76.228,"[None, 2048, 2048, 2048, 2048, 2048]","[2048, 2048, 2048, 2048, 2048, 2048, 2048, 2048, 2048, 2048]","[2048, 2048, 2048, 2048, 2048]",275.0
1236,9516,2,29,2024-05-24T12:23:14.807000+00:00,20.258,35.554,20.221,206.0,190.0,False,76.033,"[None, 2048, 2048, 2048, 2048, 2048]","[2048, 2048, 2048, 2048, 2048, 2049, 2048, 2048, 2048, 2048]","[2048, 2048, 2048, 2048, 2048]",279.0
1236,9516,55,29,2024-05-24T12:23:20.462000+00:00,19.003,39.849,24.64,216.0,154.0,False,83.492,"[2049, 2048, 2049, 2048, 2049, 2049]","[2048, 2048, 2048, 2048, 2048, 2049, 2049, 2048, 2048, 2048]","[2048, 2048, 2048, 2048, 2048]",279.0
1236,9516,77,22,2024-05-24T12:23:21.906000+00:00,28.246,46.107,23.887,177.0,166.0,False,98.24,"[2048, 2048, 2048, 2048, 2048, 2048]","[2048, 2048, 2048, 2048, 2048, 2048, 2048, 2048, 2048, 2048]","[2048, 2048, 2048, 2048, 2048]",248.0
1236,9516,14,23,2024-05-24T12:23:27.179000+00:00,19.918,35.946,28.87,208.0,155.0,False,84.734,"[2048, 2048, 2048, 2048, 2048, 2048]","[2048, 2048, 2048, 2048, 2048, 2048, 2048, 2048, 2048, 2048]","[2048, 2048, 2048, 2048, 2048]",276.0
1236,9516,3,30,2024-05-24T12:23:40.945000+00:00,19.264,34.416,20.792,213.0,200.0,False,74.472,"[2049, 2048, 2048, 2048, 2048, 2048]","[2049, 2048, 2049, 2048, 2048, 2048, 2048, 2048, 2048, 2048]","[2049, 2048, 2048, 2048, 2048]",272.0
1236,9516,11,26,2024-05-24T12:23:43.902000+00:00,20.477,44.393,,180.0,141.0,False,310.881,"[None, 2049, 2048, 2048, 2048, 2048]","[2048, 2048, 2048, 2048, 2048, 2048, 2048, 2048, 2048, 2048]","[2048, 2048, 2048, 2064, 2064]",246.0
1236,9516,20,27,2024-05-24T12:23:45.584000+00:00,20.207,35.664,20.205,204.0,188.0,False,76.076,"[None, 2048, 2048, 2048, 2048, 2048]","[2048, 2048, 2048, 2048, 2048, 2048, 2048, 2048, 2048, 2048]","[2048, 2048, 2048, 2048, 2048]",273.0
1236,9516,16,29,2024-05-24T12:23:54.577000+00:00,29.572,42.698,39.914,113.0,158.0,True,112.184,"[None, 2048, 2048, 2048, 2048, 2048]","[2048, 2048, 2048, 2048, 2048, 2048, 2048, 2048, 2048, 2048]","[2048, 2048, 2048, 2064, 2064]",258.0
1236,9516,44,29,2024-05-24T12:23:59.897000+00:00,19.954,35.835,20.181,206.0,189.0,False,75.97,"[None, 2048, 2048, 2048, 2048, 2048]","[2048, 2048, 2048, 2048, 2048, 2048, 2048, 2048, 2048, 2048]","[2048, 2048, 2048, 2048, 2048]",271.0
1236,9516,4,27,2024-05-24T12:24:03.147000+00:00,20.05,35.689,20.122,204.0,190.0,False,75.861,"[None, 2048, 2048, 2048, 2048, 2048]","[2048, 2048, 2048, 2048, 2048, 2048, 2048, 2048, 2048, 2048]","[2048, 2048, 2048, 2048, 2048]",274.0
1236,9516,27,28,2024-05-24T12:24:06.041000+00:00,20.155,35.661,20.14,205.0,190.0,False,75.956,"[None, 2048, 2048, 2048, 2048, 2048]","[2048, 2048, 2048, 2048, 2048, 2048, 2048, 2048, 2048, 2048]","[2048, 2048, 2048, 2048, 2048]",275.0
1236,9516,24,24,2024-05-24T12:24:07.501000+00:00,23.177,41.954,27.947,172.0,162.0,False,93.078,"[2048, 2048, 2048, 2048, 2048, 2048]","[2048, 2048, 2048, 2048, 2048, 2048, 2048, 2048, 2048, 2048]","[2048, 2048, 2048, 2048, 2048]",254.0
1236,9516,81,25,2024-05-24T12:24:08.035000+00:00,20.386,36.37,20.523,207.0,189.0,False,77.279,"[None, 2048, 2048, 2048, 2048, 2048]","[2048, 2048, 2048, 2048, 2048, 2048, 2048, 2048, 2048, 2048]","[2048, 2048, 2048, 2048, 2048]",275.0
1236,9516,22,29,2024-05-24T12:24:16.955000+00:00,24.048,41.716,23.948,81.0,176.0,False,89.712,"[None, 2048, 2048, 2048, 2048, 2048]","[2048, 2048, 2048, 2048, 2048, 2048, 2048, 2048, 2048, 2048]","[2048, 2048, 2048, 2048, 2048]",266.0
1236,9516,63,29,2024-05-24T12:24:20.176000+00:00,20.426,35.798,20.527,,191.0,False,76.751,"[None, 2048, 2048, 2048, 2048, 2048]","[2048, 2048, 2048, 2048, 2048, 2048, 2048, 2048, 2048, 2048]","[2048, 2048, 2048, 2048, 2048]",273.0
1236,9516,1,24,2024-05-24T12:24:20.537000+00:00,25.892,51.635,23.28,91.0,131.0,False,100.807,"[None, 2048, 2048, 2048, 2048, 2048]","[2048, 2048, 2048, 2048, 2048, 2048, 2048, 2048, 2048, 2048]","[2048, 2048, 2048, 2048, 2048]",222.0
1236,9516,31,27,2024-05-24T12:24:26.427000+00:00,19.548,35.24,23.486,212.0,195.0,False,78.274,"[None, 2048, 2048, 2048, 2048, 2048]","[2049, 2048, 2048, 2048, 2048, 2049, 2048, 2048, 2048, 2048]","[2048, 2048, 2048, 2048, 2048]",273.0
1236,9516,23,28,2024-05-24T12:24:29.272000+00:00,19.742,35.652,23.601,206.0,187.0,False,78.995,"[None, 2048, 2048, 2048, 2048, 2048]","[2048, 2048, 2048, 2048, 2048, 2048, 2048, 2048, 2048, 2048]","[2048, 2048, 2048, 2048, 2048]",274.0
1236,9516,2,30,2024-05-24T12:24:30.885000+00:00,19.923,35.443,23.835,208.0,191.0,False,79.201,"[None, 2049, 2049, 2048, 2048, 2048]","[2048, 2048, 2048, 2048, 2048, 2049, 2048, 2048, 2048, 2048]","[2048, 2048, 2048, 2048, 2048]",279.0
1236,9516,55,30,2024-05-24T12:24:44.054000+00:00,22.267,53.755,29.462,155.0,177.0,False,105.484,"[2048, 2048, 2048, 2048, 2048, 2048]","[2048, 2048, 2048, 2048, 2048, 2048, 2048, 2048, 2048, 2048]","[2048, 2048, 2048, 2048, 2048]",242.0
1236,9516,14,24,2024-05-24T12:24:51.973000+00:00,19.304,36.993,28.089,213.0,156.0,False,84.386,"[None, 2048, 2048, 2048, 2048, 2048]","[2048, 2048, 2048, 2048, 2048, 2048, 2048, 2048, 2048, 2048]","[2048, 2048, 2048, 2048, 2048]",276.0
1236,9516,3,31,2024-05-24T12:24:55.377000+00:00,19.214,34.61,22.83,215.0,189.0,False,76.654,"[None, 2048, 2048, 2048, 2048, 2048]","[2048, 2048, 2048, 2048, 2048, 2048, 2048, 2048, 2048, 2048]","[2048, 2048, 2048, 2048, 2048]",274.0
1236,9516,77,23,2024-05-24T12:25:00.155000+00:00,19.243,34.481,27.356,219.0,195.0,False,81.08,"[None, 2048, 2048, 2049, 2049, 2049]","[2048, 2048, 2048, 2048, 2048, 2048, 2049, 2048, 2048, 2048]","[2048, 2048, 2048, 2048, 2048]",279.0
1236,9516,20,28,2024-05-24T12:25:01.696000+00:00,20.12,35.71,20.565,207.0,188.0,False,76.395,"[None, 2048, 2048, 2048, 2048, 2048]","[2048, 2048, 2048, 2048, 2048, 2048, 2048, 2048, 2048, 2048]","[2048, 2048, 2048, 2048, 2048]",275.0
1236,9516,44,30,2024-05-24T12:25:15.847000+00:00,19.72,35.605,20.254,209.0,192.0,False,75.579,"[None, 2048, 2048, 2048, 2048, 2048]","[2048, 2048, 2048, 2048, 2048, 2048, 2048, 2048, 2048, 2048]","[2048, 2048, 2048, 2048, 2048]",274.0
1236,9516,4,28,2024-05-24T12:25:18.921000+00:00,19.964,35.455,20.063,208.0,190.0,False,75.482,"[None, 2048, 2048, 2048, 2048, 2048]","[2048, 2048, 2048, 2048, 2048, 2048, 2048, 2048, 2048, 2048]","[2048, 2048, 2048, 2048, 2048]",273.0
1236,9516,27,29,2024-05-24T12:25:22.059000+00:00,20.048,35.556,20.377,203.0,191.0,False,75.981,"[None, 2048, 2048, 2048, 2048, 2048]","[2048, 2048, 2048, 2048, 2048, 2048, 2048, 2048, 2048, 2048]","[2048, 2048, 2048, 2048, 2048]",275.0
1236,9516,81,26,2024-05-24T12:25:25.360000+00:00,19.986,36.057,20.472,205.0,193.0,False,76.515,"[None, 2048, 2048, 2048, 2048, 2048]","[2048, 2048, 2048, 2048, 2048, 2048, 2048, 2048, 2048, 2048]","[2048, 2048, 2048, 2048, 2048]",273.0
1236,9516,63,30,2024-05-24T12:25:37.024000+00:00,20.129,35.537,20.29,202.0,193.0,False,75.956,"[None, 2048, 2048, 2048, 2048, 2048]","[2048, 2048, 2048, 2048, 2048, 2048, 2048, 2048, 2048, 2048]","[2048, 2048, 2048, 2048, 2048]",275.0
1236,9516,24,25,2024-05-24T12:25:40.497000+00:00,20.341,35.697,20.366,204.0,187.0,False,76.404,"[None, 2048, 2048, 2048, 2048, 2048]","[2048, 2048, 2048, 2048, 2048, 2048, 2048, 2048, 2048, 2048]","[2048, 2048, 2048, 2048, 2048]",277.0
1236,9516,31,28,2024-05-24T12:25:44.607000+00:00,19.563,35.166,22.707,208.0,194.0,False,77.436,"[None, 2048, 2048, 2048, 2048, 2048]","[2048, 2048, 2048, 2048, 2048, 2048, 2048, 2048, 2048, 2049]","[2048, 2048, 2048, 2048, 2048]",272.0
1236,9516,22,30,2024-05-24T12:25:46.535000+00:00,23.879,42.665,21.625,71.0,171.0,False,88.169,"[None, 2048, 2048, 2048, 2048, 2048]","[2048, 2048, 2048, 2048, 2048, 2048, 2048, 2048, 2048, 2048]","[2048, 2048, 2048, 2048, 2048]",253.0
1236,9516,16,30,2024-05-24T12:25:46.998000+00:00,34.278,45.005,43.944,83.0,136.0,True,123.227,"[None, 2048, 2048, 2048, 2048, 2048]","[2048, 2048, 2048, 2048, 2048, 2048, 2048, 2048, 2048, 2048]","[2048, 2048, 2048, 2064, 2064]",207.0
1236,9516,23,29,2024-05-24T12:25:48.304000+00:00,20.182,35.593,20.121,202.0,191.0,False,75.896,"[None, 2048, 2049, 2048, 2048, 2048]","[2048, 2048, 2048, 2048, 2048, 2048, 2048, 2048, 2048, 2048]","[2048, 2048, 2048, 2048, 2048]",274.0
1236,9516,2,31,2024-05-24T12:25:49.961000+00:00,20.288,35.498,20.156,200.0,192.0,False,75.942,"[None, 2048, 2049, 2048, 2048, 2048]","[2048, 2048, 2048, 2048, 2049, 2048, 2048, 2048, 2048, 2048]","[2048, 2048, 2048, 2048, 2048]",279.0
1236,9516,1,25,2024-05-24T12:26:01.397000+00:00,19.082,34.342,28.097,214.0,197.0,False,81.521,"[2049, 2048, 2049, 2048, 2048, 2048]","[2049, 2049, 2048, 2048, 2049, 2048, 2048, 2048, 2049, 2051]","[2048, 2048, 2048, 2048, 2048]",277.0
1236,9516,3,32,2024-05-24T12:26:12.011000+00:00,24.82,43.626,22.103,73.0,154.0,False,90.549,"[2048, 2048, 2048, 2048, 2048, 2048]","[2048, 2048, 2048, 2048, 2048, 2048, 2049, 2051, 2048, 2048]","[2048, 2048, 2048, 2048, 2048]",225.0
1236,9516,14,25,2024-05-24T12:26:16.464000+00:00,19.438,34.927,19.941,212.0,195.0,False,74.306,"[None, 2048, 2049, 2048, 2048, 2048]","[2048, 2048, 2048, 2048, 2048, 2049, 2048, 2048, 2048, 2048]","[2048, 2048, 2048, 2048, 2048]",277.0
1236,9516,20,29,2024-05-24T12:26:18.033000+00:00,20.152,35.867,20.272,204.0,190.0,False,76.291,"[None, 2048, 2048, 2048, 2048, 2048]","[2048, 2048, 2048, 2048, 2048, 2048, 2048, 2048, 2048, 2048]","[2048, 2048, 2048, 2048, 2048]",274.0
1236,9516,77,24,2024-05-24T12:26:21.164000+00:00,26.118,58.078,29.393,82.0,162.0,False,113.589,"[None, 2048, 2048, 2048, 2048, 2048]","[2048, 2048, 2048, 2048, 2048, 2048, 2049, 2049, 2048, 2048]","[2048, 2048, 2048, 2048, 2048]",250.0
1236,9516,55,31,2024-05-24T12:26:29.459000+00:00,19.285,34.811,21.685,216.0,168.0,False,75.781,"[None, 2048, 2048, 2048, 2048, 2049]","[2048, 2048, 2048, 2048, 2048, 2048, 2048, 2048, 2048, 2048]","[2048, 2048, 2048, 2048, 2048]",276.0
1236,9516,44,31,2024-05-24T12:26:31.483000+00:00,20.255,36.267,20.877,204.0,187.0,False,77.399,"[None, 2048, 2048, 2048, 2048, 2048]","[2048, 2048, 2048, 2048, 2048, 2048, 2048, 2048, 2048, 2048]","[2048, 2048, 2048, 2048, 2048]",275.0
1236,9516,4,29,2024-05-24T12:26:34.513000+00:00,19.9,35.568,20.336,203.0,190.0,False,75.804,"[None, 2048, 2048, 2048, 2048, 2048]","[2048, 2048, 2048, 2048, 2048, 2048, 2048, 2048, 2048, 2048]","[2048, 2048, 2048, 2048, 2048]",274.0
1236,9516,27,30,2024-05-24T12:26:38.060000+00:00,20.233,35.562,20.407,205.0,190.0,False,76.202,"[None, 2048, 2048, 2048, 2048, 2048]","[2048, 2048, 2048, 2048, 2048, 2048, 2048, 2048, 2048, 2048]","[2048, 2048, 2048, 2048, 2048]",275.0
1236,9516,81,27,2024-05-24T12:26:41.859000+00:00,20.709,36.662,20.727,202.0,190.0,False,78.098,"[None, 2048, 2048, 2048, 2048, 2048]","[2048, 2048, 2048, 2048, 2048, 2048, 2048, 2048, 2048, 2048]","[2048, 2048, 2048, 2048, 2048]",273.0
1236,9516,18,22,2024-05-24T12:26:42.323000+00:00,24.336,37.924,23.333,180.0,180.0,True,85.593,"[2064, 2048, 2048, 2048, 2048, 2048]","[2048, 2048, 2048, 2048, 2048, 2048, 2048, 2048, 2048, 2048]","[2048, 2048, 2048, 2048, 2048]",263.0
1236,9516,63,31,2024-05-24T12:26:52.832000+00:00,19.996,35.746,22.23,204.0,193.0,False,77.972,"[None, 2048, 2048, 2048, 2048, 2048]","[2048, 2048, 2048, 2048, 2048, 2048, 2048, 2048, 2048, 2048]","[2048, 2048, 2048, 2048, 2048]",276.0
1236,9516,24,26,2024-05-24T12:26:56.956000+00:00,25.477,46.404,27.056,122.0,55.0,False,98.937,"[None, 2048, 2048, 2048, 2048, 2048]","[2048, 2048, 2048, 2048, 2048, 2048, 2048, 2048, 2048, 2048]","[2048, 2048, 2048, 2048, 2048]",250.0
1236,9516,31,29,2024-05-24T12:27:02.038000+00:00,19.52,35.136,19.845,,195.0,False,74.501,"[2049, 2048, 2048, 2049, 2048, 2048]","[2048, 2048, 2048, 2048, 2048, 2048, 2049, 2048, 2048, 2048]","[2048, 2048, 2048, 2048, 2048]",271.0
1236,9516,23,30,2024-05-24T12:27:04.212000+00:00,19.783,35.899,20.123,207.0,189.0,False,75.805,"[None, 2048, 2049, 2048, 2048, 2048]","[2048, 2048, 2048, 2048, 2048, 2049, 2048, 2048, 2048, 2048]","[2048, 2048, 2048, 2048, 2048]",275.0
1236,9516,2,32,2024-05-24T12:27:05.957000+00:00,19.903,35.738,20.163,211.0,193.0,False,75.804,"[None, 2048, 2049, 2048, 2048, 2048]","[2048, 2048, 2048, 2048, 2048, 2048, 2048, 2048, 2048, 2048]","[2048, 2048, 2048, 2048, 2048]",278.0
1236,9516,22,31,2024-05-24T12:27:14.740000+00:00,19.108,34.491,19.548,214.0,194.0,False,73.147,"[None, 2048, 2048, 2048, 2048, 2048]","[2049, 2048, 2048, 2048, 2048, 2048, 2049, 2048, 2048, 2048]","[2048, 2049, 2048, 2048, 2048]",274.0
1236,9516,1,26,2024-05-24T12:27:22.929000+00:00,25.77,45.534,23.733,155.0,176.0,False,95.037,"[2048, 2048, 2048, 2048, 2048, 2048]","[2048, 2048, 2048, 2048, 2048, 2048, 2048, 2048, 2048, 2048]","[2048, 2048, 2048, 2048, 2048]",248.0
1236,9516,14,26,2024-05-24T12:27:30.594000+00:00,23.457,41.324,,88.0,165.0,False,,"[None, 2048, 2048, 2048, 2048, 2048]","[2048, 2048, 2048, 2048, 2048, 2048, 2048, 2048, 2048, 2048]",[2048],264.0
1236,9516,20,30,2024-05-24T12:27:34.379000+00:00,20.142,35.729,20.225,203.0,189.0,False,76.096,"[None, 2048, 2048, 2048, 2048, 2048]","[2048, 2048, 2048, 2048, 2048, 2048, 2048, 2048, 2048, 2048]","[2048, 2048, 2048, 2048, 2048]",273.0
1236,9516,3,33,2024-05-24T12:27:42.607000+00:00,19.224,46.57,26.953,216.0,122.0,False,92.747,"[None, 2048, 2048, 2048, 2048, 2048]","[2048, 2048, 2048, 2048, 2048, 2048, 2048, 2048, 2048, 2048]","[2048, 2048, 2048, 2048, 2048]",262.0
1236,9516,55,32,2024-05-24T12:27:45.257000+00:00,26.145,53.092,23.39,90.0,159.0,False,102.627,"[None, 2048, 2048, 2048, 2048, 2048]","[2048, 2048, 2048, 2048, 2048, 2048, 2048, 2048, 2048, 2048]","[2048, 2048, 2048, 2048, 2048]",238.0
1236,9516,44,32,2024-05-24T12:27:48.814000+00:00,20.125,36.045,20.437,205.0,191.0,False,76.607,"[None, 2048, 2048, 2048, 2048, 2048]","[2048, 2048, 2048, 2048, 2048, 2048, 2048, 2048, 2048, 2048]","[2048, 2048, 2048, 2048, 2048]",275.0
1236,9516,16,31,2024-05-24T12:27:50.054000+00:00,38.208,56.945,41.443,63.0,130.0,True,136.596,"[None, 2048, 2048, 2048, 2048, 2048]","[2048, 2048, 2048, 2048, 2048, 2048, 2048, 2048, 2048, 2048]","[2048, 2048, 2048, 2048, 2048]",159.0
1236,9516,4,30,2024-05-24T12:27:50.278000+00:00,20.045,36.185,20.634,,181.0,False,76.864,"[None, 2048, 2048, 2048, 2048, 2048]","[2048, 2048, 2048, 2048, 2048, 2048, 2048, 2048, 2048, 2048]","[2048, 2048, 2048, 2048, 2048]",277.0
1236,9516,27,31,2024-05-24T12:27:54.308000+00:00,20.117,36.307,20.659,,187.0,False,77.083,"[None, 2048, 2048, 2048, 2048, 2048]","[2048, 2048, 2048, 2048, 2048, 2048, 2048, 2048, 2048, 2048]","[2048, 2048, 2048, 2048, 2048]",275.0
1236,9516,81,28,2024-05-24T12:27:59.969000+00:00,20.198,36.543,20.792,205.0,186.0,False,77.533,"[None, 2048, 2048, 2048, 2048, 2048]","[2048, 2048, 2048, 2048, 2048, 2048, 2048, 2048, 2048, 2048]","[2048, 2048, 2048, 2048, 2048]",272.0
1236,9516,10,7,2024-05-24T12:28:01.390000+00:00,25.205,41.226,26.396,168.0,92.0,True,92.827,"[None, 2048, 2048, 2048, 2048, 2048]","[2048, 2048, 2048, 2048, 2048, 2048, 2048, 2048, 2048, 2048]","[2048, 2048, 2048, 2048, 2049]",250.0
1236,9516,18,23,2024-05-24T12:28:07.284000+00:00,19.47,35.34,20.035,206.0,193.0,False,74.845,"[2048, 2048, 2048, 2048, 2048, 2048]","[2048, 2048, 2048, 2048, 2048, 2048, 2048, 2048, 2048, 2048]","[2048, 2048, 2048, 2048, 2048]",275.0
1236,9516,63,32,2024-05-24T12:28:10.887000+00:00,19.989,36.343,21.84,,182.0,False,78.172,"[None, 2048, 2048, 2048, 2048, 2048]","[2048, 2048, 2048, 2048, 2048, 2048, 2048, 2048, 2048, 2048]","[2048, 2048, 2048, 2048, 2048]",277.0
1236,9516,77,25,2024-05-24T12:28:14.768000+00:00,19.601,38.153,26.23,216.0,172.0,False,83.984,"[None, 2048, 2048, 2048, 2048, 2048]","[2048, 2048, 2048, 2048, 2048, 2048, 2048, 2048, 2048, 2048]","[2048, 2048, 2048, 2048, 2048]",255.0
1236,9516,31,30,2024-05-24T12:28:16.510000+00:00,22.295,43.752,24.861,176.0,173.0,False,90.908,"[2048, 2048, 2048, 2048, 2048, 2048]","[2048, 2048, 2048, 2048, 2048, 2048, 2048, 2048, 2048, 2048]","[2048, 2048, 2048, 2048, 2048]",251.0
1236,9516,23,31,2024-05-24T12:28:20.128000+00:00,19.872,35.958,20.237,,190.0,False,76.067,"[None, 2048, 2049, 2048, 2048, 2048]","[2048, 2048, 2048, 2048, 2048, 2049, 2048, 2048, 2048, 2048]","[2048, 2048, 2048, 2048, 2048]",276.0
1236,9516,2,33,2024-05-24T12:28:21.872000+00:00,19.788,37.494,20.446,210.0,186.0,False,77.728,"[None, 2049, 2049, 2048, 2048, 2048]","[2048, 2048, 2048, 2048, 2048, 2049, 2048, 2048, 2048, 2048]","[2048, 2048, 2048, 2048, 2048]",279.0
1236,9516,22,32,2024-05-24T12:28:27.916000+00:00,23.72,41.979,27.143,186.0,140.0,False,92.842,"[None, 2048, 2048, 2048, 2048, 2048]","[2048, 2048, 2048, 2048, 2048, 2048, 2048, 2048, 2048, 2048]","[2048, 2048, 2048, 2048, 2048]",250.0
1236,9516,24,27,2024-05-24T12:28:35.997000+00:00,19.815,35.611,20.18,212.0,188.0,False,75.606,"[None, 2048, 2048, 2048, 2048, 2048]","[2048, 2048, 2048, 2048, 2049, 2049, 2048, 2048, 2048, 2048]","[2048, 2048, 2048, 2049, 2048]",279.0
1236,9516,20,31,2024-05-24T12:28:50.439000+00:00,20.03,35.727,20.242,204.0,191.0,False,75.999,"[None, 2048, 2048, 2048, 2048, 2048]","[2048, 2048, 2048, 2048, 2048, 2048, 2048, 2048, 2048, 2048]","[2048, 2048, 2048, 2048, 2048]",273.0
1236,9516,11,27,2024-05-24T12:28:55.345000+00:00,25.488,39.681,25.605,169.0,176.0,True,90.774,"[2064, 2048, 2048, 2048, 2048, 2048]","[2048, 2048, 2048, 2048, 2048, 2048, 2048, 2048, 2048, 2048]","[2048, 2048, 2048, 2048, 2048]",245.0
1236,9516,1,27,2024-05-24T12:28:58.066000+00:00,20.53,40.658,22.251,168.0,170.0,False,83.439,"[None, 2049, 2048, 2048, 2048, 2048]","[2048, 2048, 2048, 2048, 2048, 2048, 2048, 2048, 2048, 2048]","[2048, 2048, 2048, 2048, 2048]",203.0
1236,9516,44,33,2024-05-24T12:29:05.363000+00:00,20.136,36.458,20.61,203.0,190.0,False,77.204,"[None, 2048, 2048, 2048, 2048, 2048]","[2048, 2048, 2048, 2048, 2048, 2048, 2048, 2048, 2048, 2048]","[2048, 2048, 2048, 2048, 2048]",275.0
1236,9516,4,31,2024-05-24T12:29:07.087000+00:00,19.85,35.889,20.632,206.0,186.0,False,76.371,"[None, 2048, 2048, 2048, 2048, 2048]","[2048, 2048, 2048, 2048, 2048, 2048, 2048, 2048, 2048, 2048]","[2048, 2048, 2048, 2048]",278.0
1236,9516,27,32,2024-05-24T12:29:11.326000+00:00,20.305,36.111,20.533,202.0,186.0,False,76.949,"[None, 2048, 2048, 2048, 2048, 2048]","[2048, 2048, 2048, 2048, 2048, 2048, 2048, 2048, 2048, 2048]","[2048, 2048, 2048, 2048, 2048]",275.0
1236,9516,3,34,2024-05-24T12:29:15.402000+00:00,19.312,34.864,20.841,213.0,198.0,False,75.017,"[None, 2048, 2049, 2048, 2048, 2048]","[2048, 2048, 2048, 2048, 2048, 2049, 2048, 2048, 2048, 2048]","[2048, 2048, 2048, 2048, 2048]",276.0
1236,9516,81,29,2024-05-24T12:29:17.518000+00:00,20.469,36.97,20.732,203.0,191.0,False,78.171,"[None, 2048, 2048, 2048, 2048, 2048]","[2048, 2048, 2048, 2048, 2048, 2048, 2048, 2048, 2048, 2048]","[2048, 2048, 2048, 2048, 2048]",274.0
1236,9516,18,24,2024-05-24T12:29:22.171000+00:00,25.395,49.762,23.567,65.0,153.0,False,98.724,"[None, 2048, 2048, 2048, 2048, 2048]","[2048, 2048, 2048, 2048, 2048, 2048, 2048, 2048, 2048, 2048]","[2048, 2048, 2048, 2048, 2048]",130.0
1236,9516,55,33,2024-05-24T12:29:27.912000+00:00,19.159,34.464,19.564,217.0,199.0,False,73.187,"[None, 2048, 2049, 2048, 2048, 2048]","[2048, 2048, 2049, 2048, 2048, 2048, 2048, 2048, 2049, 2048]","[2048, 2048, 2048, 2048, 2048]",277.0
1236,9516,63,33,2024-05-24T12:29:29.076000+00:00,20.492,36.751,21.97,194.0,174.0,False,79.213,"[None, 2048, 2048, 2048, 2048, 2048]","[2048, 2048, 2048, 2048, 2048, 2048, 2048, 2048, 2048, 2048]","[2048, 2048, 2048, 2048, 2048]",276.0
1236,9516,10,8,2024-05-24T12:29:33.606000+00:00,20.028,35.509,20.037,209.0,195.0,False,75.574,"[2049, 2048, 2048, 2049, 2049, 2049]","[2049, 2048, 2049, 2048, 2048, 2048, 2048, 2049, 2049, 2049]","[2049, 2049, 2049, 2049]",276.0
1236,9516,23,32,2024-05-24T12:29:36.081000+00:00,19.766,35.829,20.131,206.0,192.0,False,75.726,"[None, 2048, 2049, 2048, 2048, 2048]","[2048, 2048, 2048, 2048, 2048, 2049, 2048, 2048, 2048, 2048]","[2048, 2048, 2048, 2048, 2048]",276.0
1236,9516,77,26,2024-05-24T12:29:38.856000+00:00,19.451,34.84,19.98,217.0,193.0,False,74.271,"[None, 2048, 2048, 2048, 2048, 2048]","[2048, 2048, 2048, 2048, 2048, 2048, 2048, 2048, 2048, 2048]","[2048, 2048, 2048, 2048, 2048]",278.0
1236,9516,2,34,2024-05-24T12:29:39.468000+00:00,19.999,35.63,20.26,205.0,191.0,False,75.889,"[None, 2048, 2049, 2048, 2048, 2048]","[2048, 2048, 2048, 2048, 2048, 2049, 2048, 2048, 2048, 2048]","[2048, 2048, 2048, 2048, 2048]",279.0
1236,9516,31,31,2024-05-24T12:29:47.395000+00:00,19.587,35.256,20.021,210.0,193.0,False,74.864,"[None, 2048, 2048, 2048, 2048, 2048]","[2048, 2048, 2048, 2048, 2048, 2049, 2048, 2048, 2048, 2048]","[2048, 2048, 2048, 2048, 2048]",273.0
1236,9516,24,28,2024-05-24T12:29:51.522000+00:00,23.464,39.652,23.301,170.0,169.0,False,86.417,"[None, 2048, 2048, 2048, 2048, 2048]","[2048, 2048, 2048, 2048, 2048, 2048, 2048, 2048, 2048, 2048]","[2048, 2048, 2048, 2048]",254.0
1236,9516,22,33,2024-05-24T12:30:00.800000+00:00,23.307,48.233,51.28,134.0,152.0,False,122.82,"[None, 2048, 2048, 2048, 2048, 2048]","[2048, 2048, 2048, 2048, 2048, 2048, 2048, 2048, 2048, 2048]","[2048, 2048, 2048, 2048, 2048]",248.0
1236,9516,16,32,2024-05-24T12:30:06.092000+00:00,33.258,52.702,58.305,115.0,104.0,False,144.265,"[2048, 2048, 2048, 2048, 2048, 2048]","[2048, 2048, 2048, 2048, 2048, 2048, 2048, 2048, 2048, 2048]","[2048, 2048, 2048, 2048, 2048]",146.0
1236,9516,20,32,2024-05-24T12:30:06.399000+00:00,26.389,43.839,57.389,139.0,155.0,False,127.617,"[None, 2048, 2048, 2048, 2048, 2048]","[2048, 2048, 2048, 2048, 2048, 2048, 2048, 2048, 2048, 2048]","[2048, 2048, 2048, 2048, 2048]",208.0
1236,9516,1,28,2024-05-24T12:30:21.368000+00:00,27.613,42.815,48.775,176.0,144.0,False,119.203,"[None, 2048, 2048, 2048, 2048, 2048]","[2048, 2048, 2048, 2048, 2048, 2048, 2048, 2048, 2048, 2048]","[2048, 2048, 2048, 2048, 2048]",271.0
1236,9516,44,34,2024-05-24T12:30:22.663000+00:00,30.056,48.93,44.49,127.0,122.0,False,123.476,"[None, 2048, 2048, 2048, 2048, 2048]","[2048, 2048, 2048, 2048, 2048, 2048, 2048, 2048, 2048, 2048]","[2048, 2048, 2048, 2048, 2048]",184.0
1236,9516,4,32,2024-05-24T12:30:23.756000+00:00,30.495,48.545,57.937,122.0,118.0,False,136.977,"[None, 2048, 2048, 2048, 2048, 2048]","[2048, 2048, 2048, 2048, 2048, 2048, 2048, 2048, 2048, 2048]","[2048, 2048, 2048, 2048, 2048]",180.0
1236,9516,11,28,2024-05-24T12:30:25.514000+00:00,29.671,48.473,61.876,135.0,120.0,False,140.02,"[2048, 2048, 2048, 2048, 2048, 2048]","[2048, 2048, 2048, 2048, 2048, 2048, 2048, 2048, 2048, 2048]","[2048, 2048, 2048, 2048, 2048]",170.0
1236,9516,27,33,2024-05-24T12:30:28.267000+00:00,30.859,47.016,70.156,118.0,122.0,False,148.031,"[None, 2048, 2048, 2048, 2048, 2048]","[2048, 2048, 2048, 2048, 2048, 2048, 2048, 2048, 2048, 2048]","[2048, 2048, 2048, 2048, 2048]",198.0
1236,9516,3,35,2024-05-24T12:30:30.456000+00:00,31.192,51.549,62.127,149.0,144.0,False,144.868,"[None, 2048, 2048, 2048, 2048, 2048]","[2048, 2048, 2048, 2048, 2048, 2048, 2048, 2048, 2048, 2048]","[2048, 2048, 2048, 2048, 2048]",222.0
1236,9516,81,30,2024-05-24T12:30:35.664000+00:00,24.288,48.11,64.764,126.0,116.0,False,137.162,"[None, 2048, 2048, 2048, 2048, 2048]","[2048, 2048, 2048, 2048, 2048, 2048, 2048, 2048, 2048, 2048]","[2048, 2048, 2048, 2048, 2048]",222.0
1236,9516,55,34,2024-05-24T12:30:41.166000+00:00,29.886,45.095,65.059,100.0,137.0,False,140.04,"[None, 2048, 2048, 2048, 2048, 2048]","[2048, 2048, 2048, 2048, 2048, 2048, 2048, 2048, 2048, 2048]","[2048, 2048, 2048, 2048, 2048]",226.0
1236,9516,63,34,2024-05-24T12:30:48.297000+00:00,25.254,45.689,64.021,127.0,139.0,False,134.964,"[None, 2048, 2048, 2048, 2048, 2048]","[2048, 2048, 2048, 2048, 2048, 2048, 2048, 2048, 2048, 2048]","[2048, 2048, 2048, 2048, 2048]",191.0
1236,9516,10,9,2024-05-24T12:30:49.123000+00:00,25.166,45.838,65.918,139.0,140.0,False,136.922,"[2048, 2048, 2048, 2048, 2048, 2048]","[2048, 2048, 2048, 2048, 2048, 2048, 2048, 2048, 2048, 2048]","[2048, 2048, 2048, 2048, 2048]",181.0
1236,9516,23,33,2024-05-24T12:30:51.821000+00:00,24.638,46.058,63.116,134.0,132.0,False,133.812,"[None, 2048, 2048, 2048, 2048, 2048]","[2048, 2048, 2048, 2048, 2048, 2048, 2048, 2048, 2048, 2048]","[2048, 2048, 2048, 2048, 2048]",189.0
1236,9516,77,27,2024-05-24T12:30:53.093000+00:00,23.984,47.688,64.119,141.0,125.0,False,135.791,"[None, 2048, 2048, 2048, 2048, 2048]","[2048, 2048, 2048, 2048, 2048, 2048, 2048, 2048, 2048, 2048]","[2048, 2048, 2048, 2048, 2048]",210.0
1236,9516,2,35,2024-05-24T12:30:55.424000+00:00,28.67,46.949,63.172,122.0,127.0,False,138.791,"[None, 2048, 2048, 2048, 2048, 2048]","[2048, 2048, 2048, 2048, 2048, 2048, 2048, 2048, 2048, 2048]","[2048, 2048, 2048, 2048, 2048]",192.0
1236,9516,18,25,2024-05-24T12:31:00.868000+00:00,24.131,48.202,64.142,127.0,146.0,False,136.475,"[None, 2048, 2048, 2048, 2048, 2048]","[2048, 2048, 2048, 2048, 2048, 2048, 2048, 2048, 2048, 2048]","[2048, 2048, 2048, 2048, 2048]",167.0
1236,9516,31,32,2024-05-24T12:31:02.329000+00:00,25.735,48.108,60.384,115.0,147.0,False,134.227,"[None, 2048, 2048, 2048, 2048, 2048]","[2048, 2048, 2048, 2048, 2048, 2048, 2048, 2048, 2048, 2048]","[2048, 2048, 2048, 2048, 2048]",176.0
1236,9516,24,29,2024-05-24T12:31:18.342000+00:00,22.7,42.058,61.487,180.0,141.0,False,126.245,"[None, 2048, 2048, 2048, 2048, 2048]","[2048, 2048, 2048, 2048, 2048, 2048, 2048, 2048, 2048, 2048]","[2048, 2048, 2048, 2048, 2048]",256.0
1236,9516,22,34,2024-05-24T12:32:03.892000+00:00,24.221,38.233,,189.0,167.0,False,,"[None, 2048, 2048, 2048, 2048, 2048]","[2048, 2048, 2048, 2048, 2048, 2048, 2048, 2048, 2048, 2048]",[2048],268.0
1236,9516,20,33,2024-05-24T12:32:14.081000+00:00,23.936,38.006,,185.0,164.0,False,,"[None, 2048, 2048, 2048, 2048, 2048]","[2048, 2048, 2048, 2048, 2048, 2048, 2048, 2048, 2048, 2048]",[2048],271.0
1236,9516,1,29,2024-05-24T12:32:20.650000+00:00,25.083,40.666,,164.0,166.0,False,,"[None, 2048, 2048, 2048, 2048, 2048]","[2048, 2048, 2048, 2048, 2048, 2048, 2048, 2048, 2048, 2048]",[2048],220.0
1236,9516,44,35,2024-05-24T12:32:26.971000+00:00,42.716,40.299,,134.0,174.0,False,,"[None, 2048, 2048, 2048, 2048, 2048]","[2048, 2048, 2048, 2048, 2048, 2048, 2048, 2048, 2048, 2048]","[0, 0, 0, 0, 0]",241.0
1236,9516,16,33,2024-05-24T12:32:30.289000+00:00,24.648,43.351,,163.0,100.0,False,,"[None, 2048, 2048, 2048, 2048, 2048]","[2048, 2048, 2048, 2048, 2048, 2048, 2048, 2048, 2048, 2048]",[2048],218.0
1236,9516,4,33,2024-05-24T12:32:40.433000+00:00,26.947,40.953,,143.0,161.0,False,,"[None, 2048, 2048, 2048, 2048, 2048]","[2048, 2048, 2048, 2048, 2048, 2048, 2048, 2048, 2048, 2048]",[2048],239.0
1236,9516,11,29,2024-05-24T12:32:45.632000+00:00,24.298,40.196,,155.0,163.0,False,,"[None, 2048, 2048, 2048, 2048, 2048]","[2048, 2048, 2048, 2048, 2048, 2048, 2048, 2048, 2048, 2048]",[2048],251.0
1236,9516,81,31,2024-05-24T12:32:52.859000+00:00,22.231,42.332,,194.0,153.0,False,,"[None, 2048, 2048, 2048, 2048, 2048]","[2048, 2048, 2048, 2048, 2048, 2048, 2048, 2048, 2048, 2048]",[2048],224.0
1236,9516,3,36,2024-05-24T12:32:55.211000+00:00,23.401,44.394,,165.0,171.0,False,,"[None, 2048, 2048, 2048, 2048, 2048]","[2048, 2048, 2048, 2048, 2048, 2048, 2048, 2048, 2048, 2048]",[2048],246.0
1236,9516,27,34,2024-05-24T12:32:56.352000+00:00,27.143,43.131,,126.0,139.0,False,,"[None, 2048, 2048, 2048, 2048, 2048]","[2048, 2048, 2048, 2048, 2048, 2048, 2048, 2048, 2048, 2048]",[2048],213.0
1236,9516,55,35,2024-05-24T12:33:01.101000+00:00,24.416,42.01,,154.0,144.0,False,,"[None, 2048, 2048, 2048, 2048, 2048]","[2048, 2048, 2048, 2048, 2048, 2048, 2048, 2048, 2048, 2048]",[2048],241.0
1236,9516,63,35,2024-05-24T12:33:03.326000+00:00,22.958,46.45,,161.0,134.0,False,,"[None, 2048, 2048, 2048, 2048, 2048]","[2048, 2048, 2048, 2048, 2048, 2048, 2048, 2048, 2048, 2048]",[2048],197.0
1236,9516,23,34,2024-05-24T12:33:05.523000+00:00,27.256,43.133,,147.0,161.0,False,,"[None, 2048, 2048, 2048, 2048, 2048]","[2048, 2048, 2048, 2048, 2048, 2048, 2048, 2048, 2048, 2048]",[2048],222.0
1236,9516,10,10,2024-05-24T12:33:06.117000+00:00,23.483,38.392,,182.0,141.0,False,,"[None, 2048, 2048, 2048, 2048, 2048]","[2048, 2048, 2048, 2048, 2048, 2048, 2048, 2048, 2048, 2048]",[2048],276.0
1236,9516,77,28,2024-05-24T12:33:08.940000+00:00,24.79,45.582,,151.0,134.0,False,,"[None, 2048, 2048, 2048, 2048, 2048]","[2048, 2048, 2048, 2048, 2048, 2048, 2048, 2048, 2048, 2048]",[2048],199.0
1236,9516,2,36,2024-05-24T12:33:14.222000+00:00,26.486,54.018,,96.0,121.0,False,,"[None, 2048, 2048, 2048, 2048, 2048]","[2048, 2048, 2048, 2048, 2048, 2048, 2048, 2048, 2048, 2048]",[2048],170.0
1236,9516,31,33,2024-05-24T12:33:16.612000+00:00,23.238,38.177,,168.0,176.0,False,,"[None, 2048, 2048, 2048, 2048, 2048]","[2048, 2048, 2048, 2048, 2048, 2048, 2048, 2048, 2048, 2048]",[2048],273.0
1236,9516,18,26,2024-05-24T12:33:17.984000+00:00,23.365,40.828,,147.0,154.0,False,,"[None, 2048, 2048, 2048, 2048, 2048]","[2048, 2048, 2048, 2048, 2048, 2048, 2048, 2048, 2048, 2048]",[2048],257.0
1236,9516,24,30,2024-05-24T12:33:24.103000+00:00,24.007,51.692,,154.0,128.0,False,,"[None, 2048, 2048, 2048, 2048, 2048]","[2048, 2048, 2048, 2048, 2048, 2048, 2048, 2048, 2048, 2048]",[2048],135.0
