meeting_key,session_key,driver_number,lap_number,date_start,duration_sector_1,duration_sector_2,duration_sector_3,i1_speed,i2_speed,is_pit_out_lap,lap_duration,segments_sector_1,segments_sector_2,segments_sector_3,st_speed
1242,9567,63,1,,,52.573,30.404,307.0,196,True,,"[2064, 2064, 2051, 2051, 2051, 2051, 2049, 2049]","[2049, 2051, 2051, 2049, 2049, 2051, 2049, 2051, 2049, 2051, 2051, 2051]","[2051, 2051, 2051, 2051, 2051, 2051, 2051]",275.0
1242,9567,44,1,2024-07-26T11:30:05.416000+00:00,,54.019,38.483,305.0,177,True,,"[2064, 2064, 2049, 2049, 2049, 2049, 2049, 2049]","[2049, 2049, 2049, 2049, 2049, 2049, 2049, 2049, 2051, 2049, 2049, 2049]","[2049, 2049, 2049, 2049, 2049, 2049, 2049]",272.0
1242,9567,22,1,2024-07-26T11:30:10.037000+00:00,,59.035,39.844,279.0,157,True,,"[2064, 2064, 2049, 2049, 2049, 2049, 2049, 2049]","[2049, 2049, 2049, 2049, 2049, 2049, 2049, 2049, 2049, 2049, 2049, 2049]","[2049, 2049, 2049, 2049, 2051, 2049, 2064]",243.0
1242,9567,24,1,2024-07-26T11:30:14.099000+00:00,,59.569,41.605,264.0,163,True,,"[2064, 2064, 2049, 2049, 2049, 2049, 2049, 2049]","[2049, 2049, 2049, 2049, 2049, 2049, 2049, 2049, 2049, 2049, 2049, 2049]","[2049, 2049, 2049, 2049, 2049, 2049, 2049]",242.0
1242,9567,1,1,2024-07-26T11:30:21.029000+00:00,,63.72,38.405,234.0,129,True,,"[2064, 2064, 2049, 2049, 2049, 2049, 2049, 2049]","[2049, 2049, 2049, 2049, 2049, 2049, 2049, 2049, 2049, 2049, 2049, 2049]","[2049, 2049, 2049, 2049, 2049, 2049, 2051]",207.0
1242,9567,31,1,2024-07-26T11:30:23.995000+00:00,,86.032,57.738,219.0,120,True,,"[2064, 2064, 2049, 2049, 2049, 2049, 2049, 2049]","[2049, 2049, 2049, 2049, 2049, 2049, 2049, 2049, 2049, 2049, 2049, 2049]","[2049, 2049, 2049, 2049, 2049, 2049, 2064]",211.0
1242,9567,55,1,2024-07-26T11:30:29.506000+00:00,,62.104,39.905,199.0,153,True,,"[2064, 2064, 2049, 2049, 2049, 2049, 2049, 2049]","[2049, 2049, 2049, 2049, 2049, 2049, 2049, 2049, 2049, 2049, 2049, 2049]","[2049, 2049, 2049, 2049, 2049, 2049, 2049]",255.0
1242,9567,16,1,2024-07-26T11:30:39.903000+00:00,,59.249,44.143,199.0,175,True,,"[2064, 2064, 2049, 2049, 2049, 2049, 2049, 2049]","[2049, 2049, 2049, 2049, 2049, 2049, 2049, 2049, 2049, 2049, 2049, 2049]","[2049, 2049, 2049, 2049, 2049, 2049, 2049]",204.0
1242,9567,11,1,2024-07-26T11:30:44.717000+00:00,,55.901,40.031,291.0,164,True,,"[2064, 2064, 2049, 2049, 2049, 2049, 2049, 2049]","[2049, 2049, 2049, 2049, 2049, 2049, 2049, 2049, 2049, 2049, 2049, 2049]","[2049, 2049, 2049, 2049, 2049, 2049, 2049]",248.0
1242,9567,81,1,2024-07-26T11:30:51.161000+00:00,,68.17,41.039,275.0,132,True,,"[2064, 2064, 2049, 2049, 2049, 2049, 2049, 2049]","[2049, 2049, 2049, 2049, 2049, 2049, 2049, 2049, 2049, 2049, 2049, 2049]","[2049, 2049, 2049, 2049, 2049, 2049]",267.0
1242,9567,10,1,2024-07-26T11:30:54.611000+00:00,,63.889,39.081,301.0,155,True,,"[2064, 2064, 2049, 2049, 2049, 2049, 2049, 2049]","[2049, 2049, 2049, 2049, 2049, 2049, 2049, 2049, 2049, 2049, 2049, 2049]","[2049, 2049, 2049, 2049, 2049, 2049, 2049]",244.0
1242,9567,3,1,2024-07-26T11:30:57.739000+00:00,,56.192,48.276,308.0,185,True,,"[2064, 2064, 2049, 2049, 2049, 2049, 2049, 2049]","[2049, 2049, 2049, 2049, 2049, 2049, 2049, 2049, 2049, 2049, 2049, 2049]","[2049, 2049, 2049, 2049, 2049, 2049]",229.0
1242,9567,4,1,2024-07-26T11:31:10.307000+00:00,,57.149,43.989,294.0,176,True,,"[2064, 2064, 2049, 2049, 2049, 2049, 2049, 2049]","[2049, 2049, 2049, 2049, 2049, 2049, 2049, 2049, 2049, 2049, 2049, 2049]","[2049, 2049, 2049, 2049, 2049, 2049, 2049]",251.0
1242,9567,77,1,2024-07-26T11:31:13.776000+00:00,,57.88,48.022,303.0,175,True,,"[2064, 2064, 2049, 2049, 2049, 2049, 2049, 2049]","[2049, 2049, 2049, 2049, 2049, 2049, 2049, 2049, 2049, 2049, 2049, 2049]","[2049, 2049, 2049, 2049, 2049, 2049, 2049]",220.0
1242,9567,18,1,2024-07-26T11:31:19.830000+00:00,,56.487,51.74,291.0,177,True,,"[2064, 2064, 2049, 2049, 2049, 2049, 2049, 2049]","[2049, 2049, 2049, 2049, 2049, 2049, 2049, 2049, 2049, 2049, 2049, 2049]","[2049, 2049, 2049, 2049, 2049, 2049, 2049]",249.0
1242,9567,14,1,2024-07-26T11:31:24.614000+00:00,,57.608,55.333,281.0,196,True,,"[2064, 2064, 2049, 2049, 2049, 2049, 2049, 2049]","[2049, 2049, 2049, 2049, 2049, 2049, 2049, 2049, 2049, 2049, 2049, 2049]","[2049, 2049, 2049, 2049, 2049, 2049, 2049]",224.0
1242,9567,23,1,2024-07-26T11:31:34.582000+00:00,,55.44,53.171,299.0,180,True,,"[2064, 2064, 2049, 2049, 2049, 2049, 2049, 2049]","[2049, 2049, 2049, 2049, 2049, 2049, 2049, 2049, 2049, 2049, 2049, 2049]","[2049, 2049, 2049, 2051, 2049, 2049, 2049]",248.0
1242,9567,27,1,2024-07-26T11:31:37.507000+00:00,,61.15,54.221,243.0,165,True,,"[2064, 2064, 2049, 2049, 2049, 2049, 2049, 2049]","[2049, 2049, 2049, 2049, 2049, 2049, 2049, 2049, 2049, 2049, 2049, 2049]","[2049, 2049, 2049, 2049, 2049, 2049, 2049]",275.0
1242,9567,63,2,2024-07-26T11:31:54.810000+00:00,30.759,46.562,36.884,333.0,205,False,114.205,"[2049, 2051, 2051, 2049, 2049, 2049, 2049, 2051]","[2049, 2049, 2049, 2049, 2049, 2049, 2049, 2049, 2049, 2049, 2049, 2049]","[2049, 2049, 2048, 2049, 2051, 2048, 2064]",306.0
1242,9567,44,2,2024-07-26T11:32:23.408000+00:00,30.929,46.331,28.628,332.0,211,False,105.888,"[2049, 2049, 2049, 2049, 2049, 2049, 2049, 2049]","[2049, 2049, 2049, 2049, 2049, 2049, 2049, 2049, 2049, 2049, 2049, 2049]","[2049, 2049, 2051, 2051, 2051, 2051, 2048]",304.0
1242,9567,24,2,2024-07-26T11:32:29.248000+00:00,31.609,48.451,29.411,330.0,203,False,109.471,"[2049, 2049, 2049, 2049, 2049, 2049, 2049, 2049]","[2049, 2049, 2049, 2049, 2049, 2049, 2049, 2049, 2049, 2049, 2049, 2049]","[2049, 2049, 2049, 2049, 2049, 2049]",300.0
1242,9567,1,2,2024-07-26T11:32:39.395000+00:00,31.055,45.174,28.477,335.0,209,False,104.706,"[2049, 2049, 2049, 2049, 2049, 2049, 2049, 2049]","[2049, 2051, 2051, 2051, 2051, 2051, 2049, 2051, 2051, 2051, 2051, 2051]","[2051, 2051, 2049, 2049, 2051, 2051, 2048]",303.0
1242,9567,55,2,2024-07-26T11:32:47.162000+00:00,31.989,47.043,29.268,311.0,203,False,108.3,"[2049, 2049, 2049, 2049, 2049, 2049, 2049, 2049]","[2049, 2049, 2049, 2049, 2049, 2049, 2049, 2049, 2049, 2049, 2049, 2049]","[2049, 2049, 2049, 2049, 2049, 2049]",298.0
1242,9567,22,2,2024-07-26T11:32:48.115000+00:00,68.89,67.397,31.163,288.0,190,True,167.45,"[None, 2064, 2048, 2048, 2048, 2048, 2048, 2048]","[2049, 2049, 2048, 2048, 2049, 2048, 2048, 2048, 2049, 2049, 2049, 2049]","[2049, 2049, 2049, 2049, 2049, 2049, 2049]",243.0
1242,9567,11,2,2024-07-26T11:32:54.499000+00:00,31.321,46.783,29.006,335.0,200,False,107.11,"[2049, 2049, 2049, 2049, 2049, 2049, 2049, 2049]","[2049, 2049, 2049, 2049, 2049, 2049, 2049, 2049, 2049, 2049, 2049, 2049]","[2049, 2049, 2049, 2049, 2049, 2049, 2048]",301.0
1242,9567,16,2,2024-07-26T11:33:04.643000+00:00,31.984,47.58,29.502,310.0,205,False,109.066,"[2049, 2049, 2049, 2049, 2049, 2049, 2049, 2049]","[2049, 2049, 2049, 2049, 2049, 2049, 2049, 2049, 2049, 2049, 2049, 2049]","[2049, 2049, 2049, 2049, 2049, 2049]",299.0
1242,9567,10,2,2024-07-26T11:33:11.028000+00:00,31.243,46.439,29.044,328.0,207,False,106.726,"[2049, 2049, 2049, 2049, 2049, 2049, 2049, 2049]","[2049, 2049, 2049, 2049, 2049, 2049, 2049, 2049, 2049, 2049, 2049, 2049]","[2049, 2049, 2049, 2049, 2049, 2049]",304.0
1242,9567,81,2,2024-07-26T11:33:16.376000+00:00,30.849,46.421,28.473,327.0,208,False,105.743,"[2051, 2049, 2049, 2049, 2049, 2049, 2049, 2049]","[2049, 2049, 2049, 2049, 2049, 2049, 2051, 2049, 2049, 2049, 2049, 2049]","[2049, 2049, 2049, 2049, 2049, 2049, 2048]",310.0
1242,9567,4,2,2024-07-26T11:33:24.935000+00:00,30.878,46.528,28.813,328.0,210,False,106.219,"[2049, 2049, 2049, 2051, 2049, 2051, 2049, 2049]","[2049, 2049, 2049, 2049, 2049, 2049, 2049, 2049, 2049, 2049, 2049, 2049]","[2051, 2051, 2051, 2051, 2051, 2049]",310.0
1242,9567,3,2,2024-07-26T11:33:29.648000+00:00,51.081,59.635,38.021,150.0,173,False,148.737,"[2049, 2049, 2048, 2049, 2049, 2049, 2048, 2048]","[2048, 2048, 2048, 2048, 2048, 2048, 2048, 2048, 2048, 2049, 2048, 2049]","[2048, 2048, 2049, 2049, 2049, 2049, 2049]",
1242,9567,77,2,2024-07-26T11:33:33.711000+00:00,31.517,46.383,28.942,331.0,207,False,106.842,"[2049, 2049, 2049, 2049, 2049, 2049, 2049, 2049]","[2051, 2049, 2049, 2049, 2049, 2049, 2049, 2049, 2049, 2049, 2049, 2049]","[2049, 2049, 2049, 2049, 2049, 2049]",303.0
1242,9567,18,2,2024-07-26T11:33:39.524000+00:00,31.217,46.945,28.969,328.0,206,False,107.131,"[2049, 2049, 2049, 2049, 2049, 2049, 2049, 2049]","[2049, 2049, 2049, 2049, 2049, 2049, 2049, 2049, 2049, 2049, 2049, 2049]","[2049, 2049, 2049, 2049, 2049, 2049, 2048]",307.0
1242,9567,14,2,2024-07-26T11:33:49.495000+00:00,31.327,47.152,29.1,327.0,208,False,107.579,"[2049, 2049, 2049, 2049, 2049, 2049, 2049, 2049]","[2049, 2049, 2049, 2049, 2049, 2049, 2049, 2049, 2049, 2049, 2049, 2049]","[2049, 2049, 2049, 2049, 2049, 2049, 2049]",306.0
1242,9567,23,2,2024-07-26T11:33:54.319000+00:00,30.874,47.048,28.877,334.0,207,False,106.799,"[2049, 2049, 2049, 2049, 2049, 2049, 2049, 2049]","[2049, 2049, 2049, 2049, 2049, 2049, 2049, 2049, 2049, 2049, 2049, 2049]","[2049, 2049, 2049, 2049, 2049, 2049, 2049]",310.0
1242,9567,27,2,2024-07-26T11:34:03.575000+00:00,31.066,47.378,29.114,332.0,204,False,107.558,"[2049, 2049, 2049, 2049, 2049, 2049, 2049, 2049]","[2049, 2049, 2049, 2049, 2049, 2049, 2049, 2049, 2049, 2049, 2049, 2049]","[2049, 2049, 2049, 2049, 2049, 2049, 2049]",308.0
1242,9567,44,3,2024-07-26T11:34:09.270000+00:00,71.753,,56.305,105.0,102,False,240.494,"[2048, 2048, 2048, 2048, 2048, 2048, 2048, 2048]","[2048, 2048, 2048, 2048, 2048, 2048, 2048, 2048, 2048, 2048, 2048, 2048]","[2048, 2048, 2048, 2048, 2048, 2048, 2048]",107.0
1242,9567,63,3,2024-07-26T11:34:11.239000+00:00,61.27,86.232,39.096,204.0,118,True,186.598,"[2064, 2064, 2048, 2048, 2048, 2048, 2048, 2048]","[2048, 2048, 2048, 2048, 2048, 2048, 2048, 2048, 2048, 2048, 2048, 2048]","[2048, 2048, 2048, 2048, 2048, 2048, 2051]",180.0
1242,9567,2,1,2024-07-26T11:34:15.629000+00:00,,59.275,32.31,305.0,170,True,,"[2064, 2064, 2049, 2049, 2049, 2049, 2049, 2049]","[2049, 2049, 2049, 2049, 2049, 2049, 2049, 2049, 2049, 2049, 2049, 2049]","[2049, 2049, 2049, 2049, 2049, 2049, 2049]",223.0
1242,9567,24,3,2024-07-26T11:34:18.623000+00:00,51.437,79.46,44.022,248.0,132,False,174.919,"[2048, 2048, 2048, 2048, 2048, 2048, 2048, 2048]","[2048, 2048, 2048, 2048, 2048, 2048, 2048, 2048, 2048, 2048, 2048, 2048]","[2048, 2048, 2048, 2048, 2048, 2048, 2049]",122.0
1242,9567,1,3,2024-07-26T11:34:24.081000+00:00,58.828,86.866,44.578,79.0,125,False,190.272,"[2048, 2048, 2048, 2048, 2048, 2048, 2048, 2048]","[2048, 2048, 2048, 2048, 2048, 2048, 2048, 2048, 2048, 2048, 2048, 2048]","[2048, 2048, 2048, 2048, 2048, 2048, 2048]",183.0
1242,9567,55,3,2024-07-26T11:34:35.334000+00:00,31.556,46.546,29.18,316.0,206,False,107.282,"[2048, 2049, 2049, 2049, 2049, 2049, 2049, 2049]","[2049, 2049, 2049, 2048, 2048, 2049, 2048, 2049, 2048, 2049, 2049, 2049]","[2049, 2049, 2049, 2049, 2048, 2048, 2048]",304.0
1242,9567,11,3,2024-07-26T11:34:41.446000+00:00,48.236,97.211,53.877,147.0,113,False,199.324,"[2048, 2048, 2048, 2048, 2048, 2048, 2048, 2048]","[2048, 2048, 2048, 2048, 2048, 2048, 2048, 2048, 2048, 2048, 2048, 2048]","[2048, 2048, 2048, 2048, 2048, 2048, 2048]",182.0
1242,9567,20,1,2024-07-26T11:34:50.218000+00:00,,61.062,46.593,287.0,121,True,,"[2064, 2064, 2049, 2049, 2049, 2049, 2049, 2049]","[2049, 2049, 2049, 2049, 2049, 2049, 2049, 2049, 2049, 2049, 2049, 2049]","[2049, 2049, 2049, 2049, 2049, 2049, 2049]",294.0
1242,9567,16,3,2024-07-26T11:34:53.592000+00:00,31.888,46.756,29.292,299.0,208,False,107.936,"[2048, 2049, 2049, 2049, 2049, 2049, 2048, 2048]","[2049, 2049, 2049, 2049, 2048, 2049, 2048, 2049, 2048, 2049, 2049, 2051]","[2049, 2049, 2049, 2048, 2048, 2049, 2048]",303.0
1242,9567,10,3,2024-07-26T11:34:57.617000+00:00,47.826,81.944,43.268,185.0,116,False,173.038,"[2048, 2048, 2048, 2048, 2048, 2048, 2048, 2048]","[2048, 2048, 2048, 2048, 2048, 2048, 2048, 2048, 2048, 2048, 2048, 2048]","[2048, 2048, 2048, 2048, 2048, 2048, 2049]",192.0
1242,9567,81,3,2024-07-26T11:35:01.587000+00:00,43.707,71.804,45.274,265.0,127,False,160.785,"[2048, 2048, 2048, 2048, 2048, 2048, 2048, 2048]","[2048, 2048, 2048, 2048, 2048, 2048, 2048, 2048, 2048, 2048, 2048, 2048]","[2048, 2048, 2048, 2048, 2048, 2048, 2049]",218.0
1242,9567,22,3,2024-07-26T11:35:08.643000+00:00,30.819,63.413,38.455,339.0,140,False,132.687,"[2049, 2049, 2049, 2049, 2051, 2049, 2049, 2049]","[2049, 2049, 2049, None, None, 2048, 2048, 2048, 2048, 2048, 2048, 2048]","[2048, 2048, 2048, 2048, 2048, 2048]",314.0
1242,9567,4,3,2024-07-26T11:35:11.058000+00:00,40.631,83.567,60.823,202.0,70,False,185.021,"[2048, 2048, 2048, 2048, 2048, 2048, 2048, 2048]","[2048, 2048, 2048, 2048, 2048, 2048, 2048, 2048, 2048, 2048, 2048, 2048]","[2048, 2048, 2048, 2048, 2048, 2048]",212.0
1242,9567,77,3,2024-07-26T11:35:20.512000+00:00,38.925,70.434,45.485,252.0,139,False,154.844,"[2048, 2048, 2048, 2048, 2048, 2048, 2048, 2048]","[2048, 2048, 2048, 2048, 2048, 2048, 2048, 2048, 2048, 2048, 2048, 2048]","[2048, 2048, 2048, 2048, 2048, 2048, 2048]",232.0
1242,9567,18,3,2024-07-26T11:35:26.554000+00:00,42.535,74.83,59.735,209.0,146,False,177.1,"[2048, 2048, 2048, 2048, 2048, 2048, 2048, 2048]","[2048, 2048, 2048, 2048, 2048, 2048, 2048, 2048, 2048, 2048, 2048, 2048]","[2048, 2048, 2048, 2048, 2048, 2048, 2049]",199.0
1242,9567,14,3,2024-07-26T11:35:36.917000+00:00,41.284,76.069,55.178,290.0,133,False,172.531,"[2048, 2048, 2048, 2048, 2048, 2048, 2048, 2048]","[2048, 2048, 2048, 2048, 2048, 2048, 2048, 2048, 2048, 2048, 2048, 2048]","[2048, 2048, 2048, 2048, 2048, 2048, 2049]",167.0
1242,9567,23,3,2024-07-26T11:35:41.127000+00:00,46.583,77.358,49.24,85.0,150,False,173.181,"[2048, 2048, 2048, 2048, 2048, 2048, 2048, 2048]","[2048, 2048, 2048, 2048, 2048, 2048, 2048, 2048, 2048, 2048, 2048, 2048]","[2048, 2048, 2048, 2048, 2048, 2048, 2049]",186.0
1242,9567,27,3,2024-07-26T11:35:51.044000+00:00,50.747,86.202,43.173,145.0,122,False,180.122,"[2048, 2048, 2048, 2048, 2048, 2048, 2048, 2048]","[2048, 2048, 2048, 2048, 2048, 2048, 2048, 2048, 2048, 2048, 2048, 2048]","[2048, 2048, 2048, 2048, 2048, 2048, 2049]",183.0
1242,9567,3,3,2024-07-26T11:35:58.409000+00:00,30.64,47.788,28.646,340.0,205,False,107.074,"[2049, 2049, 2049, 2051, 2049, 2049, 2051, 2051]","[2049, 2049, 2049, 2049, 2049, 2049, 2049, 2049, 2049, 2049, 2049, 2049]","[2049, 2051, 2051, 2049, 2051, 2049]",311.0
1242,9567,2,2,2024-07-26T11:36:19.809000+00:00,30.989,47.655,29.108,329.0,205,False,107.752,"[2049, 2049, 2051, 2049, 2049, 2049, 2049, 2049]","[2049, 2049, 2049, 2049, 2049, 2049, 2049, 2049, 2049, 2049, 2049, 2049]","[2049, 2049, 2049, 2049, 2049, 2049, 2048]",305.0
1242,9567,55,4,2024-07-26T11:36:22.685000+00:00,52.11,81.351,38.345,156.0,133,False,171.806,"[None, 2048, 2048, 2048, 2048, 2048, 2048, 2048]","[2048, 2048, 2048, 2048, 2048, 2048, 2048, 2048, 2048, 2048, 2048, 2048]","[2048, 2048, 2048, 2048, 2048, 2048, 2049]",180.0
1242,9567,16,4,2024-07-26T11:36:41.505000+00:00,44.499,86.973,41.39,91.0,145,False,172.862,"[2049, 2048, 2048, 2048, 2048, 2048, 2048, 2048]","[2048, 2048, 2048, 2048, 2048, 2048, 2048, 2048, 2048, 2048, 2048, 2048]","[2048, 2048, 2048, 2048, 2048, 2048, 2048]",222.0
1242,9567,63,4,2024-07-26T11:36:55.768000+00:00,31.837,45.942,28.71,333.0,212,False,106.489,"[2051, 2048, 2048, 2048, 2048, 2049, 2048, 2048]","[2048, 2049, 2049, 2049, 2048, 2049, 2049, 2049, 2049, 2049, 2049, 2049]","[2051, 2049, 2049, 2049, 2049, 2049, 2048]",306.0
1242,9567,20,2,2024-07-26T11:37:07.356000+00:00,31.338,47.448,28.957,330.0,201,False,107.743,"[2049, 2049, 2049, 2049, 2049, 2049, 2049, 2049]","[2049, 2049, 2049, 2049, 2049, 2049, 2049, 2049, 2049, 2049, 2049, 2049]","[2049, 2049, 2049, 2049, 2049, 2049, 2048]",306.0
1242,9567,24,4,2024-07-26T11:37:13.737000+00:00,31.322,47.402,29.104,331.0,207,False,107.828,"[2049, 2049, 2049, 2049, 2049, 2049, 2049, 2049]","[2049, 2049, 2049, 2049, 2049, 2049, 2049, 2049, 2049, 2049, 2048, 2049]","[2049, 2049, 2049, 2048, 2048, 2049, 2048]",301.0
1242,9567,22,4,2024-07-26T11:37:21.119000+00:00,30.645,47.801,28.84,341.0,201,False,107.286,"[None, 2049, 2049, 2048, 2051, 2051, 2051, 2051]","[2049, 2049, 2049, 2049, 2049, 2049, 2049, 2049, 2049, 2049, 2049, 2049]","[2049, 2049, 2049, 2049, 2049, 2049, 2048]",312.0
1242,9567,1,4,2024-07-26T11:37:34.395000+00:00,30.865,44.97,28.715,336.0,209,False,104.55,"[2049, 2051, 2049, 2049, 2049, 2049, 2049, 2049]","[2049, 2049, 2051, 2051, 2048, 2051, 2049, 2051, 2051, 2051, 2048, 2048]","[2049, 2049, 2049, 2048, 2048, 2048]",304.0
1242,9567,81,4,2024-07-26T11:37:42.496000+00:00,30.771,46.091,28.426,324.0,207,False,105.288,"[None, 2049, 2049, 2049, 2049, 2048, 2049, 2048]","[2049, 2049, 2049, 2049, 2049, 2049, 2051, 2049, 2049, 2049, 2048, 2048]","[2049, 2049, 2048, 2048, 2049, 2051]",310.0
1242,9567,3,4,2024-07-26T11:37:45.665000+00:00,54.208,74.771,45.922,125.0,131,False,174.901,"[2048, 2048, 2048, 2048, 2048, 2048, 2048, 2048]","[2048, 2048, 2048, 2048, 2048, 2048, 2048, 2048, 2048, 2048, 2048, 2048]","[2048, 2048, 2048, 2048, 2048, 2048, 2048]",178.0
1242,9567,10,4,2024-07-26T11:37:50.859000+00:00,31.007,45.836,29.14,328.0,208,False,105.983,"[2049, 2049, 2049, 2049, 2049, 2049, 2049, 2049]","[2049, 2051, 2049, 2049, 2048, 2049, 2049, 2049, 2048, 2049, 2049, 2049]","[2049, 2049, 2049, 2049, 2049, 2048]",304.0
1242,9567,77,4,2024-07-26T11:37:55.495000+00:00,31.223,46.511,28.903,333.0,204,False,106.637,"[2049, 2049, 2049, 2049, 2049, 2049, 2049, 2049]","[2048, 2049, 2049, 2049, 2048, 2049, 2049, 2049, 2049, 2049, 2048, 2049]","[2048, 2049, 2049, 2049, 2049, 2049, 2048]",304.0
1242,9567,11,4,2024-07-26T11:38:00.939000+00:00,31.161,45.975,28.953,336.0,204,False,106.089,"[2049, 2049, 2049, 2049, 2049, 2049, 2048, 2049]","[2049, 2049, 2049, 2049, 2048, 2049, 2048, 2049, 2048, 2049, 2049, 2049]","[2049, 2049, 2049, 2048, 2048, 2049]",304.0
1242,9567,2,3,2024-07-26T11:38:07.469000+00:00,30.881,47.438,28.926,328.0,201,False,107.245,"[2048, 2049, 2049, 2049, 2049, 2049, 2049, 2049]","[2049, 2049, 2049, 2048, 2048, 2049, 2048, 2049, 2048, 2049, 2048, 2048]","[2048, 2048, 2048, 2049, 2049, 2049]",311.0
1242,9567,44,4,2024-07-26T11:38:09.842000+00:00,30.811,70.479,39.817,340.0,77,False,141.107,"[None, 2048, 2049, 2049, 2049, 2049, 2049, 2049]","[2051, 2048, 2049, 2048, 2048, 2048, 2048, 2048, 2048, 2048, 2048, 2048]","[2048, 2048, 2048, 2048, 2048, 2048, 2051]",308.0
1242,9567,4,4,2024-07-26T11:38:16.648000+00:00,30.796,46.062,28.686,323.0,206,False,105.544,"[2049, 2049, 2051, 2051, 2049, 2048, 2048, 2048]","[2048, 2049, 2049, 2048, 2048, 2049, 2049, 2049, 2048, 2049, 2049, 2049]","[2048, 2048, 2048, 2048, 2048, 2049, 2048]",311.0
1242,9567,18,4,2024-07-26T11:38:23.670000+00:00,30.936,46.277,28.744,327.0,208,False,105.957,"[None, 2049, 2049, 2049, 2049, 2048, 2048, 2048]","[2049, 2049, 2049, 2049, 2048, 2049, 2049, 2049, 2049, 2049, 2049, 2049]","[2049, 2049, 2049, 2048, 2048, 2049, 2048]",307.0
1242,9567,14,4,2024-07-26T11:38:29.548000+00:00,31.137,46.593,28.885,326.0,208,False,106.615,"[2049, 2049, 2049, 2049, 2049, 2048, 2048, 2048]","[2049, 2049, 2049, 2049, 2048, 2049, 2049, 2049, 2049, 2049, 2049, 2049]","[2049, 2049, 2049, 2049, 2049, 2049]",306.0
1242,9567,23,4,2024-07-26T11:38:34.309000+00:00,30.795,46.721,28.556,340.0,209,False,106.072,"[2049, 2048, 2049, 2049, 2049, 2048, 2049, 2049]","[2049, 2049, 2049, 2049, 2048, 2049, 2049, 2049, 2048, 2049, 2048, 2049]","[2049, 2049, 2049, 2048, 2049, 2049]",310.0
1242,9567,63,5,2024-07-26T11:38:42.080000+00:00,58.878,94.585,46.049,159.0,102,False,199.512,"[2048, 2048, 2048, 2048, 2048, 2048, 2048, 2048]","[2048, 2048, 2048, 2048, 2048, 2048, 2048, 2048, 2048, 2048, 2048, 2048]","[2048, 2048, 2048, 2048, 2048, 2048, 2051]",152.0
1242,9567,27,4,2024-07-26T11:38:51.319000+00:00,30.996,46.951,28.817,331.0,204,False,106.764,"[2049, 2049, 2048, 2049, 2048, 2048, 2048, 2048]","[2049, 2049, 2049, 2049, 2048, 2049, 2048, 2049, 2049, 2049, 2048, 2049]","[2049, 2049, 2049, 2048, 2049, 2049, 2048]",307.0
1242,9567,20,3,2024-07-26T11:38:55.043000+00:00,56.416,,47.978,145.0,95,False,215.838,"[2048, 2048, 2048, 2048, 2048, 2048, 2048, 2048]","[2048, 2048, 2048, 2048, 2048, 2048, 2048, 2048, 2048, 2048, 2048, 2048]","[2048, 2048, 2048, 2048, 2048, 2048, 2049]",137.0
1242,9567,24,5,2024-07-26T11:39:01.447000+00:00,56.506,84.991,44.527,132.0,118,False,186.024,"[2048, 2048, 2048, 2048, 2048, 2048, 2048, 2048]","[2048, 2048, 2048, 2048, 2048, 2048, 2048, 2048, 2048, 2048, 2048, 2048]","[2048, 2048, 2048, 2048, 2048, 2048, 2049]",146.0
1242,9567,22,5,2024-07-26T11:39:08.495000+00:00,48.143,83.752,36.07,192.0,117,False,167.965,"[2048, 2048, 2048, 2048, 2048, 2048, 2048, 2048]","[2048, 2048, 2048, 2048, 2048, 2048, 2048, 2048, 2048, 2048, 2048, 2048]","[2048, 2048, 2048, 2048, 2048, 2048, 2049]",198.0
1242,9567,55,5,2024-07-26T11:39:14.597000+00:00,31.181,45.698,28.89,330.0,208,False,105.769,"[2049, 2049, 2048, 2048, 2048, 2048, 2048, 2049]","[2049, 2049, 2049, 2049, 2048, 2049, 2049, 2049, 2049, 2049, 2048, 2049]","[2049, 2048, 2048, 2048, 2049, 2049]",302.0
1242,9567,1,5,2024-07-26T11:39:18.839000+00:00,67.118,96.445,43.271,165.0,155,False,206.834,"[2048, 2048, 2048, 2048, 2048, 2048, 2048, 2048]","[2048, 2048, 2048, 2048, 2048, 2048, 2048, 2048, 2048, 2048, 2048, 2048]","[2048, 2048, 2048, 2048, 2048, 2048, 2048]",139.0
1242,9567,81,5,2024-07-26T11:39:27.653000+00:00,50.245,75.607,45.208,187.0,130,False,171.06,"[None, 2048, 2048, 2048, 2048, 2048, 2048, 2048]","[2048, 2048, 2048, 2048, 2048, 2048, 2048, 2048, 2048, 2048, 2048, 2048]","[2048, 2048, 2048, 2048, 2048, 2048, 2049]",174.0
1242,9567,16,5,2024-07-26T11:39:34.522000+00:00,31.251,45.393,29.046,330.0,206,False,105.69,"[None, 2048, 2049, 2048, 2048, 2048, 2049, 2049]","[2049, 2051, 2049, 2049, 2049, 2049, 2049, 2049, 2049, 2049, 2049, 2051]","[2048, 2048, 2049, 2049, 2049, 2049, 2048]",301.0
1242,9567,10,5,2024-07-26T11:39:36.680000+00:00,54.167,93.105,52.987,180.0,112,False,200.259,"[2048, 2048, 2048, 2048, 2048, 2048, 2048, 2048]","[2048, 2048, 2048, 2048, 2048, 2048, 2048, 2048, 2048, 2048, 2048, 2048]","[2048, 2048, 2048, 2048, 2048, 2048, 2049]",153.0
1242,9567,77,5,2024-07-26T11:39:41.987000+00:00,43.262,78.519,40.036,212.0,96,False,161.817,"[2048, 2048, 2048, 2048, 2048, 2048, 2048, 2048]","[2048, 2048, 2048, 2048, 2048, 2048, 2048, 2048, 2048, 2048, 2048, 2048]","[2048, 2048, 2048, 2048, 2048, 2048, 2049]",207.0
1242,9567,11,5,2024-07-26T11:39:46.870000+00:00,54.342,88.007,53.995,119.0,97,False,196.344,"[2048, 2048, 2048, 2048, 2048, 2048, 2048, 2048]","[2048, 2048, 2048, 2048, 2048, 2048, 2048, 2048, 2048, 2048, 2048, 2048]","[2048, 2048, 2048, 2048, 2048, 2048, 2048]",172.0
1242,9567,2,4,2024-07-26T11:39:54.759000+00:00,41.929,73.937,45.651,175.0,153,False,161.517,"[None, 2048, 2048, 2048, 2048, 2048, 2048, 2048]","[2048, 2048, 2048, 2048, 2048, 2048, 2048, 2048, 2048, 2048, 2048, 2048]","[2048, 2048, 2048, 2048, 2048, 2048, 2048]",200.0
1242,9567,4,5,2024-07-26T11:40:01.640000+00:00,45.176,85.825,59.342,153.0,97,False,190.343,"[2048, 2048, 2048, 2048, 2048, 2048, 2048, 2048]","[2048, 2048, 2048, 2048, 2048, 2048, 2048, 2048, 2048, 2048, 2048, 2048]","[2048, 2048, 2048, 2048, 2048, 2048, 2048]",180.0
1242,9567,18,5,2024-07-26T11:40:09.594000+00:00,45.914,83.206,61.498,219.0,110,False,190.618,"[None, 2048, 2048, 2048, 2048, 2048, 2048, 2048]","[2048, 2048, 2048, 2048, 2048, 2048, 2048, 2048, 2048, 2048, 2048, 2048]","[2048, 2048, 2048, 2048, 2048, 2048, 2048]",173.0
1242,9567,14,5,2024-07-26T11:40:16.055000+00:00,57.14,78.171,55.442,232.0,117,False,190.753,"[2048, 2048, 2048, 2048, 2048, 2048, 2048, 2048]","[2048, 2048, 2048, 2048, 2048, 2048, 2048, 2048, 2048, 2048, 2048, 2048]","[2048, 2048, 2048, 2048, 2048, 2048, 2048]",171.0
1242,9567,23,5,2024-07-26T11:40:20.216000+00:00,50.662,85.147,57.411,95.0,112,False,193.22,"[2048, 2048, 2048, 2048, 2048, 2048, 2048, 2048]","[2048, 2048, 2048, 2048, 2048, 2048, 2048, 2048, 2048, 2048, 2048, 2048]","[2048, 2048, 2048, 2048, 2048, 2048, 2048]",213.0
1242,9567,44,5,2024-07-26T11:40:30.834000+00:00,30.868,45.732,28.607,331.0,204,False,105.207,"[2049, 2048, 2049, 2048, 2048, 2048, 2048, 2048]","[2048, 2049, 2049, 2049, 2048, 2049, 2049, 2049, 2049, 2049, 2048, 2048]","[2048, 2049, 2048, 2048, 2048, 2048, 2048]",306.0
1242,9567,27,5,2024-07-26T11:40:37.806000+00:00,57.052,83.487,51.56,141.0,121,False,192.099,"[2048, 2048, 2048, 2048, 2048, 2048, 2048, 2048]","[2048, 2048, 2048, 2048, 2048, 2048, 2048, 2048, 2048, 2048, 2048, 2048]","[2048, 2048, 2048, 2048, 2048, 2048, 2048]",146.0
1242,9567,3,5,2024-07-26T11:40:40.379000+00:00,30.729,47.553,28.437,338.0,207,False,106.719,"[2049, 2048, 2048, 2051, 2051, 2048, 2048, 2048]","[2048, 2048, 2049, 2049, 2049, 2049, 2049, 2049, 2049, 2049, 2048, 2049]","[2049, 2051, 2051, 2051, 2051, 2049, 2048]",312.0
1242,9567,55,6,2024-07-26T11:41:00.229000+00:00,50.634,79.077,49.535,181.0,110,False,179.246,"[2048, 2048, 2048, 2048, 2048, 2048, 2048, 2048]","[2048, 2048, 2048, 2048, 2048, 2048, 2048, 2048, 2048, 2048, 2048, 2048]","[2048, 2048, 2048, 2048, 2048, 2048, 2049]",188.0
1242,9567,16,6,2024-07-26T11:41:20.044000+00:00,52.136,75.851,40.217,133.0,145,False,168.204,"[2048, 2048, 2048, 2048, 2048, 2048, 2048, 2048]","[2048, 2048, 2048, 2048, 2048, 2048, 2048, 2048, 2048, 2048, 2048, 2048]","[2048, 2048, 2048, 2048, 2048, 2048, 2049]",160.0
1242,9567,22,6,2024-07-26T11:41:56.561000+00:00,30.697,47.356,29.119,337.0,204,False,107.172,"[2049, 2048, 2049, 2048, 2049, 2048, 2048, 2048]","[2049, 2049, 2048, 2049, 2048, 2049, 2049, 2049, 2049, 2048, 2048, 2049]","[2049, 2049, 2048, 2048, 2049, 2048]",312.0
1242,9567,63,6,2024-07-26T11:42:01.752000+00:00,30.69,45.678,28.63,332.0,212,False,104.998,"[None, 2051, 2049, 2049, 2049, 2049, 2049, 2048]","[2048, 2049, 2049, 2049, 2048, 2049, 2049, 2049, 2048, 2048, 2049, 2049]","[2051, 2049, 2048, 2049, 2049, 2048, 2048]",308.0
1242,9567,24,6,2024-07-26T11:42:07.524000+00:00,31.334,46.991,29.316,331.0,207,False,107.641,"[2049, 2048, 2048, 2049, 2049, 2048, 2048, 2048]","[2049, 2049, 2048, 2049, 2048, 2049, 2048, 2049, 2049, 2049, 2049, 2049]","[2049, 2048, 2048, 2048, 2048, 2048, 2048]",301.0
1242,9567,44,6,2024-07-26T11:42:16.089000+00:00,38.588,56.204,35.071,167.0,196,False,129.863,"[2048, 2048, 2048, 2048, 2048, 2048, 2048, 2048]","[2048, 2048, 2048, 2048, 2048, 2048, 2048, 2048, 2048, 2048, 2048, 2048]","[2048, 2048, 2048, 2048, 2048, 2048, 2064]",269.0
1242,9567,81,6,2024-07-26T11:42:18.910000+00:00,30.876,45.98,28.675,321.0,210,False,105.531,"[2049, 2048, 2049, 2049, 2049, 2048, 2048, 2048]","[2048, 2048, 2048, 2048, 2049, 2048, 2048, 2049, 2048, 2048, 2048, 2049]","[2049, 2049, 2049, 2048, 2048, 2048, 2048]",310.0
1242,9567,77,6,2024-07-26T11:42:23.921000+00:00,31.041,46.227,28.959,333.0,207,False,106.227,"[2049, 2049, 2049, 2049, 2049, 2049, 2049, 2048]","[2049, 2048, 2049, 2048, 2048, 2049, 2049, 2048, 2049, 2048, 2049, 2049]","[2049, 2049, 2049, 2048, 2048, 2048, 2048]",305.0
1242,9567,3,6,2024-07-26T11:42:27.059000+00:00,51.982,75.28,36.248,202.0,155,False,163.51,"[2048, 2048, 2048, 2048, 2048, 2048, 2048, 2048]","[2048, 2048, 2048, 2048, 2048, 2048, 2048, 2048, 2048, 2048, 2048, 2048]","[2048, 2048, 2048, 2048, 2048, 2048, 2048]",181.0
1242,9567,20,4,2024-07-26T11:42:30.846000+00:00,31.202,47.315,28.856,331.0,204,False,107.373,"[None, 2049, 2049, 2049, 2049, 2048, 2049, 2049]","[2048, 2049, 2049, 2049, 2048, 2049, 2049, 2048, 2048, 2048, 2048, 2049]","[2049, 2049, 2049, 2048, 2048, 2049, 2048]",307.0
1242,9567,2,5,2024-07-26T11:42:36.375000+00:00,30.944,47.864,29.763,337.0,166,False,108.571,"[None, 2048, 2048, 2048, 2048, 2048, 2049, 2049]","[2048, 2049, 2048, 2049, 2048, 2048, 2048, 2048, 2049, 2049, 2048, 2048]","[2048, 2048, 2048, 2048, 2048, 2049, 2048]",310.0
1242,9567,1,6,2024-07-26T11:42:45.812000+00:00,30.875,44.971,28.678,336.0,210,False,104.524,"[2049, 2048, 2049, 2049, 2049, 2049, 2049, 2049]","[2049, 2048, 2048, 2048, 2048, 2048, 2048, 2048, 2051, 2048, 2048, 2049]","[2049, 2049, 2049, 2048, 2048, 2051, 2048]",307.0
1242,9567,10,6,2024-07-26T11:42:56.985000+00:00,31.137,80.246,38.275,327.0,138,False,149.658,"[2049, 2048, 2048, 2048, 2049, 2049, 2049, 2048]","[2049, 2048, 2048, 2048, 2048, 2048, 2048, 2048, 2048, 2048, 2048, 2048]","[2048, 2048, 2048, 2048, 2048, 2048, 2049]",305.0
1242,9567,11,6,2024-07-26T11:43:03.297000+00:00,31.154,46.034,28.719,334.0,207,False,105.907,"[None, 2049, 2049, 2048, 2049, 2049, 2049, 2048]","[2049, 2048, 2048, 2048, 2048, 2049, 2048, 2049, 2049, 2048, 2049, 2049]","[2049, 2048, 2049, 2048, 2048, 2049, 2048]",305.0
1242,9567,4,6,2024-07-26T11:43:12.031000+00:00,30.986,46.282,28.588,319.0,208,False,105.856,"[None, 2048, 2048, 2048, 2049, 2048, 2048, 2048]","[2049, 2051, 2048, 2048, 2048, 2049, 2049, 2048, 2048, 2049, 2049, 2048]","[2048, 2049, 2048, 2048, 2048, 2049, 2048]",311.0
1242,9567,18,6,2024-07-26T11:43:20.333000+00:00,31.104,46.224,28.776,321.0,206,False,106.104,"[None, 2048, 2049, 2048, 2049, 2048, 2048, 2048]","[2049, 2049, 2048, 2048, 2048, 2049, 2048, 2049, 2048, 2049, 2049, 2049]","[2048, 2049, 2049, 2048, 2048, 2048, 2048]",307.0
1242,9567,14,6,2024-07-26T11:43:26.809000+00:00,31.002,46.475,28.834,321.0,207,False,106.311,"[2049, 2049, 2049, 2049, 2049, 2048, 2049, 2048]","[2048, 2049, 2048, 2048, 2048, 2049, 2048, 2049, 2048, 2049, 2049, 2049]","[2048, 2049, 2049, 2049, 2048, 2048, 2049]",307.0
1242,9567,23,6,2024-07-26T11:43:33.678000+00:00,30.834,46.444,28.529,337.0,207,False,105.807,"[None, 2048, 2049, 2048, 2049, 2048, 2048, 2048]","[2049, 2048, 2049, 2049, 2048, 2049, 2048, 2049, 2049, 2049, 2048, 2048]","[2048, 2049, 2049, 2048, 2048, 2049]",310.0
1242,9567,22,7,2024-07-26T11:43:43.560000+00:00,50.216,74.881,39.307,139.0,127,False,164.404,"[2048, 2048, 2048, 2048, 2048, 2048, 2048, 2048]","[2048, 2048, 2048, 2048, 2048, 2048, 2048, 2048, 2048, 2048, 2048, 2048]","[2048, 2048, 2048, 2048, 2048, 2048, 2049]",209.0
1242,9567,63,7,2024-07-26T11:43:46.661000+00:00,42.152,68.012,41.328,235.0,171,False,151.492,"[None, 2048, 2048, 2048, 2048, 2048, 2048, 2048]","[2048, 2048, 2048, 2048, 2048, 2048, 2048, 2048, 2048, 2048, 2048, 2048]","[2048, 2048, 2048, 2048, 2048, 2048, 2064]",225.0
1242,9567,27,6,2024-07-26T11:43:50.152000+00:00,31.143,46.894,36.343,328.0,203,False,114.38,"[None, 2048, 2049, 2049, 2049, 2048, 2048, 2048]","[2049, 2049, 2048, 2048, 2048, 2049, 2049, 2048, 2048, 2049, 2049, 2049]","[2048, 2048, 2049, 2048, 2048, 2048, 2064]",306.0
1242,9567,24,7,2024-07-26T11:43:55.098000+00:00,55.113,88.25,41.686,105.0,127,False,185.049,"[2048, 2048, 2048, 2048, 2048, 2048, 2048, 2048]","[2048, 2048, 2048, 2048, 2048, 2048, 2048, 2048, 2048, 2048, 2048, 2048]","[2048, 2048, 2048, 2048, 2048, 2048, 2048]",254.0
1242,9567,55,7,2024-07-26T11:43:59.561000+00:00,31.037,72.034,35.425,332.0,159,False,138.496,"[2049, 2048, 2049, 2049, 2049, 2048, 2049, 2049]","[2049, 2048, 2048, 2048, 2048, 2048, 2048, 2048, 2048, 2048, 2048, 2048]","[2048, 2048, 2048, 2048, 2048, 2048, 2049]",304.0
1242,9567,81,7,2024-07-26T11:44:04.457000+00:00,40.606,58.829,40.799,272.0,157,False,140.234,"[2048, 2048, 2048, 2048, 2048, 2048, 2048, 2048]","[2048, 2048, 2048, 2048, 2048, 2048, 2048, 2048, 2048, 2048, 2048, 2048]","[2048, 2048, 2048, 2048, 2048, 2048, 2064]",230.0
1242,9567,16,7,2024-07-26T11:44:08.340000+00:00,30.953,72.609,43.846,333.0,119,False,147.408,"[None, 2049, 2049, 2049, 2049, 2049, 2049, 2049]","[2049, 2048, 2048, 2048, 2048, 2048, 2048, 2048, 2048, 2048, 2048, 2048]","[2048, 2048, 2048, 2048, 2048, 2048, 2048]",305.0
1242,9567,77,7,2024-07-26T11:44:09.997000+00:00,39.725,72.468,46.716,231.0,134,False,158.909,"[2048, 2048, 2048, 2048, 2048, 2048, 2048, 2048]","[2048, 2048, 2048, 2048, 2048, 2048, 2048, 2048, 2048, 2048, 2048, 2048]","[2048, 2048, 2048, 2048, 2048, 2048, 2064]",225.0
1242,9567,20,5,2024-07-26T11:44:18.305000+00:00,67.324,,51.378,108.0,92,False,222.515,"[None, 2048, 2048, 2048, 2048, 2048, 2048, 2048]","[2048, 2048, 2048, 2048, 2048, 2048, 2048, 2048, 2048, 2048, 2048, 2048]","[2048, 2048, 2048, 2048, 2048, 2048, 2049]",125.0
1242,9567,2,6,2024-07-26T11:44:24.860000+00:00,40.626,65.158,41.402,198.0,168,False,147.186,"[None, 2048, 2048, 2048, 2048, 2048, 2048, 2048]","[2048, 2048, 2048, 2048, 2048, 2048, 2048, 2048, 2048, 2048, 2048, 2048]","[2048, 2048, 2048, 2048, 2048, 2048, 2064]",215.0
1242,9567,1,7,2024-07-26T11:44:30.123000+00:00,40.754,57.913,38.22,204.0,182,False,136.887,"[2048, 2048, 2048, 2048, 2048, 2048, 2048, 2048]","[2048, 2048, 2048, 2048, 2048, 2048, 2048, 2048, 2048, 2048, 2048, 2048]","[2048, 2048, 2048, 2048, 2048, 2048, 2064]",206.0
1242,9567,11,7,2024-07-26T11:44:49.188000+00:00,36.603,55.703,45.038,216.0,172,False,137.344,"[None, 2048, 2048, 2048, 2048, 2048, 2048, 2048]","[2048, 2048, 2048, 2048, 2048, 2048, 2048, 2048, 2048, 2048, 2048, 2048]","[2048, 2048, 2048, 2048, 2048, 2048, 2064]",262.0
1242,9567,4,7,2024-07-26T11:44:58.017000+00:00,35.616,58.391,37.217,241.0,194,False,131.224,"[None, 2048, 2048, 2048, 2048, 2048, 2048, 2048]","[2048, 2048, 2048, 2048, 2048, 2048, 2048, 2048, 2048, 2048, 2048, 2048]","[2048, 2048, 2048, 2048, 2048, 2048, 2064]",260.0
1242,9567,18,7,2024-07-26T11:45:06.455000+00:00,56.11,70.11,35.247,134.0,139,False,161.467,"[None, 2048, 2048, 2048, 2048, 2048, 2048, 2048]","[2048, 2048, 2048, 2048, 2048, 2048, 2048, 2048, 2048, 2048, 2048, 2048]","[2048, 2048, 2048, 2048, 2048, 2048, 2049]",181.0
1242,9567,3,7,2024-07-26T11:45:10.690000+00:00,30.642,47.399,28.639,339.0,201,False,106.68,"[2049, 2049, 2049, 2048, 2048, 2048, 2048, 2048]","[2049, 2048, 2049, 2049, 2048, 2049, 2049, 2049, 2049, 2048, 2048, 2049]","[2048, 2048, 2048, 2048, 2048, 2049, 2048]",311.0
1242,9567,14,7,2024-07-26T11:45:13.181000+00:00,53.612,66.232,42.059,277.0,143,False,161.903,"[2048, 2048, 2048, 2048, 2048, 2048, 2048, 2048]","[2048, 2048, 2048, 2048, 2048, 2048, 2048, 2048, 2048, 2048, 2048, 2048]","[2048, 2048, 2048, 2048, 2048, 2048, 2048]",147.0
1242,9567,23,7,2024-07-26T11:45:19.330000+00:00,55.295,70.494,41.045,186.0,151,False,166.834,"[None, 2048, 2048, 2048, 2048, 2048, 2048, 2048]","[2048, 2048, 2048, 2048, 2048, 2048, 2048, 2048, 2048, 2048, 2048, 2048]","[2048, 2048, 2048, 2048, 2048, 2048, 2048]",149.0
1242,9567,10,7,2024-07-26T11:45:26.652000+00:00,31.005,45.783,28.96,,207,False,105.748,"[None, 2048, 2048, 2048, 2048, 2048, 2048, 2048]","[2048, 2049, 2049, 2049, 2048, 2049, 2048, 2048, 2048, 2048, 2049, 2049]","[2048, 2048, 2048, 2048, 2048, 2049, 2048]",304.0
1242,9567,55,8,2024-07-26T11:46:18.110000+00:00,31.073,45.445,29.031,330.0,202,False,105.549,"[None, 2049, 2048, 2048, 2048, 2048, 2048, 2048]","[2048, 2049, 2049, 2048, 2048, 2049, 2049, 2049, 2049, 2048, 2049, 2049]","[2048, 2049, 2049, 2049, 2049, 2048, 2048]",301.0
1242,9567,22,8,2024-07-26T11:46:28.108000+00:00,30.571,47.264,29.114,339.0,200,False,106.949,"[2049, 2049, 2049, 2048, 2048, 2048, 2048, 2048]","[2049, 2049, 2048, 2048, 2048, 2048, 2048, 2048, 2048, 2048, 2049, 2048]","[2048, 2048, 2048, 2048, 2048, 2048]",310.0
1242,9567,16,8,2024-07-26T11:46:35.746000+00:00,31.025,58.192,38.434,,140,False,127.651,"[2049, 2049, 2048, 2048, 2048, 2048, 2048, 2048]","[2049, 2051, 2049, 2048, 2048, 2048, 2048, 2048, 2048, 2048, 2048, 2048]","[2048, 2048, 2048, 2048, 2048, 2048, 2048]",301.0
1242,9567,3,8,2024-07-26T11:46:57.299000+00:00,47.666,55.64,36.411,274.0,158,False,139.717,"[2048, 2048, 2048, 2048, 2048, 2048, 2048, 2048]","[2048, 2048, 2048, 2048, 2048, 2048, 2048, 2048, 2048, 2048, 2048, 2048]","[2048, 2048, 2048, 2048, 2048, 2048, 2064]",162.0
1242,9567,24,8,2024-07-26T11:47:00.160000+00:00,31.364,46.457,29.172,329.0,206,False,106.993,"[None, 2049, 2048, 2048, 2048, 2048, 2048, 2048]","[2049, 2049, 2049, 2049, 2048, 2049, 2048, 2049, 2049, 2049, 2049, 2049]","[2048, 2048, 2048, 2048, 2048, 2049, 2048]",298.0
1242,9567,10,8,2024-07-26T11:47:12.409000+00:00,54.163,87.457,43.205,211.0,109,False,184.825,"[2048, 2048, 2048, 2048, 2048, 2048, 2048, 2048]","[2048, 2048, 2048, 2048, 2048, 2048, 2048, 2048, 2048, 2048, 2048, 2048]","[2048, 2048, 2048, 2048, 2048, 2048, 2048]",144.0
1242,9567,18,8,2024-07-26T11:47:47.811000+00:00,31.52,46.577,38.312,303.0,209,False,116.409,"[None, 2048, 2048, 2048, 2048, 2048, 2048, 2048]","[2048, 2048, 2048, 2048, 2048, 2048, 2048, 2048, 2048, 2049, 2049, 2049]","[2048, 2049, 2048, 2048, 2048, 2048, 2064]",303.0
1242,9567,14,8,2024-07-26T11:47:55.124000+00:00,31.478,47.222,36.018,303.0,210,False,114.718,"[None, 2048, 2048, 2048, 2048, 2048, 2048, 2048]","[2048, 2048, 2048, 2048, 2048, 2048, 2048, 2048, 2048, 2048, 2049, 2049]","[2049, 2048, 2048, 2048, 2048, 2048, 2064]",304.0
1242,9567,20,6,2024-07-26T11:48:00.872000+00:00,31.16,47.582,28.872,330.0,202,False,107.614,"[2049, 2049, 2049, 2048, 2048, 2048, 2048, 2048]","[2049, 2048, 2049, 2048, 2048, 2048, 2048, 2049, 2048, 2048, 2048, 2048]","[2048, 2048, 2048, 2048, 2048, 2049, 2048]",305.0
1242,9567,55,9,2024-07-26T11:48:03.526000+00:00,44.702,65.934,45.764,263.0,119,False,156.4,"[2048, 2048, 2048, 2048, 2048, 2048, 2048, 2048]","[2048, 2048, 2048, 2048, 2048, 2048, 2048, 2048, 2048, 2048, 2048, 2048]","[2048, 2048, 2048, 2048, 2048, 2048, 2064]",196.0
1242,9567,23,8,2024-07-26T11:48:06.344000+00:00,30.611,47.046,39.525,338.0,178,False,117.182,"[2051, 2049, 2051, 2048, 2048, 2048, 2048, 2048]","[2048, 2048, 2049, 2048, 2048, 2048, 2048, 2048, 2048, 2048, 2048, 2048]","[2048, 2048, 2048, 2048, 2048, 2048, 2064]",308.0
1242,9567,22,9,2024-07-26T11:48:14.861000+00:00,35.991,60.844,43.783,271.0,163,False,140.618,"[2048, 2048, 2048, 2048, 2048, 2048, 2048, 2048]","[2048, 2048, 2048, 2048, 2048, 2048, 2048, 2048, 2048, 2048, 2048, 2048]","[2048, 2048, 2048, 2048, 2048, 2048, 2064]",239.0
1242,9567,16,9,2024-07-26T11:48:43.351000+00:00,31.109,45.359,28.856,330.0,211,False,105.324,"[None, 2048, 2048, 2048, 2048, 2048, 2048, 2048]","[2048, 2051, 2048, 2048, 2049, 2048, 2048, 2049, 2049, 2048, 2049, 2051]","[2049, 2049, 2049, 2049, 2049, 2048, 2048]",
1242,9567,24,9,2024-07-26T11:48:47.172000+00:00,33.666,51.245,36.955,307.0,196,False,121.866,"[None, 2048, 2048, 2048, 2048, 2048, 2048, 2048]","[2048, 2048, 2048, 2048, 2048, 2048, 2048, 2048, 2048, 2048, 2048, 2048]","[2048, 2048, 2048, 2048, 2048, 2048, 2064]",280.0
1242,9567,20,7,2024-07-26T11:49:48.381000+00:00,39.009,54.736,35.891,199.0,182,False,129.636,"[2048, 2048, 2048, 2048, 2048, 2048, 2048, 2048]","[2048, 2048, 2048, 2048, 2048, 2048, 2048, 2048, 2048, 2048, 2048, 2048]","[2048, 2048, 2048, 2048, 2048, 2048, 2064]",216.0
1242,9567,10,9,2024-07-26T11:50:17.300000+00:00,31.068,45.596,28.889,325.0,210,False,105.553,"[None, 2049, 2048, 2048, 2048, 2048, 2048, 2048]","[2048, 2049, 2048, 2049, 2048, 2049, 2049, 2048, 2049, 2049, 2049, 2049]","[2049, 2049, 2049, 2049, 2049, 2049]",302.0
1242,9567,16,10,2024-07-26T11:50:28.696000+00:00,42.717,68.057,41.606,199.0,164,False,152.38,"[2048, 2048, 2048, 2048, 2048, 2048, 2048, 2048]","[2048, 2048, 2048, 2048, 2048, 2048, 2048, 2048, 2048, 2048, 2048, 2048]","[2048, 2048, 2048, 2048, 2048, 2048, 2064]",204.0
1242,9567,10,10,2024-07-26T11:52:02.674000+00:00,38.635,53.148,36.53,271.0,183,False,128.313,"[None, 2048, 2048, 2048, 2048, 2048, 2048, 2048]","[2048, 2048, 2048, 2048, 2048, 2048, 2048, 2048, 2048, 2048, 2048, 2048]","[2048, 2048, 2048, 2048, 2048, 2048, 2064]",245.0
1242,9567,63,8,2024-07-26T11:54:50.339000+00:00,,62.236,32.331,259.0,180,True,643.24,"[2064, 2064, 2048, 2048, 2048, 2048, 2048, 2048]","[2048, 2048, 2048, 2048, 2048, 2048, 2048, 2048, 2048, 2048, 2048, 2048]","[2048, 2048, 2048, 2048, 2048, 2048, 2051]",199.0
1242,9567,1,8,2024-07-26T11:55:32.077000+00:00,,72.016,38.351,191.0,138,True,674.239,"[2064, 2064, 2048, 2048, 2048, 2048, 2048, 2048]","[2048, 2048, 2048, 2048, 2048, 2048, 2048, 2048, 2048, 2048, 2048, 2048]","[2048, 2048, 2048, 2048, 2048, 2048, 2051]",190.0
1242,9567,4,8,2024-07-26T11:55:46.862000+00:00,,67.304,38.748,202.0,140,True,659.729,"[2064, 2064, 2048, 2048, 2048, 2048, 2048, 2048]","[2048, 2048, 2048, 2048, 2048, 2048, 2048, 2048, 2048, 2048, 2048, 2048]","[2048, 2048, 2048, 2048, 2048, 2048, 2049]",207.0
1242,9567,81,8,2024-07-26T11:55:56.043000+00:00,,69.652,37.132,291.0,144,True,713.709,"[2064, 2064, 2048, 2048, 2048, 2048, 2048, 2048]","[2048, 2048, 2048, 2048, 2048, 2048, 2048, 2048, 2048, 2048, 2048, 2048]","[2048, 2048, 2048, 2048, 2048, 2048, 2049]",226.0
1242,9567,77,8,2024-07-26T11:56:55.060000+00:00,,71.257,38.001,160.0,130,True,751.932,"[2064, 2064, 2048, 2048, 2048, 2048, 2048, 2048]","[2048, 2048, 2048, 2048, 2048, 2048, 2048, 2048, 2048, 2048, 2048, 2048]","[2048, 2048, 2048, 2048, 2048, 2048, 2048]",224.0
1242,9567,63,9,2024-07-26T11:57:01.427000+00:00,30.545,45.079,28.601,331.0,207,False,104.225,"[2049, 2051, 2049, 2048, 2048, 2048, 2048, 2048]","[2049, 2049, 2049, 2048, 2051, 2051, 2048, 2049, 2049, 2049, 2049, 2049]","[2048, 2048, 2048, 2048, 2048, 2048]",306.0
1242,9567,44,7,2024-07-26T11:57:55.781000+00:00,,62.961,30.965,236.0,187,True,943.546,"[2064, 2064, 2048, 2048, 2048, 2048, 2048, 2048]","[2048, 2048, 2048, 2048, 2048, 2048, 2048, 2048, 2048, 2048, 2048, 2048]","[2048, 2048, 2048, 2048, 2048, 2048, 2049]",189.0
1242,9567,1,9,2024-07-26T11:58:01.414000+00:00,30.777,44.046,28.549,333.0,210,False,103.372,"[2049, 2049, 2048, 2048, 2048, 2048, 2048, 2048]","[2048, 2051, 2051, 2048, 2051, 2051, 2049, 2051, 2051, 2051, 2051, 2049]","[2048, 2048, 2048, 2048, 2048, 2051]",302.0
1242,9567,4,9,2024-07-26T11:58:08.993000+00:00,30.937,68.612,38.413,334.0,140,False,137.962,"[2049, 2048, 2048, 2048, 2048, 2048, 2048, 2049]","[2051, 2048, 2048, 2048, 2048, 2048, 2048, 2048, 2048, 2048, 2048, 2048]","[2048, 2048, 2048, 2048, 2048, 2048, 2049]",309.0
1242,9567,81,9,2024-07-26T11:58:18.403000+00:00,30.982,44.748,28.348,328.0,211,False,104.078,"[2049, 2048, 2048, 2048, 2048, 2048, 2048, 2049]","[2049, 2049, 2049, 2049, 2049, 2049, 2051, 2049, 2049, 2049, 2049, 2049]","[2048, 2048, 2048, 2048, 2049, 2049]",308.0
1242,9567,11,8,2024-07-26T11:58:26.159000+00:00,,66.175,35.25,274.0,137,True,816.038,"[2064, 2064, 2048, 2048, 2048, 2048, 2048, 2048]","[2048, 2048, 2048, 2048, 2048, 2048, 2048, 2048, 2048, 2048, 2048, 2048]","[2048, 2048, 2048, 2048, 2048, 2048, 2049]",208.0
1242,9567,27,7,2024-07-26T11:58:29.716000+00:00,,66.956,34.03,189.0,143,True,916.238,"[2064, 2064, 2048, 2048, 2048, 2048, 2048, 2048]","[2048, 2048, 2048, 2048, 2048, 2048, 2048, 2048, 2048, 2048, 2048, 2048]","[2048, 2048, 2048, 2048, 2048, 2048, 2049]",202.0
1242,9567,24,10,2024-07-26T11:58:35.872000+00:00,,60.987,35.878,250.0,159,True,601.412,"[2064, 2064, 2048, 2048, 2048, 2048, 2048, 2048]","[2048, 2048, 2048, 2048, 2048, 2048, 2048, 2048, 2048, 2048, 2048, 2048]","[2048, 2048, 2048, 2048, 2048, 2048, 2049]",189.0
1242,9567,63,10,2024-07-26T11:58:45.621000+00:00,58.913,81.427,51.141,171.0,117,False,191.481,"[2048, 2048, 2048, 2048, 2048, 2048, 2048, 2048]","[2048, 2048, 2048, 2048, 2048, 2048, 2048, 2048, 2048, 2048, 2048, 2048]","[2048, 2048, 2048, 2048, 2048, 2048, 2064]",144.0
1242,9567,3,9,2024-07-26T11:58:48.033000+00:00,,64.685,36.732,283.0,163,True,714.764,"[2064, 2064, 2048, 2048, 2048, 2048, 2048, 2048]","[2048, 2048, 2048, 2048, 2048, 2048, 2048, 2048, 2048, 2048, 2048, 2048]","[2048, 2048, 2048, 2048, 2048, 2048, 2049]",160.0
1242,9567,22,10,2024-07-26T11:58:58.538000+00:00,,65.299,37.326,270.0,161,True,643.011,"[2064, 2064, 2048, 2048, 2048, 2048, 2048, 2048]","[2048, 2048, 2048, 2048, 2048, 2048, 2048, 2048, 2048, 2048, 2048, 2048]","[2048, 2048, 2048, 2048, 2048, 2048, 2049]",203.0
1242,9567,2,7,2024-07-26T11:59:03.259000+00:00,,64.768,39.077,304.0,162,True,870.55,"[2064, 2064, 2048, 2048, 2048, 2048, 2048, 2048]","[2048, 2048, 2048, 2048, 2048, 2048, 2048, 2048, 2048, 2048, 2048, 2048]","[2048, 2048, 2048, 2048, 2048, 2048, 2049]",212.0
1242,9567,77,9,2024-07-26T11:59:20.991000+00:00,30.988,45.4,28.767,330.0,209,False,105.155,"[2048, 2049, 2049, 2049, 2048, 2048, 2048, 2048]","[2048, 2049, 2049, 2048, 2051, 2049, 2049, 2048, 2049, 2049, 2049, 2049]","[2048, 2048, 2048, 2049, 2048, 2049]",303.0
1242,9567,55,10,2024-07-26T11:59:41.361000+00:00,,62.535,38.315,257.0,161,True,679.03,"[2064, 2064, 2048, 2048, 2048, 2048, 2048, 2048]","[2048, 2048, 2048, 2048, 2048, 2048, 2048, 2048, 2048, 2048, 2048, 2048]","[2048, 2048, 2048, 2048, 2048, 2048, 2048]",212.0
1242,9567,1,10,2024-07-26T11:59:44.770000+00:00,39.55,67.208,46.384,214.0,156,False,153.142,"[2048, 2048, 2048, 2048, 2048, 2048, 2048, 2048]","[2048, 2048, 2048, 2048, 2048, 2048, 2048, 2048, 2048, 2048, 2048, 2048]","[2048, 2048, 2048, 2048, 2048, 2048, 2064]",225.0
1242,9567,16,11,2024-07-26T11:59:53.718000+00:00,,61.2,35.926,239.0,167,True,546.867,"[2064, 2064, 2048, 2048, 2048, 2048, 2048, 2048]","[2048, 2048, 2048, 2048, 2048, 2048, 2048, 2048, 2048, 2048, 2048, 2048]","[2048, 2048, 2048, 2048, 2048, 2048, 2049]",217.0
1242,9567,81,10,2024-07-26T12:00:02.313000+00:00,45.091,66.884,37.696,203.0,137,False,149.671,"[2048, 2048, 2048, 2048, 2048, 2048, 2048, 2048]","[2048, 2048, 2048, 2048, 2048, 2048, 2048, 2048, 2048, 2048, 2048, 2048]","[2048, 2048, 2048, 2048, 2048, 2048, 2048]",217.0
1242,9567,44,8,2024-07-26T12:00:09.636000+00:00,30.588,45.136,28.555,333.0,210,False,104.279,"[2049, 2049, 2049, 2048, 2048, 2048, 2048, 2048]","[2051, 2048, 2048, 2048, 2049, 2049, 2049, 2049, 2049, 2049, 2049, 2049]","[2049, 2048, 2049, 2049, 2049, 2049, 2048]",308.0
1242,9567,20,8,2024-07-26T12:00:15.827000+00:00,,92.903,36.677,89.0,153,True,682.78,"[2064, 2064, 2048, 2048, 2048, 2048, 2048, 2048]","[2048, 2048, 2048, 2048, 2048, 2048, 2048, 2048, 2048, 2048, 2048, 2048]","[2048, 2048, 2048, 2048, 2048, 2048, 2049]",194.0
1242,9567,4,10,2024-07-26T12:00:26.897000+00:00,30.659,45.367,28.389,335.0,208,False,104.415,"[2048, 2049, 2049, 2048, 2048, 2048, 2048, 2048]","[2048, 2049, 2048, 2049, 2048, 2049, 2049, 2049, 2051, 2049, 2049, 2048]","[2049, 2048, 2048, 2048, 2049, 2051]",311.0
1242,9567,11,9,2024-07-26T12:00:42.622000+00:00,30.799,44.895,28.635,333.0,209,False,104.329,"[2049, 2049, 2049, 2049, 2048, 2049, 2048, 2048]","[2048, 2049, 2049, 2049, 2049, 2049, 2049, 2049, 2049, 2049, 2049, 2049]","[2049, 2048, 2048, 2048, 2048, 2049, 2048]",304.0
1242,9567,24,11,2024-07-26T12:00:50.546000+00:00,30.782,46.308,28.905,333.0,205,False,105.995,"[2049, 2049, 2049, 2049, 2049, 2049, 2049, 2049]","[2048, 2048, 2048, 2049, 2049, 2049, 2049, 2049, 2049, 2049, 2048, 2048]","[2049, 2049, 2049, 2049, 2049, 2049, 2048]",306.0
1242,9567,27,8,2024-07-26T12:01:00.735000+00:00,30.724,46.109,28.812,331.0,205,False,105.645,"[2049, 2049, 2048, 2049, 2049, 2048, 2048, 2048]","[2049, 2048, 2049, 2048, 2049, 2049, 2049, 2049, 2049, 2049, 2049, 2048]","[2048, 2048, 2048, 2048, 2048, 2048]",308.0
1242,9567,77,10,2024-07-26T12:01:05.996000+00:00,45.973,82.775,47.17,114.0,111,False,175.918,"[None, 2048, 2048, 2048, 2048, 2048, 2048, 2048]","[2048, 2048, 2048, 2048, 2048, 2048, 2048, 2048, 2048, 2048, 2048, 2048]","[2048, 2048, 2048, 2048, 2048, 2048, 2048]",231.0
1242,9567,3,10,2024-07-26T12:01:11.802000+00:00,30.364,46.215,28.371,339.0,204,False,104.95,"[2051, 2049, 2049, 2049, 2051, 2049, 2048, 2048]","[2048, 2049, 2049, 2049, 2049, 2049, 2049, 2049, 2049, 2049, 2049, 2049]","[2048, 2048, 2048, 2048, 2048, 2049, 2048]",314.0
1242,9567,22,11,2024-07-26T12:01:18.677000+00:00,30.383,46.531,28.71,340.0,205,False,105.624,"[2049, 2049, 2049, 2049, 2049, 2051, 2051, 2048]","[2049, 2049, 2048, 2048, 2049, 2049, 2049, 2049, 2049, 2049, 2049, 2049]","[2048, 2048, 2048, 2048, 2048, 2048, 2048]",314.0
1242,9567,2,8,2024-07-26T12:01:22.633000+00:00,30.416,46.271,28.624,338.0,205,False,105.311,"[2049, 2049, 2051, 2051, 2049, 2049, 2049, 2049]","[2049, 2049, 2048, 2048, 2049, 2049, 2049, 2049, 2049, 2049, 2049, 2048]","[2049, 2049, 2049, 2049, 2049, 2049, 2048]",312.0
1242,9567,18,9,2024-07-26T12:01:37.153000+00:00,,68.744,39.717,226.0,146,True,853.378,"[2064, 2064, 2048, 2048, 2048, 2048, 2048, 2048]","[2048, 2048, 2048, 2048, 2048, 2048, 2048, 2048, 2048, 2048, 2048, 2048]","[2048, 2048, 2048, 2048, 2048, 2048, 2049]",226.0
1242,9567,44,9,2024-07-26T12:01:53.804000+00:00,54.673,,79.42,141.0,97,False,247.853,"[2048, 2048, 2048, 2048, 2048, 2048, 2048, 2048]","[2048, 2048, 2048, 2048, 2048, 2048, 2048, 2048, 2048, 2048, 2048, 2048]","[2048, 2048, 2048, 2048, 2048, 2048, 2048]",164.0
1242,9567,55,11,2024-07-26T12:01:59.081000+00:00,42.145,63.498,38.582,200.0,143,False,144.225,"[2048, 2049, 2048, 2048, 2048, 2048, 2048, 2048]","[2048, 2048, 2048, 2048, 2048, 2048, 2048, 2048, 2048, 2048, 2048, 2048]","[2048, 2048, 2048, 2048, 2048, 2048, 2049]",176.0
1242,9567,16,12,2024-07-26T12:02:08.030000+00:00,30.731,44.783,28.792,330.0,212,False,104.306,"[2048, 2049, 2049, 2049, 2048, 2048, 2048, 2048]","[2048, 2049, 2048, 2048, 2051, 2049, 2049, 2049, 2049, 2048, 2049, 2048]","[2049, 2048, 2049, 2049, 2048, 2049, 2048]",305.0
1242,9567,4,11,2024-07-26T12:02:11.189000+00:00,38.83,93.773,50.273,185.0,110,False,182.876,"[None, 2048, 2048, 2048, 2048, 2048, 2048, 2048]","[2048, 2048, 2048, 2048, 2048, 2048, 2048, 2048, 2048, 2048, 2048, 2048]","[2048, 2048, 2048, 2048, 2048, 2048, 2048]",217.0
1242,9567,63,11,2024-07-26T12:02:20.105000+00:00,65.912,74.78,42.771,199.0,133,True,183.463,"[2064, 2064, 2048, 2048, 2048, 2048, 2048, 2048]","[2048, 2048, 2048, 2048, 2048, 2048, 2048, 2048, 2048, 2048, 2048, 2048]","[2048, 2048, 2048, 2048, 2048, 2048, 2048]",178.0
1242,9567,11,10,2024-07-26T12:02:26.976000+00:00,44.302,92.425,67.54,191.0,96,False,204.267,"[2048, 2048, 2048, 2048, 2048, 2048, 2048, 2048]","[2048, 2048, 2048, 2048, 2048, 2048, 2048, 2048, 2048, 2048, 2048, 2048]","[2048, 2048, 2048, 2048, 2048, 2048, 2048]",205.0
1242,9567,81,11,2024-07-26T12:02:32.054000+00:00,30.618,44.675,28.61,332.0,206,False,103.903,"[None, 2049, 2049, 2049, 2048, 2048, 2049, 2049]","[2048, 2049, 2049, 2049, 2049, 2051, 2051, 2049, 2051, 2049, 2048, 2048]","[2048, 2048, 2048, 2048, 2048, 2048]",310.0
1242,9567,24,12,2024-07-26T12:02:36.393000+00:00,49.978,95.763,63.925,152.0,108,False,209.666,"[2048, 2048, 2048, 2048, 2048, 2048, 2048, 2048]","[2048, 2048, 2048, 2048, 2048, 2048, 2048, 2048, 2048, 2048, 2048, 2048]","[2048, 2048, 2048, 2048, 2048, 2048, 2048]",180.0
1242,9567,23,9,2024-07-26T12:02:39.506000+00:00,,66.535,34.673,313.0,138,True,890.249,"[2064, 2064, 2048, 2048, 2048, 2048, 2048, 2048]","[2048, 2048, 2048, 2048, 2048, 2048, 2048, 2048, 2048, 2048, 2048, 2048]","[2048, 2048, 2048, 2048, 2048, 2048, 2049]",223.0
1242,9567,27,9,2024-07-26T12:02:46.650000+00:00,55.072,87.74,46.949,148.0,121,False,189.761,"[2048, 2048, 2048, 2048, 2048, 2048, 2048, 2048]","[2048, 2048, 2048, 2048, 2048, 2048, 2048, 2048, 2048, 2048, 2048, 2048]","[2048, 2048, 2048, 2048, 2048, 2048, 2048]",156.0
1242,9567,3,11,2024-07-26T12:02:56.782000+00:00,60.275,86.199,54.402,164.0,117,False,200.876,"[2048, 2048, 2048, 2048, 2048, 2048, 2048, 2048]","[2048, 2048, 2048, 2048, 2048, 2048, 2048, 2048, 2048, 2048, 2048, 2048]","[2048, 2048, 2048, 2048, 2048, 2048, 2048]",133.0
1242,9567,22,12,2024-07-26T12:03:04.195000+00:00,57.998,96.019,46.147,121.0,86,False,200.164,"[2048, 2048, 2048, 2048, 2048, 2048, 2048, 2048]","[2048, 2048, 2048, 2048, 2048, 2048, 2048, 2048, 2048, 2048, 2048, 2048]","[2048, 2048, 2048, 2048, 2048, 2048, 2048]",145.0
1242,9567,2,9,2024-07-26T12:03:07.884000+00:00,50.546,75.324,56.589,174.0,98,False,182.459,"[2048, 2048, 2048, 2048, 2048, 2048, 2048, 2048]","[2048, 2048, 2048, 2048, 2048, 2048, 2048, 2048, 2048, 2048, 2048, 2048]","[2048, 2048, 2048, 2048, 2048, 2048, 2048]",165.0
1242,9567,20,9,2024-07-26T12:03:20.778000+00:00,30.814,46.168,29.389,332.0,208,False,106.371,"[2049, 2049, 2049, 2049, 2049, 2049, 2048, 2048]","[2049, 2048, 2049, 2049, 2049, 2049, 2049, 2049, 2049, 2049, 2049, 2049]","[2049, 2048, 2048, 2048, 2048, 2048, 2048]",309.0
1242,9567,16,13,2024-07-26T12:03:52.184000+00:00,45.488,83.364,49.768,192.0,115,False,178.62,"[None, 2048, 2048, 2048, 2048, 2048, 2048, 2048]","[2048, 2048, 2048, 2048, 2048, 2048, 2048, 2048, 2048, 2048, 2048, 2048]","[2048, 2048, 2048, 2048, 2048, 2048, 2048]",230.0
1242,9567,18,10,2024-07-26T12:03:57.746000+00:00,30.772,45.345,28.697,329.0,206,False,104.814,"[2049, 2049, 2049, 2049, 2048, 2048, 2048, 2048]","[2049, 2049, 2049, 2049, 2049, 2049, 2049, 2049, 2049, 2049, 2049, 2048]","[2048, 2048, 2048, 2048, 2048, 2049, 2048]",304.0
1242,9567,77,11,2024-07-26T12:04:02.036000+00:00,31.042,45.623,28.781,333.0,206,False,105.446,"[None, 2048, 2048, 2049, 2048, 2048, 2048, 2048]","[2048, 2048, 2048, 2049, 2048, 2048, 2048, 2048, 2049, 2049, 2048, 2048]","[2049, 2048, 2048, 2048, 2048, 2049, 2048]",304.0
1242,9567,81,12,2024-07-26T12:04:15.907000+00:00,41.935,55.145,38.347,270.0,175,False,135.427,"[None, 2048, 2048, 2048, 2048, 2048, 2048, 2048]","[2048, 2048, 2048, 2048, 2048, 2048, 2048, 2048, 2048, 2048, 2048, 2048]","[2048, 2048, 2048, 2048, 2048, 2048, 2064]",243.0
1242,9567,55,12,2024-07-26T12:04:23.237000+00:00,30.971,44.819,28.784,330.0,210,False,104.574,"[None, 2049, 2048, 2048, 2048, 2048, 2048, 2048]","[2048, 2049, 2048, 2048, 2049, 2049, 2048, 2049, 2049, 2049, 2049, 2049]","[2049, 2049, 2049, 2048, 2048, 2048, 2048]",301.0
1242,9567,23,10,2024-07-26T12:04:53.743000+00:00,30.348,45.407,28.344,337.0,209,False,104.099,"[2051, 2049, 2049, 2049, 2048, 2048, 2048, 2048]","[2048, 2049, 2049, 2049, 2049, 2049, 2049, 2049, 2049, 2049, 2049, 2049]","[2049, 2049, 2049, 2049, 2048, 2049, 2048]",309.0
1242,9567,63,12,2024-07-26T12:05:00.594000+00:00,30.839,44.935,28.633,330.0,213,False,104.407,"[2048, 2048, 2049, 2048, 2048, 2048, 2048, 2048]","[2048, 2048, 2049, 2048, 2048, 2049, 2048, 2048, 2049, 2049, 2049, 2051]","[2048, 2048, 2048, 2048, 2048, 2048, 2048]",303.0
1242,9567,20,10,2024-07-26T12:05:07.133000+00:00,68.186,,61.083,112.0,81,False,249.569,"[2048, 2048, 2048, 2048, 2048, 2048, 2048, 2048]","[2048, 2048, 2048, 2048, 2048, 2048, 2048, 2048, 2048, 2048, 2048, 2048]","[2048, 2048, 2048, 2048, 2048, 2048, 2048]",114.0
1242,9567,4,12,2024-07-26T12:05:14.099000+00:00,30.704,47.124,36.537,331.0,201,False,114.365,"[None, 2048, 2048, 2048, 2048, 2048, 2048, 2048]","[2048, 2048, 2048, 2048, 2049, 2049, 2049, 2049, 2051, 2049, 2049, 2048]","[2048, 2048, 2048, 2048, 2048, 2048, 2064]",306.0
1242,9567,18,11,2024-07-26T12:05:42.326000+00:00,61.123,96.451,47.043,169.0,117,False,204.617,"[2048, 2048, 2048, 2048, 2048, 2048, 2048, 2048]","[2048, 2048, 2048, 2048, 2048, 2048, 2048, 2048, 2048, 2048, 2048, 2048]","[2048, 2048, 2048, 2048, 2048, 2048, 2048]",235.0
1242,9567,77,12,2024-07-26T12:05:47.473000+00:00,49.224,,47.456,278.0,99,False,203.433,"[None, 2048, 2048, 2048, 2048, 2048, 2048, 2048]","[2048, 2048, 2048, 2048, 2048, 2048, 2048, 2048, 2048, 2048, 2048, 2048]","[2048, 2048, 2048, 2048, 2048, 2048, 2048]",244.0
1242,9567,11,11,2024-07-26T12:05:51.264000+00:00,33.441,80.265,39.099,176.0,144,False,152.805,"[None, 2048, 2048, 2048, 2048, 2048, 2048, 2048]","[2048, 2048, 2048, 2048, 2048, 2048, 2048, 2048, 2048, 2048, 2048, 2048]","[2048, 2048, 2048, 2048, 2048, 2048, 2048]",301.0
1242,9567,27,10,2024-07-26T12:05:56.056000+00:00,30.99,46.55,35.685,330.0,197,False,113.225,"[None, 2048, 2048, 2048, 2048, 2048, 2048, 2048]","[2048, 2048, 2048, 2048, 2048, 2049, 2048, 2048, 2048, 2049, 2049, 2048]","[2048, 2048, 2048, 2048, 2048, 2048, 2064]",304.0
1242,9567,44,10,2024-07-26T12:06:01.727000+00:00,30.827,59.859,34.535,332.0,197,False,125.221,"[None, 2048, 2048, 2048, 2048, 2048, 2048, 2048]","[2048, 2048, 2049, 2048, 2048, 2048, 2048, 2048, 2048, 2048, 2048, 2048]","[2048, 2048, 2048, 2048, 2048, 2048, 2064]",304.0
1242,9567,24,13,2024-07-26T12:06:06.145000+00:00,30.895,46.264,28.84,336.0,206,False,105.999,"[2049, 2048, 2048, 2049, 2048, 2048, 2049, 2049]","[2048, 2048, 2048, 2049, 2048, 2049, 2048, 2048, 2049, 2049, 2049, 2049]","[2048, 2049, 2049, 2048, 2048, 2048, 2048]",304.0
1242,9567,55,13,2024-07-26T12:06:07.732000+00:00,63.037,88.186,46.101,151.0,106,False,197.324,"[None, 2048, 2048, 2048, 2048, 2048, 2048, 2048]","[2048, 2048, 2048, 2048, 2048, 2048, 2048, 2048, 2048, 2048, 2048, 2048]","[2048, 2048, 2048, 2048, 2048, 2048, 2048]",166.0
1242,9567,2,10,2024-07-26T12:06:10.465000+00:00,30.658,46.693,37.749,337.0,206,False,115.1,"[None, 2049, 2048, 2048, 2048, 2048, 2048, 2048]","[2048, 2048, 2049, 2048, 2048, 2048, 2048, 2048, 2048, 2048, 2048, 2049]","[2048, 2048, 2048, 2048, 2048, 2048, 2064]",308.0
1242,9567,3,12,2024-07-26T12:06:17.707000+00:00,30.55,62.521,48.446,341.0,133,False,141.517,"[None, 2048, 2048, 2049, 2048, 2048, 2048, 2051]","[2048, 2048, 2048, 2048, 2048, 2048, 2048, 2048, 2048, 2048, 2048, 2048]","[2048, 2048, 2048, 2048, 2048, 2048, 2048]",311.0
1242,9567,22,13,2024-07-26T12:06:24.379000+00:00,30.493,46.582,28.489,340.0,207,False,105.564,"[None, 2048, 2048, 2048, 2048, 2048, 2048, 2048]","[2048, 2048, 2048, 2049, 2048, 2049, 2049, 2049, 2049, 2048, 2048, 2049]","[2049, 2048, 2049, 2048, 2048, 2049, 2048]",311.0
1242,9567,14,9,2024-07-26T12:06:31.077000+00:00,,70.667,45.518,294.0,97,True,1151.893,"[2064, 2064, 2048, 2048, 2048, 2048, 2048, 2048]","[2048, 2048, 2048, 2048, 2048, 2048, 2048, 2048, 2048, 2048, 2048, 2048]","[2048, 2048, 2048, 2048, 2048, 2048, 2049]",205.0
1242,9567,23,11,2024-07-26T12:06:37.676000+00:00,40.818,66.172,47.491,224.0,138,False,154.481,"[2048, 2048, 2048, 2048, 2048, 2048, 2048, 2048]","[2048, 2048, 2048, 2048, 2048, 2048, 2048, 2048, 2048, 2048, 2048, 2048]","[2048, 2048, 2048, 2048, 2048, 2048, 2064]",219.0
1242,9567,63,13,2024-07-26T12:06:44.916000+00:00,43.595,58.432,47.718,240.0,167,False,149.745,"[None, 2048, 2048, 2048, 2048, 2048, 2048, 2048]","[2048, 2048, 2048, 2048, 2048, 2048, 2048, 2048, 2048, 2048, 2048, 2048]","[2048, 2048, 2048, 2048, 2048, 2048, 2064]",200.0
1242,9567,16,14,2024-07-26T12:06:50.946000+00:00,30.913,45.058,38.07,332.0,213,False,114.041,"[None, 2048, 2048, 2048, 2048, 2048, 2048, 2048]","[2048, 2048, 2048, 2049, 2048, 2048, 2048, 2048, 2049, 2048, 2048, 2048]","[2049, 2049, 2048, 2048, 2048, 2048, 2064]",301.0
1242,9567,10,11,2024-07-26T12:07:32.474000+00:00,,62.336,34.067,201.0,168,True,937.512,"[2064, 2064, 2048, 2048, 2048, 2048, 2048, 2048]","[2048, 2048, 2048, 2048, 2048, 2048, 2048, 2048, 2048, 2048, 2048, 2048]","[2048, 2048, 2048, 2048, 2048, 2048, 2049]",200.0
1242,9567,24,14,2024-07-26T12:07:52.266000+00:00,33.554,97.141,73.049,300.0,97,False,203.744,"[2048, 2048, 2048, 2048, 2048, 2048, 2048, 2048]","[2048, 2048, 2048, 2048, 2048, 2048, 2048, 2048, 2048, 2048, 2048, 2048]","[2048, 2048, 2048, 2048, 2048, 2048]",281.0
1242,9567,22,14,2024-07-26T12:08:09.963000+00:00,35.592,56.692,37.611,278.0,176,False,129.895,"[None, 2048, 2048, 2048, 2048, 2048, 2048, 2048]","[2048, 2048, 2048, 2048, 2048, 2048, 2048, 2048, 2048, 2048, 2048, 2048]","[2048, 2048, 2048, 2048, 2048, 2048, 2064]",240.0
1242,9567,1,11,2024-07-26T12:08:10.860000+00:00,,49.734,30.677,304.0,194,True,480.021,"[2064, 2064, 2048, 2048, 2048, 2048, 2048, 2048]","[2048, 2048, 2048, 2048, 2048, 2048, 2048, 2048, 2048, 2048, 2048, 2048]","[2048, 2048, 2048, 2048, 2048, 2048, 2048]",265.0
1242,9567,11,12,2024-07-26T12:08:24.028000+00:00,30.987,45.181,38.727,333.0,207,False,114.895,"[2049, 2048, 2048, 2048, 2048, 2048, 2048, 2048]","[2049, 2048, 2049, 2049, 2048, 2048, 2048, 2048, 2049, 2049, 2048, 2048]","[2048, 2049, 2048, 2048, 2048, 2048, 2064]",299.0
1242,9567,3,13,2024-07-26T12:08:39.189000+00:00,30.521,46.355,34.146,340.0,208,False,111.022,"[None, 2048, 2048, 2048, 2048, 2048, 2048, 2048]","[2048, 2048, 2049, 2049, 2048, 2048, 2049, 2048, 2048, 2048, 2048, 2049]","[2049, 2048, 2048, 2048, 2048, 2048, 2064]",
1242,9567,14,10,2024-07-26T12:09:01.697000+00:00,30.953,45.528,28.616,329.0,212,False,105.097,"[2049, 2049, 2048, 2048, 2048, 2048, 2048, 2048]","[2049, 2048, 2049, 2049, 2049, 2049, 2049, 2049, 2049, 2049, 2049, 2049]","[2049, 2048, 2049, 2048, 2048, 2049]",302.0
1242,9567,18,12,2024-07-26T12:09:07.064000+00:00,30.801,45.265,28.633,329.0,211,False,104.699,"[2049, 2048, 2048, 2048, 2048, 2048, 2048, 2049]","[2049, 2049, 2049, 2048, 2048, 2049, 2049, 2048, 2048, 2048, 2049, 2049]","[2049, 2049, 2049, 2048, 2048, 2048]",304.0
1242,9567,77,13,2024-07-26T12:09:10.887000+00:00,30.964,49.804,38.03,334.0,168,False,118.798,"[2049, 2048, 2048, 2048, 2048, 2048, 2048, 2049]","[2049, 2048, 2048, 2049, 2048, 2048, 2048, 2048, 2048, 2048, 2048, 2048]","[2048, 2048, 2048, 2048, 2048, 2048, 2064]",303.0
1242,9567,20,11,2024-07-26T12:09:16.859000+00:00,31.058,46.148,28.606,335.0,204,False,105.812,"[None, 2048, 2048, 2048, 2048, 2048, 2048, 2049]","[2049, 2049, 2049, 2049, 2048, 2049, 2049, 2049, 2049, 2048, 2048, 2049]","[2048, 2048, 2049, 2049, 2049, 2049, 2048]",306.0
1242,9567,55,14,2024-07-26T12:09:25.163000+00:00,31.018,45.1,35.324,333.0,212,False,111.442,"[None, 2048, 2048, 2048, 2048, 2048, 2048, 2048]","[2048, 2048, 2049, 2049, 2048, 2048, 2049, 2049, 2048, 2048, 2048, 2049]","[2049, 2048, 2049, 2048, 2048, 2048, 2064]",300.0
1242,9567,10,12,2024-07-26T12:09:48.610000+00:00,31.087,45.514,28.749,329.0,210,False,105.35,"[2049, 2048, 2048, 2048, 2048, 2048, 2048, 2049]","[2049, 2048, 2048, 2048, 2049, 2048, 2048, 2048, 2049, 2049, 2049, 2048]","[2049, 2049, 2049, 2049, 2048, 2049, 2048]",304.0
1242,9567,1,12,2024-07-26T12:10:17.973000+00:00,31.89,47.968,29.546,313.0,199,False,109.404,"[2048, 2048, 2048, 2048, 2048, 2048, 2048, 2048]","[2048, 2048, 2048, 2048, 2048, 2048, 2048, 2048, 2048, 2048, 2048, 2048]","[2048, 2048, 2048, 2048, 2048, 2048, 2048]",300.0
1242,9567,3,14,2024-07-26T12:10:43.646000+00:00,60.282,51.365,33.842,313.0,189,True,145.489,"[2064, 2064, 2048, 2048, 2048, 2048, 2048, 2048]","[2048, 2048, 2048, 2048, 2048, 2048, 2048, 2048, 2048, 2048, 2048, 2048]","[2048, 2048, 2048, 2048, 2048, 2048, 2064]",286.0
1242,9567,14,11,2024-07-26T12:10:46.700000+00:00,70.086,,38.523,246.0,102,False,215.323,"[2048, 2048, 2048, 2048, 2048, 2048, 2048, 2048]","[2048, 2048, 2048, 2048, 2048, 2048, 2048, 2048, 2048, 2048, 2048, 2048]","[2048, 2048, 2048, 2048, 2048, 2048, 2049]",136.0
1242,9567,18,13,2024-07-26T12:10:51.707000+00:00,41.446,55.19,38.863,246.0,193,False,135.499,"[2048, 2048, 2048, 2048, 2048, 2048, 2048, 2048]","[2048, 2048, 2048, 2048, 2048, 2048, 2048, 2048, 2048, 2048, 2048, 2048]","[2048, 2048, 2048, 2048, 2048, 2048, 2064]",247.0
1242,9567,20,12,2024-07-26T12:11:02.554000+00:00,41.012,59.287,34.869,101.0,190,False,135.168,"[None, 2048, 2048, 2048, 2048, 2048, 2048, 2048]","[2048, 2048, 2048, 2048, 2048, 2048, 2048, 2048, 2048, 2048, 2048, 2048]","[2048, 2048, 2048, 2048, 2048, 2048, 2064]",223.0
1242,9567,24,15,2024-07-26T12:11:15.890000+00:00,31.165,48.536,36.8,333.0,198,False,116.501,"[None, 2048, 2048, 2048, 2048, 2048, 2048, 2048]","[2048, 2048, 2049, 2048, 2049, 2048, 2048, 2048, 2048, 2048, 2048, 2048]","[2048, 2048, 2048, 2048, 2048, 2048, 2064]",304.0
1242,9567,10,13,2024-07-26T12:11:33.996000+00:00,62.932,88.5,37.409,168.0,112,False,188.841,"[2048, 2048, 2048, 2048, 2048, 2048, 2048, 2048]","[2048, 2048, 2048, 2048, 2048, 2048, 2048, 2048, 2048, 2048, 2048, 2048]","[2048, 2048, 2048, 2048, 2048, 2048, 2048]",119.0
1242,9567,1,13,2024-07-26T12:12:07.275000+00:00,31.991,47.941,29.655,312.0,197,False,109.587,"[None, 2048, 2048, 2048, 2048, 2048, 2048, 2048]","[2048, 2048, 2048, 2048, 2048, 2048, 2048, 2048, 2048, 2048, 2048, 2048]","[2048, 2048, 2048, 2048, 2048, 2048, 2048]",
1242,9567,81,13,2024-07-26T12:12:26.739000+00:00,,48.76,29.217,319.0,204,True,477.525,"[2064, 2064, 2048, 2048, 2048, 2048, 2048, 2048]","[2048, 2048, 2048, 2048, 2048, 2048, 2048, 2048, 2048, 2048, 2048, 2048]","[2048, 2048, 2048, 2048, 2048, 2048, 2048]",301.0
1242,9567,4,13,2024-07-26T12:12:36.254000+00:00,,51.84,29.126,285.0,199,True,461.433,"[2064, 2064, 2048, 2048, 2048, 2048, 2048, 2048]","[2048, 2048, 2048, 2048, 2048, 2048, 2048, 2048, 2048, 2048, 2048, 2048]","[2048, 2048, 2048, 2048, 2048, 2048, 2048]",284.0
1242,9567,44,11,2024-07-26T12:13:37.394000+00:00,,48.476,29.429,311.0,203,True,453.984,"[2064, 2064, 2048, 2048, 2048, 2048, 2048, 2048]","[2048, 2048, 2048, 2048, 2048, 2048, 2048, 2048, 2048, 2048, 2048, 2048]","[2048, 2048, 2048, 2048, 2048, 2048, 2048]",286.0
1242,9567,16,15,2024-07-26T12:13:55.821000+00:00,,58.465,31.511,279.0,176,True,448.534,"[2064, 2064, 2048, 2048, 2048, 2048, 2048, 2048]","[2048, 2048, 2048, 2048, 2048, 2048, 2048, 2048, 2048, 2048, 2048, 2048]","[2048, 2048, 2048, 2048, 2048, 2048, 2048]",280.0
1242,9567,1,14,2024-07-26T12:13:57.016000+00:00,31.927,48.005,29.566,311.0,198,False,109.498,"[None, 2048, 2048, 2048, 2048, 2048, 2048, 2048]","[2048, 2048, 2048, 2048, 2048, 2048, 2048, 2048, 2048, 2048, 2048, 2048]","[2048, 2048, 2048, 2048, 2048, 2048, 2048]",
1242,9567,14,12,2024-07-26T12:14:22.070000+00:00,30.721,45.098,29.102,331.0,211,False,104.921,"[2049, 2049, 2049, 2048, 2048, 2048, 2049, 2049]","[2048, 2049, 2049, 2049, 2048, 2049, 2049, 2049, 2049, 2048, 2049, 2049]","[2048, 2048, 2048, 2048, 2049, 2048, 2048]",303.0
1242,9567,81,14,2024-07-26T12:14:29.059000+00:00,31.357,47.833,29.25,314.0,203,False,108.44,"[2048, 2048, 2048, 2048, 2048, 2048, 2048, 2048]","[2048, 2048, 2048, 2048, 2048, 2048, 2048, 2048, 2048, 2048, 2048, 2048]","[2048, 2048, 2048, 2048, 2048, 2048, 2048]",309.0
1242,9567,10,14,2024-07-26T12:14:42.887000+00:00,30.86,45.167,28.806,328.0,210,False,104.833,"[None, 2049, 2048, 2048, 2048, 2049, 2049, 2049]","[2048, 2049, 2048, 2048, 2048, 2049, 2049, 2048, 2048, 2049, 2049, 2049]","[2049, 2048, 2048, 2048, 2049, 2048, 2048]",305.0
1242,9567,4,14,2024-07-26T12:14:49.942000+00:00,31.386,48.862,29.243,309.0,198,False,109.491,"[2048, 2048, 2048, 2048, 2048, 2048, 2048, 2048]","[2048, 2048, 2048, 2048, 2048, 2048, 2048, 2048, 2048, 2048, 2048, 2048]","[2048, 2048, 2048, 2048, 2048, 2048, 2048]",308.0
1242,9567,63,14,2024-07-26T12:15:04.941000+00:00,,50.247,29.395,314.0,203,True,481.747,"[2064, 2064, 2048, 2048, 2048, 2048, 2048, 2048]","[2048, 2048, 2048, 2048, 2048, 2048, 2048, 2048, 2048, 2048, 2048, 2048]","[2048, 2048, 2048, 2048, 2048, 2048, 2048]",293.0
1242,9567,2,11,2024-07-26T12:15:29.795000+00:00,,51.369,32.57,315.0,116,True,573.713,"[2064, 2064, 2048, 2048, 2048, 2048, 2048, 2048]","[2048, 2048, 2048, 2048, 2048, 2048, 2048, 2048, 2048, 2048, 2048, 2048]","[2048, 2048, 2048, 2048, 2048, 2048, 2048]",243.0
1242,9567,23,12,2024-07-26T12:15:36.234000+00:00,,50.123,34.139,302.0,199,True,515.443,"[2064, 2064, 2048, 2048, 2048, 2048, 2048, 2048]","[2048, 2048, 2048, 2048, 2048, 2048, 2048, 2048, 2048, 2048, 2048, 2048]","[2048, 2048, 2048, 2048, 2048, 2048, 2048]",300.0
1242,9567,44,12,2024-07-26T12:15:40.847000+00:00,31.772,50.151,29.34,316.0,203,False,111.263,"[2048, 2048, 2048, 2048, 2048, 2048, 2048, 2048]","[2048, 2048, 2048, 2048, 2048, 2048, 2048, 2048, 2048, 2048, 2048, 2048]","[2048, 2048, 2048, 2048, 2048, 2048, 2048]",295.0
1242,9567,1,15,2024-07-26T12:15:46.482000+00:00,31.894,48.564,29.846,318.0,192,False,110.304,"[None, 2048, 2048, 2048, 2048, 2048, 2048, 2048]","[2048, 2048, 2048, 2048, 2048, 2048, 2048, 2048, 2048, 2048, 2048, 2048]","[2048, 2048, 2048, 2048, 2048, 2048, 2048]",
1242,9567,14,13,2024-07-26T12:16:07.003000+00:00,37.201,55.622,36.472,187.0,189,False,129.295,"[2048, 2048, 2048, 2048, 2048, 2048, 2048, 2048]","[2048, 2048, 2048, 2048, 2048, 2048, 2048, 2048, 2048, 2048, 2048, 2048]","[2048, 2048, 2048, 2048, 2048, 2048, 2064]",254.0
1242,9567,16,16,2024-07-26T12:16:13.530000+00:00,31.692,47.517,29.423,307.0,204,False,108.632,"[2048, 2048, 2048, 2048, 2048, 2048, 2048, 2048]","[2048, 2048, 2048, 2048, 2048, 2048, 2048, 2048, 2048, 2048, 2048, 2048]","[2048, 2048, 2048, 2048, 2048, 2048, 2048]",301.0
1242,9567,81,15,2024-07-26T12:16:17.421000+00:00,31.279,48.276,29.259,315.0,199,False,108.814,"[None, 2048, 2048, 2048, 2048, 2049, 2049, 2048]","[2048, 2048, 2048, 2048, 2048, 2048, 2048, 2048, 2048, 2048, 2048, 2048]","[2048, 2048, 2048, 2049, 2048, 2048, 2048]",311.0
1242,9567,11,13,2024-07-26T12:16:21.621000+00:00,,50.092,34.036,306.0,194,True,475.877,"[2064, 2064, 2048, 2048, 2048, 2048, 2048, 2048]","[2048, 2048, 2048, 2048, 2048, 2048, 2048, 2048, 2048, 2048, 2048, 2048]","[2048, 2048, 2048, 2048, 2048, 2048, 2048]",280.0
1242,9567,10,15,2024-07-26T12:16:27.700000+00:00,34.722,53.153,35.251,291.0,193,False,123.126,"[None, 2048, 2048, 2048, 2048, 2048, 2048, 2048]","[2048, 2048, 2048, 2048, 2048, 2048, 2048, 2048, 2048, 2048, 2048, 2048]","[2048, 2048, 2048, 2048, 2048, 2048, 2064]",277.0
1242,9567,4,15,2024-07-26T12:16:39.423000+00:00,31.497,48.517,29.311,313.0,198,False,109.325,"[None, 2048, 2048, 2048, 2048, 2048, 2048, 2048]","[2048, 2048, 2048, 2048, 2048, 2048, 2048, 2048, 2048, 2048, 2048, 2048]","[2048, 2048, 2048, 2048, 2048, 2048, 2048]",
1242,9567,55,15,2024-07-26T12:16:50.641000+00:00,,54.784,32.1,285.0,180,True,464.071,"[2064, 2064, 2048, 2048, 2048, 2048, 2048, 2048]","[2048, 2048, 2048, 2048, 2048, 2048, 2048, 2048, 2048, 2048, 2048, 2048]","[2048, 2048, 2048, 2048, 2048, 2048, 2048]",275.0
1242,9567,63,15,2024-07-26T12:17:16.529000+00:00,31.65,48.004,29.315,307.0,203,False,108.969,"[2048, 2048, 2048, 2048, 2048, 2048, 2048, 2048]","[2048, 2048, 2048, 2048, 2048, 2048, 2048, 2048, 2048, 2048, 2048, 2048]","[2048, 2048, 2048, 2048, 2048, 2048, 2048]",301.0
1242,9567,44,13,2024-07-26T12:17:32.155000+00:00,31.808,48.116,29.308,318.0,201,False,109.232,"[None, 2048, 2048, 2048, 2048, 2048, 2048, 2048]","[2048, 2048, 2048, 2048, 2048, 2048, 2048, 2048, 2048, 2048, 2048, 2048]","[2048, 2048, 2048, 2048, 2048, 2048, 2048]",297.0
1242,9567,27,11,2024-07-26T12:17:35.573000+00:00,,50.239,29.552,306.0,199,True,704.25,"[2064, 2064, 2048, 2048, 2048, 2048, 2048, 2048]","[2048, 2048, 2048, 2048, 2048, 2048, 2048, 2048, 2048, 2048, 2048, 2048]","[2048, 2048, 2048, 2048, 2048, 2048, 2048]",302.0
1242,9567,1,16,2024-07-26T12:17:36.718000+00:00,31.819,48.386,29.651,,197,False,109.856,"[None, 2048, 2048, 2048, 2048, 2048, 2048, 2048]","[2048, 2048, 2048, 2048, 2048, 2048, 2048, 2048, 2048, 2048, 2048, 2048]","[2048, 2048, 2048, 2048, 2048, 2048, 2048]",301.0
1242,9567,2,12,2024-07-26T12:17:39.200000+00:00,31.426,49.205,29.597,309.0,197,False,110.228,"[2048, 2048, 2048, 2048, 2048, 2048, 2048, 2048]","[2048, 2048, 2048, 2048, 2048, 2048, 2048, 2048, 2048, 2048, 2048, 2048]","[2048, 2048, 2048, 2048, 2048, 2048, 2048]",308.0
1242,9567,3,15,2024-07-26T12:17:46.577000+00:00,,63.952,42.769,286.0,165,True,438.471,"[None, 2064, 2048, 2048, 2048, 2048, 2048, 2048]","[2048, 2048, 2048, 2048, 2048, 2048, 2048, 2048, 2048, 2048, 2048, 2048]","[2048, 2048, 2048, 2048, 2048, 2048, 2064]",172.0
1242,9567,23,13,2024-07-26T12:17:47.771000+00:00,31.238,48.062,29.227,313.0,201,False,108.527,"[2048, 2048, 2048, 2048, 2048, 2048, 2048, 2048]","[2048, 2048, 2048, 2048, 2048, 2048, 2048, 2048, 2048, 2048, 2048, 2048]","[2048, 2048, 2048, 2048, 2048, 2048, 2048]",308.0
1242,9567,16,17,2024-07-26T12:18:02.170000+00:00,31.894,48.015,29.716,301.0,204,False,109.625,"[None, 2048, 2048, 2048, 2048, 2048, 2048, 2048]","[2048, 2048, 2048, 2048, 2048, 2048, 2048, 2048, 2048, 2048, 2048, 2048]","[2048, 2048, 2048, 2048, 2048, 2048, 2048]",304.0
1242,9567,81,16,2024-07-26T12:18:06.266000+00:00,31.327,48.689,29.314,320.0,196,False,109.33,"[None, 2048, 2048, 2048, 2048, 2048, 2048, 2048]","[2048, 2048, 2048, 2048, 2048, 2048, 2048, 2048, 2048, 2048, 2048, 2048]","[2048, 2048, 2048, 2048, 2048, 2048, 2048]",310.0
1242,9567,11,14,2024-07-26T12:18:14.854000+00:00,31.899,47.936,29.421,311.0,200,False,109.256,"[2048, 2048, 2048, 2048, 2048, 2048, 2048, 2048]","[2048, 2048, 2048, 2048, 2048, 2048, 2048, 2048, 2048, 2048, 2048, 2048]","[2048, 2048, 2048, 2048, 2048, 2048, 2048]",300.0
1242,9567,22,15,2024-07-26T12:18:28.590000+00:00,,50.624,29.732,322.0,196,True,611.746,"[2064, 2064, 2048, 2048, 2048, 2048, 2048, 2048]","[2048, 2048, 2048, 2048, 2048, 2048, 2048, 2048, 2048, 2048, 2048, 2048]","[2048, 2048, 2048, 2048, 2048, 2048, 2048]",291.0
1242,9567,4,16,2024-07-26T12:18:28.850000+00:00,31.533,48.709,29.263,315.0,198,False,109.505,"[None, 2048, 2048, 2048, 2048, 2048, 2048, 2048]","[2048, 2048, 2048, 2048, 2048, 2048, 2048, 2048, 2048, 2048, 2048, 2048]","[2048, 2048, 2048, 2048, 2048, 2048, 2048]",
1242,9567,55,16,2024-07-26T12:19:00.657000+00:00,32.128,47.398,29.397,307.0,202,False,108.923,"[2048, 2048, 2048, 2048, 2048, 2048, 2048, 2048]","[2048, 2048, 2048, 2048, 2048, 2048, 2048, 2048, 2048, 2048, 2048, 2048]","[2048, 2048, 2048, 2048, 2048, 2049, 2048]",299.0
1242,9567,63,16,2024-07-26T12:19:05.425000+00:00,31.544,48.415,29.52,312.0,196,False,109.479,"[None, 2048, 2048, 2048, 2048, 2048, 2048, 2048]","[2048, 2048, 2048, 2048, 2048, 2048, 2048, 2048, 2048, 2048, 2048, 2048]","[2048, 2048, 2048, 2048, 2048, 2048, 2048]",305.0
1242,9567,44,14,2024-07-26T12:19:21.336000+00:00,31.838,48.097,29.482,319.0,199,False,109.417,"[None, 2048, 2048, 2048, 2048, 2048, 2048, 2048]","[2048, 2048, 2048, 2048, 2048, 2048, 2048, 2048, 2048, 2048, 2048, 2048]","[2048, 2048, 2048, 2048, 2048, 2048, 2048]",299.0
1242,9567,1,17,2024-07-26T12:19:26.567000+00:00,32.022,48.621,29.74,315.0,193,False,110.383,"[None, 2048, 2048, 2048, 2048, 2048, 2048, 2048]","[2048, 2048, 2048, 2048, 2048, 2048, 2048, 2048, 2048, 2048, 2048, 2048]","[2048, 2048, 2048, 2048, 2048, 2048, 2048]",300.0
1242,9567,2,13,2024-07-26T12:19:29.484000+00:00,31.582,49.048,29.586,314.0,194,False,110.216,"[None, 2048, 2048, 2048, 2048, 2048, 2048, 2048]","[2048, 2048, 2048, 2048, 2048, 2048, 2048, 2048, 2048, 2048, 2048, 2048]","[2048, 2048, 2048, 2048, 2048, 2048, 2048]",
1242,9567,18,14,2024-07-26T12:19:32.953000+00:00,,51.256,32.101,258.0,201,True,505.019,"[2064, 2064, 2048, 2048, 2048, 2048, 2048, 2048]","[2048, 2048, 2048, 2048, 2048, 2048, 2048, 2048, 2048, 2048, 2048, 2048]","[2048, 2048, 2048, 2048, 2048, 2048, 2048]",279.0
1242,9567,27,12,2024-07-26T12:19:33.602000+00:00,31.563,49.422,29.577,312.0,197,False,110.562,"[2048, 2048, 2048, 2049, 2048, 2049, 2048, 2048]","[2048, 2048, 2048, 2048, 2048, 2048, 2048, 2048, 2048, 2048, 2048, 2048]","[2048, 2048, 2048, 2048, 2048, 2048, 2048]",307.0
1242,9567,23,14,2024-07-26T12:19:36.262000+00:00,31.255,48.778,29.38,316.0,194,False,109.413,"[None, 2048, 2048, 2048, 2049, 2049, 2048, 2048]","[2048, 2048, 2048, 2048, 2048, 2048, 2048, 2048, 2048, 2048, 2048, 2048]","[2048, 2048, 2048, 2048, 2048, 2048, 2048]",311.0
1242,9567,16,18,2024-07-26T12:19:51.776000+00:00,31.93,48.541,29.745,303.0,203,False,110.216,"[None, 2048, 2048, 2048, 2048, 2049, 2048, 2048]","[2048, 2048, 2048, 2048, 2048, 2048, 2048, 2048, 2048, 2048, 2048, 2048]","[2048, 2048, 2048, 2048, 2048, 2048, 2048]",305.0
1242,9567,24,16,2024-07-26T12:19:55.014000+00:00,,52.73,30.705,289.0,193,True,529.906,"[2064, 2064, 2048, 2048, 2048, 2048, 2048, 2048]","[2048, 2048, 2048, 2048, 2048, 2048, 2048, 2048, 2048, 2048, 2048, 2048]","[2048, 2048, 2048, 2048, 2048, 2048, 2048]",298.0
1242,9567,81,17,2024-07-26T12:19:55.608000+00:00,31.402,48.958,29.368,,198,False,109.728,"[None, 2048, 2048, 2048, 2049, 2049, 2048, 2048]","[2048, 2048, 2048, 2048, 2048, 2048, 2048, 2048, 2048, 2048, 2048, 2048]","[2048, 2048, 2048, 2048, 2048, 2048, 2048]",312.0
1242,9567,77,14,2024-07-26T12:19:56.999000+00:00,,55.41,32.004,292.0,163,True,648.091,"[2064, 2064, 2048, 2048, 2048, 2048, 2048, 2048]","[2048, 2048, 2048, 2048, 2048, 2048, 2048, 2048, 2048, 2048, 2048, 2048]","[2048, 2048, 2048, 2048, 2048, 2048, 2048]",261.0
1242,9567,11,15,2024-07-26T12:20:04.127000+00:00,31.853,48.37,29.565,309.0,199,False,109.788,"[None, 2048, 2048, 2048, 2048, 2048, 2048, 2048]","[2048, 2048, 2048, 2048, 2048, 2048, 2048, 2048, 2048, 2048, 2048, 2048]","[2048, 2048, 2048, 2048, 2048, 2048, 2048]",303.0
1242,9567,4,17,2024-07-26T12:20:18.277000+00:00,31.526,49.008,29.46,316.0,199,False,109.994,"[None, 2048, 2048, 2048, 2048, 2048, 2048, 2048]","[2048, 2048, 2048, 2048, 2048, 2048, 2048, 2048, 2048, 2048, 2048, 2048]","[2048, 2048, 2048, 2048, 2048, 2048, 2048]",310.0
1242,9567,22,16,2024-07-26T12:20:31.641000+00:00,31.527,49.986,29.31,325.0,198,False,110.823,"[2048, 2048, 2048, 2048, 2048, 2048, 2048, 2048]","[2048, 2048, 2048, 2048, 2048, 2048, 2048, 2048, 2048, 2048, 2048, 2048]","[2048, 2048, 2048, 2048, 2048, 2048, 2048]",309.0
1242,9567,3,16,2024-07-26T12:20:38.439000+00:00,56.94,50.321,29.799,324.0,198,True,137.06,"[None, 2064, 2048, 2048, 2048, 2048, 2048, 2048]","[2048, 2048, 2048, 2048, 2048, 2048, 2048, 2048, 2048, 2048, 2048, 2048]","[2048, 2048, 2048, 2048, 2048, 2048, 2048]",304.0
1242,9567,55,17,2024-07-26T12:20:49.644000+00:00,31.997,48.104,29.617,302.0,205,False,109.718,"[None, 2048, 2048, 2048, 2048, 2048, 2048, 2048]","[2048, 2048, 2048, 2048, 2048, 2048, 2048, 2048, 2048, 2048, 2048, 2048]","[2048, 2048, 2048, 2048, 2048, 2048, 2048]",302.0
1242,9567,63,17,2024-07-26T12:20:54.923000+00:00,31.943,49.083,29.669,313.0,199,False,110.695,"[None, 2048, 2048, 2048, 2048, 2048, 2048, 2048]","[2048, 2048, 2048, 2048, 2048, 2048, 2048, 2048, 2048, 2048, 2048, 2048]","[2048, 2048, 2048, 2048, 2048, 2048]",
1242,9567,44,15,2024-07-26T12:21:10.819000+00:00,31.882,50.428,34.548,,162,False,116.858,"[None, 2048, 2048, 2048, 2048, 2048, 2048, 2048]","[2048, 2048, 2048, 2048, 2048, 2048, 2048, 2048, 2048, 2048, 2048, 2048]","[2048, 2048, 2048, 2048, 2048, 2048, 2064]",297.0
1242,9567,1,18,2024-07-26T12:21:16.988000+00:00,32.058,49.074,34.577,313.0,191,False,115.709,"[None, 2048, 2048, 2048, 2048, 2048, 2048, 2048]","[2048, 2048, 2048, 2048, 2048, 2048, 2048, 2048, 2048, 2048, 2048, 2048]","[2048, 2048, 2048, 2048, 2048, 2048, 2064]",302.0
1242,9567,2,14,2024-07-26T12:21:19.672000+00:00,31.743,49.607,29.606,310.0,193,False,110.956,"[None, 2048, 2048, 2048, 2048, 2048, 2048, 2048]","[2048, 2048, 2048, 2048, 2048, 2048, 2048, 2048, 2048, 2048, 2048, 2048]","[2048, 2048, 2048, 2048, 2048, 2048, 2048]",307.0
1242,9567,27,13,2024-07-26T12:21:24.190000+00:00,31.862,49.793,29.475,308.0,195,False,111.13,"[None, 2048, 2048, 2048, 2048, 2048, 2048, 2048]","[2048, 2048, 2048, 2048, 2048, 2048, 2048, 2048, 2048, 2048, 2048, 2048]","[2048, 2048, 2048, 2048, 2048, 2048]",306.0
1242,9567,23,15,2024-07-26T12:21:25.616000+00:00,31.136,49.633,29.507,328.0,193,False,110.276,"[None, 2048, 2048, 2048, 2048, 2048, 2049, 2049]","[2048, 2048, 2048, 2048, 2048, 2048, 2048, 2048, 2048, 2048, 2048, 2048]","[2048, 2048, 2048, 2049, 2048, 2048, 2048]",309.0
1242,9567,20,13,2024-07-26T12:21:31.774000+00:00,,48.668,29.243,313.0,197,True,616.358,"[2064, 2064, 2048, 2048, 2048, 2048, 2048, 2048]","[2048, 2048, 2048, 2048, 2048, 2048, 2048, 2048, 2048, 2048, 2048, 2048]","[2048, 2048, 2048, 2048, 2048, 2048, 2048]",304.0
1242,9567,18,15,2024-07-26T12:21:32.336000+00:00,31.678,49.145,29.623,306.0,200,False,110.446,"[2048, 2048, 2048, 2048, 2048, 2048, 2048, 2048]","[2048, 2048, 2048, 2048, 2048, 2048, 2048, 2048, 2048, 2048, 2048, 2048]","[2048, 2048, 2048, 2048, 2048, 2048, 2048]",301.0
1242,9567,16,19,2024-07-26T12:21:41.883000+00:00,31.944,48.545,29.724,304.0,197,False,110.213,"[None, 2048, 2048, 2048, 2048, 2048, 2048, 2048]","[2048, 2048, 2048, 2048, 2048, 2048, 2048, 2048, 2048, 2048, 2048, 2048]","[2048, 2048, 2048, 2048, 2048, 2048, 2048]",303.0
1242,9567,81,18,2024-07-26T12:21:45.321000+00:00,31.435,49.997,29.671,325.0,179,False,111.103,"[None, 2048, 2048, 2048, 2049, 2051, 2049, 2048]","[2048, 2048, 2048, 2048, 2048, 2048, 2048, 2048, 2048, 2048, 2048, 2048]","[2048, 2048, 2048, 2049, 2049, 2048, 2048]",313.0
1242,9567,14,14,2024-07-26T12:21:53.323000+00:00,,49.471,30.005,309.0,199,True,324.984,"[2064, 2064, 2048, 2048, 2048, 2048, 2048, 2048]","[2048, 2048, 2048, 2048, 2048, 2048, 2048, 2048, 2048, 2048, 2048, 2048]","[2048, 2048, 2048, 2048, 2049, 2048, 2048]",283.0
1242,9567,11,16,2024-07-26T12:21:53.932000+00:00,31.954,48.787,29.543,311.0,197,False,110.284,"[None, 2048, 2048, 2048, 2048, 2049, 2048, 2048]","[2048, 2048, 2048, 2048, 2048, 2048, 2048, 2048, 2048, 2048, 2048, 2048]","[2048, 2048, 2048, 2048, 2048, 2048, 2048]",304.0
1242,9567,77,15,2024-07-26T12:21:57.779000+00:00,31.899,49.356,29.495,307.0,195,False,110.75,"[2048, 2048, 2048, 2048, 2048, 2048, 2048, 2048]","[2048, 2048, 2048, 2048, 2048, 2048, 2048, 2048, 2048, 2048, 2048, 2048]","[2048, 2048, 2048, 2048, 2048, 2048, 2048]",300.0
1242,9567,24,17,2024-07-26T12:22:02.377000+00:00,31.823,49.972,29.914,312.0,197,False,111.709,"[2048, 2048, 2048, 2048, 2048, 2048, 2048, 2048]","[2048, 2048, 2048, 2048, 2048, 2048, 2048, 2048, 2048, 2048, 2048, 2048]","[2048, 2048, 2048, 2048, 2048, 2048, 2048]",304.0
1242,9567,10,16,2024-07-26T12:22:05.552000+00:00,,49.035,29.49,319.0,201,True,320.91,"[2064, 2064, 2048, 2048, 2048, 2048, 2048, 2048]","[2048, 2048, 2048, 2048, 2048, 2048, 2048, 2048, 2048, 2048, 2048, 2048]","[2048, 2048, 2048, 2049, 2049, 2048, 2048]",301.0
1242,9567,4,18,2024-07-26T12:22:08.188000+00:00,31.975,49.551,33.892,314.0,195,False,115.418,"[None, 2048, 2048, 2048, 2048, 2048, 2048, 2048]","[2048, 2048, 2048, 2048, 2048, 2048, 2048, 2048, 2048, 2048, 2048, 2048]","[2048, 2048, 2048, 2048, 2048, 2048, 2064]",297.0
1242,9567,22,17,2024-07-26T12:22:22.465000+00:00,31.614,50.097,29.51,,197,False,111.221,"[None, 2048, 2048, 2048, 2048, 2048, 2048, 2048]","[2048, 2048, 2048, 2048, 2048, 2048, 2048, 2048, 2048, 2048, 2048, 2048]","[2048, 2048, 2048, 2048, 2048, 2048, 2048]",307.0
1242,9567,3,17,2024-07-26T12:22:31.197000+00:00,31.428,49.847,29.425,323.0,193,False,110.7,"[2048, 2048, 2048, 2048, 2048, 2048, 2048, 2048]","[2048, 2048, 2048, 2048, 2048, 2048, 2048, 2048, 2048, 2048, 2048, 2048]","[2048, 2048, 2048, 2048, 2048, 2048, 2048]",310.0
1242,9567,55,18,2024-07-26T12:22:39.362000+00:00,31.996,48.077,29.731,305.0,202,False,109.804,"[None, 2048, 2048, 2048, 2048, 2049, 2048, 2048]","[2048, 2048, 2048, 2048, 2048, 2048, 2048, 2048, 2048, 2048, 2048, 2048]","[2048, 2048, 2048, 2048, 2048, 2048, 2048]",304.0
1242,9567,63,18,2024-07-26T12:22:46.311000+00:00,31.603,48.861,29.434,314.0,199,False,109.898,"[None, 2048, 2048, 2048, 2048, 2048, 2048, 2048]","[2048, 2048, 2048, 2048, 2048, 2048, 2048, 2048, 2048, 2048, 2048, 2048]","[2048, 2048, 2048, 2048, 2048, 2048, 2048]",307.0
1242,9567,2,15,2024-07-26T12:23:10.656000+00:00,31.8,49.359,29.736,309.0,192,False,110.895,"[None, 2048, 2048, 2048, 2048, 2048, 2048, 2048]","[2048, 2048, 2048, 2048, 2048, 2048, 2048, 2048, 2048, 2048, 2048, 2048]","[2048, 2048, 2048, 2048, 2048, 2048, 2048]",306.0
1242,9567,27,14,2024-07-26T12:23:15.345000+00:00,31.884,51.329,29.679,304.0,192,False,112.892,"[None, 2048, 2048, 2048, 2048, 2048, 2048, 2048]","[2048, 2048, 2048, 2048, 2048, 2048, 2048, 2048, 2048, 2048, 2048, 2048]","[2048, 2048, 2048, 2048, 2048, 2048, 2048]",308.0
1242,9567,23,16,2024-07-26T12:23:15.939000+00:00,31.09,49.388,29.385,336.0,199,False,109.863,"[None, 2048, 2048, 2048, 2049, 2049, 2051, 2051]","[2048, 2048, 2048, 2048, 2048, 2048, 2048, 2048, 2048, 2048, 2048, 2048]","[2048, 2048, 2048, 2048, 2048, 2048, 2048]",312.0
1242,9567,18,16,2024-07-26T12:23:22.763000+00:00,31.779,48.663,29.443,313.0,199,False,109.885,"[None, 2048, 2048, 2048, 2048, 2048, 2048, 2048]","[2048, 2048, 2048, 2048, 2048, 2048, 2048, 2048, 2048, 2048, 2048, 2048]","[2048, 2048, 2048, 2048, 2048, 2048, 2048]",303.0
1242,9567,44,16,2024-07-26T12:23:28.079000+00:00,47.49,50.152,32.098,324.0,197,True,129.74,"[2064, 2064, 2048, 2048, 2048, 2048, 2048, 2048]","[2048, 2048, 2048, 2048, 2048, 2048, 2048, 2048, 2048, 2048, 2048, 2048]","[2048, 2048, 2048, 2048, 2048, 2048, 2048]",299.0
1242,9567,1,19,2024-07-26T12:23:31.666000+00:00,48.14,50.573,30.19,290.0,191,True,128.903,"[2064, 2064, 2048, 2048, 2048, 2048, 2048, 2048]","[2048, 2048, 2048, 2048, 2048, 2048, 2048, 2048, 2048, 2048, 2048, 2048]","[2048, 2048, 2048, 2048, 2048, 2048, 2048]",278.0
1242,9567,16,20,2024-07-26T12:23:32.196000+00:00,31.915,48.949,29.656,305.0,200,False,110.52,"[None, 2048, 2048, 2048, 2048, 2049, 2048, 2048]","[2048, 2048, 2048, 2048, 2048, 2048, 2048, 2048, 2048, 2048, 2048, 2048]","[2048, 2049, 2049, 2049, 2048, 2048, 2048]",305.0
1242,9567,20,14,2024-07-26T12:23:34.128000+00:00,31.595,49.227,29.33,314.0,196,False,110.152,"[2048, 2048, 2048, 2048, 2048, 2048, 2048, 2048]","[2048, 2048, 2048, 2048, 2048, 2048, 2048, 2048, 2048, 2048, 2048, 2048]","[2048, 2048, 2048, 2048, 2048, 2048]",307.0
1242,9567,81,19,2024-07-26T12:23:36.422000+00:00,31.676,50.114,29.492,318.0,197,False,111.282,"[None, 2048, 2048, 2048, 2048, 2048, 2048, 2048]","[2048, 2048, 2048, 2048, 2048, 2048, 2048, 2048, 2048, 2048, 2048, 2048]","[2048, 2048, 2048, 2048, 2048, 2048, 2048]",311.0
1242,9567,14,15,2024-07-26T12:23:41.259000+00:00,31.604,48.174,29.386,,204,False,109.164,"[2048, 2048, 2048, 2048, 2048, 2048, 2048, 2048]","[2048, 2048, 2048, 2048, 2048, 2048, 2048, 2048, 2048, 2048, 2048, 2048]","[2048, 2048, 2049, 2049, 2048, 2048, 2048]",306.0
1242,9567,11,17,2024-07-26T12:23:44.139000+00:00,31.985,48.786,29.591,312.0,198,False,110.362,"[None, 2048, 2048, 2048, 2048, 2049, 2048, 2048]","[2048, 2048, 2048, 2048, 2048, 2048, 2048, 2048, 2048, 2048, 2048, 2048]","[2048, 2048, 2048, 2048, 2048, 2048, 2048]",305.0
1242,9567,77,16,2024-07-26T12:23:48.533000+00:00,32.45,57.652,32.536,297.0,189,False,122.638,"[None, 2048, 2048, 2048, 2048, 2048, 2048, 2048]","[2048, 2048, 2048, 2048, 2048, 2048, 2048, 2048, 2048, 2048, 2048, 2048]","[2048, 2048, 2048, 2048, 2048, 2048, 2048]",299.0
1242,9567,10,17,2024-07-26T12:23:51.739000+00:00,31.705,48.274,29.33,309.0,205,False,109.309,"[2048, 2048, 2048, 2049, 2049, 2049, 2048, 2048]","[2048, 2048, 2048, 2048, 2048, 2048, 2048, 2048, 2048, 2048, 2048, 2048]","[2048, 2048, 2049, 2048, 2048, 2048, 2048]",308.0
1242,9567,24,18,2024-07-26T12:23:54.045000+00:00,32.322,50.351,30.07,299.0,197,False,112.743,"[None, 2048, 2048, 2048, 2048, 2048, 2048, 2048]","[2048, 2048, 2048, 2048, 2048, 2048, 2048, 2048, 2048, 2048, 2048, 2048]","[2048, 2048, 2048, 2048, 2048, 2048, 2048]",303.0
1242,9567,22,18,2024-07-26T12:24:13.719000+00:00,31.54,50.471,29.538,324.0,198,False,111.549,"[None, 2048, 2048, 2048, 2048, 2048, 2048, 2048]","[2048, 2048, 2048, 2048, 2048, 2048, 2048, 2048, 2048, 2048, 2048, 2048]","[2048, 2048, 2048, 2048, 2048, 2048, 2048]",311.0
1242,9567,3,18,2024-07-26T12:24:21.830000+00:00,31.48,50.148,29.822,324.0,192,False,111.45,"[None, 2048, 2048, 2048, 2048, 2048, 2048, 2048]","[2048, 2048, 2048, 2048, 2048, 2048, 2048, 2048, 2048, 2048, 2048, 2048]","[2048, 2048, 2048, 2048, 2048, 2048, 2048]",312.0
1242,9567,4,19,2024-07-26T12:24:23.313000+00:00,46.466,48.683,29.318,322.0,199,True,124.467,"[2064, 2064, 2048, 2048, 2048, 2048, 2048, 2048]","[2048, 2048, 2048, 2048, 2048, 2048, 2048, 2048, 2048, 2048, 2048, 2048]","[2048, 2048, 2048, 2048, 2048, 2048, 2048]",306.0
1242,9567,55,19,2024-07-26T12:24:29.085000+00:00,31.876,48.216,29.658,304.0,203,False,109.75,"[None, 2048, 2048, 2048, 2048, 2049, 2048, 2048]","[2048, 2048, 2048, 2048, 2048, 2048, 2048, 2048, 2048, 2048, 2048, 2048]","[2048, 2048, 2048, 2048, 2048, 2048, 2048]",306.0
1242,9567,63,19,2024-07-26T12:24:35.480000+00:00,31.867,49.014,29.611,311.0,198,False,110.492,"[None, 2048, 2048, 2048, 2048, 2048, 2048, 2048]","[2048, 2048, 2048, 2048, 2048, 2048, 2048, 2048, 2048, 2048, 2048, 2048]","[2048, 2048, 2048, 2048, 2048, 2048, 2048]",302.0
1242,9567,2,16,2024-07-26T12:25:01.490000+00:00,31.773,49.608,29.578,310.0,195,False,110.959,"[None, 2048, 2048, 2048, 2048, 2048, 2048, 2048]","[2048, 2048, 2048, 2048, 2048, 2048, 2048, 2048, 2048, 2048, 2048, 2048]","[2048, 2048, 2048, 2048, 2048, 2048, 2048]",307.0
1242,9567,23,17,2024-07-26T12:25:05.834000+00:00,31.525,49.277,29.462,310.0,199,False,110.264,"[None, 2048, 2048, 2048, 2048, 2048, 2048, 2048]","[2048, 2048, 2048, 2048, 2048, 2048, 2048, 2048, 2048, 2048, 2048, 2048]","[2048, 2048, 2048, 2048, 2048, 2048, 2048]",310.0
1242,9567,27,15,2024-07-26T12:25:08.227000+00:00,31.867,50.528,29.728,309.0,195,False,112.123,"[None, 2048, 2048, 2048, 2049, 2049, 2048, 2048]","[2048, 2048, 2048, 2048, 2048, 2048, 2048, 2048, 2048, 2048, 2048, 2048]","[2048, 2048, 2049, 2048, 2048, 2048, 2048]",310.0
1242,9567,18,17,2024-07-26T12:25:12.618000+00:00,31.661,49.148,29.461,310.0,199,False,110.27,"[None, 2048, 2048, 2048, 2048, 2048, 2048, 2048]","[2048, 2048, 2048, 2048, 2048, 2048, 2048, 2048, 2048, 2048, 2048, 2048]","[2048, 2048, 2048, 2049, 2048, 2048, 2048]",306.0
1242,9567,44,17,2024-07-26T12:25:17.424000+00:00,31.776,49.018,29.544,321.0,199,False,110.338,"[2048, 2048, 2048, 2048, 2048, 2048, 2048, 2048]","[2048, 2048, 2048, 2048, 2048, 2048, 2048, 2048, 2048, 2048, 2048, 2048]","[2048, 2048, 2048, 2048, 2048, 2048, 2048]",304.0
1242,9567,1,20,2024-07-26T12:25:21.618000+00:00,31.622,47.72,29.16,312.0,201,False,108.502,"[2048, 2048, 2048, 2048, 2048, 2049, 2048, 2048]","[2048, 2048, 2048, 2048, 2048, 2048, 2048, 2048, 2048, 2048, 2048, 2048]","[2048, 2048, 2048, 2048, 2048, 2048, 2048]",306.0
1242,9567,16,21,2024-07-26T12:25:22.722000+00:00,31.75,55.384,43.98,308.0,191,False,131.114,"[None, 2048, 2048, 2048, 2049, 2049, 2048, 2048]","[2048, 2048, 2048, 2048, 2048, 2048, 2048, 2048, 2048, 2048, 2048, 2048]","[2048, 2048, 2048, 2048, 2048, 2048, 2048]",309.0
1242,9567,20,15,2024-07-26T12:25:24.199000+00:00,31.698,49.519,29.563,310.0,200,False,110.78,"[None, 2048, 2048, 2048, 2049, 2049, 2048, 2048]","[2048, 2048, 2048, 2048, 2048, 2048, 2048, 2048, 2048, 2048, 2048, 2048]","[2048, 2048, 2048, 2048, 2048, 2048]",309.0
1242,9567,81,20,2024-07-26T12:25:27.627000+00:00,31.63,49.816,29.475,319.0,193,False,110.921,"[None, 2048, 2048, 2048, 2048, 2048, 2048, 2048]","[2048, 2048, 2048, 2048, 2048, 2048, 2048, 2048, 2048, 2048, 2048, 2048]","[2048, 2048, 2048, 2048, 2048, 2048, 2048]",312.0
1242,9567,14,16,2024-07-26T12:25:30.535000+00:00,31.547,48.481,33.731,312.0,201,False,113.759,"[None, 2048, 2048, 2049, 2048, 2049, 2048, 2048]","[2048, 2048, 2048, 2048, 2048, 2048, 2048, 2048, 2048, 2048, 2048, 2048]","[2048, 2049, 2049, 2049, 2048, 2048, 2048]",308.0
1242,9567,11,18,2024-07-26T12:25:34.509000+00:00,31.998,49.561,32.086,,195,False,113.645,"[None, 2048, 2048, 2048, 2048, 2049, 2048, 2048]","[2048, 2048, 2048, 2048, 2048, 2048, 2048, 2048, 2048, 2048, 2048, 2048]","[2048, 2048, 2048, 2048, 2048, 2048, 2048]",
1242,9567,10,18,2024-07-26T12:25:41.136000+00:00,31.549,48.978,29.65,310.0,199,False,110.177,"[None, 2048, 2048, 2048, 2049, 2049, 2048, 2048]","[2048, 2048, 2048, 2048, 2048, 2048, 2048, 2048, 2048, 2048, 2048, 2048]","[2048, 2048, 2049, 2049, 2048, 2048, 2048]",309.0
1242,9567,24,19,2024-07-26T12:25:46.770000+00:00,32.283,50.495,30.1,301.0,195,False,112.878,"[None, 2048, 2048, 2048, 2048, 2048, 2048, 2048]","[2048, 2048, 2048, 2048, 2048, 2048, 2048, 2048, 2048, 2048, 2048, 2048]","[2048, 2048, 2048, 2048, 2048, 2048, 2048]",302.0
1242,9567,77,17,2024-07-26T12:25:51.171000+00:00,32.197,49.282,29.81,299.0,198,False,111.289,"[None, 2048, 2048, 2048, 2048, 2048, 2048, 2048]","[2048, 2048, 2048, 2048, 2048, 2048, 2048, 2048, 2048, 2048, 2048, 2048]","[2048, 2048, 2048, 2048, 2048, 2048, 2048]",303.0
1242,9567,22,19,2024-07-26T12:26:05.328000+00:00,31.611,50.593,29.552,326.0,198,False,111.756,"[None, 2048, 2048, 2048, 2048, 2048, 2048, 2048]","[2048, 2048, 2048, 2048, 2048, 2048, 2048, 2048, 2048, 2048, 2048, 2048]","[2048, 2048, 2048, 2048, 2048, 2048, 2048]",313.0
1242,9567,4,20,2024-07-26T12:26:08.140000+00:00,31.346,48.569,29.39,312.0,197,False,109.305,"[2048, 2048, 2048, 2048, 2048, 2049, 2048, 2048]","[2048, 2048, 2048, 2048, 2048, 2048, 2048, 2048, 2048, 2048, 2048, 2048]","[2048, 2048, 2049, 2049, 2048, 2048, 2048]",311.0
1242,9567,3,19,2024-07-26T12:26:13.365000+00:00,31.754,50.704,29.591,322.0,188,False,112.049,"[None, 2048, 2048, 2048, 2048, 2048, 2048, 2048]","[2048, 2048, 2048, 2048, 2048, 2048, 2048, 2048, 2048, 2048, 2048, 2048]","[2048, 2048, 2048, 2048, 2048, 2048, 2048]",
1242,9567,55,20,2024-07-26T12:26:18.796000+00:00,31.893,48.406,29.476,305.0,189,False,109.775,"[None, 2048, 2048, 2048, 2048, 2048, 2048, 2048]","[2048, 2048, 2048, 2048, 2048, 2048, 2048, 2048, 2048, 2048, 2048, 2048]","[2048, 2048, 2049, 2049, 2048, 2048, 2048]",
1242,9567,63,20,2024-07-26T12:26:25.986000+00:00,32.053,49.489,29.502,318.0,196,False,111.044,"[None, 2048, 2048, 2048, 2048, 2048, 2048, 2048]","[2048, 2048, 2048, 2048, 2048, 2048, 2048, 2048, 2048, 2048, 2048, 2048]","[2048, 2048, 2048, 2048, 2048, 2048, 2048]",300.0
1242,9567,2,17,2024-07-26T12:26:52.522000+00:00,31.867,49.833,29.713,309.0,194,False,111.413,"[None, 2048, 2048, 2048, 2048, 2048, 2048, 2048]","[2048, 2048, 2048, 2048, 2048, 2048, 2048, 2048, 2048, 2048, 2048, 2048]","[2048, 2048, 2048, 2048, 2048, 2048, 2048]",306.0
1242,9567,23,18,2024-07-26T12:26:56.016000+00:00,31.567,49.554,29.438,311.0,196,False,110.559,"[None, 2048, 2048, 2048, 2048, 2048, 2048, 2048]","[2048, 2048, 2048, 2048, 2048, 2048, 2048, 2048, 2048, 2048, 2048, 2048]","[2048, 2048, 2048, 2048, 2048, 2048, 2048]",
1242,9567,27,16,2024-07-26T12:27:00.397000+00:00,31.977,50.588,29.81,,194,False,112.375,"[None, 2048, 2048, 2048, 2048, 2048, 2048, 2048]","[2048, 2048, 2048, 2048, 2048, 2048, 2048, 2048, 2048, 2048, 2048, 2048]","[2048, 2048, 2048, 2048, 2048, 2048, 2048]",309.0
1242,9567,18,18,2024-07-26T12:27:02.883000+00:00,31.721,49.291,33.557,315.0,198,False,114.569,"[None, 2048, 2048, 2048, 2048, 2049, 2048, 2048]","[2048, 2048, 2048, 2048, 2048, 2048, 2048, 2048, 2048, 2048, 2048, 2048]","[2048, 2048, 2048, 2048, 2048, 2048, 2048]",307.0
1242,9567,44,18,2024-07-26T12:27:07.745000+00:00,31.81,49.687,29.621,322.0,195,False,111.118,"[None, 2048, 2048, 2048, 2049, 2049, 2048, 2048]","[2048, 2048, 2048, 2048, 2048, 2048, 2048, 2048, 2048, 2048, 2048, 2048]","[2048, 2048, 2048, 2048, 2048, 2048, 2048]",309.0
1242,9567,1,21,2024-07-26T12:27:10.157000+00:00,31.61,48.059,29.308,316.0,201,False,108.977,"[None, 2048, 2048, 2048, 2048, 2049, 2048, 2048]","[2048, 2048, 2048, 2048, 2048, 2048, 2048, 2048, 2048, 2048, 2048, 2048]","[2048, 2048, 2049, 2049, 2049, 2048, 2048]",308.0
1242,9567,20,16,2024-07-26T12:27:15.005000+00:00,31.85,49.4,29.518,309.0,197,False,110.768,"[None, 2048, 2048, 2048, 2048, 2048, 2048, 2048]","[2048, 2048, 2048, 2048, 2048, 2048, 2048, 2048, 2048, 2048, 2048, 2048]","[2048, 2048, 2048, 2048, 2048, 2048, 2048]",308.0
1242,9567,81,21,2024-07-26T12:27:18.588000+00:00,31.969,49.772,36.581,318.0,196,False,118.322,"[None, 2048, 2048, 2048, 2048, 2048, 2048, 2048]","[2048, 2048, 2048, 2048, 2048, 2048, 2048, 2048, 2048, 2048, 2048, 2048]","[2048, 2048, 2048, 2048, 2048, 2048, 2048]",
1242,9567,14,17,2024-07-26T12:27:24.160000+00:00,31.682,48.205,29.493,310.0,204,False,109.38,"[None, 2048, 2048, 2048, 2048, 2048, 2048, 2048]","[2048, 2048, 2048, 2048, 2048, 2048, 2048, 2048, 2048, 2048, 2048, 2048]","[2048, 2048, 2048, 2048, 2048, 2048, 2048]",
1242,9567,11,19,2024-07-26T12:27:28.230000+00:00,32.105,49.693,29.926,309.0,190,False,111.724,"[None, 2048, 2048, 2048, 2048, 2049, 2048, 2048]","[2048, 2048, 2048, 2048, 2048, 2048, 2048, 2048, 2048, 2048, 2048, 2048]","[2048, 2048, 2048, 2048, 2048, 2048, 2048]",
1242,9567,10,19,2024-07-26T12:27:31.190000+00:00,31.703,48.849,29.39,313.0,199,False,109.942,"[None, 2048, 2048, 2048, 2049, 2049, 2048, 2048]","[2048, 2048, 2048, 2048, 2048, 2048, 2048, 2048, 2048, 2048, 2048, 2048]","[2048, 2048, 2049, 2049, 2049, 2048, 2048]",
1242,9567,16,22,2024-07-26T12:27:33.824000+00:00,32.073,49.587,33.383,307.0,195,False,115.043,"[None, 2048, 2048, 2048, 2048, 2048, 2048, 2048]","[2048, 2048, 2048, 2048, 2048, 2048, 2048, 2048, 2048, 2048, 2048, 2048]","[2048, 2048, 2048, 2048, 2048, 2048, 2048]",303.0
1242,9567,24,20,2024-07-26T12:27:39.700000+00:00,32.242,50.529,30.01,302.0,195,False,112.781,"[None, 2048, 2048, 2048, 2048, 2048, 2048, 2048]","[2048, 2048, 2048, 2048, 2048, 2048, 2048, 2048, 2048, 2048, 2048, 2048]","[2048, 2048, 2048, 2048, 2048, 2048, 2048]",303.0
1242,9567,77,18,2024-07-26T12:27:42.427000+00:00,32.389,49.641,29.967,,195,False,111.997,"[None, 2048, 2048, 2048, 2048, 2048, 2048, 2048]","[2048, 2048, 2048, 2048, 2048, 2048, 2048, 2048, 2048, 2048, 2048, 2048]","[2048, 2048, 2048, 2048, 2048, 2048, 2048]",302.0
1242,9567,22,20,2024-07-26T12:27:57.022000+00:00,31.602,51.903,29.632,321.0,195,False,113.137,"[None, 2048, 2048, 2048, 2048, 2048, 2048, 2048]","[2048, 2048, 2048, 2048, 2048, 2048, 2048, 2048, 2048, 2048, 2048, 2048]","[2048, 2048, 2048, 2049, 2048, 2048, 2048]",311.0
1242,9567,4,21,2024-07-26T12:27:57.524000+00:00,31.084,48.642,29.064,334.0,200,False,108.79,"[None, 2048, 2048, 2048, 2049, 2051, 2051, 2049]","[2048, 2048, 2048, 2048, 2048, 2048, 2048, 2048, 2048, 2048, 2048, 2048]","[2048, 2048, 2048, 2048, 2049, 2048, 2048]",314.0
1242,9567,3,20,2024-07-26T12:28:05.402000+00:00,31.626,51.936,29.822,323.0,185,False,113.384,"[None, 2048, 2048, 2048, 2048, 2048, 2048, 2048]","[2048, 2048, 2048, 2048, 2048, 2048, 2048, 2048, 2048, 2048, 2048, 2048]","[2048, 2048, 2048, 2048, 2048, 2048, 2048]",311.0
1242,9567,55,21,2024-07-26T12:28:08.644000+00:00,31.876,49.228,29.546,306.0,196,False,110.65,"[None, 2048, 2048, 2049, 2049, 2049, 2048, 2048]","[2048, 2048, 2048, 2048, 2048, 2048, 2048, 2048, 2048, 2048, 2048, 2048]","[2048, 2048, 2049, 2049, 2049, 2048, 2048]",307.0
1242,9567,63,21,2024-07-26T12:28:17.083000+00:00,32.046,49.452,29.724,321.0,195,False,111.222,"[None, 2048, 2048, 2048, 2048, 2048, 2048, 2048]","[2048, 2048, 2048, 2048, 2048, 2048, 2048, 2048, 2048, 2048, 2048, 2048]","[2048, 2048, 2048, 2048, 2048, 2048, 2048]",299.0
1242,9567,2,18,2024-07-26T12:28:43.953000+00:00,31.852,49.865,29.688,319.0,189,False,111.405,"[None, 2048, 2048, 2048, 2048, 2048, 2048, 2048]","[2048, 2048, 2048, 2048, 2048, 2048, 2048, 2048, 2048, 2048, 2048, 2048]","[2048, 2048, 2048, 2048, 2048, 2048, 2048]",
1242,9567,23,19,2024-07-26T12:28:46.582000+00:00,31.633,49.93,29.477,,189,False,111.04,"[None, 2048, 2048, 2048, 2048, 2048, 2048, 2048]","[2048, 2048, 2048, 2048, 2048, 2048, 2048, 2048, 2048, 2048, 2048, 2048]","[2048, 2048, 2048, 2048, 2048, 2048, 2048]",
1242,9567,27,17,2024-07-26T12:28:52.696000+00:00,31.735,50.676,29.867,321.0,193,False,112.278,"[None, 2048, 2048, 2048, 2048, 2048, 2049, 2048]","[2048, 2048, 2048, 2048, 2048, 2048, 2048, 2048, 2048, 2048, 2048, 2048]","[2048, 2048, 2048, 2048, 2048, 2048]",
1242,9567,18,19,2024-07-26T12:28:57.543000+00:00,31.52,49.08,29.637,310.0,200,False,110.237,"[None, 2048, 2048, 2048, 2048, 2048, 2048, 2048]","[2048, 2048, 2048, 2048, 2048, 2048, 2048, 2048, 2048, 2048, 2048, 2048]","[2048, 2048, 2048, 2048, 2048, 2048, 2048]",
1242,9567,44,19,2024-07-26T12:28:58.785000+00:00,31.604,50.713,29.61,334.0,196,False,111.927,"[None, 2048, 2048, 2049, 2049, 2049, 2049, 2049]","[2048, 2048, 2048, 2048, 2048, 2048, 2048, 2048, 2048, 2048, 2048, 2048]","[2048, 2048, 2048, 2048, 2048, 2048, 2048]",313.0
1242,9567,1,22,2024-07-26T12:28:59.067000+00:00,31.246,48.323,29.326,336.0,199,False,108.895,"[None, 2048, 2048, 2048, 2049, 2049, 2049, 2049]","[2048, 2048, 2048, 2048, 2048, 2048, 2048, 2048, 2048, 2048, 2048, 2048]","[2048, 2048, 2048, 2048, 2049, 2048, 2048]",309.0
1242,9567,20,17,2024-07-26T12:29:05.838000+00:00,31.652,49.795,29.646,323.0,195,False,111.093,"[None, 2048, 2048, 2048, 2048, 2048, 2049, 2048]","[2048, 2048, 2048, 2048, 2048, 2048, 2048, 2048, 2048, 2048, 2048, 2048]","[2048, 2048, 2048, 2048, 2048, 2048, 2048]",309.0
1242,9567,14,18,2024-07-26T12:29:13.618000+00:00,31.794,48.71,29.55,313.0,201,False,110.054,"[None, 2048, 2048, 2048, 2048, 2048, 2048, 2048]","[2048, 2048, 2048, 2048, 2048, 2048, 2048, 2048, 2048, 2048, 2048, 2048]","[2048, 2048, 2048, 2048, 2048, 2048, 2048]",307.0
1242,9567,81,22,2024-07-26T12:29:16.942000+00:00,31.582,49.61,29.485,316.0,194,False,110.677,"[None, 2048, 2048, 2048, 2048, 2048, 2048, 2048]","[2048, 2048, 2048, 2048, 2048, 2048, 2048, 2048, 2048, 2048, 2048, 2048]","[2048, 2048, 2048, 2048, 2048, 2048, 2048]",
1242,9567,11,20,2024-07-26T12:29:19.943000+00:00,32.156,50.325,30.388,312.0,192,False,112.869,"[None, 2048, 2048, 2048, 2048, 2049, 2048, 2048]","[2048, 2048, 2048, 2048, 2048, 2048, 2048, 2048, 2048, 2048, 2048, 2048]","[2048, 2048, 2048, 2048, 2048, 2048, 2048]",
1242,9567,10,20,2024-07-26T12:29:21.134000+00:00,31.447,50.269,29.601,331.0,198,False,111.317,"[None, 2048, 2048, 2049, 2049, 2049, 2049, 2049]","[2048, 2048, 2048, 2048, 2048, 2048, 2048, 2048, 2048, 2048, 2048, 2048]","[2048, 2049, 2049, 2048, 2049, 2048, 2048]",311.0
1242,9567,16,23,2024-07-26T12:29:28.761000+00:00,32.015,49.292,30.118,303.0,191,False,111.425,"[None, 2048, 2048, 2048, 2048, 2048, 2048, 2048]","[2048, 2048, 2048, 2048, 2048, 2048, 2048, 2048, 2048, 2048, 2048, 2048]","[2048, 2048, 2048, 2048, 2048, 2048, 2048]",304.0
1242,9567,24,21,2024-07-26T12:29:32.483000+00:00,32.253,51.172,30.088,304.0,193,False,113.513,"[None, 2048, 2048, 2048, 2048, 2048, 2048, 2048]","[2048, 2048, 2048, 2048, 2048, 2048, 2048, 2048, 2048, 2048, 2048, 2048]","[2048, 2048, 2048, 2048, 2048, 2048, 2048]",305.0
1242,9567,77,19,2024-07-26T12:29:34.421000+00:00,32.133,50.173,29.791,304.0,194,False,112.097,"[None, 2048, 2048, 2048, 2049, 2049, 2048, 2048]","[2048, 2048, 2048, 2048, 2048, 2048, 2048, 2048, 2048, 2048, 2048, 2048]","[2048, 2048, 2048, 2048, 2049, 2048, 2048]",305.0
1242,9567,4,22,2024-07-26T12:29:46.216000+00:00,31.78,48.574,29.285,313.0,198,False,109.639,"[None, 2048, 2048, 2048, 2048, 2048, 2048, 2048]","[2048, 2048, 2048, 2048, 2048, 2048, 2048, 2048, 2048, 2048, 2048, 2048]","[2048, 2048, 2048, 2048, 2048, 2048, 2048]",300.0
1242,9567,22,21,2024-07-26T12:29:50.066000+00:00,47.915,60.212,38.256,235.0,162,False,146.383,"[None, 2048, 2048, 2048, 2048, 2048, 2048, 2048]","[2048, 2048, 2048, 2048, 2048, 2048, 2048, 2048, 2048, 2048, 2048, 2048]","[2048, 2048, 2048, 2048, 2048, 2048, 2048]",189.0
1242,9567,3,21,2024-07-26T12:29:58.830000+00:00,31.914,53.49,29.856,298.0,182,False,115.26,"[None, 2048, 2048, 2048, 2048, 2048, 2048, 2048]","[2048, 2048, 2048, 2048, 2048, 2048, 2048, 2048, 2048, 2048, 2048, 2048]","[2048, 2048, 2048, 2048, 2048, 2048, 2048]",
1242,9567,55,22,2024-07-26T12:29:59.340000+00:00,31.44,49.495,30.057,333.0,196,False,110.992,"[None, 2048, 2048, 2049, 2049, 2049, 2049, 2049]","[2048, 2048, 2048, 2048, 2048, 2048, 2048, 2048, 2048, 2048, 2048, 2048]","[2048, 2048, 2048, 2048, 2048, 2048, 2048]",311.0
1242,9567,63,22,2024-07-26T12:30:08.286000+00:00,42.198,84.422,63.281,240.0,121,False,189.901,"[None, 2048, 2048, 2048, 2048, 2048, 2048, 2048]","[2048, 2048, 2048, 2048, 2048, 2048, 2048, 2048, 2048, 2048, 2048, 2048]","[2048, 2048, 2048, 2048, 2048, 2048, 2048]",248.0
1242,9567,2,19,2024-07-26T12:30:35.200000+00:00,42.13,69.296,54.263,217.0,132,False,165.689,"[None, 2048, 2048, 2048, 2048, 2048, 2048, 2048]","[2048, 2048, 2048, 2048, 2048, 2048, 2048, 2048, 2048, 2048, 2048, 2048]","[2048, 2048, 2048, 2048, 2048, 2048, 2048]",216.0
1242,9567,23,20,2024-07-26T12:30:37.692000+00:00,32.608,62.358,44.748,303.0,161,False,139.714,"[None, 2048, 2048, 2048, 2048, 2048, 2048, 2048]","[2048, 2048, 2048, 2048, 2048, 2048, 2048, 2048, 2048, 2048, 2048, 2048]","[2048, 2048, 2048, 2048, 2048, 2048, 2048]",307.0
1242,9567,27,18,2024-07-26T12:30:44.905000+00:00,32.417,55.942,41.995,304.0,158,False,130.354,"[None, 2048, 2048, 2048, 2048, 2048, 2048, 2048]","[2048, 2048, 2048, 2048, 2048, 2048, 2048, 2048, 2048, 2048, 2048, 2048]","[2048, 2048, 2048, 2048, 2048, 2048, 2048]",308.0
1242,9567,18,20,2024-07-26T12:30:47.761000+00:00,36.111,56.772,37.316,232.0,190,False,130.199,"[None, 2048, 2048, 2048, 2048, 2048, 2048, 2048]","[2048, 2048, 2048, 2048, 2048, 2048, 2048, 2048, 2048, 2048, 2048, 2048]","[2048, 2048, 2048, 2048, 2048, 2048, 2064]",243.0
1242,9567,1,23,2024-07-26T12:30:47.962000+00:00,47.994,68.686,39.614,166.0,155,False,156.294,"[None, 2048, 2048, 2048, 2048, 2048, 2048, 2048]","[2048, 2048, 2048, 2048, 2048, 2048, 2048, 2048, 2048, 2048, 2048, 2048]","[2048, 2048, 2048, 2048, 2048, 2048, 2064]",175.0
1242,9567,44,20,2024-07-26T12:30:50.791000+00:00,43.461,63.268,50.097,227.0,159,False,156.826,"[None, 2048, 2048, 2048, 2048, 2048, 2048, 2048]","[2048, 2048, 2048, 2048, 2048, 2048, 2048, 2048, 2048, 2048, 2048, 2048]","[2048, 2048, 2048, 2048, 2048, 2048, 2048]",201.0
1242,9567,20,18,2024-07-26T12:30:56.948000+00:00,44.459,76.486,51.584,188.0,121,False,172.529,"[None, 2048, 2048, 2048, 2048, 2048, 2048, 2048]","[2048, 2048, 2048, 2048, 2048, 2048, 2048, 2048, 2048, 2048, 2048, 2048]","[2048, 2048, 2048, 2048, 2048, 2048, 2048]",180.0
1242,9567,14,19,2024-07-26T12:31:03.630000+00:00,31.946,52.121,52.549,314.0,150,False,136.616,"[None, 2048, 2048, 2048, 2048, 2048, 2048, 2048]","[2048, 2048, 2048, 2048, 2048, 2048, 2048, 2048, 2048, 2048, 2048, 2048]","[2048, 2048, 2048, 2048, 2048, 2048, 2064]",
1242,9567,81,23,2024-07-26T12:31:07.569000+00:00,32.056,59.465,49.532,310.0,148,False,141.053,"[None, 2048, 2048, 2048, 2048, 2048, 2048, 2048]","[2048, 2048, 2048, 2048, 2048, 2048, 2048, 2048, 2048, 2048, 2048, 2048]","[2048, 2048, 2048, 2048, 2048, 2048, 2048]",295.0
1242,9567,10,21,2024-07-26T12:31:12.514000+00:00,35.594,59.836,47.061,254.0,161,False,142.491,"[None, 2048, 2048, 2048, 2048, 2048, 2048, 2048]","[2048, 2048, 2048, 2048, 2048, 2048, 2048, 2048, 2048, 2048, 2048, 2048]","[2048, 2048, 2048, 2048, 2048, 2048, 2048]",257.0
1242,9567,11,21,2024-07-26T12:31:12.844000+00:00,38.775,67.28,54.731,237.0,123,False,160.786,"[None, 2048, 2048, 2048, 2048, 2048, 2048, 2048]","[2048, 2048, 2048, 2048, 2048, 2048, 2048, 2048, 2048, 2048, 2048, 2048]","[2048, 2048, 2048, 2048, 2048, 2048, 2048]",233.0
1242,9567,16,24,2024-07-26T12:31:20.307000+00:00,47.206,60.669,53.803,224.0,157,False,161.678,"[None, 2048, 2048, 2048, 2048, 2048, 2048, 2048]","[2048, 2048, 2048, 2048, 2048, 2048, 2048, 2048, 2048, 2048, 2048, 2048]","[2048, 2048, 2048, 2048, 2048, 2048, 2048]",184.0
1242,9567,24,22,2024-07-26T12:31:25.914000+00:00,39.03,57.945,53.841,280.0,149,False,150.816,"[None, 2048, 2048, 2048, 2048, 2048, 2048, 2048]","[2048, 2048, 2048, 2048, 2048, 2048, 2048, 2048, 2048, 2048, 2048, 2048]","[2048, 2048, 2048, 2048, 2048, 2048, 2048]",197.0
1242,9567,77,20,2024-07-26T12:31:26.560000+00:00,39.04,58.361,55.947,267.0,155,False,153.348,"[None, 2048, 2048, 2048, 2048, 2048, 2048, 2048]","[2048, 2048, 2048, 2048, 2048, 2048, 2048, 2048, 2048, 2048, 2048, 2048]","[2048, 2048, 2048, 2048, 2048, 2048, 2048]",228.0
1242,9567,4,23,2024-07-26T12:31:35.893000+00:00,32.676,60.9,47.48,212.0,167,False,141.056,"[None, 2048, 2048, 2048, 2048, 2048, 2048, 2048]","[2048, 2048, 2048, 2048, 2048, 2048, 2048, 2048, 2048, 2048, 2048, 2048]","[2048, 2048, 2048, 2048, 2048, 2048, 2048]",311.0
1242,9567,55,23,2024-07-26T12:31:50.368000+00:00,41.386,60.983,42.485,229.0,154,False,144.854,"[None, 2048, 2048, 2048, 2048, 2048, 2048, 2048]","[2048, 2048, 2048, 2048, 2048, 2048, 2048, 2048, 2048, 2048, 2048, 2048]","[2048, 2048, 2048, 2048, 2048, 2048, 2048]",220.0
1242,9567,3,22,2024-07-26T12:31:54.085000+00:00,37.936,55.029,40.333,301.0,167,False,133.298,"[None, 2048, 2048, 2048, 2048, 2048, 2048, 2048]","[2048, 2048, 2048, 2048, 2048, 2048, 2048, 2048, 2048, 2048, 2048, 2048]","[2048, 2048, 2048, 2048, 2048, 2048, 2048]",215.0
1242,9567,22,22,2024-07-26T12:32:16.543000+00:00,37.243,57.678,39.988,266.0,173,False,134.909,"[None, 2048, 2048, 2048, 2048, 2048, 2048, 2048]","[2048, 2048, 2048, 2048, 2048, 2048, 2048, 2048, 2048, 2048, 2048, 2048]","[2048, 2048, 2048, 2048, 2048, 2048, 2048]",213.0
1242,9567,27,19,2024-07-26T12:32:55.268000+00:00,49.761,53.39,35.779,319.0,184,False,138.93,"[None, 2048, 2048, 2048, 2048, 2048, 2048, 2048]","[2048, 2048, 2048, 2048, 2048, 2048, 2048, 2048, 2048, 2048, 2048, 2048]","[2048, 2048, 2048, 2048, 2048, 2048, 2064]",304.0
1242,9567,23,21,2024-07-26T12:32:57.379000+00:00,56.795,55.448,35.382,241.0,169,False,147.625,"[None, 2048, 2048, 2048, 2048, 2048, 2048, 2048]","[2048, 2048, 2048, 2048, 2048, 2048, 2048, 2048, 2048, 2048, 2048, 2048]","[2048, 2048, 2048, 2048, 2048, 2048, 2064]",274.0
1242,9567,63,23,2024-07-26T12:33:18.249000+00:00,63.531,52.878,35.886,315.0,180,False,152.295,"[None, 2048, 2048, 2048, 2048, 2048, 2048, 2048]","[2048, 2048, 2048, 2048, 2048, 2048, 2048, 2048, 2048, 2048, 2048, 2048]","[2048, 2048, 2048, 2048, 2048, 2048, 2064]",300.0
1242,9567,2,20,2024-07-26T12:33:21.047000+00:00,76.452,60.224,41.11,200.0,160,False,177.786,"[None, 2048, 2048, 2048, 2048, 2048, 2048, 2048]","[2048, 2048, 2048, 2048, 2048, 2048, 2048, 2048, 2048, 2048, 2048, 2048]","[2048, 2048, 2048, 2048, 2048, 2048, 2064]",241.0
1242,9567,44,21,2024-07-26T12:33:27.506000+00:00,67.661,55.435,43.024,230.0,178,False,166.12,"[None, 2048, 2048, 2048, 2048, 2048, 2048, 2048]","[2048, 2048, 2048, 2048, 2048, 2048, 2048, 2048, 2048, 2048, 2048, 2048]","[2048, 2048, 2048, 2048, 2048, 2048, 2064]",278.0
1242,9567,81,24,2024-07-26T12:33:28.607000+00:00,68.801,56.946,42.903,245.0,137,False,168.65,"[None, 2048, 2048, 2048, 2048, 2048, 2048, 2048]","[2048, 2048, 2048, 2048, 2048, 2048, 2048, 2048, 2048, 2048, 2048, 2048]","[2048, 2048, 2048, 2048, 2048, 2048, 2064]",229.0
1242,9567,10,22,2024-07-26T12:33:34.923000+00:00,62.162,49.793,34.714,292.0,199,False,146.669,"[None, 2048, 2048, 2048, 2048, 2048, 2048, 2048]","[2048, 2048, 2048, 2048, 2048, 2048, 2048, 2048, 2048, 2048, 2048, 2048]","[2048, 2048, 2048, 2048, 2048, 2048, 2064]",307.0
1242,9567,20,19,2024-07-26T12:33:49.473000+00:00,63.149,53.657,36.574,322.0,179,False,153.38,"[None, 2048, 2048, 2048, 2048, 2048, 2048, 2048]","[2048, 2048, 2048, 2048, 2048, 2048, 2048, 2048, 2048, 2048, 2048, 2048]","[2048, 2048, 2048, 2048, 2048, 2048, 2064]",304.0
1242,9567,11,22,2024-07-26T12:33:53.685000+00:00,52.501,52.047,37.483,310.0,176,False,142.031,"[None, 2048, 2048, 2048, 2048, 2048, 2048, 2048]","[2048, 2048, 2048, 2048, 2048, 2048, 2048, 2048, 2048, 2048, 2048, 2048]","[2048, 2048, 2048, 2048, 2048, 2048, 2064]",287.0
1242,9567,24,23,2024-07-26T12:33:56.914000+00:00,53.248,53.567,36.82,308.0,185,False,143.635,"[None, 2048, 2048, 2048, 2048, 2048, 2048, 2048]","[2048, 2048, 2048, 2048, 2048, 2048, 2048, 2048, 2048, 2048, 2048, 2048]","[2048, 2048, 2048, 2048, 2048, 2048, 2064]",299.0
1242,9567,4,24,2024-07-26T12:33:57+00:00,63.736,51.768,36.772,313.0,187,False,152.276,"[None, 2048, 2048, 2048, 2048, 2048, 2048, 2048]","[2048, 2048, 2048, 2048, 2048, 2048, 2048, 2048, 2048, 2048, 2048, 2048]","[2048, 2048, 2048, 2048, 2048, 2048, 2064]",289.0
1242,9567,77,21,2024-07-26T12:33:59.908000+00:00,63.749,73.693,39.335,315.0,134,False,176.777,"[None, 2048, 2048, 2048, 2048, 2048, 2048, 2048]","[2048, 2048, 2048, 2048, 2048, 2048, 2048, 2048, 2048, 2048, 2048, 2048]","[2048, 2048, 2048, 2048, 2048, 2048, 2064]",301.0
1242,9567,16,25,2024-07-26T12:34:01.952000+00:00,66.901,54.7,38.008,307.0,187,False,159.609,"[None, 2048, 2048, 2048, 2048, 2048, 2048, 2048]","[2048, 2048, 2048, 2048, 2048, 2048, 2048, 2048, 2048, 2048, 2048, 2048]","[2048, 2048, 2048, 2048, 2048, 2048, 2064]",301.0
1242,9567,3,23,2024-07-26T12:34:07.330000+00:00,49.222,53.835,35.616,300.0,178,False,138.673,"[None, 2048, 2048, 2048, 2048, 2048, 2048, 2048]","[2048, 2048, 2048, 2048, 2048, 2048, 2048, 2048, 2048, 2048, 2048, 2048]","[2048, 2048, 2048, 2048, 2048, 2048, 2064]",287.0
1242,9567,55,24,2024-07-26T12:34:15.133000+00:00,51.067,52.829,36.669,312.0,173,False,140.565,"[None, 2048, 2048, 2048, 2048, 2048, 2048, 2048]","[2048, 2048, 2048, 2048, 2048, 2048, 2048, 2048, 2048, 2048, 2048, 2048]","[2048, 2048, 2048, 2048, 2048, 2048, 2064]",297.0
1242,9567,22,23,2024-07-26T12:34:31.536000+00:00,55.645,55.901,42.976,304.0,162,False,154.522,"[None, 2048, 2048, 2048, 2048, 2048, 2048, 2048]","[2048, 2048, 2048, 2048, 2048, 2048, 2048, 2048, 2048, 2048, 2048, 2048]","[2048, 2048, 2048, 2048, 2048, 2048, 2064]",271.0
