meeting_key,session_key,driver_number,lap_number,date_start,duration_sector_1,duration_sector_2,duration_sector_3,i1_speed,i2_speed,is_pit_out_lap,lap_duration,segments_sector_1,segments_sector_2,segments_sector_3,st_speed
1251,9645,31,1,,,33.116,29.693,214.0,265,True,,"[2064, 2064, 2049, 2049, 2049, 2049, 2049, 2049, 2051]","[2049, 2049, 2051, 2049, 2049, 2051, 2049]","[2049, 2049, 2049, 2049, 2049, 2051]",119.0
1251,9645,10,1,2024-11-29T13:30:23.210000+00:00,,34.034,28.741,210.0,265,True,,"[2064, 2064, 2049, 2049, 2049, 2049, 2049, 2049, 2049]","[2049, 2049, 2049, 2049, 2049, 2049, 2049]","[2049, 2051, 2051, 2049, 2049, 2051, 2051]",144.0
1251,9645,77,1,2024-11-29T13:30:27.926000+00:00,,33.286,28.831,211.0,254,True,,"[2064, 2064, 2049, 2049, 2049, 2049, 2049, 2051, 2049]","[2051, 2049, 2049, 2051, 2051, 2049, 2049]","[2051, 2049, 2049, 2051, 2051, 2049]",159.0
1251,9645,22,1,2024-11-29T13:30:37.320000+00:00,,35.814,30.408,213.0,244,True,,"[2064, 2064, 2049, 2049, 2049, 2049, 2049, 2049, 2049]","[2049, 2049, 2049, 2049, 2049, 2049, 2051]","[2049, 2049, 2049, 2049, 2049, 2051, 2049]",118.0
1251,9645,55,1,2024-11-29T13:30:53.488000+00:00,,34.78,29.709,203.0,262,True,,"[2064, 2064, 2049, 2049, 2049, 2049, 2049, 2049, 2049]","[2049, 2049, 2049, 2049, 2049, 2049, 2049]","[2049, 2049, 2049, 2049, 2049, 2049, 2049]",138.0
1251,9645,16,1,2024-11-29T13:31:00.042000+00:00,,34.687,30.591,205.0,248,True,,"[2064, 2064, 2049, 2049, 2049, 2049, 2049, 2049, 2049]","[2049, 2049, 2049, 2049, 2049, 2049, 2049]","[2049, 2049, 2049, 2049, 2049, 2049, 2049]",149.0
1251,9645,20,1,2024-11-29T13:31:01.367000+00:00,,35.429,32.157,200.0,256,True,,"[2064, 2064, 2049, 2049, 2049, 2049, 2049, 2049, 2049]","[2049, 2049, 2049, 2049, 2049, 2049, 2049]","[2049, 2051, 2049, 2049, 2049, 2051, 2051]",105.0
1251,9645,1,1,2024-11-29T13:31:19.369000+00:00,,31.875,30.767,219.0,278,True,,"[2064, 2064, 2049, 2049, 2049, 2049, 2049, 2049, 2049]","[2049, 2049, 2049, 2049, 2049, 2049, 2049]","[2049, 2049, 2051, 2049, 2049, 2049, 2049]",151.0
1251,9645,30,1,2024-11-29T13:31:22.716000+00:00,,34.442,29.483,213.0,260,True,,"[2064, 2064, 2049, 2049, 2049, 2049, 2049, 2049, 2049]","[2049, 2049, 2049, 2049, 2049, 2049, 2049]","[2049, 2049, 2049, 2049, 2049, 2049, 2049]",161.0
1251,9645,11,1,2024-11-29T13:31:29.142000+00:00,,32.378,31.789,207.0,276,True,,"[2064, 2064, 2049, 2049, 2049, 2049, 2049, 2049, 2049]","[2049, 2049, 2049, 2049, 2049, 2049, 2049]","[2049, 2049, 2049, 2049, 2049, 2049]",152.0
1251,9645,31,2,2024-11-29T13:31:54.906000+00:00,33.203,29.644,26.132,234.0,284,False,88.979,"[2049, 2049, 2049, 2049, 2049, 2049, 2049, 2049, 2049]","[2049, 2049, 2051, 2051, 2049, 2049, 2051]","[2049, 2049, 2049, 2049, 2051, 2051]",310.0
1251,9645,10,2,2024-11-29T13:32:02.230000+00:00,33.954,29.906,26.118,231.0,283,False,89.978,"[2049, 2049, 2049, 2049, 2049, 2049, 2049, 2049, 2049]","[2049, 2049, 2049, 2049, 2051, 2049, 2049]","[2049, 2049, 2051, 2049, 2051, 2049]",311.0
1251,9645,77,2,2024-11-29T13:32:06.653000+00:00,32.795,29.651,26.122,236.0,276,False,88.568,"[2049, 2049, 2049, 2049, 2051, 2049, 2049, 2049, 2049]","[2051, 2051, 2049, 2049, 2049, 2051, 2049]","[2049, 2049, 2049, 2051, 2049, 2051, 2048]",299.0
1251,9645,27,1,2024-11-29T13:32:07.446000+00:00,,38.445,29.574,181.0,259,True,,"[2064, 2064, 2049, 2049, 2049, 2049, 2049, 2049, 2049]","[2049, 2049, 2049, 2049, 2049, 2049, 2049]","[2049, 2049, 2049, 2049, 2049, 2049, 2049]",138.0
1251,9645,22,2,2024-11-29T13:32:21.788000+00:00,32.831,29.928,25.767,238.0,283,False,88.526,"[2049, 2049, 2049, 2049, 2049, 2049, 2049, 2049, 2049]","[2049, 2049, 2049, 2049, 2049, 2049, 2049]","[2051, 2051, 2051, 2049, 2051, 2049, 2049]",307.0
1251,9645,55,2,2024-11-29T13:32:35.647000+00:00,34.077,30.352,26.584,232.0,281,False,91.013,"[2049, 2049, 2049, 2049, 2049, 2049, 2049, 2049, 2049]","[2049, 2049, 2049, 2049, 2049, 2049, 2049]","[2049, 2049, 2049, 2049, 2049, 2049]",302.0
1251,9645,16,2,2024-11-29T13:32:44.426000+00:00,33.964,30.043,26.143,234.0,280,False,90.15,"[2049, 2049, 2049, 2049, 2049, 2049, 2049, 2049, 2049]","[2049, 2049, 2049, 2049, 2049, 2049, 2049]","[2049, 2049, 2049, 2049, 2049, 2049]",303.0
1251,9645,81,1,2024-11-29T13:32:46.618000+00:00,,35.429,28.252,216.0,251,True,,"[2064, 2064, 2049, 2049, 2049, 2049, 2049, 2049, 2049]","[2049, 2049, 2049, 2049, 2049, 2049, 2049]","[2049, 2049, 2049, 2049, 2049, 2049, 2049]",129.0
1251,9645,20,2,2024-11-29T13:32:49.961000+00:00,32.753,29.993,25.811,234.0,281,False,88.557,"[2049, 2049, 2049, 2049, 2049, 2049, 2049, 2049, 2049]","[2049, 2049, 2049, 2049, 2051, 2049, 2049]","[2049, 2049, 2049, 2049, 2049, 2051, 2049]",309.0
1251,9645,1,2,2024-11-29T13:32:57.953000+00:00,32.042,29.138,25.158,241.0,285,False,86.338,"[2049, 2049, 2049, 2051, 2049, 2051, 2049, 2051, 2051]","[2051, 2049, 2051, 2049, 2049, 2051, 2051]","[2051, 2051, 2051, 2051, 2051, 2051]",312.0
1251,9645,30,2,2024-11-29T13:33:05.355000+00:00,32.824,29.974,26.447,236.0,279,False,89.245,"[2049, 2049, 2049, 2049, 2049, 2049, 2049, 2049, 2049]","[2049, 2049, 2049, 2049, 2049, 2049, 2049]","[2049, 2049, 2049, 2049, 2049, 2049]",309.0
1251,9645,11,2,2024-11-29T13:33:09.669000+00:00,32.371,29.603,25.481,240.0,286,False,87.455,"[2051, 2051, 2051, 2049, 2049, 2049, 2051, 2049, 2049]","[2049, 2051, 2049, 2051, 2049, 2049, 2049]","[2049, 2049, 2049, 2051, 2049, 2049, 2051]",317.0
1251,9645,63,1,2024-11-29T13:33:09.669000+00:00,,32.32,27.654,222.0,266,True,,"[2064, 2064, 2049, 2049, 2049, 2049, 2049, 2049, 2049]","[2049, 2049, 2049, 2049, 2049, 2049, 2049]","[2049, 2049, 2049, 2049, 2049, 2049, 2051]",172.0
1251,9645,23,1,2024-11-29T13:33:15.173000+00:00,,34.286,30.471,207.0,261,True,,"[2064, 2064, 2049, 2049, 2049, 2049, 2049, 2049, 2049]","[2049, 2049, 2049, 2049, 2049, 2049, 2049]","[2049, 2049, 2049, 2049, 2049, 2049, 2049]",151.0
1251,9645,18,1,2024-11-29T13:33:22.851000+00:00,,34.059,28.129,194.0,264,True,,"[2064, 2064, 2049, 2049, 2049, 2049, 2049, 2049, 2049]","[2049, 2049, 2049, 2049, 2049, 2049, 2049]","[2049, 2049, 2049, 2049, 2049, 2049, 2049]",153.0
1251,9645,31,3,2024-11-29T13:33:23.623000+00:00,41.363,41.198,31.991,186.0,179,False,114.552,"[None, 2048, 2048, 2048, 2048, 2048, 2048, 2048, 2048]","[2048, 2048, 2048, 2048, 2048, 2048, 2048]","[2048, 2048, 2048, 2048, 2048, 2048, 2048]",297.0
1251,9645,10,3,2024-11-29T13:33:31.999000+00:00,43.521,40.473,41.748,147.0,179,False,125.742,"[None, 2048, 2048, 2048, 2048, 2048, 2048, 2048, 2048]","[2048, 2048, 2048, 2048, 2048, 2048, 2048]","[2048, 2048, 2048, 2048, 2048, 2048, 2064]",300.0
1251,9645,44,1,2024-11-29T13:33:32.326000+00:00,,33.637,29.203,215.0,266,True,,"[2064, 2064, 2049, 2049, 2049, 2049, 2049, 2049, 2049]","[2049, 2049, 2049, 2049, 2049, 2049, 2049]","[2049, 2049, 2049, 2049, 2049, 2049, 2049]",121.0
1251,9645,77,3,2024-11-29T13:33:35.324000+00:00,37.915,33.951,34.114,216.0,223,False,105.98,"[2048, 2048, 2048, 2048, 2048, 2048, 2048, 2048, 2048]","[2048, 2048, 2048, 2048, 2048, 2048, 2048]","[2048, 2048, 2048, 2048, 2048, 2048, 2049]",259.0
1251,9645,4,1,2024-11-29T13:33:36.894000+00:00,,33.608,39.699,191.0,265,True,,"[2064, 2064, 2049, 2049, 2049, 2049, 2049, 2049, 2049]","[2049, 2049, 2049, 2049, 2049, 2049, 2049]","[2049, 2049, 2049, 2049, 2049, 2049, 2049]",106.0
1251,9645,14,1,2024-11-29T13:33:44.553000+00:00,,33.329,35.897,212.0,266,True,,"[2064, 2064, 2049, 2049, 2049, 2049, 2049, 2049, 2049]","[2049, 2049, 2049, 2049, 2049, 2049, 2049]","[2049, 2049, 2049, 2049, 2049, 2049, 2049]",136.0
1251,9645,22,3,2024-11-29T13:33:50.264000+00:00,53.432,39.847,33.835,141.0,238,False,127.114,"[2048, 2048, 2048, 2048, 2048, 2048, 2048, 2048, 2048]","[2048, 2048, 2048, 2048, 2048, 2048, 2048]","[2048, 2048, 2048, 2048, 2048, 2048, 2048]",121.0
1251,9645,27,2,2024-11-29T13:33:56.271000+00:00,34.272,29.92,26.832,230.0,280,False,91.024,"[2049, 2049, 2049, 2049, 2049, 2049, 2049, 2049, 2049]","[2049, 2049, 2049, 2049, 2049, 2049, 2049]","[2049, 2049, 2049, 2049, 2049, 2049]",306.0
1251,9645,55,3,2024-11-29T13:34:06.597000+00:00,32.339,29.33,25.535,239.0,283,False,87.204,"[None, 2049, 2049, 2049, 2049, 2049, 2049, 2049, 2049]","[2049, 2049, 2049, 2049, 2049, 2049, 2049]","[2049, 2049, 2049, 2049, 2049, 2049]",306.0
1251,9645,16,3,2024-11-29T13:34:14.375000+00:00,32.643,29.265,25.487,239.0,283,False,87.395,"[None, 2049, 2049, 2049, 2049, 2049, 2049, 2049, 2049]","[2049, 2049, 2049, 2049, 2049, 2051, 2049]","[2049, 2049, 2049, 2049, 2049, 2049]",307.0
1251,9645,24,1,2024-11-29T13:34:16.149000+00:00,,36.966,30.993,199.0,253,True,,"[2064, 2064, 2049, 2049, 2049, 2049, 2049, 2049, 2049]","[2049, 2049, 2049, 2049, 2049, 2049, 2049]","[2049, 2049, 2049, 2049, 2049, 2049, 2049]",116.0
1251,9645,20,3,2024-11-29T13:34:18.439000+00:00,70.183,62.485,38.956,63.0,171,False,171.624,"[None, 2048, 2048, 2048, 2048, 2048, 2048, 2048, 2048]","[2048, 2048, 2048, 2048, 2048, 2048, 2048]","[2048, 2048, 2048, 2048, 2048, 2048, 2049]",100.0
1251,9645,1,3,2024-11-29T13:34:24.580000+00:00,62.939,47.686,36.258,125.0,173,False,146.883,"[2048, 2048, 2048, 2048, 2048, 2048, 2048, 2048, 2048]","[2048, 2048, 2048, 2048, 2048, 2048, 2048]","[2048, 2048, 2048, 2048, 2048, 2048, 2048]",100.0
1251,9645,43,1,2024-11-29T13:34:24.677000+00:00,,35.202,33.551,208.0,265,True,,"[2064, 2064, 2049, 2049, 2049, 2049, 2049, 2049, 2049]","[2049, 2049, 2049, 2049, 2049, 2049, 2049]","[2049, 2049, 2049, 2049, 2049, 2049, 2049]",95.0
1251,9645,81,2,2024-11-29T13:34:28.732000+00:00,32.498,29.326,25.387,239.0,284,False,87.211,"[2049, 2049, 2049, 2049, 2049, 2051, 2049, 2049, 2049]","[2049, 2051, 2049, 2051, 2049, 2049, 2049]","[2049, 2049, 2049, 2049, 2049, 2051, 2051]",306.0
1251,9645,30,3,2024-11-29T13:34:34.519000+00:00,53.811,49.518,38.959,99.0,148,False,142.288,"[2048, 2048, 2048, 2048, 2048, 2048, 2048, 2048, 2048]","[2048, 2048, 2048, 2048, 2048, 2048, 2048]","[2048, 2048, 2048, 2048, 2048, 2048, 2048]",249.0
1251,9645,11,3,2024-11-29T13:34:37.086000+00:00,55.483,46.924,43.429,87.0,139,False,145.836,"[2048, 2048, 2048, 2048, 2048, 2048, 2048, 2048, 2048]","[2048, 2048, 2048, 2048, 2048, 2048, 2048]","[2048, 2048, 2048, 2048, 2048, 2048, 2048]",156.0
1251,9645,63,2,2024-11-29T13:34:46.616000+00:00,32.542,28.92,25.294,238.0,287,False,86.756,"[2049, 2049, 2049, 2049, 2049, 2049, 2049, 2049, 2049]","[2049, 2049, 2049, 2049, 2049, 2049, 2051]","[2049, 2049, 2049, 2049, 2049, 2049, 2051]",309.0
1251,9645,23,2,2024-11-29T13:34:55.518000+00:00,32.918,29.635,26.066,237.0,281,False,88.619,"[2049, 2049, 2049, 2049, 2049, 2049, 2049, 2049, 2049]","[2049, 2049, 2049, 2049, 2049, 2049, 2049]","[2049, 2049, 2049, 2049, 2049, 2049, 2049]",306.0
1251,9645,18,2,2024-11-29T13:35:05.626000+00:00,33.427,29.678,26.135,237.0,280,False,89.24,"[2049, 2049, 2049, 2049, 2049, 2049, 2049, 2049, 2049]","[2049, 2049, 2049, 2049, 2049, 2049, 2049]","[2049, 2049, 2049, 2049, 2049, 2049, 2049]",284.0
1251,9645,44,2,2024-11-29T13:35:12.710000+00:00,32.688,29.517,25.542,236.0,288,False,87.747,"[2049, 2049, 2049, 2049, 2049, 2049, 2051, 2049, 2049]","[2049, 2049, 2049, 2049, 2049, 2049, 2051]","[2049, 2049, 2049, 2049, 2049, 2049, 2049]",311.0
1251,9645,31,4,2024-11-29T13:35:18.125000+00:00,32.333,29.111,25.589,237.0,285,False,87.033,"[2048, 2049, 2049, 2049, 2049, 2049, 2049, 2049, 2049]","[2049, 2049, 2049, 2049, 2049, 2049, 2049]","[2048, 2049, 2049, 2049, 2049, 2049, 2049]",313.0
1251,9645,77,4,2024-11-29T13:35:21.206000+00:00,31.885,28.998,37.056,239.0,279,False,97.939,"[2049, 2049, 2049, 2049, 2051, 2049, 2049, 2051, 2049]","[2049, 2049, 2051, 2049, 2048, 2051, 2049]","[2048, 2048, 2048, 2048, 2048, 2048, 2048]",305.0
1251,9645,27,3,2024-11-29T13:35:27.069000+00:00,44.141,39.385,31.693,178.0,224,False,115.219,"[2048, 2048, 2048, 2048, 2048, 2048, 2048, 2048, 2048]","[2048, 2048, 2048, 2048, 2048, 2048, 2048]","[2048, 2048, 2048, 2048, 2048, 2048, 2048]",246.0
1251,9645,4,2,2024-11-29T13:35:28.466000+00:00,32.405,29.094,25.292,240.0,283,False,86.791,"[2049, 2049, 2049, 2049, 2049, 2049, 2049, 2049, 2049]","[2051, 2049, 2049, 2049, 2049, 2049, 2049]","[2049, 2049, 2049, 2049, 2051, 2049]",291.0
1251,9645,14,2,2024-11-29T13:35:31.143000+00:00,33.568,29.944,26.476,234.0,281,False,89.988,"[2049, 2049, 2049, 2049, 2049, 2049, 2049, 2049, 2049]","[2049, 2049, 2049, 2049, 2049, 2049, 2049]","[2049, 2049, 2049, 2049, 2049, 2049, 2049]",291.0
1251,9645,55,4,2024-11-29T13:35:33.843000+00:00,44.368,42.36,30.026,161.0,230,False,116.754,"[2048, 2048, 2048, 2048, 2048, 2048, 2048, 2048, 2048]","[2048, 2048, 2048, 2048, 2048, 2048, 2048]","[2048, 2048, 2048, 2048, 2048, 2048, 2048]",202.0
1251,9645,16,4,2024-11-29T13:35:41.854000+00:00,48.04,44.878,30.482,130.0,251,False,123.4,"[2048, 2048, 2048, 2048, 2048, 2048, 2048, 2048, 2048]","[2048, 2048, 2048, 2048, 2048, 2048, 2048]","[2048, 2048, 2048, 2048, 2048, 2048, 2048]",219.0
1251,9645,81,3,2024-11-29T13:35:55.840000+00:00,47.994,43.137,29.832,147.0,245,False,120.963,"[2048, 2048, 2048, 2048, 2048, 2048, 2048, 2048, 2048]","[2048, 2048, 2048, 2048, 2048, 2048, 2048]","[2048, 2048, 2048, 2048, 2048, 2048, 2048]",179.0
1251,9645,22,4,2024-11-29T13:35:57.424000+00:00,31.859,28.919,25.192,241.0,284,False,85.97,"[2049, 2049, 2049, 2049, 2049, 2049, 2049, 2049, 2051]","[2049, 2049, 2049, 2049, 2051, 2049, 2049]","[2051, 2049, 2051, 2049, 2049, 2049, 2049]",310.0
1251,9645,24,2,2024-11-29T13:36:06.056000+00:00,33.565,30.086,27.233,233.0,276,False,90.884,"[2049, 2049, 2049, 2049, 2049, 2049, 2049, 2049, 2049]","[2049, 2049, 2049, 2049, 2049, 2049, 2049]","[2049, 2049, 2049, 2049, 2049, 2049, 2048]",299.0
1251,9645,63,3,2024-11-29T13:36:13.357000+00:00,61.758,56.771,38.098,88.0,187,False,156.627,"[2048, 2048, 2048, 2048, 2048, 2048, 2048, 2048, 2048]","[2048, 2048, 2048, 2048, 2048, 2048, 2048]","[2048, 2048, 2048, 2048, 2048, 2048, 2048]",155.0
1251,9645,43,2,2024-11-29T13:36:16.007000+00:00,33.985,30.544,29.095,236.0,281,False,93.624,"[2049, 2049, 2049, 2049, 2049, 2049, 2049, 2049, 2049]","[2049, 2049, 2049, 2049, 2049, 2049, 2049]","[2049, 2049, 2049, 2049, 2049, 2049]",305.0
1251,9645,10,4,2024-11-29T13:36:23.243000+00:00,81.515,32.245,30.848,213.0,267,True,144.608,"[2064, 2064, 2048, 2048, 2048, 2048, 2048, 2048, 2048]","[2048, 2048, 2048, 2048, 2048, 2048, 2048]","[2048, 2048, 2048, 2048, 2048, 2048, 2049]",151.0
1251,9645,23,3,2024-11-29T13:36:24.054000+00:00,32.17,29.064,25.537,239.0,282,False,86.771,"[None, 2049, 2049, 2049, 2049, 2048, 2049, 2049, 2049]","[2049, 2049, 2049, 2049, 2049, 2049, 2049]","[2049, 2049, 2049, 2049, 2049, 2049, 2049]",309.0
1251,9645,18,3,2024-11-29T13:36:34.846000+00:00,44.409,46.509,38.246,156.0,222,False,129.164,"[None, 2048, 2048, 2048, 2048, 2048, 2048, 2048, 2048]","[2048, 2048, 2048, 2048, 2048, 2048, 2048]","[2048, 2048, 2048, 2048, 2048, 2048, 2048]",245.0
1251,9645,44,3,2024-11-29T13:36:40.255000+00:00,54.491,41.13,39.179,87.0,240,False,134.8,"[2048, 2048, 2048, 2048, 2048, 2048, 2048, 2048, 2048]","[2048, 2048, 2048, 2048, 2048, 2048, 2048]","[2048, 2048, 2048, 2048, 2048, 2048]",168.0
1251,9645,31,5,2024-11-29T13:36:45.134000+00:00,51.299,40.999,42.466,97.0,243,False,134.764,"[2049, 2048, 2048, 2048, 2048, 2048, 2048, 2048, 2048]","[2048, 2048, 2048, 2048, 2048, 2048, 2048]","[2048, 2048, 2048, 2048, 2048, 2048, 2048]",176.0
1251,9645,1,4,2024-11-29T13:36:51.251000+00:00,31.652,28.983,24.977,240.0,286,False,85.612,"[2049, 2049, 2048, 2049, 2049, 2051, 2049, 2051, 2048]","[2049, 2049, 2048, 2049, 2051, 2049, 2049]","[2051, 2051, 2051, 2049, 2051, 2048, 2048]",312.0
1251,9645,4,3,2024-11-29T13:36:55.262000+00:00,42.548,46.048,48.84,153.0,116,False,137.436,"[None, 2048, 2048, 2048, 2048, 2048, 2048, 2048, 2048]","[2048, 2048, 2048, 2048, 2048, 2048, 2048]","[2048, 2048, 2048, 2048, 2048, 2048, 2048]",208.0
1251,9645,30,4,2024-11-29T13:36:56.963000+00:00,32.303,29.402,25.299,238.0,283,False,87.004,"[2049, 2049, 2049, 2049, 2049, 2049, 2049, 2049, 2049]","[2048, 2049, 2049, 2049, 2049, 2049, 2049]","[2049, 2049, 2049, 2049, 2049, 2049]",312.0
1251,9645,77,5,2024-11-29T13:36:59.154000+00:00,45.955,39.542,52.011,211.0,163,False,137.508,"[2048, 2048, 2048, 2048, 2048, 2048, 2048, 2048, 2048]","[2048, 2048, 2048, 2048, 2048, 2048, 2048]","[2048, 2048, 2048, 2048, 2048, 2048, 2049]",127.0
1251,9645,14,3,2024-11-29T13:37:01.042000+00:00,41.815,35.071,47.97,131.0,250,False,124.856,"[2048, 2048, 2048, 2048, 2048, 2048, 2048, 2048, 2048]","[2048, 2048, 2048, 2048, 2048, 2048, 2048]","[2048, 2048, 2048, 2048, 2048, 2048, 2048]",241.0
1251,9645,11,4,2024-11-29T13:37:03.084000+00:00,31.933,29.348,24.769,244.0,288,False,86.05,"[2051, 2051, 2048, 2049, 2049, 2049, 2051, 2049, 2049]","[2049, 2051, 2048, 2048, 2048, 2049, 2051]","[2049, 2049, 2049, 2051, 2051, 2051]",316.0
1251,9645,20,4,2024-11-29T13:37:10.155000+00:00,31.814,29.577,25.454,236.0,284,False,86.845,"[None, 2049, 2049, 2051, 2049, 2049, 2049, 2049, 2049]","[2049, 2049, 2048, 2049, 2049, 2049, 2049]","[2049, 2049, 2049, 2049, 2049, 2048, 2049]",312.0
1251,9645,27,4,2024-11-29T13:37:22.429000+00:00,32.235,28.841,25.48,239.0,284,False,86.556,"[2049, 2049, 2049, 2049, 2049, 2049, 2049, 2049, 2049]","[2051, 2049, 2049, 2049, 2049, 2049, 2049]","[2049, 2049, 2049, 2049, 2049, 2049]",311.0
1251,9645,22,5,2024-11-29T13:37:23.385000+00:00,49.651,42.949,35.126,178.0,127,False,127.726,"[2048, 2048, 2048, 2048, 2048, 2048, 2048, 2048, 2048]","[2048, 2048, 2048, 2048, 2048, 2048, 2048]","[2048, 2048, 2048, 2048, 2048, 2048, 2048]",181.0
1251,9645,55,5,2024-11-29T13:37:30.626000+00:00,31.858,28.892,25.204,241.0,285,False,85.954,"[2049, 2049, 2049, 2049, 2049, 2049, 2049, 2049, 2049]","[2049, 2048, 2049, 2049, 2049, 2049, 2049]","[2049, 2049, 2049, 2048, 2049, 2049]",310.0
1251,9645,24,3,2024-11-29T13:37:36.958000+00:00,42.857,43.977,33.569,205.0,156,False,120.403,"[2048, 2048, 2048, 2048, 2048, 2048, 2048, 2048, 2048]","[2048, 2048, 2048, 2048, 2048, 2048, 2048]","[2048, 2048, 2048, 2048, 2048, 2048, 2049]",270.0
1251,9645,16,5,2024-11-29T13:37:45.375000+00:00,31.621,28.92,24.945,243.0,284,False,85.486,"[2049, 2049, 2049, 2049, 2049, 2049, 2049, 2049, 2049]","[2049, 2049, 2048, 2049, 2049, 2048, 2049]","[2049, 2049, 2049, 2051, 2049, 2051, 2049]",308.0
1251,9645,43,3,2024-11-29T13:37:49.536000+00:00,32.818,29.647,26.28,234.0,282,False,88.745,"[None, 2049, 2049, 2049, 2049, 2049, 2049, 2049, 2049]","[2049, 2049, 2049, 2049, 2049, 2049, 2049]","[2049, 2049, 2049, 2049, 2049, 2049, 2049]",309.0
1251,9645,23,4,2024-11-29T13:37:50.880000+00:00,49.241,42.332,34.821,152.0,176,False,126.394,"[None, 2048, 2048, 2048, 2048, 2048, 2048, 2048, 2048]","[2048, 2048, 2048, 2048, 2048, 2048, 2048]","[2048, 2048, 2048, 2048, 2048, 2048, 2048]",281.0
1251,9645,81,4,2024-11-29T13:37:56.966000+00:00,31.724,29.303,25.096,244.0,282,False,86.123,"[2049, 2049, 2049, 2049, 2049, 2049, 2049, 2049, 2051]","[2049, 2048, 2049, 2051, 2049, 2048, 2048]","[2048, 2049, 2049, 2049, 2049, 2048]",311.0
1251,9645,10,5,2024-11-29T13:38:02.581000+00:00,31.965,28.754,24.933,238.0,286,False,85.652,"[2049, 2049, 2049, 2049, 2049, 2049, 2049, 2049, 2049]","[2049, 2049, 2049, 2049, 2051, 2049, 2049]","[2051, 2049, 2049, 2051, 2049, 2049, 2049]",317.0
1251,9645,1,5,2024-11-29T13:38:16.931000+00:00,48.885,35.664,37.913,198.0,240,False,122.462,"[2048, 2048, 2048, 2048, 2048, 2048, 2048, 2048, 2048]","[2048, 2048, 2048, 2048, 2048, 2048, 2048]","[2048, 2048, 2048, 2048, 2048, 2048, 2064]",112.0
1251,9645,30,5,2024-11-29T13:38:23.792000+00:00,45.567,41.375,37.763,189.0,246,False,124.705,"[2048, 2048, 2048, 2048, 2048, 2048, 2048, 2048, 2048]","[2048, 2048, 2048, 2048, 2048, 2048, 2048]","[2048, 2048, 2048, 2048, 2048, 2048, 2064]",164.0
1251,9645,11,5,2024-11-29T13:38:28.990000+00:00,50.089,35.614,45.874,207.0,162,False,131.577,"[2048, 2048, 2048, 2048, 2048, 2048, 2048, 2048, 2048]","[2048, 2048, 2048, 2048, 2048, 2048, 2048]","[2048, 2048, 2048, 2048, 2048, 2048, 2064]",122.0
1251,9645,20,5,2024-11-29T13:38:36.929000+00:00,73.197,49.644,33.527,106.0,86,False,156.368,"[2048, 2048, 2048, 2048, 2048, 2048, 2048, 2048, 2048]","[2048, 2048, 2048, 2048, 2048, 2048, 2048]","[2048, 2048, 2048, 2048, 2048, 2048, 2049]",92.0
1251,9645,18,4,2024-11-29T13:38:44.048000+00:00,32.32,28.935,25.455,241.0,281,False,86.71,"[None, 2049, 2049, 2049, 2049, 2049, 2049, 2049, 2049]","[2049, 2051, 2049, 2049, 2049, 2049, 2049]","[2049, 2049, 2049, 2049, 2049, 2049, 2049]",305.0
1251,9645,27,5,2024-11-29T13:38:48.812000+00:00,48.913,46.562,36.886,137.0,213,False,132.361,"[2048, 2048, 2048, 2048, 2048, 2048, 2048, 2048, 2048]","[2048, 2048, 2048, 2048, 2048, 2048, 2048]","[2048, 2048, 2048, 2048, 2048, 2048, 2048]",176.0
1251,9645,63,4,2024-11-29T13:38:50.048000+00:00,31.573,28.575,24.753,241.0,287,False,84.901,"[2049, 2049, 2049, 2049, 2049, 2049, 2049, 2049, 2049]","[2049, 2049, 2049, 2048, 2049, 2049, 2049]","[2049, 2049, 2051, 2051, 2049, 2049, 2049]",313.0
1251,9645,44,4,2024-11-29T13:38:55.308000+00:00,31.676,28.921,25.299,242.0,288,False,85.896,"[2049, 2049, 2049, 2049, 2049, 2049, 2051, 2049, 2049]","[2049, 2049, 2049, 2049, 2049, 2049, 2048]","[2049, 2049, 2049, 2048, 2049, 2049, 2049]",315.0
1251,9645,55,6,2024-11-29T13:38:56.469000+00:00,55.921,40.776,33.179,149.0,234,False,129.876,"[2048, 2048, 2048, 2048, 2048, 2048, 2048, 2048, 2048]","[2048, 2048, 2048, 2048, 2048, 2048, 2048]","[2048, 2048, 2048, 2048, 2048, 2048, 2048]",106.0
1251,9645,31,6,2024-11-29T13:39:00.018000+00:00,31.9,28.786,25.132,242.0,286,False,85.818,"[2048, 2049, 2049, 2048, 2049, 2049, 2049, 2049, 2049]","[2049, 2049, 2049, 2049, 2049, 2049, 2049]","[2049, 2049, 2049, 2049, 2049, 2049]",316.0
1251,9645,14,4,2024-11-29T13:39:05.965000+00:00,31.913,28.878,25.233,243.0,283,False,86.024,"[2049, 2049, 2049, 2049, 2049, 2049, 2049, 2049, 2049]","[2049, 2049, 2049, 2049, 2049, 2049, 2049]","[2049, 2049, 2049, 2049, 2049, 2049]",311.0
1251,9645,16,6,2024-11-29T13:39:10.729000+00:00,50.323,46.494,53.444,106.0,160,False,150.261,"[2048, 2048, 2048, 2048, 2048, 2048, 2048, 2048, 2048]","[2048, 2048, 2048, 2048, 2048, 2048, 2048]","[2048, 2048, 2048, 2048, 2048, 2048, 2048]",176.0
1251,9645,4,4,2024-11-29T13:39:12.727000+00:00,31.195,29.159,24.623,245.0,283,False,84.977,"[None, 2049, 2049, 2051, 2049, 2049, 2049, 2051, 2051]","[2048, 2049, 2049, 2049, 2049, 2048, 2049]","[2049, 2049, 2049, 2051, 2051, 2051]",311.0
1251,9645,77,6,2024-11-29T13:39:16.971000+00:00,31.496,28.507,25.6,238.0,280,False,85.603,"[2049, 2049, 2049, 2049, 2051, 2049, 2049, 2049, 2048]","[2049, 2049, 2051, 2048, 2049, 2048, 2049]","[2049, 2049, 2049, 2049, 2049, 2049]",307.0
1251,9645,43,4,2024-11-29T13:39:18.329000+00:00,48.752,39.496,39.27,171.0,215,False,127.518,"[None, 2048, 2048, 2048, 2048, 2048, 2048, 2048, 2048]","[2048, 2048, 2048, 2048, 2048, 2048, 2048]","[2048, 2048, 2048, 2048, 2048, 2048, 2048]",157.0
1251,9645,81,5,2024-11-29T13:39:22.930000+00:00,46.653,39.994,40.892,131.0,234,False,127.539,"[2048, 2048, 2048, 2048, 2048, 2048, 2048, 2048, 2048]","[2048, 2048, 2048, 2048, 2048, 2048, 2048]","[2048, 2048, 2048, 2048, 2048, 2048, 2048]",196.0
1251,9645,10,6,2024-11-29T13:39:28.009000+00:00,47.258,38.412,41.021,166.0,256,False,126.691,"[None, 2048, 2048, 2048, 2048, 2048, 2048, 2048, 2048]","[2048, 2048, 2048, 2048, 2048, 2048, 2048]","[2048, 2048, 2048, 2048, 2048, 2048, 2048]",300.0
1251,9645,22,6,2024-11-29T13:39:31.150000+00:00,31.321,41.566,35.995,244.0,185,False,108.882,"[2049, 2049, 2049, 2049, 2049, 2051, 2049, 2049, 2049]","[2048, 2048, 2048, 2048, 2048, 2048, 2048]","[2048, 2048, 2048, 2048, 2048, 2048, 2048]",316.0
1251,9645,24,4,2024-11-29T13:39:37.368000+00:00,32.713,29.377,26.238,236.0,278,False,88.328,"[2049, 2049, 2049, 2049, 2049, 2049, 2049, 2049, 2049]","[2049, 2049, 2049, 2049, 2049, 2049, 2049]","[2049, 2049, 2049, 2049, 2049, 2049, 2048]",303.0
1251,9645,23,5,2024-11-29T13:39:57.311000+00:00,31.634,28.597,25.416,239.0,284,False,85.647,"[2048, 2049, 2048, 2049, 2049, 2049, 2049, 2049, 2048]","[2049, 2049, 2049, 2049, 2049, 2049, 2049]","[2049, 2048, 2048, 2049, 2049, 2049, 2049]",308.0
1251,9645,18,5,2024-11-29T13:40:10.657000+00:00,47.596,45.087,35.888,121.0,196,False,128.571,"[2048, 2048, 2048, 2048, 2048, 2048, 2048, 2048, 2048]","[2048, 2048, 2048, 2048, 2048, 2048, 2048]","[2048, 2048, 2048, 2048, 2048, 2048, 2048]",250.0
1251,9645,63,5,2024-11-29T13:40:15.009000+00:00,62.364,58.121,38.888,96.0,215,False,159.373,"[2048, 2048, 2048, 2048, 2048, 2048, 2048, 2048, 2048]","[2048, 2048, 2048, 2048, 2048, 2048, 2048]","[2048, 2048, 2048, 2048, 2048, 2048, 2048]",215.0
1251,9645,44,5,2024-11-29T13:40:21.019000+00:00,74.917,61.929,46.347,75.0,155,False,183.193,"[2048, 2048, 2048, 2048, 2048, 2048, 2048, 2048, 2048]","[2048, 2048, 2048, 2048, 2048, 2048, 2048]","[2048, 2048, 2048, 2048, 2048, 2048]",161.0
1251,9645,31,7,2024-11-29T13:40:25.675000+00:00,53.218,48.041,39.223,116.0,134,False,140.482,"[None, 2048, 2048, 2048, 2048, 2048, 2048, 2048, 2048]","[2048, 2048, 2048, 2048, 2048, 2048, 2048]","[2048, 2048, 2048, 2048, 2048, 2048, 2048]",164.0
1251,9645,14,5,2024-11-29T13:40:31.827000+00:00,48.933,40.035,38.886,176.0,158,False,127.854,"[2048, 2048, 2048, 2048, 2048, 2048, 2048, 2048, 2048]","[2048, 2048, 2048, 2048, 2048, 2048, 2048]","[2048, 2048, 2048, 2048, 2048, 2048, 2049]",159.0
1251,9645,4,5,2024-11-29T13:40:37.592000+00:00,50.695,51.881,41.509,122.0,101,False,144.085,"[2048, 2048, 2048, 2048, 2048, 2048, 2048, 2048, 2048]","[2048, 2048, 2048, 2048, 2048, 2048, 2048]","[2048, 2048, 2048, 2048, 2048, 2048, 2048]",223.0
1251,9645,77,7,2024-11-29T13:40:42.232000+00:00,39.304,34.038,34.44,198.0,258,False,107.782,"[2048, 2048, 2048, 2048, 2048, 2048, 2048, 2048, 2048]","[2048, 2048, 2048, 2048, 2048, 2048, 2048]","[2048, 2048, 2048, 2048, 2048, 2048, 2064]",265.0
1251,9645,1,6,2024-11-29T13:40:44.579000+00:00,63.392,34.963,32.078,199.0,273,True,130.433,"[2064, 2064, 2048, 2048, 2048, 2048, 2048, 2048, 2048]","[2048, 2048, 2048, 2048, 2048, 2048, 2048]","[2048, 2048, 2048, 2048, 2048, 2049, 2049]",150.0
1251,9645,30,6,2024-11-29T13:40:59.702000+00:00,75.279,40.803,40.651,99.0,264,True,156.733,"[2064, 2064, 2048, 2048, 2048, 2048, 2048, 2048, 2048]","[2048, 2048, 2048, 2048, 2048, 2048, 2048]","[2048, 2048, 2048, 2048, 2048, 2048, 2048]",109.0
1251,9645,27,6,2024-11-29T13:41:01.385000+00:00,31.904,28.507,25.389,239.0,285,False,85.8,"[None, 2048, 2049, 2049, 2049, 2049, 2049, 2049, 2049]","[2051, 2048, 2049, 2048, 2049, 2049, 2049]","[2048, 2048, 2049, 2049, 2049, 2049, 2048]",310.0
1251,9645,24,5,2024-11-29T13:41:05.512000+00:00,43.993,48.222,33.403,167.0,239,False,125.618,"[2048, 2048, 2048, 2048, 2048, 2048, 2048, 2048, 2048]","[2048, 2048, 2048, 2048, 2048, 2048, 2048]","[2048, 2048, 2048, 2048, 2048, 2048, 2049]",240.0
1251,9645,55,7,2024-11-29T13:41:06.536000+00:00,31.382,28.966,24.86,242.0,284,False,85.208,"[2049, 2049, 2049, 2049, 2049, 2049, 2049, 2049, 2049]","[2048, 2049, 2048, 2048, 2049, 2048, 2048]","[2049, 2049, 2051, 2049, 2049, 2049, 2049]",312.0
1251,9645,11,6,2024-11-29T13:41:08.995000+00:00,66.688,34.837,35.448,218.0,256,True,136.973,"[2064, 2064, 2048, 2048, 2048, 2048, 2048, 2048, 2048]","[2048, 2048, 2048, 2048, 2048, 2048, 2048]","[2048, 2048, 2048, 2048, 2048, 2048, 2048]",122.0
1251,9645,20,6,2024-11-29T13:41:13.397000+00:00,31.615,28.884,25.201,240.0,284,False,85.7,"[2049, 2049, 2049, 2049, 2049, 2048, 2049, 2049, 2049]","[2049, 2049, 2049, 2049, 2049, 2048, 2049]","[2049, 2049, 2049, 2049, 2048, 2049, 2048]",313.0
1251,9645,22,7,2024-11-29T13:41:19.964000+00:00,31.277,28.837,25.03,,286,False,85.144,"[2048, 2048, 2048, 2051, 2049, 2048, 2049, 2049, 2048]","[2049, 2049, 2048, 2049, 2049, 2049, 2049]","[2048, 2049, 2048, 2049, 2049, 2049, 2049]",313.0
1251,9645,23,6,2024-11-29T13:41:22.944000+00:00,56.376,44.658,36.77,126.0,236,False,137.804,"[None, 2048, 2048, 2048, 2048, 2048, 2048, 2048, 2048]","[2048, 2048, 2048, 2048, 2048, 2048, 2048]","[2048, 2048, 2048, 2048, 2048, 2048, 2048]",90.0
1251,9645,43,5,2024-11-29T13:41:25.928000+00:00,32.261,29.366,25.744,240.0,284,False,87.371,"[2048, 2049, 2049, 2049, 2049, 2048, 2049, 2049, 2049]","[2049, 2049, 2048, 2049, 2049, 2049, 2049]","[2049, 2049, 2049, 2049, 2049, 2049, 2049]",310.0
1251,9645,81,6,2024-11-29T13:41:30.490000+00:00,31.612,28.739,24.84,243.0,285,False,85.191,"[None, 2049, 2049, 2049, 2049, 2049, 2049, 2048, 2049]","[2048, 2049, 2049, 2051, 2049, 2049, 2049]","[2049, 2051, 2049, 2049, 2048, 2049, 2049]",312.0
1251,9645,10,7,2024-11-29T13:41:34.927000+00:00,31.435,28.437,24.947,241.0,287,False,84.819,"[2048, 2048, 2049, 2049, 2049, 2049, 2049, 2049, 2049]","[2049, 2048, 2049, 2049, 2051, 2048, 2049]","[2051, 2049, 2051, 2048, 2048, 2048, 2048]",317.0
1251,9645,16,7,2024-11-29T13:41:41.015000+00:00,31.453,28.536,25.315,244.0,283,False,85.304,"[None, 2048, 2049, 2049, 2049, 2051, 2049, 2049, 2049]","[2049, 2049, 2049, 2049, 2049, 2049, 2048]","[2049, 2049, 2048, 2048, 2049, 2049]",308.0
1251,9645,18,6,2024-11-29T13:42:19.357000+00:00,31.817,28.678,25.238,238.0,281,False,85.733,"[2049, 2048, 2048, 2049, 2049, 2049, 2049, 2049, 2048]","[2049, 2048, 2049, 2048, 2049, 2049, 2048]","[2049, 2048, 2049, 2049, 2049, 2049, 2049]",304.0
1251,9645,27,7,2024-11-29T13:42:27.143000+00:00,38.722,34.166,37.003,190.0,249,False,109.891,"[None, 2048, 2048, 2048, 2048, 2048, 2048, 2048, 2048]","[2048, 2048, 2048, 2048, 2048, 2048, 2048]","[2048, 2048, 2048, 2048, 2048, 2048, 2064]",294.0
1251,9645,1,7,2024-11-29T13:42:29.780000+00:00,31.151,28.35,24.384,247.0,290,False,83.885,"[2049, 2049, 2051, 2049, 2049, 2048, 2049, 2049, 2051]","[2049, 2049, 2049, 2049, 2051, 2049, 2051]","[2051, 2051, 2051, 2049, 2049, 2049, 2049]",320.0
1251,9645,55,8,2024-11-29T13:42:31.586000+00:00,51.268,49.648,32.426,151.0,92,False,133.342,"[2048, 2048, 2048, 2048, 2048, 2048, 2048, 2048, 2048]","[2048, 2048, 2048, 2048, 2048, 2048, 2048]","[2048, 2048, 2048, 2048, 2048, 2048, 2049]",157.0
1251,9645,20,7,2024-11-29T13:42:39.034000+00:00,55.247,41.748,42.272,126.0,258,False,139.267,"[2048, 2048, 2048, 2048, 2048, 2048, 2048, 2048, 2048]","[2048, 2048, 2048, 2048, 2048, 2048, 2048]","[2048, 2048, 2048, 2048, 2048, 2048, 2048]",267.0
1251,9645,14,6,2024-11-29T13:42:39.748000+00:00,38.668,44.26,36.023,138.0,221,False,118.951,"[2049, 2049, 2049, 2049, 2048, 2048, 2048, 2048, 2048]","[2048, 2048, 2048, 2048, 2048, 2048, 2048]","[2048, 2048, 2048, 2048, 2048, 2048, 2048]",315.0
1251,9645,22,8,2024-11-29T13:42:45.134000+00:00,52.907,40.413,41.574,115.0,253,False,134.894,"[None, 2048, 2048, 2048, 2048, 2048, 2048, 2048, 2048]","[2048, 2048, 2048, 2048, 2048, 2048, 2048]","[2048, 2048, 2048, 2048, 2048, 2048, 2064]",159.0
1251,9645,31,8,2024-11-29T13:42:46.260000+00:00,31.635,28.683,24.97,239.0,286,False,85.288,"[2049, 2049, 2048, 2049, 2049, 2048, 2049, 2049, 2048]","[2049, 2049, 2048, 2049, 2049, 2049, 2048]","[2049, 2049, 2049, 2049, 2049, 2048, 2048]",315.0
1251,9645,43,6,2024-11-29T13:42:53.256000+00:00,50.067,41.029,39.412,167.0,140,False,130.508,"[None, 2048, 2048, 2048, 2048, 2048, 2048, 2048, 2048]","[2048, 2048, 2048, 2048, 2048, 2048, 2048]","[2048, 2048, 2048, 2048, 2048, 2048, 2048]",186.0
1251,9645,63,6,2024-11-29T13:42:54.549000+00:00,31.25,28.439,24.586,242.0,287,False,84.275,"[2049, 2049, 2048, 2049, 2049, 2051, 2049, 2049, 2049]","[2049, 2049, 2048, 2049, 2049, 2049, 2048]","[2049, 2049, 2048, 2049, 2051, 2049]",311.0
1251,9645,81,7,2024-11-29T13:42:55.783000+00:00,48.879,36.76,39.66,138.0,246,False,125.299,"[None, 2048, 2048, 2048, 2048, 2048, 2048, 2048, 2048]","[2048, 2048, 2048, 2048, 2048, 2048, 2048]","[2048, 2048, 2048, 2048, 2048, 2048, 2064]",164.0
1251,9645,11,7,2024-11-29T13:42:57.632000+00:00,31.447,28.969,24.579,247.0,289,False,84.995,"[2051, 2051, 2049, 2048, 2049, 2049, 2051, 2049, 2049]","[2049, 2051, 2048, 2049, 2049, 2048, 2049]","[2049, 2049, 2049, 2049, 2049, 2048, 2048]",320.0
1251,9645,10,8,2024-11-29T13:42:59.692000+00:00,54.96,46.803,35.472,105.0,215,False,137.235,"[2049, 2048, 2048, 2048, 2048, 2048, 2048, 2048, 2048]","[2048, 2048, 2048, 2048, 2048, 2048, 2048]","[2048, 2048, 2048, 2048, 2048, 2048, 2048]",304.0
1251,9645,4,6,2024-11-29T13:43:01.787000+00:00,31.19,28.415,24.458,246.0,284,False,84.063,"[None, 2049, 2049, 2048, 2048, 2049, 2049, 2051, 2049]","[2049, 2049, 2049, 2049, 2049, 2051, 2049]","[2049, 2049, 2049, 2051, 2048, 2051, 2048]",315.0
1251,9645,30,7,2024-11-29T13:43:05.333000+00:00,35.671,37.792,32.831,218.0,217,False,106.294,"[2049, 2049, 2049, 2049, 2048, 2048, 2048, 2048, 2048]","[2048, 2048, 2048, 2048, 2048, 2048, 2048]","[2048, 2048, 2048, 2048, 2048, 2048, 2048]",315.0
1251,9645,16,8,2024-11-29T13:43:06.246000+00:00,42.126,40.661,41.277,168.0,258,False,124.064,"[None, 2048, 2048, 2048, 2048, 2048, 2048, 2048, 2048]","[2048, 2048, 2048, 2048, 2048, 2048, 2048]","[2048, 2048, 2048, 2048, 2048, 2048, 2049]",266.0
1251,9645,24,6,2024-11-29T13:43:11.224000+00:00,32.231,29.074,25.861,237.0,280,False,87.166,"[2049, 2049, 2049, 2049, 2049, 2049, 2049, 2049, 2048]","[2049, 2049, 2049, 2049, 2049, 2049, 2049]","[2049, 2049, 2049, 2049, 2049, 2049, 2048]",306.0
1251,9645,44,6,2024-11-29T13:43:25.226000+00:00,31.794,28.66,25.102,242.0,289,False,85.556,"[None, 2048, 2048, 2048, 2048, 2049, 2049, 2048, 2049]","[2049, 2049, 2049, 2048, 2048, 2049, 2049]","[2048, 2049, 2049, 2049, 2049, 2049, 2048]",311.0
1251,9645,23,7,2024-11-29T13:43:40.785000+00:00,31.542,28.347,25.13,242.0,284,False,85.019,"[None, 2049, 2048, 2048, 2048, 2049, 2048, 2049, 2049]","[2049, 2049, 2049, 2049, 2049, 2049, 2049]","[2049, 2049, 2049, 2049, 2049, 2049, 2049]",308.0
1251,9645,18,7,2024-11-29T13:43:44.983000+00:00,48.008,45.488,35.669,113.0,209,False,129.165,"[None, 2048, 2048, 2048, 2048, 2048, 2048, 2048, 2048]","[2048, 2048, 2048, 2048, 2048, 2048, 2048]","[2048, 2048, 2048, 2048, 2048, 2048, 2048]",281.0
1251,9645,1,8,2024-11-29T13:43:53.808000+00:00,38.746,33.415,33.482,201.0,260,False,105.643,"[2048, 2048, 2048, 2048, 2048, 2048, 2048, 2048, 2048]","[2048, 2048, 2048, 2048, 2048, 2048, 2048]","[2048, 2048, 2048, 2048, 2048, 2048, 2064]",210.0
1251,9645,31,9,2024-11-29T13:44:11.585000+00:00,49.944,43.6,39.242,118.0,149,False,132.786,"[2048, 2048, 2048, 2048, 2048, 2048, 2048, 2048, 2048]","[2048, 2048, 2048, 2048, 2048, 2048, 2048]","[2048, 2048, 2048, 2048, 2048, 2048, 2064]",210.0
1251,9645,63,7,2024-11-29T13:44:18.465000+00:00,57.057,50.675,32.454,155.0,196,False,140.186,"[2048, 2048, 2048, 2048, 2048, 2048, 2048, 2048, 2048]","[2048, 2048, 2048, 2048, 2048, 2048, 2048]","[2048, 2048, 2048, 2048, 2048, 2048, 2049]",152.0
1251,9645,11,8,2024-11-29T13:44:22.578000+00:00,55.889,50.64,36.925,86.0,149,False,143.454,"[2048, 2048, 2048, 2048, 2048, 2048, 2048, 2048, 2048]","[2048, 2048, 2048, 2048, 2048, 2048, 2048]","[2048, 2048, 2048, 2048, 2048, 2048, 2048]",181.0
1251,9645,4,7,2024-11-29T13:44:25.781000+00:00,49.948,37.479,34.917,136.0,235,False,122.344,"[None, 2048, 2048, 2048, 2048, 2048, 2048, 2048, 2048]","[2048, 2048, 2048, 2048, 2048, 2048, 2048]","[2048, 2048, 2048, 2048, 2048, 2048, 2064]",231.0
1251,9645,24,7,2024-11-29T13:44:38.290000+00:00,44.839,55.695,36.695,55.0,42,False,137.229,"[2048, 2048, 2048, 2048, 2048, 2048, 2048, 2048, 2048]","[2048, 2048, 2048, 2048, 2048, 2048, 2048]","[2048, 2048, 2048, 2048, 2048, 2048, 2049]",264.0
1251,9645,14,7,2024-11-29T13:44:38.749000+00:00,35.948,39.958,33.495,203.0,142,False,109.401,"[2048, 2048, 2048, 2049, 2049, 2049, 2049, 2048, 2048]","[2048, 2048, 2048, 2048, 2048, 2048, 2048]","[2048, 2048, 2048, 2048, 2048, 2048]",308.0
1251,9645,55,9,2024-11-29T13:44:45.020000+00:00,31.17,42.986,33.424,238.0,240,False,107.58,"[2049, 2049, 2049, 2048, 2049, 2049, 2051, 2049, 2049]","[2048, 2048, 2048, 2048, 2048, 2048, 2048]","[2048, 2048, 2048, 2048, 2048, 2048, 2049]",313.0
1251,9645,44,7,2024-11-29T13:44:49.686000+00:00,75.152,54.554,38.919,82.0,163,False,168.625,"[None, 2048, 2048, 2048, 2048, 2048, 2048, 2048, 2048]","[2048, 2048, 2048, 2048, 2048, 2048, 2048]","[2048, 2048, 2048, 2048, 2048, 2048, 2048]",145.0
1251,9645,30,8,2024-11-29T13:44:51.589000+00:00,31.867,28.982,25.072,241.0,284,False,85.921,"[2048, 2048, 2048, 2049, 2049, 2049, 2049, 2049, 2049]","[2049, 2049, 2049, 2048, 2049, 2049, 2049]","[2049, 2049, 2049, 2049, 2049, 2048, 2049]",311.0
1251,9645,20,8,2024-11-29T13:44:58.281000+00:00,46.753,36.236,34.56,191.0,260,False,117.549,"[None, 2048, 2048, 2048, 2048, 2048, 2048, 2048, 2048]","[2048, 2048, 2048, 2048, 2048, 2048, 2048]","[2048, 2048, 2048, 2048, 2048, 2048, 2064]",295.0
1251,9645,43,7,2024-11-29T13:45:03.871000+00:00,32.247,29.221,25.77,240.0,284,False,87.238,"[None, 2048, 2048, 2048, 2049, 2048, 2048, 2049, 2049]","[2049, 2048, 2048, 2048, 2049, 2049, 2048]","[2048, 2048, 2049, 2049, 2049, 2048, 2048]",307.0
1251,9645,23,8,2024-11-29T13:45:05.660000+00:00,55.399,47.781,32.132,112.0,258,False,135.312,"[None, 2048, 2048, 2048, 2048, 2048, 2048, 2048, 2048]","[2048, 2048, 2048, 2048, 2048, 2048, 2048]","[2048, 2048, 2048, 2048, 2048, 2048, 2048]",137.0
1251,9645,16,9,2024-11-29T13:45:10.511000+00:00,31.026,28.366,24.31,248.0,287,False,83.702,"[2049, 2049, 2049, 2049, 2051, 2051, 2049, 2049, 2051]","[2048, 2049, 2049, 2051, 2049, 2049, 2049]","[2049, 2049, 2049, 2051, 2051, 2048, 2051]",313.0
1251,9645,10,9,2024-11-29T13:45:16.946000+00:00,40.171,38.344,29.494,165.0,261,False,108.009,"[2048, 2048, 2048, 2049, 2048, 2048, 2048, 2048, 2048]","[2048, 2048, 2048, 2048, 2048, 2048, 2048]","[2048, 2048, 2048, 2048, 2048, 2048, 2048]",315.0
1251,9645,22,9,2024-11-29T13:45:31.580000+00:00,76.224,40.285,31.07,150.0,237,True,147.579,"[2064, 2064, 2048, 2048, 2048, 2048, 2048, 2048, 2048]","[2048, 2048, 2048, 2048, 2048, 2048, 2048]","[2048, 2048, 2048, 2048, 2048, 2048, 2048]",112.0
1251,9645,18,8,2024-11-29T13:45:54.708000+00:00,31.778,28.725,25.179,242.0,281,False,85.682,"[2048, 2048, 2048, 2048, 2049, 2049, 2049, 2048, 2049]","[2049, 2048, 2048, 2049, 2049, 2048, 2048]","[2049, 2049, 2049, 2048, 2048, 2048, 2048]",303.0
1251,9645,30,9,2024-11-29T13:46:17.406000+00:00,56.962,46.298,35.341,187.0,217,False,138.601,"[None, 2048, 2048, 2048, 2048, 2048, 2048, 2048, 2048]","[2048, 2048, 2048, 2048, 2048, 2048, 2048]","[2048, 2048, 2048, 2048, 2048, 2048, 2048]",116.0
1251,9645,14,8,2024-11-29T13:46:28.095000+00:00,31.696,28.54,24.979,239.0,283,False,85.215,"[None, 2048, 2048, 2048, 2048, 2049, 2049, 2049, 2048]","[2049, 2049, 2049, 2049, 2049, 2049, 2048]","[2049, 2049, 2049, 2049, 2049, 2049]",306.0
1251,9645,43,8,2024-11-29T13:46:31.015000+00:00,49.891,43.8,37.227,178.0,130,False,130.918,"[None, 2048, 2048, 2048, 2048, 2048, 2048, 2048, 2048]","[2048, 2048, 2048, 2048, 2048, 2048, 2048]","[2048, 2048, 2048, 2048, 2048, 2048, 2048]",175.0
1251,9645,55,10,2024-11-29T13:46:32.572000+00:00,31.13,28.486,24.473,246.0,288,False,84.089,"[None, 2049, 2049, 2048, 2048, 2049, 2051, 2048, 2049]","[2048, 2049, 2049, 2049, 2049, 2049, 2049]","[2049, 2049, 2049, 2049, 2051, 2049, 2049]",315.0
1251,9645,16,10,2024-11-29T13:46:34.182000+00:00,42.11,41.359,33.723,173.0,252,False,117.192,"[2048, 2048, 2048, 2048, 2048, 2048, 2048, 2048, 2048]","[2048, 2048, 2048, 2048, 2048, 2048, 2048]","[2048, 2048, 2048, 2048, 2048, 2048, 2064]",298.0
1251,9645,63,8,2024-11-29T13:46:38.871000+00:00,31.33,48.454,32.521,245.0,165,False,112.305,"[None, 2048, 2048, 2049, 2048, 2048, 2048, 2049, 2049]","[2048, 2048, 2048, 2048, 2048, 2048, 2048]","[2048, 2048, 2048, 2048, 2048, 2048, 2048]",312.0
1251,9645,11,9,2024-11-29T13:46:46.152000+00:00,31.466,28.744,28.208,246.0,288,False,88.418,"[None, 2048, 2048, 2049, 2048, 2048, 2048, 2049, 2048]","[2049, 2051, 2049, 2049, 2049, 2049, 2048]","[2049, 2048, 2049, 2048, 2048, 2048, 2048]",317.0
1251,9645,24,8,2024-11-29T13:46:55.708000+00:00,32.097,28.876,25.457,240.0,279,False,86.43,"[None, 2048, 2048, 2049, 2048, 2048, 2049, 2049, 2049]","[2049, 2049, 2048, 2049, 2049, 2049, 2048]","[2049, 2049, 2049, 2049, 2049, 2049]",304.0
1251,9645,10,10,2024-11-29T13:47:04.923000+00:00,31.12,28.174,24.63,245.0,288,False,83.924,"[None, 2048, 2048, 2051, 2049, 2049, 2049, 2049, 2049]","[2051, 2049, 2049, 2051, 2051, 2049, 2049]","[2049, 2049, 2049, 2049, 2049, 2049, 2048]",316.0
1251,9645,18,9,2024-11-29T13:47:19.755000+00:00,48.514,37.912,40.397,161.0,229,False,126.823,"[None, 2048, 2048, 2048, 2048, 2048, 2048, 2048, 2048]","[2048, 2048, 2048, 2048, 2048, 2048, 2048]","[2048, 2048, 2048, 2048, 2048, 2048, 2064]",168.0
1251,9645,23,9,2024-11-29T13:47:21.066000+00:00,31.312,28.331,24.889,240.0,285,False,84.532,"[2049, 2049, 2049, 2049, 2049, 2049, 2049, 2049, 2048]","[2048, 2048, 2049, 2049, 2049, 2049, 2049]","[2049, 2049, 2049, 2049, 2049, 2049, 2049]",311.0
1251,9645,22,10,2024-11-29T13:47:27.657000+00:00,31.187,28.422,24.857,246.0,287,False,84.466,"[2048, 2048, 2048, 2048, 2048, 2048, 2049, 2049, 2049]","[2049, 2049, 2049, 2049, 2049, 2049, 2049]","[2049, 2049, 2049, 2049, 2048, 2049]",313.0
1251,9645,44,8,2024-11-29T13:47:38.442000+00:00,36.64,36.109,33.578,189.0,271,False,106.327,"[None, 2048, 2048, 2048, 2048, 2048, 2048, 2048, 2048]","[2048, 2048, 2048, 2048, 2048, 2048, 2048]","[2048, 2048, 2048, 2048, 2048, 2048, 2048]",311.0
1251,9645,14,9,2024-11-29T13:47:53.230000+00:00,44.586,36.918,42.939,193.0,237,False,124.443,"[None, 2048, 2048, 2048, 2048, 2048, 2048, 2048, 2048]","[2048, 2048, 2048, 2048, 2048, 2048, 2048]","[2048, 2048, 2048, 2048, 2048, 2048, 2064]",218.0
1251,9645,55,11,2024-11-29T13:47:56.629000+00:00,45.617,36.438,33.782,180.0,220,False,115.837,"[2048, 2048, 2048, 2048, 2048, 2048, 2048, 2048, 2048]","[2048, 2048, 2048, 2048, 2048, 2048, 2048]","[2048, 2048, 2048, 2048, 2048, 2048, 2064]",165.0
1251,9645,11,10,2024-11-29T13:48:14.510000+00:00,47.055,45.674,34.265,109.0,264,False,126.994,"[None, 2048, 2048, 2048, 2048, 2048, 2048, 2048, 2048]","[2048, 2048, 2048, 2048, 2048, 2048, 2048]","[2048, 2048, 2048, 2048, 2048, 2048, 2064]",239.0
1251,9645,24,9,2024-11-29T13:48:21.910000+00:00,35.693,38.325,34.907,221.0,88,False,108.925,"[None, 2048, 2048, 2048, 2048, 2048, 2048, 2048, 2048]","[2048, 2048, 2048, 2048, 2048, 2048, 2048]","[2048, 2048, 2048, 2048, 2048, 2048, 2064]",288.0
1251,9645,10,11,2024-11-29T13:48:28.780000+00:00,43.224,43.645,38.672,194.0,159,False,125.541,"[None, 2048, 2048, 2048, 2048, 2048, 2048, 2048, 2048]","[2048, 2048, 2048, 2048, 2048, 2048, 2048]","[2048, 2048, 2048, 2048, 2048, 2048, 2064]",301.0
1251,9645,63,9,2024-11-29T13:48:31.063000+00:00,31.282,28.463,30.869,243.0,286,False,90.614,"[None, 2048, 2048, 2048, 2049, 2048, 2048, 2048, 2048]","[2049, 2048, 2048, 2049, 2049, 2048, 2048]","[2048, 2048, 2049, 2049, 2048, 2048, 2064]",
1251,9645,30,10,2024-11-29T13:48:36.167000+00:00,31.423,28.998,24.808,244.0,284,False,85.229,"[None, 2048, 2048, 2049, 2049, 2049, 2049, 2049, 2049]","[2048, 2049, 2049, 2049, 2048, 2048, 2048]","[2049, 2049, 2049, 2049, 2048, 2049]",311.0
1251,9645,43,9,2024-11-29T13:48:42.050000+00:00,32.528,29.246,25.411,235.0,284,False,87.185,"[None, 2048, 2048, 2048, 2049, 2049, 2049, 2048, 2048]","[2048, 2048, 2049, 2049, 2048, 2049, 2048]","[2048, 2049, 2049, 2049, 2049, 2049]",307.0
1251,9645,23,10,2024-11-29T13:48:45.419000+00:00,42.867,36.576,33.266,200.0,267,False,112.709,"[2048, 2048, 2048, 2048, 2048, 2048, 2048, 2048, 2048]","[2048, 2048, 2048, 2048, 2048, 2048, 2048]","[2048, 2048, 2048, 2048, 2048, 2048, 2064]",276.0
1251,9645,22,11,2024-11-29T13:48:51.910000+00:00,40.791,35.379,33.468,167.0,248,False,109.638,"[None, 2048, 2048, 2048, 2048, 2048, 2048, 2048, 2048]","[2048, 2048, 2048, 2048, 2048, 2048, 2048]","[2048, 2048, 2048, 2048, 2048, 2048, 2064]",261.0
1251,9645,16,11,2024-11-29T13:49:03.885000+00:00,68.948,34.704,36.398,215.0,200,True,140.05,"[2064, 2064, 2048, 2048, 2048, 2048, 2048, 2048, 2048]","[2048, 2048, 2048, 2048, 2048, 2048, 2048]","[2048, 2048, 2048, 2048, 2048, 2048, 2064]",124.0
1251,9645,44,9,2024-11-29T13:49:24.822000+00:00,31.499,28.494,24.846,242.0,288,False,84.839,"[None, 2048, 2048, 2049, 2049, 2048, 2049, 2048, 2049]","[2049, 2049, 2049, 2049, 2051, 2048, 2048]","[2049, 2049, 2049, 2049, 2048, 2049, 2048]",310.0
1251,9645,30,11,2024-11-29T13:50:01.232000+00:00,48.901,41.354,37.478,163.0,235,False,127.733,"[None, 2048, 2048, 2048, 2048, 2048, 2048, 2048, 2048]","[2048, 2048, 2048, 2048, 2048, 2048, 2048]","[2048, 2048, 2048, 2048, 2048, 2048, 2048]",142.0
1251,9645,43,10,2024-11-29T13:50:09.054000+00:00,35.549,31.172,32.524,214.0,265,False,99.245,"[None, 2048, 2048, 2048, 2048, 2048, 2048, 2048, 2048]","[2048, 2048, 2048, 2048, 2048, 2048, 2048]","[2048, 2048, 2048, 2048, 2048, 2048, 2064]",291.0
1251,9645,55,12,2024-11-29T13:50:20.361000+00:00,63.335,34.232,36.566,185.0,246,True,134.133,"[2064, 2064, 2048, 2048, 2048, 2048, 2048, 2048, 2048]","[2048, 2048, 2048, 2048, 2048, 2048, 2048]","[2048, 2048, 2048, 2048, 2048, 2048, 2064]",143.0
1251,9645,44,10,2024-11-29T13:50:49.528000+00:00,34.776,32.358,37.128,222.0,179,False,104.262,"[None, 2048, 2048, 2048, 2048, 2048, 2048, 2048, 2048]","[2048, 2048, 2048, 2048, 2048, 2048, 2048]","[2048, 2048, 2048, 2048, 2048, 2048, 2064]",295.0
1251,9645,30,12,2024-11-29T13:52:09.170000+00:00,32.746,31.571,33.603,206.0,264,False,97.92,"[None, 2048, 2048, 2049, 2048, 2048, 2048, 2048, 2048]","[2048, 2048, 2048, 2048, 2048, 2048, 2048]","[2048, 2048, 2048, 2048, 2048, 2048, 2064]",308.0
1251,9645,77,8,2024-11-29T13:53:45.818000+00:00,,31.73,27.706,217.0,258,True,769.009,"[2064, 2064, 2048, 2048, 2048, 2048, 2048, 2048, 2048]","[2048, 2048, 2048, 2048, 2048, 2048, 2048]","[2048, 2048, 2048, 2048, 2048, 2048, 2049]",134.0
1251,9645,1,9,2024-11-29T13:54:03.915000+00:00,,30.478,26.654,227.0,280,True,595.072,"[2064, 2064, 2048, 2048, 2048, 2048, 2048, 2048, 2048]","[2048, 2048, 2048, 2048, 2048, 2048, 2048]","[2048, 2048, 2048, 2048, 2048, 2048, 2048]",168.0
1251,9645,27,8,2024-11-29T13:54:18.951000+00:00,,34.229,27.211,199.0,263,True,700.191,"[2064, 2064, 2048, 2048, 2048, 2048, 2048, 2048, 2048]","[2048, 2048, 2048, 2048, 2048, 2048, 2048]","[2048, 2048, 2048, 2048, 2048, 2048, 2049]",165.0
1251,9645,43,11,2024-11-29T13:54:54.219000+00:00,,30.236,26.998,233.0,281,True,276.187,"[2064, 2064, 2048, 2048, 2048, 2048, 2048, 2048, 2048]","[2048, 2048, 2048, 2048, 2048, 2048, 2048]","[2048, 2048, 2048, 2048, 2048, 2048]",170.0
1251,9645,77,9,2024-11-29T13:55:19.095000+00:00,31.525,29.057,25.344,239.0,278,False,85.926,"[2048, 2048, 2048, 2049, 2048, 2049, 2048, 2049, 2048]","[2048, 2048, 2048, 2048, 2048, 2048, 2048]","[2049, 2048, 2049, 2049, 2049, 2048, 2048]",299.0
1251,9645,1,10,2024-11-29T13:55:34.403000+00:00,33.207,29.861,26.416,234.0,283,False,89.484,"[2048, 2048, 2048, 2048, 2048, 2048, 2048, 2048, 2048]","[2048, 2048, 2048, 2048, 2048, 2048, 2048]","[2048, 2048, 2048, 2048, 2048, 2048, 2048]",289.0
1251,9645,27,9,2024-11-29T13:55:57.185000+00:00,31.476,28.288,25.052,245.0,289,False,84.816,"[2049, 2049, 2049, 2049, 2048, 2049, 2049, 2049, 2049]","[2051, 2051, 2049, 2049, 2049, 2049, 2049]","[2049, 2049, 2049, 2049, 2049, 2048]",315.0
1251,9645,24,10,2024-11-29T13:56:13.276000+00:00,,32.195,28.135,212.0,275,True,457.685,"[2064, 2064, 2048, 2048, 2048, 2048, 2048, 2048, 2048]","[2048, 2048, 2048, 2048, 2048, 2048, 2048]","[2048, 2048, 2048, 2048, 2048, 2048, 2048]",143.0
1251,9645,43,12,2024-11-29T13:56:24.777000+00:00,32.773,29.209,25.66,234.0,283,False,87.642,"[2048, 2048, 2048, 2048, 2048, 2048, 2048, 2049, 2048]","[2049, 2048, 2048, 2048, 2048, 2049, 2048]","[2049, 2048, 2048, 2048, 2048, 2048, 2048]",284.0
1251,9645,4,8,2024-11-29T13:56:29.197000+00:00,,30.522,26.069,220.0,267,True,690.484,"[2064, 2064, 2048, 2048, 2048, 2048, 2048, 2048, 2048]","[2048, 2048, 2048, 2048, 2048, 2048, 2048]","[2048, 2048, 2048, 2048, 2048, 2048, 2048]",173.0
1251,9645,20,9,2024-11-29T13:56:38.076000+00:00,,31.414,26.423,215.0,261,True,676.133,"[2064, 2064, 2048, 2048, 2048, 2048, 2048, 2048, 2048]","[2048, 2048, 2048, 2048, 2048, 2048, 2048]","[2048, 2048, 2048, 2048, 2048, 2048, 2048]",177.0
1251,9645,77,10,2024-11-29T13:56:45.030000+00:00,44.391,38.329,33.133,161.0,236,False,115.853,"[None, 2048, 2048, 2048, 2048, 2048, 2048, 2048, 2048]","[2048, 2048, 2048, 2048, 2048, 2048, 2048]","[2048, 2048, 2048, 2048, 2048, 2048, 2049]",260.0
1251,9645,63,10,2024-11-29T13:56:54.845000+00:00,,30.461,26.734,219.0,283,True,525.75,"[2064, 2064, 2048, 2048, 2048, 2048, 2048, 2048, 2048]","[2048, 2048, 2048, 2048, 2048, 2048, 2048]","[2048, 2048, 2048, 2048, 2048, 2048, 2048]",160.0
1251,9645,1,11,2024-11-29T13:57:03.845000+00:00,33.022,29.861,26.559,235.0,282,False,89.442,"[None, 2048, 2048, 2048, 2048, 2048, 2048, 2048, 2048]","[2048, 2048, 2048, 2048, 2048, 2048, 2048]","[2048, 2048, 2048, 2048, 2048, 2048, 2048]",290.0
1251,9645,23,11,2024-11-29T13:57:15.179000+00:00,,30.16,26.092,216.0,280,True,500.283,"[2064, 2064, 2048, 2048, 2048, 2048, 2048, 2048, 2048]","[2048, 2048, 2048, 2048, 2048, 2048, 2048]","[2048, 2048, 2048, 2048, 2048, 2048, 2048]",164.0
1251,9645,27,10,2024-11-29T13:57:21.877000+00:00,40.606,35.774,33.16,148.0,238,False,109.54,"[2048, 2048, 2048, 2048, 2048, 2048, 2048, 2048, 2048]","[2048, 2048, 2048, 2048, 2048, 2048, 2048]","[2048, 2048, 2048, 2048, 2048, 2048, 2048]",287.0
1251,9645,22,12,2024-11-29T13:57:34.255000+00:00,,30.73,27.326,227.0,281,True,504.019,"[2064, 2064, 2048, 2048, 2048, 2048, 2048, 2048, 2048]","[2048, 2048, 2048, 2048, 2048, 2048, 2048]","[2048, 2048, 2048, 2048, 2048, 2048, 2048]",168.0
1251,9645,24,11,2024-11-29T13:57:48.757000+00:00,33.406,29.581,26.437,234.0,278,False,89.424,"[2048, 2048, 2048, 2048, 2048, 2048, 2048, 2048, 2048]","[2048, 2048, 2048, 2048, 2048, 2048, 2048]","[2048, 2048, 2048, 2048, 2048, 2048, 2048]",278.0
1251,9645,16,12,2024-11-29T13:57:50.132000+00:00,,32.525,27.445,215.0,262,True,520.773,"[None, 2064, 2048, 2048, 2048, 2048, 2048, 2048, 2048]","[2048, 2048, 2048, 2048, 2048, 2048, 2048]","[2048, 2048, 2048, 2048, 2048, 2048, 2048]",168.0
1251,9645,43,13,2024-11-29T13:57:52.251000+00:00,32.45,29.249,25.444,235.0,283,False,87.143,"[None, 2048, 2048, 2049, 2048, 2048, 2048, 2049, 2048]","[2048, 2048, 2048, 2048, 2049, 2049, 2048]","[2048, 2049, 2048, 2048, 2048, 2048, 2048]",289.0
1251,9645,4,9,2024-11-29T13:57:58.755000+00:00,31.038,29.535,36.462,247.0,266,False,97.035,"[2049, 2048, 2048, 2048, 2049, 2049, 2049, 2048, 2049]","[2048, 2049, 2049, 2051, 2049, 2048, 2048]","[2048, 2048, 2048, 2048, 2048, 2048, 2048]",309.0
1251,9645,11,11,2024-11-29T13:57:59.212000+00:00,,30.996,34.37,227.0,278,True,559.45,"[2064, 2064, 2048, 2048, 2048, 2048, 2048, 2048, 2048]","[2048, 2048, 2048, 2048, 2048, 2048, 2048]","[2048, 2048, 2048, 2048, 2048, 2048, 2048]",170.0
1251,9645,30,13,2024-11-29T13:58:08.434000+00:00,,30.138,26.472,234.0,280,True,349.644,"[2064, 2064, 2048, 2048, 2048, 2048, 2048, 2048, 2048]","[2048, 2048, 2048, 2048, 2048, 2048, 2048]","[2048, 2048, 2048, 2048, 2048, 2048, 2048]",171.0
1251,9645,20,10,2024-11-29T13:58:12.025000+00:00,31.505,28.554,25.413,241.0,285,False,85.472,"[2048, 2048, 2048, 2049, 2048, 2048, 2048, 2049, 2048]","[2049, 2049, 2049, 2049, 2048, 2049, 2049]","[2049, 2048, 2048, 2048, 2048, 2048]",312.0
1251,9645,81,8,2024-11-29T13:58:15.350000+00:00,,30.623,26.494,227.0,266,True,893.605,"[2064, 2064, 2048, 2048, 2048, 2048, 2048, 2048, 2048]","[2048, 2048, 2048, 2048, 2048, 2048, 2048]","[2048, 2048, 2048, 2048, 2048, 2048, 2048]",170.0
1251,9645,1,12,2024-11-29T13:58:33.250000+00:00,32.89,29.732,26.245,236.0,283,False,88.867,"[None, 2048, 2048, 2048, 2048, 2048, 2048, 2048, 2048]","[2048, 2048, 2048, 2048, 2048, 2048, 2048]","[2048, 2048, 2048, 2048, 2048, 2048, 2048]",
1251,9645,77,11,2024-11-29T13:58:40.896000+00:00,31.298,28.573,25.187,243.0,278,False,85.058,"[None, 2048, 2048, 2051, 2048, 2049, 2049, 2049, 2049]","[2048, 2049, 2048, 2048, 2049, 2048, 2048]","[2049, 2048, 2048, 2049, 2049, 2048]",301.0
1251,9645,63,11,2024-11-29T13:58:47.559000+00:00,32.987,29.123,25.662,231.0,284,False,87.772,"[2048, 2048, 2048, 2048, 2048, 2048, 2048, 2048, 2048]","[2048, 2048, 2048, 2048, 2048, 2048, 2048]","[2048, 2048, 2048, 2048, 2048, 2048, 2048]",289.0
1251,9645,23,12,2024-11-29T13:58:58.599000+00:00,32.752,29.074,25.515,236.0,281,False,87.341,"[2048, 2048, 2048, 2048, 2048, 2048, 2048, 2048, 2048]","[2048, 2048, 2048, 2048, 2048, 2048, 2048]","[2048, 2048, 2048, 2048, 2048, 2048, 2048]",286.0
1251,9645,18,10,2024-11-29T13:59:03.540000+00:00,,38.715,27.432,146.0,220,True,696.632,"[2064, 2064, 2048, 2048, 2048, 2048, 2048, 2048, 2048]","[2048, 2048, 2048, 2048, 2048, 2048, 2048]","[2048, 2048, 2048, 2048, 2048, 2048, 2048]",102.0
1251,9645,22,13,2024-11-29T13:59:05.710000+00:00,33.768,29.935,26.468,233.0,281,False,90.171,"[2048, 2048, 2048, 2048, 2048, 2048, 2048, 2048, 2048]","[2048, 2048, 2048, 2048, 2048, 2048, 2048]","[2048, 2048, 2048, 2048, 2048, 2048, 2048]",287.0
1251,9645,27,11,2024-11-29T13:59:11.588000+00:00,32.615,28.931,25.358,236.0,283,False,86.904,"[None, 2048, 2048, 2048, 2048, 2048, 2048, 2048, 2048]","[2048, 2048, 2048, 2048, 2048, 2048, 2048]","[2048, 2048, 2048, 2048, 2048, 2048, 2048]",290.0
1251,9645,24,12,2024-11-29T13:59:18.175000+00:00,33.284,29.439,26.105,231.0,278,False,88.828,"[None, 2048, 2048, 2048, 2048, 2048, 2048, 2048, 2048]","[2048, 2048, 2048, 2048, 2048, 2048, 2048]","[2048, 2048, 2048, 2048, 2048, 2048, 2048]",273.0
1251,9645,43,14,2024-11-29T13:59:19.345000+00:00,32.888,34.875,26.96,238.0,282,False,94.723,"[None, 2048, 2048, 2048, 2048, 2048, 2048, 2048, 2048]","[2048, 2048, 2048, 2048, 2048, 2048, 2048]","[2048, 2048, 2048, 2048, 2048, 2048]",290.0
1251,9645,16,13,2024-11-29T13:59:32.207000+00:00,37.104,40.871,35.944,143.0,239,False,113.919,"[2048, 2048, 2048, 2049, 2048, 2048, 2048, 2048, 2048]","[2048, 2048, 2048, 2048, 2048, 2048, 2048]","[2048, 2048, 2048, 2048, 2048, 2048, 2048]",309.0
1251,9645,4,10,2024-11-29T13:59:35.778000+00:00,31.006,36.664,35.333,,97,False,103.003,"[2048, 2048, 2048, 2049, 2051, 2051, 2049, 2048, 2051]","[2049, 2049, 2048, 2048, 2049, 2048, 2048]","[2048, 2048, 2048, 2048, 2048, 2048, 2048]",308.0
1251,9645,30,14,2024-11-29T13:59:36.642000+00:00,33.672,29.97,26.106,229.0,279,False,89.748,"[2048, 2048, 2048, 2048, 2048, 2048, 2048, 2048, 2048]","[2048, 2048, 2048, 2048, 2048, 2048, 2048]","[2048, 2048, 2048, 2048, 2048, 2048, 2048]",298.0
1251,9645,20,11,2024-11-29T13:59:37.321000+00:00,58.168,46.955,36.478,94.0,195,False,141.601,"[2049, 2048, 2048, 2048, 2048, 2048, 2048, 2048, 2048]","[2048, 2048, 2048, 2048, 2048, 2048, 2048]","[2048, 2048, 2048, 2048, 2048, 2048, 2048]",109.0
1251,9645,11,12,2024-11-29T13:59:40.956000+00:00,33.076,29.694,25.94,237.0,281,False,88.71,"[2048, 2048, 2048, 2048, 2048, 2048, 2048, 2048, 2048]","[2048, 2048, 2048, 2048, 2048, 2048, 2048]","[2048, 2048, 2048, 2048, 2048, 2048, 2048]",294.0
1251,9645,55,13,2024-11-29T13:59:50.268000+00:00,,32.203,38.248,218.0,263,True,583.219,"[None, 2064, 2048, 2048, 2048, 2048, 2048, 2048, 2048]","[2048, 2048, 2048, 2048, 2048, 2048, 2048]","[2048, 2048, 2048, 2048, 2048, 2048, 2048]",167.0
1251,9645,14,10,2024-11-29T13:59:50.288000+00:00,,37.658,33.116,210.0,267,True,701.71,"[2064, 2064, 2048, 2048, 2048, 2048, 2048, 2048, 2048]","[2048, 2048, 2048, 2048, 2048, 2048, 2048]","[2048, 2048, 2048, 2048, 2048, 2048, 2048]",154.0
1251,9645,81,9,2024-11-29T13:59:54.743000+00:00,31.339,28.634,25.522,245.0,284,False,85.495,"[2048, 2048, 2048, 2049, 2049, 2048, 2049, 2051, 2049]","[2048, 2048, 2049, 2049, 2049, 2049, 2048]","[2048, 2048, 2049, None, None, 2048, 2048]",306.0
1251,9645,1,13,2024-11-29T14:00:02.132000+00:00,32.648,29.635,26.357,,283,False,88.64,"[None, 2048, 2048, 2048, 2048, 2048, 2048, 2048, 2048]","[2048, 2048, 2048, 2048, 2048, 2048, 2048]","[2048, 2048, 2048, 2048, 2048, 2048, 2048]",293.0
1251,9645,77,12,2024-11-29T14:00:05.844000+00:00,39.773,38.21,41.453,207.0,247,False,119.436,"[None, 2048, 2048, 2048, 2048, 2048, 2048, 2048, 2048]","[2048, 2048, 2048, 2048, 2048, 2048, 2048]","[2048, 2048, 2048, 2048, 2048, 2048, 2064]",263.0
1251,9645,63,12,2024-11-29T14:00:15.342000+00:00,32.623,29.087,25.485,236.0,282,False,87.195,"[None, 2048, 2048, 2048, 2048, 2048, 2048, 2048, 2048]","[2048, 2048, 2048, 2048, 2048, 2048, 2048]","[2048, 2048, 2048, 2048, 2048, 2048, 2048]",291.0
1251,9645,23,13,2024-11-29T14:00:25.915000+00:00,32.381,28.877,25.475,238.0,282,False,86.733,"[None, 2048, 2048, 2048, 2048, 2048, 2048, 2048, 2048]","[2048, 2048, 2048, 2048, 2048, 2048, 2048]","[2048, 2048, 2048, 2048, 2048, 2048, 2048]",288.0
1251,9645,22,14,2024-11-29T14:00:35.835000+00:00,32.975,29.658,25.846,236.0,280,False,88.479,"[None, 2048, 2048, 2048, 2048, 2048, 2048, 2048, 2048]","[2048, 2048, 2048, 2048, 2048, 2048, 2048]","[2048, 2048, 2048, 2048, 2048, 2048, 2048]",289.0
1251,9645,44,11,2024-11-29T14:00:37.469000+00:00,,30.631,28.508,228.0,282,True,577.929,"[2064, 2064, 2048, 2048, 2048, 2048, 2048, 2048, 2048]","[2048, 2048, 2048, 2048, 2048, 2048, 2048]","[2048, 2048, 2048, 2048, 2048, 2048, 2048]",167.0
1251,9645,27,12,2024-11-29T14:00:38.511000+00:00,32.54,28.915,25.742,233.0,285,False,87.197,"[None, 2048, 2048, 2048, 2048, 2048, 2048, 2048, 2048]","[2048, 2048, 2048, 2048, 2048, 2048, 2048]","[2048, 2048, 2048, 2048, 2048, 2048, 2048]",291.0
1251,9645,24,13,2024-11-29T14:00:46.936000+00:00,32.918,29.396,25.936,230.0,278,False,88.25,"[None, 2048, 2048, 2048, 2048, 2048, 2048, 2049, 2048]","[2048, 2048, 2048, 2048, 2048, 2049, 2048]","[2048, 2048, 2048, 2048, 2048, 2048, 2049]",275.0
1251,9645,43,15,2024-11-29T14:00:54.540000+00:00,32.216,29.655,28.419,237.0,283,False,90.29,"[None, 2048, 2048, 2049, 2049, 2048, 2048, 2049, 2049]","[2049, 2048, 2048, 2048, 2048, 2048, 2048]","[2048, 2048, 2048, 2048, 2048, 2048]",289.0
1251,9645,18,11,2024-11-29T14:01:03.309000+00:00,31.685,28.653,25.096,241.0,283,False,85.434,"[2049, 2049, 2048, 2049, 2049, 2048, 2048, 2048, 2048]","[2048, 2048, 2048, 2048, 2049, 2048, 2049]","[2048, 2048, 2049, 2049, 2049, 2048]",307.0
1251,9645,30,15,2024-11-29T14:01:06.423000+00:00,32.955,29.991,25.954,235.0,280,False,88.9,"[None, 2048, 2048, 2048, 2048, 2048, 2048, 2048, 2048]","[2048, 2048, 2048, 2048, 2048, 2048, 2048]","[2048, 2048, 2048, 2048, 2048, 2048, 2048]",293.0
1251,9645,11,13,2024-11-29T14:01:09.714000+00:00,32.859,29.698,25.718,,281,False,88.275,"[None, 2048, 2048, 2048, 2048, 2048, 2048, 2048, 2048]","[2048, 2048, 2048, 2048, 2048, 2048, 2048]","[2048, 2048, 2048, 2048, 2048, 2048, 2048]",297.0
1251,9645,4,11,2024-11-29T14:01:18.702000+00:00,30.772,28.508,24.446,,286,False,83.726,"[None, 2048, 2048, 2049, 2051, 2051, 2049, 2051, 2048]","[2048, 2048, 2048, 2048, 2048, 2048, 2049]","[2049, 2049, 2049, 2048, 2048, 2048]",309.0
1251,9645,81,10,2024-11-29T14:01:20.123000+00:00,46.899,43.357,35.362,192.0,217,False,125.618,"[None, 2048, 2048, 2048, 2048, 2048, 2048, 2048, 2048]","[2048, 2048, 2048, 2048, 2048, 2048, 2048]","[2048, 2048, 2048, 2048, 2048, 2048, 2048]",121.0
1251,9645,16,14,2024-11-29T14:01:26.125000+00:00,30.897,28.257,24.265,247.0,287,False,83.419,"[2049, 2049, 2048, 2049, 2048, 2049, 2049, 2049, 2048]","[2049, 2049, 2049, 2051, 2049, 2049, 2048]","[2048, 2049, 2051, 2051, 2048, 2049, 2048]",313.0
1251,9645,1,14,2024-11-29T14:01:30.763000+00:00,32.458,29.62,26.08,238.0,283,False,88.158,"[None, 2048, 2048, 2048, 2048, 2048, 2048, 2048, 2048]","[2048, 2048, 2048, 2048, 2048, 2048, 2048]","[2048, 2048, 2048, 2048, 2048, 2048]",297.0
1251,9645,14,11,2024-11-29T14:01:39.580000+00:00,31.371,28.447,24.944,245.0,284,False,84.762,"[2048, 2048, 2048, 2048, 2049, 2048, 2048, 2049, 2049]","[2049, 2049, 2048, 2049, 2049, 2049, 2049]","[2049, 2048, 2049, 2049, 2049, 2049]",309.0
1251,9645,63,13,2024-11-29T14:01:42.435000+00:00,32.271,29.052,25.384,,285,False,86.707,"[None, 2048, 2048, 2048, 2048, 2048, 2048, 2048, 2048]","[2048, 2048, 2048, 2048, 2048, 2048, 2048]","[2048, 2048, 2048, 2048, 2048, 2048, 2048]",298.0
1251,9645,55,14,2024-11-29T14:01:49.886000+00:00,30.912,28.278,24.348,247.0,288,False,83.538,"[2048, 2048, 2048, 2049, 2049, 2048, 2048, 2049, 2049]","[2049, 2049, 2049, 2048, 2049, 2049, 2048]","[2048, 2048, 2049, 2049, 2051, 2049]",314.0
1251,9645,23,14,2024-11-29T14:01:52.691000+00:00,32.331,28.785,25.379,237.0,283,False,86.495,"[None, 2048, 2048, 2048, 2048, 2048, 2048, 2048, 2048]","[2048, 2048, 2048, 2048, 2048, 2048, 2048]","[2048, 2048, 2048, 2048, 2048, 2048, 2048]",296.0
1251,9645,20,12,2024-11-29T14:01:58.999000+00:00,31.382,28.767,25.24,239.0,282,False,85.389,"[2048, 2049, 2049, 2048, 2049, 2049, 2049, 2049, 2048]","[2048, 2049, 2048, 2049, 2048, 2048, 2048]","[2048, 2049, 2048, 2048, 2048, 2048]",314.0
1251,9645,22,15,2024-11-29T14:02:04.403000+00:00,32.865,29.536,25.459,238.0,281,False,87.86,"[None, 2048, 2048, 2048, 2048, 2048, 2048, 2048, 2048]","[2048, 2048, 2048, 2048, 2048, 2048, 2048]","[2048, 2048, 2048, 2048, 2048, 2048, 2048]",293.0
1251,9645,27,13,2024-11-29T14:02:05.643000+00:00,32.419,29.032,25.494,235.0,287,False,86.945,"[None, 2048, 2048, 2048, 2048, 2048, 2048, 2048, 2048]","[2048, 2048, 2048, 2048, 2048, 2048, 2048]","[2048, 2048, 2048, 2049, 2048, 2048, 2048]",295.0
1251,9645,44,12,2024-11-29T14:02:11.795000+00:00,32.778,29.272,25.713,235.0,283,False,87.763,"[2048, 2048, 2048, 2048, 2048, 2048, 2048, 2048, 2048]","[2048, 2048, 2048, 2048, 2048, 2048, 2048]","[2048, 2048, 2048, 2048, 2048, 2048, 2048]",294.0
1251,9645,24,14,2024-11-29T14:02:15.148000+00:00,32.884,29.566,25.947,,278,False,88.397,"[None, 2048, 2048, 2048, 2048, 2048, 2048, 2048, 2048]","[2048, 2048, 2048, 2048, 2048, 2048, 2048]","[2048, 2048, 2048, 2048, 2048, 2048, 2048]",279.0
1251,9645,43,16,2024-11-29T14:02:25.220000+00:00,32.307,29.096,25.327,238.0,284,False,86.73,"[None, 2048, 2048, 2048, 2049, 2048, 2048, 2048, 2048]","[2048, 2048, 2048, 2048, 2049, 2049, 2048]","[2049, 2049, 2049, 2048, 2048, 2049, 2048]",290.0
1251,9645,10,12,2024-11-29T14:02:27.967000+00:00,,31.71,26.992,218.0,267,True,806.212,"[2064, 2064, 2048, 2048, 2048, 2048, 2048, 2048, 2048]","[2048, 2048, 2048, 2048, 2048, 2048, 2048]","[2048, 2048, 2048, 2048, 2048, 2048, 2048]",150.0
1251,9645,18,12,2024-11-29T14:02:28.719000+00:00,50.55,45.014,30.98,133.0,190,False,126.544,"[2048, 2048, 2048, 2048, 2048, 2048, 2048, 2048, 2048]","[2048, 2048, 2048, 2048, 2048, 2048, 2048]","[2048, 2048, 2048, 2048, 2048, 2048, 2048]",265.0
1251,9645,77,13,2024-11-29T14:02:33.847000+00:00,73.84,32.297,26.929,211.0,274,True,133.066,"[2064, 2064, 2048, 2048, 2048, 2048, 2048, 2048, 2048]","[2048, 2048, 2048, 2048, 2048, 2048, 2048]","[2048, 2048, 2048, 2048, 2048, 2048, 2048]",172.0
1251,9645,30,16,2024-11-29T14:02:35.325000+00:00,32.886,29.687,25.933,237.0,279,False,88.506,"[None, 2048, 2048, 2048, 2048, 2048, 2048, 2048, 2048]","[2048, 2048, 2048, 2048, 2048, 2048, 2048]","[2048, 2048, 2048, 2048, 2048, 2048, 2048]",292.0
1251,9645,11,14,2024-11-29T14:02:37.878000+00:00,32.861,29.786,25.752,,281,False,88.399,"[None, 2048, 2048, 2048, 2048, 2048, 2048, 2048, 2048]","[2048, 2048, 2048, 2048, 2048, 2048, 2048]","[2048, 2048, 2048, 2048, 2048, 2048, 2048]",299.0
1251,9645,4,12,2024-11-29T14:02:42.359000+00:00,34.457,29.229,24.993,241.0,281,False,88.679,"[None, 2048, 2048, 2048, 2048, 2048, 2048, 2048, 2048]","[2048, 2048, 2048, 2048, 2048, 2048, 2048]","[2048, 2048, 2048, 2048, 2048, 2048, 2048]",258.0
1251,9645,16,15,2024-11-29T14:02:49.516000+00:00,42.904,39.313,30.925,111.0,217,False,113.142,"[2048, 2048, 2048, 2048, 2048, 2048, 2048, 2048, 2048]","[2048, 2048, 2048, 2048, 2048, 2048, 2048]","[2048, 2048, 2048, 2048, 2048, 2048, 2048]",284.0
1251,9645,1,15,2024-11-29T14:02:58.851000+00:00,32.71,29.592,25.838,239.0,283,False,88.14,"[None, 2048, 2048, 2048, 2048, 2048, 2048, 2048, 2048]","[2048, 2048, 2048, 2048, 2048, 2048, 2048]","[2048, 2048, 2048, 2048, 2048, 2048, 2048]",296.0
1251,9645,14,12,2024-11-29T14:03:04.117000+00:00,48.293,46.552,40.748,134.0,239,False,135.593,"[None, 2048, 2048, 2048, 2048, 2048, 2048, 2048, 2048]","[2048, 2048, 2048, 2048, 2048, 2048, 2048]","[2048, 2048, 2048, 2048, 2048, 2048, 2051]",119.0
1251,9645,63,14,2024-11-29T14:03:09.138000+00:00,31.972,28.941,25.477,240.0,287,False,86.39,"[None, 2048, 2048, 2048, 2048, 2049, 2048, 2048, 2048]","[2048, 2048, 2048, 2048, 2048, 2048, 2049]","[2048, 2048, 2048, 2048, 2048, 2048, 2051]",
1251,9645,55,15,2024-11-29T14:03:13.392000+00:00,58.487,49.132,29.18,100.0,237,False,136.799,"[None, 2048, 2048, 2048, 2048, 2048, 2048, 2048, 2048]","[2048, 2048, 2048, 2048, 2048, 2048, 2048]","[2048, 2048, 2048, 2048, 2048, 2048, 2048]",143.0
1251,9645,23,15,2024-11-29T14:03:19.245000+00:00,32.389,28.714,25.302,,282,False,86.405,"[None, 2048, 2048, 2048, 2048, 2048, 2048, 2048, 2048]","[2048, 2048, 2048, 2048, 2048, 2049, 2048]","[2048, 2048, 2048, 2048, 2048, 2048, 2048]",292.0
1251,9645,20,13,2024-11-29T14:03:24.712000+00:00,59.72,51.702,32.154,85.0,248,False,143.576,"[None, 2048, 2048, 2048, 2048, 2048, 2048, 2048, 2048]","[2048, 2048, 2048, 2048, 2048, 2048, 2048]","[2048, 2048, 2048, 2048, 2048, 2048, 2048]",142.0
1251,9645,81,11,2024-11-29T14:03:25.868000+00:00,30.946,28.62,24.52,246.0,285,False,84.086,"[2049, 2049, 2048, 2049, 2049, 2051, 2048, 2048, 2049]","[2049, 2048, 2048, 2048, 2049, 2049, 2048]","[2048, 2049, 2049, 2049, 2048, 2049]",311.0
1251,9645,22,16,2024-11-29T14:03:32.231000+00:00,33.391,29.675,25.524,,279,False,88.59,"[None, 2048, 2048, 2048, 2048, 2048, 2048, 2048, 2048]","[2048, 2048, 2048, 2048, 2048, 2048, 2048]","[2048, 2048, 2048, 2048, 2048, 2048, 2048]",
1251,9645,27,14,2024-11-29T14:03:32.591000+00:00,31.725,28.786,25.355,236.0,284,False,85.866,"[2049, 2049, 2048, 2048, 2048, 2048, 2048, 2049, 2048]","[2048, 2048, 2048, 2048, 2048, 2048, 2048]","[2048, 2048, 2048, 2048, 2048, 2048, 2048]",313.0
1251,9645,44,13,2024-11-29T14:03:39.592000+00:00,32.539,29.454,25.66,233.0,284,False,87.653,"[None, 2048, 2048, 2048, 2048, 2048, 2048, 2048, 2048]","[2048, 2048, 2048, 2048, 2048, 2048, 2048]","[2048, 2048, 2048, 2049, 2048, 2048, 2048]",297.0
1251,9645,24,15,2024-11-29T14:03:43.548000+00:00,32.69,29.357,25.769,231.0,282,False,87.816,"[None, 2048, 2048, 2048, 2048, 2048, 2048, 2048, 2048]","[2048, 2048, 2048, 2048, 2048, 2048, 2049]","[2048, 2048, 2048, 2048, 2048, 2048, 2049]",287.0
1251,9645,43,17,2024-11-29T14:03:51.090000+00:00,32.982,29.236,26.412,239.0,279,False,88.63,"[None, 2048, 2048, 2048, 2048, 2048, 2048, 2048, 2048]","[2048, 2048, 2048, 2048, 2048, 2048, 2048]","[2048, 2048, 2048, 2048, 2048, 2048, 2048]",
1251,9645,10,13,2024-11-29T14:04:00.647000+00:00,31.066,28.147,35.519,242.0,287,False,94.732,"[2048, 2049, 2049, 2048, 2049, 2049, 2049, 2049, 2048]","[2048, 2049, 2048, 2048, 2049, 2049, 2049]","[2049, 2048, 2048, 2048, 2048, 2048, 2048]",317.0
1251,9645,30,17,2024-11-29T14:04:03.882000+00:00,32.457,29.388,25.779,241.0,284,False,87.624,"[None, 2048, 2048, 2048, 2048, 2048, 2048, 2048, 2048]","[2048, 2048, 2048, 2048, 2048, 2049, 2048]","[2048, 2048, 2048, 2048, 2048, 2048, 2048]",297.0
1251,9645,11,15,2024-11-29T14:04:06.345000+00:00,32.657,29.801,25.67,238.0,281,False,88.128,"[None, 2048, 2048, 2048, 2048, 2048, 2048, 2048, 2048]","[2048, 2048, 2048, 2048, 2048, 2048, 2048]","[2048, 2048, 2048, 2048, 2048, 2048, 2048]",300.0
1251,9645,4,13,2024-11-29T14:04:11.163000+00:00,31.654,28.814,24.755,236.0,281,False,85.223,"[None, 2048, 2048, 2048, 2048, 2048, 2048, 2048, 2048]","[2048, 2048, 2048, 2048, 2048, 2048, 2048]","[2048, 2048, 2048, 2048, 2048, 2051, 2049]",294.0
1251,9645,77,14,2024-11-29T14:04:18.507000+00:00,32.203,28.836,25.343,240.0,278,False,86.382,"[2048, 2048, 2048, 2048, 2048, 2048, 2048, 2048, 2048]","[2048, 2048, 2048, 2048, 2048, 2048, 2048]","[2048, 2048, 2048, 2048, 2048, 2048, 2049]",282.0
1251,9645,1,16,2024-11-29T14:04:27.131000+00:00,32.452,29.677,25.819,237.0,283,False,87.948,"[None, 2048, 2048, 2048, 2048, 2048, 2048, 2048, 2048]","[2048, 2048, 2048, 2048, 2048, 2048, 2048]","[2048, 2048, 2048, 2048, 2048, 2048]",295.0
1251,9645,18,13,2024-11-29T14:04:35.308000+00:00,31.489,28.603,24.964,241.0,281,False,85.056,"[None, 2049, 2049, 2049, 2049, 2048, 2049, 2049, 2048]","[2049, 2048, 2048, 2049, 2049, 2048, 2048]","[2049, 2048, 2049, 2049, 2049, 2048]",309.0
1251,9645,63,15,2024-11-29T14:04:35.557000+00:00,32.369,28.89,24.914,237.0,288,False,86.173,"[None, 2048, 2048, 2048, 2048, 2048, 2048, 2048, 2048]","[2048, 2048, 2048, 2048, 2048, 2048, 2049]","[2048, 2048, 2048, 2048, 2048, 2048, 2048]",300.0
1251,9645,16,16,2024-11-29T14:04:42.655000+00:00,31.736,28.865,25.413,245.0,283,False,86.014,"[None, 2048, 2048, 2048, 2048, 2048, 2048, 2048, 2048]","[2048, 2048, 2048, 2048, 2048, 2048, 2048]","[2048, 2048, 2048, 2048, 2048, 2048, 2048]",293.0
1251,9645,23,16,2024-11-29T14:04:45.609000+00:00,32.108,28.758,25.166,239.0,283,False,86.032,"[None, 2048, 2048, 2048, 2048, 2048, 2048, 2048, 2048]","[2048, 2048, 2048, 2048, 2048, 2048, 2048]","[2048, 2048, 2048, 2048, 2048, 2048, 2048]",295.0
1251,9645,81,12,2024-11-29T14:04:49.756000+00:00,35.025,29.392,24.78,229.0,283,False,89.197,"[2048, 2048, 2048, 2048, 2048, 2048, 2048, 2048, 2048]","[2048, 2048, 2048, 2048, 2048, 2048, 2048]","[2048, 2048, 2048, 2048, 2048, 2048, 2048]",234.0
1251,9645,27,15,2024-11-29T14:04:58.416000+00:00,32.17,28.718,25.143,233.0,284,False,86.031,"[2048, 2048, 2048, 2049, 2048, 2048, 2048, 2048, 2048]","[2048, 2048, 2048, 2048, 2048, 2048, 2048]","[2048, 2048, 2048, 2049, 2048, 2048]",290.0
1251,9645,22,17,2024-11-29T14:05:00.719000+00:00,32.458,29.324,25.315,241.0,285,False,87.097,"[None, 2048, 2048, 2048, 2048, 2048, 2048, 2048, 2048]","[2048, 2048, 2048, 2048, 2048, 2048, 2048]","[2048, 2048, 2048, 2048, 2048, 2048, 2048]",297.0
1251,9645,44,14,2024-11-29T14:05:07.288000+00:00,32.411,29.166,25.514,236.0,284,False,87.091,"[None, 2048, 2048, 2048, 2048, 2048, 2048, 2048, 2048]","[2048, 2048, 2048, 2048, 2048, 2048, 2048]","[2048, 2048, 2048, 2049, 2048, 2048, 2048]",298.0
1251,9645,24,16,2024-11-29T14:05:11.357000+00:00,32.595,29.353,26.202,230.0,277,False,88.15,"[None, 2048, 2048, 2048, 2048, 2048, 2048, 2048, 2048]","[2048, 2048, 2048, 2048, 2048, 2048, 2048]","[2048, 2048, 2048, 2048, 2048, 2048, 2048]",
1251,9645,43,18,2024-11-29T14:05:19.741000+00:00,32.473,29.103,25.503,237.0,280,False,87.079,"[None, 2048, 2048, 2048, 2048, 2048, 2048, 2048, 2048]","[2048, 2048, 2048, 2048, 2049, 2048, 2048]","[2048, 2048, 2048, 2048, 2048, 2048, 2048]",300.0
1251,9645,14,13,2024-11-29T14:05:20.032000+00:00,31.15,28.315,24.694,244.0,285,False,84.159,"[2051, 2048, 2048, 2048, 2048, 2049, 2049, 2049, 2048]","[2049, 2048, 2049, 2048, 2049, 2048, 2049]","[2049, 2048, 2049, 2049, 2048, 2049, 2048]",312.0
1251,9645,55,16,2024-11-29T14:05:30.270000+00:00,30.756,28.145,24.167,249.0,287,False,83.068,"[None, 2048, 2048, 2049, 2049, 2049, 2051, 2049, 2049]","[2049, 2051, 2051, 2048, 2049, 2049, 2048]","[2049, 2049, 2049, 2049, 2048, 2049, 2049]",314.0
1251,9645,30,18,2024-11-29T14:05:31.429000+00:00,32.487,29.436,25.485,240.0,284,False,87.408,"[None, 2048, 2048, 2048, 2048, 2048, 2048, 2048, 2048]","[2048, 2048, 2048, 2048, 2048, 2048, 2048]","[2048, 2048, 2048, 2048, 2048, 2048, 2049]",302.0
1251,9645,11,16,2024-11-29T14:05:34.427000+00:00,32.606,29.768,28.713,237.0,282,False,91.087,"[None, 2048, 2048, 2048, 2048, 2048, 2048, 2048, 2048]","[2048, 2048, 2048, 2048, 2048, 2048, 2048]","[2048, 2048, 2048, 2048, 2048, 2048, 2048]",301.0
1251,9645,10,14,2024-11-29T14:05:35.323000+00:00,45.752,33.372,27.363,139.0,270,False,106.487,"[None, 2048, 2048, 2048, 2048, 2048, 2048, 2048, 2048]","[2048, 2048, 2048, 2048, 2048, 2048, 2048]","[2048, 2048, 2048, 2048, 2048, 2048, 2049]",255.0
1251,9645,4,14,2024-11-29T14:05:36.400000+00:00,31.434,29.128,25.263,240.0,292,False,85.825,"[None, 2048, 2048, 2048, 2048, 2051, 2048, 2048, 2048]","[2048, 2048, 2048, 2048, 2048, 2048, 2051]","[2048, 2048, 2048, 2048, 2048, 2048, 2048]",299.0
1251,9645,77,15,2024-11-29T14:05:44.809000+00:00,32.358,28.712,25.466,228.0,279,False,86.536,"[None, 2048, 2048, 2048, 2048, 2049, 2048, 2048, 2048]","[2048, 2048, 2048, 2048, 2048, 2049, 2048]","[2048, 2048, 2048, 2048, 2048, 2049, 2048]",275.0
1251,9645,20,14,2024-11-29T14:05:48.025000+00:00,32.366,29.071,25.839,229.0,283,False,87.276,"[None, 2048, 2048, 2048, 2048, 2048, 2048, 2048, 2048]","[2048, 2048, 2048, 2048, 2048, 2048, 2048]","[2048, 2048, 2048, 2048, 2048, 2048, 2048]",296.0
1251,9645,1,17,2024-11-29T14:05:55.216000+00:00,32.212,29.464,25.844,239.0,287,False,87.52,"[None, 2048, 2048, 2048, 2048, 2049, 2048, 2048, 2048]","[2048, 2048, 2048, 2048, 2048, 2048, 2048]","[2048, 2048, 2048, 2048, 2048, 2048, 2048]",300.0
1251,9645,18,14,2024-11-29T14:06:00.400000+00:00,32.578,29.439,25.478,231.0,279,False,87.495,"[2049, 2048, 2048, 2048, 2048, 2048, 2048, 2048, 2048]","[2048, 2048, 2048, 2048, 2048, 2048, 2048]","[2048, 2048, 2048, 2048, 2048, 2048, 2048]",301.0
1251,9645,63,16,2024-11-29T14:06:01.760000+00:00,32.005,29.177,25.267,236.0,290,False,86.449,"[None, 2048, 2048, 2048, 2048, 2048, 2048, 2048, 2048]","[2048, 2048, 2048, 2048, 2048, 2048, 2049]","[2048, 2048, 2048, 2048, 2048, 2048, 2051]",306.0
1251,9645,16,17,2024-11-29T14:06:08.671000+00:00,32.186,29.068,25.21,239.0,283,False,86.464,"[None, 2048, 2048, 2048, 2048, 2048, 2048, 2048, 2048]","[2048, 2048, 2048, 2048, 2048, 2048, 2048]","[2048, 2048, 2048, 2048, 2048, 2048, 2048]",
1251,9645,23,17,2024-11-29T14:06:11.635000+00:00,32.024,28.782,25.26,,280,False,86.066,"[None, 2048, 2048, 2048, 2048, 2048, 2048, 2048, 2048]","[2048, 2048, 2048, 2048, 2048, 2048, 2048]","[2048, 2048, 2048, 2049, 2049, 2048, 2048]",
1251,9645,81,13,2024-11-29T14:06:19.027000+00:00,31.53,28.776,24.637,241.0,282,False,84.943,"[None, 2048, 2048, 2048, 2048, 2048, 2048, 2048, 2048]","[2048, 2048, 2049, 2048, 2048, 2048, 2048]","[2048, 2048, 2048, 2048, 2049, 2049, 2048]",291.0
1251,9645,27,16,2024-11-29T14:06:24.859000+00:00,32.047,28.567,25.023,234.0,285,False,85.637,"[None, 2048, 2048, 2048, 2048, 2048, 2048, 2049, 2048]","[2048, 2048, 2048, 2048, 2048, 2049, 2048]","[2048, 2048, 2048, 2049, 2049, 2048, 2048]",292.0
1251,9645,22,18,2024-11-29T14:06:27.854000+00:00,32.545,29.352,25.358,,285,False,87.255,"[None, 2048, 2048, 2048, 2048, 2048, 2048, 2048, 2048]","[2048, 2048, 2048, 2048, 2048, 2048, 2048]","[2048, 2048, 2048, 2048, 2048, 2048, 2048]",
1251,9645,44,15,2024-11-29T14:06:34.265000+00:00,32.213,29.189,25.344,237.0,287,False,86.746,"[None, 2048, 2048, 2048, 2048, 2048, 2048, 2048, 2048]","[2048, 2048, 2048, 2048, 2048, 2048, 2048]","[2048, 2048, 2048, 2048, 2048, 2048, 2048]",300.0
1251,9645,24,17,2024-11-29T14:06:39.600000+00:00,32.336,29.273,25.941,233.0,277,False,87.55,"[None, 2048, 2048, 2048, 2049, 2049, 2048, 2049, 2048]","[2048, 2048, 2048, 2048, 2048, 2048, 2048]","[2048, 2048, 2048, 2048, 2048, 2048, 2048]",286.0
1251,9645,14,14,2024-11-29T14:06:44.041000+00:00,45.092,44.585,34.545,196.0,240,False,124.222,"[2048, 2048, 2048, 2048, 2048, 2048, 2048, 2048, 2048]","[2048, 2048, 2048, 2048, 2048, 2048, 2048]","[2048, 2048, 2048, 2048, 2048, 2048, 2048]",173.0
1251,9645,43,19,2024-11-29T14:06:46.849000+00:00,31.869,28.848,25.14,238.0,280,False,85.857,"[None, 2048, 2048, 2049, 2049, 2049, 2048, 2049, 2049]","[2049, 2049, 2049, 2048, 2049, 2048, 2048]","[2048, 2048, 2049, 2049, 2049, 2048, 2048]",294.0
1251,9645,55,17,2024-11-29T14:06:53.335000+00:00,50.295,41.823,33.72,132.0,238,False,125.838,"[None, 2048, 2048, 2048, 2048, 2048, 2048, 2048, 2048]","[2048, 2048, 2048, 2048, 2048, 2048, 2048]","[2048, 2048, 2048, 2048, 2048, 2048, 2048]",160.0
1251,9645,30,19,2024-11-29T14:06:58.768000+00:00,32.274,29.274,25.296,241.0,284,False,86.844,"[None, 2048, 2048, 2048, 2048, 2048, 2048, 2048, 2048]","[2048, 2048, 2048, 2048, 2048, 2048, 2049]","[2048, 2048, 2048, 2048, 2048, 2048, 2048]",296.0
1251,9645,4,15,2024-11-29T14:07:02.191000+00:00,31.271,28.845,24.643,242.0,283,False,84.759,"[None, 2048, 2048, 2048, 2051, 2048, 2048, 2048, 2048]","[2048, 2048, 2048, 2048, 2048, 2048, 2048]","[2048, 2048, 2048, 2051, 2048, 2048, 2049]",296.0
1251,9645,11,17,2024-11-29T14:07:05.493000+00:00,32.642,29.522,25.33,239.0,281,False,87.494,"[None, 2048, 2048, 2048, 2048, 2048, 2048, 2048, 2048]","[2048, 2048, 2048, 2048, 2048, 2048, 2048]","[2048, 2048, 2048, 2048, 2048, 2048, 2048]",298.0
1251,9645,77,16,2024-11-29T14:07:11.409000+00:00,32.283,28.754,25.266,230.0,278,False,86.303,"[None, 2048, 2048, 2048, 2048, 2049, 2048, 2048, 2048]","[2048, 2048, 2048, 2048, 2048, 2048, 2048]","[2049, 2049, 2048, 2048, 2048, 2048, 2048]",277.0
1251,9645,20,15,2024-11-29T14:07:15.279000+00:00,32.027,29.023,25.292,232.0,284,False,86.342,"[None, 2048, 2048, 2048, 2049, 2048, 2048, 2048, 2048]","[2048, 2048, 2048, 2048, 2048, 2048, 2048]","[2048, 2048, 2048, 2048, 2048, 2048, 2048]",295.0
1251,9645,10,15,2024-11-29T14:07:21.791000+00:00,31.033,28.114,24.582,242.0,287,False,83.729,"[2049, 2049, 2049, 2049, 2048, 2048, 2048, 2048, 2048]","[2051, 2049, 2048, 2049, 2048, 2051, 2048]","[2049, 2048, 2048, 2048, 2048, 2049, 2049]",318.0
1251,9645,1,18,2024-11-29T14:07:22.572000+00:00,32.23,29.375,25.379,240.0,287,False,86.984,"[None, 2048, 2048, 2048, 2048, 2048, 2048, 2048, 2048]","[2048, 2048, 2048, 2048, 2048, 2048, 2048]","[2048, 2048, 2048, 2048, 2048, 2048, 2048]",302.0
1251,9645,18,15,2024-11-29T14:07:27.946000+00:00,32.829,29.067,25.55,238.0,280,False,87.446,"[2048, 2048, 2048, 2048, 2048, 2048, 2048, 2048, 2048]","[2048, 2048, 2048, 2048, 2048, 2048, 2048]","[2048, 2048, 2048, 2048, 2048, 2048, 2048]",292.0
1251,9645,63,17,2024-11-29T14:07:28.149000+00:00,31.382,28.892,24.82,237.0,288,False,85.094,"[2051, 2051, 2051, 2048, 2048, 2048, 2048, 2048, 2048]","[2048, 2048, 2048, 2048, 2048, 2048, 2048]","[2048, 2048, 2048, 2048, 2048, 2048, 2048]",320.0
1251,9645,16,18,2024-11-29T14:07:35.083000+00:00,31.828,28.774,24.797,238.0,283,False,85.399,"[None, 2048, 2048, 2048, 2048, 2048, 2048, 2048, 2048]","[2048, 2048, 2048, 2048, 2048, 2048, 2048]","[2048, 2048, 2048, 2048, 2048, 2049, 2048]",294.0
1251,9645,23,18,2024-11-29T14:07:37.705000+00:00,31.914,28.839,25.177,240.0,280,False,85.93,"[None, 2048, 2048, 2048, 2048, 2048, 2048, 2048, 2048]","[2048, 2048, 2048, 2048, 2048, 2048, 2048]","[2048, 2048, 2048, 2048, 2048, 2049, 2048]",297.0
1251,9645,81,14,2024-11-29T14:07:44.049000+00:00,31.485,28.733,24.615,239.0,283,False,84.833,"[None, 2048, 2048, 2049, 2048, 2048, 2048, 2049, 2048]","[2048, 2048, 2048, 2048, 2048, 2048, 2048]","[2048, 2048, 2048, 2048, 2048, 2048, 2048]",294.0
1251,9645,27,17,2024-11-29T14:07:50.172000+00:00,32.037,28.672,25.388,236.0,285,False,86.097,"[None, 2048, 2048, 2048, 2048, 2048, 2048, 2048, 2048]","[2048, 2048, 2048, 2048, 2048, 2049, 2048]","[2048, 2048, 2048, 2048, 2048, 2048]",291.0
1251,9645,22,19,2024-11-29T14:07:55.195000+00:00,32.43,29.275,25.26,,285,False,86.965,"[None, 2048, 2048, 2048, 2048, 2048, 2048, 2048, 2048]","[2048, 2048, 2048, 2048, 2048, 2048, 2048]","[2048, 2048, 2048, 2048, 2048, 2048, 2048]",
1251,9645,44,16,2024-11-29T14:08:01.140000+00:00,32.11,29.201,25.204,238.0,287,False,86.515,"[None, 2048, 2048, 2048, 2048, 2048, 2048, 2048, 2048]","[2048, 2048, 2048, 2048, 2048, 2048, 2048]","[2048, 2048, 2048, 2049, 2048, 2048, 2048]",303.0
1251,9645,24,18,2024-11-29T14:08:07.141000+00:00,32.481,29.665,32.217,232.0,262,False,94.363,"[None, 2048, 2048, 2049, 2048, 2048, 2048, 2048, 2048]","[2048, 2048, 2048, 2048, 2048, 2048, 2048]","[2048, 2048, 2048, 2048, 2048, 2048, 2064]",287.0
1251,9645,43,20,2024-11-29T14:08:12.529000+00:00,32.202,29.022,30.066,240.0,280,False,91.29,"[None, 2048, 2048, 2048, 2048, 2048, 2048, 2048, 2048]","[2048, 2048, 2048, 2048, 2048, 2049, 2048]","[2048, 2048, 2048, 2048, 2048, 2048, 2064]",293.0
1251,9645,30,20,2024-11-29T14:08:25.776000+00:00,32.535,29.548,25.565,237.0,279,False,87.648,"[None, 2048, 2048, 2048, 2048, 2048, 2048, 2048, 2048]","[2048, 2048, 2048, 2048, 2048, 2048, 2048]","[2048, 2048, 2048, 2048, 2048, 2048, 2048]",292.0
1251,9645,4,16,2024-11-29T14:08:26.980000+00:00,31.793,29.296,25.524,240.0,288,False,86.613,"[None, 2048, 2048, 2048, 2048, 2048, 2048, 2048, 2048]","[2048, 2048, 2048, 2048, 2048, 2048, 2048]","[2048, 2048, 2048, 2048, 2048, 2048, 2048]",301.0
1251,9645,11,18,2024-11-29T14:08:33.032000+00:00,32.584,29.577,25.345,238.0,281,False,87.506,"[None, 2048, 2048, 2048, 2048, 2048, 2048, 2048, 2048]","[2048, 2048, 2048, 2048, 2048, 2048, 2048]","[2048, 2048, 2048, 2048, 2048, 2048, 2048]",
1251,9645,77,17,2024-11-29T14:08:37.698000+00:00,31.875,28.669,25.147,236.0,282,False,85.691,"[None, 2048, 2048, 2048, 2049, 2049, 2048, 2048, 2048]","[2048, 2048, 2048, 2048, 2048, 2049, 2049]","[2049, 2049, 2048, 2048, 2048, 2048, 2049]",282.0
1251,9645,20,16,2024-11-29T14:08:41.622000+00:00,32.024,28.866,25.469,230.0,284,False,86.359,"[None, 2048, 2048, 2048, 2048, 2049, 2048, 2048, 2048]","[2048, 2048, 2048, 2048, 2048, 2048, 2048]","[2048, 2048, 2048, 2048, 2048, 2048, 2048]",297.0
1251,9645,10,16,2024-11-29T14:08:45.487000+00:00,32.134,29.279,25.647,225.0,283,False,87.06,"[None, 2049, 2048, 2048, 2048, 2048, 2048, 2048, 2048]","[2048, 2048, 2048, 2048, 2048, 2048, 2048]","[2048, 2048, 2048, 2048, 2048, 2048, 2048]",316.0
1251,9645,14,15,2024-11-29T14:08:48.329000+00:00,31.545,28.829,25.607,230.0,283,False,85.981,"[None, 2048, 2049, 2048, 2048, 2048, 2048, 2048, 2048]","[2048, 2048, 2048, 2048, 2048, 2049, 2048]","[2048, 2048, 2048, 2048, 2048, 2048, 2048]",314.0
1251,9645,1,19,2024-11-29T14:08:49.467000+00:00,32.324,29.501,25.208,237.0,283,False,87.033,"[None, 2048, 2048, 2048, 2048, 2048, 2048, 2048, 2048]","[2048, 2048, 2048, 2048, 2048, 2048, 2048]","[2048, 2048, 2048, 2048, 2048, 2048, 2048]",305.0
1251,9645,63,18,2024-11-29T14:08:53.315000+00:00,31.556,28.762,24.504,240.0,287,False,84.822,"[2048, 2048, 2048, 2048, 2048, 2049, 2048, 2048, 2048]","[2048, 2048, 2048, 2048, 2048, 2048, 2048]","[2049, 2049, 2049, 2049, 2048, 2048, 2048]",303.0
1251,9645,18,16,2024-11-29T14:08:55.429000+00:00,31.889,28.756,25.18,241.0,279,False,85.825,"[None, 2048, 2048, 2048, 2048, 2049, 2049, 2049, 2048]","[2048, 2048, 2048, 2048, 2048, 2048, 2048]","[2048, 2048, 2048, 2049, 2048, 2048, 2048]",296.0
1251,9645,55,18,2024-11-29T14:08:59.182000+00:00,31.897,32.47,25.173,243.0,282,False,89.54,"[None, 2048, 2048, 2048, 2048, 2048, 2048, 2048, 2048]","[2048, 2048, 2048, 2048, 2048, 2048, 2048]","[2048, 2048, 2048, 2048, 2048, 2048, 2048]",294.0
1251,9645,16,19,2024-11-29T14:09:00.493000+00:00,31.718,34.191,32.712,240.0,186,False,98.621,"[None, 2048, 2048, 2048, 2048, 2048, 2048, 2048, 2048]","[2048, 2048, 2048, 2048, 2048, 2048, 2048]","[2048, 2048, 2048, 2048, 2048, 2048, 2048]",297.0
1251,9645,23,19,2024-11-29T14:09:03.600000+00:00,32.138,29.958,30.414,237.0,204,False,92.51,"[None, 2048, 2048, 2048, 2048, 2048, 2048, 2048, 2048]","[2048, 2048, 2048, 2048, 2048, 2048, 2048]","[2048, 2048, 2048, 2048, 2048, 2048, 2064]",
1251,9645,81,15,2024-11-29T14:09:08.917000+00:00,31.268,28.72,24.579,242.0,283,False,84.567,"[None, 2048, 2048, 2049, 2048, 2048, 2048, 2048, 2049]","[2048, 2048, 2048, 2048, 2049, 2048, 2048]","[2049, 2048, 2048, 2048, 2049, 2048, 2048]",295.0
1251,9645,27,18,2024-11-29T14:09:16.129000+00:00,31.964,28.905,25.113,238.0,283,False,85.982,"[None, 2048, 2048, 2048, 2048, 2048, 2048, 2049, 2048]","[2048, 2048, 2048, 2048, 2048, 2048, 2048]","[2048, 2048, 2049, 2048, 2048, 2048, 2048]",292.0
1251,9645,22,20,2024-11-29T14:09:22.197000+00:00,32.72,29.425,29.408,239.0,282,False,91.553,"[None, 2048, 2048, 2048, 2048, 2048, 2048, 2048, 2048]","[2048, 2048, 2048, 2048, 2048, 2048, 2048]","[2048, 2048, 2048, 2048, 2048, 2048, 2064]",293.0
1251,9645,44,17,2024-11-29T14:09:27.605000+00:00,32.01,29.124,25.167,235.0,288,False,86.301,"[None, 2048, 2048, 2048, 2048, 2048, 2048, 2048, 2048]","[2048, 2048, 2048, 2048, 2048, 2048, 2048]","[2048, 2048, 2048, 2048, 2048, 2048, 2048]",302.0
1251,9645,30,21,2024-11-29T14:09:53.311000+00:00,33.158,30.958,31.426,235.0,278,False,95.542,"[None, 2048, 2048, 2048, 2048, 2048, 2048, 2048, 2048]","[2048, 2048, 2048, 2048, 2048, 2048, 2048]","[2048, 2048, 2048, 2048, 2048, 2048, 2064]",291.0
1251,9645,4,17,2024-11-29T14:09:53.584000+00:00,30.852,28.579,28.365,246.0,287,False,87.796,"[2049, 2048, 2048, 2048, 2048, 2048, 2049, 2048, 2048]","[2048, 2048, 2048, 2048, 2048, 2048, 2048]","[2049, 2048, 2048, 2048, 2048, 2048, 2064]",
1251,9645,11,19,2024-11-29T14:10:00.538000+00:00,32.192,29.277,25.226,241.0,285,False,86.695,"[None, 2048, 2048, 2048, 2048, 2048, 2048, 2048, 2048]","[2048, 2048, 2048, 2048, 2048, 2048, 2048]","[2048, 2048, 2048, 2048, 2048, 2048, 2048]",300.0
1251,9645,77,18,2024-11-29T14:10:03.498000+00:00,31.927,28.919,25.426,232.0,279,False,86.272,"[None, 2048, 2048, 2048, 2048, 2048, 2048, 2048, 2048]","[2048, 2048, 2048, 2048, 2048, 2048, 2048]","[2048, 2048, 2048, 2048, 2048, 2048, 2048]",289.0
1251,9645,20,17,2024-11-29T14:10:07.903000+00:00,32.008,28.899,25.069,233.0,283,False,85.976,"[None, 2048, 2048, 2048, 2048, 2048, 2048, 2048, 2048]","[2048, 2048, 2048, 2048, 2048, 2048, 2048]","[2048, 2049, 2049, 2048, 2048, 2048]",
1251,9645,10,17,2024-11-29T14:10:12.535000+00:00,32.434,28.991,25.225,228.0,286,False,86.65,"[2048, 2048, 2048, 2048, 2048, 2048, 2048, 2048, 2048]","[2048, 2048, 2048, 2048, 2048, 2048, 2048]","[2048, 2048, 2048, 2048, 2048, 2048, 2048]",293.0
1251,9645,14,16,2024-11-29T14:10:14.251000+00:00,31.984,28.729,25.101,239.0,284,False,85.814,"[None, 2048, 2048, 2048, 2048, 2049, 2048, 2048, 2048]","[2048, 2048, 2048, 2048, 2048, 2048, 2048]","[2048, 2048, 2048, 2048, 2048, 2048, 2048]",295.0
1251,9645,1,20,2024-11-29T14:10:16.590000+00:00,37.758,30.398,32.052,228.0,282,False,100.208,"[None, 2048, 2048, 2048, 2048, 2048, 2048, 2048, 2048]","[2048, 2048, 2048, 2048, 2048, 2048, 2048]","[2048, 2048, 2048, 2048, 2048, 2048, 2064]",273.0
1251,9645,63,19,2024-11-29T14:10:18.106000+00:00,31.483,28.73,24.656,241.0,282,False,84.869,"[None, 2048, 2048, 2048, 2048, 2049, 2048, 2048, 2048]","[2048, 2048, 2048, 2048, 2048, 2048, 2048]","[2048, 2048, 2048, 2051, 2051, 2048, 2048]",
1251,9645,18,17,2024-11-29T14:10:21.178000+00:00,31.829,28.56,25.057,238.0,280,False,85.446,"[None, 2048, 2048, 2048, 2048, 2049, 2049, 2049, 2048]","[2048, 2048, 2048, 2048, 2049, 2048, 2048]","[2048, 2048, 2049, 2049, 2049, 2048, 2049]",294.0
1251,9645,55,19,2024-11-29T14:10:28.801000+00:00,32.09,28.838,25.215,236.0,283,False,86.143,"[None, 2048, 2048, 2048, 2048, 2048, 2048, 2048, 2048]","[2048, 2048, 2048, 2048, 2048, 2048, 2048]","[2048, 2048, 2048, 2048, 2048, 2048]",292.0
1251,9645,81,16,2024-11-29T14:10:33.406000+00:00,31.288,28.558,24.395,243.0,283,False,84.241,"[None, 2048, 2048, 2048, 2049, 2049, 2048, 2048, 2049]","[2048, 2048, 2049, 2049, 2049, 2048, 2048]","[2048, 2048, 2049, 2049, 2049, 2051, 2048]",
1251,9645,16,20,2024-11-29T14:10:39.123000+00:00,31.26,28.383,24.386,246.0,284,False,84.029,"[None, 2048, 2048, 2048, 2049, 2049, 2048, 2049, 2048]","[2048, 2048, 2048, 2048, 2048, 2049, 2048]","[2048, 2048, 2048, 2048, 2048, 2048, 2048]",295.0
1251,9645,27,19,2024-11-29T14:10:42.182000+00:00,32.849,30.221,32.994,230.0,266,False,96.064,"[None, 2048, 2048, 2048, 2048, 2048, 2048, 2048, 2048]","[2048, 2048, 2048, 2048, 2048, 2048, 2048]","[2048, 2048, 2048, 2048, 2048, 2048, 2064]",308.0
1251,9645,44,18,2024-11-29T14:10:54.619000+00:00,31.865,29.114,25.136,237.0,287,False,86.115,"[None, 2048, 2048, 2048, 2049, 2048, 2048, 2048, 2048]","[2048, 2048, 2048, 2048, 2048, 2048, 2048]","[2048, 2048, 2048, 2048, 2048, 2048, 2049]",303.0
1251,9645,23,20,2024-11-29T14:11:04.239000+00:00,57.491,28.896,29.586,238.0,272,True,115.973,"[2064, 2064, 2048, 2048, 2048, 2048, 2048, 2048, 2048]","[2048, 2048, 2048, 2048, 2048, 2048, 2048]","[2048, 2048, 2048, 2048, 2048, 2048, 2064]",182.0
1251,9645,11,20,2024-11-29T14:11:27.182000+00:00,35.622,35.14,32.933,136.0,277,False,103.695,"[None, 2048, 2048, 2048, 2048, 2048, 2048, 2048, 2048]","[2048, 2048, 2048, 2048, 2048, 2048, 2048]","[2048, 2048, 2048, 2048, 2048, 2048, 2064]",296.0
1251,9645,77,19,2024-11-29T14:11:29.579000+00:00,32.411,28.599,25.358,227.0,279,False,86.368,"[None, 2048, 2048, 2048, 2048, 2048, 2048, 2048, 2048]","[2049, 2048, 2048, 2048, 2048, 2049, 2048]","[2048, 2048, 2048, 2048, 2048, 2048, 2048]",285.0
1251,9645,20,18,2024-11-29T14:11:33.950000+00:00,31.991,29.281,25.103,,284,False,86.375,"[None, 2048, 2048, 2048, 2048, 2049, 2048, 2048, 2048]","[2048, 2048, 2048, 2048, 2048, 2048, 2048]","[2048, 2048, 2048, 2049, 2048, 2048, 2049]",
1251,9645,31,10,2024-11-29T14:11:38.540000+00:00,,31.641,28.479,136.0,264,True,1610.95,"[2064, 2064, 2048, 2048, 2048, 2048, 2048, 2048, 2048]","[2048, 2048, 2048, 2048, 2048, 2048, 2048]","[2048, 2048, 2048, 2048, 2048, 2048, 2048]",137.0
1251,9645,10,18,2024-11-29T14:11:39.197000+00:00,32.083,28.616,25.23,238.0,287,False,85.929,"[None, 2048, 2048, 2048, 2048, 2048, 2048, 2048, 2048]","[2048, 2048, 2048, 2048, 2048, 2048, 2048]","[2048, 2048, 2048, 2048, 2048, 2048, 2048]",297.0
1251,9645,14,17,2024-11-29T14:11:40.057000+00:00,31.988,29.181,25.492,238.0,284,False,86.661,"[None, 2048, 2048, 2048, 2048, 2049, 2049, 2048, 2048]","[2048, 2048, 2048, 2048, 2048, 2048, 2048]","[2048, 2048, 2048, 2048, 2048, 2048, 2048]",297.0
1251,9645,63,20,2024-11-29T14:11:42.924000+00:00,31.582,28.985,24.782,239.0,282,False,85.349,"[None, 2048, 2048, 2048, 2048, 2048, 2048, 2048, 2048]","[2048, 2048, 2048, 2048, 2049, 2048, 2048]","[2048, 2048, 2048, 2048, 2048, 2048, 2048]",300.0
1251,9645,18,18,2024-11-29T14:11:46.527000+00:00,33.35,29.599,32.387,233.0,269,False,95.336,"[None, 2048, 2048, 2048, 2048, 2048, 2048, 2048, 2048]","[2048, 2048, 2048, 2048, 2048, 2048, 2048]","[2048, 2048, 2048, 2048, 2048, 2048, 2064]",276.0
1251,9645,55,20,2024-11-29T14:11:55.169000+00:00,31.837,28.688,24.981,241.0,284,False,85.506,"[None, 2048, 2048, 2048, 2048, 2048, 2048, 2048, 2048]","[2048, 2048, 2048, 2048, 2048, 2048, 2048]","[2048, 2048, 2048, 2048, 2048, 2048, 2048]",294.0
1251,9645,81,17,2024-11-29T14:11:57.644000+00:00,31.303,28.694,24.467,241.0,283,False,84.464,"[None, 2048, 2048, 2048, 2051, 2049, 2048, 2048, 2048]","[2048, 2048, 2048, 2048, 2048, 2048, 2048]","[2049, 2049, 2048, 2048, 2048, 2048, 2048]",296.0
1251,9645,16,21,2024-11-29T14:12:03.187000+00:00,31.454,28.641,30.185,239.0,287,False,90.28,"[None, 2048, 2048, 2049, 2048, 2048, 2048, 2048, 2048]","[2048, 2048, 2048, 2048, 2048, 2048, 2048]","[2048, 2048, 2048, 2049, 2048, 2048, 2064]",289.0
1251,9645,44,19,2024-11-29T14:12:20.062000+00:00,32.091,29.222,25.353,235.0,285,False,86.666,"[None, 2048, 2048, 2048, 2048, 2048, 2048, 2048, 2048]","[2048, 2048, 2048, 2048, 2048, 2048, 2048]","[2048, 2048, 2048, 2048, 2048, 2048, 2048]",299.0
1251,9645,77,20,2024-11-29T14:12:55.949000+00:00,32.027,28.934,29.684,235.0,279,False,90.645,"[None, 2048, 2048, 2048, 2048, 2048, 2048, 2048, 2048]","[2048, 2048, 2048, 2048, 2048, 2048, 2048]","[2048, 2048, 2048, 2048, 2048, 2048, 2064]",282.0
1251,9645,20,19,2024-11-29T14:13:00.468000+00:00,32.077,28.955,29.829,234.0,278,False,90.861,"[None, 2048, 2048, 2048, 2048, 2049, 2048, 2048, 2048]","[2048, 2048, 2048, 2048, 2048, 2049, 2048]","[2048, 2049, 2048, 2049, 2048, 2048, 2064]",296.0
1251,9645,10,19,2024-11-29T14:13:05.141000+00:00,32.005,28.754,25.094,237.0,286,False,85.853,"[None, 2048, 2048, 2048, 2048, 2048, 2048, 2048, 2048]","[2048, 2048, 2048, 2048, 2048, 2048, 2048]","[2048, 2048, 2048, 2048, 2048, 2048, 2048]",298.0
1251,9645,14,18,2024-11-29T14:13:06.828000+00:00,32.254,28.899,36.459,239.0,270,False,97.612,"[None, 2048, 2048, 2048, 2048, 2048, 2048, 2048, 2048]","[2048, 2048, 2048, 2048, 2048, 2048, 2048]","[2048, 2048, 2048, 2048, 2048, 2048, 2064]",296.0
1251,9645,63,21,2024-11-29T14:13:08.412000+00:00,40.598,40.816,35.155,233.0,179,False,116.569,"[None, 2048, 2048, 2048, 2048, 2048, 2048, 2048, 2048]","[2048, 2048, 2048, 2048, 2048, 2048, 2048]","[2048, 2048, 2048, 2048, 2048, 2048, 2064]",265.0
1251,9645,31,11,2024-11-29T14:13:15.309000+00:00,31.62,28.427,24.861,239.0,284,False,84.908,"[2048, 2048, 2048, 2049, 2049, 2048, 2048, 2048, 2048]","[2049, 2048, 2049, 2049, 2049, 2049, 2048]","[2048, 2048, 2049, 2049, 2049, 2049, 2048]",315.0
1251,9645,55,21,2024-11-29T14:13:20.263000+00:00,31.614,28.661,24.651,240.0,288,False,84.926,"[None, 2048, 2048, 2048, 2048, 2049, 2051, 2048, 2048]","[2048, 2048, 2048, 2048, 2048, 2048, 2048]","[2048, 2048, 2048, 2048, 2048, 2048, 2049]",298.0
1251,9645,81,18,2024-11-29T14:13:22.078000+00:00,31.371,28.705,24.394,,284,False,84.47,"[None, 2048, 2048, 2048, 2048, 2048, 2048, 2048, 2048]","[2048, 2048, 2048, 2048, 2048, 2048, 2048]","[2049, 2049, 2049, 2049, 2048, 2048, 2048]",298.0
1251,9645,44,20,2024-11-29T14:13:46.718000+00:00,33.631,29.868,30.537,229.0,274,False,94.036,"[None, 2048, 2048, 2048, 2048, 2048, 2048, 2048, 2048]","[2048, 2048, 2048, 2048, 2048, 2048, 2048]","[2048, 2048, 2048, 2048, 2048, 2048, 2064]",298.0
1251,9645,16,22,2024-11-29T14:14:01.998000+00:00,63.827,34.522,36.673,218.0,199,True,135.022,"[2064, 2064, 2048, 2048, 2048, 2048, 2048, 2048, 2048]","[2048, 2048, 2048, 2048, 2048, 2048, 2048]","[2048, 2048, 2048, 2048, 2048, 2048, 2064]",132.0
1251,9645,10,20,2024-11-29T14:14:30.965000+00:00,31.962,28.68,24.919,238.0,287,False,85.561,"[None, 2048, 2048, 2048, 2048, 2048, 2048, 2048, 2048]","[2048, 2048, 2048, 2048, 2048, 2048, 2048]","[2048, 2048, 2048, 2048, 2048, 2048, 2048]",296.0
1251,9645,31,12,2024-11-29T14:14:40.166000+00:00,42.608,39.754,33.758,187.0,228,False,116.12,"[None, 2048, 2048, 2048, 2048, 2048, 2048, 2048, 2048]","[2048, 2048, 2048, 2048, 2048, 2048, 2048]","[2048, 2048, 2048, 2048, 2048, 2048, 2048]",297.0
1251,9645,55,22,2024-11-29T14:14:45.254000+00:00,31.575,28.564,29.18,239.0,285,False,89.319,"[None, 2048, 2048, 2048, 2048, 2048, 2048, 2048, 2048]","[2048, 2048, 2048, 2048, 2048, 2049, 2048]","[2048, 2048, 2048, 2048, 2048, 2048, 2064]",299.0
1251,9645,81,19,2024-11-29T14:14:46.521000+00:00,31.65,28.858,30.151,,281,False,90.659,"[None, 2048, 2048, 2048, 2048, 2048, 2048, 2048, 2048]","[2048, 2048, 2048, 2048, 2048, 2048, 2048]","[2048, 2048, 2048, 2048, 2048, 2048, 2064]",
1251,9645,10,21,2024-11-29T14:15:56.597000+00:00,31.98,28.712,24.809,239.0,287,False,85.501,"[None, 2048, 2048, 2048, 2048, 2049, 2048, 2048, 2048]","[2048, 2048, 2048, 2048, 2048, 2048, 2048]","[2048, 2048, 2048, 2048, 2048, 2048, 2048]",294.0
1251,9645,43,21,2024-11-29T14:16:30.517000+00:00,,32.703,28.465,227.0,264,True,507.902,"[2064, 2064, 2048, 2048, 2048, 2048, 2048, 2048, 2048]","[2048, 2048, 2048, 2048, 2048, 2048, 2048]","[2048, 2048, 2048, 2048, 2048, 2048, 2049]",112.0
1251,9645,31,13,2024-11-29T14:16:36.266000+00:00,31.604,28.471,24.753,244.0,284,False,84.828,"[None, 2048, 2048, 2048, 2048, 2049, 2049, 2049, 2049]","[2049, 2049, 2048, 2048, 2048, 2048, 2048]","[2049, 2049, 2049, 2048, 2049, 2049, 2048]",313.0
1251,9645,55,23,2024-11-29T14:16:42.087000+00:00,62.272,33.237,36.031,210.0,220,True,131.54,"[2064, 2064, 2048, 2048, 2048, 2048, 2048, 2048, 2048]","[2048, 2048, 2048, 2048, 2048, 2048, 2048]","[2048, 2048, 2048, 2048, 2048, 2048, 2064]",131.0
1251,9645,10,22,2024-11-29T14:17:22.156000+00:00,32.127,29.399,24.965,238.0,285,False,86.491,"[None, 2048, 2048, 2048, 2048, 2048, 2048, 2048, 2048]","[2048, 2048, 2048, 2048, 2048, 2048, 2048]","[2048, 2048, 2048, 2048, 2048, 2048, 2048]",290.0
1251,9645,31,14,2024-11-29T14:18:01.075000+00:00,47.003,41.234,28.865,173.0,191,False,117.102,"[None, 2048, 2048, 2048, 2048, 2048, 2048, 2048, 2048]","[2048, 2048, 2048, 2048, 2048, 2048, 2048]","[2048, 2048, 2048, 2048, 2048, 2048, 2049]",296.0
1251,9645,43,22,2024-11-29T14:18:11.859000+00:00,31.552,28.868,25.374,229.0,287,False,85.794,"[2049, 2049, 2049, 2048, 2048, 2049, 2049, 2049, 2048]","[2049, 2049, 2049, 2049, 2048, 2048, 2049]","[2049, 2048, 2049, 2048, 2048, 2048, 2048]",311.0
1251,9645,23,21,2024-11-29T14:18:25.836000+00:00,,34.774,29.074,226.0,228,True,450.958,"[None, 2064, 2048, 2048, 2048, 2048, 2048, 2048, 2048]","[2048, 2048, 2048, 2048, 2048, 2048, 2048]","[2048, 2048, 2048, 2048, 2048, 2048, 2049]",140.0
1251,9645,10,23,2024-11-29T14:18:48.597000+00:00,38.939,34.173,31.132,191.0,187,False,104.244,"[None, 2048, 2048, 2048, 2048, 2048, 2048, 2048, 2048]","[2048, 2048, 2048, 2048, 2048, 2048, 2048]","[2048, 2048, 2048, 2048, 2048, 2048, 2064]",284.0
1251,9645,24,19,2024-11-29T14:18:52.846000+00:00,,33.573,29.075,214.0,257,True,651.817,"[2064, 2064, 2048, 2048, 2048, 2048, 2048, 2048, 2048]","[2048, 2048, 2048, 2048, 2048, 2048, 2048]","[2048, 2048, 2048, 2048, 2048, 2048, 2048]",121.0
1251,9645,77,21,2024-11-29T14:19:27.368000+00:00,,30.776,28.166,222.0,258,True,395.172,"[2064, 2064, 2048, 2048, 2048, 2048, 2048, 2048, 2048]","[2048, 2048, 2048, 2048, 2048, 2048, 2048]","[2048, 2048, 2048, 2048, 2048, 2048, 2048]",127.0
1251,9645,43,23,2024-11-29T14:19:37.582000+00:00,48.354,42.631,36.008,173.0,255,False,126.993,"[2048, 2048, 2048, 2048, 2048, 2048, 2048, 2048, 2048]","[2048, 2048, 2048, 2048, 2048, 2048, 2048]","[2048, 2048, 2048, 2048, 2048, 2048, 2064]",148.0
1251,9645,31,15,2024-11-29T14:19:58.238000+00:00,31.402,28.344,24.534,240.0,284,False,84.28,"[None, 2048, 2048, 2048, 2049, 2048, 2049, 2049, 2048]","[2048, 2049, 2049, 2049, 2049, 2049, 2049]","[2049, 2049, 2049, 2049, 2049, 2049, 2049]",314.0
1251,9645,23,22,2024-11-29T14:20:03.004000+00:00,30.939,27.975,24.551,243.0,287,False,83.465,"[2049, 2049, 2049, 2051, 2049, 2049, 2049, 2049, 2049]","[2051, 2049, 2049, 2051, 2049, 2051, 2049]","[2049, 2049, 2049, 2049, 2049, 2049, 2049]",313.0
1251,9645,27,20,2024-11-29T14:20:11.183000+00:00,,33.925,28.453,209.0,258,True,571.605,"[2064, 2064, 2048, 2048, 2048, 2048, 2048, 2048, 2048]","[2048, 2048, 2048, 2048, 2048, 2048, 2048]","[2048, 2048, 2048, 2048, 2048, 2048, 2049]",167.0
1251,9645,18,19,2024-11-29T14:20:17.581000+00:00,,37.37,28.834,157.0,249,True,520.956,"[2064, 2064, 2048, 2048, 2048, 2048, 2048, 2048, 2048]","[2048, 2048, 2048, 2048, 2048, 2048, 2048]","[2048, 2048, 2048, 2048, 2048, 2048, 2049]",124.0
1251,9645,20,20,2024-11-29T14:20:20.279000+00:00,,37.425,32.79,211.0,260,True,457.669,"[2064, 2064, 2048, 2048, 2048, 2048, 2048, 2048, 2048]","[2048, 2048, 2048, 2048, 2048, 2048, 2048]","[2048, 2048, 2048, 2048, 2048, 2048, 2049]",76.0
1251,9645,14,19,2024-11-29T14:20:27.419000+00:00,,33.009,33.054,211.0,203,True,451.051,"[2064, 2064, 2048, 2048, 2048, 2048, 2048, 2048, 2048]","[2048, 2048, 2048, 2048, 2048, 2048, 2048]","[2048, 2048, 2048, 2048, 2048, 2048, 2051]",100.0
1251,9645,1,21,2024-11-29T14:20:32.444000+00:00,,36.748,34.52,229.0,148,True,625.207,"[2064, 2064, 2048, 2048, 2048, 2048, 2048, 2048, 2048]","[2048, 2048, 2048, 2048, 2048, 2048, 2048]","[2048, 2048, 2048, 2048, 2048, 2048, 2049]",131.0
1251,9645,24,20,2024-11-29T14:20:33.319000+00:00,31.623,28.488,25.224,241.0,279,False,85.335,"[2048, 2048, 2048, 2049, 2049, 2049, 2049, 2049, 2049]","[2049, 2049, 2049, 2049, 2049, 2049, 2048]","[2049, 2049, 2049, 2049, 2048, 2049, 2049]",302.0
1251,9645,16,23,2024-11-29T14:20:42.580000+00:00,,31.763,39.181,226.0,263,True,399.912,"[None, 2064, 2048, 2048, 2048, 2048, 2048, 2048, 2048]","[2048, 2048, 2048, 2048, 2048, 2048, 2048]","[2048, 2048, 2048, 2048, 2048, 2048, 2049]",116.0
1251,9645,63,22,2024-11-29T14:20:45.832000+00:00,,36.415,29.492,198.0,269,True,449.25,"[2064, 2064, 2048, 2048, 2048, 2048, 2048, 2048, 2048]","[2048, 2048, 2048, 2048, 2048, 2048, 2048]","[2048, 2048, 2048, 2048, 2048, 2048, 2048]",86.0
1251,9645,4,18,2024-11-29T14:20:54.876000+00:00,,31.144,33.462,226.0,194,True,679.386,"[2064, 2064, 2048, 2048, 2048, 2048, 2048, 2048, 2048]","[2048, 2048, 2048, 2048, 2048, 2048, 2048]","[2048, 2048, 2048, 2048, 2048, 2048, 2049]",87.0
1251,9645,77,22,2024-11-29T14:21:01.937000+00:00,31.126,28.117,25.058,244.0,278,False,84.301,"[2048, 2048, 2048, 2048, 2049, 2048, 2049, 2049, 2049]","[2049, 2049, 2051, 2049, 2049, 2048, 2048]","[2048, 2049, 2049, 2049, 2048, 2048, 2048]",301.0
1251,9645,22,21,2024-11-29T14:21:06.899000+00:00,,34.4,28.68,199.0,265,True,717.677,"[2064, 2064, 2048, 2048, 2048, 2048, 2048, 2048, 2048]","[2048, 2048, 2048, 2048, 2048, 2048, 2048]","[2048, 2048, 2048, 2048, 2048, 2048, 2049]",80.0
1251,9645,30,22,2024-11-29T14:21:12.750000+00:00,,34.035,30.411,219.0,267,True,689.306,"[2064, 2064, 2048, 2048, 2048, 2048, 2048, 2048, 2048]","[2048, 2048, 2048, 2048, 2048, 2048, 2048]","[2048, 2048, 2048, 2048, 2048, 2048, 2048]",86.0
1251,9645,11,21,2024-11-29T14:21:16.562000+00:00,,31.229,33.588,227.0,262,True,591.601,"[2064, 2064, 2048, 2048, 2048, 2048, 2048, 2048, 2048]","[2048, 2048, 2048, 2048, 2048, 2048, 2048]","[2048, 2048, 2048, 2048, 2048, 2048, 2048]",70.0
1251,9645,55,24,2024-11-29T14:21:19.519000+00:00,,32.858,33.536,205.0,260,True,282.606,"[None, 2064, 2048, 2048, 2048, 2048, 2048, 2048, 2048]","[2048, 2048, 2048, 2048, 2048, 2048, 2048]","[2048, 2048, 2048, 2048, 2048, 2048, 2048]",57.0
1251,9645,31,16,2024-11-29T14:21:22.539000+00:00,38.37,36.937,42.365,198.0,226,False,117.672,"[None, 2048, 2048, 2048, 2048, 2048, 2048, 2048, 2048]","[2048, 2048, 2048, 2048, 2048, 2048, 2048]","[2048, 2048, 2048, 2048, 2048, 2048, 2064]",296.0
1251,9645,23,23,2024-11-29T14:21:26.416000+00:00,46.88,44.742,40.629,141.0,178,False,132.251,"[2048, 2048, 2048, 2048, 2048, 2048, 2048, 2048, 2048]","[2048, 2048, 2048, 2048, 2048, 2048, 2048]","[2048, 2048, 2048, 2048, 2048, 2048, 2064]",256.0
1251,9645,27,21,2024-11-29T14:21:49.854000+00:00,30.913,27.945,24.569,245.0,288,False,83.427,"[2049, 2048, 2049, 2049, 2049, 2049, 2049, 2049, 2048]","[2049, 2051, 2049, 2051, 2049, 2049, 2048]","[2049, 2049, 2049, 2049, 2049, 2049]",317.0
1251,9645,24,21,2024-11-29T14:21:58.562000+00:00,61.55,45.917,40.604,112.0,140,False,148.071,"[None, 2048, 2048, 2048, 2048, 2048, 2048, 2048, 2048]","[2048, 2048, 2048, 2048, 2048, 2048, 2048]","[2048, 2048, 2048, 2048, 2048, 2048, 2064]",132.0
1251,9645,18,20,2024-11-29T14:22:02.915000+00:00,30.884,27.847,24.368,245.0,286,False,83.099,"[2049, 2049, 2049, 2049, 2049, 2049, 2049, 2049, 2049]","[2051, 2049, 2049, 2049, 2051, 2049, 2049]","[2049, 2049, 2049, 2049, 2051, 2049, 2049]",313.0
1251,9645,20,21,2024-11-29T14:22:08.870000+00:00,38.034,50.203,41.76,104.0,236,False,129.997,"[2049, 2049, 2049, 2048, 2049, 2048, 2048, 2048, 2048]","[2048, 2048, 2048, 2048, 2048, 2048, 2048]","[2048, 2048, 2048, 2048, 2048, 2048, 2048]",319.0
1251,9645,14,20,2024-11-29T14:22:15.340000+00:00,30.869,28.049,24.309,247.0,287,False,83.227,"[2048, 2048, 2049, 2048, 2049, 2049, 2049, 2048, 2049]","[2049, 2049, 2049, 2049, 2049, 2049, 2049]","[2049, 2049, 2049, 2049, 2049, 2048, 2048]",317.0
1251,9645,43,24,2024-11-29T14:22:15.928000+00:00,71.641,36.904,29.481,207.0,139,True,138.026,"[2064, 2064, 2048, 2048, 2048, 2048, 2048, 2048, 2048]","[2048, 2048, 2048, 2048, 2048, 2048, 2048]","[2048, 2048, 2048, 2048, 2048, 2048, 2048]",104.0
1251,9645,81,20,2024-11-29T14:22:21.125000+00:00,,30.246,30.925,231.0,270,True,470.323,"[2064, 2064, 2048, 2048, 2048, 2048, 2048, 2048, 2048]","[2048, 2048, 2048, 2048, 2048, 2048, 2048]","[2048, 2048, 2048, 2048, 2048, 2048, 2049]",66.0
1251,9645,1,22,2024-11-29T14:22:21.952000+00:00,30.811,28.017,24.385,249.0,289,False,83.213,"[2049, 2048, 2048, 2049, 2048, 2049, 2049, 2049, 2049]","[2049, 2049, 2049, 2049, 2049, 2049, 2049]","[2048, 2049, 2049, 2049, 2048, 2049, 2048]",319.0
1251,9645,77,23,2024-11-29T14:22:26.002000+00:00,52.725,44.406,34.108,170.0,229,False,131.239,"[None, 2048, 2048, 2048, 2048, 2048, 2048, 2048, 2048]","[2048, 2048, 2048, 2048, 2048, 2048, 2048]","[2048, 2048, 2048, 2048, 2048, 2048, 2049]",106.0
1251,9645,16,24,2024-11-29T14:22:28.385000+00:00,30.413,27.789,24.04,250.0,288,False,82.242,"[2049, 2049, 2049, 2049, 2049, 2049, 2049, 2051, 2051]","[2049, 2049, 2051, 2048, 2049, 2051, 2049]","[2049, 2051, 2051, 2051, 2049, 2049, 2048]",315.0
1251,9645,44,21,2024-11-29T14:22:32.998000+00:00,,30.439,34.381,225.0,274,True,538.989,"[2064, 2064, 2048, 2048, 2048, 2048, 2048, 2048, 2048]","[2048, 2048, 2048, 2048, 2048, 2048, 2048]","[2048, 2048, 2048, 2048, 2048, 2048, 2049]",82.0
1251,9645,63,23,2024-11-29T14:22:34.178000+00:00,30.73,28.176,24.254,246.0,290,False,83.16,"[2048, 2048, 2048, 2048, 2049, 2051, 2051, 2048, 2048]","[2048, 2048, 2049, 2051, 2048, 2049, 2049]","[2049, 2049, 2048, 2048, 2051, 2048, 2048]",318.0
1251,9645,4,19,2024-11-29T14:22:40.759000+00:00,33.972,33.137,39.874,177.0,271,False,106.983,"[2049, 2049, 2048, 2051, 2048, 2048, 2048, 2048, 2048]","[2048, 2048, 2048, 2048, 2048, 2048, 2048]","[2048, 2048, 2048, 2048, 2048, 2048, 2048]",314.0
1251,9645,22,22,2024-11-29T14:22:51.356000+00:00,30.793,28.122,24.46,246.0,288,False,83.375,"[2049, 2049, 2049, 2049, 2049, 2049, 2049, 2049, 2048]","[2049, 2049, 2049, 2049, 2049, 2049, 2049]","[2049, 2049, 2049, 2049, 2049, 2049]",316.0
1251,9645,30,23,2024-11-29T14:22:58.247000+00:00,39.033,34.985,32.266,220.0,267,False,106.284,"[2049, 2049, 2049, 2048, 2048, 2048, 2048, 2048, 2048]","[2048, 2048, 2048, 2048, 2048, 2048, 2048]","[2048, 2048, 2048, 2048, 2048, 2048, 2049]",315.0
1251,9645,11,22,2024-11-29T14:23:02.596000+00:00,30.956,28.31,24.773,246.0,288,False,84.039,"[2048, 2048, 2051, 2049, 2049, 2049, 2049, 2049, 2048]","[2049, 2049, 2049, 2049, 2048, 2049, 2048]","[2049, 2049, 2049, 2048, 2048, 2048]",320.0
1251,9645,55,25,2024-11-29T14:23:08.705000+00:00,30.677,28.018,24.287,246.0,288,False,82.982,"[2048, 2048, 2049, 2049, 2049, 2048, 2049, 2048, 2048]","[2049, 2049, 2048, 2049, 2049, 2049, 2049]","[2049, 2048, 2048, 2049, 2049, 2048]",316.0
1251,9645,27,22,2024-11-29T14:23:13.176000+00:00,40.807,35.315,39.619,190.0,215,False,115.741,"[2048, 2048, 2048, 2048, 2048, 2048, 2048, 2048, 2048]","[2048, 2048, 2048, 2048, 2048, 2048, 2048]","[2048, 2048, 2048, 2048, 2048, 2048, 2064]",261.0
1251,9645,18,21,2024-11-29T14:23:25.954000+00:00,47.138,43.156,49.325,138.0,177,False,139.619,"[2048, 2048, 2048, 2048, 2048, 2048, 2048, 2048, 2048]","[2048, 2048, 2048, 2048, 2048, 2048, 2048]","[2048, 2048, 2048, 2048, 2048, 2048, 2064]",246.0
1251,9645,14,21,2024-11-29T14:23:38.568000+00:00,49.167,41.379,40.386,182.0,250,False,130.932,"[None, 2048, 2048, 2048, 2048, 2048, 2048, 2048, 2048]","[2048, 2048, 2048, 2048, 2048, 2048, 2048]","[2048, 2048, 2048, 2048, 2048, 2048, 2064]",148.0
1251,9645,1,23,2024-11-29T14:23:45.080000+00:00,51.023,41.561,40.539,115.0,151,False,133.123,"[2048, 2048, 2048, 2048, 2048, 2048, 2048, 2048, 2048]","[2048, 2048, 2048, 2048, 2048, 2048, 2048]","[2048, 2048, 2048, 2048, 2048, 2048, 2064]",135.0
1251,9645,16,25,2024-11-29T14:23:50.643000+00:00,46.879,41.972,40.565,145.0,199,False,129.416,"[2048, 2048, 2048, 2048, 2048, 2048, 2048, 2048, 2048]","[2048, 2048, 2048, 2048, 2048, 2048, 2048]","[2048, 2048, 2048, 2048, 2048, 2048, 2064]",223.0
1251,9645,63,24,2024-11-29T14:23:57.267000+00:00,60.376,56.111,41.969,146.0,155,False,158.456,"[None, 2048, 2048, 2048, 2048, 2048, 2048, 2048, 2048]","[2048, 2048, 2048, 2048, 2048, 2048, 2048]","[2048, 2048, 2048, 2048, 2048, 2048, 2064]",165.0
1251,9645,43,25,2024-11-29T14:24:02.694000+00:00,31.228,28.322,24.65,244.0,287,False,84.2,"[2049, 2049, 2049, 2048, 2049, 2049, 2048, 2048, 2049]","[2049, 2049, 2048, 2049, 2049, 2049, 2049]","[2049, 2049, 2049, 2049, 2048, 2049, 2049]",312.0
1251,9645,31,17,2024-11-29T14:24:04.112000+00:00,81.519,32.736,31.986,228.0,266,True,146.241,"[2064, 2064, 2048, 2048, 2048, 2048, 2048, 2048, 2048]","[2048, 2048, 2048, 2048, 2048, 2048, 2048]","[2048, 2048, 2048, 2048, 2048, 2048, 2048]",138.0
1251,9645,81,21,2024-11-29T14:24:07.542000+00:00,30.354,28.007,24.064,233.0,288,False,82.425,"[2049, 2049, 2049, 2049, 2051, 2049, 2049, 2051, 2048]","[2049, 2049, 2049, 2051, 2049, 2049, 2049]","[2049, 2049, 2049, 2049, 2049, 2048, 2049]",314.0
1251,9645,23,24,2024-11-29T14:24:07.992000+00:00,76.954,39.946,30.563,167.0,98,True,147.463,"[2064, 2064, 2048, 2048, 2048, 2048, 2048, 2048, 2048]","[2048, 2048, 2048, 2048, 2048, 2048, 2048]","[2048, 2048, 2048, 2048, 2048, 2048, 2048]",99.0
1251,9645,22,23,2024-11-29T14:24:14.602000+00:00,54.156,40.011,37.73,123.0,208,False,131.897,"[2048, 2048, 2048, 2048, 2048, 2048, 2048, 2048, 2048]","[2048, 2048, 2048, 2048, 2048, 2048, 2048]","[2048, 2048, 2048, 2048, 2048, 2048, 2064]",148.0
1251,9645,20,22,2024-11-29T14:24:18.801000+00:00,54.556,35.385,26.828,108.0,263,False,116.769,"[2048, 2048, 2048, 2048, 2048, 2048, 2048, 2048, 2048]","[2048, 2048, 2048, 2048, 2048, 2048, 2048]","[2048, 2048, 2048, 2048, 2048, 2048, 2048]",258.0
1251,9645,44,22,2024-11-29T14:24:19.748000+00:00,30.659,28.029,24.5,246.0,291,False,83.188,"[2049, 2049, 2049, 2049, 2049, 2051, 2051, 2049, 2049]","[2049, 2049, 2049, 2049, 2048, 2049, 2049]","[2049, 2049, 2049, 2049, 2049, 2049, 2048]",319.0
1251,9645,11,23,2024-11-29T14:24:26.409000+00:00,54.611,42.005,41.514,123.0,208,False,138.13,"[None, 2048, 2048, 2048, 2048, 2048, 2048, 2048, 2048]","[2048, 2048, 2048, 2048, 2048, 2048, 2048]","[2048, 2048, 2048, 2048, 2048, 2048, 2064]",147.0
1251,9645,4,20,2024-11-29T14:24:27.706000+00:00,30.272,27.973,24.133,244.0,288,False,82.378,"[None, 2049, 2049, 2051, 2049, 2049, 2049, 2049, 2049]","[2048, 2049, 2049, 2049, 2049, 2049, 2048]","[2049, 2049, 2048, 2048, 2049, 2051, 2048]",316.0
1251,9645,55,26,2024-11-29T14:24:31.587000+00:00,51.335,37.723,40.364,166.0,193,False,129.422,"[None, 2048, 2048, 2048, 2048, 2048, 2048, 2048, 2048]","[2048, 2048, 2048, 2048, 2048, 2048, 2048]","[2048, 2048, 2048, 2048, 2048, 2048, 2064]",145.0
1251,9645,77,24,2024-11-29T14:24:37.333000+00:00,30.771,27.889,24.773,246.0,282,False,83.433,"[2049, 2049, 2049, 2048, 2049, 2048, 2049, 2049, 2049]","[2051, 2051, 2049, 2049, 2048, 2049, 2048]","[2048, 2048, 2049, 2049, 2049, 2049]",310.0
1251,9645,30,24,2024-11-29T14:24:44.564000+00:00,30.935,28.481,24.415,242.0,287,False,83.831,"[None, 2049, 2049, 2049, 2049, 2049, 2049, 2049, 2049]","[2049, 2049, 2049, 2049, 2049, 2049, 2049]","[2049, 2049, 2049, 2049, 2049, 2049, 2049]",318.0
1251,9645,24,22,2024-11-29T14:24:59.114000+00:00,70.62,35.15,30.738,210.0,254,True,136.508,"[2064, 2064, 2048, 2048, 2048, 2048, 2048, 2048, 2048]","[2048, 2048, 2048, 2048, 2048, 2048, 2048]","[2048, 2048, 2048, 2048, 2048, 2048, 2048]",110.0
1251,9645,10,24,2024-11-29T14:25:06.966000+00:00,,33.008,33.304,207.0,266,True,376.319,"[2064, 2064, 2048, 2048, 2048, 2048, 2048, 2048, 2048]","[2048, 2048, 2048, 2048, 2048, 2048, 2048]","[2048, 2048, 2048, 2048, 2048, 2048, 2049]",172.0
1251,9645,43,26,2024-11-29T14:25:26.882000+00:00,42.154,40.776,30.714,205.0,234,False,113.644,"[2048, 2048, 2048, 2048, 2048, 2048, 2048, 2048, 2048]","[2048, 2048, 2048, 2048, 2048, 2048, 2048]","[2048, 2048, 2048, 2048, 2048, 2048, 2064]",141.0
1251,9645,81,22,2024-11-29T14:25:29.837000+00:00,46.262,36.15,33.165,114.0,259,False,115.577,"[2048, 2048, 2048, 2048, 2048, 2048, 2048, 2048, 2048]","[2048, 2048, 2048, 2048, 2048, 2048, 2048]","[2048, 2048, 2048, 2048, 2048, 2048, 2064]",111.0
1251,9645,44,23,2024-11-29T14:25:42.807000+00:00,54.063,47.291,47.347,83.0,201,False,148.701,"[2048, 2048, 2048, 2048, 2048, 2048, 2048, 2048, 2048]","[2048, 2048, 2048, 2048, 2048, 2048, 2048]","[2048, 2048, 2048, 2048, 2048, 2048, 2064]",179.0
1251,9645,31,18,2024-11-29T14:25:46.426000+00:00,31.145,28.283,28.711,241.0,284,False,88.139,"[2049, 2049, 2049, 2049, 2049, 2049, 2049, 2049, 2048]","[2048, 2049, 2049, 2048, 2048, 2049, 2049]","[2049, 2049, 2049, 2048, 2048, 2048, 2064]",317.0
1251,9645,4,21,2024-11-29T14:25:50.015000+00:00,33.755,30.038,32.824,219.0,266,False,96.617,"[2048, 2048, 2048, 2048, 2048, 2048, 2048, 2048, 2048]","[2048, 2048, 2048, 2048, 2048, 2048, 2048]","[2048, 2048, 2048, 2048, 2048, 2048, 2064]",280.0
1251,9645,77,25,2024-11-29T14:26:00.650000+00:00,40.658,39.57,30.219,170.0,255,False,110.447,"[2048, 2048, 2048, 2048, 2048, 2048, 2048, 2048, 2048]","[2048, 2048, 2048, 2048, 2048, 2048, 2048]","[2048, 2048, 2048, 2048, 2048, 2048, 2048]",268.0
1251,9645,23,25,2024-11-29T14:26:06.289000+00:00,30.73,27.791,24.64,245.0,286,False,83.161,"[2049, 2049, 2049, 2049, 2049, 2049, 2049, 2049, 2049]","[2049, 2049, 2049, 2049, 2048, 2051, 2049]","[2048, 2049, 2049, 2048, 2048, 2048]",314.0
1251,9645,30,25,2024-11-29T14:26:08.224000+00:00,51.145,42.613,32.903,155.0,143,False,126.661,"[2048, 2048, 2048, 2048, 2048, 2048, 2048, 2048, 2048]","[2048, 2048, 2048, 2048, 2048, 2048, 2048]","[2048, 2048, 2048, 2048, 2048, 2048, 2048]",136.0
1251,9645,20,23,2024-11-29T14:26:15.624000+00:00,30.963,28.13,24.636,240.0,287,False,83.729,"[2049, 2049, 2049, 2049, 2048, 2049, 2049, 2049, 2048]","[2049, 2049, 2049, 2049, 2049, 2049, 2049]","[2049, 2049, 2049, 2049, 2049, 2048, 2048]",320.0
1251,9645,16,26,2024-11-29T14:26:29.490000+00:00,67.441,42.946,30.518,169.0,245,True,140.905,"[2064, 2064, 2048, 2048, 2048, 2048, 2048, 2048, 2048]","[2048, 2048, 2048, 2048, 2048, 2048, 2048]","[2048, 2048, 2048, 2048, 2048, 2048, 2048]",134.0
1251,9645,27,23,2024-11-29T14:26:40.112000+00:00,,35.484,32.138,201.0,222,True,201.918,"[2064, 2064, 2048, 2048, 2048, 2048, 2048, 2048, 2048]","[2048, 2048, 2048, 2048, 2048, 2048, 2048]","[2048, 2048, 2048, 2048, 2048, 2048, 2048]",133.0
1251,9645,24,23,2024-11-29T14:26:43.178000+00:00,31.054,28.027,24.907,240.0,282,False,83.988,"[2049, 2049, 2049, 2049, 2049, 2049, 2049, 2049, 2048]","[2049, 2049, 2049, 2049, 2049, 2049, 2049]","[2049, 2049, 2049, 2049, 2049, 2048]",307.0
1251,9645,10,25,2024-11-29T14:26:49.111000+00:00,31.146,28.13,24.344,243.0,286,False,83.62,"[2048, 2049, 2049, 2048, 2048, 2048, 2048, 2049, 2048]","[2048, 2048, 2048, 2049, 2049, 2048, 2048]","[2048, 2049, 2049, 2049, 2048, 2049]",319.0
1251,9645,22,24,2024-11-29T14:26:58.977000+00:00,74.399,36.55,29.949,180.0,249,True,140.898,"[2064, 2064, 2048, 2048, 2048, 2048, 2048, 2048, 2048]","[2048, 2048, 2048, 2048, 2048, 2048, 2048]","[2048, 2048, 2048, 2048, 2048, 2048, 2048]",100.0
1251,9645,55,27,2024-11-29T14:27:08.576000+00:00,66.331,35.123,31.133,198.0,242,True,132.587,"[2064, 2064, 2048, 2048, 2048, 2048, 2048, 2048, 2048]","[2048, 2048, 2048, 2048, 2048, 2048, 2048]","[2048, 2048, 2048, 2048, 2048, 2048, 2048]",90.0
1251,9645,23,26,2024-11-29T14:27:29.240000+00:00,41.253,37.488,34.893,166.0,259,False,113.634,"[2048, 2048, 2048, 2048, 2048, 2048, 2048, 2048, 2048]","[2048, 2048, 2048, 2048, 2048, 2048, 2048]","[2048, 2048, 2048, 2048, 2048, 2048, 2064]",276.0
1251,9645,20,24,2024-11-29T14:27:39.372000+00:00,57.03,33.126,35.698,210.0,262,False,125.854,"[2048, 2048, 2048, 2048, 2048, 2048, 2048, 2048, 2048]","[2048, 2048, 2048, 2048, 2048, 2048, 2048]","[2048, 2048, 2048, 2048, 2048, 2048, 2049]",111.0
1251,9645,77,26,2024-11-29T14:27:51.163000+00:00,39.244,35.333,30.071,210.0,257,False,104.648,"[None, 2048, 2048, 2048, 2048, 2048, 2048, 2048, 2048]","[2048, 2048, 2048, 2048, 2048, 2048, 2048]","[2048, 2048, 2048, 2048, 2048, 2048, 2049]",262.0
1251,9645,81,23,2024-11-29T14:27:53.230000+00:00,65.536,31.723,28.577,211.0,269,True,125.836,"[2064, 2064, 2048, 2048, 2048, 2048, 2048, 2048, 2048]","[2048, 2048, 2048, 2048, 2048, 2048, 2048]","[2048, 2048, 2048, 2048, 2048, 2048, 2048]",115.0
1251,9645,31,19,2024-11-29T14:27:58.681000+00:00,85.248,43.845,45.393,192.0,160,True,174.486,"[2064, 2064, 2048, 2048, 2048, 2048, 2048, 2048, 2048]","[2048, 2048, 2048, 2048, 2048, 2048, 2048]","[2048, 2048, 2048, 2048, 2048, 2048, 2048]",158.0
1251,9645,43,27,2024-11-29T14:27:59.875000+00:00,72.004,46.352,45.068,145.0,112,True,163.424,"[2064, 2064, 2048, 2048, 2048, 2048, 2048, 2048, 2048]","[2048, 2048, 2048, 2048, 2048, 2048, 2048]","[2048, 2048, 2048, 2048, 2048, 2048, 2048]",163.0
1251,9645,24,24,2024-11-29T14:28:07.031000+00:00,36.685,39.364,28.978,74.0,257,False,105.027,"[2048, 2048, 2048, 2048, 2048, 2048, 2048, 2048, 2048]","[2048, 2048, 2048, 2048, 2048, 2048, 2048]","[2048, 2048, 2048, 2048, 2048, 2048, 2048]",291.0
1251,9645,10,26,2024-11-29T14:28:12.652000+00:00,42.793,34.556,38.187,203.0,249,False,115.536,"[None, 2048, 2048, 2048, 2048, 2048, 2048, 2048, 2048]","[2048, 2048, 2048, 2048, 2048, 2048, 2048]","[2048, 2048, 2048, 2048, 2048, 2048, 2048]",265.0
1251,9645,30,26,2024-11-29T14:28:14.922000+00:00,31.047,28.121,24.394,248.0,286,False,83.562,"[2049, 2049, 2049, 2048, 2048, 2048, 2048, 2048, 2049]","[2049, 2049, 2049, 2049, 2049, 2049, 2049]","[2049, 2049, 2049, 2048, 2049, 2048]",318.0
1251,9645,1,24,2024-11-29T14:28:16.442000+00:00,,35.836,33.416,197.0,265,True,247.882,"[2064, 2064, 2048, 2048, 2048, 2048, 2048, 2048, 2048]","[2048, 2048, 2048, 2048, 2048, 2048, 2048]","[2048, 2048, 2048, 2048, 2048, 2048, 2048]",170.0
1251,9645,16,27,2024-11-29T14:28:20.967000+00:00,30.334,27.701,23.918,251.0,288,False,81.953,"[2048, 2048, 2048, 2049, 2049, 2049, 2049, 2049, 2051]","[2049, 2049, 2048, 2049, 2048, 2051, 2049]","[2048, 2051, 2051, 2048, 2048, 2049, 2049]",314.0
1251,9645,27,24,2024-11-29T14:28:30.943000+00:00,30.717,27.842,24.686,245.0,288,False,83.245,"[2049, 2048, 2049, 2049, 2049, 2049, 2049, 2049, 2048]","[2051, 2051, 2048, 2049, 2048, 2049, 2049]","[2048, 2048, 2049, 2048, 2049, 2048]",318.0
1251,9645,11,24,2024-11-29T14:28:46.854000+00:00,,31.678,26.802,213.0,263,True,223.034,"[2064, 2064, 2048, 2048, 2048, 2048, 2048, 2048, 2048]","[2048, 2048, 2048, 2048, 2048, 2048, 2048]","[2048, 2048, 2048, 2048, 2048, 2048, 2048]",169.0
1251,9645,22,25,2024-11-29T14:28:47.505000+00:00,30.757,27.893,24.395,247.0,287,False,83.045,"[2048, 2048, 2048, 2048, 2049, 2048, 2048, 2049, 2049]","[2049, 2049, 2049, 2049, 2049, 2049, 2049]","[2048, 2049, 2049, 2049, 2049, 2049]",314.0
1251,9645,14,22,2024-11-29T14:28:51.497000+00:00,,30.233,28.345,206.0,269,True,286.027,"[2064, 2064, 2048, 2048, 2048, 2048, 2048, 2048, 2048]","[2048, 2048, 2048, 2048, 2048, 2048, 2048]","[2048, 2048, 2048, 2048, 2048, 2048, 2048]",171.0
1251,9645,55,28,2024-11-29T14:28:53.767000+00:00,30.532,27.915,24.088,248.0,286,False,82.535,"[2048, 2048, 2048, 2049, 2049, 2049, 2049, 2048, 2048]","[2049, 2049, 2048, 2048, 2048, 2048, 2048]","[2048, 2048, 2049, 2049, 2048, 2049]",315.0
1251,9645,18,22,2024-11-29T14:29:13.532000+00:00,,29.795,26.187,223.0,265,True,296.296,"[2064, 2064, 2048, 2048, 2048, 2048, 2048, 2048, 2048]","[2048, 2048, 2048, 2048, 2048, 2048, 2048]","[2048, 2048, 2048, 2048, 2048, 2048, 2048]",174.0
1251,9645,81,24,2024-11-29T14:29:31.432000+00:00,34.643,38.888,33.197,136.0,178,False,106.728,"[2048, 2048, 2048, 2049, 0, 0, 2048, 2048, 2048]","[2048, 2048, 2048, 2048, 2048, 2048, 2048]","[2048, 2048, 2048, 2048, 2048, 2048, 2048]",311.0
1251,9645,77,27,2024-11-29T14:29:35.949000+00:00,30.785,27.65,24.629,245.0,282,False,83.064,"[2049, 2048, 2048, 2049, 2048, 2048, 2049, 2049, 2048]","[2049, 2048, 2051, 2049, 2049, 2049, 2048]","[2048, 2049, 2048, 2049, 2049, 2049, 2048]",310.0
1251,9645,30,27,2024-11-29T14:29:38.451000+00:00,47.969,35.418,30.475,163.0,263,False,113.862,"[2048, 2048, 2048, 2048, 2048, 2048, 2048, 2048, 2048]","[2048, 2048, 2048, 2048, 2048, 2048, 2048]","[2048, 2048, 2048, 2048, 2048, 2048, 2048]",302.0
1251,9645,16,28,2024-11-29T14:29:42.789000+00:00,39.525,34.563,28.63,133.0,256,False,102.718,"[None, 2048, 2048, 2048, 2048, 2048, 2048, 2048, 2048]","[2048, 2048, 2048, 2048, 2048, 2048, 2048]","[2048, 2048, 2048, 2048, 2048, 2048, 2048]",185.0
1251,9645,44,24,2024-11-29T14:29:43.858000+00:00,,29.967,25.301,205.0,284,True,189.724,"[2064, 2064, 2048, 2048, 2048, 2048, 2048, 2048, 2048]","[2048, 2048, 2048, 2048, 2048, 2048, 2048]","[2048, 2048, 2048, 2048, 2048, 2048, 2048]",120.0
1251,9645,20,25,2024-11-29T14:29:45.195000+00:00,30.909,28.022,24.784,245.0,287,False,83.715,"[2049, 2049, 2051, 2048, 2048, 2049, 2048, 2049, 2049]","[2048, 2049, 2049, 2048, 2049, 2049, 2049]","[2049, 2049, 2048, 2048, 2048, 2048, 2048]",320.0
1251,9645,63,25,2024-11-29T14:29:47.843000+00:00,,29.431,25.324,235.0,282,True,298.582,"[2064, 2064, 2048, 2048, 2048, 2048, 2048, 2048, 2048]","[2048, 2048, 2048, 2048, 2048, 2048, 2048]","[2048, 2048, 2048, 2048, 2048, 2048, 2048]",153.0
1251,9645,4,22,2024-11-29T14:29:51.533000+00:00,,29.918,29.438,220.0,271,True,257.598,"[2064, 2064, 2048, 2048, 2048, 2048, 2048, 2048, 2048]","[2048, 2048, 2048, 2048, 2048, 2048, 2048]","[2048, 2048, 2048, 2048, 2048, 2048, 2048]",163.0
1251,9645,24,25,2024-11-29T14:29:52.192000+00:00,30.988,28.13,24.762,242.0,282,False,83.88,"[2049, 2049, 2049, 2048, 2048, 2049, 2049, 2048, 2048]","[2048, 2048, 2048, 2048, 2048, 2049, 2048]","[2049, 2049, 2049, 2049, 2049, 2049]",313.0
1251,9645,27,25,2024-11-29T14:29:54.788000+00:00,37.596,32.371,28.586,216.0,263,False,98.553,"[2048, 2048, 2048, 2048, 2048, 2048, 2048, 2048, 2048]","[2048, 2048, 2048, 2048, 2048, 2048, 2048]","[2048, 2048, 2048, 2048, 2048, 2048, 2048]",277.0
1251,9645,23,27,2024-11-29T14:29:54.812000+00:00,93.218,30.788,33.487,215.0,279,True,157.493,"[2064, 2064, 2048, 2048, 2048, 2048, 2048, 2048, 2048]","[2048, 2048, 2048, 2048, 2048, 2048, 2048]","[2048, 2048, 2048, 2048, 2048, 2048, 2048]",166.0
1251,9645,43,28,2024-11-29T14:30:04.073000+00:00,38.244,31.258,40.147,229.0,267,False,109.649,"[2048, 2048, 2048, 2048, 2048, 2048, 2048, 2048, 2048]","[2048, 2048, 2048, 2048, 2048, 2048, 2048]","[2048, 2048, 2048, 2048, 2048, 2048, 2048]",247.0
1251,9645,1,25,2024-11-29T14:30:06.259000+00:00,36.691,31.247,46.89,226.0,267,False,114.828,"[2048, 2048, 2048, 2048, 2048, 2048, 2048, 2048, 2048]","[2048, 2048, 2048, 2048, 2048, 2048, 2048]","[2048, 2048, 2048, 2048, 2048, 2048, 2048]",268.0
1251,9645,10,27,2024-11-29T14:30:08.342000+00:00,47.117,36.924,47.878,169.0,281,False,131.919,"[None, 2048, 2048, 2048, 2048, 2048, 2048, 2048, 2048]","[2048, 2048, 2048, 2048, 2048, 2048, 2048]","[2048, 2048, 2048, 2048, 2048, 2048, 2048]",247.0
1251,9645,31,20,2024-11-29T14:30:09.011000+00:00,35.192,33.66,49.01,223.0,262,False,117.862,"[2048, 2048, 2048, 2048, 2048, 2048, 2048, 2048, 2048]","[2048, 2048, 2048, 2048, 2048, 2048, 2048]","[2048, 2048, 2048, 2048, 2048, 2048, 2048]",296.0
1251,9645,22,26,2024-11-29T14:30:10.416000+00:00,49.176,37.471,45.135,145.0,232,False,131.782,"[None, 2048, 2048, 2048, 2048, 2048, 2048, 2048, 2048]","[2048, 2048, 2048, 2048, 2048, 2048, 2048]","[2048, 2048, 2048, 2048, 2048, 2048, 2048]",180.0
1251,9645,55,29,2024-11-29T14:30:16.160000+00:00,49.879,42.074,41.455,165.0,190,False,133.408,"[None, 2048, 2048, 2048, 2048, 2048, 2048, 2048, 2048]","[2048, 2048, 2048, 2048, 2048, 2048, 2048]","[2048, 2048, 2048, 2048, 2048, 2048, 2048]",151.0
1251,9645,11,25,2024-11-29T14:30:27.671000+00:00,40.036,33.952,44.936,168.0,262,False,118.924,"[2048, 2048, 2048, 2048, 2048, 2048, 2048, 2048, 2048]","[2048, 2048, 2048, 2048, 2048, 2048, 2048]","[2048, 2048, 2048, 2048, 2048, 2048, 2048]",287.0
1251,9645,14,23,2024-11-29T14:30:35.653000+00:00,40.335,33.177,44.768,160.0,221,False,118.28,"[2048, 2048, 2048, 2048, 2048, 2048, 2048, 2048, 2048]","[2048, 2048, 2048, 2048, 2048, 2048, 2048]","[2048, 2048, 2048, 2048, 2048, 2048, 2048]",228.0
1251,9645,18,23,2024-11-29T14:30:41.916000+00:00,39.317,31.923,44.871,199.0,192,False,116.111,"[2048, 2048, 2048, 2048, 2048, 2048, 2048, 2048, 2048]","[2048, 2048, 2048, 2048, 2048, 2048, 2048]","[2048, 2048, 2048, 2048, 2048, 2048, 2048]",298.0
1251,9645,77,28,2024-11-29T14:30:58.850000+00:00,41.657,33.041,38.424,180.0,256,False,113.122,"[2048, 2048, 2048, 2048, 2048, 2048, 2048, 2048, 2048]","[2048, 2048, 2048, 2048, 2048, 2048, 2048]","[2048, 2048, 2048, 2048, 2048, 2048, 2048]",223.0
1251,9645,20,26,2024-11-29T14:31:08.922000+00:00,41.247,33.528,32.295,208.0,262,False,107.07,"[2048, 2048, 2048, 2048, 2048, 2048, 2048, 2048, 2048]","[2048, 2048, 2048, 2048, 2048, 2048, 2048]","[2048, 2048, 2048, 2048, 2048, 2048, 2048]",289.0
1251,9645,24,26,2024-11-29T14:31:16.015000+00:00,36.917,37.436,43.403,186.0,247,False,117.756,"[2048, 2048, 2048, 2048, 2048, 2048, 2048, 2048, 2048]","[2048, 2048, 2048, 2048, 2048, 2048, 2048]","[2048, 2048, 2048, 2048, 2048, 2048, 2048]",292.0
1251,9645,81,25,2024-11-29T14:31:18.144000+00:00,38.025,37.161,42.18,181.0,215,False,117.366,"[None, 2048, 2048, 2048, 2048, 2048, 2048, 2048, 2048]","[2048, 2048, 2048, 2048, 2048, 2048, 2048]","[2048, 2048, 2048, 2048, 2048, 2048, 2048]",282.0
1251,9645,44,25,2024-11-29T14:31:21.289000+00:00,32.994,33.916,37.749,228.0,221,False,104.659,"[2048, 2048, 2048, 2048, 2048, 2048, 2048, 2048, 2048]","[2048, 2048, 2048, 2048, 2048, 2048, 2048]","[2048, 2048, 2048, 2048, 2048, 2048, 2048]",302.0
1251,9645,16,29,2024-11-29T14:31:25.713000+00:00,35.012,36.657,43.485,175.0,216,False,115.154,"[None, 2048, 2048, 2050, 2048, 2048, 2048, 2048, 2048]","[2048, 2048, 2048, 2048, 2048, 2048, 2048]","[2048, 2048, 2048, 2048, 2048, 2048, 2048]",317.0
1251,9645,30,28,2024-11-29T14:31:32.382000+00:00,41.837,36.017,49.244,206.0,178,False,127.098,"[None, 2048, 2048, 2048, 2048, 2048, 2048, 2048, 2048]","[2048, 2048, 2048, 2048, 2048, 2048, 2048]","[2048, 2048, 2048, 2048, 2048, 2048, 2048]",209.0
1251,9645,27,26,2024-11-29T14:31:32.717000+00:00,37.114,37.029,47.016,161.0,228,False,121.159,"[None, 2048, 2048, 2048, 2048, 2048, 2048, 2048, 2048]","[2048, 2048, 2048, 2048, 2048, 2048, 2048]","[2048, 2048, 2048, 2048, 2048, 2048, 2048]",293.0
1251,9645,63,26,2024-11-29T14:31:34.414000+00:00,38.523,36.602,48.416,187.0,219,False,123.541,"[2048, 2048, 2048, 2048, 2048, 2048, 2048, 2048, 2048]","[2048, 2048, 2048, 2048, 2048, 2048, 2048]","[2048, 2048, 2048, 2048, 2048, 2048, 2048]",265.0
1251,9645,4,23,2024-11-29T14:31:44.289000+00:00,33.142,35.228,51.862,231.0,257,False,120.232,"[2048, 2048, 2048, 2048, 2048, 2048, 2048, 2048, 2048]","[2048, 2048, 2048, 2048, 2048, 2048, 2048]","[2048, 2048, 2048, 2048, 2048, 2048]",279.0
1251,9645,43,29,2024-11-29T14:31:53.569000+00:00,63.224,30.669,32.061,220.0,268,False,125.954,"[None, 2048, 2048, 2048, 2048, 2048, 2048, 2048, 2048]","[2048, 2048, 2048, 2048, 2048, 2048, 2048]","[2048, 2048, 2048, 2048, 2048, 2048, 2064]",238.0
1251,9645,23,28,2024-11-29T14:32:00.497000+00:00,37.785,32.651,40.677,173.0,273,False,111.113,"[2048, 2048, 2048, 2048, 2048, 2048, 2048, 2048, 2048]","[2048, 2048, 2048, 2048, 2048, 2048, 2048]","[2048, 2048, 2048, 2048, 2048, 2048, 2048]",284.0
1251,9645,1,26,2024-11-29T14:32:00.972000+00:00,63.707,29.091,30.632,241.0,284,False,123.43,"[None, 2048, 2048, 2048, 2048, 2048, 2048, 2048, 2048]","[2048, 2048, 2048, 2048, 2048, 2048, 2048]","[2048, 2048, 2048, 2048, 2048, 2048, 2064]",244.0
1251,9645,31,21,2024-11-29T14:32:06.877000+00:00,64.052,28.541,30.344,236.0,286,False,122.937,"[None, 2048, 2048, 2048, 2048, 2048, 2048, 2048, 2048]","[2048, 2048, 2048, 2048, 2048, 2048, 2048]","[2048, 2048, 2048, 2048, 2048, 2048, 2064]",251.0
1251,9645,10,28,2024-11-29T14:32:20.177000+00:00,67.717,28.664,30.583,236.0,285,False,126.964,"[None, 2048, 2048, 2048, 2048, 2048, 2048, 2048, 2048]","[2048, 2048, 2048, 2048, 2048, 2048, 2048]","[2048, 2048, 2048, 2048, 2048, 2048, 2064]",241.0
1251,9645,22,27,2024-11-29T14:32:22.414000+00:00,60.408,30.083,32.57,234.0,260,False,123.061,"[None, 2048, 2048, 2048, 2048, 2048, 2048, 2048, 2048]","[2048, 2048, 2048, 2048, 2048, 2048, 2048]","[2048, 2048, 2048, 2048, 2048, 2048, 2064]",250.0
1251,9645,11,26,2024-11-29T14:32:26.650000+00:00,62.796,32.15,78.331,224.0,253,False,173.277,"[None, 2048, 2048, 2048, 2048, 2048, 2048, 2048, 2048]","[2048, 2048, 2048, 2048, 2048, 2048, 2048]","[2048, 2048, 2048, 2048, 2048, 2048, 2064]",243.0
1251,9645,55,30,2024-11-29T14:32:29.632000+00:00,64.366,34.17,35.303,194.0,223,False,133.839,"[None, 2048, 2048, 2048, 2048, 2048, 2048, 2048, 2048]","[2048, 2048, 2048, 2048, 2048, 2048, 2048]","[2048, 2048, 2048, 2048, 2048, 2048, 2064]",256.0
1251,9645,14,24,2024-11-29T14:32:33.851000+00:00,66.715,29.135,,236.0,282,False,,"[None, 2048, 2048, 2048, 2048, 2048, 2048, 2048, 2048]","[2048, 2048, 2048, 2048, 2048, 2048, 2048]","[0, 0, 0, 0, 0, 0, 0]",266.0
1251,9645,18,24,2024-11-29T14:32:38.070000+00:00,61.02,30.076,,236.0,220,False,,"[None, 2048, 2048, 2048, 2048, 2048, 2048, 2048, 2048]","[2048, 2048, 2048, 2048, 2048, 2048, 2048]","[0, 0, 0, 0, 0, 0, 0]",255.0
1251,9645,77,29,2024-11-29T14:32:52.077000+00:00,55.135,32.099,38.583,197.0,256,False,125.817,"[None, 2048, 2048, 2048, 2048, 2048, 2048, 2048, 2048]","[2048, 2048, 2048, 2048, 2048, 2048, 2048]","[2048, 2048, 2048, 2048, 2048, 2048, 2064]",250.0
1251,9645,20,27,2024-11-29T14:32:56.115000+00:00,68.067,30.413,34.099,240.0,245,False,132.579,"[None, 2048, 2048, 2048, 2048, 2048, 2048, 2048, 2048]","[2048, 2048, 2048, 2048, 2048, 2048, 2048]","[2048, 2048, 2048, 2048, 2048, 2048, 2064]",256.0
1251,9645,44,26,2024-11-29T14:33:05.916000+00:00,75.751,35.413,,219.0,208,False,,"[None, 2048, 2048, 2048, 2048, 2048, 2048, 2048, 2048]","[2048, 2048, 2048, 2048, 2048, 2048, 2048]","[0, 0, 0, 0, 0, 0, 0]",242.0
1251,9645,24,27,2024-11-29T14:33:13.928000+00:00,71.61,36.148,,170.0,257,False,,"[None, 2048, 2048, 2048, 2048, 2048, 2048, 2048, 2048]","[2048, 2048, 2048, 2048, 2048, 2048, 2048]","[0, 0, 0, 0, 0, 0, 0]",241.0
1251,9645,81,26,2024-11-29T14:33:15.474000+00:00,68.138,34.642,34.17,186.0,239,False,136.95,"[None, 2048, 2048, 2048, 2048, 2048, 2048, 2048, 2048]","[2048, 2048, 2048, 2048, 2048, 2048, 2048]","[2048, 2048, 2048, 2048, 2048, 2048, 2064]",255.0
1251,9645,16,30,2024-11-29T14:33:20.734000+00:00,65.118,32.451,31.501,,261,False,129.07,"[None, 2048, 2048, 2048, 2048, 2048, 2048, 2048, 2048]","[2048, 2048, 2048, 2048, 2048, 2048, 2048]","[2048, 2048, 2048, 2048, 2048, 2048, 2064]",261.0
1251,9645,27,27,2024-11-29T14:33:33.916000+00:00,57.908,30.921,32.31,228.0,266,False,121.139,"[None, 2048, 2048, 2048, 2048, 2048, 2048, 2048, 2048]","[2048, 2048, 2048, 2048, 2048, 2048, 2048]","[2048, 2048, 2048, 2048, 2048, 2048, 2064]",248.0
1251,9645,63,27,2024-11-29T14:33:37.941000+00:00,69.995,30.26,,224.0,271,False,,"[None, 2048, 2048, 2048, 2048, 2048, 2048, 2048, 2048]","[2048, 2048, 2048, 2048, 2048, 2048, 2048]","[0, 0, 0, 0, 0, 0, 0]",252.0
1251,9645,30,29,2024-11-29T14:33:39.531000+00:00,63.641,32.242,31.142,223.0,268,False,127.025,"[None, 2048, 2048, 2048, 2048, 2048, 2048, 2048, 2048]","[2048, 2048, 2048, 2048, 2048, 2048, 2048]","[2048, 2048, 2048, 2048, 2048, 2048, 2064]",258.0
1251,9645,4,24,2024-11-29T14:33:44.563000+00:00,75.496,34.389,30.908,158.0,239,False,140.793,"[None, 2048, 2048, 2048, 2048, 2048, 2048, 2048, 2048]","[2048, 2048, 2048, 2048, 2048, 2048, 2048]","[2048, 2048, 2048, 2048, 2048, 2048, 2064]",249.0
1251,9645,23,29,2024-11-29T14:33:51.606000+00:00,55.864,29.749,31.041,199.0,265,False,116.654,"[None, 2048, 2048, 2048, 2048, 2048, 2048, 2048, 2048]","[2048, 2048, 2048, 2048, 2048, 2048, 2048]","[2048, 2048, 2048, 2048, 2048, 2048, 2064]",259.0
