meeting_key,session_key,driver_number,lap_number,date_start,duration_sector_1,duration_sector_2,duration_sector_3,i1_speed,i2_speed,is_pit_out_lap,lap_duration,segments_sector_1,segments_sector_2,segments_sector_3,st_speed
1233,9663,31,1,,,39.813,52.193,232.0,240.0,True,,"[2064, 2064, 2049, 2049, 2049, 2049, 2049]","[2049, 2049, 2049, 2049, 2049, 2049]","[2049, 2049, 2049, 2049, 2049, 2049, 2049, 2049]",284.0
1233,9663,27,1,2024-04-19T03:30:30.125000+00:00,,39.948,53.595,207.0,235.0,True,,"[2064, 2064, 2049, 2049, 2049, 2049, 2049]","[2049, 2049, 2049, 2049, 2049, 2049]","[2049, 2049, 2049, 2049, 2051, 2049, 2049, 2049, 2049]",276.0
1233,9663,20,1,2024-04-19T03:30:32.916000+00:00,,34.739,47.303,225.0,255.0,True,,"[2064, 2064, 2049, 2049, 2049, 2049, 2049]","[2049, 2049, 2049, 2049, 2049, 2051]","[2049, 2049, 2049, 2049, 2049, 2051, 2051, 2051, 2051]",295.0
1233,9663,24,1,2024-04-19T03:30:37.424000+00:00,,37.735,56.645,239.0,224.0,True,,"[2064, 2064, 2049, 2049, 2049, 2049, 2049]","[2049, 2049, 2049, 2049, 2049, 2049]","[2049, 2049, 2049, 2049, 2049, 2049, 2049, 2049, 2049]",283.0
1233,9663,77,1,2024-04-19T03:30:43.044000+00:00,,35.244,59.507,256.0,241.0,True,,"[2064, 2064, 2049, 2049, 2049, 2049, 2049]","[2049, 2049, 2049, 2049, 2049, 2049]","[2049, 2049, 2049, 2049, 2049, 2049, 2049, 2051, 2051]",208.0
1233,9663,18,1,2024-04-19T03:30:58.998000+00:00,,32.223,58.075,262.0,259.0,True,,"[2064, 2064, 2049, 2049, 2049, 2049, 2049]","[2049, 2051, 2051, 2049, 2049, 2049]","[2051, 2051, 2051, 2051, 2049, 2049, 2049, 2049, 2049]",260.0
1233,9663,10,1,2024-04-19T03:31:04.772000+00:00,,39.906,53.206,215.0,238.0,True,,"[2064, 2064, 2049, 2049, 2049, 2049, 2049]","[2049, 2049, 2049, 2049, 2049, 2049]","[2049, 2049, 2049, 2049, 2049, 2049, 2049, 2049, 2049]",257.0
1233,9663,1,1,2024-04-19T03:31:57.710000+00:00,,32.873,47.91,271.0,268.0,True,,"[2064, 2064, 2049, 2049, 2049, 2049, 2049]","[2049, 2049, 2049, 2049, 2049, 2049]","[2049, 2049, 2049, 2049, 2049, 2049, 2049, 2051, 2049]",271.0
1233,9663,11,1,2024-04-19T03:32:13.211000+00:00,,32.263,47.044,268.0,264.0,True,,"[2064, 2064, 2049, 2049, 2049, 2049, 2049]","[2049, 2049, 2049, 2049, 2049, 2049]","[2049, 2049, 2049, 2049, 2049, 2049, 2049, 2049, 2049]",281.0
1233,9663,20,2,2024-04-19T03:32:25.022000+00:00,26.246,30.624,44.552,284.0,275.0,False,101.422,"[2051, 2049, 2049, 2049, 2049, 2049, 2051]","[2049, 2051, 2049, 2049, 2049, 2049]","[2049, 2049, 2051, 2051, 2051, 2051, 2051, 2049, 2048]",317.0
1233,9663,31,2,2024-04-19T03:32:33.212000+00:00,26.384,30.38,44.359,281.0,274.0,False,101.123,"[2049, 2049, 2049, 2049, 2049, 2049, 2049]","[2049, 2049, 2049, 2049, 2049, 2051]","[2051, 2049, 2049, 2049, 2049, 2049, 2051, 2049, 2051]",311.0
1233,9663,27,2,2024-04-19T03:32:35.487000+00:00,28.561,33.414,48.501,278.0,268.0,False,110.476,"[2049, 2049, 2049, 2049, 2049, 2049, 2049]","[2049, 2049, 2049, 2049, 2049, 2049]","[2049, 2048, 2049, 2049, 2049, 2049, 2049, 2049]",313.0
1233,9663,24,2,2024-04-19T03:32:41.980000+00:00,26.851,30.65,44.986,279.0,272.0,False,102.487,"[2049, 2049, 2049, 2049, 2049, 2049, 2049]","[2049, 2049, 2049, 2049, 2049, 2049]","[2049, 2049, 2049, 2049, 2049, 2049, 2049, 2049]",307.0
1233,9663,77,2,2024-04-19T03:32:46.054000+00:00,26.16,29.823,44.717,279.0,272.0,False,100.7,"[2049, 2049, 2049, 2049, 2051, 2049, 2049]","[2049, 2049, 2049, 2049, 2051, 2049]","[2049, 2051, 2049, 2049, 2051, 2049, 2049, 2049, 2048]",318.0
1233,9663,44,1,2024-04-19T03:32:49.689000+00:00,,40.332,53.173,215.0,246.0,True,,"[2064, 2064, 2049, 2049, 2049, 2049, 2049]","[2049, 2049, 2049, 2049, 2049, 2049]","[2049, 2049, 2049, 2049, 2049, 2049, 2049, 2049, 2049]",213.0
1233,9663,22,1,2024-04-19T03:32:56.960000+00:00,,32.476,47.961,268.0,264.0,True,,"[2064, 2064, 2049, 2049, 2049, 2049, 2049]","[2049, 2049, 2049, 2049, 2049, 2049]","[2049, 2049, 2049, 2049, 2049, 2049, 2049, 2049, 2049]",298.0
1233,9663,18,2,2024-04-19T03:32:57.154000+00:00,26.509,29.725,44.821,282.0,274.0,False,101.055,"[2049, 2049, 2049, 2049, 2049, 2049, 2049]","[2049, 2049, 2049, 2049, 2049, 2049]","[2049, 2049, 2049, 2049, 2049, 2049, 2049, 2049]",295.0
1233,9663,10,2,2024-04-19T03:33:11.926000+00:00,26.144,30.326,44.209,282.0,274.0,False,100.679,"[2049, 2049, 2051, 2049, 2049, 2049, 2049]","[2049, 2049, 2049, 2049, 2049, 2049]","[2051, 2049, 2049, 2049, 2049, 2049, 2049, 2049]",311.0
1233,9663,4,1,2024-04-19T03:33:20.976000+00:00,,40.143,62.148,261.0,226.0,True,,"[2064, 2064, 2049, 2049, 2049, 2049, 2049]","[2049, 2049, 2049, 2049, 2049, 2049]","[2049, 2049, 2049, 2049, 2049, 2049, 2049, 2049]",180.0
1233,9663,14,1,2024-04-19T03:33:23.053000+00:00,,35.883,57.516,236.0,260.0,True,,"[2064, 2064, 2049, 2049, 2049, 2049, 2049]","[2049, 2049, 2049, 2049, 2049, 2049]","[2049, 2049, 2049, 2049, 2049, 2049, 2049, 2049, 2049]",281.0
1233,9663,63,1,2024-04-19T03:33:25.455000+00:00,,34.644,48.465,272.0,260.0,True,,"[2064, 2064, 2049, 2049, 2049, 2049, 2049]","[2049, 2049, 2049, 2049, 2049, 2049]","[2049, 2049, 2049, 2049, 2049, 2049, 2049, 2049, 2049]",290.0
1233,9663,3,1,2024-04-19T03:33:30.446000+00:00,,36.415,58.625,267.0,264.0,True,,"[2064, 2064, 2049, 2049, 2049, 2049, 2049]","[2049, 2049, 2049, 2049, 2049, 2049]","[2049, 2049, 2049, 2049, 2049, 2049, 2049, 2049, 2049]",122.0
1233,9663,1,2,2024-04-19T03:33:46.508000+00:00,25.865,29.743,43.889,282.0,274.0,False,99.497,"[2049, 2049, 2049, 2051, 2049, 2049, 2049]","[2049, 2049, 2051, 2051, 2049, 2049]","[2049, 2051, 2051, 2049, 2051, 2051, 2049, 2048, 2049]",319.0
1233,9663,11,2,2024-04-19T03:34:00.527000+00:00,25.868,29.508,46.415,282.0,274.0,False,101.791,"[2049, 2049, 2049, 2049, 2049, 2051, 2049]","[2049, 2049, 2049, 2049, 2051, 2049]","[2048, 2048, 2049, 2049, 2049, 2051, 2049, 2051, 2049]",315.0
1233,9663,20,3,2024-04-19T03:34:06.372000+00:00,37.595,51.899,52.179,149.0,235.0,False,141.673,"[2048, 2048, 2048, 2048, 2048, 2048, 2048]","[2048, 2048, 2048, 2048, 2048, 2048]","[2048, 2048, 2048, 2048, 2048, 2048, 2048, 2048, 2049]",291.0
1233,9663,31,3,2024-04-19T03:34:14.119000+00:00,39.828,45.841,67.845,150.0,159.0,False,153.514,"[2048, 2048, 2048, 2048, 2048, 2048, 2048]","[2048, 2048, 2048, 2048, 2048, 2048]","[2048, 2048, 2048, 2048, 2048, 2048, 2048, 2048, 2048]",230.0
1233,9663,24,3,2024-04-19T03:34:24.439000+00:00,32.471,44.662,71.419,235.0,203.0,False,148.552,"[2048, 2048, 2048, 2048, 2048, 2048, 2048]","[2048, 2048, 2048, 2048, 2048, 2048]","[2048, 2048, 2048, 2048, 2048, 2048, 2048, 2048, 2048]",224.0
1233,9663,27,3,2024-04-19T03:34:25.959000+00:00,26.242,30.108,44.617,283.0,275.0,False,100.967,"[2049, 2049, 2049, 2049, 2049, 2049, 2049]","[2051, 2049, 2049, 2049, 2049, 2049]","[2049, 2049, 2049, 2049, 2049, 2049, 2051, 2049, 2049]",313.0
1233,9663,77,3,2024-04-19T03:34:26.726000+00:00,35.812,45.13,74.631,120.0,115.0,False,155.573,"[2048, 2048, 2048, 2048, 2048, 2048, 2048]","[2048, 2048, 2048, 2048, 2048, 2048]","[2048, 2048, 2048, 2048, 2048, 2048, 2048, 2048, 2048]",234.0
1233,9663,81,1,2024-04-19T03:34:28.763000+00:00,,39.52,62.385,243.0,243.0,True,,"[2064, 2064, 2049, 2049, 2049, 2049, 2049]","[2049, 2049, 2049, 2049, 2049, 2049]","[2049, 2049, 2049, 2049, 2049, 2049, 2049, 2051, 2064]",263.0
1233,9663,23,1,2024-04-19T03:34:33.040000+00:00,,40.825,73.701,166.0,255.0,True,,"[2064, 2064, 2049, 2049, 2049, 2049, 2049]","[2049, 2049, 2049, 2049, 2049, 2049]","[2049, 2049, 2049, 2049, 2049, 2049, 2049, 2049, 2049]",220.0
1233,9663,18,3,2024-04-19T03:34:38.042000+00:00,26.227,38.479,58.278,279.0,187.0,False,122.984,"[2049, 2049, 2049, 2048, 2048, 2048, 2049]","[2048, 2048, 2048, 2048, 2048, 2048]","[2048, 2048, 2048, 2048, 2048, 2048, 2048, 2048, 2048]",297.0
1233,9663,22,2,2024-04-19T03:34:49.180000+00:00,28.393,30.68,45.614,278.0,271.0,False,104.687,"[2049, 2049, 2049, 2048, 2049, 2049, 2049]","[2049, 2049, 2049, 2049, 2049, 2049]","[2049, 2049, 2049, 2049, 2049, 2049, 2049, 2049, 2049]",314.0
1233,9663,10,3,2024-04-19T03:34:52.466000+00:00,36.226,48.905,65.714,150.0,120.0,False,150.845,"[2048, 2048, 2048, 2048, 2048, 2048, 2048]","[2048, 2048, 2048, 2048, 2048, 2048]","[2048, 2048, 2048, 2048, 2048, 2048, 2048, 2048, 2048]",231.0
1233,9663,2,1,2024-04-19T03:34:55.551000+00:00,,35.217,72.735,264.0,262.0,True,,"[2064, 2064, 2049, 2049, 2049, 2049, 2049]","[2049, 2049, 2049, 2049, 2049, 2049]","[2049, 2049, 2049, 2049, 2049, 2049, 2049, 2049, 2049]",266.0
1233,9663,63,2,2024-04-19T03:35:17.873000+00:00,27.046,33.521,53.987,280.0,269.0,False,114.554,"[2049, 2049, 2049, 2049, 2049, 2049, 2049]","[2049, 2048, 2048, 2049, 2049, 2049]","[2049, 2048, 2048, 2048, 2049, 2049, 2048, 2049, 2064]",294.0
1233,9663,44,2,2024-04-19T03:35:21.491000+00:00,30.604,43.14,59.619,203.0,253.0,False,133.363,"[2049, 2049, 2049, 2049, 2049, 2049, 2049]","[2049, 2048, 2048, 2048, 2048, 2049]","[2049, 2048, 2048, 2049, 2048, 2049, 2048, 2049]",125.0
1233,9663,1,3,2024-04-19T03:35:25.952000+00:00,42.736,43.591,55.831,154.0,216.0,False,142.158,"[2048, 2048, 2048, 2048, 2048, 2048, 2048]","[2048, 2048, 2048, 2048, 2048, 2048]","[2048, 2048, 2048, 2048, 2048, 2048, 2048, 2048, 2048]",260.0
1233,9663,14,2,2024-04-19T03:35:28.553000+00:00,27.026,30.269,45.842,280.0,275.0,False,103.137,"[2049, 2049, 2049, 2049, 2049, 2049, 2049]","[2049, 2049, 2049, 2049, 2049, 2051]","[2049, 2049, 2049, 2049, 2049, 2049, 2049, 2049]",291.0
1233,9663,4,2,2024-04-19T03:35:31.912000+00:00,27.785,32.161,57.385,279.0,271.0,False,117.331,"[2049, 2049, 2049, 2049, 2049, 2049, 2049]","[2049, 2049, 2049, 2049, 2049, 2049]","[2049, 2049, 2049, 2049, 2049, 2049, 2048, 2049]",295.0
1233,9663,3,2,2024-04-19T03:35:35.258000+00:00,26.636,30.92,46.438,280.0,274.0,False,103.994,"[2049, 2049, 2049, 2049, 2049, 2049, 2049]","[2049, 2049, 2049, 2049, 2049, 2049]","[2049, 2049, 2049, 2049, 2049, 2049, 2049, 2049]",313.0
1233,9663,11,3,2024-04-19T03:35:42.036000+00:00,36.965,49.642,70.405,132.0,154.0,False,157.012,"[2048, 2048, 2048, 2048, 2048, 2048, 2048]","[2048, 2048, 2048, 2048, 2048, 2048]","[2048, 2048, 2048, 2048, 2048, 2048, 2048, 2048, 2048]",136.0
1233,9663,27,4,2024-04-19T03:36:06.885000+00:00,34.989,42.425,60.203,197.0,141.0,False,137.617,"[2048, 2048, 2048, 2048, 2048, 2048, 2048]","[2048, 2048, 2048, 2048, 2048, 2048]","[2048, 2048, 2048, 2048, 2048, 2048, 2048, 2048, 2048]",118.0
1233,9663,20,4,2024-04-19T03:36:28.014000+00:00,26.165,30.328,43.992,285.0,275.0,False,100.485,"[2049, 2049, 2049, 2049, 2048, 2049, 2049]","[2049, 2048, 2049, 2049, 2049, 2048]","[2049, 2048, 2049, 2051, 2049, 2049, 2051, 2049]",317.0
1233,9663,22,3,2024-04-19T03:36:33.743000+00:00,27.143,30.386,45.057,280.0,273.0,False,102.586,"[None, 2049, 2049, 2049, 2048, 2049, 2049]","[2049, 2048, 2049, 2049, 2049, 2049]","[2049, 2048, 2049, 2049, 2049, 2049, 2049, 2049, 2049]",315.0
1233,9663,18,4,2024-04-19T03:36:41.258000+00:00,25.956,29.701,44.427,282.0,274.0,False,100.084,"[2051, 2051, 2049, 2049, 2048, 2049, 2049]","[2049, 2051, 2049, 2048, 2048, 2048]","[2049, 2048, 2048, 2049, 2049, 2049, 2049, 2049, 2048]",318.0
1233,9663,31,4,2024-04-19T03:36:47.746000+00:00,25.84,29.852,43.997,281.0,274.0,False,99.689,"[2049, 2049, 2049, 2049, 2049, 2051, 2049]","[2049, 2049, 2049, 2049, 2049, 2048]","[2048, 2051, 2049, 2049, 2049, 2049, 2049, 2049]",312.0
1233,9663,24,4,2024-04-19T03:36:53.031000+00:00,26.035,29.91,44.323,280.0,273.0,False,100.268,"[2049, 2049, 2049, 2049, 2049, 2049, 2049]","[2049, 2049, 2049, 2049, 2048, 2048]","[2049, 2048, 2049, 2049, 2049, 2049, 2049, 2049, 2051]",312.0
1233,9663,23,2,2024-04-19T03:36:57.998000+00:00,26.209,30.097,44.551,279.0,273.0,False,100.857,"[2049, 2049, 2049, 2049, 2049, 2049, 2049]","[2049, 2049, 2049, 2049, 2049, 2049]","[2049, 2049, 2049, 2049, 2049, 2049, 2049, 2049, 2048]",315.0
1233,9663,77,4,2024-04-19T03:37:02.393000+00:00,25.82,29.812,44.41,280.0,273.0,False,100.042,"[2049, 2049, 2051, 2048, 2051, 2049, 2049]","[2048, 2049, 2049, 2049, 2048, 2048]","[2048, 2048, 2049, 2049, 2048, 2049, 2049, 2049]",314.0
1233,9663,81,2,2024-04-19T03:37:04.011000+00:00,51.119,38.577,53.106,259.0,256.0,True,142.802,"[None, 2064, 2049, 2049, 2049, 2049, 2049]","[2049, 2048, 2048, 2049, 2049, 2049]","[2049, 2049, 2049, 2048, 2048, 2049, 2049, 2048, 2049]",171.0
1233,9663,14,3,2024-04-19T03:37:11.608000+00:00,25.786,29.738,43.984,277.0,274.0,False,99.508,"[None, 2049, 2049, 2049, 2049, 2049, 2049]","[2049, 2049, 2049, 2049, 2048, 2048]","[2049, 2049, 2049, 2049, 2049, 2049, 2049, 2049]",317.0
1233,9663,2,2,2024-04-19T03:37:14.333000+00:00,28.067,31.092,45.298,277.0,273.0,False,104.457,"[2049, 2049, 2049, 2049, 2049, 2049, 2049]","[2049, 2049, 2049, 2049, 2049, 2049]","[2049, 2049, 2049, 2049, 2049, 2049, 2049, 2049]",313.0
1233,9663,3,3,2024-04-19T03:37:19.153000+00:00,26.5,30.409,44.962,281.0,270.0,False,101.871,"[2048, 2049, 2049, 2048, 2049, 2049, 2049]","[2049, 2049, 2049, 2049, 2049, 2048]","[2048, 2049, 2049, 2049, 2051, 2049, 2049, 2049]",322.0
1233,9663,10,4,2024-04-19T03:37:23.384000+00:00,37.455,42.92,55.328,125.0,200.0,False,135.703,"[None, 2048, 2048, 2048, 2048, 2048, 2048]","[2048, 2048, 2048, 2048, 2048, 2048]","[2048, 2048, 2048, 2048, 2048, 2048, 2048, 2049, 2048]",286.0
1233,9663,4,3,2024-04-19T03:37:29.117000+00:00,26.554,30.086,44.746,280.0,275.0,False,101.386,"[None, 2049, 2048, 2049, 2049, 2048, 2049]","[2049, 2049, 2049, 2049, 2049, 2049]","[2049, 2049, 2049, 2049, 2049, 2049, 2049, 2049, 2049]",312.0
1233,9663,44,3,2024-04-19T03:37:34.745000+00:00,26.121,29.855,44.654,282.0,275.0,False,100.63,"[None, 2049, 2049, 2049, 2049, 2049, 2049]","[2051, 2049, 2049, 2049, 2049, 2049]","[2049, 2049, 2049, 2049, 2049, 2049, 2049, 2049]",314.0
1233,9663,1,4,2024-04-19T03:37:48.010000+00:00,25.781,29.414,43.915,282.0,274.0,False,99.11,"[2049, 2049, 2049, 2051, 2048, 2048, 2049]","[2049, 2049, 2051, 2051, 2049, 2049]","[2048, 2048, 2048, 2049, 2048, 2049, 2051, 2049, 2049]",317.0
1233,9663,20,5,2024-04-19T03:38:08.482000+00:00,36.9,49.651,67.463,137.0,171.0,False,154.014,"[2048, 2048, 2048, 2048, 2048, 2048, 2048]","[2048, 2048, 2048, 2048, 2048, 2048]","[2048, 2048, 2048, 2048, 2048, 2048, 2048, 2048, 2048]",195.0
1233,9663,22,4,2024-04-19T03:38:16.307000+00:00,35.598,45.372,60.018,149.0,190.0,False,140.988,"[2048, 2048, 2048, 2048, 2048, 2048, 2048]","[2048, 2048, 2048, 2048, 2048, 2048]","[2048, 2048, 2048, 2048, 2048, 2048, 2048, 2048, 2048]",286.0
1233,9663,11,4,2024-04-19T03:38:19.154000+00:00,25.93,29.569,43.66,284.0,275.0,False,99.159,"[2049, 2049, 2049, 2049, 2048, 2051, 2049]","[2048, 2048, 2048, 2049, 2051, 2049]","[2049, 2049, 2051, 2048, 2048, 2051, 2048, 2048, 2051]",316.0
1233,9663,18,5,2024-04-19T03:38:21.282000+00:00,33.049,45.287,51.139,164.0,214.0,False,129.475,"[2048, 2048, 2048, 2048, 2048, 2048, 2048]","[2048, 2048, 2048, 2048, 2048, 2048]","[2048, 2048, 2048, 2048, 2048, 2048, 2048, 2048, 2048]",296.0
1233,9663,27,5,2024-04-19T03:38:24.512000+00:00,25.996,29.523,43.823,287.0,278.0,False,99.342,"[2051, 2051, 2049, 2049, 2048, 2048, 2051]","[2048, 2051, 2049, 2049, 2049, 2049]","[2051, 2048, 2049, 2049, 2049, 2049, 2049, 2048, 2049]",321.0
1233,9663,31,5,2024-04-19T03:38:27.305000+00:00,36.528,48.642,66.405,140.0,157.0,False,151.575,"[2048, 2048, 2048, 2048, 2048, 2048, 2048]","[2048, 2048, 2048, 2048, 2048, 2048]","[2048, 2048, 2048, 2048, 2048, 2048, 2048, 2048, 2048]",191.0
1233,9663,24,5,2024-04-19T03:38:33.244000+00:00,36.821,46.434,57.645,151.0,219.0,False,140.9,"[2048, 2048, 2048, 2048, 2048, 2048, 2048]","[2048, 2048, 2048, 2048, 2048, 2048]","[2048, 2048, 2048, 2048, 2048, 2048, 2048, 2048, 2048]",270.0
1233,9663,23,3,2024-04-19T03:38:38.824000+00:00,35.053,43.996,64.888,176.0,182.0,False,143.937,"[2048, 2048, 2048, 2048, 2048, 2048, 2048]","[2048, 2048, 2048, 2048, 2048, 2048]","[2048, 2048, 2048, 2048, 2048, 2048, 2048, 2048, 2049]",277.0
1233,9663,77,5,2024-04-19T03:38:42.290000+00:00,33.775,45.384,65.406,206.0,113.0,False,144.565,"[2048, 2048, 2048, 2048, 2048, 2048, 2048]","[2048, 2048, 2048, 2048, 2048, 2048]","[2048, 2048, 2048, 2048, 2048, 2048, 2048, 2048, 2048]",209.0
1233,9663,14,4,2024-04-19T03:38:51.059000+00:00,37.152,42.242,71.9,175.0,244.0,False,151.294,"[2048, 2048, 2048, 2048, 2048, 2048, 2048]","[2048, 2048, 2048, 2048, 2048, 2048]","[2048, 2048, 2048, 2048, 2048, 2048, 2048, 2048, 2048]",153.0
1233,9663,2,3,2024-04-19T03:38:58.668000+00:00,31.774,34.689,67.958,182.0,257.0,False,134.421,"[2048, 2048, 2048, 2049, 2048, 2048, 2048]","[2048, 2048, 2048, 2048, 2048, 2048]","[2048, 2048, 2048, 2048, 2048, 2048, 2048, 2048, 2048]",275.0
1233,9663,3,4,2024-04-19T03:39:01.006000+00:00,36.424,42.821,67.077,209.0,210.0,False,146.322,"[None, 2048, 2048, 2048, 2048, 2048, 2048]","[2048, 2048, 2048, 2048, 2048, 2048]","[2048, 2048, 2048, 2048, 2048, 2048, 2048, 2048, 2048]",251.0
1233,9663,81,3,2024-04-19T03:39:04.149000+00:00,26.092,29.965,45.194,280.0,273.0,False,101.251,"[2049, 2049, 2049, 2049, 2049, 2049, 2049]","[2049, 2049, 2049, 2049, 2049, 2049]","[2049, 2049, 2049, 2049, 2049, 2049, 2049, 2048, 2048]",306.0
1233,9663,4,4,2024-04-19T03:39:10.484000+00:00,29.027,44.136,70.05,202.0,189.0,False,143.213,"[None, 2048, 2048, 2048, 2048, 2048, 2048]","[2048, 2048, 2048, 2048, 2048, 2048]","[2048, 2048, 2048, 2048, 2048, 2048, 2048, 2048, 2048]",123.0
1233,9663,44,4,2024-04-19T03:39:15.429000+00:00,33.662,44.133,68.296,192.0,142.0,False,146.091,"[2048, 2048, 2048, 2048, 2048, 2048, 2048]","[2048, 2048, 2048, 2048, 2048, 2048]","[2048, 2048, 2048, 2048, 2048, 2048, 2048, 2048, 2064]",222.0
1233,9663,1,5,2024-04-19T03:39:27.106000+00:00,38.914,47.208,66.856,194.0,243.0,False,152.978,"[2048, 2048, 2048, 2048, 2048, 2048, 2048]","[2048, 2048, 2048, 2048, 2048, 2048]","[2048, 2048, 2048, 2048, 2048, 2048, 2048, 2048, 2048]",106.0
1233,9663,55,1,2024-04-19T03:39:34.018000+00:00,,37.369,59.948,232.0,242.0,True,,"[2064, 2064, 2049, 2049, 2049, 2049, 2049]","[2049, 2049, 2049, 2049, 2049, 2049]","[2049, 2049, 2049, 2049, 2049, 2049, 2049, 2049, 2049]",287.0
1233,9663,10,5,2024-04-19T03:39:39.173000+00:00,26.008,29.742,44.12,282.0,273.0,False,99.87,"[2049, 2049, 2049, 2048, 2049, 2049, 2049]","[2049, 2048, 2049, 2049, 2049, 2048]","[2049, 2049, 2048, 2048, 2048, 2049, 2049, 2049]",309.0
1233,9663,16,1,2024-04-19T03:39:46.205000+00:00,,35.013,61.879,254.0,248.0,True,,"[2064, 2064, 2049, 2049, 2049, 2049, 2049]","[2049, 2049, 2049, 2049, 2049, 2049]","[2049, 2049, 2049, 2049, 2049, 2049, 2049, 2049, 2049]",264.0
1233,9663,11,5,2024-04-19T03:39:58.224000+00:00,36.482,46.531,68.39,141.0,165.0,False,151.403,"[2048, 2048, 2048, 2048, 2048, 2048, 2048]","[2048, 2048, 2048, 2048, 2048, 2048]","[2048, 2048, 2048, 2048, 2048, 2048, 2048, 2048, 2048]",140.0
1233,9663,27,6,2024-04-19T03:40:03.932000+00:00,36.269,47.358,67.275,158.0,146.0,False,150.902,"[2048, 2048, 2048, 2048, 2048, 2048, 2048]","[2048, 2048, 2048, 2048, 2048, 2048]","[2048, 2048, 2048, 2048, 2048, 2048, 2048, 2048, 2048]",131.0
1233,9663,18,6,2024-04-19T03:40:30.715000+00:00,26.022,29.322,44.07,284.0,275.0,False,99.414,"[None, 2048, 2049, 2051, 2048, 2049, 2049]","[2051, 2049, 2048, 2049, 2049, 2048]","[2049, 2048, 2048, 2048, 2048, 2049, 2049, 2048]",313.0
1233,9663,22,5,2024-04-19T03:40:37.436000+00:00,26.729,30.16,44.621,282.0,270.0,False,101.51,"[2049, 2049, 2049, 2049, 2049, 2049, 2049]","[2049, 2049, 2049, 2049, 2049, 2048]","[2049, 2048, 2048, 2048, 2048, 2049, 2049, 2049, 2049]",313.0
1233,9663,20,6,2024-04-19T03:40:42.649000+00:00,26.08,29.936,44.002,285.0,275.0,False,100.018,"[2049, 2049, 2049, 2049, 2048, 2049, 2049]","[2049, 2051, 2049, 2048, 2049, 2048]","[2048, 2048, 2048, 2048, 2048, 2048, 2049, 2049, 2049]",316.0
1233,9663,81,4,2024-04-19T03:40:45.278000+00:00,31.387,42.722,52.285,187.0,204.0,False,126.394,"[2048, 2048, 2049, 2049, 2048, 2048, 2048]","[2048, 2048, 2048, 2048, 2048, 2048]","[2048, 2048, 2048, 2048, 2048, 2048, 2048, 2048, 2049]",295.0
1233,9663,24,6,2024-04-19T03:40:54.355000+00:00,25.778,29.495,44.274,281.0,273.0,False,99.547,"[2049, 2048, 2049, 2048, 2049, 2051, 2049]","[2049, 2049, 2049, 2049, 2049, 2048]","[2049, 2048, 2048, 2048, 2048, 2049, 2049, 2049, 2051]",308.0
1233,9663,31,6,2024-04-19T03:40:59.021000+00:00,40.812,45.097,58.949,144.0,150.0,False,144.858,"[None, 2048, 2048, 2048, 2048, 2048, 2048]","[2048, 2048, 2048, 2048, 2048, 2048]","[2048, 2048, 2048, 2048, 2048, 2048, 2048, 2048, 2048]",286.0
1233,9663,23,4,2024-04-19T03:41:02.851000+00:00,25.963,29.918,44.335,281.0,273.0,False,100.216,"[2049, 2049, 2049, 2048, 2049, 2049, 2049]","[2049, 2049, 2049, 2049, 2048, 2048]","[2049, 2048, 2049, 2048, 2048, 2049, 2049, 2048]",310.0
1233,9663,77,6,2024-04-19T03:41:06.901000+00:00,26.25,29.874,44.567,281.0,274.0,False,100.691,"[None, 2048, 2051, 2048, 2048, 2048, 2049]","[2049, 2048, 2048, 2049, 2048, 2048]","[2049, 2048, 2048, 2048, 2048, 2049, 2049, 2049, 2048]",309.0
1233,9663,2,4,2024-04-19T03:41:13.133000+00:00,26.295,30.155,44.412,282.0,273.0,False,100.862,"[2049, 2049, 2049, 2049, 2049, 2049, 2049]","[2049, 2049, 2049, 2049, 2049, 2048]","[2049, 2049, 2049, 2048, 2049, 2049, 2049, 2049]",313.0
1233,9663,10,6,2024-04-19T03:41:18.885000+00:00,36.917,49.532,64.269,152.0,146.0,False,150.718,"[2048, 2048, 2048, 2048, 2048, 2048, 2048]","[2048, 2048, 2048, 2048, 2048, 2048]","[2048, 2048, 2048, 2048, 2048, 2048, 2048, 2048, 2048]",207.0
1233,9663,14,5,2024-04-19T03:41:22.396000+00:00,25.743,33.983,55.416,284.0,257.0,False,115.142,"[2049, 2049, 2049, 2049, 2048, 2049, 2049]","[2048, 2048, 2048, 2048, 2048, 2048]","[2048, 2048, 2048, 2048, 2048, 2048, 2048, 2048, 2051]",169.0
1233,9663,3,5,2024-04-19T03:41:27.548000+00:00,26.328,30.353,44.576,282.0,272.0,False,101.257,"[2049, 2049, 2048, 2048, 2048, 2049, 2049]","[2049, 2048, 2049, 2049, 2048, 2048]","[2048, 2049, 2049, 2048, 2048, 2049, 2049, 2049, 2049]",312.0
1233,9663,4,5,2024-04-19T03:41:33.695000+00:00,25.836,29.632,44.337,281.0,275.0,False,99.805,"[None, 2049, 2049, 2049, 2049, 2049, 2049]","[2049, 2048, 2049, 2049, 2049, 2049]","[2049, 2048, 2048, 2048, 2048, 2049, 2048, 2049, 2051]",309.0
1233,9663,55,2,2024-04-19T03:41:41.756000+00:00,26.574,30.316,44.219,279.0,271.0,False,101.109,"[2049, 2049, 2049, 2049, 2049, 2049, 2049]","[2049, 2049, 2049, 2049, 2049, 2049]","[2049, 2049, 2049, 2049, 2049, 2049, 2051, 2049]",307.0
1233,9663,16,2,2024-04-19T03:41:52.771000+00:00,26.561,30.371,44.186,281.0,274.0,False,101.118,"[2049, 2049, 2049, 2049, 2049, 2049, 2049]","[2049, 2049, 2049, 2049, 2049, 2049]","[2049, 2049, 2049, 2049, 2049, 2049, 2049, 2049]",305.0
1233,9663,1,6,2024-04-19T03:42:00.194000+00:00,25.688,29.218,43.592,284.0,276.0,False,98.498,"[2049, 2049, 2049, 2048, 2048, 2049, 2049]","[2048, 2049, 2051, 2051, 2049, 2049]","[2048, 2048, 2048, 2048, 2048, 2049, 2051, 2049]",315.0
1233,9663,44,5,2024-04-19T03:42:07.272000+00:00,59.707,44.909,53.636,181.0,211.0,True,158.252,"[2064, 2064, 2048, 2048, 2048, 2048, 2048]","[2048, 2048, 2048, 2048, 2048, 2048]","[2048, 2048, 2048, 2048, 2048, 2048, 2048, 2048, 2049]",189.0
1233,9663,18,7,2024-04-19T03:42:10.049000+00:00,30.413,35.25,57.005,238.0,225.0,False,122.668,"[None, 2048, 2048, 2048, 2048, 2048, 2048]","[2048, 2048, 2048, 2048, 2048, 2048]","[2048, 2048, 2048, 2048, 2048, 2048, 2048, 2049, 2064]",263.0
1233,9663,22,6,2024-04-19T03:42:18.905000+00:00,35.798,47.171,,139.0,179.0,False,,"[2048, 2048, 2048, 2048, 2048, 2048, 2048]","[2048, 2048, 2048, 2048, 2048, 2048]","[2048, 2048, 2048, 2048, 2048]",268.0
1233,9663,20,7,2024-04-19T03:42:22.571000+00:00,34.297,52.249,,153.0,98.0,False,,"[2048, 2048, 2048, 2048, 2048, 2048, 2048]","[2048, 2048, 2048, 2048, 2048, 2048]",[2048],
1233,9663,11,6,2024-04-19T03:42:29.784000+00:00,25.681,29.46,43.425,283.0,273.0,False,98.566,"[2049, 2049, 2049, 2049, 2049, 2048, 2049]","[2049, 2049, 2049, 2049, 2048, 2048]","[2048, 2049, 2048, 2048, 2048, 2051, 2049, 2048, 2051]",314.0
1233,9663,24,7,2024-04-19T03:42:33.729000+00:00,36.768,45.719,,152.0,172.0,False,,"[2048, 2048, 2048, 2048, 2048, 2048, 2048]","[2048, 2048, 2048, 2048, 2048, 2048]",[2048],
1233,9663,27,7,2024-04-19T03:42:34.841000+00:00,25.81,29.407,43.663,286.0,278.0,False,98.88,"[2051, 2051, 2049, 2049, 2048, 2049, 2048]","[2048, 2048, 2049, 2049, 2048, 2051]","[2048, 2049, 2049, 2048, 2048, 2049, 2049, 2048]",318.0
1233,9663,23,5,2024-04-19T03:42:42.902000+00:00,38.267,48.974,,155.0,123.0,False,,"[2048, 2048, 2048, 2048, 2048, 2048, 2048]","[2048, 2048, 2048, 2048, 2048, 2048]",[2048],
1233,9663,77,7,2024-04-19T03:42:47.655000+00:00,34.937,42.186,,151.0,244.0,False,,"[None, 2048, 2048, 2048, 2048, 2048, 2048]","[2048, 2048, 2048, 2048, 2048, 2048]",[2048],
1233,9663,81,5,2024-04-19T03:42:51.722000+00:00,26.613,30.129,,281.0,274.0,False,,"[2049, 2049, 2049, 2048, 2048, 2048, 2049]","[2049, 2048, 2049, 2048, 2048, 2049]","[2049, 2049, 2049, 2049, 2049]",310.0
1233,9663,2,5,2024-04-19T03:42:53.862000+00:00,32.408,46.601,,229.0,126.0,False,,"[2048, 2048, 2048, 2048, 2048, 2048, 2048]","[2048, 2048, 2048, 2048, 2048, 2048]",[2048],
1233,9663,3,6,2024-04-19T03:43:08.723000+00:00,36.511,,,172.0,,False,,"[2048, 2048, 2048, 2048, 2048, 2048, 2048]","[2048, 2048, 2048, 2048, 2048, 2048]",[2048],
1233,9663,4,6,2024-04-19T03:43:13.435000+00:00,33.531,,,127.0,,False,,"[2048, 2048, 2048, 2048, 2048, 2048, 2048]","[2048, 2048, 2048, 2048, 2048, 2048]",[2048],
1233,9663,14,6,2024-04-19T03:43:17.691000+00:00,25.619,29.403,,282.0,274.0,False,,"[None, 2049, 2049, 2048, 2048, 2048, 2048]","[2051, 2049, 2049, 2049, 2049, 2048]",[2048],
1233,9663,55,3,2024-04-19T03:43:22.606000+00:00,39.882,,,147.0,,False,,"[2048, 2048, 2048, 2048, 2048, 2048, 2048]","[2048, 2048, 2048, 2048, 2048, 2048]",[2048],
1233,9663,31,7,2024-04-19T03:43:23.873000+00:00,25.521,29.459,,281.0,276.0,False,,"[2049, 2049, 2049, 2049, 2051, 2049, 2049]","[2049, 2048, 2049, 2049, 2049, 2051]",[2049],
1233,9663,16,3,2024-04-19T03:43:33.695000+00:00,36.009,,,145.0,,False,,"[2048, 2048, 2048, 2048, 2048, 2048, 2048]","[2048, 2048, 2048, 2048, 2048, 2048]",[2048],
1233,9663,1,7,2024-04-19T03:43:38.542000+00:00,38.844,,,169.0,,False,,"[2048, 2048, 2048, 2048, 2048, 2048, 2048]","[2048, 2048, 2048, 2048, 2048, 2048]",[2048],
1233,9663,10,7,2024-04-19T03:43:49.754000+00:00,,,,,,False,,"[None, 2048, 2048, 2048, 2048, 2048, 2048]","[2048, 2048, 2048, 2048, 2048, 2048]",[2048],
1233,9663,11,7,2024-04-19T03:44:08.201000+00:00,,,,,,False,,"[2048, 2048, 2048, 2048, 2048, 2048, 2048]","[2048, 2048, 2048, 2048, 2048, 2048]",[2048],
1233,9663,27,8,2024-04-19T03:44:13.552000+00:00,,,,,,False,,"[2048, 2048, 2048, 2048, 2048, 2048, 2048]","[2048, 2048, 2048, 2048, 2048, 2048]",[2048],
1233,9663,44,6,2024-04-19T03:44:19.920000+00:00,,,,,,False,,"[2049, 2049, 2049, 2048, 2048, 2048, 2048]","[2048, 2048, 2048, 2048, 2048, 2048]",[2048],
1233,9663,23,6,2024-04-19T03:49:04.041000+00:00,,32.361,45.73,271.0,270.0,True,492.385,"[2064, 2064, 2048, 2048, 2048, 2048, 2048]","[2048, 2048, 2048, 2048, 2048, 2048]","[2048, 2048, 2048, 2048, 2048, 2048, 2048, 2048, 2049]",288.0
1233,9663,2,6,2024-04-19T03:49:05.673000+00:00,,33.478,45.955,270.0,270.0,True,490.2,"[2064, 2064, 2048, 2048, 2048, 2048, 2048]","[2048, 2048, 2048, 2048, 2048, 2048]","[2048, 2048, 2048, 2048, 2048, 2048, 2048, 2048, 2048]",289.0
1233,9663,55,4,2024-04-19T03:49:13.515000+00:00,,36.245,56.299,260.0,247.0,True,474.137,"[2064, 2064, 2048, 2048, 2048, 2048, 2048]","[2048, 2048, 2048, 2048, 2048, 2048]","[2048, 2048, 2048, 2048, 2048, 2048, 2048, 2048]",285.0
1233,9663,22,7,2024-04-19T03:49:24.293000+00:00,,34.05,56.61,249.0,259.0,True,546.505,"[2064, 2064, 2048, 2048, 2048, 2048, 2048]","[2048, 2048, 2048, 2048, 2048, 2048]","[2048, 2048, 2048, 2048, 2048, 2048, 2048, 2048, 2048]",258.0
1233,9663,3,7,2024-04-19T03:49:59.502000+00:00,,34.309,48.657,272.0,263.0,True,523.376,"[2064, 2064, 2048, 2048, 2048, 2048, 2048]","[2048, 2048, 2048, 2048, 2048, 2048]","[2048, 2048, 2048, 2048, 2048, 2048, 2048, 2048, 2048]",277.0
1233,9663,81,6,2024-04-19T03:50:26.538000+00:00,,34.756,52.116,259.0,260.0,True,580.535,"[2064, 2064, 2048, 2048, 2048, 2048, 2048]","[2048, 2048, 2048, 2048, 2048, 2048]","[2048, 2048, 2048, 2048, 2048, 2048, 2048, 2048, 2049]",295.0
1233,9663,16,4,2024-04-19T03:50:37.822000+00:00,,31.921,48.111,263.0,257.0,True,532.091,"[2064, 2064, 2048, 2048, 2048, 2048, 2048]","[2048, 2048, 2048, 2048, 2048, 2048]","[2048, 2048, 2048, 2048, 2048, 2048, 2048, 2048, 2049]",285.0
1233,9663,23,7,2024-04-19T03:50:55.434000+00:00,26.619,30.938,44.925,280.0,272.0,False,102.482,"[2048, 2048, 2048, 2049, 2048, 2048, 2048]","[2048, 2048, 2048, 2048, 2048, 2048]","[2048, 2048, 2048, 2048, 2048, 2048, 2048, 2049, 2049]",293.0
1233,9663,2,7,2024-04-19T03:51:04.290000+00:00,26.73,31.043,45.355,280.0,271.0,False,103.128,"[2048, 2048, 2048, 2048, 2049, 2048, 2049]","[2048, 2048, 2048, 2048, 2048, 2048]","[2048, 2049, 2049, 2048, 2048, 2048, 2048, 2048, 2048]",291.0
1233,9663,55,5,2024-04-19T03:51:17.322000+00:00,26.464,29.813,43.933,281.0,274.0,False,100.21,"[2049, 2049, 2048, 2048, 2049, 2048, 2049]","[2049, 2049, 2049, 2049, 2049, 2049]","[2048, 2049, 2049, 2049, 2049, 2048, 2048, 2048]",311.0
1233,9663,22,8,2024-04-19T03:51:25.417000+00:00,26.252,30.243,44.503,281.0,273.0,False,100.998,"[2048, 2048, 2049, 2049, 2049, 2049, 2048]","[2048, 2048, 2048, 2048, 2048, 2049]","[2049, 2048, 2048, 2048, 2048, 2048, 2049, 2049, 2049]",314.0
1233,9663,63,3,2024-04-19T03:51:25.468000+00:00,,33.42,48.456,276.0,257.0,True,964.513,"[2064, 2064, 2048, 2048, 2048, 2048, 2048]","[2048, 2048, 2048, 2049, 2049, 2049]","[2048, 2048, 2048, 2048, 2048, 2049, 2048, 2048, 2049]",292.0
1233,9663,3,8,2024-04-19T03:51:52.134000+00:00,26.31,30.011,44.134,281.0,273.0,False,100.455,"[2049, 2048, 2049, 2048, 2048, 2048, 2048]","[2048, 2049, 2049, 2049, 2049, 2048]","[2049, 2049, 2049, 2048, 2048, 2049, 2049, 2048, 2049]",313.0
1233,9663,20,8,2024-04-19T03:51:53.185000+00:00,,31.522,45.951,274.0,265.0,True,688.399,"[2064, 2064, 2048, 2048, 2048, 2048, 2048]","[2049, 2048, 2048, 2048, 2048, 2048]","[2048, 2048, 2048, 2048, 2048, 2048, 2048, 2048, 2048]",292.0
1233,9663,11,8,2024-04-19T03:52:16.045000+00:00,,32.637,47.946,254.0,169.0,True,607.629,"[2064, 2064, 2048, 2048, 2048, 2048, 2048]","[2048, 2048, 2048, 2048, 2048, 2048]","[2048, 2048, 2048, 2048, 2048, 2048, 2048, 2048, 2048]",296.0
1233,9663,1,8,2024-04-19T03:52:24.182000+00:00,,38.053,61.032,267.0,259.0,True,669.856,"[2064, 2064, 2048, 2048, 2048, 2048, 2048]","[2048, 2048, 2048, 2048, 2048, 2048]","[2048, 2048, 2048, 2048, 2048, 2048, 2048, 2048, 2048]",218.0
1233,9663,16,5,2024-04-19T03:52:25.887000+00:00,26.162,29.62,43.515,281.0,275.0,False,99.297,"[2049, 2049, 2048, 2049, 2049, 2048, 2049]","[2049, 2049, 2049, 2049, 2049, 2049]","[2051, 2049, 2049, 2049, 2049, 2049, 2049, 2048, 2049]",308.0
1233,9663,81,7,2024-04-19T03:52:32.276000+00:00,26.061,29.863,44.298,282.0,273.0,False,100.222,"[2049, 2049, 2048, 2049, 2048, 2048, 2048]","[2048, 2048, 2048, 2049, 2049, 2048]","[2048, 2049, 2048, 2049, 2049, 2049, 2048, 2048]",310.0
1233,9663,23,8,2024-04-19T03:52:37.930000+00:00,26.772,30.745,45.323,,272.0,False,102.84,"[None, 2048, 2048, 2048, 2048, 2048, 2048]","[2048, 2048, 2048, 2048, 2048, 2048]","[2048, 2048, 2048, 2048, 2048, 2048, 2048, 2049, 2048]",295.0
1233,9663,2,8,2024-04-19T03:52:47.389000+00:00,26.671,30.836,44.761,279.0,272.0,False,102.268,"[None, 2048, 2049, 2048, 2049, 2048, 2048]","[2048, 2048, 2048, 2048, 2048, 2048]","[2049, 2048, 2048, 2048, 2048, 2048, 2048, 2048, 2048]",294.0
1233,9663,55,6,2024-04-19T03:52:56.999000+00:00,44.404,50.973,74.328,137.0,139.0,False,169.705,"[2048, 2048, 2048, 2048, 2048, 2048, 2048]","[2048, 2048, 2048, 2048, 2048, 2048]","[2048, 2048, 2048, 2048, 2048, 2048, 2048, 2048, 2048]",163.0
1233,9663,22,9,2024-04-19T03:53:06.345000+00:00,39.091,48.231,59.268,125.0,161.0,False,146.59,"[None, 2048, 2048, 2048, 2048, 2048, 2048]","[2048, 2048, 2048, 2048, 2048, 2048]","[2048, 2048, 2048, 2048, 2048, 2048, 2048, 2048, 2048]",220.0
1233,9663,63,4,2024-04-19T03:53:16.940000+00:00,26.453,30.461,44.235,282.0,276.0,False,101.149,"[2049, 2049, 2049, 2049, 2049, 2049, 2049]","[2049, 2049, 2049, 2049, 2049, 2049]","[2049, 2049, 2049, 2049, 2049, 2049, 2049, 2048, 2049]",313.0
1233,9663,3,9,2024-04-19T03:53:32.470000+00:00,37.961,48.774,54.921,159.0,196.0,False,141.656,"[2048, 2048, 2048, 2048, 2048, 2048, 2048]","[2048, 2048, 2048, 2048, 2048, 2048]","[2048, 2048, 2048, 2048, 2048, 2048, 2048, 2048, 2048]",277.0
1233,9663,20,9,2024-04-19T03:53:51.061000+00:00,27.388,31.842,45.523,278.0,269.0,False,104.753,"[2048, 2048, 2048, 2048, 2048, 2048, 2048]","[2048, 2048, 2048, 2048, 2048, 2048]","[2048, 2048, 2048, 2048, 2048, 2048, 2048, 2048, 2048]",297.0
1233,9663,16,6,2024-04-19T03:54:05.199000+00:00,35.207,47.835,56.869,152.0,175.0,False,139.911,"[2048, 2048, 2048, 2048, 2048, 2048, 2048]","[2048, 2048, 2048, 2048, 2048, 2048]","[2048, 2048, 2048, 2048, 2048, 2048, 2048, 2048, 2049]",280.0
1233,9663,44,7,2024-04-19T03:54:09.482000+00:00,,40.359,65.996,164.0,233.0,True,742.456,"[2064, 2064, 2048, 2048, 2048, 2048, 2048]","[2048, 2048, 2048, 2048, 2048, 2048]","[2048, 2048, 2048, 2048, 2048, 2048, 2048, 2048, 2064]",115.0
1233,9663,81,8,2024-04-19T03:54:12.412000+00:00,36.482,42.182,61.504,155.0,242.0,False,140.168,"[2048, 2048, 2048, 2048, 2048, 2048, 2048]","[2048, 2048, 2048, 2048, 2048, 2048]","[2048, 2048, 2048, 2048, 2048, 2048, 2048, 2048, 2048]",218.0
1233,9663,11,9,2024-04-19T03:54:15.910000+00:00,27.237,30.717,44.928,268.0,257.0,False,102.882,"[2048, 2048, 2048, 2048, 2048, 2048, 2048]","[2048, 2048, 2048, 2048, 2048, 2048]","[2048, 2048, 2048, 2048, 2048, 2048, 2048, 2048, 2048]",297.0
1233,9663,23,9,2024-04-19T03:54:20.757000+00:00,26.862,30.932,44.994,279.0,272.0,False,102.788,"[None, 2048, 2048, 2048, 2048, 2048, 2048]","[2048, 2048, 2048, 2048, 2048, 2048]","[2048, 2048, 2048, 2048, 2048, 2048, 2048, 2049, 2049]",296.0
1233,9663,2,9,2024-04-19T03:54:29.734000+00:00,26.804,30.81,45.304,,271.0,False,102.918,"[None, 2048, 2048, 2048, 2048, 2048, 2048]","[2048, 2048, 2048, 2048, 2048, 2048]","[2048, 2048, 2049, 2048, 2048, 2048, 2048, 2048, 2048]",295.0
1233,9663,27,9,2024-04-19T03:54:38.503000+00:00,,31.752,48.468,273.0,267.0,True,739.967,"[2064, 2064, 2048, 2048, 2048, 2048, 2048]","[2048, 2048, 2048, 2048, 2048, 2048]","[2048, 2048, 2048, 2048, 2048, 2048, 2048, 2048, 2048]",269.0
1233,9663,1,9,2024-04-19T03:54:49.054000+00:00,27.002,30.579,44.699,278.0,271.0,False,102.28,"[2048, 2048, 2048, 2048, 2048, 2048, 2048]","[2048, 2048, 2048, 2048, 2048, 2048]","[2048, 2048, 2048, 2048, 2048, 2048, 2048, 2048, 2049]",317.0
1233,9663,63,5,2024-04-19T03:54:57.907000+00:00,37.456,46.846,57.111,163.0,170.0,False,141.413,"[2048, 2048, 2048, 2048, 2048, 2048, 2048]","[2048, 2048, 2048, 2048, 2048, 2048]","[2048, 2048, 2048, 2048, 2048, 2048, 2048, 2048, 2048]",273.0
1233,9663,4,7,2024-04-19T03:55:21.836000+00:00,,31.711,55.883,264.0,263.0,True,858.945,"[2064, 2064, 2048, 2048, 2048, 2048, 2048]","[2048, 2048, 2048, 2048, 2048, 2048]","[2048, 2048, 2048, 2048, 2048, 2048, 2048, 2048, 0]",160.0
1233,9663,22,10,2024-04-19T03:55:33.017000+00:00,26.305,29.825,44.591,278.0,272.0,False,100.721,"[2049, 2049, 2048, 2048, 2049, 2048, 2048]","[2049, 2049, 2049, 2049, 2049, 2048]","[2048, 2048, 2049, 2049, 2049, 2048, 2049, 2049, 2048]",316.0
1233,9663,20,10,2024-04-19T03:55:35.785000+00:00,27.529,31.553,45.763,275.0,267.0,False,104.845,"[None, 2048, 2048, 2048, 2048, 2048, 2048]","[2049, 2048, 2048, 2048, 2048, 2048]","[2048, 2048, 2048, 2048, 2048, 2048, 2048, 2048, 2048]",301.0
1233,9663,77,8,2024-04-19T03:55:44.094000+00:00,,34.554,46.289,271.0,266.0,True,897.304,"[2064, 2064, 2048, 2048, 2048, 2048, 2048]","[2048, 2048, 2048, 2048, 2048, 2048]","[2048, 2048, 2048, 2048, 2048, 2048, 2048, 2048, 0]",291.0
1233,9663,55,7,2024-04-19T03:55:46.855000+00:00,26.013,29.188,43.181,281.0,277.0,False,98.382,"[2049, 2049, 2048, 2049, 2049, 2049, 2049]","[2051, 2051, 2049, 2049, 2049, 2049]","[2049, 2049, 2051, 2049, 2051, 2049, 2048, 2048, 2051]",320.0
1233,9663,3,10,2024-04-19T03:55:54.194000+00:00,26.257,29.808,43.984,279.0,273.0,False,100.049,"[2049, 2049, 2049, 2048, 2048, 2048, 2048]","[2049, 2048, 2049, 2049, 2049, 2048]","[2049, 2048, 2049, 2048, 2048, 2049, 2048, 2048]",317.0
1233,9663,11,10,2024-04-19T03:55:58.863000+00:00,27.201,30.639,44.82,274.0,269.0,False,102.66,"[None, 2048, 2048, 2048, 2048, 2048, 2048]","[2048, 2048, 2048, 2048, 2048, 2048]","[2048, 2048, 2048, 2048, 2048, 2048, 2048, 2048, 2048]",297.0
1233,9663,23,10,2024-04-19T03:56:03.551000+00:00,26.967,31.008,45.012,278.0,272.0,False,102.987,"[None, 2048, 2048, 2048, 2048, 2048, 2048]","[2048, 2048, 2048, 2048, 2048, 2048]","[2048, 2048, 2048, 2048, 2048, 2048, 2048, 2048]",298.0
1233,9663,2,10,2024-04-19T03:56:12.575000+00:00,27.005,30.765,45.043,278.0,270.0,False,102.813,"[None, 2048, 2048, 2048, 2048, 2048, 2048]","[2048, 2048, 2048, 2048, 2048, 2048]","[2048, 2048, 2049, 2048, 2048, 2048, 2048, 2048, 2048]",295.0
1233,9663,14,7,2024-04-19T03:56:23.780000+00:00,,33.633,48.067,261.0,260.0,True,915.748,"[2064, 2064, 2048, 2048, 2048, 2048, 2048]","[2048, 2048, 2048, 2048, 2048, 2048]","[2048, 2048, 2048, 2048, 2048, 2048, 2048, 2048, 2048]",299.0
1233,9663,16,7,2024-04-19T03:56:25.071000+00:00,25.82,29.208,43.102,282.0,276.0,False,98.13,"[2049, 2049, 2049, 2049, 2049, 2049, 2049]","[2049, 2048, 2049, 2049, 2049, 2049]","[2051, 2048, 2049, 2049, 2049, 2049, 2051, 2048, 2048]",314.0
1233,9663,1,10,2024-04-19T03:56:30.783000+00:00,26.881,30.268,44.889,271.0,267.0,False,102.038,"[None, 2048, 2048, 2048, 2048, 2048, 2048]","[2048, 2048, 2048, 2048, 2048, 2048]","[2048, 2048, 2048, 2048, 2048, 2048, 2048, 2048, 2049]",294.0
1233,9663,81,9,2024-04-19T03:56:32.744000+00:00,26.084,29.934,44.842,280.0,275.0,False,100.86,"[None, 2048, 2048, 2049, 2048, 2049, 2049]","[2049, 2049, 2048, 2048, 2048, 2048]","[2048, 2048, 2048, 2049, 2049, 2048, 2048, 2048, 2049]",317.0
1233,9663,27,10,2024-04-19T03:56:33.671000+00:00,27.212,30.94,45.605,278.0,267.0,False,103.757,"[2048, 2048, 2048, 2048, 2048, 2048, 2048]","[2048, 2048, 2048, 2048, 2048, 2048]","[2048, 2048, 2048, 2048, 2048, 2048, 2048, 2048]",296.0
1233,9663,10,8,2024-04-19T03:56:43.269000+00:00,,37.76,54.047,217.0,248.0,True,908.876,"[2064, 2064, 2048, 2048, 2048, 2048, 2048]","[2048, 2048, 2048, 2048, 2048, 2048]","[2048, 2048, 2048, 2048, 2048, 2048, 2048, 2048, 2048]",287.0
1233,9663,24,8,2024-04-19T03:56:55.528000+00:00,,32.553,55.709,266.0,262.0,True,989.549,"[2064, 2064, 2048, 2048, 2048, 2048, 2048]","[2048, 2048, 2048, 2048, 2048, 2048]","[2048, 2048, 2048, 2048, 2048, 2048, 2048, 2048, 2048]",241.0
1233,9663,44,8,2024-04-19T03:56:57.848000+00:00,45.873,35.351,48.18,213.0,258.0,True,129.404,"[None, 2064, 2048, 2048, 2048, 2048, 2048]","[2048, 2048, 2048, 2048, 2048, 2048]","[2048, 2048, 2048, 2048, 2048, 2048, 2048, 2048, 2049]",296.0
1233,9663,22,11,2024-04-19T03:57:13.596000+00:00,39.81,52.393,62.774,159.0,184.0,False,154.977,"[2048, 2048, 2048, 2048, 2048, 2048, 2048]","[2048, 2048, 2048, 2048, 2048, 2048]","[2048, 2048, 2048, 2048, 2048, 2048, 2048, 2048, 2048]",225.0
1233,9663,63,6,2024-04-19T03:57:19.526000+00:00,26.093,29.724,43.978,281.0,275.0,False,99.795,"[2049, 2049, 2049, 2049, 2048, 2049, 2049]","[2049, 2049, 2049, 2049, 2049, 2048]","[2049, 2049, 2049, 2049, 2049, 2048, 2049, 2048, 2048]",316.0
1233,9663,20,11,2024-04-19T03:57:20.562000+00:00,27.717,31.337,45.528,273.0,265.0,False,104.582,"[None, 2048, 2048, 2048, 2048, 2048, 2048]","[2048, 2048, 2048, 2048, 2048, 2048]","[2048, 2048, 2048, 2048, 2048, 2048, 2048, 2048, 2048]",300.0
1233,9663,55,8,2024-04-19T03:57:25.259000+00:00,38.791,56.526,76.731,132.0,137.0,False,172.048,"[2048, 2048, 2048, 2048, 2048, 2048, 2048]","[2048, 2048, 2048, 2048, 2048, 2048]","[2048, 2048, 2048, 2048, 2048, 2048, 2048, 2048]",171.0
1233,9663,4,8,2024-04-19T03:57:33.192000+00:00,25.639,29.827,43.667,283.0,263.0,False,99.133,"[2049, 2049, 2049, 2049, 2048, 2048, 2049]","[2049, 2049, 2049, 2049, 2049, 2048]","[2048, 2049, 2049, 2049, 2049, 2049, 2049, 2048, 2049]",315.0
1233,9663,3,11,2024-04-19T03:57:34.168000+00:00,37.963,51.4,66.161,93.0,145.0,False,155.524,"[2048, 2048, 2048, 2048, 2048, 2048, 2048]","[2048, 2048, 2048, 2048, 2048, 2048]","[2048, 2048, 2048, 2048, 2048, 2048, 2048, 2048, 2048]",272.0
1233,9663,11,11,2024-04-19T03:57:41.491000+00:00,27.309,30.644,44.95,265.0,269.0,False,102.903,"[None, 2048, 2048, 2048, 2048, 2048, 2048]","[2048, 2048, 2048, 2048, 2048, 2048]","[2048, 2048, 2048, 2048, 2048, 2048, 2048, 2048, 2048]",298.0
1233,9663,77,9,2024-04-19T03:57:44.883000+00:00,26.457,30.322,45.071,278.0,270.0,False,101.85,"[2048, 2048, 2048, 2048, 2048, 2048, 2048]","[2048, 2048, 2048, 2048, 2048, 2048]","[2048, 2048, 2048, 2048, 2048, 2048, 2048, 2048]",296.0
1233,9663,23,11,2024-04-19T03:57:46.430000+00:00,27.012,30.911,45.019,280.0,272.0,False,102.942,"[2049, 2048, 2048, 2048, 2048, 2048, 2048]","[2048, 2048, 2048, 2048, 2048, 2048]","[2048, 2048, 2048, 2048, 2048, 2048, 2048, 2049, 2049]",299.0
1233,9663,2,11,2024-04-19T03:57:55.355000+00:00,27.103,31.403,45.315,279.0,269.0,False,103.821,"[None, 2048, 2048, 2048, 2048, 2048, 2048]","[2048, 2048, 2048, 2048, 2048, 2048]","[2048, 2048, 2048, 2048, 2048, 2048, 2048, 2048, 2048]",296.0
1233,9663,31,8,2024-04-19T03:58:03.057000+00:00,,40.206,63.518,226.0,130.0,True,1029.372,"[2064, 2064, 2048, 2048, 2048, 2048, 2048]","[2048, 2048, 2048, 2048, 2048, 2048]","[2048, 2048, 2048, 2048, 2048, 2048, 2048, 2048, 2048]",287.0
1233,9663,16,8,2024-04-19T03:58:03.248000+00:00,34.043,51.533,80.273,153.0,131.0,False,165.849,"[2048, 2048, 2048, 2048, 2048, 2048, 2048]","[2048, 2048, 2048, 2048, 2048, 2048]","[2048, 2048, 2048, 2048, 2048, 2048, 2048, 2048, 2048]",187.0
1233,9663,1,11,2024-04-19T03:58:12.886000+00:00,26.951,30.385,44.941,,264.0,False,102.277,"[None, 2048, 2048, 2048, 2048, 2048, 2048]","[2048, 2048, 2048, 2048, 2048, 2048]","[2048, 2048, 2048, 2048, 2048, 2048, 2048, 2048, 2049]",297.0
1233,9663,81,10,2024-04-19T03:58:13.539000+00:00,34.242,43.589,68.376,168.0,149.0,False,146.207,"[None, 2048, 2048, 2048, 2048, 2048, 2048]","[2048, 2048, 2048, 2048, 2048, 2048]","[2048, 2048, 2048, 2048, 2048, 2048, 2048, 2048, 2048]",270.0
1233,9663,27,11,2024-04-19T03:58:17.757000+00:00,27.376,31.08,45.322,275.0,267.0,False,103.778,"[None, 2048, 2048, 2048, 2048, 2048, 2048]","[2048, 2048, 2048, 2048, 2048, 2048]","[2048, 2048, 2048, 2048, 2048, 2048, 2048, 2048]",295.0
1233,9663,14,8,2024-04-19T03:58:33.358000+00:00,25.973,30.21,56.48,282.0,226.0,False,112.663,"[2048, 2048, 2049, 2048, 2048, 2048, 2048]","[2048, 2049, 2048, 2048, 2048, 2048]","[2048, 2048, 2048, 2048, 2048, 2048, 2048, 2048, 2049]",299.0
1233,9663,44,9,2024-04-19T03:58:51.784000+00:00,25.852,29.824,73.199,281.0,267.0,False,128.875,"[2049, 2049, 2049, 2049, 2049, 2048, 2048]","[2048, 2049, 2049, 2049, 2049, 2048]","[2048, 2048, 2048, 2048, 2048, 2048, 2048, 2048, 2064]",126.0
1233,9663,10,9,2024-04-19T03:58:58.571000+00:00,25.978,29.485,43.813,280.0,274.0,False,99.276,"[2048, 2048, 2049, 2048, 2049, 2049, 2048]","[2048, 2049, 2049, 2049, 2049, 2049]","[2048, 2049, 2048, 2048, 2048, 2049, 2048, 2048, 2049]",311.0
1233,9663,63,7,2024-04-19T03:58:59.116000+00:00,40.362,54.045,60.599,151.0,158.0,False,155.006,"[2048, 2048, 2048, 2048, 2048, 2048, 2048]","[2048, 2048, 2048, 2048, 2048, 2048]","[2048, 2048, 2048, 2048, 2048, 2048, 2048, 2048, 2048]",245.0
1233,9663,24,9,2024-04-19T03:59:03.399000+00:00,26.942,30.686,45.436,275.0,270.0,False,103.064,"[2048, 2048, 2048, 2048, 2048, 2048, 2048]","[2048, 2048, 2048, 2048, 2048, 2048]","[2048, 2048, 2048, 2048, 2048, 2048, 2048, 2048, 2048]",290.0
1233,9663,20,12,2024-04-19T03:59:05.149000+00:00,27.85,31.974,45.515,276.0,266.0,False,105.339,"[None, 2048, 2048, 2048, 2048, 2048, 2048]","[2048, 2048, 2048, 2048, 2048, 2048]","[2048, 2048, 2048, 2048, 2048, 2048, 2048, 2048, 2048]",300.0
1233,9663,4,9,2024-04-19T03:59:11.510000+00:00,32.877,51.457,66.863,141.0,83.0,False,151.197,"[2048, 2048, 2048, 2048, 2048, 2048, 2048]","[2048, 2048, 2048, 2048, 2048, 2048]","[2048, 2048, 2048, 2048, 2048, 2048, 2048, 2048, 2048]",202.0
1233,9663,11,12,2024-04-19T03:59:24.362000+00:00,27.233,30.663,44.847,276.0,268.0,False,102.743,"[None, 2048, 2048, 2048, 2048, 2048, 2048]","[2048, 2048, 2048, 2048, 2048, 2048]","[2048, 2048, 2048, 2048, 2048, 2048, 2048, 2048, 2048]",296.0
1233,9663,77,10,2024-04-19T03:59:26.686000+00:00,26.87,30.894,45.362,271.0,265.0,False,103.126,"[None, 2048, 2048, 2048, 2048, 2048, 2048]","[2048, 2048, 2048, 2048, 2048, 2048]","[2048, 2048, 2048, 2048, 2048, 2048, 2048, 2048, 2048]",290.0
1233,9663,23,12,2024-04-19T03:59:29.549000+00:00,27.119,31.229,45.303,279.0,267.0,False,103.651,"[2048, 2048, 2048, 2048, 2048, 2048, 2048]","[2048, 2048, 2048, 2048, 2048, 2048]","[2048, 2048, 2048, 2048, 2048, 2048, 2048, 2048, 2049]",298.0
1233,9663,2,12,2024-04-19T03:59:39.236000+00:00,27.073,31.036,45.527,278.0,266.0,False,103.636,"[None, 2048, 2048, 2048, 2048, 2048, 2048]","[2048, 2048, 2048, 2048, 2048, 2048]","[2048, 2048, 2048, 2048, 2048, 2048, 2048, 2048, 2048]",295.0
1233,9663,22,12,2024-04-19T03:59:48.734000+00:00,36.231,41.397,52.169,237.0,196.0,False,129.797,"[None, 2048, 2048, 2048, 2048, 2048, 2048]","[2048, 2048, 2048, 2048, 2048, 2048]","[2048, 2048, 2048, 2048, 2048, 2048, 2048, 2048, 2048]",244.0
1233,9663,1,12,2024-04-19T03:59:55.085000+00:00,27.221,30.548,44.928,269.0,264.0,False,102.697,"[None, 2048, 2048, 2048, 2048, 2048, 2048]","[2048, 2048, 2048, 2048, 2048, 2048]","[2048, 2048, 2048, 2048, 2048, 2048, 2048, 2048, 2049]",297.0
1233,9663,27,12,2024-04-19T04:00:01.368000+00:00,27.691,31.238,45.488,274.0,266.0,False,104.417,"[None, 2048, 2048, 2048, 2048, 2048, 2048]","[2048, 2048, 2048, 2048, 2048, 2048]","[2048, 2048, 2048, 2048, 2048, 2048, 2048, 2048, 2048]",295.0
1233,9663,3,12,2024-04-19T04:00:09.838000+00:00,26.256,29.848,44.03,281.0,273.0,False,100.134,"[None, 2048, 2048, 2048, 2049, 2048, 2048]","[2049, 2048, 2048, 2048, 2048, 2048]","[2048, 2049, 2049, 2048, 2048, 2048, 2048, 2048, 2048]",318.0
1233,9663,55,9,2024-04-19T04:00:17.376000+00:00,25.816,29.299,48.945,283.0,276.0,False,104.06,"[2049, 2049, 2049, 2049, 2048, 2049, 2049]","[2048, 2051, 2049, 2049, 2048, 2048]","[2049, 2048, 2048, 2049, 2048, 2048, 2051, 2051, 2064]",320.0
1233,9663,14,9,2024-04-19T04:00:26.014000+00:00,26.007,29.706,47.079,,275.0,False,102.792,"[2049, 2049, 2048, 2048, 2048, 2048, 2048]","[2048, 2049, 2048, 2048, 2048, 2048]","[2048, 2048, 2048, 2048, 2048, 2048, 2048, 2048, 2048]",297.0
1233,9663,18,8,2024-04-19T04:00:26.372000+00:00,,36.757,48.518,240.0,259.0,True,1093.349,"[2064, 2064, 2048, 2048, 2048, 2048, 2048]","[2048, 2048, 2048, 2048, 2048, 2048]","[2048, 2048, 2048, 2048, 2048, 2048, 2048, 2048, 2048]",302.0
1233,9663,31,9,2024-04-19T04:00:33.190000+00:00,25.627,29.511,43.812,280.0,274.0,False,98.95,"[2048, 2048, 2049, 2048, 2048, 2048, 2048]","[2049, 2048, 2048, 2049, 2048, 2048]","[2049, 2048, 2049, 2048, 2048, 2048, 2049, 2049, 2049]",313.0
1233,9663,10,10,2024-04-19T04:00:37.848000+00:00,26.663,30.512,44.526,279.0,271.0,False,101.701,"[2049, 2049, 2048, 2048, 2048, 2048, 2048]","[2048, 2048, 2048, 2048, 2048, 2048]","[2048, 2048, 2048, 2048, 2048, 2048, 2048, 2048, 2048]",295.0
1233,9663,81,11,2024-04-19T04:00:39.750000+00:00,26.169,39.289,59.739,282.0,210.0,False,125.197,"[2049, 2049, 2049, 2048, 2048, 2048, 2048]","[2048, 2048, 2048, 2048, 2048, 2048]","[2048, 2048, 2048, 2048, 2048, 2048, 2048, 2048, 2048]",185.0
1233,9663,24,10,2024-04-19T04:00:46.551000+00:00,27.212,30.6,45.711,271.0,264.0,False,103.523,"[None, 2048, 2048, 2048, 2048, 2048, 2048]","[2048, 2048, 2048, 2048, 2048, 2048]","[2048, 2048, 2048, 2048, 2048, 2048, 2048, 2048, 2048]",290.0
1233,9663,16,9,2024-04-19T04:00:49.166000+00:00,26.018,39.891,70.112,285.0,151.0,False,136.021,"[None, 2049, 2049, 2048, 2048, 2049, 2049]","[2048, 2048, 2048, 2048, 2048, 2048]","[2048, 2048, 2048, 2048, 2048, 2048, 2048, 2048, 2048]",104.0
1233,9663,20,13,2024-04-19T04:00:50.542000+00:00,27.878,31.827,45.916,279.0,266.0,False,105.621,"[None, 2048, 2048, 2048, 2048, 2048, 2048]","[2048, 2048, 2048, 2048, 2048, 2048]","[2048, 2048, 2048, 2048, 2048, 2048, 2048, 2048, 2048]",302.0
1233,9663,11,13,2024-04-19T04:01:07.076000+00:00,27.116,30.62,44.961,274.0,263.0,False,102.697,"[None, 2048, 2048, 2048, 2048, 2048, 2048]","[2048, 2048, 2048, 2048, 2048, 2048]","[2048, 2048, 2048, 2048, 2048, 2048, 2048, 2048, 2048]",299.0
1233,9663,77,11,2024-04-19T04:01:09.818000+00:00,27.119,30.789,45.192,274.0,265.0,False,103.1,"[None, 2048, 2048, 2048, 2048, 2048, 2048]","[2048, 2048, 2048, 2048, 2048, 2048]","[2048, 2048, 2048, 2048, 2048, 2048, 2048, 2048, 2049]",296.0
1233,9663,23,13,2024-04-19T04:01:13.195000+00:00,27.712,31.785,51.023,262.0,260.0,False,110.52,"[None, 2048, 2048, 2048, 2048, 2048, 2048]","[2048, 2048, 2048, 2048, 2048, 2048]","[2048, 2048, 2048, 2048, 2048, 2048, 2049, 2049, 2064]",288.0
1233,9663,2,13,2024-04-19T04:01:22.808000+00:00,27.337,31.215,50.505,277.0,269.0,False,109.057,"[None, 2048, 2048, 2048, 2048, 2048, 2048]","[2048, 2048, 2048, 2048, 2048, 2048]","[2048, 2048, 2048, 2048, 2048, 2048, 2048, 2051, 2064]",298.0
1233,9663,44,10,2024-04-19T04:01:25.936000+00:00,63.119,51.717,63.902,153.0,168.0,True,178.738,"[2064, 2064, 2048, 2048, 2048, 2048, 2048]","[2048, 2048, 2048, 2048, 2048, 2048]","[2048, 2048, 2048, 2048, 2048, 2048, 2048, 2048, 2048]",181.0
1233,9663,63,8,2024-04-19T04:01:34.321000+00:00,25.885,29.491,43.43,282.0,276.0,False,98.806,"[2049, 2049, 2049, 2049, 2049, 2048, 2049]","[2049, 2049, 2049, 2049, 2048, 2049]","[2051, 2049, 2049, 2049, 2049, 2049, 2048, 2048, 2049]",318.0
1233,9663,1,13,2024-04-19T04:01:37.739000+00:00,26.967,30.602,44.559,274.0,267.0,False,102.128,"[None, 2048, 2048, 2048, 2048, 2048, 2048]","[2048, 2048, 2048, 2048, 2048, 2048]","[2048, 2048, 2048, 2048, 2048, 2048, 2048, 2048, 2049]",301.0
1233,9663,4,10,2024-04-19T04:01:42.814000+00:00,25.789,29.404,43.437,282.0,277.0,False,98.63,"[None, 2048, 2049, 2048, 2048, 2048, 2048]","[2048, 2049, 2048, 2048, 2048, 2049]","[2049, 2048, 2049, 2049, 2049, 2049, 2048, 2048, 2049]",319.0
1233,9663,27,13,2024-04-19T04:01:45.633000+00:00,27.578,31.625,45.378,277.0,266.0,False,104.581,"[None, 2048, 2048, 2048, 2048, 2048, 2048]","[2048, 2048, 2048, 2048, 2048, 2048]","[2048, 2048, 2048, 2048, 2048, 2048, 2048, 2048, 2048]",299.0
1233,9663,3,13,2024-04-19T04:01:49.980000+00:00,34.386,32.458,45.694,115.0,273.0,False,112.538,"[None, 2048, 2048, 2048, 2048, 2048, 2048]","[2048, 2048, 2048, 2048, 2048, 2048]","[2048, 2048, 2048, 2048, 2048, 2048, 2048, 2048, 2048]",300.0
1233,9663,22,13,2024-04-19T04:01:58.527000+00:00,26.504,30.459,57.37,279.0,208.0,False,114.333,"[2049, 2049, 2049, 2048, 2048, 2048, 2048]","[2049, 2049, 2048, 2048, 2048, 2048]","[2048, 2048, 2048, 2048, 2048, 2048, 2048, 2048, 2048]",225.0
1233,9663,14,10,2024-04-19T04:02:08.772000+00:00,30.721,37.556,54.255,250.0,215.0,False,122.532,"[2048, 2048, 2048, 2048, 2048, 2048, 2048]","[2048, 2048, 2048, 2048, 2048, 2048]","[2048, 2048, 2048, 2048, 2048, 2048, 2048, 2048, 2048]",212.0
1233,9663,31,10,2024-04-19T04:02:12.118000+00:00,36.019,45.156,65.945,165.0,167.0,False,147.12,"[None, 2048, 2048, 2048, 2048, 2048, 2048]","[2048, 2048, 2048, 2048, 2048, 2048]","[2048, 2048, 2048, 2048, 2048, 2048, 2048, 2048, 2048]",189.0
1233,9663,10,11,2024-04-19T04:02:19.588000+00:00,26.748,30.248,45.037,274.0,267.0,False,102.033,"[2048, 2048, 2048, 2048, 2048, 2048, 2048]","[2048, 2048, 2048, 2048, 2048, 2048]","[2048, 2048, 2048, 2048, 2048, 2048, 2048, 2048]",294.0
1233,9663,18,9,2024-04-19T04:02:26.161000+00:00,26.3,29.5,43.382,282.0,276.0,False,99.182,"[2048, 2048, 2048, 2048, 2048, 2048, 2048]","[2048, 2048, 2048, 2048, 2048, 2049]","[2048, 2048, 2049, 2051, 2051, 2049, 2049, 2048, 2048]",328.0
1233,9663,24,11,2024-04-19T04:02:29.929000+00:00,27.166,30.865,45.785,275.0,266.0,False,103.816,"[None, 2048, 2048, 2048, 2048, 2048, 2048]","[2048, 2048, 2048, 2048, 2048, 2048]","[2048, 2048, 2048, 2048, 2048, 2048, 2048, 2048, 2048]",296.0
1233,9663,20,14,2024-04-19T04:02:36.058000+00:00,28.056,31.911,47.348,276.0,265.0,False,107.315,"[None, 2048, 2048, 2048, 2048, 2048, 2048]","[2048, 2048, 2048, 2048, 2048, 2048]","[2048, 2048, 2048, 2048, 2048, 2048, 2048, 2048, 2048]",302.0
1233,9663,81,12,2024-04-19T04:02:44.926000+00:00,25.833,29.58,43.843,281.0,273.0,False,99.256,"[2048, 2048, 2048, 2048, 2049, 2048, 2048]","[2049, 2049, 2049, 2049, 2048, 2048]","[2048, 2049, 2049, 2048, 2048, 2049, 2048, 2048, 2049]",316.0
1233,9663,11,14,2024-04-19T04:02:49.793000+00:00,27.23,30.724,45.374,275.0,266.0,False,103.328,"[None, 2048, 2048, 2048, 2048, 2048, 2048]","[2048, 2048, 2048, 2048, 2048, 2048]","[2048, 2048, 2048, 2048, 2048, 2048, 2048, 2048, 2048]",300.0
1233,9663,77,12,2024-04-19T04:02:53.057000+00:00,27.12,30.975,45.592,276.0,267.0,False,103.687,"[None, 2048, 2048, 2048, 2048, 2048, 2048]","[2048, 2048, 2048, 2048, 2048, 2048]","[2048, 2048, 2048, 2048, 2048, 2048, 2048, 2048, 2048]",298.0
1233,9663,16,10,2024-04-19T04:03:05.080000+00:00,25.768,29.132,43.19,284.0,276.0,False,98.09,"[None, 2048, 2048, 2049, 2048, 2049, 2051]","[2049, 2051, 2049, 2049, 2048, 2048]","[2048, 2048, 2048, 2048, 2048, 2049, 2048, 2048, 2048]",315.0
1233,9663,63,9,2024-04-19T04:03:13.035000+00:00,33.54,40.647,55.516,201.0,235.0,False,129.703,"[2048, 2048, 2048, 2048, 2048, 2048, 2048]","[2048, 2048, 2048, 2048, 2048, 2048]","[2048, 2048, 2048, 2048, 2048, 2048, 2048, 2048, 2048]",277.0
1233,9663,1,14,2024-04-19T04:03:19.878000+00:00,27.006,30.555,44.747,,266.0,False,102.308,"[None, 2048, 2048, 2048, 2048, 2048, 2048]","[2048, 2048, 2048, 2048, 2048, 2048]","[2048, 2048, 2048, 2048, 2048, 2048, 2048, 2048, 2049]",297.0
1233,9663,4,11,2024-04-19T04:03:21.361000+00:00,28.377,31.299,45.562,263.0,274.0,False,105.238,"[None, 2048, 2048, 2048, 2048, 2048, 2048]","[2048, 2048, 2048, 2048, 2048, 2048]","[2048, 2048, 2048, 2048, 2048, 2048, 2048, 2048, 2048]",292.0
1233,9663,23,14,2024-04-19T04:03:23.914000+00:00,46.702,32.874,57.14,271.0,261.0,True,136.716,"[2064, 2064, 2048, 2048, 2048, 2048, 2048]","[2048, 2048, 2048, 2048, 2048, 2048]","[2048, 2048, 2048, 2048, 2048, 2048, 2048, 2048, 2064]",239.0
1233,9663,2,14,2024-04-19T04:03:27.357000+00:00,41.322,31.664,53.211,277.0,270.0,True,126.197,"[2064, 2064, 2048, 2048, 2048, 2048, 2048]","[2048, 2048, 2048, 2048, 2048, 2048]","[2048, 2048, 2048, 2048, 2049, 2048, 2049, 2051, 2064]",309.0
1233,9663,27,14,2024-04-19T04:03:30.220000+00:00,27.745,31.51,45.967,,266.0,False,105.222,"[None, 2048, 2048, 2048, 2048, 2048, 2048]","[2048, 2048, 2048, 2048, 2048, 2048]","[2048, 2048, 2048, 2048, 2048, 2048, 2048, 2048, 2048]",299.0
1233,9663,3,14,2024-04-19T04:03:42.573000+00:00,26.869,30.169,44.941,282.0,274.0,False,101.979,"[None, 2048, 2048, 2048, 2048, 2048, 2048]","[2048, 2048, 2048, 2048, 2048, 2048]","[2048, 2048, 2048, 2048, 2048, 2048, 2048, 2048, 2048]",304.0
1233,9663,22,14,2024-04-19T04:03:52.824000+00:00,26.368,29.9,44.428,281.0,273.0,False,100.696,"[None, 2049, 2049, 2048, 2048, 2049, 2049]","[2048, 2048, 2049, 2048, 2049, 2049]","[2048, 2049, 2048, 2049, 2049, 2048, 2048, 2048]",318.0
1233,9663,44,11,2024-04-19T04:03:59.413000+00:00,25.766,29.405,43.711,283.0,277.0,False,98.882,"[2049, 2049, 2048, 2049, 2049, 2049, 2049]","[2051, 2048, 2049, 2049, 2048, 2049]","[2049, 2049, 2049, 2049, 2049, 2049, 2049, 2048, 2048]",316.0
1233,9663,10,12,2024-04-19T04:04:01.543000+00:00,26.772,30.263,45.438,273.0,264.0,False,102.473,"[None, 2048, 2048, 2048, 2048, 2048, 2048]","[2048, 2048, 2048, 2048, 2048, 2048]","[2048, 2048, 2048, 2048, 2048, 2048, 2048, 2048, 2048]",288.0
1233,9663,18,10,2024-04-19T04:04:05.301000+00:00,29.57,39.673,52.722,242.0,246.0,False,121.965,"[None, 2048, 2048, 2048, 2048, 2048, 2048]","[2048, 2048, 2048, 2048, 2048, 2048]","[2048, 2048, 2048, 2048, 2048, 2048, 2048, 2048, 2048]",299.0
1233,9663,14,11,2024-04-19T04:04:11.389000+00:00,25.788,29.522,43.832,284.0,276.0,False,99.142,"[2049, 2051, 2048, 2048, 2048, 2048, 2049]","[2048, 2049, 2049, 2048, 2048, 2048]","[2048, 2048, 2051, 2049, 2049, 2049, 2049, 2049, 2048]",320.0
1233,9663,24,12,2024-04-19T04:04:13.762000+00:00,27.234,31.124,45.939,278.0,267.0,False,104.297,"[None, 2048, 2048, 2048, 2048, 2048, 2048]","[2048, 2048, 2048, 2048, 2048, 2048]","[2048, 2048, 2048, 2048, 2048, 2048, 2048, 2048, 2048]",297.0
1233,9663,20,15,2024-04-19T04:04:23.442000+00:00,28.286,31.762,45.968,278.0,268.0,False,106.016,"[None, 2048, 2048, 2048, 2048, 2048, 2048]","[2048, 2048, 2048, 2048, 2048, 2048]","[2048, 2048, 2048, 2048, 2048, 2048, 2048, 2048, 2048]",320.0
1233,9663,81,13,2024-04-19T04:04:24.166000+00:00,28.38,34.086,46.202,262.0,266.0,False,108.668,"[None, 2048, 2048, 2048, 2048, 2048, 2048]","[2048, 2048, 2048, 2048, 2048, 2048]","[2048, 2048, 2048, 2048, 2048, 2048, 2048, 2048, 2048]",299.0
1233,9663,11,15,2024-04-19T04:04:33.645000+00:00,27.326,30.659,45.16,274.0,267.0,False,103.145,"[None, 2048, 2048, 2048, 2048, 2048, 2048]","[2048, 2048, 2048, 2048, 2048, 2048]","[2048, 2048, 2048, 2048, 2048, 2048, 2048, 2048, 2048]",303.0
1233,9663,77,13,2024-04-19T04:04:36.641000+00:00,27.307,30.948,45.989,,267.0,False,104.244,"[None, 2048, 2048, 2048, 2048, 2048, 2048]","[2048, 2048, 2048, 2048, 2048, 2048]","[2048, 2048, 2048, 2048, 2048, 2048, 2048, 2048, 2048]",298.0
1233,9663,31,11,2024-04-19T04:04:39.256000+00:00,36.516,43.588,59.347,158.0,116.0,False,139.451,"[None, 2048, 2048, 2048, 2048, 2048, 2048]","[2048, 2048, 2048, 2048, 2048, 2048]","[2048, 2048, 2048, 2048, 2048, 2048, 2048, 2048, 2048]",278.0
1233,9663,16,11,2024-04-19T04:04:43.205000+00:00,30.801,33.56,53.727,252.0,236.0,False,118.088,"[None, 2048, 2048, 2048, 2048, 2048, 2048]","[2048, 2048, 2048, 2048, 2048, 2048]","[2048, 2048, 2048, 2048, 2048, 2048, 2048, 2049, 2064]",285.0
1233,9663,1,15,2024-04-19T04:05:02.190000+00:00,27.034,30.588,45.339,279.0,269.0,False,102.961,"[None, 2048, 2048, 2048, 2048, 2048, 2048]","[2048, 2048, 2048, 2048, 2048, 2048]","[2048, 2048, 2048, 2048, 2048, 2048, 2048, 2048, 2048]",302.0
1233,9663,4,12,2024-04-19T04:05:06.697000+00:00,26.716,29.962,45.039,277.0,273.0,False,101.717,"[None, 2048, 2048, 2048, 2048, 2048, 2048]","[2048, 2048, 2048, 2048, 2048, 2048]","[2048, 2048, 2048, 2048, 2048, 2048, 2048, 2048, 2048]",299.0
1233,9663,27,15,2024-04-19T04:05:15.430000+00:00,27.838,31.433,45.852,276.0,266.0,False,105.123,"[None, 2048, 2048, 2048, 2048, 2048, 2048]","[2048, 2048, 2048, 2048, 2048, 2048]","[2048, 2048, 2048, 2048, 2048, 2048, 2048, 2048]",300.0
1233,9663,63,10,2024-04-19T04:05:22.836000+00:00,26.373,29.981,44.788,280.0,273.0,False,101.142,"[None, 2048, 2048, 2048, 2048, 2048, 2048]","[2049, 2048, 2048, 2048, 2048, 2048]","[2048, 2048, 2048, 2048, 2048, 2048, 2048, 2048, 2048]",300.0
1233,9663,3,15,2024-04-19T04:05:24.444000+00:00,26.813,30.432,44.625,,271.0,False,101.87,"[None, 2048, 2048, 2048, 2048, 2048, 2048]","[2048, 2048, 2048, 2048, 2048, 2048]","[2048, 2048, 2048, 2048, 2048, 2048, 2048, 2048, 2048]",305.0
1233,9663,22,15,2024-04-19T04:05:33.413000+00:00,30.345,35.391,45.927,252.0,267.0,False,111.663,"[2048, 2048, 2048, 2048, 2048, 2048, 2048]","[2048, 2048, 2048, 2048, 2048, 2048]","[2048, 2048, 2048, 2048, 2048, 2048, 2048, 2048, 2048]",300.0
1233,9663,44,12,2024-04-19T04:05:38.202000+00:00,35.169,59.682,70.993,155.0,105.0,False,165.844,"[2048, 2048, 2048, 2048, 2048, 2048, 2048]","[2048, 2048, 2048, 2048, 2048, 2048]","[2048, 2048, 2048, 2048, 2048, 2048, 2048, 2048, 2048]",231.0
1233,9663,10,13,2024-04-19T04:05:44.003000+00:00,26.942,30.777,45.121,270.0,265.0,False,102.84,"[None, 2048, 2048, 2048, 2048, 2048, 2048]","[2048, 2048, 2048, 2048, 2048, 2048]","[2048, 2048, 2048, 2049, 2048, 2048, 2048, 2048, 2048]",294.0
1233,9663,14,12,2024-04-19T04:05:50.480000+00:00,32.829,48.381,64.879,169.0,222.0,False,146.089,"[2048, 2048, 2048, 2048, 2048, 2048, 2048]","[2048, 2048, 2048, 2048, 2048, 2048]","[2048, 2048, 2048, 2048, 2048, 2048, 2048, 2048, 2048]",286.0
1233,9663,24,13,2024-04-19T04:05:58.070000+00:00,27.303,31.137,45.91,274.0,267.0,False,104.35,"[None, 2048, 2048, 2048, 2048, 2048, 2048]","[2048, 2048, 2048, 2048, 2048, 2048]","[2048, 2048, 2048, 2048, 2048, 2048, 2048, 2048, 2048]",296.0
1233,9663,18,11,2024-04-19T04:06:07.331000+00:00,26.061,29.606,43.761,282.0,276.0,False,99.428,"[2049, 2049, 2049, 2048, 2048, 2048, 2048]","[2048, 2048, 2048, 2048, 2048, 2048]","[2048, 2048, 2049, 2048, 2048, 2048, 2048, 2048]",322.0
1233,9663,20,16,2024-04-19T04:06:09.478000+00:00,28.364,32.294,52.695,277.0,266.0,False,113.353,"[None, 2048, 2048, 2048, 2048, 2048, 2048]","[2048, 2048, 2048, 2048, 2048, 2048]","[2048, 2048, 2048, 2048, 2048, 2048, 2048, 2049, 2064]",304.0
1233,9663,81,14,2024-04-19T04:06:12.859000+00:00,26.764,30.752,45.764,274.0,274.0,False,103.28,"[None, 2048, 2048, 2048, 2048, 2048, 2048]","[2048, 2048, 2048, 2048, 2048, 2048]","[2048, 2048, 2048, 2051, 2049, 2048, 2048, 2048, 2048]",317.0
1233,9663,11,16,2024-04-19T04:06:16.410000+00:00,27.3,31.734,53.309,276.0,258.0,False,112.343,"[None, 2048, 2048, 2048, 2048, 2048, 2048]","[2048, 2048, 2048, 2048, 2048, 2048]","[2048, 2048, 2048, 2049, 2048, 2048, 2048, 2049, 2064]",289.0
1233,9663,77,14,2024-04-19T04:06:20.916000+00:00,27.464,31.348,46.008,,267.0,False,104.82,"[None, 2048, 2048, 2048, 2048, 2048, 2048]","[2048, 2048, 2048, 2048, 2048, 2048]","[2048, 2048, 2048, 2048, 2048, 2048, 2048, 2048, 2048]",299.0
1233,9663,1,16,2024-04-19T04:06:45.199000+00:00,27.013,30.664,44.872,,268.0,False,102.549,"[None, 2048, 2048, 2048, 2048, 2048, 2048]","[2048, 2048, 2048, 2048, 2048, 2048]","[2048, 2048, 2048, 2048, 2048, 2048, 2048, 2048, 2048]",301.0
1233,9663,4,13,2024-04-19T04:06:48.469000+00:00,26.695,30.236,44.835,275.0,272.0,False,101.766,"[None, 2048, 2048, 2048, 2048, 2048, 2048]","[2048, 2048, 2048, 2048, 2048, 2048]","[2048, 2048, 2048, 2048, 2048, 2048, 2048, 2048, 2048]",297.0
1233,9663,31,12,2024-04-19T04:06:58.661000+00:00,25.694,29.287,43.626,279.0,272.0,False,98.607,"[2049, 2048, 2048, 2049, 2048, 2049, 2048]","[2049, 2049, 2049, 2048, 2048, 2048]","[2048, 2048, 2048, 2049, 2048, 2049, 2049, 2049, 2048]",314.0
1233,9663,27,16,2024-04-19T04:07:00.558000+00:00,28.017,31.896,46.802,274.0,263.0,False,106.715,"[None, 2048, 2048, 2048, 2048, 2048, 2048]","[2048, 2048, 2048, 2048, 2048, 2048]","[2048, 2048, 2048, 2048, 2048, 2048, 2048, 2048, 2048]",299.0
1233,9663,63,11,2024-04-19T04:07:03.942000+00:00,26.831,30.741,44.623,277.0,272.0,False,102.195,"[None, 2048, 2048, 2048, 2048, 2048, 2048]","[2048, 2048, 2048, 2048, 2048, 2048]","[2048, 2048, 2048, 2049, 2049, 2048, 2048, 2048, 2048]",317.0
1233,9663,3,16,2024-04-19T04:07:06.330000+00:00,26.864,30.237,44.738,,273.0,False,101.839,"[None, 2048, 2048, 2048, 2048, 2048, 2049]","[2048, 2048, 2048, 2048, 2048, 2048]","[2048, 2048, 2048, 2048, 2048, 2048, 2048, 2048, 2048]",308.0
1233,9663,22,16,2024-04-19T04:07:25.218000+00:00,27.409,30.962,45.233,279.0,269.0,False,103.604,"[None, 2048, 2048, 2048, 2048, 2048, 2048]","[2048, 2048, 2048, 2048, 2048, 2048]","[2048, 2048, 2048, 2048, 2048, 2048, 2048, 2048, 2048]",299.0
1233,9663,10,14,2024-04-19T04:07:26.874000+00:00,27.012,30.829,45.204,272.0,263.0,False,103.045,"[None, 2048, 2048, 2048, 2048, 2048, 2048]","[2048, 2048, 2048, 2048, 2048, 2048]","[2048, 2048, 2049, 2049, 2049, 2048, 2048, 2048, 2048]",313.0
1233,9663,24,14,2024-04-19T04:07:42.460000+00:00,27.367,31.016,46.003,273.0,265.0,False,104.386,"[None, 2048, 2048, 2048, 2048, 2048, 2048]","[2048, 2048, 2048, 2048, 2048, 2048]","[2048, 2048, 2048, 2048, 2048, 2048, 2048, 2048, 2048]",292.0
1233,9663,18,12,2024-04-19T04:07:47.346000+00:00,30.91,40.08,50.197,192.0,240.0,False,121.187,"[2048, 2048, 2048, 2048, 2048, 2048, 2048]","[2048, 2048, 2048, 2048, 2048, 2048]","[2048, 2048, 2048, 2048, 2048, 2048, 2048, 2048]",293.0
1233,9663,81,15,2024-04-19T04:07:56.162000+00:00,26.641,30.245,45.214,277.0,273.0,False,102.1,"[None, 2048, 2048, 2048, 2048, 2048, 2048]","[2048, 2048, 2048, 2048, 2048, 2048]","[2048, 2048, 2048, 2048, 2048, 2048, 2048, 2048, 2048]",294.0
1233,9663,77,15,2024-04-19T04:08:05.744000+00:00,27.518,31.197,45.858,277.0,268.0,False,104.573,"[None, 2048, 2048, 2048, 2048, 2048, 2048]","[2048, 2048, 2048, 2048, 2048, 2048]","[2048, 2048, 2048, 2048, 2048, 2048, 2048, 2048, 2048]",298.0
1233,9663,14,13,2024-04-19T04:08:16.648000+00:00,25.848,29.452,43.636,284.0,278.0,False,98.936,"[2049, 2048, 2048, 2048, 2048, 2049, 2051]","[2048, 2049, 2049, 2048, 2048, 2048]","[2048, 2048, 2048, 2049, 2049, 2049, 2049, 2049, 2049]",321.0
1233,9663,44,13,2024-04-19T04:08:24.048000+00:00,25.837,29.29,43.712,282.0,277.0,False,98.839,"[2049, 2048, 2048, 2049, 2048, 2049, 2048]","[2048, 2048, 2049, 2051, 2048, 2049]","[2049, 2048, 2048, 2049, 2049, 2051, 2048, 2048]",318.0
1233,9663,1,17,2024-04-19T04:08:27.738000+00:00,30.931,32.091,54.323,256.0,248.0,False,117.345,"[None, 2048, 2048, 2048, 2048, 2048, 2048]","[2048, 2048, 2048, 2048, 2048, 2048]","[2048, 2048, 2048, 2048, 2048, 2048, 2048, 2049, 2064]",228.0
1233,9663,4,14,2024-04-19T04:08:30.261000+00:00,26.582,30.279,44.949,276.0,273.0,False,101.81,"[None, 2048, 2048, 2048, 2048, 2048, 2048]","[2048, 2048, 2048, 2048, 2048, 2048]","[2048, 2048, 2048, 2048, 2048, 2048, 2048, 2048, 2048]",298.0
1233,9663,31,13,2024-04-19T04:08:37.238000+00:00,26.385,29.983,44.765,278.0,271.0,False,101.133,"[None, 2048, 2048, 2048, 2048, 2048, 2048]","[2048, 2048, 2048, 2048, 2048, 2048]","[2048, 2048, 2048, 2048, 2048, 2048, 2048, 2048, 2048]",296.0
1233,9663,63,12,2024-04-19T04:08:46.154000+00:00,26.914,30.47,45.02,,273.0,False,102.404,"[None, 2048, 2048, 2048, 2048, 2048, 2048]","[2048, 2048, 2048, 2048, 2048, 2048]","[2048, 2048, 2048, 2048, 2048, 2048, 2048, 2048, 2048]",298.0
1233,9663,27,17,2024-04-19T04:08:47.296000+00:00,28.025,31.87,55.546,275.0,264.0,False,115.441,"[None, 2048, 2048, 2048, 2048, 2048, 2048]","[2048, 2048, 2048, 2048, 2048, 2048]","[2048, 2048, 2048, 2048, 2048, 2048, 2048, 2049, 2064]",317.0
1233,9663,3,17,2024-04-19T04:08:48.266000+00:00,27.52,31.738,51.677,281.0,266.0,False,110.935,"[None, 2048, 2048, 2048, 2048, 2048, 2048]","[2048, 2048, 2048, 2048, 2048, 2048]","[2048, 2048, 2048, 2048, 2048, 2048, 2048, 2049, 2064]",309.0
1233,9663,22,17,2024-04-19T04:09:08.721000+00:00,27.21,30.816,44.935,281.0,272.0,False,102.961,"[None, 2048, 2048, 2048, 2048, 2048, 2048]","[2048, 2048, 2048, 2048, 2048, 2048]","[2048, 2048, 2048, 2049, 2048, 2048, 2048, 2049, 2049]",300.0
1233,9663,10,15,2024-04-19T04:09:10.020000+00:00,29.924,35.133,59.466,245.0,246.0,False,124.523,"[None, 2048, 2048, 2048, 2048, 2048, 2048]","[2048, 2048, 2048, 2048, 2048, 2048]","[2048, 2048, 2048, 2048, 2048, 2048, 2049, 2049, 2064]",249.0
1233,9663,24,15,2024-04-19T04:09:26.761000+00:00,27.603,31.406,56.356,275.0,256.0,False,115.365,"[None, 2048, 2048, 2048, 2048, 2048, 2048]","[2048, 2048, 2048, 2048, 2048, 2048]","[2048, 2048, 2048, 2048, 2048, 2048, 2048, 2049, 2064]",277.0
1233,9663,81,16,2024-04-19T04:09:38.271000+00:00,26.796,30.562,45.245,281.0,272.0,False,102.603,"[None, 2048, 2048, 2048, 2048, 2048, 2048]","[2048, 2048, 2048, 2048, 2048, 2048]","[2048, 2048, 2048, 2048, 2048, 2048, 2048, 2048, 2048]",292.0
1233,9663,18,13,2024-04-19T04:09:47.983000+00:00,26.049,33.248,45.087,284.0,265.0,False,104.384,"[2049, 2048, 2048, 2048, 2048, 2048, 2049]","[2048, 2048, 2048, 2048, 2048, 2048]","[2048, 2048, 2048, 2048, 2048, 2048, 2048, 2048, 2048]",315.0
1233,9663,77,16,2024-04-19T04:09:50.241000+00:00,27.646,31.791,51.154,274.0,265.0,False,110.591,"[None, 2048, 2048, 2048, 2048, 2048, 2048]","[2048, 2048, 2048, 2048, 2048, 2048]","[2048, 2048, 2048, 2048, 2048, 2048, 2048, 2049, 2064]",295.0
1233,9663,14,14,2024-04-19T04:09:55.348000+00:00,29.03,33.716,72.74,258.0,252.0,False,135.486,"[2048, 2048, 2048, 2048, 2048, 2048, 2048]","[2048, 2048, 2048, 2048, 2048, 2048]","[2048, 2048, 2048, 2048, 2048, 2048, 2048, 2049, 2064]",245.0
1233,9663,44,14,2024-04-19T04:10:02.828000+00:00,28.554,31.576,49.872,269.0,263.0,False,110.002,"[2048, 2048, 2048, 2048, 2048, 2048, 2048]","[2048, 2048, 2048, 2048, 2048, 2048]","[2048, 2048, 2048, 2048, 2048, 2048, 2048, 2048, 2048]",290.0
1233,9663,4,15,2024-04-19T04:10:12.010000+00:00,26.922,30.628,44.795,278.0,272.0,False,102.345,"[None, 2048, 2048, 2048, 2048, 2048, 2048]","[2048, 2048, 2048, 2048, 2048, 2048]","[2048, 2048, 2048, 2048, 2048, 2048, 2048, 2048, 2048]",295.0
1233,9663,31,14,2024-04-19T04:10:18.404000+00:00,26.573,30.09,44.896,276.0,268.0,False,101.559,"[2048, 2048, 2048, 2048, 2048, 2048, 2048]","[2048, 2048, 2048, 2048, 2048, 2048]","[2048, 2048, 2048, 2048, 2048, 2048, 2048, 2048, 2048]",291.0
1233,9663,63,13,2024-04-19T04:10:28.575000+00:00,27.074,30.769,44.952,280.0,274.0,False,102.795,"[None, 2048, 2048, 2048, 2048, 2048, 2049]","[2048, 2048, 2048, 2048, 2048, 2048]","[2048, 2048, 2048, 2048, 2048, 2048, 2048, 2048, 2048]",296.0
1233,9663,22,18,2024-04-19T04:10:51.702000+00:00,26.929,30.783,45.046,,271.0,False,102.758,"[None, 2048, 2048, 2048, 2048, 2048, 2048]","[2048, 2048, 2048, 2048, 2048, 2048]","[2048, 2048, 2049, 2049, 2048, 2048, 2048, 2049, 2048]",297.0
1233,9663,81,17,2024-04-19T04:11:20.877000+00:00,27.01,30.559,45.3,277.0,273.0,False,102.869,"[None, 2048, 2048, 2048, 2048, 2048, 2048]","[2048, 2048, 2048, 2048, 2048, 2048]","[2048, 2048, 2048, 2048, 2048, 2048, 2048, 2048, 2049]",289.0
1233,9663,18,14,2024-04-19T04:11:32.357000+00:00,27.032,30.343,45.114,281.0,273.0,False,102.489,"[2048, 2048, 2048, 2048, 2048, 2048, 2048]","[2048, 2048, 2048, 2048, 2048, 2048]","[2048, 2048, 2048, 2048, 2048, 2048, 2048, 2048, 2048]",296.0
1233,9663,44,15,2024-04-19T04:11:53.007000+00:00,26.707,30.946,45.199,276.0,270.0,False,102.852,"[None, 2048, 2048, 2048, 2048, 2048, 2048]","[2048, 2048, 2048, 2048, 2048, 2048]","[2048, 2048, 2048, 2048, 2048, 2048, 2048, 2048, 2048]",296.0
1233,9663,4,16,2024-04-19T04:11:54.433000+00:00,27.152,30.414,50.14,280.0,272.0,False,107.706,"[None, 2048, 2048, 2048, 2048, 2048, 2048]","[2048, 2048, 2048, 2048, 2048, 2048]","[2048, 2048, 2048, 2048, 2048, 2048, 2048, 2049, 2064]",298.0
1233,9663,31,15,2024-04-19T04:12:00.032000+00:00,26.769,30.327,45.085,275.0,265.0,False,102.181,"[None, 2048, 2048, 2048, 2048, 2048, 2048]","[2048, 2048, 2048, 2048, 2048, 2048]","[2048, 2048, 2048, 2048, 2048, 2048, 2048, 2048, 2048]",293.0
1233,9663,63,14,2024-04-19T04:12:11.274000+00:00,27.062,30.846,44.738,276.0,275.0,False,102.646,"[None, 2048, 2048, 2048, 2048, 2048, 2048]","[2048, 2048, 2048, 2048, 2048, 2048]","[2048, 2048, 2048, 2048, 2048, 2048, 2048, 2048, 2048]",298.0
1233,9663,22,19,2024-04-19T04:12:34.511000+00:00,26.999,31.165,50.397,282.0,269.0,False,108.561,"[None, 2048, 2048, 2048, 2048, 2048, 2049]","[2048, 2048, 2048, 2048, 2048, 2048]","[2048, 2048, 2048, 2048, 2048, 2048, 2049, 2049, 2064]",296.0
1233,9663,2,15,2024-04-19T04:12:46.753000+00:00,,33.965,47.868,275.0,265.0,True,561.356,"[None, 2064, 2048, 2048, 2048, 2048, 2048]","[2048, 2048, 2048, 2048, 2048, 2048]","[2048, 2048, 2048, 2048, 2048, 2048, 2048, 2048, 2049]",276.0
1233,9663,81,18,2024-04-19T04:13:03.784000+00:00,26.865,30.645,67.105,280.0,273.0,False,124.615,"[None, 2048, 2048, 2048, 2048, 2048, 2048]","[2048, 2048, 2048, 2048, 2048, 2048]","[2048, 2048, 2048, 2048, 2048, 2048, 2048, 2049, 2064]",278.0
1233,9663,18,15,2024-04-19T04:13:14.765000+00:00,26.725,30.364,45.033,275.0,273.0,False,102.122,"[None, 2048, 2048, 2048, 2048, 2048, 2048]","[2048, 2048, 2048, 2048, 2048, 2048]","[2048, 2048, 2048, 2048, 2048, 2048, 2048, 2048, 2048]",296.0
1233,9663,44,16,2024-04-19T04:13:35.786000+00:00,26.661,30.728,44.999,274.0,270.0,False,102.388,"[None, 2048, 2048, 2048, 2048, 2048, 2048]","[2048, 2048, 2048, 2048, 2048, 2048]","[2048, 2048, 2048, 2048, 2048, 2048, 2048, 2048, 2048]",296.0
1233,9663,31,16,2024-04-19T04:13:42.224000+00:00,26.869,30.618,50.832,276.0,268.0,False,108.319,"[None, 2048, 2048, 2048, 2048, 2048, 2048]","[2048, 2048, 2048, 2048, 2048, 2048]","[2048, 2048, 2048, 2048, 2048, 2048, 2049, 2049, 2064]",292.0
1233,9663,63,15,2024-04-19T04:13:53.939000+00:00,27.018,30.549,44.595,279.0,274.0,False,102.162,"[None, 2048, 2048, 2048, 2048, 2048, 2049]","[2048, 2048, 2048, 2048, 2048, 2048]","[2048, 2048, 2048, 2048, 2048, 2048, 2048, 2048, 2048]",298.0
1233,9663,2,16,2024-04-19T04:14:39.483000+00:00,25.715,29.383,43.219,283.0,276.0,False,98.317,"[2049, 2049, 2049, 2049, 2048, 2049, 2049]","[2049, 2049, 2049, 2049, 2049, 2049]","[2049, 2049, 2049, 2049, 2049, 2049, 2049, 2048]",316.0
1233,9663,18,16,2024-04-19T04:14:56.982000+00:00,26.945,30.371,52.686,276.0,272.0,False,110.002,"[None, 2048, 2048, 2048, 2048, 2048, 2048]","[2048, 2048, 2048, 2048, 2048, 2048]","[2048, 2048, 2048, 2048, 2048, 2048, 2048, 2049, 2064]",271.0
1233,9663,44,17,2024-04-19T04:15:18.156000+00:00,26.755,30.291,44.599,281.0,274.0,False,101.645,"[None, 2048, 2048, 2048, 2048, 2048, 2048]","[2048, 2048, 2048, 2048, 2048, 2048]","[2048, 2048, 2048, 2048, 2048, 2048, 2049, 2048, 2048]",296.0
1233,9663,63,16,2024-04-19T04:15:36.204000+00:00,31.146,36.818,55.106,159.0,160.0,False,123.07,"[None, 2048, 2048, 2048, 2048, 2048, 2048]","[2048, 2048, 2048, 2048, 2048, 2048]","[2048, 2048, 2048, 2048, 2048, 2048, 2048, 2049, 2064]",277.0
1233,9663,55,10,2024-04-19T04:15:40.587000+00:00,,35.824,61.761,257.0,238.0,True,960.948,"[2064, 2064, 2048, 2048, 2048, 2048, 2048]","[2048, 2048, 2048, 2048, 2048, 2048]","[2048, 2048, 2048, 2048, 2048, 2048, 2048, 2048, 2048]",255.0
1233,9663,23,15,2024-04-19T04:15:47.848000+00:00,,39.96,51.184,269.0,263.0,True,750.438,"[None, 2064, 2048, 2048, 2048, 2048, 2048]","[2048, 2048, 2048, 2048, 2048, 2048]","[2048, 2048, 2048, 2048, 2048, 2048, 2048, 2048, 2049]",300.0
1233,9663,2,17,2024-04-19T04:16:17.616000+00:00,32.101,45.292,63.118,196.0,162.0,False,140.511,"[2048, 2048, 2048, 2048, 2048, 2048, 2048]","[2048, 2048, 2048, 2048, 2048, 2048]","[2048, 2048, 2048, 2048, 2048, 2048, 2048, 2048, 2048]",220.0
1233,9663,44,18,2024-04-19T04:16:59.860000+00:00,26.754,30.573,44.717,280.0,275.0,False,102.044,"[None, 2048, 2048, 2048, 2048, 2048, 2048]","[2048, 2048, 2048, 2048, 2048, 2048]","[2048, 2048, 2048, 2048, 2048, 2048, 2048, 2048, 2048]",297.0
1233,9663,16,12,2024-04-19T04:17:11.453000+00:00,,35.02,48.35,259.0,252.0,True,750.385,"[2064, 2064, 2048, 2048, 2048, 2048, 2048]","[2048, 2048, 2048, 2048, 2048, 2048]","[2048, 2048, 2048, 2048, 2048, 2048, 2048, 2048, 2049]",287.0
1233,9663,23,16,2024-04-19T04:17:50.820000+00:00,25.367,29.06,42.802,285.0,277.0,False,97.229,"[2049, 2049, 2051, 2049, 2049, 2049, 2051]","[2051, 2049, 2049, 2049, 2049, 2049]","[2049, 2051, 2049, 2049, 2049, 2049, 2049, 2048, 2051]",318.0
1233,9663,55,11,2024-04-19T04:18:02.177000+00:00,25.793,37.753,94.853,284.0,84.0,False,158.399,"[2048, 2048, 2048, 2049, 2048, 2048, 2049]","[2048, 2048, 2048, 2048, 2048, 2048]","[2048, 2048, 2048, 2048, 2048, 2048, 2048, 2048, 2048]",150.0
1233,9663,11,17,2024-04-19T04:18:08.590000+00:00,,34.321,47.898,255.0,264.0,True,712.668,"[2064, 2064, 2048, 2048, 2048, 2048, 2048]","[2048, 2048, 2048, 2048, 2048, 2048]","[2048, 2048, 2048, 2048, 2048, 2048, 2048, 2048, 2049]",271.0
1233,9663,1,18,2024-04-19T04:18:23.226000+00:00,,33.639,47.008,272.0,264.0,True,587.37,"[2064, 2064, 2048, 2048, 2048, 2048, 2048]","[2048, 2048, 2048, 2048, 2048, 2048]","[2048, 2048, 2048, 2048, 2048, 2048, 2048, 2048, 2049]",276.0
1233,9663,24,16,2024-04-19T04:18:27.254000+00:00,,34.99,48.913,246.0,251.0,True,539.744,"[2064, 2064, 2048, 2048, 2048, 2048, 2048]","[2048, 2048, 2048, 2048, 2048, 2048]","[2048, 2048, 2048, 2048, 2048, 2048, 2048, 2048, 2049]",291.0
1233,9663,2,18,2024-04-19T04:18:38.191000+00:00,39.271,43.365,59.254,237.0,196.0,False,141.89,"[None, 2048, 2048, 2048, 2048, 2048, 2048]","[2048, 2048, 2048, 2048, 2048, 2048]","[2048, 2048, 2048, 2048, 2048, 2048, 2048, 2048, 2048]",284.0
1233,9663,3,18,2024-04-19T04:18:41.139000+00:00,,36.18,56.564,214.0,257.0,True,608.912,"[2064, 2064, 2048, 2048, 2048, 2048, 2048]","[2048, 2048, 2048, 2048, 2048, 2048]","[2048, 2048, 2048, 2048, 2048, 2048, 2048, 2048]",291.0
1233,9663,44,19,2024-04-19T04:18:41.889000+00:00,26.883,30.181,44.654,278.0,275.0,False,101.718,"[None, 2048, 2048, 2048, 2048, 2048, 2048]","[2048, 2048, 2048, 2048, 2048, 2048]","[2048, 2048, 2048, 2048, 2048, 2048, 2048, 2048, 2049]",300.0
1233,9663,77,17,2024-04-19T04:18:51.996000+00:00,,37.886,52.303,255.0,248.0,True,551.952,"[2064, 2064, 2048, 2048, 2048, 2048, 2048]","[2048, 2048, 2048, 2048, 2048, 2048]","[2048, 2048, 2048, 2048, 2048, 2048, 2048, 2048, 2049]",294.0
1233,9663,16,13,2024-04-19T04:19:11.783000+00:00,25.872,29.747,43.079,283.0,275.0,False,98.698,"[2048, 2048, 2048, 2048, 2048, 2048, 2048]","[2048, 2048, 2048, 2048, 2048, 2048]","[2051, 2048, 2048, 2048, 2049, 2049, 2048, 2048, 2048]",320.0
1233,9663,22,20,2024-04-19T04:19:17.242000+00:00,,39.756,49.269,213.0,252.0,True,415.897,"[2064, 2064, 2048, 2048, 2048, 2048, 2048]","[2048, 2048, 2048, 2048, 2048, 2048]","[2048, 2048, 2048, 2048, 2048, 2048, 2048, 2048, 2049]",269.0
1233,9663,14,15,2024-04-19T04:19:25.825000+00:00,,35.005,49.531,258.0,250.0,True,563.788,"[2064, 2064, 2048, 2048, 2048, 2048, 2048]","[2048, 2048, 2048, 2048, 2048, 2048]","[2048, 2048, 2048, 2048, 2048, 2048, 2048, 2048, 2048]",280.0
1233,9663,23,17,2024-04-19T04:19:28.051000+00:00,39.117,50.67,66.173,133.0,157.0,False,155.96,"[2048, 2048, 2048, 2048, 2048, 2048, 2048]","[2048, 2048, 2048, 2048, 2048, 2048]","[2048, 2048, 2048, 2048, 2048, 2048, 2048, 2048, 2048]",221.0
1233,9663,11,18,2024-04-19T04:20:01.259000+00:00,25.304,29.318,42.536,285.0,276.0,False,97.158,"[2049, 2049, 2049, 2048, 2049, 2049, 2049]","[2048, 2051, 2049, 2048, 2048, 2049]","[2049, 2051, 2051, 2049, 2049, 2051, 2049, 2048, 2049]",320.0
1233,9663,1,19,2024-04-19T04:20:12.411000+00:00,25.18,28.904,42.576,284.0,275.0,False,96.66,"[2049, 2049, 2049, 2051, 2049, 2049, 2049]","[2049, 2048, 2051, 2051, 2049, 2049]","[2049, 2049, 2049, 2049, 2049, 2049, 2049, 2048, 2048]",320.0
1233,9663,24,17,2024-04-19T04:20:21.887000+00:00,25.43,28.99,43.206,283.0,275.0,False,97.626,"[2049, 2049, 2049, 2048, 2049, 2048, 2049]","[2049, 2049, 2049, 2049, 2049, 2048]","[2049, 2049, 2049, 2049, 2049, 2049, 2049, 2048, 2049]",318.0
1233,9663,44,20,2024-04-19T04:20:23.536000+00:00,26.813,37.613,51.783,279.0,267.0,False,116.209,"[None, 2048, 2048, 2048, 2048, 2048, 2048]","[2048, 2048, 2048, 2048, 2048, 2048]","[2048, 2048, 2048, 2048, 2048, 2048, 2048, 2049, 2064]",285.0
1233,9663,55,12,2024-04-19T04:20:40.716000+00:00,25.78,29.371,43.133,283.0,274.0,False,98.284,"[None, 2048, 2049, 2048, 2048, 2048, 2048]","[2048, 2048, 2049, 2048, 2048, 2048]","[2049, 2048, 2048, 2048, 2048, 2049, 2048, 2048, 2049]",319.0
1233,9663,3,19,2024-04-19T04:20:48.181000+00:00,25.328,29.152,42.758,284.0,275.0,False,97.238,"[2049, 2049, 2049, 2049, 2049, 2049, 2049]","[2049, 2049, 2049, 2049, 2049, 2049]","[2049, 2049, 2049, 2049, 2049, 2049, 2049, 2048, 2049]",321.0
1233,9663,16,14,2024-04-19T04:20:50.414000+00:00,34.988,45.111,54.734,138.0,179.0,False,134.833,"[None, 2048, 2048, 2048, 2048, 2048, 2048]","[2048, 2048, 2048, 2048, 2048, 2048]","[2048, 2048, 2048, 2048, 2048, 2048, 2048, 2048, 2048]",163.0
1233,9663,77,18,2024-04-19T04:20:52.940000+00:00,25.382,29.268,42.91,284.0,276.0,False,97.56,"[2049, 2049, 2048, 2049, 2049, 2049, 2049]","[2049, 2049, 2049, 2049, 2048, 2051]","[2049, 2049, 2049, 2049, 2049, 2049, 2049, 2048]",319.0
1233,9663,31,17,2024-04-19T04:20:59.328000+00:00,,40.552,58.414,190.0,217.0,True,462.319,"[2064, 2064, 2048, 2048, 2048, 2048, 2048]","[2048, 2048, 2048, 2048, 2048, 2048]","[2048, 2048, 2048, 2048, 2048, 2048, 2048, 2048, 2048]",290.0
1233,9663,2,19,2024-04-19T04:21:00.146000+00:00,25.828,29.361,43.097,284.0,276.0,False,98.286,"[2049, 2049, 2049, 2048, 2048, 2048, 2049]","[2049, 2049, 2049, 2048, 2048, 2049]","[2048, 2049, 2049, 2049, 2049, 2049, 2051, 2048, 2048]",320.0
1233,9663,22,21,2024-04-19T04:21:18.978000+00:00,25.453,29.29,43.263,284.0,275.0,False,98.006,"[2049, 2049, 2049, 2049, 2049, 2049, 2049]","[2049, 2049, 2049, 2049, 2049, 2049]","[2049, 2049, 2049, 2049, 2049, 2049, 2049, 2048, 2048]",318.0
1233,9663,20,17,2024-04-19T04:21:29.590000+00:00,,42.119,57.087,169.0,234.0,True,935.891,"[2064, 2064, 2048, 2048, 2048, 2048, 2048]","[2048, 2048, 2048, 2048, 2048, 2048]","[2048, 2048, 2048, 2048, 2048, 2048, 2048, 2048, 2049]",118.0
1233,9663,14,16,2024-04-19T04:21:34.721000+00:00,26.779,30.151,45.015,281.0,274.0,False,101.945,"[2048, 2048, 2048, 2048, 2048, 2048, 2048]","[2048, 2048, 2048, 2048, 2048, 2048]","[2048, 2048, 2048, 2048, 2048, 2048, 2048, 2048, 2048]",296.0
1233,9663,11,19,2024-04-19T04:21:38.548000+00:00,39.286,49.888,68.827,135.0,160.0,False,158.001,"[2048, 2048, 2048, 2048, 2048, 2048, 2048]","[2048, 2048, 2048, 2048, 2048, 2048]","[2048, 2048, 2048, 2048, 2048, 2048, 2048, 2048, 2064]",180.0
1233,9663,1,20,2024-04-19T04:21:49.096000+00:00,36.97,49.206,75.731,146.0,142.0,False,161.907,"[2048, 2048, 2048, 2048, 2048, 2048, 2048]","[2048, 2048, 2048, 2048, 2048, 2048]","[2048, 2048, 2048, 2048, 2048, 2048, 2048, 2048, 2064]",175.0
1233,9663,10,16,2024-04-19T04:21:54.987000+00:00,,32.643,54.742,246.0,249.0,True,758.686,"[2064, 2064, 2048, 2048, 2048, 2048, 2048]","[2048, 2048, 2048, 2048, 2048, 2048]","[2048, 2048, 2048, 2048, 2048, 2048, 2048, 2048, 2048]",298.0
1233,9663,24,18,2024-04-19T04:21:59.524000+00:00,35.091,49.41,62.007,189.0,153.0,False,146.508,"[2048, 2048, 2048, 2048, 2048, 2048, 2048]","[2048, 2048, 2048, 2048, 2048, 2048]","[2048, 2048, 2048, 2048, 2048, 2048, 2048, 2048, 2048]",244.0
1233,9663,23,18,2024-04-19T04:22:03.921000+00:00,39.302,48.31,60.523,160.0,164.0,False,148.135,"[None, 2048, 2048, 2048, 2048, 2048, 2048]","[2048, 2048, 2048, 2048, 2048, 2048]","[2048, 2048, 2048, 2048, 2048, 2048, 2048, 2048]",223.0
1233,9663,81,19,2024-04-19T04:22:14.999000+00:00,,37.013,53.692,255.0,253.0,True,547.454,"[2064, 2064, 2048, 2048, 2048, 2048, 2048]","[2048, 2048, 2048, 2048, 2048, 2048]","[2048, 2048, 2048, 2048, 2048, 2048, 2048, 2048, 2049]",188.0
1233,9663,55,13,2024-04-19T04:22:18.917000+00:00,37.198,43.894,66.943,149.0,152.0,False,148.035,"[None, 2048, 2048, 2048, 2048, 2048, 2048]","[2048, 2048, 2048, 2048, 2048, 2048]","[2048, 2048, 2048, 2048, 2048, 2048, 2048, 2048, 2048]",195.0
1233,9663,3,20,2024-04-19T04:22:25.223000+00:00,36.382,47.1,68.41,153.0,153.0,False,151.892,"[2048, 2048, 2048, 2048, 2048, 2048, 2048]","[2048, 2048, 2048, 2048, 2048, 2048]","[2048, 2048, 2048, 2048, 2048, 2048, 2048, 2048, 2048]",144.0
1233,9663,77,19,2024-04-19T04:22:30.347000+00:00,36.345,44.006,79.722,178.0,219.0,False,160.073,"[2048, 2048, 2048, 2048, 2048, 2048, 2048]","[2048, 2048, 2048, 2048, 2048, 2048]","[2048, 2048, 2048, 2048, 2048, 2048, 2048, 2048, 2048]",102.0
1233,9663,2,20,2024-04-19T04:22:38.346000+00:00,27.25,33.162,54.303,264.0,252.0,False,114.715,"[2048, 2048, 2048, 2048, 2048, 2048, 2048]","[2048, 2048, 2048, 2048, 2048, 2048]","[2048, 2048, 2048, 2048, 2048, 2048, 2048, 2048, 2064]",284.0
1233,9663,27,18,2024-04-19T04:22:43.329000+00:00,,35.167,52.168,260.0,253.0,True,836.596,"[2064, 2064, 2048, 2048, 2048, 2048, 2048]","[2048, 2048, 2048, 2048, 2048, 2048]","[2048, 2048, 2048, 2048, 2048, 2048, 2048, 2048, 2049]",295.0
1233,9663,4,17,2024-04-19T04:22:54.145000+00:00,,40.861,72.429,223.0,121.0,True,697.981,"[2064, 2064, 2048, 2048, 2048, 2048, 2048]","[2048, 2048, 2048, 2048, 2048, 2048]","[2048, 2048, 2048, 2048, 2048, 2048, 2048, 2048, 2049]",246.0
1233,9663,22,22,2024-04-19T04:22:56.811000+00:00,42.482,54.3,76.569,122.0,118.0,False,173.351,"[2048, 2048, 2048, 2048, 2048, 2048, 2048]","[2048, 2048, 2048, 2048, 2048, 2048]","[2048, 2048, 2048, 2048, 2048, 2048, 2048, 2048, 2048]",158.0
1233,9663,16,15,2024-04-19T04:23:05.211000+00:00,26.171,33.045,61.871,285.0,252.0,False,121.087,"[None, 2048, 2049, 2048, 2048, 2048, 2048]","[2048, 2048, 2048, 2048, 2048, 2048]","[2048, 2048, 2048, 2048, 2048, 2048, 2048, 2048, 2048]",193.0
1233,9663,31,18,2024-04-19T04:23:12.795000+00:00,25.363,29.026,42.824,283.0,276.0,False,97.213,"[2049, 2049, 2049, 2049, 2051, 2048, 2048]","[2049, 2049, 2049, 2049, 2048, 2049]","[2049, 2049, 2049, 2049, 2049, 2049, 2049, 2048, 2048]",320.0
1233,9663,14,17,2024-04-19T04:23:16.652000+00:00,26.813,30.354,45.06,283.0,272.0,False,102.227,"[None, 2048, 2048, 2048, 2048, 2048, 2048]","[2048, 2048, 2048, 2048, 2048, 2048]","[2048, 2048, 2048, 2048, 2048, 2048, 2048, 2048, 2048]",300.0
1233,9663,20,18,2024-04-19T04:23:38.757000+00:00,25.383,28.931,42.804,288.0,278.0,False,97.118,"[2049, 2049, 2051, 2049, 2049, 2049, 2049]","[2049, 2049, 2049, 2049, 2049, 2049]","[2049, 2049, 2049, 2051, 2049, 2049, 2049, 2048, 2049]",325.0
1233,9663,10,17,2024-04-19T04:23:53.155000+00:00,27.344,31.08,46.313,259.0,253.0,False,104.737,"[2048, 2048, 2048, 2048, 2048, 2048, 2048]","[2048, 2048, 2048, 2048, 2048, 2048]","[2048, 2048, 2048, 2048, 2048, 2048, 2048, 2048, 2048]",291.0
1233,9663,81,20,2024-04-19T04:24:15.720000+00:00,24.97,29.018,42.641,286.0,279.0,False,96.629,"[2049, 2048, 2049, 2051, 2049, 2049, 2049]","[2048, 2049, 2049, 2049, 2049, 2051]","[2049, 2049, 2051, 2048, 2048, 2049, 2051, 2048, 2051]",314.0
1233,9663,24,19,2024-04-19T04:24:26.120000+00:00,32.517,37.473,50.045,235.0,245.0,False,120.035,"[None, 2048, 2048, 2048, 2048, 2048, 2048]","[2048, 2048, 2048, 2048, 2048, 2048]","[2048, 2048, 2048, 2048, 2048, 2048, 2048, 2048, 2049]",257.0
1233,9663,23,19,2024-04-19T04:24:32.427000+00:00,25.662,29.229,49.837,284.0,277.0,False,104.728,"[2049, 2049, 2048, 2048, 2048, 2048, 2048]","[2048, 2048, 2048, 2049, 2048, 2049]","[2049, 2048, 2049, 2049, 2049, 2048, 2048, 2048, 2064]",315.0
1233,9663,27,19,2024-04-19T04:24:39.314000+00:00,25.295,28.919,42.887,288.0,279.0,False,97.101,"[2048, 2049, 2049, 2049, 2049, 2049, 2049]","[2051, 2049, 2048, 2049, 2048, 2049]","[2049, 2049, 2048, 2049, 2049, 2051, 2049, 2048, 2048]",321.0
1233,9663,55,14,2024-04-19T04:24:46.920000+00:00,26.868,30.169,44.045,281.0,272.0,False,101.082,"[None, 2048, 2048, 2048, 2048, 2048, 2048]","[2048, 2048, 2048, 2048, 2048, 2048]","[2048, 2048, 2048, 2048, 2048, 2048, 2048, 2048, 2048]",294.0
1233,9663,31,19,2024-04-19T04:24:50.035000+00:00,35.892,43.522,76.407,132.0,173.0,False,155.821,"[2048, 2048, 2048, 2048, 2048, 2048, 2048]","[2048, 2048, 2048, 2048, 2048, 2048]","[2048, 2048, 2048, 2048, 2048, 2048, 2048, 2048, 2048]",163.0
1233,9663,11,20,2024-04-19T04:24:53.986000+00:00,71.46,43.041,51.295,190.0,218.0,True,165.796,"[2064, 2064, 2048, 2048, 2048, 2048, 2048]","[2048, 2048, 2048, 2048, 2048, 2048]","[2048, 2048, 2048, 2048, 2048, 2048, 2048, 2048, 2048]",278.0
1233,9663,3,21,2024-04-19T04:24:57.150000+00:00,35.346,42.363,52.839,100.0,140.0,False,130.548,"[None, 2048, 2048, 2048, 2048, 2048, 2048]","[2048, 2048, 2048, 2048, 2048, 2048]","[2048, 2048, 2048, 2048, 2048, 2048, 2048, 2048, 2048]",254.0
1233,9663,14,18,2024-04-19T04:24:58.985000+00:00,26.889,30.609,45.05,282.0,272.0,False,102.548,"[None, 2048, 2048, 2048, 2048, 2048, 2048]","[2048, 2048, 2048, 2048, 2048, 2048]","[2048, 2048, 2048, 2048, 2048, 2048, 2048, 2048, 2048]",296.0
1233,9663,1,21,2024-04-19T04:25:00.635000+00:00,66.374,38.741,59.956,193.0,262.0,True,165.071,"[2064, 2064, 2048, 2048, 2048, 2048, 2048]","[2048, 2048, 2048, 2048, 2048, 2048]","[2048, 2048, 2048, 2048, 2048, 2048, 2048, 2048, 2048]",256.0
1233,9663,16,16,2024-04-19T04:25:06.410000+00:00,26.502,29.972,44.201,282.0,271.0,False,100.675,"[None, 2048, 2048, 2048, 2048, 2048, 2048]","[2048, 2048, 2048, 2048, 2048, 2048]","[2048, 2048, 2048, 2048, 2048, 2048, 2048, 2048, 2048]",287.0
1233,9663,77,20,2024-04-19T04:25:10.451000+00:00,25.398,36.409,66.928,286.0,186.0,False,128.735,"[2049, 2049, 2048, 2048, 2049, 2048, 2049]","[2049, 2048, 2048, 2048, 2048, 2048]","[2048, 2048, 2048, 2048, 2048, 2048, 2048, 2048, 2049]",233.0
1233,9663,20,19,2024-04-19T04:25:15.817000+00:00,37.05,46.561,66.863,146.0,173.0,False,150.474,"[2048, 2048, 2048, 2048, 2048, 2048, 2048]","[2048, 2048, 2048, 2048, 2048, 2048]","[2048, 2048, 2048, 2048, 2048, 2048, 2048, 2048, 2048]",164.0
1233,9663,4,18,2024-04-19T04:25:20.108000+00:00,24.759,28.779,50.922,283.0,277.0,False,104.46,"[2051, 2049, 2049, 2049, 2049, 2051, 2051]","[2049, 2048, 2049, 2051, 2049, 2049]","[2048, 2049, 2051, 2048, 2048, 2049, 2048, 2048, 2064]",312.0
1233,9663,18,17,2024-04-19T04:25:25.802000+00:00,,38.462,60.575,242.0,183.0,True,647.463,"[2064, 2064, 2048, 2048, 2048, 2048, 2048]","[2048, 2048, 2048, 2048, 2048, 2048]","[2048, 2048, 2048, 2048, 2048, 2048, 2048, 2048, 2049]",249.0
1233,9663,10,18,2024-04-19T04:25:37.831000+00:00,27.57,30.629,45.828,276.0,268.0,False,104.027,"[None, 2048, 2048, 2048, 2048, 2048, 2048]","[2048, 2048, 2048, 2048, 2048, 2048]","[2048, 2048, 2048, 2048, 2048, 2048, 2048, 2048, 2048]",308.0
1233,9663,22,23,2024-04-19T04:25:50.360000+00:00,40.096,41.057,56.774,187.0,220.0,False,137.927,"[None, 2048, 2048, 2048, 2048, 2048, 2048]","[2048, 2048, 2048, 2048, 2048, 2048]","[2048, 2048, 2048, 2048, 2048, 2048, 2048, 2048, 2048]",267.0
1233,9663,81,21,2024-04-19T04:25:52.382000+00:00,31.181,39.174,58.052,192.0,233.0,False,128.407,"[2048, 2048, 2048, 2048, 2048, 2048, 2048]","[2048, 2048, 2048, 2048, 2048, 2048]","[2048, 2048, 2048, 2048, 2048, 2048, 2048, 2048, 2064]",270.0
1233,9663,63,17,2024-04-19T04:25:55.949000+00:00,,41.899,52.364,257.0,241.0,True,623.123,"[2064, 2064, 2048, 2048, 2048, 2048, 2048]","[2048, 2048, 2048, 2048, 2048, 2048]","[2048, 2048, 2048, 2048, 2048, 2048, 2048, 2048, 2048]",296.0
1233,9663,27,20,2024-04-19T04:26:16.398000+00:00,36.987,44.79,64.384,136.0,148.0,False,146.161,"[None, 2048, 2048, 2048, 2048, 2048, 2048]","[2048, 2048, 2048, 2048, 2048, 2048]","[2048, 2048, 2048, 2048, 2048, 2048, 2048, 2048, 2049]",189.0
1233,9663,24,20,2024-04-19T04:26:26.056000+00:00,25.491,28.826,43.627,283.0,277.0,False,97.944,"[2049, 2049, 2049, 2048, 2048, 2049, 2048]","[2049, 2048, 2048, 2049, 2049, 2049]","[2048, 2048, 2048, 2048, 2049, 2049, 2048, 2048, 2048]",317.0
1233,9663,55,15,2024-04-19T04:26:28.048000+00:00,26.652,30.12,44.904,275.0,268.0,False,101.676,"[None, 2048, 2048, 2048, 2048, 2048, 2048]","[2048, 2048, 2048, 2048, 2048, 2048]","[2048, 2048, 2048, 2048, 2048, 2048, 2048, 2048, 2048]",293.0
1233,9663,14,19,2024-04-19T04:26:41.490000+00:00,26.846,30.279,45.168,279.0,272.0,False,102.293,"[None, 2048, 2048, 2048, 2048, 2048, 2048]","[2048, 2048, 2048, 2048, 2048, 2048]","[2048, 2048, 2048, 2048, 2048, 2048, 2048, 2048, 2048]",298.0
1233,9663,16,17,2024-04-19T04:26:47.458000+00:00,26.766,29.963,44.39,279.0,272.0,False,101.119,"[None, 2048, 2048, 2048, 2048, 2048, 2048]","[2048, 2048, 2048, 2048, 2048, 2048]","[2048, 2048, 2048, 2048, 2048, 2048, 2048, 2048, 2048]",295.0
1233,9663,44,21,2024-04-19T04:26:52.676000+00:00,,49.914,61.855,197.0,203.0,True,417.273,"[2064, 2064, 2048, 2048, 2048, 2048, 2048]","[2048, 2048, 2048, 2048, 2048, 2048]","[2048, 2048, 2048, 2048, 2048, 2048, 2048, 2048, 2048]",131.0
1233,9663,11,21,2024-04-19T04:27:02.215000+00:00,25.286,28.699,42.705,285.0,275.0,False,96.69,"[2049, 2049, 2049, 2049, 2048, 2049, 2049]","[2051, 2048, 2049, 2049, 2048, 2049]","[2048, 2048, 2049, 2048, 2048, 2048, 2048, 2048]",319.0
1233,9663,3,22,2024-04-19T04:27:07.661000+00:00,25.495,29.068,43.805,284.0,274.0,False,98.368,"[2049, 2049, 2049, 2048, 2048, 2048, 2048]","[2049, 2048, 2048, 2049, 2049, 2048]","[2048, 2048, 2048, 2048, 2048, 2048, 2048, 2048, 2048]",320.0
1233,9663,1,22,2024-04-19T04:27:16.054000+00:00,25.19,28.652,42.845,284.0,276.0,False,96.687,"[2049, 2049, 2048, 2048, 2049, 2048, 2049]","[2049, 2049, 2048, 2048, 2049, 2049]","[2048, 2048, 2048, 2048, 2048, 2049, 2048, 2048, 2048]",320.0
1233,9663,77,21,2024-04-19T04:27:19.260000+00:00,25.44,29.037,43.053,284.0,276.0,False,97.53,"[None, 2049, 2049, 2048, 2048, 2048, 2048]","[2049, 2049, 2048, 2049, 2048, 2048]","[2048, 2048, 2048, 2048, 2048, 2051, 2048, 2048, 2049]",320.0
1233,9663,10,19,2024-04-19T04:27:21.993000+00:00,26.778,31.596,47.084,273.0,253.0,False,105.458,"[None, 2048, 2048, 2048, 2048, 2048, 2048]","[2048, 2048, 2048, 2048, 2048, 2048]","[2048, 2048, 2048, 2048, 2048, 2048, 2048, 2048, 2048]",273.0
1233,9663,31,20,2024-04-19T04:27:25.820000+00:00,38.842,41.347,52.682,189.0,193.0,False,132.871,"[None, 2048, 2048, 2048, 2048, 2048, 2048]","[2048, 2048, 2048, 2048, 2048, 2048]","[2048, 2048, 2048, 2048, 2048, 2048, 2048, 2048, 2049]",290.0
1233,9663,18,18,2024-04-19T04:27:34.474000+00:00,25.091,28.534,42.677,283.0,277.0,False,96.302,"[2049, 2048, 2049, 2049, 2049, 2049, 2049]","[2049, 2049, 2049, 2049, 2049, 2049]","[2049, 2049, 2049, 2048, 2048, 2049, 2051, 2048, 2049]",320.0
1233,9663,20,20,2024-04-19T04:27:46.348000+00:00,35.143,39.875,49.349,217.0,157.0,False,124.367,"[None, 2048, 2048, 2048, 2048, 2048, 2048]","[2048, 2048, 2048, 2048, 2048, 2048]","[2048, 2048, 2048, 2048, 2048, 2048, 2048, 2048, 2048]",297.0
1233,9663,63,18,2024-04-19T04:28:02.291000+00:00,25.966,29.765,44.945,281.0,273.0,False,100.676,"[2048, 2048, 2049, 2049, 2048, 2049, 2048]","[2048, 2048, 2048, 2049, 2048, 2048]","[2048, 2048, 2048, 2048, 2048, 2048, 2048, 2048, 2048]",299.0
1233,9663,24,21,2024-04-19T04:28:04.086000+00:00,27.993,33.725,46.521,253.0,262.0,False,108.239,"[2048, 2048, 2048, 2048, 2048, 2048, 2048]","[2048, 2048, 2048, 2048, 2048, 2048]","[2048, 2048, 2048, 2048, 2048, 2048, 2048, 2048, 2048]",303.0
1233,9663,22,24,2024-04-19T04:28:08.200000+00:00,25.65,29.304,43.497,283.0,276.0,False,98.451,"[None, 2049, 2048, 2049, 2048, 2048, 2048]","[2049, 2049, 2048, 2048, 2048, 2048]","[2048, 2048, 2048, 2048, 2049, 2049, 2048, 2048, 2048]",318.0
1233,9663,55,16,2024-04-19T04:28:09.748000+00:00,26.938,30.382,51.603,278.0,272.0,False,108.923,"[None, 2048, 2048, 2048, 2048, 2048, 2048]","[2048, 2048, 2048, 2048, 2048, 2048]","[2048, 2048, 2048, 2048, 2048, 2048, 2048, 2048, 2048]",306.0
1233,9663,14,20,2024-04-19T04:28:23.745000+00:00,26.911,30.482,45.454,,272.0,False,102.847,"[None, 2048, 2048, 2048, 2048, 2048, 2048]","[2048, 2048, 2048, 2048, 2048, 2048]","[2048, 2048, 2048, 2048, 2048, 2048, 2048, 2048, 2048]",298.0
1233,9663,16,18,2024-04-19T04:28:28.098000+00:00,26.755,30.307,44.725,280.0,272.0,False,101.787,"[None, 2048, 2048, 2048, 2048, 2048, 2048]","[2048, 2048, 2048, 2048, 2048, 2048]","[2048, 2048, 2048, 2048, 2048, 2048, 2048, 2048, 2048]",296.0
1233,9663,11,22,2024-04-19T04:28:38.857000+00:00,32.118,38.311,58.223,193.0,177.0,False,128.652,"[2048, 2048, 2048, 2048, 2048, 2048, 2048]","[2048, 2048, 2048, 2048, 2048, 2048]","[2048, 2048, 2048, 2048, 2048, 2048, 2048, 2048, 2048]",200.0
1233,9663,27,21,2024-04-19T04:28:42.573000+00:00,25.501,28.897,43.079,285.0,279.0,False,97.477,"[None, 2048, 2049, 2048, 2048, 2049, 2048]","[2048, 2048, 2048, 2049, 2049, 2048]","[2048, 2048, 2049, 2048, 2048, 2051, 2048, 2048, 2048]",322.0
1233,9663,3,23,2024-04-19T04:28:46.168000+00:00,29.996,35.96,48.782,197.0,197.0,False,114.738,"[2048, 2048, 2048, 2048, 2048, 2048, 2048]","[2048, 2048, 2048, 2048, 2048, 2048]","[2048, 2048, 2048, 2048, 2048, 2048, 2048, 2048, 2048]",281.0
1233,9663,1,23,2024-04-19T04:28:52.739000+00:00,31.136,37.386,53.072,171.0,207.0,False,121.594,"[2048, 2048, 2048, 2048, 2048, 2048, 2048]","[2048, 2048, 2048, 2048, 2048, 2048]","[2048, 2048, 2048, 2048, 2048, 2048, 2048, 2048, 2048]",180.0
1233,9663,77,22,2024-04-19T04:28:56.755000+00:00,28.907,39.957,56.712,204.0,92.0,False,125.576,"[2048, 2048, 2048, 2048, 2048, 2048, 2048]","[2048, 2048, 2048, 2048, 2048, 2048]","[2048, 2048, 2048, 2048, 2048, 2048, 2048, 2048, 2048]",252.0
1233,9663,10,20,2024-04-19T04:29:07.467000+00:00,27.476,33.764,51.812,260.0,252.0,False,113.052,"[None, 2048, 2048, 2048, 2048, 2048, 2048]","[2048, 2048, 2048, 2048, 2048, 2048]","[2048, 2048, 2048, 2048, 2048, 2048, 2048, 2048, 2048]",272.0
1233,9663,18,19,2024-04-19T04:29:10.822000+00:00,35.329,43.63,70.19,176.0,169.0,False,149.149,"[2048, 2048, 2048, 2048, 2048, 2048, 2048]","[2048, 2048, 2048, 2048, 2048, 2048]","[2048, 2048, 2048, 2048, 2048, 2048, 2048, 2048, 2048]",91.0
1233,9663,44,22,2024-04-19T04:29:17.135000+00:00,26.213,29.489,44.158,282.0,275.0,False,99.86,"[2048, 2048, 2049, 2048, 2048, 2048, 2048]","[2048, 2048, 2048, 2048, 2048, 2048]","[2048, 2048, 2048, 2049, 2049, 2048, 2048, 2048, 2048]",318.0
1233,9663,81,22,2024-04-19T04:29:33.307000+00:00,,35.819,51.736,251.0,255.0,True,215.365,"[2064, 2064, 2048, 2048, 2048, 2048, 2048]","[2048, 2048, 2048, 2048, 2048, 2048]","[2048, 2048, 2048, 2048, 2048, 2048, 2048, 2048, 2048]",221.0
1233,9663,31,21,2024-04-19T04:29:38.815000+00:00,25.27,28.745,43.363,283.0,277.0,False,97.378,"[2049, 2048, 2048, 2049, 2048, 2048, 2049]","[2049, 2049, 2048, 2049, 2049, 2048]","[2048, 2048, 2048, 2048, 2048, 2048, 2048, 2048, 2048]",312.0
1233,9663,2,21,2024-04-19T04:29:42.533000+00:00,,31.188,51.503,272.0,271.0,True,432.853,"[2064, 2064, 2048, 2048, 2048, 2048, 2048]","[2048, 2048, 2048, 2048, 2048, 2048]","[2048, 2048, 2048, 2048, 2048, 2048, 2048, 2048, 2048]",239.0
1233,9663,63,19,2024-04-19T04:29:43.044000+00:00,26.98,30.32,44.901,278.0,273.0,False,102.201,"[None, 2048, 2048, 2048, 2048, 2048, 2048]","[2048, 2048, 2048, 2048, 2048, 2048]","[2048, 2048, 2048, 2048, 2048, 2048, 2048, 2048, 2048]",297.0
1233,9663,22,25,2024-04-19T04:29:46.729000+00:00,33.064,40.559,49.803,240.0,244.0,False,123.426,"[None, 2048, 2048, 2048, 2048, 2048, 2048]","[2048, 2048, 2048, 2048, 2048, 2048]","[2048, 2048, 2048, 2048, 2048, 2048, 2048, 2048, 2048]",294.0
1233,9663,20,21,2024-04-19T04:29:50.735000+00:00,25.66,29.161,43.15,288.0,280.0,False,97.971,"[2051, 2049, 2051, 2048, 2048, 2048, 2048]","[2048, 2049, 2048, 2049, 2048, 2048]","[2048, 2048, 2048, 2048, 2049, 2048, 2049, 2048, 2048]",325.0
1233,9663,4,19,2024-04-19T04:29:51.908000+00:00,,32.119,48.089,268.0,271.0,True,288.561,"[2064, 2064, 2048, 2048, 2048, 2048, 2048]","[2048, 2048, 2048, 2048, 2048, 2048]","[2048, 2048, 2048, 2048, 2048, 2048, 2048, 2048, 2048]",273.0
1233,9663,24,22,2024-04-19T04:29:52.225000+00:00,29.694,31.297,47.323,267.0,272.0,False,108.314,"[None, 2048, 2048, 2048, 2048, 2048, 2048]","[2048, 2048, 2048, 2048, 2048, 2048]","[2048, 2048, 2048, 2048, 2048, 2048, 2048, 2048]",308.0
1233,9663,55,17,2024-04-19T04:29:58.717000+00:00,26.89,30.68,44.791,280.0,271.0,False,102.361,"[None, 2048, 2048, 2048, 2048, 2048, 2048]","[2048, 2048, 2048, 2048, 2048, 2048]","[2048, 2048, 2048, 2048, 2048, 2048, 2048, 2048, 2048]",300.0
1233,9663,14,21,2024-04-19T04:30:06.590000+00:00,29.875,36.945,58.277,176.0,194.0,False,125.097,"[None, 2048, 2048, 2048, 2048, 2048, 2048]","[2048, 2048, 2048, 2048, 2048, 2048]","[2048, 2048, 2048, 2048, 2048, 2048, 2048, 2048, 2048]",184.0
1233,9663,16,19,2024-04-19T04:30:09.947000+00:00,31.863,41.195,58.026,161.0,171.0,False,131.084,"[None, 2048, 2048, 2048, 2048, 2048, 2048]","[2048, 2048, 2048, 2048, 2048, 2048]","[2048, 2048, 2048, 2048, 2048, 2048, 2048, 2048, 2048]",206.0
1233,9663,27,22,2024-04-19T04:30:20.546000+00:00,31.005,38.011,64.673,230.0,192.0,False,133.689,"[None, 2048, 2048, 2048, 2048, 2048, 2048]","[2048, 2048, 2048, 2048, 2048, 2048]","[2048, 2048, 2048, 2048, 2048, 2048, 2048, 2048, 2048]",204.0
1233,9663,3,24,2024-04-19T04:30:40.813000+00:00,30.429,37.579,60.195,244.0,199.0,False,128.203,"[None, 2048, 2048, 2048, 2048, 2048, 2048]","[2048, 2048, 2048, 2048, 2048, 2048]","[2048, 2048, 2048, 2048, 2048, 2048, 2048, 2048]",217.0
1233,9663,11,23,2024-04-19T04:30:47.611000+00:00,25.571,29.008,71.433,284.0,219.0,False,126.012,"[None, 2048, 2048, 2048, 2048, 2048, 2048]","[2048, 2048, 2048, 2048, 2048, 2048]","[2048, 2048, 2048, 2048, 2048, 2048, 2048, 2048, 2048]",194.0
1233,9663,1,24,2024-04-19T04:30:54.370000+00:00,25.431,39.149,71.604,283.0,170.0,False,136.184,"[None, 2048, 2049, 2048, 2048, 2048, 2048]","[2048, 2048, 2048, 2048, 2048, 2048]","[2048, 2048, 2048, 2048, 2048, 2048, 2048, 2048, 2048]",159.0
1233,9663,44,23,2024-04-19T04:30:56.913000+00:00,29.672,39.425,69.094,210.0,193.0,False,138.191,"[None, 2048, 2048, 2048, 2048, 2048, 2048]","[2048, 2048, 2048, 2048, 2048, 2048]","[2048, 2048, 2048, 2048, 2048, 2048, 2048, 2048, 2048]",208.0
1233,9663,10,21,2024-04-19T04:31:02.202000+00:00,28.449,32.922,54.82,269.0,270.0,False,116.191,"[None, 2048, 2048, 2048, 2048, 2048, 2048]","[2048, 2048, 2048, 2048, 2048, 2048]","[2048, 2048, 2048, 2048, 2048, 2048, 2048, 2048, 2064]",273.0
1233,9663,77,23,2024-04-19T04:31:02.296000+00:00,31.349,33.592,55.426,257.0,235.0,False,120.367,"[None, 2048, 2048, 2048, 2048, 2048, 2048]","[2048, 2048, 2048, 2048, 2048, 2048]","[2048, 2048, 2048, 2048, 2048, 2048, 2048, 2048, 2048]",179.0
1233,9663,31,22,2024-04-19T04:31:16.118000+00:00,34.104,45.547,66.234,148.0,157.0,False,145.885,"[2048, 2048, 2048, 2048, 2048, 2048, 2048]","[2048, 2048, 2048, 2048, 2048, 2048]","[2048, 2048, 2048, 2048, 2048, 2048, 2048, 2048, 2048]",189.0
1233,9663,63,20,2024-04-19T04:31:25.183000+00:00,34.572,46.553,80.598,151.0,162.0,False,161.723,"[None, 2048, 2048, 2048, 2048, 2048, 2048]","[2048, 2048, 2048, 2048, 2048, 2048]","[2048, 2048, 2048, 2048, 2048, 2048, 2048, 2048, 2048]",211.0
1233,9663,20,22,2024-04-19T04:31:28.692000+00:00,30.209,36.474,53.241,188.0,248.0,False,119.924,"[2048, 2048, 2048, 2048, 2048, 2048, 2048]","[2048, 2048, 2048, 2048, 2048, 2048]","[2048, 2048, 2048, 2048, 2048, 2048, 2048, 2048, 2048]",272.0
1233,9663,81,23,2024-04-19T04:31:36.159000+00:00,27.433,34.97,69.69,270.0,199.0,False,132.093,"[2048, 2048, 2048, 2048, 2048, 2048, 2048]","[2048, 2048, 2048, 2048, 2048, 2048]","[2048, 2048, 2048, 2048, 2048, 2048, 2048, 2048]",162.0
1233,9663,18,20,2024-04-19T04:31:39.907000+00:00,25.429,35.084,66.542,283.0,178.0,False,127.055,"[None, 2048, 2048, 2048, 2048, 2048, 2048]","[2048, 2048, 2048, 2048, 2048, 2048]","[2048, 2048, 2048, 2048, 2048, 2048, 2048, 2048, 2048]",247.0
1233,9663,24,23,2024-04-19T04:31:40.577000+00:00,26.966,35.871,73.443,254.0,228.0,False,136.28,"[None, 2048, 2048, 2048, 2048, 2048, 2048]","[2048, 2048, 2048, 2048, 2048, 2048]","[2048, 2048, 2048, 2048, 2048, 2048, 2048, 2048, 2048]",174.0
1233,9663,55,18,2024-04-19T04:31:40.953000+00:00,26.745,37.869,84.741,276.0,130.0,False,149.355,"[None, 2048, 2048, 2048, 2048, 2048, 2048]","[2048, 2048, 2048, 2048, 2048, 2048]","[2048, 2048, 2048, 2048, 2048, 2048, 2048, 2048, 2048]",119.0
1233,9663,2,22,2024-04-19T04:31:46.062000+00:00,31.744,37.472,70.559,209.0,187.0,False,139.775,"[2048, 2048, 2048, 2048, 2048, 2048, 2048]","[2048, 2048, 2048, 2048, 2048, 2048]","[2048, 2048, 2048, 2048, 2048, 2048, 2048, 2048, 2048]",200.0
1233,9663,22,26,2024-04-19T04:31:50.162000+00:00,27.804,31.791,60.867,276.0,266.0,False,120.462,"[None, 2048, 2048, 2048, 2048, 2048, 2048]","[2048, 2048, 2048, 2048, 2048, 2048]","[2048, 2048, 2048, 2048, 2048, 2048, 2048, 2048]",300.0
1233,9663,4,20,2024-04-19T04:31:53.034000+00:00,30.622,34.18,60.976,250.0,212.0,False,125.778,"[2048, 2048, 2048, 2048, 2048, 2048, 2048]","[2048, 2048, 2048, 2048, 2048, 2048]","[2048, 2048, 2048, 2048, 2048, 2048, 2048, 2048, 2048]",185.0
1233,9663,14,22,2024-04-19T04:32:11.739000+00:00,62.841,30.621,57.523,277.0,273.0,False,150.985,"[None, 2048, 2048, 2048, 2048, 2048, 2048]","[2048, 2048, 2048, 2048, 2048, 2048]","[2048, 2048, 2048, 2048, 2048, 2048, 2048, 2048, 2064]",239.0
1233,9663,16,20,2024-04-19T04:32:20.924000+00:00,44.623,30.061,52.802,281.0,271.0,False,127.486,"[None, 2048, 2048, 2048, 2048, 2048, 2048]","[2048, 2048, 2048, 2048, 2048, 2048]","[2048, 2048, 2048, 2048, 2048, 2048, 2048, 2048, 2064]",287.0
1233,9663,27,23,2024-04-19T04:32:33.817000+00:00,47.644,31.071,58.3,264.0,257.0,False,137.015,"[None, 2048, 2048, 2048, 2048, 2048, 2048]","[2048, 2048, 2048, 2048, 2048, 2048]","[2048, 2048, 2048, 2048, 2048, 2048, 2048, 2048, 2064]",272.0
1233,9663,3,25,2024-04-19T04:32:49.309000+00:00,49.639,30.547,51.173,282.0,274.0,False,131.359,"[None, 2048, 2048, 2048, 2048, 2048, 2048]","[2048, 2048, 2048, 2048, 2048, 2048]","[2048, 2048, 2048, 2048, 2048, 2048, 2048, 2048, 2064]",289.0
1233,9663,11,24,2024-04-19T04:32:53.603000+00:00,56.591,30.678,51.043,272.0,253.0,False,138.312,"[None, 2048, 2048, 2048, 2048, 2048, 2048]","[2048, 2048, 2048, 2048, 2048, 2048]","[2048, 2048, 2048, 2048, 2048, 2048, 2048, 2048, 2064]",273.0
1233,9663,77,24,2024-04-19T04:33:02.682000+00:00,49.764,33.231,51.958,282.0,251.0,False,134.953,"[None, 2048, 2048, 2048, 2048, 2048, 2048]","[2048, 2048, 2048, 2048, 2048, 2048]","[2048, 2048, 2048, 2048, 2048, 2048, 2048, 2048, 2064]",270.0
1233,9663,1,25,2024-04-19T04:33:10.573000+00:00,54.513,37.009,55.088,194.0,204.0,False,146.61,"[None, 2048, 2048, 2048, 2048, 2048, 2048]","[2048, 2048, 2048, 2048, 2048, 2048]","[2048, 2048, 2048, 2048, 2048, 2048, 2048, 2048, 2064]",267.0
1233,9663,44,24,2024-04-19T04:33:15.092000+00:00,57.603,31.796,57.363,276.0,261.0,False,146.762,"[None, 2048, 2048, 2048, 2048, 2048, 2048]","[2048, 2048, 2048, 2048, 2048, 2048]","[2048, 2048, 2048, 2048, 2048, 2048, 2048, 2048, 2064]",255.0
1233,9663,20,23,2024-04-19T04:33:28.590000+00:00,56.875,31.243,56.815,284.0,257.0,False,144.933,"[None, 2048, 2048, 2048, 2048, 2048, 2048]","[2048, 2048, 2048, 2048, 2048, 2048]","[2048, 2048, 2048, 2048, 2048, 2048, 2048, 2048, 2064]",233.0
1233,9663,31,23,2024-04-19T04:33:42.079000+00:00,57.182,29.9,52.212,281.0,274.0,False,139.294,"[None, 2048, 2048, 2048, 2048, 2048, 2048]","[2048, 2048, 2048, 2048, 2048, 2048]","[2048, 2048, 2048, 2048, 2048, 2048, 2048, 2048, 2064]",294.0
1233,9663,18,21,2024-04-19T04:33:46.982000+00:00,49.934,29.072,55.227,282.0,270.0,False,134.233,"[None, 2048, 2048, 2048, 2048, 2048, 2048]","[2048, 2048, 2048, 2048, 2048, 2048]","[2048, 2048, 2048, 2048, 2048, 2048, 2048, 2048, 2064]",227.0
1233,9663,81,24,2024-04-19T04:33:48.364000+00:00,55.601,32.722,53.505,159.0,263.0,False,141.828,"[None, 2048, 2048, 2048, 2048, 2048, 2048]","[2048, 2048, 2048, 2048, 2048, 2048]","[2048, 2048, 2048, 2048, 2048, 2048, 2048, 2048, 2064]",265.0
1233,9663,22,27,2024-04-19T04:33:50.570000+00:00,60.859,35.696,52.47,281.0,199.0,False,149.025,"[None, 2048, 2048, 2048, 2048, 2048, 2048]","[2048, 2048, 2048, 2048, 2048, 2048]","[2048, 2048, 2048, 2048, 2048, 2048, 2048, 2048, 2064]",297.0
1233,9663,24,24,2024-04-19T04:33:56.974000+00:00,60.623,36.375,67.639,279.0,153.0,False,164.637,"[None, 2048, 2048, 2048, 2048, 2048, 2048]","[2048, 2048, 2048, 2048, 2048, 2048]","[2048, 2048, 2048, 2048, 2048, 2048, 2048, 2048, 2064]",227.0
1233,9663,4,21,2024-04-19T04:33:58.854000+00:00,61.709,34.646,56.675,159.0,210.0,False,153.03,"[None, 2048, 2048, 2048, 2048, 2048, 2048]","[2048, 2048, 2048, 2048, 2048, 2048]","[2048, 2048, 2048, 2048, 2048, 2048, 2048, 2048, 2064]",234.0
1233,9663,2,23,2024-04-19T04:34:05.847000+00:00,56.982,40.844,61.148,202.0,94.0,False,158.974,"[None, 2048, 2048, 2048, 2048, 2048, 2048]","[2048, 2048, 2048, 2048, 2048, 2048]","[2048, 2048, 2048, 2048, 2048, 2048, 2048, 2048, 2064]",239.0
1233,9663,63,21,2024-04-19T04:34:06.917000+00:00,62.052,31.208,55.013,275.0,264.0,False,148.273,"[None, 2048, 2048, 2048, 2048, 2048, 2048]","[2048, 2048, 2048, 2048, 2048, 2048]","[2048, 2048, 2048, 2048, 2048, 2048, 2048, 2048, 2064]",228.0
1233,9663,55,19,2024-04-19T04:34:10.397000+00:00,55.547,31.187,50.877,281.0,207.0,False,137.611,"[None, 2048, 2048, 2048, 2048, 2048, 2048]","[2048, 2048, 2048, 2048, 2048, 2048]","[2048, 2048, 2048, 2048, 2048, 2048, 2048, 2048, 2064]",286.0
