meeting_key,session_key,driver_number,lap_number,date_start,duration_sector_1,duration_sector_2,duration_sector_3,i1_speed,i2_speed,is_pit_out_lap,lap_duration,segments_sector_1,segments_sector_2,segments_sector_3,st_speed
1233,9673,2,1,,,31.411,45.262,273.0,268.0,False,,"[None, 2064, 2049, 2049, 2051, 2049, 2049]","[2049, 2049, 2049, 2049, 2049, 2049]","[2049, 2049, 2049, 2049, 2049, 2049, 2049, 2049, 2049]",316.0
1233,9673,11,1,2024-04-21T07:03:36.841000+00:00,29.603,31.037,43.769,282.0,270.0,False,104.409,"[2048, 2049, 2049, 2049, 2049, 2049, 2049]","[2049, 2049, 2049, 2049, 2049, 2049]","[2049, 2049, 2049, 2049, 2049, 2049, 2049, 2051, 2049]",310.0
1233,9673,1,1,2024-04-21T07:03:36.841000+00:00,28.965,29.65,43.295,276.0,268.0,False,101.91,"[None, 2049, 2049, 2051, 2049, 2049, 2049]","[2051, 2049, 2051, 2051, 2051, 2051]","[2051, 2049, 2049, 2049, 2049, 2051, 2049, 2049, 2051]",304.0
1233,9673,14,1,2024-04-21T07:03:36.841000+00:00,29.442,30.575,43.622,274.0,268.0,False,103.639,"[2048, 2049, 2051, 2049, 2049, 2049, 2049]","[2049, 2049, 2049, 2049, 2049, 2049]","[2049, 2049, 2049, 2049, 2049, 2049, 2049, 2049, 2049]",308.0
1233,9673,4,1,2024-04-21T07:03:36.841000+00:00,29.894,31.161,43.931,278.0,271.0,False,104.986,"[2048, 2049, 2049, 2049, 2049, 2049, 2049]","[2049, 2049, 2049, 2049, 2049, 2049]","[2049, 2049, 2049, 2049, 2049, 2049, 2049, 2049, 2049]",312.0
1233,9673,81,1,2024-04-21T07:03:36.841000+00:00,30.354,31.108,44.051,277.0,270.0,False,105.513,"[2048, 2049, 2049, 2049, 2049, 2049, 2049]","[2049, 2049, 2049, 2049, 2049, 2049]","[2049, 2049, 2049, 2049, 2049, 2049, 2049, 2049, 2049]",310.0
1233,9673,16,1,2024-04-21T07:03:36.841000+00:00,30.847,31.934,44.143,282.0,267.0,False,106.924,"[2048, 2049, 2049, 2049, 2049, 2049, 2049]","[2049, 2051, 2049, 2049, 2049, 2049]","[2049, 2049, 2049, 2049, 2049, 2049, 2049, 2049, 2049]",308.0
1233,9673,55,1,2024-04-21T07:03:36.841000+00:00,31.338,31.937,44.363,278.0,271.0,False,107.638,"[None, 2049, 2049, 2049, 2049, 2049, 2049]","[2049, 2049, 2049, 2049, 2049, 2049]","[2049, 2051, 2049, 2049, 2049, 2049, 2049, 2049, 2049]",315.0
1233,9673,27,1,2024-04-21T07:03:36.841000+00:00,31.133,31.163,45.012,275.0,266.0,False,107.308,"[2048, 2049, 2049, 2049, 2049, 2049, 2049]","[2049, 2049, 2049, 2049, 2049, 2049]","[2049, 2049, 2049, 2049, 2049, 2049, 2049, 2049, 2048]",314.0
1233,9673,63,1,2024-04-21T07:03:36.841000+00:00,30.756,31.11,44.318,278.0,272.0,False,106.184,"[None, 2049, 2049, 2049, 2049, 2051, 2049]","[2049, 2049, 2049, 2049, 2049, 2049]","[2049, 2049, 2051, 2049, 2049, 2049, 2049, 2049, 2049]",315.0
1233,9673,77,1,2024-04-21T07:03:36.841000+00:00,31.56,32.27,44.817,278.0,272.0,False,108.647,"[2048, 2049, 2049, 2049, 2049, 2049, 2049]","[2049, 2049, 2049, 2049, 2049, 2049]","[2049, 2049, 2049, 2049, 2049, 2049, 2049, 2049, 2049]",315.0
1233,9673,18,1,2024-04-21T07:03:36.841000+00:00,31.664,31.755,44.716,285.0,263.0,False,108.135,"[None, 2049, 2049, 2049, 2049, 2049, 2051]","[2049, 2049, 2049, 2049, 2049, 2049]","[2049, 2049, 2049, 2049, 2049, 2049, 2049, 2049, 2049]",314.0
1233,9673,3,1,2024-04-21T07:03:36.841000+00:00,32.689,32.624,45.451,274.0,270.0,False,110.764,"[2048, 2049, 2049, 2049, 2049, 2049, 2049]","[2049, 2049, 2049, 2049, 2049, 2049]","[2049, 2049, 2049, 2049, 2051, 2049, 2049, 2049, 2049]",323.0
1233,9673,31,1,2024-04-21T07:03:36.841000+00:00,31.997,32.258,45.021,280.0,267.0,False,109.276,"[2048, 2049, 2049, 2049, 2049, 2049, 2049]","[2049, 2049, 2049, 2049, 2049, 2049]","[2049, 2049, 2049, 2049, 2049, 2049, 2049, 2049, 2049]",304.0
1233,9673,23,1,2024-04-21T07:03:36.841000+00:00,32.172,32.431,45.223,279.0,271.0,False,109.826,"[2048, 2049, 2049, 2049, 2049, 2049, 2049]","[2049, 2049, 2049, 2049, 2049, 2049]","[2049, 2049, 2049, 2049, 2049, 2049, 2049, 2049, 2049]",314.0
1233,9673,10,1,2024-04-21T07:03:36.841000+00:00,32.47,32.305,45.417,279.0,266.0,False,110.192,"[2048, 2049, 2049, 2049, 2049, 2049, 2049]","[2049, 2049, 2049, 2049, 2049, 2049]","[2049, 2049, 2049, 2049, 2049, 2049, 2049, 2049, 2048]",310.0
1233,9673,24,1,2024-04-21T07:03:36.841000+00:00,32.922,32.9,45.321,268.0,261.0,False,111.143,"[None, 2049, 2049, 2049, 2049, 2049, 2049]","[2049, 2049, 2049, 2049, 2049, 2049]","[2049, 2049, 2049, 2051, 2049, 2049, 2049, 2049, 2049]",315.0
1233,9673,20,1,2024-04-21T07:03:36.841000+00:00,32.889,32.774,45.809,277.0,262.0,False,111.472,"[2048, 2049, 2049, 2049, 2049, 2049, 2049]","[2049, 2049, 2049, 2049, 2049, 2049]","[2049, 2049, 2049, 2049, 2049, 2049, 2051, 2049, 2049]",318.0
1233,9673,44,1,2024-04-21T07:03:36.841000+00:00,33.157,32.87,45.826,277.0,270.0,False,111.853,"[None, 2049, 2049, 2049, 2049, 2049, 2049]","[2049, 2049, 2049, 2049, 2049, 2049]","[2049, 2049, 2049, 2049, 2049, 2049, 2049, 2049, 2049]",321.0
1233,9673,22,1,2024-04-21T07:03:36.841000+00:00,33.097,32.609,45.205,285.0,274.0,False,110.911,"[2048, 2049, 2049, 2049, 2049, 2049, 2049]","[2049, 2049, 2049, 2049, 2049, 2049]","[2049, 2049, 2049, 2049, 2049, 2049, 2049, 2049, 2048]",322.0
1233,9673,1,2,2024-04-21T07:05:18.750000+00:00,26.651,30.091,43.361,267.0,261.0,False,100.103,"[2049, 2049, 2049, 2048, 2051, 2048, 2048]","[2048, 2048, 2048, 2048, 2048, 2048]","[2048, 2048, 2049, 2049, 2049, 2051, 2049, 2049]",308.0
1233,9673,14,2,2024-04-21T07:05:20.479000+00:00,26.834,30.45,43.844,269.0,268.0,False,101.128,"[2049, 2049, 2051, 2051, 2049, 2048, 2048]","[2049, 2048, 2049, 2049, 2048, 2048]","[2048, 2048, 2048, 2049, 2048, 2048, 2048, 2049, 2051]",303.0
1233,9673,11,2,2024-04-21T07:05:21.249000+00:00,26.856,30.498,43.527,271.0,266.0,False,100.881,"[2049, 2049, 2049, 2049, 2049, 2048, 2048]","[2049, 2048, 2049, 2049, 2049, 2048]","[2048, 2048, 2048, 2049, 2049, 2049, 2048, 2048, 2049]",331.0
1233,9673,4,2,2024-04-21T07:05:21.826000+00:00,26.911,30.583,43.773,274.0,269.0,False,101.267,"[2049, 2049, 2049, 2049, 2048, 2048, 2048]","[2049, 2049, 2049, 2048, 2049, 2049]","[2049, 2048, 2048, 2049, 2049, 2049, 2048, 2049, 2049]",322.0
1233,9673,81,2,2024-04-21T07:05:22.353000+00:00,27.303,30.583,43.721,273.0,269.0,False,101.607,"[2049, 2049, 2049, 2049, 2049, 2048, 2048]","[2049, 2048, 2049, 2049, 2049, 2049]","[2049, 2048, 2048, 2049, 2049, 2049, 2048, 2049, 2049]",327.0
1233,9673,63,2,2024-04-21T07:05:23.024000+00:00,26.985,30.791,43.92,280.0,271.0,False,101.696,"[2049, 2049, 2049, 2049, 2049, 2048, 2048]","[2049, 2048, 2049, 2049, 2048, 2048]","[2049, 2049, 2048, 2048, 2049, 2049, 2048, 2048, 2049]",330.0
1233,9673,16,2,2024-04-21T07:05:23.764000+00:00,27.305,30.812,43.695,271.0,265.0,False,101.812,"[2049, 2049, 2049, 2049, 2049, 2048, 2048]","[2049, 2048, 2049, 2049, 2049, 2049]","[2049, 2048, 2048, 2048, 2049, 2049, 2048, 2048, 2049]",330.0
1233,9673,27,2,2024-04-21T07:05:24.148000+00:00,27.83,31.712,44.145,277.0,269.0,False,103.687,"[2049, 2049, 2049, 2049, 2049, 2048, 2049]","[2048, 2048, 2048, 2048, 2049, 2048]","[2048, 2048, 2049, 2049, 2049, 2049, 2048, 2049, 2049]",338.0
1233,9673,55,2,2024-04-21T07:05:24.478000+00:00,27.246,31.059,43.81,267.0,266.0,False,102.115,"[2049, 2049, 2049, 2049, 2049, 2048, 2048]","[2049, 2048, 2049, 2049, 2049, 2048]","[2049, 2048, 2049, 2049, 2049, 2049, 2049, 2049, 2049]",332.0
1233,9673,18,2,2024-04-21T07:05:24.975000+00:00,27.41,30.922,43.994,279.0,270.0,False,102.326,"[2049, 2049, 2049, 2049, 2049, 2049, 2048]","[2049, 2048, 2049, 2049, 2049, 2049]","[2049, 2048, 2049, 2048, 2049, 2049, 2049, 2049, 2048]",335.0
1233,9673,77,2,2024-04-21T07:05:25.487000+00:00,27.648,31.229,44.164,277.0,267.0,False,103.041,"[2049, 2049, 2049, 2049, 2049, 2048, 2048]","[2049, 2048, 2049, 2049, 2049, 2048]","[2049, 2048, 2049, 2048, 2049, 2049, 2049, 2049, 2048]",341.0
1233,9673,31,2,2024-04-21T07:05:26.116000+00:00,27.727,30.952,44.343,260.0,264.0,False,103.022,"[2049, 2049, 2049, 2049, 2049, 2049, 2048]","[2049, 2048, 2049, 2049, 2049, 2049]","[2049, 2049, 2049, 2049, 2049, 2049, 2049, 2049, 2049]",329.0
1233,9673,23,2,2024-04-21T07:05:26.666000+00:00,27.453,31.498,44.206,273.0,268.0,False,103.157,"[2049, 2049, 2049, 2049, 2049, 2049, 2048]","[2048, 2049, 2049, 2049, 2049, 2049]","[2049, 2048, 2048, 2048, 2049, 2049, 2049, 2049, 2049]",337.0
1233,9673,10,2,2024-04-21T07:05:27.032000+00:00,27.391,31.424,44.364,270.0,264.0,False,103.179,"[2049, 2049, 2049, 2049, 2049, 2049, 2048]","[2049, 2048, 2049, 2049, 2049, 2049]","[2049, 2048, 2049, 2049, 2049, 2049, 2048, 2049, 2049]",334.0
1233,9673,3,2,2024-04-21T07:05:27.604000+00:00,27.587,31.455,44.428,275.0,267.0,False,103.47,"[2049, 2049, 2049, 2049, 2049, 2049, 2048]","[2049, 2049, 2049, 2049, 2049, 2049]","[2049, 2049, 2048, 2048, 2049, 2049, 2049, 2049, 2049]",340.0
1233,9673,22,2,2024-04-21T07:05:27.751000+00:00,27.489,31.573,44.612,276.0,266.0,False,103.674,"[2049, 2049, 2049, 2049, 2049, 2048, 2048]","[2049, 2048, 2049, 2049, 2049, 2048]","[2049, 2048, 2048, 2048, 2049, 2049, 2048, 2049, 2049]",337.0
1233,9673,24,2,2024-04-21T07:05:27.983000+00:00,28.069,31.714,44.615,273.0,266.0,False,104.398,"[2049, 2049, 2049, 2049, 2049, 2049, 2048]","[2049, 2049, 2049, 2049, 2049, 2049]","[2049, 2048, 2049, 2048, 2049, 2049, 2048, 2049, 2049]",338.0
1233,9673,20,2,2024-04-21T07:05:28.312000+00:00,27.241,31.669,44.997,280.0,267.0,False,103.907,"[2049, 2049, 2049, 2049, 2049, 2049, 2049]","[2049, 2049, 2049, 2049, 2049, 2049]","[2049, 2048, 2049, 2049, 2051, 2049, 2048, 2048, 2048]",344.0
1233,9673,44,2,2024-04-21T07:05:28.693000+00:00,27.777,31.721,44.637,275.0,267.0,False,104.135,"[2049, 2049, 2049, 2049, 2049, 2048, 2048]","[2049, 2048, 2049, 2049, 2049, 2048]","[2049, 2049, 2048, 2048, 2049, 2049, 2049, 2048, 2049]",341.0
1233,9673,2,2,2024-04-21T07:05:29.399000+00:00,27.8,31.52,44.768,269.0,270.0,False,104.088,"[2049, 2049, 2049, 2048, 2048, 2048, 2048]","[2048, 2048, 2048, 2049, 2049, 2049]","[2049, 2048, 2048, 2048, 2049, 2049, 2049, 2049, 2049]",334.0
1233,9673,1,3,2024-04-21T07:06:58.955000+00:00,27.011,30.19,43.293,269.0,263.0,False,100.494,"[None, 2049, 2048, 2048, 2048, 2048, 2048]","[2048, 2048, 2048, 2048, 2048, 2048]","[2048, 2048, 2049, 2049, 2049, 2048, 2048, 2048, 2049]",307.0
1233,9673,14,3,2024-04-21T07:07:01.530000+00:00,26.859,30.616,43.513,274.0,267.0,False,100.988,"[None, 2049, 2051, 2051, 2048, 2048, 2048]","[2048, 2048, 2048, 2049, 2048, 2048]","[2048, 2048, 2049, 2049, 2049, 2049, 2049, 2049, 2048]",309.0
1233,9673,11,3,2024-04-21T07:07:02.142000+00:00,27.004,30.644,43.325,273.0,267.0,False,100.973,"[2049, 2049, 2049, 2048, 2048, 2048, 2048]","[2049, 2048, 2048, 2048, 2048, 2048]","[2049, 2048, 2048, 2049, 2049, 2048, 2049, 2048, 2049]",329.0
1233,9673,4,3,2024-04-21T07:07:03.041000+00:00,26.859,30.837,43.586,269.0,267.0,False,101.282,"[2049, 2049, 2049, 2048, 2048, 2048, 2048]","[2048, 2048, 2048, 2048, 2048, 2048]","[2049, 2048, 2048, 2049, 2049, 2049, 2048, 2051, 2048]",326.0
1233,9673,81,3,2024-04-21T07:07:03.985000+00:00,27.073,31.057,43.624,269.0,266.0,False,101.754,"[2049, 2049, 2048, 2049, 2048, 2048, 2048]","[2049, 2048, 2048, 2048, 2048, 2048]","[2048, 2049, 2048, 2048, 2048, 2049, 2051, 2049, 2048]",312.0
1233,9673,63,3,2024-04-21T07:07:04.710000+00:00,26.895,30.93,43.946,269.0,270.0,False,101.771,"[None, 2049, 2049, 2048, 2049, 2048, 2048]","[2048, 2048, 2049, 2049, 2048, 2048]","[2049, 2048, 2048, 2049, 2049, 2048, 2048, 2048, 2048]",331.0
1233,9673,16,3,2024-04-21T07:07:05.524000+00:00,27.068,31.135,43.887,,265.0,False,102.09,"[None, 2049, 2049, 2049, 2048, 2048, 2048]","[2048, 2048, 2048, 2049, 2048, 2048]","[2048, 2048, 2048, 2048, 2048, 2048, 2048, 2049, 2049]",311.0
1233,9673,55,3,2024-04-21T07:07:06.474000+00:00,27.267,30.965,43.747,270.0,262.0,False,101.979,"[None, 2049, 2049, 2049, 2048, 2048, 2048]","[2049, 2048, 2049, 2049, 2048, 2048]","[2048, 2048, 2049, 2049, 2048, 2048, 2049, 2048, 2049]",327.0
1233,9673,18,3,2024-04-21T07:07:07.331000+00:00,27.167,31.063,44.075,275.0,268.0,False,102.305,"[None, 2049, 2049, 2049, 2048, 2048, 2048]","[2048, 2048, 2048, 2049, 2049, 2048]","[2049, 2048, 2048, 2048, 2048, 2049, 2048, 2048, 2048]",331.0
1233,9673,27,3,2024-04-21T07:07:07.980000+00:00,26.95,31.368,44.029,276.0,268.0,False,102.347,"[2049, 2049, 2049, 2049, 2049, 2048, 2049]","[2048, 2048, 2048, 2048, 2048, 2048]","[2049, 2049, 2048, 2049, 2049, 2048, 2048, 2048, 2048]",340.0
1233,9673,77,3,2024-04-21T07:07:08.558000+00:00,27.242,31.336,43.97,274.0,267.0,False,102.548,"[None, 2049, 2049, 2049, 2048, 2048, 2048]","[2048, 2048, 2048, 2048, 2049, 2048]","[2049, 2048, 2049, 2048, 2048, 2049, 2049, 2049, 2048]",333.0
1233,9673,31,3,2024-04-21T07:07:09.249000+00:00,27.25,31.315,44.242,268.0,260.0,False,102.807,"[None, 2049, 2049, 2049, 2049, 2048, 2048]","[2049, 2048, 2048, 2048, 2048, 2048]","[2049, 2048, 2049, 2049, 2048, 2049, 2048, 2049, 2048]",327.0
1233,9673,23,3,2024-04-21T07:07:09.834000+00:00,27.257,31.399,44.358,269.0,268.0,False,103.014,"[2049, 2049, 2049, 2049, 2048, 2048, 2048]","[2049, 2048, 2049, 2049, 2048, 2048]","[2048, 2048, 2048, 2048, 2048, 2049, 2048, 2049, 2049]",334.0
1233,9673,10,3,2024-04-21T07:07:10.301000+00:00,27.238,31.321,44.453,,262.0,False,103.012,"[None, 2049, 2049, 2048, 2048, 2048, 2048]","[2049, 2048, 2049, 2048, 2048, 2048]","[2048, 2048, 2049, 2049, 2048, 2049, 2048, 2048, 2049]",329.0
1233,9673,3,3,2024-04-21T07:07:10.947000+00:00,27.047,31.569,44.457,272.0,266.0,False,103.073,"[None, 2049, 2049, 2048, 2048, 2049, 2048]","[2049, 2048, 2048, 2048, 2049, 2048]","[2049, 2048, 2048, 2048, 2048, 2049, 2048, 2048, 2049]",328.0
1233,9673,22,3,2024-04-21T07:07:11.558000+00:00,27.279,31.38,44.477,272.0,264.0,False,103.136,"[None, 2049, 2049, 2048, 2049, 2048, 2048]","[2049, 2048, 2049, 2048, 2049, 2048]","[2049, 2048, 2048, 2049, 2048, 2049, 2048, 2049, 2049]",334.0
1233,9673,20,3,2024-04-21T07:07:12.279000+00:00,27.319,31.608,44.252,273.0,265.0,False,103.179,"[None, 2049, 2049, 2048, 2049, 2048, 2048]","[2049, 2048, 2048, 2049, 2048, 2048]","[2049, 2048, 2048, 2048, 2048, 2049, 2048, 2048, 2049]",335.0
1233,9673,24,3,2024-04-21T07:07:12.349000+00:00,27.896,31.875,44.22,268.0,263.0,False,103.991,"[2051, 2049, 2049, 2048, 2048, 2048, 2048]","[2049, 2048, 2049, 2049, 2048, 2048]","[2048, 2048, 2049, 2048, 2048, 2049, 2048, 2049, 2048]",333.0
1233,9673,44,3,2024-04-21T07:07:12.888000+00:00,27.516,31.429,43.961,277.0,266.0,False,102.906,"[None, 2051, 2049, 2049, 2048, 2048, 2048]","[2049, 2048, 2049, 2049, 2048, 2048]","[2049, 2049, 2048, 2048, 2048, 2049, 2051, 2049, 2049]",337.0
1233,9673,2,3,2024-04-21T07:07:13.550000+00:00,27.39,31.729,44.525,266.0,267.0,False,103.644,"[None, 2049, 2049, 2048, 2048, 2048, 2048]","[2048, 2048, 2048, 2048, 2049, 2048]","[2048, 2049, 2048, 2048, 2049, 2049, 2048, 2049, 2048]",335.0
1233,9673,1,4,2024-04-21T07:08:39.501000+00:00,26.923,30.187,43.463,271.0,259.0,False,100.573,"[None, 2049, 2049, 2048, 2048, 2048, 2048]","[2048, 2048, 2048, 2048, 2048, 2048]","[2048, 2048, 2048, 2049, 2049, 2048, 2048, 2051, 2048]",307.0
1233,9673,14,4,2024-04-21T07:08:42.571000+00:00,27.063,30.734,43.782,269.0,264.0,False,101.579,"[2048, 2049, 2049, 2048, 2049, 2048, 2048]","[2048, 2048, 2048, 2048, 2048, 2048]","[2048, 2048, 2048, 2048, 2048, 2048, 2048, 2048, 2048]",308.0
1233,9673,11,4,2024-04-21T07:08:43.054000+00:00,27.0,30.985,43.619,271.0,266.0,False,101.604,"[None, 2049, 2049, 2048, 2048, 2048, 2048]","[2048, 2048, 2048, 2048, 2048, 2048]","[2048, 2048, 2048, 2048, 2048, 2048, 2048, 2048, 2048]",331.0
1233,9673,4,4,2024-04-21T07:08:44.345000+00:00,27.067,30.814,44.048,267.0,264.0,False,101.929,"[2048, 2048, 2049, 2048, 2048, 2048, 2048]","[2048, 2048, 2048, 2049, 2048, 2048]","[2048, 2048, 2048, 2048, 2048, 2048, 2048, 2048, 2048]",314.0
1233,9673,81,4,2024-04-21T07:08:45.782000+00:00,27.517,30.817,43.913,266.0,259.0,False,102.247,"[2048, 2048, 2048, 2048, 2048, 2048, 2048]","[2049, 2048, 2048, 2049, 2048, 2048]","[2048, 2048, 2048, 2048, 2048, 2049, 2048, 2049, 2048]",302.0
1233,9673,63,4,2024-04-21T07:08:46.530000+00:00,27.441,30.963,44.009,262.0,266.0,False,102.413,"[2048, 2048, 2048, 2048, 2048, 2048, 2048]","[2048, 2048, 2049, 2049, 2048, 2048]","[2048, 2048, 2048, 2048, 2048, 2049, 2048, 2049, 2048]",327.0
1233,9673,16,4,2024-04-21T07:08:47.624000+00:00,27.289,30.941,43.99,274.0,265.0,False,102.22,"[2048, 2048, 2048, 2049, 2048, 2048, 2048]","[2049, 2048, 2049, 2048, 2048, 2048]","[2048, 2048, 2048, 2048, 2048, 2048, 2048, 2048, 2048]",327.0
1233,9673,55,4,2024-04-21T07:08:48.526000+00:00,27.4,31.006,43.739,271.0,265.0,False,102.145,"[2048, 2048, 2048, 2048, 2048, 2048, 2048]","[2049, 2048, 2048, 2049, 2048, 2048]","[2049, 2048, 2048, 2048, 2048, 2049, 2048, 2049, 2048]",331.0
1233,9673,18,4,2024-04-21T07:08:49.725000+00:00,27.311,30.88,44.365,268.0,263.0,False,102.556,"[2048, 2048, 2049, 2049, 2048, 2048, 2048]","[2048, 2048, 2049, 2049, 2048, 2048]","[2049, 2048, 2048, 2048, 2048, 2048, 2049, 2049, 2048]",308.0
1233,9673,27,4,2024-04-21T07:08:50.403000+00:00,27.144,31.419,44.261,275.0,267.0,False,102.824,"[2048, 2049, 2049, 2048, 2048, 2048, 2048]","[2048, 2048, 2048, 2048, 2048, 2048]","[2049, 2048, 2048, 2048, 2048, 2049, 2048, 2049, 2048]",319.0
1233,9673,77,4,2024-04-21T07:08:50.950000+00:00,27.247,31.432,44.353,269.0,260.0,False,103.032,"[2048, 2048, 2049, 2048, 2048, 2048, 2048]","[2048, 2048, 2048, 2048, 2048, 2048]","[2049, 2048, 2048, 2048, 2048, 2048, 2048, 2048, 2049]",320.0
1233,9673,31,4,2024-04-21T07:08:51.936000+00:00,27.228,31.186,44.588,,261.0,False,103.002,"[2048, 2048, 2049, 2049, 2048, 2048, 2048]","[2049, 2048, 2048, 2048, 2048, 2048]","[2048, 2048, 2048, 2048, 2048, 2048, 2048, 2048, 2048]",325.0
1233,9673,23,4,2024-04-21T07:08:52.773000+00:00,27.274,31.24,44.461,263.0,264.0,False,102.975,"[2048, 2048, 2049, 2048, 2048, 2048, 2048]","[2049, 2048, 2049, 2049, 2048, 2048]","[2048, 2048, 2048, 2048, 2048, 2049, 2048, 2049, 2048]",329.0
1233,9673,10,4,2024-04-21T07:08:53.393000+00:00,27.15,31.25,44.447,269.0,261.0,False,102.847,"[2048, 2048, 2049, 2048, 2048, 2048, 2048]","[2048, 2048, 2049, 2049, 2048, 2048]","[2049, 2048, 2048, 2049, 2049, 2049, 2048, 2048, 2048]",335.0
1233,9673,3,4,2024-04-21T07:08:54.101000+00:00,27.253,31.383,44.34,274.0,265.0,False,102.976,"[None, 2048, 2048, 2049, 2048, 2048, 2048]","[2049, 2048, 2049, 2048, 2048, 2048]","[2049, 2048, 2048, 2048, 2048, 2049, 2048, 2048, 2048]",332.0
1233,9673,22,4,2024-04-21T07:08:54.772000+00:00,27.329,31.304,44.462,273.0,263.0,False,103.095,"[2048, 2048, 2048, 2048, 2049, 2048, 2048]","[2049, 2048, 2049, 2048, 2048, 2048]","[2049, 2048, 2048, 2049, 2049, 2049, 2048, 2048, 2048]",335.0
1233,9673,20,4,2024-04-21T07:08:55.408000+00:00,27.237,31.903,44.976,274.0,268.0,False,104.116,"[None, 2049, 2051, 2048, 2048, 2048, 2048]","[2048, 2048, 2049, 2048, 2048, 2048]","[2048, 2048, 2048, 2048, 2048, 2048, 2048, 2048, 2048]",341.0
1233,9673,44,4,2024-04-21T07:08:55.858000+00:00,27.29,31.303,44.42,271.0,264.0,False,103.013,"[None, 2051, 2049, 2049, 2048, 2048, 2048]","[2049, 2048, 2048, 2048, 2048, 2048]","[2049, 2048, 2048, 2048, 2048, 2049, 2048, 2049]",319.0
1233,9673,24,4,2024-04-21T07:08:56.410000+00:00,27.403,31.383,44.698,272.0,264.0,False,103.484,"[2048, 2048, 2049, 2049, 2049, 2048, 2048]","[2048, 2048, 2049, 2048, 2048, 2048]","[2049, 2048, 2048, 2048, 2048, 2048, 2048, 2049, 2048]",335.0
1233,9673,2,4,2024-04-21T07:08:57.081000+00:00,27.493,31.44,45.293,,264.0,False,104.226,"[2048, 2048, 2049, 2048, 2048, 2048, 2048]","[2048, 2048, 2048, 2048, 2049, 2048]","[2049, 2049, 2048, 2048, 2048, 2049, 2048, 2049, 2048]",335.0
1233,9673,1,5,2024-04-21T07:10:20.023000+00:00,27.106,30.299,43.514,272.0,260.0,False,100.919,"[2048, 2048, 2048, 2048, 2048, 2048, 2048]","[2048, 2048, 2048, 2048, 2048, 2048]","[2048, 2048, 2048, 2048, 2049, 2048, 2048, 2048, 2048]",307.0
1233,9673,14,5,2024-04-21T07:10:24.173000+00:00,27.323,31.673,44.064,271.0,267.0,False,103.06,"[None, 2048, 2048, 2048, 2048, 2048, 2048]","[2048, 2048, 2048, 2048, 2048, 2048]","[2048, 2048, 2048, 2049, 2049, 2048, 2048, 2048, 2048]",325.0
1233,9673,11,5,2024-04-21T07:10:24.651000+00:00,26.937,30.787,43.901,280.0,257.0,False,101.625,"[2048, 2049, 2049, 2048, 2048, 2048, 2048]","[2048, 2048, 2048, 2049, 2048, 2048]","[2048, 2048, 2048, 2048, 2048, 2049, 2048, 2048]",305.0
1233,9673,4,5,2024-04-21T07:10:26.305000+00:00,27.17,30.901,43.869,271.0,265.0,False,101.94,"[None, 2048, 2049, 2048, 2048, 2048, 2048]","[2049, 2048, 2048, 2048, 2048, 2048]","[2048, 2048, 2048, 2048, 2049, 2048, 2048, 2048, 2048]",330.0
1233,9673,81,5,2024-04-21T07:10:28.127000+00:00,27.488,30.877,43.862,271.0,266.0,False,102.227,"[None, 2048, 2049, 2049, 2048, 2048, 2048]","[2049, 2048, 2048, 2048, 2048, 2048]","[2048, 2048, 2048, 2048, 2048, 2048, 2048, 2048, 2048]",309.0
1233,9673,63,5,2024-04-21T07:10:28.903000+00:00,27.178,31.051,43.956,273.0,267.0,False,102.185,"[None, 2048, 2049, 2048, 2048, 2048, 2048]","[2049, 2048, 2048, 2048, 2048, 2048]","[2048, 2048, 2048, 2048, 2048, 2049, 2048, 2048, 2048]",328.0
1233,9673,16,5,2024-04-21T07:10:29.936000+00:00,27.308,30.886,43.901,270.0,267.0,False,102.095,"[None, 2048, 2048, 2048, 2048, 2048, 2048]","[2049, 2048, 2048, 2049, 2048, 2048]","[2048, 2048, 2048, 2048, 2049, 2048, 2048, 2048, 2048]",325.0
1233,9673,55,5,2024-04-21T07:10:30.648000+00:00,27.279,31.121,43.81,277.0,266.0,False,102.21,"[None, 2049, 2048, 2049, 2048, 2048, 2048]","[2049, 2048, 2048, 2048, 2048, 2048]","[2048, 2048, 2048, 2048, 2048, 2049, 2048, 2048, 2048]",332.0
1233,9673,18,5,2024-04-21T07:10:32.152000+00:00,27.387,31.215,44.382,271.0,266.0,False,102.984,"[None, 2048, 2049, 2049, 2048, 2048, 2048]","[2049, 2048, 2048, 2048, 2048, 2048]","[2049, 2048, 2048, 2048, 2048, 2048, 2048, 2048, 2048]",310.0
1233,9673,27,5,2024-04-21T07:10:33.168000+00:00,27.245,31.627,44.459,278.0,266.0,False,103.331,"[None, 2048, 2048, 2048, 2048, 2048, 2048]","[2049, 2048, 2048, 2048, 2048, 2048]","[2048, 2048, 2048, 2048, 2048, 2049, 2048, 2048, 2048]",316.0
1233,9673,77,5,2024-04-21T07:10:34.101000+00:00,27.299,31.575,44.318,273.0,264.0,False,103.192,"[None, 2048, 2049, 2048, 2048, 2048, 2048]","[2049, 2048, 2048, 2048, 2048, 2048]","[2048, 2048, 2048, 2048, 2048, 2049, 2048, 2048, 2048]",328.0
1233,9673,31,5,2024-04-21T07:10:35.085000+00:00,27.27,31.336,44.499,270.0,259.0,False,103.105,"[2049, 2049, 2048, 2048, 2048, 2048, 2048]","[2049, 2048, 2048, 2048, 2048, 2048]","[2048, 2048, 2048, 2048, 2048, 2049, 2048, 2048, 2048]",324.0
1233,9673,23,5,2024-04-21T07:10:35.759000+00:00,27.334,31.42,44.638,268.0,266.0,False,103.392,"[None, 2048, 2049, 2048, 2048, 2048, 2048]","[2049, 2048, 2048, 2048, 2048, 2048]","[2048, 2048, 2048, 2048, 2048, 2048, 2048, 2048, 2048]",330.0
1233,9673,10,5,2024-04-21T07:10:36.251000+00:00,27.593,31.399,44.56,267.0,265.0,False,103.552,"[None, 2049, 2048, 2048, 2048, 2048, 2048]","[2049, 2048, 2049, 2048, 2048, 2048]","[2049, 2048, 2048, 2048, 2048, 2048, 2048, 2049, 2048]",329.0
1233,9673,3,5,2024-04-21T07:10:37.132000+00:00,27.483,31.532,44.434,,265.0,False,103.449,"[2048, 2048, 2049, 2048, 2048, 2048, 2048]","[2049, 2048, 2048, 2048, 2048, 2048]","[2048, 2048, 2048, 2048, 2048, 2048, 2048, 2049, 2048]",334.0
1233,9673,22,5,2024-04-21T07:10:37.826000+00:00,27.539,31.589,44.529,271.0,263.0,False,103.657,"[None, 2048, 2048, 2048, 2048, 2048, 2048]","[2048, 2048, 2048, 2048, 2048, 2048]","[2049, 2048, 2048, 2048, 2048, 2048, 2048, 2048, 2048]",334.0
1233,9673,44,5,2024-04-21T07:10:38.821000+00:00,27.586,31.314,44.599,272.0,265.0,False,103.499,"[2048, 2048, 2048, 2049, 2048, 2048, 2048]","[2049, 2048, 2049, 2048, 2048, 2048]","[2048, 2048, 2048, 2048, 2048, 2048, 2048, 2048, 2048]",333.0
1233,9673,20,5,2024-04-21T07:10:39.538000+00:00,27.387,31.712,44.698,279.0,267.0,False,103.797,"[2048, 2048, 2048, 2048, 2048, 2048, 2048]","[2049, 2048, 2048, 2048, 2048, 2048]","[2048, 2048, 2048, 2048, 2048, 2048, 2048, 2048, 2048]",337.0
1233,9673,24,5,2024-04-21T07:10:39.802000+00:00,27.7,31.619,44.699,277.0,267.0,False,104.018,"[None, 2048, 2048, 2048, 2048, 2048, 2048]","[2049, 2048, 2048, 2048, 2048, 2048]","[2048, 2048, 2048, 2048, 2049, 2048, 2048, 2048, 2048]",338.0
1233,9673,2,5,2024-04-21T07:10:41.509000+00:00,27.567,31.36,44.589,267.0,265.0,False,103.516,"[None, 2048, 2048, 2049, 2048, 2048, 2048]","[2048, 2048, 2049, 2049, 2048, 2048]","[2049, 2048, 2048, 2048, 2048, 2049, 2048, 2048, 2048]",332.0
1233,9673,1,6,2024-04-21T07:12:00.855000+00:00,27.114,30.431,43.602,,262.0,False,101.147,"[2049, 2049, 2049, 2048, 2048, 2048, 2048]","[2048, 2048, 2048, 2048, 2048, 2048]","[2048, 2048, 2048, 2048, 2048, 2051, 2048, 2048, 2048]",308.0
1233,9673,11,6,2024-04-21T07:12:06.224000+00:00,27.19,30.742,43.724,270.0,259.0,False,101.656,"[None, 2048, 2049, 2049, 2048, 2048, 2048]","[2049, 2048, 2048, 2048, 2048, 2048]","[2049, 2048, 2048, 2048, 2048, 2049, 2048, 2048, 2049]",309.0
1233,9673,14,6,2024-04-21T07:12:07.207000+00:00,27.069,31.125,44.169,273.0,266.0,False,102.363,"[2049, 2049, 2048, 2048, 2048, 2048, 2048]","[2048, 2048, 2048, 2048, 2048, 2048]","[2048, 2048, 2048, 2048, 2048, 2048, 2048, 2048, 2048]",312.0
1233,9673,4,6,2024-04-21T07:12:08.271000+00:00,27.086,31.028,43.895,270.0,266.0,False,102.009,"[None, 2048, 2049, 2048, 2048, 2048, 2048]","[2048, 2048, 2048, 2048, 2048, 2048]","[2048, 2048, 2048, 2049, 2048, 2048, 2048, 2048, 2048]",325.0
1233,9673,81,6,2024-04-21T07:12:10.292000+00:00,27.42,31.171,44.017,267.0,264.0,False,102.608,"[None, 2048, 2048, 2049, 2048, 2048, 2048]","[2048, 2048, 2048, 2048, 2048, 2048]","[2048, 2048, 2048, 2048, 2048, 2049, 2048, 2048, 2048]",306.0
1233,9673,63,6,2024-04-21T07:12:11.078000+00:00,27.312,31.169,44.116,271.0,266.0,False,102.597,"[None, 2048, 2049, 2048, 2048, 2048, 2048]","[2048, 2048, 2049, 2048, 2048, 2048]","[2048, 2048, 2048, 2048, 2048, 2048, 2048, 2048, 2049]",329.0
1233,9673,16,6,2024-04-21T07:12:11.912000+00:00,27.267,31.156,43.899,273.0,265.0,False,102.322,"[None, 2048, 2049, 2048, 2048, 2048, 2048]","[2048, 2048, 2048, 2048, 2048, 2048]","[2048, 2048, 2048, 2048, 2049, 2048, 2048, 2048, 2049]",330.0
1233,9673,55,6,2024-04-21T07:12:12.848000+00:00,27.317,31.132,43.96,272.0,264.0,False,102.409,"[None, 2048, 2048, 2049, 2048, 2048, 2048]","[2049, 2048, 2049, 2048, 2048, 2048]","[2048, 2048, 2048, 2048, 2049, 2048, 2048, 2048, 2048]",332.0
1233,9673,18,6,2024-04-21T07:12:15.185000+00:00,27.427,31.431,44.419,270.0,265.0,False,103.277,"[None, 2048, 2048, 2048, 2048, 2048, 2048]","[2048, 2048, 2048, 2048, 2048, 2048]","[2048, 2048, 2048, 2048, 2048, 2049, 2048, 2048, 2049]",311.0
1233,9673,27,6,2024-04-21T07:12:16.576000+00:00,27.468,31.525,44.391,276.0,267.0,False,103.384,"[None, 2048, 2048, 2048, 2048, 2048, 2048]","[2049, 2048, 2049, 2048, 2048, 2048]","[2048, 2048, 2048, 2048, 2048, 2049, 2048, 2048, 2048]",318.0
1233,9673,77,6,2024-04-21T07:12:17.213000+00:00,27.357,31.453,44.341,,265.0,False,103.151,"[None, 2048, 2048, 2048, 2048, 2048, 2048]","[2049, 2048, 2049, 2048, 2048, 2048]","[2048, 2048, 2048, 2048, 2048, 2048, 2048, 2048, 2048]",334.0
1233,9673,31,6,2024-04-21T07:12:18.126000+00:00,27.33,31.387,44.495,269.0,260.0,False,103.212,"[None, 2049, 2049, 2048, 2048, 2048, 2048]","[2048, 2048, 2049, 2048, 2048, 2048]","[2048, 2048, 2048, 2048, 2048, 2048, 2048, 2049, 2049]",324.0
1233,9673,23,6,2024-04-21T07:12:19.164000+00:00,27.518,31.276,44.559,264.0,265.0,False,103.353,"[None, 2048, 2049, 2048, 2048, 2048, 2048]","[2049, 2048, 2049, 2048, 2048, 2048]","[2048, 2048, 2049, 2048, 2048, 2048, 2048, 2049, 2048]",316.0
1233,9673,10,6,2024-04-21T07:12:19.797000+00:00,27.579,31.338,44.577,266.0,259.0,False,103.494,"[None, 2048, 2048, 2048, 2048, 2048, 2048]","[2049, 2048, 2048, 2048, 2048, 2048]","[2048, 2048, 2048, 2048, 2048, 2048, 2048, 2048, 2048]",323.0
1233,9673,3,6,2024-04-21T07:12:20.495000+00:00,27.519,31.527,44.567,,264.0,False,103.613,"[None, 2048, 2048, 2048, 2048, 2048, 2048]","[2048, 2048, 2049, 2048, 2048, 2048]","[2048, 2048, 2048, 2048, 2048, 2048, 2048, 2048, 2048]",332.0
1233,9673,22,6,2024-04-21T07:12:21.525000+00:00,27.431,31.581,44.657,272.0,263.0,False,103.669,"[None, 2048, 2049, 2048, 2048, 2048, 2048]","[2049, 2048, 2049, 2048, 2048, 2048]","[2048, 2048, 2048, 2048, 2048, 2048, 2048, 2048, 2048]",334.0
1233,9673,44,6,2024-04-21T07:12:22.396000+00:00,27.51,31.423,44.534,267.0,265.0,False,103.467,"[None, 2048, 2049, 2048, 2048, 2048, 2048]","[2049, 2048, 2049, 2048, 2048, 2048]","[2048, 2048, 2048, 2048, 2048, 2048, 2048, 2048, 2049]",332.0
1233,9673,20,6,2024-04-21T07:12:23.347000+00:00,27.51,31.597,44.792,270.0,263.0,False,103.899,"[None, 2048, 2048, 2048, 2048, 2048, 2048]","[2049, 2048, 2048, 2048, 2048, 2048]","[2048, 2048, 2048, 2048, 2048, 2048, 2048, 2048, 2049]",313.0
1233,9673,24,6,2024-04-21T07:12:23.829000+00:00,27.719,31.729,44.764,270.0,259.0,False,104.212,"[None, 2048, 2049, 2048, 2048, 2048, 2048]","[2049, 2048, 2048, 2048, 2048, 2048]","[2048, 2048, 2048, 2048, 2048, 2048, 2048, 2048, 2048]",329.0
1233,9673,2,6,2024-04-21T07:12:24.919000+00:00,27.432,31.588,44.706,266.0,267.0,False,103.726,"[None, 2049, 2048, 2048, 2048, 2048, 2048]","[2048, 2048, 2048, 2048, 2048, 2048]","[2048, 2048, 2048, 2048, 2048, 2048, 2048, 2048, 2048]",335.0
1233,9673,1,7,2024-04-21T07:13:42.050000+00:00,27.164,30.362,43.592,,265.0,False,101.118,"[2048, 2048, 2048, 2048, 2048, 2048, 2048]","[2048, 2048, 2048, 2048, 2048, 2048]","[2048, 2048, 2048, 2048, 2049, 2048, 2048, 2048, 2049]",309.0
1233,9673,11,7,2024-04-21T07:13:48.126000+00:00,27.096,30.603,43.884,269.0,262.0,False,101.583,"[None, 2048, 2051, 2048, 2048, 2048, 2048]","[2049, 2048, 2048, 2049, 2048, 2048]","[2049, 2048, 2048, 2048, 2048, 2049, 2048, 2048, 2048]",309.0
1233,9673,14,7,2024-04-21T07:13:49.664000+00:00,27.371,31.2,45.246,268.0,266.0,False,103.817,"[2048, 2048, 2049, 2048, 2048, 2048, 2048]","[2048, 2048, 2048, 2048, 2048, 2048]","[2048, 2048, 2048, 2048, 2048, 2048, 2048, 2048, 2048]",311.0
1233,9673,4,7,2024-04-21T07:13:50.252000+00:00,27.022,31.432,43.949,269.0,268.0,False,102.403,"[None, 2048, 2048, 2048, 2048, 2048, 2048]","[2048, 2048, 2048, 2048, 2048, 2048]","[2048, 2048, 2048, 2049, 2049, 2048, 2049, 2048]",331.0
1233,9673,81,7,2024-04-21T07:13:52.823000+00:00,27.431,30.809,44.136,269.0,263.0,False,102.376,"[None, 2048, 2048, 2048, 2048, 2048, 2048]","[2048, 2048, 2048, 2048, 2048, 2048]","[2048, 2048, 2048, 2048, 2048, 2048, 2051, 2048, 2048]",310.0
1233,9673,63,7,2024-04-21T07:13:53.644000+00:00,27.34,31.018,44.231,275.0,267.0,False,102.589,"[None, 2048, 2048, 2048, 2048, 2048, 2048]","[2049, 2048, 2048, 2048, 2048, 2048]","[2048, 2048, 2048, 2048, 2048, 2048, 2048, 2048, 2048]",328.0
1233,9673,16,7,2024-04-21T07:13:54.314000+00:00,27.201,31.213,44.003,275.0,267.0,False,102.417,"[None, 2049, 2048, 2048, 2048, 2048, 2048]","[2048, 2048, 2048, 2048, 2048, 2048]","[2048, 2048, 2048, 2049, 2049, 2048, 2048, 2048, 2048]",333.0
1233,9673,55,7,2024-04-21T07:13:55.327000+00:00,27.351,31.085,44.347,273.0,267.0,False,102.783,"[None, 2048, 2049, 2048, 2048, 2048, 2048]","[2048, 2048, 2048, 2048, 2048, 2048]","[2048, 2048, 2048, 2048, 2048, 2048, 2048, 2049, 2049]",317.0
1233,9673,18,7,2024-04-21T07:13:58.448000+00:00,27.39,31.28,44.591,,265.0,False,103.261,"[None, 2048, 2048, 2049, 2048, 2048, 2048]","[2048, 2048, 2048, 2049, 2048, 2048]","[2048, 2048, 2048, 2048, 2048, 2048, 2048, 2048, 2048]",311.0
1233,9673,27,7,2024-04-21T07:13:59.866000+00:00,27.553,31.328,45.18,273.0,265.0,False,104.061,"[None, 2048, 2048, 2048, 2048, 2048, 2048]","[2049, 2048, 2049, 2048, 2048, 2048]","[2048, 2048, 2048, 2048, 2048, 2048, 2048, 2048, 2048]",316.0
1233,9673,77,7,2024-04-21T07:14:00.603000+00:00,27.557,31.51,43.892,,264.0,False,102.959,"[None, 2048, 2048, 2048, 2048, 2048, 2048]","[2048, 2048, 2048, 2048, 2048, 2048]","[2048, 2048, 2048, 2048, 2048, 2048, 2051, 2049, 2049]",335.0
1233,9673,31,7,2024-04-21T07:14:01.349000+00:00,27.503,31.45,44.596,,261.0,False,103.549,"[2048, 2048, 2049, 2048, 2048, 2048, 2048]","[2048, 2048, 2048, 2048, 2048, 2048]","[2048, 2048, 2048, 2048, 2048, 2049, 2048, 2048, 2048]",324.0
1233,9673,23,7,2024-04-21T07:14:02.556000+00:00,27.681,31.189,44.491,266.0,267.0,False,103.361,"[None, 2048, 2048, 2048, 2048, 2048, 2048]","[2049, 2048, 2048, 2048, 2048, 2048]","[2049, 2048, 2048, 2048, 2048, 2048, 2048, 2048, 2048]",332.0
1233,9673,10,7,2024-04-21T07:14:03.269000+00:00,27.528,31.299,44.525,267.0,260.0,False,103.352,"[None, 2048, 2049, 2048, 2048, 2048, 2048]","[2049, 2048, 2048, 2049, 2048, 2048]","[2048, 2048, 2048, 2048, 2048, 2048, 2048, 2049, 2049]",326.0
1233,9673,3,7,2024-04-21T07:14:04.167000+00:00,27.67,31.366,44.762,,266.0,False,103.798,"[None, 2048, 2048, 2048, 2048, 2048, 2048]","[2049, 2048, 2048, 2048, 2048, 2048]","[2048, 2048, 2048, 2048, 2048, 2048, 2048, 2048, 2049]",321.0
1233,9673,22,7,2024-04-21T07:14:05.098000+00:00,27.667,31.349,44.935,271.0,264.0,False,103.951,"[None, 2048, 2048, 2048, 2048, 2048, 2048]","[2049, 2048, 2048, 2048, 2049, 2048]","[2048, 2048, 2048, 2048, 2048, 2048, 2048, 2048, 2048]",318.0
1233,9673,44,7,2024-04-21T07:14:05.844000+00:00,27.593,31.549,44.914,271.0,266.0,False,104.056,"[None, 2048, 2048, 2048, 2048, 2048, 2048]","[2049, 2048, 2048, 2048, 2048, 2048]","[2048, 2048, 2048, 2048, 2048, 2048, 2048, 2048, 2048]",330.0
1233,9673,20,7,2024-04-21T07:14:07.287000+00:00,27.684,31.345,44.901,275.0,267.0,False,103.93,"[None, 2048, 2048, 2048, 2048, 2048, 2048]","[2049, 2048, 2049, 2048, 2048, 2048]","[2048, 2048, 2048, 2048, 2048, 2048, 2048, 2048, 2048]",318.0
1233,9673,24,7,2024-04-21T07:14:07.997000+00:00,27.488,31.649,44.936,274.0,265.0,False,104.073,"[None, 2048, 2049, 2049, 2048, 2048, 2048]","[2048, 2048, 2049, 2048, 2048, 2048]","[2049, 2048, 2048, 2048, 2048, 2048, 2048, 2048, 2048]",330.0
1233,9673,2,7,2024-04-21T07:14:08.661000+00:00,27.722,31.576,44.786,,267.0,False,104.084,"[None, 2048, 2048, 2048, 2048, 2048, 2048]","[2048, 2048, 2048, 2048, 2048, 2048]","[2048, 2048, 2048, 2048, 2048, 2048, 2048, 2048, 2048]",333.0
1233,9673,1,8,2024-04-21T07:15:23.205000+00:00,27.129,30.395,43.586,271.0,263.0,False,101.11,"[2049, 2048, 2048, 2048, 2048, 2048, 2048]","[2048, 2048, 2048, 2048, 2048, 2048]","[2048, 2048, 2048, 2048, 2049, 2048, 2049, 2048, 2048]",309.0
1233,9673,11,8,2024-04-21T07:15:29.517000+00:00,27.121,30.761,43.831,267.0,257.0,False,101.713,"[None, 2048, 2048, 2048, 2048, 2048, 2048]","[2048, 2048, 2048, 2048, 2048, 2048]","[2048, 2048, 2048, 2048, 2048, 2048, 2048, 2049, 2048]",306.0
1233,9673,4,8,2024-04-21T07:15:32.529000+00:00,27.141,30.805,43.81,267.0,264.0,False,101.756,"[None, 2048, 2048, 2048, 2048, 2048, 2048]","[2048, 2048, 2049, 2048, 2048, 2048]","[2048, 2048, 2048, 2048, 2048, 2049, 2048, 2048, 2049]",308.0
1233,9673,14,8,2024-04-21T07:15:33.383000+00:00,27.391,31.299,44.442,271.0,266.0,False,103.132,"[None, 2048, 2048, 2048, 2048, 2048, 2048]","[2048, 2048, 2048, 2048, 2048, 2048]","[2048, 2048, 2048, 2048, 2048, 2048, 2048, 2048, 2048]",311.0
1233,9673,81,8,2024-04-21T07:15:35.247000+00:00,27.427,30.943,44.257,271.0,266.0,False,102.627,"[None, 2048, 2048, 2048, 2048, 2048, 2048]","[2048, 2048, 2049, 2048, 2048, 2048]","[2048, 2048, 2048, 2048, 2048, 2048, 2048, 2048, 2048]",311.0
1233,9673,63,8,2024-04-21T07:15:36.205000+00:00,27.416,31.223,44.475,276.0,266.0,False,103.114,"[None, 2048, 2048, 2048, 2048, 2048, 2048]","[2048, 2048, 2048, 2048, 2048, 2048]","[2048, 2048, 2048, 2048, 2048, 2048, 2048, 2048, 2048]",312.0
1233,9673,16,8,2024-04-21T07:15:36.768000+00:00,27.283,31.48,44.206,,267.0,False,102.969,"[2049, 2049, 2048, 2048, 2048, 2048, 2048]","[2048, 2048, 2048, 2048, 2048, 2048]","[2048, 2048, 2048, 2049, 2048, 2048, 2049, 2048, 2048]",332.0
1233,9673,55,8,2024-04-21T07:15:38.082000+00:00,27.48,31.199,44.272,271.0,263.0,False,102.951,"[None, 2048, 2049, 2048, 2048, 2048, 2048]","[2048, 2048, 2048, 2048, 2048, 2048]","[2048, 2048, 2048, 2048, 2048, 2048, 2048, 2048, 2048]",313.0
1233,9673,18,8,2024-04-21T07:15:41.774000+00:00,27.53,31.045,44.493,269.0,264.0,False,103.068,"[None, 2048, 2048, 2048, 2048, 2048, 2048]","[2049, 2048, 2048, 2049, 2048, 2048]","[2048, 2048, 2048, 2048, 2048, 2048, 2048, 2048, 2048]",310.0
1233,9673,77,8,2024-04-21T07:15:43.319000+00:00,27.595,31.172,44.683,267.0,262.0,False,103.45,"[None, 2048, 2048, 2049, 2048, 2048, 2048]","[2048, 2048, 2049, 2049, 2048, 2048]","[2048, 2048, 2048, 2048, 2048, 2048, 2048, 2049, 2049]",306.0
1233,9673,27,8,2024-04-21T07:15:43.893000+00:00,27.74,31.788,49.536,,264.0,False,109.064,"[None, 2048, 2048, 2048, 2048, 2048, 2048]","[2048, 2048, 2048, 2048, 2048, 2048]","[2048, 2048, 2048, 2048, 2048, 2048, 2048, 2049, 2064]",315.0
1233,9673,31,8,2024-04-21T07:15:44.843000+00:00,27.521,31.763,44.761,270.0,264.0,False,104.045,"[None, 2048, 2048, 2048, 2048, 2048, 2048]","[2048, 2048, 2048, 2048, 2048, 2048]","[2048, 2048, 2048, 2048, 2048, 2048, 2048, 2048, 2048]",327.0
1233,9673,23,8,2024-04-21T07:15:45.821000+00:00,27.722,31.602,44.667,265.0,265.0,False,103.991,"[None, 2048, 2048, 2048, 2048, 2048, 2048]","[2048, 2048, 2048, 2048, 2048, 2048]","[2048, 2048, 2048, 2048, 2048, 2048, 2048, 2048, 2048]",332.0
1233,9673,10,8,2024-04-21T07:15:46.629000+00:00,27.673,31.519,44.679,,259.0,False,103.871,"[None, 2048, 2049, 2048, 2048, 2048, 2048]","[2048, 2048, 2048, 2048, 2048, 2048]","[2048, 2048, 2048, 2048, 2048, 2048, 2048, 2048, 2048]",325.0
1233,9673,3,8,2024-04-21T07:15:47.912000+00:00,27.696,31.337,44.81,272.0,264.0,False,103.843,"[None, 2048, 2049, 2048, 2048, 2048, 2048]","[2049, 2048, 2048, 2048, 2048, 2048]","[2048, 2048, 2048, 2048, 2048, 2048, 2048, 2048, 2048]",318.0
1233,9673,22,8,2024-04-21T07:15:49.161000+00:00,27.732,31.342,49.356,268.0,264.0,False,108.43,"[None, 2048, 2048, 2048, 2048, 2048, 2048]","[2049, 2048, 2048, 2048, 2048, 2048]","[2048, 2048, 2048, 2048, 2048, 2048, 2049, 2051, 2064]",316.0
1233,9673,44,8,2024-04-21T07:15:49.922000+00:00,27.507,31.695,44.567,273.0,264.0,False,103.769,"[None, 2048, 2048, 2048, 2048, 2048, 2048]","[2048, 2048, 2048, 2048, 2049, 2048]","[2048, 2048, 2048, 2048, 2048, 2048, 2048, 2048, 2048]",329.0
1233,9673,20,8,2024-04-21T07:15:51.229000+00:00,27.632,31.516,45.091,271.0,264.0,False,104.239,"[None, 2048, 2048, 2048, 2048, 2048, 2048]","[2048, 2048, 2048, 2048, 2048, 2048]","[2048, 2048, 2048, 2048, 2048, 2048, 2048, 2048, 2048]",314.0
1233,9673,24,8,2024-04-21T07:15:52.106000+00:00,27.849,31.586,50.043,271.0,263.0,False,109.478,"[None, 2048, 2048, 2048, 2048, 2048, 2048]","[2048, 2048, 2049, 2048, 2048, 2048]","[2049, 2048, 2048, 2048, 2048, 2048, 2049, 2049, 2064]",314.0
1233,9673,2,8,2024-04-21T07:15:52.661000+00:00,27.352,32.263,44.598,274.0,266.0,False,104.213,"[None, 2048, 2048, 2048, 2048, 2048, 2049]","[2048, 2048, 2048, 2048, 2048, 2048]","[2048, 2048, 2048, 2048, 2048, 2048, 2049, 2048]",332.0
1233,9673,1,9,2024-04-21T07:17:04.233000+00:00,27.111,30.392,43.652,272.0,265.0,False,101.155,"[None, 2049, 2048, 2048, 2048, 2048, 2048]","[2048, 2048, 2048, 2048, 2048, 2048]","[2048, 2048, 2048, 2048, 2048, 2048, 2048, 2048, 2048]",308.0
1233,9673,11,9,2024-04-21T07:17:11.330000+00:00,27.242,30.619,43.907,269.0,260.0,False,101.768,"[None, 2048, 2049, 2048, 2048, 2048, 2048]","[2048, 2048, 2048, 2049, 2048, 2048]","[2048, 2048, 2048, 2048, 2048, 2048, 2048, 2048, 2048]",310.0
1233,9673,4,9,2024-04-21T07:17:14.397000+00:00,27.142,30.741,43.805,,265.0,False,101.688,"[None, 2048, 2048, 2048, 2048, 2048, 2048]","[2049, 2048, 2048, 2049, 2048, 2048]","[2048, 2048, 2048, 2048, 2048, 2048, 2048, 2048, 2049]",309.0
1233,9673,14,9,2024-04-21T07:17:16.554000+00:00,27.552,31.167,44.227,268.0,266.0,False,102.946,"[None, 2048, 2051, 2048, 2048, 2048, 2048]","[2048, 2048, 2048, 2048, 2048, 2048]","[2048, 2048, 2048, 2048, 2048, 2048, 2048, 2048, 2048]",311.0
1233,9673,81,9,2024-04-21T07:17:17.845000+00:00,27.543,31.13,44.303,267.0,263.0,False,102.976,"[None, 2048, 2048, 2048, 2048, 2048, 2048]","[2048, 2048, 2048, 2048, 2048, 2048]","[2048, 2048, 2048, 2048, 2048, 2048, 2048, 2048, 2048]",309.0
1233,9673,63,9,2024-04-21T07:17:19.369000+00:00,27.976,31.329,44.68,274.0,266.0,False,103.985,"[None, 2048, 2048, 2048, 2048, 2048, 2048]","[2048, 2048, 2048, 2048, 2048, 2048]","[2048, 2048, 2048, 2048, 2048, 2048, 2048, 2048, 2048]",312.0
1233,9673,16,9,2024-04-21T07:17:19.725000+00:00,27.245,30.805,44.139,272.0,266.0,False,102.189,"[2048, 2048, 2048, 2048, 2048, 2048, 2048]","[2049, 2048, 2049, 2048, 2048, 2048]","[2048, 2048, 2048, 2048, 2048, 2048, 2048, 2048, 2048]",315.0
1233,9673,55,9,2024-04-21T07:17:21.028000+00:00,27.441,31.194,44.165,273.0,264.0,False,102.8,"[None, 2048, 2048, 2049, 2048, 2048, 2048]","[2048, 2048, 2049, 2048, 2048, 2048]","[2048, 2048, 2048, 2048, 2048, 2048, 2048, 2048, 2048]",331.0
1233,9673,18,9,2024-04-21T07:17:24.757000+00:00,27.394,31.116,49.204,,264.0,False,107.714,"[None, 2048, 2048, 2049, 2048, 2048, 2048]","[2048, 2048, 2048, 2048, 2048, 2048]","[2048, 2048, 2048, 2048, 2048, 2048, 2049, 2049, 2064]",311.0
1233,9673,77,9,2024-04-21T07:17:26.846000+00:00,27.48,31.189,49.308,271.0,264.0,False,107.977,"[None, 2048, 2049, 2048, 2048, 2048, 2048]","[2048, 2048, 2049, 2048, 2048, 2048]","[2048, 2048, 2048, 2048, 2048, 2049, 2048, 2049, 2064]",310.0
1233,9673,31,9,2024-04-21T07:17:28.811000+00:00,27.15,31.15,49.99,267.0,261.0,False,108.29,"[None, 2048, 2049, 2048, 2048, 2048, 2048]","[2049, 2048, 2049, 2048, 2048, 2048]","[2048, 2048, 2048, 2048, 2048, 2048, 2049, 2049, 2064]",308.0
1233,9673,23,9,2024-04-21T07:17:29.905000+00:00,27.426,31.509,49.436,266.0,263.0,False,108.371,"[None, 2048, 2049, 2048, 2048, 2048, 2048]","[2049, 2048, 2048, 2048, 2048, 2048]","[2049, 2048, 2048, 2048, 2048, 2048, 2049, 2051, 2064]",313.0
1233,9673,10,9,2024-04-21T07:17:30.454000+00:00,27.522,31.562,44.607,269.0,259.0,False,103.691,"[None, 2049, 2048, 2048, 2048, 2048, 2048]","[2048, 2048, 2048, 2048, 2048, 2048]","[2048, 2048, 2048, 2048, 2048, 2048, 2048, 2048, 2049]",323.0
1233,9673,3,9,2024-04-21T07:17:31.732000+00:00,27.551,31.371,44.683,,264.0,False,103.605,"[None, 2048, 2049, 2048, 2048, 2048, 2048]","[2049, 2048, 2048, 2048, 2048, 2048]","[2048, 2048, 2048, 2048, 2048, 2048, 2048, 2048, 2049]",318.0
1233,9673,27,9,2024-04-21T07:17:33.026000+00:00,45.82,30.578,43.541,273.0,264.0,True,119.939,"[2064, 2064, 2048, 2048, 2049, 2048, 2048]","[2049, 2048, 2048, 2049, 2049, 2048]","[2049, 2049, 2049, 2048, 2048, 2049, 2048, 2048, 2049]",311.0
1233,9673,44,9,2024-04-21T07:17:33.646000+00:00,27.422,31.115,49.405,268.0,264.0,False,107.942,"[None, 2048, 2049, 2048, 2048, 2048, 2048]","[2049, 2048, 2051, 2048, 2049, 2048]","[2048, 2048, 2048, 2048, 2048, 2049, 2048, 2049, 2064]",313.0
1233,9673,20,9,2024-04-21T07:17:35.367000+00:00,27.564,31.255,44.642,272.0,264.0,False,103.461,"[None, 2048, 2048, 2048, 2048, 2048, 2048]","[2049, 2048, 2049, 2048, 2048, 2048]","[2048, 2048, 2048, 2048, 2048, 2048, 2048, 2048, 2048]",313.0
1233,9673,2,9,2024-04-21T07:17:36.823000+00:00,27.431,31.304,44.501,265.0,264.0,False,103.236,"[None, 2048, 2048, 2048, 2048, 2048, 2048]","[2049, 2048, 2048, 2048, 2048, 2048]","[2049, 2048, 2048, 2048, 2048, 2048, 2048, 2048, 2048]",313.0
1233,9673,22,9,2024-04-21T07:17:37.479000+00:00,46.224,30.167,43.454,268.0,266.0,True,119.845,"[2064, 2064, 2048, 2048, 2049, 2049, 2048]","[2048, 2048, 2049, 2049, 2051, 2049]","[2049, 2049, 2048, 2048, 2048, 2049, 2048, 2048, 2049]",312.0
1233,9673,24,9,2024-04-21T07:17:41.541000+00:00,46.945,30.538,43.731,271.0,265.0,True,121.214,"[2064, 2064, 2048, 2049, 2049, 2048, 2048]","[2049, 2048, 2048, 2049, 2049, 2049]","[2049, 2048, 2049, 2048, 2048, 2049, 2048, 2048, 2048]",308.0
1233,9673,1,10,2024-04-21T07:18:45.489000+00:00,27.172,30.519,43.733,,263.0,False,101.424,"[2048, 2049, 2048, 2048, 2048, 2048, 2048]","[2048, 2048, 2048, 2048, 2048, 2048]","[2048, 2048, 2048, 2049, 2048, 2048, 2048, 2048, 2048]",308.0
1233,9673,11,10,2024-04-21T07:18:53.083000+00:00,27.198,30.848,43.794,271.0,263.0,False,101.84,"[None, 2048, 2048, 2048, 2048, 2048, 2048]","[2048, 2048, 2049, 2048, 2048, 2048]","[2048, 2048, 2048, 2048, 2048, 2048, 2048, 2049, 2048]",309.0
1233,9673,4,10,2024-04-21T07:18:56.093000+00:00,27.12,30.861,43.714,266.0,264.0,False,101.695,"[None, 2048, 2049, 2048, 2048, 2048, 2048]","[2048, 2048, 2048, 2049, 2048, 2048]","[2048, 2048, 2048, 2048, 2048, 2049, 2048, 2048, 2048]",308.0
1233,9673,14,10,2024-04-21T07:18:59.481000+00:00,27.571,31.284,44.228,269.0,265.0,False,103.083,"[None, 2048, 2048, 2048, 2048, 2048, 2048]","[2048, 2048, 2048, 2048, 2048, 2048]","[2048, 2048, 2048, 2048, 2048, 2048, 2048, 2048, 2048]",309.0
1233,9673,81,10,2024-04-21T07:19:00.796000+00:00,27.411,31.102,44.145,271.0,265.0,False,102.658,"[None, 2048, 2049, 2048, 2048, 2048, 2048]","[2048, 2048, 2048, 2048, 2048, 2048]","[2048, 2048, 2048, 2048, 2048, 2048, 2048, 2048, 2048]",312.0
1233,9673,16,10,2024-04-21T07:19:01.847000+00:00,27.238,31.145,43.941,274.0,266.0,False,102.324,"[None, 2048, 2048, 2048, 2048, 2048, 2048]","[2048, 2048, 2048, 2048, 2048, 2048]","[2048, 2048, 2048, 2048, 2048, 2049, 2048, 2048, 2048]",328.0
1233,9673,63,10,2024-04-21T07:19:03.362000+00:00,27.548,31.38,44.299,273.0,264.0,False,103.227,"[None, 2048, 2048, 2048, 2048, 2048, 2048]","[2048, 2048, 2048, 2048, 2048, 2048]","[2049, 2048, 2048, 2048, 2048, 2048, 2048, 2048, 2048]",312.0
1233,9673,55,10,2024-04-21T07:19:03.808000+00:00,27.371,31.806,44.061,278.0,264.0,False,103.238,"[None, 2048, 2048, 2048, 2048, 2048, 2048]","[2048, 2048, 2048, 2048, 2048, 2048]","[2048, 2048, 2048, 2049, 2048, 2048, 2048, 2048, 2048]",331.0
1233,9673,18,10,2024-04-21T07:19:12.460000+00:00,46.238,29.942,43.546,272.0,264.0,True,119.726,"[2064, 2064, 2048, 2049, 2049, 2049, 2048]","[2049, 2048, 2049, 2051, 2049, 2048]","[2049, 2049, 2049, 2048, 2048, 2049, 2048, 2048, 2048]",305.0
1233,9673,10,10,2024-04-21T07:19:14.184000+00:00,27.311,31.437,44.687,264.0,256.0,False,103.435,"[None, 2048, 2051, 2049, 2048, 2048, 2048]","[2049, 2048, 2048, 2049, 2048, 2048]","[2049, 2048, 2048, 2048, 2048, 2048, 2048, 2049, 2048]",300.0
1233,9673,77,10,2024-04-21T07:19:14.797000+00:00,46.422,30.772,43.822,270.0,264.0,True,121.016,"[2064, 2064, 2048, 2048, 2048, 2048, 2048]","[2049, 2048, 2048, 2049, 2049, 2048]","[2049, 2048, 2048, 2048, 2048, 2049, 2048, 2048, 2049]",308.0
1233,9673,3,10,2024-04-21T07:19:15.448000+00:00,27.532,31.168,44.609,270.0,263.0,False,103.309,"[None, 2048, 2049, 2048, 2048, 2048, 2048]","[2048, 2048, 2049, 2049, 2048, 2048]","[2049, 2048, 2048, 2048, 2048, 2048, 2049, 2048, 2048]",314.0
1233,9673,31,10,2024-04-21T07:19:17.170000+00:00,46.251,30.427,43.974,267.0,261.0,True,120.652,"[2064, 2064, 2048, 2049, 2049, 2048, 2048]","[2049, 2048, 2049, 2049, 2049, 2049]","[2049, 2049, 2048, 2048, 2048, 2048, 2048, 2048, 2049]",304.0
1233,9673,23,10,2024-04-21T07:19:18.196000+00:00,46.35,31.237,43.907,279.0,268.0,True,121.494,"[2064, 2064, 2048, 2049, 2049, 2048, 2049]","[2048, 2049, 2048, 2048, 2048, 2049]","[2049, 2049, 2049, 2049, 2048, 2048, 2051, 2048, 2048]",336.0
1233,9673,20,10,2024-04-21T07:19:18.866000+00:00,27.469,31.262,44.549,271.0,262.0,False,103.28,"[None, 2048, 2048, 2048, 2048, 2048, 2048]","[2048, 2048, 2049, 2048, 2048, 2048]","[2048, 2048, 2048, 2048, 2048, 2048, 2048, 2048]",309.0
1233,9673,2,10,2024-04-21T07:19:20.088000+00:00,27.691,31.54,44.453,264.0,264.0,False,103.684,"[None, 2048, 2048, 2048, 2048, 2048, 2048]","[2048, 2048, 2048, 2048, 2048, 2048]","[2049, 2048, 2048, 2048, 2048, 2049, 2048, 2048]",311.0
1233,9673,44,10,2024-04-21T07:19:21.525000+00:00,45.205,30.064,43.64,272.0,265.0,True,118.909,"[2064, 2064, 2048, 2049, 2049, 2049, 2048]","[2049, 2048, 2048, 2049, 2049, 2049]","[2049, 2049, 2048, 2048, 2048, 2049, 2048, 2048, 2049]",314.0
1233,9673,27,10,2024-04-21T07:19:32.918000+00:00,26.855,30.843,43.731,,263.0,False,101.429,"[2048, 2048, 2049, 2049, 2048, 2049, 2048]","[2048, 2048, 2049, 2048, 2048, 2048]","[2048, 2048, 2048, 2048, 2048, 2048, 2048, 2048, 2048]",311.0
1233,9673,22,10,2024-04-21T07:19:37.360000+00:00,27.086,30.779,44.306,,264.0,False,102.171,"[2048, 2048, 2049, 2049, 2048, 2048, 2048]","[2048, 2048, 2048, 2048, 2048, 2048]","[2048, 2048, 2048, 2048, 2048, 2048, 2049, 2048, 2048]",313.0
1233,9673,24,10,2024-04-21T07:19:42.765000+00:00,27.052,30.542,44.171,272.0,265.0,False,101.765,"[2048, 2048, 2049, 2049, 2048, 2048, 2048]","[2049, 2049, 2049, 2048, 2048, 2048]","[2048, 2048, 2049, 2048, 2048, 2048, 2048, 2048, 2048]",308.0
1233,9673,1,11,2024-04-21T07:20:26.821000+00:00,27.17,30.646,43.585,271.0,263.0,False,101.401,"[None, 2048, 2048, 2048, 2048, 2048, 2048]","[2048, 2048, 2048, 2048, 2048, 2048]","[2048, 2048, 2048, 2049, 2049, 2048, 2048, 2048, 2048]",308.0
1233,9673,11,11,2024-04-21T07:20:34.959000+00:00,27.22,30.826,43.721,269.0,261.0,False,101.767,"[None, 2048, 2048, 2048, 2048, 2048, 2048]","[2049, 2048, 2048, 2048, 2048, 2048]","[2048, 2048, 2048, 2048, 2048, 2048, 2048, 2048, 2048]",308.0
1233,9673,4,11,2024-04-21T07:20:37.818000+00:00,27.163,30.866,43.799,268.0,264.0,False,101.828,"[None, 2048, 2049, 2048, 2048, 2048, 2048]","[2048, 2048, 2048, 2048, 2048, 2048]","[2048, 2048, 2048, 2048, 2048, 2048, 2048, 2048, 2048]",307.0
1233,9673,14,11,2024-04-21T07:20:42.522000+00:00,27.51,31.228,49.31,268.0,265.0,False,108.048,"[None, 2048, 2048, 2048, 2048, 2048, 2048]","[2049, 2048, 2048, 2048, 2048, 2048]","[2048, 2048, 2048, 2048, 2048, 2048, 2049, 2049, 2064]",308.0
1233,9673,81,11,2024-04-21T07:20:43.556000+00:00,27.32,31.332,44.804,270.0,264.0,False,103.456,"[None, 2049, 2048, 2048, 2048, 2048, 2048]","[2048, 2048, 2048, 2048, 2048, 2048]","[2048, 2048, 2048, 2049, 2048, 2048, 2048, 2048]",314.0
1233,9673,16,11,2024-04-21T07:20:44.255000+00:00,27.066,31.372,43.69,272.0,265.0,False,102.128,"[None, 2048, 2048, 2049, 2048, 2048, 2048]","[2048, 2048, 2048, 2048, 2048, 2048]","[2048, 2048, 2048, 2049, 2049, 2048, 2049, 2048, 2049]",329.0
1233,9673,63,11,2024-04-21T07:20:46.581000+00:00,27.595,31.267,49.154,,265.0,False,108.016,"[None, 2048, 2049, 2049, 2048, 2048, 2048]","[2048, 2048, 2048, 2048, 2048, 2048]","[2048, 2048, 2048, 2048, 2048, 2048, 2049, 2049, 2064]",310.0
1233,9673,55,11,2024-04-21T07:20:47.065000+00:00,27.38,31.597,44.322,277.0,263.0,False,103.299,"[None, 2048, 2048, 2048, 2048, 2048, 2048]","[2048, 2048, 2048, 2048, 2048, 2048]","[2048, 2048, 2048, 2048, 2048, 2048, 2048, 2048]",329.0
1233,9673,10,11,2024-04-21T07:20:57.562000+00:00,27.727,31.204,49.791,,258.0,False,108.722,"[None, 2048, 2048, 2049, 2048, 2048, 2048]","[2048, 2048, 2048, 2049, 2048, 2048]","[2049, 2048, 2048, 2048, 2048, 2048, 2049, 2051, 2064]",300.0
1233,9673,3,11,2024-04-21T07:20:58.707000+00:00,27.366,31.505,44.616,271.0,264.0,False,103.487,"[None, 2048, 2048, 2048, 2048, 2048, 2048]","[2048, 2048, 2048, 2048, 2048, 2048]","[2048, 2048, 2048, 2048, 2048, 2048, 2048, 2048, 2049]",314.0
1233,9673,20,11,2024-04-21T07:21:02.056000+00:00,27.633,31.297,44.619,273.0,265.0,False,103.549,"[None, 2048, 2048, 2048, 2048, 2048, 2048]","[2048, 2048, 2048, 2049, 2048, 2048]","[2048, 2048, 2048, 2048, 2048, 2048, 2048, 2048, 2048]",311.0
1233,9673,2,11,2024-04-21T07:21:03.723000+00:00,27.649,31.394,44.532,266.0,265.0,False,103.575,"[None, 2048, 2049, 2048, 2048, 2048, 2048]","[2048, 2048, 2048, 2049, 2048, 2048]","[2049, 2048, 2048, 2048, 2048, 2048, 2048, 2048, 2048]",313.0
1233,9673,18,11,2024-04-21T07:21:12.208000+00:00,26.844,30.546,43.891,269.0,266.0,False,101.281,"[2048, 2048, 2049, 2048, 2048, 2048, 2048]","[2048, 2048, 2048, 2048, 2048, 2048]","[2048, 2048, 2048, 2048, 2048, 2048, 2048, 2048, 2048]",309.0
1233,9673,27,11,2024-04-21T07:21:14.292000+00:00,26.861,30.684,43.875,276.0,267.0,False,101.42,"[None, 2048, 2048, 2049, 2048, 2048, 2048]","[2049, 2048, 2049, 2048, 2048, 2048]","[2048, 2048, 2048, 2048, 2048, 2048, 2048, 2048, 2048]",315.0
1233,9673,77,11,2024-04-21T07:21:15.715000+00:00,27.03,30.426,43.82,269.0,263.0,False,101.276,"[2048, 2048, 2049, 2049, 2049, 2048, 2048]","[2049, 2048, 2048, 2048, 2048, 2048]","[2049, 2048, 2049, 2048, 2048, 2049, 2048, 2048, 2049]",308.0
1233,9673,31,11,2024-04-21T07:21:17.819000+00:00,26.867,30.508,44.097,,260.0,False,101.472,"[2048, 2048, 2048, 2048, 2048, 2049, 2048]","[2048, 2049, 2048, 2048, 2048, 2048]","[2049, 2048, 2048, 2048, 2048, 2049, 2048, 2048, 2049]",304.0
1233,9673,22,11,2024-04-21T07:21:19.452000+00:00,27.019,30.593,43.981,267.0,266.0,False,101.593,"[None, 2048, 2049, 2049, 2048, 2048, 2048]","[2048, 2048, 2048, 2048, 2048, 2048]","[2048, 2048, 2048, 2048, 2048, 2048, 2048, 2048, 2049]",313.0
1233,9673,23,11,2024-04-21T07:21:19.774000+00:00,27.044,31.735,44.158,267.0,259.0,False,102.937,"[2048, 2048, 2048, 2049, 2048, 2048, 2048]","[2048, 2048, 2048, 2048, 2048, 2048]","[2048, 2048, 2048, 2048, 2048, 2048, 2048, 2048, 2048]",332.0
1233,9673,44,11,2024-04-21T07:21:20.546000+00:00,26.848,30.842,43.719,269.0,265.0,False,101.409,"[2048, 2048, 2048, 2048, 2048, 2049, 2048]","[2048, 2049, 2048, 2051, 2048, 2048]","[2048, 2049, 2049, 2048, 2048, 2048, 2048, 2048]",313.0
1233,9673,24,11,2024-04-21T07:21:24.610000+00:00,27.344,30.56,43.929,271.0,265.0,False,101.833,"[None, 2048, 2048, 2048, 2048, 2048, 2048]","[2049, 2048, 2048, 2048, 2048, 2048]","[2048, 2048, 2049, 2048, 2048, 2049, 2048, 2048, 2048]",309.0
1233,9673,1,12,2024-04-21T07:22:08.344000+00:00,27.121,30.558,43.639,272.0,262.0,False,101.318,"[None, 2048, 2049, 2048, 2048, 2048, 2048]","[2048, 2048, 2048, 2048, 2048, 2048]","[2048, 2048, 2048, 2048, 2049, 2048, 2048, 2049, 2048]",308.0
1233,9673,11,12,2024-04-21T07:22:16.700000+00:00,27.442,30.963,43.861,273.0,263.0,False,102.266,"[None, 2048, 2048, 2048, 2048, 2048, 2048]","[2048, 2048, 2048, 2048, 2048, 2048]","[2048, 2048, 2048, 2048, 2048, 2049, 2048, 2048, 2048]",309.0
1233,9673,4,12,2024-04-21T07:22:19.589000+00:00,27.266,30.857,43.884,269.0,265.0,False,102.007,"[None, 2048, 2049, 2048, 2048, 2048, 2048]","[2048, 2048, 2049, 2048, 2048, 2048]","[2048, 2048, 2048, 2048, 2048, 2048, 2048, 2048, 2048]",310.0
1233,9673,16,12,2024-04-21T07:22:26.342000+00:00,27.165,30.859,43.915,269.0,261.0,False,101.939,"[None, 2048, 2048, 2048, 2048, 2048, 2048]","[2048, 2048, 2049, 2048, 2048, 2048]","[2049, 2048, 2048, 2048, 2048, 2048, 2048, 2049, 2049]",305.0
1233,9673,81,12,2024-04-21T07:22:26.795000+00:00,27.564,31.194,44.217,268.0,262.0,False,102.975,"[None, 2049, 2048, 2048, 2048, 2048, 2048]","[2048, 2048, 2048, 2048, 2048, 2048]","[2048, 2048, 2048, 2048, 2048, 2048, 2048, 2048, 2048]",307.0
1233,9673,55,12,2024-04-21T07:22:30.237000+00:00,27.289,31.14,44.174,271.0,262.0,False,102.603,"[None, 2048, 2049, 2048, 2048, 2048, 2048]","[2048, 2048, 2049, 2049, 2048, 2048]","[2048, 2048, 2048, 2048, 2048, 2048, 2048, 2049, 2049]",311.0
1233,9673,14,12,2024-04-21T07:22:30.560000+00:00,45.68,30.787,43.583,267.0,267.0,True,120.05,"[2064, 2064, 2048, 2051, 2048, 2048, 2048]","[2048, 2048, 2049, 2048, 2048, 2048]","[2048, 2048, 2049, 2049, 2049, 2049, 2048, 2048, 2048]",329.0
1233,9673,63,12,2024-04-21T07:22:34.637000+00:00,44.862,29.863,43.278,275.0,263.0,True,118.003,"[2064, 2064, 2048, 2049, 2049, 2048, 2048]","[2049, 2049, 2049, 2049, 2051, 2051]","[2049, 2048, 2048, 2048, 2048, 2049, 2048, 2048, 2049]",312.0
1233,9673,3,12,2024-04-21T07:22:42.138000+00:00,27.577,31.201,44.337,272.0,262.0,False,103.115,"[None, 2048, 2049, 2049, 2048, 2048, 2048]","[2048, 2048, 2049, 2049, 2048, 2048]","[2049, 2048, 2048, 2048, 2048, 2048, 2049, 2049, 2049]",311.0
1233,9673,20,12,2024-04-21T07:22:45.728000+00:00,27.69,31.478,44.497,,263.0,False,103.665,"[None, 2048, 2048, 2048, 2048, 2048, 2048]","[2048, 2048, 2048, 2048, 2048, 2048]","[2048, 2048, 2048, 2048, 2048, 2048, 2048, 2048, 2049]",311.0
1233,9673,10,12,2024-04-21T07:22:46.367000+00:00,63.258,30.614,43.783,265.0,258.0,True,137.655,"[2064, 2064, 2048, 2048, 2049, 2048, 2048]","[2049, 2048, 2048, 2049, 2049, 2048]","[2049, 2049, 2049, 2048, 2048, 2048, 2048, 2048, 2049]",300.0
1233,9673,2,12,2024-04-21T07:22:47.332000+00:00,27.64,31.416,50.013,267.0,264.0,False,109.069,"[None, 2048, 2048, 2049, 2048, 2048, 2048]","[2048, 2048, 2048, 2048, 2048, 2048]","[2048, 2048, 2048, 2048, 2048, 2048, 2049, 2049, 2064]",312.0
1233,9673,18,12,2024-04-21T07:22:53.591000+00:00,27.174,30.902,43.933,270.0,265.0,False,102.009,"[None, 2048, 2048, 2048, 2048, 2048, 2048]","[2048, 2048, 2048, 2048, 2048, 2048]","[2048, 2048, 2048, 2048, 2048, 2048, 2048, 2048, 2049]",312.0
1233,9673,27,12,2024-04-21T07:22:55.870000+00:00,26.987,31.092,43.742,277.0,266.0,False,101.821,"[None, 2048, 2048, 2048, 2048, 2048, 2048]","[2048, 2048, 2048, 2048, 2048, 2048]","[2048, 2048, 2048, 2048, 2048, 2048, 2048, 2048, 2049]",316.0
1233,9673,77,12,2024-04-21T07:22:57.148000+00:00,27.306,30.865,43.823,268.0,261.0,False,101.994,"[None, 2048, 2048, 2048, 2048, 2048, 2048]","[2048, 2048, 2048, 2048, 2048, 2048]","[2048, 2048, 2049, 2048, 2048, 2048, 2048, 2048, 2048]",309.0
1233,9673,31,12,2024-04-21T07:22:59.395000+00:00,27.224,30.561,44.008,270.0,261.0,False,101.793,"[None, 2048, 2048, 2048, 2048, 2048, 2048]","[2049, 2048, 2048, 2048, 2048, 2048]","[2048, 2048, 2049, 2048, 2048, 2048, 2048, 2048, 2049]",307.0
1233,9673,22,12,2024-04-21T07:23:01.164000+00:00,27.316,30.82,44.168,264.0,263.0,False,102.304,"[None, 2048, 2048, 2048, 2048, 2048, 2048]","[2049, 2048, 2048, 2048, 2048, 2048]","[2048, 2048, 2048, 2048, 2048, 2048, 2048, 2048]",313.0
1233,9673,44,12,2024-04-21T07:23:01.741000+00:00,26.938,30.884,44.082,268.0,264.0,False,101.904,"[None, 2048, 2049, 2048, 2048, 2048, 2048]","[2048, 2048, 2048, 2048, 2048, 2048]","[2048, 2049, 2049, 2048, 2048, 2048, 2048, 2048, 2048]",334.0
1233,9673,23,12,2024-04-21T07:23:02.709000+00:00,27.062,31.044,44.045,270.0,266.0,False,102.151,"[None, 2048, 2048, 2048, 2048, 2048, 2048]","[2049, 2048, 2048, 2049, 2048, 2048]","[2048, 2048, 2048, 2048, 2048, 2048, 2048, 2048]",331.0
1233,9673,24,12,2024-04-21T07:23:06.442000+00:00,27.403,30.574,43.951,269.0,260.0,False,101.928,"[None, 2048, 2048, 2048, 2048, 2048, 2048]","[2049, 2048, 2048, 2048, 2048, 2048]","[2048, 2048, 2049, 2048, 2048, 2049, 2048, 2048, 2048]",307.0
1233,9673,1,13,2024-04-21T07:23:49.604000+00:00,27.05,30.576,48.9,273.0,264.0,False,106.526,"[None, 2048, 2049, 2048, 2048, 2048, 2048]","[2048, 2048, 2048, 2048, 2048, 2048]","[2048, 2048, 2049, 2049, 2049, 2048, 2049, 2049, 2064]",310.0
1233,9673,11,13,2024-04-21T07:23:58.876000+00:00,27.325,30.895,48.646,274.0,264.0,False,106.866,"[None, 2048, 2049, 2048, 2048, 2048, 2048]","[2048, 2048, 2048, 2048, 2048, 2048]","[2048, 2048, 2048, 2048, 2048, 2051, 2049, 2051, 2064]",310.0
1233,9673,4,13,2024-04-21T07:24:01.688000+00:00,27.251,30.822,43.732,,265.0,False,101.805,"[None, 2048, 2048, 2048, 2048, 2048, 2048]","[2048, 2048, 2049, 2049, 2048, 2048]","[2048, 2048, 2048, 2048, 2048, 2048, 2048, 2048, 2051]",310.0
1233,9673,16,13,2024-04-21T07:24:08.290000+00:00,27.348,30.754,43.977,271.0,263.0,False,102.079,"[None, 2048, 2049, 2048, 2048, 2048, 2048]","[2049, 2048, 2048, 2049, 2048, 2048]","[2048, 2048, 2048, 2048, 2048, 2048, 2048, 2048, 2049]",308.0
1233,9673,81,13,2024-04-21T07:24:09.935000+00:00,27.614,31.126,44.131,270.0,264.0,False,102.871,"[None, 2048, 2048, 2048, 2048, 2048, 2048]","[2049, 2048, 2048, 2048, 2048, 2048]","[2048, 2048, 2048, 2048, 2048, 2048, 2048, 2048, 2048]",310.0
1233,9673,55,13,2024-04-21T07:24:13.025000+00:00,27.455,31.031,43.914,272.0,265.0,False,102.4,"[None, 2048, 2048, 2048, 2048, 2048, 2048]","[2049, 2048, 2049, 2048, 2048, 2048]","[2048, 2048, 2048, 2048, 2048, 2048, 2049, 2048, 2049]",311.0
1233,9673,3,13,2024-04-21T07:24:25.237000+00:00,27.628,31.199,44.189,271.0,264.0,False,103.016,"[None, 2048, 2048, 2048, 2048, 2048, 2048]","[2048, 2048, 2049, 2049, 2048, 2048]","[2048, 2048, 2048, 2048, 2048, 2048, 2049, 2049, 2049]",311.0
1233,9673,20,13,2024-04-21T07:24:29.322000+00:00,27.71,31.398,45.482,274.0,265.0,False,104.59,"[None, 2048, 2049, 2048, 2048, 2048, 2048]","[2048, 2048, 2048, 2048, 2048, 2048]","[2048, 2048, 2048, 2048, 2048, 2048, 2048, 2048, 2048]",313.0
1233,9673,14,13,2024-04-21T07:24:30.602000+00:00,26.72,31.577,43.959,278.0,255.0,False,102.256,"[2048, 2048, 2048, 2048, 2048, 2048, 2049]","[2048, 2049, 2048, 2048, 2048, 2048]","[2048, 2048, 2048, 2049, 2049, 2048, 2048, 2048, 2048]",335.0
1233,9673,63,13,2024-04-21T07:24:32.617000+00:00,26.911,30.22,43.654,269.0,270.0,False,100.785,"[2048, 2048, 2048, 2048, 2048, 2048, 2048]","[2048, 2048, 2048, 2048, 2048, 2048]","[2048, 2048, 2048, 2049, 2049, 2048, 2048, 2048]",336.0
1233,9673,18,13,2024-04-21T07:24:35.483000+00:00,27.017,30.645,43.81,271.0,267.0,False,101.472,"[None, 2048, 2048, 2048, 2048, 2048, 2048]","[2048, 2048, 2048, 2048, 2048, 2048]","[2048, 2048, 2048, 2049, 2048, 2048, 2048, 2048, 2049]",312.0
1233,9673,2,13,2024-04-21T07:24:36.365000+00:00,46.327,30.261,43.64,273.0,265.0,True,120.228,"[2064, 2064, 2048, 2049, 2048, 2049, 2048]","[2048, 2051, 2049, 2049, 2049, 2049]","[2049, 2049, 2048, 2048, 2048, 2049, 2048, 2048, 2049]",310.0
1233,9673,27,13,2024-04-21T07:24:37.640000+00:00,27.103,31.037,43.921,,268.0,False,102.061,"[None, 2048, 2048, 2048, 2048, 2048, 2048]","[2048, 2048, 2048, 2048, 2048, 2048]","[2048, 2048, 2048, 2048, 2048, 2048, 2048, 2048]",316.0
1233,9673,77,13,2024-04-21T07:24:38.950000+00:00,27.393,30.725,44.026,266.0,262.0,False,102.144,"[None, 2048, 2048, 2048, 2048, 2048, 2048]","[2048, 2048, 2048, 2048, 2048, 2048]","[2048, 2048, 2048, 2048, 2048, 2048, 2048, 2048, 2048]",306.0
1233,9673,31,13,2024-04-21T07:24:41.101000+00:00,27.207,30.859,44.127,268.0,261.0,False,102.193,"[None, 2048, 2048, 2048, 2048, 2048, 2048]","[2048, 2048, 2048, 2048, 2048, 2048]","[2048, 2048, 2048, 2048, 2048, 2048, 2048, 2048, 2048]",306.0
1233,9673,22,13,2024-04-21T07:24:43.320000+00:00,27.814,31.534,44.183,275.0,262.0,False,103.531,"[None, 2048, 2048, 2048, 2048, 2048, 2048]","[2048, 2048, 2048, 2048, 2048, 2048]","[2048, 2048, 2048, 2048, 2048, 2048, 2048, 2048, 2048]",330.0
1233,9673,44,13,2024-04-21T07:24:43.764000+00:00,27.321,30.655,43.951,270.0,262.0,False,101.927,"[None, 2048, 2048, 2048, 2048, 2048, 2048]","[2048, 2048, 2051, 2048, 2048, 2048]","[2048, 2048, 2048, 2048, 2048, 2048, 2048, 2048]",309.0
1233,9673,23,13,2024-04-21T07:24:44.690000+00:00,27.474,31.239,43.895,267.0,267.0,False,102.608,"[None, 2048, 2048, 2048, 2048, 2048, 2048]","[2048, 2048, 2048, 2048, 2048, 2048]","[2048, 2048, 2048, 2048, 2049, 2048, 2048, 2048]",333.0
1233,9673,24,13,2024-04-21T07:24:48.252000+00:00,27.372,30.808,44.032,268.0,260.0,False,102.212,"[None, 2048, 2049, 2048, 2048, 2048, 2048]","[2048, 2048, 2048, 2048, 2048, 2048]","[2048, 2048, 2049, 2048, 2048, 2048, 2048, 2048, 2048]",309.0
1233,9673,10,13,2024-04-21T07:25:03.985000+00:00,27.043,30.265,43.763,264.0,259.0,False,101.071,"[2048, 2048, 2048, 2049, 2049, 2048, 2048]","[2049, 2048, 2048, 2049, 2048, 2049]","[2048, 2049, 2048, 2048, 2048, 2048, 2048, 2048, 2049]",302.0
1233,9673,1,14,2024-04-21T07:25:36.006000+00:00,45.631,30.099,43.344,268.0,266.0,True,119.074,"[2064, 2064, 2048, 2048, 2048, 2048, 2048]","[2051, 2048, 2048, 2048, 2048, 2048]","[2048, 2048, 2049, 2049, 2049, 2049, 2048, 2048, 2048]",332.0
1233,9673,4,14,2024-04-21T07:25:43.336000+00:00,27.225,30.698,43.733,268.0,264.0,False,101.656,"[None, 2048, 2048, 2048, 2048, 2048, 2048]","[2048, 2048, 2049, 2049, 2048, 2048]","[2048, 2048, 2048, 2048, 2048, 2049, 2048, 2048, 2051]",307.0
1233,9673,11,14,2024-04-21T07:25:45.718000+00:00,45.143,29.986,43.126,269.0,261.0,True,118.255,"[2064, 2064, 2048, 2048, 2048, 2048, 2048]","[2048, 2048, 2049, 2049, 2049, 2048]","[2051, 2048, 2048, 2048, 2048, 2048, 2048, 2048, 2048]",310.0
1233,9673,16,14,2024-04-21T07:25:50.306000+00:00,27.246,30.685,43.881,,263.0,False,101.812,"[None, 2048, 2048, 2048, 2048, 2048, 2048]","[2048, 2048, 2049, 2049, 2048, 2048]","[2049, 2048, 2048, 2048, 2048, 2048, 2048, 2048, 2048]",309.0
1233,9673,81,14,2024-04-21T07:25:52.730000+00:00,27.647,31.03,44.462,269.0,263.0,False,103.139,"[None, 2048, 2048, 2048, 2048, 2048, 2048]","[2049, 2048, 2048, 2049, 2048, 2048]","[2048, 2048, 2048, 2048, 2048, 2048, 2048, 2048, 2048]",309.0
1233,9673,55,14,2024-04-21T07:25:55.414000+00:00,27.657,31.162,44.268,271.0,263.0,False,103.087,"[None, 2048, 2048, 2048, 2048, 2048, 2048]","[2048, 2048, 2049, 2048, 2048, 2048]","[2048, 2048, 2048, 2048, 2048, 2048, 2048, 2048, 2048]",313.0
1233,9673,3,14,2024-04-21T07:26:08.324000+00:00,27.652,31.137,49.013,272.0,263.0,False,107.802,"[None, 2048, 2049, 2048, 2048, 2048, 2048]","[2048, 2048, 2049, 2049, 2048, 2048]","[2048, 2048, 2048, 2048, 2048, 2048, 2049, 2049, 2064]",312.0
1233,9673,14,14,2024-04-21T07:26:12.900000+00:00,26.921,30.309,43.714,270.0,267.0,False,100.944,"[None, 2048, 2048, 2048, 2049, 2048, 2048]","[2049, 2048, 2049, 2049, 2048, 2048]","[2048, 2048, 2048, 2048, 2048, 2048, 2048, 2048, 2048]",311.0
1233,9673,63,14,2024-04-21T07:26:13.265000+00:00,27.036,30.895,43.823,268.0,269.0,False,101.754,"[None, 2048, 2048, 2048, 2048, 2048, 2048]","[2048, 2048, 2048, 2048, 2048, 2048]","[2048, 2048, 2048, 2048, 2048, 2048, 2048, 2048, 2048]",314.0
1233,9673,20,14,2024-04-21T07:26:13.915000+00:00,27.722,31.549,44.688,273.0,264.0,False,103.959,"[None, 2048, 2048, 2048, 2048, 2048, 2048]","[2048, 2048, 2048, 2048, 2048, 2048]","[2048, 2048, 2048, 2048, 2048, 2048, 2048, 2048, 2049]",313.0
1233,9673,18,14,2024-04-21T07:26:17.068000+00:00,27.231,30.723,43.871,,267.0,False,101.825,"[None, 2048, 2048, 2048, 2048, 2048, 2048]","[2048, 2048, 2048, 2048, 2048, 2048]","[2048, 2048, 2048, 2049, 2048, 2048, 2048, 2048, 2049]",314.0
1233,9673,27,14,2024-04-21T07:26:19.590000+00:00,27.017,31.096,44.01,275.0,266.0,False,102.123,"[None, 2048, 2048, 2049, 2048, 2048, 2048]","[2048, 2048, 2048, 2048, 2048, 2048]","[2048, 2048, 2048, 2048, 2048, 2048, 2048, 2048, 2048]",315.0
1233,9673,77,14,2024-04-21T07:26:21.141000+00:00,27.546,30.783,44.03,263.0,259.0,False,102.359,"[None, 2048, 2048, 2048, 2048, 2048, 2048]","[2048, 2048, 2048, 2049, 2048, 2048]","[2048, 2048, 2048, 2048, 2048, 2048, 2048, 2048, 2048]",304.0
1233,9673,31,14,2024-04-21T07:26:23.283000+00:00,27.255,30.815,44.042,266.0,259.0,False,102.112,"[None, 2048, 2048, 2048, 2048, 2048, 2048]","[2048, 2048, 2048, 2048, 2048, 2048]","[2048, 2048, 2048, 2048, 2048, 2048, 2048, 2048, 2049]",306.0
1233,9673,44,14,2024-04-21T07:26:25.605000+00:00,27.232,30.537,43.951,266.0,265.0,False,101.72,"[None, 2048, 2048, 2048, 2048, 2048, 2048]","[2048, 2048, 2048, 2048, 2048, 2048]","[2048, 2048, 2048, 2048, 2048, 2048, 2048, 2048, 2049]",312.0
1233,9673,22,14,2024-04-21T07:26:26.987000+00:00,27.415,30.854,44.241,274.0,265.0,False,102.51,"[None, 2048, 2048, 2048, 2048, 2048, 2048]","[2049, 2048, 2048, 2048, 2048, 2048]","[2048, 2048, 2048, 2048, 2048, 2048, 2048, 2048, 2048]",314.0
1233,9673,23,14,2024-04-21T07:26:27.340000+00:00,27.494,31.455,44.325,265.0,265.0,False,103.274,"[None, 2048, 2048, 2048, 2048, 2048, 2048]","[2048, 2048, 2048, 2049, 2048, 2048]","[2048, 2048, 2048, 2048, 2048, 2049, 2048, 2048, 2048]",315.0
1233,9673,24,14,2024-04-21T07:26:30.459000+00:00,27.602,30.848,44.176,,262.0,False,102.626,"[None, 2048, 2048, 2048, 2048, 2048, 2048]","[2048, 2048, 2048, 2048, 2048, 2048]","[2048, 2048, 2048, 2048, 2048, 2048, 2048, 2048, 2048]",312.0
1233,9673,2,14,2024-04-21T07:26:36.693000+00:00,26.901,30.37,43.729,268.0,266.0,False,101.0,"[2048, 2048, 2048, 2049, 2048, 2048, 2048]","[2049, 2048, 2048, 2048, 2048, 2049]","[2049, 2048, 2048, 2048, 2048, 2048, 2048, 2048, 2048]",312.0
1233,9673,10,14,2024-04-21T07:26:45.131000+00:00,27.333,30.439,44.121,,258.0,False,101.893,"[None, 2048, 2048, 2049, 2048, 2048, 2048]","[2048, 2048, 2049, 2049, 2048, 2048]","[2048, 2048, 2048, 2048, 2048, 2048, 2048, 2048, 2048]",302.0
1233,9673,4,15,2024-04-21T07:27:25.037000+00:00,27.341,30.778,43.921,267.0,264.0,False,102.04,"[None, 2048, 2048, 2048, 2048, 2048, 2048]","[2048, 2048, 2048, 2049, 2048, 2048]","[2048, 2048, 2048, 2048, 2048, 2048, 2048, 2048, 2048]",307.0
1233,9673,16,15,2024-04-21T07:27:32.093000+00:00,27.212,30.784,43.868,,265.0,False,101.864,"[None, 2048, 2049, 2049, 2048, 2048, 2048]","[2048, 2048, 2048, 2048, 2048, 2048]","[2048, 2048, 2048, 2048, 2048, 2048, 2049, 2048, 2049]",310.0
1233,9673,1,15,2024-04-21T07:27:35.186000+00:00,26.64,29.773,43.178,269.0,265.0,False,99.591,"[2048, 2048, 2048, 2049, 2048, 2048, 2048]","[2051, 2048, 2048, 2049, 2048, 2048]","[2048, 2048, 2049, 2048, 2048, 2048, 2048, 2048, 2048]",316.0
1233,9673,81,15,2024-04-21T07:27:35.847000+00:00,27.433,30.992,44.22,,267.0,False,102.645,"[None, 2048, 2048, 2048, 2048, 2048, 2048]","[2048, 2048, 2049, 2049, 2048, 2048]","[2048, 2048, 2048, 2048, 2048, 2048, 2048, 2048, 2049]",310.0
1233,9673,55,15,2024-04-21T07:27:38.344000+00:00,27.496,31.088,44.208,274.0,266.0,False,102.792,"[None, 2048, 2049, 2048, 2048, 2048, 2048]","[2048, 2048, 2049, 2049, 2048, 2048]","[2048, 2048, 2048, 2048, 2048, 2048, 2048, 2048, 2049]",314.0
1233,9673,11,15,2024-04-21T07:27:44.165000+00:00,26.702,30.175,43.161,271.0,264.0,False,100.038,"[2048, 2048, 2048, 2049, 2048, 2048, 2048]","[2049, 2048, 2048, 2048, 2048, 2048]","[2048, 2048, 2048, 2048, 2048, 2048, 2048, 2048, 2051]",314.0
1233,9673,14,15,2024-04-21T07:27:53.828000+00:00,26.81,30.316,43.857,272.0,268.0,False,100.983,"[None, 2048, 2048, 2048, 2048, 2048, 2048]","[2048, 2048, 2049, 2048, 2048, 2048]","[2048, 2048, 2048, 2048, 2048, 2048, 2048, 2048, 2048]",311.0
1233,9673,63,15,2024-04-21T07:27:55.059000+00:00,27.202,30.459,43.647,270.0,269.0,False,101.308,"[None, 2048, 2048, 2048, 2048, 2048, 2048]","[2048, 2048, 2048, 2048, 2048, 2048]","[2048, 2048, 2048, 2048, 2048, 2048, 2048, 2048, 2049]",314.0
1233,9673,3,15,2024-04-21T07:27:55.998000+00:00,45.802,30.413,44.042,272.0,268.0,True,120.257,"[2064, 2064, 2048, 2048, 2049, 2048, 2048]","[2049, 2049, 2049, 2049, 2049, 2049]","[2049, 2049, 2049, 2049, 2048, 2048, 2048, 2048, 2048]",336.0
1233,9673,20,15,2024-04-21T07:27:57.982000+00:00,27.668,32.043,44.755,274.0,267.0,False,104.466,"[None, 2048, 2049, 2048, 2048, 2048, 2048]","[2048, 2049, 2048, 2048, 2048, 2048]","[2048, 2048, 2048, 2048, 2048, 2048, 2048, 2048]",317.0
1233,9673,18,15,2024-04-21T07:27:58.876000+00:00,26.966,30.661,43.843,282.0,269.0,False,101.47,"[None, 2048, 2048, 2048, 2048, 2048, 2048]","[2048, 2048, 2048, 2048, 2048, 2048]","[2048, 2048, 2048, 2048, 2048, 2048, 2048, 2048]",312.0
1233,9673,27,15,2024-04-21T07:28:01.935000+00:00,27.139,31.177,44.092,,267.0,False,102.408,"[None, 2048, 2048, 2048, 2048, 2048, 2048]","[2048, 2048, 2048, 2048, 2048, 2048]","[2048, 2048, 2048, 2048, 2048, 2048, 2048, 2048, 2048]",316.0
1233,9673,77,15,2024-04-21T07:28:03.570000+00:00,27.389,30.819,44.183,267.0,262.0,False,102.391,"[None, 2048, 2048, 2048, 2048, 2048, 2048]","[2048, 2048, 2048, 2048, 2048, 2048]","[2048, 2048, 2048, 2048, 2048, 2048, 2048, 2048, 2048]",308.0
1233,9673,31,15,2024-04-21T07:28:05.496000+00:00,27.368,30.759,44.23,267.0,260.0,False,102.357,"[None, 2048, 2048, 2048, 2048, 2048, 2048]","[2048, 2048, 2048, 2048, 2048, 2048]","[2048, 2048, 2048, 2048, 2048, 2048, 2048, 2048, 2049]",306.0
1233,9673,44,15,2024-04-21T07:28:07.393000+00:00,27.361,30.746,44.207,270.0,266.0,False,102.314,"[None, 2048, 2049, 2048, 2048, 2048, 2048]","[2048, 2048, 2048, 2048, 2048, 2048]","[2048, 2048, 2048, 2048, 2048, 2048, 2048, 2048, 2048]",313.0
1233,9673,22,15,2024-04-21T07:28:09.448000+00:00,27.269,30.764,44.261,,265.0,False,102.294,"[None, 2048, 2048, 2048, 2048, 2048, 2048]","[2048, 2048, 2048, 2048, 2048, 2048]","[2048, 2048, 2048, 2048, 2048, 2048, 2048, 2048, 2048]",315.0
1233,9673,23,15,2024-04-21T07:28:10.794000+00:00,27.388,31.102,44.272,268.0,268.0,False,102.762,"[None, 2048, 2048, 2048, 2048, 2048, 2048]","[2048, 2048, 2048, 2048, 2048, 2048]","[2048, 2048, 2048, 2048, 2048, 2048, 2048, 2048, 2049]",313.0
1233,9673,24,15,2024-04-21T07:28:13.199000+00:00,27.53,30.741,44.723,273.0,266.0,False,102.994,"[None, 2048, 2048, 2048, 2048, 2048, 2048]","[2048, 2048, 2049, 2048, 2048, 2049]","[2048, 2048, 2048, 2048, 2048, 2048, 2048, 2048]",313.0
1233,9673,2,15,2024-04-21T07:28:17.760000+00:00,27.173,30.505,44.063,266.0,267.0,False,101.741,"[None, 2048, 2049, 2048, 2048, 2048, 2048]","[2048, 2048, 2048, 2048, 2048, 2048]","[2048, 2048, 2048, 2048, 2048, 2048, 2048, 2048, 2048]",313.0
1233,9673,10,15,2024-04-21T07:28:26.919000+00:00,27.204,30.382,44.093,,258.0,False,101.679,"[None, 2048, 2048, 2048, 2048, 2048, 2048]","[2048, 2048, 2049, 2048, 2048, 2048]","[2048, 2048, 2048, 2048, 2048, 2048, 2048, 2048, 2048]",301.0
1233,9673,4,16,2024-04-21T07:29:07.084000+00:00,27.205,30.78,43.81,269.0,264.0,False,101.795,"[None, 2048, 2048, 2048, 2048, 2048, 2048]","[2048, 2048, 2049, 2048, 2048, 2048]","[2048, 2048, 2048, 2048, 2048, 2048, 2048, 2048, 2049]",306.0
1233,9673,16,16,2024-04-21T07:29:14.095000+00:00,27.237,31.529,43.963,273.0,266.0,False,102.729,"[None, 2048, 2048, 2048, 2048, 2048, 2048]","[2048, 2048, 2048, 2048, 2048, 2048]","[2048, 2048, 2048, 2048, 2048, 2048, 2048, 2049, 2048]",310.0
1233,9673,1,16,2024-04-21T07:29:14.755000+00:00,26.616,30.137,43.232,277.0,262.0,False,99.985,"[2049, 2049, 2048, 2048, 2048, 2048, 2049]","[2048, 2048, 2048, 2048, 2048, 2048]","[2048, 2048, 2048, 2048, 2048, 2048, 2048, 2048, 2048]",310.0
1233,9673,81,16,2024-04-21T07:29:18.614000+00:00,27.548,30.966,49.129,271.0,264.0,False,107.643,"[None, 2048, 2048, 2048, 2048, 2048, 2048]","[2048, 2048, 2049, 2048, 2048, 2048]","[2048, 2048, 2048, 2048, 2048, 2048, 2049, 2049, 2064]",307.0
1233,9673,55,16,2024-04-21T07:29:21.293000+00:00,27.384,31.091,44.218,273.0,264.0,False,102.693,"[None, 2048, 2048, 2048, 2048, 2048, 2048]","[2048, 2048, 2049, 2049, 2048, 2048]","[2048, 2048, 2048, 2048, 2048, 2048, 2048, 2048]",310.0
1233,9673,11,16,2024-04-21T07:29:24.131000+00:00,26.763,30.254,43.539,275.0,267.0,False,100.556,"[None, 2048, 2049, 2048, 2048, 2048, 2048]","[2048, 2048, 2048, 2048, 2048, 2048]","[2048, 2048, 2048, 2048, 2048, 2048, 2048, 2048, 2048]",312.0
1233,9673,14,16,2024-04-21T07:29:34.810000+00:00,26.819,30.502,43.953,270.0,267.0,False,101.274,"[None, 2048, 2048, 2048, 2049, 2048, 2048]","[2048, 2048, 2048, 2048, 2048, 2048]","[2048, 2048, 2048, 2048, 2048, 2048, 2049, 2048, 2048]",307.0
1233,9673,63,16,2024-04-21T07:29:36.478000+00:00,27.034,30.479,43.887,272.0,268.0,False,101.4,"[None, 2048, 2048, 2048, 2048, 2048, 2048]","[2048, 2048, 2048, 2048, 2048, 2048]","[2048, 2048, 2048, 2048, 2048, 2048, 2048, 2048, 2048]",312.0
1233,9673,18,16,2024-04-21T07:29:40.223000+00:00,27.068,30.698,44.05,273.0,267.0,False,101.816,"[None, 2048, 2048, 2048, 2048, 2048, 2048]","[2048, 2048, 2048, 2048, 2048, 2048]","[2048, 2048, 2048, 2048, 2048, 2048, 2049, 2048, 2048]",309.0
1233,9673,20,16,2024-04-21T07:29:42.281000+00:00,27.578,31.324,44.746,276.0,265.0,False,103.648,"[None, 2048, 2048, 2048, 2048, 2048, 2048]","[2048, 2048, 2048, 2049, 2048, 2048]","[2048, 2048, 2048, 2048, 2048, 2048, 2048, 2049, 2048]",312.0
1233,9673,27,16,2024-04-21T07:29:44.085000+00:00,27.221,31.06,44.219,277.0,267.0,False,102.5,"[None, 2048, 2048, 2048, 2048, 2048, 2048]","[2048, 2048, 2048, 2048, 2048, 2048]","[2048, 2048, 2048, 2048, 2048, 2048, 2048, 2048, 2048]",316.0
1233,9673,77,16,2024-04-21T07:29:45.889000+00:00,27.116,30.773,44.326,273.0,265.0,False,102.215,"[None, 2048, 2048, 2048, 2048, 2048, 2048]","[2048, 2048, 2048, 2048, 2048, 2048]","[2048, 2048, 2048, 2048, 2048, 2048, 2048, 2048, 2048]",310.0
1233,9673,31,16,2024-04-21T07:29:47.751000+00:00,27.243,30.738,44.462,266.0,259.0,False,102.443,"[None, 2048, 2048, 2048, 2048, 2048, 2048]","[2048, 2048, 2048, 2048, 2048, 2048]","[2048, 2048, 2048, 2048, 2048, 2048, 2048, 2048, 2048]",303.0
1233,9673,44,16,2024-04-21T07:29:49.682000+00:00,27.293,30.77,44.468,269.0,266.0,False,102.531,"[None, 2048, 2048, 2048, 2048, 2048, 2048]","[2048, 2048, 2048, 2048, 2048, 2048]","[2048, 2048, 2048, 2048, 2048, 2048, 2048, 2048, 2048]",311.0
1233,9673,22,16,2024-04-21T07:29:51.783000+00:00,27.228,30.803,44.497,,265.0,False,102.528,"[None, 2048, 2048, 2048, 2048, 2048, 2048]","[2048, 2048, 2048, 2048, 2048, 2048]","[2048, 2048, 2048, 2048, 2048, 2048, 2048, 2048, 2048]",313.0
1233,9673,23,16,2024-04-21T07:29:53.491000+00:00,27.301,31.112,44.198,267.0,267.0,False,102.611,"[None, 2048, 2048, 2048, 2048, 2048, 2048]","[2049, 2048, 2048, 2048, 2048, 2048]","[2048, 2048, 2048, 2048, 2048, 2048, 2048, 2048, 2048]",311.0
1233,9673,24,16,2024-04-21T07:29:56.092000+00:00,27.931,30.956,44.353,272.0,264.0,False,103.24,"[None, 2048, 2048, 2048, 2048, 2048, 2048]","[2048, 2048, 2048, 2048, 2048, 2048]","[2048, 2048, 2048, 2048, 2048, 2048, 2048, 2048, 2048]",310.0
1233,9673,3,16,2024-04-21T07:29:56.320000+00:00,26.682,30.497,43.815,,267.0,False,100.994,"[2049, 2048, 2049, 2048, 2048, 2048, 2049]","[2048, 2048, 2048, 2049, 2048, 2048]","[2048, 2048, 2048, 2048, 2048, 2048, 2048, 2048, 2048]",314.0
1233,9673,2,16,2024-04-21T07:29:59.436000+00:00,27.198,30.859,44.384,268.0,266.0,False,102.441,"[None, 2048, 2048, 2048, 2048, 2048, 2048]","[2048, 2048, 2048, 2048, 2048, 2048]","[2048, 2048, 2048, 2048, 2048, 2048, 2048, 2048, 2048]",311.0
1233,9673,10,16,2024-04-21T07:30:08.695000+00:00,27.248,30.667,44.192,,257.0,False,102.107,"[None, 2048, 2048, 2048, 2048, 2048, 2048]","[2048, 2048, 2049, 2048, 2048, 2048]","[2048, 2048, 2048, 2048, 2048, 2048, 2048, 2048, 2048]",298.0
1233,9673,4,17,2024-04-21T07:30:48.934000+00:00,27.132,30.724,43.844,,265.0,False,101.7,"[None, 2048, 2049, 2048, 2048, 2048, 2048]","[2048, 2048, 2049, 2049, 2048, 2048]","[2048, 2048, 2048, 2048, 2048, 2048, 2048, 2048, 2048]",306.0
1233,9673,1,17,2024-04-21T07:30:54.674000+00:00,26.503,29.874,43.142,272.0,262.0,False,99.519,"[2048, 2048, 2049, 2048, 2048, 2048, 2048]","[2048, 2048, 2048, 2048, 2048, 2048]","[2048, 2048, 2048, 2048, 2048, 2048, 2048, 2048, 2049]",311.0
1233,9673,16,17,2024-04-21T07:30:56.711000+00:00,27.306,30.845,43.828,,265.0,False,101.979,"[None, 2048, 2048, 2048, 2048, 2048, 2048]","[2048, 2048, 2048, 2048, 2048, 2048]","[2048, 2048, 2048, 2048, 2048, 2049, 2048, 2049, 2048]",309.0
1233,9673,55,17,2024-04-21T07:31:03.858000+00:00,27.355,31.014,49.494,274.0,265.0,False,107.863,"[None, 2048, 2049, 2049, 2048, 2048, 2048]","[2048, 2048, 2048, 2048, 2048, 2048]","[2048, 2048, 2048, 2048, 2048, 2048, 2048, 2049, 2064]",309.0
1233,9673,11,17,2024-04-21T07:31:04.703000+00:00,26.834,31.213,44.056,279.0,262.0,False,102.103,"[None, 2049, 2048, 2048, 2048, 2048, 2048]","[2048, 2048, 2048, 2048, 2048, 2048]","[2048, 2048, 2048, 2049, 2049, 2048, 2049, 2048]",334.0
1233,9673,81,17,2024-04-21T07:31:06.239000+00:00,45.362,30.578,43.342,274.0,263.0,True,119.282,"[2064, 2064, 2048, 2049, 2048, 2048, 2048]","[2049, 2048, 2048, 2049, 2049, 2048]","[2049, 2048, 2049, 2048, 2048, 2049, 2048, 2048, 2051]",303.0
1233,9673,14,17,2024-04-21T07:31:16.166000+00:00,26.859,30.484,43.908,,267.0,False,101.251,"[None, 2048, 2048, 2048, 2048, 2048, 2048]","[2049, 2048, 2048, 2048, 2048, 2048]","[2048, 2048, 2048, 2048, 2048, 2048, 2048, 2048, 2048]",308.0
1233,9673,63,17,2024-04-21T07:31:17.937000+00:00,27.016,30.516,43.844,,267.0,False,101.376,"[None, 2048, 2048, 2048, 2048, 2048, 2048]","[2048, 2048, 2049, 2048, 2048, 2048]","[2048, 2048, 2048, 2048, 2048, 2048, 2048, 2048, 2048]",312.0
1233,9673,18,17,2024-04-21T07:31:22.178000+00:00,27.139,30.61,43.972,,267.0,False,101.721,"[None, 2048, 2048, 2048, 2048, 2048, 2048]","[2048, 2048, 2049, 2048, 2048, 2048]","[2048, 2048, 2048, 2048, 2048, 2048, 2048, 2048, 2048]",310.0
1233,9673,20,17,2024-04-21T07:31:26.031000+00:00,28.315,31.644,50.303,274.0,265.0,False,110.262,"[None, 2048, 2048, 2048, 2048, 2048, 2048]","[2048, 2048, 2048, 2048, 2048, 2048]","[2048, 2048, 2048, 2048, 2048, 2048, 2048, 2049, 2064]",313.0
1233,9673,27,17,2024-04-21T07:31:26.763000+00:00,26.986,30.88,44.089,276.0,267.0,False,101.955,"[None, 2048, 2048, 2048, 2048, 2048, 2048]","[2048, 2048, 2048, 2048, 2048, 2048]","[2048, 2048, 2048, 2048, 2048, 2048, 2048, 2048, 2048]",314.0
1233,9673,77,17,2024-04-21T07:31:28.196000+00:00,27.347,30.971,44.288,,266.0,False,102.606,"[None, 2048, 2048, 2048, 2048, 2048, 2048]","[2048, 2048, 2048, 2048, 2048, 2048]","[2048, 2048, 2048, 2049, 2048, 2048, 2048, 2048, 2048]",330.0
1233,9673,31,17,2024-04-21T07:31:30.292000+00:00,27.267,30.705,44.578,,259.0,False,102.55,"[None, 2048, 2048, 2048, 2048, 2048, 2048]","[2048, 2048, 2049, 2048, 2048, 2048]","[2048, 2048, 2048, 2048, 2048, 2048, 2048, 2048]",303.0
1233,9673,44,17,2024-04-21T07:31:32.299000+00:00,27.338,30.584,44.301,,266.0,False,102.223,"[None, 2048, 2049, 2048, 2048, 2048, 2048]","[2048, 2048, 2048, 2048, 2048, 2048]","[2049, 2048, 2048, 2048, 2048, 2048, 2048, 2048, 2048]",310.0
1233,9673,22,17,2024-04-21T07:31:34.339000+00:00,27.284,30.952,44.205,,264.0,False,102.441,"[None, 2048, 2048, 2048, 2048, 2048, 2048]","[2048, 2048, 2048, 2048, 2048, 2048]","[2048, 2048, 2048, 2048, 2048, 2048, 2048, 2048, 2048]",312.0
1233,9673,23,17,2024-04-21T07:31:36.139000+00:00,27.312,31.042,44.764,,266.0,False,103.118,"[None, 2048, 2049, 2048, 2048, 2048, 2048]","[2048, 2048, 2048, 2049, 2048, 2048]","[2048, 2048, 2048, 2048, 2048, 2048, 2048, 2048, 2048]",312.0
1233,9673,3,17,2024-04-21T07:31:37.329000+00:00,26.947,30.664,43.466,273.0,267.0,False,101.077,"[2048, 2048, 2048, 2049, 2048, 2049, 2048]","[2049, 2049, 2048, 2048, 2048, 2048]","[2048, 2048, 2048, 2048, 2048, 2049, 2048, 2048, 2048]",333.0
1233,9673,24,17,2024-04-21T07:31:39.392000+00:00,27.646,30.817,44.726,264.0,258.0,False,103.189,"[None, 2048, 2048, 2048, 2048, 2048, 2048]","[2048, 2048, 2048, 2048, 2048, 2048]","[2048, 2048, 2048, 2048, 2048, 2048, 2048, 2048, 2048]",301.0
1233,9673,2,17,2024-04-21T07:31:41.894000+00:00,27.182,30.848,44.245,266.0,266.0,False,102.275,"[None, 2048, 2048, 2048, 2048, 2048, 2048]","[2048, 2048, 2049, 2048, 2048, 2048]","[2048, 2048, 2048, 2048, 2048, 2048, 2048, 2048, 2048]",312.0
1233,9673,10,17,2024-04-21T07:31:50.719000+00:00,27.303,30.519,44.134,265.0,257.0,False,101.956,"[None, 2048, 2048, 2049, 2048, 2048, 2048]","[2048, 2048, 2049, 2048, 2048, 2048]","[2048, 2048, 2048, 2048, 2048, 2048, 2048, 2048, 2048]",298.0
1233,9673,4,18,2024-04-21T07:32:30.678000+00:00,27.352,30.833,43.809,268.0,264.0,False,101.994,"[None, 2048, 2048, 2048, 2048, 2048, 2048]","[2048, 2048, 2048, 2048, 2048, 2048]","[2048, 2048, 2048, 2048, 2048, 2048, 2048, 2048, 2048]",306.0
1233,9673,1,18,2024-04-21T07:32:34.316000+00:00,26.781,30.075,43.214,266.0,260.0,False,100.07,"[None, 2048, 2048, 2048, 2048, 2048, 2048]","[2048, 2048, 2048, 2048, 2048, 2048]","[2048, 2048, 2048, 2048, 2048, 2048, 2048, 2048, 2049]",312.0
1233,9673,16,18,2024-04-21T07:32:38.809000+00:00,27.442,30.799,43.873,272.0,265.0,False,102.114,"[None, 2048, 2048, 2048, 2048, 2048, 2048]","[2048, 2048, 2048, 2049, 2048, 2048]","[2048, 2048, 2048, 2048, 2048, 2048, 2048, 2048, 2048]",309.0
1233,9673,11,18,2024-04-21T07:32:46.644000+00:00,26.92,30.085,43.194,271.0,265.0,False,100.199,"[None, 2048, 2048, 2049, 2048, 2048, 2048]","[2048, 2048, 2048, 2049, 2048, 2048]","[2048, 2048, 2048, 2048, 2048, 2051, 2048, 2048, 2048]",311.0
1233,9673,55,18,2024-04-21T07:32:51.737000+00:00,45.627,30.049,43.176,270.0,267.0,True,118.852,"[2064, 2064, 2048, 2048, 2049, 2048, 2048]","[2049, 2048, 2048, 2049, 2049, 2049]","[2048, 2048, 2049, 2049, 2048, 2049, 2049, 2048, 2049]",326.0
1233,9673,14,18,2024-04-21T07:32:57.272000+00:00,26.948,30.472,43.809,,266.0,False,101.229,"[None, 2048, 2048, 2048, 2048, 2048, 2048]","[2048, 2048, 2048, 2048, 2048, 2048]","[2048, 2048, 2048, 2048, 2048, 2048, 2048, 2048, 2049]",309.0
1233,9673,63,18,2024-04-21T07:32:59.233000+00:00,27.005,30.517,43.969,,267.0,False,101.491,"[None, 2048, 2049, 2048, 2048, 2048, 2048]","[2048, 2048, 2049, 2048, 2048, 2048]","[2048, 2048, 2048, 2048, 2048, 2048, 2048, 2048]",312.0
1233,9673,18,18,2024-04-21T07:33:03.752000+00:00,27.2,30.649,44.587,272.0,267.0,False,102.436,"[None, 2048, 2049, 2048, 2048, 2048, 2048]","[2048, 2048, 2049, 2048, 2048, 2048]","[2048, 2048, 2048, 2048, 2048, 2048, 2048, 2048, 2048]",310.0
1233,9673,81,18,2024-04-21T07:33:05.562000+00:00,26.748,30.172,42.819,271.0,269.0,False,99.739,"[2048, 2048, 2048, 2048, 2049, 2048, 2048]","[2049, 2048, 2048, 2049, 2049, 2049]","[2049, 2048, 2051, 2049, 2049, 2049, 2048, 2048, 2051]",329.0
1233,9673,27,18,2024-04-21T07:33:08.666000+00:00,27.155,31.138,44.726,275.0,267.0,False,103.019,"[None, 2048, 2048, 2048, 2048, 2048, 2048]","[2048, 2048, 2048, 2048, 2048, 2048]","[2048, 2048, 2048, 2048, 2048, 2048, 2048, 2048, 2048]",314.0
1233,9673,77,18,2024-04-21T07:33:10.746000+00:00,27.472,30.886,44.41,268.0,261.0,False,102.768,"[None, 2048, 2048, 2048, 2048, 2048, 2048]","[2048, 2048, 2048, 2048, 2048, 2048]","[2048, 2048, 2048, 2048, 2048, 2048, 2048, 2048, 2048]",308.0
1233,9673,31,18,2024-04-21T07:33:12.677000+00:00,27.338,30.703,44.445,267.0,259.0,False,102.486,"[None, 2048, 2049, 2048, 2048, 2048, 2048]","[2048, 2048, 2049, 2048, 2048, 2048]","[2048, 2048, 2048, 2048, 2048, 2048, 2048, 2048, 2048]",305.0
1233,9673,44,18,2024-04-21T07:33:14.518000+00:00,27.397,30.752,44.415,271.0,266.0,False,102.564,"[None, 2048, 2048, 2048, 2048, 2048, 2048]","[2048, 2048, 2048, 2048, 2048, 2048]","[2048, 2048, 2048, 2048, 2048, 2048, 2048, 2048, 2048]",307.0
1233,9673,20,18,2024-04-21T07:33:16.358000+00:00,46.451,30.449,44.004,275.0,265.0,True,120.904,"[2064, 2064, 2048, 2048, 2049, 2048, 2048]","[2049, 2048, 2048, 2049, 2049, 2049]","[2049, 2048, 2048, 2048, 2048, 2049, 2048, 2048, 2049]",310.0
1233,9673,22,18,2024-04-21T07:33:16.690000+00:00,27.376,30.911,44.341,273.0,264.0,False,102.628,"[None, 2048, 2048, 2048, 2048, 2048, 2048]","[2048, 2048, 2048, 2048, 2048, 2048]","[2048, 2048, 2048, 2048, 2048, 2048, 2048, 2048, 2048]",312.0
1233,9673,3,18,2024-04-21T07:33:18.418000+00:00,27.188,30.487,43.867,267.0,266.0,False,101.542,"[None, 2048, 2048, 2048, 2048, 2048, 2048]","[2048, 2048, 2049, 2048, 2048, 2048]","[2048, 2048, 2048, 2048, 2048, 2048, 2048, 2048, 2048]",332.0
1233,9673,23,18,2024-04-21T07:33:19.257000+00:00,27.376,31.239,44.389,268.0,266.0,False,103.004,"[None, 2048, 2048, 2048, 2048, 2048, 2048]","[2048, 2048, 2048, 2048, 2048, 2048]","[2048, 2048, 2048, 2048, 2048, 2048, 2048, 2048, 2048]",312.0
1233,9673,24,18,2024-04-21T07:33:22.674000+00:00,27.54,30.831,44.516,267.0,261.0,False,102.887,"[None, 2048, 2048, 2048, 2048, 2048, 2048]","[2048, 2048, 2048, 2048, 2048, 2048]","[2048, 2048, 2048, 2048, 2048, 2048, 2048, 2048, 2048]",307.0
1233,9673,2,18,2024-04-21T07:33:24.166000+00:00,27.271,30.902,44.128,267.0,265.0,False,102.301,"[None, 2048, 2049, 2048, 2048, 2048, 2048]","[2048, 2048, 2048, 2048, 2048, 2048]","[2048, 2048, 2048, 2048, 2048, 2048, 2048, 2048, 2048]",313.0
1233,9673,10,18,2024-04-21T07:33:32.673000+00:00,27.118,30.516,44.178,263.0,257.0,False,101.812,"[None, 2048, 2048, 2049, 2048, 2048, 2048]","[2048, 2048, 2049, 2048, 2048, 2048]","[2048, 2048, 2048, 2048, 2048, 2048, 2048, 2048]",297.0
1233,9673,4,19,2024-04-21T07:34:12.594000+00:00,27.345,30.766,44.547,269.0,266.0,False,102.658,"[None, 2048, 2048, 2048, 2048, 2048, 2048]","[2048, 2048, 2048, 2048, 2048, 2048]","[2048, 2048, 2048, 2048, 2048, 2048, 2048, 2048, 2048]",301.0
1233,9673,1,19,2024-04-21T07:34:14.355000+00:00,26.72,30.245,43.174,,262.0,False,100.139,"[None, 2048, 2048, 2048, 2048, 2048, 2048]","[2048, 2048, 2048, 2048, 2048, 2048]","[2048, 2048, 2048, 2048, 2048, 2048, 2048, 2048, 2049]",333.0
1233,9673,16,19,2024-04-21T07:34:20.791000+00:00,27.275,30.764,43.943,273.0,265.0,False,101.982,"[None, 2048, 2048, 2048, 2048, 2048, 2048]","[2048, 2048, 2048, 2049, 2048, 2048]","[2048, 2048, 2048, 2048, 2048, 2049, 2048, 2048, 2048]",308.0
1233,9673,11,19,2024-04-21T07:34:27.005000+00:00,26.929,30.099,43.285,270.0,262.0,False,100.313,"[None, 2048, 2049, 2048, 2048, 2048, 2048]","[2048, 2048, 2049, 2048, 2048, 2048]","[2048, 2048, 2048, 2048, 2048, 2048, 2048, 2048, 2048]",310.0
1233,9673,14,19,2024-04-21T07:34:38.506000+00:00,26.93,30.507,44.022,,267.0,False,101.459,"[None, 2048, 2048, 2048, 2048, 2048, 2048]","[2048, 2048, 2048, 2048, 2048, 2048]","[2048, 2048, 2048, 2048, 2048, 2048, 2048, 2048, 2048]",308.0
1233,9673,63,19,2024-04-21T07:34:40.638000+00:00,26.995,30.419,44.002,275.0,267.0,False,101.416,"[None, 2048, 2048, 2048, 2048, 2048, 2048]","[2048, 2048, 2049, 2048, 2048, 2048]","[2048, 2048, 2048, 2048, 2048, 2048, 2048, 2048, 2048]",311.0
1233,9673,81,19,2024-04-21T07:34:45.122000+00:00,26.874,30.344,43.414,267.0,263.0,False,100.632,"[None, 2048, 2049, 2048, 2048, 2048, 2048]","[2048, 2048, 2048, 2049, 2048, 2048]","[2049, 2048, 2048, 2048, 2048, 2048, 2048, 2048, 2051]",302.0
1233,9673,18,19,2024-04-21T07:34:46.262000+00:00,27.278,30.872,44.184,,267.0,False,102.334,"[2049, 2048, 2048, 2048, 2048, 2048, 2048]","[2048, 2048, 2048, 2048, 2048, 2048]","[2048, 2048, 2048, 2048, 2048, 2048, 2048, 2048, 2048]",311.0
1233,9673,55,19,2024-04-21T07:34:50.760000+00:00,26.609,29.898,43.257,,264.0,False,99.764,"[2048, 2048, 2048, 2049, 2049, 2048, 2048]","[2049, 2048, 2048, 2049, 2049, 2049]","[2049, 2048, 2051, 2048, 2048, 2048, 2048, 2048, 2049]",308.0
1233,9673,27,19,2024-04-21T07:34:51.745000+00:00,27.069,31.157,44.239,276.0,267.0,False,102.465,"[None, 2048, 2048, 2048, 2048, 2048, 2048]","[2048, 2048, 2048, 2048, 2048, 2048]","[2048, 2048, 2048, 2048, 2048, 2048, 2048, 2048, 2048]",312.0
1233,9673,77,19,2024-04-21T07:34:53.580000+00:00,27.245,30.664,44.343,267.0,262.0,False,102.252,"[None, 2048, 2048, 2048, 2048, 2048, 2048]","[2048, 2048, 2048, 2049, 2048, 2048]","[2048, 2048, 2048, 2048, 2048, 2048, 2048, 2048, 2048]",306.0
1233,9673,31,19,2024-04-21T07:34:55.283000+00:00,27.397,30.7,44.447,,260.0,False,102.544,"[None, 2048, 2048, 2048, 2048, 2048, 2048]","[2048, 2048, 2048, 2048, 2048, 2048]","[2048, 2048, 2049, 2048, 2048, 2048, 2048, 2048, 2048]",303.0
1233,9673,44,19,2024-04-21T07:34:57.075000+00:00,27.385,30.912,44.557,272.0,266.0,False,102.854,"[None, 2048, 2049, 2048, 2048, 2048, 2048]","[2048, 2048, 2048, 2048, 2048, 2048]","[2048, 2048, 2048, 2048, 2048, 2048, 2048, 2048, 2048]",309.0
1233,9673,22,19,2024-04-21T07:34:59.305000+00:00,27.279,30.95,44.995,,265.0,False,103.224,"[None, 2048, 2049, 2048, 2048, 2048, 2048]","[2048, 2048, 2048, 2048, 2048, 2048]","[2048, 2048, 2048, 2048, 2048, 2048, 2048, 2048, 2048]",312.0
1233,9673,3,19,2024-04-21T07:34:59.942000+00:00,27.157,31.044,43.754,266.0,268.0,False,101.955,"[None, 2048, 2048, 2048, 2048, 2048, 2048]","[2048, 2048, 2048, 2048, 2048, 2048]","[2048, 2048, 2048, 2048, 2048, 2048, 2049, 2048, 2048]",333.0
1233,9673,23,19,2024-04-21T07:35:02.271000+00:00,27.446,31.211,44.53,266.0,266.0,False,103.187,"[None, 2048, 2049, 2048, 2048, 2048, 2048]","[2048, 2048, 2048, 2048, 2048, 2048]","[2048, 2048, 2048, 2048, 2048, 2048, 2048, 2048, 2048]",309.0
1233,9673,24,19,2024-04-21T07:35:05.521000+00:00,27.525,30.89,44.412,,259.0,False,102.827,"[None, 2048, 2049, 2048, 2048, 2048, 2048]","[2048, 2048, 2048, 2048, 2048, 2048]","[2048, 2048, 2049, 2048, 2048, 2048, 2048, 2048, 2048]",308.0
1233,9673,2,19,2024-04-21T07:35:06.483000+00:00,27.32,31.02,44.25,269.0,267.0,False,102.59,"[None, 2048, 2048, 2048, 2048, 2048, 2048]","[2048, 2048, 2048, 2048, 2048, 2048]","[2048, 2048, 2048, 2048, 2048, 2048, 2048, 2048, 2048]",329.0
1233,9673,10,19,2024-04-21T07:35:14.444000+00:00,27.302,30.451,44.383,261.0,257.0,False,102.136,"[None, 2048, 2048, 2048, 2048, 2048, 2048]","[2048, 2048, 2048, 2048, 2048, 2048]","[2048, 2048, 2048, 2048, 2048, 2048, 2048, 2048, 2049]",296.0
1233,9673,20,19,2024-04-21T07:35:17.270000+00:00,26.677,30.429,44.0,272.0,265.0,False,101.106,"[2048, 2048, 2049, 2049, 2049, 2048, 2048]","[2049, 2048, 2048, 2049, 2048, 2049]","[2048, 2048, 2049, 2048, 2048, 2048, 2048, 2048, 2048]",310.0
1233,9673,1,20,2024-04-21T07:35:54.472000+00:00,26.759,29.937,43.385,267.0,264.0,False,100.081,"[None, 2048, 2048, 2048, 2048, 2048, 2048]","[2048, 2048, 2048, 2049, 2048, 2048]","[2048, 2048, 2048, 2048, 2048, 2048, 2048, 2048, 2048]",309.0
1233,9673,4,20,2024-04-21T07:35:55.305000+00:00,27.181,30.908,44.078,272.0,266.0,False,102.167,"[None, 2049, 2048, 2048, 2048, 2048, 2048]","[2048, 2048, 2048, 2048, 2048, 2048]","[2048, 2048, 2048, 2048, 2048, 2048, 2048, 2048, 2048]",308.0
1233,9673,16,20,2024-04-21T07:36:02.808000+00:00,27.337,30.746,43.958,,266.0,False,102.041,"[None, 2048, 2049, 2048, 2048, 2048, 2048]","[2048, 2048, 2048, 2049, 2048, 2048]","[2048, 2048, 2048, 2048, 2048, 2048, 2048, 2048, 2048]",307.0
1233,9673,11,20,2024-04-21T07:36:07.224000+00:00,26.801,30.119,43.602,271.0,264.0,False,100.522,"[None, 2048, 2048, 2048, 2048, 2048, 2048]","[2048, 2048, 2049, 2048, 2048, 2048]","[2048, 2048, 2048, 2048, 2048, 2048, 2048, 2048, 2048]",311.0
1233,9673,14,20,2024-04-21T07:36:20.006000+00:00,26.937,30.635,44.068,,266.0,False,101.64,"[None, 2048, 2048, 2048, 2048, 2048, 2048]","[2048, 2048, 2048, 2048, 2048, 2048]","[2048, 2048, 2048, 2048, 2048, 2048, 2048, 2048, 2048]",307.0
1233,9673,63,20,2024-04-21T07:36:22.199000+00:00,27.247,30.687,44.133,273.0,266.0,False,102.067,"[None, 2048, 2048, 2048, 2048, 2048, 2048]","[2048, 2048, 2048, 2048, 2048, 2048]","[2048, 2048, 2048, 2048, 2048, 2048, 2048, 2048, 2048]",310.0
1233,9673,81,20,2024-04-21T07:36:25.907000+00:00,26.907,30.285,43.286,270.0,267.0,False,100.478,"[None, 2048, 2049, 2048, 2048, 2048, 2048]","[2049, 2048, 2048, 2048, 2048, 2048]","[2048, 2048, 2048, 2048, 2048, 2048, 2048, 2048, 2048]",308.0
1233,9673,18,20,2024-04-21T07:36:28.570000+00:00,27.339,30.576,44.18,273.0,267.0,False,102.095,"[2048, 2048, 2048, 2048, 2048, 2048, 2048]","[2048, 2048, 2049, 2048, 2048, 2048]","[2048, 2048, 2048, 2048, 2048, 2048, 2048, 2048]",310.0
1233,9673,55,20,2024-04-21T07:36:30.501000+00:00,26.873,30.157,43.631,274.0,267.0,False,100.661,"[None, 2048, 2048, 2048, 2048, 2048, 2048]","[2048, 2048, 2048, 2048, 2048, 2048]","[2048, 2048, 2048, 2048, 2048, 2048, 2048, 2048, 2048]",331.0
1233,9673,27,20,2024-04-21T07:36:34.175000+00:00,27.23,30.89,44.067,,267.0,False,102.187,"[None, 2048, 2048, 2048, 2048, 2048, 2048]","[2048, 2048, 2048, 2049, 2048, 2048]","[2048, 2048, 2048, 2048, 2048, 2048, 2048, 2048, 2048]",312.0
1233,9673,77,20,2024-04-21T07:36:35.848000+00:00,27.247,30.707,,271.0,251.0,False,,"[None, 2048, 2049, 2049, 2048, 2048, 2048]","[2048, 2048, 2049, 2049, 2048, 2048]",[2052],
1233,9673,31,20,2024-04-21T07:36:37.849000+00:00,27.33,30.683,44.586,,259.0,False,102.599,"[None, 2048, 2048, 2048, 2048, 2048, 2048]","[2048, 2048, 2048, 2048, 2048, 2048]","[2048, 2048, 2048, 2048, 2048, 2048, 2048, 2048, 2048]",302.0
1233,9673,44,20,2024-04-21T07:36:39.962000+00:00,27.444,30.921,44.75,,265.0,False,103.115,"[None, 2048, 2048, 2048, 2048, 2048, 2048]","[2048, 2048, 2048, 2048, 2048, 2048]","[2048, 2048, 2048, 2048, 2048, 2048, 2048, 2048, 2048]",309.0
1233,9673,3,20,2024-04-21T07:36:41.856000+00:00,27.248,30.495,44.074,274.0,267.0,False,101.817,"[None, 2048, 2048, 2049, 2048, 2048, 2048]","[2049, 2048, 2049, 2049, 2048, 2048]","[2048, 2048, 2048, 2048, 2048, 2048, 2048, 2048, 2048]",315.0
1233,9673,22,20,2024-04-21T07:36:42.605000+00:00,27.555,31.071,44.548,275.0,264.0,False,103.174,"[None, 2048, 2048, 2048, 2048, 2048, 2048]","[2048, 2048, 2048, 2048, 2048, 2048]","[2048, 2048, 2048, 2048, 2048, 2048, 2048, 2048, 2048]",312.0
1233,9673,23,20,2024-04-21T07:36:45.475000+00:00,27.408,31.078,44.7,267.0,261.0,False,103.186,"[None, 2048, 2048, 2048, 2048, 2048, 2048]","[2048, 2048, 2048, 2048, 2048, 2048]","[2048, 2048, 2048, 2048, 2048, 2048, 2048, 2048]",309.0
1233,9673,24,20,2024-04-21T07:36:48.309000+00:00,27.588,30.866,44.716,265.0,259.0,False,103.17,"[None, 2048, 2048, 2048, 2048, 2048, 2048]","[2048, 2048, 2048, 2048, 2048, 2048]","[2048, 2048, 2048, 2048, 2048, 2048, 2048, 2048, 2048]",302.0
1233,9673,2,20,2024-04-21T07:36:49.072000+00:00,27.348,31.376,44.479,268.0,264.0,False,103.203,"[None, 2048, 2048, 2048, 2048, 2048, 2048]","[2048, 2048, 2048, 2048, 2048, 2048]","[2048, 2048, 2048, 2048, 2048, 2048, 2049, 2048, 2048]",312.0
1233,9673,10,20,2024-04-21T07:36:56.599000+00:00,27.252,30.52,44.457,263.0,251.0,False,102.229,"[None, 2048, 2048, 2048, 2048, 2048, 2048]","[2048, 2048, 2048, 2048, 2048, 2048]","[2048, 2048, 2048, 2048, 2048, 2048, 2048, 2048, 2048]",296.0
1233,9673,20,20,2024-04-21T07:36:58.370000+00:00,26.807,30.41,44.095,276.0,268.0,False,101.312,"[None, 2048, 2048, 2048, 2048, 2048, 2048]","[2048, 2048, 2049, 2048, 2048, 2048]","[2049, 2048, 2048, 2048, 2048, 2048, 2048, 2048, 2049]",313.0
1233,9673,1,21,2024-04-21T07:37:34.630000+00:00,26.737,30.083,43.67,269.0,241.0,False,100.49,"[None, 2048, 2049, 2048, 2048, 2048, 2048]","[2048, 2048, 2048, 2049, 2048, 2048]","[2048, 2048, 2048, 2048, 2048, 2048, 2048, 2048, 2048]",308.0
1233,9673,4,21,2024-04-21T07:37:37.414000+00:00,27.457,31.108,45.001,269.0,261.0,False,103.566,"[None, 2048, 2048, 2048, 2048, 2048, 2048]","[2048, 2048, 2048, 2048, 2048, 2048]","[2048, 2048, 2048, 2048, 2048, 2048, 2048, 2048, 2048]",306.0
1233,9673,16,21,2024-04-21T07:37:44.942000+00:00,27.352,30.901,53.716,272.0,252.0,False,111.969,"[None, 2048, 2048, 2048, 2048, 2048, 2048]","[2048, 2048, 2048, 2048, 2048, 2048]","[2048, 2048, 2048, 2048, 2048, 2048, 2048, 2049, 2064]",307.0
1233,9673,11,21,2024-04-21T07:37:47.844000+00:00,26.877,30.246,50.003,274.0,267.0,False,107.126,"[None, 2048, 2048, 2048, 2048, 2048, 2048]","[2048, 2048, 2048, 2048, 2048, 2048]","[2048, 2048, 2049, 2048, 2048, 2048, 2048, 2048, 2048]",311.0
1233,9673,14,21,2024-04-21T07:38:01.650000+00:00,27.034,30.498,53.372,,243.0,False,110.904,"[None, 2048, 2048, 2048, 2048, 2048, 2048]","[2048, 2048, 2048, 2048, 2048, 2048]","[2048, 2048, 2048, 2048, 2048, 2048, 2048, 2048, 2048]",237.0
1233,9673,63,21,2024-04-21T07:38:04.196000+00:00,26.99,30.734,54.406,274.0,243.0,False,112.13,"[None, 2048, 2049, 2048, 2048, 2048, 2048]","[2048, 2048, 2048, 2048, 2048, 2048]","[2048, 2048, 2048, 2048, 2048, 2048, 2048, 2048, 2048]",214.0
1233,9673,81,21,2024-04-21T07:38:06.318000+00:00,26.85,30.496,55.195,,241.0,False,112.541,"[None, 2048, 2048, 2048, 2048, 2048, 2048]","[2048, 2048, 2048, 2048, 2048, 2048]","[2048, 2048, 2048, 2048, 2048, 2048, 2048, 2048, 2048]",238.0
1233,9673,18,21,2024-04-21T07:38:10.628000+00:00,27.168,30.839,60.974,,252.0,False,118.981,"[None, 2048, 2048, 2048, 2048, 2048, 2048]","[2048, 2048, 2048, 2048, 2048, 2048]","[2048, 2048, 2048, 2048, 2048, 2048, 2048, 2048, 2064]",233.0
1233,9673,55,21,2024-04-21T07:38:11.103000+00:00,26.983,31.136,57.689,280.0,256.0,False,115.808,"[2049, 2049, 2048, 2048, 2048, 2048, 2049]","[2048, 2048, 2048, 2048, 2048, 2048]","[2048, 2048, 2048, 2048, 2048, 2048, 2048, 2048, 2048]",215.0
1233,9673,27,21,2024-04-21T07:38:16.367000+00:00,27.135,31.03,59.446,275.0,263.0,False,117.611,"[None, 2048, 2048, 2048, 2048, 2048, 2048]","[2048, 2048, 2048, 2048, 2048, 2048]","[2048, 2048, 2048, 2048, 2048, 2048, 2048, 2048, 2048]",226.0
1233,9673,31,21,2024-04-21T07:38:20.383000+00:00,27.289,31.427,58.829,266.0,152.0,False,117.545,"[None, 2048, 2048, 2048, 2048, 2048, 2048]","[2048, 2048, 2048, 2048, 2048, 2048]","[2048, 2048, 2048, 2048, 2048, 2048, 2048, 2048, 2048]",223.0
1233,9673,44,21,2024-04-21T07:38:22.975000+00:00,27.428,32.924,62.427,273.0,99.0,False,122.779,"[None, 2048, 2048, 2048, 2048, 2048, 2048]","[2048, 2048, 2048, 2048, 2048, 2048]","[2048, 2048, 2048, 2048, 2048, 2048, 2048, 2048, 2064]",207.0
1233,9673,3,21,2024-04-21T07:38:23.664000+00:00,26.953,34.798,57.62,277.0,150.0,False,119.371,"[None, 2048, 2048, 2048, 2048, 2048, 2049]","[2048, 2048, 2048, 2048, 2048, 2048]","[2048, 2048, 2048, 2048, 2048, 2048, 2048, 2048]",197.0
1233,9673,22,21,2024-04-21T07:38:25.822000+00:00,27.455,35.901,56.474,273.0,195.0,False,119.83,"[None, 2048, 2048, 2048, 2048, 2048, 2048]","[2048, 2048, 2048, 2048, 2048, 2048]","[2048, 2048, 2048, 2048, 2048, 2048, 2048, 2048, 2048]",225.0
1233,9673,23,21,2024-04-21T07:38:28.496000+00:00,27.295,37.086,56.347,268.0,190.0,False,120.728,"[None, 2048, 2049, 2048, 2048, 2048, 2048]","[2048, 2048, 2048, 2048, 2048, 2048]","[2048, 2048, 2048, 2048, 2048, 2048, 2048, 2048, 2048]",237.0
1233,9673,24,21,2024-04-21T07:38:31.428000+00:00,27.673,36.381,57.927,,214.0,False,121.981,"[None, 2048, 2048, 2048, 2048, 2048, 2048]","[2048, 2048, 2048, 2048, 2048, 2048]","[2048, 2048, 2048, 2048, 2048, 2048, 2048, 2048, 2048]",234.0
1233,9673,2,21,2024-04-21T07:38:32.269000+00:00,27.544,37.511,57.067,265.0,203.0,False,122.122,"[None, 2048, 2049, 2048, 2048, 2048, 2048]","[2048, 2048, 2048, 2048, 2048, 2048]","[2048, 2048, 2048, 2048, 2048, 2048, 2048, 2048, 2048]",233.0
1233,9673,10,21,2024-04-21T07:38:38.941000+00:00,27.165,37.882,58.203,,232.0,False,123.25,"[None, 2048, 2048, 2048, 2048, 2048, 2048]","[2048, 2048, 2048, 2048, 2048, 2048]","[2048, 2048, 2048, 2048, 2048, 2048, 2048, 2048, 2048]",247.0
1233,9673,20,21,2024-04-21T07:38:39.608000+00:00,26.911,38.907,58.025,275.0,224.0,False,123.843,"[None, 2048, 2048, 2048, 2048, 2048, 2048]","[2048, 2048, 2048, 2048, 2048, 2048]","[2048, 2048, 2048, 2048, 2048, 2048, 2048, 2048, 2048]",256.0
1233,9673,1,22,2024-04-21T07:39:15.028000+00:00,35.865,40.703,57.728,172.0,174.0,False,134.296,"[None, 2048, 2048, 2048, 2048, 2048, 2048]","[2048, 2048, 2048, 2048, 2048, 2048]","[2048, 2048, 2048, 2048, 2048, 2048, 2048, 2048, 2048]",256.0
1233,9673,4,22,2024-04-21T07:39:20.949000+00:00,37.234,39.695,61.717,212.0,165.0,False,138.646,"[None, 2048, 2048, 2048, 2048, 2048, 2048]","[2048, 2048, 2048, 2048, 2048, 2048]","[2048, 2048, 2048, 2048, 2048, 2048, 2048, 2049, 2064]",196.0
1233,9673,11,22,2024-04-21T07:39:34.793000+00:00,34.584,43.092,55.998,208.0,215.0,False,133.674,"[None, 2048, 2048, 2048, 2048, 2048, 2048]","[2048, 2048, 2048, 2048, 2048, 2048]","[2048, 2048, 2048, 2048, 2048, 2048, 2048, 2048, 2048]",279.0
1233,9673,16,22,2024-04-21T07:39:36.859000+00:00,52.152,40.979,57.074,203.0,176.0,True,150.205,"[2064, 2064, 2048, 2048, 2048, 2048, 2048]","[2048, 2048, 2048, 2048, 2048, 2048]","[2048, 2048, 2048, 2048, 2048, 2048, 2048, 2048, 2048]",212.0
1233,9673,14,22,2024-04-21T07:39:52.535000+00:00,35.242,40.899,57.723,226.0,182.0,False,133.864,"[None, 2048, 2048, 2048, 2048, 2048, 2048]","[2048, 2048, 2048, 2048, 2048, 2048]","[2048, 2048, 2048, 2048, 2048, 2048, 2048, 2048]",164.0
1233,9673,63,22,2024-04-21T07:39:56.410000+00:00,34.98,41.851,56.602,247.0,174.0,False,133.433,"[None, 2048, 2048, 2048, 2048, 2048, 2048]","[2048, 2048, 2048, 2048, 2048, 2048]","[2048, 2048, 2048, 2048, 2048, 2048, 2048, 2048, 2048]",225.0
1233,9673,81,22,2024-04-21T07:39:58.934000+00:00,35.501,41.433,58.418,198.0,161.0,False,135.352,"[None, 2048, 2048, 2048, 2048, 2048, 2048]","[2048, 2048, 2048, 2048, 2048, 2048]","[2048, 2048, 2048, 2048, 2048, 2048, 2048, 2048, 2048]",234.0
1233,9673,55,22,2024-04-21T07:40:06.962000+00:00,38.22,38.751,57.804,187.0,224.0,False,134.775,"[2048, 2048, 2048, 2048, 2048, 2048, 2048]","[2048, 2048, 2048, 2048, 2048, 2048]","[2048, 2048, 2048, 2048, 2048, 2048, 2048, 2048, 2048]",250.0
1233,9673,18,22,2024-04-21T07:40:09.674000+00:00,52.922,40.693,57.234,156.0,163.0,True,150.849,"[2064, 2064, 2048, 2048, 2048, 2048, 2048]","[2048, 2048, 2048, 2048, 2048, 2048]","[2048, 2048, 2048, 2048, 2048, 2048, 2048, 2048, 2048]",238.0
1233,9673,27,22,2024-04-21T07:40:14.007000+00:00,34.306,41.832,56.575,194.0,192.0,False,132.713,"[None, 2048, 2048, 2048, 2048, 2048, 2048]","[2048, 2048, 2048, 2048, 2048, 2048]","[2048, 2048, 2048, 2048, 2048, 2048, 2048, 2048, 2048]",227.0
1233,9673,31,22,2024-04-21T07:40:17.960000+00:00,36.276,41.587,57.296,144.0,129.0,False,135.159,"[None, 2048, 2048, 2048, 2048, 2048, 2048]","[2048, 2048, 2048, 2048, 2048, 2048]","[2048, 2048, 2048, 2048, 2048, 2048, 2048, 2048, 2048]",205.0
1233,9673,3,22,2024-04-21T07:40:23.044000+00:00,35.429,40.777,57.919,236.0,152.0,False,134.125,"[None, 2048, 2048, 2048, 2048, 2048, 2048]","[2048, 2048, 2048, 2048, 2048, 2048]","[2048, 2048, 2048, 2048, 2048, 2048, 2048, 2048, 2048]",215.0
1233,9673,22,22,2024-04-21T07:40:25.464000+00:00,35.893,40.501,57.396,240.0,175.0,False,133.79,"[None, 2048, 2048, 2048, 2048, 2048, 2048]","[2048, 2048, 2048, 2048, 2048, 2048]","[2048, 2048, 2048, 2048, 2048, 2048, 2048, 2048]",175.0
1233,9673,44,22,2024-04-21T07:40:25.761000+00:00,52.943,41.99,54.464,184.0,133.0,True,149.397,"[2064, 2064, 2048, 2048, 2048, 2048, 2048]","[2048, 2048, 2048, 2048, 2048, 2048]","[2048, 2048, 2048, 2048, 2048, 2048, 2048, 2048, 2048]",206.0
1233,9673,23,22,2024-04-21T07:40:29.262000+00:00,35.314,41.832,56.732,182.0,148.0,False,133.878,"[None, 2048, 2048, 2048, 2048, 2048, 2048]","[2048, 2048, 2048, 2048, 2048, 2048]","[2048, 2048, 2048, 2048, 2048, 2048, 2048, 2048]",279.0
1233,9673,24,22,2024-04-21T07:40:33.465000+00:00,35.522,40.106,58.255,223.0,138.0,False,133.883,"[None, 2048, 2048, 2048, 2048, 2048, 2048]","[2048, 2048, 2048, 2048, 2048, 2048]","[2048, 2048, 2048, 2048, 2048, 2048, 2048, 2048, 2048]",177.0
1233,9673,2,22,2024-04-21T07:40:34.458000+00:00,35.584,40.056,58.054,232.0,159.0,False,133.694,"[None, 2048, 2048, 2048, 2048, 2048, 2048]","[2048, 2048, 2048, 2048, 2048, 2048]","[2048, 2048, 2048, 2048, 2048, 2048, 2048, 2048, 2048]",193.0
1233,9673,10,22,2024-04-21T07:40:42.102000+00:00,37.197,41.731,55.166,174.0,129.0,False,134.094,"[None, 2048, 2048, 2048, 2048, 2048, 2048]","[2048, 2048, 2048, 2048, 2048, 2048]","[2048, 2048, 2048, 2048, 2048, 2048, 2048, 2048, 2048]",185.0
1233,9673,20,22,2024-04-21T07:40:43.436000+00:00,36.99,41.788,56.607,219.0,159.0,False,135.385,"[None, 2048, 2048, 2048, 2048, 2048, 2048]","[2048, 2048, 2048, 2048, 2048, 2048]","[2048, 2048, 2048, 2048, 2048, 2048, 2048, 2048, 2048]",152.0
1233,9673,1,23,2024-04-21T07:41:29.395000+00:00,35.57,39.478,62.89,144.0,241.0,False,137.938,"[None, 2048, 2048, 2048, 2048, 2048, 2048]","[2048, 2048, 2048, 2048, 2048, 2048]","[2048, 2048, 2048, 2048, 2048, 2048, 2048, 2048, 2064]",212.0
1233,9673,4,23,2024-04-21T07:41:39.613000+00:00,50.866,40.397,57.414,246.0,120.0,True,148.677,"[2064, 2064, 2048, 2048, 2048, 2048, 2048]","[2048, 2048, 2048, 2048, 2048, 2048]","[2048, 2048, 2048, 2048, 2048, 2048, 2048, 2048, 2048]",239.0
1233,9673,11,23,2024-04-21T07:41:48.639000+00:00,36.656,40.424,60.412,178.0,198.0,False,137.492,"[None, 2048, 2048, 2048, 2048, 2048, 2048]","[2048, 2048, 2048, 2048, 2048, 2048]","[2048, 2048, 2048, 2048, 2048, 2048, 2048, 2048, 2064]",281.0
1233,9673,14,23,2024-04-21T07:42:06.344000+00:00,36.465,39.226,61.462,203.0,165.0,False,137.153,"[None, 2048, 2048, 2048, 2048, 2048, 2048]","[2048, 2048, 2048, 2048, 2048, 2048]","[2048, 2048, 2048, 2048, 2048, 2048, 2048, 2048, 2064]",290.0
1233,9673,16,23,2024-04-21T07:42:07.110000+00:00,37.046,39.533,56.332,187.0,144.0,False,132.911,"[2048, 2048, 2048, 2048, 2048, 2048, 2048]","[2048, 2048, 2048, 2048, 2048, 2048]","[2048, 2048, 2048, 2048, 2048, 2048, 2048, 2048, 2048]",271.0
1233,9673,63,23,2024-04-21T07:42:09.772000+00:00,35.529,40.902,61.643,207.0,186.0,False,138.074,"[None, 2048, 2048, 2048, 2048, 2048, 2048]","[2048, 2048, 2048, 2048, 2048, 2048]","[2048, 2048, 2048, 2048, 2048, 2048, 2048, 2048, 2064]",243.0
1233,9673,81,23,2024-04-21T07:42:14.236000+00:00,34.557,41.506,56.313,230.0,152.0,False,132.376,"[None, 2048, 2048, 2048, 2048, 2048, 2048]","[2048, 2048, 2048, 2048, 2048, 2048]","[2048, 2048, 2048, 2048, 2048, 2048, 2048, 2048, 2048]",248.0
1233,9673,55,23,2024-04-21T07:42:21.645000+00:00,37.28,37.16,58.668,207.0,184.0,False,133.108,"[None, 2048, 2048, 2048, 2048, 2048, 2048]","[2048, 2048, 2048, 2048, 2048, 2048]","[2048, 2048, 2048, 2048, 2048, 2048, 2048, 2048, 2048]",262.0
1233,9673,27,23,2024-04-21T07:42:26.661000+00:00,35.274,40.667,61.73,175.0,216.0,False,137.671,"[None, 2048, 2048, 2048, 2048, 2048, 2048]","[2048, 2048, 2048, 2048, 2048, 2048]","[2048, 2048, 2048, 2048, 2048, 2048, 2048, 2049, 2064]",264.0
1233,9673,31,23,2024-04-21T07:42:33.087000+00:00,35.058,40.399,62.156,181.0,172.0,False,137.613,"[None, 2048, 2048, 2048, 2048, 2048, 2048]","[2048, 2048, 2048, 2048, 2048, 2048]","[2048, 2048, 2048, 2048, 2048, 2048, 2048, 2048, 2064]",223.0
1233,9673,3,23,2024-04-21T07:42:37.105000+00:00,35.679,39.4,57.748,231.0,187.0,False,132.827,"[None, 2048, 2048, 2048, 2048, 2048, 2048]","[2048, 2048, 2048, 2048, 2048, 2048]","[2048, 2048, 2048, 2048, 2048, 2048, 2048, 2048, 2048]",219.0
1233,9673,22,23,2024-04-21T07:42:39.273000+00:00,35.887,39.92,61.895,234.0,141.0,False,137.702,"[None, 2048, 2048, 2048, 2048, 2048, 2048]","[2048, 2048, 2048, 2048, 2048, 2048]","[2048, 2048, 2048, 2048, 2048, 2048, 2048, 2048, 2064]",262.0
1233,9673,18,23,2024-04-21T07:42:40.579000+00:00,36.028,39.677,56.907,165.0,120.0,False,132.612,"[2048, 2048, 2048, 2048, 2048, 2048, 2048]","[2048, 2048, 2048, 2048, 2048, 2048]","[2048, 2048, 2048, 2048, 2048, 2048, 2048, 2048, 2048]",265.0
1233,9673,23,23,2024-04-21T07:42:43.120000+00:00,35.697,39.673,61.22,247.0,130.0,False,136.59,"[None, 2048, 2048, 2048, 2048, 2048, 2048]","[2048, 2048, 2048, 2048, 2048, 2048]","[2048, 2048, 2048, 2048, 2048, 2048, 2048, 2048, 2064]",260.0
1233,9673,24,23,2024-04-21T07:42:47.433000+00:00,36.093,39.389,62.132,227.0,178.0,False,137.614,"[None, 2048, 2048, 2048, 2048, 2048, 2048]","[2048, 2048, 2048, 2048, 2048, 2048]","[2048, 2048, 2048, 2048, 2048, 2048, 2048, 2048, 2064]",206.0
1233,9673,2,23,2024-04-21T07:42:47.943000+00:00,36.404,39.65,57.881,228.0,152.0,False,133.935,"[None, 2048, 2048, 2048, 2048, 2048, 2048]","[2048, 2048, 2048, 2048, 2048, 2048]","[2048, 2048, 2048, 2048, 2048, 2048, 2048, 2048]",232.0
1233,9673,44,23,2024-04-21T07:42:55.281000+00:00,36.231,39.784,57.521,192.0,207.0,False,133.536,"[2048, 2048, 2048, 2048, 2048, 2048, 2048]","[2048, 2048, 2048, 2048, 2048, 2048]","[2048, 2048, 2048, 2048, 2048, 2048, 2048, 2048, 2048]",217.0
1233,9673,10,23,2024-04-21T07:42:56.319000+00:00,36.277,39.366,62.838,183.0,221.0,False,138.481,"[None, 2048, 2048, 2048, 2048, 2048, 2048]","[2048, 2048, 2048, 2048, 2048, 2048]","[2048, 2048, 2048, 2048, 2048, 2048, 2048, 2048, 2064]",220.0
1233,9673,20,23,2024-04-21T07:42:58.861000+00:00,35.145,38.966,58.006,234.0,186.0,False,132.117,"[None, 2048, 2048, 2048, 2048, 2048, 2048]","[2048, 2048, 2048, 2048, 2048, 2048]","[2048, 2048, 2048, 2048, 2048, 2048, 2048, 2048, 2048]",201.0
1233,9673,1,24,2024-04-21T07:43:47.189000+00:00,54.357,47.051,64.876,139.0,126.0,True,166.284,"[2064, 2064, 2048, 2048, 2048, 2048, 2048]","[2048, 2048, 2048, 2048, 2048, 2048]","[2048, 2048, 2048, 2048, 2048, 2048, 2048, 2048, 2048]",144.0
1233,9673,11,24,2024-04-21T07:44:05.995000+00:00,51.259,38.338,62.896,167.0,253.0,True,152.493,"[2064, 2064, 2048, 2048, 2048, 2048, 2048]","[2048, 2048, 2048, 2048, 2048, 2048]","[2048, 2048, 2048, 2048, 2048, 2048, 2048, 2048, 2048]",247.0
1233,9673,4,24,2024-04-21T07:44:08.315000+00:00,35.701,45.966,64.908,245.0,183.0,False,146.575,"[2048, 2048, 2048, 2048, 2048, 2048, 2048]","[2048, 2048, 2048, 2048, 2048, 2048]","[2048, 2048, 2048, 2048, 2048, 2048, 2048, 2048, 2048]",210.0
1233,9673,16,24,2024-04-21T07:44:19.967000+00:00,35.007,38.685,63.15,199.0,233.0,False,136.842,"[None, 2048, 2048, 2048, 2048, 2048, 2048]","[2048, 2048, 2048, 2048, 2048, 2048]","[2048, 2048, 2048, 2048, 2048, 2048, 2048, 2048]",203.0
1233,9673,14,24,2024-04-21T07:44:23.534000+00:00,52.151,39.582,56.809,239.0,248.0,True,148.542,"[2064, 2064, 2048, 2048, 2048, 2048, 2048]","[2048, 2048, 2048, 2048, 2048, 2048]","[2048, 2048, 2048, 2048, 2048, 2048, 2048, 2048, 2048]",257.0
1233,9673,81,24,2024-04-21T07:44:26.601000+00:00,35.195,41.459,60.921,195.0,156.0,False,137.575,"[None, 2048, 2048, 2048, 2048, 2048, 2048]","[2048, 2048, 2048, 2048, 2048, 2048]","[2048, 2048, 2048, 2048, 2048, 2048, 2048, 2048, 2064]",260.0
1233,9673,63,24,2024-04-21T07:44:27.849000+00:00,52.768,40.554,55.55,170.0,213.0,True,148.872,"[2064, 2064, 2048, 2048, 2048, 2048, 2048]","[2048, 2048, 2048, 2048, 2048, 2048]","[2048, 2048, 2048, 2048, 2048, 2048, 2048, 2048, 2048]",109.0
1233,9673,55,24,2024-04-21T07:44:34.706000+00:00,37.683,38.503,57.223,263.0,247.0,False,133.409,"[None, 2048, 2048, 2048, 2048, 2048, 2048]","[2048, 2048, 2048, 2048, 2048, 2048]","[2048, 2048, 2048, 2048, 2048, 2048, 2048, 2048, 2048]",250.0
1233,9673,27,24,2024-04-21T07:44:44.260000+00:00,52.758,40.732,56.885,180.0,139.0,True,150.375,"[2064, 2064, 2048, 2048, 2048, 2048, 2048]","[2048, 2048, 2048, 2048, 2048, 2048]","[2048, 2048, 2048, 2048, 2048, 2048, 2048, 2048, 2048]",201.0
1233,9673,3,24,2024-04-21T07:44:50.012000+00:00,36.646,40.163,55.843,213.0,180.0,False,132.652,"[None, 2048, 2048, 2048, 2048, 2048, 2048]","[2048, 2048, 2048, 2048, 2048, 2048]","[2048, 2048, 2048, 2048, 2048, 2048, 2048, 2048, 2048]",248.0
1233,9673,31,24,2024-04-21T07:44:50.634000+00:00,54.763,38.369,55.523,229.0,224.0,True,148.655,"[2064, 2064, 2048, 2048, 2048, 2048, 2048]","[2048, 2048, 2048, 2048, 2048, 2048]","[2048, 2048, 2048, 2048, 2048, 2048, 2048, 2048, 2048]",220.0
1233,9673,18,24,2024-04-21T07:44:52.995000+00:00,35.434,40.146,57.282,212.0,226.0,False,132.862,"[None, 2048, 2048, 2048, 2048, 2048, 2048]","[2048, 2048, 2048, 2048, 2048, 2048]","[2048, 2048, 2048, 2048, 2048, 2048, 2048, 2048]",262.0
1233,9673,22,24,2024-04-21T07:44:56.982000+00:00,54.44,35.772,59.221,224.0,207.0,True,149.433,"[2064, 2064, 2048, 2048, 2048, 2048, 2048]","[2048, 2048, 2048, 2048, 2048, 2048]","[2048, 2048, 2048, 2048, 2048, 2048, 2048, 2048, 2048]",243.0
1233,9673,23,24,2024-04-21T07:44:59.738000+00:00,54.658,38.275,56.866,239.0,124.0,True,149.799,"[2064, 2064, 2048, 2048, 2048, 2048, 2048]","[2048, 2048, 2048, 2048, 2048, 2048]","[2048, 2048, 2048, 2048, 2048, 2048, 2048, 2048, 2048]",294.0
1233,9673,2,24,2024-04-21T07:45:01.828000+00:00,33.706,40.173,61.472,212.0,180.0,False,135.351,"[None, 2048, 2048, 2048, 2048, 2048, 2048]","[2048, 2048, 2048, 2048, 2048, 2048]","[2048, 2048, 2048, 2048, 2048, 2048, 2048, 2048, 2064]",225.0
1233,9673,24,24,2024-04-21T07:45:04.936000+00:00,55.217,39.843,57.411,204.0,196.0,True,152.471,"[2064, 2064, 2048, 2048, 2048, 2048, 2048]","[2048, 2048, 2048, 2048, 2048, 2048]","[2048, 2048, 2048, 2048, 2048, 2048, 2048, 2048, 2048]",208.0
1233,9673,44,24,2024-04-21T07:45:08.787000+00:00,38.804,37.536,56.777,207.0,212.0,False,133.117,"[None, 2048, 2048, 2048, 2048, 2048, 2048]","[2048, 2048, 2048, 2048, 2048, 2048]","[2048, 2048, 2048, 2048, 2048, 2048, 2048, 2048, 2048]",233.0
1233,9673,20,24,2024-04-21T07:45:10.957000+00:00,38.752,36.718,57.497,226.0,191.0,False,132.967,"[None, 2048, 2048, 2048, 2048, 2048, 2048]","[2048, 2048, 2048, 2048, 2048, 2048]","[2048, 2048, 2048, 2048, 2048, 2048, 2048, 2048, 2048]",201.0
1233,9673,10,24,2024-04-21T07:45:14.692000+00:00,52.564,41.574,55.76,154.0,218.0,True,149.898,"[2064, 2064, 2048, 2048, 2048, 2048, 2048]","[2048, 2048, 2048, 2048, 2048, 2048]","[2048, 2048, 2048, 2048, 2048, 2048, 2048, 2048, 2048]",183.0
1233,9673,1,25,2024-04-21T07:46:33.496000+00:00,38.16,46.49,60.4,207.0,133.0,False,145.05,"[2048, 2048, 2048, 2048, 2048, 2048, 2048]","[2048, 2048, 2048, 2048, 2048, 2048]","[2048, 2048, 2048, 2048, 2048, 2048, 2048, 2048, 2048]",271.0
1233,9673,4,25,2024-04-21T07:46:34.829000+00:00,37.817,46.096,61.192,249.0,113.0,False,145.105,"[None, 2048, 2048, 2048, 2048, 2048, 2048]","[2048, 2048, 2048, 2048, 2048, 2048]","[2048, 2048, 2048, 2048, 2048, 2048, 2048, 2048, 2048]",278.0
1233,9673,16,25,2024-04-21T07:46:36.768000+00:00,36.693,46.826,61.69,234.0,196.0,False,145.209,"[None, 2048, 2048, 2048, 2048, 2048, 2048]","[2048, 2048, 2048, 2048, 2048, 2048]","[2048, 2048, 2048, 2048, 2048, 2048, 2048, 2048, 2048]",268.0
1233,9673,11,25,2024-04-21T07:46:38.563000+00:00,35.618,47.349,61.389,210.0,185.0,False,144.356,"[2048, 2048, 2048, 2048, 2048, 2048, 2048]","[2048, 2048, 2048, 2048, 2048, 2048]","[2048, 2048, 2048, 2048, 2048, 2048, 2048, 2048, 2048]",265.0
1233,9673,81,25,2024-04-21T07:46:44.182000+00:00,47.353,38.244,59.475,260.0,200.0,True,145.072,"[2064, 2064, 2048, 2048, 2048, 2048, 2048]","[2048, 2048, 2048, 2048, 2048, 2048]","[2048, 2048, 2048, 2048, 2048, 2048, 2048, 2048, 2048]",257.0
1233,9673,55,25,2024-04-21T07:46:48.199000+00:00,27.708,47.613,61.138,247.0,177.0,False,136.459,"[None, 2048, 2048, 2048, 2048, 2048, 2048]","[2048, 2048, 2048, 2048, 2048, 2048]","[2048, 2048, 2048, 2048, 2048, 2048, 2048, 2048, 2048]",289.0
1233,9673,14,25,2024-04-21T07:46:52.192000+00:00,32.074,40.507,62.62,254.0,237.0,False,135.201,"[2048, 2048, 2048, 2048, 2048, 2048, 2048]","[2048, 2048, 2048, 2048, 2048, 2048]","[2048, 2048, 2048, 2048, 2048, 2048, 2048, 2048, 2048]",276.0
1233,9673,63,25,2024-04-21T07:46:56.803000+00:00,30.327,40.429,60.6,257.0,231.0,False,131.356,"[2048, 2048, 2048, 2048, 2048, 2048, 2048]","[2048, 2048, 2048, 2048, 2048, 2048]","[2048, 2048, 2048, 2048, 2048, 2048, 2048, 2048, 2048]",252.0
1233,9673,3,25,2024-04-21T07:47:02.745000+00:00,30.561,39.02,58.602,266.0,113.0,False,128.183,"[None, 2048, 2048, 2048, 2048, 2048, 2048]","[2048, 2048, 2048, 2048, 2048, 2048]","[2048, 2048, 2048, 2048, 2048, 2048, 2048, 2048, 2048]",284.0
1233,9673,18,25,2024-04-21T07:47:05.917000+00:00,28.736,39.134,59.164,255.0,121.0,False,127.034,"[None, 2048, 2048, 2048, 2048, 2048, 2048]","[2048, 2048, 2048, 2048, 2048, 2048]","[2048, 2048, 2048, 2048, 2048, 2048, 2048, 2048, 2048]",276.0
1233,9673,27,25,2024-04-21T07:47:14.769000+00:00,29.042,33.364,57.123,253.0,244.0,False,119.529,"[2048, 2048, 2048, 2048, 2048, 2048, 2048]","[2048, 2048, 2048, 2048, 2048, 2048]","[2048, 2048, 2048, 2048, 2048, 2048, 2048, 2048, 2048]",280.0
1233,9673,2,25,2024-04-21T07:47:17.335000+00:00,46.785,32.526,47.442,269.0,263.0,True,126.753,"[2064, 2064, 2048, 2048, 2048, 2048, 2048]","[2048, 2048, 2048, 2048, 2048, 2048]","[2048, 2048, 2048, 2048, 2048, 2048, 2048, 2048, 2048]",309.0
1233,9673,31,25,2024-04-21T07:47:19.354000+00:00,26.849,31.651,57.721,256.0,244.0,False,116.221,"[2048, 2048, 2048, 2049, 2049, 2048, 2048]","[2048, 2048, 2048, 2049, 2048, 2048]","[2048, 2048, 2048, 2048, 2048, 2048, 2048, 2048, 2048]",211.0
1233,9673,44,25,2024-04-21T07:47:21.903000+00:00,27.786,33.306,53.885,256.0,229.0,False,114.977,"[None, 2048, 2048, 2048, 2048, 2048, 2048]","[2048, 2048, 2048, 2048, 2048, 2048]","[2048, 2048, 2048, 2048, 2048, 2048, 2048, 2048, 2048]",286.0
1233,9673,20,25,2024-04-21T07:47:23.871000+00:00,29.044,32.724,52.521,250.0,246.0,False,114.289,"[None, 2048, 2048, 2048, 2048, 2048, 2048]","[2048, 2048, 2048, 2048, 2048, 2048]","[2048, 2048, 2048, 2048, 2048, 2048, 2048, 2048, 2048]",279.0
1233,9673,22,25,2024-04-21T07:47:26.541000+00:00,28.391,33.352,52.527,265.0,248.0,False,114.27,"[2048, 2048, 2048, 2048, 2048, 2048, 2048]","[2048, 2048, 2048, 2048, 2048, 2048]","[2048, 2048, 2048, 2048, 2048, 2048, 2048, 2048, 2048]",273.0
1233,9673,23,25,2024-04-21T07:47:29.617000+00:00,29.244,32.549,50.161,261.0,257.0,False,111.954,"[2048, 2048, 2048, 2048, 2048, 2048, 2048]","[2048, 2048, 2048, 2048, 2048, 2048]","[2048, 2048, 2048, 2048, 2048, 2048, 2048, 2048, 2048]",276.0
1233,9673,24,25,2024-04-21T07:47:37.454000+00:00,29.479,32.018,48.458,255.0,259.0,False,109.955,"[2048, 2048, 2048, 2048, 2049, 2048, 2048]","[2048, 2048, 2048, 2048, 2048, 2048]","[2048, 2048, 2048, 2048, 2048, 2048, 2048, 2048, 2048]",281.0
1233,9673,10,25,2024-04-21T07:47:44.600000+00:00,29.146,33.221,47.098,251.0,241.0,False,109.465,"[2048, 2048, 2048, 2048, 2048, 2048, 2048]","[2048, 2048, 2048, 2048, 2048, 2048]","[2048, 2048, 2048, 2048, 2048, 2048, 2048, 2048, 2048]",285.0
1233,9673,1,26,2024-04-21T07:48:58.577000+00:00,35.833,43.649,77.86,226.0,223.0,False,157.342,"[None, 2048, 2048, 2048, 2048, 2048, 2048]","[2048, 2048, 2048, 2048, 2048, 2048]","[2048, 2048, 2048, 2048, 2048, 2048, 2048, 2048, 2048]",126.0
1233,9673,4,26,2024-04-21T07:49:00.057000+00:00,35.239,43.697,77.941,219.0,226.0,False,156.877,"[None, 2048, 2048, 2048, 2048, 2048, 2048]","[2048, 2048, 2048, 2048, 2048, 2048]","[2048, 2048, 2048, 2048, 2048, 2048, 2048, 2048, 2048]",114.0
1233,9673,16,26,2024-04-21T07:49:01.962000+00:00,34.08,44.478,77.132,170.0,216.0,False,155.69,"[None, 2048, 2048, 2048, 2048, 2048, 2048]","[2048, 2048, 2048, 2048, 2048, 2048]","[2048, 2048, 2048, 2048, 2048, 2048, 2048, 2048, 2048]",111.0
1233,9673,11,26,2024-04-21T07:49:02.947000+00:00,33.954,44.198,77.091,152.0,203.0,False,155.243,"[None, 2048, 2048, 2048, 2048, 2048, 2048]","[2048, 2048, 2048, 2048, 2048, 2048]","[2048, 2048, 2048, 2048, 2048, 2048, 2048, 2048, 2048]",115.0
1233,9673,55,26,2024-04-21T07:49:04.552000+00:00,33.524,44.227,76.113,238.0,224.0,False,153.864,"[None, 2048, 2048, 2048, 2048, 2048, 2048]","[2048, 2048, 2048, 2048, 2048, 2048]","[2048, 2048, 2048, 2048, 2048, 2048, 2048, 2048, 2048]",109.0
1233,9673,14,26,2024-04-21T07:49:07.234000+00:00,32.604,43.778,75.327,256.0,237.0,False,151.709,"[None, 2048, 2048, 2048, 2048, 2048, 2048]","[2048, 2048, 2048, 2048, 2048, 2048]","[2048, 2048, 2048, 2048, 2048, 2048, 2049, 2048, 2048]",106.0
1233,9673,63,26,2024-04-21T07:49:08.148000+00:00,33.125,43.94,74.878,258.0,220.0,False,151.943,"[None, 2048, 2048, 2048, 2048, 2048, 2048]","[2048, 2048, 2048, 2048, 2048, 2048]","[2048, 2048, 2048, 2048, 2048, 2048, 2048, 2048, 2048]",105.0
1233,9673,81,26,2024-04-21T07:49:09.342000+00:00,33.294,44.469,73.314,246.0,237.0,False,151.077,"[2048, 2048, 2048, 2048, 2048, 2048, 2048]","[2048, 2048, 2048, 2048, 2048, 2048]","[2048, 2048, 2048, 2048, 2048, 2048, 2048, 2048, 2048]",109.0
1233,9673,3,26,2024-04-21T07:49:10.884000+00:00,34.47,43.306,74.583,255.0,229.0,False,152.359,"[None, 2048, 2048, 2048, 2048, 2048, 2048]","[2048, 2048, 2048, 2048, 2048, 2048]","[2048, 2048, 2048, 2048, 2048, 2048, 2048, 2048, 2048]",99.0
1233,9673,18,26,2024-04-21T07:49:13.104000+00:00,34.671,42.765,77.959,251.0,232.0,False,155.395,"[None, 2048, 2048, 2048, 2048, 2048, 2048]","[2048, 2048, 2048, 2048, 2048, 2048]","[2048, 2048, 2048, 2048, 2048, 2048, 2048, 2048, 2064]",99.0
1233,9673,27,26,2024-04-21T07:49:14.198000+00:00,34.743,43.102,69.888,240.0,221.0,False,147.733,"[None, 2048, 2048, 2048, 2048, 2048, 2048]","[2048, 2048, 2048, 2048, 2048, 2048]","[2048, 2048, 2048, 2048, 2048, 2048, 2048, 2048, 2048]",97.0
1233,9673,31,26,2024-04-21T07:49:15.502000+00:00,34.696,42.648,70.577,239.0,188.0,False,147.921,"[None, 2048, 2048, 2048, 2048, 2048, 2048]","[2048, 2048, 2048, 2048, 2048, 2048]","[2048, 2048, 2048, 2048, 2048, 2048, 2048, 2048, 2048]",98.0
1233,9673,44,26,2024-04-21T07:49:16.745000+00:00,35.762,41.631,69.826,223.0,202.0,False,147.219,"[None, 2048, 2048, 2048, 2048, 2048, 2048]","[2048, 2048, 2048, 2048, 2048, 2048]","[2048, 2048, 2048, 2048, 2048, 2048, 2048, 2048, 2048]",85.0
1233,9673,20,26,2024-04-21T07:49:18.143000+00:00,35.224,42.068,68.776,229.0,212.0,False,146.068,"[None, 2048, 2048, 2048, 2048, 2048, 2048]","[2048, 2048, 2048, 2048, 2048, 2048]","[2048, 2048, 2048, 2048, 2048, 2048, 2048, 2048]",88.0
1233,9673,22,26,2024-04-21T07:49:20.731000+00:00,34.749,41.78,67.181,241.0,218.0,False,143.71,"[None, 2048, 2048, 2048, 2048, 2048, 2048]","[2048, 2048, 2048, 2048, 2048, 2048]","[2048, 2048, 2048, 2048, 2048, 2048, 2048, 2048]",99.0
1233,9673,23,26,2024-04-21T07:49:21.495000+00:00,35.41,41.182,66.744,231.0,225.0,False,143.336,"[None, 2048, 2048, 2048, 2048, 2048, 2048]","[2048, 2048, 2048, 2048, 2048, 2048]","[2048, 2048, 2048, 2048, 2048, 2048, 2048, 2048, 2048]",112.0
1233,9673,2,26,2024-04-21T07:49:24.105000+00:00,34.399,40.996,66.063,221.0,211.0,False,141.458,"[2048, 2048, 2048, 2048, 2048, 2048, 2048]","[2048, 2048, 2048, 2048, 2048, 2048]","[2048, 2048, 2048, 2048, 2048, 2048, 2048, 2048, 2048]",111.0
1233,9673,24,26,2024-04-21T07:49:27.464000+00:00,32.788,41.237,64.472,203.0,200.0,False,138.497,"[None, 2048, 2048, 2048, 2048, 2048, 2048]","[2048, 2048, 2048, 2048, 2048, 2048]","[2048, 2048, 2048, 2048, 2048, 2048, 2048, 2048, 2048]",115.0
1233,9673,10,26,2024-04-21T07:49:34.101000+00:00,29.516,39.105,63.829,244.0,175.0,False,132.45,"[None, 2048, 2048, 2048, 2048, 2048, 2048]","[2048, 2048, 2048, 2048, 2048, 2048]","[2048, 2048, 2048, 2048, 2048, 2048, 2048, 2048, 2048]",111.0
1233,9673,1,27,2024-04-21T07:51:35.920000+00:00,26.034,29.474,51.615,275.0,263.0,False,107.123,"[None, 2048, 2049, 2051, 2051, 2049, 2048]","[2048, 2049, 2048, 2051, 2051, 2049]","[2048, 2049, 2049, 2048, 2048, 2049, 2048, 2048, 2048]",309.0
1233,9673,4,27,2024-04-21T07:51:36.887000+00:00,26.449,29.753,52.429,276.0,270.0,False,108.631,"[None, 2048, 2048, 2049, 2049, 2048, 2048]","[2049, 2048, 2049, 2049, 2049, 2049]","[2048, 2049, 2049, 2048, 2048, 2049, 2048, 2048, 2048]",311.0
1233,9673,16,27,2024-04-21T07:51:37.755000+00:00,26.655,29.957,52.112,272.0,265.0,False,108.724,"[None, 2048, 2048, 2049, 2049, 2048, 2048]","[2049, 2048, 2049, 2049, 2049, 2049]","[2049, 2048, 2049, 2048, 2048, 2048, 2048, 2048, 2048]",310.0
1233,9673,11,27,2024-04-21T07:51:38.129000+00:00,26.812,30.047,52.213,277.0,267.0,False,109.072,"[None, 2048, 2048, 2048, 2049, 2048, 2048]","[2048, 2048, 2048, 2048, 2048, 2049]","[2048, 2048, 2049, 2048, 2048, 2048, 2048, 2048, 2048]",313.0
1233,9673,55,27,2024-04-21T07:51:38.473000+00:00,26.898,30.31,55.027,274.0,266.0,False,112.235,"[None, 2048, 2048, 2048, 2048, 2049, 2048]","[2048, 2048, 2048, 2048, 2048, 2048]","[2048, 2048, 2048, 2048, 2048, 2048, 2048, 2048, 2048]",313.0
1233,9673,14,27,2024-04-21T07:51:39.045000+00:00,26.633,30.354,53.405,271.0,273.0,False,110.392,"[None, 2048, 2048, 2048, 2048, 2049, 2049]","[2048, 2049, 2048, 2048, 2048, 2051]","[2048, 2051, 2051, 2051, 2048, 2048, 2048, 2048, 2048]",312.0
1233,9673,63,27,2024-04-21T07:51:40.024000+00:00,26.882,30.016,56.479,278.0,272.0,False,113.377,"[None, 2048, 2048, 2048, 2048, 2048, 2048]","[2049, 2048, 2048, 2048, 2048, 2048]","[2048, 2049, 2049, 2048, 2048, 2048, 2048, 2048, 2048]",313.0
1233,9673,81,27,2024-04-21T07:51:40.348000+00:00,26.938,30.317,56.866,278.0,271.0,False,114.121,"[None, 2048, 2048, 2048, 2048, 2048, 2049]","[2048, 2049, 2048, 2048, 2048, 2048]","[2048, 2049, 2049, 2048, 2048, 2048, 2048, 2048, 2048]",312.0
1233,9673,27,27,2024-04-21T07:51:42.048000+00:00,26.714,30.602,56.945,275.0,267.0,False,114.261,"[None, 2048, 2048, 2049, 2048, 2049, 2048]","[2048, 2049, 2048, 2048, 2048, 2049]","[2048, 2048, 2048, 2048, 2048, 2048, 2048, 2048, 2048]",258.0
1233,9673,3,27,2024-04-21T07:51:43.287000+00:00,27.471,30.614,56.718,275.0,267.0,False,114.803,"[None, 2048, 2048, 2049, 2048, 2048, 2048]","[2048, 2048, 2048, 2048, 2048, 2049]","[2048, 2048, 2048, 2048, 2048, 2048, 2048, 2048, 2048]",188.0
1233,9673,31,27,2024-04-21T07:51:43.473000+00:00,27.499,31.212,58.001,275.0,268.0,False,116.712,"[None, 2048, 2048, 2048, 2048, 2049, 2048]","[2048, 2048, 2048, 2048, 2048, 2048]","[2048, 2049, 2049, 2048, 2048, 2048, 2048, 2048, 2048]",123.0
1233,9673,44,27,2024-04-21T07:51:43.999000+00:00,27.175,30.71,57.55,280.0,269.0,False,115.435,"[None, 2048, 2048, 2048, 2048, 2048, 2049]","[2048, 2048, 2048, 2048, 2048, 2048]","[2049, 2049, 2049, 2048, 2048, 2048, 2048, 2048]",178.0
1233,9673,20,27,2024-04-21T07:51:44.218000+00:00,27.708,44.318,88.562,283.0,135.0,False,160.588,"[None, 2048, 2048, 2048, 2048, 2049, 2049]","[2048, 2048, 2048, 2048, 2048, 2048]","[2048, 2048, 2048, 2048, 2048, 2048, 2048, 2048, 2064]",131.0
1233,9673,22,27,2024-04-21T07:51:44.465000+00:00,27.27,,,278.0,,False,,"[None, 2048, 2048, 2048, 2048, 2049, 2048]",[2048],,
1233,9673,23,27,2024-04-21T07:51:44.847000+00:00,27.27,31.751,57.829,278.0,268.0,False,116.85,"[None, 2048, 2048, 2048, 2048, 2048, 2049]","[2048, 2048, 2048, 2049, 2049, 2049]","[2048, 2048, 2049, 2048, 2048, 2048, 2048, 2048, 2048]",111.0
1233,9673,2,27,2024-04-21T07:51:45.547000+00:00,27.359,32.012,57.838,273.0,267.0,False,117.209,"[None, 2048, 2048, 2048, 2048, 2048, 2048]","[2048, 2048, 2048, 2048, 2048, 2048]","[2048, 2049, 2049, 2048, 2048, 2048, 2048, 2048, 2048]",126.0
1233,9673,24,27,2024-04-21T07:51:45.938000+00:00,27.551,31.801,59.053,278.0,271.0,False,118.405,"[None, 2048, 2048, 2048, 2048, 2048, 2048]","[2048, 2048, 2048, 2048, 2048, 2048]","[2048, 2048, 2049, 2048, 2048, 2048, 2048, 2048, 2048]",137.0
1233,9673,10,27,2024-04-21T07:51:46.576000+00:00,27.235,32.258,59.333,278.0,267.0,False,118.826,"[None, 2048, 2048, 2048, 2049, 2048, 2049]","[2048, 2048, 2048, 2048, 2048, 2049]","[2048, 2048, 2048, 2048, 2048, 2048, 2048, 2048, 2048]",179.0
1233,9673,18,27,2024-04-21T07:51:48.360000+00:00,,38.241,54.447,116.0,259.0,True,221.52,"[2064, 2064, 2048, 2048, 2048, 2048, 2048]","[2048, 2048, 2048, 2048, 2049, 2048]","[2048, 2048, 2048, 2048, 2048, 2048, 2048, 2048, 2048]",248.0
1233,9673,1,28,2024-04-21T07:53:23.122000+00:00,34.861,50.842,65.746,172.0,226.0,False,151.449,"[None, 2048, 2048, 2048, 2048, 2048, 2048]","[2048, 2048, 2048, 2048, 2048, 2048]","[2048, 2048, 2048, 2048, 2048, 2048, 2048, 2048, 2048]",153.0
1233,9673,4,28,2024-04-21T07:53:25.564000+00:00,34.087,51.22,64.658,131.0,234.0,False,149.965,"[None, 2048, 2048, 2048, 2048, 2048, 2048]","[2048, 2048, 2048, 2048, 2048, 2048]","[2048, 2048, 2048, 2048, 2048, 2048, 2048, 2048, 2048]",166.0
1233,9673,16,28,2024-04-21T07:53:26.391000+00:00,34.738,51.235,65.199,120.0,225.0,False,151.172,"[None, 2048, 2048, 2048, 2048, 2048, 2048]","[2048, 2048, 2048, 2048, 2048, 2048]","[2048, 2048, 2048, 2048, 2048, 2048, 2048, 2048, 2048]",155.0
1233,9673,11,28,2024-04-21T07:53:27.194000+00:00,35.329,50.551,65.424,119.0,224.0,False,151.304,"[None, 2048, 2048, 2048, 2048, 2048, 2048]","[2048, 2048, 2048, 2048, 2048, 2048]","[2048, 2048, 2048, 2048, 2048, 2048, 2048, 2048, 2048]",147.0
1233,9673,14,28,2024-04-21T07:53:29.405000+00:00,34.185,50.884,65.009,118.0,240.0,False,150.078,"[None, 2048, 2048, 2048, 2048, 2048, 2048]","[2048, 2048, 2048, 2048, 2048, 2048]","[2048, 2048, 2048, 2048, 2048, 2048, 2048, 2048, 2048]",155.0
1233,9673,55,28,2024-04-21T07:53:30.743000+00:00,33.704,51.452,64.881,113.0,224.0,False,150.037,"[None, 2048, 2048, 2048, 2048, 2048, 2048]","[2048, 2048, 2048, 2048, 2048, 2048]","[2048, 2048, 2048, 2048, 2048, 2048, 2048, 2048, 2048]",228.0
1233,9673,63,28,2024-04-21T07:53:33.389000+00:00,33.27,50.802,65.162,137.0,237.0,False,149.234,"[None, 2048, 2048, 2048, 2048, 2048, 2048]","[2048, 2048, 2048, 2048, 2048, 2048]","[2048, 2048, 2048, 2048, 2048, 2048, 2048, 2048, 2048]",214.0
1233,9673,81,28,2024-04-21T07:53:34.521000+00:00,33.551,50.843,64.611,113.0,227.0,False,149.005,"[None, 2048, 2048, 2048, 2048, 2048, 2048]","[2048, 2048, 2048, 2048, 2048, 2048]","[2048, 2048, 2048, 2048, 2048, 2048, 2048, 2048, 2048]",258.0
1233,9673,27,28,2024-04-21T07:53:36.269000+00:00,32.847,52.321,64.396,125.0,221.0,False,149.564,"[None, 2048, 2048, 2048, 2048, 2048, 2048]","[2048, 2048, 2048, 2048, 2048, 2048]","[2048, 2048, 2048, 2048, 2048, 2048, 2048, 2048, 2048]",265.0
1233,9673,3,28,2024-04-21T07:53:38.079000+00:00,30.94,50.989,64.66,170.0,228.0,False,146.589,"[None, 2048, 2048, 2048, 2048, 2048, 2048]","[2048, 2048, 2048, 2048, 2048, 2048]","[2048, 2048, 2048, 2048, 2048, 2048, 2048, 2048, 2048]",269.0
1233,9673,44,28,2024-04-21T07:53:39.445000+00:00,32.116,51.255,64.227,200.0,214.0,False,147.598,"[None, 2048, 2048, 2048, 2048, 2048, 2048]","[2048, 2048, 2048, 2048, 2048, 2048]","[2048, 2048, 2048, 2048, 2048, 2048, 2048, 2048, 2048]",258.0
1233,9673,31,28,2024-04-21T07:53:40.285000+00:00,32.276,51.266,64.08,171.0,210.0,False,147.622,"[None, 2048, 2048, 2048, 2048, 2048, 2048]","[2048, 2048, 2048, 2048, 2048, 2048]","[2048, 2048, 2048, 2048, 2048, 2048, 2048, 2048, 2048]",244.0
1233,9673,23,28,2024-04-21T07:53:41.754000+00:00,32.489,50.65,63.84,160.0,223.0,False,146.979,"[None, 2048, 2048, 2048, 2048, 2048, 2048]","[2048, 2048, 2048, 2048, 2048, 2048]","[2048, 2048, 2048, 2048, 2048, 2048, 2048, 2048, 2048]",187.0
1233,9673,2,28,2024-04-21T07:53:42.747000+00:00,32.154,51.448,63.288,174.0,215.0,False,146.89,"[None, 2048, 2048, 2048, 2048, 2048, 2048]","[2048, 2048, 2048, 2048, 2048, 2048]","[2048, 2048, 2048, 2048, 2048, 2048, 2048, 2048, 2048]",163.0
1233,9673,24,28,2024-04-21T07:53:44.312000+00:00,32.404,51.246,63.411,215.0,191.0,False,147.061,"[None, 2048, 2048, 2048, 2048, 2048, 2048]","[2048, 2048, 2048, 2048, 2048, 2048]","[2048, 2048, 2048, 2048, 2048, 2048, 2048, 2048, 2048]",251.0
1233,9673,10,28,2024-04-21T07:53:45.263000+00:00,32.193,51.095,63.574,239.0,202.0,False,146.862,"[None, 2048, 2048, 2048, 2048, 2048, 2048]","[2048, 2048, 2048, 2048, 2048, 2048]","[2048, 2048, 2048, 2048, 2048, 2048, 2048, 2048, 2048]",261.0
1233,9673,20,28,2024-04-21T07:54:24.805000+00:00,49.816,31.747,55.503,272.0,262.0,True,137.066,"[2064, 2064, 2048, 2048, 2048, 2048, 2048]","[2048, 2048, 2048, 2048, 2048, 2048]","[2048, 2048, 2048, 2048, 2048, 2048, 2048, 2048, 2048]",164.0
1233,9673,18,28,2024-04-21T07:55:29.940000+00:00,35.176,39.9,62.939,152.0,204.0,False,138.015,"[2048, 2048, 2048, 2048, 2048, 2048, 2048]","[2048, 2048, 2048, 2048, 2048, 2048]","[2048, 2048, 2048, 2048, 2048, 2048, 2048, 2048, 2048]",204.0
1233,9673,1,29,2024-04-21T07:55:54.557000+00:00,39.616,44.166,62.788,220.0,183.0,False,146.57,"[None, 2048, 2048, 2048, 2048, 2048, 2048]","[2048, 2048, 2048, 2048, 2048, 2048]","[2048, 2048, 2048, 2048, 2048, 2048, 2048, 2048, 2048]",190.0
1233,9673,4,29,2024-04-21T07:55:55.531000+00:00,40.381,45.283,61.785,250.0,236.0,False,147.449,"[None, 2048, 2048, 2048, 2048, 2048, 2048]","[2048, 2048, 2048, 2048, 2048, 2048]","[2048, 2048, 2048, 2048, 2048, 2048, 2048, 2048, 2048]",180.0
1233,9673,16,29,2024-04-21T07:55:57.516000+00:00,39.65,45.685,60.999,228.0,225.0,False,146.334,"[None, 2048, 2048, 2048, 2048, 2048, 2048]","[2048, 2048, 2048, 2048, 2048, 2048]","[2048, 2048, 2048, 2048, 2048, 2048, 2048, 2048, 2048]",264.0
1233,9673,11,29,2024-04-21T07:55:58.601000+00:00,39.211,45.775,60.961,219.0,229.0,False,145.947,"[None, 2048, 2048, 2048, 2048, 2048, 2048]","[2048, 2048, 2048, 2048, 2048, 2048]","[2048, 2048, 2048, 2048, 2048, 2048, 2048, 2048, 2048]",260.0
1233,9673,14,29,2024-04-21T07:55:59.432000+00:00,40.074,45.245,60.499,228.0,232.0,False,145.818,"[None, 2048, 2048, 2048, 2048, 2048, 2048]","[2048, 2048, 2048, 2048, 2048, 2048]","[2048, 2048, 2048, 2048, 2048, 2048, 2048, 2048, 2048]",229.0
1233,9673,55,29,2024-04-21T07:56:00.792000+00:00,39.665,45.528,60.733,248.0,244.0,False,145.926,"[None, 2048, 2048, 2048, 2048, 2048, 2048]","[2048, 2048, 2048, 2048, 2048, 2048]","[2048, 2048, 2048, 2048, 2048, 2048, 2048, 2048, 2048]",287.0
1233,9673,63,29,2024-04-21T07:56:02.620000+00:00,39.351,46.214,59.66,244.0,228.0,False,145.225,"[None, 2048, 2048, 2048, 2048, 2048, 2048]","[2048, 2048, 2048, 2048, 2048, 2048]","[2048, 2048, 2048, 2048, 2048, 2048, 2048, 2048, 2048]",283.0
1233,9673,81,29,2024-04-21T07:56:03.479000+00:00,39.593,46.31,59.752,225.0,213.0,False,145.655,"[None, 2048, 2048, 2048, 2048, 2048, 2048]","[2048, 2048, 2048, 2048, 2048, 2048]","[2048, 2048, 2048, 2048, 2048, 2048, 2048, 2048, 2048]",279.0
1233,9673,3,29,2024-04-21T07:56:04.495000+00:00,39.912,46.527,58.927,231.0,212.0,False,145.366,"[None, 2048, 2048, 2048, 2048, 2048, 2048]","[2048, 2048, 2048, 2048, 2048, 2048]","[2048, 2048, 2048, 2048, 2048, 2048, 2048, 2048, 2048]",273.0
1233,9673,27,29,2024-04-21T07:56:05.856000+00:00,39.276,46.727,59.145,231.0,203.0,False,145.148,"[None, 2048, 2048, 2048, 2048, 2048, 2048]","[2048, 2048, 2048, 2048, 2048, 2048]","[2048, 2048, 2048, 2048, 2048, 2048, 2048, 2048, 2048]",268.0
1233,9673,44,29,2024-04-21T07:56:07.148000+00:00,39.299,46.869,58.721,210.0,175.0,False,144.889,"[None, 2048, 2048, 2048, 2048, 2048, 2048]","[2048, 2048, 2048, 2048, 2048, 2048]","[2048, 2048, 2048, 2048, 2048, 2048, 2048, 2048, 2048]",267.0
1233,9673,31,29,2024-04-21T07:56:07.910000+00:00,39.62,46.679,58.618,223.0,179.0,False,144.917,"[None, 2048, 2048, 2048, 2048, 2048, 2048]","[2048, 2048, 2048, 2048, 2048, 2048]","[2048, 2048, 2048, 2048, 2048, 2048, 2048, 2048, 2048]",262.0
1233,9673,23,29,2024-04-21T07:56:08.682000+00:00,39.902,46.594,58.288,218.0,141.0,False,144.784,"[None, 2048, 2048, 2048, 2048, 2048, 2048]","[2048, 2048, 2048, 2048, 2048, 2048]","[2048, 2048, 2048, 2048, 2048, 2048, 2048, 2048, 2048]",272.0
1233,9673,2,29,2024-04-21T07:56:09.620000+00:00,39.862,46.42,58.512,229.0,127.0,False,144.794,"[None, 2048, 2048, 2048, 2048, 2048, 2048]","[2048, 2048, 2048, 2048, 2048, 2048]","[2048, 2048, 2048, 2048, 2048, 2048, 2048, 2048, 2048]",242.0
1233,9673,24,29,2024-04-21T07:56:11.320000+00:00,39.705,45.966,60.405,224.0,166.0,False,146.076,"[None, 2048, 2048, 2048, 2048, 2048, 2048]","[2048, 2048, 2048, 2048, 2048, 2048]","[2048, 2048, 2048, 2048, 2048, 2048, 2048, 2048, 2048]",258.0
1233,9673,10,29,2024-04-21T07:56:12.244000+00:00,40.034,45.883,60.448,233.0,137.0,False,146.365,"[None, 2048, 2048, 2048, 2048, 2048, 2048]","[2048, 2048, 2048, 2048, 2048, 2048]","[2048, 2048, 2048, 2048, 2048, 2048, 2048, 2048, 2048]",220.0
1233,9673,20,29,2024-04-21T07:56:41.992000+00:00,27.375,31.469,58.961,276.0,162.0,False,117.805,"[2048, 2048, 2048, 2048, 2048, 2048, 2048]","[2048, 2048, 2048, 2048, 2049, 2048]","[2048, 2048, 2048, 2048, 2048, 2048, 2048, 2048, 2048]",180.0
1233,9673,18,29,2024-04-21T07:57:47.886000+00:00,26.825,29.769,47.953,273.0,269.0,False,104.547,"[None, 2048, 2048, 2048, 2049, 2048, 2048]","[2048, 2049, 2048, 2049, 2049, 2049]","[2048, 2049, 2049, 2048, 2048, 2048, 2048, 2048, 2048]",309.0
1233,9673,1,30,2024-04-21T07:58:21.069000+00:00,36.62,44.106,59.392,208.0,190.0,False,140.118,"[None, 2048, 2048, 2048, 2048, 2048, 2048]","[2048, 2048, 2048, 2048, 2048, 2048]","[2048, 2048, 2048, 2048, 2048, 2048, 2048, 2048, 2048]",274.0
1233,9673,4,30,2024-04-21T07:58:22.906000+00:00,35.481,44.201,60.192,,160.0,False,139.874,"[None, 2048, 2048, 2048, 2048, 2048, 2048]","[2048, 2048, 2048, 2048, 2048, 2048]","[2048, 2048, 2048, 2048, 2048, 2048, 2048, 2048, 2048]",283.0
1233,9673,16,30,2024-04-21T07:58:23.949000+00:00,35.682,43.965,61.137,234.0,173.0,False,140.784,"[None, 2048, 2048, 2048, 2048, 2048, 2048]","[2048, 2048, 2048, 2048, 2048, 2048]","[2048, 2048, 2048, 2048, 2048, 2048, 2048, 2048, 2048]",262.0
1233,9673,11,30,2024-04-21T07:58:24.546000+00:00,35.589,44.431,61.624,241.0,185.0,False,141.644,"[None, 2048, 2048, 2048, 2048, 2048, 2048]","[2048, 2048, 2048, 2048, 2048, 2048]","[2048, 2048, 2048, 2048, 2048, 2048, 2048, 2048, 2048]",261.0
1233,9673,14,30,2024-04-21T07:58:25.358000+00:00,35.989,44.648,61.463,252.0,213.0,False,142.1,"[None, 2048, 2048, 2048, 2048, 2048, 2048]","[2048, 2048, 2048, 2048, 2048, 2048]","[2048, 2048, 2048, 2048, 2048, 2048, 2048, 2048, 2048]",272.0
1233,9673,55,30,2024-04-21T07:58:26.769000+00:00,35.663,44.594,61.619,227.0,224.0,False,141.876,"[None, 2048, 2048, 2048, 2048, 2048, 2048]","[2048, 2048, 2048, 2048, 2048, 2048]","[2048, 2048, 2048, 2048, 2048, 2048, 2048, 2048, 2048]",273.0
1233,9673,63,30,2024-04-21T07:58:27.928000+00:00,36.089,44.314,61.252,233.0,228.0,False,141.655,"[None, 2048, 2048, 2048, 2048, 2048, 2048]","[2048, 2048, 2048, 2048, 2048, 2048]","[2048, 2048, 2048, 2048, 2048, 2048, 2048, 2048, 2048]",275.0
1233,9673,81,30,2024-04-21T07:58:29.080000+00:00,36.007,44.063,61.001,249.0,225.0,False,141.071,"[None, 2048, 2048, 2048, 2048, 2048, 2048]","[2048, 2048, 2048, 2048, 2048, 2048]","[2048, 2048, 2048, 2048, 2048, 2048, 2048, 2048, 2048]",276.0
1233,9673,3,30,2024-04-21T07:58:30.030000+00:00,36.799,44.41,59.845,245.0,232.0,False,141.054,"[None, 2048, 2048, 2048, 2048, 2048, 2048]","[2048, 2048, 2048, 2048, 2048, 2048]","[2048, 2048, 2048, 2048, 2048, 2048, 2048, 2048, 2048]",260.0
1233,9673,27,30,2024-04-21T07:58:30.918000+00:00,37.023,44.415,59.923,233.0,228.0,False,141.361,"[None, 2048, 2048, 2048, 2048, 2048, 2048]","[2048, 2048, 2048, 2048, 2048, 2048]","[2048, 2048, 2048, 2048, 2048, 2048, 2048, 2048, 2048]",255.0
1233,9673,44,30,2024-04-21T07:58:31.952000+00:00,37.311,44.312,59.477,229.0,172.0,False,141.1,"[None, 2048, 2048, 2048, 2048, 2048, 2048]","[2048, 2048, 2048, 2048, 2048, 2048]","[2048, 2048, 2048, 2048, 2048, 2048, 2048, 2048, 2048]",207.0
1233,9673,31,30,2024-04-21T07:58:32.858000+00:00,37.308,44.977,59.037,214.0,186.0,False,141.322,"[None, 2048, 2048, 2048, 2048, 2048, 2048]","[2048, 2048, 2048, 2048, 2048, 2048]","[2048, 2048, 2048, 2048, 2048, 2048, 2048, 2048, 2048]",169.0
1233,9673,23,30,2024-04-21T07:58:33.549000+00:00,37.338,44.891,59.12,234.0,202.0,False,141.349,"[None, 2048, 2048, 2048, 2048, 2048, 2048]","[2048, 2048, 2048, 2048, 2048, 2048]","[2048, 2048, 2048, 2048, 2048, 2048, 2048, 2048, 2048]",163.0
1233,9673,2,30,2024-04-21T07:58:34.503000+00:00,38.125,44.298,59.184,218.0,165.0,False,141.607,"[None, 2048, 2048, 2048, 2048, 2048, 2048]","[2048, 2048, 2048, 2048, 2048, 2048]","[2048, 2048, 2048, 2048, 2048, 2048, 2048, 2048, 2048]",176.0
1233,9673,24,30,2024-04-21T07:58:37.435000+00:00,35.867,44.78,60.707,208.0,154.0,False,141.354,"[None, 2048, 2048, 2048, 2048, 2048, 2048]","[2048, 2048, 2048, 2048, 2048, 2048]","[2048, 2048, 2048, 2048, 2048, 2048, 2048, 2048, 2048]",181.0
1233,9673,10,30,2024-04-21T07:58:38.570000+00:00,35.686,45.132,60.07,200.0,115.0,False,140.888,"[None, 2048, 2048, 2048, 2048, 2048, 2048]","[2048, 2048, 2048, 2048, 2048, 2048]","[2048, 2048, 2048, 2048, 2048, 2048, 2048, 2048, 2048]",239.0
1233,9673,20,30,2024-04-21T07:58:39.755000+00:00,35.996,44.947,60.653,155.0,112.0,False,141.596,"[None, 2048, 2048, 2048, 2048, 2048, 2048]","[2048, 2048, 2048, 2048, 2048, 2048]","[2048, 2048, 2048, 2048, 2048, 2048, 2048, 2048, 2048]",233.0
1233,9673,18,30,2024-04-21T07:59:32.463000+00:00,27.18,30.761,45.327,243.0,268.0,False,103.268,"[None, 2048, 2048, 2048, 2048, 2048, 2048]","[2048, 2048, 2048, 2048, 2048, 2048]","[2048, 2048, 2048, 2048, 2048, 2048, 2048, 2048, 2048]",308.0
1233,9673,1,31,2024-04-21T08:00:41.138000+00:00,35.883,44.116,68.771,230.0,192.0,False,148.77,"[None, 2048, 2048, 2048, 2048, 2048, 2048]","[2048, 2048, 2048, 2048, 2048, 2048]","[2048, 2048, 2048, 2048, 2048, 2048, 2049, 2048, 2048]",135.0
1233,9673,4,31,2024-04-21T08:00:42.844000+00:00,34.9,44.186,68.924,222.0,203.0,False,148.01,"[None, 2048, 2048, 2048, 2048, 2048, 2048]","[2048, 2048, 2048, 2048, 2048, 2048]","[2048, 2048, 2048, 2048, 2048, 2048, 2049, 2048, 2048]",129.0
1233,9673,16,31,2024-04-21T08:00:44.780000+00:00,34.005,44.877,67.884,158.0,228.0,False,146.766,"[None, 2048, 2048, 2048, 2048, 2048, 2048]","[2048, 2048, 2048, 2048, 2048, 2048]","[2048, 2048, 2048, 2048, 2048, 2048, 2048, 2048, 2048]",128.0
1233,9673,11,31,2024-04-21T08:00:46.161000+00:00,33.147,44.73,67.979,177.0,234.0,False,145.856,"[None, 2048, 2048, 2048, 2048, 2048, 2048]","[2048, 2048, 2048, 2048, 2048, 2048]","[2048, 2048, 2048, 2048, 2048, 2048, 2048, 2048, 2048]",127.0
1233,9673,14,31,2024-04-21T08:00:47.369000+00:00,33.323,44.745,66.789,224.0,178.0,False,144.857,"[None, 2048, 2048, 2048, 2048, 2048, 2048]","[2048, 2048, 2048, 2048, 2048, 2048]","[2048, 2048, 2048, 2048, 2048, 2048, 2049, 2048, 2048]",141.0
1233,9673,55,31,2024-04-21T08:00:48.618000+00:00,33.053,44.499,67.1,224.0,181.0,False,144.652,"[None, 2048, 2048, 2048, 2048, 2048, 2048]","[2048, 2048, 2048, 2048, 2048, 2048]","[2048, 2048, 2048, 2048, 2048, 2048, 2048, 2048, 2048]",128.0
1233,9673,63,31,2024-04-21T08:00:49.537000+00:00,33.249,44.397,66.607,242.0,203.0,False,144.253,"[None, 2048, 2048, 2048, 2048, 2048, 2048]","[2048, 2048, 2048, 2048, 2048, 2048]","[2048, 2048, 2048, 2048, 2048, 2048, 2048, 2048, 2048]",128.0
1233,9673,81,31,2024-04-21T08:00:50.214000+00:00,33.807,44.376,65.818,253.0,239.0,False,144.001,"[None, 2048, 2048, 2048, 2048, 2048, 2048]","[2048, 2048, 2048, 2048, 2048, 2048]","[2048, 2048, 2048, 2048, 2048, 2048, 2048, 2048, 2048]",120.0
1233,9673,3,31,2024-04-21T08:00:51.008000+00:00,35.265,44.231,64.301,252.0,224.0,False,143.797,"[None, 2048, 2048, 2048, 2048, 2048, 2048]","[2048, 2048, 2048, 2048, 2048, 2048]","[2048, 2048, 2048, 2048, 2048, 2048, 2048, 2048, 2048]",125.0
1233,9673,27,31,2024-04-21T08:00:52.358000+00:00,35.19,43.945,64.006,240.0,230.0,False,143.141,"[None, 2048, 2048, 2048, 2048, 2048, 2048]","[2048, 2048, 2048, 2048, 2048, 2048]","[2048, 2048, 2048, 2048, 2048, 2048, 2048, 2048, 2048]",117.0
1233,9673,44,31,2024-04-21T08:00:53.061000+00:00,36.51,44.378,61.946,,195.0,False,142.834,"[None, 2048, 2048, 2048, 2048, 2048, 2048]","[2048, 2048, 2048, 2048, 2048, 2048]","[2048, 2048, 2048, 2048, 2048, 2048, 2048, 2048, 2048]",117.0
1233,9673,31,31,2024-04-21T08:00:54.181000+00:00,35.999,44.441,61.905,233.0,205.0,False,142.345,"[None, 2048, 2048, 2048, 2048, 2048, 2048]","[2048, 2048, 2048, 2048, 2048, 2048]","[2048, 2048, 2048, 2048, 2048, 2048, 2048, 2048, 2048]",144.0
1233,9673,23,31,2024-04-21T08:00:54.831000+00:00,36.052,44.173,61.903,240.0,223.0,False,142.128,"[None, 2048, 2048, 2048, 2048, 2048, 2048]","[2048, 2048, 2048, 2048, 2048, 2048]","[2048, 2048, 2048, 2048, 2048, 2048, 2048, 2048, 2048]",129.0
1233,9673,2,31,2024-04-21T08:00:56.007000+00:00,36.242,44.082,61.179,236.0,215.0,False,141.503,"[None, 2048, 2048, 2048, 2048, 2048, 2048]","[2048, 2048, 2048, 2048, 2048, 2048]","[2048, 2048, 2048, 2048, 2048, 2048, 2048, 2048, 2048]",127.0
1233,9673,24,31,2024-04-21T08:00:58.846000+00:00,34.471,44.324,60.625,226.0,213.0,False,139.42,"[None, 2048, 2048, 2048, 2048, 2048, 2048]","[2048, 2048, 2048, 2048, 2048, 2048]","[2048, 2048, 2048, 2048, 2048, 2048, 2048, 2048, 2048]",128.0
1233,9673,10,31,2024-04-21T08:00:59.540000+00:00,35.216,44.757,59.297,218.0,169.0,False,139.27,"[None, 2048, 2048, 2048, 2048, 2048, 2048]","[2048, 2048, 2048, 2048, 2048, 2048]","[2048, 2048, 2048, 2048, 2048, 2048, 2048, 2048, 2048]",141.0
1233,9673,20,31,2024-04-21T08:01:01.344000+00:00,34.647,44.809,58.348,192.0,154.0,False,137.804,"[None, 2048, 2048, 2048, 2048, 2048, 2048]","[2048, 2048, 2048, 2048, 2048, 2048]","[2048, 2048, 2048, 2048, 2048, 2048, 2049, 2048, 2048]",162.0
1233,9673,18,31,2024-04-21T08:01:15.737000+00:00,27.177,39.107,57.956,259.0,154.0,False,124.24,"[None, 2048, 2048, 2048, 2048, 2048, 2048]","[2048, 2048, 2048, 2048, 2048, 2048]","[2048, 2048, 2048, 2048, 2048, 2048, 2049, 2048, 2048]",259.0
1233,9673,1,32,2024-04-21T08:03:10.032000+00:00,26.06,29.829,42.715,275.0,268.0,False,98.604,"[None, 2048, 2048, 2048, 2051, 2049, 2048]","[2048, 2048, 2051, 2048, 2051, 2049]","[2051, 2049, 2049, 2048, 2048, 2048, 2049, 2048, 2049]",309.0
1233,9673,4,32,2024-04-21T08:03:10.836000+00:00,26.404,29.748,42.805,276.0,270.0,False,98.957,"[None, 2048, 2048, 2049, 2048, 2049, 2048]","[2049, 2048, 2049, 2048, 2048, 2048]","[2048, 2049, 2048, 2048, 2048, 2048, 2049, 2048, 2049]",311.0
1233,9673,16,32,2024-04-21T08:03:11.545000+00:00,26.515,29.931,43.079,277.0,267.0,False,99.525,"[None, 2048, 2048, 2049, 2048, 2049, 2048]","[2051, 2048, 2048, 2048, 2049, 2049]","[2048, 2048, 2048, 2048, 2048, 2049, 2048, 2048, 2048]",309.0
1233,9673,11,32,2024-04-21T08:03:12.027000+00:00,26.494,29.952,43.285,279.0,269.0,False,99.731,"[None, 2048, 2048, 2048, 2049, 2048, 2048]","[2048, 2048, 2049, 2048, 2048, 2049]","[2048, 2048, 2048, 2048, 2048, 2048, 2048, 2048, 2048]",313.0
1233,9673,14,32,2024-04-21T08:03:12.383000+00:00,26.552,30.149,43.489,276.0,271.0,False,100.19,"[None, 2048, 2048, 2048, 2049, 2048, 2049]","[2048, 2048, 2048, 2048, 2048, 2048]","[2048, 2048, 2048, 2048, 2048, 2048, 2049, 2048, 2049]",315.0
1233,9673,55,32,2024-04-21T08:03:13.303000+00:00,26.813,30.054,43.534,276.0,267.0,False,100.401,"[None, 2048, 2048, 2048, 2048, 2048, 2048]","[2048, 2048, 2048, 2048, 2048, 2049]","[2048, 2048, 2049, 2048, 2048, 2048, 2048, 2048, 2048]",311.0
1233,9673,63,32,2024-04-21T08:03:13.829000+00:00,26.911,30.215,43.564,278.0,271.0,False,100.69,"[None, 2048, 2048, 2048, 2048, 2048, 2048]","[2048, 2048, 2048, 2048, 2048, 2049]","[2048, 2048, 2048, 2048, 2048, 2048, 2048, 2048, 2048]",313.0
1233,9673,81,32,2024-04-21T08:03:14.163000+00:00,26.91,30.478,43.629,279.0,271.0,False,101.017,"[None, 2048, 2048, 2048, 2048, 2048, 2049]","[2048, 2048, 2048, 2048, 2048, 2048]","[2048, 2048, 2048, 2048, 2048, 2048, 2048, 2048, 2048]",312.0
1233,9673,3,32,2024-04-21T08:03:14.836000+00:00,27.245,31.834,44.996,273.0,269.0,False,104.075,"[None, 2048, 2048, 2048, 2048, 2048, 2048]","[2048, 2048, 2048, 2048, 2048, 2048]","[2048, 2048, 2048, 2048, 2048, 2048, 2048, 2048, 2048]",316.0
1233,9673,27,32,2024-04-21T08:03:15.468000+00:00,26.767,30.449,43.599,280.0,267.0,False,100.815,"[None, 2048, 2048, 2048, 2048, 2049, 2049]","[2048, 2048, 2048, 2048, 2049, 2049]","[2048, 2048, 2049, 2048, 2048, 2048, 2048, 2048, 2049]",315.0
1233,9673,44,32,2024-04-21T08:03:15.916000+00:00,27.031,30.408,43.679,277.0,268.0,False,101.118,"[None, 2048, 2048, 2048, 2048, 2048, 2048]","[2048, 2048, 2048, 2048, 2048, 2048]","[2048, 2048, 2048, 2048, 2048, 2048, 2049, 2048]",314.0
1233,9673,31,32,2024-04-21T08:03:16.503000+00:00,26.904,30.937,44.061,275.0,272.0,False,101.902,"[None, 2048, 2048, 2048, 2048, 2049, 2049]","[2048, 2049, 2048, 2048, 2048, 2049]","[2048, 2048, 2048, 2049, 2048, 2048, 2048, 2048, 2048]",314.0
1233,9673,23,32,2024-04-21T08:03:16.983000+00:00,27.078,30.724,44.419,270.0,271.0,False,102.221,"[None, 2048, 2048, 2048, 2048, 2048, 2048]","[2048, 2048, 2048, 2048, 2048, 2048]","[2048, 2048, 2048, 2049, 2048, 2048, 2048, 2048, 2048]",315.0
1233,9673,2,32,2024-04-21T08:03:17.599000+00:00,27.148,30.66,44.377,271.0,271.0,False,102.185,"[None, 2048, 2048, 2048, 2048, 2048, 2048]","[2048, 2048, 2048, 2048, 2048, 2049]","[2048, 2048, 2048, 2048, 2048, 2048, 2048, 2048, 2048]",316.0
1233,9673,24,32,2024-04-21T08:03:18.267000+00:00,27.006,30.604,44.392,279.0,271.0,False,102.002,"[None, 2048, 2048, 2049, 2048, 2049, 2048]","[2048, 2049, 2048, 2048, 2048, 2049]","[2048, 2048, 2048, 2048, 2048, 2048, 2048, 2048, 2048]",316.0
1233,9673,10,32,2024-04-21T08:03:18.788000+00:00,26.989,30.76,44.137,272.0,263.0,False,101.886,"[None, 2048, 2048, 2048, 2048, 2048, 2048]","[2048, 2048, 2048, 2048, 2048, 2049]","[2048, 2048, 2049, 2048, 2048, 2048, 2048, 2048, 2048]",315.0
1233,9673,20,32,2024-04-21T08:03:19.284000+00:00,26.956,30.822,43.962,278.0,270.0,False,101.74,"[None, 2048, 2048, 2048, 2049, 2048, 2048]","[2048, 2049, 2048, 2048, 2048, 2049]","[2048, 2049, 2049, 2049, 2048, 2048, 2048, 2048, 2048]",323.0
1233,9673,18,32,2024-04-21T08:03:19.992000+00:00,26.753,30.615,44.117,277.0,267.0,False,101.485,"[None, 2048, 2048, 2048, 2048, 2049, 2048]","[2048, 2048, 2048, 2048, 2048, 2048]","[2048, 2048, 2048, 2049, 2048, 2048, 2048, 2048, 2048]",315.0
1233,9673,1,33,2024-04-21T08:04:48.701000+00:00,26.22,29.365,42.821,273.0,265.0,False,98.406,"[None, 2048, 2048, 2048, 2048, 2048, 2048]","[2048, 2049, 2048, 2051, 2048, 2048]","[2048, 2048, 2048, 2048, 2048, 2048, 2048, 2048, 2049]",307.0
1233,9673,4,33,2024-04-21T08:04:49.775000+00:00,26.281,29.536,42.934,272.0,270.0,False,98.751,"[None, 2048, 2048, 2048, 2048, 2049, 2048]","[2048, 2049, 2049, 2049, 2048, 2049]","[2048, 2048, 2048, 2048, 2048, 2049, 2048, 2048, 2049]",309.0
1233,9673,16,33,2024-04-21T08:04:51.035000+00:00,26.529,29.829,43.026,275.0,268.0,False,99.384,"[None, 2048, 2049, 2048, 2049, 2048, 2048]","[2048, 2048, 2049, 2049, 2048, 2048]","[2048, 2048, 2048, 2048, 2048, 2049, 2049, 2049, 2049]",309.0
1233,9673,11,33,2024-04-21T08:04:51.757000+00:00,26.362,29.915,43.111,275.0,267.0,False,99.388,"[None, 2048, 2048, 2049, 2048, 2048, 2048]","[2048, 2049, 2049, 2048, 2048, 2048]","[2048, 2048, 2048, 2048, 2048, 2048, 2048, 2048, 2049]",330.0
1233,9673,14,33,2024-04-21T08:04:52.498000+00:00,26.546,29.893,43.041,270.0,271.0,False,99.48,"[None, 2048, 2048, 2048, 2048, 2048, 2048]","[2048, 2048, 2049, 2048, 2048, 2048]","[2048, 2048, 2048, 2048, 2048, 2048, 2048, 2048, 2049]",327.0
1233,9673,55,33,2024-04-21T08:04:53.646000+00:00,26.579,30.014,43.455,277.0,269.0,False,100.048,"[None, 2048, 2048, 2049, 2048, 2048, 2048]","[2048, 2048, 2048, 2048, 2048, 2048]","[2048, 2048, 2048, 2048, 2048, 2048, 2049, 2048, 2048]",314.0
1233,9673,63,33,2024-04-21T08:04:54.449000+00:00,26.712,30.099,43.665,274.0,269.0,False,100.476,"[None, 2048, 2048, 2048, 2048, 2048, 2048]","[2049, 2048, 2048, 2048, 2048, 2048]","[2048, 2048, 2048, 2048, 2048, 2048, 2048, 2048, 2048]",313.0
1233,9673,81,33,2024-04-21T08:04:55.256000+00:00,26.96,30.251,43.514,272.0,270.0,False,100.725,"[None, 2048, 2049, 2048, 2048, 2048, 2048]","[2048, 2048, 2048, 2048, 2048, 2048]","[2048, 2048, 2048, 2048, 2048, 2048, 2048, 2048, 2048]",312.0
1233,9673,27,33,2024-04-21T08:04:56.257000+00:00,26.718,30.635,43.526,278.0,270.0,False,100.879,"[None, 2048, 2048, 2048, 2048, 2048, 2048]","[2048, 2049, 2048, 2048, 2048, 2048]","[2049, 2048, 2048, 2048, 2048, 2048, 2049, 2048, 2048]",315.0
1233,9673,44,33,2024-04-21T08:04:56.898000+00:00,26.758,30.465,43.634,273.0,269.0,False,100.857,"[None, 2048, 2048, 2049, 2048, 2048, 2048]","[2048, 2048, 2048, 2048, 2048, 2049]","[2048, 2048, 2049, 2048, 2048, 2048, 2048, 2048, 2048]",329.0
1233,9673,31,33,2024-04-21T08:04:58.332000+00:00,26.841,30.139,43.957,269.0,263.0,False,100.937,"[None, 2048, 2048, 2048, 2048, 2048, 2048]","[2049, 2049, 2049, 2049, 2048, 2048]","[2048, 2048, 2049, 2048, 2048, 2048, 2048, 2048, 2048]",305.0
1233,9673,3,33,2024-04-21T08:04:58.978000+00:00,27.826,31.104,56.485,276.0,268.0,False,115.415,"[None, 2048, 2048, 2048, 2048, 2048, 2048]","[2048, 2048, 2048, 2048, 2048, 2048]","[2048, 2048, 2048, 2048, 2048, 2048, 2048, 2048, 2064]",210.0
1233,9673,23,33,2024-04-21T08:04:59.154000+00:00,27.015,30.277,43.977,267.0,270.0,False,101.269,"[None, 2048, 2048, 2049, 2048, 2049, 2048]","[2049, 2048, 2049, 2048, 2048, 2048]","[2049, 2048, 2048, 2048, 2048, 2048, 2048, 2048, 2048]",312.0
1233,9673,2,33,2024-04-21T08:04:59.847000+00:00,27.223,31.129,44.13,275.0,273.0,False,102.482,"[None, 2048, 2048, 2048, 2048, 2048, 2049]","[2048, 2048, 2048, 2048, 2048, 2048]","[2048, 2048, 2048, 2048, 2048, 2048, 2048, 2048, 2048]",326.0
1233,9673,24,33,2024-04-21T08:05:00.237000+00:00,27.367,31.265,44.114,268.0,267.0,False,102.746,"[None, 2048, 2048, 2048, 2048, 2048, 2048]","[2048, 2048, 2048, 2048, 2048, 2048]","[2048, 2049, 2048, 2048, 2049, 2048, 2048, 2048, 2048]",333.0
1233,9673,10,33,2024-04-21T08:05:00.710000+00:00,27.021,30.957,44.069,275.0,260.0,False,102.047,"[None, 2048, 2048, 2048, 2048, 2049, 2049]","[2048, 2049, 2048, 2048, 2048, 2048]","[2048, 2048, 2048, 2048, 2048, 2048, 2048, 2048, 2048]",337.0
1233,9673,20,33,2024-04-21T08:05:00.937000+00:00,26.986,31.42,44.067,280.0,270.0,False,102.473,"[None, 2048, 2048, 2048, 2048, 2049, 2049]","[2048, 2049, 2048, 2048, 2048, 2049]","[2048, 2048, 2048, 2049, 2049, 2048, 2048, 2048, 2048]",340.0
1233,9673,18,33,2024-04-21T08:05:01.566000+00:00,27.202,31.065,43.934,280.0,254.0,False,102.201,"[None, 2048, 2048, 2048, 2048, 2048, 2048]","[2048, 2048, 2048, 2048, 2048, 2048]","[2048, 2048, 2049, 2049, 2051, 2048, 2048, 2048]",347.0
1233,9673,1,34,2024-04-21T08:06:27.077000+00:00,26.212,29.467,42.747,272.0,266.0,False,98.426,"[None, 2048, 2049, 2048, 2048, 2048, 2048]","[2048, 2048, 2048, 2048, 2048, 2048]","[2048, 2048, 2048, 2048, 2048, 2048, 2048, 2048, 2048]",308.0
1233,9673,4,34,2024-04-21T08:06:28.427000+00:00,26.441,29.671,42.91,273.0,269.0,False,99.022,"[None, 2048, 2048, 2048, 2048, 2048, 2048]","[2049, 2048, 2048, 2049, 2048, 2048]","[2048, 2048, 2048, 2048, 2048, 2048, 2048, 2048, 2049]",310.0
1233,9673,16,34,2024-04-21T08:06:30.390000+00:00,26.526,29.914,43.121,276.0,268.0,False,99.561,"[None, 2048, 2049, 2048, 2048, 2048, 2048]","[2048, 2048, 2048, 2049, 2048, 2048]","[2048, 2048, 2048, 2048, 2048, 2048, 2048, 2048, 2048]",310.0
1233,9673,11,34,2024-04-21T08:06:31.105000+00:00,26.285,30.083,43.144,278.0,271.0,False,99.512,"[2049, 2049, 2048, 2048, 2048, 2048, 2048]","[2048, 2048, 2048, 2048, 2049, 2048]","[2048, 2048, 2048, 2048, 2048, 2048, 2048, 2048, 2048]",328.0
1233,9673,14,34,2024-04-21T08:06:31.956000+00:00,26.422,29.964,43.066,276.0,272.0,False,99.452,"[2049, 2049, 2048, 2048, 2048, 2048, 2048]","[2049, 2048, 2049, 2048, 2048, 2048]","[2048, 2048, 2048, 2048, 2048, 2048, 2048, 2048, 2049]",329.0
1233,9673,55,34,2024-04-21T08:06:33.716000+00:00,26.856,30.101,43.459,276.0,268.0,False,100.416,"[None, 2048, 2048, 2048, 2048, 2048, 2048]","[2048, 2048, 2048, 2049, 2048, 2048]","[2048, 2048, 2048, 2048, 2048, 2048, 2049, 2048, 2048]",312.0
1233,9673,63,34,2024-04-21T08:06:34.986000+00:00,26.774,30.103,43.59,273.0,269.0,False,100.467,"[None, 2048, 2048, 2048, 2048, 2048, 2048]","[2048, 2048, 2048, 2048, 2048, 2048]","[2048, 2048, 2048, 2048, 2048, 2048, 2048, 2048, 2048]",312.0
1233,9673,81,34,2024-04-21T08:06:35.987000+00:00,26.939,30.238,43.571,275.0,270.0,False,100.748,"[None, 2048, 2049, 2048, 2048, 2048, 2048]","[2048, 2048, 2048, 2048, 2048, 2048]","[2048, 2048, 2048, 2048, 2048, 2048, 2048, 2048, 2048]",311.0
1233,9673,27,34,2024-04-21T08:06:37.181000+00:00,26.75,30.542,43.572,279.0,270.0,False,100.864,"[None, 2048, 2048, 2048, 2048, 2048, 2048]","[2048, 2048, 2048, 2048, 2048, 2048]","[2048, 2048, 2048, 2048, 2048, 2048, 2049, 2048, 2048]",316.0
1233,9673,44,34,2024-04-21T08:06:37.958000+00:00,26.615,30.525,43.695,276.0,270.0,False,100.835,"[None, 2048, 2048, 2048, 2048, 2048, 2048]","[2048, 2048, 2048, 2048, 2048, 2048]","[2048, 2048, 2048, 2048, 2048, 2048, 2048, 2048, 2048]",332.0
1233,9673,31,34,2024-04-21T08:06:39.247000+00:00,26.909,30.284,43.779,,263.0,False,100.972,"[None, 2048, 2048, 2048, 2048, 2048, 2048]","[2048, 2048, 2048, 2048, 2048, 2048]","[2048, 2048, 2049, 2048, 2048, 2048, 2048, 2048, 2048]",306.0
1233,9673,23,34,2024-04-21T08:06:40.349000+00:00,26.852,30.411,43.527,271.0,269.0,False,100.79,"[None, 2048, 2048, 2048, 2048, 2048, 2048]","[2048, 2048, 2049, 2048, 2048, 2048]","[2048, 2048, 2048, 2048, 2048, 2049, 2048, 2048, 2049]",312.0
1233,9673,2,34,2024-04-21T08:06:42.204000+00:00,26.959,30.474,43.8,268.0,267.0,False,101.233,"[None, 2048, 2049, 2048, 2048, 2048, 2048]","[2048, 2048, 2049, 2048, 2048, 2048]","[2048, 2048, 2048, 2048, 2048, 2048, 2049, 2048, 2048]",312.0
1233,9673,10,34,2024-04-21T08:06:42.658000+00:00,26.869,30.671,43.982,272.0,263.0,False,101.522,"[None, 2048, 2048, 2048, 2048, 2048, 2048]","[2048, 2048, 2048, 2048, 2048, 2049]","[2048, 2048, 2048, 2048, 2048, 2048, 2048, 2048, 2048]",324.0
1233,9673,24,34,2024-04-21T08:06:42.905000+00:00,27.131,30.748,43.841,269.0,263.0,False,101.72,"[None, 2048, 2048, 2049, 2048, 2048, 2048]","[2048, 2048, 2048, 2049, 2048, 2048]","[2048, 2048, 2048, 2048, 2048, 2048, 2048, 2048, 2048]",328.0
1233,9673,20,34,2024-04-21T08:06:43.342000+00:00,27.045,31.548,44.925,275.0,266.0,False,103.518,"[2049, 2048, 2048, 2048, 2048, 2048, 2048]","[2048, 2048, 2048, 2048, 2048, 2048]","[2048, 2049, 2048, 2048, 2048, 2048, 2051, 2048, 2048]",333.0
1233,9673,18,34,2024-04-21T08:06:43.550000+00:00,26.884,31.447,44.638,284.0,263.0,False,102.969,"[2051, 2051, 2048, 2048, 2048, 2048, 2048]","[2048, 2048, 2048, 2048, 2048, 2048]","[2048, 2048, 2048, 2048, 2048, 2048, 2048, 2048, 2048]",327.0
1233,9673,3,34,2024-04-21T08:06:54.295000+00:00,,,,,,False,,,,,
1233,9673,1,35,2024-04-21T08:08:05.460000+00:00,26.531,29.475,42.759,273.0,266.0,False,98.765,"[None, 2048, 2048, 2048, 2048, 2048, 2048]","[2048, 2048, 2048, 2048, 2048, 2048]","[2048, 2048, 2048, 2048, 2048, 2048, 2048, 2048, 2049]",308.0
1233,9673,4,35,2024-04-21T08:08:07.550000+00:00,26.534,29.764,42.796,272.0,269.0,False,99.094,"[None, 2048, 2048, 2048, 2048, 2048, 2048]","[2048, 2048, 2048, 2048, 2048, 2048]","[2048, 2048, 2049, 2048, 2048, 2048, 2049, 2048, 2049]",309.0
1233,9673,16,35,2024-04-21T08:08:09.983000+00:00,26.68,29.951,43.076,275.0,269.0,False,99.707,"[None, 2048, 2048, 2048, 2048, 2048, 2048]","[2048, 2048, 2048, 2048, 2048, 2048]","[2048, 2048, 2049, 2048, 2048, 2048, 2048, 2049, 2048]",309.0
1233,9673,11,35,2024-04-21T08:08:10.671000+00:00,26.499,30.179,43.02,279.0,271.0,False,99.698,"[2048, 2048, 2048, 2048, 2048, 2048, 2048]","[2048, 2048, 2048, 2048, 2048, 2048]","[2048, 2048, 2049, 2049, 2048, 2048, 2048, 2048, 2048]",330.0
1233,9673,14,35,2024-04-21T08:08:11.462000+00:00,26.507,30.203,43.107,,271.0,False,99.817,"[None, 2049, 2049, 2048, 2048, 2048, 2048]","[2048, 2048, 2048, 2048, 2048, 2048]","[2048, 2048, 2048, 2048, 2048, 2048, 2048, 2048, 2048]",333.0
1233,9673,55,35,2024-04-21T08:08:14.156000+00:00,26.839,30.115,43.357,275.0,268.0,False,100.311,"[None, 2048, 2048, 2048, 2048, 2048, 2048]","[2048, 2048, 2049, 2048, 2048, 2048]","[2048, 2048, 2048, 2048, 2048, 2048, 2048, 2048, 2048]",312.0
1233,9673,63,35,2024-04-21T08:08:15.405000+00:00,26.993,30.065,43.435,274.0,270.0,False,100.493,"[None, 2048, 2048, 2048, 2048, 2048, 2048]","[2049, 2048, 2048, 2048, 2048, 2048]","[2048, 2048, 2048, 2048, 2048, 2048, 2048, 2048, 2048]",312.0
1233,9673,81,35,2024-04-21T08:08:16.723000+00:00,26.844,30.159,43.394,,271.0,False,100.397,"[None, 2048, 2049, 2048, 2048, 2048, 2048]","[2048, 2048, 2049, 2048, 2048, 2048]","[2048, 2048, 2049, 2048, 2048, 2048, 2048, 2048, 2048]",311.0
1233,9673,27,35,2024-04-21T08:08:18.023000+00:00,26.861,30.484,43.69,,270.0,False,101.035,"[None, 2048, 2048, 2048, 2048, 2048, 2048]","[2048, 2048, 2049, 2048, 2048, 2048]","[2048, 2048, 2048, 2048, 2048, 2048, 2048, 2048, 2048]",314.0
1233,9673,44,35,2024-04-21T08:08:18.777000+00:00,26.707,30.558,43.643,275.0,269.0,False,100.908,"[None, 2048, 2049, 2048, 2048, 2048, 2048]","[2048, 2048, 2048, 2048, 2048, 2048]","[2048, 2048, 2049, 2048, 2048, 2048, 2048, 2048, 2048]",331.0
1233,9673,31,35,2024-04-21T08:08:20.205000+00:00,26.806,30.34,43.863,270.0,266.0,False,101.009,"[None, 2048, 2049, 2048, 2048, 2048, 2048]","[2048, 2048, 2048, 2048, 2048, 2048]","[2048, 2048, 2048, 2048, 2048, 2048, 2048, 2048, 2049]",308.0
1233,9673,23,35,2024-04-21T08:08:21.271000+00:00,26.914,30.611,43.81,270.0,270.0,False,101.335,"[None, 2048, 2048, 2048, 2048, 2048, 2048]","[2048, 2048, 2048, 2048, 2048, 2048]","[2048, 2048, 2048, 2048, 2048, 2048, 2048, 2048, 2048]",312.0
1233,9673,2,35,2024-04-21T08:08:23.476000+00:00,26.992,30.265,43.839,270.0,269.0,False,101.096,"[None, 2048, 2048, 2048, 2048, 2048, 2048]","[2049, 2048, 2049, 2048, 2048, 2048]","[2048, 2048, 2048, 2048, 2048, 2048, 2049, 2048, 2048]",311.0
1233,9673,10,35,2024-04-21T08:08:24.385000+00:00,26.903,30.4,43.775,,265.0,False,101.078,"[None, 2048, 2048, 2048, 2048, 2048, 2048]","[2048, 2048, 2049, 2048, 2048, 2049]","[2048, 2048, 2048, 2048, 2048, 2048, 2048, 2048, 2048]",325.0
1233,9673,24,35,2024-04-21T08:08:24.737000+00:00,27.059,30.561,43.746,275.0,266.0,False,101.366,"[None, 2048, 2048, 2048, 2048, 2048, 2048]","[2048, 2048, 2048, 2048, 2048, 2048]","[2048, 2048, 2048, 2048, 2048, 2048, 2048, 2048, 2048]",331.0
1233,9673,18,35,2024-04-21T08:08:26.567000+00:00,27.105,30.394,48.179,271.0,270.0,False,105.678,"[2048, 2048, 2049, 2048, 2048, 2048, 2048]","[2048, 2048, 2048, 2048, 2048, 2048]","[2048, 2048, 2048, 2048, 2048, 2049, 2049, 2049, 2064]",312.0
1233,9673,20,35,2024-04-21T08:08:26.865000+00:00,27.264,31.172,44.18,,265.0,False,102.616,"[2048, 2048, 2048, 2048, 2048, 2048, 2048]","[2048, 2048, 2048, 2048, 2048, 2048]","[2048, 2048, 2048, 2048, 2048, 2048, 2048, 2048, 2048]",310.0
1233,9673,1,36,2024-04-21T08:09:44.170000+00:00,26.274,29.67,42.881,274.0,264.0,False,98.825,"[None, 2048, 2049, 2048, 2048, 2048, 2048]","[2048, 2048, 2048, 2048, 2048, 2048]","[2048, 2048, 2048, 2048, 2048, 2048, 2048, 2048, 2048]",308.0
1233,9673,4,36,2024-04-21T08:09:46.587000+00:00,26.484,29.733,42.949,273.0,269.0,False,99.166,"[None, 2048, 2048, 2048, 2048, 2048, 2048]","[2048, 2048, 2049, 2048, 2048, 2048]","[2048, 2048, 2048, 2048, 2048, 2049, 2048, 2048, 2048]",309.0
1233,9673,16,36,2024-04-21T08:09:49.678000+00:00,26.525,30.025,43.225,,266.0,False,99.775,"[None, 2048, 2048, 2049, 2048, 2048, 2048]","[2048, 2048, 2048, 2048, 2048, 2048]","[2048, 2048, 2048, 2048, 2048, 2048, 2048, 2048, 2049]",308.0
1233,9673,11,36,2024-04-21T08:09:50.342000+00:00,26.338,30.29,43.052,280.0,268.0,False,99.68,"[None, 2048, 2048, 2048, 2048, 2048, 2048]","[2048, 2048, 2048, 2048, 2048, 2048]","[2048, 2048, 2048, 2049, 2048, 2048, 2048, 2048, 2048]",330.0
1233,9673,14,36,2024-04-21T08:09:51.207000+00:00,26.637,30.312,43.689,,269.0,False,100.638,"[2048, 2048, 2049, 2048, 2048, 2048, 2048]","[2048, 2048, 2048, 2048, 2048, 2048]","[2048, 2048, 2048, 2048, 2048, 2048, 2048, 2048, 2048]",312.0
1233,9673,55,36,2024-04-21T08:09:54.464000+00:00,26.863,30.199,43.553,274.0,266.0,False,100.615,"[None, 2048, 2048, 2049, 2048, 2048, 2048]","[2048, 2048, 2049, 2048, 2048, 2048]","[2048, 2048, 2048, 2048, 2048, 2048, 2048, 2048, 2048]",310.0
1233,9673,63,36,2024-04-21T08:09:55.958000+00:00,26.798,30.249,43.449,275.0,269.0,False,100.496,"[None, 2048, 2049, 2048, 2048, 2048, 2048]","[2049, 2048, 2048, 2048, 2048, 2048]","[2048, 2048, 2048, 2048, 2048, 2048, 2048, 2048, 2049]",312.0
1233,9673,81,36,2024-04-21T08:09:57.012000+00:00,27.069,30.456,43.975,,268.0,False,101.5,"[None, 2048, 2048, 2048, 2048, 2048, 2048]","[2048, 2048, 2048, 2048, 2048, 2048]","[2048, 2048, 2048, 2048, 2048, 2048, 2048, 2048, 2048]",309.0
1233,9673,27,36,2024-04-21T08:09:59.017000+00:00,26.823,30.53,43.87,278.0,268.0,False,101.223,"[None, 2048, 2048, 2048, 2048, 2048, 2048]","[2048, 2048, 2048, 2048, 2048, 2048]","[2048, 2048, 2048, 2048, 2048, 2048, 2048, 2048, 2048]",315.0
1233,9673,44,36,2024-04-21T08:09:59.608000+00:00,26.845,30.726,43.718,270.0,268.0,False,101.289,"[None, 2048, 2048, 2048, 2048, 2048, 2048]","[2048, 2048, 2048, 2048, 2048, 2048]","[2048, 2048, 2048, 2048, 2048, 2048, 2048, 2048, 2048]",330.0
1233,9673,31,36,2024-04-21T08:10:01.272000+00:00,27.012,30.386,43.796,271.0,263.0,False,101.194,"[None, 2048, 2048, 2048, 2048, 2048, 2048]","[2048, 2048, 2049, 2048, 2048, 2048]","[2048, 2048, 2049, 2048, 2048, 2049, 2048, 2048, 2048]",307.0
1233,9673,23,36,2024-04-21T08:10:02.715000+00:00,26.941,30.561,43.878,271.0,269.0,False,101.38,"[None, 2048, 2048, 2048, 2048, 2048, 2048]","[2048, 2048, 2048, 2048, 2048, 2048]","[2048, 2048, 2048, 2048, 2048, 2048, 2048, 2048, 2048]",312.0
1233,9673,2,36,2024-04-21T08:10:04.586000+00:00,27.089,30.463,43.966,,267.0,False,101.518,"[None, 2048, 2049, 2048, 2048, 2048, 2048]","[2048, 2048, 2048, 2048, 2048, 2048]","[2048, 2048, 2048, 2048, 2048, 2048, 2048, 2048, 2048]",311.0
1233,9673,10,36,2024-04-21T08:10:05.224000+00:00,26.719,30.619,43.973,274.0,263.0,False,101.311,"[2049, 2048, 2048, 2048, 2048, 2048, 2048]","[2048, 2048, 2048, 2048, 2048, 2048]","[2048, 2048, 2048, 2048, 2048, 2048, 2048, 2048, 2048]",330.0
1233,9673,24,36,2024-04-21T08:10:06.134000+00:00,26.713,30.655,43.915,276.0,267.0,False,101.283,"[None, 2048, 2048, 2048, 2048, 2048, 2048]","[2048, 2048, 2048, 2048, 2048, 2048]","[2048, 2048, 2048, 2048, 2048, 2048, 2048, 2048, 2048]",329.0
1233,9673,20,36,2024-04-21T08:10:09.456000+00:00,27.032,30.486,43.78,276.0,267.0,False,101.298,"[None, 2048, 2048, 2048, 2048, 2048, 2048]","[2048, 2048, 2049, 2049, 2048, 2048]","[2049, 2048, 2048, 2048, 2048, 2048, 2048, 2048, 2049]",314.0
1233,9673,18,36,2024-04-21T08:10:12.259000+00:00,57.589,29.668,43.319,276.0,268.0,True,130.576,"[2064, 2064, 2048, 2048, 2048, 2048, 2048]","[2048, 2048, 2049, 2048, 2049, 2049]","[2049, 2048, 2049, 2048, 2048, 2048, 2048, 2048, 2049]",306.0
1233,9673,1,37,2024-04-21T08:11:23.067000+00:00,26.374,29.635,42.792,275.0,267.0,False,98.801,"[None, 2048, 2048, 2048, 2048, 2048, 2048]","[2051, 2048, 2048, 2048, 2048, 2048]","[2048, 2048, 2049, 2048, 2048, 2048, 2048, 2048, 2048]",309.0
1233,9673,4,37,2024-04-21T08:11:25.746000+00:00,26.467,29.93,42.903,,267.0,False,99.3,"[None, 2048, 2048, 2048, 2048, 2048, 2048]","[2048, 2048, 2048, 2048, 2048, 2048]","[2048, 2048, 2048, 2048, 2048, 2048, 2048, 2048, 2051]",309.0
1233,9673,16,37,2024-04-21T08:11:29.399000+00:00,26.585,30.103,43.352,273.0,265.0,False,100.04,"[None, 2048, 2048, 2048, 2048, 2048, 2048]","[2048, 2048, 2048, 2048, 2048, 2048]","[2048, 2048, 2048, 2048, 2048, 2048, 2048, 2048, 2049]",309.0
1233,9673,11,37,2024-04-21T08:11:30.090000+00:00,26.445,30.243,43.317,,270.0,False,100.005,"[None, 2048, 2048, 2048, 2049, 2048, 2048]","[2048, 2048, 2048, 2048, 2048, 2048]","[2048, 2048, 2048, 2049, 2048, 2048, 2048, 2048, 2048]",331.0
1233,9673,14,37,2024-04-21T08:11:31.857000+00:00,26.77,30.271,43.359,275.0,269.0,False,100.4,"[None, 2048, 2048, 2048, 2048, 2048, 2048]","[2048, 2048, 2048, 2048, 2048, 2048]","[2048, 2048, 2048, 2048, 2048, 2048, 2048, 2048, 2049]",311.0
1233,9673,55,37,2024-04-21T08:11:35.053000+00:00,26.883,30.341,43.502,276.0,266.0,False,100.726,"[None, 2048, 2049, 2048, 2048, 2048, 2048]","[2048, 2048, 2049, 2048, 2048, 2048]","[2048, 2048, 2049, 2048, 2048, 2048, 2049, 2048, 2048]",309.0
1233,9673,63,37,2024-04-21T08:11:36.346000+00:00,26.898,30.229,43.56,273.0,269.0,False,100.687,"[None, 2048, 2048, 2048, 2048, 2048, 2048]","[2048, 2048, 2049, 2048, 2048, 2048]","[2048, 2048, 2048, 2048, 2048, 2048, 2048, 2048, 2048]",310.0
1233,9673,81,37,2024-04-21T08:11:38.514000+00:00,27.084,30.586,43.78,273.0,267.0,False,101.45,"[None, 2048, 2048, 2048, 2048, 2048, 2048]","[2048, 2048, 2048, 2048, 2048, 2048]","[2048, 2048, 2048, 2048, 2048, 2048, 2048, 2048, 2048]",307.0
1233,9673,27,37,2024-04-21T08:11:40.266000+00:00,26.802,30.615,43.71,279.0,269.0,False,101.127,"[None, 2048, 2048, 2048, 2048, 2048, 2048]","[2048, 2048, 2049, 2048, 2048, 2048]","[2048, 2048, 2048, 2048, 2048, 2048, 2048, 2048, 2049]",316.0
1233,9673,44,37,2024-04-21T08:11:40.898000+00:00,26.794,30.79,43.631,272.0,269.0,False,101.215,"[None, 2048, 2048, 2048, 2048, 2048, 2048]","[2048, 2048, 2048, 2048, 2048, 2048]","[2048, 2048, 2048, 2048, 2048, 2048, 2048, 2048, 2048]",330.0
1233,9673,31,37,2024-04-21T08:11:42.425000+00:00,27.147,30.394,43.82,,263.0,False,101.361,"[None, 2048, 2048, 2048, 2048, 2048, 2048]","[2048, 2048, 2049, 2048, 2048, 2048]","[2048, 2048, 2048, 2048, 2048, 2049, 2048, 2048, 2048]",307.0
1233,9673,23,37,2024-04-21T08:11:44.028000+00:00,26.977,30.515,43.769,,269.0,False,101.261,"[None, 2048, 2048, 2048, 2048, 2048, 2048]","[2048, 2048, 2048, 2048, 2048, 2048]","[2048, 2048, 2048, 2048, 2048, 2048, 2048, 2048]",312.0
1233,9673,2,37,2024-04-21T08:11:46.116000+00:00,27.063,31.427,43.94,268.0,269.0,False,102.43,"[None, 2048, 2051, 2048, 2048, 2048, 2048]","[2048, 2048, 2048, 2048, 2048, 2048]","[2048, 2048, 2048, 2048, 2048, 2048, 2048, 2048, 2048]",313.0
1233,9673,10,37,2024-04-21T08:11:46.634000+00:00,26.683,30.446,43.942,280.0,262.0,False,101.071,"[None, 2048, 2048, 2048, 2048, 2048, 2048]","[2048, 2048, 2048, 2048, 2048, 2048]","[2048, 2048, 2048, 2048, 2048, 2048, 2048, 2048, 2048]",303.0
1233,9673,24,37,2024-04-21T08:11:47.306000+00:00,26.919,30.947,43.872,275.0,266.0,False,101.738,"[None, 2048, 2048, 2048, 2048, 2048, 2048]","[2048, 2048, 2048, 2048, 2048, 2048]","[2048, 2048, 2048, 2048, 2048, 2048, 2048, 2048, 2048]",330.0
1233,9673,20,37,2024-04-21T08:11:50.792000+00:00,26.956,30.633,43.831,275.0,267.0,False,101.42,"[None, 2048, 2048, 2048, 2048, 2048, 2048]","[2048, 2048, 2048, 2048, 2048, 2048]","[2048, 2048, 2048, 2048, 2048, 2048, 2048, 2048, 2048]",312.0
1233,9673,18,37,2024-04-21T08:12:22.935000+00:00,26.455,29.661,43.328,272.0,270.0,False,99.444,"[2048, 2048, 2048, 2049, 2048, 2048, 2048]","[2049, 2048, 2048, 2049, 2048, 2048]","[2048, 2048, 2048, 2048, 2048, 2048, 2048, 2048, 2049]",307.0
1233,9673,1,38,2024-04-21T08:13:01.817000+00:00,26.332,29.569,42.954,,265.0,False,98.855,"[None, 2048, 2048, 2048, 2048, 2048, 2048]","[2051, 2048, 2048, 2048, 2048, 2048]","[2048, 2048, 2048, 2048, 2048, 2048, 2048, 2048, 2048]",309.0
1233,9673,4,38,2024-04-21T08:13:05.096000+00:00,26.523,29.856,42.901,274.0,269.0,False,99.28,"[None, 2048, 2049, 2048, 2048, 2048, 2048]","[2048, 2048, 2048, 2048, 2048, 2048]","[2048, 2048, 2048, 2048, 2048, 2048, 2048, 2048, 2048]",309.0
1233,9673,16,38,2024-04-21T08:13:09.519000+00:00,26.762,30.046,43.25,272.0,264.0,False,100.058,"[None, 2048, 2048, 2048, 2048, 2048, 2048]","[2048, 2048, 2048, 2048, 2048, 2048]","[2048, 2048, 2049, 2048, 2048, 2048, 2048, 2048, 2048]",307.0
1233,9673,11,38,2024-04-21T08:13:09.987000+00:00,26.507,30.385,43.176,281.0,269.0,False,100.068,"[None, 2048, 2048, 2048, 2048, 2048, 2048]","[2048, 2048, 2048, 2048, 2048, 2048]","[2048, 2048, 2048, 2049, 2048, 2048, 2048, 2048, 2048]",331.0
1233,9673,14,38,2024-04-21T08:13:12.225000+00:00,26.763,30.127,43.229,274.0,269.0,False,100.119,"[None, 2048, 2048, 2048, 2048, 2048, 2048]","[2048, 2048, 2048, 2049, 2048, 2048]","[2048, 2048, 2048, 2048, 2048, 2048, 2049, 2048, 2048]",313.0
1233,9673,55,38,2024-04-21T08:13:15.767000+00:00,26.92,30.27,43.413,,267.0,False,100.603,"[None, 2048, 2048, 2048, 2048, 2048, 2048]","[2048, 2048, 2048, 2048, 2048, 2048]","[2048, 2048, 2048, 2048, 2048, 2048, 2048, 2048, 2048]",310.0
1233,9673,63,38,2024-04-21T08:13:17.031000+00:00,26.874,30.036,43.541,275.0,270.0,False,100.451,"[None, 2048, 2048, 2048, 2048, 2048, 2048]","[2048, 2048, 2049, 2048, 2048, 2048]","[2048, 2048, 2048, 2048, 2048, 2048, 2048, 2048, 2048]",313.0
1233,9673,81,38,2024-04-21T08:13:20.133000+00:00,26.85,30.517,43.579,,266.0,False,100.946,"[None, 2048, 2049, 2048, 2048, 2048, 2048]","[2048, 2048, 2048, 2048, 2048, 2048]","[2048, 2048, 2048, 2048, 2048, 2048, 2048, 2048, 2048]",306.0
1233,9673,27,38,2024-04-21T08:13:21.398000+00:00,26.742,30.516,43.74,,268.0,False,100.998,"[None, 2048, 2048, 2048, 2048, 2048, 2048]","[2048, 2048, 2049, 2048, 2048, 2048]","[2048, 2048, 2048, 2048, 2048, 2048, 2048, 2048, 2049]",315.0
1233,9673,44,38,2024-04-21T08:13:22.182000+00:00,26.745,30.682,43.547,271.0,269.0,False,100.974,"[None, 2048, 2048, 2048, 2048, 2048, 2048]","[2048, 2048, 2048, 2048, 2048, 2048]","[2048, 2048, 2049, 2048, 2048, 2048, 2048, 2048, 2048]",330.0
1233,9673,31,38,2024-04-21T08:13:23.860000+00:00,27.017,30.303,43.811,,265.0,False,101.131,"[None, 2048, 2048, 2048, 2048, 2048, 2048]","[2049, 2048, 2048, 2048, 2048, 2048]","[2048, 2048, 2048, 2048, 2048, 2049, 2048, 2048, 2048]",308.0
1233,9673,23,38,2024-04-21T08:13:25.210000+00:00,26.938,30.473,43.677,,269.0,False,101.088,"[None, 2048, 2048, 2048, 2048, 2048, 2048]","[2048, 2048, 2049, 2048, 2048, 2048]","[2048, 2048, 2048, 2048, 2048, 2048, 2048, 2048, 2048]",312.0
1233,9673,10,38,2024-04-21T08:13:27.606000+00:00,26.86,30.38,49.108,270.0,260.0,False,106.348,"[2048, 2048, 2048, 2049, 2048, 2048, 2048]","[2048, 2048, 2049, 2048, 2048, 2048]","[2048, 2048, 2048, 2048, 2048, 2048, 2048, 2048, 2064]",301.0
1233,9673,2,38,2024-04-21T08:13:28.571000+00:00,26.947,30.638,44.762,270.0,268.0,False,102.347,"[None, 2048, 2048, 2048, 2048, 2048, 2048]","[2048, 2048, 2048, 2048, 2048, 2048]","[2048, 2048, 2048, 2048, 2048, 2048, 2048, 2048, 2048]",313.0
1233,9673,24,38,2024-04-21T08:13:29.106000+00:00,26.89,30.766,43.655,,266.0,False,101.311,"[None, 2048, 2048, 2048, 2048, 2048, 2048]","[2048, 2048, 2048, 2048, 2048, 2048]","[2048, 2048, 2049, 2048, 2048, 2048, 2049, 2048, 2048]",331.0
1233,9673,20,38,2024-04-21T08:13:32.260000+00:00,26.932,30.575,43.853,,266.0,False,101.36,"[None, 2048, 2048, 2048, 2048, 2048, 2048]","[2048, 2048, 2048, 2048, 2048, 2048]","[2048, 2048, 2048, 2048, 2048, 2048, 2048, 2048, 2049]",312.0
1233,9673,18,38,2024-04-21T08:14:02.396000+00:00,26.429,29.774,43.246,274.0,270.0,False,99.449,"[None, 2048, 2048, 2048, 2048, 2048, 2048]","[2048, 2048, 2048, 2048, 2048, 2048]","[2048, 2048, 2049, 2048, 2048, 2049, 2048, 2048, 2048]",308.0
1233,9673,1,39,2024-04-21T08:14:40.593000+00:00,26.312,29.65,42.78,276.0,267.0,False,98.742,"[None, 2048, 2048, 2048, 2048, 2048, 2048]","[2051, 2048, 2048, 2048, 2048, 2048]","[2048, 2048, 2048, 2048, 2048, 2049, 2048, 2048, 2048]",309.0
1233,9673,4,39,2024-04-21T08:14:44.348000+00:00,26.579,29.952,42.97,272.0,268.0,False,99.501,"[None, 2048, 2048, 2048, 2048, 2048, 2048]","[2048, 2048, 2048, 2048, 2048, 2048]","[2048, 2048, 2048, 2048, 2048, 2048, 2048, 2048, 2048]",309.0
1233,9673,16,39,2024-04-21T08:14:49.527000+00:00,26.666,30.922,43.201,273.0,265.0,False,100.789,"[None, 2048, 2048, 2048, 2048, 2048, 2048]","[2048, 2048, 2048, 2048, 2048, 2048]","[2048, 2048, 2049, 2048, 2048, 2048, 2048, 2048, 2048]",324.0
1233,9673,11,39,2024-04-21T08:14:50.019000+00:00,26.318,30.089,43.002,282.0,268.0,False,99.409,"[None, 2048, 2048, 2048, 2048, 2048, 2048]","[2048, 2048, 2051, 2048, 2048, 2048]","[2048, 2048, 2049, 2048, 2048, 2048, 2048, 2048, 2048]",310.0
1233,9673,14,39,2024-04-21T08:14:52.407000+00:00,26.81,30.192,43.445,,270.0,False,100.447,"[None, 2048, 2048, 2048, 2048, 2048, 2048]","[2048, 2048, 2049, 2048, 2048, 2048]","[2048, 2048, 2048, 2048, 2048, 2048, 2048, 2048, 2048]",312.0
1233,9673,55,39,2024-04-21T08:14:56.276000+00:00,26.878,30.134,43.485,275.0,268.0,False,100.497,"[None, 2048, 2048, 2048, 2048, 2048, 2048]","[2048, 2048, 2049, 2048, 2048, 2048]","[2048, 2048, 2048, 2048, 2048, 2048, 2048, 2048, 2048]",310.0
1233,9673,63,39,2024-04-21T08:14:57.546000+00:00,26.699,29.964,43.449,,272.0,False,100.112,"[None, 2048, 2048, 2048, 2048, 2048, 2048]","[2048, 2048, 2049, 2048, 2048, 2048]","[2048, 2048, 2048, 2048, 2048, 2048, 2048, 2048, 2049]",330.0
1233,9673,81,39,2024-04-21T08:15:00.952000+00:00,27.005,30.593,43.898,274.0,267.0,False,101.496,"[None, 2048, 2048, 2048, 2048, 2048, 2048]","[2048, 2048, 2048, 2048, 2048, 2048]","[2048, 2048, 2048, 2048, 2048, 2048, 2048, 2048, 2048]",309.0
1233,9673,27,39,2024-04-21T08:15:02.407000+00:00,26.909,30.656,43.703,278.0,269.0,False,101.268,"[None, 2048, 2048, 2048, 2048, 2048, 2048]","[2048, 2048, 2048, 2048, 2048, 2048]","[2048, 2048, 2048, 2048, 2048, 2048, 2048, 2048, 2048]",317.0
1233,9673,44,39,2024-04-21T08:15:03.089000+00:00,26.948,30.643,43.522,270.0,270.0,False,101.113,"[None, 2048, 2048, 2048, 2048, 2048, 2048]","[2048, 2048, 2048, 2048, 2048, 2048]","[2048, 2048, 2049, 2048, 2048, 2048, 2048, 2048, 2048]",331.0
1233,9673,31,39,2024-04-21T08:15:04.912000+00:00,27.103,30.393,43.817,,265.0,False,101.313,"[None, 2048, 2048, 2048, 2048, 2048, 2048]","[2048, 2048, 2048, 2049, 2048, 2048]","[2048, 2048, 2048, 2048, 2048, 2049, 2048, 2048, 2048]",308.0
1233,9673,23,39,2024-04-21T08:15:06.283000+00:00,27.081,30.52,43.74,270.0,269.0,False,101.341,"[None, 2048, 2048, 2048, 2048, 2048, 2048]","[2048, 2048, 2048, 2048, 2048, 2048]","[2049, 2048, 2048, 2048, 2048, 2048, 2048, 2048, 2048]",314.0
1233,9673,24,39,2024-04-21T08:15:10.386000+00:00,27.327,30.455,43.967,271.0,263.0,False,101.749,"[None, 2048, 2048, 2048, 2048, 2048, 2048]","[2048, 2048, 2048, 2049, 2048, 2048]","[2048, 2048, 2048, 2048, 2048, 2048, 2048, 2048, 2048]",307.0
1233,9673,2,39,2024-04-21T08:15:10.774000+00:00,27.547,30.873,43.926,271.0,268.0,False,102.346,"[None, 2048, 2048, 2048, 2048, 2048, 2048]","[2048, 2048, 2048, 2048, 2048, 2048]","[2048, 2048, 2048, 2048, 2048, 2048, 2048, 2048, 2048]",314.0
1233,9673,20,39,2024-04-21T08:15:13.642000+00:00,27.03,30.525,43.725,277.0,269.0,False,101.28,"[None, 2048, 2048, 2048, 2048, 2048, 2048]","[2048, 2048, 2049, 2048, 2048, 2048]","[2048, 2048, 2048, 2048, 2048, 2049, 2048, 2048, 2049]",316.0
1233,9673,10,39,2024-04-21T08:15:13.938000+00:00,45.416,29.829,42.994,273.0,260.0,True,118.239,"[2064, 2064, 2048, 2049, 2049, 2048, 2048]","[2048, 2048, 2048, 2049, 2049, 2049]","[2049, 2049, 2049, 2048, 2048, 2049, 2048, 2048, 2049]",299.0
1233,9673,18,39,2024-04-21T08:15:41.837000+00:00,26.526,29.821,43.292,275.0,270.0,False,99.639,"[None, 2048, 2049, 2048, 2048, 2048, 2048]","[2048, 2048, 2048, 2048, 2048, 2048]","[2048, 2048, 2048, 2048, 2048, 2049, 2048, 2048, 2048]",309.0
1233,9673,1,40,2024-04-21T08:16:19.539000+00:00,26.475,29.69,42.791,274.0,268.0,False,98.956,"[None, 2048, 2049, 2048, 2048, 2048, 2048]","[2048, 2048, 2048, 2048, 2048, 2048]","[2048, 2048, 2048, 2048, 2048, 2048, 2048, 2048, 2048]",309.0
1233,9673,4,40,2024-04-21T08:16:23.855000+00:00,26.66,30.088,43.106,271.0,269.0,False,99.854,"[None, 2048, 2049, 2048, 2048, 2048, 2048]","[2048, 2048, 2048, 2048, 2048, 2048]","[2048, 2048, 2048, 2048, 2048, 2048, 2048, 2048, 2048]",307.0
1233,9673,11,40,2024-04-21T08:16:29.508000+00:00,26.606,29.917,43.164,275.0,268.0,False,99.687,"[None, 2048, 2048, 2048, 2048, 2048, 2048]","[2048, 2048, 2048, 2049, 2048, 2048]","[2048, 2048, 2048, 2048, 2048, 2048, 2048, 2048, 2048]",309.0
1233,9673,16,40,2024-04-21T08:16:30.252000+00:00,26.506,30.181,43.044,271.0,266.0,False,99.731,"[None, 2048, 2048, 2048, 2048, 2048, 2048]","[2048, 2048, 2049, 2048, 2048, 2048]","[2048, 2048, 2048, 2048, 2048, 2048, 2048, 2048, 2048]",325.0
1233,9673,14,40,2024-04-21T08:16:32.844000+00:00,26.836,30.395,43.462,273.0,269.0,False,100.693,"[None, 2048, 2049, 2048, 2048, 2048, 2048]","[2048, 2048, 2049, 2048, 2048, 2048]","[2048, 2048, 2048, 2048, 2048, 2048, 2048, 2048, 2048]",310.0
1233,9673,55,40,2024-04-21T08:16:36.871000+00:00,26.942,30.247,43.686,274.0,267.0,False,100.875,"[None, 2048, 2048, 2048, 2048, 2048, 2048]","[2048, 2048, 2048, 2048, 2048, 2048]","[2048, 2048, 2048, 2048, 2048, 2048, 2048, 2048, 2048]",309.0
1233,9673,63,40,2024-04-21T08:16:37.655000+00:00,26.764,30.319,43.697,277.0,271.0,False,100.78,"[2049, 2049, 2048, 2048, 2048, 2048, 2048]","[2048, 2048, 2048, 2048, 2048, 2048]","[2048, 2048, 2048, 2048, 2048, 2048, 2048, 2048, 2048]",330.0
1233,9673,81,40,2024-04-21T08:16:42.486000+00:00,27.102,30.291,43.726,272.0,267.0,False,101.119,"[None, 2048, 2048, 2048, 2048, 2048, 2048]","[2048, 2048, 2048, 2048, 2048, 2048]","[2048, 2048, 2048, 2048, 2048, 2048, 2048, 2048, 2048]",307.0
1233,9673,27,40,2024-04-21T08:16:43.689000+00:00,26.96,30.722,43.911,,268.0,False,101.593,"[None, 2048, 2048, 2048, 2048, 2048, 2048]","[2048, 2048, 2048, 2048, 2048, 2048]","[2048, 2048, 2048, 2048, 2048, 2048, 2048, 2048, 2048]",316.0
1233,9673,44,40,2024-04-21T08:16:44.343000+00:00,26.915,30.751,43.834,272.0,270.0,False,101.5,"[None, 2048, 2048, 2048, 2048, 2048, 2048]","[2048, 2048, 2048, 2048, 2048, 2048]","[2048, 2048, 2049, 2048, 2048, 2048, 2048, 2048, 2048]",334.0
1233,9673,31,40,2024-04-21T08:16:46.303000+00:00,27.062,30.528,44.002,270.0,265.0,False,101.592,"[None, 2048, 2048, 2048, 2048, 2048, 2048]","[2048, 2048, 2049, 2048, 2048, 2048]","[2048, 2048, 2048, 2048, 2048, 2048, 2048, 2048, 2048]",307.0
1233,9673,23,40,2024-04-21T08:16:47.651000+00:00,27.103,30.62,43.949,,270.0,False,101.672,"[None, 2048, 2048, 2048, 2048, 2048, 2048]","[2048, 2048, 2048, 2048, 2048, 2048]","[2048, 2048, 2048, 2048, 2048, 2048, 2048, 2048, 2048]",312.0
1233,9673,24,40,2024-04-21T08:16:52.096000+00:00,27.157,30.47,48.644,270.0,263.0,False,106.271,"[None, 2048, 2049, 2048, 2048, 2048, 2048]","[2048, 2048, 2048, 2048, 2048, 2048]","[2048, 2048, 2048, 2048, 2048, 2048, 2049, 2049, 2064]",307.0
1233,9673,2,40,2024-04-21T08:16:53.205000+00:00,27.325,31.068,44.035,273.0,268.0,False,102.428,"[None, 2048, 2048, 2048, 2048, 2048, 2048]","[2048, 2048, 2048, 2048, 2048, 2048]","[2048, 2048, 2048, 2048, 2048, 2048, 2048, 2048]",312.0
1233,9673,20,40,2024-04-21T08:16:54.863000+00:00,27.248,30.665,43.841,,270.0,False,101.754,"[None, 2048, 2048, 2048, 2048, 2048, 2048]","[2048, 2048, 2048, 2048, 2048, 2048]","[2048, 2048, 2048, 2048, 2048, 2048, 2048, 2048, 2048]",315.0
1233,9673,10,40,2024-04-21T08:17:12.267000+00:00,26.381,29.724,43.093,266.0,259.0,False,99.198,"[2048, 2048, 2048, 2049, 2049, 2048, 2048]","[2049, 2048, 2048, 2048, 2048, 2049]","[2049, 2048, 2049, 2048, 2048, 2048, 2048, 2048, 2049]",297.0
1233,9673,18,40,2024-04-21T08:17:21.450000+00:00,26.628,29.862,43.415,,270.0,False,99.905,"[None, 2048, 2048, 2049, 2048, 2048, 2048]","[2049, 2048, 2048, 2048, 2048, 2048]","[2048, 2048, 2048, 2048, 2048, 2048, 2048, 2048, 2048]",308.0
1233,9673,1,41,2024-04-21T08:17:58.459000+00:00,26.48,29.614,42.973,275.0,268.0,False,99.067,"[None, 2048, 2048, 2048, 2048, 2048, 2048]","[2051, 2048, 2048, 2048, 2048, 2048]","[2048, 2048, 2048, 2048, 2048, 2048, 2048, 2048, 2048]",309.0
1233,9673,4,41,2024-04-21T08:18:03.780000+00:00,26.62,29.898,43.203,272.0,270.0,False,99.721,"[None, 2048, 2048, 2048, 2048, 2048, 2048]","[2048, 2048, 2048, 2048, 2048, 2048]","[2048, 2048, 2048, 2048, 2048, 2048, 2048, 2048, 2048]",308.0
1233,9673,11,41,2024-04-21T08:18:09.151000+00:00,26.6,29.953,43.046,274.0,268.0,False,99.599,"[None, 2048, 2048, 2048, 2048, 2048, 2048]","[2048, 2048, 2048, 2049, 2048, 2048]","[2048, 2048, 2048, 2048, 2048, 2048, 2048, 2048, 2048]",307.0
1233,9673,16,41,2024-04-21T08:18:10.077000+00:00,26.415,30.217,42.993,275.0,269.0,False,99.625,"[None, 2048, 2048, 2048, 2048, 2048, 2048]","[2048, 2048, 2048, 2048, 2048, 2048]","[2048, 2048, 2048, 2048, 2048, 2049, 2048, 2048, 2049]",327.0
1233,9673,14,41,2024-04-21T08:18:13.501000+00:00,26.929,30.338,43.552,274.0,270.0,False,100.819,"[None, 2048, 2048, 2048, 2048, 2048, 2048]","[2048, 2048, 2048, 2048, 2048, 2048]","[2048, 2048, 2048, 2048, 2048, 2048, 2048, 2048, 2048]",308.0
1233,9673,55,41,2024-04-21T08:18:17.742000+00:00,26.722,30.121,43.456,275.0,268.0,False,100.299,"[None, 2048, 2048, 2048, 2048, 2048, 2048]","[2048, 2048, 2049, 2048, 2048, 2048]","[2048, 2048, 2048, 2048, 2048, 2048, 2048, 2048, 2049]",309.0
1233,9673,63,41,2024-04-21T08:18:18.474000+00:00,26.851,30.398,43.775,274.0,271.0,False,101.024,"[None, 2049, 2048, 2048, 2048, 2048, 2048]","[2048, 2048, 2048, 2048, 2048, 2048]","[2048, 2048, 2048, 2048, 2048, 2048, 2048, 2048, 2048]",311.0
1233,9673,81,41,2024-04-21T08:18:23.628000+00:00,27.078,30.568,43.975,271.0,268.0,False,101.621,"[None, 2048, 2048, 2048, 2048, 2048, 2048]","[2048, 2048, 2048, 2048, 2048, 2048]","[2048, 2048, 2048, 2048, 2048, 2048, 2048, 2048, 2048]",305.0
1233,9673,27,41,2024-04-21T08:18:25.203000+00:00,26.931,31.363,43.88,275.0,267.0,False,102.174,"[None, 2048, 2048, 2048, 2048, 2048, 2048]","[2048, 2048, 2048, 2048, 2048, 2048]","[2048, 2048, 2049, 2048, 2048, 2048, 2048, 2048, 2048]",333.0
1233,9673,44,41,2024-04-21T08:18:25.804000+00:00,26.958,30.425,43.499,,270.0,False,100.882,"[None, 2048, 2048, 2048, 2048, 2048, 2048]","[2048, 2048, 2049, 2051, 2048, 2048]","[2049, 2048, 2048, 2048, 2048, 2049, 2048, 2048, 2048]",311.0
1233,9673,31,41,2024-04-21T08:18:27.879000+00:00,27.133,30.517,44.003,271.0,265.0,False,101.653,"[None, 2048, 2048, 2048, 2048, 2048, 2048]","[2048, 2048, 2048, 2048, 2048, 2048]","[2048, 2048, 2048, 2048, 2048, 2048, 2048, 2048, 2048]",306.0
1233,9673,23,41,2024-04-21T08:18:29.301000+00:00,27.126,30.686,43.943,272.0,270.0,False,101.755,"[None, 2048, 2048, 2048, 2048, 2048, 2048]","[2048, 2048, 2048, 2048, 2048, 2048]","[2048, 2048, 2048, 2048, 2048, 2048, 2048, 2048, 2049]",310.0
1233,9673,2,41,2024-04-21T08:18:35.478000+00:00,27.158,30.585,44.2,274.0,267.0,False,101.943,"[None, 2048, 2048, 2048, 2048, 2048, 2048]","[2048, 2048, 2048, 2048, 2048, 2048]","[2049, 2048, 2048, 2048, 2048, 2048, 2048, 2048, 2048]",308.0
1233,9673,20,41,2024-04-21T08:18:36.517000+00:00,26.974,30.872,43.994,,269.0,False,101.84,"[None, 2048, 2048, 2048, 2048, 2048, 2048]","[2048, 2048, 2048, 2048, 2048, 2048]","[2048, 2048, 2048, 2048, 2048, 2048, 2048, 2048, 2048]",314.0
1233,9673,24,41,2024-04-21T08:18:38.298000+00:00,46.142,29.643,43.043,273.0,267.0,True,118.828,"[2064, 2064, 2048, 2048, 2051, 2048, 2048]","[2049, 2048, 2048, 2049, 2049, 2049]","[2048, 2049, 2049, 2048, 2048, 2049, 2048, 2048, 2049]",306.0
1233,9673,10,41,2024-04-21T08:18:51.479000+00:00,26.464,29.968,43.326,,258.0,False,99.758,"[None, 2048, 2048, 2048, 2049, 2048, 2048]","[2048, 2048, 2048, 2048, 2048, 2048]","[2048, 2048, 2048, 2048, 2048, 2048, 2048, 2048, 2048]",295.0
1233,9673,18,41,2024-04-21T08:19:01.418000+00:00,26.689,29.901,43.555,276.0,270.0,False,100.145,"[None, 2048, 2048, 2048, 2048, 2048, 2048]","[2048, 2048, 2048, 2048, 2048, 2048]","[2048, 2048, 2048, 2048, 2048, 2048, 2048, 2048, 2048]",309.0
1233,9673,1,42,2024-04-21T08:19:37.515000+00:00,26.533,29.71,42.984,,268.0,False,99.227,"[None, 2048, 2048, 2048, 2048, 2048, 2048]","[2048, 2048, 2048, 2048, 2048, 2048]","[2048, 2048, 2048, 2048, 2048, 2048, 2048, 2048, 2049]",308.0
1233,9673,4,42,2024-04-21T08:19:43.429000+00:00,26.593,29.912,44.196,271.0,269.0,False,100.701,"[None, 2048, 2048, 2048, 2048, 2048, 2048]","[2048, 2048, 2049, 2048, 2048, 2048]","[2048, 2048, 2048, 2048, 2048, 2048, 2049, 2048, 2048]",307.0
1233,9673,11,42,2024-04-21T08:19:48.716000+00:00,26.403,29.976,43.142,275.0,268.0,False,99.521,"[None, 2048, 2049, 2049, 2048, 2048, 2048]","[2048, 2048, 2048, 2048, 2048, 2048]","[2048, 2048, 2048, 2048, 2048, 2048, 2048, 2048, 2049]",309.0
1233,9673,16,42,2024-04-21T08:19:49.702000+00:00,26.532,30.169,43.205,277.0,269.0,False,99.906,"[2049, 2049, 2049, 2048, 2048, 2048, 2048]","[2048, 2048, 2048, 2048, 2048, 2048]","[2051, 2048, 2048, 2048, 2048, 2048, 2048, 2049, 2048]",311.0
1233,9673,14,42,2024-04-21T08:19:54.287000+00:00,26.912,30.407,43.475,273.0,269.0,False,100.794,"[None, 2048, 2049, 2048, 2048, 2048, 2048]","[2048, 2048, 2048, 2048, 2048, 2048]","[2048, 2048, 2048, 2048, 2048, 2048, 2048, 2048, 2048]",308.0
1233,9673,55,42,2024-04-21T08:19:58.098000+00:00,26.846,30.216,43.694,,266.0,False,100.756,"[None, 2048, 2048, 2048, 2048, 2048, 2048]","[2048, 2048, 2049, 2048, 2048, 2048]","[2048, 2048, 2048, 2048, 2048, 2048, 2048, 2048, 2048]",308.0
1233,9673,63,42,2024-04-21T08:19:59.374000+00:00,26.79,30.347,43.635,,270.0,False,100.772,"[2048, 2048, 2048, 2048, 2048, 2048, 2048]","[2048, 2048, 2048, 2048, 2048, 2048]","[2048, 2048, 2048, 2048, 2048, 2048, 2048, 2048, 2048]",310.0
1233,9673,81,42,2024-04-21T08:20:05.164000+00:00,26.998,30.225,43.787,273.0,268.0,False,101.01,"[None, 2048, 2048, 2048, 2048, 2048, 2048]","[2048, 2048, 2048, 2048, 2048, 2048]","[2048, 2048, 2048, 2048, 2048, 2048, 2048, 2048, 2048]",305.0
1233,9673,44,42,2024-04-21T08:20:06.620000+00:00,27.094,30.261,43.713,,269.0,False,101.068,"[None, 2048, 2048, 2048, 2048, 2048, 2048]","[2048, 2048, 2049, 2048, 2048, 2048]","[2048, 2048, 2048, 2048, 2048, 2048, 2048, 2048, 2048]",311.0
1233,9673,27,42,2024-04-21T08:20:07.398000+00:00,27.018,30.896,43.758,280.0,269.0,False,101.672,"[2049, 2049, 2048, 2048, 2048, 2048, 2048]","[2048, 2048, 2048, 2048, 2048, 2048]","[2048, 2048, 2048, 2048, 2048, 2048, 2048, 2048, 2049]",315.0
1233,9673,31,42,2024-04-21T08:20:09.555000+00:00,26.965,30.541,44.009,,264.0,False,101.515,"[None, 2048, 2048, 2048, 2048, 2048, 2048]","[2048, 2048, 2048, 2048, 2048, 2048]","[2048, 2048, 2048, 2048, 2048, 2048, 2048, 2048, 2048]",306.0
1233,9673,23,42,2024-04-21T08:20:11.042000+00:00,27.029,30.617,43.912,269.0,269.0,False,101.558,"[None, 2048, 2048, 2048, 2048, 2048, 2048]","[2048, 2048, 2048, 2048, 2048, 2048]","[2048, 2048, 2048, 2048, 2048, 2048, 2048, 2048, 2048]",309.0
1233,9673,2,42,2024-04-21T08:20:17.579000+00:00,27.105,30.627,44.162,,267.0,False,101.894,"[None, 2048, 2048, 2048, 2048, 2048, 2048]","[2048, 2048, 2048, 2049, 2048, 2048]","[2048, 2048, 2048, 2048, 2048, 2048, 2048, 2048, 2048]",307.0
1233,9673,20,42,2024-04-21T08:20:18.480000+00:00,26.817,30.762,43.934,,269.0,False,101.513,"[None, 2048, 2048, 2048, 2048, 2048, 2048]","[2048, 2048, 2048, 2048, 2048, 2048]","[2048, 2048, 2048, 2048, 2048, 2048, 2048, 2048, 2048]",332.0
1233,9673,10,42,2024-04-21T08:20:31.153000+00:00,26.735,29.824,43.465,,260.0,False,100.024,"[None, 2048, 2048, 2048, 2048, 2048, 2048]","[2048, 2048, 2048, 2048, 2048, 2049]","[2048, 2048, 2048, 2048, 2048, 2048, 2048, 2048, 2048]",297.0
1233,9673,24,42,2024-04-21T08:20:37.203000+00:00,26.215,29.445,42.973,,267.0,False,98.633,"[2048, 2048, 2049, 2049, 2048, 2049, 2048]","[2049, 2048, 2048, 2048, 2051, 2049]","[2048, 2049, 2048, 2048, 2048, 2049, 2048, 2048, 2048]",306.0
1233,9673,18,42,2024-04-21T08:20:41.526000+00:00,26.73,29.815,43.408,,271.0,False,99.953,"[None, 2048, 2048, 2048, 2048, 2048, 2048]","[2048, 2048, 2048, 2048, 2048, 2049]","[2048, 2048, 2048, 2048, 2048, 2049, 2048, 2048, 2049]",308.0
1233,9673,1,43,2024-04-21T08:21:16.636000+00:00,26.429,29.694,43.101,,268.0,False,99.224,"[None, 2048, 2049, 2048, 2048, 2048, 2048]","[2048, 2048, 2048, 2048, 2048, 2048]","[2048, 2048, 2048, 2048, 2048, 2048, 2048, 2048, 2048]",308.0
1233,9673,4,43,2024-04-21T08:21:24.302000+00:00,26.832,29.971,43.129,272.0,269.0,False,99.932,"[None, 2048, 2048, 2048, 2048, 2048, 2048]","[2048, 2048, 2049, 2048, 2048, 2048]","[2048, 2048, 2048, 2048, 2048, 2048, 2048, 2048, 2048]",307.0
1233,9673,11,43,2024-04-21T08:21:28.360000+00:00,26.529,29.899,43.179,,268.0,False,99.607,"[None, 2048, 2049, 2048, 2048, 2048, 2048]","[2048, 2048, 2048, 2048, 2048, 2048]","[2048, 2048, 2048, 2048, 2048, 2048, 2048, 2048, 2048]",310.0
1233,9673,16,43,2024-04-21T08:21:29.633000+00:00,26.691,29.998,43.219,276.0,269.0,False,99.908,"[2048, 2048, 2049, 2048, 2048, 2048, 2048]","[2048, 2048, 2049, 2048, 2048, 2048]","[2048, 2048, 2048, 2048, 2048, 2048, 2049, 2049, 2048]",310.0
1233,9673,14,43,2024-04-21T08:21:35.259000+00:00,26.941,30.254,48.758,,269.0,False,105.953,"[None, 2048, 2048, 2048, 2048, 2048, 2048]","[2048, 2048, 2048, 2048, 2048, 2048]","[2048, 2048, 2048, 2048, 2048, 2048, 2051, 2049, 2064]",307.0
1233,9673,55,43,2024-04-21T08:21:38.833000+00:00,26.766,29.986,43.593,,267.0,False,100.345,"[None, 2048, 2049, 2048, 2048, 2048, 2048]","[2048, 2048, 2049, 2048, 2048, 2048]","[2048, 2048, 2048, 2048, 2048, 2048, 2048, 2048, 2048]",308.0
1233,9673,63,43,2024-04-21T08:21:40.180000+00:00,26.757,30.125,43.799,272.0,270.0,False,100.681,"[None, 2048, 2048, 2048, 2048, 2048, 2048]","[2048, 2048, 2048, 2048, 2048, 2048]","[2048, 2048, 2048, 2048, 2048, 2048, 2048, 2048]",310.0
1233,9673,81,43,2024-04-21T08:21:46.248000+00:00,26.88,30.268,43.728,272.0,268.0,False,100.876,"[None, 2048, 2048, 2048, 2048, 2048, 2048]","[2048, 2048, 2048, 2049, 2048, 2048]","[2048, 2048, 2048, 2048, 2048, 2048, 2048, 2048, 2048]",305.0
1233,9673,44,43,2024-04-21T08:21:47.717000+00:00,27.038,30.454,43.73,271.0,269.0,False,101.222,"[None, 2048, 2048, 2048, 2048, 2048, 2048]","[2048, 2048, 2048, 2048, 2048, 2048]","[2048, 2048, 2048, 2048, 2048, 2048, 2049, 2048, 2048]",311.0
1233,9673,27,43,2024-04-21T08:21:49.161000+00:00,26.997,30.578,43.798,278.0,270.0,False,101.373,"[2048, 2048, 2048, 2048, 2048, 2048, 2048]","[2048, 2048, 2049, 2048, 2048, 2048]","[2048, 2048, 2048, 2048, 2048, 2048, 2048, 2048, 2048]",314.0
1233,9673,31,43,2024-04-21T08:21:51.048000+00:00,27.081,30.398,44.056,270.0,265.0,False,101.535,"[None, 2048, 2048, 2048, 2048, 2048, 2048]","[2048, 2048, 2049, 2048, 2048, 2048]","[2049, 2048, 2048, 2048, 2048, 2048, 2048, 2048, 2048]",305.0
1233,9673,23,43,2024-04-21T08:21:52.657000+00:00,27.087,30.483,43.853,,269.0,False,101.423,"[None, 2048, 2048, 2048, 2048, 2048, 2048]","[2048, 2048, 2048, 2048, 2048, 2048]","[2048, 2048, 2048, 2048, 2048, 2048, 2048, 2048, 2048]",310.0
1233,9673,2,43,2024-04-21T08:21:59.491000+00:00,27.347,31.474,44.275,,268.0,False,103.096,"[None, 2048, 2048, 2048, 2048, 2048, 2048]","[2048, 2048, 2048, 2048, 2048, 2048]","[2048, 2048, 2048, 2048, 2048, 2048, 2048, 2048, 2048]",312.0
1233,9673,20,43,2024-04-21T08:21:59.918000+00:00,26.925,30.446,43.874,281.0,267.0,False,101.245,"[None, 2048, 2048, 2048, 2048, 2048, 2049]","[2048, 2048, 2048, 2049, 2048, 2048]","[2049, 2048, 2048, 2048, 2048, 2048, 2048, 2048, 2049]",307.0
1233,9673,10,43,2024-04-21T08:22:11.267000+00:00,26.675,29.951,43.403,,260.0,False,100.029,"[None, 2048, 2048, 2048, 2048, 2048, 2048]","[2049, 2048, 2048, 2048, 2048, 2048]","[2048, 2048, 2048, 2048, 2048, 2048, 2048, 2048, 2048]",298.0
1233,9673,24,43,2024-04-21T08:22:15.865000+00:00,26.501,29.723,43.096,269.0,264.0,False,99.32,"[None, 2048, 2048, 2049, 2048, 2048, 2048]","[2048, 2048, 2048, 2048, 2048, 2048]","[2049, 2048, 2048, 2048, 2048, 2048, 2048, 2048, 2049]",303.0
1233,9673,18,43,2024-04-21T08:22:21.426000+00:00,26.86,29.975,43.516,275.0,270.0,False,100.351,"[None, 2048, 2048, 2048, 2048, 2048, 2048]","[2048, 2048, 2049, 2048, 2048, 2048]","[2048, 2048, 2048, 2048, 2048, 2048, 2048, 2048, 2048]",308.0
1233,9673,1,44,2024-04-21T08:22:55.955000+00:00,26.502,29.811,42.992,274.0,268.0,False,99.305,"[None, 2048, 2049, 2048, 2048, 2048, 2048]","[2048, 2048, 2048, 2048, 2048, 2048]","[2048, 2048, 2048, 2048, 2048, 2048, 2048, 2048, 2048]",308.0
1233,9673,4,44,2024-04-21T08:23:04.133000+00:00,26.601,29.897,42.937,271.0,269.0,False,99.435,"[None, 2048, 2048, 2048, 2048, 2048, 2048]","[2048, 2048, 2049, 2048, 2048, 2048]","[2048, 2048, 2048, 2048, 2048, 2048, 2048, 2048, 2048]",307.0
1233,9673,11,44,2024-04-21T08:23:07.918000+00:00,26.487,30.023,43.212,273.0,267.0,False,99.722,"[None, 2048, 2051, 2048, 2048, 2048, 2048]","[2048, 2048, 2048, 2049, 2048, 2048]","[2048, 2048, 2048, 2048, 2048, 2048, 2048, 2048, 2048]",309.0
1233,9673,16,44,2024-04-21T08:23:09.528000+00:00,26.662,30.01,43.169,275.0,268.0,False,99.841,"[None, 2048, 2048, 2048, 2048, 2048, 2048]","[2048, 2048, 2048, 2048, 2048, 2048]","[2048, 2048, 2048, 2048, 2048, 2048, 2048, 2048, 2048]",310.0
1233,9673,55,44,2024-04-21T08:23:19.118000+00:00,26.644,30.037,43.428,274.0,268.0,False,100.109,"[None, 2048, 2048, 2049, 2048, 2048, 2048]","[2048, 2048, 2048, 2048, 2048, 2048]","[2051, 2048, 2048, 2048, 2048, 2048, 2048, 2048, 2048]",307.0
1233,9673,63,44,2024-04-21T08:23:20.760000+00:00,26.791,29.985,43.604,273.0,269.0,False,100.38,"[None, 2048, 2048, 2048, 2048, 2048, 2048]","[2048, 2048, 2048, 2049, 2048, 2048]","[2048, 2048, 2048, 2048, 2048, 2048, 2048, 2048, 2048]",310.0
1233,9673,14,44,2024-04-21T08:23:21.090000+00:00,45.357,29.422,42.498,275.0,271.0,True,117.277,"[2064, 2064, 2048, 2048, 2049, 2048, 2048]","[2049, 2048, 2048, 2049, 2049, 2048]","[2049, 2051, 2048, 2048, 2048, 2049, 2048, 2048, 2049]",308.0
1233,9673,81,44,2024-04-21T08:23:27.164000+00:00,26.999,30.274,43.731,270.0,268.0,False,101.004,"[None, 2048, 2048, 2048, 2048, 2048, 2048]","[2048, 2048, 2048, 2048, 2048, 2048]","[2048, 2048, 2048, 2048, 2048, 2048, 2048, 2048, 2048]",305.0
1233,9673,44,44,2024-04-21T08:23:28.962000+00:00,26.942,30.321,43.652,270.0,270.0,False,100.915,"[None, 2048, 2048, 2048, 2048, 2048, 2048]","[2048, 2048, 2048, 2048, 2048, 2048]","[2048, 2048, 2048, 2048, 2048, 2048, 2048, 2048, 2048]",310.0
1233,9673,27,44,2024-04-21T08:23:30.479000+00:00,26.967,30.597,43.782,277.0,269.0,False,101.346,"[None, 2048, 2049, 2048, 2048, 2048, 2048]","[2048, 2048, 2049, 2048, 2048, 2048]","[2048, 2048, 2049, 2048, 2048, 2048, 2048, 2048, 2048]",313.0
1233,9673,31,44,2024-04-21T08:23:32.566000+00:00,27.029,30.325,43.886,,265.0,False,101.24,"[None, 2048, 2048, 2048, 2048, 2048, 2048]","[2048, 2048, 2049, 2049, 2048, 2048]","[2049, 2048, 2048, 2048, 2048, 2048, 2048, 2048, 2048]",306.0
1233,9673,23,44,2024-04-21T08:23:34.130000+00:00,27.135,30.532,43.837,270.0,269.0,False,101.504,"[None, 2048, 2048, 2048, 2048, 2048, 2048]","[2048, 2048, 2049, 2048, 2048, 2048]","[2048, 2048, 2048, 2048, 2048, 2048, 2048, 2048, 2048]",309.0
1233,9673,20,44,2024-04-21T08:23:41.239000+00:00,27.049,30.465,43.81,274.0,266.0,False,101.324,"[None, 2048, 2048, 2048, 2048, 2048, 2048]","[2048, 2048, 2049, 2048, 2048, 2048]","[2048, 2048, 2048, 2048, 2048, 2049, 2048, 2048, 2049]",308.0
1233,9673,2,44,2024-04-21T08:23:42.597000+00:00,27.409,30.906,44.079,270.0,267.0,False,102.394,"[None, 2048, 2048, 2048, 2048, 2048, 2048]","[2048, 2048, 2048, 2048, 2048, 2048]","[2048, 2048, 2048, 2048, 2048, 2048, 2048, 2048, 2049]",310.0
1233,9673,10,44,2024-04-21T08:23:51.260000+00:00,26.647,29.95,43.309,,260.0,False,99.906,"[None, 2048, 2048, 2048, 2048, 2048, 2048]","[2048, 2048, 2048, 2048, 2048, 2048]","[2048, 2048, 2048, 2048, 2048, 2048, 2048, 2048, 2048]",298.0
1233,9673,24,44,2024-04-21T08:23:55.223000+00:00,26.646,29.896,43.14,271.0,265.0,False,99.682,"[None, 2048, 2048, 2048, 2048, 2048, 2048]","[2048, 2048, 2048, 2048, 2048, 2048]","[2048, 2048, 2048, 2048, 2048, 2048, 2048, 2048, 2048]",305.0
1233,9673,18,44,2024-04-21T08:24:01.870000+00:00,26.68,30.244,43.434,276.0,271.0,False,100.358,"[None, 2048, 2048, 2048, 2048, 2048, 2048]","[2048, 2048, 2048, 2048, 2048, 2048]","[2048, 2048, 2048, 2048, 2048, 2048, 2048, 2048, 2048]",308.0
1233,9673,1,45,2024-04-21T08:24:35.239000+00:00,26.507,29.629,43.08,,268.0,False,99.216,"[None, 2048, 2049, 2048, 2048, 2048, 2048]","[2048, 2048, 2048, 2048, 2048, 2048]","[2048, 2048, 2048, 2048, 2048, 2048, 2048, 2048, 2048]",308.0
1233,9673,4,45,2024-04-21T08:24:43.489000+00:00,26.598,29.868,42.971,,269.0,False,99.437,"[None, 2048, 2048, 2048, 2048, 2048, 2048]","[2048, 2048, 2049, 2048, 2048, 2048]","[2048, 2048, 2048, 2048, 2048, 2048, 2048, 2048, 2048]",307.0
1233,9673,11,45,2024-04-21T08:24:47.605000+00:00,26.591,30.005,43.253,274.0,268.0,False,99.849,"[None, 2048, 2048, 2048, 2048, 2048, 2048]","[2048, 2048, 2048, 2048, 2048, 2048]","[2048, 2048, 2048, 2048, 2048, 2048, 2048, 2048, 2048]",310.0
1233,9673,16,45,2024-04-21T08:24:49.349000+00:00,26.729,30.136,43.16,277.0,268.0,False,100.025,"[None, 2048, 2048, 2048, 2048, 2048, 2048]","[2048, 2048, 2048, 2048, 2048, 2048]","[2048, 2048, 2048, 2048, 2048, 2049, 2048, 2048, 2048]",311.0
1233,9673,55,45,2024-04-21T08:24:59.273000+00:00,26.74,30.041,43.439,,266.0,False,100.22,"[None, 2048, 2048, 2048, 2048, 2048, 2048]","[2048, 2048, 2048, 2049, 2048, 2048]","[2048, 2048, 2048, 2048, 2048, 2048, 2048, 2048, 2048]",308.0
1233,9673,63,45,2024-04-21T08:25:01.268000+00:00,26.971,30.124,43.524,274.0,269.0,False,100.619,"[None, 2048, 2048, 2049, 2048, 2048, 2048]","[2048, 2048, 2048, 2048, 2048, 2048]","[2049, 2048, 2048, 2048, 2048, 2048, 2048, 2048, 2049]",311.0
1233,9673,81,45,2024-04-21T08:25:08.074000+00:00,27.105,30.429,43.767,275.0,267.0,False,101.301,"[None, 2048, 2048, 2048, 2048, 2048, 2048]","[2048, 2048, 2048, 2048, 2048, 2048]","[2048, 2048, 2048, 2048, 2048, 2048, 2048, 2048, 2048]",305.0
1233,9673,44,45,2024-04-21T08:25:09.747000+00:00,26.985,30.492,43.621,,269.0,False,101.098,"[None, 2048, 2049, 2048, 2048, 2048, 2048]","[2048, 2048, 2048, 2048, 2048, 2048]","[2048, 2048, 2048, 2048, 2048, 2048, 2048, 2048, 2048]",312.0
1233,9673,27,45,2024-04-21T08:25:11.772000+00:00,26.897,30.609,43.728,278.0,269.0,False,101.234,"[None, 2048, 2048, 2048, 2048, 2048, 2048]","[2048, 2048, 2048, 2048, 2048, 2048]","[2048, 2048, 2048, 2048, 2048, 2048, 2048, 2048, 2048]",312.0
1233,9673,31,45,2024-04-21T08:25:13.780000+00:00,27.049,30.418,43.956,,263.0,False,101.423,"[None, 2048, 2048, 2048, 2048, 2048, 2048]","[2048, 2048, 2048, 2048, 2048, 2048]","[2048, 2048, 2048, 2048, 2048, 2048, 2048, 2048, 2048]",304.0
1233,9673,23,45,2024-04-21T08:25:15.498000+00:00,27.005,30.493,44.162,271.0,269.0,False,101.66,"[None, 2048, 2048, 2048, 2048, 2048, 2048]","[2048, 2048, 2048, 2049, 2048, 2048]","[2048, 2048, 2048, 2048, 2048, 2048, 2048, 2048, 2048]",317.0
1233,9673,14,45,2024-04-21T08:25:18.384000+00:00,26.106,29.306,42.398,276.0,261.0,False,97.81,"[2048, 2048, 2048, 2048, 2048, 2048, 2048]","[2049, 2049, 2051, 2048, 2049, 2048]","[2048, 2051, 2051, 2051, 2048, 2048, 2048, 2048, 2048]",332.0
1233,9673,20,45,2024-04-21T08:25:22.522000+00:00,27.024,30.428,43.625,276.0,268.0,False,101.077,"[None, 2048, 2048, 2048, 2048, 2048, 2048]","[2048, 2048, 2048, 2048, 2048, 2048]","[2049, 2048, 2048, 2048, 2048, 2048, 2048, 2048, 2049]",311.0
1233,9673,2,45,2024-04-21T08:25:24.988000+00:00,27.239,30.772,43.903,272.0,267.0,False,101.914,"[None, 2048, 2048, 2048, 2048, 2048, 2048]","[2048, 2048, 2048, 2048, 2048, 2048]","[2048, 2048, 2048, 2048, 2048, 2048, 2048, 2048, 2048]",311.0
1233,9673,10,45,2024-04-21T08:25:31.211000+00:00,26.604,30.016,43.445,267.0,260.0,False,100.065,"[None, 2048, 2048, 2048, 2048, 2048, 2048]","[2048, 2048, 2048, 2048, 2048, 2048]","[2048, 2048, 2048, 2048, 2048, 2048, 2048, 2048, 2048]",299.0
1233,9673,24,45,2024-04-21T08:25:34.915000+00:00,26.604,29.852,43.097,,266.0,False,99.553,"[None, 2048, 2049, 2048, 2048, 2048, 2048]","[2048, 2048, 2049, 2048, 2048, 2048]","[2048, 2048, 2049, 2048, 2048, 2048, 2048, 2048, 2048]",305.0
1233,9673,18,45,2024-04-21T08:25:42.206000+00:00,26.755,29.97,43.566,,270.0,False,100.291,"[None, 2048, 2048, 2048, 2048, 2048, 2048]","[2048, 2048, 2048, 2048, 2048, 2048]","[2048, 2048, 2048, 2048, 2048, 2048, 2048, 2048, 2048]",308.0
1233,9673,1,46,2024-04-21T08:26:14.429000+00:00,26.517,29.767,43.149,276.0,268.0,False,99.433,"[None, 2048, 2048, 2048, 2048, 2048, 2048]","[2048, 2048, 2048, 2048, 2048, 2048]","[2048, 2048, 2048, 2048, 2048, 2048, 2048, 2048, 2048]",308.0
1233,9673,4,46,2024-04-21T08:26:22.960000+00:00,26.651,29.993,43.074,272.0,269.0,False,99.718,"[None, 2048, 2048, 2048, 2048, 2048, 2048]","[2048, 2048, 2048, 2048, 2048, 2048]","[2048, 2048, 2048, 2048, 2048, 2048, 2048, 2048, 2048]",307.0
1233,9673,11,46,2024-04-21T08:26:27.433000+00:00,26.686,30.091,43.189,276.0,268.0,False,99.966,"[None, 2048, 2048, 2048, 2048, 2048, 2048]","[2048, 2048, 2048, 2048, 2048, 2048]","[2048, 2048, 2048, 2048, 2048, 2048, 2048, 2048, 2048]",310.0
1233,9673,16,46,2024-04-21T08:26:29.429000+00:00,26.857,30.073,43.294,278.0,268.0,False,100.224,"[None, 2048, 2048, 2048, 2048, 2048, 2048]","[2048, 2048, 2048, 2048, 2048, 2048]","[2048, 2048, 2048, 2048, 2048, 2048, 2048, 2048, 2048]",310.0
1233,9673,55,46,2024-04-21T08:26:39.493000+00:00,26.838,30.002,43.387,275.0,267.0,False,100.227,"[None, 2048, 2048, 2048, 2048, 2048, 2048]","[2048, 2048, 2049, 2048, 2048, 2048]","[2048, 2048, 2048, 2048, 2048, 2048, 2048, 2048, 2048]",308.0
1233,9673,63,46,2024-04-21T08:26:41.896000+00:00,26.794,30.12,43.466,273.0,271.0,False,100.38,"[None, 2048, 2048, 2048, 2048, 2048, 2048]","[2048, 2048, 2048, 2048, 2048, 2048]","[2048, 2048, 2048, 2048, 2048, 2048, 2048, 2048, 2049]",309.0
1233,9673,81,46,2024-04-21T08:26:49.489000+00:00,26.957,30.596,43.741,271.0,267.0,False,101.294,"[None, 2048, 2048, 2048, 2048, 2048, 2048]","[2048, 2048, 2048, 2048, 2048, 2048]","[2048, 2048, 2048, 2048, 2048, 2048, 2048, 2048, 2048]",306.0
1233,9673,44,46,2024-04-21T08:26:51.017000+00:00,27.014,30.474,43.853,,269.0,False,101.341,"[None, 2048, 2048, 2048, 2048, 2048, 2048]","[2048, 2048, 2048, 2048, 2048, 2048]","[2048, 2048, 2048, 2048, 2048, 2048, 2048, 2048, 2048]",312.0
1233,9673,27,46,2024-04-21T08:26:53.086000+00:00,27.055,30.62,43.843,,269.0,False,101.518,"[None, 2048, 2048, 2048, 2048, 2048, 2048]","[2048, 2048, 2048, 2048, 2048, 2048]","[2048, 2048, 2048, 2048, 2048, 2048, 2048, 2048, 2048]",314.0
1233,9673,31,46,2024-04-21T08:26:55.154000+00:00,27.082,31.055,43.947,269.0,266.0,False,102.084,"[None, 2048, 2048, 2048, 2048, 2048, 2048]","[2048, 2048, 2048, 2048, 2048, 2048]","[2048, 2048, 2048, 2048, 2048, 2048, 2048, 2048, 2048]",322.0
1233,9673,14,46,2024-04-21T08:26:56.282000+00:00,26.37,30.123,43.066,277.0,271.0,False,99.559,"[None, 2048, 2048, 2051, 2048, 2048, 2049]","[2048, 2049, 2048, 2048, 2048, 2048]","[2048, 2048, 2048, 2048, 2048, 2048, 2048, 2048, 2048]",310.0
1233,9673,23,46,2024-04-21T08:26:57.233000+00:00,27.014,30.562,44.2,270.0,270.0,False,101.776,"[None, 2048, 2048, 2048, 2048, 2048, 2048]","[2048, 2048, 2048, 2048, 2048, 2048]","[2048, 2048, 2048, 2048, 2048, 2048, 2048, 2048, 2048]",310.0
1233,9673,20,46,2024-04-21T08:27:03.582000+00:00,27.187,30.551,43.76,277.0,268.0,False,101.498,"[None, 2048, 2048, 2048, 2048, 2048, 2048]","[2048, 2048, 2048, 2048, 2048, 2048]","[2049, 2048, 2048, 2048, 2048, 2048, 2048, 2048, 2048]",310.0
1233,9673,2,46,2024-04-21T08:27:06.831000+00:00,27.451,30.876,44.069,268.0,267.0,False,102.396,"[None, 2048, 2048, 2048, 2048, 2048, 2048]","[2048, 2048, 2048, 2048, 2048, 2048]","[2048, 2048, 2048, 2048, 2048, 2048, 2048, 2048, 2049]",309.0
1233,9673,10,46,2024-04-21T08:27:11.172000+00:00,26.703,29.977,43.57,,260.0,False,100.25,"[None, 2048, 2048, 2048, 2048, 2048, 2048]","[2048, 2048, 2049, 2048, 2048, 2048]","[2048, 2048, 2048, 2048, 2048, 2048, 2048, 2048, 2048]",300.0
1233,9673,24,46,2024-04-21T08:27:14.485000+00:00,26.686,29.719,43.231,,265.0,False,99.636,"[None, 2048, 2048, 2048, 2048, 2048, 2048]","[2048, 2048, 2049, 2048, 2048, 2048]","[2048, 2048, 2048, 2048, 2048, 2048, 2048, 2048, 2049]",305.0
1233,9673,18,46,2024-04-21T08:27:22.481000+00:00,26.878,30.22,43.638,,270.0,False,100.736,"[None, 2048, 2048, 2048, 2048, 2048, 2048]","[2048, 2048, 2048, 2048, 2048, 2048]","[2049, 2048, 2048, 2048, 2048, 2048, 2048, 2048, 2048]",308.0
1233,9673,1,47,2024-04-21T08:27:53.821000+00:00,26.62,29.721,43.081,275.0,267.0,False,99.422,"[None, 2048, 2048, 2048, 2048, 2048, 2048]","[2048, 2048, 2048, 2048, 2048, 2048]","[2048, 2048, 2048, 2048, 2048, 2048, 2048, 2048, 2048]",309.0
1233,9673,4,47,2024-04-21T08:28:02.701000+00:00,26.743,30.094,43.276,271.0,269.0,False,100.113,"[None, 2048, 2048, 2048, 2048, 2048, 2048]","[2048, 2048, 2048, 2048, 2048, 2048]","[2048, 2048, 2048, 2048, 2048, 2048, 2048, 2048, 2048]",307.0
1233,9673,11,47,2024-04-21T08:28:07.364000+00:00,26.66,30.006,43.289,,268.0,False,99.955,"[None, 2048, 2048, 2048, 2048, 2048, 2048]","[2048, 2048, 2048, 2048, 2048, 2048]","[2048, 2048, 2048, 2048, 2048, 2048, 2048, 2048, 2048]",309.0
1233,9673,16,47,2024-04-21T08:28:09.575000+00:00,26.713,30.036,43.567,276.0,269.0,False,100.316,"[None, 2048, 2048, 2048, 2048, 2048, 2048]","[2048, 2048, 2048, 2048, 2048, 2048]","[2048, 2048, 2048, 2048, 2048, 2048, 2049, 2048, 2048]",310.0
1233,9673,55,47,2024-04-21T08:28:19.600000+00:00,26.859,30.12,43.623,274.0,267.0,False,100.602,"[None, 2048, 2048, 2049, 2048, 2048, 2048]","[2048, 2048, 2048, 2049, 2048, 2048]","[2048, 2048, 2048, 2048, 2048, 2048, 2048, 2048, 2048]",307.0
1233,9673,63,47,2024-04-21T08:28:22.292000+00:00,26.775,30.228,43.401,275.0,271.0,False,100.404,"[None, 2048, 2049, 2048, 2048, 2048, 2048]","[2048, 2048, 2048, 2048, 2048, 2048]","[2049, 2048, 2048, 2048, 2048, 2048, 2048, 2048, 2049]",310.0
1233,9673,81,47,2024-04-21T08:28:30.733000+00:00,26.982,30.572,43.896,273.0,268.0,False,101.45,"[None, 2048, 2048, 2048, 2048, 2048, 2048]","[2048, 2048, 2049, 2048, 2048, 2048]","[2048, 2048, 2048, 2048, 2048, 2048, 2048, 2048, 2048]",305.0
1233,9673,44,47,2024-04-21T08:28:32.321000+00:00,27.082,30.487,43.807,272.0,269.0,False,101.376,"[None, 2048, 2048, 2048, 2048, 2048, 2048]","[2048, 2048, 2048, 2048, 2048, 2048]","[2048, 2048, 2048, 2048, 2048, 2048, 2048, 2048, 2048]",312.0
1233,9673,27,47,2024-04-21T08:28:34.572000+00:00,27.031,30.633,44.334,279.0,270.0,False,101.998,"[None, 2048, 2048, 2048, 2048, 2048, 2048]","[2048, 2048, 2048, 2048, 2048, 2048]","[2048, 2048, 2048, 2048, 2048, 2048, 2048, 2048, 2048]",313.0
1233,9673,14,47,2024-04-21T08:28:35.748000+00:00,26.627,30.342,42.994,271.0,269.0,False,99.963,"[None, 2048, 2048, 2048, 2048, 2048, 2048]","[2048, 2048, 2048, 2048, 2048, 2048]","[2048, 2048, 2048, 2048, 2049, 2048, 2048, 2048, 2048]",335.0
1233,9673,31,47,2024-04-21T08:28:37.269000+00:00,27.15,30.446,44.147,270.0,264.0,False,101.743,"[None, 2048, 2048, 2048, 2048, 2048, 2048]","[2048, 2048, 2048, 2049, 2048, 2048]","[2048, 2048, 2048, 2048, 2048, 2048, 2048, 2048, 2048]",303.0
1233,9673,23,47,2024-04-21T08:28:38.944000+00:00,27.136,30.523,43.925,271.0,269.0,False,101.584,"[None, 2048, 2048, 2048, 2048, 2048, 2048]","[2048, 2048, 2049, 2048, 2048, 2048]","[2048, 2048, 2048, 2048, 2048, 2048, 2048, 2048, 2048]",310.0
1233,9673,20,47,2024-04-21T08:28:45.152000+00:00,27.055,30.365,43.946,276.0,268.0,False,101.366,"[None, 2048, 2048, 2048, 2048, 2048, 2048]","[2048, 2048, 2049, 2049, 2048, 2048]","[2048, 2048, 2048, 2048, 2048, 2048, 2048, 2048, 2049]",310.0
1233,9673,2,47,2024-04-21T08:28:49.209000+00:00,27.21,30.559,44.145,271.0,268.0,False,101.914,"[None, 2048, 2048, 2048, 2048, 2048, 2048]","[2048, 2048, 2048, 2048, 2048, 2048]","[2048, 2048, 2048, 2048, 2048, 2048, 2048, 2048, 2048]",309.0
1233,9673,10,47,2024-04-21T08:28:51.426000+00:00,26.674,29.913,43.81,270.0,269.0,False,100.397,"[None, 2048, 2048, 2048, 2048, 2048, 2048]","[2048, 2048, 2049, 2048, 2048, 2048]","[2048, 2048, 2048, 2048, 2048, 2048, 2048, 2048, 2048]",305.0
1233,9673,24,47,2024-04-21T08:28:54.003000+00:00,26.838,29.975,43.233,270.0,265.0,False,100.046,"[None, 2048, 2048, 2048, 2048, 2048, 2048]","[2048, 2048, 2048, 2048, 2048, 2048]","[2048, 2048, 2049, 2048, 2048, 2048, 2048, 2048, 2049]",305.0
1233,9673,18,47,2024-04-21T08:29:03.131000+00:00,26.949,30.092,43.613,,271.0,False,100.654,"[None, 2048, 2048, 2048, 2048, 2048, 2048]","[2048, 2048, 2048, 2048, 2048, 2048]","[2048, 2048, 2048, 2048, 2048, 2048, 2048, 2048, 2048]",307.0
1233,9673,1,48,2024-04-21T08:29:33.349000+00:00,26.496,29.709,43.12,,268.0,False,99.325,"[None, 2048, 2049, 2048, 2048, 2048, 2048]","[2048, 2048, 2048, 2049, 2048, 2048]","[2048, 2048, 2048, 2048, 2048, 2048, 2048, 2048, 2048]",308.0
1233,9673,4,48,2024-04-21T08:29:42.818000+00:00,26.612,29.888,43.146,272.0,270.0,False,99.646,"[None, 2048, 2048, 2048, 2048, 2048, 2048]","[2048, 2048, 2048, 2051, 2048, 2048]","[2048, 2048, 2048, 2048, 2048, 2048, 2048, 2048, 2048]",306.0
1233,9673,11,48,2024-04-21T08:29:47.325000+00:00,26.647,29.974,43.34,277.0,269.0,False,99.961,"[None, 2048, 2048, 2048, 2048, 2048, 2048]","[2048, 2048, 2048, 2048, 2048, 2048]","[2048, 2048, 2048, 2048, 2048, 2048, 2048, 2048, 2048]",309.0
1233,9673,16,48,2024-04-21T08:29:49.940000+00:00,26.759,30.021,43.378,,268.0,False,100.158,"[None, 2048, 2048, 2048, 2048, 2048, 2048]","[2048, 2048, 2048, 2049, 2048, 2048]","[2048, 2048, 2048, 2048, 2048, 2048, 2048, 2048, 2048]",309.0
1233,9673,55,48,2024-04-21T08:30:00.341000+00:00,26.88,30.031,43.56,275.0,267.0,False,100.471,"[None, 2048, 2049, 2048, 2048, 2048, 2048]","[2048, 2048, 2048, 2048, 2048, 2048]","[2048, 2048, 2048, 2048, 2048, 2048, 2048, 2048, 2048]",307.0
1233,9673,63,48,2024-04-21T08:30:02.733000+00:00,26.879,30.089,43.426,273.0,271.0,False,100.394,"[None, 2048, 2048, 2048, 2048, 2048, 2048]","[2048, 2048, 2048, 2048, 2048, 2048]","[2048, 2048, 2048, 2048, 2048, 2048, 2048, 2048, 2048]",310.0
1233,9673,81,48,2024-04-21T08:30:12.144000+00:00,26.986,30.462,43.989,,268.0,False,101.437,"[None, 2048, 2048, 2048, 2048, 2048, 2048]","[2048, 2048, 2048, 2048, 2048, 2048]","[2048, 2048, 2048, 2048, 2048, 2048, 2048, 2048, 2048]",304.0
1233,9673,44,48,2024-04-21T08:30:13.717000+00:00,26.972,30.348,43.995,,270.0,False,101.315,"[None, 2048, 2048, 2048, 2048, 2048, 2048]","[2048, 2048, 2048, 2048, 2048, 2048]","[2048, 2048, 2048, 2048, 2048, 2048, 2048, 2048, 2049]",310.0
1233,9673,14,48,2024-04-21T08:30:15.645000+00:00,26.62,29.807,43.41,277.0,271.0,False,99.837,"[None, 2048, 2048, 2048, 2048, 2048, 2048]","[2048, 2048, 2048, 2048, 2048, 2048]","[2049, 2048, 2048, 2048, 2048, 2048, 2048, 2048, 2048]",331.0
1233,9673,27,48,2024-04-21T08:30:16.595000+00:00,26.807,30.63,43.759,280.0,269.0,False,101.196,"[2049, 2049, 2048, 2048, 2048, 2048, 2048]","[2048, 2048, 2048, 2048, 2048, 2048]","[2048, 2048, 2049, 2048, 2048, 2048, 2048, 2048, 2048]",315.0
1233,9673,31,48,2024-04-21T08:30:19.065000+00:00,26.945,30.304,44.052,,263.0,False,101.301,"[None, 2048, 2049, 2048, 2048, 2048, 2048]","[2048, 2048, 2048, 2048, 2048, 2048]","[2048, 2048, 2048, 2048, 2048, 2048, 2048, 2048, 2048]",302.0
1233,9673,23,48,2024-04-21T08:30:20.556000+00:00,27.065,30.48,43.964,,269.0,False,101.509,"[None, 2048, 2048, 2048, 2048, 2048, 2048]","[2048, 2048, 2049, 2049, 2048, 2048]","[2048, 2048, 2048, 2048, 2048, 2049, 2048, 2048, 2048]",309.0
1233,9673,20,48,2024-04-21T08:30:26.583000+00:00,27.113,30.515,43.975,,266.0,False,101.603,"[None, 2048, 2048, 2048, 2048, 2048, 2048]","[2048, 2048, 2049, 2048, 2048, 2048]","[2048, 2048, 2048, 2048, 2048, 2048, 2048, 2048, 2048]",309.0
1233,9673,2,48,2024-04-21T08:30:31.138000+00:00,27.15,30.976,44.641,270.0,268.0,False,102.767,"[None, 2048, 2049, 2048, 2048, 2048, 2048]","[2048, 2048, 2048, 2048, 2048, 2048]","[2049, 2048, 2048, 2048, 2048, 2048, 2048, 2048, 2048]",308.0
1233,9673,10,48,2024-04-21T08:30:31.908000+00:00,26.507,31.408,43.636,273.0,262.0,False,101.551,"[2049, 2048, 2048, 2048, 2048, 2048, 2048]","[2048, 2048, 2048, 2048, 2048, 2048]","[2048, 2048, 2048, 2048, 2048, 2048, 2048, 2048, 2048]",325.0
1233,9673,24,48,2024-04-21T08:30:34.112000+00:00,26.801,30.024,43.566,273.0,266.0,False,100.391,"[None, 2048, 2049, 2048, 2048, 2048, 2048]","[2048, 2048, 2048, 2048, 2048, 2048]","[2048, 2048, 2048, 2048, 2048, 2048, 2048, 2048, 2048]",308.0
1233,9673,18,48,2024-04-21T08:30:43.816000+00:00,26.82,29.87,43.607,277.0,271.0,False,100.297,"[None, 2048, 2048, 2048, 2048, 2048, 2048]","[2048, 2048, 2049, 2048, 2048, 2048]","[2048, 2048, 2048, 2048, 2048, 2048, 2048, 2048, 2048]",307.0
1233,9673,1,49,2024-04-21T08:31:12.527000+00:00,26.492,29.719,43.139,,269.0,False,99.35,"[None, 2048, 2048, 2048, 2048, 2048, 2048]","[2048, 2048, 2048, 2048, 2048, 2048]","[2048, 2048, 2048, 2048, 2048, 2048, 2048, 2048, 2048]",307.0
1233,9673,4,49,2024-04-21T08:31:22.412000+00:00,26.684,29.836,43.196,,269.0,False,99.716,"[None, 2048, 2048, 2048, 2048, 2048, 2048]","[2048, 2048, 2048, 2048, 2048, 2048]","[2048, 2048, 2048, 2048, 2048, 2048, 2048, 2048, 2048]",306.0
1233,9673,11,49,2024-04-21T08:31:27.350000+00:00,26.588,29.988,43.327,,269.0,False,99.903,"[None, 2048, 2048, 2048, 2048, 2048, 2048]","[2048, 2048, 2048, 2048, 2048, 2048]","[2048, 2048, 2048, 2048, 2048, 2048, 2048, 2048, 2048]",309.0
1233,9673,16,49,2024-04-21T08:31:30.129000+00:00,26.786,30.17,43.467,,269.0,False,100.423,"[None, 2048, 2048, 2048, 2048, 2048, 2048]","[2048, 2048, 2048, 2048, 2048, 2048]","[2048, 2048, 2048, 2048, 2048, 2048, 2048, 2048, 2048]",308.0
1233,9673,55,49,2024-04-21T08:31:40.716000+00:00,26.705,30.015,43.389,276.0,268.0,False,100.109,"[None, 2048, 2049, 2048, 2048, 2048, 2048]","[2048, 2048, 2049, 2048, 2048, 2048]","[2048, 2048, 2049, 2048, 2048, 2048, 2048, 2048, 2048]",306.0
1233,9673,63,49,2024-04-21T08:31:43.088000+00:00,26.711,30.072,43.435,274.0,270.0,False,100.218,"[None, 2048, 2049, 2048, 2048, 2048, 2048]","[2048, 2048, 2048, 2048, 2048, 2048]","[2048, 2048, 2048, 2048, 2048, 2048, 2048, 2048, 2048]",309.0
1233,9673,81,49,2024-04-21T08:31:53.660000+00:00,27.078,30.314,44.654,274.0,268.0,False,102.046,"[None, 2048, 2048, 2048, 2048, 2048, 2048]","[2048, 2048, 2049, 2048, 2048, 2048]","[2048, 2048, 2048, 2048, 2048, 2048, 2048, 2048, 2048]",304.0
1233,9673,44,49,2024-04-21T08:31:54.932000+00:00,27.01,31.133,43.777,273.0,269.0,False,101.92,"[None, 2048, 2048, 2048, 2048, 2048, 2048]","[2048, 2048, 2048, 2048, 2048, 2048]","[2048, 2048, 2048, 2048, 2048, 2048, 2049, 2048, 2048]",313.0
1233,9673,14,49,2024-04-21T08:31:55.501000+00:00,26.485,29.94,42.978,279.0,271.0,False,99.403,"[None, 2048, 2048, 2048, 2048, 2048, 2051]","[2048, 2048, 2048, 2048, 2048, 2048]","[2048, 2048, 2048, 2048, 2048, 2048, 2048, 2048, 2048]",333.0
1233,9673,27,49,2024-04-21T08:31:57.808000+00:00,27.042,30.539,43.66,278.0,269.0,False,101.241,"[2048, 2048, 2049, 2048, 2048, 2048, 2048]","[2048, 2048, 2049, 2048, 2048, 2048]","[2048, 2048, 2048, 2048, 2048, 2048, 2048, 2048, 2048]",314.0
1233,9673,31,49,2024-04-21T08:32:00.305000+00:00,26.952,30.342,44.003,,264.0,False,101.297,"[None, 2048, 2049, 2048, 2048, 2048, 2048]","[2048, 2048, 2048, 2048, 2048, 2048]","[2048, 2048, 2048, 2048, 2048, 2048, 2048, 2048, 2048]",303.0
1233,9673,23,49,2024-04-21T08:32:02.066000+00:00,27.098,30.395,43.911,,270.0,False,101.404,"[None, 2048, 2048, 2049, 2048, 2048, 2048]","[2049, 2048, 2049, 2048, 2048, 2048]","[2048, 2048, 2048, 2048, 2048, 2048, 2048, 2048, 2048]",309.0
1233,9673,20,49,2024-04-21T08:32:08.172000+00:00,27.034,30.53,43.791,277.0,268.0,False,101.355,"[None, 2048, 2048, 2048, 2048, 2048, 2048]","[2048, 2048, 2049, 2048, 2048, 2048]","[2049, 2048, 2048, 2048, 2048, 2048, 2048, 2048, 2048]",310.0
1233,9673,10,49,2024-04-21T08:32:13.464000+00:00,26.766,30.071,43.468,266.0,259.0,False,100.305,"[2048, 2048, 2048, 2048, 2048, 2048, 2048]","[2048, 2048, 2048, 2048, 2048, 2048]","[2048, 2048, 2048, 2048, 2048, 2048, 2048, 2048, 2048]",297.0
1233,9673,2,49,2024-04-21T08:32:13.974000+00:00,27.378,30.77,44.595,272.0,268.0,False,102.743,"[None, 2048, 2048, 2048, 2048, 2048, 2048]","[2048, 2048, 2048, 2048, 2048, 2048]","[2048, 2048, 2048, 2048, 2048, 2048, 2048, 2048, 2048]",309.0
1233,9673,24,49,2024-04-21T08:32:14.548000+00:00,27.223,30.715,43.564,276.0,270.0,False,101.502,"[2049, 2049, 2048, 2048, 2048, 2048, 2048]","[2048, 2048, 2048, 2048, 2048, 2048]","[2048, 2048, 2048, 2048, 2048, 2048, 2048, 2048]",329.0
1233,9673,18,49,2024-04-21T08:32:24.226000+00:00,26.939,30.123,43.507,276.0,269.0,False,100.569,"[None, 2048, 2048, 2048, 2048, 2048, 2048]","[2048, 2048, 2049, 2048, 2048, 2048]","[2048, 2048, 2048, 2048, 2048, 2048, 2048, 2048, 2048]",308.0
1233,9673,1,50,2024-04-21T08:32:51.906000+00:00,26.51,29.92,43.015,276.0,266.0,False,99.445,"[None, 2048, 2048, 2048, 2048, 2048, 2048]","[2048, 2048, 2048, 2048, 2048, 2048]","[2048, 2048, 2048, 2048, 2048, 2048, 2048, 2048, 2048]",308.0
1233,9673,4,50,2024-04-21T08:33:02.192000+00:00,26.911,30.028,43.238,273.0,268.0,False,100.177,"[None, 2048, 2048, 2048, 2048, 2048, 2048]","[2048, 2048, 2048, 2048, 2048, 2048]","[2048, 2048, 2048, 2048, 2048, 2048, 2048, 2048, 2048]",306.0
1233,9673,11,50,2024-04-21T08:33:07.256000+00:00,26.645,30.112,43.295,278.0,268.0,False,100.052,"[None, 2048, 2048, 2048, 2048, 2048, 2048]","[2048, 2048, 2048, 2048, 2048, 2048]","[2048, 2048, 2048, 2048, 2048, 2048, 2048, 2048, 2048]",309.0
1233,9673,16,50,2024-04-21T08:33:10.469000+00:00,26.803,30.307,43.227,,268.0,False,100.337,"[None, 2048, 2048, 2048, 2048, 2048, 2048]","[2048, 2048, 2048, 2048, 2048, 2048]","[2048, 2048, 2049, 2048, 2048, 2048, 2048, 2048, 2048]",308.0
1233,9673,55,50,2024-04-21T08:33:20.897000+00:00,26.727,30.171,43.454,274.0,267.0,False,100.352,"[None, 2048, 2049, 2048, 2048, 2048, 2048]","[2048, 2048, 2048, 2048, 2048, 2048]","[2048, 2048, 2048, 2048, 2048, 2048, 2048, 2048, 2048]",307.0
1233,9673,63,50,2024-04-21T08:33:23.252000+00:00,26.714,30.205,43.547,,270.0,False,100.466,"[None, 2048, 2048, 2048, 2048, 2048, 2048]","[2048, 2048, 2048, 2048, 2048, 2048]","[2048, 2048, 2049, 2048, 2048, 2048, 2049, 2048, 2048]",310.0
1233,9673,14,50,2024-04-21T08:33:34.837000+00:00,26.46,29.793,42.921,276.0,270.0,False,99.174,"[None, 2048, 2049, 2048, 2048, 2048, 2048]","[2048, 2048, 2048, 2048, 2048, 2048]","[2049, 2048, 2048, 2048, 2048, 2048, 2048, 2048, 2048]",307.0
1233,9673,81,50,2024-04-21T08:33:35.602000+00:00,26.913,30.593,43.791,275.0,268.0,False,101.297,"[2049, 2049, 2048, 2048, 2048, 2048, 2048]","[2048, 2048, 2048, 2048, 2048, 2048]","[2048, 2048, 2048, 2048, 2048, 2048, 2048, 2048, 2048]",307.0
1233,9673,44,50,2024-04-21T08:33:36.911000+00:00,27.041,30.575,43.69,275.0,269.0,False,101.306,"[None, 2048, 2048, 2048, 2048, 2048, 2048]","[2048, 2048, 2048, 2048, 2048, 2048]","[2048, 2048, 2048, 2048, 2048, 2048, 2048, 2048, 2048]",313.0
1233,9673,27,50,2024-04-21T08:33:39.065000+00:00,27.022,30.596,43.713,279.0,269.0,False,101.331,"[None, 2048, 2048, 2048, 2048, 2048, 2048]","[2048, 2048, 2049, 2048, 2048, 2048]","[2048, 2048, 2048, 2048, 2048, 2048, 2048, 2048, 2048]",314.0
1233,9673,31,50,2024-04-21T08:33:41.641000+00:00,26.962,30.524,44.081,269.0,261.0,False,101.567,"[None, 2048, 2048, 2048, 2048, 2048, 2048]","[2048, 2048, 2048, 2048, 2048, 2048]","[2048, 2048, 2048, 2048, 2048, 2048, 2048, 2048, 2048]",302.0
1233,9673,23,50,2024-04-21T08:33:43.473000+00:00,27.096,30.602,43.74,272.0,269.0,False,101.438,"[None, 2048, 2048, 2048, 2048, 2048, 2048]","[2048, 2048, 2048, 2049, 2048, 2048]","[2049, 2048, 2048, 2048, 2048, 2048, 2048, 2048, 2048]",310.0
1233,9673,20,50,2024-04-21T08:33:49.431000+00:00,27.023,30.589,43.764,,269.0,False,101.376,"[None, 2048, 2049, 2048, 2048, 2048, 2048]","[2048, 2048, 2048, 2048, 2048, 2048]","[2049, 2048, 2048, 2048, 2048, 2048, 2048, 2048, 2048]",311.0
1233,9673,10,50,2024-04-21T08:33:53.718000+00:00,26.558,30.127,43.453,267.0,259.0,False,100.138,"[None, 2048, 2048, 2048, 2048, 2048, 2048]","[2048, 2048, 2048, 2048, 2048, 2048]","[2048, 2048, 2048, 2048, 2048, 2048, 2048, 2048, 2048]",300.0
1233,9673,24,50,2024-04-21T08:33:55.888000+00:00,26.795,30.324,43.415,272.0,264.0,False,100.534,"[2048, 2048, 2048, 2048, 2048, 2048, 2048]","[2048, 2048, 2048, 2048, 2048, 2048]","[2048, 2048, 2048, 2048, 2048, 2048, 2048, 2048, 2048]",307.0
1233,9673,2,50,2024-04-21T08:33:56.661000+00:00,27.397,30.973,44.275,273.0,267.0,False,102.645,"[None, 2048, 2048, 2048, 2048, 2048, 2048]","[2048, 2048, 2048, 2048, 2048, 2048]","[2048, 2048, 2048, 2048, 2048, 2048, 2048, 2048, 2048]",311.0
1233,9673,18,50,2024-04-21T08:34:04.716000+00:00,26.844,30.102,43.642,,270.0,False,100.588,"[None, 2048, 2048, 2048, 2048, 2048, 2048]","[2048, 2048, 2049, 2048, 2048, 2048]","[2048, 2048, 2048, 2048, 2048, 2048, 2048, 2048, 2048]",308.0
1233,9673,1,51,2024-04-21T08:34:31.364000+00:00,26.484,29.775,43.017,,267.0,False,99.276,"[None, 2048, 2048, 2048, 2048, 2048, 2049]","[2048, 2048, 2048, 2048, 2048, 2048]","[2048, 2048, 2049, 2048, 2048, 2048, 2048, 2048, 2048]",308.0
1233,9673,4,51,2024-04-21T08:34:42.283000+00:00,26.621,29.966,43.362,,269.0,False,99.949,"[None, 2048, 2048, 2048, 2048, 2048, 2048]","[2048, 2048, 2049, 2048, 2048, 2048]","[2048, 2048, 2048, 2048, 2048, 2048, 2048, 2048, 2048]",306.0
1233,9673,11,51,2024-04-21T08:34:47.405000+00:00,26.57,30.025,43.311,277.0,268.0,False,99.906,"[None, 2048, 2048, 2048, 2048, 2048, 2048]","[2048, 2048, 2048, 2048, 2048, 2048]","[2048, 2048, 2048, 2048, 2048, 2048, 2048, 2048, 2048]",309.0
1233,9673,16,51,2024-04-21T08:34:50.844000+00:00,26.813,30.091,43.301,,269.0,False,100.205,"[None, 2048, 2048, 2048, 2048, 2048, 2048]","[2048, 2048, 2048, 2048, 2048, 2048]","[2048, 2048, 2048, 2048, 2048, 2048, 2048, 2048, 2048]",309.0
1233,9673,55,51,2024-04-21T08:35:01.215000+00:00,26.745,30.098,43.396,275.0,267.0,False,100.239,"[None, 2048, 2049, 2048, 2048, 2048, 2048]","[2048, 2048, 2048, 2048, 2048, 2048]","[2048, 2048, 2048, 2048, 2048, 2048, 2048, 2048, 2048]",307.0
1233,9673,63,51,2024-04-21T08:35:03.822000+00:00,26.764,30.193,43.377,,270.0,False,100.334,"[None, 2048, 2048, 2048, 2048, 2048, 2048]","[2048, 2048, 2048, 2048, 2048, 2048]","[2048, 2048, 2048, 2048, 2048, 2048, 2048, 2048, 2048]",309.0
1233,9673,14,51,2024-04-21T08:35:14.197000+00:00,26.457,29.983,43.047,275.0,269.0,False,99.487,"[None, 2048, 2049, 2048, 2048, 2048, 2048]","[2048, 2048, 2048, 2048, 2048, 2048]","[2048, 2048, 2048, 2048, 2048, 2048, 2048, 2048, 2048]",307.0
1233,9673,81,51,2024-04-21T08:35:16.977000+00:00,26.947,30.473,43.911,276.0,268.0,False,101.331,"[2048, 2048, 2048, 2048, 2048, 2048, 2048]","[2048, 2048, 2049, 2048, 2048, 2048]","[2048, 2048, 2048, 2048, 2048, 2048, 2048, 2048, 2048]",307.0
1233,9673,44,51,2024-04-21T08:35:18.167000+00:00,27.133,30.628,43.724,271.0,269.0,False,101.485,"[None, 2048, 2048, 2048, 2048, 2048, 2048]","[2048, 2048, 2048, 2048, 2048, 2048]","[2048, 2048, 2048, 2048, 2048, 2048, 2048, 2048, 2048]",312.0
1233,9673,27,51,2024-04-21T08:35:20.414000+00:00,27.039,30.687,43.823,,270.0,False,101.549,"[None, 2048, 2048, 2048, 2048, 2048, 2048]","[2048, 2048, 2048, 2048, 2048, 2048]","[2048, 2048, 2048, 2048, 2048, 2048, 2048, 2048, 2048]",313.0
1233,9673,31,51,2024-04-21T08:35:23.255000+00:00,26.927,30.452,44.098,,262.0,False,101.477,"[None, 2048, 2048, 2048, 2048, 2048, 2048]","[2048, 2048, 2048, 2049, 2048, 2048]","[2048, 2048, 2048, 2048, 2048, 2048, 2048, 2048, 2048]",301.0
1233,9673,23,51,2024-04-21T08:35:25.006000+00:00,26.91,30.641,43.886,,269.0,False,101.437,"[None, 2048, 2048, 2048, 2048, 2048, 2048]","[2048, 2048, 2048, 2048, 2048, 2048]","[2049, 2048, 2048, 2048, 2048, 2048, 2048, 2048, 2048]",310.0
1233,9673,20,51,2024-04-21T08:35:30.816000+00:00,27.093,30.799,43.987,276.0,267.0,False,101.879,"[None, 2048, 2048, 2048, 2048, 2048, 2048]","[2048, 2048, 2048, 2048, 2048, 2048]","[2048, 2048, 2048, 2048, 2048, 2048, 2048, 2048, 2048]",310.0
1233,9673,10,51,2024-04-21T08:35:33.913000+00:00,26.744,30.177,43.576,268.0,260.0,False,100.497,"[None, 2048, 2048, 2048, 2048, 2048, 2048]","[2048, 2048, 2048, 2048, 2048, 2048]","[2048, 2048, 2048, 2048, 2048, 2048, 2048, 2048, 2048]",301.0
1233,9673,24,51,2024-04-21T08:35:36.581000+00:00,26.761,30.076,43.342,271.0,265.0,False,100.179,"[None, 2048, 2048, 2048, 2048, 2048, 2048]","[2048, 2048, 2049, 2048, 2048, 2048]","[2048, 2048, 2048, 2048, 2048, 2048, 2048, 2048, 2048]",307.0
1233,9673,2,51,2024-04-21T08:35:39.411000+00:00,27.225,30.837,44.258,275.0,268.0,False,102.32,"[None, 2048, 2048, 2048, 2048, 2048, 2048]","[2048, 2048, 2048, 2048, 2048, 2048]","[2048, 2048, 2048, 2048, 2048, 2048, 2048, 2048, 2048]",308.0
1233,9673,18,51,2024-04-21T08:35:45.390000+00:00,26.863,30.222,43.632,,269.0,False,100.717,"[None, 2048, 2048, 2048, 2048, 2048, 2048]","[2048, 2048, 2048, 2048, 2048, 2048]","[2048, 2048, 2048, 2048, 2048, 2048, 2048, 2048, 2048]",309.0
1233,9673,1,52,2024-04-21T08:36:10.685000+00:00,26.581,29.964,43.149,,267.0,False,99.694,"[None, 2048, 2048, 2048, 2048, 2048, 2048]","[2048, 2048, 2048, 2049, 2048, 2048]","[2048, 2048, 2048, 2048, 2048, 2048, 2048, 2048, 2048]",308.0
1233,9673,4,52,2024-04-21T08:36:22.358000+00:00,26.698,30.061,43.185,272.0,269.0,False,99.944,"[None, 2048, 2048, 2048, 2048, 2048, 2048]","[2048, 2048, 2049, 2048, 2048, 2048]","[2048, 2048, 2048, 2048, 2048, 2048, 2048, 2048, 2048]",306.0
1233,9673,11,52,2024-04-21T08:36:27.289000+00:00,26.576,30.17,43.377,278.0,268.0,False,100.123,"[None, 2048, 2048, 2048, 2048, 2048, 2048]","[2048, 2048, 2048, 2048, 2048, 2048]","[2048, 2048, 2048, 2048, 2048, 2048, 2048, 2048, 2048]",309.0
1233,9673,16,52,2024-04-21T08:36:31.092000+00:00,26.834,30.289,43.33,,268.0,False,100.453,"[None, 2048, 2048, 2048, 2048, 2048, 2048]","[2048, 2048, 2048, 2048, 2048, 2048]","[2048, 2048, 2048, 2048, 2048, 2048, 2048, 2048, 2048]",309.0
1233,9673,55,52,2024-04-21T08:36:41.448000+00:00,26.766,30.2,43.447,276.0,267.0,False,100.413,"[None, 2048, 2049, 2048, 2048, 2048, 2048]","[2048, 2048, 2048, 2048, 2048, 2048]","[2048, 2048, 2048, 2048, 2048, 2048, 2048, 2048, 2048]",308.0
1233,9673,63,52,2024-04-21T08:36:44.204000+00:00,26.75,30.218,43.763,276.0,271.0,False,100.731,"[None, 2048, 2048, 2048, 2048, 2048, 2048]","[2048, 2048, 2048, 2048, 2048, 2048]","[2048, 2048, 2048, 2048, 2048, 2048, 2048, 2048, 2048]",310.0
1233,9673,14,52,2024-04-21T08:36:53.600000+00:00,26.333,29.858,43.205,274.0,270.0,False,99.396,"[None, 2048, 2048, 2051, 2048, 2048, 2048]","[2048, 2048, 2051, 2048, 2048, 2048]","[2048, 2048, 2048, 2048, 2048, 2048, 2048, 2048, 2048]",307.0
1233,9673,81,52,2024-04-21T08:36:58.251000+00:00,27.234,30.555,43.813,275.0,266.0,False,101.602,"[None, 2048, 2048, 2048, 2048, 2048, 2048]","[2048, 2048, 2049, 2048, 2048, 2048]","[2048, 2048, 2048, 2048, 2048, 2048, 2048, 2048, 2048]",305.0
1233,9673,44,52,2024-04-21T08:36:59.680000+00:00,27.058,30.527,43.876,275.0,270.0,False,101.461,"[None, 2048, 2048, 2048, 2048, 2048, 2048]","[2048, 2048, 2049, 2048, 2048, 2048]","[2048, 2048, 2048, 2048, 2048, 2048, 2048, 2048, 2048]",312.0
1233,9673,27,52,2024-04-21T08:37:01.960000+00:00,27.015,30.763,43.847,280.0,270.0,False,101.625,"[None, 2048, 2048, 2048, 2048, 2048, 2048]","[2048, 2049, 2049, 2048, 2048, 2048]","[2048, 2048, 2048, 2048, 2048, 2048, 2048, 2048, 2048]",313.0
1233,9673,31,52,2024-04-21T08:37:04.697000+00:00,26.953,30.616,43.99,270.0,261.0,False,101.559,"[None, 2048, 2049, 2048, 2048, 2048, 2048]","[2048, 2048, 2048, 2048, 2048, 2048]","[2048, 2048, 2048, 2048, 2048, 2048, 2048, 2048, 2048]",301.0
1233,9673,23,52,2024-04-21T08:37:06.344000+00:00,27.085,30.654,43.931,273.0,270.0,False,101.67,"[None, 2048, 2048, 2048, 2048, 2048, 2048]","[2048, 2048, 2048, 2048, 2048, 2048]","[2048, 2048, 2048, 2048, 2048, 2048, 2048, 2048, 2048]",310.0
1233,9673,20,52,2024-04-21T08:37:12.672000+00:00,27.171,30.844,44.044,,268.0,False,102.059,"[None, 2048, 2049, 2048, 2048, 2048, 2048]","[2048, 2048, 2048, 2048, 2048, 2048]","[2048, 2048, 2048, 2048, 2048, 2048, 2048, 2048, 2048]",310.0
1233,9673,10,52,2024-04-21T08:37:14.307000+00:00,26.827,30.393,43.832,269.0,260.0,False,101.052,"[None, 2048, 2048, 2048, 2048, 2048, 2048]","[2048, 2048, 2048, 2048, 2048, 2048]","[2048, 2048, 2048, 2048, 2048, 2048, 2048, 2048, 2048]",321.0
1233,9673,24,52,2024-04-21T08:37:16.694000+00:00,26.876,30.196,43.47,,265.0,False,100.542,"[None, 2048, 2048, 2048, 2048, 2048, 2048]","[2048, 2048, 2048, 2048, 2048, 2048]","[2048, 2048, 2048, 2048, 2048, 2048, 2048, 2048, 2048]",308.0
1233,9673,2,52,2024-04-21T08:37:21.739000+00:00,27.375,30.95,44.225,276.0,267.0,False,102.55,"[None, 2048, 2048, 2048, 2048, 2048, 2048]","[2048, 2048, 2048, 2049, 2048, 2048]","[2048, 2048, 2048, 2048, 2048, 2048, 2048, 2048, 2048]",308.0
1233,9673,18,52,2024-04-21T08:37:26.013000+00:00,26.919,30.163,43.906,277.0,270.0,False,100.988,"[None, 2048, 2048, 2048, 2048, 2048, 2048]","[2048, 2048, 2049, 2048, 2048, 2048]","[2048, 2048, 2048, 2048, 2048, 2048, 2048, 2048, 2048]",310.0
1233,9673,1,53,2024-04-21T08:37:50.309000+00:00,26.533,29.985,43.136,,268.0,False,99.654,"[None, 2048, 2048, 2048, 2048, 2048, 2048]","[2048, 2048, 2048, 2048, 2048, 2048]","[2048, 2048, 2048, 2048, 2048, 2048, 2048, 2048, 2048]",309.0
1233,9673,4,53,2024-04-21T08:38:02.228000+00:00,26.643,30.219,43.346,273.0,270.0,False,100.208,"[None, 2048, 2048, 2048, 2048, 2048, 2048]","[2048, 2048, 2048, 2048, 2048, 2048]","[2048, 2048, 2048, 2048, 2048, 2048, 2048, 2048, 2048]",307.0
1233,9673,11,53,2024-04-21T08:38:07.374000+00:00,26.729,30.113,43.354,277.0,269.0,False,100.196,"[None, 2048, 2048, 2048, 2048, 2048, 2048]","[2048, 2048, 2048, 2048, 2048, 2048]","[2048, 2048, 2048, 2048, 2048, 2048, 2048, 2048, 2048]",310.0
1233,9673,16,53,2024-04-21T08:38:11.440000+00:00,26.81,30.117,43.439,275.0,269.0,False,100.366,"[None, 2048, 2048, 2048, 2048, 2048, 2048]","[2048, 2048, 2048, 2048, 2048, 2048]","[2048, 2048, 2048, 2048, 2048, 2048, 2048, 2048, 2048]",309.0
1233,9673,55,53,2024-04-21T08:38:21.844000+00:00,26.819,30.219,43.523,274.0,266.0,False,100.561,"[None, 2048, 2048, 2048, 2048, 2048, 2048]","[2048, 2048, 2048, 2048, 2048, 2048]","[2048, 2048, 2048, 2048, 2048, 2048, 2048, 2048, 2048]",308.0
1233,9673,63,53,2024-04-21T08:38:24.836000+00:00,26.934,30.149,43.587,,271.0,False,100.67,"[None, 2048, 2048, 2048, 2048, 2048, 2048]","[2048, 2048, 2048, 2048, 2048, 2048]","[2048, 2048, 2048, 2048, 2048, 2048, 2048, 2048, 2048]",311.0
1233,9673,14,53,2024-04-21T08:38:32.986000+00:00,26.571,29.849,43.137,275.0,271.0,False,99.557,"[None, 2048, 2048, 2048, 2048, 2048, 2048]","[2048, 2048, 2048, 2048, 2048, 2048]","[2048, 2048, 2048, 2048, 2048, 2048, 2048, 2048, 2048]",309.0
1233,9673,81,53,2024-04-21T08:38:39.876000+00:00,27.208,30.453,43.81,274.0,268.0,False,101.471,"[None, 2048, 2048, 2048, 2048, 2048, 2048]","[2048, 2048, 2048, 2048, 2048, 2048]","[2048, 2048, 2048, 2048, 2048, 2048, 2048, 2048, 2048]",306.0
1233,9673,44,53,2024-04-21T08:38:41.086000+00:00,27.013,30.603,43.905,273.0,270.0,False,101.521,"[None, 2048, 2048, 2048, 2048, 2048, 2048]","[2048, 2048, 2048, 2048, 2048, 2048]","[2048, 2048, 2048, 2048, 2048, 2048, 2048, 2048, 2048]",313.0
1233,9673,27,53,2024-04-21T08:38:43.502000+00:00,27.085,30.678,43.78,279.0,271.0,False,101.543,"[None, 2048, 2048, 2048, 2048, 2048, 2048]","[2048, 2048, 2049, 2048, 2048, 2048]","[2048, 2048, 2048, 2048, 2048, 2048, 2048, 2048, 2048]",315.0
1233,9673,31,53,2024-04-21T08:38:46.223000+00:00,27.039,30.563,44.05,268.0,262.0,False,101.652,"[None, 2048, 2048, 2048, 2048, 2048, 2048]","[2048, 2048, 2048, 2048, 2048, 2048]","[2048, 2048, 2048, 2048, 2048, 2048, 2048, 2048, 2049]",302.0
1233,9673,23,53,2024-04-21T08:38:48.023000+00:00,26.995,30.437,43.922,,271.0,False,101.354,"[None, 2048, 2048, 2048, 2048, 2048, 2048]","[2048, 2048, 2049, 2048, 2048, 2048]","[2048, 2048, 2048, 2048, 2048, 2048, 2048, 2048, 2049]",312.0
1233,9673,20,53,2024-04-21T08:38:54.794000+00:00,27.502,31.946,44.565,,268.0,False,104.013,"[None, 2048, 2048, 2048, 2048, 2048, 2048]","[2048, 2049, 2048, 2048, 2048, 2048]","[2048, 2048, 2048, 2048, 2048, 2048, 2048, 2048, 2048]",315.0
1233,9673,10,53,2024-04-21T08:38:55.486000+00:00,26.98,30.549,43.844,275.0,262.0,False,101.373,"[None, 2048, 2048, 2048, 2048, 2048, 2048]","[2048, 2048, 2048, 2048, 2048, 2048]","[2048, 2048, 2048, 2048, 2048, 2048, 2048, 2048]",301.0
1233,9673,24,53,2024-04-21T08:38:57.221000+00:00,27.047,30.433,43.569,277.0,271.0,False,101.049,"[None, 2048, 2048, 2048, 2048, 2048, 2048]","[2048, 2048, 2048, 2048, 2048, 2048]","[2048, 2048, 2048, 2048, 2048, 2048, 2048, 2048, 2048]",331.0
1233,9673,2,53,2024-04-21T08:39:04.269000+00:00,27.195,30.672,44.407,,269.0,False,102.274,"[None, 2048, 2048, 2048, 2048, 2048, 2048]","[2048, 2048, 2048, 2048, 2048, 2048]","[2048, 2048, 2048, 2048, 2048, 2048, 2048, 2048, 2048]",310.0
1233,9673,18,53,2024-04-21T08:39:07.032000+00:00,26.979,30.402,44.021,,271.0,False,101.402,"[None, 2048, 2048, 2048, 2048, 2048, 2048]","[2048, 2048, 2048, 2048, 2048, 2048]","[2048, 2048, 2048, 2048, 2048, 2048, 2048, 2048, 2048]",312.0
1233,9673,1,54,2024-04-21T08:39:30.048000+00:00,26.599,29.912,43.262,275.0,269.0,False,99.773,"[None, 2048, 2048, 2048, 2048, 2048, 2048]","[2048, 2048, 2048, 2048, 2048, 2048]","[2048, 2048, 2048, 2048, 2048, 2048, 2048, 2048, 2048]",310.0
1233,9673,4,54,2024-04-21T08:39:42.401000+00:00,26.716,30.125,43.376,,270.0,False,100.217,"[None, 2048, 2048, 2048, 2048, 2048, 2048]","[2048, 2048, 2048, 2048, 2048, 2048]","[2048, 2048, 2048, 2048, 2048, 2048, 2048, 2048, 2048]",308.0
1233,9673,11,54,2024-04-21T08:39:47.592000+00:00,26.692,30.202,43.334,,270.0,False,100.228,"[None, 2048, 2048, 2048, 2048, 2048, 2048]","[2048, 2048, 2048, 2048, 2048, 2048]","[2048, 2048, 2048, 2048, 2048, 2048, 2048, 2048, 2048]",311.0
1233,9673,16,54,2024-04-21T08:39:51.843000+00:00,26.82,30.075,43.276,,270.0,False,100.171,"[None, 2048, 2048, 2048, 2048, 2048, 2048]","[2048, 2048, 2048, 2048, 2048, 2048]","[2048, 2048, 2048, 2048, 2048, 2048, 2048, 2048, 2048]",310.0
1233,9673,55,54,2024-04-21T08:40:02.444000+00:00,26.594,30.274,43.413,276.0,269.0,False,100.281,"[None, 2048, 2048, 2049, 2048, 2048, 2048]","[2048, 2048, 2049, 2048, 2048, 2048]","[2048, 2048, 2048, 2048, 2048, 2048, 2048, 2048, 2049]",310.0
1233,9673,63,54,2024-04-21T08:40:05.573000+00:00,26.899,30.295,43.646,275.0,272.0,False,100.84,"[None, 2048, 2048, 2048, 2048, 2048, 2048]","[2048, 2048, 2048, 2048, 2048, 2048]","[2048, 2048, 2048, 2048, 2048, 2048, 2048, 2048, 2048]",312.0
1233,9673,14,54,2024-04-21T08:40:12.629000+00:00,26.704,30.061,43.612,,271.0,False,100.377,"[None, 2048, 2048, 2048, 2048, 2048, 2048]","[2048, 2048, 2051, 2048, 2048, 2048]","[2048, 2048, 2048, 2048, 2048, 2048, 2048, 2048, 2048]",310.0
1233,9673,81,54,2024-04-21T08:40:21.255000+00:00,27.195,30.533,43.919,,267.0,False,101.647,"[None, 2048, 2048, 2048, 2048, 2048, 2048]","[2048, 2048, 2048, 2048, 2048, 2048]","[2048, 2048, 2048, 2048, 2048, 2048, 2048, 2048, 2048]",308.0
1233,9673,44,54,2024-04-21T08:40:22.600000+00:00,27.053,30.612,43.828,274.0,270.0,False,101.493,"[None, 2048, 2049, 2048, 2048, 2048, 2048]","[2048, 2048, 2048, 2048, 2048, 2048]","[2048, 2048, 2048, 2048, 2048, 2048, 2048, 2048, 2048]",315.0
1233,9673,27,54,2024-04-21T08:40:25.043000+00:00,27.14,30.712,43.794,278.0,272.0,False,101.646,"[None, 2048, 2048, 2048, 2048, 2048, 2048]","[2048, 2048, 2048, 2048, 2048, 2048]","[2048, 2048, 2048, 2048, 2048, 2048, 2048, 2048, 2048]",317.0
1233,9673,31,54,2024-04-21T08:40:27.889000+00:00,26.963,30.578,43.981,269.0,263.0,False,101.522,"[None, 2048, 2048, 2048, 2048, 2048, 2048]","[2048, 2048, 2048, 2048, 2048, 2048]","[2048, 2048, 2048, 2048, 2048, 2048, 2048, 2048, 2048]",308.0
1233,9673,23,54,2024-04-21T08:40:29.463000+00:00,27.029,31.435,43.96,271.0,270.0,False,102.424,"[None, 2048, 2048, 2049, 2048, 2048, 2048]","[2048, 2048, 2048, 2048, 2048, 2048]","[2048, 2048, 2048, 2048, 2048, 2048, 2048, 2048, 2049]",313.0
1233,9673,10,54,2024-04-21T08:40:36.662000+00:00,26.831,30.209,43.687,270.0,263.0,False,100.727,"[None, 2048, 2049, 2048, 2048, 2048, 2048]","[2048, 2048, 2048, 2048, 2048, 2048]","[2048, 2048, 2048, 2048, 2048, 2048, 2048, 2048, 2048]",304.0
1233,9673,24,54,2024-04-21T08:40:38.201000+00:00,27.125,30.459,43.674,276.0,271.0,False,101.258,"[None, 2048, 2048, 2048, 2048, 2048, 2048]","[2048, 2048, 2048, 2048, 2048, 2048]","[2048, 2048, 2048, 2048, 2048, 2048, 2048, 2048, 2048]",312.0
1233,9673,20,54,2024-04-21T08:40:38.823000+00:00,27.279,31.376,44.208,277.0,270.0,False,102.863,"[None, 2048, 2048, 2048, 2048, 2048, 2048]","[2048, 2048, 2048, 2048, 2048, 2048]","[2048, 2048, 2048, 2048, 2048, 2048, 2048, 2048, 2048]",315.0
1233,9673,2,54,2024-04-21T08:40:46.493000+00:00,27.381,30.698,44.323,275.0,269.0,False,102.402,"[None, 2048, 2048, 2048, 2048, 2048, 2048]","[2048, 2048, 2048, 2048, 2048, 2048]","[2048, 2048, 2048, 2048, 2048, 2048, 2048, 2048, 2048]",310.0
1233,9673,18,54,2024-04-21T08:40:48.419000+00:00,27.031,30.479,44.061,,272.0,False,101.571,"[None, 2048, 2048, 2048, 2048, 2048, 2048]","[2048, 2048, 2048, 2048, 2048, 2048]","[2048, 2048, 2048, 2048, 2048, 2048, 2048, 2048, 2048]",312.0
1233,9673,1,55,2024-04-21T08:41:09.746000+00:00,26.714,29.867,43.224,277.0,269.0,False,99.805,"[None, 2048, 2048, 2048, 2048, 2048, 2048]","[2048, 2048, 2048, 2048, 2048, 2048]","[2048, 2048, 2048, 2048, 2048, 2048, 2048, 2048, 2048]",309.0
1233,9673,4,55,2024-04-21T08:41:22.610000+00:00,26.901,30.149,43.636,274.0,271.0,False,100.686,"[None, 2048, 2048, 2048, 2048, 2048, 2048]","[2048, 2048, 2048, 2048, 2048, 2048]","[2048, 2048, 2048, 2048, 2048, 2048, 2048, 2048, 2048]",307.0
1233,9673,11,55,2024-04-21T08:41:27.712000+00:00,26.768,30.179,43.646,278.0,270.0,False,100.593,"[None, 2048, 2048, 2048, 2048, 2048, 2048]","[2048, 2048, 2048, 2048, 2048, 2048]","[2048, 2048, 2048, 2048, 2048, 2048, 2048, 2048, 2048]",310.0
1233,9673,16,55,2024-04-21T08:41:32.004000+00:00,27.018,30.42,43.444,276.0,269.0,False,100.882,"[None, 2048, 2048, 2048, 2048, 2048, 2048]","[2048, 2048, 2048, 2048, 2048, 2048]","[2048, 2048, 2048, 2048, 2048, 2048, 2048, 2048, 2048]",309.0
1233,9673,55,55,2024-04-21T08:41:42.745000+00:00,26.895,30.215,43.601,,268.0,False,100.711,"[None, 2048, 2049, 2048, 2048, 2048, 2048]","[2048, 2048, 2048, 2048, 2048, 2048]","[2048, 2048, 2048, 2048, 2048, 2048, 2048, 2048, 2048]",308.0
1233,9673,63,55,2024-04-21T08:41:46.339000+00:00,26.942,30.684,43.803,277.0,271.0,False,101.429,"[None, 2048, 2048, 2048, 2048, 2048, 2048]","[2048, 2048, 2048, 2048, 2048, 2048]","[2048, 2048, 2048, 2048, 2048, 2048, 2048, 2048, 2048]",309.0
1233,9673,14,55,2024-04-21T08:41:52.913000+00:00,26.627,30.198,43.231,276.0,271.0,False,100.056,"[None, 2048, 2048, 2048, 2048, 2048, 2048]","[2048, 2048, 2048, 2048, 2048, 2048]","[2048, 2048, 2048, 2048, 2048, 2048, 2048, 2048, 2048]",308.0
1233,9673,81,55,2024-04-21T08:42:02.943000+00:00,27.133,30.322,43.995,276.0,269.0,False,101.45,"[None, 2048, 2048, 2048, 2048, 2048, 2048]","[2048, 2048, 2049, 2048, 2048, 2048]","[2048, 2048, 2048, 2048, 2048, 2048, 2048, 2048, 2048]",305.0
1233,9673,44,55,2024-04-21T08:42:04.062000+00:00,27.124,30.622,43.858,276.0,270.0,False,101.604,"[None, 2048, 2048, 2049, 2048, 2048, 2048]","[2048, 2048, 2048, 2048, 2048, 2048]","[2048, 2048, 2048, 2048, 2048, 2048, 2048, 2048, 2048]",312.0
1233,9673,27,55,2024-04-21T08:42:06.642000+00:00,27.092,30.715,43.898,279.0,272.0,False,101.705,"[None, 2048, 2049, 2048, 2048, 2048, 2048]","[2048, 2048, 2048, 2048, 2048, 2048]","[2048, 2048, 2048, 2048, 2048, 2048, 2048, 2048, 2048]",314.0
1233,9673,31,55,2024-04-21T08:42:09.496000+00:00,26.94,30.464,44.17,271.0,267.0,False,101.574,"[None, 2048, 2048, 2048, 2048, 2048, 2048]","[2048, 2048, 2049, 2048, 2048, 2048]","[2048, 2048, 2048, 2048, 2048, 2048, 2048, 2048, 2048]",306.0
1233,9673,23,55,2024-04-21T08:42:11.838000+00:00,27.094,30.763,44.141,,270.0,False,101.998,"[None, 2048, 2049, 2048, 2048, 2048, 2048]","[2048, 2048, 2048, 2048, 2048, 2048]","[2048, 2048, 2048, 2048, 2048, 2048, 2048, 2048, 2048]",309.0
1233,9673,10,55,2024-04-21T08:42:17.533000+00:00,26.799,30.2,43.738,274.0,268.0,False,100.737,"[None, 2048, 2048, 2048, 2048, 2048, 2048]","[2048, 2048, 2049, 2048, 2048, 2048]","[2048, 2048, 2048, 2048, 2048, 2048, 2048, 2048, 2048]",304.0
1233,9673,24,55,2024-04-21T08:42:19.561000+00:00,26.951,30.36,43.474,,270.0,False,100.785,"[None, 2048, 2048, 2048, 2048, 2048, 2048]","[2048, 2048, 2048, 2048, 2048, 2048]","[2048, 2048, 2049, 2048, 2048, 2048, 2048, 2048, 2048]",309.0
1233,9673,20,55,2024-04-21T08:42:21.613000+00:00,27.328,31.119,44.417,278.0,270.0,False,102.864,"[None, 2048, 2048, 2048, 2048, 2048, 2048]","[2048, 2048, 2048, 2048, 2048, 2048]","[2048, 2048, 2048, 2048, 2048, 2048, 2048, 2048, 2048]",311.0
1233,9673,2,55,2024-04-21T08:42:28.883000+00:00,27.293,30.757,44.863,273.0,269.0,False,102.913,"[None, 2048, 2048, 2048, 2048, 2048, 2048]","[2048, 2048, 2048, 2048, 2048, 2048]","[2048, 2048, 2048, 2048, 2048, 2048, 2048, 2048, 2048]",309.0
1233,9673,18,55,2024-04-21T08:42:30.013000+00:00,26.788,30.766,43.589,278.0,271.0,False,101.143,"[None, 2048, 2048, 2048, 2048, 2048, 2048]","[2048, 2048, 2048, 2048, 2048, 2048]","[2048, 2048, 2049, 2048, 2048, 2048, 2048, 2048, 2048]",332.0
1233,9673,1,56,2024-04-21T08:42:49.615000+00:00,26.661,29.992,43.6,276.0,267.0,False,100.253,"[None, 2048, 2048, 2048, 2048, 2048, 2049]","[2048, 2048, 2048, 2048, 2048, 2048]","[2048, 2048, 2048, 2048, 2048, 2048, 2048, 2048, 2048]",309.0
1233,9673,4,56,2024-04-21T08:43:03.328000+00:00,26.745,30.258,43.281,,270.0,False,100.284,"[None, 2048, 2048, 2048, 2048, 2048, 2048]","[2048, 2048, 2048, 2048, 2048, 2048]","[2048, 2048, 2048, 2048, 2048, 2048, 2048, 2048, 2048]",306.0
1233,9673,11,56,2024-04-21T08:43:08.288000+00:00,26.891,30.202,43.557,277.0,270.0,False,100.65,"[None, 2048, 2048, 2048, 2048, 2048, 2048]","[2048, 2048, 2048, 2048, 2048, 2048]","[2048, 2048, 2048, 2048, 2048, 2048, 2048, 2048, 2048]",309.0
1233,9673,16,56,2024-04-21T08:43:12.882000+00:00,26.873,30.305,43.39,,270.0,False,100.568,"[None, 2048, 2048, 2048, 2048, 2048, 2048]","[2048, 2048, 2048, 2048, 2048, 2048]","[2048, 2048, 2048, 2048, 2048, 2048, 2048, 2048, 2048]",308.0
1233,9673,55,56,2024-04-21T08:43:23.481000+00:00,26.876,30.153,43.381,,269.0,False,100.41,"[None, 2048, 2048, 2048, 2048, 2048, 2048]","[2048, 2048, 2049, 2048, 2048, 2048]","[2048, 2048, 2048, 2048, 2048, 2048, 2048, 2048, 2048]",307.0
1233,9673,63,56,2024-04-21T08:43:27.742000+00:00,26.795,30.331,43.667,272.0,272.0,False,100.793,"[None, 2048, 2048, 2048, 2048, 2048, 2048]","[2048, 2048, 2048, 2048, 2048, 2048]","[2048, 2048, 2048, 2048, 2048, 2048, 2048, 2048, 2048]",309.0
1233,9673,14,56,2024-04-21T08:43:32.999000+00:00,26.832,30.149,43.268,278.0,271.0,False,100.249,"[None, 2048, 2049, 2048, 2048, 2048, 2048]","[2048, 2048, 2048, 2048, 2048, 2048]","[2048, 2048, 2048, 2048, 2048, 2048, 2048, 2048, 2048]",307.0
1233,9673,81,56,2024-04-21T08:43:44.472000+00:00,27.176,30.288,44.146,,269.0,False,101.61,"[None, 2048, 2048, 2048, 2048, 2048, 2048]","[2048, 2048, 2049, 2048, 2048, 2048]","[2048, 2048, 2048, 2048, 2048, 2048, 2048, 2048, 2048]",304.0
1233,9673,44,56,2024-04-21T08:43:45.811000+00:00,27.114,30.62,44.35,272.0,270.0,False,102.084,"[None, 2048, 2048, 2048, 2048, 2048, 2048]","[2048, 2048, 2048, 2048, 2048, 2048]","[2048, 2048, 2048, 2048, 2048, 2048, 2048, 2048, 2048]",311.0
1233,9673,27,56,2024-04-21T08:43:48.404000+00:00,27.164,30.807,43.933,,270.0,False,101.904,"[None, 2048, 2049, 2048, 2048, 2048, 2048]","[2048, 2048, 2048, 2048, 2048, 2048]","[2048, 2048, 2048, 2048, 2048, 2048, 2048, 2048, 2048]",313.0
1233,9673,31,56,2024-04-21T08:43:51.004000+00:00,27.09,30.552,44.009,275.0,269.0,False,101.651,"[None, 2048, 2048, 2048, 2048, 2048, 2048]","[2048, 2048, 2048, 2048, 2048, 2048]","[2048, 2048, 2048, 2048, 2048, 2048, 2048, 2048, 2048]",307.0
1233,9673,23,56,2024-04-21T08:43:53.819000+00:00,26.98,30.539,44.005,273.0,268.0,False,101.524,"[None, 2048, 2048, 2048, 2048, 2048, 2048]","[2048, 2048, 2048, 2048, 2048, 2048]","[2048, 2048, 2048, 2048, 2048, 2049, 2048, 2048, 2048]",311.0
1233,9673,10,56,2024-04-21T08:43:58.280000+00:00,26.803,30.336,43.68,275.0,267.0,False,100.819,"[None, 2048, 2051, 2048, 2048, 2048, 2048]","[2048, 2048, 2048, 2048, 2048, 2048]","[2048, 2048, 2048, 2048, 2048, 2048, 2048, 2048, 2048]",304.0
1233,9673,24,56,2024-04-21T08:44:00.338000+00:00,26.947,30.45,43.795,277.0,270.0,False,101.192,"[None, 2048, 2048, 2048, 2048, 2048, 2048]","[2048, 2048, 2048, 2048, 2048, 2048]","[2048, 2048, 2048, 2048, 2048, 2048, 2048, 2048, 2048]",303.0
1233,9673,20,56,2024-04-21T08:44:04.580000+00:00,27.454,31.186,44.23,,269.0,False,102.87,"[None, 2048, 2048, 2048, 2048, 2048, 2048]","[2048, 2048, 2048, 2048, 2048, 2048]","[2048, 2048, 2049, 2048, 2048, 2048, 2048, 2048, 2048]",311.0
1233,9673,18,56,2024-04-21T08:44:11.137000+00:00,27.058,30.33,44.114,273.0,270.0,False,101.502,"[None, 2048, 2048, 2048, 2048, 2048, 2048]","[2048, 2048, 2049, 2048, 2048, 2048]","[2048, 2048, 2048, 2048, 2048, 2048, 2048, 2048, 2048]",308.0
1233,9673,2,56,2024-04-21T08:44:11.840000+00:00,27.73,30.879,44.539,278.0,269.0,False,103.148,"[None, 2049, 2048, 2048, 2048, 2048, 2048]","[2048, 2048, 2048, 2048, 2048, 2048]","[2048, 2048, 2048, 2048, 2048, 2048, 2048, 2048, 2048]",312.0
