meeting_key,session_key,driver_number,lap_number,date_start,duration_sector_1,duration_sector_2,duration_sector_3,i1_speed,i2_speed,is_pit_out_lap,lap_duration,segments_sector_1,segments_sector_2,segments_sector_3,st_speed
1276,9832,6,1,,,44.511,35.707,238.0,253,True,,"[2064, 2064, 2064, 2064, 2049]","[2049, 2049, 2049, 2049, 2049, 2049, 2049, 2049, 2049]","[2049, 2049, 2051, 2051, 2051, 2051, 2051, 2051, 2051, 2051]",280
1276,9832,40,1,2025-12-05T09:30:09.454000+00:00,,46.507,38.329,239.0,236,True,,"[2064, 2064, 2064, 2064, 2049]","[2049, 2049, 2049, 2049, 2049, 2049, 2049, 2049, 2049]","[2049, 2049, 2049, 2049, 2049, 2049, 2049, 2049, 2049, 2049]",230
1276,9832,89,1,2025-12-05T09:30:13.501000+00:00,,44.605,38.818,269.0,301,True,,"[2064, 2064, 2064, 2064, 2049]","[2049, 2049, 2049, 2049, 2049, 2049, 2049, 2051, 2051]","[2049, 2049, 2049, 2049, 2049, 2049, 2051, 2049, 2051, 2051]",291
1276,9832,36,1,2025-12-05T09:30:22.878000+00:00,,46.654,39.181,247.0,269,True,,"[2064, 2064, 2064, 2064, 2049]","[2049, 2049, 2049, 2049, 2049, 2049, 2049, 2049, 2049]","[2049, 2049, 2049, 2049, 2049, 2049, 2049, 2049, 2049]",268
1276,9832,39,1,2025-12-05T09:30:25.860000+00:00,,46.56,46.229,247.0,262,True,,"[2064, 2064, 2064, 2064, 2049]","[2049, 2049, 2049, 2049, 2049, 2049, 2049, 2049, 2049]","[2049, 2049, 2049, 2049, 2049, 2049, 2049, 2049, 2049, 2049]",195
1276,9832,12,1,2025-12-05T09:30:27.173000+00:00,,42.318,43.437,263.0,300,True,,"[2064, 2064, 2064, 2064, 2049]","[2049, 2049, 2049, 2049, 2049, 2049, 2049, 2049, 2049]","[2051, 2051, 2051, 2049, 2049, 2049, 2049, 2049, 2049]",271
1276,9832,55,1,2025-12-05T09:30:33.606000+00:00,,47.711,43.663,267.0,279,True,,"[2064, 2064, 2064, 2064, 2049]","[2049, 2049, 2049, 2049, 2049, 2049, 2049, 2049, 2049]","[2049, 2049, 2049, 2049, 2049, 2049, 2049, 2049, 2049, 2049]",300
1276,9832,35,1,2025-12-05T09:30:38.658000+00:00,,43.605,48.171,245.0,276,True,,"[2064, 2064, 2064, 2064, 2049]","[2049, 2049, 2049, 2049, 2049, 2049, 2049, 2049, 2049]","[2049, 2049, 2049, 2049, 2049, 2049, 2049, 2049, 2049, 2049]",249
1276,9832,43,1,2025-12-05T09:30:47.101000+00:00,,45.541,45.203,251.0,281,True,,"[2064, 2064, 2064, 2064, 2049]","[2049, 2049, 2049, 2049, 2049, 2049, 2049, 2049, 2049]","[2049, 2049, 2049, 2049, 2049, 2049, 2049, 2049, 2049, 2049]",288
1276,9832,61,1,2025-12-05T09:30:52.929000+00:00,,44.829,49.435,249.0,228,True,,"[2064, 2064, 2064, 2064, 2049]","[2049, 2049, 2049, 2049, 2049, 2049, 2049, 2049, 2049]","[2049, 2049, 2049, 2049, 2049, 2049, 2049, 2049, 2049, 2049]",265
1276,9832,4,1,2025-12-05T09:30:53.526000+00:00,,43.255,43.844,256.0,256,True,,"[2064, 2064, 2064, 2064, 2049]","[2049, 2049, 2049, 2049, 2049, 2049, 2049, 2049, 2049]","[2049, 2049, 2049, 2049, 2049, 2049, 2049, 2049, 2049, 2049]",275
1276,9832,34,1,2025-12-05T09:30:57.513000+00:00,,47.169,50.327,249.0,222,True,,"[2064, 2064, 2064, 2064, 2049]","[2049, 2049, 2049, 2049, 2049, 2049, 2049, 2049, 2049]","[2049, 2049, 2049, 2049, 2049, 2049, 2049, 2049, 2049, 2049]",205
1276,9832,46,1,2025-12-05T09:31:00.402000+00:00,,48.214,60.474,267.0,280,True,,"[2064, 2064, 2064, 2064, 2049]","[2049, 2049, 2049, 2049, 2049, 2049, 2049, 2049, 2049]","[2049, 2049, 2049, 2049, 2049, 2049, 2049, 2049, 2064, 2064]",283
1276,9832,1,1,2025-12-05T09:31:03.591000+00:00,,42.784,46.09,262.0,153,True,,"[2064, 2064, 2064, 2064, 2049]","[2049, 2049, 2049, 2049, 2049, 2049, 2049, 2049, 2049]","[2049, 2049, 2049, 2049, 2049, 2049, 2049, 2049, 2051, 2049]",293
1276,9832,50,1,2025-12-05T09:31:07.545000+00:00,,48.186,47.858,251.0,160,True,,"[2064, 2064, 2064, 2064, 2049]","[2049, 2049, 2049, 2049, 2049, 2049, 2049, 2049, 2049]","[2049, 2049, 2049, 2049, 2049, 2049, 2049, 2049, 2049, 2049]",192
1276,9832,27,1,2025-12-05T09:31:17.107000+00:00,,41.624,43.472,252.0,160,True,,"[2064, 2064, 2064, 2064, 2049]","[2049, 2049, 2049, 2049, 2049, 2049, 2049, 2049, 2049]","[2049, 2049, 2049, 2049, 2049, 2049, 2049, 2049, 2049, 2049]",283
1276,9832,16,1,2025-12-05T09:31:23.141000+00:00,,49.665,37.857,253.0,277,True,,"[2064, 2064, 2064, 2064, 2049]","[2049, 2049, 2049, 2049, 2049, 2049, 2049, 2049, 2049]","[2049, 2049, 2049, 2049, 2049, 2049, 2049, 2049, 2049, 2049]",68
1276,9832,87,1,2025-12-05T09:31:42.757000+00:00,,50.786,43.936,242.0,73,True,,"[2064, 2064, 2064, 2064, 2049]","[2049, 2049, 2049, 2049, 2049, 2049, 2049, 2049, 2049]","[2049, 2049, 2049, 2049, 2049, 2049, 2049, 2049, 2049, 2049]",213
1276,9832,6,2,2025-12-05T09:31:49.767000+00:00,17.929,37.516,50.673,291.0,323,False,106.118,"[2049, 2049, 2049, 2049, 2049]","[2049, 2049, 2049, 2051, 2049, 2049, 2049, 2051, 2051]","[2051, 2049, 2051, 2048, 2048, 2048, 2048, 2048, 2048, 2048]",326
1276,9832,5,1,2025-12-05T09:32:05.209000+00:00,,45.124,40.29,245.0,277,True,,"[2064, 2064, 2064, 2064, 2049]","[2049, 2049, 2049, 2049, 2049, 2049, 2049, 2049, 2049]","[2049, 2049, 2049, 2049, 2049, 2049, 2049, 2049, 2049, 2049]",110
1276,9832,40,2,2025-12-05T09:32:07.024000+00:00,18.539,38.222,33.089,283.0,314,False,89.85,"[2049, 2049, 2049, 2049, 2049]","[2049, 2049, 2049, 2049, 2049, 2049, 2049, 2049, 2049]","[2049, 2049, 2049, 2049, 2049, 2051, 2049, 2049, 2049, 2048]",319
1276,9832,89,2,2025-12-05T09:32:12.042000+00:00,17.832,37.485,32.081,290.0,318,False,87.398,"[2051, 2051, 2049, 2049, 2049]","[2051, 2049, 2051, 2049, 2049, 2049, 2049, 2049, 2049]","[2049, 2051, 2049, 2049, 2051, 2049, 2051, 2051, 2051]",322
1276,9832,36,2,2025-12-05T09:32:21.011000+00:00,17.838,37.845,32.308,291.0,320,False,87.991,"[2049, 2049, 2049, 2049, 2049]","[2049, 2049, 2049, 2049, 2051, 2049, 2049, 2049, 2049]","[2049, 2049, 2049, 2051, 2049, 2049, 2049, 2051, 2049, 2049]",327
1276,9832,63,1,2025-12-05T09:32:24.436000+00:00,,43.667,40.298,262.0,273,True,,"[2064, 2064, 2064, 2064, 2049]","[2049, 2049, 2049, 2049, 2049, 2049, 2049, 2049, 2049]","[2049, 2049, 2049, 2049, 2049, 2049, 2049, 2049, 2049, 2049]",291
1276,9832,12,2,2025-12-05T09:32:26.049000+00:00,17.966,38.084,32.306,290.0,305,False,88.356,"[2049, 2049, 2049, 2049, 2049]","[2049, 2049, 2049, 2049, 2049, 2049, 2049, 2049, 2049]","[2049, 2049, 2049, 2049, 2049, 2049, 2049, 2051, 2049]",305
1276,9832,39,2,2025-12-05T09:32:32.586000+00:00,18.396,38.198,32.841,287.0,310,False,89.435,"[2049, 2049, 2049, 2049, 2049]","[2049, 2049, 2049, 2049, 2049, 2049, 2049, 2049, 2049]","[2049, 2049, 2049, 2049, 2049, 2049, 2049, 2049, 2049, 2049]",322
1276,9832,55,2,2025-12-05T09:32:39.536000+00:00,18.003,37.503,32.379,286.0,317,False,87.885,"[2049, 2049, 2049, 2049, 2049]","[2049, 2049, 2049, 2049, 2049, 2051, 2049, 2049, 2049]","[2049, 2049, 2049, 2049, 2051, 2049, 2049, 2049, 2048, 2048]",320
1276,9832,35,2,2025-12-05T09:32:50.686000+00:00,18.671,38.151,32.981,284.0,314,False,89.803,"[2049, 2049, 2049, 2049, 2049]","[2049, 2049, 2049, 2049, 2049, 2049, 2049, 2049, 2049]","[2049, 2049, 2049, 2049, 2049, 2049, 2049, 2049, 2049]",320
1276,9832,43,2,2025-12-05T09:32:58.389000+00:00,18.121,37.678,31.862,288.0,309,False,87.661,"[2049, 2049, 2049, 2049, 2049]","[2049, 2051, 2049, 2049, 2049, 2049, 2051, 2049, 2049]","[2051, 2049, 2049, 2049, 2051, 2051, 2049, 2051, 2049]",314
1276,9832,4,2,2025-12-05T09:33:05.782000+00:00,18.009,37.975,31.904,286.0,316,False,87.888,"[2049, 2049, 2049, 2049, 2049]","[2049, 2049, 2049, 2049, 2049, 2049, 2049, 2049, 2049]","[2049, 2049, 2049, 2049, 2049, 2049, 2049, 2051, 2049, 2048]",320
1276,9832,61,2,2025-12-05T09:33:12.652000+00:00,18.814,38.262,32.758,282.0,309,False,89.834,"[2049, 2049, 2049, 2049, 2049]","[2049, 2049, 2049, 2049, 2049, 2049, 2049, 2049, 2049]","[2049, 2049, 2049, 2049, 2049, 2049, 2049, 2049, 2049, 2049]",313
1276,9832,34,2,2025-12-05T09:33:19.039000+00:00,19.08,38.344,33.807,282.0,317,False,91.231,"[2049, 2049, 2049, 2049, 2049]","[2049, 2049, 2049, 2049, 2049, 2049, 2049, 2049, 2049]","[2049, 2049, 2049, 2049, 2049, 2049, 2049, 2049, 2049, 2049]",322
1276,9832,1,2,2025-12-05T09:33:23.846000+00:00,17.582,37.242,32.306,294.0,322,False,87.13,"[2049, 2049, 2051, 2051, 2051]","[2051, 2049, 2049, 2051, 2051, 2049, 2049, 2049, 2049]","[2049, 2049, 2049, 2049, 2049, 2049, 2049, 2049, 2048]",329
1276,9832,27,2,2025-12-05T09:33:28.596000+00:00,17.976,37.669,31.822,285.0,316,False,87.467,"[2049, 2049, 2049, 2049, 2049]","[2049, 2049, 2049, 2049, 2049, 2049, 2049, 2049, 2049]","[2049, 2051, 2049, 2049, 2049, 2049, 2049, 2049, 2049, 2048]",319
1276,9832,6,3,2025-12-05T09:33:35.982000+00:00,32.148,54.444,40.18,186.0,226,False,126.772,"[2048, 2048, 2048, 2048, 2048]","[2048, 2048, 2048, 2048, 2048, 2048, 2048, 2048, 2048]","[2048, 2048, 2048, 2048, 2048, 2048, 2048, 2048, 2049, 2049]",219
1276,9832,40,3,2025-12-05T09:33:36.789000+00:00,30.059,62.344,48.002,163.0,207,False,140.405,"[None, 2048, 2048, 2048, 2048]","[2048, 2048, 2048, 2048, 2048, 2048, 2048, 2048, 2048]","[2048, 2048, 2048, 2048, 2048, 2048, 2048, 2048, 2048, 2049]",194
1276,9832,50,2,2025-12-05T09:33:38.521000+00:00,18.477,38.245,31.929,287.0,305,False,88.651,"[2049, 2049, 2049, 2049, 2049]","[2049, 2049, 2049, 2049, 2049, 2049, 2049, 2049, 2049]","[2049, 2049, 2049, 2049, 2049, 2049, 2049, 2049, 2049]",311
1276,9832,89,3,2025-12-05T09:33:39.356000+00:00,29.09,55.585,49.157,182.0,128,False,133.832,"[2048, 2048, 2048, 2048, 2048]","[2048, 2048, 2048, 2048, 2048, 2048, 2048, 2048, 2048]","[2048, 2048, 2048, 2048, 2048, 2048, 2048, 2048, 2048, 2048]",218
1276,9832,16,2,2025-12-05T09:33:46.721000+00:00,17.973,37.412,31.79,287.0,317,False,87.175,"[2049, 2049, 2049, 2049, 2049]","[2049, 2049, 2049, 2049, 2049, 2049, 2049, 2051, 2049]","[2049, 2049, 2049, 2051, 2049, 2049, 2049, 2051, 2049]",321
1276,9832,36,3,2025-12-05T09:33:48.417000+00:00,27.943,71.263,56.74,131.0,126,False,155.946,"[None, 2048, 2048, 2048, 2048]","[2048, 2048, 2048, 2048, 2048, 2048, 2048, 2048, 2048]","[2048, 2048, 2048, 2048, 2048, 2048, 2048, 2048, 2048, 2049]",131
1276,9832,12,3,2025-12-05T09:33:54.233000+00:00,30.342,87.024,44.793,82.0,209,False,162.159,"[2048, 2048, 2048, 2048, 2048]","[2048, 2048, 2048, 2048, 2048, 2048, 2048, 2048, 2048]","[2048, 2048, 2048, 2048, 2048, 2048, 2048, 2048, 2049, 2049]",111
1276,9832,5,2,2025-12-05T09:33:58.876000+00:00,18.164,37.841,32.143,283.0,312,False,88.148,"[2049, 2049, 2049, 2049, 2049]","[2049, 2049, 2049, 2049, 2049, 2049, 2051, 2049, 2049]","[2049, 2049, 2049, 2049, 2051, 2049, 2049, 2049, 2049, 2048]",316
1276,9832,39,3,2025-12-05T09:34:02.038000+00:00,23.083,71.759,40.393,154.0,89,False,135.235,"[None, 2048, 2048, 2048, 2048]","[2048, 2048, 2048, 2048, 2048, 2048, 2048, 2048, 2048]","[2048, 2048, 2048, 2048, 2048, 2048, 2048, 2048, 2048, 2048]",121
1276,9832,87,2,2025-12-05T09:34:05.454000+00:00,18.074,37.971,32.286,288.0,305,False,88.331,"[2049, 2049, 2049, 2049, 2049]","[2049, 2049, 2049, 2049, 2049, 2049, 2049, 2049, 2049]","[2049, 2049, 2049, 2049, 2049, 2049, 2049, 2049, 2051]",307
1276,9832,55,3,2025-12-05T09:34:07.364000+00:00,30.916,60.376,51.831,171.0,225,False,143.123,"[2048, 2048, 2048, 2048, 2048]","[2048, 2048, 2048, 2048, 2048, 2048, 2048, 2048, 2048]","[2048, 2048, 2048, 2048, 2048, 2048, 2048, 2048, 2048, 2048]",107
1276,9832,63,2,2025-12-05T09:34:10.756000+00:00,17.832,37.563,31.773,290.0,299,False,87.168,"[2049, 2049, 2049, 2049, 2049]","[2049, 2051, 2049, 2049, 2049, 2049, 2049, 2049, 2049]","[2049, 2049, 2049, 2049, 2049, 2051, 2051, 2049, 2049, 2048]",322
1276,9832,35,3,2025-12-05T09:34:20.293000+00:00,25.878,54.366,60.828,194.0,205,False,141.072,"[None, 2048, 2048, 2048, 2048]","[2048, 2048, 2048, 2048, 2048, 2048, 2048, 2048, 2048]","[2048, 2048, 2048, 2048, 2048, 2048, 2048, 2048, 2048, 2048]",192
1276,9832,43,3,2025-12-05T09:34:26.030000+00:00,29.846,60.253,54.884,167.0,141,False,144.983,"[None, 2048, 2048, 2048, 2048]","[2048, 2048, 2048, 2048, 2048, 2048, 2048, 2048, 2048]","[2048, 2048, 2048, 2048, 2048, 2048, 2048, 2048, 2048, 2049]",169
1276,9832,4,3,2025-12-05T09:34:33.674000+00:00,25.733,66.764,55.108,138.0,141,False,147.605,"[2048, 2049, 2048, 2048, 2048]","[2048, 2048, 2048, 2048, 2048, 2048, 2048, 2048, 2048]","[2048, 2048, 2048, 2048, 2048, 2048, 2048, 2048, 2049, 2049]",176
1276,9832,61,3,2025-12-05T09:34:42.424000+00:00,17.746,37.736,31.901,287.0,308,False,87.383,"[None, 2049, 2051, 2049, 2049]","[2049, 2049, 2049, 2049, 2049, 2049, 2049, 2049, 2048]","[2051, 2049, 2049, 2049, 2049, 2049, 2049, 2049, 2049, 2049]",313
1276,9832,34,3,2025-12-05T09:34:50.354000+00:00,17.999,37.89,32.704,287.0,307,False,88.593,"[None, 2049, 2049, 2049, 2049]","[2049, 2049, 2048, 2049, 2048, 2049, 2051, 2049, 2048]","[2049, 2049, 2049, 2049, 2049, 2049, 2049, 2049, 2049, 2048]",314
1276,9832,1,3,2025-12-05T09:34:50.908000+00:00,37.283,79.416,52.161,148.0,138,False,168.86,"[2048, 2048, 2048, 2048, 2048]","[2048, 2048, 2048, 2048, 2048, 2048, 2048, 2048, 2048]","[2048, 2048, 2048, 2048, 2048, 2048, 2048, 2048, 2048, 2048]",143
1276,9832,27,3,2025-12-05T09:34:55.993000+00:00,28.435,61.459,45.231,155.0,154,False,135.125,"[2048, 2048, 2048, 2048, 2048]","[2048, 2048, 2048, 2048, 2048, 2048, 2048, 2048, 2048]","[2048, 2048, 2048, 2048, 2048, 2048, 2048, 2048, 2048, 2049]",150
1276,9832,50,3,2025-12-05T09:35:07.121000+00:00,17.866,37.718,31.897,292.0,305,False,87.481,"[None, 2049, 2049, 2049, 2049]","[2049, 2049, 2049, 2048, 2048, 2049, 2049, 2049, 2049]","[2049, 2048, 2049, 2048, 2048, 2049, 2048, 2049, 2049, 2049]",306
1276,9832,16,3,2025-12-05T09:35:13.755000+00:00,29.463,77.53,52.557,119.0,141,False,159.55,"[2048, 2048, 2048, 2048, 2048]","[2048, 2048, 2048, 2048, 2048, 2048, 2048, 2048, 2048]","[2048, 2048, 2048, 2048, 2048, 2048, 2048, 2048, 2048, 2048]",127
1276,9832,5,3,2025-12-05T09:35:26.967000+00:00,26.732,61.409,51.429,154.0,170,False,139.57,"[2048, 2048, 2048, 2048, 2048]","[2048, 2048, 2048, 2048, 2048, 2048, 2048, 2048, 2048]","[2048, 2048, 2048, 2048, 2048, 2048, 2048, 2048, 2049, 2049]",162
1276,9832,87,3,2025-12-05T09:35:33.703000+00:00,43.436,79.416,49.19,108.0,118,False,172.042,"[2048, 2048, 2048, 2048, 2048]","[2048, 2048, 2048, 2048, 2048, 2048, 2048, 2048, 2048]","[2048, 2048, 2048, 2048, 2048, 2048, 2048, 2048, 2048, 2048]",122
1276,9832,63,3,2025-12-05T09:35:37.829000+00:00,35.73,72.229,46.51,104.0,119,False,154.469,"[2048, 2048, 2048, 2048, 2048]","[2048, 2048, 2048, 2048, 2048, 2048, 2048, 2048, 2048]","[2048, 2048, 2048, 2048, 2048, 2048, 2048, 2048, 2049, 2049]",161
1276,9832,6,4,2025-12-05T09:35:42.702000+00:00,21.66,45.46,43.322,218.0,244,False,110.442,"[2049, 2049, 2048, 2048, 2048]","[2048, 2048, 2048, 2048, 2048, 2048, 2048, 2048, 2048]","[2048, 2048, 2048, 2048, 2048, 2048, 2048, 2048, 2049, 2049]",281
1276,9832,89,4,2025-12-05T09:35:53.289000+00:00,25.99,44.152,52.618,258.0,241,False,122.76,"[None, 2048, 2048, 2048, 2048]","[2048, 2048, 2048, 2048, 2048, 2048, 2048, 2048, 2048]","[2048, 2048, 2048, 2048, 2048, 2048, 2048, 2048, 2048, 2048]",306
1276,9832,40,4,2025-12-05T09:35:57.259000+00:00,17.918,37.655,32.312,290.0,316,False,87.885,"[None, 2049, 2049, 2049, 2049]","[2049, 2049, 2049, 2049, 2049, 2049, 2049, 2049, 2049]","[2049, 2048, 2049, 2049, 2049, 2049, 2049, 2049, 2049]",322
1276,9832,61,4,2025-12-05T09:36:09.819000+00:00,27.754,69.241,45.903,126.0,139,False,142.898,"[None, 2048, 2048, 2048, 2048]","[2048, 2048, 2048, 2048, 2048, 2048, 2048, 2048, 2048]","[2048, 2048, 2048, 2048, 2048, 2048, 2048, 2048, 2048, 2049]",118
1276,9832,39,4,2025-12-05T09:36:17.431000+00:00,17.951,37.715,32.048,288.0,315,False,87.714,"[2048, 2049, 2049, 2049, 2049]","[2049, 2049, 2049, 2049, 2048, 2049, 2049, 2049, 2049]","[2049, 2049, 2049, 2049, 2049, 2049, 2049, 2049, 2048]",320
1276,9832,34,4,2025-12-05T09:36:18.863000+00:00,30.743,58.806,52.36,172.0,230,False,141.909,"[2048, 2048, 2048, 2048, 2048]","[2048, 2048, 2048, 2048, 2048, 2048, 2048, 2048, 2048]","[2048, 2048, 2048, 2048, 2048, 2048, 2048, 2048, 2048, 2048]",224
1276,9832,36,4,2025-12-05T09:36:24.512000+00:00,17.685,37.403,31.817,292.0,320,False,86.905,"[None, 2049, 2049, 2049, 2049]","[2049, 2049, 2049, 2049, 2048, 2049, 2049, 2049, 2049]","[2049, 2049, 2049, 2049, 2049, 2049, 2049, 2049, 2049, 2048]",326
1276,9832,55,4,2025-12-05T09:36:30.563000+00:00,17.628,37.321,31.754,290.0,315,False,86.703,"[2049, 2049, 2049, 2049, 2049]","[2049, 2049, 2049, 2049, 2049, 2048, 2048, 2049, 2049]","[2049, 2049, 2049, 2049, 2049, 2049, 2049, 2049, 2049, 2048]",320
1276,9832,50,4,2025-12-05T09:36:34.578000+00:00,32.383,68.458,49.083,124.0,188,False,149.924,"[2048, 2048, 2048, 2048, 2048]","[2048, 2048, 2048, 2048, 2048, 2048, 2048, 2048, 2048]","[2048, 2048, 2048, 2048, 2048, 2048, 2048, 2048, 2048, 2048]",86
1276,9832,12,4,2025-12-05T09:36:36.430000+00:00,17.622,37.03,31.695,291.0,317,False,86.347,"[2049, 2049, 2049, 2049, 2049]","[2049, 2049, 2049, 2049, 2049, 2049, 2049, 2049, 2049]","[2049, 2048, 2048, 2049, 2049, 2049, 2051, 2051, 2048, 2048]",322
1276,9832,35,4,2025-12-05T09:36:41.611000+00:00,17.912,37.764,32.266,290.0,314,False,87.942,"[None, 2049, 2049, 2049, 2049]","[2049, 2049, 2049, 2049, 2049, 2049, 2049, 2051, 2049]","[2049, 2049, 2049, 2049, 2049, 2049, 2049, 2049, 2049, 2049]",321
1276,9832,43,4,2025-12-05T09:36:51.038000+00:00,17.623,37.224,31.531,289.0,310,False,86.378,"[None, 2049, 2051, 2049, 2049]","[2049, 2049, 2049, 2049, 2049, 2049, 2049, 2049, 2049]","[2049, 2049, 2049, 2049, 2051, 2048, 2048, 2051, 2048]",315
1276,9832,4,4,2025-12-05T09:37:01.404000+00:00,17.595,36.971,31.198,289.0,317,False,85.764,"[2049, 2048, 2049, 2051, 2049]","[2049, 2049, 2049, 2049, 2049, 2049, 2049, 2049, 2049]","[2049, 2051, 2048, 2049, 2049, 2049, 2051, 2051, 2048, 2048]",321
1276,9832,27,4,2025-12-05T09:37:11.106000+00:00,17.657,37.037,31.147,288.0,315,False,85.841,"[2049, 2049, 2049, 2049, 2049]","[2049, 2049, 2051, 2049, 2049, 2049, 2049, 2049, 2048]","[2049, 2049, 2049, 2051, 2051, 2051, 2049, 2051, 2048, 2048]",319
1276,9832,40,5,2025-12-05T09:37:24.981000+00:00,31.163,59.148,46.454,164.0,196,False,136.765,"[2048, 2048, 2048, 2048, 2048]","[2048, 2048, 2048, 2048, 2048, 2048, 2048, 2048, 2048]","[2048, 2048, 2048, 2048, 2048, 2048, 2048, 2048, 2048, 2049]",246
1276,9832,6,5,2025-12-05T09:37:33.048000+00:00,17.67,37.011,31.484,292.0,319,False,86.165,"[None, 2048, 2049, 2049, 2049]","[2049, 2049, 2049, 2048, 2048, 2049, 2049, 2049, 2048]","[2049, 2049, 2048, 2049, 2049, 2049, 2049, 2049, 2049]",324
1276,9832,1,4,2025-12-05T09:37:39.962000+00:00,17.614,36.926,31.444,294.0,321,False,85.984,"[None, 2048, 2049, 2048, 2048]","[2048, 2049, 2048, 2048, 2048, 2051, 2049, 2049, 2048]","[2049, 2049, 2049, 2049, 2049, 2049, 2049, 2049, 2048, 2048]",327
1276,9832,39,5,2025-12-05T09:37:44.945000+00:00,25.393,62.025,45.79,145.0,189,False,133.208,"[None, 2048, 2048, 2048, 2048]","[2048, 2048, 2048, 2048, 2048, 2048, 2048, 2048, 2048]","[2048, 2048, 2048, 2048, 2048, 2048, 2048, 2048, 2048, 2048]",150
1276,9832,5,4,2025-12-05T09:37:46.492000+00:00,17.851,37.33,31.562,287.0,314,False,86.743,"[2049, 2049, 2049, 2049, 2049]","[2049, 2049, 2049, 2049, 2049, 2049, 2049, 2049, 2049]","[2049, 2049, 2049, 2049, 2051, 2049, 2049, 2049, 2051, 2048]",318
1276,9832,36,5,2025-12-05T09:37:51.385000+00:00,30.919,78.185,54.23,128.0,109,False,163.334,"[None, 2048, 2048, 2048, 2048]","[2048, 2048, 2048, 2048, 2048, 2048, 2048, 2048, 2048]","[2048, 2048, 2048, 2048, 2048, 2048, 2048, 2048, 2048, 2049]",117
1276,9832,16,4,2025-12-05T09:37:53.420000+00:00,17.745,37.155,31.392,290.0,317,False,86.292,"[None, 2049, 2048, 2049, 2049]","[2051, 2049, 2049, 2049, 2049, 2049, 2048, 2048, 2049]","[2049, 2048, 2049, 2048, 2049, 2049, 2049, 2048, 2051]",322
1276,9832,89,5,2025-12-05T09:37:56.010000+00:00,17.624,36.822,31.374,293.0,322,False,85.82,"[None, 2051, 2049, 2049, 2049]","[2049, 2049, 2048, 2051, 2049, 2049, 2049, 2051, 2049]","[2049, 2049, 2049, 2049, 2049, 2049, 2049, 2049, 2048]",327
1276,9832,55,5,2025-12-05T09:37:57.275000+00:00,31.197,68.951,40.986,100.0,186,False,141.134,"[2048, 2048, 2048, 2048, 2048]","[2048, 2048, 2048, 2048, 2048, 2048, 2048, 2048, 2048]","[2048, 2048, 2048, 2048, 2048, 2048, 2048, 2048, 2049, 2051]",136
1276,9832,12,5,2025-12-05T09:38:02.666000+00:00,28.202,86.178,56.769,114.0,71,False,171.149,"[2048, 2048, 2048, 2048, 2048]","[2048, 2048, 2048, 2048, 2048, 2048, 2048, 2048, 2048]","[2048, 2048, 2048, 2048, 2048, 2048, 2048, 2048, 2048, 2048]",87
1276,9832,35,5,2025-12-05T09:38:09.414000+00:00,26.697,62.601,50.374,211.0,221,False,139.672,"[2048, 2048, 2048, 2048, 2048]","[2048, 2048, 2048, 2048, 2048, 2048, 2048, 2048, 2048]","[2048, 2048, 2048, 2048, 2048, 2048, 2048, 2048, 2048, 2049]",147
1276,9832,63,4,2025-12-05T09:38:12.387000+00:00,17.605,36.979,31.219,290.0,315,False,85.803,"[2049, 2049, 2049, 2049, 2048]","[2049, 2051, 2048, 2048, 2048, 2049, 2049, 2049, 2049]","[2049, 2048, 2049, 2049, 2049, 2049, 2051, 2048, 2051, 2049]",320
1276,9832,43,5,2025-12-05T09:38:17.376000+00:00,35.848,64.64,55.116,168.0,168,False,155.604,"[2048, 2048, 2048, 2048, 2048]","[2048, 2048, 2048, 2048, 2048, 2048, 2048, 2048, 2048]","[2048, 2048, 2048, 2048, 2048, 2048, 2048, 2048, 2064, 2064]",120
1276,9832,87,4,2025-12-05T09:38:25.953000+00:00,17.904,37.147,31.482,291.0,316,False,86.533,"[2049, 2049, 2049, 2048, 2049]","[2049, 2049, 2049, 2049, 2049, 2049, 2049, 2049, 2049]","[2049, 2049, 2049, 2049, 2049, 2049, 2049, 2049, 2048]",319
1276,9832,4,5,2025-12-05T09:38:27.004000+00:00,28.393,61.004,48.847,137.0,182,False,138.244,"[2048, 2048, 2048, 2048, 2048]","[2048, 2048, 2048, 2048, 2048, 2048, 2048, 2048, 2048]","[2048, 2048, 2048, 2048, 2048, 2048, 2048, 2048, 2064, 2064]",156
1276,9832,61,5,2025-12-05T09:38:32.798000+00:00,17.839,37.443,31.838,288.0,311,False,87.12,"[2048, 2049, 2048, 2048, 2049]","[2049, 2049, 2048, 2049, 2049, 2049, 2049, 2049, 2049]","[2051, 2049, 2049, 2049, 2048, 2049, 2049, 2049, 2048, 2048]",316
1276,9832,27,5,2025-12-05T09:38:36.916000+00:00,29.3,46.63,45.75,179.0,203,False,121.68,"[2048, 2048, 2048, 2048, 2048]","[2048, 2048, 2048, 2048, 2048, 2048, 2048, 2048, 2048]","[2048, 2048, 2048, 2048, 2048, 2048, 2048, 2048, 2064, 2064]",211
1276,9832,34,5,2025-12-05T09:38:40.901000+00:00,17.905,37.545,32.477,288.0,317,False,87.927,"[None, 2048, 2048, 2049, 2049]","[2049, 2049, 2049, 2049, 2049, 2049, 2048, 2049, 2049]","[2049, 2049, 2048, 2049, 2048, 2049, 2049, 2049, 2049]",321
1276,9832,6,6,2025-12-05T09:38:59.128000+00:00,26.815,53.05,46.351,175.0,207,False,126.216,"[2048, 2048, 2048, 2048, 2048]","[2048, 2048, 2048, 2048, 2048, 2048, 2048, 2048, 2048]","[2048, 2048, 2048, 2048, 2048, 2048, 2048, 2048, 2064, 2064]",212
1276,9832,50,5,2025-12-05T09:39:04.620000+00:00,25.825,50.269,38.159,169.0,217,False,114.253,"[None, 2048, 2048, 2048, 2048]","[2048, 2048, 2048, 2048, 2048, 2048, 2048, 2048, 2048]","[2048, 2048, 2048, 2048, 2048, 2048, 2048, 2048, 2049, 2049]",235
1276,9832,1,5,2025-12-05T09:39:05.760000+00:00,32.688,50.355,46.837,136.0,209,False,129.88,"[None, 2048, 2048, 2048, 2048]","[2048, 2048, 2048, 2048, 2048, 2048, 2048, 2048, 2048]","[2048, 2048, 2048, 2048, 2048, 2048, 2048, 2048, 2064, 2064]",205
1276,9832,5,5,2025-12-05T09:39:13.261000+00:00,29.497,56.8,44.213,130.0,194,False,130.51,"[2048, 2048, 2048, 2048, 2048]","[2048, 2048, 2048, 2048, 2048, 2048, 2048, 2048, 2048]","[2048, 2048, 2048, 2048, 2048, 2048, 2048, 2048, 2048, 2049]",228
1276,9832,16,5,2025-12-05T09:39:19.610000+00:00,26.902,68.993,54.886,127.0,171,False,150.781,"[None, 2048, 2048, 2048, 2048]","[2048, 2048, 2048, 2048, 2048, 2048, 2048, 2048, 2048]","[2048, 2048, 2048, 2048, 2048, 2048, 2048, 2048, 2051, 2049]",166
1276,9832,89,6,2025-12-05T09:39:21.744000+00:00,23.348,55.04,51.982,251.0,156,False,130.37,"[None, 2048, 2048, 2048, 2048]","[2048, 2048, 2048, 2048, 2048, 2048, 2048, 2048, 2048]","[2048, 2048, 2048, 2048, 2048, 2048, 2048, 2048, 2048, 2048]",191
1276,9832,63,5,2025-12-05T09:39:38.054000+00:00,34.897,67.558,53.982,126.0,158,False,156.437,"[2048, 2048, 2048, 2048, 2048]","[2048, 2048, 2048, 2048, 2048, 2048, 2048, 2048, 2048]","[2048, 2048, 2048, 2048, 2048, 2048, 2048, 2048, 2048, 2048]",171
1276,9832,40,6,2025-12-05T09:39:41.906000+00:00,17.835,37.375,31.839,292.0,319,False,87.049,"[2049, 2048, 2049, 2049, 2049]","[2048, 2049, 2048, 2049, 2049, 2049, 2049, 2049, 2049]","[2049, 2049, 2049, 2049, 2049, 2049, 2049, 2049, 2049, 2049]",324
1276,9832,87,5,2025-12-05T09:39:52.237000+00:00,44.699,83.427,52.173,104.0,115,False,180.299,"[2048, 2048, 2048, 2048, 2048]","[2048, 2048, 2048, 2048, 2048, 2048, 2048, 2048, 2048]","[2048, 2048, 2048, 2048, 2048, 2048, 2048, 2048, 2049, 2049]",120
1276,9832,39,6,2025-12-05T09:39:58.270000+00:00,17.775,37.417,31.82,289.0,316,False,87.012,"[None, 2049, 2049, 2049, 2049]","[2049, 2049, 2049, 2049, 2048, 2049, 2049, 2049, 2049]","[2049, 2049, 2049, 2049, 2049, 2049, 2049, 2048, 2048, 2048]",320
1276,9832,61,6,2025-12-05T09:39:59.785000+00:00,28.669,69.355,44.379,115.0,178,False,142.403,"[None, 2048, 2048, 2048, 2048]","[2048, 2048, 2048, 2048, 2048, 2048, 2048, 2048, 2048]","[2048, 2048, 2048, 2048, 2048, 2048, 2048, 2048, 2048, 2049]",107
1276,9832,34,6,2025-12-05T09:40:08.684000+00:00,30.402,60.628,50.26,135.0,181,False,141.29,"[None, 2048, 2048, 2048, 2048]","[2048, 2048, 2048, 2048, 2048, 2048, 2048, 2048, 2048]","[2048, 2048, 2048, 2048, 2048, 2048, 2048, 2048, 2048, 2049]",206
1276,9832,55,6,2025-12-05T09:40:18.457000+00:00,17.495,36.998,31.219,290.0,314,False,85.712,"[2051, 2049, 2049, 2051, 2049]","[2048, 2049, 2049, 2048, 2048, 2051, 2049, 2049, 2048]","[2049, 2049, 2049, 2049, 2049, 2049, 2049, 2049, 2049, 2048]",319
1276,9832,35,6,2025-12-05T09:40:29.067000+00:00,17.847,37.499,31.793,288.0,312,False,87.139,"[2049, 2048, 2049, 2049, 2048]","[2049, 2049, 2049, 2049, 2048, 2049, 2049, 2048, 2048]","[2051, 2048, 2049, 2049, 2049, 2049, 2049, 2049, 2049, 2048]",318
1276,9832,36,6,2025-12-05T09:40:34.757000+00:00,17.695,37.23,31.57,292.0,322,False,86.495,"[None, 2049, 2048, 2048, 2049]","[2049, 2049, 2048, 2049, 2048, 2049, 2048, 2049, 2049]","[2049, 2049, 2049, 2049, 2048, 2049, 2049, 2049, 2048, 2048]",327
1276,9832,12,6,2025-12-05T09:40:53.860000+00:00,28.385,46.012,35.844,187.0,262,False,110.241,"[None, 2048, 2048, 2048, 2048]","[2048, 2048, 2048, 2048, 2048, 2048, 2048, 2048, 2048]","[2048, 2048, 2048, 2048, 2048, 2048, 2048, 2048, 2049, 2049]",251
1276,9832,50,6,2025-12-05T09:40:58.875000+00:00,17.776,37.349,31.446,290.0,315,False,86.571,"[2049, 2049, 2049, 2049, 2048]","[2049, 2048, 2049, 2049, 2049, 2049, 2048, 2049, 2049]","[2049, 2049, 2048, 2049, 2049, 2049, 2049, 2049, 2048]",320
1276,9832,27,6,2025-12-05T09:41:02.017000+00:00,48.443,50.841,41.983,194.0,111,True,141.267,"[2064, 2064, 2064, 2064, 2048]","[2048, 2048, 2048, 2048, 2048, 2048, 2048, 2048, 2048]","[2048, 2048, 2048, 2048, 2048, 2048, 2048, 2048, 2049, 2049]",204
1276,9832,40,7,2025-12-05T09:41:08.857000+00:00,25.913,63.5,56.014,156.0,124,False,145.427,"[None, 2048, 2048, 2048, 2048]","[2048, 2048, 2048, 2048, 2048, 2048, 2048, 2048, 2048]","[2048, 2048, 2048, 2048, 2048, 2048, 2048, 2048, 2048, 2048]",195
1276,9832,4,6,2025-12-05T09:41:11.565000+00:00,56.103,54.461,38.902,155.0,245,True,149.466,"[2064, 2064, 2064, 2064, 2048]","[2048, 2048, 2048, 2048, 2048, 2048, 2048, 2048, 2048]","[2048, 2048, 2048, 2048, 2048, 2048, 2048, 2048, 2048, 2049]",164
1276,9832,43,6,2025-12-05T09:41:21.960000+00:00,60.688,44.53,46.688,235.0,291,True,151.906,"[2064, 2064, 2064, 2064, 2048]","[2048, 2048, 2048, 2048, 2048, 2048, 2048, 2048, 2048]","[2048, 2048, 2048, 2048, 2048, 2048, 2048, 2048, 2048, 2049]",261
1276,9832,5,6,2025-12-05T09:41:23.713000+00:00,17.674,37.099,34.295,287.0,316,False,89.068,"[None, 2049, 2049, 2049, 2049]","[2049, 2049, 2049, 2049, 2048, 2049, 2048, 2049, 2049]","[2049, 2049, 2049, 2049, 2048, 2048, 2048, 2048, 2064, 2064]",318
1276,9832,39,7,2025-12-05T09:41:26.540000+00:00,23.796,58.457,42.715,139.0,186,False,124.968,"[None, 2048, 2048, 2048, 2048]","[2048, 2048, 2048, 2048, 2048, 2048, 2048, 2048, 2048]","[2048, 2048, 2048, 2048, 2048, 2048, 2048, 2048, 2049, 2049]",139
1276,9832,89,7,2025-12-05T09:41:32.223000+00:00,17.623,37.048,31.436,292.0,318,False,86.107,"[None, 2048, 2049, 2049, 2048]","[2049, 2048, 2048, 2048, 2048, 2048, 2049, 2048, 2048]","[2049, 2049, 2051, 2049, 2048, 2048, 2048, 2049, 2048, 2048]",323
1276,9832,6,7,2025-12-05T09:41:35.995000+00:00,57.611,50.976,52.868,209.0,236,True,161.455,"[2064, 2064, 2064, 2064, 2048]","[2048, 2048, 2048, 2048, 2048, 2048, 2048, 2048, 2048]","[2048, 2048, 2048, 2048, 2048, 2048, 2048, 2048, 2048, 2048]",229
1276,9832,1,6,2025-12-05T09:41:39.833000+00:00,48.447,49.68,47.452,194.0,246,True,145.579,"[2064, 2064, 2064, 2064, 2048]","[2048, 2048, 2048, 2048, 2048, 2048, 2048, 2048, 2048]","[2048, 2048, 2048, 2048, 2048, 2048, 2048, 2048, 2048, 2049]",223
1276,9832,55,7,2025-12-05T09:41:44.186000+00:00,29.835,47.866,44.504,222.0,207,False,122.205,"[2048, 2048, 2048, 2048, 2048]","[2048, 2048, 2048, 2048, 2048, 2048, 2048, 2048, 2048]","[2048, 2048, 2048, 2048, 2048, 2048, 2048, 2048, 2064, 2064]",223
1276,9832,16,6,2025-12-05T09:41:51.031000+00:00,17.59,36.979,31.342,290.0,318,False,85.911,"[2049, 2049, 2049, 2049, 2048]","[2048, 2049, 2048, 2049, 2049, 2049, 2048, 2049, 2049]","[2049, 2048, 2048, 2048, 2048, 2049, 2048, 2048, 2048, 2048]",322
1276,9832,35,7,2025-12-05T09:41:56.250000+00:00,25.383,55.749,50.298,181.0,169,False,131.43,"[2048, 2048, 2048, 2048, 2048]","[2048, 2048, 2048, 2048, 2048, 2048, 2048, 2048, 2048]","[2048, 2048, 2048, 2048, 2048, 2048, 2048, 2048, 2064, 2064]",186
1276,9832,36,7,2025-12-05T09:42:01.140000+00:00,30.117,71.081,53.194,107.0,160,False,154.392,"[2048, 2048, 2048, 2048, 2048]","[2048, 2048, 2048, 2048, 2048, 2048, 2048, 2048, 2048]","[2048, 2048, 2048, 2048, 2048, 2048, 2048, 2048, 2048, 2048]",131
1276,9832,63,6,2025-12-05T09:42:14.585000+00:00,30.939,54.377,41.985,136.0,193,False,127.301,"[None, 2048, 2048, 2048, 2048]","[2048, 2048, 2048, 2048, 2048, 2048, 2048, 2048, 2048]","[2048, 2048, 2048, 2048, 2048, 2048, 2048, 2048, 2048, 2049]",261
1276,9832,61,7,2025-12-05T09:42:22.286000+00:00,17.624,37.451,31.495,288.0,310,False,86.57,"[2049, 2049, 2049, 2048, 2049]","[2049, 2048, 2049, 2049, 2048, 2048, 2049, 2049, 2048]","[2048, 2049, 2049, 2049, 2049, 2049, 2049, 2049, 2049, 2048]",314
1276,9832,50,7,2025-12-05T09:42:25.329000+00:00,30.877,66.875,44.596,124.0,231,False,142.348,"[2048, 2048, 2048, 2048, 2048]","[2048, 2048, 2048, 2048, 2048, 2048, 2048, 2048, 2048]","[2048, 2048, 2048, 2048, 2048, 2048, 2048, 2048, 2048, 2049]",81
1276,9832,34,7,2025-12-05T09:42:30.020000+00:00,18.004,38.422,32.217,288.0,298,False,88.643,"[2049, 2048, 2048, 2048, 2048]","[2048, 2048, 2049, 2048, 2048, 2048, 2048, 2048, 2048]","[2048, 2049, 2049, 2049, 2049, 2049, 2049, 2049, 2048, 2048]",300
1276,9832,12,7,2025-12-05T09:42:44.111000+00:00,17.425,36.93,31.353,290.0,315,False,85.708,"[2049, 2049, 2051, 2049, 2049]","[2048, 2049, 2048, 2048, 2048, 2049, 2048, 2049, 2048]","[2049, 2049, 2049, 2049, 2049, 2049, 2051, 2049, 2048, 2048]",321
1276,9832,87,6,2025-12-05T09:42:52.611000+00:00,17.754,36.984,31.381,290.0,316,False,86.119,"[2049, 2049, 2049, 2049, 2048]","[2049, 2049, 2048, 2049, 2049, 2049, 2048, 2049, 2049]","[2049, 2048, 2049, 2049, 2049, 2049, 2048, 2049, 2049]",322
1276,9832,89,8,2025-12-05T09:42:58.364000+00:00,17.433,37.893,31.953,,295,False,87.279,"[None, 2049, 2049, 2051, 2049]","[2048, 2048, 2048, 2048, 2048, 2048, 2048, 2048, 2048]","[2048, 2048, 2048, 2048, 2048, 2048, 2048, 2048, 2048, 2048]",301
1276,9832,27,7,2025-12-05T09:42:59.989000+00:00,17.623,39.058,41.937,289.0,172,False,98.618,"[2049, 2049, 2048, 2048, 2049]","[2049, 2049, 2048, 2049, 2049, 2048, 2048, 2048, 2048]","[2048, 2048, 2048, 2048, 2048, 2048, 2048, 2048, 2048, 2048]",324
1276,9832,4,7,2025-12-05T09:43:14.850000+00:00,17.465,37.014,30.975,289.0,315,False,85.454,"[2048, 2049, 2049, 2049, 2048]","[2048, 2049, 2048, 2048, 2049, 2048, 2049, 2048, 2048]","[2048, 2051, 2049, 2049, 2049, 2049, 2048, 2049, 2048, 2048]",321
1276,9832,5,7,2025-12-05T09:43:15.946000+00:00,42.474,51.183,44.446,266.0,224,True,138.103,"[2064, 2064, 2064, 2064, 2048]","[2048, 2048, 2048, 2048, 2048, 2048, 2048, 2048, 2048]","[2048, 2048, 2048, 2048, 2048, 2048, 2048, 2048, 2049, 2049]",127
1276,9832,16,7,2025-12-05T09:43:16.441000+00:00,24.02,56.839,46.732,141.0,247,False,127.591,"[2048, 2048, 2048, 2048, 2048]","[2048, 2048, 2048, 2048, 2048, 2048, 2048, 2048, 2048]","[2048, 2048, 2048, 2048, 2048, 2048, 2048, 2048, 2064, 2064]",131
1276,9832,43,7,2025-12-05T09:43:25.039000+00:00,17.574,37.061,31.332,289.0,315,False,85.967,"[2049, 2048, 2049, 2049, 2048]","[2049, 2048, 2049, 2049, 2049, 2049, 2049, 2049, 2049]","[2049, 2048, 2049, 2049, 2049, 2049, 2049, 2048, 2048]",322
1276,9832,39,8,2025-12-05T09:43:30.286000+00:00,17.684,37.127,31.886,291.0,318,False,86.697,"[2049, 2049, 2048, 2049, 2049]","[2049, 2049, 2048, 2051, 2049, 2049, 2049, 2048, 2049]","[2048, 2048, 2048, 2049, 2048, 2048, 2048, 2049, 2048, 2048]",325
1276,9832,40,8,2025-12-05T09:43:34.330000+00:00,17.875,37.149,31.681,292.0,322,False,86.705,"[2048, 2048, 2048, 2048, 2049]","[2048, 2048, 2048, 2049, 2049, 2049, 2049, 2049, 2049]","[2049, 2048, 2049, 2049, 2049, 2048, 2048, 2049, 2048, 2048]",328
1276,9832,1,7,2025-12-05T09:43:41.370000+00:00,17.445,36.745,31.278,294.0,323,False,85.468,"[2049, 2051, 2049, 2049, 2051]","[2049, 2049, 2049, 2049, 2051, 2048, 2049, 2049, 2049]","[2048, 2049, 2049, 2049, 2049, 2049, 2049, 2049, 2049, 2048]",329
1276,9832,6,8,2025-12-05T09:43:46.888000+00:00,17.664,36.894,31.259,292.0,322,False,85.817,"[2048, 2048, 2048, 2048, 2049]","[2049, 2048, 2049, 2049, 2049, 2048, 2048, 2051, 2048]","[2049, 2048, 2048, 2049, 2049, 2049, 2049, 2051, 2048]",328
1276,9832,61,8,2025-12-05T09:43:48.747000+00:00,28.136,66.006,54.654,121.0,147,False,148.796,"[2048, 2048, 2048, 2048, 2048]","[2048, 2048, 2048, 2048, 2048, 2048, 2048, 2048, 2048]","[2048, 2048, 2048, 2048, 2048, 2048, 2048, 2048, 2048, 2048]",146
1276,9832,34,8,2025-12-05T09:43:58.729000+00:00,23.572,59.683,48.634,207.0,139,False,131.889,"[2048, 2048, 2048, 2048, 2048]","[2048, 2048, 2048, 2048, 2048, 2048, 2048, 2048, 2048]","[2048, 2048, 2048, 2048, 2048, 2048, 2048, 2048, 2064, 2064]",138
1276,9832,55,8,2025-12-05T09:44:08.823000+00:00,41.884,42.728,36.87,244.0,241,True,121.482,"[2064, 2064, 2064, 2064, 2048]","[2048, 2048, 2048, 2048, 2048, 2048, 2048, 2048, 2048]","[2048, 2048, 2048, 2048, 2048, 2048, 2048, 2048, 2049, 2051]",275
1276,9832,12,8,2025-12-05T09:44:09.757000+00:00,28.257,77.718,53.879,97.0,158,False,159.854,"[2048, 2048, 2048, 2048, 2048]","[2048, 2048, 2048, 2048, 2048, 2048, 2048, 2048, 2048]","[2048, 2048, 2048, 2048, 2048, 2048, 2048, 2048, 2064, 2064]",89
1276,9832,87,7,2025-12-05T09:44:18.733000+00:00,38.179,76.544,56.301,106.0,124,False,171.024,"[2048, 2048, 2048, 2048, 2048]","[2048, 2048, 2048, 2048, 2048, 2048, 2048, 2048, 2048]","[2048, 2048, 2048, 2048, 2048, 2048, 2048, 2048, 2048, 2048]",124
1276,9832,63,7,2025-12-05T09:44:21.958000+00:00,17.392,54.707,47.055,290.0,131,False,119.154,"[2049, 2049, 2051, 2049, 2049]","[2049, 2048, 2048, 2048, 2048, 2048, 2048, 2048, 2048]","[2048, 2048, 2048, 2048, 2048, 2048, 2048, 2048, 2048, 2048]",178
1276,9832,89,9,2025-12-05T09:44:25.577000+00:00,17.603,38.116,36.788,295.0,295,False,92.507,"[None, 2048, 2048, 2048, 2049]","[2048, 2048, 2048, 2048, 2048, 2048, 2048, 2048, 2048]","[2048, 2048, 2048, 2048, 2048, 2048, 2048, 2048, 2064, 2064]",301
1276,9832,36,8,2025-12-05T09:44:35.632000+00:00,31.496,62.859,46.187,168.0,216,False,140.542,"[None, 2048, 2048, 2048, 2048]","[2048, 2048, 2048, 2048, 2048, 2048, 2048, 2048, 2048]","[2048, 2048, 2048, 2048, 2048, 2048, 2048, 2048, 2048, 2048]",129
1276,9832,27,8,2025-12-05T09:44:38.617000+00:00,23.636,62.97,45.784,176.0,105,False,132.39,"[2048, 2048, 2048, 2048, 2048]","[2048, 2048, 2048, 2048, 2048, 2048, 2048, 2048, 2048]","[2048, 2048, 2048, 2048, 2048, 2048, 2048, 2048, 2048]",149
1276,9832,4,8,2025-12-05T09:44:40.196000+00:00,22.166,38.817,32.206,245.0,298,False,93.189,"[None, 2049, 2048, 2048, 2048]","[2048, 2048, 2048, 2048, 2048, 2048, 2048, 2048, 2048]","[2048, 2048, 2048, 2048, 2048, 2048, 2048, 2048, 2048, 2048]",301
1276,9832,50,8,2025-12-05T09:44:47.745000+00:00,17.608,37.308,32.238,293.0,315,False,87.154,"[2049, 2049, 2049, 2049, 2049]","[2049, 2049, 2048, 2049, 2049, 2048, 2049, 2049, 2049]","[2048, 2048, 2048, 2048, 2048, 2048, 2049, 2048, 2048, 2048]",324
1276,9832,43,8,2025-12-05T09:44:50.805000+00:00,31.141,65.635,54.574,128.0,163,False,151.35,"[2048, 2048, 2048, 2048, 2048]","[2048, 2048, 2048, 2048, 2048, 2048, 2048, 2048, 2048]","[2048, 2048, 2048, 2048, 2048, 2048, 2048, 2048, 2048, 2048]",136
1276,9832,39,9,2025-12-05T09:44:56.836000+00:00,22.817,50.79,47.673,217.0,189,False,121.28,"[2048, 2048, 2048, 2048, 2048]","[2048, 2048, 2048, 2048, 2048, 2048, 2048, 2048, 2048]","[2048, 2048, 2048, 2048, 2048, 2048, 2048, 2048, 2064, 2064]",152
1276,9832,40,9,2025-12-05T09:45:00.940000+00:00,26.349,64.923,44.422,133.0,238,False,135.694,"[None, 2048, 2048, 2048, 2048]","[2048, 2048, 2048, 2048, 2048, 2048, 2048, 2048, 2048]","[2048, 2048, 2048, 2048, 2048, 2048, 2048, 2048, 2048, 2049]",192
1276,9832,1,8,2025-12-05T09:45:06.642000+00:00,26.017,50.409,42.461,229.0,199,False,118.887,"[2048, 2048, 2048, 2048, 2048]","[2048, 2048, 2048, 2048, 2048, 2048, 2048, 2048, 2048]","[2048, 2048, 2048, 2048, 2048, 2048, 2048, 2048, 2064, 2064]",205
1276,9832,5,8,2025-12-05T09:45:10.952000+00:00,17.704,37.201,31.183,288.0,313,False,86.088,"[2049, 2048, 2048, 2049, 2049]","[2049, 2048, 2048, 2049, 2048, 2048, 2048, 2048, 2048]","[2049, 2048, 2049, 2048, 2051, 2049, 2049, 2049, 2048, 2048]",318
1276,9832,6,9,2025-12-05T09:45:12.590000+00:00,33.032,57.608,43.022,154.0,147,False,133.662,"[None, 2048, 2048, 2048, 2048]","[2048, 2048, 2048, 2048, 2048, 2048, 2048, 2048, 2048]","[2048, 2048, 2048, 2048, 2048, 2048, 2048, 2048, 2048, 2048]",178
1276,9832,55,9,2025-12-05T09:45:47.787000+00:00,17.451,36.988,31.575,290.0,313,False,86.014,"[2051, 2048, 2049, 2049, 2049]","[2048, 2049, 2048, 2049, 2049, 2048, 2049, 2049, 2048]","[2049, 2048, 2049, 2048, 2048, 2048, 2048, 2048, 2048, 2048]",320
1276,9832,16,8,2025-12-05T09:45:48.682000+00:00,52.907,56.906,39.512,201.0,75,True,149.325,"[2064, 2064, 2064, 2064, 2048]","[2048, 2048, 2048, 2048, 2048, 2048, 2048, 2048, 2048]","[2048, 2048, 2048, 2048, 2048, 2048, 2048, 2048, 2048, 2048]",193
1276,9832,4,9,2025-12-05T09:46:13.428000+00:00,17.658,37.743,31.901,289.0,297,False,87.302,"[None, 2048, 2048, 2048, 2048]","[2048, 2048, 2048, 2048, 2048, 2048, 2049, 2048, 2048]","[2048, 2048, 2048, 2048, 2048, 2048, 2048, 2048, 2048, 2048]",300
1276,9832,50,9,2025-12-05T09:46:14.990000+00:00,35.163,57.843,47.098,139.0,140,False,140.104,"[2048, 2048, 2048, 2048, 2048]","[2048, 2048, 2048, 2048, 2048, 2048, 2048, 2048, 2048]","[2048, 2048, 2048, 2048, 2048, 2048, 2048, 2048, 2064, 2064]",202
1276,9832,61,9,2025-12-05T09:46:17.641000+00:00,25.213,45.737,39.885,241.0,291,False,110.835,"[None, 2048, 2048, 2048, 2048]","[2048, 2048, 2048, 2048, 2048, 2048, 2048, 2048, 2048]","[2048, 2048, 2048, 2048, 2048, 2048, 2048, 2048, 2049, 2049]",253
1276,9832,63,8,2025-12-05T09:46:21.031000+00:00,17.532,36.882,31.328,289.0,314,False,85.742,"[2048, 2048, 2048, 2048, 2048]","[2049, 2048, 2048, 2049, 2048, 2051, 2048, 2049, 2048]","[2049, 2048, 2049, 2049, 2048, 2048, 2048, 2049, 2048, 2048]",320
1276,9832,5,9,2025-12-05T09:46:36.912000+00:00,28.678,61.446,49.509,87.0,151,False,139.633,"[2048, 2048, 2048, 2048, 2048]","[2048, 2048, 2048, 2048, 2048, 2048, 2048, 2048, 2048]","[2048, 2048, 2048, 2048, 2048, 2048, 2048, 2048, 2048, 2048]",171
1276,9832,27,9,2025-12-05T09:46:51.128000+00:00,17.62,36.931,30.888,288.0,315,False,85.439,"[None, 2048, 2049, 2049, 2048]","[2048, 2049, 2048, 2048, 2048, 2049, 2049, 2049, 2048]","[2051, 2048, 2049, 2048, 2049, 2051, 2049, 2048, 2048]",318
1276,9832,36,9,2025-12-05T09:46:56.125000+00:00,17.776,36.935,31.554,293.0,322,False,86.265,"[None, 2048, 2048, 2049, 2049]","[2048, 2048, 2048, 2049, 2048, 2049, 2049, 2051, 2049]","[2048, 2048, 2048, 2048, 2049, 2048, 2048, 2049, 2049, 2048]",327
1276,9832,87,8,2025-12-05T09:47:09.906000+00:00,19.403,75.098,48.711,163.0,149,False,143.212,"[2049, 2049, 2049, 2049, 2048]","[2048, 2048, 2048, 2048, 2048, 2048, 2048, 2048, 2048]","[2048, 2048, 2048, 2048, 2048, 2048, 2048, 2048, 2064, 2064]",129
1276,9832,55,10,2025-12-05T09:47:13.829000+00:00,21.596,81.913,54.78,182.0,114,False,158.289,"[2048, 2048, 2048, 2048, 2048]","[2048, 2048, 2048, 2048, 2048, 2048, 2048, 2048, 2048]","[2048, 2048, 2048, 2048, 2048, 2048, 2048, 2048, 2049, 2051]",130
1276,9832,12,9,2025-12-05T09:47:15.908000+00:00,53.603,45.18,35.258,245.0,266,True,134.041,"[2064, 2064, 2064, 2064, 2048]","[2048, 2048, 2048, 2048, 2048, 2048, 2048, 2048, 2048]","[2048, 2048, 2048, 2048, 2048, 2048, 2048, 2048, 2049, 2049]",252
1276,9832,40,10,2025-12-05T09:47:16.785000+00:00,18.266,37.114,31.623,283.0,320,False,87.003,"[2049, 2049, 2049, 2048, 2048]","[2048, 2048, 2048, 2048, 2048, 2049, 2049, 2048, 2048]","[2048, 2048, 2048, 2049, 2048, 2049, 2049, 2048, 2048, 2048]",324
1276,9832,43,9,2025-12-05T09:47:22.334000+00:00,26.711,48.556,45.23,228.0,271,False,120.497,"[None, 2048, 2048, 2048, 2048]","[2048, 2048, 2048, 2048, 2048, 2048, 2048, 2048, 2048]","[2048, 2048, 2048, 2048, 2048, 2048, 2048, 2048, 2048, 2048]",266
1276,9832,6,10,2025-12-05T09:47:26.352000+00:00,25.485,50.322,47.1,213.0,247,False,122.907,"[None, 2048, 2048, 2048, 2048]","[2048, 2048, 2048, 2048, 2048, 2048, 2048, 2048, 2048]","[2048, 2048, 2048, 2048, 2048, 2048, 2048, 2048, 2048, 2048]",219
1276,9832,4,10,2025-12-05T09:47:40.713000+00:00,17.691,37.77,36.177,288.0,302,False,91.638,"[None, 2048, 2048, 2048, 2048]","[2048, 2048, 2048, 2048, 2048, 2048, 2048, 2048, 2048]","[2048, 2048, 2048, 2048, 2048, 2048, 2048, 2048, 2064, 2064]",306
1276,9832,63,9,2025-12-05T09:47:46.715000+00:00,24.632,51.268,44.256,155.0,163,False,120.156,"[None, 2048, 2048, 2048, 2048]","[2048, 2048, 2048, 2048, 2048, 2048, 2048, 2048, 2048]","[2048, 2048, 2048, 2048, 2048, 2048, 2048, 2048, 2064, 2064]",272
1276,9832,16,9,2025-12-05T09:47:53.322000+00:00,17.576,41.39,49.637,290.0,203,False,108.603,"[2048, 2049, 2049, 2048, 2048]","[2048, 2049, 2048, 2048, 2048, 2048, 2048, 2048, 2048]","[2048, 2048, 2048, 2048, 2048, 2048, 2048, 2048, 2048, 2048]",321
1276,9832,61,10,2025-12-05T09:48:08.500000+00:00,17.592,36.991,31.344,288.0,317,False,85.927,"[2049, 2049, 2049, 2048, 2049]","[2049, 2051, 2049, 2049, 2049, 2049, 2049, 2049, 2049]","[2051, 2048, 2048, 2049, 2049, 2048, 2049, 2049, 2049, 2048]",323
1276,9832,27,10,2025-12-05T09:48:16.256000+00:00,19.174,40.671,39.896,269.0,268,False,99.741,"[None, 2048, 2048, 2048, 2048]","[2048, 2048, 2048, 2048, 2048, 2048, 2048, 2048, 2048]","[2048, 2048, 2048, 2048, 2048, 2048, 2048, 2048, 2064, 2064]",282
1276,9832,36,10,2025-12-05T09:48:22.351000+00:00,21.174,44.716,40.876,238.0,257,False,106.766,"[2049, 2048, 2048, 2048, 2048]","[2048, 2048, 2048, 2048, 2048, 2048, 2048, 2048, 2048]","[2048, 2048, 2048, 2048, 2048, 2048, 2048, 2048, 2064, 2064]",263
1276,9832,40,11,2025-12-05T09:48:43.742000+00:00,21.456,53.804,43.553,236.0,158,False,118.813,"[2048, 2048, 2048, 2048, 2048]","[2048, 2048, 2048, 2048, 2048, 2048, 2048, 2048, 2048]","[2048, 2048, 2048, 2048, 2048, 2048, 2048, 2048, 2064, 2064]",249
1276,9832,46,2,2025-12-05T09:48:48.395000+00:00,,42.82,39.491,269.0,306,True,1010.955,"[None, 2064, 2064, 2064, 2049]","[2049, 2048, 2049, 2049, 2049, 2049, 2049, 2049, 2049]","[2049, 2049, 2048, 2048, 2049, 2049, 2049, 2049, 2049, 2049]",304
1276,9832,5,10,2025-12-05T09:48:56.688000+00:00,17.513,37.012,30.873,288.0,314,False,85.398,"[None, 2049, 2049, 2049, 2049]","[2049, 2049, 2048, 2048, 2049, 2049, 2048, 2048, 2048]","[2049, 2048, 2048, 2049, 2051, 2049, 2051, 2048, 2049, 2048]",319
1276,9832,50,10,2025-12-05T09:49:03.156000+00:00,56.044,56.748,35.479,179.0,267,True,148.271,"[2064, 2064, 2064, 2064, 2048]","[2048, 2048, 2048, 2048, 2048, 2048, 2048, 2048, 2048]","[2048, 2048, 2048, 2048, 2048, 2048, 2048, 2048, 2049, 2049]",112
1276,9832,12,10,2025-12-05T09:49:03.764000+00:00,17.481,36.981,31.268,291.0,318,False,85.73,"[2049, 2049, 2048, 2048, 2049]","[2048, 2048, 2048, 2049, 2049, 2048, 2048, 2049, 2049]","[2048, 2049, 2049, 2049, 2049, 2048, 2048, 2049, 2049, 2048]",324
1276,9832,43,10,2025-12-05T09:49:22.815000+00:00,17.481,37.056,30.981,288.0,315,False,85.518,"[None, 2049, 2051, 2049, 2049]","[2048, 2049, 2048, 2048, 2048, 2048, 2048, 2049, 2048]","[2049, 2049, 2049, 2048, 2049, 2049, 2049, 2048, 2049, 2048]",320
1276,9832,6,11,2025-12-05T09:49:29.329000+00:00,17.5,36.772,30.973,292.0,321,False,85.245,"[None, 2049, 2049, 2049, 2049]","[2049, 2049, 2049, 2048, 2048, 2049, 2049, 2048, 2048]","[2048, 2049, 2049, 2049, 2049, 2049, 2048, 2048, 2049, 2049]",326
1276,9832,61,11,2025-12-05T09:49:34.436000+00:00,25.205,65.807,53.06,142.0,156,False,144.072,"[2048, 2048, 2048, 2048, 2048]","[2048, 2048, 2048, 2048, 2048, 2048, 2048, 2048, 2048]","[2048, 2048, 2048, 2048, 2048, 2048, 2048, 2048, 2064, 2064]",136
1276,9832,16,10,2025-12-05T09:49:41.914000+00:00,17.435,36.815,31.279,291.0,317,False,85.529,"[None, 2049, 2049, 2049, 2049]","[2051, 2048, 2048, 2048, 2049, 2051, 2049, 2049, 2048]","[2049, 2048, 2049, 2051, 2049, 2048, 2048, 2048, 2048]",323
1276,9832,55,11,2025-12-05T09:49:52.186000+00:00,17.347,36.823,31.187,290.0,315,False,85.357,"[2051, 2049, 2049, 2049, 2049]","[2049, 2048, 2048, 2049, 2049, 2049, 2048, 2049, 2049]","[2048, 2048, 2049, 2048, 2049, 2049, 2049, 2049, 2048, 2048]",321
1276,9832,5,11,2025-12-05T09:50:22.011000+00:00,21.573,48.571,35.065,242.0,314,False,105.209,"[None, 2048, 2048, 2048, 2048]","[2048, 2048, 2048, 2048, 2048, 2048, 2048, 2048, 2048]","[2048, 2048, 2048, 2048, 2048, 2048, 2048, 2048, 2064, 2064]",197
1276,9832,12,11,2025-12-05T09:50:29.401000+00:00,26.999,44.11,40.469,214.0,231,False,111.578,"[2048, 2048, 2048, 2048, 2048]","[2048, 2048, 2048, 2048, 2048, 2048, 2048, 2048, 2048]","[2048, 2048, 2048, 2048, 2048, 2048, 2048, 2048, 2064, 2064]",260
1276,9832,46,3,2025-12-05T09:50:34.442000+00:00,17.748,37.29,31.795,287.0,314,False,86.833,"[2049, 2049, 2049, 2049, 2049]","[2049, 2049, 2049, 2049, 2049, 2049, 2049, 2049, 2049]","[2049, 2049, 2049, 2049, 2049, 2049, 2049, 2049, 2049, 2048]",326
1276,9832,43,11,2025-12-05T09:50:48.152000+00:00,21.668,42.346,35.34,258.0,287,False,99.354,"[None, 2048, 2048, 2048, 2048]","[2048, 2048, 2048, 2048, 2048, 2048, 2048, 2048, 2048]","[2048, 2048, 2048, 2048, 2048, 2048, 2048, 2048, 2064, 2064]",239
1276,9832,6,12,2025-12-05T09:50:54.508000+00:00,19.885,46.584,35.589,270.0,311,False,102.058,"[None, 2048, 2048, 2048, 2048]","[2048, 2048, 2048, 2048, 2048, 2048, 2048, 2048, 2048]","[2048, 2048, 2048, 2048, 2048, 2048, 2048, 2048, 2064, 2064]",223
1276,9832,50,11,2025-12-05T09:51:03.296000+00:00,17.413,36.69,31.46,295.0,320,False,85.563,"[2049, 2049, 2049, 2051, 2051]","[2049, 2049, 2049, 2051, 2049, 2049, 2049, 2051, 2049]","[2049, 2048, 2049, 2049, 2048, 2048, 2051, 2048, 2048, 2048]",327
1276,9832,16,11,2025-12-05T09:51:07.379000+00:00,27.876,52.522,41.365,118.0,238,False,121.763,"[None, 2048, 2048, 2048, 2048]","[2048, 2048, 2048, 2048, 2048, 2048, 2048, 2048, 2048]","[2048, 2048, 2048, 2048, 2048, 2048, 2048, 2048, 2064, 2064]",198
1276,9832,55,12,2025-12-05T09:51:17.445000+00:00,26.714,51.225,42.414,192.0,239,False,120.353,"[2048, 2048, 2048, 2048, 2048]","[2048, 2048, 2048, 2048, 2048, 2048, 2048, 2048, 2048]","[2048, 2048, 2048, 2048, 2048, 2048, 2048, 2048, 2064, 2064]",200
1276,9832,35,8,2025-12-05T09:51:33.733000+00:00,,42.708,41.907,252.0,295,True,555.914,"[2064, 2064, 2064, 2064, 2048]","[2048, 2048, 2048, 2048, 2048, 2048, 2048, 2048, 2048]","[2048, 2048, 2048, 2048, 2048, 2048, 2048, 2048, 2048, 2048]",304
1276,9832,46,4,2025-12-05T09:52:01.093000+00:00,24.62,65.268,43.986,140.0,243,False,133.874,"[2048, 2048, 2048, 2048, 2048]","[2048, 2048, 2048, 2048, 2048, 2048, 2048, 2048, 2048]","[2048, 2048, 2048, 2048, 2048, 2048, 2048, 2048, 2048, 2049]",153
1276,9832,61,12,2025-12-05T09:52:26.505000+00:00,54.248,45.707,44.21,229.0,285,True,144.165,"[2064, 2064, 2064, 2064, 2048]","[2048, 2048, 2048, 2048, 2048, 2048, 2048, 2048, 2048]","[2048, 2048, 2048, 2048, 2048, 2048, 2048, 2048, 2048, 2048]",253
1276,9832,50,12,2025-12-05T09:52:28.790000+00:00,22.299,45.812,41.544,228.0,222,False,109.655,"[2048, 2048, 2048, 2048, 2048]","[2048, 2048, 2048, 2048, 2048, 2048, 2048, 2048, 2048]","[2048, 2048, 2048, 2048, 2048, 2048, 2048, 2048, 2064, 2064]",229
1276,9832,1,9,2025-12-05T09:53:13.480000+00:00,,53.595,43.468,188.0,208,True,489.245,"[2064, 2064, 2064, 2064, 2048]","[2048, 2048, 2048, 2048, 2048, 2048, 2048, 2048, 2048]","[2048, 2048, 2048, 2048, 2048, 2048, 2048, 2048, 2049, 2049]",194
1276,9832,35,9,2025-12-05T09:53:23.553000+00:00,17.761,37.462,31.966,288.0,310,False,87.189,"[2048, 2049, 2049, 2048, 2048]","[2049, 2049, 2048, 2048, 2048, 2049, 2048, 2048, 2048]","[2049, 2048, 2048, 2049, 2048, 2048, 2048, 2049, 2049, 2048]",318
1276,9832,46,5,2025-12-05T09:54:15.165000+00:00,17.623,37.122,31.717,287.0,309,False,86.462,"[2049, 2049, 2049, 2049, 2049]","[2048, 2049, 2049, 2048, 2048, 2049, 2049, 2049, 2048]","[2049, 2048, 2049, 2048, 2048, 2049, 2049, 2048, 2049, 2048]",319
1276,9832,89,10,2025-12-05T09:54:20.157000+00:00,,43.545,37.965,255.0,297,True,608.238,"[2064, 2064, 2064, 2064, 2048]","[2048, 2048, 2048, 2048, 2048, 2048, 2048, 2048, 2048]","[2048, 2048, 2048, 2048, 2048, 2048, 2048, 2048, 2048, 2049]",303
1276,9832,61,13,2025-12-05T09:54:22.699000+00:00,17.599,37.048,31.322,288.0,316,False,85.969,"[2048, 2049, 2048, 2048, 2049]","[2048, 2048, 2049, 2049, 2048, 2049, 2048, 2048, 2048]","[2048, 2049, 2049, 2049, 2048, 2049, 2049, 2048, 2048, 2048]",322
1276,9832,63,10,2025-12-05T09:54:26.751000+00:00,,42.031,43.016,243.0,270,True,387.785,"[2064, 2064, 2064, 2064, 2048]","[2048, 2048, 2048, 2048, 2048, 2048, 2048, 2048, 2048]","[2048, 2048, 2048, 2048, 2048, 2048, 2048, 2048, 2048, 2048]",292
1276,9832,39,10,2025-12-05T09:54:39.374000+00:00,,45.341,36.963,244.0,248,True,566.556,"[2064, 2064, 2064, 2064, 2048]","[2048, 2048, 2048, 2048, 2048, 2048, 2048, 2048, 2048]","[2048, 2048, 2048, 2048, 2048, 2048, 2048, 2048, 2048, 2048]",225
1276,9832,35,10,2025-12-05T09:54:50.768000+00:00,26.584,54.261,40.842,218.0,241,False,121.687,"[None, 2048, 2048, 2048, 2048]","[2048, 2048, 2048, 2048, 2048, 2048, 2048, 2048, 2048]","[2048, 2048, 2048, 2048, 2048, 2048, 2048, 2048, 2048, 2048]",175
1276,9832,1,10,2025-12-05T09:55:14.909000+00:00,17.29,36.506,30.697,292.0,320,False,84.493,"[2049, 2051, 2049, 2049, 2048]","[2048, 2049, 2049, 2048, 2048, 2051, 2049, 2048, 2048]","[2049, 2049, 2049, 2049, 2049, 2049, 2049, 2051, 2048, 2048]",326
1276,9832,40,12,2025-12-05T09:55:38.760000+00:00,,51.084,40.013,187.0,265,True,420.059,"[2064, 2064, 2064, 2064, 2048]","[2048, 2048, 2048, 2048, 2048, 2048, 2048, 2048, 2048]","[2048, 2048, 2048, 2048, 2048, 2048, 2048, 2048, 2048, 2049]",274
1276,9832,46,6,2025-12-05T09:55:41.538000+00:00,28.283,67.497,46.146,156.0,130,False,141.926,"[2048, 2048, 2048, 2048, 2048]","[2048, 2048, 2048, 2048, 2048, 2048, 2048, 2048, 2048]","[2048, 2048, 2048, 2048, 2048, 2048, 2048, 2048, 2048, 2051]",185
1276,9832,61,14,2025-12-05T09:55:48.700000+00:00,22.664,48.825,46.351,239.0,110,False,117.84,"[None, 2048, 2048, 2048, 2048]","[2048, 2048, 2048, 2048, 2048, 2048, 2048, 2048, 2048]","[2048, 2048, 2048, 2048, 2048, 2048, 2048, 2048, 2064, 2064]",239
1276,9832,89,11,2025-12-05T09:56:06.328000+00:00,17.383,36.84,31.023,289.0,314,False,85.246,"[2049, 2048, 2049, 2049, 2048]","[2048, 2049, 2048, 2048, 2048, 2049, 2049, 2048, 2048]","[2049, 2049, 2048, 2049, 2049, 2049, 2048, 2049, 2049]",322
1276,9832,63,11,2025-12-05T09:56:14.710000+00:00,17.309,36.661,30.763,289.0,314,False,84.733,"[2048, 2048, 2051, 2051, 2049]","[2048, 2051, 2049, 2049, 2048, 2049, 2049, 2048, 2049]","[2049, 2049, 2048, 2049, 2049, 2051, 2051, 2049, 2049, 2048]",320
1276,9832,39,11,2025-12-05T09:56:24.764000+00:00,18.116,37.495,32.428,286.0,316,False,88.039,"[2048, 2048, 2048, 2048, 2048]","[2048, 2048, 2048, 2048, 2048, 2048, 2048, 2048, 2048]","[2048, 2048, 2048, 2048, 2048, 2048, 2048, 2048, 2048, 2048]",322
1276,9832,6,13,2025-12-05T09:56:27.616000+00:00,,56.367,37.24,175.0,224,True,353.869,"[2064, 2064, 2064, 2064, 2048]","[2048, 2048, 2048, 2048, 2048, 2048, 2048, 2048, 2048]","[2048, 2048, 2048, 2048, 2048, 2048, 2048, 2048, 2048, 2048]",227
1276,9832,1,11,2025-12-05T09:56:39.404000+00:00,34.728,80.504,53.677,123.0,81,False,168.909,"[2048, 2048, 2048, 2048, 2048]","[2048, 2048, 2048, 2048, 2048, 2048, 2048, 2048, 2048]","[2048, 2048, 2048, 2048, 2048, 2048, 2048, 2048, 2048, 2048]",122
1276,9832,34,9,2025-12-05T09:56:40.802000+00:00,,48.128,39.692,122.0,280,True,753.127,"[2064, 2064, 2064, 2064, 2048]","[2048, 2048, 2048, 2048, 2048, 2048, 2048, 2048, 2048]","[2048, 2048, 2048, 2048, 2048, 2048, 2048, 2048, 2048, 2048]",235
1276,9832,35,11,2025-12-05T09:56:52.494000+00:00,18.293,38.639,31.937,277.0,295,False,88.869,"[None, 2048, 2048, 2048, 2048]","[2048, 2048, 2048, 2048, 2048, 2048, 2048, 2048, 2048]","[2048, 2049, 2048, 2048, 2049, 2048, 2048, 2048, 2048, 2049]",302
1276,9832,27,11,2025-12-05T09:57:01.369000+00:00,,44.423,39.986,240.0,257,True,532.853,"[2064, 2064, 2064, 2064, 2048]","[2048, 2048, 2048, 2048, 2048, 2048, 2048, 2048, 2048]","[2048, 2048, 2048, 2048, 2048, 2048, 2048, 2048, 2049, 2049]",257
1276,9832,4,11,2025-12-05T09:57:07.744000+00:00,,47.938,39.901,244.0,273,True,587.938,"[2064, 2064, 2064, 2064, 2048]","[2048, 2048, 2048, 2048, 2048, 2048, 2048, 2048, 2048]","[2048, 2048, 2048, 2048, 2048, 2048, 2048, 2048, 2051, 2049]",204
1276,9832,12,12,2025-12-05T09:57:25.336000+00:00,,48.7,35.516,225.0,267,True,415.481,"[2064, 2064, 2064, 2064, 2048]","[2048, 2048, 2048, 2048, 2048, 2048, 2048, 2048, 2048]","[2048, 2048, 2048, 2048, 2048, 2048, 2048, 2048, 2049, 2048]",214
1276,9832,89,12,2025-12-05T09:57:31.418000+00:00,23.271,50.786,47.491,254.0,181,False,121.548,"[2048, 2048, 2048, 2048, 2048]","[2048, 2048, 2048, 2048, 2048, 2048, 2048, 2048, 2048]","[2048, 2048, 2048, 2048, 2048, 2048, 2048, 2048, 2064, 2064]",176
1276,9832,63,12,2025-12-05T09:57:39.457000+00:00,34.023,66.559,58.004,129.0,156,False,158.586,"[None, 2048, 2048, 2048, 2048]","[2048, 2048, 2048, 2048, 2048, 2048, 2048, 2048, 2048]","[2048, 2048, 2048, 2048, 2048, 2048, 2048, 2048, 2048, 2048]",163
1276,9832,40,13,2025-12-05T09:57:42.567000+00:00,17.501,36.963,31.13,289.0,318,False,85.594,"[2049, 2049, 2049, 2049, 2048]","[2048, 2049, 2048, 2048, 2048, 2049, 2048, 2048, 2048]","[2049, 2048, 2048, 2049, 2049, 2049, 2049, 2049, 2049]",326
1276,9832,39,12,2025-12-05T09:57:52.866000+00:00,23.589,54.23,48.772,196.0,197,False,126.591,"[None, 2048, 2048, 2048, 2048]","[2048, 2048, 2048, 2048, 2048, 2048, 2048, 2048, 2048]","[2048, 2048, 2048, 2048, 2048, 2048, 2048, 2048, 2048, 2048]",192
1276,9832,46,7,2025-12-05T09:58:03.420000+00:00,17.523,37.04,31.445,287.0,310,False,86.008,"[2049, 2049, 2049, 2049, 2049]","[2049, 2048, 2049, 2048, 2048, 2049, 2048, 2048, 2048]","[2049, 2049, 2048, 2048, 2048, 2049, 2049, 2049, 2048]",319
1276,9832,35,12,2025-12-05T09:58:21.280000+00:00,17.714,38.311,32.125,286.0,289,False,88.15,"[None, 2048, 2049, 2049, 2048]","[2049, 2049, 2048, 2048, 2048, 2048, 2048, 2048, 2048]","[2048, 2048, 2048, 2048, 2048, 2048, 2048, 2048, 2048]",293
1276,9832,6,14,2025-12-05T09:58:30.412000+00:00,17.463,36.666,30.848,291.0,319,False,84.977,"[2048, 2049, 2049, 2048, 2048]","[2048, 2051, 2049, 2048, 2048, 2049, 2048, 2048, 2048]","[2049, 2048, 2049, 2049, 2048, 2049, 2049, 2048, 2049, 2048]",325
1276,9832,34,10,2025-12-05T09:58:43.735000+00:00,17.898,37.646,32.184,285.0,314,False,87.728,"[2048, 2048, 2049, 2048, 2048]","[2048, 2048, 2048, 2049, 2048, 2048, 2048, 2049, 2048]","[2049, 2048, 2049, 2049, 2048, 2049, 2048, 2048, 2048]",321
1276,9832,27,12,2025-12-05T09:58:49.035000+00:00,17.382,36.608,30.9,288.0,318,False,84.89,"[2049, 2048, 2049, 2049, 2048]","[2048, 2049, 2048, 2048, 2048, 2049, 2048, 2049, 2049]","[2048, 2049, 2049, 2048, 2049, 2048, 2049, 2048, 2048, 2048]",322
1276,9832,4,12,2025-12-05T09:59:00.364000+00:00,21.827,58.039,43.756,154.0,174,False,123.622,"[2049, 2049, 2049, 2048, 2048]","[2048, 2048, 2048, 2048, 2048, 2048, 2048, 2048, 2048]","[2048, 2048, 2048, 2048, 2048, 2048, 2048, 2048, 2048, 2048]",165
1276,9832,40,14,2025-12-05T09:59:08.101000+00:00,25.541,57.936,54.111,141.0,182,False,137.588,"[2048, 2048, 2048, 2048, 2048]","[2048, 2048, 2048, 2048, 2048, 2048, 2048, 2048, 2048]","[2048, 2048, 2048, 2048, 2048, 2048, 2048, 2048, 2064, 2064]",185
1276,9832,12,13,2025-12-05T09:59:16.448000+00:00,17.399,36.598,30.846,290.0,314,False,84.843,"[2048, 2049, 2048, 2049, 2048]","[2048, 2049, 2049, 2048, 2049, 2049, 2049, 2049, 2048]","[2049, 2049, 2048, 2049, 2049, 2049, 2048, 2049, 2049, 2048]",323
1276,9832,1,12,2025-12-05T09:59:28.332000+00:00,31.403,62.799,50.948,148.0,245,False,145.15,"[None, 2048, 2048, 2048, 2048]","[2048, 2048, 2048, 2048, 2048, 2048, 2048, 2048, 2048]","[2048, 2048, 2048, 2048, 2048, 2048, 2048, 2048, 2048, 2048]",165
1276,9832,46,8,2025-12-05T09:59:29.459000+00:00,24.389,76.869,56.773,157.0,147,False,158.031,"[2048, 2048, 2048, 2048, 2048]","[2048, 2048, 2048, 2048, 2048, 2048, 2048, 2048, 2048]","[2048, 2048, 2048, 2048, 2048, 2048, 2048, 2048, 2048, 2048]",103
1276,9832,36,11,2025-12-05T09:59:34.001000+00:00,,46.922,48.298,244.0,187,True,685.492,"[2064, 2064, 2064, 2064, 2048]","[2048, 2048, 2048, 2048, 2048, 2048, 2048, 2048, 2048]","[2048, 2048, 2048, 2048, 2048, 2048, 2048, 2048, 2048, 2048]",271
1276,9832,16,12,2025-12-05T09:59:38.804000+00:00,,47.43,45.09,240.0,246,True,515.656,"[2064, 2064, 2064, 2064, 2048]","[2048, 2048, 2048, 2048, 2048, 2048, 2048, 2048, 2048]","[2048, 2048, 2048, 2048, 2048, 2048, 2048, 2048, 2049, 2049]",148
1276,9832,35,13,2025-12-05T09:59:50.214000+00:00,17.802,38.406,32.017,287.0,288,False,88.225,"[None, 2048, 2048, 2048, 2048]","[2048, 2048, 2048, 2048, 2048, 2048, 2049, 2048, 2048]","[2048, 2048, 2048, 2048, 2048, 2048, 2048, 2048, 2048, 2049]",294
1276,9832,89,13,2025-12-05T09:59:55.669000+00:00,47.09,48.248,53.395,247.0,230,True,148.733,"[2064, 2064, 2064, 2064, 2048]","[2048, 2048, 2048, 2048, 2048, 2048, 2048, 2048, 2048]","[2048, 2048, 2048, 2048, 2048, 2048, 2048, 2048, 2048, 2048]",300
1276,9832,6,15,2025-12-05T09:59:55.749000+00:00,31.616,61.244,51.956,154.0,153,False,144.816,"[None, 2048, 2048, 2048, 2048]","[2048, 2048, 2048, 2048, 2048, 2048, 2048, 2048, 2048]","[2048, 2048, 2048, 2048, 2048, 2048, 2048, 2048, 2064, 2064]",169
1276,9832,39,13,2025-12-05T09:59:59.344000+00:00,17.88,37.296,31.986,289.0,316,False,87.162,"[None, 2048, 2048, 2048, 2048]","[2048, 2048, 2049, 2048, 2048, 2048, 2048, 2049, 2048]","[2048, 2048, 2048, 2048, 2048, 2048, 2048, 2048, 2049, 2048]",324
1276,9832,34,11,2025-12-05T10:00:11.296000+00:00,30.108,59.383,42.348,162.0,264,False,131.839,"[None, 2048, 2048, 2048, 2048]","[2048, 2048, 2048, 2048, 2048, 2048, 2048, 2048, 2048]","[2048, 2048, 2048, 2048, 2048, 2048, 2048, 2048]",186
1276,9832,27,13,2025-12-05T10:00:13.743000+00:00,26.586,60.078,51.34,152.0,174,False,138.004,"[2048, 2048, 2048, 2048, 2048]","[2048, 2048, 2048, 2048, 2048, 2048, 2048, 2048, 2048]","[2048, 2048, 2048, 2048, 2048, 2048, 2048, 2048, 2048, 2048]",158
1276,9832,63,13,2025-12-05T10:00:18.091000+00:00,33.085,54.777,41.135,139.0,226,False,128.997,"[None, 2048, 2048, 2048, 2048]","[2048, 2048, 2048, 2048, 2048, 2048, 2048, 2048, 2048]","[2048, 2048, 2048, 2048, 2048, 2048, 2048, 2048, 2048, 2048]",230
1276,9832,43,12,2025-12-05T10:00:36.486000+00:00,,47.854,53.45,249.0,286,True,617.163,"[2064, 2064, 2064, 2064, 2048]","[2048, 2048, 2048, 2048, 2048, 2048, 2048, 2048, 2048]","[2048, 2048, 2048, 2048, 2048, 2048, 2048, 2048, 2049, 2049]",263
1276,9832,5,12,2025-12-05T10:00:40.848000+00:00,,45.355,47.225,258.0,197,True,628.975,"[2064, 2064, 2064, 2064, 2048]","[2048, 2048, 2048, 2048, 2048, 2048, 2048, 2048, 2048]","[2048, 2048, 2048, 2048, 2048, 2048, 2048, 2048, 2049, 2049]",285
1276,9832,12,14,2025-12-05T10:00:41.269000+00:00,27.576,80.923,51.703,89.0,130,False,160.202,"[None, 2048, 2048, 2048, 2048]","[2048, 2048, 2048, 2048, 2048, 2048, 2048, 2048, 2048]","[2048, 2048, 2048, 2048, 2048, 2048, 2048, 2048, 2064, 2064]",68
1276,9832,4,13,2025-12-05T10:01:03.919000+00:00,17.393,36.532,30.594,287.0,313,False,84.519,"[2048, 2048, 2048, 2049, 2048]","[2049, 2051, 2048, 2049, 2049, 2051, 2048, 2049, 2048]","[2049, 2048, 2049, 2048, 2049, 2049, 2049, 2051, 2048, 2048]",319
1276,9832,35,14,2025-12-05T10:01:17.751000+00:00,17.959,54.415,43.241,288.0,156,False,115.615,"[None, 2048, 2048, 2048, 2048]","[2048, 2048, 2048, 2048, 2048, 2048, 2048, 2048, 2048]","[2048, 2048, 2048, 2048, 2048, 2048, 2048, 2048, 2064, 2064]",189
1276,9832,39,14,2025-12-05T10:01:26.588000+00:00,24.972,57.239,47.924,142.0,184,False,130.135,"[None, 2048, 2048, 2048, 2048]","[2048, 2048, 2048, 2048, 2048, 2048, 2048, 2048, 2048]","[2048, 2048, 2048, 2048, 2048, 2048, 2048, 2048, 2048, 2048]",172
1276,9832,36,12,2025-12-05T10:01:34.717000+00:00,17.508,36.822,31.013,292.0,319,False,85.343,"[2048, 2049, 2049, 2049, 2048]","[2048, 2049, 2049, 2048, 2048, 2049, 2048, 2048, 2048]","[2049, 2049, 2049, 2048, 2049, 2049, 2049, 2049, 2049, 2048]",324
1276,9832,16,13,2025-12-05T10:01:44.910000+00:00,17.348,36.571,30.648,290.0,318,False,84.567,"[2049, 2049, 2049, 2048, 2048]","[2048, 2049, 2049, 2049, 2049, 2049, 2049, 2049, 2049]","[2049, 2049, 2049, 2051, 2049, 2049, 2051, 2049, 2048, 2048]",323
1276,9832,1,13,2025-12-05T10:01:53.497000+00:00,17.354,36.402,30.758,292.0,321,False,84.514,"[None, 2048, 2048, 2048, 2048]","[2049, 2049, 2048, 2048, 2048, 2049, 2049, 2049, 2048]","[2049, 2048, 2051, 2048, 2049, 2048, 2048, 2048, 2048, 2048]",327
1276,9832,40,15,2025-12-05T10:01:56.325000+00:00,62.11,54.144,37.418,195.0,259,True,153.672,"[2064, 2064, 2064, 2064, 2048]","[2048, 2048, 2048, 2048, 2048, 2048, 2048, 2048, 2048]","[2048, 2048, 2048, 2048, 2048, 2048, 2048, 2048, 2048, 2048]",258
1276,9832,89,14,2025-12-05T10:02:01.835000+00:00,17.524,36.891,31.104,289.0,317,False,85.519,"[2048, 2048, 2048, 2048, 2048]","[2048, 2048, 2048, 2048, 2048, 2048, 2048, 2048, 2048]","[2048, 2049, 2048, 2049, 2048, 2049, 2048, 2049, 2048, 2048]",323
1276,9832,46,9,2025-12-05T10:02:07.554000+00:00,17.528,36.867,31.582,288.0,314,False,85.977,"[None, 2048, 2048, 2048, 2049]","[2049, 2049, 2049, 2048, 2048, 2048, 2049, 2049, 2049]","[2048, 2048, 2048, 2048, 2048, 2048, 2048, 2048, 2048, 2048]",322
1276,9832,34,12,2025-12-05T10:02:23.365000+00:00,17.712,37.429,31.965,287.0,316,False,87.106,"[None, 2049, 2049, 2049, 2049]","[2048, 2049, 2048, 2049, 2049, 2049, 2048, 2049, 2048]","[2049, 2049, 2049, 2049, 2048, 2049, 2049, 2048, 2048, 2048]",324
1276,9832,63,14,2025-12-05T10:02:27.068000+00:00,26.459,57.405,43.77,193.0,175,False,127.634,"[None, 2048, 2048, 2048, 2048]","[2048, 2048, 2048, 2048, 2048, 2048, 2048, 2048, 2048]","[2048, 2048, 2048, 2048, 2048, 2048, 2048, 2048, 2048, 2049]",197
1276,9832,4,14,2025-12-05T10:02:28.459000+00:00,24.358,63.827,50.288,146.0,155,False,138.473,"[None, 2048, 2048, 2048, 2048]","[2048, 2048, 2048, 2048, 2048, 2048, 2048, 2048, 2048]","[2048, 2048, 2048, 2048, 2048, 2048, 2048, 2048, 2064, 2064]",123
1276,9832,27,14,2025-12-05T10:02:31.882000+00:00,28.93,60.501,44.246,196.0,153,False,133.677,"[None, 2048, 2048, 2048, 2048]","[2048, 2048, 2048, 2048, 2048, 2048, 2048, 2048, 2048]","[2048, 2048, 2048, 2048, 2048, 2048, 2048, 2048, 2049, 2048]",156
1276,9832,5,13,2025-12-05T10:02:36.288000+00:00,17.563,36.829,30.761,285.0,314,False,85.153,"[2049, 2048, 2049, 2048, 2048]","[2048, 2049, 2048, 2048, 2048, 2049, 2048, 2048, 2048]","[2048, 2049, 2048, 2049, 2051, 2051, 2048, 2048, 2048]",317
1276,9832,87,9,2025-12-05T10:02:39.601000+00:00,,43.422,38.535,252.0,247,True,889.763,"[2064, 2064, 2064, 2064, 2048]","[2048, 2048, 2048, 2048, 2048, 2048, 2048, 2048, 2048]","[2048, 2048, 2048, 2048, 2048, 2048, 2048, 2048, 2048, 2049]",281
1276,9832,43,13,2025-12-05T10:02:44.788000+00:00,17.394,36.665,30.796,290.0,317,False,84.855,"[2049, 2049, 2049, 2048, 2049]","[2049, 2049, 2049, 2049, 2049, 2049, 2049, 2049, 2049]","[2051, 2048, 2049, 2049, 2048, 2049, 2049, 2049, 2049, 2048]",323
1276,9832,50,13,2025-12-05T10:02:48.364000+00:00,,47.398,45.632,202.0,233,True,638.609,"[2064, 2064, 2064, 2064, 2048]","[2048, 2048, 2048, 2048, 2048, 2048, 2048, 2048, 2048]","[2048, 2048, 2048, 2048, 2048, 2048, 2048, 2048, 2048, 2048]",225
1276,9832,6,16,2025-12-05T10:02:53.848000+00:00,66.594,47.256,52.047,195.0,269,True,165.897,"[2064, 2064, 2064, 2064, 2048]","[2048, 2048, 2048, 2048, 2048, 2048, 2048, 2048, 2048]","[2048, 2048, 2048, 2048, 2048, 2048, 2048, 2048, 2048, 2048]",253
1276,9832,55,13,2025-12-05T10:02:58.640000+00:00,,48.208,49.1,279.0,281,True,714.423,"[2064, 2064, 2064, 2064, 2048]","[2048, 2048, 2048, 2048, 2048, 2048, 2048, 2048, 2048]","[2048, 2048, 2048, 2048, 2048, 2048, 2048, 2048, 2048, 2049]",283
1276,9832,36,13,2025-12-05T10:02:59.964000+00:00,28.489,68.25,56.192,131.0,139,False,152.931,"[None, 2048, 2048, 2048, 2048]","[2048, 2048, 2048, 2048, 2048, 2048, 2048, 2048, 2048]","[2048, 2048, 2048, 2048, 2048, 2048, 2048, 2048, 2048, 2048]",154
1276,9832,16,14,2025-12-05T10:03:09.508000+00:00,25.811,57.916,51.274,135.0,211,False,135.001,"[2048, 2048, 2048, 2048, 2048]","[2048, 2048, 2048, 2048, 2048, 2048, 2048, 2048, 2048]","[2048, 2048, 2048, 2048, 2048, 2048, 2048, 2048, 2048, 2048]",176
1276,9832,1,14,2025-12-05T10:03:17.917000+00:00,18.999,39.778,36.399,271.0,266,False,95.176,"[None, 2048, 2048, 2048, 2048]","[2048, 2048, 2048, 2048, 2048, 2048, 2048, 2048, 2048]","[2048, 2048, 2048, 2048, 2048, 2048, 2048, 2048, 2064, 2064]",287
1276,9832,89,15,2025-12-05T10:03:27.375000+00:00,27.069,53.603,48.485,135.0,205,False,129.157,"[None, 2048, 2048, 2048, 2048]","[2048, 2048, 2048, 2048, 2048, 2048, 2048, 2048, 2048]","[2048, 2048, 2048, 2048, 2048, 2048, 2048, 2048, 2048, 2048]",196
1276,9832,46,10,2025-12-05T10:03:33.461000+00:00,29.735,58.055,50.788,169.0,159,False,138.578,"[None, 2048, 2048, 2048, 2048]","[2048, 2048, 2048, 2048, 2048, 2048, 2048, 2048, 2048]","[2048, 2048, 2048, 2048, 2048, 2048, 2048, 2048, 2048, 2048]",272
1276,9832,39,15,2025-12-05T10:03:36.680000+00:00,18.067,38.128,32.178,289.0,292,False,88.373,"[2049, 2048, 2048, 2048, 2048]","[2048, 2048, 2049, 2048, 2048, 2048, 2048, 2048, 2048]","[2048, 2048, 2049, 2048, 2048, 2048, 2048, 2048, 2048, 2048]",298
1276,9832,34,13,2025-12-05T10:03:50.349000+00:00,17.918,38.795,32.588,282.0,285,False,89.301,"[None, 2048, 2048, 2048, 2048]","[2048, 2048, 2048, 2048, 2048, 2048, 2048, 2048, 2048]","[2048, 2048, 2048, 2048, 2048, 2048, 2048, 2048, 2048]",291
1276,9832,40,16,2025-12-05T10:03:59.508000+00:00,17.529,36.769,31.177,290.0,319,False,85.475,"[2049, 2048, 2048, 2048, 2048]","[2048, 2048, 2049, 2048, 2048, 2049, 2048, 2048, 2048]","[2049, 2049, 2049, 2048, 2049, 2048, 2048, 2048, 2048, 2048]",325
1276,9832,5,14,2025-12-05T10:04:01.289000+00:00,27.949,62.228,51.909,134.0,165,False,142.086,"[2048, 2048, 2048, 2048, 2048]","[2048, 2048, 2048, 2048, 2048, 2048, 2048, 2048, 2048]","[2048, 2048, 2048, 2048, 2048, 2048, 2048, 2048, 2064, 2064]",182
1276,9832,12,15,2025-12-05T10:04:03.336000+00:00,71.431,57.045,36.047,181.0,147,True,164.523,"[2064, 2064, 2064, 2064, 2048]","[2048, 2048, 2048, 2048, 2048, 2048, 2048, 2048, 2048]","[2048, 2048, 2048, 2048, 2048, 2048, 2048, 2048, 2049, 2049]",235
1276,9832,43,14,2025-12-05T10:04:09.645000+00:00,33.106,82.567,60.957,116.0,107,False,176.63,"[2048, 2048, 2048, 2048, 2048]","[2048, 2048, 2048, 2048, 2048, 2048, 2048, 2048, 2048]","[2048, 2048, 2048, 2048, 2048, 2048, 2048, 2048, 2048, 2048]",109
1276,9832,87,10,2025-12-05T10:04:22.823000+00:00,17.677,36.717,31.118,288.0,318,False,85.512,"[2049, 2048, 2049, 2049, 2048]","[2048, 2049, 2049, 2049, 2049, 2048, 2049, 2049, 2049]","[2048, 2049, 2049, 2048, 2049, 2049, 2049, 2049, 2048, 2048]",323
1276,9832,63,15,2025-12-05T10:04:34.719000+00:00,17.399,38.663,41.444,288.0,241,False,97.506,"[None, 2048, 2048, 2048, 2048]","[2048, 2049, 2048, 2048, 2048, 2048, 2048, 2048, 2048]","[2048, 2048, 2048, 2048, 2048, 2048, 2048, 2048, 2064, 2064]",320
1276,9832,27,15,2025-12-05T10:04:45.645000+00:00,17.493,36.59,30.546,286.0,316,False,84.629,"[None, 2049, 2048, 2048, 2048]","[2048, 2051, 2048, 2048, 2048, 2049, 2049, 2048, 2048]","[2048, 2048, 2048, 2051, 2049, 2051, 2049, 2049, 2049, 2048]",320
1276,9832,50,14,2025-12-05T10:04:57.074000+00:00,17.568,36.515,31.153,294.0,320,False,85.236,"[2048, 2048, 2048, 2048, 2048]","[2048, 2049, 2049, 2048, 2048, 2049, 2048, 2048, 2049]","[2049, 2049, 2049, 2048, 2049, 2049, 2048, 2049, 2048]",326
1276,9832,39,16,2025-12-05T10:05:05.031000+00:00,17.816,37.947,32.425,290.0,293,False,88.188,"[None, 2049, 2048, 2048, 2048]","[2048, 2048, 2048, 2048, 2048, 2048, 2048, 2048, 2048]","[2048, 2048, 2049, 2048, 2048, 2048, 2048, 2048, 2048, 2048]",301
1276,9832,6,17,2025-12-05T10:05:06.176000+00:00,26.001,46.423,53.763,214.0,245,False,126.187,"[2049, 2048, 2048, 2048, 2048]","[2048, 2048, 2048, 2048, 2048, 2048, 2048, 2048, 2048]","[2048, 2048, 2048, 2048, 2048, 2048, 2048, 2048, 2048, 2049]",264
1276,9832,55,14,2025-12-05T10:05:12.191000+00:00,17.331,36.606,30.924,289.0,315,False,84.861,"[2048, 2048, 2049, 2049, 2048]","[2049, 2049, 2049, 2048, 2048, 2049, 2048, 2048, 2048]","[2049, 2049, 2049, 2049, 2049, 2048, 2048, 2049, 2048, 2048]",321
1276,9832,4,15,2025-12-05T10:05:12.315000+00:00,55.509,53.481,40.673,161.0,270,True,149.663,"[2064, 2064, 2064, 2064, 2048]","[2048, 2048, 2048, 2048, 2048, 2048, 2048, 2048, 2048]","[2048, 2048, 2048, 2048, 2048, 2048, 2048, 2048, 2048, 2048]",174
1276,9832,34,14,2025-12-05T10:05:20.130000+00:00,17.763,38.62,32.547,286.0,288,False,88.93,"[None, 2048, 2048, 2049, 2048]","[2048, 2048, 2048, 2048, 2048, 2048, 2048, 2048, 2048]","[2048, 2048, 2048, 2048, 2048, 2048, 2048, 2048, 2048, 2048]",295
1276,9832,16,15,2025-12-05T10:05:24.458000+00:00,29.326,68.043,43.667,124.0,159,False,141.036,"[None, 2048, 2048, 2048, 2048]","[2048, 2048, 2048, 2048, 2048, 2048, 2048, 2048, 2048]","[2048, 2048, 2048, 2048, 2048, 2048, 2048, 2048, 2048, 2048]",151
1276,9832,40,17,2025-12-05T10:05:24.919000+00:00,22.333,53.454,45.511,218.0,231,False,121.298,"[2048, 2048, 2048, 2048, 2048]","[2048, 2048, 2048, 2048, 2048, 2048, 2048, 2048, 2048]","[2048, 2048, 2048, 2048, 2048, 2048, 2048, 2048, 2064, 2064]",249
1276,9832,36,14,2025-12-05T10:05:33.036000+00:00,33.906,62.684,43.427,136.0,171,False,140.017,"[None, 2048, 2048, 2048, 2048]","[2048, 2048, 2048, 2048, 2048, 2048, 2048, 2048, 2048]","[2048, 2048, 2048, 2048, 2048, 2048, 2048, 2048, 2048, 2049]",120
1276,9832,89,16,2025-12-05T10:05:36.572000+00:00,23.827,49.134,45.474,250.0,288,False,118.435,"[None, 2048, 2048, 2048, 2048]","[2048, 2048, 2048, 2048, 2048, 2048, 2048, 2048, 2048]","[2048, 2048, 2048, 2048, 2048, 2048, 2048, 2048, 2048, 2048]",288
1276,9832,87,11,2025-12-05T10:05:48.381000+00:00,20.452,44.254,37.338,190.0,276,False,102.044,"[2048, 2048, 2048, 2048, 2048]","[2048, 2048, 2048, 2048, 2048, 2048, 2048, 2048, 2048]","[2048, 2048, 2048, 2048, 2048, 2048, 2048, 2048, 2064, 2064]",274
1276,9832,46,11,2025-12-05T10:05:52.167000+00:00,17.559,36.813,31.422,289.0,313,False,85.794,"[None, 2048, 2048, 2049, 2048]","[2049, 2048, 2049, 2048, 2048, 2048, 2048, 2048, 2049]","[2049, 2048, 2049, 2048, 2049, 2049, 2048, 2048, 2048, 2048]",322
1276,9832,61,15,2025-12-05T10:06:00.046000+00:00,,47.045,45.914,185.0,295,True,614.435,"[2064, 2064, 2064, 2064, 2048]","[2048, 2048, 2048, 2048, 2048, 2048, 2048, 2048, 2048]","[2048, 2048, 2048, 2048, 2048, 2048, 2048, 2048, 2048, 0]",171
1276,9832,12,16,2025-12-05T10:06:06.027000+00:00,17.316,36.413,30.879,290.0,316,False,84.608,"[2049, 2049, 2051, 2049, 2048]","[2049, 2049, 2049, 2048, 2048, 2051, 2049, 2049, 2048]","[2049, 2048, 2049, 2049, 2048, 2048, 2048, 2051, 2048]",322
1276,9832,27,16,2025-12-05T10:06:10.070000+00:00,21.651,40.48,37.116,257.0,272,False,99.247,"[None, 2048, 2048, 2048, 2048]","[2048, 2048, 2048, 2048, 2048, 2048, 2048, 2048, 2048]","[2048, 2048, 2048, 2048, 2048, 2048, 2048, 2048, 2064, 2064]",287
1276,9832,50,15,2025-12-05T10:06:22.292000+00:00,24.565,51.184,49.267,159.0,192,False,125.016,"[None, 2048, 2048, 2048, 2048]","[2048, 2048, 2048, 2048, 2048, 2048, 2048, 2048, 2048]","[2048, 2048, 2048, 2048, 2048, 2048, 2048, 2048, 2064, 2064]",216
1276,9832,39,17,2025-12-05T10:06:33.319000+00:00,17.77,38.034,41.157,291.0,294,False,96.961,"[2048, 2048, 2048, 2048, 2048]","[2048, 2048, 2048, 2048, 2048, 2048, 2048, 2048, 2048]","[2048, 2048, 2048, 2048, 2048, 2048, 2048, 2048, 2064, 2064]",300
1276,9832,55,15,2025-12-05T10:06:37.071000+00:00,31.464,64.234,49.093,146.0,172,False,144.791,"[None, 2048, 2048, 2048, 2048]","[2048, 2048, 2048, 2048, 2048, 2048, 2048, 2048, 2048]","[2048, 2048, 2048, 2048, 2048, 2048, 2048, 2048, 2064, 2064]",160
1276,9832,5,15,2025-12-05T10:06:45.852000+00:00,44.865,43.064,42.19,253.0,224,True,130.119,"[2064, 2064, 2064, 2064, 2048]","[2048, 2048, 2048, 2048, 2048, 2048, 2048, 2048, 2048]","[2048, 2048, 2048, 2048, 2048, 2048, 2048, 2048, 2048, 2049]",258
1276,9832,34,15,2025-12-05T10:06:48.617000+00:00,17.776,38.44,32.474,288.0,288,False,88.69,"[None, 2048, 2048, 2048, 2048]","[2049, 2048, 2048, 2048, 2048, 2048, 2048, 2048, 2048]","[2048, 2048, 2048, 2048, 2048, 2048, 2048, 2048, 2048, 2048]",293
1276,9832,43,15,2025-12-05T10:07:06.361000+00:00,31.795,44.13,44.664,183.0,288,False,120.589,"[None, 2048, 2048, 2048, 2048]","[2048, 2048, 2048, 2048, 2048, 2048, 2048, 2048, 2048]","[2048, 2048, 2048, 2048, 2048, 2048, 2048, 2048, 2048, 2048]",296
1276,9832,6,18,2025-12-05T10:07:12.383000+00:00,17.483,36.697,30.833,291.0,319,False,85.013,"[None, 2049, 2048, 2048, 2048]","[2049, 2048, 2049, 2048, 2048, 2049, 2049, 2048, 2048]","[2048, 2048, 2048, 2049, 2049, 2049, 2048, 2048, 2048, 2048]",325
1276,9832,4,16,2025-12-05T10:07:16.608000+00:00,17.39,36.526,30.569,287.0,317,False,84.485,"[2048, 2048, 2048, 2051, 2048]","[2048, 2048, 2048, 2049, 2049, 2048, 2049, 2049, 2049]","[2048, 2051, 2049, 2048, 2048, 2051, 2051, 2048, 2048, 2048]",323
1276,9832,46,12,2025-12-05T10:07:17.795000+00:00,21.176,46.058,43.574,234.0,267,False,110.808,"[None, 2048, 2048, 2048, 2048]","[2048, 2048, 2048, 2048, 2048, 2048, 2048, 2048, 2048]","[2048, 2048, 2048, 2048, 2048, 2048, 2048, 2048, 2064, 2064]",259
1276,9832,12,17,2025-12-05T10:07:30.536000+00:00,27.454,58.951,37.948,153.0,224,False,124.353,"[2048, 2048, 2048, 2048, 2048]","[2048, 2048, 2048, 2048, 2048, 2048, 2048, 2048, 2048]","[2048, 2048, 2048, 2048, 2048, 2048, 2048, 2048, 2064, 2064]",172
1276,9832,89,17,2025-12-05T10:07:35.022000+00:00,17.446,37.023,31.233,290.0,319,False,85.702,"[None, 2048, 2048, 2048, 2048]","[2048, 2048, 2048, 2048, 2048, 2048, 2049, 2049, 2048]","[2048, 2048, 2051, 2049, 2048, 2048, 2048, 2048, 2048, 2048]",323
1276,9832,16,16,2025-12-05T10:07:45.461000+00:00,17.419,36.492,30.59,289.0,318,False,84.501,"[None, 2048, 2048, 2048, 2048]","[2048, 2049, 2049, 2049, 2049, 2049, 2051, 2049, 2049]","[2048, 2049, 2048, 2048, 2049, 2049, 2051, 2051, 2048, 2048]",323
1276,9832,36,15,2025-12-05T10:07:52.944000+00:00,17.559,36.659,31.038,290.0,321,False,85.256,"[None, 2048, 2048, 2048, 2048]","[2049, 2048, 2048, 2049, 2048, 2049, 2049, 2049, 2049]","[2049, 2048, 2049, 2048, 2049, 2048, 2048, 2049, 2049, 2048]",326
1276,9832,87,12,2025-12-05T10:07:54.419000+00:00,52.638,46.695,38.141,200.0,237,True,137.474,"[2064, 2064, 2064, 2064, 2048]","[2048, 2048, 2048, 2048, 2048, 2048, 2048, 2048, 2048]","[2048, 2048, 2048, 2048, 2048, 2048, 2048, 2048, 2049, 2048]",249
1276,9832,61,16,2025-12-05T10:08:00.818000+00:00,17.402,36.752,31.05,287.0,318,False,85.204,"[2048, 2049, 2049, 2049, 2048]","[2049, 2048, 2048, 2048, 2049, 2049, 2048, 2048, 2049]","[2051, 2048, 2049, 2049, 2049, 2049, 2048, 2049, 2048]",324
1276,9832,34,16,2025-12-05T10:08:17.393000+00:00,22.368,52.612,47.223,250.0,236,False,122.203,"[None, 2048, 2048, 2048, 2048]","[2048, 2048, 2048, 2048, 2048, 2048, 2048, 2048, 2048]","[2048, 2048, 2048, 2048, 2048, 2048, 2048, 2048, 2064, 2064]",133
1276,9832,5,16,2025-12-05T10:08:33.600000+00:00,17.435,36.691,30.616,284.0,313,False,84.742,"[2048, 2049, 2051, 2049, 2048]","[2048, 2049, 2048, 2048, 2048, 2049, 2049, 2048, 2048]","[2049, 2048, 2048, 2048, 2051, 2051, 2048, 2049, 2048, 2048]",317
1276,9832,6,19,2025-12-05T10:08:37.303000+00:00,22.891,43.282,38.045,262.0,258,False,104.218,"[2048, 2048, 2048, 2048, 2048]","[2048, 2048, 2048, 2048, 2048, 2048, 2048, 2048, 2048]","[2048, 2048, 2048, 2048, 2048, 2048, 2048, 2048, 2064, 2064]",264
1276,9832,4,17,2025-12-05T10:08:41.178000+00:00,21.508,38.076,32.22,261.0,300,False,91.804,"[None, 2048, 2048, 2048, 2048]","[2048, 2048, 2048, 2048, 2048, 2048, 2048, 2048, 2048]","[2048, 2048, 2048, 2048, 2048, 2048, 2048, 2048, 2048, 2048]",305
1276,9832,50,16,2025-12-05T10:08:53.728000+00:00,70.703,65.921,36.624,131.0,222,True,173.248,"[2064, 2064, 2064, 2064, 2048]","[2048, 2048, 2048, 2048, 2048, 2048, 2048, 2048, 2048]","[2048, 2048, 2048, 2048, 2048, 2048, 2048, 2048, 2049, 2049]",165
1276,9832,89,18,2025-12-05T10:09:00.699000+00:00,17.486,38.211,36.368,291.0,292,False,92.065,"[None, 2048, 2048, 2048, 2048]","[2048, 2048, 2048, 2048, 2048, 2048, 2048, 2048, 2048]","[2048, 2048, 2048, 2048, 2048, 2048, 2048, 2048, 2064, 2064]",296
1276,9832,43,16,2025-12-05T10:09:06.886000+00:00,17.507,36.888,30.819,288.0,315,False,85.214,"[None, 2048, 2048, 2048, 2048]","[2048, 2048, 2048, 2048, 2048, 2048, 2049, 2048, 2048]","[2051, 2048, 2048, 2048, 2049, 2049, 2048, 2049, 2048, 2048]",321
1276,9832,16,17,2025-12-05T10:09:09.913000+00:00,23.02,44.128,37.922,246.0,218,False,105.07,"[None, 2048, 2048, 2048, 2048]","[2048, 2048, 2048, 2048, 2048, 2048, 2048, 2048, 2048]","[2048, 2048, 2048, 2048, 2048, 2048, 2048, 2048, 2064, 2064]",237
1276,9832,36,16,2025-12-05T10:09:18.155000+00:00,22.401,45.049,40.795,223.0,246,False,108.245,"[None, 2048, 2048, 2048, 2048]","[2048, 2048, 2048, 2048, 2048, 2048, 2048, 2048, 2048]","[2048, 2048, 2048, 2048, 2048, 2048, 2048, 2048, 2064, 2064]",244
1276,9832,55,16,2025-12-05T10:09:24.387000+00:00,50.401,54.153,44.026,222.0,273,True,148.58,"[2064, 2064, 2064, 2064, 2048]","[2048, 2048, 2048, 2048, 2048, 2048, 2048, 2048, 2048]","[2048, 2048, 2048, 2048, 2048, 2048, 2048, 2048, 2048, 2051]",253
1276,9832,61,17,2025-12-05T10:09:26.211000+00:00,31.034,65.065,51.974,117.0,177,False,148.073,"[None, 2048, 2048, 2048, 2048]","[2048, 2048, 2048, 2048, 2048, 2048, 2048, 2048, 2048]","[2048, 2048, 2048, 2048, 2048, 2048, 2048, 2048, 2064, 2064]",123
1276,9832,87,13,2025-12-05T10:09:47.815000+00:00,17.402,36.424,30.933,292.0,319,False,84.759,"[2049, 2049, 2049, 2049, 2049]","[2048, 2049, 2048, 2049, 2049, 2049, 2048, 2049, 2049]","[2049, 2049, 2051, 2051, 2048, 2049, 2048, 2048, 2048, 2048]",325
1276,9832,5,17,2025-12-05T10:09:58.220000+00:00,24.679,38.612,36.116,249.0,296,False,99.407,"[None, 2048, 2048, 2048, 2048]","[2048, 2048, 2048, 2048, 2048, 2048, 2048, 2048, 2048]","[2048, 2048, 2048, 2048, 2048, 2048, 2048, 2048, 2064, 2064]",298
1276,9832,4,18,2025-12-05T10:10:12.927000+00:00,17.919,37.887,31.848,283.0,295,False,87.654,"[None, 2048, 2048, 2048, 2048]","[2048, 2048, 2048, 2048, 2048, 2048, 2048, 2048, 2048]","[2048, 2048, 2048, 2048, 2048, 2048, 2048, 2048, 2048, 2048]",297
1276,9832,1,15,2025-12-05T10:10:27.029000+00:00,,39.179,33.244,275.0,288,True,426.02,"[2064, 2064, 2064, 2064, 2048]","[2048, 2048, 2048, 2048, 2048, 2048, 2048, 2048, 2048]","[2048, 2048, 2048, 2048, 2048, 2048, 2048, 2048, 2048, 2048]",291
1276,9832,43,17,2025-12-05T10:10:32.041000+00:00,25.432,46.89,44.174,165.0,217,False,116.496,"[None, 2048, 2048, 2048, 2048]","[2048, 2048, 2048, 2048, 2048, 2048, 2048, 2048, 2048]","[2048, 2048, 2048, 2048, 2048, 2048, 2048, 2048, 2064, 2064]",239
1276,9832,87,14,2025-12-05T10:11:12.617000+00:00,38.538,64.73,53.814,111.0,114,False,157.082,"[2048, 2048, 2048, 2048, 2048]","[2048, 2048, 2048, 2048, 2048, 2048, 2048, 2048, 2048]","[2048, 2048, 2048, 2048, 2048, 2048, 2048, 2048, 2064, 2064]",149
1276,9832,50,17,2025-12-05T10:11:20.616000+00:00,17.372,36.624,30.938,293.0,320,False,84.934,"[2051, 2049, 2049, 2049, 2048]","[2048, 2049, 2048, 2048, 2048, 2048, 2049, 2048, 2049]","[2048, 2049, 2049, 2048, 2049, 2049, 2051, 2049, 2048, 2048]",324
1276,9832,55,17,2025-12-05T10:11:30.515000+00:00,17.365,36.545,30.861,288.0,314,False,84.771,"[2049, 2049, 2048, 2048, 2048]","[2048, 2048, 2048, 2048, 2048, 2049, 2051, 2048, 2048]","[2048, 2049, 2048, 2048, 2048, 2049, 2049, 2048, 2048, 2048]",319
1276,9832,4,19,2025-12-05T10:11:40.512000+00:00,17.631,37.724,33.968,287.0,295,False,89.323,"[None, 2048, 2048, 2048, 2048]","[2048, 2048, 2048, 2048, 2048, 2048, 2048, 2048, 2048]","[2048, 2048, 2048, 2048, 2048, 2048, 2048, 2048, 2064, 2064]",299
1276,9832,1,16,2025-12-05T10:11:59.216000+00:00,18.161,38.507,32.937,285.0,294,False,89.605,"[2048, 2048, 2048, 2048, 2048]","[2048, 2048, 2048, 2048, 2048, 2048, 2048, 2048, 2048]","[2048, 2048, 2048, 2048, 2048, 2048, 2048, 2048, 2048, 2048]",298
1276,9832,61,18,2025-12-05T10:12:17.021000+00:00,49.548,48.717,46.429,186.0,249,True,144.694,"[2064, 2064, 2064, 2064, 2048]","[2048, 2048, 2048, 2048, 2048, 2048, 2048, 2048, 2048]","[2048, 2048, 2048, 2048, 2048, 2048, 2048, 2048, 2049, 2048]",226
1276,9832,63,16,2025-12-05T10:12:37.607000+00:00,,39.216,33.095,276.0,297,True,477.168,"[2064, 2064, 2064, 2064, 2048]","[2048, 2048, 2048, 2048, 2048, 2048, 2048, 2048, 2048]","[2048, 2048, 2048, 2048, 2048, 2048, 2048, 2048, 2048, 2048]",297
1276,9832,50,18,2025-12-05T10:12:45.547000+00:00,20.34,49.086,36.708,224.0,245,False,106.134,"[2048, 2048, 2048, 2048, 2048]","[2048, 2048, 2048, 2048, 2048, 2048, 2048, 2048, 2048]","[2048, 2048, 2048, 2048, 2048, 2048, 2048, 2048, 2064, 2064]",199
1276,9832,55,18,2025-12-05T10:12:56.010000+00:00,23.006,44.216,39.086,247.0,236,False,106.308,"[2048, 2048, 2048, 2048, 2048]","[2048, 2048, 2048, 2048, 2048, 2048, 2048, 2048, 2048]","[2048, 2048, 2048, 2048, 2048, 2048, 2048, 2048, 2064, 2064]",236
1276,9832,40,18,2025-12-05T10:13:25.773000+00:00,,40.115,33.171,252.0,290,True,459.317,"[2064, 2064, 2064, 2064, 2048]","[2048, 2048, 2048, 2048, 2048, 2048, 2048, 2048, 2048]","[2048, 2048, 2048, 2048, 2048, 2048, 2048, 2048, 2048, 2048]",286
1276,9832,1,17,2025-12-05T10:13:28.790000+00:00,18.237,38.355,32.859,283.0,297,False,89.451,"[None, 2048, 2048, 2048, 2048]","[2048, 2048, 2048, 2048, 2048, 2048, 2048, 2048, 2048]","[2048, 2048, 2048, 2048, 2048, 2048, 2048, 2048, 2048, 2048]",301
1276,9832,46,13,2025-12-05T10:13:46.986000+00:00,,40.171,35.883,270.0,293,True,378.232,"[2064, 2064, 2064, 2064, 2048]","[2048, 2048, 2048, 2048, 2048, 2048, 2048, 2048, 2048]","[2048, 2048, 2048, 2048, 2048, 2048, 2048, 2048, 2048, 2048]",312
1276,9832,63,17,2025-12-05T10:14:09.384000+00:00,18.117,38.811,32.856,285.0,289,False,89.784,"[2048, 2048, 2048, 2048, 2048]","[2048, 2048, 2048, 2048, 2048, 2048, 2048, 2048, 2048]","[2048, 2048, 2048, 2048, 2048, 2048, 2048, 2048, 2048, 2048]",292
1276,9832,27,17,2025-12-05T10:14:15.822000+00:00,,42.215,32.64,228.0,281,True,480.032,"[2064, 2064, 2064, 2064, 2048]","[2048, 2048, 2048, 2048, 2048, 2048, 2048, 2048, 2048]","[2048, 2048, 2048, 2048, 2048, 2048, 2048, 2048, 2048, 2048]",286
1276,9832,61,19,2025-12-05T10:14:18.868000+00:00,17.478,37.013,30.73,288.0,316,False,85.221,"[2048, 2049, 2048, 2048, 2048]","[2048, 2048, 2048, 2048, 2048, 2048, 2048, 2048, 2048]","[2048, 2049, 2048, 2048, 2049, 2049, 2049, 2048, 2048, 2048]",322
1276,9832,35,15,2025-12-05T10:14:37.931000+00:00,,40.592,36.159,260.0,295,True,786.33,"[2064, 2064, 2064, 2064, 2048]","[2048, 2048, 2048, 2048, 2048, 2048, 2048, 2048, 2048]","[2048, 2048, 2048, 2048, 2048, 2048, 2048, 2048, 2048, 0]",317
1276,9832,12,18,2025-12-05T10:14:40.415000+00:00,,38.954,33.341,264.0,300,True,405.067,"[2064, 2064, 2064, 2064, 2048]","[2048, 2048, 2048, 2048, 2048, 2048, 2048, 2048, 2048]","[2048, 2048, 2048, 2048, 2048, 2048, 2048, 2048, 2048, 2048]",302
1276,9832,6,20,2025-12-05T10:14:45.170000+00:00,,39.199,33.299,274.0,290,True,370.102,"[2064, 2064, 2064, 2064, 2048]","[2048, 2048, 2048, 2048, 2048, 2048, 2048, 2048, 2048]","[2048, 2048, 2048, 2048, 2048, 2048, 2048, 2048, 2048, 2048]",297
1276,9832,1,18,2025-12-05T10:14:58.224000+00:00,18.117,38.261,32.76,285.0,297,False,89.138,"[None, 2048, 2048, 2048, 2048]","[2048, 2048, 2048, 2048, 2048, 2048, 2048, 2048, 2048]","[2048, 2048, 2048, 2048, 2048, 2048, 2048, 2048, 2048, 2048]",306
1276,9832,40,19,2025-12-05T10:15:05.626000+00:00,18.15,38.916,33.038,283.0,292,False,90.104,"[2048, 2048, 2048, 2048, 2048]","[2048, 2048, 2048, 2048, 2048, 2048, 2048, 2048, 2048]","[2048, 2048, 2048, 2048, 2048, 2048, 2048, 2048, 2048, 2048]",297
1276,9832,46,14,2025-12-05T10:15:26.943000+00:00,17.365,45.331,46.883,287.0,245,False,109.579,"[2048, 2049, 2049, 2049, 2048]","[2048, 2048, 2048, 2048, 2048, 2048, 2048, 2048, 2048]","[2048, 2048, 2048, 2048, 2048, 2048, 2048, 2048, 2048, 2051]",208
1276,9832,39,18,2025-12-05T10:15:34.489000+00:00,,50.027,38.754,228.0,248,True,558.641,"[2064, 2064, 2064, 2064, 2048]","[2048, 2048, 2048, 2048, 2048, 2048, 2048, 2048, 2048]","[2048, 2048, 2048, 2048, 2048, 2048, 2048, 2048, 2049, 2049]",143
1276,9832,63,18,2025-12-05T10:15:39.134000+00:00,18.092,38.785,32.723,282.0,290,False,89.6,"[None, 2048, 2048, 2048, 2048]","[2048, 2048, 2048, 2048, 2048, 2048, 2048, 2048, 2048]","[2048, 2048, 2048, 2048, 2048, 2048, 2048, 2048, 2048, 2048]",294
1276,9832,61,20,2025-12-05T10:15:44.088000+00:00,24.809,51.168,40.639,180.0,256,False,116.616,"[None, 2048, 2048, 2048, 2048]","[2048, 2048, 2048, 2048, 2048, 2048, 2048, 2048, 2048]","[2048, 2048, 2048, 2048, 2048, 2048, 2048, 2048, 2064, 2064]",148
1276,9832,27,18,2025-12-05T10:15:50.197000+00:00,18.076,38.505,32.609,283.0,289,False,89.19,"[2048, 2048, 2048, 2048, 2048]","[2048, 2048, 2048, 2048, 2048, 2048, 2048, 2048, 2048]","[2048, 2048, 2048, 2048, 2048, 2048, 2048, 2048, 2048, 2048]",294
1276,9832,5,18,2025-12-05T10:16:05.772000+00:00,,38.994,32.092,269.0,282,True,357.288,"[2064, 2064, 2064, 2064, 2048]","[2048, 2048, 2048, 2048, 2048, 2048, 2048, 2048, 2048]","[2048, 2048, 2048, 2048, 2048, 2048, 2048, 2048, 2048, 2048]",281
1276,9832,16,18,2025-12-05T10:16:14.419000+00:00,,55.138,37.506,273.0,221,True,437.138,"[2064, 2064, 2064, 2064, 2048]","[2048, 2048, 2048, 2048, 2048, 2048, 2048, 2048, 2048]","[2048, 2048, 2048, 2048, 2048, 2048, 2048, 2048, 2048, 2048]",299
1276,9832,35,16,2025-12-05T10:16:19.763000+00:00,17.508,37.093,31.288,287.0,314,False,85.889,"[2048, 2049, 2049, 2049, 2048]","[2049, 2049, 2048, 2049, 2048, 2049, 2048, 2049, 2048]","[2049, 2049, 2049, 2048, 2049, 2049, 2049, 2049, 2049, 2048]",320
1276,9832,12,19,2025-12-05T10:16:20.738000+00:00,18.772,38.505,32.897,281.0,301,False,90.174,"[2048, 2048, 2048, 2048, 2048]","[2048, 2048, 2048, 2048, 2048, 2048, 2048, 2048, 2048]","[2048, 2048, 2048, 2048, 2048, 2048, 2048, 2048, 2048]",305
1276,9832,1,19,2025-12-05T10:16:27.394000+00:00,18.129,38.328,32.841,286.0,301,False,89.298,"[None, 2048, 2048, 2048, 2048]","[2048, 2048, 2048, 2048, 2048, 2048, 2048, 2048, 2048]","[2048, 2048, 2048, 2048, 2048, 2048, 2048, 2048, 2048, 2048]",308
1276,9832,6,21,2025-12-05T10:16:31.628000+00:00,18.31,38.772,32.716,283.0,293,False,89.798,"[2048, 2048, 2048, 2048, 2048]","[2048, 2048, 2048, 2048, 2048, 2048, 2048, 2048, 2048]","[2048, 2048, 2048, 2048, 2048, 2048, 2048, 2048, 2048, 2048]",298
1276,9832,40,20,2025-12-05T10:16:35.738000+00:00,18.238,38.862,33.103,281.0,293,False,90.203,"[None, 2048, 2048, 2048, 2048]","[2048, 2048, 2048, 2048, 2048, 2048, 2048, 2048, 2048]","[2048, 2048, 2048, 2048, 2048, 2048, 2048, 2048, 2048, 2048]",297
1276,9832,36,17,2025-12-05T10:16:37.019000+00:00,,41.481,36.112,227.0,294,True,430.463,"[2064, 2064, 2064, 2064, 2048]","[2048, 2048, 2048, 2048, 2048, 2048, 2048, 2048, 2048]","[2048, 2048, 2048, 2048, 2048, 2048, 2048, 2048, 2048, 2048]",303
1276,9832,89,19,2025-12-05T10:17:08.198000+00:00,,40.892,33.918,277.0,172,True,492.156,"[2064, 2064, 2064, 2064, 2048]","[2048, 2048, 2048, 2048, 2048, 2048, 2048, 2048, 2048]","[2048, 2048, 2048, 2048, 2048, 2048, 2048, 2048, 2048, 2048]",296
1276,9832,63,19,2025-12-05T10:17:08.715000+00:00,18.139,38.515,32.8,284.0,295,False,89.454,"[None, 2048, 2048, 2048, 2048]","[2048, 2048, 2048, 2048, 2048, 2048, 2048, 2048, 2048]","[2048, 2048, 2048, 2048, 2048, 2048, 2048, 2048, 2048, 2048]",298
1276,9832,43,18,2025-12-05T10:17:12.603000+00:00,,39.844,33.84,272.0,290,True,379.878,"[2064, 2064, 2064, 2064, 2048]","[2048, 2048, 2048, 2048, 2048, 2048, 2048, 2048, 2048]","[2048, 2048, 2048, 2048, 2048, 2048, 2048, 2048, 2048, 2048]",288
1276,9832,46,15,2025-12-05T10:17:16.525000+00:00,17.347,36.929,31.214,289.0,316,False,85.49,"[None, 2048, 2048, 2049, 2048]","[2048, 2048, 2049, 2049, 2048, 2048, 2048, 2048, 2049]","[2049, 2048, 2049, 2049, 2049, 2048, 2048, 2049, 2048, 2048]",323
1276,9832,27,19,2025-12-05T10:17:18.716000+00:00,17.887,38.617,33.765,282.0,295,False,90.269,"[None, 2048, 2048, 2048, 2048]","[2048, 2048, 2048, 2048, 2048, 2048, 2048, 2048, 2048]","[2048, 2048, 2048, 2048, 2048, 2048, 2048, 2048, 2048, 2048]",295
1276,9832,39,19,2025-12-05T10:17:28.900000+00:00,17.617,36.739,31.242,289.0,322,False,85.598,"[2051, 2049, 2049, 2049, 2048]","[2048, 2049, 2051, 2051, 2049, 2049, 2049, 2051, 2049]","[2049, 2049, 2049, 2048, 2049, 2049, 2049, 2049, 2048, 2048]",325
1276,9832,5,19,2025-12-05T10:17:35.081000+00:00,18.014,38.442,31.983,281.0,288,False,88.439,"[2048, 2048, 2048, 2048, 2048]","[2048, 2048, 2048, 2048, 2048, 2048, 2048, 2048, 2048]","[2048, 2048, 2048, 2048, 2048, 2048, 2048, 2048, 2048, 2048]",291
1276,9832,35,17,2025-12-05T10:17:45.491000+00:00,28.729,60.437,48.533,168.0,146,False,137.699,"[None, 2048, 2048, 2048, 2048]","[2048, 2048, 2048, 2048, 2048, 2048, 2048, 2048, 2048]","[2048, 2048, 2048, 2048, 2048, 2048, 2048, 2048, 2048, 2049]",135
1276,9832,12,20,2025-12-05T10:17:50.363000+00:00,18.206,38.673,32.757,285.0,296,False,89.636,"[None, 2048, 2048, 2048, 2048]","[2048, 2048, 2048, 2048, 2048, 2048, 2048, 2048, 2048]","[2048, 2048, 2048, 2048, 2048, 2048, 2048, 2048, 2048, 2048]",300
1276,9832,1,20,2025-12-05T10:17:56.651000+00:00,18.186,38.469,32.989,288.0,297,False,89.644,"[None, 2048, 2048, 2048, 2048]","[2048, 2048, 2048, 2048, 2048, 2048, 2048, 2048, 2048]","[2048, 2048, 2048, 2048, 2048, 2048, 2048, 2048, 2048, 2048]",305
1276,9832,6,22,2025-12-05T10:18:01.498000+00:00,18.085,38.71,32.911,285.0,295,False,89.706,"[None, 2048, 2048, 2048, 2048]","[2048, 2048, 2048, 2048, 2048, 2048, 2048, 2048, 2048]","[2048, 2048, 2048, 2048, 2048, 2048, 2048, 2048, 2048, 2048]",300
1276,9832,40,21,2025-12-05T10:18:05.807000+00:00,18.166,38.87,33.163,284.0,293,False,90.199,"[None, 2048, 2048, 2048, 2048]","[2048, 2048, 2048, 2048, 2048, 2048, 2048, 2048, 2048]","[2048, 2048, 2048, 2048, 2048, 2048, 2048, 2048, 2048, 2048]",298
1276,9832,16,19,2025-12-05T10:18:12.298000+00:00,17.932,38.214,32.554,288.0,300,False,88.7,"[2048, 2048, 2048, 2048, 2048]","[2048, 2048, 2048, 2048, 2048, 2048, 2048, 2048, 2048]","[2048, 2048, 2048, 2048, 2048, 2048, 2048, 2048, 2048, 2048]",306
1276,9832,36,18,2025-12-05T10:18:16.966000+00:00,18.191,38.592,32.938,286.0,296,False,89.721,"[2048, 2048, 2048, 2048, 2048]","[2048, 2048, 2048, 2048, 2048, 2048, 2048, 2048, 2048]","[2048, 2048, 2048, 2048, 2048, 2048, 2048, 2048, 2048, 2048]",300
1276,9832,50,19,2025-12-05T10:18:19.798000+00:00,,39.394,33.517,281.0,292,True,320.333,"[2064, 2064, 2064, 2064, 2048]","[2048, 2048, 2048, 2048, 2048, 2048, 2048, 2048, 2048]","[2048, 2048, 2048, 2048, 2048, 2048, 2048, 2048, 2048, 2048]",293
1276,9832,63,20,2025-12-05T10:18:38.133000+00:00,18.588,38.808,33.094,270.0,293,False,90.49,"[None, 2048, 2048, 2048, 2048]","[2048, 2048, 2048, 2048, 2048, 2048, 2048, 2048, 2048]","[2048, 2048, 2048, 2048, 2048, 2048, 2048, 2048, 2048, 2048]",298
1276,9832,46,16,2025-12-05T10:18:41.943000+00:00,29.736,68.165,54.552,134.0,157,False,152.453,"[None, 2048, 2048, 2048, 2048]","[2048, 2048, 2048, 2048, 2048, 2048, 2048, 2048, 2048]","[2048, 2048, 2048, 2048, 2048, 2048, 2048, 2048, 2048, 2048]",164
1276,9832,89,20,2025-12-05T10:18:44.926000+00:00,18.359,38.975,33.245,282.0,294,False,90.579,"[2048, 2048, 2048, 2048, 2048]","[2048, 2048, 2048, 2048, 2048, 2048, 2048, 2048, 2048]","[2048, 2048, 2048, 2048, 2048, 2048, 2048, 2048, 2048, 2048]",296
1276,9832,43,19,2025-12-05T10:18:48.464000+00:00,18.2,43.196,36.135,282.0,271,False,97.531,"[2048, 2048, 2048, 2048, 2048]","[2048, 2048, 2048, 2048, 2048, 2048, 2048, 2048, 2048]","[2048, 2048, 2048, 2048, 2048, 2048, 2048, 2048, 2048, 2048]",266
1276,9832,27,20,2025-12-05T10:18:48.856000+00:00,18.241,38.909,32.451,283.0,287,False,89.601,"[None, 2048, 2048, 2048, 2048]","[2048, 2048, 2048, 2048, 2048, 2048, 2048, 2048, 2048]","[2048, 2048, 2048, 2048, 2048, 2048, 2048, 2048, 2048, 2048]",292
1276,9832,39,20,2025-12-05T10:18:54.360000+00:00,26.205,58.661,48.294,160.0,203,False,133.16,"[2048, 2048, 2048, 2048, 2048]","[2048, 2048, 2048, 2048, 2048, 2048, 2048, 2048, 2048]","[2048, 2048, 2048, 2048, 2048, 2048, 2048, 2048, 2048, 2048]",161
1276,9832,5,20,2025-12-05T10:19:03.516000+00:00,17.865,38.667,32.184,279.0,282,False,88.716,"[None, 2048, 2048, 2048, 2048]","[2048, 2048, 2048, 2048, 2048, 2048, 2048, 2048, 2048]","[2048, 2048, 2048, 2048, 2048, 2048, 2048, 2048, 2048, 2048]",286
1276,9832,12,21,2025-12-05T10:19:19.935000+00:00,18.173,38.577,32.861,286.0,314,False,89.611,"[None, 2048, 2048, 2048, 2048]","[2048, 2048, 2048, 2048, 2048, 2048, 2048, 2048, 2048]","[2048, 2048, 2048, 2048, 2048, 2048, 2048, 2048, 2048]",302
1276,9832,1,21,2025-12-05T10:19:26.304000+00:00,18.128,38.496,33.014,,300,False,89.638,"[None, 2048, 2048, 2048, 2048]","[2048, 2048, 2048, 2048, 2048, 2048, 2048, 2048, 2048]","[2048, 2048, 2048, 2048, 2048, 2048, 2048, 2048, 2048]",307
1276,9832,6,23,2025-12-05T10:19:31.140000+00:00,18.107,38.741,32.877,284.0,290,False,89.725,"[None, 2048, 2048, 2048, 2048]","[2048, 2048, 2048, 2048, 2048, 2048, 2048, 2048, 2048]","[2048, 2048, 2048, 2048, 2048, 2048, 2048, 2048, 2048, 2048]",299
1276,9832,40,22,2025-12-05T10:19:36.108000+00:00,18.15,38.806,33.03,,292,False,89.986,"[None, 2048, 2048, 2048, 2048]","[2048, 2048, 2048, 2048, 2048, 2048, 2048, 2048, 2048]","[2048, 2048, 2048, 2048, 2048, 2048, 2048, 2048, 2048, 2048]",298
1276,9832,16,20,2025-12-05T10:19:40.942000+00:00,17.99,38.64,32.702,284.0,290,False,89.332,"[None, 2048, 2048, 2048, 2048]","[2048, 2048, 2048, 2048, 2048, 2048, 2048, 2048, 2048]","[2048, 2048, 2048, 2048, 2048, 2048, 2048, 2048, 2048, 2048]",296
1276,9832,36,19,2025-12-05T10:19:46.568000+00:00,18.184,38.686,33.031,287.0,298,False,89.901,"[None, 2048, 2048, 2048, 2048]","[2048, 2048, 2048, 2048, 2048, 2048, 2048, 2048, 2048]","[2048, 2048, 2048, 2048, 2048, 2048, 2048, 2048, 2048, 2048]",302
1276,9832,50,20,2025-12-05T10:19:51.987000+00:00,18.154,38.573,32.462,287.0,295,False,89.189,"[2048, 2048, 2048, 2048, 2048]","[2048, 2048, 2048, 2048, 2048, 2048, 2048, 2048, 2048]","[2048, 2048, 2048, 2048, 2048, 2048, 2048, 2048, 2048, 2048]",299
1276,9832,4,20,2025-12-05T10:19:57.053000+00:00,,39.275,32.811,270.0,294,True,498.991,"[2064, 2064, 2064, 2064, 2048]","[2048, 2048, 2048, 2048, 2048, 2048, 2048, 2048, 2048]","[2048, 2048, 2048, 2048, 2048, 2048, 2048, 2048, 2048, 2048]",297
1276,9832,55,19,2025-12-05T10:20:02.652000+00:00,,39.554,34.201,275.0,291,True,415.55,"[2064, 2064, 2064, 2064, 2048]","[2048, 2048, 2048, 2048, 2048, 2048, 2048, 2048, 2048]","[2048, 2048, 2048, 2048, 2048, 2048, 2048, 2048, 2048, 2048]",299
1276,9832,35,18,2025-12-05T10:20:03.336000+00:00,17.582,37.153,31.536,287.0,314,False,86.271,"[2049, 2048, 2048, 2049, 2048]","[2048, 2048, 2049, 2049, 2049, 2048, 2051, 2049, 2048]","[2048, 2049, 2048, 2048, 2048, 2048, 2048, 2048, 2048]",322
1276,9832,63,21,2025-12-05T10:20:08.608000+00:00,18.704,39.129,35.341,258.0,298,False,93.174,"[None, 2048, 2048, 2048, 2048]","[2048, 2048, 2048, 2048, 2048, 2048, 2048, 2048, 2048]","[2048, 2048, 2048, 2048, 2048, 2048, 2048, 2048, 2064, 2064]",306
1276,9832,34,17,2025-12-05T10:20:14.125000+00:00,,47.542,41.028,184.0,278,True,715.115,"[2064, 2064, 2064, 2064, 2048]","[2048, 2048, 2048, 2048, 2048, 2048, 2048, 2048, 2048]","[2048, 2048, 2048, 2048, 2048, 2048, 2048, 2048, 2048, 0]",279
1276,9832,89,21,2025-12-05T10:20:15.552000+00:00,18.313,38.724,33.416,285.0,298,False,90.453,"[None, 2048, 2048, 2048, 2048]","[2048, 2048, 2048, 2048, 2048, 2048, 2048, 2048, 2048]","[2048, 2048, 2048, 2048, 2048, 2048, 2048, 2048, 2048, 2048]",303
1276,9832,27,21,2025-12-05T10:20:18.575000+00:00,18.098,38.643,32.58,280.0,288,False,89.321,"[None, 2048, 2048, 2048, 2048]","[2048, 2048, 2048, 2048, 2048, 2048, 2048, 2048, 2048]","[2048, 2048, 2048, 2048, 2048, 2048, 2048, 2048, 2048, 2048]",293
1276,9832,43,20,2025-12-05T10:20:25.998000+00:00,18.372,39.506,33.631,,288,False,91.509,"[None, 2048, 2048, 2048, 2048]","[2048, 2048, 2048, 2048, 2048, 2048, 2048, 2048, 2048]","[2048, 2048, 2048, 2048, 2048, 2048, 2048, 2048, 2048, 2048]",292
1276,9832,5,21,2025-12-05T10:20:32.152000+00:00,18.017,38.787,32.394,278.0,283,False,89.198,"[None, 2048, 2048, 2048, 2048]","[2048, 2048, 2048, 2048, 2048, 2048, 2048, 2048, 2048]","[2048, 2048, 2048, 2048, 2048, 2048, 2048, 2048, 2048, 2048]",288
1276,9832,12,22,2025-12-05T10:20:49.673000+00:00,18.119,38.676,32.737,,298,False,89.532,"[None, 2048, 2048, 2048, 2048]","[2048, 2048, 2048, 2048, 2048, 2048, 2048, 2048, 2048]","[2048, 2048, 2048, 2048, 2048, 2048, 2048, 2048, 2048, 2048]",299
1276,9832,1,22,2025-12-05T10:20:56.240000+00:00,18.107,38.547,33.055,289.0,299,False,89.709,"[None, 2048, 2048, 2048, 2048]","[2048, 2048, 2048, 2048, 2048, 2048, 2048, 2048, 2048]","[2048, 2048, 2048, 2048, 2048, 2048, 2048, 2048, 2048]",306
1276,9832,6,24,2025-12-05T10:21:00.826000+00:00,18.102,38.847,32.766,,291,False,89.715,"[None, 2048, 2048, 2048, 2048]","[2048, 2048, 2048, 2048, 2048, 2048, 2048, 2048, 2048]","[2048, 2048, 2048, 2048, 2048, 2048, 2048, 2048, 2048, 2048]",297
1276,9832,40,23,2025-12-05T10:21:06.022000+00:00,18.182,38.907,33.11,,291,False,90.199,"[None, 2048, 2048, 2048, 2048]","[2048, 2048, 2048, 2048, 2048, 2048, 2048, 2048, 2048]","[2048, 2048, 2048, 2048, 2048, 2048, 2048, 2048, 2048, 2048]",298
1276,9832,39,21,2025-12-05T10:21:07.705000+00:00,25.748,53.452,38.882,178.0,203,False,118.082,"[None, 2048, 2048, 2048, 2048]","[2048, 2048, 2048, 2048, 2048, 2048, 2048, 2048, 2048]","[2048, 2048, 2048, 2048, 2048, 2048, 2048, 2048, 2048, 2048]",201
1276,9832,16,21,2025-12-05T10:21:10.270000+00:00,18.216,47.392,35.164,280.0,291,False,100.772,"[None, 2048, 2048, 2048, 2048]","[2048, 2048, 2048, 2048, 2048, 2048, 2048, 2048, 2048]","[2048, 2048, 2048, 2048, 2048, 2048, 2048, 2048, 2048, 2048]",298
1276,9832,46,17,2025-12-05T10:21:14.417000+00:00,25.689,57.527,60.799,203.0,218,False,144.015,"[None, 2048, 2048, 2048, 2048]","[2048, 2048, 2048, 2048, 2048, 2048, 2048, 2048, 2048]","[2048, 2048, 2048, 2048, 2048, 2048, 2048, 2048, 2048, 2048]",206
1276,9832,36,20,2025-12-05T10:21:16.572000+00:00,18.198,39.803,33.244,,294,False,91.245,"[None, 2048, 2048, 2048, 2048]","[2048, 2048, 2048, 2048, 2048, 2048, 2048, 2048, 2048]","[2048, 2048, 2048, 2048, 2048, 2048, 2048, 2048, 2048, 2048]",300
1276,9832,50,21,2025-12-05T10:21:21.270000+00:00,18.102,38.958,33.35,284.0,292,False,90.41,"[None, 2048, 2048, 2048, 2048]","[2048, 2048, 2048, 2048, 2048, 2048, 2048, 2048, 2048]","[2048, 2048, 2048, 2048, 2048, 2048, 2048, 2048, 2048, 2048]",299
1276,9832,4,21,2025-12-05T10:21:29.702000+00:00,18.271,38.708,33.155,283.0,293,False,90.134,"[2048, 2048, 2048, 2048, 2048]","[2048, 2048, 2048, 2048, 2048, 2048, 2048, 2048, 2048]","[2048, 2048, 2048, 2048, 2048, 2048, 2048, 2048, 2048, 2048]",293
1276,9832,35,19,2025-12-05T10:21:29.796000+00:00,25.717,56.152,32.859,171.0,253,False,114.728,"[2048, 2048, 2048, 2048, 2048]","[2048, 2048, 2048, 2048, 2048, 2048, 2048, 2048, 2048]","[2048, 2048, 2048, 2048, 2048, 2048, 2048, 2048, 2048, 2048]",149
1276,9832,55,20,2025-12-05T10:21:37.099000+00:00,18.327,38.742,33.164,282.0,294,False,90.233,"[2048, 2048, 2048, 2048, 2048]","[2048, 2048, 2048, 2048, 2048, 2048, 2048, 2048, 2048]","[2048, 2048, 2048, 2048, 2048, 2048, 2048, 2048, 2048, 2048]",298
1276,9832,89,22,2025-12-05T10:21:45.912000+00:00,18.281,39.1,33.6,286.0,300,False,90.981,"[None, 2048, 2048, 2048, 2048]","[2048, 2048, 2048, 2048, 2048, 2048, 2048, 2048, 2048]","[2048, 2048, 2048, 2048, 2048, 2048, 2048, 2048, 2048, 2048]",303
1276,9832,27,22,2025-12-05T10:21:47.928000+00:00,18.135,38.597,32.918,285.0,295,False,89.65,"[None, 2048, 2048, 2048, 2048]","[2048, 2048, 2048, 2048, 2048, 2048, 2048, 2048, 2048]","[2048, 2048, 2048, 2048, 2048, 2048, 2048, 2048, 2048, 2048]",299
1276,9832,43,21,2025-12-05T10:21:57.570000+00:00,18.253,39.13,33.398,,289,False,90.781,"[None, 2048, 2048, 2048, 2048]","[2048, 2048, 2048, 2048, 2048, 2048, 2048, 2048, 2048]","[2048, 2048, 2048, 2048, 2048, 2048, 2048, 2048, 2048, 2048]",294
1276,9832,5,22,2025-12-05T10:22:01.437000+00:00,18.103,38.843,32.608,277.0,283,False,89.554,"[None, 2048, 2048, 2048, 2048]","[2048, 2048, 2048, 2048, 2048, 2048, 2048, 2048, 2048]","[2048, 2048, 2048, 2048, 2048, 2048, 2048, 2048, 2048, 2048]",289
1276,9832,63,22,2025-12-05T10:22:05.343000+00:00,46.064,39.31,33.279,233.0,298,True,118.653,"[2064, 2064, 2064, 2064, 2048]","[2048, 2048, 2048, 2048, 2048, 2048, 2048, 2048, 2048]","[2048, 2048, 2048, 2048, 2048, 2048, 2048, 2048, 2048, 2048]",302
1276,9832,34,18,2025-12-05T10:22:14.562000+00:00,17.621,37.014,31.797,287.0,313,False,86.432,"[2049, 2049, 2049, 2048, 2049]","[2048, 2049, 2048, 2049, 2049, 2049, 2049, 2049, 2048]","[2049, 2048, 2049, 2048, 2049, 2049, 2049, 2048, 2048]",321
1276,9832,12,23,2025-12-05T10:22:19.081000+00:00,18.165,38.838,33.081,287.0,297,False,90.084,"[None, 2048, 2048, 2048, 2048]","[2048, 2048, 2048, 2048, 2048, 2048, 2048, 2048, 2048]","[2048, 2048, 2048, 2048, 2048, 2048, 2048, 2048, 2048, 2048]",301
1276,9832,1,23,2025-12-05T10:22:25.879000+00:00,18.039,38.678,33.013,,298,False,89.73,"[None, 2048, 2048, 2048, 2048]","[2048, 2048, 2048, 2048, 2048, 2048, 2048, 2048, 2048]","[2048, 2048, 2048, 2048, 2048, 2048, 2048, 2048, 2048, 2048]",306
1276,9832,6,25,2025-12-05T10:22:30.672000+00:00,18.098,38.941,32.905,283.0,291,False,89.944,"[None, 2048, 2048, 2048, 2048]","[2048, 2048, 2048, 2048, 2048, 2048, 2048, 2048, 2048]","[2048, 2048, 2048, 2048, 2048, 2048, 2048, 2048, 2048, 2048]",297
1276,9832,40,24,2025-12-05T10:22:36.292000+00:00,18.135,39.008,33.228,,292,False,90.371,"[None, 2048, 2048, 2048, 2048]","[2048, 2048, 2048, 2048, 2048, 2048, 2048, 2048, 2048]","[2048, 2048, 2048, 2048, 2048, 2048, 2048, 2048, 2048, 2048]",298
1276,9832,36,21,2025-12-05T10:22:47.733000+00:00,18.182,38.995,33.186,,295,False,90.363,"[None, 2048, 2048, 2048, 2048]","[2048, 2048, 2048, 2048, 2048, 2048, 2048, 2048, 2048]","[2048, 2048, 2048, 2048, 2048, 2048, 2048, 2048, 2048, 2048]",301
1276,9832,16,22,2025-12-05T10:22:51.027000+00:00,18.248,38.551,36.368,284.0,298,False,93.167,"[None, 2048, 2048, 2048, 2048]","[2048, 2048, 2048, 2048, 2048, 2048, 2048, 2048, 2048]","[2048, 2048, 2048, 2048, 2048, 2048, 2048, 2048, 2064, 2064]",323
1276,9832,50,22,2025-12-05T10:22:51.600000+00:00,18.24,38.652,33.532,290.0,294,False,90.424,"[None, 2048, 2048, 2048, 2048]","[2048, 2048, 2048, 2048, 2048, 2048, 2048, 2048, 2048]","[2048, 2048, 2048, 2048, 2048, 2048, 2048, 2048, 2048, 2048]",308
1276,9832,4,22,2025-12-05T10:22:59.055000+00:00,18.229,38.557,32.807,,294,False,89.593,"[None, 2048, 2048, 2048, 2048]","[2048, 2048, 2048, 2048, 2048, 2048, 2048, 2048, 2048]","[2048, 2048, 2048, 2048, 2048, 2048, 2048, 2048, 2048, 2048]",300
1276,9832,39,22,2025-12-05T10:23:05.726000+00:00,17.485,36.683,31.192,291.0,320,False,85.36,"[2051, 2048, 2049, 2049, 2049]","[2048, 2049, 2048, 2048, 2048, 2049, 2049, 2051, 2048]","[2049, 2049, 2048, 2049, 2048, 2049, 2049, 2048, 2048]",326
1276,9832,55,21,2025-12-05T10:23:07.344000+00:00,18.361,38.674,32.943,284.0,293,False,89.978,"[None, 2048, 2048, 2048, 2048]","[2048, 2048, 2048, 2048, 2048, 2048, 2048, 2048, 2048]","[2048, 2048, 2048, 2048, 2048, 2048, 2048, 2048, 2048, 2048]",302
1276,9832,89,23,2025-12-05T10:23:17.025000+00:00,18.455,39.331,34.54,283.0,288,False,92.326,"[None, 2048, 2048, 2048, 2048]","[2048, 2048, 2048, 2048, 2048, 2048, 2048, 2048, 2048]","[2048, 2048, 2048, 2048, 2048, 2048, 2048, 2048, 2048, 2048]",305
1276,9832,27,23,2025-12-05T10:23:17.501000+00:00,18.306,38.538,32.488,288.0,290,False,89.332,"[None, 2048, 2048, 2048, 2048]","[2048, 2048, 2048, 2048, 2049, 2048, 2048, 2048, 2048]","[2048, 2048, 2048, 2048, 2048, 2048, 2048, 2048, 2048, 2048]",321
1276,9832,35,20,2025-12-05T10:23:24.379000+00:00,17.574,38.228,32.034,286.0,288,False,87.836,"[None, 2048, 2048, 2048, 2048]","[2048, 2048, 2048, 2048, 2048, 2048, 2048, 2048, 2048]","[2048, 2048, 2048, 2048, 2048, 2048, 2048, 2048, 2048, 2048]",294
1276,9832,43,22,2025-12-05T10:23:28.216000+00:00,18.421,39.152,33.216,281.0,289,False,90.789,"[None, 2048, 2048, 2048, 2048]","[2048, 2048, 2048, 2048, 2048, 2048, 2048, 2048, 2048]","[2048, 2048, 2048, 2048, 2048, 2048, 2048, 2048, 2048, 2048]",295
1276,9832,5,23,2025-12-05T10:23:30.997000+00:00,18.096,39.118,32.819,278.0,287,False,90.033,"[None, 2048, 2048, 2048, 2048]","[2048, 2048, 2048, 2048, 2048, 2048, 2048, 2048, 2048]","[2048, 2048, 2048, 2048, 2048, 2048, 2048, 2048, 2048, 2048]",290
1276,9832,46,18,2025-12-05T10:23:38.452000+00:00,26.24,48.075,43.952,210.0,228,False,118.267,"[None, 2049, 0, 0, 2048]","[2048, 2048, 2048, 2048, 2048, 2048, 2048, 2048, 2048]","[2048, 2048, 2048, 2048, 2048, 2048, 2048, 2048, 2064, 2064]",268
1276,9832,61,21,2025-12-05T10:23:39.014000+00:00,,39.166,32.982,273.0,288,True,449.329,"[2064, 2064, 2064, 2064, 2048]","[2048, 2048, 2048, 2048, 2048, 2048, 2048, 2048, 2048]","[2048, 2048, 2048, 2048, 2048, 2048, 2048, 2048, 2048, 2048]",291
1276,9832,63,23,2025-12-05T10:23:40.546000+00:00,18.253,38.685,37.135,284.0,303,False,94.073,"[2048, 2048, 2048, 2048, 2048]","[2048, 2048, 2048, 2048, 2049, 2048, 2048, 2048, 2048]","[2048, 2048, 2048, 2048, 2048, 2048, 2048, 2048, 2048, 2048]",311
1276,9832,34,19,2025-12-05T10:23:40.889000+00:00,34.917,54.832,62.686,119.0,249,False,152.435,"[2048, 2048, 2048, 2048, 2048]","[2048, 2048, 2048, 2048, 2048, 2048, 2048, 2048, 2048]","[2048, 2048, 2048, 2048, 2048, 2048, 2048, 2048, 2048, 2048]",265
1276,9832,12,24,2025-12-05T10:23:49.075000+00:00,18.161,38.965,33.132,,297,False,90.258,"[None, 2048, 2048, 2048, 2048]","[2048, 2048, 2048, 2048, 2048, 2048, 2048, 2048, 2048]","[2048, 2048, 2048, 2048, 2048, 2048, 2048, 2048, 2048]",301
1276,9832,1,24,2025-12-05T10:23:55.453000+00:00,18.061,38.695,33.05,286.0,298,False,89.806,"[None, 2048, 2048, 2048, 2048]","[2048, 2048, 2048, 2048, 2048, 2048, 2048, 2048, 2048]","[2048, 2048, 2048, 2048, 2048, 2048, 2048, 2048, 2048, 2048]",304
1276,9832,6,26,2025-12-05T10:24:00.553000+00:00,18.155,38.929,33.058,282.0,294,False,90.142,"[None, 2048, 2048, 2048, 2048]","[2048, 2048, 2048, 2048, 2048, 2048, 2048, 2048, 2048]","[2048, 2048, 2048, 2048, 2048, 2048, 2048, 2048, 2048, 2048]",297
1276,9832,40,25,2025-12-05T10:24:06.709000+00:00,18.163,39.016,33.239,,293,False,90.418,"[None, 2048, 2048, 2048, 2048]","[2048, 2048, 2048, 2048, 2048, 2048, 2048, 2048, 2048]","[2048, 2048, 2048, 2048, 2048, 2048, 2048, 2048, 2048, 2048]",300
1276,9832,36,22,2025-12-05T10:24:18.136000+00:00,18.226,38.906,33.267,,299,False,90.399,"[None, 2048, 2048, 2048, 2048]","[2048, 2048, 2048, 2048, 2048, 2048, 2048, 2048, 2048]","[2048, 2048, 2048, 2048, 2048, 2048, 2048, 2048, 2048, 2048]",308
1276,9832,50,23,2025-12-05T10:24:22.102000+00:00,18.143,38.78,33.083,286.0,295,False,90.006,"[None, 2048, 2048, 2048, 2048]","[2048, 2048, 2048, 2048, 2048, 2048, 2048, 2048, 2048]","[2048, 2048, 2048, 2048, 2048, 2048, 2048, 2048, 2048, 2048]",301
1276,9832,4,23,2025-12-05T10:24:28.523000+00:00,18.351,38.696,32.753,282.0,299,False,89.8,"[None, 2048, 2048, 2048, 2048]","[2048, 2048, 2048, 2048, 2048, 2048, 2048, 2048, 2048]","[2048, 2048, 2048, 2048, 2048, 2048, 2048, 2048, 2048, 2048]",304
1276,9832,39,23,2025-12-05T10:24:30.956000+00:00,24.529,55.81,47.405,166.0,177,False,127.744,"[2048, 2048, 2048, 2048, 2048]","[2048, 2048, 2048, 2048, 2048, 2048, 2048, 2048, 2048]","[2048, 2048, 2048, 2048, 2048, 2048, 2048, 2048, 2048, 2048]",187
1276,9832,55,22,2025-12-05T10:24:37.274000+00:00,18.332,38.668,32.965,283.0,293,False,89.965,"[None, 2048, 2048, 2048, 2048]","[2048, 2048, 2048, 2048, 2048, 2048, 2048, 2048, 2048]","[2048, 2048, 2048, 2048, 2048, 2048, 2048, 2048, 2048, 2048]",299
1276,9832,16,23,2025-12-05T10:24:44.757000+00:00,39.909,38.857,32.594,274.0,290,True,111.36,"[2064, 2064, 2064, 2064, 2048]","[2048, 2048, 2048, 2048, 2048, 2048, 2048, 2048, 2048]","[2048, 2048, 2048, 2048, 2048, 2048, 2048, 2048, 2048, 2048]",294
1276,9832,27,24,2025-12-05T10:24:46.788000+00:00,18.115,38.886,35.668,286.0,296,False,92.669,"[None, 2048, 2048, 2048, 2048]","[2048, 2048, 2048, 2048, 2048, 2048, 2048, 2048, 2048]","[2048, 2048, 2048, 2048, 2048, 2048, 2048, 2048, 2048, 2048]",300
1276,9832,89,24,2025-12-05T10:24:49.283000+00:00,18.371,39.232,33.693,284.0,304,False,91.296,"[None, 2048, 2048, 2048, 2048]","[2048, 2048, 2048, 2048, 2048, 2048, 2048, 2048, 2048]","[2048, 2048, 2048, 2048, 2048, 2048, 2048, 2048, 2048, 2048]",307
1276,9832,35,21,2025-12-05T10:24:52.083000+00:00,17.581,38.36,32.84,287.0,293,False,88.781,"[None, 2048, 2048, 2048, 2048]","[2048, 2048, 2048, 2048, 2048, 2048, 2048, 2048, 2048]","[2048, 2048, 2049, 2048, 2048, 2048, 2048, 2048, 2048, 2048]",298
1276,9832,43,23,2025-12-05T10:24:59.056000+00:00,18.332,39.147,33.165,280.0,286,False,90.644,"[None, 2048, 2048, 2048, 2048]","[2048, 2048, 2048, 2048, 2048, 2048, 2048, 2048, 2048]","[2048, 2048, 2048, 2048, 2048, 2048, 2048, 2048, 2048, 2048]",293
1276,9832,5,24,2025-12-05T10:25:00.989000+00:00,18.221,39.012,33.039,,290,False,90.272,"[None, 2048, 2048, 2048, 2048]","[2048, 2048, 2048, 2048, 2048, 2048, 2048, 2048, 2048]","[2048, 2048, 2048, 2048, 2048, 2048, 2048, 2048, 2048, 2048]",291
1276,9832,61,22,2025-12-05T10:25:10.054000+00:00,18.386,39.535,33.315,276.0,285,False,91.236,"[2048, 2048, 2048, 2048, 2048]","[2048, 2048, 2048, 2048, 2048, 2048, 2048, 2048, 2048]","[2048, 2048, 2048, 2048, 2048, 2048, 2048, 2048, 2048, 2048]",285
1276,9832,63,24,2025-12-05T10:25:14.560000+00:00,18.23,38.839,33.258,,296,False,90.327,"[None, 2048, 2048, 2048, 2048]","[2048, 2048, 2048, 2048, 2048, 2048, 2048, 2048, 2048]","[2048, 2048, 2048, 2048, 2048, 2048, 2048, 2048, 2048, 2048]",298
1276,9832,12,25,2025-12-05T10:25:20.173000+00:00,18.236,38.983,33.413,285.0,302,False,90.632,"[None, 2048, 2048, 2048, 2048]","[2048, 2048, 2048, 2048, 2048, 2048, 2048, 2048, 2048]","[2048, 2048, 2048, 2048, 2048, 2048, 2048, 2048, 2048]",301
1276,9832,1,25,2025-12-05T10:25:26.713000+00:00,18.208,41.794,33.863,287.0,284,False,93.865,"[None, 2048, 2048, 2048, 2048]","[2048, 2048, 2048, 2048, 2048, 2048, 2048, 2048, 2048]","[2048, 2048, 2048, 2048, 2048, 2048, 2048, 2048, 2048, 2048]",304
1276,9832,6,27,2025-12-05T10:25:30.744000+00:00,18.119,39.057,37.596,283.0,304,False,94.772,"[None, 2048, 2048, 2048, 2048]","[2048, 2048, 2048, 2048, 2048, 2048, 2048, 2048, 2048]","[2048, 2048, 2048, 2048, 2048, 2048, 2048, 2048, 2048, 2048]",298
1276,9832,40,26,2025-12-05T10:25:37.100000+00:00,18.146,39.073,33.446,283.0,294,False,90.665,"[None, 2048, 2048, 2048, 2048]","[2048, 2048, 2048, 2048, 2048, 2048, 2048, 2048, 2048]","[2048, 2048, 2048, 2048, 2048, 2048, 2048, 2048, 2048, 2048]",298
1276,9832,36,23,2025-12-05T10:25:48.554000+00:00,18.203,39.17,33.548,,299,False,90.921,"[None, 2048, 2048, 2048, 2048]","[2048, 2048, 2048, 2048, 2048, 2048, 2048, 2048, 2048]","[2048, 2048, 2048, 2048, 2048, 2048, 2048, 2048, 2048, 2048]",303
1276,9832,50,24,2025-12-05T10:25:52.010000+00:00,18.153,38.726,33.202,,297,False,90.081,"[None, 2048, 2048, 2048, 2048]","[2048, 2048, 2048, 2048, 2048, 2048, 2048, 2048, 2048]","[2048, 2048, 2048, 2048, 2048, 2048, 2048, 2048, 2048, 2048]",301
1276,9832,4,24,2025-12-05T10:25:58.510000+00:00,18.161,38.648,32.967,285.0,301,False,89.776,"[None, 2048, 2048, 2048, 2048]","[2048, 2048, 2048, 2048, 2048, 2048, 2048, 2048, 2048]","[2048, 2048, 2048, 2048, 2048, 2048, 2048, 2048, 2048, 2048]",303
1276,9832,55,23,2025-12-05T10:26:07.254000+00:00,18.309,38.702,33.06,284.0,298,False,90.071,"[None, 2048, 2048, 2048, 2048]","[2048, 2048, 2048, 2048, 2048, 2048, 2048, 2048, 2048]","[2048, 2048, 2048, 2048, 2048, 2048, 2048, 2048, 2048, 2048]",300
1276,9832,34,20,2025-12-05T10:26:13.421000+00:00,32.032,57.869,42.89,183.0,211,False,132.791,"[None, 2048, 2048, 2048, 2048]","[2048, 2048, 2048, 2048, 2048, 2048, 2048, 2048, 2048]","[2048, 2048, 2048, 2048, 2048, 2048, 2048, 2048, 2048, 2049]",284
1276,9832,16,24,2025-12-05T10:26:15.520000+00:00,18.263,38.731,32.97,282.0,294,False,89.964,"[2048, 2048, 2048, 2048, 2048]","[2048, 2048, 2048, 2048, 2048, 2048, 2048, 2048, 2048]","[2048, 2048, 2048, 2048, 2048, 2048, 2048, 2048, 2048, 2048]",299
1276,9832,27,25,2025-12-05T10:26:19.518000+00:00,18.219,38.685,34.903,284.0,296,False,91.807,"[None, 2048, 2048, 2048, 2048]","[2048, 2048, 2048, 2048, 2048, 2048, 2048, 2048, 2048]","[2048, 2048, 2048, 2048, 2048, 2048, 2048, 2048, 2064, 2064]",297
1276,9832,89,25,2025-12-05T10:26:20.726000+00:00,18.467,39.719,36.843,286.0,307,False,95.029,"[None, 2048, 2048, 2048, 2048]","[2048, 2048, 2048, 2048, 2048, 2048, 2048, 2048, 2048]","[2048, 2048, 2048, 2048, 2048, 2048, 2048, 2048, 2064, 2064]",303
1276,9832,35,22,2025-12-05T10:26:20.822000+00:00,18.238,38.562,32.351,,297,False,89.151,"[None, 2048, 2048, 2048, 2048]","[2048, 2048, 2048, 2048, 2048, 2048, 2048, 2048, 2048]","[2048, 2048, 2048, 2048, 2048, 2048, 2048, 2048, 2048, 2048]",300
1276,9832,43,24,2025-12-05T10:26:29.726000+00:00,18.428,39.305,33.293,277.0,286,False,91.026,"[None, 2048, 2048, 2048, 2048]","[2048, 2048, 2048, 2048, 2048, 2048, 2048, 2048, 2048]","[2048, 2048, 2048, 2048, 2048, 2048, 2048, 2048, 2048, 2048]",289
1276,9832,5,25,2025-12-05T10:26:31.242000+00:00,18.204,38.419,33.516,,302,False,90.139,"[None, 2048, 2048, 2048, 2048]","[2048, 2048, 2048, 2048, 2048, 2048, 2048, 2048, 2048]","[2048, 2048, 2048, 2048, 2048, 2048, 2048, 2048, 2048, 2048]",308
1276,9832,39,24,2025-12-05T10:26:38.755000+00:00,29.635,55.453,43.502,180.0,101,False,128.59,"[None, 2048, 2048, 2048, 2048]","[2048, 2048, 2048, 2048, 2048, 2048, 2048, 2048, 2048]","[2048, 2048, 2048, 2048, 2048, 2048, 2048, 2048, 2048, 2048]",206
1276,9832,61,23,2025-12-05T10:26:41.226000+00:00,18.419,39.519,33.283,277.0,285,False,91.221,"[None, 2048, 2048, 2048, 2048]","[2048, 2048, 2048, 2048, 2048, 2048, 2048, 2048, 2048]","[2048, 2048, 2048, 2048, 2048, 2048, 2048, 2048, 2048, 2048]",288
1276,9832,63,25,2025-12-05T10:26:44.966000+00:00,18.344,38.773,33.462,283.0,297,False,90.579,"[None, 2048, 2048, 2048, 2048]","[2048, 2048, 2048, 2048, 2048, 2048, 2048, 2048, 2048]","[2048, 2048, 2048, 2048, 2048, 2048, 2048, 2048, 2048, 2048]",299
1276,9832,12,26,2025-12-05T10:26:51.448000+00:00,18.331,38.902,33.46,284.0,301,False,90.693,"[None, 2048, 2048, 2048, 2048]","[2048, 2048, 2048, 2048, 2048, 2048, 2048, 2048, 2048]","[2048, 2048, 2048, 2048, 2048, 2048, 2048, 2048, 2048, 2048]",299
1276,9832,1,26,2025-12-05T10:26:59.073000+00:00,18.202,38.621,33.293,288.0,300,False,90.116,"[None, 2048, 2048, 2048, 2048]","[2048, 2048, 2048, 2048, 2048, 2048, 2048, 2048, 2048]","[2048, 2048, 2048, 2048, 2048, 2048, 2048, 2048, 2048, 2048]",306
1276,9832,6,28,2025-12-05T10:27:05.523000+00:00,18.217,38.975,33.416,288.0,297,False,90.608,"[None, 2048, 2048, 2048, 2048]","[2048, 2048, 2048, 2048, 2048, 2048, 2048, 2048, 2048]","[2048, 2048, 2048, 2048, 2048, 2048, 2048, 2048, 2048, 2048]",299
1276,9832,40,27,2025-12-05T10:27:07.692000+00:00,18.293,39.03,33.816,280.0,301,False,91.139,"[None, 2048, 2048, 2048, 2048]","[2048, 2048, 2048, 2048, 2048, 2048, 2048, 2048, 2048]","[2048, 2048, 2048, 2048, 2048, 2048, 2048, 2048, 2048, 2048]",307
1276,9832,36,24,2025-12-05T10:27:19.520000+00:00,18.414,39.05,34.031,286.0,300,False,91.495,"[None, 2048, 2048, 2048, 2048]","[2048, 2048, 2048, 2048, 2048, 2048, 2048, 2048, 2048]","[2048, 2048, 2048, 2048, 2048, 2048, 2048, 2048, 2048, 2048]",301
1276,9832,50,25,2025-12-05T10:27:22.953000+00:00,18.164,38.748,33.404,283.0,295,False,90.316,"[None, 2048, 2048, 2048, 2048]","[2048, 2048, 2048, 2048, 2048, 2048, 2048, 2048, 2048]","[2048, 2048, 2048, 2048, 2048, 2048, 2048, 2048, 2048, 2048]",299
1276,9832,4,25,2025-12-05T10:27:28.147000+00:00,18.388,38.737,33.427,286.0,300,False,90.552,"[None, 2048, 2048, 2048, 2048]","[2048, 2048, 2048, 2048, 2048, 2048, 2048, 2048, 2048]","[2048, 2048, 2048, 2048, 2048, 2048, 2048, 2048, 2048, 2048]",302
1276,9832,55,24,2025-12-05T10:27:37.456000+00:00,18.334,38.821,33.365,,296,False,90.52,"[None, 2048, 2048, 2048, 2048]","[2048, 2048, 2048, 2048, 2048, 2048, 2048, 2048, 2048]","[2048, 2048, 2048, 2048, 2048, 2048, 2048, 2048, 2048, 2048]",299
1276,9832,16,25,2025-12-05T10:27:45.560000+00:00,18.352,38.774,32.961,283.0,295,False,90.087,"[None, 2048, 2048, 2048, 2048]","[2048, 2048, 2048, 2048, 2048, 2048, 2048, 2048, 2048]","[2048, 2048, 2048, 2048, 2048, 2048, 2048, 2048, 2048, 2048]",300
1276,9832,35,23,2025-12-05T10:27:49.990000+00:00,17.793,38.316,32.151,286.0,293,False,88.26,"[None, 2048, 2048, 2048, 2048]","[2048, 2048, 2048, 2048, 2048, 2048, 2048, 2048, 2048]","[2048, 2048, 2048, 2048, 2048, 2048, 2048, 2048, 2048, 2048]",296
1276,9832,43,25,2025-12-05T10:28:00.849000+00:00,18.399,38.761,33.199,280.0,299,False,90.359,"[None, 2048, 2048, 2048, 2048]","[2048, 2048, 2048, 2048, 2048, 2048, 2048, 2048, 2048]","[2048, 2048, 2048, 2048, 2048, 2048, 2048, 2048, 2048, 2048]",309
1276,9832,5,26,2025-12-05T10:28:01.365000+00:00,18.211,38.588,33.598,280.0,307,False,90.397,"[None, 2048, 2048, 2048, 2048]","[2048, 2048, 2048, 2049, 2049, 2048, 2048, 2048, 2048]","[2048, 2048, 2048, 2048, 2048, 2048, 2048, 2048, 2048, 2048]",300
1276,9832,61,24,2025-12-05T10:28:12.547000+00:00,18.494,39.402,33.531,278.0,287,False,91.427,"[None, 2048, 2048, 2048, 2048]","[2048, 2048, 2048, 2048, 2048, 2048, 2048, 2048, 2048]","[2048, 2048, 2048, 2048, 2048, 2048, 2048, 2048, 2048, 2048]",285
1276,9832,27,26,2025-12-05T10:28:14.043000+00:00,40.621,38.746,53.699,280.0,272,True,133.066,"[2064, 2064, 2064, 2064, 2048]","[2048, 2048, 2048, 2048, 2048, 2048, 2048, 2048, 2048]","[2048, 2048, 2048, 2048, 2048, 2048, 2048, 2048, 2048, 2048]",292
1276,9832,63,26,2025-12-05T10:28:15.572000+00:00,18.364,38.737,34.462,284.0,298,False,91.563,"[None, 2048, 2048, 2048, 2048]","[2048, 2048, 2048, 2048, 2048, 2048, 2048, 2048, 2048]","[2048, 2048, 2048, 2048, 2048, 2048, 2048, 2048, 2048, 2048]",303
1276,9832,89,26,2025-12-05T10:28:16.991000+00:00,42.831,50.141,44.575,190.0,290,True,137.547,"[2064, 2064, 2064, 2064, 2048]","[2048, 2048, 2048, 2048, 2048, 2048, 2048, 2048, 2048]","[2048, 2048, 2048, 2048, 2048, 2048, 2048, 2048, 2048, 2048]",112
1276,9832,12,27,2025-12-05T10:28:20.662000+00:00,18.351,38.916,33.481,286.0,301,False,90.748,"[None, 2048, 2048, 2048, 2048]","[2048, 2048, 2048, 2048, 2048, 2048, 2048, 2048, 2048]","[2048, 2048, 2048, 2048, 2048, 2048, 2048, 2048, 2048, 2048]",303
1276,9832,34,21,2025-12-05T10:28:26.246000+00:00,17.556,37.191,31.795,288.0,313,False,86.542,"[2049, 2049, 2049, 2048, 2048]","[2048, 2048, 2048, 2048, 2048, 2049, 2048, 2049, 2049]","[2048, 2049, 2048, 2048, 2048, 2048, 2048, 2048, 2048, 2048]",320
1276,9832,1,27,2025-12-05T10:28:29.243000+00:00,18.08,38.766,33.226,290.0,300,False,90.072,"[None, 2048, 2048, 2048, 2048]","[2048, 2048, 2048, 2048, 2048, 2048, 2048, 2048, 2048]","[2048, 2048, 2048, 2048, 2048, 2048, 2048, 2048, 2048, 2048]",305
1276,9832,6,29,2025-12-05T10:28:36.086000+00:00,18.334,39.104,33.531,282.0,295,False,90.969,"[None, 2048, 2048, 2048, 2048]","[2048, 2048, 2048, 2048, 2048, 2048, 2048, 2048, 2048]","[2048, 2048, 2048, 2048, 2048, 2048, 2048, 2048, 2048, 2048]",295
1276,9832,40,28,2025-12-05T10:28:38.804000+00:00,18.342,39.093,33.803,,301,False,91.238,"[None, 2048, 2048, 2048, 2048]","[2048, 2048, 2048, 2048, 2048, 2048, 2048, 2048, 2048]","[2048, 2048, 2048, 2048, 2048, 2048, 2048, 2048, 2048, 2048]",305
1276,9832,39,25,2025-12-05T10:28:47.415000+00:00,17.61,36.859,31.625,290.0,323,False,86.094,"[None, 2048, 2048, 2048, 2048]","[2048, 2048, 2048, 2048, 2048, 2048, 2048, 2048, 2051]","[2048, 2048, 2048, 2049, 2048, 2048, 2048, 2048, 2048, 2048]",324
1276,9832,36,25,2025-12-05T10:28:51.033000+00:00,18.549,39.178,34.072,,303,False,91.799,"[None, 2048, 2048, 2048, 2048]","[2048, 2048, 2048, 2048, 2048, 2048, 2048, 2048, 2048]","[2048, 2048, 2048, 2048, 2048, 2048, 2048, 2048, 2048, 2048]",303
1276,9832,50,26,2025-12-05T10:28:52.486000+00:00,18.451,38.394,34.224,288.0,318,False,91.069,"[None, 2048, 2048, 2048, 2048]","[2048, 2048, 2048, 2048, 2048, 2048, 2048, 2048, 2048]","[2048, 2048, 2048, 2048, 2048, 2048, 2048, 2048, 2048, 2048]",324
1276,9832,4,26,2025-12-05T10:28:58.771000+00:00,20.44,39.034,37.481,284.0,302,False,96.955,"[None, 2048, 2048, 2048, 2048]","[2048, 2048, 2048, 2048, 2048, 2048, 2048, 2048, 2048]","[2048, 2048, 2048, 2048, 2048, 2048, 2048, 2048, 2048, 2048]",305
1276,9832,55,25,2025-12-05T10:29:07.901000+00:00,18.288,38.855,33.348,286.0,298,False,90.491,"[None, 2048, 2048, 2048, 2048]","[2048, 2048, 2048, 2048, 2048, 2048, 2048, 2048, 2048]","[2048, 2048, 2048, 2048, 2048, 2048, 2048, 2048, 2048, 2048]",297
1276,9832,16,26,2025-12-05T10:29:15.555000+00:00,18.413,38.745,32.949,281.0,295,False,90.107,"[None, 2048, 2048, 2048, 2048]","[2048, 2048, 2048, 2048, 2048, 2048, 2048, 2048, 2048]","[2048, 2048, 2048, 2048, 2048, 2048, 2048, 2048, 2048, 2048]",297
1276,9832,35,24,2025-12-05T10:29:18.262000+00:00,17.843,51.352,43.151,288.0,125,False,112.346,"[None, 2048, 2048, 2048, 2048]","[2048, 2048, 2048, 2048, 2048, 2048, 2048, 2048, 2048]","[2048, 2048, 2048, 2048, 2048, 2048, 2048, 2048, 2064, 2064]",224
1276,9832,43,26,2025-12-05T10:29:31.119000+00:00,18.36,38.886,33.282,,287,False,90.528,"[None, 2048, 2048, 2048, 2048]","[2048, 2048, 2048, 2048, 2048, 2048, 2048, 2048, 2048]","[2048, 2048, 2048, 2048, 2048, 2048, 2048, 2048, 2048, 2048]",305
1276,9832,5,27,2025-12-05T10:29:31.807000+00:00,18.271,38.783,35.356,286.0,283,False,92.41,"[None, 2048, 2048, 2048, 2048]","[2048, 2048, 2048, 2048, 2049, 2048, 2048, 2048, 2048]","[2048, 2048, 2048, 2048, 2048, 2048, 2048, 2048, 2048, 2048]",312
1276,9832,61,25,2025-12-05T10:29:43.946000+00:00,18.524,39.508,33.557,,287,False,91.589,"[None, 2048, 2048, 2048, 2048]","[2048, 2048, 2048, 2048, 2048, 2048, 2048, 2048, 2048]","[2048, 2048, 2048, 2048, 2048, 2048, 2048, 2048, 2048, 2048]",287
1276,9832,63,27,2025-12-05T10:29:47.144000+00:00,29.385,48.037,43.917,233.0,196,False,121.339,"[None, 2048, 2048, 2048, 2048]","[2048, 2048, 2048, 2048, 2048, 2048, 2048, 2048, 2048]","[2048, 2048, 2048, 2048, 2048, 2048, 2048, 2048, 2048, 2048]",234
1276,9832,12,28,2025-12-05T10:29:51.452000+00:00,18.377,38.903,33.424,,301,False,90.704,"[None, 2048, 2048, 2048, 2048]","[2048, 2048, 2048, 2048, 2048, 2048, 2048, 2048, 2048]","[2048, 2048, 2048, 2048, 2048, 2048, 2048, 2048, 2048, 2048]",303
1276,9832,34,22,2025-12-05T10:29:53.755000+00:00,23.664,50.818,47.197,161.0,206,False,121.679,"[2048, 2048, 2048, 2048, 2048]","[2048, 2048, 2048, 2048, 2048, 2048, 2048, 2048, 2048]","[2048, 2048, 2048, 2048, 2048, 2048, 2048, 2048, 2064, 2064]",249
1276,9832,1,28,2025-12-05T10:29:59.320000+00:00,18.314,38.612,33.185,287.0,298,False,90.111,"[None, 2048, 2048, 2048, 2048]","[2048, 2048, 2048, 2048, 2048, 2048, 2048, 2048, 2048]","[2048, 2048, 2048, 2048, 2048, 2048, 2048, 2048, 2048, 2048]",303
1276,9832,27,27,2025-12-05T10:30:04.339000+00:00,23.686,45.753,52.07,198.0,233,False,121.509,"[2048, 2048, 2048, 2048, 2048]","[2048, 2048, 2048, 2048, 2048, 2048, 2048, 2048, 2048]","[2048, 2048, 2048, 2048, 2048, 2048, 2048, 2048, 2048, 2048]",226
1276,9832,6,30,2025-12-05T10:30:07.042000+00:00,31.245,63.838,71.69,144.0,208,False,166.773,"[None, 2048, 2048, 2048, 2048]","[2048, 2048, 2048, 2048, 2048, 2048, 2048, 2048, 2048]","[2048, 2048, 2048, 2048, 2048, 2048, 2048, 2048, 2048, 2048]",154
1276,9832,40,29,2025-12-05T10:30:10.080000+00:00,34.628,69.929,70.555,111.0,163,False,175.112,"[None, 2048, 2048, 2048, 2048]","[2048, 2048, 2048, 2048, 2048, 2048, 2048, 2048, 2048]","[2048, 2048, 2048, 2048, 2048, 2048, 2048, 2048, 2048, 2048]",124
1276,9832,89,27,2025-12-05T10:30:13.134000+00:00,31.259,42.551,51.095,164.0,288,False,124.905,"[2048, 2048, 2048, 2048, 2048]","[2048, 2048, 2048, 2048, 2048, 2048, 2048, 2048, 2048]","[2048, 2048, 2048, 2048, 2048, 2048, 2048, 2048, 2048, 2048]",288
1276,9832,39,26,2025-12-05T10:30:13.712000+00:00,30.494,55.512,48.783,149.0,169,False,134.789,"[None, 2048, 2048, 2048, 2048]","[2048, 2048, 2048, 2048, 2048, 2048, 2048, 2048, 2048]","[2048, 2048, 2048, 2048, 2048, 2048, 2048, 2048, 2048, 2048]",175
1276,9832,36,26,2025-12-05T10:30:22.691000+00:00,25.258,58.092,49.048,152.0,189,False,132.398,"[None, 2048, 2048, 2048, 2048]","[2048, 2048, 2048, 2048, 2048, 2048, 2048, 2048, 2048]","[2048, 2048, 2048, 2048, 2048, 2048, 2048, 2048, 2064, 2064]",178
1276,9832,50,27,2025-12-05T10:30:23.621000+00:00,27.821,73.235,64.057,126.0,137,False,165.113,"[None, 2048, 2048, 2048, 2048]","[2048, 2048, 2048, 2048, 2048, 2048, 2048, 2048, 2048]","[2048, 2048, 2048, 2048, 2048, 2048, 2048, 2048, 2048, 2048]",127
1276,9832,4,27,2025-12-05T10:30:35.674000+00:00,25.074,53.188,53.015,186.0,161,False,131.277,"[None, 2048, 2048, 2048, 2048]","[2048, 2048, 2048, 2048, 2048, 2048, 2048, 2048, 2048]","[2048, 2048, 2048, 2048, 2048, 2048, 2048, 2048, 2048]",161
1276,9832,55,26,2025-12-05T10:30:38.431000+00:00,26.435,54.155,52.19,186.0,198,False,132.78,"[None, 2048, 2048, 2048, 2048]","[2048, 2048, 2048, 2048, 2048, 2048, 2048, 2048, 2048]","[2048, 2048, 2048, 2048, 2048, 2048, 2048, 2048, 2048, 2048]",168
1276,9832,16,27,2025-12-05T10:30:45.722000+00:00,29.442,59.541,56.376,157.0,186,False,145.359,"[None, 2048, 2048, 2048, 2048]","[2048, 2048, 2048, 2048, 2048, 2048, 2048, 2048, 2048]","[2048, 2048, 2048, 2048, 2048, 2048, 2048, 2048, 2048, 2048]",129
1276,9832,43,27,2025-12-05T10:31:01.645000+00:00,23.416,47.258,48.78,221.0,226,False,119.454,"[None, 2048, 2048, 2048, 2048]","[2048, 2048, 2048, 2048, 2048, 2048, 2048, 2048, 2048]","[2048, 2048, 2048, 2048, 2048, 2048, 2048, 2048, 2048, 2048]",238
1276,9832,5,28,2025-12-05T10:31:04.257000+00:00,23.71,53.806,55.913,164.0,155,False,133.429,"[None, 2048, 2048, 2048, 2048]","[2048, 2048, 2048, 2048, 2048, 2048, 2048, 2048, 2048]","[2048, 2048, 2048, 2048, 2048, 2048, 2048, 2048, 2048, 2048]",234
1276,9832,61,26,2025-12-05T10:31:15.527000+00:00,27.314,61.744,58.983,155.0,143,False,148.041,"[None, 2048, 2048, 2048, 2048]","[2048, 2048, 2048, 2048, 2048, 2048, 2048, 2048, 2048]","[2048, 2048, 2048, 2048, 2048, 2048, 2048, 2048, 2048, 2048]",125
1276,9832,12,29,2025-12-05T10:31:22.229000+00:00,26.964,53.477,50.4,178.0,190,False,130.841,"[None, 2048, 2048, 2048, 2048]","[2048, 2048, 2048, 2048, 2048, 2048, 2048, 2048, 2048]","[2048, 2048, 2048, 2048, 2048, 2048, 2048, 2048, 2048, 2048]",183
1276,9832,1,29,2025-12-05T10:31:29.321000+00:00,29.697,61.545,55.52,134.0,161,False,146.762,"[None, 2048, 2048, 2048, 2048]","[2048, 2048, 2048, 2048, 2048, 2048, 2048, 2048, 2048]","[2048, 2048, 2048, 2048, 2048, 2048, 2048, 2048, 2048, 2048]",172
1276,9832,63,28,2025-12-05T10:31:48.469000+00:00,26.051,54.9,52.202,185.0,180,False,133.153,"[None, 2048, 2048, 2048, 2048]","[2048, 2048, 2048, 2048, 2048, 2048, 2048, 2048, 2048]","[2048, 2048, 2048, 2048, 2048, 2048, 2048, 2048, 2048, 2048]",190
1276,9832,27,28,2025-12-05T10:32:06.002000+00:00,47.757,44.643,39.248,223.0,256,False,131.648,"[None, 2048, 2048, 2048, 2048]","[2048, 2048, 2048, 2048, 2048, 2048, 2048, 2048, 2048]","[2048, 2048, 2048, 2048, 2048, 2048, 2048, 2048, 2064, 2064]",229
1276,9832,89,28,2025-12-05T10:32:18.024000+00:00,39.854,45.461,38.181,282.0,289,False,123.496,"[None, 2048, 2048, 2048, 2048]","[2048, 2048, 2048, 2048, 2048, 2048, 2048, 2048, 2048]","[2048, 2048, 2048, 2048, 2048, 2048, 2048, 2048, 2064, 2064]",257
1276,9832,39,27,2025-12-05T10:32:28.328000+00:00,36.504,41.908,42.412,286.0,239,False,120.824,"[None, 2048, 2048, 2048, 2048]","[2048, 2048, 2048, 2048, 2048, 2048, 2048, 2048, 2048]","[2048, 2048, 2048, 2048, 2048, 2048, 2048, 2048, 2064, 2064]",305
1276,9832,4,28,2025-12-05T10:32:46.902000+00:00,54.915,54.083,47.113,194.0,199,False,156.111,"[None, 2048, 2048, 2048, 2048]","[2048, 2048, 2048, 2048, 2048, 2048, 2048, 2048, 2048]","[2048, 2048, 2048, 2048, 2048, 2048, 2048, 2048, 2064, 2064]",218
1276,9832,55,27,2025-12-05T10:32:51.115000+00:00,48.366,41.826,37.619,193.0,249,False,127.811,"[None, 2048, 2048, 2048, 2048]","[2048, 2048, 2048, 2048, 2048, 2048, 2048, 2048, 2048]","[2048, 2048, 2048, 2048, 2048, 2048, 2048, 2048, 2064, 2064]",281
1276,9832,6,31,2025-12-05T10:32:53.943000+00:00,46.731,48.954,35.273,267.0,241,False,130.958,"[None, 2048, 2048, 2048, 2048]","[2048, 2048, 2048, 2048, 2048, 2048, 2048, 2048, 2048]","[2048, 2048, 2048, 2048, 2048, 2048, 2048, 2048, 2064, 2064]",181
1276,9832,43,28,2025-12-05T10:33:01.059000+00:00,40.214,39.171,36.057,278.0,268,False,115.442,"[None, 2048, 2048, 2048, 2048]","[2048, 2048, 2048, 2048, 2048, 2048, 2048, 2048, 2048]","[2048, 2048, 2048, 2048, 2048, 2048, 2048, 2048, 2064, 2064]",300
1276,9832,40,30,2025-12-05T10:33:05.231000+00:00,47.049,55.901,56.977,216.0,164,False,159.927,"[None, 2048, 2048, 2048, 2048]","[2048, 2048, 2048, 2048, 2048, 2048, 2048, 2048, 2048]","[2048, 2048, 2048, 2048, 2048, 2048, 2048, 2048, 2064, 2064]",249
1276,9832,50,28,2025-12-05T10:33:08.602000+00:00,42.83,41.572,42.256,274.0,231,False,126.658,"[None, 2048, 2048, 2048, 2048]","[2048, 2048, 2048, 2048, 2048, 2048, 2048, 2048, 2048]","[2048, 2048, 2048, 2048, 2048, 2048, 2048, 2048, 2064, 2064]",304
1276,9832,16,28,2025-12-05T10:33:11.046000+00:00,42.765,43.603,40.995,280.0,199,False,127.363,"[None, 2048, 2048, 2048, 2048]","[2048, 2048, 2048, 2048, 2048, 2048, 2048, 2048, 2048]","[2048, 2048, 2048, 2048, 2048, 2048, 2048, 2048, 2064, 2064]",281
1276,9832,5,29,2025-12-05T10:33:17.703000+00:00,53.869,42.544,44.033,269.0,256,False,140.446,"[None, 2048, 2048, 2048, 2048]","[2048, 2048, 2048, 2048, 2048, 2048, 2048, 2048, 2048]","[2048, 2048, 2048, 2048, 2048, 2048, 2048, 2048, 2064, 2064]",220
1276,9832,12,30,2025-12-05T10:33:32.993000+00:00,56.615,43.547,38.882,237.0,233,False,139.044,"[None, 2048, 2048, 2048, 2048]","[2048, 2048, 2048, 2048, 2048, 2048, 2048, 2048, 2048]","[2048, 2048, 2048, 2048, 2048, 2048, 2048, 2048, 2064, 2064]",229
1276,9832,61,27,2025-12-05T10:33:43.521000+00:00,41.827,39.211,41.488,283.0,291,False,122.526,"[None, 2048, 2048, 2048, 2048]","[2048, 2048, 2048, 2048, 2048, 2048, 2048, 2048, 2048]","[2048, 2048, 2048, 2048, 2048, 2048, 2048, 2048, 2064, 2064]",293
1276,9832,1,30,2025-12-05T10:33:56.028000+00:00,45.717,45.933,41.918,230.0,202,False,133.568,"[None, 2048, 2048, 2048, 2048]","[2048, 2048, 2048, 2048, 2048, 2048, 2048, 2048, 2048]","[2048, 2048, 2048, 2048, 2048, 2048, 2048, 2048, 2064, 2064]",241
1276,9832,63,29,2025-12-05T10:34:01.558000+00:00,61.802,42.365,40.461,282.0,227,False,144.628,"[None, 2048, 2048, 2048, 2048]","[2048, 2048, 2048, 2048, 2048, 2048, 2048, 2048, 2048]","[2048, 2048, 2048, 2048, 2048, 2048, 2048, 2048, 2064, 2064]",259
