meeting_key,session_key,driver_number,lap_number,date_start,duration_sector_1,duration_sector_2,duration_sector_3,i1_speed,i2_speed,is_pit_out_lap,lap_duration,segments_sector_1,segments_sector_2,segments_sector_3,st_speed
1269,9898,27,1,,,48.135,26.652,160.0,208.0,True,,"[2064, 2064, 2051, 2051, 2049, 2049, 2049, 2051]","[2049, 2051, 2051, 2049, 2049, 2051, 2051, 2051, 2051, 2051]","[2051, 2051, 2051, 2051, 2051, 2051, 2051, 2051]",297.0
1269,9898,5,1,,,48.891,26.705,157.0,201.0,True,,"[2064, 2064, 2049, 2049, 2049, 2049, 2049, 2049]","[2049, 2049, 2049, 2049, 2051, 2049, 2049, 2049, 2049, 2049]","[2049, 2049, 2051, 2051, 2051, 2051, 2051, 2051]",298.0
1269,9898,31,1,2025-09-19T12:01:59.123000+00:00,,54.48,27.082,166.0,178.0,True,,"[2064, 2064, 2049, 2049, 2049, 2049, 2049, 2049]","[2049, 2049, 2049, 2049, 2049, 2049, 2049, 2049, 2049, 2049]","[2049, 2049, 2049, 2049, 2049, 2049, 2049, 2049]",293.0
1269,9898,30,1,2025-09-19T12:02:08.076000+00:00,,50.749,26.283,161.0,193.0,True,,"[2064, 2064, 2049, 2049, 2049, 2049, 2049, 2049]","[2049, 2049, 2049, 2049, 2049, 2049, 2049, 2049, 2049, 2049]","[2049, 2049, 2051, 2051, 2051, 2051, 2051, 2051]",310.0
1269,9898,81,1,2025-09-19T12:02:11.936000+00:00,,53.925,26.011,177.0,203.0,True,,"[2064, 2064, 2049, 2049, 2049, 2049, 2049, 2049]","[2049, 2049, 2049, 2049, 2049, 2049, 2049, 2051, 2049, 2049]","[2049, 2051, 2051, 2051, 2049, 2049, 2049, 2049]",306.0
1269,9898,14,1,2025-09-19T12:02:18.233000+00:00,,54.168,27.31,162.0,173.0,True,,"[2064, 2064, 2049, 2049, 2049, 2049, 2049, 2049]","[2049, 2049, 2049, 2049, 2049, 2049, 2049, 2049, 2049, 2049]","[2049, 2049, 2049, 2049, 2049, 2049, 2049, 2049]",305.0
1269,9898,87,1,2025-09-19T12:02:20.701000+00:00,,53.573,26.191,164.0,201.0,True,,"[2064, 2064, 2049, 2049, 2049, 2049, 2049, 2049]","[2049, 2049, 2049, 2049, 2049, 2049, 2049, 2049, 2049, 2049]","[2051, 2049, 2049, 2049, 2049, 2049, 2049, 2049]",303.0
1269,9898,12,1,2025-09-19T12:02:24.686000+00:00,,51.762,26.077,161.0,192.0,True,,"[2064, 2064, 2049, 2049, 2049, 2049, 2049, 2049]","[2049, 2049, 2049, 2049, 2049, 2049, 2049, 2049, 2049, 2049]","[2049, 2049, 2049, 2051, 2049, 2049, 2049, 2049]",307.0
1269,9898,22,1,2025-09-19T12:02:29.592000+00:00,,52.397,26.311,182.0,179.0,True,,"[2064, 2064, 2049, 2049, 2049, 2049, 2049, 2049]","[2049, 2049, 2049, 2049, 2049, 2049, 2049, 2049, 2049, 2049]","[2049, 2049, 2049, 2049, 2049, 2049, 2049]",306.0
1269,9898,6,1,2025-09-19T12:02:41.733000+00:00,,48.062,26.218,176.0,210.0,True,,"[2064, 2064, 2049, 2049, 2049, 2049, 2049, 2049]","[2049, 2049, 2049, 2049, 2049, 2049, 2049, 2049, 2049, 2049]","[2049, 2049, 2049, 2049, 2049, 2051, 2051, 2051]",309.0
1269,9898,23,1,2025-09-19T12:02:50.733000+00:00,,51.546,26.098,176.0,181.0,True,,"[2064, 2064, 2049, 2049, 2049, 2049, 2049, 2049]","[2049, 2049, 2049, 2049, 2049, 2049, 2049, 2049, 2049, 2049]","[2049, 2049, 2049, 2049, 2049, 2049, 2049, 2049]",308.0
1269,9898,1,1,2025-09-19T12:03:01.967000+00:00,,50.523,25.978,195.0,211.0,True,,"[2064, 2064, 2049, 2049, 2049, 2049, 2049, 2049]","[2049, 2049, 2049, 2049, 2049, 2049, 2049, 2049, 2049, 2049]","[2049, 2049, 2049, 2049, 2049, 2049, 2049, 2049]",307.0
1269,9898,44,1,2025-09-19T12:03:14.871000+00:00,,57.457,26.645,142.0,175.0,True,,"[2064, 2064, 2049, 2049, 2049, 2049, 2049, 2049]","[2049, 2049, 2049, 2049, 2049, 2049, 2049, 2049, 2049, 2049]","[2049, 2049, 2049, 2049, 2049, 2049, 2049, 2049]",304.0
1269,9898,27,2,2025-09-19T12:03:29.496000+00:00,37.053,42.187,24.978,221.0,240.0,False,104.218,"[2049, 2049, 2049, 2049, 2049, 2049, 2049, 2049]","[2049, 2049, 2049, 2049, 2051, 2049, 2051, 2051, 2051, 2051]","[2051, 2051, 2051, 2051, 2051, 2051, 2049]",318.0
1269,9898,18,1,2025-09-19T12:03:29.996000+00:00,,57.937,26.433,156.0,178.0,True,,"[2064, 2064, 2049, 2049, 2049, 2049, 2049, 2049]","[2049, 2049, 2049, 2049, 2049, 2049, 2049, 2049, 2049, 2049]","[2049, 2049, 2049, 2049, 2049, 2049, 2049, 2049]",306.0
1269,9898,16,1,2025-09-19T12:03:43.840000+00:00,,61.671,26.083,171.0,196.0,True,,"[2064, 2064, 2049, 2049, 2049, 2049, 2049, 2049]","[2049, 2049, 2049, 2049, 2049, 2049, 2049, 2049, 2049, 2049]","[2049, 2049, 2049, 2049, 2049, 2049, 2049, 2049]",306.0
1269,9898,5,2,2025-09-19T12:03:47.777000+00:00,36.981,42.457,25.014,220.0,239.0,False,104.452,"[2049, 2049, 2049, 2049, 2049, 2049, 2049, 2049]","[2049, 2049, 2049, 2049, 2049, 2051, 2049, 2049, 2049, 2049]","[2049, 2049, 2051, 2051, 2051, 2051, 2049, 2049]",319.0
1269,9898,10,1,2025-09-19T12:03:56.199000+00:00,,56.362,28.193,168.0,148.0,True,,"[2064, 2064, 2049, 2049, 2049, 2049, 2049, 2049]","[2049, 2049, 2049, 2049, 2049, 2049, 2049, 2049, 2049, 2049]","[2049, 2049, 2049, 2049, 2049, 2049, 2051, 2051]",309.0
1269,9898,30,2,2025-09-19T12:04:12.184000+00:00,36.696,77.803,32.406,225.0,149.0,False,146.905,"[2049, 2049, 2049, 2049, 2049, 2049, 2049, 2049]","[2049, 2049, 2049, 2049, 2049, 2049, 2051, 2051, 2048, 2048]","[2048, 2048, 2048, 2048, 2048, 2048, 2048]",261.0
1269,9898,43,1,2025-09-19T12:04:16.965000+00:00,,49.225,26.368,167.0,184.0,True,,"[2064, 2064, 2049, 2049, 2049, 2049, 2049, 2049]","[2049, 2049, 2049, 2049, 2049, 2049, 2049, 2049, 2049, 2049]","[2049, 2049, 2049, 2049, 2049, 2049, 2049, 2049]",305.0
1269,9898,31,2,2025-09-19T12:04:18.949000+00:00,37.225,43.319,25.587,205.0,195.0,False,106.131,"[2049, 2049, 2049, 2049, 2049, 2049, 2049, 2049]","[2049, 2051, 2049, 2049, 2051, 2049, 2049, 2049, 2049, 2049]","[2049, 2049, 2049, 2049, 2049, 2049, 2049, 2049]",316.0
1269,9898,81,2,2025-09-19T12:04:27.507000+00:00,36.415,42.091,24.801,222.0,233.0,False,103.307,"[2049, 2049, 2049, 2049, 2049, 2049, 2049, 2051]","[2051, 2049, 2049, 2051, 2049, 2051, 2049, 2049, 2049, 2049]","[2051, 2051, 2051, 2051, 2051, 2051, 2049, 2049]",322.0
1269,9898,55,1,2025-09-19T12:04:31.765000+00:00,,50.322,26.153,161.0,171.0,True,,"[2064, 2064, 2049, 2049, 2049, 2049, 2049, 2049]","[2049, 2049, 2049, 2049, 2049, 2049, 2049, 2049, 2049, 2049]","[2049, 2049, 2049, 2049, 2049, 2049, 2049, 2049]",312.0
1269,9898,14,2,2025-09-19T12:04:36.641000+00:00,36.705,49.995,32.069,225.0,135.0,False,118.769,"[2049, 2049, 2049, 2049, 2049, 2049, 2049, 2049]","[2049, 2049, 2049, 2049, 2049, 2049, 2049, 2048, 2048, 2048]","[2048, 2048, 2048, 2048, 2048, 2048, 2048]",223.0
1269,9898,87,2,2025-09-19T12:04:41.596000+00:00,37.123,48.962,34.44,206.0,124.0,False,120.525,"[2049, 2049, 2049, 2049, 2049, 2049, 2049, 2049]","[2049, 2049, 2049, 2049, 2049, 2049, 2049, 2049, 2049, 2048]","[2048, 2048, 2048, 2048, 2048, 2048, 2048]",239.0
1269,9898,12,2,2025-09-19T12:04:48.390000+00:00,36.74,45.772,33.621,224.0,178.0,False,116.133,"[2049, 2049, 2049, 2049, 2049, 2049, 2049, 2049]","[2049, 2049, 2049, 2049, 2049, 2049, 2049, 2048, 2048, 2048]","[2048, 2048, 2048, 2048, 2048, 2048, 2048, 2048]",237.0
1269,9898,22,2,2025-09-19T12:04:54.819000+00:00,36.745,42.368,24.798,219.0,229.0,False,103.911,"[2051, 2049, 2049, 2049, 2049, 2049, 2049, 2049]","[2049, 2049, 2049, 2049, 2049, 2049, 2049, 2049, 2049, 2049]","[2049, 2049, 2049, 2051, 2051, 2051, 2049, 2049]",324.0
1269,9898,6,2,2025-09-19T12:05:02.793000+00:00,36.74,43.415,24.791,232.0,231.0,False,104.946,"[2049, 2049, 2049, 2049, 2049, 2049, 2049, 2049]","[2049, 2049, 2049, 2049, 2049, 2049, 2049, 2049, 2049, 2049]","[2049, 2051, 2049, 2049, 2049, 2049, 2049, 2049]",322.0
1269,9898,27,3,2025-09-19T12:05:13.512000+00:00,61.932,63.527,29.624,102.0,166.0,False,155.083,"[2048, 2048, 2048, 2048, 2048, 2048, 2048, 2048]","[2048, 2048, 2048, 2048, 2048, 2048, 2048, 2048, 2048, 2048]","[2048, 2048, 2048, 2048, 2048, 2048, 2048]",302.0
1269,9898,23,2,2025-09-19T12:05:15.543000+00:00,36.686,41.864,24.917,215.0,237.0,False,103.467,"[2049, 2049, 2049, 2049, 2049, 2049, 2049, 2049]","[2049, 2049, 2049, 2051, 2049, 2051, 2049, 2049, 2051, 2049]","[2051, 2049, 2049, 2049, 2049, 2049, 2049, 2048]",318.0
1269,9898,1,2,2025-09-19T12:05:25.418000+00:00,36.401,41.995,24.83,215.0,234.0,False,103.226,"[2049, 2049, 2049, 2049, 2049, 2049, 2049, 2049]","[2049, 2049, 2051, 2049, 2051, 2049, 2049, 2049, 2049, 2049]","[2049, 2049, 2049, 2049, 2049, 2049, 2049, 2049]",321.0
1269,9898,5,3,2025-09-19T12:05:32.075000+00:00,57.007,67.591,26.471,129.0,156.0,False,151.069,"[2048, 2048, 2048, 2048, 2048, 2048, 2048, 2048]","[2048, 2048, 2048, 2048, 2048, 2048, 2048, 2048, 2048, 2048]","[2048, 2048, 2048, 2048, 2048, 2048, 2048, 2049]",307.0
1269,9898,63,1,2025-09-19T12:05:44.450000+00:00,,59.714,26.377,172.0,219.0,True,,"[2064, 2064, 2049, 2049, 2049, 2049, 2049, 2049]","[2049, 2049, 2049, 2049, 2049, 2049, 2049, 2049, 2049, 2049]","[2049, 2049, 2049, 2049, 2049, 2049, 2049, 2049]",306.0
1269,9898,44,2,2025-09-19T12:05:44.590000+00:00,35.998,89.606,31.699,220.0,178.0,False,157.303,"[2049, 2049, 2051, 2049, 2049, 2051, 2051, 2049]","[2049, 2051, 2048, 2048, 2048, 2048, 2048, 2048, 2048, 2048]","[2048, 2048, 2048, 2048, 2048, 2048, 2049]",301.0
1269,9898,18,2,2025-09-19T12:05:51.450000+00:00,37.09,42.869,25.086,203.0,211.0,False,105.045,"[2049, 2049, 2049, 2049, 2049, 2049, 2049, 2049]","[2049, 2049, 2049, 2049, 2049, 2049, 2049, 2049, 2049, 2049]","[2049, 2049, 2049, 2049, 2049, 2049, 2049]",318.0
1269,9898,16,2,2025-09-19T12:05:59.825000+00:00,36.166,70.467,26.346,221.0,158.0,False,132.979,"[2049, 2049, 2049, 2049, 2051, 2049, 2049, 2051]","[2049, 2048, 2049, 2048, 2048, 2048, 2048, 2048, 2048, 2048]","[2048, 2048, 2049, 2049, 2049, 2049, 2049]",308.0
1269,9898,31,3,2025-09-19T12:06:04.965000+00:00,63.458,62.13,27.244,102.0,167.0,False,152.832,"[2048, 2048, 2048, 2048, 2048, 2048, 2048, 2048]","[2048, 2048, 2048, 2048, 2048, 2048, 2048, 2048, 2048, 2048]","[2048, 2048, 2048, 2048, 2048, 2048, 2048, 2048]",294.0
1269,9898,10,2,2025-09-19T12:06:05.903000+00:00,37.397,66.425,26.011,217.0,117.0,False,129.833,"[2049, 2049, 2049, 2049, 2049, 2049, 2049, 2049]","[2049, 2048, 2048, 2048, 2048, 2048, 2048, 2048, 2049, 2049]","[2049, 2049, 2049, 2049, 2048, 2048, 2048, 2049]",306.0
1269,9898,81,3,2025-09-19T12:06:10.715000+00:00,61.385,61.761,37.393,138.0,154.0,False,160.539,"[2048, 2048, 2048, 2048, 2048, 2048, 2048, 2048]","[2048, 2048, 2048, 2048, 2048, 2048, 2048, 2048, 2048, 2048]","[2048, 2048, 2048, 2048, 2048, 2048, 2064, 2064]",255.0
1269,9898,4,1,2025-09-19T12:06:17.340000+00:00,,53.327,25.934,141.0,190.0,True,,"[2064, 2064, 2049, 2049, 2049, 2049, 2049, 2049]","[2049, 2049, 2049, 2049, 2049, 2049, 2049, 2049, 2049, 2049]","[2049, 2049, 2049, 2049, 2049, 2049, 2049, 2049]",306.0
1269,9898,43,2,2025-09-19T12:06:20.575000+00:00,37.211,43.106,24.679,195.0,219.0,False,104.996,"[2049, 2049, 2049, 2049, 2049, 2049, 2049, 2049]","[2049, 2049, 2049, 2049, 2049, 2049, 2049, 2049, 2049, 2049]","[2049, 2049, 2051, 2051, 2051, 2051, 2051, 2051]",327.0
1269,9898,55,2,2025-09-19T12:06:30.872000+00:00,36.613,41.893,24.822,220.0,227.0,False,103.328,"[2049, 2049, 2049, 2049, 2049, 2049, 2049, 2049]","[2051, 2049, 2049, 2051, 2049, 2049, 2049, 2049, 2049, 2049]","[2049, 2049, 2049, 2049, 2049, 2049, 2049]",322.0
1269,9898,14,3,2025-09-19T12:06:35.215000+00:00,48.425,58.716,27.371,135.0,136.0,False,134.512,"[2048, 2048, 2048, 2048, 2048, 2048, 2048, 2048]","[2048, 2048, 2048, 2048, 2048, 2048, 2048, 2048, 2049, 2048]","[2048, 2049, 2049, 2049, 2049, 2049, 2049, 2049]",306.0
1269,9898,22,3,2025-09-19T12:06:38.700000+00:00,72.446,77.374,26.629,86.0,174.0,False,176.449,"[2048, 2048, 2048, 2048, 2048, 2048, 2048, 2048]","[2048, 2048, 2048, 2048, 2048, 2048, 2048, 2048, 2048, 2048]","[2048, 2048, 2048, 2048, 2048, 2048, 2048, 2048]",299.0
1269,9898,30,3,2025-09-19T12:06:38.950000+00:00,51.334,55.294,37.549,153.0,176.0,False,144.177,"[2048, 2048, 2048, 2048, 2048, 2048, 2048, 2048]","[2048, 2048, 2048, 2048, 2048, 2048, 2048, 2048, 2048, 2048]","[2048, 2048, 2048, 2048, 2048, 2048, 2064, 2064]",281.0
1269,9898,87,3,2025-09-19T12:06:42.090000+00:00,57.912,54.703,26.176,122.0,217.0,False,138.791,"[2048, 2048, 2048, 2048, 2048, 2048, 2048, 2048]","[2048, 2048, 2048, 2048, 2048, 2048, 2048, 2048, 2049, 2049]","[2049, 2048, 2048, 2048, 2048, 2048, 2048, 2048]",302.0
1269,9898,12,3,2025-09-19T12:06:44.372000+00:00,64.781,73.574,26.503,105.0,196.0,False,164.858,"[2048, 2048, 2048, 2048, 2048, 2048, 2048, 2048]","[2048, 2048, 2048, 2048, 2048, 2048, 2048, 2048, 2048, 2048]","[2048, 2048, 2048, 2048, 2048, 2048, 2048, 2048]",304.0
1269,9898,6,3,2025-09-19T12:06:47.590000+00:00,67.545,82.64,26.459,92.0,161.0,False,176.644,"[2048, 2048, 2048, 2048, 2048, 2048, 2048, 2048]","[2048, 2048, 2048, 2048, 2048, 2048, 2048, 2048, 2048, 2048]","[2048, 2048, 2048, 2048, 2048, 2048, 2048, 2049]",309.0
1269,9898,23,3,2025-09-19T12:06:59.309000+00:00,60.736,84.259,26.17,91.0,171.0,False,171.165,"[2048, 2048, 2048, 2048, 2048, 2048, 2048, 2048]","[2048, 2048, 2048, 2048, 2048, 2048, 2048, 2048, 2048, 2048]","[2048, 2048, 2048, 2048, 2048, 2048, 2049, 2049]",309.0
1269,9898,1,3,2025-09-19T12:07:08.544000+00:00,66.613,78.815,26.228,108.0,202.0,False,171.656,"[2048, 2048, 2048, 2048, 2048, 2048, 2048, 2048]","[2048, 2048, 2048, 2048, 2048, 2048, 2048, 2048, 2048, 2048]","[2048, 2048, 2048, 2048, 2048, 2048, 2048, 2049]",300.0
1269,9898,18,3,2025-09-19T12:07:36.031000+00:00,63.59,62.566,27.554,48.0,114.0,False,153.71,"[2048, 2048, 2048, 2048, 2048, 2048, 2048, 2048]","[2048, 2048, 2048, 2048, 2048, 2048, 2048, 2048, 2048, 2048]","[2048, 2048, 2048, 2048, 2048, 2048, 2049, 2049]",301.0
1269,9898,27,4,2025-09-19T12:07:49.114000+00:00,36.2,42.166,24.698,228.0,241.0,False,103.064,"[2049, 2049, 2049, 2051, 2049, 2049, 2049, 2051]","[2048, 2048, 2049, 2049, 2048, 2049, 2049, 2049, 2049, 2051]","[2048, 2049, 2051, 2051, 2049, 2049, 2049, 2049]",325.0
1269,9898,63,2,2025-09-19T12:07:59.312000+00:00,36.329,41.771,24.859,220.0,235.0,False,102.959,"[2049, 2049, 2049, 2049, 2049, 2049, 2049, 2049]","[2049, 2049, 2049, 2049, 2049, 2049, 2049, 2049, 2049, 2049]","[2049, 2049, 2049, 2049, 2049, 2049, 2049, 2049]",322.0
1269,9898,5,4,2025-09-19T12:08:03.265000+00:00,36.235,41.736,24.59,221.0,233.0,False,102.561,"[2049, 2049, 2049, 2049, 2049, 2049, 2049, 2049]","[2049, 2051, 2049, 2049, 2049, 2049, 2049, 2049, 2049, 2049]","[2048, 2049, 2049, 2051, 2051, 2051, 2051, 2051]",328.0
1269,9898,43,3,2025-09-19T12:08:05.375000+00:00,76.127,71.511,26.506,93.0,174.0,False,174.144,"[2048, 2048, 2048, 2048, 2048, 2048, 2048, 2048]","[2048, 2048, 2048, 2048, 2048, 2048, 2048, 2048, 2048, 2048]","[2048, 2048, 2048, 2048, 2048, 2048, 2048, 2048]",304.0
1269,9898,16,3,2025-09-19T12:08:12.429000+00:00,36.005,41.698,24.504,227.0,240.0,False,102.207,"[None, 2051, 2049, 2048, 2048, 2049, 2048, 2049]","[2049, 2049, 2049, 2049, 2049, 2049, 2051, 2051, 2051, 2049]","[2049, 2049, 2051, 2049, 2049, 2049, 2049, 2049]",327.0
1269,9898,55,3,2025-09-19T12:08:14.177000+00:00,68.057,65.797,26.701,103.0,151.0,False,160.555,"[2048, 2048, 2048, 2048, 2048, 2048, 2048, 2048]","[2048, 2048, 2048, 2048, 2048, 2048, 2048, 2048, 2048, 2048]","[2048, 2048, 2048, 2048, 2048, 2048, 2048, 2048]",301.0
1269,9898,10,3,2025-09-19T12:08:15.546000+00:00,37.077,42.794,25.054,203.0,223.0,False,104.925,"[2048, 2049, 2049, 2049, 2049, 2049, 2049, 2048]","[2049, 2049, 2049, 2049, 2049, 2049, 2049, 2049, 2049, 2049]","[2049, 2048, 2049, 2049, 2049, 2049, 2051, 2051]",326.0
1269,9898,44,3,2025-09-19T12:08:21.779000+00:00,36.438,41.845,24.666,207.0,227.0,False,102.949,"[2049, 2048, 2048, 2049, 2048, 2049, 2048, 2048]","[2048, 2049, 2049, 2049, 2049, 2051, 2049, 2049, 2049, 2049]","[2049, 2051, 2049, 2049, 2049, 2049, 2049]",324.0
1269,9898,4,2,2025-09-19T12:08:32.388000+00:00,35.879,41.51,24.81,224.0,228.0,False,102.199,"[2051, 2049, 2049, 2049, 2049, 2051, 2051, 2049]","[2051, 2049, 2049, 2051, 2049, 2049, 2049, 2049, 2049, 2049]","[2049, 2049, 2049, 2049, 2049, 2049, 2049]",322.0
1269,9898,31,4,2025-09-19T12:08:37.948000+00:00,36.658,41.924,26.139,212.0,235.0,False,104.721,"[None, 2049, 2049, 2049, 2049, 2049, 2049, 2049]","[2049, 2049, 2049, 2049, 2051, 2049, 2049, 2049, 2049, 2049]","[2048, 2048, 2048, 2048, 2048, 2048, 2049, 2049]",315.0
1269,9898,14,4,2025-09-19T12:08:49.908000+00:00,36.583,42.434,24.935,213.0,225.0,False,103.952,"[2049, 2048, 2049, 2049, 2049, 2049, 2048, 2048]","[2049, 2049, 2049, 2049, 2049, 2049, 2049, 2049, 2049, 2049]","[2049, 2049, 2049, 2049, 2049, 2049, 2049, 2049]",320.0
1269,9898,87,4,2025-09-19T12:09:00.860000+00:00,36.78,87.617,32.763,203.0,107.0,False,157.16,"[None, 2049, 2049, 2049, 2048, 2049, 2049, 2048]","[2049, 2049, 2049, 2048, 2048, 2048, 2048, 2048, 2048, 2048]","[2048, 2048, 2048, 2048, 2048, 2048, 2048, 2048]",295.0
1269,9898,81,4,2025-09-19T12:09:13.943000+00:00,66.46,53.533,25.959,157.0,201.0,True,145.952,"[2064, 2064, 2048, 2048, 2048, 2048, 2048, 2048]","[2048, 2048, 2048, 2048, 2048, 2048, 2048, 2048, 2048, 2048]","[2048, 2048, 2048, 2048, 2048, 2048, 2048, 2048]",306.0
1269,9898,12,4,2025-09-19T12:09:29.391000+00:00,36.377,58.366,37.554,217.0,116.0,False,132.297,"[None, 2049, 2049, 2049, 2049, 2049, 2049, 2048]","[2049, 2049, 2049, 2048, 2048, 2048, 2048, 2048, 2048, 2048]","[2048, 2048, 2048, 2048, 2048, 2048, 2048, 2048]",209.0
1269,9898,27,5,2025-09-19T12:09:31.740000+00:00,59.566,68.64,33.525,111.0,166.0,False,161.731,"[2048, 2048, 2048, 2048, 2048, 2048, 2048, 2048]","[2048, 2048, 2048, 2048, 2048, 2048, 2048, 2048, 2048, 2048]","[2048, 2048, 2048, 2048, 2048, 2048, 2048, 2048]",289.0
1269,9898,30,4,2025-09-19T12:09:33.178000+00:00,73.667,54.269,26.693,169.0,157.0,True,154.629,"[2064, 2064, 2048, 2048, 2048, 2048, 2048, 2048]","[2048, 2048, 2048, 2048, 2048, 2048, 2048, 2048, 2049, 2048]","[2048, 2048, 2049, 2049, 2049, 2049, 2049, 2049]",315.0
1269,9898,22,4,2025-09-19T12:09:35.287000+00:00,36.499,42.103,24.813,222.0,223.0,False,103.415,"[2049, 2049, 2049, 2048, 2049, 2049, 2049, 2049]","[2049, 2049, 2049, 2049, 2048, 2048, 2048, 2049, 2049, 2048]","[2048, 2049, 2049, 2048, 2048, 2048, 2049]",323.0
1269,9898,63,3,2025-09-19T12:09:42.178000+00:00,66.101,73.27,39.371,113.0,109.0,False,178.742,"[2048, 2048, 2048, 2048, 2048, 2048, 2048, 2048]","[2048, 2048, 2048, 2048, 2048, 2048, 2048, 2048, 2048, 2048]","[2048, 2048, 2048, 2048, 2048, 2048, 2048, 2048]",216.0
1269,9898,6,4,2025-09-19T12:09:44.334000+00:00,36.637,42.201,24.834,204.0,239.0,False,103.672,"[None, 2049, 2049, 2049, 2049, 2049, 2049, 2048]","[2049, 2049, 2049, 2049, 2049, 2049, 2049, 2049, 2049, 2049]","[2049, 2049, 2049, 2048, 2048, 2048, 2048]",321.0
1269,9898,5,5,2025-09-19T12:09:45.756000+00:00,64.609,75.14,30.826,121.0,63.0,False,170.575,"[2048, 2048, 2048, 2048, 2048, 2048, 2048, 2048]","[2048, 2048, 2048, 2048, 2048, 2048, 2048, 2048, 2048, 2048]","[2048, 2048, 2048, 2048, 2048, 2048, 2048, 2048]",290.0
1269,9898,23,4,2025-09-19T12:09:50.272000+00:00,36.213,41.755,24.897,209.0,238.0,False,102.865,"[2049, 2048, 2049, 2049, 2049, 2049, 2049, 2048]","[2049, 2049, 2048, 2049, 2048, 2048, 2049, 2049, 2049, 2049]","[2048, 2048, 2049, 2049, 2049, 2049, 2049, 2048]",320.0
1269,9898,16,4,2025-09-19T12:09:54.631000+00:00,64.414,77.423,26.835,104.0,145.0,False,168.672,"[2048, 2048, 2048, 2048, 2048, 2048, 2048, 2048]","[2048, 2048, 2048, 2048, 2048, 2048, 2048, 2048, 2048, 2048]","[2048, 2048, 2048, 2048, 2048, 2048, 2048, 2048]",308.0
1269,9898,1,4,2025-09-19T12:10:00.365000+00:00,36.004,41.761,24.73,223.0,239.0,False,102.495,"[2049, 2049, 2051, 2049, 2049, 2049, 2049, 2049]","[2049, 2049, 2051, 2049, 2048, 2049, 2049, 2049, 2049, 2049]","[2049, 2049, 2049, 2049, 2049, 2049, 2049, 2049]",322.0
1269,9898,10,4,2025-09-19T12:10:00.603000+00:00,64.994,74.016,32.592,87.0,82.0,False,171.602,"[None, 2048, 2048, 2048, 2048, 2048, 2048, 2048]","[2048, 2048, 2048, 2048, 2048, 2048, 2048, 2048, 2048, 2048]","[2048, 2048, 2048, 2048, 2048, 2048, 2048, 2048]",271.0
1269,9898,44,4,2025-09-19T12:10:04.725000+00:00,74.938,87.749,26.434,94.0,134.0,False,189.121,"[2048, 2048, 2048, 2048, 2048, 2048, 2048, 2048]","[2048, 2048, 2048, 2048, 2048, 2048, 2048, 2048, 2048, 2048]","[2048, 2048, 2048, 2048, 2048, 2048]",305.0
1269,9898,18,4,2025-09-19T12:10:09.933000+00:00,36.713,42.589,24.967,213.0,227.0,False,104.269,"[2049, 2049, 2049, 2048, 2048, 2049, 2049, 2049]","[2048, 2048, 2049, 2048, 2049, 2049, 2049, 2049, 2048, 2049]","[2049, 2049, 2049, 2049, 2049, 2049, 2049, 2049]",320.0
1269,9898,4,3,2025-09-19T12:10:14.365000+00:00,60.082,71.556,39.293,116.0,127.0,False,170.931,"[2048, 2048, 2048, 2048, 2048, 2048, 2048, 2048]","[2048, 2048, 2048, 2048, 2048, 2048, 2048, 2048, 2048, 2048]","[2048, 2048, 2048, 2048, 2048, 2048, 2048, 2048]",176.0
1269,9898,31,5,2025-09-19T12:10:22.452000+00:00,63.645,65.545,27.265,104.0,185.0,False,156.455,"[None, 2048, 2048, 2048, 2048, 2048, 2048, 2048]","[2048, 2048, 2048, 2048, 2048, 2048, 2048, 2048, 2048, 2048]","[2048, 2048, 2048, 2048, 2048, 2048, 2048, 2048]",293.0
1269,9898,14,5,2025-09-19T12:10:33.803000+00:00,58.588,65.281,30.094,110.0,72.0,False,153.963,"[2048, 2048, 2048, 2048, 2048, 2048, 2048, 2048]","[2048, 2048, 2048, 2048, 2048, 2048, 2048, 2048, 2048, 2048]","[2048, 2048, 2048, 2048, 2048, 2048, 2048, 2048]",303.0
1269,9898,55,4,2025-09-19T12:10:54.778000+00:00,36.213,41.783,24.738,219.0,229.0,False,102.734,"[2049, 2049, 2049, 2049, 2049, 2049, 2049, 2049]","[2048, 2048, 2049, 2049, 2048, 2049, 2049, 2049, 2049, 2049]","[2049, 2049, 2049, 2049, 2048, 2048, 2048, 2048]",320.0
1269,9898,43,4,2025-09-19T12:10:59.553000+00:00,36.908,42.8,24.529,197.0,227.0,False,104.237,"[2049, 2049, 2049, 2049, 2049, 2049, 2048, 2048]","[2049, 2048, 2049, 2049, 2049, 2049, 2049, 2049, 2049, 2049]","[2049, 2049, 2049, 2049, 2051, 2051, 2049, 2049]",328.0
1269,9898,81,5,2025-09-19T12:11:17.215000+00:00,36.15,41.879,24.836,215.0,236.0,False,102.865,"[2048, 2049, 2049, 2049, 2048, 2049, 2049, 2048]","[2049, 2048, 2049, 2048, 2048, 2049, 2049, 2049, 2049, 2049]","[2048, 2048, 2048, 2049, 2049, 2049, 2049, 2049]",321.0
1269,9898,22,5,2025-09-19T12:11:18.496000+00:00,80.01,69.534,26.489,82.0,167.0,False,176.033,"[2048, 2048, 2048, 2048, 2048, 2048, 2048, 2048]","[2048, 2048, 2048, 2048, 2048, 2048, 2048, 2048, 2048, 2048]","[2048, 2048, 2048, 2048, 2048, 2048, 2048, 2048]",307.0
1269,9898,6,5,2025-09-19T12:11:27.825000+00:00,63.984,69.728,27.466,85.0,192.0,False,161.178,"[None, 2048, 2048, 2048, 2048, 2048, 2048, 2048]","[2048, 2048, 2048, 2048, 2048, 2048, 2048, 2048, 2048, 2048]","[2048, 2048, 2048, 2048, 2048, 2048, 2048, 2048]",306.0
1269,9898,23,5,2025-09-19T12:11:33.106000+00:00,70.487,79.396,26.146,94.0,179.0,False,176.029,"[2048, 2048, 2048, 2048, 2048, 2048, 2048, 2048]","[2048, 2048, 2048, 2048, 2048, 2048, 2048, 2048, 2048, 2048]","[2048, 2048, 2048, 2048, 2048, 2048, 2048, 2048]",309.0
1269,9898,30,5,2025-09-19T12:11:37.978000+00:00,36.127,41.847,24.682,210.0,231.0,False,102.656,"[2049, 2049, 2049, 2051, 2049, 2049, 2049, 2049]","[2049, 2049, 2049, 2049, 2049, 2049, 2049, 2048, 2049, 2051]","[2049, 2049, 2049, 2049, 2049, 2049, 2049]",324.0
1269,9898,87,5,2025-09-19T12:11:38.124000+00:00,57.23,51.71,26.323,147.0,205.0,False,135.263,"[None, 2048, 2048, 2048, 2048, 2048, 2048, 2048]","[2048, 2048, 2048, 2048, 2048, 2048, 2048, 2049, 2049, 2048]","[2048, 2049, 2048, 2048, 2048, 2048, 2048, 2048]",300.0
1269,9898,12,5,2025-09-19T12:11:41.749000+00:00,66.696,65.12,26.47,121.0,172.0,False,158.286,"[None, 2048, 2048, 2048, 2048, 2048, 2048, 2048]","[2048, 2048, 2048, 2048, 2048, 2048, 2048, 2048, 2048, 2048]","[2048, 2048, 2048, 2048, 2048, 2048, 2048, 2048]",305.0
1269,9898,1,5,2025-09-19T12:11:43.332000+00:00,72.098,77.312,26.536,112.0,205.0,False,175.946,"[2048, 2048, 2048, 2048, 2048, 2048, 2048, 2048]","[2048, 2048, 2048, 2048, 2048, 2048, 2048, 2048, 2048, 2048]","[2048, 2048, 2048, 2048, 2048, 2048, 2048, 2048]",298.0
1269,9898,18,5,2025-09-19T12:11:54.045000+00:00,57.719,63.229,31.062,107.0,149.0,False,152.01,"[2048, 2048, 2048, 2048, 2048, 2048, 2048, 2048]","[2048, 2048, 2048, 2048, 2048, 2048, 2048, 2048, 2048, 2048]","[2048, 2048, 2048, 2048, 2048, 2048, 2064, 2064]",304.0
1269,9898,27,6,2025-09-19T12:12:13.636000+00:00,36.549,41.905,24.892,217.0,231.0,False,103.346,"[None, 2048, 2048, 2048, 2048, 2049, 2049, 2048]","[2049, 2049, 2048, 2048, 2049, 2048, 2048, 2049, 2051, 2048]","[2048, 2048, 2048, 2048, 2048, 2048, 2048, 2048]",319.0
1269,9898,5,6,2025-09-19T12:12:36.379000+00:00,36.831,44.401,26.519,219.0,217.0,False,107.751,"[None, 2048, 2048, 2048, 2048, 2048, 2048, 2048]","[2049, 2048, 2049, 2048, 2048, 2048, 2048, 2048, 2048, 2048]","[2048, 2048, 2048, 2048, 2048, 2048, 2048, 2048]",299.0
1269,9898,55,5,2025-09-19T12:12:37.485000+00:00,72.919,73.392,27.396,59.0,171.0,False,173.707,"[2048, 2048, 2048, 2048, 2048, 2048, 2048, 2048]","[2048, 2048, 2048, 2048, 2048, 2048, 2048, 2048, 2048, 2048]","[2048, 2048, 2048, 2048, 2048, 2048, 2048, 2048]",291.0
1269,9898,63,4,2025-09-19T12:12:40.949000+00:00,58.939,60.156,27.061,148.0,195.0,False,146.156,"[None, 2048, 2048, 2048, 2048, 2048, 2048, 2048]","[2048, 2048, 2048, 2048, 2048, 2048, 2048, 2048, 2048, 2048]","[2048, 2048, 2048, 2048, 2048, 2048, 2048, 2048]",307.0
1269,9898,16,5,2025-09-19T12:12:43.479000+00:00,35.8,41.445,24.541,222.0,239.0,False,101.786,"[None, 2051, 2049, 2048, 2048, 2049, 2049, 2048]","[2049, 2048, 2049, 2049, 2049, 2049, 2051, 2048, 2048, 2049]","[2048, 2048, 2051, 2049, 2049, 2049, 2049, 2049]",328.0
1269,9898,43,5,2025-09-19T12:12:43.702000+00:00,78.787,79.17,26.726,75.0,183.0,False,184.683,"[2048, 2048, 2048, 2048, 2048, 2048, 2048, 2048]","[2048, 2048, 2048, 2048, 2048, 2048, 2048, 2048, 2048, 2048]","[2048, 2048, 2048, 2048, 2048, 2048, 2048, 2048]",298.0
1269,9898,10,5,2025-09-19T12:12:52.203000+00:00,52.625,61.687,26.181,74.0,188.0,False,140.493,"[None, 2048, 2048, 2048, 2048, 2048, 2048, 2048]","[2048, 2048, 2048, 2048, 2048, 2048, 2048, 2048, 2048, 2048]","[2048, 2048, 2048, 2048, 2048, 2048, 2048, 2048]",306.0
1269,9898,31,6,2025-09-19T12:12:59.139000+00:00,36.65,42.0,25.119,199.0,221.0,False,103.769,"[None, 2048, 2049, 2048, 2049, 2048, 2049, 2048]","[2048, 2048, 2048, 2049, 2048, 2049, 2049, 2048, 2049, 2048]","[2049, 2049, 2049, 2049, 2049, 2049, 2049]",316.0
1269,9898,81,6,2025-09-19T12:13:00.006000+00:00,56.565,56.012,39.673,161.0,155.0,False,152.25,"[None, 2048, 2048, 2048, 2048, 2048, 2048, 2048]","[2048, 2048, 2048, 2048, 2048, 2048, 2048, 2048, 2048, 2048]","[2048, 2048, 2048, 2048, 2048, 2048, 2064, 2064]",226.0
1269,9898,4,4,2025-09-19T12:13:05.477000+00:00,60.963,62.492,30.128,113.0,122.0,False,153.583,"[None, 2048, 2048, 2048, 2048, 2048, 2048, 2048]","[2048, 2048, 2048, 2048, 2048, 2048, 2048, 2048, 2048, 2048]","[2048, 2048, 2048, 2048, 2048, 2048, 2048, 2048]",307.0
1269,9898,14,6,2025-09-19T12:13:07.892000+00:00,36.665,44.114,34.858,214.0,161.0,False,115.637,"[None, 2049, 2049, 2048, 2049, 2049, 2048, 2048]","[2049, 2048, 2049, 2048, 2049, 2049, 2049, 2049, 2048, 2048]","[2048, 2048, 2048, 2048, 2048, 2048, 2048, 2048]",210.0
1269,9898,44,5,2025-09-19T12:13:14.421000+00:00,35.758,41.427,24.753,220.0,225.0,False,101.938,"[None, 2049, 2049, 2051, 2051, 2051, 2048, 2049]","[2049, 2048, 2051, 2049, 2049, 2051, 2049, 2049, 2049, 2049]","[2049, 2048, 2048, 2048, 2048, 2048, 2048, 2048]",321.0
1269,9898,30,6,2025-09-19T12:13:20.506000+00:00,44.874,49.038,35.004,183.0,180.0,False,128.916,"[2048, 2048, 2048, 2048, 2048, 2048, 2048, 2048]","[2048, 2048, 2048, 2048, 2048, 2048, 2048, 2048, 2048, 2048]","[2048, 2048, 2048, 2048, 2048, 2048, 2064, 2064]",249.0
1269,9898,87,6,2025-09-19T12:13:53.343000+00:00,36.488,42.49,25.025,200.0,227.0,False,104.003,"[None, 2049, 2049, 2049, 2048, 2048, 2049, 2048]","[2049, 2048, 2049, 2049, 2049, 2048, 2048, 2049, 2049, 2049]","[2049, 2049, 2049, 2049, 2049, 2049, 2049, 2049]",320.0
1269,9898,27,7,2025-09-19T12:13:56.826000+00:00,42.192,51.572,33.691,176.0,166.0,False,127.455,"[None, 2048, 2048, 2048, 2048, 2048, 2048, 2048]","[2048, 2048, 2048, 2048, 2048, 2048, 2048, 2048, 2048, 2048]","[2048, 2048, 2048, 2048, 2048, 2048, 2064, 2064]",297.0
1269,9898,6,6,2025-09-19T12:14:09.226000+00:00,36.105,41.78,24.558,225.0,242.0,False,102.443,"[None, 2049, 2049, 2049, 2049, 2049, 2049, 2049]","[2049, 2049, 2049, 2049, 2048, 2049, 2049, 2049, 2049, 2049]","[2048, 2049, 2049, 2049, 2049, 2049, 2049]",325.0
1269,9898,22,6,2025-09-19T12:14:14.679000+00:00,36.12,41.865,30.733,225.0,237.0,False,108.718,"[None, 2049, 2049, 2049, 2049, 2049, 2049, 2049]","[2048, 2049, 2049, 2048, 2049, 2049, 2049, 2049, 2048, 2049]","[2048, 2048, 2048, 2048, 2048, 2048, 2048, 2048]",292.0
1269,9898,12,6,2025-09-19T12:14:20.023000+00:00,36.209,41.904,24.69,220.0,232.0,False,102.803,"[2049, 2048, 2049, 2049, 2049, 2049, 2049, 2048]","[2048, 2049, 2049, 2049, 2049, 2049, 2049, 2049, 2049, 2049]","[2049, 2049, 2049, 2049, 2049, 2049, 2049]",324.0
1269,9898,5,7,2025-09-19T12:14:24.132000+00:00,57.839,59.848,26.66,106.0,199.0,False,144.347,"[None, 2048, 2048, 2048, 2048, 2048, 2048, 2048]","[2048, 2048, 2048, 2048, 2048, 2048, 2048, 2048, 2048, 2048]","[2048, 2048, 2048, 2048, 2048, 2048, 2048]",300.0
1269,9898,16,6,2025-09-19T12:14:25.118000+00:00,57.198,73.024,26.621,112.0,128.0,False,156.843,"[None, 2048, 2048, 2048, 2048, 2048, 2048, 2048]","[2048, 2048, 2048, 2048, 2048, 2048, 2048, 2048, 2048, 2048]","[2048, 2048, 2048, 2048, 2048, 2048, 2048, 2048]",307.0
1269,9898,23,6,2025-09-19T12:14:29.178000+00:00,35.953,41.45,25.215,218.0,245.0,False,102.618,"[None, 2049, 2051, 2049, 2049, 2049, 2048, 2049]","[2048, 2048, 2049, 2049, 2048, 2049, 2049, 2049, 2049, 2049]","[2048, 2048, 2048, 2048, 2049, 2049, 2049]",319.0
1269,9898,1,6,2025-09-19T12:14:38.780000+00:00,36.106,41.539,24.857,225.0,237.0,False,102.502,"[None, 2049, 2048, 2048, 2049, 2048, 2048, 2049]","[2049, 2049, 2049, 2048, 2048, 2048, 2048, 2049, 2049, 2049]","[2048, 2048, 2048, 2048, 2048, 2048, 2048, 2048]",321.0
1269,9898,31,7,2025-09-19T12:14:42.978000+00:00,43.058,59.672,31.696,162.0,115.0,False,134.426,"[None, 2048, 2048, 2048, 2048, 2048, 2048, 2048]","[2048, 2048, 2048, 2048, 2048, 2048, 2048, 2048, 2048, 2048]","[2048, 2048, 2048, 2048, 2048, 2048, 2064, 2064]",293.0
1269,9898,44,6,2025-09-19T12:14:55.765000+00:00,84.218,77.45,28.81,102.0,57.0,False,190.478,"[None, 2048, 2048, 2048, 2048, 2048, 2048, 2048]","[2048, 2048, 2048, 2048, 2048, 2048, 2048, 2048, 2048, 2048]","[2048, 2048, 2048, 2048, 2048, 2048, 2048, 2048]",305.0
1269,9898,14,7,2025-09-19T12:15:03.529000+00:00,53.307,55.285,26.909,127.0,174.0,False,135.501,"[None, 2048, 2048, 2048, 2048, 2048, 2048, 2048]","[2048, 2048, 2048, 2048, 2048, 2048, 2048, 2048, 2048, 2048]","[2048, 2048, 2048, 2048, 2048, 2048, 2048, 2048]",307.0
1269,9898,63,5,2025-09-19T12:15:07.135000+00:00,36.375,41.515,24.748,230.0,237.0,False,102.638,"[None, 2049, 2048, 2048, 2048, 2049, 2049, 2049]","[2049, 2048, 2049, 2048, 2049, 2049, 2049, 2049, 2049, 2049]","[2049, 2048, 2048, 2049, 2049, 2049, 2049]",323.0
1269,9898,10,6,2025-09-19T12:15:12.978000+00:00,36.7,42.309,24.936,212.0,226.0,False,103.945,"[None, 2049, 2049, 2049, 2049, 2049, 2049, 2049]","[2049, 2048, 2049, 2049, 2049, 2049, 2049, 2049, 2049, 2049]","[2049, 2049, 2048, 2048, 2048, 2048]",322.0
1269,9898,55,6,2025-09-19T12:15:31.249000+00:00,36.017,41.365,24.873,222.0,236.0,False,102.255,"[2049, 2049, 2049, 2048, 2049, 2049, 2049, 2049]","[2048, 2049, 2051, 2049, 2049, 2049, 2048, 2049, 2049, 2049]","[2051, 2048, 2048, 2048, 2048, 2048, 2048]",319.0
1269,9898,87,7,2025-09-19T12:15:37.602000+00:00,42.149,44.676,31.077,191.0,206.0,False,117.902,"[None, 2048, 2048, 2048, 2048, 2048, 2048, 2048]","[2048, 2048, 2048, 2048, 2048, 2048, 2048, 2048, 2048, 2048]","[2048, 2048, 2048, 2048, 2048, 2048, 2064, 2064]",299.0
1269,9898,4,5,2025-09-19T12:15:39.093000+00:00,35.837,41.0,31.788,221.0,228.0,False,108.625,"[None, 2049, 2049, 2049, 2048, 2051, 2048, 2048]","[2051, 2049, 2049, 2048, 2051, 2049, 2049, 2049, 2051, 2049]","[2049, 2049, 2049, 2048, 2048, 2048, 2064, 2064]",296.0
1269,9898,18,6,2025-09-19T12:15:45.615000+00:00,,49.871,26.287,140.0,159.0,True,198.063,"[2064, 2064, 2048, 2048, 2048, 2048, 2048, 2048]","[2048, 2048, 2048, 2048, 2048, 2048, 2048, 2048, 2048, 2048]","[2048, 2048, 2048, 2048, 2048, 2048, 2048, 2048]",305.0
1269,9898,43,6,2025-09-19T12:15:48.506000+00:00,36.636,68.597,32.948,200.0,124.0,False,138.181,"[None, 2049, 2049, 2049, 2049, 2048, 2049, 2049]","[2048, 2048, 2048, 2048, 2048, 2048, 2048, 2048, 2048, 2048]","[2048, 2048, 2048, 2048, 2048, 2048, 2064, 2064]",262.0
1269,9898,6,7,2025-09-19T12:15:51.533000+00:00,50.406,53.023,34.228,165.0,174.0,False,137.657,"[None, 2048, 2048, 2048, 2048, 2048, 2048, 2048]","[2048, 2048, 2048, 2048, 2048, 2048, 2048, 2048, 2048, 2048]","[2048, 2048, 2048, 2048, 2048, 2048, 2064, 2064]",294.0
1269,9898,81,7,2025-09-19T12:15:54.903000+00:00,77.166,,,172.0,,True,173.517,"[2064, 2064, 2048, 2048, 2048, 2048, 2048, 2048]","[2048, 2048, 2048, 2048, 2048, 2048, 2048, 2048, 2048, 0]","[0, 2048, 2048, 2048, 2048, 2048, 2048, 2048]",306.0
1269,9898,12,7,2025-09-19T12:16:02.607000+00:00,45.366,52.277,31.585,151.0,153.0,False,129.228,"[2048, 2048, 2048, 2048, 2048, 2048, 2048, 2048]","[2048, 2048, 2048, 2048, 2048, 2048, 2048, 2048, 2048, 2048]","[2048, 2048, 2048, 2048, 2048, 2048, 2064, 2064]",307.0
1269,9898,22,7,2025-09-19T12:16:03.341000+00:00,51.53,52.085,34.277,158.0,186.0,False,137.892,"[None, 2048, 2048, 2048, 2048, 2048, 2048, 2048]","[2048, 2048, 2048, 2048, 2048, 2048, 2048, 2048, 2048, 2048]","[2048, 2048, 2048, 2048, 2048, 2048, 2064, 2064]",294.0
1269,9898,23,7,2025-09-19T12:16:11.545000+00:00,75.026,69.94,25.962,102.0,200.0,False,170.928,"[None, 2048, 2048, 2048, 2048, 2048, 2048, 2048]","[2048, 2048, 2048, 2048, 2048, 2048, 2048, 2048, 2048, 2048]","[2048, 2048, 2048, 2048, 2048, 2048, 2048, 2048]",306.0
1269,9898,1,7,2025-09-19T12:16:21.170000+00:00,40.966,49.842,31.361,184.0,179.0,False,122.169,"[None, 2048, 2048, 2048, 2048, 2048, 2048, 2048]","[2048, 2048, 2048, 2048, 2048, 2048, 2048, 2048, 2048, 2048]","[2048, 2048, 2048, 2048, 2048, 2048, 2064, 2064]",298.0
1269,9898,5,8,2025-09-19T12:16:48.652000+00:00,36.649,41.987,28.647,215.0,231.0,False,107.283,"[None, 2048, 2048, 2048, 2048, 2048, 2048, 2048]","[2049, 2048, 2049, 2048, 2049, 2048, 2048, 2048, 2048, 2048]","[2049, 2048, 2048, 2048, 2048, 2048, 2064, 2064]",319.0
1269,9898,63,6,2025-09-19T12:16:50.126000+00:00,44.892,54.748,32.212,158.0,176.0,False,131.852,"[None, 2048, 2048, 2048, 2048, 2048, 2048, 2048]","[2048, 2048, 2048, 2048, 2048, 2048, 2048, 2048, 2048, 2048]","[2048, 2048, 2048, 2048, 2048, 2048, 2064, 2064]",279.0
1269,9898,10,7,2025-09-19T12:16:56.797000+00:00,51.099,57.981,35.734,147.0,143.0,False,144.814,"[None, 2048, 2048, 2048, 2048, 2048, 2048, 2048]","[2048, 2048, 2048, 2048, 2048, 2048, 2048, 2048, 2048, 2048]","[2048, 2048, 2048, 2048, 2048, 2048, 2064, 2064]",311.0
1269,9898,16,7,2025-09-19T12:17:02.078000+00:00,42.957,58.803,26.199,151.0,174.0,False,127.959,"[2049, 2048, 2048, 2048, 2048, 2048, 2048, 2048]","[2048, 2048, 2048, 2048, 2048, 2048, 2048, 2048, 2048, 2048]","[2048, 2048, 2048, 2048, 2048, 2048, 2048, 2048]",307.0
1269,9898,55,7,2025-09-19T12:17:14.179000+00:00,50.431,50.23,32.839,154.0,191.0,False,133.5,"[2048, 2048, 2048, 2048, 2048, 2048, 2048, 2048]","[2048, 2048, 2048, 2048, 2048, 2048, 2048, 2048, 2051, 2048]","[2048, 2048, 2048, 2048, 2048, 2048, 2064, 2064]",246.0
1269,9898,14,8,2025-09-19T12:17:18.913000+00:00,36.432,42.482,24.783,217.0,225.0,False,103.697,"[None, 2049, 2049, 2049, 2048, 2049, 2049, 2048]","[2048, 2048, 2049, 2048, 2048, 2048, 2048, 2048, 2049, 2048]","[2048, 2048, 2049, 2049, 2049, 2049, 2049, 2049]",325.0
1269,9898,18,7,2025-09-19T12:17:44.116000+00:00,36.388,42.418,24.983,214.0,215.0,False,103.789,"[2048, 2049, 2049, 2048, 2049, 2049, 2049, 2049]","[2048, 2049, 2049, 2049, 2049, 2049, 2049, 2049, 2049, 2048]","[2049, 2048, 2048, 2048, 2048, 2048, 2048, 2049]",319.0
1269,9898,44,7,2025-09-19T12:18:06.382000+00:00,35.622,41.126,24.795,225.0,241.0,False,101.543,"[None, 2051, 2049, 2048, 2048, 2051, 2049, 2049]","[2049, 2048, 2049, 2049, 2049, 2051, 2048, 2048, 2049, 2049]","[2049, 2048, 2048, 2048, 2048, 2048, 2048, 2048]",319.0
1269,9898,81,8,2025-09-19T12:18:25.839000+00:00,35.769,41.342,32.811,231.0,233.0,False,109.922,"[2048, 2049, 2051, 2049, 2049, 2049, 2049, 2051]","[2048, 2049, 2051, 2049, 2049, 2048, 2048, 2049, 2049, 2049]","[2048, 2049, 2048, 2048, 2048, 2048, 2064, 2064]",295.0
1269,9898,14,9,2025-09-19T12:19:02.589000+00:00,48.803,52.04,37.093,152.0,141.0,False,137.936,"[None, 2048, 2048, 2048, 2048, 2048, 2048, 2048]","[2048, 2048, 2048, 2048, 2048, 2048, 2048, 2048, 2048, 2048]","[2048, 2048, 2048, 2048, 2048, 2048, 2064, 2064]",278.0
1269,9898,23,8,2025-09-19T12:19:02.698000+00:00,35.964,41.373,31.676,220.0,237.0,False,109.013,"[None, 2049, 2048, 2048, 2048, 2049, 2051, 2048]","[2048, 2049, 2049, 2048, 2049, 2049, 2048, 2048, 2049, 2048]","[2051, 2048, 2048, 2048, 2048, 2048, 2064, 2064]",311.0
1269,9898,16,8,2025-09-19T12:19:10.026000+00:00,35.772,56.413,26.423,227.0,156.0,False,118.608,"[None, 2048, 2048, 2049, 2049, 2049, 2048, 2048]","[2048, 2048, 2048, 2048, 2048, 2048, 2048, 2048, 2048, 2048]","[2048, 2048, 2048, 2048, 2048, 2048, 2048, 2048]",304.0
1269,9898,18,8,2025-09-19T12:19:28.261000+00:00,44.078,49.76,32.99,154.0,164.0,False,126.828,"[None, 2048, 2048, 2048, 2048, 2048, 2048, 2048]","[2048, 2048, 2048, 2048, 2048, 2048, 2048, 2048, 2048, 2048]","[2048, 2048, 2048, 2048, 2048, 2048, 2064, 2064]",301.0
1269,9898,44,8,2025-09-19T12:19:47.824000+00:00,55.204,49.664,31.026,149.0,198.0,False,135.894,"[None, 2048, 2048, 2048, 2048, 2048, 2048, 2048]","[2048, 2048, 2048, 2048, 2048, 2048, 2048, 2048, 2048, 2048]","[2048, 2048, 2048, 2048, 2048, 2048, 2064, 2064]",290.0
1269,9898,16,9,2025-09-19T12:21:08.575000+00:00,35.737,41.443,33.319,231.0,237.0,False,110.499,"[None, 2048, 2048, 2048, 2048, 2048, 2049, 2048]","[2049, 2048, 2049, 2049, 2048, 2048, 2048, 2048, 2048, 2049]","[2049, 2048, 2048, 2048, 2048, 2048, 2064, 2064]",253.0
1269,9898,43,7,2025-09-19T12:26:46.735000+00:00,,48.556,26.386,169.0,188.0,True,638.548,"[2064, 2064, 2048, 2048, 2048, 2048, 2048, 2048]","[2048, 2048, 2048, 2048, 2048, 2048, 2048, 2048, 2048, 2048]","[2048, 2048, 2048, 2048, 2048, 2048, 2048, 2048]",301.0
1269,9898,4,6,2025-09-19T12:27:41.567000+00:00,,49.045,25.842,194.0,200.0,True,727.791,"[2064, 2064, 2048, 2048, 2048, 2048, 2048, 2048]","[2048, 2048, 2048, 2048, 2048, 2048, 2048, 2048, 2048, 2048]","[2048, 2048, 2048, 2048, 2048, 2048, 2048, 2048]",307.0
1269,9898,18,9,2025-09-19T12:27:46.837000+00:00,,51.663,25.822,185.0,190.0,True,487.375,"[2064, 2064, 2048, 2048, 2048, 2048, 2048, 2048]","[2048, 2048, 2048, 2048, 2048, 2048, 2048, 2048, 2048, 2048]","[2048, 2048, 2048, 2048, 2048, 2048, 2048, 2049]",309.0
1269,9898,30,7,2025-09-19T12:27:50.990000+00:00,,48.374,25.738,183.0,206.0,True,858.551,"[2064, 2064, 2048, 2048, 2048, 2048, 2048, 2048]","[2048, 2048, 2048, 2048, 2048, 2048, 2048, 2048, 2048, 2048]","[2048, 2048, 2048, 2048, 2048, 2048, 2048, 2049]",314.0
1269,9898,23,9,2025-09-19T12:27:53.811000+00:00,,48.387,25.947,176.0,197.0,True,544.57,"[2064, 2064, 2048, 2048, 2048, 2048, 2048, 2048]","[2048, 2048, 2048, 2048, 2048, 2048, 2048, 2048, 2048, 2048]","[2048, 2048, 2048, 2048, 2048, 2048, 2048, 2048]",311.0
1269,9898,55,8,2025-09-19T12:27:58.323000+00:00,,48.46,25.809,182.0,201.0,True,639.85,"[2064, 2064, 2048, 2048, 2048, 2048, 2048, 2048]","[2048, 2048, 2048, 2048, 2048, 2048, 2048, 2048, 2048, 2048]","[2048, 2048, 2048, 2048, 2048, 2048, 2048, 2048]",305.0
1269,9898,6,8,2025-09-19T12:28:06.517000+00:00,,49.602,26.16,165.0,212.0,True,731.739,"[2064, 2064, 2048, 2048, 2048, 2048, 2048, 2048]","[2048, 2048, 2048, 2048, 2048, 2048, 2048, 2048, 2048, 2048]","[2048, 2048, 2048, 2048, 2048, 2048, 2048, 2048]",311.0
1269,9898,87,8,2025-09-19T12:28:16.290000+00:00,,48.888,25.814,167.0,208.0,True,769.663,"[2064, 2064, 2048, 2048, 2048, 2048, 2048, 2048]","[2048, 2048, 2048, 2048, 2048, 2048, 2048, 2048, 2048, 2048]","[2048, 2048, 2048, 2048, 2048, 2048, 2049, 2049]",309.0
1269,9898,31,8,2025-09-19T12:28:23.337000+00:00,,47.422,26.174,147.0,195.0,True,818.661,"[2064, 2064, 2048, 2048, 2048, 2048, 2048, 2048]","[2048, 2048, 2048, 2048, 2048, 2048, 2048, 2048, 2048, 2048]","[2048, 2048, 2048, 2048, 2048, 2048, 2048, 2048]",303.0
1269,9898,22,8,2025-09-19T12:28:35.743000+00:00,,48.739,25.858,162.0,195.0,True,741.59,"[2064, 2064, 2048, 2048, 2048, 2048, 2048, 2048]","[2048, 2048, 2048, 2048, 2048, 2048, 2048, 2048, 2048, 2048]","[2048, 2048, 2048, 2048, 2048, 2048, 2048, 0]",303.0
1269,9898,43,8,2025-09-19T12:28:45.181000+00:00,36.569,42.134,24.626,220.0,227.0,False,103.329,"[2048, 2049, 2048, 2048, 2049, 2048, 2048, 2049]","[2049, 2049, 2049, 2049, 2049, 2048, 2049, 2049, 2049, 2049]","[2049, 2049, 2048, 2048, 2048, 2048, 2048]",325.0
1269,9898,12,8,2025-09-19T12:28:46.634000+00:00,,49.011,25.776,157.0,207.0,True,769.223,"[2064, 2064, 2048, 2048, 2048, 2048, 2048, 2048]","[2048, 2048, 2048, 2048, 2048, 2048, 2048, 2048, 2048, 2048]","[2048, 2048, 2048, 2048, 2048, 2048, 2048, 2048]",310.0
1269,9898,27,8,2025-09-19T12:28:56.994000+00:00,,52.869,26.217,162.0,178.0,True,902.718,"[2064, 2064, 2048, 2048, 2048, 2048, 2048, 2048]","[2048, 2048, 2048, 2048, 2048, 2048, 2048, 2048, 2048, 2048]","[2048, 2048, 2048, 2048, 2048, 2048, 2048, 2048]",306.0
1269,9898,1,8,2025-09-19T12:29:01.259000+00:00,,57.057,25.52,193.0,221.0,True,773.489,"[2064, 2064, 2048, 2048, 2048, 2048, 2048, 2048]","[2048, 2048, 2048, 2048, 2048, 2048, 2048, 2048, 2048, 2048]","[2048, 2048, 2048, 2048, 2048, 2048, 2048, 2049]",309.0
1269,9898,10,8,2025-09-19T12:29:08.462000+00:00,,65.101,26.117,175.0,186.0,True,726.006,"[2064, 2064, 2048, 2048, 2048, 2048, 2048, 2048]","[2048, 2048, 2048, 2048, 2048, 2048, 2048, 2048, 2048, 2048]","[2048, 2048, 2048, 2048, 2048, 2048, 2048, 2048]",308.0
1269,9898,81,9,2025-09-19T12:29:19.056000+00:00,,56.691,25.786,62.0,200.0,True,679.469,"[2064, 2064, 2048, 2048, 2048, 2048, 2048, 2048]","[2048, 2048, 2048, 2048, 2048, 2048, 2048, 2048, 2048, 2048]","[2048, 2048, 2048, 2048, 2048, 2048, 2048, 2048]",310.0
1269,9898,14,10,2025-09-19T12:29:34.935000+00:00,,54.805,26.557,165.0,177.0,True,623.895,"[2064, 2064, 2048, 2048, 2048, 2048, 2048, 2048]","[2048, 2048, 2048, 2048, 2048, 2048, 2048, 2048, 2048, 2048]","[2048, 2048, 2048, 2048, 2048, 2048, 2048, 2048]",310.0
1269,9898,4,7,2025-09-19T12:29:35.437000+00:00,39.714,,,91.0,57.0,False,261.273,"[2048, 2051, 2049, 2048, 2049, 2048, 2048, 2048]","[2048, 2048, 2048, 2048, 2048, 2048, 2048, 2048, 2048, 2048]","[2048, 2048, 2048, 2048, 2048, 2048, 2064, 2064]",70.0
1269,9898,16,10,2025-09-19T12:29:40.881000+00:00,,60.903,26.062,182.0,203.0,True,543.747,"[2064, 2064, 2048, 2048, 2048, 2048, 2048, 2048]","[2048, 2048, 2048, 2048, 2048, 2048, 2048, 2048, 2048, 2048]","[2048, 2048, 2048, 2048, 2048, 2048, 2048, 2048]",306.0
1269,9898,18,10,2025-09-19T12:29:42.144000+00:00,36.252,42.342,24.743,212.0,233.0,False,103.337,"[2049, 2048, 2048, 2049, 2051, 2048, 2048, 2049]","[2048, 2049, 2048, 2049, 2049, 2049, 2049, 2048, 2048, 2049]","[2049, 2049, 2049, 2049, 2049, 2049, 2049, 2048]",323.0
1269,9898,5,9,2025-09-19T12:29:46.781000+00:00,,59.966,27.238,57.0,74.0,True,814.204,"[2064, 2064, 2048, 2048, 2048, 2048, 2048, 2048]","[2048, 2048, 2048, 2048, 2048, 2048, 2048, 2048, 2048, 2048]","[2048, 2048, 2048, 2048, 2048, 2048, 2048, 2048]",310.0
1269,9898,30,8,2025-09-19T12:29:47.968000+00:00,50.728,67.674,27.665,152.0,87.0,False,146.067,"[2049, 2049, 2048, 2048, 2048, 2048, 2048, 2048]","[2048, 2048, 2048, 2048, 2048, 2048, 2048, 2048, 2048, 2048]","[2048, 2048, 2048, 2048, 2048, 2048, 2049, 2049]",315.0
1269,9898,23,10,2025-09-19T12:29:56.281000+00:00,35.925,41.66,24.592,217.0,235.0,False,102.177,"[2049, 2048, 2048, 2049, 2048, 2048, 2048, 2049]","[2048, 2049, 2048, 2048, 2048, 2049, 2049, 2048, 2048, 2048]","[2048, 2049, 2049, 2049, 2049, 2049, 2049]",325.0
1269,9898,55,9,2025-09-19T12:30:06.906000+00:00,36.005,41.651,24.763,216.0,235.0,False,102.419,"[2049, 2048, 2048, 2049, 2049, 2048, 2048, 2048]","[2048, 2048, 2048, 2048, 2048, 2049, 2049, 2049, 2048, 2048]","[2048, 2048, 2049, 2049, 2049, 2048, 2048, 2048]",323.0
1269,9898,6,9,2025-09-19T12:30:21.109000+00:00,36.005,41.894,24.563,231.0,233.0,False,102.462,"[2049, 2048, 2049, 2048, 2049, 2049, 2049, 2049]","[2048, 2048, 2048, 2049, 2048, 2048, 2048, 2049, 2049, 2048]","[2048, 2048, 2048, 2049, 2049, 2049, 2049, 2049]",327.0
1269,9898,87,9,2025-09-19T12:30:24.969000+00:00,36.134,41.853,24.601,208.0,227.0,False,102.588,"[2049, 2048, 2048, 2049, 2049, 2049, 2049, 2049]","[2049, 2051, 2049, 2049, 2048, 2049, 2049, 2049, 2049, 2049]","[2049, 2049, 2049, 2049, 2049, 2049, 2049, 2049]",326.0
1269,9898,43,9,2025-09-19T12:30:28.425000+00:00,78.073,77.355,27.665,76.0,172.0,False,183.093,"[None, 2048, 2048, 2048, 2048, 2048, 2048, 2048]","[2048, 2048, 2048, 2048, 2048, 2048, 2048, 2048, 2048, 2048]","[2048, 2048, 2048, 2048, 2048, 2048, 2048, 2048]",293.0
1269,9898,31,9,2025-09-19T12:30:35.897000+00:00,36.054,41.741,24.785,207.0,225.0,False,102.58,"[2049, 2048, 2049, 2049, 2049, 2049, 2049, 2049]","[2048, 2048, 2049, 2049, 2048, 2049, 2049, 2049, 2049, 2048]","[2049, 2049, 2049, 2049, 2049, 2049, 2049, 2049]",321.0
1269,9898,22,9,2025-09-19T12:30:43.444000+00:00,51.659,54.073,25.937,116.0,175.0,False,131.669,"[2051, 2048, 2048, 2048, 2048, 2048, 2048, 2048]","[2048, 2048, 2048, 2048, 2048, 2048, 2048, 2048, 2048, 2048]","[2048, 2048, 2048, 2048, 2048, 2048, 2048, 2048]",307.0
1269,9898,12,9,2025-09-19T12:31:01.170000+00:00,90.219,65.851,25.651,118.0,206.0,False,181.721,"[2049, 2048, 2048, 2048, 2048, 2048, 2048, 2048]","[2048, 2048, 2048, 2048, 2048, 2048, 2048, 2048, 2048, 2048]","[2048, 2048, 2048, 2048, 2048, 2048, 2048, 2049]",312.0
1269,9898,27,9,2025-09-19T12:31:07.035000+00:00,36.173,41.81,24.837,210.0,234.0,False,102.82,"[2049, 2048, 2048, 2048, 2048, 2049, 2049, 2048]","[2048, 2048, 2048, 2049, 2049, 2048, 2048, 2049, 2048, 2048]","[2048, 2049, 2048, 2048, 2048, 2048, 2048]",321.0
1269,9898,1,9,2025-09-19T12:31:16.844000+00:00,35.687,41.544,24.705,225.0,230.0,False,101.936,"[2049, 2049, 2049, 2049, 2049, 2049, 2049, 2049]","[2048, 2048, 2048, 2049, 2048, 2049, 2049, 2049, 2049, 2048]","[2048, 2049, 2049, 2049, 2049, 2049, 2049, 2049]",322.0
1269,9898,18,11,2025-09-19T12:31:25.472000+00:00,61.815,56.847,35.673,140.0,143.0,False,154.335,"[2048, 2048, 2048, 2048, 2048, 2048, 2048, 2048]","[2048, 2048, 2048, 2048, 2048, 2048, 2048, 2048, 2048, 2048]","[2048, 2048, 2048, 2048, 2048, 2048, 2064, 2064]",296.0
1269,9898,10,9,2025-09-19T12:31:27.503000+00:00,53.988,55.959,26.383,161.0,194.0,False,136.33,"[2048, 2048, 2048, 2048, 2048, 2048, 2048, 2048]","[2048, 2048, 2048, 2048, 2048, 2048, 2048, 2048, 2048, 2048]","[2048, 2048, 2048, 2048, 2048, 2048, 2048, 2048]",305.0
1269,9898,81,10,2025-09-19T12:31:35.316000+00:00,52.211,56.177,26.469,178.0,156.0,False,134.857,"[2048, 2048, 2048, 2048, 2048, 2048, 2048, 2048]","[2048, 2048, 2048, 2048, 2048, 2048, 2048, 2048, 2048, 2048]","[2048, 2048, 2048, 2048, 2048, 2048, 2048, 2048]",310.0
1269,9898,23,11,2025-09-19T12:31:38.253000+00:00,65.707,78.984,26.77,108.0,159.0,False,171.461,"[2048, 2048, 2048, 2048, 2048, 2048, 2048, 2048]","[2048, 2048, 2048, 2048, 2048, 2048, 2048, 2048, 2048, 2048]","[2048, 2048, 2048, 2048, 2048, 2048, 2048, 2048]",302.0
1269,9898,14,11,2025-09-19T12:31:44.472000+00:00,41.197,59.817,29.819,139.0,88.0,False,130.833,"[2048, 2048, 2048, 2048, 2048, 2048, 2048, 2048]","[2048, 2048, 2048, 2048, 2048, 2048, 2048, 2048, 2048, 2048]","[2048, 2048, 2048, 2048, 2048, 2048, 2048, 2048]",309.0
1269,9898,55,10,2025-09-19T12:31:49.253000+00:00,68.006,85.278,34.95,111.0,139.0,False,188.234,"[2048, 2048, 2048, 2048, 2048, 2048, 2048, 2048]","[2048, 2048, 2048, 2048, 2048, 2048, 2048, 2048, 2048, 2048]","[2048, 2048, 2048, 2048, 2048, 2048, 2048, 2048]",263.0
1269,9898,16,11,2025-09-19T12:32:02.785000+00:00,42.206,62.054,26.14,143.0,193.0,False,130.4,"[2049, 2048, 2048, 2048, 2048, 2048, 2048, 2048]","[2048, 2048, 2048, 2048, 2048, 2048, 2048, 2048, 2048, 2048]","[2048, 2048, 2048, 2048, 2048, 2048, 2048, 2048]",307.0
1269,9898,6,10,2025-09-19T12:32:03.472000+00:00,71.395,70.728,44.136,100.0,116.0,False,186.259,"[2048, 2048, 2048, 2048, 2048, 2048, 2048, 2048]","[2048, 2048, 2048, 2048, 2048, 2048, 2048, 2048, 2048, 2048]","[2048, 2048, 2048, 2048, 2048, 2048, 2048, 2048]",185.0
1269,9898,87,10,2025-09-19T12:32:07.410000+00:00,68.471,66.735,44.306,106.0,95.0,False,179.512,"[2048, 2048, 2048, 2048, 2048, 2048, 2048, 2048]","[2048, 2048, 2048, 2048, 2048, 2048, 2048, 2048, 2048, 2048]","[2048, 2048, 2048, 2048, 2048, 2048, 2048, 2048]",188.0
1269,9898,5,10,2025-09-19T12:32:09.910000+00:00,68.03,58.486,28.445,121.0,151.0,False,154.961,"[2049, 2048, 2048, 2048, 2048, 2048, 2048, 2048]","[2048, 2048, 2048, 2048, 2048, 2048, 2048, 2048, 2048, 2048]","[2048, 2048, 2048, 2048, 2048, 2048, 2048, 2048]",308.0
1269,9898,30,9,2025-09-19T12:32:14.066000+00:00,36.039,41.586,24.364,216.0,219.0,False,101.989,"[2048, 2048, 2049, 2049, 2049, 2048, 2049, 2049]","[2049, 2049, 2049, 2049, 2049, 2048, 2049, 2048, 2049, 2048]","[2049, 2051, 2049, 2051, 2051, 2049, 2051]",328.0
1269,9898,31,10,2025-09-19T12:32:18.498000+00:00,62.3,70.73,39.458,95.0,113.0,False,172.488,"[2048, 2048, 2048, 2048, 2048, 2048, 2048, 2048]","[2048, 2048, 2048, 2048, 2048, 2048, 2048, 2048, 2048, 2048]","[2048, 2048, 2048, 2048, 2048, 2048, 2048, 2048]",181.0
1269,9898,44,9,2025-09-19T12:32:29.340000+00:00,,61.343,27.421,153.0,109.0,True,757.009,"[2064, 2064, 2048, 2048, 2048, 2048, 2048, 2048]","[2048, 2048, 2048, 2048, 2048, 2048, 2048, 2048, 2048, 2048]","[2048, 2048, 2048, 2048, 2048, 2048, 2048, 2048]",303.0
1269,9898,63,7,2025-09-19T12:32:34.337000+00:00,,59.511,33.027,176.0,73.0,True,948.986,"[2064, 2064, 2048, 2048, 2048, 2048, 2048, 2048]","[2048, 2048, 2048, 2048, 2048, 2048, 2048, 2048, 2048, 2048]","[2048, 2048, 2048, 2048, 2048, 2048, 2048, 2048]",304.0
1269,9898,27,10,2025-09-19T12:32:49.752000+00:00,60.202,66.116,35.503,117.0,144.0,False,161.821,"[2048, 2048, 2048, 2048, 2048, 2048, 2048, 2048]","[2048, 2048, 2048, 2048, 2048, 2048, 2048, 2048, 2048, 2048]","[2048, 2048, 2048, 2048, 2048, 2048, 2048, 2048]",283.0
1269,9898,22,10,2025-09-19T12:32:54.531000+00:00,36.019,42.549,34.838,223.0,171.0,False,113.406,"[2048, 2048, 2048, 2049, 2048, 2049, 2049, 2049]","[2049, 2048, 2048, 2049, 2048, 2049, 2049, 2049, 2048, 2048]","[2048, 2048, 2048, 2048, 2048, 2048, 2048, 2048]",249.0
1269,9898,1,10,2025-09-19T12:32:58.768000+00:00,69.862,63.637,38.826,88.0,142.0,False,172.325,"[2048, 2048, 2048, 2048, 2048, 2048, 2048, 2048]","[2048, 2048, 2048, 2048, 2048, 2048, 2048, 2048, 2048, 2048]","[2048, 2048, 2048, 2048, 2048, 2048, 2048, 2048]",197.0
1269,9898,43,10,2025-09-19T12:33:31.626000+00:00,36.367,42.189,24.766,216.0,230.0,False,103.322,"[None, 2048, 2049, 2049, 2048, 2049, 2048, 2049]","[2049, 2048, 2048, 2049, 2049, 2049, 2049, 2049, 2049, 2048]","[2048, 2048, 2048, 2048, 2048, 2048, 2048]",324.0
1269,9898,10,10,2025-09-19T12:33:44.157000+00:00,64.843,59.311,26.214,72.0,97.0,False,150.368,"[2049, 2048, 2048, 2048, 2048, 2048, 2048, 2048]","[2048, 2048, 2048, 2048, 2048, 2048, 2048, 2048, 2048, 2048]","[2048, 2048, 2048, 2048, 2048, 2048]",312.0
1269,9898,81,11,2025-09-19T12:33:50.106000+00:00,35.849,43.262,46.115,220.0,156.0,False,125.226,"[2049, 2048, 2048, 2049, 2049, 2049, 2048, 2048]","[2049, 2049, 2048, 2049, 2048, 2048, 2049, 2048, 2048, 2048]","[2048, 2048, 2048, 2048, 2048, 2048, 2064, 2064]",159.0
1269,9898,14,12,2025-09-19T12:33:55.407000+00:00,49.353,55.171,26.7,153.0,171.0,False,131.224,"[None, 2048, 2048, 2048, 2048, 2048, 2048, 2048]","[2048, 2048, 2048, 2048, 2048, 2048, 2048, 2048, 2048, 2048]","[2048, 2048, 2048, 2048, 2048, 2048, 2048, 2048]",309.0
1269,9898,30,10,2025-09-19T12:33:55.922000+00:00,55.097,63.542,27.778,122.0,121.0,False,146.417,"[None, 2048, 2048, 2048, 2048, 2048, 2048, 2048]","[2048, 2048, 2048, 2048, 2048, 2048, 2048, 2048, 2048, 2048]","[2048, 2048, 2048, 2048, 2048, 2048, 2048, 2048]",308.0
1269,9898,12,10,2025-09-19T12:34:02.919000+00:00,36.181,41.584,24.592,222.0,237.0,False,102.357,"[2048, 2049, 2048, 2049, 2049, 2049, 2048, 2049]","[2049, 2049, 2048, 2049, 2048, 2049, 2049, 2049, 2049, 2049]","[2048, 2049, 2049, 2049, 2049, 2049, 2048, 2048]",325.0
1269,9898,16,12,2025-09-19T12:34:13.268000+00:00,35.567,41.174,24.626,222.0,240.0,False,101.367,"[2048, 2048, 2051, 2049, 2049, 2048, 2048, 2048]","[2049, 2048, 2048, 2051, 2049, 2049, 2048, 2051, 2049, 2048]","[2048, 2048, 2048, 2048, 2048, 2048, 2048, 2048]",324.0
1269,9898,18,12,2025-09-19T12:34:27.719000+00:00,73.581,59.132,25.933,158.0,177.0,True,158.646,"[2064, 2064, 2048, 2048, 2048, 2048, 2048, 2048]","[2048, 2048, 2048, 2048, 2048, 2048, 2048, 2048, 2048, 2048]","[2048, 2048, 2048, 2048, 2048, 2048, 2048, 2049]",311.0
1269,9898,23,12,2025-09-19T12:34:29.908000+00:00,35.897,41.627,24.863,216.0,237.0,False,102.387,"[None, 2048, 2048, 2048, 2048, 2048, 2048, 2048]","[2048, 2048, 2048, 2049, 2048, 2048, 2048, 2048, 2049, 2048]","[2048, 2048, 2048, 2048, 2048, 2048, 2048, 2048]",320.0
1269,9898,44,10,2025-09-19T12:34:40.819000+00:00,35.748,75.11,30.418,225.0,69.0,False,141.276,"[2048, 2048, 2048, 2048, 2051, 2048, 2048, 2048]","[2048, 2048, 2048, 2048, 2048, 2048, 2048, 2048, 2048, 2048]","[2048, 2048, 2048, 2048, 2048, 2048, 2048, 2048]",302.0
1269,9898,5,11,2025-09-19T12:34:44.871000+00:00,36.183,42.195,24.835,210.0,240.0,False,103.213,"[2048, 2048, 2049, 2051, 2049, 2048, 2048, 2048]","[2048, 2048, 2048, 2048, 2048, 2049, 2048, 2048, 2048, 2048]","[2049, 2048, 2048, 2048, 2048, 2048, 2048, 2048]",324.0
1269,9898,22,11,2025-09-19T12:34:47.981000+00:00,62.438,65.443,26.454,127.0,138.0,False,154.335,"[None, 2048, 2048, 2048, 2048, 2048, 2048, 2048]","[2048, 2048, 2048, 2048, 2048, 2048, 2048, 2048, 2048, 2048]","[2048, 2048, 2048, 2048, 2048, 2048, 2048, 2048]",304.0
1269,9898,63,8,2025-09-19T12:34:50.601000+00:00,35.744,41.364,24.662,224.0,218.0,False,101.77,"[2049, 2048, 2049, 2049, 2049, 2049, 2048, 2049]","[2049, 2049, 2049, 2048, 2049, 2049, 2049, 2048, 2048, 2048]","[2048, 2049, 2049, 2049, 2049, 2049, 2048, 2048]",326.0
1269,9898,55,11,2025-09-19T12:34:57.491000+00:00,41.974,61.216,27.294,166.0,100.0,False,130.484,"[None, 2048, 2048, 2048, 2048, 2048, 2048, 2048]","[2048, 2048, 2048, 2048, 2048, 2048, 2048, 2048, 2048, 2048]","[2048, 2048, 2048, 2048, 2048, 2048, 2048, 2048]",300.0
1269,9898,87,11,2025-09-19T12:35:07.085000+00:00,45.098,53.563,25.93,168.0,163.0,False,124.591,"[None, 2048, 2048, 2048, 2048, 2048, 2048, 2048]","[2048, 2048, 2048, 2048, 2048, 2048, 2048, 2048, 2048, 2048]","[2048, 2048, 2048, 2048, 2048, 2048, 2048, 2048]",307.0
1269,9898,6,11,2025-09-19T12:35:09.710000+00:00,51.19,61.213,26.272,161.0,192.0,False,138.675,"[None, 2048, 2048, 2048, 2048, 2048, 2048, 2048]","[2048, 2048, 2048, 2048, 2048, 2048, 2048, 2048, 2048, 2048]","[2048, 2048, 2048, 2048, 2048, 2048, 2048, 2048]",309.0
1269,9898,31,11,2025-09-19T12:35:10.929000+00:00,46.703,52.57,26.585,164.0,125.0,False,125.858,"[None, 2048, 2048, 2048, 2048, 2048, 2048, 2048]","[2048, 2048, 2048, 2048, 2048, 2048, 2048, 2048, 2048, 2048]","[2048, 2048, 2048, 2048, 2048, 2048, 2048, 2048]",306.0
1269,9898,43,11,2025-09-19T12:35:14.898000+00:00,54.282,54.266,32.341,138.0,165.0,False,140.889,"[None, 2048, 2048, 2048, 2048, 2048, 2048, 2048]","[2048, 2048, 2048, 2048, 2048, 2048, 2048, 2048, 2048, 2048]","[2048, 2048, 2048, 2048, 2048, 2048, 2064, 2064]",287.0
1269,9898,27,11,2025-09-19T12:35:31.695000+00:00,36.3,41.781,31.039,222.0,237.0,False,109.12,"[None, 2048, 2048, 2049, 2049, 2048, 2048, 2048]","[2049, 2049, 2049, 2048, 2048, 2048, 2048, 2049, 2048, 2048]","[2048, 2048, 2048, 2048, 2048, 2048, 2064, 2064]",300.0
1269,9898,12,11,2025-09-19T12:35:45.219000+00:00,59.713,74.998,42.334,97.0,121.0,False,177.045,"[None, 2048, 2048, 2048, 2048, 2048, 2048, 2048]","[2048, 2048, 2048, 2048, 2048, 2048, 2048, 2048, 2048, 2048]","[2048, 2048, 2048, 2048, 2048, 2048, 2064, 2064]",216.0
1269,9898,1,11,2025-09-19T12:35:51.182000+00:00,45.92,54.627,25.913,167.0,209.0,False,126.46,"[None, 2048, 2048, 2048, 2048, 2048, 2048, 2048]","[2048, 2048, 2048, 2048, 2048, 2048, 2048, 2048, 2048, 2048]","[2048, 2048, 2048, 2048, 2048, 2048, 2048, 2048]",306.0
1269,9898,16,13,2025-09-19T12:35:54.595000+00:00,56.21,79.07,27.372,114.0,97.0,False,162.652,"[None, 2048, 2048, 2048, 2048, 2048, 2048, 2048]","[2048, 2048, 2048, 2048, 2048, 2048, 2048, 2048, 2048, 2048]","[2048, 2048, 2048, 2048, 2048, 2048, 2048, 2048]",306.0
1269,9898,14,13,2025-09-19T12:36:06.608000+00:00,36.17,42.043,24.754,207.0,234.0,False,102.967,"[2049, 2048, 2049, 2049, 2049, 2049, 2048, 2048]","[2048, 2049, 2049, 2048, 2048, 2049, 2049, 2048, 2049, 2049]","[2049, 2049, 2049, 2049, 2048, 2048, 2048, 2048]",322.0
1269,9898,23,13,2025-09-19T12:36:12.344000+00:00,52.92,52.059,31.201,151.0,172.0,False,136.18,"[None, 2048, 2048, 2048, 2048, 2048, 2048, 2048]","[2048, 2048, 2048, 2048, 2048, 2048, 2048, 2048, 2048, 2048]","[2048, 2048, 2048, 2048, 2048, 2048, 2064, 2064]",307.0
1269,9898,10,11,2025-09-19T12:36:14.284000+00:00,64.076,58.843,26.246,148.0,187.0,False,149.165,"[None, 2048, 2048, 2048, 2048, 2048, 2048, 2048]","[2048, 2048, 2048, 2048, 2048, 2048, 2048, 2048, 2048, 2048]","[2048, 2048, 2048, 2048, 2048, 2048, 2048, 2048]",309.0
1269,9898,30,11,2025-09-19T12:36:22.569000+00:00,43.515,53.525,35.726,163.0,191.0,False,132.766,"[None, 2048, 2048, 2048, 2048, 2048, 2048, 2048]","[2048, 2048, 2048, 2048, 2048, 2048, 2048, 2048, 2048, 2048]","[2048, 2048, 2048, 2048, 2048, 2048, 2064, 2064]",249.0
1269,9898,5,12,2025-09-19T12:36:28.152000+00:00,61.668,65.435,26.748,106.0,178.0,False,153.851,"[None, 2048, 2048, 2048, 2048, 2048, 2048, 2048]","[2048, 2048, 2048, 2048, 2048, 2048, 2048, 2048, 2048, 2048]","[2048, 2048, 2048, 2048, 2048, 2048, 2048, 2048]",308.0
1269,9898,63,9,2025-09-19T12:36:32.270000+00:00,54.323,63.728,34.881,141.0,150.0,False,152.932,"[2048, 2048, 2048, 2048, 2048, 2048, 2048, 2048]","[2048, 2048, 2048, 2048, 2048, 2048, 2048, 2048, 2048, 2048]","[2048, 2048, 2048, 2048, 2048, 2048, 2064, 2064]",254.0
1269,9898,81,12,2025-09-19T12:36:34.347000+00:00,88.135,61.707,25.82,129.0,183.0,True,175.662,"[2064, 2064, 2048, 2048, 2048, 2048, 2048, 2048]","[2048, 2048, 2048, 2048, 2048, 2048, 2048, 2048, 2048, 2048]","[2048, 2048, 2048, 2048, 2048, 2048, 2048, 2048]",306.0
1269,9898,18,13,2025-09-19T12:36:38.496000+00:00,36.124,41.985,24.662,214.0,229.0,False,102.771,"[2048, 2048, 2049, 2049, 2048, 2048, 2049, 2049]","[2049, 2049, 2048, 2049, 2048, 2049, 2049, 2048, 2048, 2049]","[2049, 2049, 2049, 2048, 2048, 2048, 2048, 2048]",322.0
1269,9898,44,11,2025-09-19T12:37:02.007000+00:00,35.595,41.494,24.486,,235.0,False,101.575,"[None, 2048, 2049, 2048, 2048, 2048, 2048, 2048]","[2048, 2048, 2048, 2048, 2048, 2048, 2048, 2048, 2048, 2048]","[2048, 2049, 2049, 2049, 2049, 2049, 2049, 2049]",325.0
1269,9898,55,12,2025-09-19T12:37:08.021000+00:00,36.112,41.721,30.815,222.0,215.0,False,108.648,"[None, 2048, 2048, 2048, 2048, 2049, 2049, 2048]","[2048, 2048, 2048, 2048, 2048, 2048, 2048, 2048, 2048, 2048]","[2048, 2048, 2048, 2048, 2048, 2048, 2064, 2064]",289.0
1269,9898,87,12,2025-09-19T12:37:11.562000+00:00,35.797,41.631,24.463,211.0,230.0,False,101.891,"[None, 2049, 2049, 2051, 2051, 2049, 2049, 2049]","[2048, 2051, 2049, 2049, 2048, 2049, 2051, 2049, 2049, 2049]","[2049, 2049, 2049, 2051, 2049, 2049, 2049, 2049]",327.0
1269,9898,31,12,2025-09-19T12:37:16.777000+00:00,35.835,41.673,24.659,210.0,221.0,False,102.167,"[2049, 2049, 2049, 2049, 2049, 2049, 2048, 2049]","[2048, 2049, 2049, 2049, 2048, 2049, 2049, 2049, 2048, 2048]","[2049, 2049, 2049, 2049, 2049, 2049, 2049]",323.0
1269,9898,22,12,2025-09-19T12:37:22.382000+00:00,35.934,41.866,24.644,223.0,233.0,False,102.444,"[None, 2048, 2049, 2048, 2049, 2049, 2048, 2048]","[2048, 2049, 2049, 2048, 2048, 2048, 2048, 2048, 2048, 2048]","[2049, 2049, 2049, 2048, 2048, 2048, 2049, 2049]",322.0
1269,9898,6,12,2025-09-19T12:37:28.407000+00:00,36.136,41.861,24.715,224.0,238.0,False,102.712,"[None, 2048, 2049, 2048, 2049, 2048, 2051, 2048]","[2049, 2048, 2049, 2048, 2048, 2048, 2048, 2048, 2049, 2048]","[2048, 2048, 2048, 2048, 2048, 2048, 2048, 2048]",321.0
1269,9898,14,14,2025-09-19T12:37:49.446000+00:00,54.943,66.035,28.648,72.0,145.0,False,149.626,"[2048, 2048, 2048, 2048, 2048, 2048, 2048, 2048]","[2048, 2048, 2048, 2048, 2048, 2048, 2048, 2048, 2048, 2048]","[2048, 2048, 2048, 2048, 2048, 2048, 2048, 2048]",300.0
1269,9898,1,12,2025-09-19T12:37:57.607000+00:00,35.837,41.354,24.711,226.0,243.0,False,101.902,"[None, 2049, 2049, 2048, 2048, 2049, 2048, 2048]","[2048, 2049, 2051, 2049, 2049, 2048, 2048, 2048, 2049, 2049]","[2051, 2048, 2048, 2048, 2048, 2048, 2048, 2048]",321.0
1269,9898,18,14,2025-09-19T12:38:21.182000+00:00,42.519,49.264,34.776,165.0,167.0,False,126.559,"[None, 2048, 2048, 2048, 2048, 2048, 2048, 2048]","[2048, 2048, 2048, 2048, 2048, 2048, 2048, 2048, 2048, 2048]","[2048, 2048, 2048, 2048, 2048, 2048, 2064, 2064]",297.0
1269,9898,16,14,2025-09-19T12:38:37.348000+00:00,35.695,54.668,38.004,226.0,162.0,False,128.367,"[None, 2048, 2048, 2048, 2048, 2048, 2048, 2048]","[2049, 2048, 2048, 2048, 2048, 2048, 2048, 2048, 2048, 2048]","[2048, 2048, 2048, 2048, 2048, 2048, 2064, 2064]",252.0
1269,9898,10,12,2025-09-19T12:38:43.395000+00:00,36.51,42.039,24.954,208.0,239.0,False,103.503,"[2048, 2049, 2049, 2048, 2049, 2049, 2049, 2049]","[2049, 2049, 2049, 2048, 2048, 2048, 2049, 2049, 2049, 2049]","[2048, 2048, 2049, 2048, 2048, 2048, 2048]",323.0
1269,9898,44,12,2025-09-19T12:38:43.598000+00:00,81.42,82.022,46.743,98.0,115.0,False,210.185,"[None, 2048, 2048, 2048, 2048, 2048, 2048, 2048]","[2048, 2048, 2048, 2048, 2048, 2048, 2048, 2048, 2048, 2048]","[2048, 2048, 2048, 2048, 2048, 2048, 2064, 2064]",197.0
1269,9898,81,13,2025-09-19T12:38:50.982000+00:00,51.546,57.731,26.156,145.0,207.0,False,135.433,"[2048, 2048, 2048, 2048, 2048, 2048, 2048, 2048]","[2048, 2048, 2048, 2048, 2048, 2048, 2048, 2048, 2048, 2048]","[2048, 2048, 2048, 2048, 2048, 2048, 2048, 2048]",305.0
1269,9898,87,13,2025-09-19T12:38:53.336000+00:00,45.816,52.895,38.839,142.0,169.0,False,137.55,"[None, 2048, 2048, 2048, 2048, 2048, 2048, 2048]","[2048, 2048, 2048, 2048, 2048, 2048, 2048, 2048, 2048, 2048]","[2048, 2048, 2048, 2048, 2048, 2048, 2064, 2064]",218.0
1269,9898,31,13,2025-09-19T12:38:58.883000+00:00,45.672,56.565,31.487,153.0,168.0,False,133.724,"[2048, 2048, 2048, 2048, 2048, 2048, 2048, 2048]","[2048, 2048, 2048, 2048, 2048, 2048, 2048, 2048, 2048, 2048]","[2048, 2048, 2048, 2048, 2048, 2048, 2064, 2064]",294.0
1269,9898,5,13,2025-09-19T12:39:01.955000+00:00,83.977,61.797,33.191,138.0,149.0,False,178.965,"[None, 2048, 2048, 2048, 2048, 2048, 2048, 2048]","[2048, 2048, 2048, 2048, 2048, 2048, 2048, 2048, 2048, 2048]","[2048, 2048, 2048, 2048, 2048, 2048, 2064, 2064]",293.0
1269,9898,22,13,2025-09-19T12:39:04.696000+00:00,43.749,54.291,37.043,167.0,146.0,False,135.083,"[None, 2048, 2048, 2048, 2048, 2048, 2048, 2048]","[2048, 2048, 2048, 2048, 2048, 2048, 2048, 2048, 2048, 2048]","[2048, 2048, 2048, 2048, 2048, 2048, 2064, 2064]",289.0
1269,9898,12,12,2025-09-19T12:39:07.536000+00:00,86.733,56.823,26.003,129.0,199.0,True,169.559,"[2064, 2064, 2048, 2048, 2048, 2048, 2048, 2048]","[2048, 2048, 2048, 2048, 2048, 2048, 2048, 2048, 2048, 2048]","[2048, 2048, 2048, 2048, 2048, 2048, 2048, 2048]",308.0
1269,9898,6,13,2025-09-19T12:39:11.152000+00:00,43.79,50.609,36.139,193.0,141.0,False,130.538,"[None, 2048, 2048, 2048, 2048, 2048, 2048, 2048]","[2048, 2048, 2048, 2048, 2048, 2048, 2048, 2048, 2048, 2048]","[2048, 2048, 2048, 2048, 2048, 2048, 2064, 2064]",306.0
1269,9898,63,10,2025-09-19T12:39:20.519000+00:00,76.562,75.813,25.961,124.0,193.0,True,178.336,"[2064, 2064, 2048, 2048, 2048, 2048, 2048, 2048]","[2048, 2048, 2048, 2048, 2048, 2048, 2048, 2048, 2048, 2048]","[2048, 2048, 2048, 2048, 2048, 2048, 2048, 2048]",311.0
1269,9898,1,13,2025-09-19T12:39:39.364000+00:00,44.165,53.622,31.681,156.0,182.0,False,129.468,"[None, 2048, 2048, 2048, 2048, 2048, 2048, 2048]","[2048, 2048, 2048, 2048, 2048, 2048, 2048, 2048, 2048, 2048]","[2048, 2048, 2048, 2048, 2048, 2048, 2064, 2064]",294.0
1269,9898,14,15,2025-09-19T12:40:19.121000+00:00,36.467,53.176,59.237,214.0,120.0,False,148.88,"[2049, 2048, 2049, 2048, 2048, 2048, 2048, 2049]","[2048, 2048, 2049, 2048, 2048, 2048, 2048, 2048, 2048, 2048]","[2048, 2048, 2048, 2048, 2048, 2048, 2064, 2064]",143.0
1269,9898,10,13,2025-09-19T12:40:26.715000+00:00,57.556,68.158,32.187,105.0,143.0,False,157.901,"[None, 2048, 2048, 2048, 2048, 2048, 2048, 2048]","[2048, 2048, 2048, 2048, 2048, 2048, 2048, 2048, 2048, 2048]","[2048, 2048, 2048, 2048, 2048, 2048, 2048, 2048]",264.0
1269,9898,81,14,2025-09-19T12:41:06.434000+00:00,35.918,41.463,24.914,220.0,225.0,False,102.295,"[None, 2049, 2048, 2048, 2048, 2048, 2049, 2048]","[2049, 2048, 2048, 2048, 2048, 2048, 2048, 2048, 2048, 2049]","[2049, 2049, 2048, 2048, 2048, 2048, 2048]",319.0
1269,9898,16,15,2025-09-19T12:41:09.902000+00:00,76.746,58.027,26.069,168.0,201.0,True,160.842,"[2064, 2064, 2048, 2048, 2048, 2048, 2048, 2048]","[2048, 2048, 2048, 2048, 2048, 2048, 2048, 2048, 2048, 2048]","[2048, 2048, 2048, 2048, 2048, 2048, 2048, 2048]",306.0
1269,9898,12,13,2025-09-19T12:41:31.934000+00:00,35.894,41.353,24.532,227.0,236.0,False,101.779,"[2048, 2049, 2049, 2049, 2049, 2048, 2049, 2049]","[2049, 2049, 2049, 2049, 2049, 2049, 2048, 2049, 2049, 2049]","[2049, 2049, 2048, 2048, 2048, 2049, 2049]",325.0
1269,9898,63,11,2025-09-19T12:42:03.630000+00:00,35.56,52.724,36.711,222.0,125.0,False,124.995,"[2048, 2049, 2049, 2048, 2051, 2051, 2049, 2049]","[2049, 2048, 2049, 2049, 2048, 2048, 2048, 2048, 2048, 2048]","[2048, 2048, 2048, 2048, 2048, 2048, 2064, 2064]",249.0
1269,9898,44,13,2025-09-19T12:42:36.452000+00:00,93.914,56.554,27.573,154.0,126.0,True,178.041,"[2064, 2064, 2048, 2048, 2048, 2048, 2048, 2048]","[2048, 2048, 2048, 2048, 2048, 2048, 2048, 2048, 2048, 2048]","[2048, 2048, 2048, 2048, 2048, 2048, 2048, 2048]",310.0
1269,9898,81,15,2025-09-19T12:42:48.624000+00:00,43.913,50.135,33.339,177.0,165.0,False,127.387,"[None, 2048, 2048, 2048, 2048, 2048, 2048, 2048]","[2048, 2048, 2048, 2048, 2048, 2048, 2048, 2048, 2048, 2048]","[2048, 2048, 2048, 2048, 2048, 2048, 2064, 2064]",277.0
1269,9898,10,14,2025-09-19T12:43:04.820000+00:00,50.064,58.951,26.537,176.0,190.0,False,135.552,"[None, 2048, 2048, 2048, 2048, 2048, 2048, 2048]","[2048, 2048, 2048, 2048, 2048, 2048, 2048, 2048, 2048, 2048]","[2048, 2048, 2048, 2048, 2048, 2048, 2048, 2048]",302.0
1269,9898,12,14,2025-09-19T12:43:13.583000+00:00,49.731,59.356,33.882,94.0,161.0,False,142.969,"[None, 2048, 2048, 2048, 2048, 2048, 2048, 2048]","[2048, 2048, 2048, 2048, 2048, 2048, 2048, 2048, 2048, 2048]","[2048, 2048, 2048, 2048, 2048, 2048, 2064, 2064]",268.0
1269,9898,16,16,2025-09-19T12:43:26.470000+00:00,35.688,41.856,33.317,219.0,150.0,False,110.861,"[2048, 2048, 2048, 2048, 2048, 2048, 2048, 2048]","[2048, 2048, 2049, 2051, 2048, 2048, 2048, 2048, 2048, 2048]","[2048, 2048, 2048, 2048, 2048, 2048, 2064, 2064]",312.0
1269,9898,55,13,2025-09-19T12:43:39.337000+00:00,,45.476,25.743,180.0,214.0,True,406.075,"[2064, 2064, 2048, 2048, 2048, 2048, 2048, 2048]","[2048, 2048, 2048, 2048, 2048, 2048, 2048, 2048, 2048, 2048]","[2048, 2048, 2048, 2048, 2048, 2048, 2048, 2048]",314.0
1269,9898,23,14,2025-09-19T12:43:50.211000+00:00,,43.926,25.658,187.0,204.0,True,442.207,"[2064, 2064, 2048, 2048, 2048, 2048, 2048, 2048]","[2048, 2048, 2048, 2048, 2048, 2048, 2048, 2048, 2048, 2048]","[2048, 2048, 2048, 2048, 2048, 2048, 2048, 2048]",315.0
1269,9898,43,12,2025-09-19T12:44:22.149000+00:00,,45.734,25.661,177.0,191.0,True,532.994,"[2064, 2064, 2048, 2048, 2048, 2048, 2048, 2048]","[2048, 2048, 2048, 2048, 2048, 2048, 2048, 2048, 2048, 2048]","[2048, 2048, 2048, 2048, 2048, 2048, 2048, 2048]",319.0
1269,9898,30,12,2025-09-19T12:44:27.102000+00:00,,44.201,25.553,191.0,208.0,True,478.373,"[2064, 2064, 2048, 2048, 2048, 2048, 2048, 2048]","[2048, 2048, 2048, 2048, 2048, 2048, 2048, 2048, 2048, 2048]","[2048, 2048, 2048, 2048, 2048, 2048, 2048, 2048]",318.0
1269,9898,27,12,2025-09-19T12:44:30.337000+00:00,,44.559,25.616,179.0,210.0,True,559.397,"[2064, 2064, 2048, 2048, 2048, 2048, 2048, 2048]","[2048, 2048, 2048, 2048, 2048, 2048, 2048, 2048, 2048, 2048]","[2048, 2048, 2048, 2048, 2048, 2048, 2048, 2048]",316.0
1269,9898,44,14,2025-09-19T12:45:11.897000+00:00,35.517,41.073,24.703,221.0,241.0,False,101.293,"[2048, 2048, 2051, 2048, 2048, 2048, 2049, 2048]","[2049, 2048, 2049, 2048, 2048, 2048, 2048, 2049, 2049, 2049]","[2049, 2049, 2048, 2048, 2048, 2048, 2048]",321.0
1269,9898,10,15,2025-09-19T12:45:20.283000+00:00,36.225,41.786,24.663,215.0,231.0,False,102.674,"[None, 2049, 2049, 2049, 2049, 2048, 2049, 2049]","[2049, 2049, 2049, 2049, 2048, 2049, 2049, 2048, 2048, 2049]","[2049, 2049, 2049, 2048, 2048, 2048, 2048]",324.0
1269,9898,31,14,2025-09-19T12:45:28.511000+00:00,,49.709,26.579,183.0,137.0,True,381.719,"[2064, 2064, 2048, 2048, 2048, 2048, 2048, 2048]","[2048, 2048, 2048, 2048, 2048, 2048, 2048, 2048, 2048, 2048]","[2048, 2048, 2048, 2048, 2048, 2048, 2048, 2048]",311.0
1269,9898,87,14,2025-09-19T12:45:42.173000+00:00,,43.768,25.405,187.0,217.0,True,391.404,"[2064, 2064, 2048, 2048, 2048, 2048, 2048, 2048]","[2048, 2048, 2048, 2048, 2048, 2048, 2048, 2048, 2048, 2048]","[2048, 2048, 2048, 2048, 2048, 2048, 2048, 2048]",319.0
1269,9898,55,14,2025-09-19T12:45:43.298000+00:00,37.821,43.621,25.624,217.0,217.0,False,107.066,"[2048, 2048, 2048, 2048, 2048, 2048, 2048, 2048]","[2048, 2048, 2048, 2048, 2048, 2048, 2048, 2048, 2048, 2048]","[2048, 2048, 2048, 2048, 2048, 2048, 2048, 2048]",315.0
1269,9898,23,15,2025-09-19T12:45:50.626000+00:00,37.415,43.137,25.419,209.0,216.0,False,105.971,"[2048, 2048, 2048, 2048, 2048, 2048, 2048, 2048]","[2048, 2048, 2048, 2048, 2048, 2048, 2048, 2048, 2048, 2048]","[2048, 2048, 2048, 2048, 2048, 2048, 2048, 2048]",319.0
1269,9898,6,14,2025-09-19T12:46:05.283000+00:00,,44.336,25.566,193.0,215.0,True,409.038,"[2064, 2064, 2048, 2048, 2048, 2048, 2048, 2048]","[2048, 2048, 2048, 2048, 2048, 2048, 2048, 2048, 2048, 2048]","[2048, 2048, 2048, 2048, 2048, 2048, 2048, 2048]",317.0
1269,9898,43,13,2025-09-19T12:46:28.892000+00:00,38.725,44.143,25.363,198.0,207.0,False,108.231,"[2048, 2048, 2048, 2048, 2048, 2048, 2048, 2048]","[2048, 2048, 2048, 2048, 2048, 2048, 2048, 2048, 2048, 2048]","[2048, 2048, 2048, 2048, 2048, 2048, 2048, 2048]",322.0
1269,9898,30,13,2025-09-19T12:46:33.595000+00:00,38.406,43.665,25.425,208.0,212.0,False,107.496,"[2048, 2048, 2048, 2048, 2048, 2048, 2048, 2048]","[2048, 2048, 2048, 2048, 2048, 2048, 2048, 2048, 2048, 2048]","[2048, 2048, 2048, 2048, 2048, 2048, 2048, 2048]",319.0
1269,9898,27,13,2025-09-19T12:46:40.267000+00:00,38.138,43.392,25.437,194.0,222.0,False,106.967,"[2048, 2048, 2048, 2048, 2048, 2048, 2048, 2048]","[2048, 2048, 2048, 2048, 2048, 2048, 2048, 2048, 2048, 2048]","[2048, 2048, 2048, 2048, 2048, 2048, 2048, 2048]",318.0
1269,9898,18,15,2025-09-19T12:46:45.564000+00:00,,45.067,25.586,178.0,200.0,True,488.257,"[2064, 2064, 2048, 2048, 2048, 2048, 2048, 2048]","[2048, 2048, 2048, 2048, 2048, 2048, 2048, 2048, 2048, 2048]","[2048, 2048, 2048, 2048, 2048, 2048, 2048, 2048]",315.0
1269,9898,44,15,2025-09-19T12:46:53.048000+00:00,51.187,48.865,30.13,151.0,228.0,False,130.182,"[None, 2048, 2048, 2048, 2048, 2048, 2048, 2048]","[2048, 2048, 2048, 2048, 2048, 2048, 2048, 2048, 2048, 2048]","[2048, 2048, 2048, 2048, 2048, 2048, 2064, 2064]",294.0
1269,9898,10,16,2025-09-19T12:47:02.923000+00:00,59.777,50.903,32.26,172.0,198.0,False,142.94,"[None, 2048, 2048, 2048, 2048, 2048, 2048, 2048]","[2048, 2048, 2048, 2048, 2048, 2048, 2048, 2048, 2048, 2048]","[2048, 2048, 2048, 2048, 2048, 2048, 2064, 2064]",299.0
1269,9898,5,14,2025-09-19T12:47:05.611000+00:00,,44.325,25.633,190.0,215.0,True,424.193,"[2064, 2064, 2048, 2048, 2048, 2048, 2048, 2048]","[2048, 2048, 2048, 2048, 2048, 2048, 2048, 2048, 2048, 2048]","[2048, 2048, 2048, 2048, 2048, 2048, 2048, 2048]",316.0
1269,9898,55,15,2025-09-19T12:47:29.771000+00:00,37.631,43.405,25.516,210.0,224.0,False,106.552,"[None, 2048, 2048, 2048, 2048, 2048, 2048, 2048]","[2048, 2048, 2048, 2048, 2048, 2048, 2048, 2048, 2048, 2048]","[2048, 2048, 2048, 2048, 2048, 2048, 2048, 2048]",317.0
1269,9898,31,15,2025-09-19T12:47:34.422000+00:00,38.268,42.998,25.312,194.0,213.0,False,106.578,"[2048, 2048, 2048, 2048, 2048, 2048, 2048, 2048]","[2048, 2048, 2048, 2048, 2048, 2048, 2048, 2048, 2048, 2048]","[2048, 2048, 2048, 2048, 2048, 2048, 2048, 2048]",318.0
1269,9898,23,16,2025-09-19T12:47:36.608000+00:00,37.53,43.259,25.275,195.0,214.0,False,106.064,"[None, 2048, 2048, 2048, 2048, 2048, 2048, 2048]","[2048, 2048, 2048, 2048, 2048, 2048, 2048, 2048, 2048, 2048]","[2048, 2048, 2048, 2048, 2048, 2048, 2048, 2048]",322.0
1269,9898,1,14,2025-09-19T12:47:38.065000+00:00,,45.115,25.559,189.0,210.0,True,475.022,"[2064, 2064, 2048, 2048, 2048, 2048, 2048, 2048]","[2048, 2048, 2048, 2048, 2048, 2048, 2048, 2048, 2048, 2048]","[2048, 2048, 2048, 2048, 2048, 2048, 2048, 0]",316.0
1269,9898,87,15,2025-09-19T12:47:42.381000+00:00,37.67,43.01,25.552,198.0,226.0,False,106.232,"[2048, 2048, 2048, 2048, 2048, 2048, 2048, 2048]","[2048, 2048, 2048, 2048, 2049, 2048, 2048, 2048, 2048, 2048]","[2048, 2048, 2048, 2048, 2048, 2048, 2048, 2048]",319.0
1269,9898,22,14,2025-09-19T12:47:58.583000+00:00,,45.03,25.533,196.0,210.0,True,510.809,"[2064, 2064, 2048, 2048, 2048, 2048, 2048, 2048]","[2048, 2048, 2048, 2048, 2048, 2048, 2048, 2048, 2048, 2048]","[2048, 2048, 2048, 2048, 2048, 2048, 2048, 2048]",318.0
1269,9898,6,15,2025-09-19T12:48:10.793000+00:00,38.794,44.083,25.584,201.0,211.0,False,108.461,"[2048, 2048, 2048, 2048, 2048, 2048, 2048, 2048]","[2048, 2048, 2048, 2048, 2048, 2048, 2048, 2048, 2048, 2048]","[2048, 2048, 2048, 2048, 2048, 2048, 2048, 2048]",318.0
1269,9898,43,14,2025-09-19T12:48:17.153000+00:00,38.363,43.893,25.389,195.0,213.0,False,107.645,"[None, 2048, 2048, 2048, 2048, 2048, 2048, 2048]","[2048, 2048, 2048, 2048, 2048, 2048, 2048, 2048, 2048, 2048]","[2048, 2048, 2048, 2048, 2048, 2048, 2048, 2048]",322.0
1269,9898,30,14,2025-09-19T12:48:21.121000+00:00,38.1,43.563,25.331,204.0,215.0,False,106.994,"[None, 2048, 2048, 2048, 2048, 2048, 2048, 2048]","[2048, 2048, 2048, 2048, 2048, 2048, 2048, 2048, 2048, 2048]","[2048, 2048, 2048, 2048, 2048, 2048, 2048, 2048]",320.0
1269,9898,27,14,2025-09-19T12:48:27.199000+00:00,38.313,43.609,25.467,206.0,222.0,False,107.389,"[None, 2048, 2048, 2048, 2048, 2048, 2048, 2048]","[2048, 2048, 2048, 2048, 2048, 2048, 2048, 2048, 2048, 2048]","[2048, 2048, 2048, 2048, 2048, 2048, 2048]",318.0
1269,9898,18,16,2025-09-19T12:48:36.121000+00:00,38.405,44.418,25.581,190.0,205.0,False,108.404,"[2048, 2048, 2048, 2048, 2048, 2048, 2048, 2048]","[2048, 2048, 2048, 2048, 2048, 2048, 2048, 2048, 2048, 2048]","[2048, 2048, 2048, 2048, 2048, 2048, 2048, 2048]",316.0
1269,9898,14,16,2025-09-19T12:48:50.496000+00:00,,45.995,26.272,168.0,207.0,True,476.763,"[2064, 2064, 2048, 2048, 2048, 2048, 2048, 2048]","[2048, 2048, 2048, 2048, 2048, 2048, 2048, 2048, 2048, 2048]","[2048, 2048, 2048, 2048, 2048, 2048, 2048, 2048]",312.0
1269,9898,5,15,2025-09-19T12:49:05.137000+00:00,38.326,43.441,25.51,205.0,218.0,False,107.277,"[2048, 2048, 2048, 2048, 2048, 2048, 2048, 2048]","[2048, 2048, 2048, 2048, 2048, 2048, 2048, 2048, 2048, 2048]","[2048, 2048, 2048, 2048, 2048, 2048, 2048, 2048]",318.0
1269,9898,55,16,2025-09-19T12:49:16.373000+00:00,37.666,43.211,25.461,212.0,226.0,False,106.338,"[None, 2048, 2048, 2048, 2048, 2048, 2048, 2048]","[2048, 2048, 2048, 2048, 2048, 2048, 2048, 2048, 2048, 2048]","[2048, 2048, 2048, 2048, 2048, 2048, 2048, 2048]",317.0
1269,9898,31,16,2025-09-19T12:49:20.974000+00:00,38.245,43.154,25.814,193.0,211.0,False,107.213,"[None, 2048, 2048, 2048, 2048, 2048, 2048, 2048]","[2048, 2048, 2048, 2048, 2048, 2048, 2048, 2048, 2048, 2048]","[2048, 2048, 2048, 2048, 2048, 2048, 2048, 2048]",314.0
1269,9898,23,17,2025-09-19T12:49:22.754000+00:00,37.79,43.311,25.259,201.0,215.0,False,106.36,"[None, 2048, 2048, 2048, 2048, 2048, 2048, 2048]","[2048, 2048, 2048, 2048, 2048, 2048, 2048, 2048, 2048, 2048]","[2048, 2048, 2048, 2048, 2048, 2048, 2048, 2048]",322.0
1269,9898,87,16,2025-09-19T12:49:28.693000+00:00,37.945,73.917,25.588,196.0,205.0,False,137.45,"[None, 2048, 2048, 2048, 2048, 2048, 2048, 2048]","[2048, 2048, 2048, 2048, 2048, 2048, 2048, 2048, 2048, 2048]","[2048, 2048, 2048, 2048, 2048, 2048, 2048, 2048]",319.0
1269,9898,81,16,2025-09-19T12:49:36.381000+00:00,,47.185,25.332,189.0,200.0,True,410.975,"[2064, 2064, 2048, 2048, 2048, 2048, 2048, 2048]","[2048, 2048, 2048, 2048, 2048, 2048, 2048, 2048, 2048, 2048]","[2048, 2048, 2048, 2048, 2048, 2048, 2048, 2048]",321.0
1269,9898,1,15,2025-09-19T12:49:44.568000+00:00,38.05,45.607,25.594,193.0,205.0,False,109.251,"[2048, 2048, 2048, 2048, 2048, 2048, 2048, 2048]","[2048, 2048, 2048, 2048, 2048, 2048, 2048, 2048, 2048, 2048]","[2048, 2048, 2048, 2048, 2048, 2048, 2048, 2048]",315.0
1269,9898,22,15,2025-09-19T12:49:50.662000+00:00,38.456,45.79,25.49,195.0,210.0,False,109.736,"[2048, 2048, 2048, 2048, 2048, 2048, 2048, 2048]","[2048, 2048, 2048, 2048, 2048, 2048, 2048, 2048, 2048, 2048]","[2048, 2048, 2048, 2048, 2048, 2048, 2048, 2048]",317.0
1269,9898,6,16,2025-09-19T12:49:59.193000+00:00,38.5,45.408,25.382,200.0,204.0,False,109.29,"[None, 2048, 2048, 2048, 2048, 2048, 2048, 2048]","[2048, 2048, 2048, 2048, 2048, 2048, 2048, 2048, 2048, 2048]","[2048, 2048, 2048, 2048, 2048, 2048, 2048, 2048]",323.0
1269,9898,63,12,2025-09-19T12:50:00.662000+00:00,,44.42,25.546,188.0,224.0,True,495.54,"[2064, 2064, 2048, 2048, 2048, 2048, 2048, 2048]","[2048, 2048, 2048, 2048, 2048, 2048, 2048, 2048, 2048, 2048]","[2048, 2048, 2048, 2048, 2048, 2048, 2048, 2048]",317.0
1269,9898,43,15,2025-09-19T12:50:04.803000+00:00,38.182,43.853,25.312,199.0,209.0,False,107.347,"[None, 2048, 2048, 2048, 2048, 2048, 2048, 2048]","[2048, 2048, 2048, 2048, 2048, 2048, 2048, 2048, 2048, 2048]","[2048, 2048, 2048, 2048, 2048, 2048, 2048, 2048]",323.0
1269,9898,30,15,2025-09-19T12:50:08.115000+00:00,38.12,43.789,25.306,205.0,215.0,False,107.215,"[None, 2048, 2048, 2048, 2048, 2048, 2048, 2048]","[2048, 2048, 2048, 2048, 2048, 2048, 2048, 2048, 2048, 2048]","[2048, 2048, 2048, 2048, 2048, 2048, 2048, 2048]",321.0
1269,9898,27,15,2025-09-19T12:50:14.584000+00:00,38.12,43.368,25.504,204.0,220.0,False,106.992,"[None, 2048, 2048, 2048, 2048, 2048, 2048, 2048]","[2048, 2048, 2048, 2048, 2048, 2048, 2048, 2048, 2048, 2048]","[2048, 2048, 2048, 2048, 2048, 2048, 2048, 2048]",318.0
1269,9898,18,17,2025-09-19T12:50:24.475000+00:00,38.472,44.086,25.537,195.0,205.0,False,108.095,"[None, 2048, 2048, 2048, 2048, 2048, 2048, 2048]","[2048, 2048, 2048, 2048, 2048, 2048, 2048, 2048, 2048, 2048]","[2048, 2048, 2048, 2048, 2048, 2048, 2048, 2048]",316.0
1269,9898,12,15,2025-09-19T12:50:32.490000+00:00,,43.753,25.422,199.0,211.0,True,427.863,"[2064, 2064, 2048, 2048, 2048, 2048, 2048, 2048]","[2048, 2048, 2048, 2048, 2048, 2048, 2048, 2048, 2048, 2048]","[2048, 2048, 2048, 2048, 2048, 2048, 2048, 2048]",320.0
1269,9898,14,17,2025-09-19T12:50:44.850000+00:00,38.459,43.928,25.623,195.0,217.0,False,108.01,"[2048, 2048, 2048, 2048, 2048, 2048, 2048, 2048]","[2048, 2048, 2048, 2048, 2048, 2048, 2048, 2048, 2048, 2048]","[2048, 2048, 2048, 2048, 2048, 2048, 2048, 2048]",316.0
1269,9898,5,16,2025-09-19T12:50:52.525000+00:00,38.172,43.309,25.437,,224.0,False,106.918,"[None, 2048, 2048, 2048, 2048, 2048, 2048, 2048]","[2048, 2048, 2048, 2048, 2048, 2048, 2048, 2048, 2048, 2048]","[2048, 2048, 2048, 2048, 2048, 2048, 2048, 2048]",319.0
1269,9898,16,17,2025-09-19T12:50:59.628000+00:00,,46.483,25.453,180.0,206.0,True,472.418,"[2064, 2064, 2048, 2048, 2048, 2048, 2048, 2048]","[2048, 2048, 2048, 2048, 2048, 2048, 2048, 2048, 2048, 2048]","[2048, 2048, 2048, 2048, 2048, 2048, 2048, 2048]",321.0
1269,9898,55,17,2025-09-19T12:51:02.659000+00:00,37.628,43.295,25.896,,223.0,False,106.819,"[None, 2048, 2048, 2048, 2048, 2048, 2048, 2048]","[2048, 2048, 2048, 2048, 2048, 2048, 2048, 2048, 2048, 2048]","[2048, 2048, 2048, 2048, 2048, 2048, 2048, 2048]",316.0
1269,9898,31,17,2025-09-19T12:51:08.159000+00:00,38.258,43.295,25.643,189.0,211.0,False,107.196,"[None, 2048, 2048, 2048, 2048, 2048, 2048, 2048]","[2048, 2048, 2048, 2048, 2048, 2048, 2048, 2048, 2048, 2048]","[2048, 2048, 2048, 2048, 2048, 2048, 2048, 2048]",315.0
1269,9898,23,18,2025-09-19T12:51:09.066000+00:00,38.21,44.211,30.024,196.0,119.0,False,112.445,"[None, 2048, 2048, 2048, 2048, 2048, 2048, 2048]","[2048, 2048, 2048, 2048, 2048, 2048, 2048, 2048, 2048, 2048]","[2048, 2048, 2048, 2048, 2048, 2048, 2048, 2048]",319.0
1269,9898,1,16,2025-09-19T12:51:33.321000+00:00,37.844,43.488,25.462,204.0,218.0,False,106.794,"[None, 2048, 2048, 2048, 2048, 2048, 2048, 2048]","[2048, 2048, 2048, 2048, 2048, 2048, 2048, 2048, 2048, 2048]","[2048, 2048, 2048, 2048, 2048, 2048, 2048, 2048]",318.0
1269,9898,22,16,2025-09-19T12:51:40.385000+00:00,38.077,43.533,25.38,199.0,210.0,False,106.99,"[None, 2048, 2048, 2048, 2048, 2048, 2048, 2048]","[2048, 2048, 2048, 2048, 2048, 2048, 2048, 2048, 2048, 2048]","[2048, 2048, 2048, 2048, 2048, 2048, 2048]",320.0
1269,9898,87,17,2025-09-19T12:51:46.209000+00:00,37.91,43.16,25.464,,225.0,False,106.534,"[None, 2048, 2048, 2048, 2048, 2048, 2048, 2048]","[2048, 2048, 2048, 2048, 2048, 2048, 2048, 2048, 2048, 2048]","[2048, 2048, 2048, 2048, 2048, 2048, 2048, 2048]",320.0
1269,9898,81,17,2025-09-19T12:51:47.084000+00:00,37.666,43.22,24.894,201.0,216.0,False,105.78,"[2048, 2048, 2048, 2048, 2048, 2048, 2048, 2048]","[2048, 2048, 2048, 2048, 2048, 2048, 2048, 2048, 2048, 2048]","[2048, 2048, 2048, 2049, 2049, 2049, 2049, 2049]",327.0
1269,9898,6,17,2025-09-19T12:51:48.476000+00:00,38.483,43.977,25.412,199.0,215.0,False,107.872,"[None, 2048, 2048, 2048, 2048, 2048, 2048, 2048]","[2048, 2048, 2048, 2048, 2048, 2048, 2048, 2048, 2048, 2048]","[2048, 2048, 2048, 2048, 2048, 2048, 2048, 2048]",323.0
1269,9898,43,16,2025-09-19T12:51:52.097000+00:00,38.627,44.539,25.494,193.0,196.0,False,108.66,"[None, 2048, 2048, 2048, 2048, 2048, 2048, 2048]","[2048, 2048, 2048, 2048, 2048, 2048, 2048, 2048, 2048, 2048]","[2048, 2048, 2048, 2048, 2048, 2048, 2048, 2048]",325.0
1269,9898,30,16,2025-09-19T12:51:55.346000+00:00,37.947,43.702,25.279,212.0,218.0,False,106.928,"[None, 2048, 2048, 2048, 2048, 2048, 2048, 2048]","[2048, 2048, 2048, 2048, 2048, 2048, 2048, 2048, 2048, 2048]","[2048, 2048, 2048, 2048, 2048, 2048, 2048, 2048]",324.0
1269,9898,27,16,2025-09-19T12:52:01.521000+00:00,38.281,43.779,25.431,210.0,224.0,False,107.491,"[None, 2048, 2048, 2048, 2048, 2048, 2048, 2048]","[2048, 2048, 2048, 2048, 2048, 2048, 2048, 2048, 2048, 2048]","[2048, 2048, 2048, 2048, 2048, 2048, 2048, 2048]",320.0
1269,9898,18,18,2025-09-19T12:52:13.173000+00:00,38.405,44.004,25.494,198.0,207.0,False,107.903,"[None, 2048, 2048, 2048, 2048, 2048, 2048, 2048]","[2048, 2048, 2048, 2048, 2048, 2048, 2048, 2048, 2048, 2048]","[2048, 2048, 2048, 2048, 2048, 2048, 2048, 2048]",318.0
1269,9898,63,13,2025-09-19T12:52:24.226000+00:00,38.162,43.819,25.528,201.0,216.0,False,107.509,"[2048, 2048, 2048, 2048, 2048, 2048, 2048, 2048]","[2048, 2048, 2048, 2048, 2048, 2048, 2048, 2048, 2048, 2048]","[2048, 2048, 2048, 2048, 2048, 2048, 2048, 2048]",319.0
1269,9898,14,18,2025-09-19T12:52:32.809000+00:00,38.194,43.964,25.567,196.0,208.0,False,107.725,"[None, 2048, 2048, 2048, 2048, 2048, 2048, 2048]","[2048, 2048, 2048, 2048, 2048, 2048, 2048, 2048, 2048, 2048]","[2048, 2048, 2048, 2048, 2048, 2048, 2048, 2048]",317.0
1269,9898,5,17,2025-09-19T12:52:39.284000+00:00,38.071,43.351,25.414,202.0,225.0,False,106.836,"[None, 2048, 2048, 2048, 2048, 2048, 2048, 2048]","[2048, 2048, 2048, 2048, 2048, 2048, 2048, 2048, 2048, 2048]","[2048, 2048, 2048, 2048, 2048, 2048, 2048]",319.0
1269,9898,12,16,2025-09-19T12:52:44.547000+00:00,37.657,43.642,25.377,207.0,214.0,False,106.676,"[2048, 2048, 2048, 2048, 2048, 2048, 2048, 2048]","[2048, 2048, 2048, 2048, 2048, 2048, 2048, 2048, 2048, 2048]","[2048, 2048, 2048, 2048, 2048, 2048, 2048, 2048]",321.0
1269,9898,55,18,2025-09-19T12:52:49.432000+00:00,37.614,43.484,25.421,218.0,223.0,False,106.519,"[None, 2048, 2048, 2048, 2048, 2048, 2048, 2048]","[2048, 2048, 2048, 2048, 2048, 2048, 2048, 2048, 2048, 2048]","[2048, 2048, 2048, 2048, 2048, 2048, 2048, 2048]",319.0
1269,9898,31,18,2025-09-19T12:52:55.684000+00:00,38.225,43.435,25.694,194.0,220.0,False,107.354,"[None, 2048, 2048, 2048, 2048, 2048, 2048, 2048]","[2048, 2048, 2048, 2048, 2048, 2048, 2048, 2048, 2048, 2048]","[2048, 2048, 2048, 2048, 2048, 2048, 2048, 2048]",315.0
1269,9898,23,19,2025-09-19T12:53:01.485000+00:00,37.986,43.315,25.445,,211.0,False,106.746,"[None, 2048, 2048, 2048, 2048, 2048, 2048, 2048]","[2048, 2048, 2048, 2048, 2048, 2048, 2048, 2048, 2048, 2048]","[2048, 2048, 2048, 2048, 2048, 2048, 2048, 2048]",318.0
1269,9898,16,18,2025-09-19T12:53:09.821000+00:00,37.751,43.139,25.265,204.0,217.0,False,106.155,"[2048, 2048, 2048, 2048, 2048, 2048, 2048, 2048]","[2048, 2048, 2048, 2048, 2048, 2048, 2048, 2048, 2048, 2048]","[2048, 2048, 2048, 2048, 2048, 2048, 2048, 2048]",321.0
1269,9898,1,17,2025-09-19T12:53:20.084000+00:00,37.739,43.444,25.384,202.0,221.0,False,106.567,"[None, 2048, 2048, 2048, 2048, 2048, 2048, 2048]","[2048, 2048, 2048, 2048, 2048, 2048, 2048, 2048, 2048, 2048]","[2048, 2048, 2048, 2048, 2048, 2048, 2048, 2048]",319.0
1269,9898,22,17,2025-09-19T12:53:27.298000+00:00,37.885,43.521,25.374,205.0,218.0,False,106.78,"[None, 2048, 2048, 2048, 2048, 2048, 2048, 2048]","[2048, 2048, 2048, 2048, 2048, 2048, 2048, 2048, 2048, 2048]","[2048, 2048, 2048, 2048, 2048, 2048, 2048, 2048]",319.0
1269,9898,87,18,2025-09-19T12:53:32.613000+00:00,38.885,43.972,25.331,197.0,211.0,False,108.188,"[None, 2048, 2048, 2048, 2048, 2048, 2048, 2048]","[2048, 2048, 2048, 2048, 2048, 2048, 2048, 2048, 2048, 2048]","[2048, 2048, 2048, 2048, 2048, 2048, 2048, 2048]",324.0
1269,9898,81,18,2025-09-19T12:53:32.894000+00:00,37.81,43.619,25.39,195.0,213.0,False,106.819,"[None, 2048, 2048, 2048, 2048, 2048, 2048, 2048]","[2048, 2048, 2048, 2048, 2048, 2048, 2048, 2048, 2048, 2048]","[2048, 2048, 2048, 2048, 2048, 2048, 2048, 2048]",319.0
1269,9898,10,17,2025-09-19T12:53:34.441000+00:00,,44.87,26.085,179.0,164.0,True,361.344,"[2064, 2064, 2048, 2048, 2048, 2048, 2048, 2048]","[2048, 2048, 2048, 2048, 2048, 2048, 2048, 2048, 2048, 2048]","[2048, 2048, 2048, 2048, 2048, 2048, 2048, 2048]",323.0
1269,9898,6,18,2025-09-19T12:53:36.394000+00:00,38.345,44.105,25.344,202.0,212.0,False,107.794,"[None, 2048, 2048, 2048, 2048, 2048, 2048, 2048]","[2048, 2048, 2048, 2048, 2048, 2048, 2048, 2048, 2048, 2048]","[2048, 2048, 2048, 2048, 2048, 2048, 2048, 2048]",324.0
1269,9898,43,17,2025-09-19T12:53:40.988000+00:00,38.585,44.423,25.293,196.0,204.0,False,108.301,"[None, 2048, 2048, 2048, 2048, 2048, 2048, 2048]","[2048, 2048, 2048, 2048, 2048, 2048, 2048, 2048, 2048, 2048]","[2048, 2048, 2048, 2048, 2048, 2048, 2048, 2048]",326.0
1269,9898,30,17,2025-09-19T12:53:42.285000+00:00,38.011,44.23,25.056,193.0,203.0,False,107.297,"[None, 2048, 2048, 2048, 2048, 2048, 2048, 2048]","[2048, 2048, 2048, 2048, 2048, 2048, 2048, 2048, 2048, 2048]","[2048, 2048, 2048, 2048, 2048, 2048, 2048, 2048]",328.0
1269,9898,27,17,2025-09-19T12:53:49.081000+00:00,38.374,43.803,25.434,201.0,220.0,False,107.611,"[None, 2048, 2048, 2048, 2048, 2048, 2048, 2048]","[2048, 2048, 2048, 2048, 2048, 2048, 2048, 2048, 2048, 2048]","[2048, 2048, 2048, 2048, 2048, 2048, 2048, 2048]",319.0
1269,9898,18,19,2025-09-19T12:54:00.550000+00:00,38.348,44.064,25.518,194.0,211.0,False,107.93,"[None, 2048, 2048, 2048, 2048, 2048, 2048, 2048]","[2048, 2048, 2048, 2048, 2048, 2048, 2048, 2048, 2048, 2048]","[2048, 2048, 2048, 2048, 2048, 2048, 2048, 2048]",318.0
1269,9898,44,16,2025-09-19T12:54:11.410000+00:00,,43.581,25.369,189.0,207.0,True,423.237,"[2064, 2064, 2048, 2048, 2048, 2048, 2048, 2048]","[2048, 2048, 2048, 2048, 2048, 2048, 2048, 2048, 2048, 2048]","[2048, 2048, 2048, 2048, 2048, 2048, 2048, 2048]",318.0
1269,9898,63,14,2025-09-19T12:54:11.722000+00:00,38.02,43.362,25.489,204.0,217.0,False,106.871,"[None, 2048, 2048, 2048, 2048, 2048, 2048, 2048]","[2048, 2048, 2048, 2048, 2048, 2048, 2048, 2048, 2048, 2048]","[2048, 2048, 2048, 2048, 2048, 2048, 2048]",319.0
1269,9898,14,19,2025-09-19T12:54:20.519000+00:00,38.439,44.255,25.49,194.0,207.0,False,108.184,"[None, 2048, 2048, 2048, 2048, 2048, 2048, 2048]","[2048, 2048, 2048, 2048, 2048, 2048, 2048, 2048, 2048, 2048]","[2048, 2048, 2048, 2048, 2048, 2048, 2048, 2048]",319.0
1269,9898,5,18,2025-09-19T12:54:26.332000+00:00,38.134,43.381,25.457,206.0,227.0,False,106.972,"[None, 2048, 2048, 2048, 2048, 2048, 2048, 2048]","[2048, 2048, 2048, 2048, 2048, 2048, 2048, 2048, 2048, 2048]","[2048, 2048, 2048, 2048, 2048, 2048, 2048]",319.0
1269,9898,12,17,2025-09-19T12:54:31.191000+00:00,37.802,43.695,25.408,208.0,216.0,False,106.905,"[None, 2048, 2048, 2048, 2048, 2048, 2048, 2048]","[2048, 2048, 2048, 2048, 2048, 2048, 2048, 2048, 2048, 2048]","[2048, 2048, 2048, 2048, 2048, 2048, 2048, 2048]",321.0
1269,9898,55,19,2025-09-19T12:54:35.972000+00:00,37.836,43.345,25.433,205.0,224.0,False,106.614,"[None, 2048, 2048, 2048, 2048, 2048, 2048, 2048]","[2048, 2048, 2048, 2048, 2048, 2048, 2048, 2048, 2048, 2048]","[2048, 2048, 2048, 2048, 2048, 2048, 2048, 2048]",318.0
1269,9898,31,19,2025-09-19T12:54:42.832000+00:00,38.375,43.384,25.682,192.0,220.0,False,107.441,"[None, 2048, 2048, 2048, 2048, 2048, 2048, 2048]","[2048, 2048, 2048, 2048, 2048, 2048, 2048, 2048, 2048, 2048]","[2048, 2048, 2048, 2048, 2048, 2048, 2048, 2048]",313.0
1269,9898,23,20,2025-09-19T12:54:48.832000+00:00,37.814,43.279,25.527,202.0,222.0,False,106.62,"[None, 2048, 2048, 2048, 2048, 2048, 2048, 2048]","[2048, 2048, 2048, 2048, 2048, 2048, 2048, 2048, 2048, 2048]","[2048, 2048, 2048, 2048, 2048, 2048, 2048, 2048]",319.0
1269,9898,16,19,2025-09-19T12:54:55.941000+00:00,37.656,43.294,25.427,212.0,224.0,False,106.377,"[None, 2048, 2048, 2048, 2048, 2048, 2048, 2048]","[2048, 2048, 2048, 2048, 2048, 2048, 2048, 2048, 2048, 2048]","[2048, 2048, 2048, 2048, 2048, 2048, 2048, 2048]",322.0
1269,9898,1,18,2025-09-19T12:55:06.582000+00:00,37.861,43.403,25.438,206.0,222.0,False,106.702,"[None, 2048, 2048, 2048, 2048, 2048, 2048, 2048]","[2048, 2048, 2048, 2048, 2048, 2048, 2048, 2048, 2048, 2048]","[2048, 2048, 2048, 2048, 2048, 2048, 2048, 2048]",319.0
1269,9898,22,18,2025-09-19T12:55:14.175000+00:00,37.895,43.543,25.423,206.0,218.0,False,106.861,"[None, 2048, 2048, 2048, 2048, 2048, 2048, 2048]","[2048, 2048, 2048, 2048, 2048, 2048, 2048, 2048, 2048, 2048]","[2048, 2048, 2048, 2048, 2048, 2048, 2048, 2048]",319.0
1269,9898,81,19,2025-09-19T12:55:19.722000+00:00,38.077,43.688,25.453,203.0,210.0,False,107.218,"[None, 2048, 2048, 2048, 2048, 2048, 2048, 2048]","[2048, 2048, 2048, 2048, 2048, 2048, 2048, 2048, 2048, 2048]","[2048, 2048, 2048, 2048, 2048, 2048, 2048, 2048]",319.0
1269,9898,87,19,2025-09-19T12:55:20.894000+00:00,38.055,43.639,25.437,,217.0,False,107.131,"[None, 2048, 2048, 2048, 2048, 2048, 2048, 2048]","[2048, 2048, 2048, 2048, 2048, 2048, 2048, 2048, 2048, 2048]","[2048, 2048, 2048, 2048, 2048, 2048, 2048, 2048]",323.0
1269,9898,6,19,2025-09-19T12:55:24.129000+00:00,38.199,44.043,25.399,207.0,209.0,False,107.641,"[None, 2048, 2048, 2048, 2048, 2048, 2048, 2048]","[2048, 2048, 2048, 2048, 2048, 2048, 2048, 2048, 2048, 2048]","[2048, 2048, 2048, 2048, 2048, 2048, 2048, 2048]",323.0
1269,9898,10,18,2025-09-19T12:55:27.332000+00:00,38.009,43.667,25.381,196.0,209.0,False,107.057,"[2048, 2048, 2048, 2048, 2048, 2048, 2048, 2048]","[2048, 2048, 2048, 2048, 2048, 2048, 2048, 2048, 2048, 2048]","[2048, 2048, 2048, 2048, 2048, 2048, 2048, 2048]",323.0
1269,9898,43,18,2025-09-19T12:55:29.066000+00:00,38.682,44.396,25.467,191.0,194.0,False,108.545,"[None, 2048, 2048, 2048, 2048, 2048, 2048, 2048]","[2048, 2048, 2048, 2048, 2048, 2048, 2048, 2048, 2048, 2048]","[2048, 2048, 2048, 2048, 2048, 2048, 2048, 2048]",324.0
1269,9898,30,18,2025-09-19T12:55:29.613000+00:00,42.356,44.076,25.206,176.0,215.0,False,111.638,"[None, 2048, 2048, 2048, 2048, 2048, 2048, 2048]","[2048, 2048, 2048, 2048, 2048, 2048, 2048, 2048, 2048, 2048]","[2048, 2048, 2048, 2048, 2048, 2048, 2048, 2048]",324.0
1269,9898,27,18,2025-09-19T12:55:36.754000+00:00,38.296,43.684,25.466,196.0,226.0,False,107.446,"[None, 2048, 2048, 2048, 2048, 2048, 2048, 2048]","[2048, 2048, 2048, 2048, 2048, 2048, 2048, 2048, 2048, 2048]","[2048, 2048, 2048, 2048, 2048, 2048, 2048, 2048]",320.0
1269,9898,18,20,2025-09-19T12:55:48.347000+00:00,38.48,44.251,25.874,204.0,207.0,False,108.605,"[None, 2048, 2048, 2048, 2048, 2048, 2048, 2048]","[2048, 2048, 2048, 2048, 2048, 2048, 2048, 2048, 2048, 2048]","[2048, 2048, 2048, 2048, 2048, 2048, 2048, 2048]",317.0
1269,9898,63,15,2025-09-19T12:55:58.488000+00:00,37.738,43.52,25.505,208.0,222.0,False,106.763,"[None, 2048, 2048, 2048, 2048, 2048, 2048, 2048]","[2048, 2048, 2048, 2048, 2048, 2048, 2048, 2048, 2048, 2048]","[2048, 2048, 2048, 2048, 2048, 2048, 2048, 2048]",319.0
1269,9898,44,17,2025-09-19T12:56:06.613000+00:00,37.701,43.204,25.51,198.0,226.0,False,106.415,"[2048, 2048, 2048, 2048, 2048, 2048, 2048, 2048]","[2048, 2048, 2048, 2048, 2048, 2048, 2048, 2048, 2048, 2048]","[2048, 2048, 2048, 2048, 2048, 2048, 2048, 2048]",317.0
1269,9898,14,20,2025-09-19T12:56:08.707000+00:00,38.605,45.026,25.716,189.0,207.0,False,109.347,"[None, 2048, 2048, 2048, 2048, 2048, 2048, 2048]","[2048, 2048, 2048, 2048, 2048, 2048, 2048, 2048, 2048, 2048]","[2048, 2048, 2048, 2048, 2048, 2048, 2048, 2048]",317.0
1269,9898,5,19,2025-09-19T12:56:13.441000+00:00,38.153,55.772,25.852,211.0,192.0,False,119.777,"[None, 2048, 2048, 2048, 2048, 2048, 2048, 2048]","[2048, 2048, 2048, 2048, 2048, 2048, 2048, 2048, 2048, 2048]","[2048, 2048, 2048, 2048, 2048, 2048, 2048, 2048]",321.0
1269,9898,12,18,2025-09-19T12:56:18.066000+00:00,37.775,43.779,25.591,205.0,220.0,False,107.145,"[None, 2048, 2048, 2048, 2048, 2048, 2048, 2048]","[2048, 2048, 2048, 2048, 2048, 2048, 2048, 2048, 2048, 2048]","[2048, 2048, 2048, 2048, 2048, 2048, 2048, 2048]",319.0
1269,9898,55,20,2025-09-19T12:56:22.660000+00:00,37.706,44.63,25.622,211.0,205.0,False,107.958,"[None, 2048, 2048, 2048, 2048, 2048, 2048, 2048]","[2048, 2048, 2048, 2048, 2048, 2048, 2048, 2048, 2048, 2048]","[2048, 2048, 2048, 2048, 2048, 2048, 2048, 2048]",318.0
1269,9898,31,20,2025-09-19T12:56:30.238000+00:00,38.477,44.48,25.649,191.0,203.0,False,108.606,"[None, 2048, 2048, 2048, 2048, 2048, 2048, 2048]","[2048, 2048, 2048, 2048, 2048, 2048, 2048, 2048, 2048, 2048]","[2048, 2048, 2048, 2048, 2048, 2048, 2048, 2048]",313.0
1269,9898,23,21,2025-09-19T12:56:34.941000+00:00,37.995,44.137,25.46,201.0,209.0,False,107.592,"[None, 2048, 2048, 2048, 2048, 2048, 2048, 2048]","[2048, 2048, 2048, 2048, 2048, 2048, 2048, 2048, 2048, 2048]","[2048, 2048, 2048, 2048, 2048, 2048, 2048, 2048]",320.0
1269,9898,16,20,2025-09-19T12:56:42.285000+00:00,74.382,56.304,25.423,79.0,206.0,False,156.109,"[None, 2048, 2048, 2048, 2048, 2048, 2048, 2048]","[2048, 2048, 2048, 2048, 2048, 2048, 2048, 2048, 2048, 2048]","[2048, 2048, 2048, 2048, 2048, 2048, 2048, 2048]",322.0
1269,9898,1,19,2025-09-19T12:56:53.269000+00:00,40.284,43.675,25.52,197.0,222.0,False,109.479,"[None, 2048, 2048, 2048, 2048, 2048, 2048, 2048]","[2048, 2048, 2048, 2048, 2048, 2048, 2048, 2048, 2048, 2048]","[2048, 2048, 2048, 2048, 2048, 2048, 2048, 2048]",317.0
1269,9898,22,19,2025-09-19T12:57:01.066000+00:00,38.543,43.886,25.327,192.0,213.0,False,107.756,"[None, 2048, 2048, 2048, 2048, 2048, 2048, 2048]","[2048, 2048, 2048, 2048, 2048, 2048, 2048, 2048, 2048, 2048]","[2048, 2048, 2048, 2048, 2048, 2048, 2048, 2048]",321.0
1269,9898,81,20,2025-09-19T12:57:06.879000+00:00,38.288,43.779,25.402,186.0,218.0,False,107.469,"[None, 2048, 2048, 2048, 2048, 2048, 2048, 2048]","[2048, 2048, 2048, 2048, 2048, 2048, 2048, 2048, 2048, 2048]","[2048, 2048, 2048, 2048, 2048, 2048, 2048, 2048]",319.0
1269,9898,87,20,2025-09-19T12:57:07.988000+00:00,38.126,43.874,25.312,193.0,216.0,False,107.312,"[None, 2048, 2048, 2048, 2048, 2048, 2048, 2048]","[2048, 2048, 2048, 2048, 2048, 2048, 2048, 2048, 2048, 2048]","[2048, 2048, 2048, 2048, 2048, 2048, 2048, 2048]",323.0
1269,9898,6,20,2025-09-19T12:57:11.785000+00:00,38.411,43.946,25.476,,221.0,False,107.833,"[None, 2048, 2048, 2048, 2048, 2048, 2048, 2048]","[2048, 2048, 2048, 2048, 2048, 2048, 2048, 2048, 2048, 2048]","[2048, 2048, 2048, 2048, 2048, 2048, 2048, 2048]",322.0
1269,9898,10,19,2025-09-19T12:57:14.288000+00:00,38.427,43.532,25.201,182.0,223.0,False,107.16,"[None, 2048, 2048, 2048, 2048, 2048, 2048, 2048]","[2048, 2048, 2048, 2048, 2048, 2048, 2048, 2048, 2048, 2048]","[2048, 2048, 2048, 2048, 2048, 2048, 2048, 2048]",325.0
1269,9898,43,19,2025-09-19T12:57:17.698000+00:00,38.955,44.405,25.532,196.0,213.0,False,108.892,"[None, 2048, 2048, 2048, 2048, 2048, 2048, 2048]","[2048, 2048, 2048, 2048, 2048, 2048, 2048, 2048, 2048, 2048]","[2048, 2048, 2048, 2048, 2048, 2048, 2048, 2048]",323.0
1269,9898,30,19,2025-09-19T12:57:21.184000+00:00,37.983,44.077,25.231,201.0,199.0,False,107.291,"[None, 2048, 2048, 2048, 2048, 2048, 2048, 2048]","[2048, 2048, 2048, 2048, 2048, 2048, 2048, 2048, 2048, 2048]","[2048, 2048, 2048, 2048, 2048, 2048, 2048, 2048]",325.0
1269,9898,27,19,2025-09-19T12:57:24.124000+00:00,38.077,43.474,25.208,205.0,228.0,False,106.759,"[None, 2048, 2048, 2048, 2048, 2048, 2048, 2048]","[2048, 2048, 2048, 2048, 2048, 2048, 2048, 2048, 2048, 2048]","[2048, 2048, 2048, 2048, 2048, 2048, 2048, 2048]",325.0
1269,9898,18,21,2025-09-19T12:57:36.985000+00:00,38.633,44.553,25.473,194.0,203.0,False,108.659,"[None, 2048, 2048, 2048, 2048, 2048, 2048, 2048]","[2048, 2048, 2048, 2048, 2048, 2048, 2048, 2048, 2048, 2048]","[2048, 2048, 2048, 2048, 2048, 2048, 2048, 2048]",317.0
1269,9898,63,16,2025-09-19T12:57:45.361000+00:00,37.823,43.795,25.51,209.0,228.0,False,107.128,"[None, 2048, 2048, 2048, 2048, 2048, 2048, 2048]","[2048, 2048, 2048, 2048, 2048, 2048, 2048, 2048, 2048, 2048]","[2048, 2048, 2048, 2048, 2048, 2048, 2048, 2048]",319.0
1269,9898,44,18,2025-09-19T12:57:53.041000+00:00,37.674,43.164,25.416,199.0,216.0,False,106.254,"[None, 2048, 2048, 2048, 2048, 2048, 2048, 2048]","[2048, 2048, 2048, 2048, 2048, 2048, 2048, 2048, 2048, 2048]","[2048, 2048, 2048, 2048, 2048, 2048, 2048, 2048]",318.0
1269,9898,14,21,2025-09-19T12:57:58.070000+00:00,38.965,45.826,25.629,182.0,197.0,False,110.42,"[None, 2048, 2048, 2048, 2048, 2048, 2048, 2048]","[2048, 2048, 2048, 2048, 2048, 2048, 2048, 2048, 2048, 2048]","[2048, 2048, 2048, 2048, 2048, 2048, 2048, 2048]",316.0
1269,9898,12,19,2025-09-19T12:58:05.254000+00:00,37.895,44.211,25.522,204.0,208.0,False,107.628,"[None, 2048, 2048, 2048, 2048, 2048, 2048, 2048]","[2048, 2048, 2048, 2048, 2048, 2048, 2048, 2048, 2048, 2048]","[2048, 2048, 2048, 2048, 2048, 2048, 2048, 2048]",320.0
1269,9898,55,21,2025-09-19T12:58:10.633000+00:00,37.847,43.341,25.396,203.0,223.0,False,106.584,"[None, 2048, 2048, 2048, 2048, 2048, 2048, 2048]","[2048, 2048, 2048, 2048, 2048, 2048, 2048, 2048, 2048, 2048]","[2048, 2048, 2048, 2048, 2048, 2048, 2048, 2048]",318.0
1269,9898,5,20,2025-09-19T12:58:12.986000+00:00,38.558,44.212,25.352,208.0,219.0,False,108.122,"[None, 2048, 2048, 2048, 2048, 2048, 2048, 2048]","[2048, 2048, 2048, 2048, 2048, 2048, 2048, 2048, 2048, 2048]","[2048, 2048, 2048, 2048, 2048, 2048, 2048, 2048]",324.0
1269,9898,31,21,2025-09-19T12:58:18.840000+00:00,37.976,43.253,25.426,195.0,214.0,False,106.655,"[None, 2048, 2048, 2048, 2048, 2048, 2048, 2048]","[2048, 2048, 2048, 2048, 2048, 2048, 2048, 2048, 2048, 2048]","[2048, 2048, 2048, 2048, 2048, 2048, 2048, 2048]",315.0
1269,9898,23,22,2025-09-19T12:58:22.848000+00:00,51.875,44.641,25.547,183.0,216.0,False,122.063,"[None, 2048, 2048, 2048, 2048, 2048, 2048, 2048]","[2048, 2048, 2048, 2048, 2048, 2048, 2048, 2048, 2048, 2048]","[2048, 2048, 2048, 2048, 2048, 2048, 2048, 2048]",317.0
1269,9898,1,20,2025-09-19T12:58:42.726000+00:00,37.743,43.189,25.267,205.0,226.0,False,106.199,"[None, 2048, 2048, 2048, 2048, 2048, 2048, 2048]","[2048, 2048, 2048, 2048, 2048, 2048, 2048, 2048, 2048, 2048]","[2048, 2048, 2048, 2048, 2048, 2048, 2048, 2048]",321.0
1269,9898,22,20,2025-09-19T12:58:49.069000+00:00,37.729,43.202,25.246,209.0,223.0,False,106.177,"[None, 2048, 2048, 2048, 2048, 2048, 2048, 2048]","[2048, 2048, 2048, 2048, 2048, 2048, 2048, 2048, 2048, 2048]","[2048, 2048, 2048, 2048, 2048, 2048, 2048, 2048]",322.0
1269,9898,81,21,2025-09-19T12:58:54.398000+00:00,38.13,43.678,25.48,196.0,215.0,False,107.288,"[None, 2048, 2048, 2048, 2048, 2048, 2048, 2048]","[2048, 2048, 2048, 2048, 2048, 2048, 2048, 2048, 2048, 2048]","[2048, 2048, 2048, 2048, 2048, 2048, 2048, 2048]",319.0
1269,9898,87,21,2025-09-19T12:58:55.391000+00:00,37.915,44.691,25.338,200.0,219.0,False,107.944,"[None, 2048, 2048, 2048, 2048, 2048, 2048, 2048]","[2048, 2048, 2048, 2048, 2048, 2048, 2048, 2048, 2048, 2048]","[2048, 2048, 2048, 2048, 2048, 2048, 2048, 2048]",321.0
1269,9898,6,21,2025-09-19T12:58:59.539000+00:00,38.472,44.055,25.557,195.0,213.0,False,108.084,"[None, 2048, 2048, 2048, 2048, 2048, 2048, 2048]","[2048, 2048, 2048, 2048, 2048, 2048, 2048, 2048, 2048, 2048]","[2048, 2048, 2048, 2048, 2048, 2048, 2048, 2048]",320.0
1269,9898,10,20,2025-09-19T12:59:01.499000+00:00,38.119,43.636,25.05,199.0,218.0,False,106.805,"[None, 2048, 2048, 2048, 2048, 2048, 2048, 2048]","[2048, 2048, 2048, 2048, 2048, 2048, 2048, 2048, 2048, 2048]","[2048, 2048, 2048, 2048, 2048, 2048, 2048, 2048]",327.0
1269,9898,43,20,2025-09-19T12:59:06.559000+00:00,38.394,44.372,25.404,198.0,203.0,False,108.17,"[None, 2048, 2048, 2048, 2048, 2048, 2048, 2048]","[2048, 2048, 2048, 2048, 2048, 2048, 2048, 2048, 2048, 2048]","[2048, 2048, 2048, 2048, 2048, 2048, 2048, 2048]",322.0
1269,9898,30,20,2025-09-19T12:59:08.572000+00:00,37.967,44.065,25.107,198.0,213.0,False,107.139,"[None, 2048, 2048, 2048, 2048, 2048, 2048, 2048]","[2048, 2048, 2048, 2048, 2048, 2048, 2048, 2048, 2048, 2048]","[2048, 2048, 2048, 2048, 2048, 2048, 2048, 2048]",326.0
1269,9898,27,20,2025-09-19T12:59:10.856000+00:00,38.337,43.853,25.459,207.0,219.0,False,107.649,"[None, 2048, 2048, 2048, 2048, 2048, 2048, 2048]","[2048, 2048, 2048, 2048, 2048, 2048, 2048, 2048, 2048, 2048]","[2048, 2048, 2048, 2048, 2048, 2048, 2048, 2048]",321.0
1269,9898,16,21,2025-09-19T12:59:18.370000+00:00,37.624,43.199,25.282,215.0,218.0,False,106.105,"[None, 2048, 2048, 2048, 2048, 2048, 2048, 2048]","[2048, 2048, 2048, 2048, 2048, 2048, 2048, 2048, 2048, 2048]","[2048, 2048, 2048, 2048, 2048, 2048, 2048]",322.0
1269,9898,18,22,2025-09-19T12:59:25.639000+00:00,38.388,44.368,25.633,,213.0,False,108.389,"[None, 2048, 2048, 2048, 2048, 2048, 2048, 2048]","[2048, 2048, 2048, 2048, 2048, 2048, 2048, 2048, 2048, 2048]","[2048, 2048, 2048, 2048, 2048, 2048, 2048, 2048]",317.0
1269,9898,63,17,2025-09-19T12:59:32.430000+00:00,48.144,50.609,29.7,153.0,176.0,False,128.453,"[None, 2048, 2048, 2048, 2048, 2048, 2048, 2048]","[2048, 2048, 2048, 2048, 2048, 2048, 2048, 2048, 2048, 2048]","[2048, 2048, 2048, 2048, 2048, 2048, 2048, 2048]",267.0
1269,9898,44,19,2025-09-19T12:59:39.317000+00:00,37.644,43.202,25.376,196.0,227.0,False,106.222,"[None, 2048, 2048, 2048, 2048, 2048, 2048, 2048]","[2048, 2048, 2048, 2048, 2048, 2048, 2048, 2048, 2048, 2048]","[2048, 2048, 2048, 2048, 2048, 2048, 2048, 2048]",318.0
1269,9898,14,22,2025-09-19T12:59:48.489000+00:00,39.047,46.203,25.865,184.0,195.0,False,111.115,"[None, 2048, 2048, 2048, 2048, 2048, 2048, 2048]","[2048, 2048, 2048, 2048, 2048, 2048, 2048, 2048, 2048, 2048]","[2048, 2048, 2048, 2048, 2048, 2048, 2048, 2048]",318.0
1269,9898,12,20,2025-09-19T12:59:52.817000+00:00,37.993,44.114,25.41,205.0,215.0,False,107.517,"[None, 2048, 2048, 2048, 2048, 2048, 2048, 2048]","[2048, 2048, 2048, 2048, 2048, 2048, 2048, 2048, 2048, 2048]","[2048, 2048, 2048, 2048, 2048, 2048, 2048, 2048]",323.0
1269,9898,55,22,2025-09-19T12:59:57.082000+00:00,37.744,43.318,25.618,204.0,227.0,False,106.68,"[None, 2048, 2048, 2048, 2048, 2048, 2048, 2048]","[2048, 2048, 2048, 2048, 2048, 2048, 2048, 2048, 2048, 2048]","[2048, 2048, 2048, 2048, 2048, 2048]",319.0
1269,9898,5,21,2025-09-19T13:00:01.082000+00:00,42.24,57.42,53.605,181.0,136.0,False,153.265,"[None, 2048, 2048, 2048, 2048, 2048, 2048, 2048]","[2048, 2048, 2048, 2048, 2048, 2048, 2048, 2048, 2048, 2048]","[2048, 2048, 2048, 2048, 2048, 2048, 2048, 2048]",172.0
1269,9898,31,22,2025-09-19T13:00:05.504000+00:00,51.454,57.713,46.591,114.0,143.0,False,155.758,"[None, 2048, 2048, 2048, 2048, 2048, 2048, 2048]","[2048, 2048, 2048, 2048, 2048, 2048, 2048, 2048, 2048, 2048]","[2048, 2048, 2048, 2048, 2048, 2048, 2048, 2048]",188.0
1269,9898,23,23,2025-09-19T13:00:24.578000+00:00,38.365,53.183,49.601,203.0,154.0,False,141.149,"[None, 2048, 2048, 2048, 2048, 2048, 2048, 2048]","[2048, 2048, 2048, 2048, 2048, 2048, 2048, 2048, 2048, 2048]","[2048, 2048, 2048, 2048, 2048, 2048, 2048, 2048]",168.0
1269,9898,1,21,2025-09-19T13:00:29.010000+00:00,55.723,62.733,49.035,111.0,153.0,False,167.491,"[None, 2048, 2048, 2048, 2048, 2048, 2048, 2048]","[2048, 2048, 2048, 2048, 2048, 2048, 2048, 2048, 2048, 2048]","[2048, 2048, 2048, 2048, 2048, 2048, 2048, 2048]",210.0
1269,9898,22,21,2025-09-19T13:00:34.940000+00:00,55.429,69.412,52.469,81.0,124.0,False,177.31,"[None, 2048, 2048, 2048, 2048, 2048, 2048, 2048]","[2048, 2048, 2048, 2048, 2048, 2048, 2048, 2048, 2048, 2048]","[2048, 2048, 2048, 2048, 2048, 2048, 2048, 2048]",179.0
1269,9898,81,22,2025-09-19T13:00:41.722000+00:00,50.877,70.444,59.561,105.0,121.0,False,180.882,"[None, 2048, 2048, 2048, 2048, 2048, 2048, 2048]","[2048, 2048, 2048, 2048, 2048, 2048, 2048, 2048, 2048, 2048]","[2048, 2048, 2048, 2048, 2048, 2048, 2048, 2048]",180.0
1269,9898,87,22,2025-09-19T13:00:43.185000+00:00,42.184,54.667,51.373,102.0,173.0,False,148.224,"[None, 2048, 2048, 2048, 2048, 2048, 2048, 2048]","[2048, 2048, 2048, 2048, 2048, 2048, 2048, 2048, 2048, 2048]","[2048, 2048, 2048, 2048, 2048, 2048, 2048, 2048]",179.0
1269,9898,6,22,2025-09-19T13:00:47.770000+00:00,47.878,72.754,60.069,104.0,166.0,False,180.701,"[None, 2048, 2048, 2048, 2048, 2048, 2048, 2048]","[2048, 2048, 2048, 2048, 2048, 2048, 2048, 2048, 2048, 2048]","[2048, 2048, 2048, 2048, 2048, 2048, 2048, 2048]",252.0
1269,9898,10,21,2025-09-19T13:00:48.309000+00:00,40.533,52.143,36.09,158.0,179.0,False,128.766,"[None, 2048, 2048, 2048, 2048, 2048, 2048, 2048]","[2048, 2048, 2048, 2048, 2048, 2048, 2048, 2048, 2048, 2048]","[2048, 2048, 2048, 2048, 2048, 2048, 2048, 2048]",312.0
1269,9898,43,21,2025-09-19T13:00:54.734000+00:00,50.444,64.672,59.554,141.0,146.0,False,174.67,"[None, 2048, 2048, 2048, 2048, 2048, 2048, 2048]","[2048, 2048, 2048, 2048, 2048, 2048, 2048, 2048, 2048, 2048]","[2048, 2048, 2048, 2048, 2048, 2048, 2048, 2048]",165.0
1269,9898,30,21,2025-09-19T13:00:55.622000+00:00,43.065,77.269,59.051,134.0,111.0,False,179.385,"[None, 2048, 2048, 2048, 2048, 2048, 2048, 2048]","[2048, 2048, 2048, 2048, 2048, 2048, 2048, 2048, 2048, 2048]","[2048, 2048, 2048, 2048, 2048, 2048, 2048, 2048]",190.0
1269,9898,27,21,2025-09-19T13:00:58.523000+00:00,39.564,67.126,58.351,195.0,118.0,False,165.041,"[None, 2048, 2048, 2048, 2048, 2048, 2048, 2048]","[2048, 2048, 2048, 2048, 2048, 2048, 2048, 2048, 2048, 2048]","[2048, 2048, 2048, 2048, 2048, 2048, 2048, 2048]",138.0
1269,9898,16,22,2025-09-19T13:01:04.442000+00:00,50.766,63.687,62.325,148.0,107.0,False,176.778,"[None, 2048, 2048, 2048, 2048, 2048, 2048, 2048]","[2048, 2048, 2048, 2048, 2048, 2048, 2048, 2048, 2048, 2048]","[2048, 2048, 2048, 2048, 2048, 2048, 2048, 2048]",145.0
1269,9898,18,23,2025-09-19T13:01:14.020000+00:00,47.294,59.924,63.009,145.0,85.0,False,170.227,"[None, 2048, 2048, 2048, 2048, 2048, 2048, 2048]","[2048, 2048, 2048, 2048, 2048, 2048, 2048, 2048, 2048, 2048]","[2048, 2048, 2048, 2048, 2048, 2048, 2048, 2048]",110.0
1269,9898,44,20,2025-09-19T13:01:25.536000+00:00,47.729,63.514,58.124,116.0,143.0,False,169.367,"[None, 2048, 2048, 2048, 2048, 2048, 2048, 2048]","[2048, 2048, 2048, 2048, 2048, 2048, 2048, 2048, 2048, 2048]","[2048, 2048, 2048, 2048, 2048, 2048, 2048, 2048]",142.0
1269,9898,14,23,2025-09-19T13:01:39.661000+00:00,46.764,53.96,48.348,157.0,144.0,False,149.072,"[None, 2048, 2048, 2048, 2048, 2048, 2048, 2048]","[2048, 2048, 2048, 2048, 2048, 2048, 2048, 2048, 2048, 2048]","[2048, 2048, 2048, 2048, 2048, 2048, 2048, 2048]",160.0
1269,9898,12,21,2025-09-19T13:01:40.489000+00:00,62.573,67.756,55.222,94.0,123.0,False,185.551,"[None, 2048, 2048, 2048, 2048, 2048, 2048, 2048]","[2048, 2048, 2048, 2048, 2048, 2048, 2048, 2048, 2048, 2048]","[2048, 2048, 2048, 2048, 2048, 2048, 2048, 2048]",175.0
1269,9898,63,18,2025-09-19T13:01:40.849000+00:00,54.639,62.851,52.186,129.0,153.0,False,169.676,"[None, 2048, 2048, 2048, 2048, 2048, 2048, 2048]","[2048, 2048, 2048, 2048, 2048, 2048, 2048, 2048, 2048, 2048]","[2048, 2048, 2048, 2048, 2048, 2048, 2048, 2048]",153.0
1269,9898,55,23,2025-09-19T13:01:44.239000+00:00,62.147,57.624,42.46,132.0,163.0,False,162.231,"[None, 2048, 2048, 2048, 2048, 2048, 2048, 2048]","[2048, 2048, 2048, 2048, 2048, 2048, 2048, 2048, 2048, 2048]","[2048, 2048, 2048, 2048, 2048, 2048, 2048, 2048]",177.0
1269,9898,5,22,2025-09-19T13:02:34.255000+00:00,73.129,56.81,38.934,169.0,133.0,False,168.873,"[None, 2048, 2048, 2048, 2048, 2048, 2048, 2048]","[2048, 2048, 2048, 2048, 2048, 2048, 2048, 2048, 2048, 2048]","[2048, 2048, 2048, 2048, 2048, 2048, 2064, 2064]",239.0
1269,9898,31,23,2025-09-19T13:02:41.380000+00:00,63.439,53.174,57.91,145.0,139.0,False,174.523,"[None, 2048, 2048, 2048, 2048, 2048, 2048, 2048]","[2048, 2048, 2048, 2048, 2048, 2048, 2048, 2048, 2048, 2048]","[2048, 2048, 2048, 2048, 2048, 2048, 2064, 2064]",200.0
1269,9898,23,24,2025-09-19T13:02:45.724000+00:00,62.539,66.708,34.104,160.0,165.0,False,163.351,"[None, 2048, 2048, 2048, 2048, 2048, 2048, 2048]","[2048, 2048, 2048, 2048, 2048, 2048, 2048, 2048, 2048, 2048]","[2048, 2048, 2048, 2048, 2048, 2048, 2064, 2064]",318.0
1269,9898,10,22,2025-09-19T13:02:57.036000+00:00,64.626,47.818,38.271,189.0,166.0,False,150.715,"[None, 2048, 2048, 2048, 2048, 2048, 2048, 2048]","[2048, 2048, 2048, 2048, 2048, 2048, 2048, 2048, 2048, 2048]","[2048, 2048, 2048, 2048, 2048, 2048, 2064, 2064]",276.0
1269,9898,87,23,2025-09-19T13:03:11.474000+00:00,64.161,79.25,,101.0,80.0,False,,"[None, 2048, 2048, 2048, 2048, 2048, 2048, 2048]","[2048, 2048, 2048, 2048, 2048, 2048, 2048, 2048, 2048, 2048]","[2048, 2048, 2048, 2048, 2048, 0, 0, 0]",177.0
1269,9898,1,22,2025-09-19T13:03:16.536000+00:00,66.702,49.057,40.282,171.0,203.0,False,156.041,"[None, 2048, 2048, 2048, 2048, 2048, 2048, 2048]","[2048, 2048, 2048, 2048, 2048, 2048, 2048, 2048, 2048, 2048]","[2048, 2048, 2048, 2048, 2048, 2048, 2064, 2064]",249.0
1269,9898,22,22,2025-09-19T13:03:32.285000+00:00,58.94,59.639,41.816,200.0,121.0,False,160.395,"[None, 2048, 2048, 2048, 2048, 2048, 2048, 2048]","[2048, 2048, 2048, 2048, 2048, 2048, 2048, 2048, 2048, 2048]","[2048, 2048, 2048, 2048, 2048, 2048, 2064, 2064]",136.0
1269,9898,81,23,2025-09-19T13:03:42.549000+00:00,70.368,60.524,,160.0,110.0,False,,"[None, 2048, 2048, 2048, 2048, 2048, 2048, 2048]","[2048, 2048, 2048, 2048, 2048, 2048, 2048, 2048, 2048, 2048]","[0, 0, 0, 0, 0, 0, 0, 0]",
1269,9898,27,22,2025-09-19T13:03:43.599000+00:00,64.101,58.545,,157.0,121.0,False,,"[None, 2048, 2048, 2048, 2048, 2048, 2048, 2048]","[2048, 2048, 2048, 2048, 2048, 2048, 2048, 2048, 2048, 2048]","[2048, 2048, 2048, 2048, 2048, 0, 0, 0]",182.0
1269,9898,6,23,2025-09-19T13:03:48.445000+00:00,67.612,58.253,,204.0,108.0,False,,"[None, 2048, 2048, 2048, 2048, 2048, 2048, 2048]","[2048, 2048, 2048, 2048, 2048, 2048, 2048, 2048, 2048, 2048]","[0, 0, 0, 0, 0, 0, 0, 0]",
1269,9898,43,22,2025-09-19T13:03:49.310000+00:00,59.608,58.615,,171.0,131.0,False,,"[None, 2048, 2048, 2048, 2048, 2048, 2048, 2048]","[2048, 2048, 2048, 2048, 2048, 2048, 2048, 2048, 2048, 2048]","[0, 0, 0, 0, 0, 0, 0, 0]",
1269,9898,30,22,2025-09-19T13:03:55.157000+00:00,71.404,67.642,,114.0,135.0,False,,"[None, 2048, 2048, 2048, 2048, 2048, 2048, 2048]","[2048, 2048, 2048, 2048, 2048, 2048, 2048, 2048, 2048, 2048]","[0, 0, 0, 0, 0, 0, 0, 0]",
1269,9898,16,23,2025-09-19T13:04:01.299000+00:00,62.721,62.107,,186.0,129.0,False,,"[None, 2048, 2048, 2048, 2048, 2048, 2048, 2048]","[2048, 2048, 2048, 2048, 2048, 2048, 2048, 2048, 2048, 2048]","[0, 0, 0, 0, 0, 0, 0, 0]",
1269,9898,18,24,2025-09-19T13:04:04.369000+00:00,72.534,,,121.0,,False,,"[None, 2048, 2048, 2048, 2048, 2048, 2048, 2048]","[0, 0, 0, 0, 0, 0, 0, 0, 0, 0]","[0, 0, 0, 0, 0, 0, 0, 0]",
1269,9898,14,24,2025-09-19T13:04:08.741000+00:00,64.9,66.558,,147.0,118.0,False,,"[None, 2048, 2048, 2048, 2048, 2048, 2048, 2048]","[2048, 2048, 2048, 2048, 2048, 2048, 2048, 2048, 2048, 2048]","[0, 0, 0, 0, 0, 0, 0, 0]",
1269,9898,44,21,2025-09-19T13:04:14.941000+00:00,82.818,,,70.0,,False,,"[None, 2048, 2048, 2048, 2048, 2048, 2048, 2048]","[0, 0, 0, 0, 0, 0, 0, 0, 0, 0]","[0, 0, 0, 0, 0, 0, 0, 0]",
1269,9898,55,24,2025-09-19T13:04:26.082000+00:00,74.658,,,92.0,,False,,"[None, 2048, 2048, 2048, 2048, 2048, 2048, 2048]","[0, 0, 0, 0, 0, 0, 0, 0, 0, 0]","[0, 0, 0, 0, 0, 0, 0, 0]",
1269,9898,63,19,2025-09-19T13:04:30.566000+00:00,75.384,,,159.0,,False,,"[None, 2048, 2048, 2048, 2048, 2048, 2048, 2048]","[0, 0, 0, 0, 0, 0, 0, 0, 0, 0]","[0, 0, 0, 0, 0, 0, 0, 0]",
1269,9898,12,22,2025-09-19T13:04:45.883000+00:00,87.623,,,116.0,,False,,"[None, 2048, 2048, 2048, 2048, 2048, 2048, 0]","[0, 0, 0, 0, 0, 0, 0, 0, 0, 0]","[0, 0, 0, 0, 0, 0, 0, 0]",
