meeting_key,session_key,driver_number,lap_number,date_start,duration_sector_1,duration_sector_2,duration_sector_3,i1_speed,i2_speed,is_pit_out_lap,lap_duration,segments_sector_1,segments_sector_2,segments_sector_3,st_speed
1268,9905,27,1,,,37.409,38.759,261.0,296.0,True,,"[None, 2064, 2049, 2049, 2049, 2049]","[2049, 2049, 2049, 2049, 2049, 2049, 2049]","[2049, 2049, 2049, 2051, 2051, 2049, 2049, 2064, 2064]",204.0
1268,9905,5,1,2025-09-05T11:30:06.477000+00:00,,35.144,38.22,165.0,308.0,True,,"[2064, 2064, 2049, 2049, 2049, 2049]","[2049, 2049, 2049, 2049, 2049, 2049, 2049]","[2049, 2049, 2051, 2049, 2049, 2051, 2051, 2064, 2064]",226.0
1268,9905,89,1,2025-09-05T11:30:08.215000+00:00,,36.387,36.07,195.0,295.0,True,,"[2064, 2064, 2049, 2049, 2049, 2049]","[2049, 2049, 2049, 2049, 2049, 2049, 2049]","[2049, 2049, 2049, 2049, 2049, 2051, 2051, 2051, 2051]",171.0
1268,9905,55,1,2025-09-05T11:30:11.171000+00:00,,33.58,36.246,298.0,313.0,True,,"[2064, 2064, 2049, 2049, 2049, 2049]","[2049, 2049, 2049, 2049, 2049, 2049, 2049]","[2049, 2049, 2049, 2049, 2049, 2049, 2049, 2049, 2049]",160.0
1268,9905,30,1,2025-09-05T11:30:15.673000+00:00,,35.039,35.523,275.0,291.0,True,,"[2064, 2064, 2049, 2049, 2049, 2049]","[2049, 2049, 2049, 2049, 2049, 2049, 2049]","[2049, 2049, 2049, 2049, 2051, 2051, 2051, 2051, 2051]",92.0
1268,9905,4,1,2025-09-05T11:30:24.263000+00:00,,30.931,40.237,292.0,304.0,True,,"[2064, 2064, 2049, 2049, 2049, 2049]","[2049, 2049, 2049, 2051, 2049, 2049, 2049]","[2051, 2049, 2049, 2049, 2049, 2051, 2051, 2051, 2051]",205.0
1268,9905,31,1,2025-09-05T11:30:28.025000+00:00,,37.185,31.25,189.0,262.0,True,,"[2064, 2064, 2049, 2049, 2049, 2049]","[2049, 2049, 2049, 2049, 2049, 2049, 2049]","[2049, 2051, 2051, 2051, 2051, 2049, 2049, 2049, 2049]",152.0
1268,9905,87,1,2025-09-05T11:30:33.521000+00:00,,33.861,34.744,292.0,273.0,True,,"[2064, 2064, 2049, 2049, 2049, 2049]","[2049, 2049, 2049, 2049, 2049, 2049, 2049]","[2049, 2049, 2049, 2049, 2049, 2049, 2049, 2049, 2049]",217.0
1268,9905,12,1,2025-09-05T11:30:42.924000+00:00,,36.963,33.639,261.0,271.0,True,,"[2064, 2064, 2049, 2049, 2049, 2049]","[2049, 2049, 2049, 2049, 2049, 2049, 2049]","[2049, 2049, 2049, 2049, 2049, 2049, 2049, 2049, 2049]",229.0
1268,9905,61,1,2025-09-05T11:30:46.612000+00:00,,34.667,32.418,291.0,304.0,True,,"[2064, 2064, 2049, 2049, 2049, 2049]","[2049, 2049, 2049, 2049, 2049, 2049, 2049]","[2049, 2049, 2049, 2049, 2049, 2049, 2049, 2049, 2049]",224.0
1268,9905,1,1,2025-09-05T11:30:58.403000+00:00,,30.062,37.261,310.0,317.0,True,,"[2064, 2064, 2049, 2049, 2049, 2049]","[2049, 2049, 2049, 2049, 2049, 2049, 2051]","[2051, 2049, 2049, 2049, 2051, 2051, 2051, 2049, 2049]",241.0
1268,9905,10,1,2025-09-05T11:31:15.143000+00:00,,33.059,30.337,298.0,308.0,True,,"[2064, 2064, 2049, 2049, 2049, 2049]","[2049, 2049, 2049, 2049, 2049, 2049, 2049]","[2049, 2049, 2051, 2051, 2049, 2049, 2049, 2049, 2049]",234.0
1268,9905,22,1,2025-09-05T11:31:24.208000+00:00,,35.599,30.49,305.0,296.0,True,,"[2064, 2064, 2049, 2049, 2049, 2049]","[2049, 2049, 2049, 2049, 2049, 2049, 2049]","[2049, 2049, 2049, 2049, 2049, 2049, 2049, 2049, 2049]",209.0
1268,9905,18,1,2025-09-05T11:31:35.662000+00:00,,34.788,30.067,249.0,300.0,True,,"[2064, 2064, 2049, 2049, 2049, 2049]","[2049, 2049, 2049, 2049, 2049, 2049, 2049]","[2049, 2049, 2049, 2049, 2049, 2049, 2049, 2049, 2049]",212.0
1268,9905,23,1,2025-09-05T11:31:39.405000+00:00,,31.991,30.758,291.0,311.0,True,,"[2064, 2064, 2049, 2049, 2049, 2049]","[2049, 2049, 2049, 2049, 2049, 2049, 2049]","[2049, 2049, 2049, 2049, 2049, 2049, 2049, 2049, 2051]",244.0
1268,9905,16,1,2025-09-05T11:31:49.531000+00:00,,34.546,34.319,210.0,196.0,True,,"[2064, 2064, 2049, 2049, 2049, 2049]","[2049, 2049, 2049, 2049, 2049, 2049, 2049]","[2049, 2049, 2049, 2049, 2049, 2049, 2049, 2049, 2049]",196.0
1268,9905,63,1,2025-09-05T11:31:55.658000+00:00,,37.704,33.157,187.0,316.0,True,,"[2064, 2064, 2049, 2049, 2049, 2049]","[2049, 2049, 2049, 2049, 2049, 2049, 2049]","[2049, 2049, 2049, 2049, 2049, 2049, 2049, 2049, 2051]",215.0
1268,9905,89,2,2025-09-05T11:32:00.955000+00:00,27.954,28.464,28.268,309.0,321.0,False,84.686,"[2049, 2049, 2049, 2049, 2049, 2049]","[2049, 2049, 2049, 2049, 2049, 2049, 2049]","[2049, 2049, 2049, 2049, 2051, 2049, 2049, 2049]",332.0
1268,9905,6,1,2025-09-05T11:32:03.587000+00:00,,40.954,32.596,264.0,308.0,True,,"[2064, 2064, 2049, 2049, 2049, 2049]","[2049, 2049, 2049, 2049, 2049, 2049, 2049]","[2049, 2049, 2049, 2049, 2049, 2049, 2049, 2049, 2049]",221.0
1268,9905,55,2,2025-09-05T11:32:06.864000+00:00,28.697,28.794,33.313,309.0,324.0,False,90.804,"[2049, 2049, 2049, 2049, 2049, 2049]","[2049, 2049, 2049, 2049, 2049, 2049, 2049]","[2049, 2049, 2049, 2049, 2049, 2049, 2048, 2064, 2064]",318.0
1268,9905,30,2,2025-09-05T11:32:10.899000+00:00,28.216,28.212,27.913,318.0,336.0,False,84.341,"[2049, 2049, 2049, 2049, 2049, 2049]","[2049, 2049, 2051, 2049, 2049, 2051, 2051]","[2051, 2049, 2049, 2051, 2049, 2049, 2049, 2049]",340.0
1268,9905,44,1,2025-09-05T11:32:13.188000+00:00,,37.153,30.579,249.0,258.0,True,,"[2064, 2064, 2049, 2049, 2049, 2049]","[2049, 2049, 2049, 2049, 2049, 2049, 2049]","[2049, 2049, 2049, 2049, 2049, 2049, 2049, 2049, 2049]",200.0
1268,9905,4,2,2025-09-05T11:32:17.738000+00:00,29.661,27.969,27.368,315.0,332.0,False,84.998,"[2049, 2049, 2051, 2049, 2049, 2049]","[2049, 2049, 2049, 2051, 2049, 2049, 2049]","[2049, 2051, 2051, 2049, 2051, 2051, 2051, 2051, 2051]",340.0
1268,9905,27,2,2025-09-05T11:32:18.187000+00:00,66.768,37.78,34.136,258.0,238.0,True,138.684,"[None, 2064, 2049, 2049, 2049, 2049]","[2049, 2049, 2048, 2049, 2049, 2049, 2048]","[2048, 2048, 2048, 2048, 2049, 2049, 2049, 2049, 2049]",260.0
1268,9905,5,2,2025-09-05T11:32:21.690000+00:00,73.727,37.686,31.851,258.0,129.0,True,143.264,"[None, 2064, 2048, 2049, 2049, 2049]","[2048, 2049, 2049, 2048, 2048, 2049, 2048]","[2048, 2049, 2049, 2049, 2049, 2049, 2049, 2049, 2049]",189.0
1268,9905,31,2,2025-09-05T11:32:23.166000+00:00,27.729,28.812,28.156,315.0,326.0,False,84.697,"[2049, 2049, 2049, 2049, 2049, 2049]","[2049, 2049, 2049, 2049, 2049, 2049, 2049]","[2049, 2049, 2049, 2049, 2049, 2049, 2049, 2049, 2049]",326.0
1268,9905,87,2,2025-09-05T11:32:27.106000+00:00,27.703,29.156,28.663,317.0,330.0,False,85.522,"[2049, 2049, 2049, 2049, 2049, 2049]","[2049, 2049, 2049, 2049, 2049, 2049, 2049]","[2049, 2049, 2049, 2049, 2049, 2049, 2049, 2049]",328.0
1268,9905,12,2,2025-09-05T11:32:39.520000+00:00,27.49,28.599,28.586,318.0,333.0,False,84.675,"[2049, 2049, 2049, 2049, 2049, 2049]","[2051, 2049, 2049, 2049, 2049, 2049, 2049]","[2051, 2049, 2049, 2049, 2049, 2049, 2049, 2049, 2049]",337.0
1268,9905,61,2,2025-09-05T11:32:44.907000+00:00,27.82,28.414,27.948,315.0,331.0,False,84.182,"[2049, 2049, 2049, 2049, 2049, 2049]","[2049, 2049, 2049, 2049, 2049, 2049, 2049]","[2049, 2049, 2049, 2049, 2049, 2049, 2049, 2049, 2049]",342.0
1268,9905,1,2,2025-09-05T11:32:53.853000+00:00,27.395,27.784,27.465,319.0,334.0,False,82.644,"[2049, 2049, 2049, 2049, 2049, 2049]","[2049, 2049, 2049, 2049, 2051, 2049, 2049]","[2049, 2049, 2049, 2051, 2049, 2049, 2049, 2049, 2049]",334.0
1268,9905,10,2,2025-09-05T11:33:00.813000+00:00,27.537,28.543,27.924,314.0,327.0,False,84.004,"[2049, 2049, 2049, 2049, 2049, 2049]","[2049, 2049, 2049, 2049, 2049, 2049, 2049]","[2049, 2049, 2049, 2049, 2049, 2049, 2049, 2049, 2049]",342.0
1268,9905,22,2,2025-09-05T11:33:12.302000+00:00,28.13,29.066,27.84,315.0,331.0,False,85.036,"[2049, 2049, 2049, 2049, 2049, 2049]","[2049, 2049, 2049, 2049, 2049, 2049, 2049]","[2049, 2049, 2049, 2049, 2049, 2049, 2049, 2049, 2049]",337.0
1268,9905,18,2,2025-09-05T11:33:16.906000+00:00,27.49,28.049,27.526,318.0,335.0,False,83.065,"[2049, 2049, 2049, 2049, 2049, 2049]","[2049, 2049, 2049, 2049, 2049, 2049, 2049]","[2049, 2049, 2049, 2049, 2049, 2049, 2049, 2049]",341.0
1268,9905,23,2,2025-09-05T11:33:22.545000+00:00,27.317,27.884,27.511,317.0,330.0,False,82.712,"[2049, 2049, 2049, 2049, 2051, 2049]","[2049, 2049, 2049, 2049, 2049, 2051, 2049]","[2049, 2049, 2051, 2049, 2049, 2049, 2049, 2049, 2049]",345.0
1268,9905,89,3,2025-09-05T11:33:25.486000+00:00,37.638,41.278,37.062,232.0,275.0,False,115.978,"[2048, 2048, 2048, 2048, 2048, 2048]","[2048, 2048, 2048, 2048, 2048, 2048, 2048]","[2048, 2048, 2048, 2048, 2048, 2048, 2048, 2048, 2049]",177.0
1268,9905,30,3,2025-09-05T11:33:35.130000+00:00,52.239,51.406,44.628,112.0,178.0,False,148.273,"[2048, 2048, 2048, 2048, 2048, 2048]","[2048, 2048, 2048, 2048, 2048, 2048, 2048]","[2048, 2048, 2048, 2048, 2048, 2048, 2048, 2048, 2049]",179.0
1268,9905,16,2,2025-09-05T11:33:38.671000+00:00,29.171,31.943,36.162,313.0,156.0,False,97.276,"[2049, 2049, 2051, 2049, 2049, 2049]","[2049, 2049, 2049, 2049, 2049, 2048, 2048]","[2048, 2048, 2048, 2049, 2049, 2049, 2049, 2049]",341.0
1268,9905,4,3,2025-09-05T11:33:42.695000+00:00,43.145,50.787,35.927,132.0,155.0,False,129.859,"[2048, 2048, 2048, 2048, 2048, 2048]","[2048, 2048, 2048, 2048, 2048, 2048, 2048]","[2048, 2048, 2048, 2048, 2048, 2048, 2048, 2048, 2048]",188.0
1268,9905,63,2,2025-09-05T11:33:43.928000+00:00,27.788,28.055,27.526,318.0,330.0,False,83.369,"[2051, 2051, 2049, 2049, 2049, 2049]","[2049, 2049, 2049, 2049, 2049, 2049, 2049]","[2049, 2049, 2049, 2049, 2049, 2049, 2049, 2048, 2048]",343.0
1268,9905,31,3,2025-09-05T11:33:47.710000+00:00,44.141,49.079,46.338,152.0,195.0,False,139.558,"[None, 2048, 2048, 2048, 2048, 2048]","[2048, 2048, 2048, 2048, 2048, 2048, 2048]","[2048, 2048, 2048, 2048, 2048, 2048, 2048, 2048, 2048]",163.0
1268,9905,87,3,2025-09-05T11:33:52.484000+00:00,46.707,48.666,43.395,165.0,215.0,False,138.768,"[2048, 2048, 2048, 2048, 2048, 2048]","[2048, 2048, 2048, 2048, 2048, 2048, 2048]","[2048, 2048, 2048, 2048, 2048, 2048, 2048, 2048, 2048]",139.0
1268,9905,6,2,2025-09-05T11:33:58.351000+00:00,28.123,40.688,37.448,321.0,253.0,False,106.259,"[2049, 2049, 2049, 2049, 2049, 2049]","[2051, 2048, 2049, 2049, 2048, 2048, 2048]","[2048, 2048, 2048, 2048, 2049, 2049, 2049, 2049]",344.0
1268,9905,44,2,2025-09-05T11:34:03.388000+00:00,27.18,27.767,27.288,321.0,330.0,False,82.235,"[2049, 2049, 2049, 2051, 2049, 2051]","[2049, 2051, 2051, 2049, 2049, 2049, 2049]","[2051, 2051, 2049, 2051, 2051, 2048, 2049, 2049, 2049]",343.0
1268,9905,12,3,2025-09-05T11:34:04.187000+00:00,41.139,45.311,49.34,147.0,190.0,False,135.79,"[2048, 2048, 2048, 2048, 2048, 2048]","[2048, 2048, 2048, 2048, 2048, 2048, 2048]","[2048, 2048, 2048, 2048, 2048, 2048, 2048, 2064, 2064]",182.0
1268,9905,61,3,2025-09-05T11:34:09.094000+00:00,40.135,44.709,43.333,234.0,233.0,False,128.177,"[2048, 2048, 2048, 2048, 2048, 2048]","[2048, 2048, 2048, 2048, 2048, 2048, 2048]","[2048, 2048, 2048, 2048, 2048, 2048, 2048, 2048, 2049]",245.0
1268,9905,27,3,2025-09-05T11:34:13.733000+00:00,30.663,37.873,35.477,236.0,260.0,False,104.013,"[2049, 2049, 2049, 2048, 2048, 2049]","[2048, 2049, 2049, 2048, 2048, 2048, 2048]","[2048, 2048, 2048, 2048, 2048, 2048, 2048, 2048, 2048]",343.0
1268,9905,1,3,2025-09-05T11:34:16.567000+00:00,48.884,53.399,36.518,179.0,174.0,False,138.801,"[2048, 2048, 2048, 2048, 2048, 2048]","[2048, 2048, 2048, 2048, 2048, 2048, 2048]","[2048, 2048, 2048, 2048, 2048, 2049, 2049, 2048, 2049]",146.0
1268,9905,5,3,2025-09-05T11:34:19.209000+00:00,27.718,28.643,28.048,318.0,332.0,False,84.409,"[2049, 2049, 2049, 2049, 2049, 2049]","[2049, 2049, 2049, 2049, 2049, 2049, 2049]","[2049, 2049, 2049, 2049, 2049, 2049, 2049, 2048, 2048]",343.0
1268,9905,10,3,2025-09-05T11:34:24.759000+00:00,47.21,55.545,38.589,124.0,134.0,False,141.344,"[2048, 2048, 2048, 2048, 2048, 2048]","[2048, 2048, 2048, 2048, 2048, 2048, 2048]","[2048, 2048, 2048, 2048, 2048, 2049, 2049, 2049, 2049]",187.0
1268,9905,22,3,2025-09-05T11:34:37.333000+00:00,45.358,58.918,37.712,131.0,161.0,False,141.988,"[2048, 2048, 2048, 2048, 2048, 2048]","[2048, 2048, 2048, 2048, 2048, 2048, 2048]","[2048, 2048, 2048, 2048, 2048, 2048, 2048, 2048, 2049]",217.0
1268,9905,14,1,2025-09-05T11:34:37.763000+00:00,,36.709,35.057,249.0,301.0,True,,"[2064, 2064, 2049, 2049, 2049, 2049]","[2049, 2049, 2049, 2049, 2049, 2049, 2049]","[2049, 2049, 2049, 2049, 2049, 2049, 2049, 2049, 2049]",228.0
1268,9905,18,3,2025-09-05T11:34:39.763000+00:00,43.784,52.971,35.251,141.0,142.0,False,132.006,"[2048, 2048, 2048, 2048, 2048, 2048]","[2048, 2048, 2048, 2048, 2048, 2048, 2048]","[2048, 2048, 2048, 2048, 2048, 2048, 2048, 2048]",185.0
1268,9905,23,3,2025-09-05T11:34:45.168000+00:00,43.062,61.221,38.771,144.0,152.0,False,143.054,"[None, 2048, 2048, 2048, 2048, 2048]","[2048, 2048, 2048, 2048, 2048, 2048, 2048]","[2048, 2048, 2048, 2048, 2048, 2048, 2048, 2049, 2049]",336.0
1268,9905,63,3,2025-09-05T11:35:07.205000+00:00,47.291,53.558,49.288,169.0,158.0,False,150.137,"[2048, 2048, 2048, 2048, 2048, 2048]","[2048, 2048, 2048, 2048, 2048, 2048, 2048]","[2048, 2048, 2048, 2048, 2048, 2048, 2048, 2064, 2064]",134.0
1268,9905,16,3,2025-09-05T11:35:15.890000+00:00,27.093,27.725,27.203,322.0,333.0,False,82.021,"[None, 2049, 2048, 2049, 2051, 2051]","[2049, 2049, 2049, 2049, 2049, 2049, 2049]","[2049, 2051, 2051, 2051, 2049, 2049, 2049, 2049, 2051]",
1268,9905,89,4,2025-09-05T11:35:21.591000+00:00,27.546,28.079,27.703,307.0,323.0,False,83.328,"[2049, 2049, 2049, 2049, 2049, 2048]","[2049, 2049, 2049, 2049, 2049, 2049, 2049]","[2049, 2049, 2049, 2048, 2049, 2049, 2049, 2049]",337.0
1268,9905,44,3,2025-09-05T11:35:25.616000+00:00,59.521,60.986,44.067,104.0,177.0,False,164.574,"[2048, 2048, 2048, 2048, 2048, 2048]","[2048, None, None, 2048, 2048, 2048, 2048]","[2048, 2048, 2048, 2048, 2048, 2048, 2048, 2048, 2049]",107.0
1268,9905,5,4,2025-09-05T11:35:43.726000+00:00,39.915,50.324,44.528,127.0,129.0,False,134.767,"[2048, 2048, 2048, 2048, 2048, 2048]","[2048, 2048, 2048, 2048, 2048, 2048, 2048]","[2048, 2048, 2048, 2048, 2048, 2048, 2048, 2049, 2048]",238.0
1268,9905,6,3,2025-09-05T11:35:44.370000+00:00,27.206,28.019,27.425,,333.0,False,82.65,"[2051, 2048, 2048, 2049, 2049, 2049]","[2048, 2049, 2049, 2049, 2049, 2049, 2049]","[2049, 2049, 2049, 2051, 2049, 2049, 2049, 2049, 2049]",343.0
1268,9905,4,4,2025-09-05T11:35:52.642000+00:00,27.062,27.345,27.106,317.0,330.0,False,81.513,"[2049, 2049, 2048, 2049, 2049, 2049]","[2049, 2051, 2049, 2051, 2051, 2051, 2049]","[2049, 2051, 2049, 2049, 2051, 2048, 2048, 2048, 2048]",341.0
1268,9905,27,4,2025-09-05T11:35:57.691000+00:00,27.362,27.941,27.478,319.0,334.0,False,82.781,"[2048, 2049, 2048, 2049, 2049, 2049]","[2049, 2049, 2049, 2049, 2049, 2049, 2049]","[2049, 2049, 2049, 2049, 2049, 2049, 2049, 2049, 2048]",344.0
1268,9905,30,4,2025-09-05T11:36:03.594000+00:00,27.319,27.785,27.407,319.0,335.0,False,82.511,"[2049, 2049, 2048, 2049, 2049, 2049]","[2048, 2049, 2049, 2049, 2049, 2049, 2051]","[2048, 2049, 2049, 2049, 2049, 2049, 2049, 2049]",342.0
1268,9905,31,4,2025-09-05T11:36:07.326000+00:00,27.457,28.147,27.82,315.0,330.0,False,83.424,"[2048, 2049, 2049, 2049, 2049, 2048]","[2048, 2049, 2049, 2049, 2049, 2049, 2049]","[2049, 2049, 2049, 2049, 2049, 2049, 2048, 2048, 2048]",339.0
1268,9905,87,4,2025-09-05T11:36:11.320000+00:00,27.383,27.972,27.79,316.0,333.0,False,83.145,"[2049, 2049, 2049, 2049, 2048, 2048]","[2048, 2049, 2049, 2049, 2049, 2049, 2049]","[2049, 2049, 2049, 2049, 2049, 2049, 2049, 2048]",341.0
1268,9905,61,4,2025-09-05T11:36:17.211000+00:00,27.267,27.926,27.742,315.0,329.0,False,82.935,"[2049, 2049, 2049, 2049, 2049, 2048]","[2049, 2049, 2049, 2049, 2049, 2049, 2048]","[2049, 2049, 2049, 2049, 2049, 2049, 2049, 2049]",346.0
1268,9905,14,2,2025-09-05T11:36:21.654000+00:00,27.095,27.802,27.411,320.0,335.0,False,82.308,"[2049, 2049, 2049, 2049, 2049, 2049]","[2049, 2049, 2049, 2049, 2049, 2049, 2049]","[2049, 2049, 2049, 2049, 2049, 2049, 2049, 2049, 2049]",342.0
1268,9905,1,4,2025-09-05T11:36:35.303000+00:00,27.141,27.398,26.979,319.0,334.0,False,81.518,"[2049, 2049, 2048, 2049, 2049, 2049]","[2049, 2049, 2049, 2049, 2051, 2051, 2048]","[2049, 2049, 2049, 2048, 2051, 2051, 2051, 2049, 2049]",335.0
1268,9905,16,4,2025-09-05T11:36:37.994000+00:00,47.957,54.177,42.232,105.0,173.0,False,144.366,"[2048, 2048, 2048, 2048, 2048, 2048]","[2048, 2048, 2048, 2048, 2048, 2048, 2048]","[2048, 2048, 2048, 2048, 2048, 2048, 2048, 2048, 2048]",197.0
1268,9905,89,5,2025-09-05T11:36:44.793000+00:00,43.654,48.149,36.43,204.0,227.0,False,128.233,"[2048, 2048, 2048, 2048, 2048, 2048]","[2048, 2048, 2048, 2048, 2048, 2048, 2048]","[2048, 2048, 2048, 2048, 2048, 2048, 2048, 2048, 2048]",123.0
1268,9905,12,4,2025-09-05T11:36:45.740000+00:00,70.274,42.411,32.934,164.0,240.0,True,145.619,"[2064, 2064, 2048, 2048, 2048, 2048]","[2048, 2048, 2048, 2048, 2048, 2048, 2048]","[2048, 2048, 2048, 2048, 2049, 2048, 2048, 2048, 2048]",113.0
1268,9905,10,4,2025-09-05T11:36:46.241000+00:00,27.292,28.245,27.484,313.0,326.0,False,83.021,"[2049, 2049, 2049, 2049, 2049, 2048]","[2049, 2049, 2049, 2049, 2049, 2049, 2048]","[2049, 2049, 2049, 2049, 2049, 2049, 2048, 2048]",342.0
1268,9905,18,4,2025-09-05T11:36:51.851000+00:00,27.28,27.514,27.288,319.0,334.0,False,82.082,"[2049, 2049, 2049, 2051, 2049, 2049]","[2049, 2051, 2051, 2049, 2049, 2049, 2049]","[2049, 2049, 2049, 2049, 2049, 2048, 2048, 2048, 2049]",341.0
1268,9905,22,4,2025-09-05T11:36:59.320000+00:00,27.105,27.956,28.429,319.0,334.0,False,83.49,"[2049, 2049, 2048, 2049, 2049, 2049]","[2048, 2049, 2049, 2049, 2049, 2049, 2049]","[2049, 2049, 2049, 2049, 2048, 2048, 2048, 2048, 2048]",343.0
1268,9905,6,4,2025-09-05T11:37:07.066000+00:00,49.475,48.639,37.417,129.0,259.0,False,135.531,"[2048, 2048, 2048, 2048, 2048, 2048]","[2048, 2048, 2048, 2048, 2048, 2048, 2048]","[2048, 2048, 2048, 2048, 2048, 2048, 2048, 2048, 2049]",152.0
1268,9905,23,4,2025-09-05T11:37:08.228000+00:00,27.157,27.252,27.07,320.0,335.0,False,81.479,"[None, 2049, 2048, 2049, 2049, 2049]","[2049, 2049, 2049, 2049, 2049, 2051, 2051]","[2049, 2049, 2049, 2049, 2049, 2051, 2051, 2049, 2049]",343.0
1268,9905,4,5,2025-09-05T11:37:14.282000+00:00,46.29,49.284,41.463,145.0,173.0,False,137.037,"[2048, 2048, 2048, 2048, 2048, 2048]","[2048, 2048, 2048, 2048, 2048, 2048, 2048]","[2048, 2048, 2048, 2048, 2048, 2048, 2048, 2048, 2048]",113.0
1268,9905,27,5,2025-09-05T11:37:20.561000+00:00,45.625,50.812,37.457,145.0,182.0,False,133.894,"[None, 2048, 2048, 2048, 2048, 2048]","[2048, 2048, 2048, 2048, 2048, 2048, 2048]","[2048, 2048, 2048, 2048, 2048, 2048, 2048, 2049, 2049]",150.0
1268,9905,30,5,2025-09-05T11:37:25.884000+00:00,40.144,46.584,46.492,212.0,138.0,False,133.22,"[2048, 2048, 2048, 2048, 2048, 2048]","[2048, 2048, 2048, 2048, 2048, 2048, 2048]","[2048, 2048, 2048, 2048, 2048, 2048, 2048, 2064, 2064]",153.0
1268,9905,31,5,2025-09-05T11:37:30.621000+00:00,41.985,46.966,39.115,164.0,138.0,False,128.066,"[None, 2048, 2048, 2048, 2048, 2048]","[2048, 2048, 2048, 2048, 2048, 2048, 2048]","[2048, 2048, 2048, 2048, 2048, 2048, 2048, 2048, 2048]",159.0
1268,9905,87,5,2025-09-05T11:37:34.455000+00:00,44.197,49.774,35.684,163.0,238.0,False,129.655,"[2048, 2048, 2048, 2048, 2048, 2048]","[2048, 2048, 2048, 2048, 2048, 2048, 2048]","[2048, 2048, 2048, 2048, 2048, 2048, 2048, 2049, 2048]",169.0
1268,9905,61,5,2025-09-05T11:37:40.056000+00:00,44.111,53.385,51.473,131.0,247.0,False,148.969,"[2048, 2048, 2048, 2048, 2048, 2048]","[2048, 2048, 2048, 2048, 2048, 2048, 2048]","[2048, 2048, 2048, 2048, 2048, 2048, 2048, 2048, 2048]",194.0
1268,9905,14,3,2025-09-05T11:37:43.904000+00:00,46.899,55.823,42.52,123.0,266.0,False,145.242,"[2048, 2048, 2048, 2048, 2048, 2048]","[2048, 2048, 2048, 2048, 2048, 2048, 2048]","[2048, 2048, 2048, 2048, 2048, 2048, 2049, 2049, 2049]",215.0
1268,9905,1,5,2025-09-05T11:37:56.748000+00:00,55.61,60.808,38.994,126.0,167.0,False,155.412,"[2048, 2048, 2048, 2048, 2048, 2048]","[2048, 2048, 2048, 2048, 2048, 2048, 2048]","[2048, 2048, 2048, 2048, 2048, 2048, 2048, 2048, 2049]",107.0
1268,9905,5,5,2025-09-05T11:37:58.449000+00:00,27.297,28.187,27.74,319.0,331.0,False,83.224,"[2049, 2048, 2048, 2049, 2049, 2049]","[2048, 2049, 2049, 2049, 2049, 2049, 2049]","[2049, 2049, 2049, 2049, 2049, 2049, 2049, 2049]",338.0
1268,9905,63,4,2025-09-05T11:38:02.902000+00:00,70.668,44.294,44.494,200.0,291.0,True,159.456,"[None, 2064, 2048, 2048, 2048, 2048]","[2048, 2048, 2048, 2048, 2048, 2048, 2048]","[2048, 2048, 2048, 2048, 2048, 2048, 2048, 2048, 2049]",134.0
1268,9905,10,5,2025-09-05T11:38:09.018000+00:00,50.65,57.37,50.107,119.0,136.0,False,158.127,"[2048, 2048, 2048, 2048, 2048, 2048]","[2048, 2048, 2048, 2048, 2048, 2048, 2048]","[2048, 2048, 2048, 2048, 2048, 2048, 2048, 2064, 2064]",193.0
1268,9905,44,4,2025-09-05T11:38:10.129000+00:00,26.996,27.713,27.316,320.0,331.0,False,82.025,"[2049, 2051, 2049, 2049, 2048, 2048]","[2049, 2049, 2049, 2048, 2048, 2049, 2049]","[2048, 2048, 2049, 2049, 2048, 2049, 2049, 2049, 2049]",343.0
1268,9905,18,5,2025-09-05T11:38:13.825000+00:00,48.256,57.597,36.008,122.0,188.0,False,141.861,"[2048, 2048, 2048, 2048, 2048, 2048]","[2048, 2048, 2048, 2048, 2048, 2048, 2048]","[2048, 2048, 2048, 2048, 2048, 2048, 2048, 2048, 2048]",181.0
1268,9905,22,5,2025-09-05T11:38:22.710000+00:00,47.905,59.776,49.258,111.0,143.0,False,156.939,"[2048, 2048, 2048, 2048, 2048, 2048]","[2048, 2048, 2048, 2048, 2048, 2048, 2048]","[2048, 2048, 2048, 2048, 2048, 2048, 2048, 2048, 2048]",159.0
1268,9905,23,5,2025-09-05T11:38:29.656000+00:00,47.23,60.36,47.725,132.0,103.0,False,155.315,"[2048, 2048, 2048, 2048, 2048, 2048]","[2048, 2048, 2048, 2048, 2048, 2048, 2048]","[2048, 2048, 2048, 2048, 2048, 2048, 2048, 2048, 2048]",164.0
1268,9905,12,5,2025-09-05T11:38:45.600000+00:00,27.474,27.734,27.753,318.0,330.0,False,82.961,"[2049, 2049, 2048, 2049, 2049, 2048]","[2048, 2049, 2049, 2049, 2049, 2049, 2048]","[2048, 2049, 2049, 2049, 2049, 2049, 2049, 2048, 2048]",336.0
1268,9905,89,6,2025-09-05T11:38:53.114000+00:00,27.558,27.743,27.612,308.0,322.0,False,82.913,"[None, 2049, 2049, 2048, 2048, 2049]","[2049, 2049, 2049, 2049, 2049, 2049, 2049]","[2049, 2049, 2048, 2048, 2049, 2049, 2049, 2049, 2049]",336.0
1268,9905,16,5,2025-09-05T11:39:02.297000+00:00,27.134,27.414,27.134,322.0,334.0,False,81.682,"[2049, 2049, 2048, 2048, 2048, 2051]","[2049, 2049, 2049, 2049, 2049, 2049, 2049]","[2051, 2049, 2048, 2048, 2049, 2049, 2049, 2048, 2051]",341.0
1268,9905,5,6,2025-09-05T11:39:21.502000+00:00,43.158,45.196,40.359,147.0,199.0,False,128.713,"[2048, 2048, 2048, 2048, 2048, 2048]","[2048, 2048, 2048, 2048, 2048, 2048, 2048]","[2048, 2048, 2048, 2048, 2048, 2048, 2048, 2048, 2048]",245.0
1268,9905,6,5,2025-09-05T11:39:22.730000+00:00,27.267,27.482,27.131,322.0,334.0,False,81.88,"[2051, 2049, 2048, 2048, 2049, 2049]","[2048, 2049, 2049, 2049, 2049, 2049, 2049]","[2049, 2049, 2049, 2048, 2049, 2049, 2049, 2049]",344.0
1268,9905,4,6,2025-09-05T11:39:31.253000+00:00,46.839,43.676,34.73,184.0,269.0,False,125.245,"[None, 2048, 2048, 2048, 2048, 2048]","[2048, 2048, 2048, 2048, 2048, 2048, 2048]","[2048, 2048, 2048, 2048, 2048, 2048, 2048, 2048, 2048]",148.0
1268,9905,44,5,2025-09-05T11:39:32.135000+00:00,67.747,61.587,46.98,74.0,179.0,False,176.314,"[2048, 2048, 2048, 2048, 2048, 2048]","[2048, 2048, 2048, 2048, 2048, 2048, 2048]","[2048, 2048, 2048, 2048, 2048, 2048, 2048, 2048, 2048]",142.0
1268,9905,27,6,2025-09-05T11:39:34.476000+00:00,27.416,27.712,27.323,318.0,331.0,False,82.451,"[2049, 2048, 2048, 2049, 2049, 2048]","[2049, 2049, 2049, 2049, 2048, 2048, 2048]","[2049, 2049, 2048, 2048, 2049, 2049, 2049, 2049, 2049]",342.0
1268,9905,55,3,2025-09-05T11:39:35.891000+00:00,,32.135,30.519,313.0,313.0,True,458.037,"[None, 2064, 2048, 2048, 2048, 2048]","[2048, 2048, 2048, 2048, 2048, 2048, 2048]","[2048, 2048, 2048, 2049, 2048, 2049, 2049, 2049, 2049]",171.0
1268,9905,31,6,2025-09-05T11:39:38.759000+00:00,27.265,28.092,27.635,317.0,327.0,False,82.992,"[None, 2048, 2049, 2049, 2049, 2049]","[2049, 2048, 2048, 2049, 2049, 2049, 2048]","[2049, 2048, 2048, 2048, 2049, 2049, 2049, 2049]",332.0
1268,9905,87,6,2025-09-05T11:39:44.287000+00:00,27.223,27.722,27.573,316.0,331.0,False,82.518,"[None, 2048, 2049, 2049, 2048, 2049]","[2049, 2049, 2049, 2049, 2049, 2049, 2048]","[2049, 2049, 2049, 2049, 2049, 2048, 2049, 2049, 2049]",338.0
1268,9905,12,6,2025-09-05T11:40:08.597000+00:00,42.697,55.452,53.842,119.0,161.0,False,151.991,"[2048, 2048, 2048, 2048, 2048, 2048]","[2048, 2048, 2048, 2048, 2048, 2048, 2048]","[2048, 2048, 2048, 2048, 2048, 2048, 2048, 2064, 2064]",195.0
1268,9905,61,6,2025-09-05T11:40:09.088000+00:00,49.705,42.032,41.969,,314.0,False,133.706,"[None, 2048, 2048, 2048, 2048, 2048]","[2048, 2048, 2048, 2048, 2048, 2048, 2048]","[2048, 2048, 2048, 2048, 2048, 2048, 2048, 2048, 2048]",153.0
1268,9905,14,4,2025-09-05T11:40:09.212000+00:00,39.547,48.074,36.401,157.0,207.0,False,124.022,"[2049, 2048, 2049, 2048, 2048, 2048]","[2048, 2048, 2048, 2048, 2048, 2048, 2048]","[2048, 2048, 2048, 2048, 2048, 2048, 2048, 2048, 2048]",340.0
1268,9905,30,6,2025-09-05T11:40:13.107000+00:00,76.194,43.867,38.916,213.0,253.0,True,158.977,"[None, 2064, 2048, 2048, 2048, 2048]","[2048, 2048, 2048, 2048, 2048, 2048, 2048]","[2048, 2048, 2048, 2048, 2048, 2048, 2048, 2048, 2048]",153.0
1268,9905,89,7,2025-09-05T11:40:15.933000+00:00,46.438,46.905,51.747,138.0,166.0,False,145.09,"[None, 2048, 2048, 2048, 2048, 2048]","[2048, 2048, 2048, 2048, 2048, 2048, 2048]","[2048, 2048, 2048, 2048, 2048, 2048, 2048, 2048, 2048]",138.0
1268,9905,63,5,2025-09-05T11:40:16.851000+00:00,27.274,27.363,27.072,317.0,330.0,False,81.709,"[2048, 2048, 2048, 2049, 2049, 2048]","[2049, 2049, 2049, 2049, 2049, 2049, 2049]","[2051, 2049, 2049, 2049, 2049, 2049, 2049, 2048, 2049]",339.0
1268,9905,16,6,2025-09-05T11:40:23.974000+00:00,49.478,46.562,42.099,168.0,185.0,False,138.139,"[2048, 2048, 2048, 2048, 2048, 2048]","[2048, 2048, 2048, 2048, 2048, 2048, 2048]","[2048, 2048, 2048, 2048, 2048, 2048, 2048, 2048, 2048]",159.0
1268,9905,1,6,2025-09-05T11:40:32.284000+00:00,27.162,27.197,26.807,320.0,331.0,False,81.166,"[2049, 2048, 2049, 2048, 2049, 2049]","[2049, 2049, 2048, 2051, 2051, 2048, 2048]","[2048, 2051, 2049, 2048, 2051, 2051, 2049, 2049, 2048]",335.0
1268,9905,18,6,2025-09-05T11:40:35.900000+00:00,27.229,39.551,49.25,319.0,176.0,False,116.03,"[None, 2049, 2049, 2051, 2049, 2049]","[2049, 2048, 2048, 2048, 2048, 2048, 2048]","[2048, 2048, 2048, 2048, 2048, 2048, 2048, 2048, 2048]",343.0
1268,9905,6,6,2025-09-05T11:40:44.493000+00:00,45.481,50.905,45.131,150.0,199.0,False,141.517,"[2048, 2048, 2048, 2048, 2048, 2048]","[2048, 2048, 2048, 2048, 2048, 2048, 2048]","[2048, 2048, 2048, 2048, 2048, 2048, 2048, 2048, 2048]",166.0
1268,9905,27,7,2025-09-05T11:40:56.773000+00:00,47.63,48.677,39.908,165.0,140.0,False,136.215,"[2048, 2048, 2048, 2048, 2048, 2048]","[2048, 2048, 2048, 2048, 2048, 2048, 2048]","[2048, 2048, 2048, 2048, 2048, 2048, 2048, 2048, 2048]",139.0
1268,9905,22,6,2025-09-05T11:40:59.827000+00:00,44.893,41.444,33.575,258.0,255.0,False,119.912,"[None, 2048, 2048, 2048, 2048, 2048]","[2048, 2048, 2048, 2048, 2048, 2048, 2048]","[2048, 2048, 2048, 2048, 2048, 2048, 2048, 2049, 2049]",178.0
1268,9905,31,7,2025-09-05T11:41:01.659000+00:00,48.296,49.368,49.703,160.0,174.0,False,147.367,"[None, 2048, 2048, 2048, 2048, 2048]","[2048, 2048, 2048, 2048, 2048, 2048, 2048]","[2048, 2048, 2048, 2048, 2048, 2048, 2048, 2048, 2048]",127.0
1268,9905,23,6,2025-09-05T11:41:05.090000+00:00,40.333,44.22,33.117,211.0,112.0,False,117.67,"[None, 2048, 2048, 2048, 2048, 2048]","[2048, 2048, 2048, 2048, 2048, 2048, 2048]","[2048, 2048, 2048, 2048, 2048, 2048, 2048, 2048, 2048]",200.0
1268,9905,87,7,2025-09-05T11:41:06.636000+00:00,52.292,46.849,46.07,155.0,200.0,False,145.211,"[None, 2048, 2048, 2048, 2048, 2048]","[2048, 2048, 2048, 2048, 2048, 2048, 2048]","[2048, 2048, 2048, 2048, 2048, 2048, 2048, 2048, 2048]",115.0
1268,9905,10,6,2025-09-05T11:41:12.040000+00:00,66.052,36.514,36.295,235.0,309.0,True,138.861,"[None, 2064, 2048, 2048, 2048, 2048]","[2048, 2048, 2048, 2048, 2048, 2048, 2048]","[2048, 2048, 2048, 2048, 2048, 2048, 2048, 2048, 2048]",122.0
1268,9905,55,4,2025-09-05T11:41:15.762000+00:00,27.82,27.731,27.708,287.0,326.0,False,83.259,"[2049, 2049, 2049, 2049, 2049, 2048]","[2049, 2049, 2049, 2049, 2049, 2049, 2049]","[2049, 2049, 2049, 2049, 2048, 2048, 2048, 2048]",342.0
1268,9905,5,7,2025-09-05T11:41:30.347000+00:00,27.233,27.809,27.475,318.0,333.0,False,82.517,"[None, 2048, 2048, 2049, 2049, 2048]","[2048, 2049, 2049, 2049, 2049, 2049, 2049]","[2049, 2049, 2049, 2048, 2049, 2048, 2048, 2048, 2048]",340.0
1268,9905,4,7,2025-09-05T11:41:36.434000+00:00,27.134,27.269,27.022,312.0,335.0,False,81.425,"[None, 2049, 2048, 2049, 2048, 2048]","[2048, 2049, 2049, 2049, 2048, 2051, 2051]","[2049, 2048, 2048, 2048, 2049, 2051, 2051, 2051]",341.0
1268,9905,63,6,2025-09-05T11:41:38.544000+00:00,55.518,61.51,39.677,127.0,128.0,False,156.705,"[None, 2048, 2048, 2048, 2048, 2048]","[2048, 2048, 2048, 2048, 2048, 2048, 2048]","[2048, 2048, 2048, 2048, 2048, 2048, 2048, 2048, 2048]",123.0
1268,9905,1,7,2025-09-05T11:41:53.446000+00:00,54.746,56.594,45.969,109.0,199.0,False,157.309,"[2048, 2048, 2048, 2048, 2048, 2048]","[2048, 2048, 2048, 2048, 2048, 2048, 2048]","[2048, 2048, 2048, 2048, 2048, 2048, 2048, 2048, 2049]",123.0
1268,9905,14,5,2025-09-05T11:42:13.279000+00:00,27.202,27.506,27.105,317.0,330.0,False,81.813,"[2048, 2048, 2048, 2048, 2048, 2048]","[2049, 2049, 2049, 2049, 2049, 2048, 2048]","[2049, 2049, 2048, 2048, 2049, 2049, 2049, 2048, 2048]",339.0
1268,9905,30,7,2025-09-05T11:42:18.307000+00:00,27.149,27.638,27.379,318.0,334.0,False,82.166,"[2048, 2048, 2048, 2049, 2049, 2049]","[2049, 2049, 2049, 2049, 2049, 2048, 2048]","[2048, 2049, 2048, 2049, 2049, 2049, 2049, 2048, 2048]",341.0
1268,9905,61,7,2025-09-05T11:42:22.894000+00:00,27.039,27.869,27.657,315.0,328.0,False,82.565,"[2049, 2048, 2049, 2049, 2049, 2049]","[2049, 2049, 2049, 2048, 2048, 2049, 2048]","[2049, 2049, 2049, 2049, 2048, 2048, 2048, 2048, 2048]",343.0
1268,9905,44,6,2025-09-05T11:42:28.555000+00:00,27.128,44.316,43.006,319.0,239.0,False,114.45,"[None, 2048, 2048, 2048, 2049, 2048]","[2049, 2048, 2048, 2048, 2048, 2048, 2048]","[2048, 2048, 2048, 2048, 2048, 2048, 2048, 2048, 2048]",342.0
1268,9905,18,7,2025-09-05T11:42:31.889000+00:00,27.121,27.553,27.253,,332.0,False,81.927,"[2049, 2049, 2049, 2048, 2049, 2049]","[2048, 2051, 2049, 2048, 2049, 2048, 2048]","[2049, 2048, 2048, 2048, 2048, 2049, 2049, 2049, 2048]",344.0
1268,9905,55,5,2025-09-05T11:42:38.937000+00:00,39.543,49.966,37.232,146.0,219.0,False,126.741,"[None, 2049, 2049, 2048, 2048, 2048]","[2048, 2048, 2048, 2048, 2048, 2048, 2048]","[2048, 2048, 2048, 2048, 2048, 2048, 2049, 2049, 2049]",338.0
1268,9905,89,8,2025-09-05T11:42:41.287000+00:00,39.037,50.021,45.081,176.0,274.0,False,134.139,"[None, 2048, 2048, 2048, 2048, 2048]","[2048, 2048, 2048, 2048, 2048, 2048, 2048]","[2048, 2048, 2048, 2048, 2048, 2048, 2048, 2048, 2048]",234.0
1268,9905,16,7,2025-09-05T11:42:42.208000+00:00,27.03,27.306,26.903,322.0,334.0,False,81.239,"[2049, 2049, 2048, 2048, 2049, 2051]","[2049, 2048, 2049, 2049, 2049, 2049, 2049]","[2051, 2049, 2048, 2048, 2049, 2049, 2048, 2048, 2048]",346.0
1268,9905,5,8,2025-09-05T11:42:52.766000+00:00,40.349,51.224,42.955,161.0,105.0,False,134.528,"[None, 2048, 2048, 2048, 2048, 2048]","[2048, 2048, 2048, 2048, 2048, 2048, 2048]","[2048, 2048, 2048, 2048, 2048, 2048, 2048, 2048, 2048]",193.0
1268,9905,4,8,2025-09-05T11:42:57.743000+00:00,38.615,48.486,39.333,202.0,229.0,False,126.434,"[None, 2048, 2048, 2048, 2048, 2048]","[2048, 2048, 2048, 2048, 2048, 2048, 2048]","[2048, 2048, 2048, 2048, 2048, 2048, 2048, 2048, 2048]",183.0
1268,9905,22,7,2025-09-05T11:42:59.701000+00:00,26.979,27.669,27.308,317.0,333.0,False,81.956,"[2049, 2049, 2048, 2049, 2049, 2048]","[2048, 2049, 2049, 2049, 2049, 2049, 2049]","[2049, 2049, 2049, 2048, 2049, 2049, 2049, 2049]",340.0
1268,9905,23,7,2025-09-05T11:43:02.724000+00:00,27.133,27.117,26.823,320.0,338.0,False,81.073,"[None, 2051, 2048, 2048, 2051, 2049]","[2048, 2049, 2051, 2048, 2049, 2051, 2049]","[2049, 2051, 2051, 2051, 2048, 2048, 2048, 2049]",346.0
1268,9905,12,7,2025-09-05T11:43:05.683000+00:00,66.903,37.971,33.437,207.0,235.0,True,138.311,"[None, 2064, 2048, 2048, 2048, 2048]","[2048, 2048, 2048, 2048, 2048, 2048, 2048]","[2048, 2048, 2048, 2048, 2048, 2048, 2048, 2048, 2048]",173.0
1268,9905,6,7,2025-09-05T11:43:06.070000+00:00,41.275,41.61,44.5,185.0,300.0,False,127.385,"[None, 2048, 2048, 2048, 2048, 2048]","[2048, 2048, 2048, 2048, 2048, 2048, 2048]","[2048, 2048, 2048, 2048, 2048, 2049, 2048, 2048, 2049]",225.0
1268,9905,10,7,2025-09-05T11:43:06.215000+00:00,27.301,35.253,42.678,314.0,225.0,False,105.232,"[2048, 2049, 2048, 2048, 2049, 2049]","[2048, 2049, 2049, 2049, 2048, 2048, 2048]","[2048, 2048, 2048, 2048, 2048, 2048, 2048, 2048, 2048]",345.0
1268,9905,27,8,2025-09-05T11:43:13.148000+00:00,27.18,27.748,27.298,319.0,335.0,False,82.226,"[None, 2049, 2048, 2048, 2049, 2049]","[2048, 2048, 2048, 2049, 2049, 2049, 2049]","[2048, 2049, 2049, 2048, 2048, 2048, 2048, 2049, 2049]",345.0
1268,9905,31,8,2025-09-05T11:43:29.199000+00:00,48.121,40.961,31.433,172.0,288.0,False,120.515,"[None, 2048, 2048, 2048, 2048, 2048]","[2048, 2048, 2048, 2048, 2048, 2048, 2048]","[2048, 2048, 2048, 2048, 2048, 2048, 2048, 2048, 2048]",170.0
1268,9905,87,8,2025-09-05T11:43:31.993000+00:00,45.869,36.927,31.712,188.0,301.0,False,114.508,"[None, 2048, 2048, 2048, 2048, 2048]","[2048, 2048, 2048, 2048, 2048, 2048, 2048]","[2048, 2048, 2048, 2048, 2048, 2048, 2048, 2048, 2048]",172.0
1268,9905,14,6,2025-09-05T11:43:35.068000+00:00,54.871,49.024,33.401,115.0,307.0,False,137.296,"[None, 2048, 2048, 2048, 2048, 2048]","[2048, 2048, 2048, 2048, 2048, 2048, 2048]","[2048, 2048, 2048, 2048, 2048, 2048, 2049, 2049, 2049]",152.0
1268,9905,30,8,2025-09-05T11:43:40.275000+00:00,48.183,35.706,44.377,219.0,275.0,False,128.266,"[None, 2048, 2048, 2048, 2048, 2048]","[2048, 2048, 2048, 2048, 2048, 2048, 2048]","[2048, 2048, 2048, 2048, 2048, 2048, 2048, 2064, 2064]",147.0
1268,9905,61,8,2025-09-05T11:43:45.279000+00:00,47.436,51.595,49.612,126.0,141.0,False,148.643,"[2048, 2048, 2048, 2048, 2048, 2048]","[2048, 2048, 2048, 2048, 2048, 2048, 2048]","[2048, 2048, 2048, 2048, 2048, 2048, 2048, 2064, 2064]",138.0
1268,9905,18,8,2025-09-05T11:43:53.691000+00:00,39.278,54.423,35.164,180.0,180.0,False,128.865,"[2048, 2048, 2048, 2048, 2048, 2048]","[2048, 2048, 2048, 2048, 2048, 2048, 2048]","[2048, 2048, 2048, 2048, 2048, 2048, 2048, 2048]",210.0
1268,9905,16,8,2025-09-05T11:44:03.364000+00:00,41.627,43.506,39.461,184.0,211.0,False,124.594,"[2048, 2048, 2048, 2048, 2048, 2048]","[2048, 2048, 2048, 2048, 2048, 2048, 2048]","[2048, 2048, 2048, 2048, 2048, 2048, 2048, 2048, 2048]",194.0
1268,9905,63,7,2025-09-05T11:44:15.267000+00:00,27.171,27.203,27.103,318.0,332.0,False,81.477,"[None, 2048, 2048, 2049, 2049, 2048]","[2049, 2049, 2049, 2049, 2049, 2049, 2049]","[2048, 2048, 2049, 2049, 2049, 2048, 2048, 2048, 2048]",339.0
1268,9905,22,8,2025-09-05T11:44:21.435000+00:00,51.685,53.179,52.814,128.0,139.0,False,157.678,"[2048, 2048, 2048, 2048, 2048, 2048]","[2048, 2048, 2048, 2048, 2048, 2048, 2048]","[2048, 2048, 2048, 2048, 2048, 2048, 2048, 2048, 2048]",128.0
1268,9905,44,7,2025-09-05T11:44:22.974000+00:00,27.073,27.443,27.188,320.0,332.0,False,81.704,"[None, 2048, 2048, 2048, 2049, 2048]","[2048, 2049, 2049, 2049, 2049, 2048, 2049]","[2048, 2049, 2049, 2049, 2049, 2049, 2048, 2048]",
1268,9905,23,8,2025-09-05T11:44:23.621000+00:00,53.113,48.012,40.78,143.0,251.0,False,141.905,"[None, 2048, 2048, 2048, 2048, 2048]","[2048, 2048, 2048, 2048, 2048, 2048, 2048]","[2048, 2048, 2048, 2048, 2048, 2048, 2048, 2048, 2048]",102.0
1268,9905,1,8,2025-09-05T11:44:30.700000+00:00,26.905,26.963,26.883,320.0,336.0,False,80.751,"[2049, 2049, 2049, 2049, 2049, 2049]","[2048, 2051, 2049, 2048, 2051, 2049, 2049]","[2049, 2048, 2049, 2049, 2048, 2048, 2048, 2048, 2048]",344.0
1268,9905,27,9,2025-09-05T11:44:35.291000+00:00,44.585,53.262,45.642,148.0,150.0,False,143.489,"[None, 2048, 2048, 2048, 2048, 2048]","[2048, 2048, 2048, 2048, 2048, 2048, 2048]","[2048, 2048, 2048, 2048, 2048, 2048, 2048, 2048, 2048]",173.0
1268,9905,55,6,2025-09-05T11:44:45.740000+00:00,26.913,27.249,27.005,320.0,334.0,False,81.167,"[None, 2049, 2049, 2049, 2049, 2049]","[2049, 2049, 2049, 2049, 2049, 2049, 2049]","[2049, 2049, 2049, 2049, 2049, 2049, 2049, 2049]",343.0
1268,9905,10,8,2025-09-05T11:44:51.454000+00:00,27.255,27.765,27.297,,328.0,False,82.317,"[None, 2048, 2048, 2049, 2048, 2049]","[2049, 2049, 2048, 2049, 2049, 2049, 2049]","[2049, 2049, 2049, 2049, 2049, 2049, 2049, 2049, 2048]",342.0
1268,9905,89,9,2025-09-05T11:44:55.329000+00:00,27.515,27.7,32.429,309.0,326.0,False,87.644,"[None, 2049, 2048, 2048, 2049, 2049]","[2048, 2049, 2049, 2049, 2049, 2049, 2049]","[2049, 2049, 2049, 2049, 2049, 2049, 2048, 2064, 2064]",338.0
1268,9905,12,8,2025-09-05T11:44:58.894000+00:00,27.114,27.781,27.436,320.0,334.0,False,82.331,"[2049, 2049, 2049, 2049, 2049, 2049]","[2048, 2049, 2049, 2049, 2048, 2048, 2048]","[2048, 2049, 2049, 2049, 2049, 2049, 2049, 2049]",342.0
1268,9905,4,9,2025-09-05T11:45:04.253000+00:00,26.92,27.305,35.213,315.0,330.0,False,89.438,"[2049, 2049, 2048, 2049, 2051, 2049]","[2048, 2048, 2049, 2048, 2048, 2048, 2048]","[2048, 2049, 2049, 2048, 2048, 2048, 2048, 2064, 2064]",344.0
1268,9905,5,9,2025-09-05T11:45:07.464000+00:00,27.064,27.393,27.125,321.0,337.0,False,81.582,"[None, 2049, 2048, 2049, 2049, 2049]","[2048, 2049, 2049, 2049, 2049, 2049, 2049]","[2049, 2049, 2049, 2049, 2048, 2048, 2049, 2049, 2048]",345.0
1268,9905,6,8,2025-09-05T11:45:13.485000+00:00,26.972,27.469,27.023,324.0,338.0,False,81.464,"[None, 2049, 2048, 2048, 2049, 2049]","[2048, 2048, 2048, 2049, 2048, 2048, 2049]","[2049, 2048, 2049, 2051, 2049, 2049, 2049, 2049]",347.0
1268,9905,87,9,2025-09-05T11:45:26.443000+00:00,27.264,27.501,27.425,316.0,329.0,False,82.19,"[None, 2048, 2048, 2049, 2049, 2049]","[2048, 2049, 2049, 2049, 2049, 2049, 2048]","[2049, 2049, 2049, 2049, 2049, 2049, 2048, 2049, 2048]",336.0
1268,9905,31,9,2025-09-05T11:45:29.678000+00:00,27.19,27.668,27.392,317.0,331.0,False,82.25,"[None, 2048, 2048, 2051, 2049, 2049]","[2049, 2049, 2049, 2049, 2049, 2049, 2049]","[2049, 2049, 2049, 2049, 2049, 2049, 2049, 2049, 2049]",339.0
1268,9905,63,8,2025-09-05T11:45:36.693000+00:00,43.437,36.773,38.574,234.0,207.0,False,118.784,"[None, 2048, 2048, 2048, 2048, 2048]","[2048, 2048, 2048, 2048, 2048, 2048, 2048]","[2048, 2048, 2048, 2048, 2048, 2048, 2048, 2064, 2064]",157.0
1268,9905,44,8,2025-09-05T11:45:44.547000+00:00,57.184,62.425,37.978,79.0,220.0,False,157.587,"[None, 2048, 2048, 2048, 2048, 2048]","[2048, 2048, 2048, 2048, 2048, 2048, 2048]","[2048, 2048, 2048, 2048, 2048, 2048, 2048, 2048, 2049]",171.0
1268,9905,1,9,2025-09-05T11:45:51.559000+00:00,31.898,42.595,35.275,262.0,280.0,False,109.768,"[2048, 2048, 2048, 2048, 2048, 2048]","[2048, 2048, 2048, 2048, 2048, 2048, 2048]","[2048, 2048, 2048, 2048, 2048, 2048, 2048, 2064, 2064]",288.0
1268,9905,14,7,2025-09-05T11:45:52.326000+00:00,26.81,27.34,27.042,319.0,331.0,False,81.192,"[2051, 2051, 2048, 2049, 2049, 2049]","[2049, 2049, 2049, 2048, 2049, 2049, 2048]","[2049, 2049, 2049, 2049, 2048, 2048, 2048, 2048, 2048]",349.0
1268,9905,18,9,2025-09-05T11:46:02.589000+00:00,27.571,27.776,27.462,315.0,318.0,False,82.809,"[None, 2048, 2048, 2048, 2049, 2048]","[2048, 2048, 2048, 2048, 2048, 2048, 2048]","[2048, 2048, 2049, 2048, 2048, 2048, 2048, 2049, 2048]",330.0
1268,9905,55,7,2025-09-05T11:46:06.858000+00:00,58.25,53.988,41.092,134.0,154.0,False,153.33,"[2048, 2048, 2048, 2048, 2048, 2048]","[2048, 2048, 2048, 2048, 2048, 2048, 2048]","[2048, 2048, 2048, 2048, 2048, 2048, 2048, 2048, 2048]",95.0
1268,9905,16,9,2025-09-05T11:46:07.961000+00:00,26.881,45.469,35.632,325.0,215.0,False,107.982,"[2049, 2048, 2048, 2049, 2049, 2051]","[2051, 2048, 2048, 2048, 2048, 2048, 2048]","[2048, 2048, 2048, 2048, 2048, 2048, 2048, 2048, 2048]",344.0
1268,9905,10,9,2025-09-05T11:46:13.618000+00:00,53.443,56.121,43.614,100.0,188.0,False,153.178,"[None, 2048, 2048, 2048, 2048, 2048]","[2048, 2048, 2048, 2048, 2048, 2048, 2048]","[2048, 2048, 2048, 2048, 2048, 2048, 2048, 2048, 2048]",211.0
1268,9905,12,9,2025-09-05T11:46:21.095000+00:00,53.519,71.671,34.404,93.0,157.0,False,159.594,"[2048, 2048, 2048, 2048, 2048, 2048]","[2048, 2048, 2048, 2048, 2048, 2048, 2048]","[2048, 2048, 2048, 2048, 2048, 2048, 2048, 2048, 2048]",172.0
1268,9905,30,9,2025-09-05T11:46:23.780000+00:00,79.096,40.861,38.642,197.0,238.0,True,158.599,"[None, 2064, 2048, 2048, 2048, 2048]","[2048, 2048, 2048, 2048, 2048, 2048, 2048]","[2048, 2048, 2048, 2048, 2048, 2048, 2048, 2048, 2048]",123.0
1268,9905,5,10,2025-09-05T11:46:29.017000+00:00,45.003,53.665,46.456,116.0,204.0,False,145.124,"[None, 2048, 2048, 2048, 2048, 2048]","[2048, 2048, 2048, 2048, 2048, 2048, 2048]","[2048, 2048, 2048, 2048, 2048, 2048, 2048, 2048, 2048]",163.0
1268,9905,6,9,2025-09-05T11:46:34.883000+00:00,45.019,53.982,40.243,151.0,210.0,False,139.244,"[None, 2048, 2048, 2048, 2048, 2048]","[2048, 2048, 2048, 2048, 2048, 2048, 2048]","[2048, 2048, 2048, 2048, 2048, 2048, 2048, 2064, 2064]",169.0
1268,9905,61,9,2025-09-05T11:46:36.599000+00:00,69.818,38.51,40.873,135.0,305.0,True,149.201,"[None, 2064, 2048, 2048, 2048, 2048]","[2048, 2048, 2048, 2048, 2048, 2048, 2048]","[2048, 2048, 2048, 2048, 2048, 2048, 2048, 2048, 2048]",136.0
1268,9905,23,9,2025-09-05T11:46:45.751000+00:00,39.87,41.12,43.796,127.0,320.0,False,124.786,"[None, 2048, 2048, 2048, 2048, 2048]","[2048, 2048, 2048, 2048, 2048, 2048, 2048]","[2048, 2048, 2048, 2048, 2048, 2048, 2048, 2048, 2048]",237.0
1268,9905,87,10,2025-09-05T11:46:48.611000+00:00,34.993,35.425,43.492,295.0,239.0,False,113.91,"[None, 2048, 2048, 2048, 2048, 2048]","[2048, 2048, 2048, 2048, 2048, 2048, 2048]","[2048, 2048, 2048, 2048, 2048, 2048, 2048, 2064, 2064]",208.0
1268,9905,31,10,2025-09-05T11:46:51.914000+00:00,35.465,37.255,48.266,247.0,225.0,False,120.986,"[None, 2048, 2048, 2048, 2048, 2048]","[2048, 2048, 2048, 2048, 2048, 2048, 2048]","[2048, 2048, 2048, 2048, 2048, 2048, 2048, 2064, 2064]",161.0
1268,9905,27,10,2025-09-05T11:46:58.849000+00:00,27.272,27.746,27.17,322.0,333.0,False,82.188,"[None, 2048, 2048, 2048, 2049, 2049]","[2048, 2048, 2048, 2048, 2048, 2048, 2048]","[2049, 2049, 2048, 2048, 2049, 2049, 2049, 2049, 2048]",340.0
1268,9905,22,9,2025-09-05T11:46:59.324000+00:00,39.727,41.286,32.029,224.0,276.0,False,113.042,"[None, 2048, 2048, 2048, 2048, 2048]","[2048, 2048, 2048, 2048, 2048, 2048, 2048]","[2048, 2048, 2048, 2048, 2048, 2048, 2048, 2048, 2049]",204.0
1268,9905,14,8,2025-09-05T11:47:13.475000+00:00,44.281,40.666,31.231,219.0,278.0,False,116.178,"[2048, 2048, 2048, 2048, 2048, 2048]","[2048, 2048, 2048, 2048, 2048, 2048, 2048]","[2048, 2048, 2048, 2048, 2048, 2048, 2048, 2048, 2048]",152.0
1268,9905,4,10,2025-09-05T11:47:15.976000+00:00,71.327,35.925,40.194,298.0,217.0,True,147.446,"[None, 2064, 2048, 2048, 2048, 2048]","[2048, 2048, 2048, 2048, 2048, 2048, 2048]","[2048, 2048, 2048, 2048, 2048, 2048, 2048, 2064, 2064]",276.0
1268,9905,18,10,2025-09-05T11:47:25.523000+00:00,36.184,50.421,35.958,169.0,237.0,False,122.563,"[None, 2048, 2048, 2048, 2048, 2048]","[2048, 2048, 2048, 2048, 2048, 2048, 2048]","[2048, 2048, 2048, 2048, 2048, 2048, 2048, 2048, 2048]",318.0
1268,9905,16,10,2025-09-05T11:47:55.986000+00:00,26.952,27.12,26.898,323.0,333.0,False,80.97,"[2048, 2048, 2048, 2049, 2048, 2048]","[2048, 2051, 2051, 2049, 2048, 2048, 2048]","[2048, 2048, 2048, 2048, 2049, 2049, 2049, 2051, 2049]",340.0
1268,9905,27,11,2025-09-05T11:48:21.038000+00:00,34.129,30.803,34.45,275.0,313.0,False,99.382,"[None, 2048, 2048, 2048, 2048, 2048]","[2048, 2048, 2048, 2048, 2048, 2048, 2048]","[2048, 2048, 2048, 2048, 2048, 2048, 2048, 2064, 2064]",239.0
1268,9905,44,9,2025-09-05T11:48:22.247000+00:00,27.001,27.298,27.092,320.0,331.0,False,81.391,"[None, 2048, 2049, 2048, 2048, 2048]","[2048, 2048, 2049, 2049, 2049, 2049, 2048]","[2048, 2049, 2049, 2048, 2049, 2049, 2049, 2048, 2048]",340.0
1268,9905,30,10,2025-09-05T11:48:27.299000+00:00,27.139,27.489,27.273,320.0,334.0,False,81.901,"[2049, 2048, 2048, 2049, 2049, 2049]","[2049, 2049, 2048, 2049, 2048, 2049, 2048]","[2048, 2048, 2048, 2048, 2049, 2049, 2049, 2049, 2049]",341.0
1268,9905,55,8,2025-09-05T11:48:40.339000+00:00,27.091,27.411,26.888,320.0,335.0,False,81.39,"[None, 2048, 2048, 2048, 2048, 2048]","[2049, 2048, 2048, 2049, 2049, 2049, 2049]","[2051, 2049, 2049, 2048, 2049, 2048, 2049, 2049, 2049]",341.0
1268,9905,61,10,2025-09-05T11:48:43.234000+00:00,27.142,48.568,41.919,315.0,217.0,False,117.629,"[2049, 2049, 2048, 2048, 2049, 2049]","[2048, None, None, 2048, 2048, 2048, 2048]","[2048, 2048, 2048, 2048, 2048, 2048, 2048, 2064, 2064]",344.0
1268,9905,10,10,2025-09-05T11:48:46.967000+00:00,38.564,38.914,35.515,177.0,225.0,False,112.993,"[None, 2048, 2048, 2048, 2048, 2048]","[2048, 2048, 2048, 2048, 2048, 2048, 2048]","[2048, 2048, 2048, 2048, 2048, 2049, 2049, 2048, 2049]",203.0
1268,9905,23,10,2025-09-05T11:48:50.474000+00:00,27.033,36.876,41.18,321.0,209.0,False,105.089,"[None, 2048, 2048, 2049, 2049, 2049]","[2048, 2048, 2048, 2048, 2048, 2048, 2048]","[2048, 2048, 2048, 2048, 2048, 2048, 2048, 2064, 2064]",343.0
1268,9905,22,10,2025-09-05T11:48:52.370000+00:00,30.443,46.247,36.416,189.0,239.0,False,113.106,"[2049, 2049, 2048, 2048, 2048, 2048]","[2048, 2048, 2048, 2048, 2048, 2048, 2048]","[2048, 2048, 2048, 2048, 2048, 2048, 2048, 2048, 2048]",344.0
1268,9905,5,11,2025-09-05T11:48:54.111000+00:00,27.239,32.883,31.901,277.0,331.0,False,92.023,"[None, 2049, 2048, 2048, 2049, 2048]","[2048, 2048, 2048, 2048, 2048, 2048, 2048]","[2048, 2048, 2048, 2048, 2048, 2049, 2048, 2064, 2064]",346.0
1268,9905,12,10,2025-09-05T11:49:00.927000+00:00,26.951,67.835,36.376,287.0,110.0,False,131.162,"[2049, 2049, 2049, 2049, 2049, 2048]","[2048, 2048, 2048, 2048, 2048, 2048, 2048]","[2048, 2048, 2048, 2048, 2048, 2048, 2048, 2048, 2048]",342.0
1268,9905,14,9,2025-09-05T11:49:09.672000+00:00,27.497,28.709,27.812,319.0,322.0,False,84.018,"[None, 2048, 2048, 2048, 2048, 2049]","[2048, 2048, 2048, 2048, 2048, 2048, 2048]","[2048, 2048, 2049, 2048, 2048, 2048, 2048, 2048, 2048]",333.0
1268,9905,16,11,2025-09-05T11:49:17+00:00,31.346,42.447,35.221,241.0,311.0,False,109.014,"[None, 2048, 2048, 2048, 2048, 2048]","[2048, 2048, 2048, 2048, 2048, 2048, 2048]","[2048, 2048, 2048, 2048, 2048, 2048, 2048, 2064, 2064]",313.0
1268,9905,6,10,2025-09-05T11:49:22.400000+00:00,68.038,32.592,31.913,266.0,315.0,True,132.543,"[None, 2064, 2048, 2048, 2048, 2048]","[2048, 2048, 2048, 2048, 2048, 2048, 2048]","[2048, 2048, 2048, 2048, 2048, 2048, 2048, 2048, 2049]",93.0
1268,9905,18,11,2025-09-05T11:49:27.988000+00:00,27.0,27.374,27.082,319.0,331.0,False,81.456,"[None, 2048, 2049, 2051, 2049, 2048]","[2048, 2049, 2049, 2049, 2048, 2048, 2048]","[2048, 2049, 2049, 2049, 2049, 2048, 2049, 2049, 2049]",340.0
1268,9905,44,10,2025-09-05T11:49:43.573000+00:00,33.83,31.182,33.045,228.0,299.0,False,98.057,"[None, 2048, 2048, 2048, 2048, 2048]","[2048, 2048, 2048, 2048, 2048, 2048, 2048]","[2048, 2048, 2048, 2048, 2048, 2048, 2048, 2064, 2064]",307.0
1268,9905,30,11,2025-09-05T11:49:49.163000+00:00,38.905,49.444,46.989,158.0,233.0,False,135.338,"[2048, 2048, 2048, 2048, 2048, 2048]","[2048, 2048, 2048, 2048, 2048, 2048, 2048]","[2048, 2048, 2048, 2048, 2048, 2048, 2048, 2048, 2048]",297.0
1268,9905,55,9,2025-09-05T11:50:01.607000+00:00,42.94,44.741,43.194,187.0,184.0,False,130.875,"[None, 2048, 2048, 2048, 2048, 2048]","[2048, 2048, 2048, 2048, 2048, 2048, 2048]","[2048, 2048, 2048, 2048, 2048, 2048, 2048, 2048, 2048]",143.0
1268,9905,14,10,2025-09-05T11:50:33.728000+00:00,29.88,30.748,46.962,288.0,288.0,False,107.59,"[None, 2048, 2048, 2048, 2048, 2048]","[2048, 2048, 2048, 2048, 2048, 2048, 2048]","[2048, 2048, 2048, 2048, 2048, 2048, 2048, 2064, 2064]",322.0
1268,9905,10,11,2025-09-05T11:50:39.914000+00:00,27.179,27.643,27.388,316.0,330.0,False,82.21,"[None, 2048, 2048, 2049, 2049, 2049]","[2049, 2049, 2049, 2049, 2048, 2049, 2049]","[2048, 2049, 2049, 2048, 2049, 2048, 2048, 2048]",342.0
1268,9905,22,11,2025-09-05T11:50:45.438000+00:00,26.974,27.516,27.095,320.0,334.0,False,81.585,"[2048, 2048, 2048, 2049, 2049, 2049]","[2048, 2048, 2048, 2049, 2049, 2049, 2049]","[2049, 2048, 2049, 2049, 2049, 2049, 2049, 2049]",338.0
1268,9905,18,12,2025-09-05T11:50:49.417000+00:00,30.919,32.607,53.084,270.0,289.0,False,116.61,"[None, 2048, 2048, 2048, 2048, 2048]","[2048, 2048, 2048, 2048, 2048, 2048, 2048]","[2048, 2048, 2048, 2048, 2048, 2048, 2048, 2064, 2064]",242.0
1268,9905,6,11,2025-09-05T11:51:06.760000+00:00,26.964,27.298,26.896,322.0,335.0,False,81.158,"[2048, 2048, 2048, 2049, 2048, 2048]","[2048, 2049, 2049, 2049, 2049, 2049, 2048]","[2049, 2049, 2049, 2048, 2049, 2048, 2048, 2048, 2048]",345.0
1268,9905,12,11,2025-09-05T11:51:12.014000+00:00,26.98,27.435,27.17,320.0,332.0,False,81.585,"[None, 2048, 2048, 2049, 2048, 2048]","[2048, 2049, 2049, 2049, 2048, 2049, 2049]","[2049, 2049, 2049, 2048, 2049, 2049, 2048, 2049]",341.0
1268,9905,10,12,2025-09-05T11:52:01.945000+00:00,34.722,32.114,36.817,292.0,301.0,False,103.653,"[None, 2048, 2048, 2048, 2048, 2048]","[2048, 2048, 2048, 2048, 2048, 2048, 2048]","[2048, 2048, 2048, 2048, 2048, 2048, 2048, 2064, 2064]",168.0
1268,9905,30,12,2025-09-05T11:52:04.507000+00:00,41.093,42.391,30.772,230.0,288.0,False,114.256,"[None, 2048, 2048, 2048, 2048, 2048]","[2048, 2048, 2048, 2048, 2048, 2048, 2048]","[2048, 2048, 2048, 2048, 2048, 2048, 2048, 2048, 2049]",179.0
1268,9905,22,12,2025-09-05T11:52:06.842000+00:00,31.437,31.618,38.741,289.0,290.0,False,101.796,"[None, 2048, 2048, 2048, 2048, 2048]","[2048, 2048, 2048, 2048, 2048, 2048, 2048]","[2048, 2048, 2048, 2048, 2048, 2048, 2048, 2064, 2064]",175.0
1268,9905,55,10,2025-09-05T11:52:12.492000+00:00,38.311,33.618,29.891,292.0,309.0,False,101.82,"[None, 2048, 2048, 2048, 2048, 2048]","[2048, 2048, 2048, 2048, 2048, 2048, 2048]","[2048, 2048, 2048, 2048, 2048, 2048, 2048, 2048, 2049]",182.0
1268,9905,6,12,2025-09-05T11:52:27.843000+00:00,32.681,35.853,33.369,288.0,256.0,False,101.903,"[None, 2048, 2048, 2048, 2048, 2048]","[2048, 2048, 2048, 2048, 2048, 2048, 2048]","[2048, 2048, 2048, 2048, 2048, 2048, 2048, 2064, 2064]",260.0
1268,9905,12,12,2025-09-05T11:52:33.411000+00:00,35.241,41.605,38.796,180.0,159.0,False,115.642,"[2048, 2048, 2048, 2048, 2048, 2048]","[2048, 2048, 2048, 2048, 2048, 2048, 2048]","[2048, 2048, 2048, 2048, 2048, 2048, 2048, 2064, 2064]",297.0
1268,9905,55,11,2025-09-05T11:53:54.417000+00:00,26.944,27.06,26.879,320.0,334.0,False,80.883,"[2049, 2048, 2049, 2048, 2048, 2048]","[2049, 2048, 2049, 2049, 2049, 2049, 2048]","[2048, 2049, 2049, 2048, 2048, 2049, 2049, 2049, 2049]",341.0
1268,9905,30,13,2025-09-05T11:53:58.754000+00:00,26.984,27.365,26.995,320.0,334.0,False,81.344,"[2049, 2049, 2048, 2049, 2048, 2048]","[2048, 2049, 2049, 2048, 2049, 2049, 2049]","[2049, 2049, 2049, 2048, 2049, 2049, 2049, 2049, 2049]",342.0
1268,9905,55,12,2025-09-05T11:55:15.121000+00:00,33.986,34.582,40.346,266.0,255.0,False,108.914,"[2048, 2048, 2048, 2048, 2048, 2048]","[2048, 2048, 2048, 2048, 2048, 2048, 2048]","[2048, 2048, 2048, 2048, 2048, 2048, 2048, 2064, 2064]",244.0
1268,9905,30,14,2025-09-05T11:55:19.987000+00:00,30.493,41.747,37.783,282.0,199.0,False,110.023,"[2048, 2048, 2048, 2048, 2048, 2048]","[2048, 2048, 2048, 2048, 2048, 2048, 2048]","[2048, 2048, 2048, 2048, 2048, 2048, 2048, 2064, 2064]",281.0
1268,9905,63,9,2025-09-05T11:56:24.424000+00:00,,37.744,29.937,189.0,309.0,True,635.107,"[None, 2064, 2048, 2048, 2048, 2048]","[2048, 2048, 2048, 2048, 2048, 2048, 2048]","[2048, 2048, 2048, 2048, 2048, 2048, 2048, 2048, 2048]",216.0
1268,9905,89,10,2025-09-05T11:56:56.370000+00:00,,37.464,34.423,283.0,290.0,True,753.785,"[None, 2064, 2048, 2048, 2048, 2048]","[2048, 2048, 2048, 2048, 2048, 2048, 2048]","[2048, 2048, 2048, 2048, 2048, 2048, 2048, 2048, 2048]",269.0
1268,9905,4,11,2025-09-05T11:57:21.505000+00:00,,33.884,37.328,302.0,209.0,True,602.945,"[None, 2064, 2048, 2048, 2048, 2048]","[2048, 2048, 2048, 2048, 2048, 2048, 2048]","[2048, 2048, 2048, 2048, 2048, 2048, 2048, 2048, 2048]",246.0
1268,9905,1,10,2025-09-05T11:57:35.959000+00:00,,30.867,34.253,314.0,314.0,True,691.901,"[None, 2064, 2048, 2048, 2048, 2048]","[2048, 2048, 2048, 2048, 2048, 2048, 2048]","[2048, 2048, 2048, 2048, 2048, 2048, 2048, 2048, 2048]",212.0
1268,9905,27,12,2025-09-05T11:57:57.941000+00:00,,36.801,35.232,258.0,258.0,True,585.094,"[None, 2064, 2048, 2048, 2048, 2048]","[2048, 2048, 2048, 2048, 2048, 2048, 2048]","[2048, 2048, 2048, 2048, 2048, 2048, 2048, 2048, 2048]",190.0
1268,9905,63,10,2025-09-05T11:58:10.682000+00:00,27.045,27.047,32.732,319.0,330.0,False,86.824,"[2048, 2048, 2048, 2049, 2048, 2049]","[2049, 2051, 2049, 2051, 2048, 2048, 2048]","[2048, 2049, 2048, 2048, 2048, 2048, 2048, 2064, 2064]",337.0
1268,9905,89,11,2025-09-05T11:58:56.768000+00:00,27.366,27.153,27.087,310.0,327.0,False,81.606,"[2048, 2048, 2048, 2049, 2048, 2048]","[2049, 2049, 2049, 2049, 2051, 2049, 2048]","[2049, 2051, 2048, 2048, 2049, 2049, 2048, 2048, 2048]",331.0
1268,9905,4,12,2025-09-05T11:59:04.163000+00:00,26.941,34.669,41.578,318.0,116.0,False,103.188,"[2048, 2048, 2048, 2049, 2048, 2048]","[2049, 2049, 2049, 2051, 2048, 2048, 2048]","[2048, 2048, 2048, 2048, 2048, 2048, 2048, 2048, 2048]",339.0
1268,9905,16,12,2025-09-05T11:59:05.061000+00:00,,36.18,30.418,248.0,249.0,True,583.361,"[None, 2064, 2048, 2048, 2048, 2048]","[2048, 2048, 2048, 2048, 2048, 2048, 2048]","[2048, 2048, 2048, 2048, 2048, 2048, 2048, 2048, 2048]",192.0
1268,9905,1,11,2025-09-05T11:59:13.265000+00:00,26.977,26.935,26.78,320.0,333.0,False,80.692,"[2048, 2048, 2048, 2049, 2048, 2048]","[2049, 2051, 2048, 2049, 2048, 2048, 2048]","[2049, 2049, 2048, 2048, 2048, 2048, 2048, 2048]",342.0
1268,9905,23,11,2025-09-05T11:59:19.493000+00:00,,32.537,30.028,212.0,300.0,True,621.995,"[None, 2064, 2048, 2048, 2048, 2048]","[2048, 2048, 2048, 2048, 2048, 2048, 2048]","[2048, 2048, 2048, 2048, 2048, 2048, 2048, 2048, 2048]",250.0
1268,9905,27,13,2025-09-05T11:59:45.579000+00:00,27.133,27.274,27.131,319.0,334.0,False,81.538,"[2048, 2048, 2048, 2049, 2048, 2048]","[2048, 2049, 2049, 2049, 2049, 2049, 2048]","[2049, 2049, 2048, 2049, 2048, 2048, 2049, 2048, 2048]",340.0
1268,9905,22,13,2025-09-05T11:59:50.082000+00:00,,37.324,29.278,227.0,281.0,True,468.614,"[None, 2064, 2048, 2048, 2048, 2048]","[2048, 2048, 2048, 2048, 2048, 2048, 2048]","[2048, 2048, 2048, 2048, 2048, 2049, 2048, 2048, 2048]",171.0
1268,9905,89,12,2025-09-05T12:00:18.251000+00:00,39.057,42.722,47.093,186.0,189.0,False,128.872,"[None, 2048, 2048, 2048, 2048, 2048]","[2048, 2048, 2048, 2048, 2048, 2048, 2048]","[2048, 2048, 2048, 2048, 2048, 2048, 2048, 2048, 2048]",160.0
1268,9905,12,13,2025-09-05T12:00:19.892000+00:00,,33.547,30.037,271.0,297.0,True,449.425,"[None, 2064, 2048, 2048, 2048, 2048]","[2048, 2048, 2048, 2048, 2048, 2048, 2048]","[2048, 2048, 2048, 2048, 2048, 2048, 2048, 2048, 2048]",203.0
1268,9905,87,11,2025-09-05T12:00:27.829000+00:00,,32.334,30.602,270.0,303.0,True,801.508,"[None, 2064, 2048, 2048, 2048, 2048]","[2048, 2048, 2048, 2048, 2048, 2048, 2048]","[2048, 2048, 2048, 2048, 2048, 2048, 2048, 2048, 2048]",251.0
1268,9905,1,12,2025-09-05T12:00:33.766000+00:00,51.807,57.872,60.745,137.0,148.0,False,170.424,"[None, 2048, 2048, 2048, 2048, 2048]","[2048, 2048, 2048, 2048, 2048, 2048, 2048]","[2048, 2048, 2048, 2048, 2048, 2048, 2048, 2064, 2064]",122.0
1268,9905,6,13,2025-09-05T12:00:38.739000+00:00,,35.574,33.796,229.0,228.0,True,496.468,"[None, 2064, 2048, 2048, 2048, 2048]","[2048, 2048, 2048, 2048, 2048, 2048, 2048]","[2048, 2048, 2048, 2048, 2048, 2048, 2048, 2048, 2048]",185.0
1268,9905,18,13,2025-09-05T12:00:43.313000+00:00,,34.692,32.998,247.0,303.0,True,583.181,"[None, 2064, 2048, 2048, 2048, 2048]","[2048, 2048, 2048, 2048, 2048, 2048, 2048]","[2048, 2048, 2048, 2048, 2048, 2048, 2048, 2048, 2048]",108.0
1268,9905,4,13,2025-09-05T12:00:47.353000+00:00,45.05,43.73,35.434,208.0,203.0,False,124.214,"[None, 2048, 2048, 2048, 2048, 2048]","[2048, 2048, 2048, 2048, 2048, 2048, 2048]","[2048, 2048, 2048, 2048, 2048, 2048, 2048, 2048, 2048]",163.0
1268,9905,16,13,2025-09-05T12:00:49.332000+00:00,26.772,37.8,42.766,325.0,205.0,False,107.338,"[2048, 2048, 2048, 2049, 2051, 2048]","[2048, 2048, 2048, 2048, 2048, 2048, 2048]","[2048, 2048, 2048, 2048, 2048, 2048, 2048, 2048, 2048]",341.0
1268,9905,23,12,2025-09-05T12:00:57.506000+00:00,26.904,27.195,27.084,322.0,334.0,False,81.183,"[2048, 2048, 2048, 2049, 2048, 2048]","[2049, 2049, 2048, 2048, 2048, 2048, 2048]","[2048, 2048, 2048, 2048, 2048, 2048, 2048, 2048, 2048]",341.0
1268,9905,27,14,2025-09-05T12:01:07.010000+00:00,40.208,43.715,50.603,191.0,148.0,False,134.526,"[None, 2048, 2048, 2048, 2048, 2048]","[2048, 2048, 2048, 2048, 2048, 2048, 2048]","[2048, 2048, 2048, 2048, 2048, 2048, 2048, 2064, 2064]",176.0
1268,9905,22,14,2025-09-05T12:01:37.414000+00:00,26.997,27.28,27.015,320.0,333.0,False,81.292,"[2048, 2048, 2048, 2049, 2048, 2048]","[2048, 2049, 2049, 2049, 2049, 2048, 2048]","[2049, 2049, 2048, 2048, 2049, 2048, 2048, 2048]",334.0
1268,9905,12,14,2025-09-05T12:01:58.597000+00:00,26.937,27.363,27.489,320.0,331.0,False,81.789,"[2048, 2048, 2049, 2049, 2048, 2048]","[2048, 2049, 2048, 2048, 2048, 2048, 2048]","[2049, 2048, 2048, 2048, 2048, 2048, 2048, 2048]",336.0
1268,9905,87,12,2025-09-05T12:02:04.098000+00:00,27.047,27.574,27.474,321.0,333.0,False,82.095,"[2049, 2049, 2049, 2049, 2048, 2049]","[2049, 2048, 2048, 2048, 2048, 2049, 2049]","[2049, 2048, 2049, 2049, 2048, 2048, 2048, 2049]",338.0
1268,9905,23,13,2025-09-05T12:02:18.721000+00:00,56.557,59.501,,111.0,199.0,False,,"[None, 2048, 2048, 2048, 2048, 2048]","[2048, 2048, 2048, 2048, 2048, 2048, 2048]",[2048],98.0
1268,9905,6,14,2025-09-05T12:02:26.366000+00:00,26.923,27.175,41.703,323.0,334.0,False,95.801,"[2048, 2048, 2048, 2049, 2048, 2048]","[2048, 2049, 2048, 2049, 2049, 2048, 2048]","[2051, 2048, 2048, 2048, 2048, 2048, 2048, 2064, 2064]",343.0
1268,9905,89,13,2025-09-05T12:02:27.194000+00:00,45.211,44.358,51.688,150.0,189.0,False,141.257,"[None, 2048, 2048, 2048, 2048, 2048]","[2048, 2048, 2048, 2048, 2048, 2048, 2048]","[2048, 2048, 2048, 2048, 2048, 2048, 2048, 2048, 2048]",151.0
1268,9905,18,14,2025-09-05T12:02:29.270000+00:00,26.85,27.252,42.896,320.0,335.0,False,96.998,"[2049, 2049, 2048, 2051, 2049, 2049]","[2048, 2049, 2048, 2048, 2049, 2049, 2049]","[2049, 2048, 2048, 2048, 2048, 2048, 2048, 2048, 2048]",342.0
1268,9905,16,14,2025-09-05T12:02:36.777000+00:00,40.29,41.19,36.72,157.0,285.0,False,118.2,"[None, 2048, 2048, 2048, 2048, 2048]","[2048, 2048, 2048, 2048, 2048, 2048, 2048]","[2048, 2048, 2048, 2048, 2048, 2048, 2048, 2048, 2049]",212.0
1268,9905,30,15,2025-09-05T12:02:36.892000+00:00,,40.07,40.041,229.0,229.0,True,449.052,"[None, 2064, 2048, 2048, 2048, 2048]","[2048, 2048, 2048, 2048, 2048, 2048, 2048]","[2048, 2048, 2048, 2048, 2048, 2048, 2048, 2048, 2048]",170.0
1268,9905,31,11,2025-09-05T12:02:39.348000+00:00,,39.687,42.599,241.0,175.0,True,949.854,"[2064, 2064, 2048, 2048, 2048, 2048]","[2048, 2048, 2048, 2048, 2048, 2048, 2048]","[2048, 2048, 2048, 2048, 2048, 2048, 2048, 2048, 2048]",113.0
1268,9905,5,12,2025-09-05T12:02:43.167000+00:00,,39.902,45.018,247.0,223.0,True,861.234,"[None, 2064, 2048, 2048, 2048, 2048]","[2048, 2048, 2048, 2048, 2048, 2048, 2048]","[2048, 2048, 2048, 2048, 2048, 2048, 2048, 2048, 2048]",146.0
1268,9905,4,14,2025-09-05T12:02:51.593000+00:00,26.914,33.598,43.49,322.0,204.0,False,104.002,"[None, 2048, 2048, 2048, 2048, 2049]","[2049, 2049, 2049, 2051, 2048, 2048, 2048]","[2048, 2048, 2048, 2048, 2048, 2048, 2048, 2048, 2048]",337.0
1268,9905,22,15,2025-09-05T12:02:58.558000+00:00,54.85,59.705,,128.0,135.0,False,,"[None, 2048, 2048, 2048, 2048, 2048]","[2048, 2048, 2048, 2048, 2048, 2048, 2048]",[2048],98.0
1268,9905,63,11,2025-09-05T12:03:12.354000+00:00,,31.952,31.653,266.0,312.0,True,314.877,"[None, 2064, 2048, 2048, 2048, 2048]","[2048, 2048, 2048, 2048, 2048, 2048, 2048]","[2048, 2048, 2048, 2048, 2048, 2048, 2048, 2048, 2048]",198.0
1268,9905,12,15,2025-09-05T12:03:20.361000+00:00,53.602,,,121.0,,False,,"[None, 2048, 2048, 2048, 2048, 2048]","[2048, 2048, 2048, 2048, 2048, 2048, 2048]",[2048],114.0
1268,9905,10,13,2025-09-05T12:03:22.052000+00:00,,33.955,30.505,291.0,311.0,True,673.768,"[None, 2064, 2048, 2048, 2048, 2048]","[2048, 2048, 2048, 2048, 2048, 2048, 2048]","[2048, 2048, 2048, 2048, 2048, 2049, 2048, 2048, 2048]",215.0
1268,9905,87,13,2025-09-05T12:03:26.008000+00:00,49.3,,,140.0,,False,,"[2048, 2048, 2048, 2048, 2048, 2048]","[2048, 2048, 2048, 2048, 2048, 2048, 2048]",[2048],116.0
1268,9905,14,11,2025-09-05T12:03:33.246000+00:00,,37.039,,249.0,311.0,True,,"[None, 2064, 2048, 2048, 2048, 2048]","[2048, 2048, 2048, 2048, 2048, 2048, 2048]",[2048],222.0
1268,9905,44,11,2025-09-05T12:03:41.719000+00:00,,37.913,,248.0,249.0,True,,"[None, 2064, 2048, 2048, 2048, 2048]","[2048, 2048, 2048, 2048, 2048, 2048, 2048]",[2048],228.0
1268,9905,1,13,2025-09-05T12:03:43.368000+00:00,75.595,,,125.0,,True,,"[None, 2064, 2048, 2048, 2048, 2048]","[2048, 2048, 2048, 2048, 2048, 2048, 2048]",[2048],137.0
1268,9905,18,15,2025-09-05T12:04:06.307000+00:00,46.1,,,123.0,,False,,"[2048, 2048, 2048, 2048, 2048, 2048]","[2048, 2048, 2048, 2048, 2048, 2048, 2048]",[2048],196.0
1268,9905,61,11,2025-09-05T12:04:06.529000+00:00,,,,295.0,,True,,"[None, 2064, 2048, 2048, 2048, 2048]","[2048, 2048, 2048, 2048, 2048, 2048, 2048]",[2048],227.0
1268,9905,27,15,2025-09-05T12:04:20.708000+00:00,,,,,,True,,"[None, 2064, 2048, 2048, 2048, 2048]","[2048, 2048, 2048, 2048, 2048, 2048, 2048]",[2048],177.0
1268,9905,16,15,2025-09-05T12:04:34.805000+00:00,,,,,,False,,"[2049, 2048, 2048, 2048, 2051, 2051]","[2048, 2048, 2048, 2048, 2048, 2048, 2048]",[2048],342.0
1268,9905,4,15,2025-09-05T12:04:35.566000+00:00,,,,,,False,,"[None, 2048, 2048, 2048, 2048, 2048]","[2048, 2048, 2048, 2048, 2048, 2048, 2048]",[2048],169.0
1268,9905,30,16,2025-09-05T12:04:39.155000+00:00,,,,,,False,,"[2048, 2048, 2048, 2049, 2048, 2048]","[2048, 2048, 2048, 2048, 2048, 2048, 2048]",[2048],338.0
1268,9905,31,12,2025-09-05T12:04:42.846000+00:00,,,,,,False,,"[2049, 2049, 2048, 2049, 2048, 2048]","[2048, 2048, 2048, 2048, 2048, 2048, 2048]",[2048],339.0
1268,9905,5,13,2025-09-05T12:04:47.369000+00:00,,,,,,False,,"[2048, 2048, 2048, 2048, 2048, 2048]","[2048, 2048, 2048, 2048, 2048, 2048, 2048]",[2048],343.0
1268,9905,89,14,2025-09-05T12:04:48.463000+00:00,,,,,,False,,"[None, 2048, 2048, 2048, 2048, 2048]","[2048, 2048, 2048, 2048, 2048, 2048, 2048]",[2048],278.0
1268,9905,63,12,2025-09-05T12:04:52.375000+00:00,,,,,,False,,"[2048, 2048, 2048, 2048, 2048, 2048]","[2048, 2048, 2048, 2048, 2048, 2048, 2048]",[2048],
1268,9905,10,14,2025-09-05T12:04:59.555000+00:00,,,,,,False,,"[2048, 2048, 2048, 2048, 2048, 2048]","[2048, 2048, 2048, 2048, 2048, 2048, 2048]",[2048],
1268,9905,55,13,2025-09-05T12:13:03.090000+00:00,,31.73,29.457,263.0,311.0,True,1056.003,"[None, 2064, 2048, 2048, 2048, 2048]","[2048, 2048, 2048, 2048, 2048, 2048, 2048]","[2048, 2048, 2048, 2048, 2048, 2048, 2048, 2048, 2048]",246.0
1268,9905,18,16,2025-09-05T12:13:06.711000+00:00,,33.865,29.526,281.0,314.0,True,637.451,"[None, 2064, 2048, 2048, 2048, 2048]","[2048, 2048, 2048, 2048, 2048, 2048, 2048]","[2048, 2048, 2048, 2048, 2048, 2048, 2048, 2048, 2048]",207.0
1268,9905,14,12,2025-09-05T12:13:09.121000+00:00,,35.152,30.307,285.0,314.0,True,1347.769,"[None, 2064, 2048, 2048, 2048, 2048]","[2048, 2048, 2048, 2048, 2048, 2048, 2048]","[2048, 2048, 2048, 2048, 2048, 2048, 2048, 2048, 2048]",226.0
1268,9905,27,16,2025-09-05T12:13:12.964000+00:00,,36.301,31.122,258.0,258.0,True,691.305,"[None, 2064, 2048, 2048, 2048, 2048]","[2048, 2048, 2048, 2048, 2048, 2048, 2048]","[2048, 2048, 2048, 2048, 2048, 2048, 2048, 2048, 2048]",224.0
1268,9905,5,14,2025-09-05T12:13:16.938000+00:00,,35.05,33.595,295.0,251.0,True,608.937,"[None, 2064, 2048, 2048, 2048, 2048]","[2048, 2048, 2048, 2048, 2048, 2048, 2048]","[2048, 2048, 2048, 2048, 2048, 2048, 2048, 2048]",245.0
1268,9905,31,13,2025-09-05T12:13:22.110000+00:00,,32.174,35.399,298.0,224.0,True,616.815,"[None, 2064, 2048, 2048, 2048, 2048]","[2048, 2048, 2048, 2048, 2048, 2048, 2048]","[2048, 2048, 2048, 2048, 2048, 2048, 2048, 2048, 2049]",254.0
1268,9905,87,14,2025-09-05T12:13:30.671000+00:00,,30.394,32.745,298.0,304.0,True,697.42,"[None, 2064, 2048, 2048, 2048, 2048]","[2048, 2048, 2048, 2048, 2048, 2048, 2048]","[2048, 2048, 2048, 2048, 2048, 2048, 2048, 2048, 2049]",243.0
1268,9905,4,16,2025-09-05T12:13:37.124000+00:00,,30.852,29.187,301.0,302.0,True,635.023,"[None, 2064, 2048, 2048, 2048, 2048]","[2048, 2048, 2048, 2048, 2048, 2048, 2048]","[2048, 2048, 2048, 2048, 2048, 2048, 2048, 2048, 2048]",238.0
1268,9905,10,15,2025-09-05T12:13:47.584000+00:00,,31.758,30.038,300.0,311.0,True,623.401,"[None, 2064, 2048, 2048, 2048, 2048]","[2048, 2048, 2048, 2048, 2048, 2048, 2048]","[2048, 2048, 2048, 2048, 2048, 2048, 2048, 2048, 2048]",243.0
1268,9905,61,12,2025-09-05T12:13:55.212000+00:00,,32.432,29.696,308.0,306.0,True,1491.985,"[None, 2064, 2048, 2048, 2048, 2048]","[2048, 2048, 2048, 2048, 2048, 2048, 2048]","[2048, 2048, 2048, 2048, 2048, 2048, 2048, 2048, 2048]",246.0
1268,9905,23,14,2025-09-05T12:13:59.290000+00:00,,32.572,29.843,296.0,310.0,True,804.521,"[None, 2064, 2048, 2048, 2048, 2048]","[2048, 2048, 2048, 2048, 2048, 2048, 2048]","[2048, 2048, 2048, 2048, 2048, 2048, 2048, 2048, 2048]",227.0
1268,9905,30,17,2025-09-05T12:14:03.677000+00:00,,35.01,30.545,229.0,284.0,True,673.194,"[None, 2064, 2048, 2048, 2048, 2048]","[2048, 2048, 2048, 2048, 2048, 2048, 2048]","[2048, 2048, 2048, 2048, 2048, 2048, 2048, 2048, 2048]",159.0
1268,9905,12,16,2025-09-05T12:14:13.945000+00:00,,35.036,29.944,293.0,246.0,True,756.147,"[None, 2064, 2048, 2048, 2048, 2048]","[2048, 2048, 2048, 2048, 2048, 2048, 2048]","[2048, 2048, 2048, 2048, 2048, 2048, 2048, 2048, 2048]",256.0
1268,9905,16,16,2025-09-05T12:14:24.412000+00:00,,34.2,31.831,248.0,211.0,True,690.99,"[None, 2064, 2048, 2048, 2048, 2048]","[2048, 2048, 2048, 2048, 2048, 2048, 2048]","[2048, 2048, 2048, 2048, 2048, 2048, 2048, 2048, 2051]",245.0
1268,9905,22,16,2025-09-05T12:14:31.701000+00:00,,35.112,30.865,158.0,250.0,True,792.258,"[2064, 2064, 2048, 2048, 2048, 2048]","[2048, 2048, 2048, 2048, 2048, 2048, 2048]","[2048, 2048, 2048, 2048, 2048, 2048, 2048, 2048, 2048]",231.0
1268,9905,55,14,2025-09-05T12:14:40.248000+00:00,26.911,27.305,26.822,322.0,335.0,False,81.038,"[2048, 2048, 2049, 2048, 2048, 2049]","[2049, 2048, 2048, 2048, 2048, 2048, 2049]","[2048, 2049, 2049, 2048, 2048, 2048, 2049, 2049, 2049]",339.0
1268,9905,1,14,2025-09-05T12:14:40.878000+00:00,,29.659,33.625,313.0,310.0,True,774.613,"[None, 2064, 2048, 2048, 2048, 2048]","[2048, 2048, 2048, 2048, 2048, 2048, 2048]","[2048, 2048, 2048, 2048, 2048, 2048, 2048, 2048, 2048]",249.0
1268,9905,18,17,2025-09-05T12:14:43.695000+00:00,27.017,27.266,27.012,319.0,335.0,False,81.295,"[2048, 2048, 2048, 2048, 2048, 2048]","[2048, 2048, 2048, 2048, 2049, 2049, 2049]","[2048, 2048, 2051, 2049, 2049, 2048, 2048, 2048, 2048]",338.0
1268,9905,89,15,2025-09-05T12:14:45.800000+00:00,,36.206,34.2,174.0,313.0,True,705.625,"[None, 2064, 2048, 2048, 2048, 2048]","[2048, 2048, 2048, 2048, 2048, 2048, 2048]","[2048, 2048, 2048, 2048, 2048, 2048, 2048, 2048, 2048]",230.0
1268,9905,14,13,2025-09-05T12:14:49.123000+00:00,27.039,27.116,43.776,323.0,335.0,False,97.931,"[2048, 2048, 2049, 2048, 2049, 2049]","[2051, 2048, 2048, 2049, 2049, 2049, 2049]","[2049, 2048, 2048, 2048, 2048, 2048, 2048, 2064, 2064]",341.0
1268,9905,27,17,2025-09-05T12:14:52.956000+00:00,27.224,41.274,47.536,323.0,173.0,False,116.034,"[2049, 2049, 2049, 2048, 2048, 2049]","[2049, 2048, 2048, 2048, 2048, 2048, 2048]","[2048, 2048, 2048, 2048, 2048, 2048, 2048, 2064, 2064]",344.0
1268,9905,5,15,2025-09-05T12:14:56.299000+00:00,27.499,27.803,42.55,323.0,335.0,False,97.852,"[2049, 2048, 2048, 2048, 2049, 2049]","[2048, 2048, 2048, 2048, 2048, 2048, 2048]","[2048, 2048, 2048, 2048, 2048, 2048, 2048, 2064, 2064]",344.0
1268,9905,31,14,2025-09-05T12:14:59.588000+00:00,27.005,27.541,27.428,322.0,335.0,False,81.974,"[2049, 2049, 2048, 2048, 2049, 2049]","[2048, 2048, 2049, 2048, 2049, 2049, 2049]","[2048, 2048, 2049, 2049, 2048, 2048, 2049, 2049, 2049]",340.0
1268,9905,87,15,2025-09-05T12:15:03.525000+00:00,27.076,27.634,27.348,321.0,336.0,False,82.058,"[2049, 2049, 2049, 2048, 2049, 2049]","[2048, 2048, 2048, 2048, 2048, 2049, 2049]","[2048, 2048, 2049, 2049, 2048, 2049, 2049, 2049, 2049]",342.0
1268,9905,63,13,2025-09-05T12:15:07.653000+00:00,,33.306,30.381,302.0,314.0,True,713.589,"[None, 2064, 2048, 2048, 2048, 2048]","[2048, 2048, 2048, 2048, 2048, 2048, 2048]","[2048, 2048, 2048, 2048, 2048, 2048, 2048, 2048, 2048]",189.0
1268,9905,4,17,2025-09-05T12:15:10.569000+00:00,26.891,27.528,27.011,320.0,335.0,False,81.43,"[2049, 2048, 2048, 2048, 2048, 2048]","[2048, 2048, 2048, 2048, 2048, 2048, 2048]","[2049, 2048, 2048, 2049, 2049, 2048, 2048, 2048, 2048]",340.0
1268,9905,44,12,2025-09-05T12:15:13.752000+00:00,,38.413,38.219,249.0,248.0,True,1549.982,"[None, 2064, 2048, 2048, 2048, 2048]","[2048, 2048, 2048, 2048, 2048, 2048, 2048]","[2048, 2048, 2048, 2048, 2048, 2048, 2048, 2049, 2049]",151.0
1268,9905,10,16,2025-09-05T12:15:22.925000+00:00,27.058,38.276,37.621,315.0,244.0,False,102.955,"[2048, 2048, 2049, 2048, 2048, 2049]","[2049, 2048, 2048, 2048, 2048, 2048, 2048]","[2048, 2048, 2048, 2048, 2048, 2048, 2048, 2048, 2048]",341.0
1268,9905,6,15,2025-09-05T12:15:26.715000+00:00,,37.727,39.086,228.0,229.0,True,796.595,"[None, 2064, 2048, 2048, 2048, 2048]","[2048, 2048, 2048, 2048, 2048, 2048, 2048]","[2048, 2048, 2048, 2048, 2048, 2048, 2048, 2048, 2048]",233.0
1268,9905,61,13,2025-09-05T12:15:32.825000+00:00,27.002,27.806,27.391,315.0,327.0,False,82.199,"[2048, 2048, 2049, 2049, 2048, 2048]","[2049, 2048, 2048, 2048, 2049, 2049, 2048]","[2049, 2049, 2049, 2049, 2049, 2048, 2048, 2048]",340.0
1268,9905,23,15,2025-09-05T12:15:43.312000+00:00,26.971,27.28,27.023,319.0,335.0,False,81.274,"[2048, 2048, 2049, 2048, 2048, 2048]","[2048, 2049, 2048, 2048, 2048, 2048, 2048]","[2048, 2048, 2048, 2048, 2048, 2048, 2048, 2048, 2048]",340.0
1268,9905,30,18,2025-09-05T12:15:52.346000+00:00,39.424,45.021,40.432,154.0,217.0,False,124.877,"[2048, 2048, 2049, 2048, 2048, 2048]","[2048, 2048, 2048, 2048, 2048, 2048, 2048]","[2048, 2048, 2048, 2048, 2048, 2048, 2048, 2048, 2048]",337.0
1268,9905,12,17,2025-09-05T12:15:56.630000+00:00,39.623,47.004,39.435,124.0,219.0,False,126.062,"[2049, 2048, 2051, 2048, 2048, 2048]","[2048, 2048, 2048, 2048, 2048, 2048, 2048]","[2048, 2048, 2048, 2048, 2048, 2048, 2048, 2048, 2048]",340.0
1268,9905,55,15,2025-09-05T12:16:01.155000+00:00,48.558,43.769,46.259,167.0,207.0,False,138.586,"[None, 2048, 2048, 2048, 2048, 2048]","[2048, 2048, 2048, 2048, 2048, 2048, 2048]","[2048, 2048, 2048, 2048, 2048, 2048, 2048, 2064, 2064]",119.0
1268,9905,18,18,2025-09-05T12:16:05.003000+00:00,47.325,40.891,36.945,244.0,297.0,False,125.161,"[None, 2048, 2048, 2048, 2048, 2048]","[2048, 2048, 2048, 2048, 2048, 2048, 2048]","[2048, 2048, 2048, 2048, 2048, 2048, 2048, 2064, 2064]",107.0
1268,9905,16,17,2025-09-05T12:16:05.798000+00:00,26.521,26.996,26.769,326.0,336.0,False,80.286,"[2051, 2049, 2048, 2048, 2051, 2048]","[2048, 2048, 2051, 2048, 2049, 2049, 2049]","[2048, 2048, 2049, 2049, 2049, 2049, 2051, 2051, 2048]",345.0
1268,9905,22,17,2025-09-05T12:16:11.015000+00:00,26.9,27.369,27.034,321.0,335.0,False,81.303,"[2049, 2048, 2048, 2048, 2048, 2049]","[2048, 2048, 2048, 2048, 2048, 2048, 2049]","[2048, 2048, 2048, 2048, 2048, 2048, 2048, 2048, 2048]",339.0
1268,9905,1,15,2025-09-05T12:16:19.201000+00:00,26.922,27.06,26.895,320.0,333.0,False,80.877,"[2049, 2048, 2049, 2048, 2048, 2048]","[2048, 2048, 2048, 2048, 2048, 2048, 2048]","[2048, 2048, 2048, 2048, 2048, 2048, 2048, 2048, 2048]",338.0
1268,9905,31,15,2025-09-05T12:16:21.508000+00:00,41.464,41.961,48.817,179.0,201.0,False,132.242,"[2048, 2048, 2048, 2048, 2048, 2048]","[2048, 2048, 2048, 2048, 2048, 2048, 2048]","[2048, 2048, 2048, 2048, 2048, 2048, 2048, 2048, 2048]",181.0
1268,9905,87,16,2025-09-05T12:16:25.531000+00:00,33.345,30.621,34.936,298.0,311.0,False,98.902,"[2048, 2048, 2048, 2048, 2048, 2048]","[2048, 2048, 2048, 2048, 2048, 2048, 2048]","[2048, 2048, 2048, 2048, 2048, 2048, 2048, 2064, 2064]",194.0
1268,9905,4,18,2025-09-05T12:16:32.067000+00:00,40.006,60.566,39.416,120.0,89.0,False,139.988,"[2048, 2048, 2048, 2048, 2048, 2048]","[2048, 2048, 2048, 2048, 2048, 2048, 2048]","[2048, 2048, 2048, 2048, 2048, 2048, 2048, 2048, 2048]",220.0
1268,9905,89,16,2025-09-05T12:16:34.093000+00:00,27.292,27.497,27.157,313.0,327.0,False,81.946,"[2049, 2049, 2048, 2048, 2049, 2048]","[2049, 2048, 2049, 2048, 2048, 2048, 2048]","[2048, 2048, 2048, 2049, 2049, 2048, 2048, 2048, 2048]",334.0
1268,9905,63,14,2025-09-05T12:16:45.901000+00:00,27.035,27.178,26.933,320.0,332.0,False,81.146,"[2048, 2048, 2048, 2048, 2048, 2049]","[2049, 2048, 2049, 2049, 2048, 2048, 2049]","[2048, 2049, 2049, 2049, 2049, 2049, 2048, 2048]",338.0
1268,9905,5,16,2025-09-05T12:16:49.305000+00:00,68.535,53.65,48.674,122.0,189.0,True,170.859,"[None, 2064, 2048, 2048, 2048, 2048]","[2048, 2048, 2048, 2048, 2048, 2048, 2048]","[2048, 2048, 2048, 2048, 2048, 2048, 2048, 2049, 2049]",117.0
1268,9905,14,14,2025-09-05T12:16:54.681000+00:00,65.791,47.402,36.153,250.0,246.0,True,149.346,"[None, 2064, 2048, 2048, 2048, 2048]","[2048, 2048, 2048, 2048, 2048, 2048, 2048]","[2048, 2048, 2048, 2048, 2048, 2048, 2048, 2048, 2048]",145.0
1268,9905,61,14,2025-09-05T12:16:54.908000+00:00,44.226,53.06,55.825,145.0,128.0,False,153.111,"[None, 2048, 2048, 2048, 2048, 2048]","[2048, 2048, 2048, 2048, 2048, 2048, 2048]","[2048, 2048, 2048, 2048, 2048, 2048, 2048, 2048, 2048]",205.0
1268,9905,27,18,2025-09-05T12:17:04.036000+00:00,56.112,47.437,34.864,135.0,209.0,True,138.413,"[None, 2064, 2048, 2048, 2048, 2048]","[2048, 2048, 2048, 2048, 2048, 2048, 2048]","[2048, 2048, 2048, 2048, 2048, 2048, 2048, 2048, 2048]",156.0
1268,9905,23,16,2025-09-05T12:17:04.531000+00:00,57.764,50.851,38.003,118.0,296.0,False,146.618,"[None, 2048, 2048, 2048, 2048, 2048]","[2048, 2048, 2048, 2048, 2048, 2048, 2048]","[2048, 2048, 2048, 2048, 2048, 2048, 2048, 2064, 2064]",95.0
1268,9905,10,17,2025-09-05T12:17:05.826000+00:00,27.08,27.59,27.122,317.0,327.0,False,81.792,"[None, 2048, 2048, 2049, 2048, 2049]","[2048, 2049, 2048, 2049, 2049, 2048, 2048]","[2048, 2048, 2048, 2049, 2049, 2048, 2048, 2048, 2048]",
1268,9905,44,13,2025-09-05T12:17:11.640000+00:00,26.723,27.14,26.9,325.0,335.0,False,80.763,"[2048, 2048, 2049, 2049, 2049, 2049]","[2049, 2048, 2049, 2049, 2049, 2049, 2049]","[2048, 2049, 2049, 2049, 2049, 2048, 2049, 2049, 2049]",343.0
1268,9905,6,16,2025-09-05T12:17:18.659000+00:00,26.895,27.355,27.182,324.0,335.0,False,81.432,"[2048, 2048, 2048, 2048, 2048, 2048]","[2048, 2048, 2048, 2048, 2048, 2048, 2048]","[2048, 2048, 2048, 2048, 2048, 2048, 2048, 2048, 2048]",345.0
1268,9905,16,18,2025-09-05T12:17:26.139000+00:00,31.021,33.817,38.248,268.0,275.0,False,103.086,"[2048, 2048, 2048, 2048, 2048, 2048]","[2048, 2048, 2048, 2048, 2048, 2048, 2048]","[2048, 2048, 2048, 2048, 2048, 2048, 2048, 2064, 2064]",261.0
1268,9905,22,18,2025-09-05T12:17:32.213000+00:00,31.39,35.835,36.585,265.0,276.0,False,103.81,"[2048, 2048, 2048, 2048, 2048, 2048]","[2048, 2048, 2048, 2048, 2048, 2048, 2048]","[2048, 2048, 2048, 2048, 2048, 2048, 2048, 2064, 2064]",262.0
1268,9905,1,16,2025-09-05T12:17:39.836000+00:00,29.814,30.992,36.719,295.0,304.0,False,97.525,"[2048, 2048, 2048, 2048, 2048, 2048]","[2048, 2048, 2048, 2048, 2048, 2048, 2048]","[2048, 2048, 2048, 2048, 2048, 2048, 2048, 2064, 2064]",248.0
1268,9905,89,17,2025-09-05T12:17:56.031000+00:00,44.134,43.164,38.884,194.0,215.0,False,126.182,"[2048, 2048, 2048, 2048, 2048, 2048]","[2048, 2048, 2048, 2048, 2048, 2048, 2048]","[2048, 2048, 2048, 2048, 2048, 2048, 2048, 2048, 2048]",141.0
1268,9905,30,19,2025-09-05T12:17:57.311000+00:00,26.976,27.316,27.11,317.0,330.0,False,81.402,"[None, 2048, 2048, 2048, 2048, 2048]","[2048, 2049, 2049, 2048, 2049, 2049, 2048]","[2048, 2049, 2048, 2048, 2049, 2048, 2048, 2048, 2048]",
1268,9905,12,18,2025-09-05T12:18:02.629000+00:00,26.93,27.34,27.157,321.0,333.0,False,81.427,"[2048, 2048, 2048, 2048, 2048, 2049]","[2048, 2048, 2048, 2048, 2049, 2049, 2049]","[2048, 2048, 2048, 2049, 2049, 2049, 2048, 2048, 2048]",339.0
1268,9905,63,15,2025-09-05T12:18:06.918000+00:00,45.549,52.789,47.024,155.0,174.0,False,145.362,"[None, 2048, 2048, 2048, 2048, 2048]","[2048, 2048, 2048, 2048, 2048, 2048, 2048]","[2048, 2048, 2048, 2048, 2048, 2048, 2048, 2048, 2048]",165.0
1268,9905,10,18,2025-09-05T12:18:27.603000+00:00,50.416,48.463,53.665,132.0,173.0,False,152.544,"[None, 2048, 2048, 2048, 2048, 2048]","[2048, 2048, 2048, 2048, 2048, 2048, 2048]","[2048, 2048, 2048, 2048, 2048, 2048, 2048, 2064, 2064]",164.0
1268,9905,44,14,2025-09-05T12:18:32.370000+00:00,55.001,63.985,54.747,149.0,204.0,False,173.733,"[None, 2048, 2048, 2048, 2048, 2048]","[2048, 2048, 2048, 2048, 2048, 2048, 2048]","[2048, 2048, 2048, 2048, 2048, 2048, 2048, 2064, 2064]",135.0
1268,9905,31,16,2025-09-05T12:18:33.823000+00:00,45.087,44.828,35.685,111.0,220.0,False,125.6,"[None, 2048, 2048, 2048, 2048, 2048]","[2048, None, None, 2048, 2048, 2048, 2048]","[2048, 2048, 2048, 2048, 2048, 2048, 2048, 2048, 2048]",196.0
1268,9905,6,17,2025-09-05T12:18:40.115000+00:00,48.302,51.284,44.237,142.0,174.0,False,143.823,"[None, 2048, 2048, 2048, 2048, 2048]","[2048, 2048, 2048, 2048, 2048, 2048, 2048]","[2048, 2048, 2048, 2048, 2048, 2048, 2048, 2064, 2064]",202.0
1268,9905,55,16,2025-09-05T12:18:41.790000+00:00,65.698,37.665,32.335,292.0,311.0,True,135.698,"[None, 2064, 2048, 2048, 2048, 2048]","[2048, 2048, 2048, 2048, 2048, 2048, 2048]","[2048, 2048, 2048, 2048, 2048, 2048, 2048, 2048, 2048]",143.0
1268,9905,4,19,2025-09-05T12:18:52.035000+00:00,26.945,27.168,26.908,320.0,328.0,False,81.021,"[None, 2048, 2048, 2048, 2048, 2048]","[2048, 2049, 2049, 2048, 2048, 2048, 2048]","[2049, 2048, 2048, 2048, 2049, 2048, 2048, 2048, 2048]",336.0
1268,9905,14,15,2025-09-05T12:18:56.350000+00:00,26.99,27.186,26.938,321.0,332.0,False,81.114,"[2048, 2048, 2048, 2048, 2048, 2048]","[2048, 2049, 2048, 2049, 2049, 2048, 2048]","[2048, 2048, 2049, 2049, 2049, 2049, 2048, 2048, 2048]",341.0
1268,9905,27,19,2025-09-05T12:19:07.338000+00:00,27.022,27.447,27.066,322.0,333.0,False,81.535,"[2048, 2048, 2048, 2049, 2048, 2048]","[2048, 2048, 2049, 2048, 2048, 2049, 2048]","[2048, 2048, 2049, 2049, 2048, 2048, 2048, 2049, 2049]",342.0
1268,9905,30,20,2025-09-05T12:19:18.730000+00:00,49.819,49.376,48.971,150.0,139.0,False,148.166,"[None, 2048, 2048, 2048, 2048, 2048]","[2048, 2048, 2048, 2048, 2048, 2048, 2048]","[2048, 2048, 2048, 2048, 2048, 2048, 2048, 2064, 2064]",149.0
1268,9905,12,19,2025-09-05T12:19:24.062000+00:00,46.641,56.497,50.662,124.0,114.0,False,153.8,"[None, 2048, 2048, 2048, 2048, 2048]","[2048, 2048, 2048, 2048, 2048, 2048, 2048]","[2048, 2048, 2048, 2048, 2048, 2048, 2048, 2048, 2048]",200.0
1268,9905,5,17,2025-09-05T12:19:25.113000+00:00,26.922,27.185,27.065,320.0,333.0,False,81.172,"[2049, 2048, 2048, 2049, 2048, 2048]","[2048, 2049, 2049, 2049, 2049, 2049, 2048]","[2049, 2048, 2048, 2048, 2049, 2049, 2049, 2049]",341.0
1268,9905,61,15,2025-09-05T12:19:28.125000+00:00,57.205,42.507,37.409,131.0,306.0,False,137.121,"[None, 2048, 2048, 2048, 2048, 2048]","[2048, 2048, 2048, 2048, 2048, 2048, 2048]","[2048, 2048, 2048, 2048, 2048, 2048, 2048, 2048, 2048]",148.0
1268,9905,23,17,2025-09-05T12:19:53.371000+00:00,60.623,32.394,30.262,311.0,316.0,True,123.279,"[None, 2064, 2048, 2048, 2048, 2048]","[2048, 2048, 2048, 2048, 2048, 2048, 2048]","[2048, 2048, 2048, 2048, 2048, 2048, 2048, 2048, 2048]",274.0
1268,9905,89,18,2025-09-05T12:20:02.278000+00:00,28.174,29.052,28.444,303.0,304.0,False,85.67,"[None, 2048, 2048, 2048, 2048, 2048]","[2048, 2048, 2048, 2048, 2048, 2048, 2048]","[2048, 2048, 2048, 2048, 2048, 2048, 2048, 2048, 2048]",317.0
1268,9905,4,20,2025-09-05T12:20:12.850000+00:00,29.23,29.263,35.901,298.0,282.0,False,94.394,"[None, 2048, 2048, 2048, 2048, 2048]","[2048, 2048, 2048, 2048, 2048, 2048, 2048]","[2048, 2048, 2048, 2048, 2048, 2048, 2048, 2064, 2064]",309.0
1268,9905,14,16,2025-09-05T12:20:17.532000+00:00,48.69,54.355,46.517,144.0,295.0,False,149.562,"[None, 2048, 2048, 2048, 2048, 2048]","[2048, 2048, 2048, 2048, 2048, 2048, 2048]","[2048, 2048, 2048, 2048, 2048, 2048, 2048, 2064, 2064]",183.0
1268,9905,27,20,2025-09-05T12:20:28.842000+00:00,41.814,44.778,52.352,178.0,185.0,False,138.944,"[None, 2048, 2048, 2048, 2048, 2048]","[2048, 2048, 2048, 2048, 2048, 2048, 2048]","[2048, 2048, 2048, 2048, 2048, 2048, 2048, 2064, 2064]",143.0
1268,9905,63,16,2025-09-05T12:20:32.456000+00:00,46.631,50.399,30.069,197.0,248.0,False,127.099,"[None, 2048, 2048, 2048, 2048, 2048]","[2048, 2048, 2048, 2048, 2048, 2048, 2048]","[2048, 2048, 2048, 2048, 2048, 2048, 2048, 2048, 2048]",181.0
1268,9905,55,17,2025-09-05T12:20:35.409000+00:00,26.746,27.11,26.794,322.0,332.0,False,80.65,"[2049, 2048, 2049, 2049, 2048, 2048]","[2048, 2049, 2049, 2048, 2048, 2048, 2048]","[2048, 2049, 2051, 2048, 2049, 2048, 2048, 2048]",340.0
1268,9905,31,17,2025-09-05T12:20:39.466000+00:00,27.08,27.367,27.195,322.0,330.0,False,81.642,"[None, 2048, 2048, 2048, 2048, 2048]","[2049, 2049, 2049, 2049, 2049, 2048, 2048]","[2049, 2049, 2049, 2048, 2049, 2049, 2048, 2048, 2049]",336.0
1268,9905,5,18,2025-09-05T12:20:46.110000+00:00,27.934,29.728,34.562,301.0,307.0,False,92.224,"[2048, 2048, 2048, 2048, 2048, 2048]","[2048, 2048, 2048, 2048, 2048, 2048, 2048]","[2048, 2048, 2048, 2048, 2048, 2048, 2048, 2064, 2064]",328.0
1268,9905,10,19,2025-09-05T12:21:15.202000+00:00,63.153,37.905,30.75,186.0,293.0,True,131.808,"[None, 2064, 2048, 2048, 2048, 2048]","[2048, 2048, 2048, 2048, 2048, 2048, 2048]","[2048, 2048, 2048, 2048, 2048, 2048, 2048, 2048, 2048]",132.0
1268,9905,89,19,2025-09-05T12:21:27.889000+00:00,27.798,28.55,28.187,309.0,306.0,False,84.535,"[None, 2048, 2048, 2048, 2048, 2048]","[2048, 2048, 2048, 2048, 2048, 2048, 2048]","[2048, 2048, 2048, 2048, 2048, 2048, 2048, 2048, 2048]",
1268,9905,6,18,2025-09-05T12:21:31.342000+00:00,65.923,41.786,31.739,227.0,229.0,True,139.448,"[None, 2064, 2048, 2048, 2048, 2048]","[2048, 2048, 2048, 2048, 2048, 2048, 2048]","[2048, 2048, 2048, 2048, 2048, 2048, 2048, 2048, 2048]",125.0
1268,9905,23,18,2025-09-05T12:21:34.453000+00:00,27.599,28.345,27.666,309.0,310.0,False,83.61,"[2048, 2048, 2048, 2048, 2048, 2048]","[2048, 2048, 2048, 2048, 2048, 2048, 2048]","[2048, 2048, 2048, 2048, 2048, 2048, 2048, 2048, 2048]",329.0
1268,9905,61,16,2025-09-05T12:21:45.300000+00:00,27.141,27.646,27.366,317.0,326.0,False,82.153,"[None, 2048, 2048, 2048, 2048, 2049]","[2048, 2049, 2048, 2048, 2049, 2048, 2048]","[2048, 2049, 2049, 2049, 2048, 2049, 2048, 2048, 2048]",338.0
1268,9905,44,15,2025-09-05T12:21:53.559000+00:00,73.481,37.763,31.341,250.0,248.0,True,142.585,"[None, 2064, 2048, 2048, 2048, 2048]","[2048, 2048, 2048, 2048, 2048, 2048, 2048]","[2048, 2048, 2048, 2048, 2048, 2048, 2048, 2048, 2048]",200.0
1268,9905,55,18,2025-09-05T12:21:55.974000+00:00,29.108,30.152,33.546,292.0,316.0,False,92.806,"[2048, 2048, 2048, 2048, 2048, 2048]","[2048, 2048, 2048, 2048, 2048, 2048, 2048]","[2048, 2048, 2048, 2048, 2048, 2048, 2048, 2064, 2064]",296.0
1268,9905,18,19,2025-09-05T12:21:56.256000+00:00,,29.163,28.085,314.0,321.0,True,316.226,"[None, 2064, 2048, 2048, 2048, 2048]","[2048, 2048, 2048, 2048, 2048, 2048, 2048]","[2048, 2048, 2048, 2048, 2048, 2048, 2048, 2048, 2048]",186.0
1268,9905,12,20,2025-09-05T12:21:57.881000+00:00,47.077,42.004,30.962,175.0,256.0,False,120.043,"[None, 2048, 2048, 2048, 2048, 2048]","[2048, 2048, 2048, 2048, 2048, 2048, 2048]","[2048, 2048, 2048, 2048, 2048, 2048, 2048, 2048, 2048]",163.0
1268,9905,31,18,2025-09-05T12:22:00.990000+00:00,30.429,30.571,33.512,300.0,310.0,False,94.512,"[None, 2048, 2048, 2048, 2048, 2048]","[2048, 2048, 2048, 2048, 2048, 2048, 2048]","[2048, 2048, 2048, 2048, 2048, 2048, 2048, 2064, 2064]",244.0
1268,9905,4,21,2025-09-05T12:22:08.010000+00:00,50.969,27.93,27.715,313.0,311.0,True,106.614,"[None, 2064, 2048, 2048, 2048, 2048]","[2048, 2048, 2048, 2048, 2048, 2048, 2048]","[2048, 2048, 2048, 2048, 2048, 2048, 2048, 2048, 2048]",203.0
1268,9905,30,21,2025-09-05T12:22:16.397000+00:00,71.386,47.601,42.845,185.0,222.0,True,161.832,"[None, 2064, 2048, 2048, 2048, 2048]","[2048, 2048, 2048, 2048, 2048, 2048, 2048]","[2048, 2048, 2048, 2048, 2048, 2048, 2048, 2048, 2048]",127.0
1268,9905,63,17,2025-09-05T12:22:39.472000+00:00,27.188,27.059,26.863,319.0,332.0,False,81.11,"[None, 2048, 2048, 2048, 2048, 2048]","[2048, 2048, 2049, 2049, 2048, 2049, 2049]","[2048, 2049, 2048, 2049, 2049, 2049, 2048, 2048, 2049]",335.0
1268,9905,87,17,2025-09-05T12:22:44.919000+00:00,,29.036,28.442,307.0,310.0,True,366.567,"[None, 2064, 2048, 2048, 2048, 2048]","[2048, 2048, 2048, 2048, 2048, 2048, 2048]","[2048, 2048, 2048, 2048, 2048, 2048, 2048, 2048, 2048]",254.0
1268,9905,89,20,2025-09-05T12:22:52.430000+00:00,27.753,28.425,28.091,,309.0,False,84.269,"[None, 2048, 2048, 2048, 2048, 2049]","[2048, 2048, 2048, 2048, 2048, 2048, 2048]","[2048, 2048, 2048, 2048, 2048, 2048, 2048, 2048, 2048]",310.0
1268,9905,23,19,2025-09-05T12:22:58.041000+00:00,27.493,28.018,27.565,311.0,312.0,False,83.076,"[None, 2048, 2048, 2048, 2048, 2048]","[2048, 2048, 2048, 2048, 2048, 2048, 2048]","[2048, 2048, 2048, 2048, 2048, 2048, 2048, 2048, 2048]",318.0
1268,9905,61,17,2025-09-05T12:23:07.425000+00:00,40.28,39.268,36.386,186.0,312.0,False,115.934,"[2049, 2048, 2048, 2048, 2048, 2048]","[2048, 2048, 2048, 2048, 2048, 2048, 2048]","[2048, 2048, 2048, 2048, 2048, 2048, 2048, 2048, 2048]",269.0
1268,9905,10,20,2025-09-05T12:23:12.090000+00:00,27.046,27.442,27.165,316.0,328.0,False,81.653,"[2048, 2048, 2048, 2048, 2048, 2048]","[2048, 2049, 2049, 2049, 2049, 2049, 2048]","[2048, 2048, 2048, 2048, 2049, 2049, 2048, 2048, 2048]",342.0
1268,9905,27,21,2025-09-05T12:23:12.205000+00:00,66.708,47.592,34.443,170.0,135.0,True,148.743,"[None, 2064, 2048, 2048, 2048, 2048]","[2048, 2048, 2048, 2048, 2048, 2048, 2048]","[2048, 2048, 2048, 2048, 2048, 2048, 2048, 2048, 2048]",150.0
1268,9905,6,19,2025-09-05T12:23:23.357000+00:00,26.928,27.271,26.997,323.0,335.0,False,81.196,"[2048, 2048, 2048, 2048, 2048, 2049]","[2048, 2048, 2049, 2049, 2048, 2048, 2048]","[2048, 2048, 2048, 2048, 2048, 2048, 2048, 2048, 2048]",344.0
1268,9905,18,20,2025-09-05T12:23:26.381000+00:00,27.509,28.395,27.849,309.0,312.0,False,83.753,"[2048, 2048, 2048, 2048, 2048, 2048]","[2048, 2048, 2048, 2048, 2048, 2048, 2048]","[2048, 2048, 2048, 2048, 2048, 2048, 2048, 2048, 2048]",322.0
1268,9905,4,22,2025-09-05T12:23:34.097000+00:00,27.156,27.633,27.365,310.0,317.0,False,82.154,"[2048, 2048, 2048, 2048, 2048, 2048]","[2048, 2048, 2048, 2048, 2048, 2048, 2048]","[2048, 2048, 2048, 2048, 2048, 2048, 2048, 2048, 2048]",331.0
1268,9905,44,16,2025-09-05T12:23:48.780000+00:00,26.621,26.894,26.602,325.0,336.0,False,80.117,"[2049, 2048, 2048, 2049, 2049, 2049]","[2048, 2049, 2051, 2049, 2049, 2049, 2049]","[2049, 2049, 2051, 2051, 2049, 2049, 2049, 2049]",343.0
1268,9905,55,19,2025-09-05T12:23:49.398000+00:00,48.588,28.922,28.055,320.0,320.0,True,105.565,"[None, 2064, 2048, 2048, 2048, 2048]","[2048, 2048, 2048, 2048, 2048, 2048, 2048]","[2048, 2048, 2048, 2048, 2048, 2048, 2048, 2048, 2048]",280.0
1268,9905,12,21,2025-09-05T12:23:57.978000+00:00,26.937,27.138,26.865,320.0,334.0,False,80.94,"[None, 2048, 2048, 2048, 2048, 2048]","[2048, 2048, 2049, 2049, 2049, 2049, 2049]","[2049, 2049, 2049, 2049, 2049, 2048, 2048, 2049, 2049]",339.0
1268,9905,63,18,2025-09-05T12:24:00.533000+00:00,44.876,59.268,52.708,170.0,142.0,False,156.852,"[None, 2048, 2048, 2048, 2048, 2048]","[2048, None, None, 2048, 2048, 2048, 2048]","[2048, 2048, 2048, 2048, 2048, 2048, 2048, 2048, 2048]",139.0
1268,9905,87,18,2025-09-05T12:24:10.997000+00:00,27.814,28.721,28.136,309.0,312.0,False,84.671,"[2048, 2048, 2048, 2048, 2048, 2048]","[2048, 2048, 2048, 2048, 2048, 2048, 2048]","[2048, 2048, 2048, 2048, 2048, 2048, 2048, 2048, 2048]",316.0
1268,9905,1,17,2025-09-05T12:24:15.189000+00:00,,29.616,31.813,309.0,312.0,True,401.879,"[None, 2064, 2048, 2048, 2048, 2048]","[2048, 2048, 2048, 2048, 2048, 2048, 2048]","[2048, 2048, 2048, 2048, 2048, 2048, 2048, 2048, 2048]",237.0
1268,9905,89,21,2025-09-05T12:24:16.763000+00:00,27.709,28.372,27.991,312.0,309.0,False,84.072,"[None, 2048, 2048, 2048, 2048, 2049]","[2048, 2048, 2048, 2048, 2048, 2048, 2048]","[2048, 2048, 2048, 2048, 2048, 2048, 2048, 2048, 2048]",313.0
1268,9905,22,19,2025-09-05T12:24:17.806000+00:00,,29.64,33.529,317.0,313.0,True,395.134,"[None, 2064, 2048, 2048, 2048, 2048]","[2048, 2048, 2048, 2048, 2048, 2048, 2048]","[2048, 2048, 2048, 2048, 2048, 2048, 2048, 2048, 2048]",252.0
1268,9905,23,20,2025-09-05T12:24:21.055000+00:00,27.821,28.716,27.666,313.0,322.0,False,84.203,"[None, 2048, 2049, 2048, 2048, 2048]","[2048, 2048, 2048, 2048, 2048, 2048, 2048]","[2048, 2048, 2048, 2048, 2048, 2048, 2048, 2048, 2048]",322.0
1268,9905,30,22,2025-09-05T12:24:28.612000+00:00,26.918,27.238,27.045,318.0,334.0,False,81.201,"[2048, 2048, 2048, 2049, 2048, 2048]","[2048, 2049, 2048, 2048, 2048, 2049, 2048]","[2049, 2048, 2048, 2048, 2048, 2048, 2048, 2049]",337.0
1268,9905,10,21,2025-09-05T12:24:33.652000+00:00,36.291,36.288,39.711,250.0,221.0,False,112.29,"[None, 2048, 2048, 2048, 2048, 2048]","[2048, 2048, 2048, 2048, 2048, 2048, 2048]","[2048, 2048, 2048, 2048, 2048, 2048, 2048, 2064, 2064]",237.0
1268,9905,16,19,2025-09-05T12:24:33.959000+00:00,,31.542,31.587,311.0,299.0,True,434.102,"[None, 2064, 2048, 2048, 2048, 2048]","[2048, 2048, 2048, 2048, 2048, 2048, 2048]","[2048, 2048, 2048, 2048, 2048, 2048, 2048, 2048, 2048]",194.0
1268,9905,6,20,2025-09-05T12:24:44.594000+00:00,30.093,29.254,27.894,321.0,326.0,False,87.241,"[None, 2048, 2048, 2048, 2048, 2048]","[2048, 2048, 2048, 2048, 2048, 2048, 2048]","[2048, 2048, 2048, 2048, 2048, 2048, 2048, 2048, 2048]",327.0
1268,9905,18,21,2025-09-05T12:24:50.262000+00:00,27.43,28.174,27.795,311.0,314.0,False,83.399,"[None, 2048, 2048, 2048, 2048, 2048]","[2048, 2048, 2048, 2048, 2048, 2048, 2048]","[2048, 2048, 2048, 2048, 2048, 2048, 2048, 2048, 2048]",320.0
1268,9905,4,23,2025-09-05T12:24:56.240000+00:00,27.188,27.822,27.227,309.0,314.0,False,82.237,"[None, 2048, 2048, 2048, 2049, 2048]","[2048, 2048, 2048, 2048, 2048, 2048, 2048]","[2048, 2048, 2048, 2048, 2048, 2048, 2048, 2048, 2048]",322.0
1268,9905,61,18,2025-09-05T12:25:03.429000+00:00,27.478,28.373,27.853,314.0,313.0,False,83.704,"[None, 2048, 2048, 2048, 2049, 2049]","[2048, 2048, 2048, 2048, 2048, 2048, 2048]","[2048, 2048, 2049, 2048, 2048, 2048, 2049, 2049, 2049]",329.0
1268,9905,44,17,2025-09-05T12:25:08.790000+00:00,33.978,30.973,34.184,293.0,284.0,False,99.135,"[2048, 2048, 2048, 2048, 2048, 2048]","[2048, 2048, 2048, 2048, 2048, 2048, 2048]","[2048, 2048, 2048, 2048, 2048, 2048, 2048, 2064, 2064]",208.0
1268,9905,55,20,2025-09-05T12:25:14.433000+00:00,27.217,27.934,27.417,311.0,313.0,False,82.568,"[2048, 2048, 2048, 2048, 2048, 2048]","[2048, 2048, 2048, 2048, 2048, 2048, 2048]","[2048, 2048, 2048, 2048, 2048, 2048, 2048, 2048, 2048]",334.0
1268,9905,5,19,2025-09-05T12:25:15.974000+00:00,,29.135,28.384,304.0,308.0,True,274.047,"[None, 2064, 2048, 2048, 2048, 2048]","[2048, 2048, 2048, 2048, 2048, 2048, 2048]","[2048, 2048, 2048, 2048, 2048, 2048, 2048, 2048, 2048]",277.0
1268,9905,27,22,2025-09-05T12:25:16.521000+00:00,26.786,27.281,27.112,326.0,336.0,False,81.179,"[2049, 2049, 2048, 2049, 2049, 2049]","[2048, 2048, 2048, 2048, 2049, 2049, 2049]","[2048, 2048, 2049, 2049, 2048, 2048, 2049, 2049, 2049]",345.0
1268,9905,12,22,2025-09-05T12:25:18.851000+00:00,38.876,53.534,51.727,176.0,140.0,False,144.137,"[None, 2048, 2048, 2048, 2048, 2048]","[2048, 2048, 2048, 2048, 2048, 2048, 2048]","[2048, 2048, 2048, 2048, 2048, 2048, 2048, 2064, 2064]",313.0
1268,9905,87,19,2025-09-05T12:25:35.720000+00:00,27.785,28.656,28.263,307.0,307.0,False,84.704,"[None, 2048, 2048, 2048, 2048, 2048]","[2048, 2048, 2048, 2048, 2048, 2048, 2048]","[2048, 2048, 2048, 2048, 2048, 2048, 2048, 2048, 2048]",312.0
1268,9905,89,22,2025-09-05T12:25:40.822000+00:00,27.672,28.124,27.589,313.0,308.0,False,83.385,"[None, 2048, 2048, 2048, 2048, 2049]","[2048, 2048, 2048, 2048, 2048, 2048, 2048]","[2048, 2048, 2049, 2048, 2048, 2048, 2048, 2048, 2048]",316.0
1268,9905,23,21,2025-09-05T12:25:45.344000+00:00,27.172,27.876,27.54,315.0,313.0,False,82.588,"[None, 2048, 2048, 2048, 2048, 2048]","[2048, 2048, 2048, 2048, 2048, 2048, 2048]","[2048, 2048, 2048, 2048, 2048, 2048, 2048, 2048, 2048]",334.0
1268,9905,30,23,2025-09-05T12:25:49.705000+00:00,34.025,35.222,28.78,211.0,242.0,False,98.027,"[None, 2048, 2048, 2048, 2048, 2048]","[2048, 2048, 2048, 2048, 2048, 2048, 2048]","[2048, 2048, 2048, 2048, 2048, 2048, 2048, 2048, 2048]",165.0
1268,9905,22,20,2025-09-05T12:25:51.172000+00:00,28.02,28.806,28.138,308.0,314.0,False,84.964,"[2048, 2048, 2048, 2048, 2048, 2048]","[2048, 2048, 2048, 2048, 2048, 2048, 2048]","[2048, 2048, 2048, 2048, 2048, 2048, 2048, 2048, 2048]",309.0
1268,9905,1,18,2025-09-05T12:25:59.229000+00:00,27.733,28.699,27.999,310.0,309.0,False,84.431,"[2048, 2048, 2048, 2048, 2048, 2048]","[2048, 2048, 2048, 2048, 2048, 2048, 2048]","[2048, 2048, 2048, 2048, 2048, 2048, 2048, 2048, 2048]",314.0
1268,9905,6,21,2025-09-05T12:26:11.873000+00:00,27.656,28.298,27.855,316.0,320.0,False,83.809,"[None, 2048, 2048, 2048, 2048, 2048]","[2048, 2048, 2048, 2048, 2048, 2048, 2048]","[2048, 2048, 2048, 2048, 2048, 2048, 2048, 2048, 2048]",315.0
1268,9905,18,22,2025-09-05T12:26:13.658000+00:00,27.357,28.165,27.769,314.0,312.0,False,83.291,"[None, 2048, 2048, 2048, 2048, 2048]","[2048, 2048, 2048, 2048, 2048, 2048, 2048]","[2048, 2048, 2048, 2048, 2048, 2048, 2048, 2048, 2048]",333.0
1268,9905,4,24,2025-09-05T12:26:18.423000+00:00,27.003,27.547,27.263,314.0,313.0,False,81.813,"[None, 2048, 2048, 2048, 2049, 2048]","[2048, 2048, 2048, 2048, 2048, 2048, 2048]","[2048, 2048, 2048, 2048, 2048, 2048, 2048, 2049, 2049]",333.0
1268,9905,16,20,2025-09-05T12:26:23.282000+00:00,27.37,28.192,28.134,319.0,321.0,False,83.696,"[2048, 2048, 2048, 2048, 2048, 2048]","[2048, 2048, 2048, 2048, 2048, 2048, 2048]","[2048, 2048, 2048, 2048, 2048, 2048, 2048, 2048, 2048]",323.0
1268,9905,61,19,2025-09-05T12:26:27.078000+00:00,27.328,28.416,27.845,,314.0,False,83.589,"[2048, 2048, 2048, 2048, 2049, 2049]","[2048, 2048, 2048, 2048, 2048, 2048, 2048]","[2048, 2048, 2049, 2048, 2048, 2048, 2048, 2049, 2048]",320.0
1268,9905,55,21,2025-09-05T12:26:37.084000+00:00,,28.023,27.413,309.0,311.0,False,82.653,"[None, 2048, 2048, 2048, 2048, 2048]","[2048, 2048, 2048, 2048, 2048, 2048, 2048]","[2048, 2048, 2048, 2048, 2048, 2048, 2048, 2048, 2048]",322.0
1268,9905,63,19,2025-09-05T12:26:37.686000+00:00,46.406,39.284,36.215,224.0,274.0,False,121.905,"[None, 2048, 2048, 2048, 2048, 2048]","[2048, 2048, 2048, 2048, 2048, 2048, 2048]","[2048, 2048, 2048, 2048, 2048, 2048, 2048, 2048, 2048]",169.0
1268,9905,27,23,2025-09-05T12:26:37.713000+00:00,32.508,31.023,32.826,294.0,310.0,False,96.357,"[2048, 2048, 2048, 2048, 2048, 2048]","[2048, 2048, 2048, 2048, 2048, 2048, 2048]","[2048, 2048, 2048, 2048, 2048, 2048, 2048, 2064, 2064]",233.0
1268,9905,10,22,2025-09-05T12:26:47.241000+00:00,50.752,29.471,28.029,313.0,315.0,True,108.252,"[None, 2064, 2048, 2048, 2048, 2048]","[2048, 2048, 2048, 2048, 2048, 2048, 2048]","[2048, 2048, 2048, 2048, 2048, 2048, 2048, 2048, 2048]",262.0
1268,9905,5,20,2025-09-05T12:26:52.476000+00:00,27.485,28.115,27.753,314.0,318.0,False,83.353,"[2048, 2048, 2048, 2048, 2048, 2048]","[2048, 2048, 2048, 2048, 2048, 2048, 2048]","[2048, 2048, 2048, 2048, 2048, 2048, 2048, 2048, 2048]",313.0
1268,9905,87,20,2025-09-05T12:27:00.514000+00:00,27.629,31.8,29.986,308.0,211.0,False,89.415,"[None, 2048, 2048, 2048, 2048, 2048]","[2048, None, None, 2048, 2048, 2048, 2048]","[2048, 2048, 2048, 2048, 2048, 2048, 2048, 2048, 2048]",322.0
1268,9905,89,23,2025-09-05T12:27:04.203000+00:00,27.57,28.165,32.05,311.0,308.0,False,87.785,"[None, 2048, 2048, 2048, 2049, 2048]","[2048, 2048, 2048, 2048, 2048, 2048, 2048]","[2048, 2048, 2048, 2048, 2048, 2048, 2048, 2064, 2064]",318.0
1268,9905,31,19,2025-09-05T12:27:05.238000+00:00,,28.927,29.488,309.0,312.0,True,308.797,"[2064, 2064, 2048, 2048, 2048, 2048]","[2048, 2048, 2048, 2048, 2048, 2048, 2048]","[2048, 2048, 2048, 2048, 2048, 2048, 2048, 2048, 2048]",253.0
1268,9905,23,22,2025-09-05T12:27:07.955000+00:00,27.29,27.676,27.437,316.0,325.0,False,82.403,"[None, 2048, 2048, 2048, 2048, 2049]","[2048, 2048, 2048, 2048, 2048, 2048, 2048]","[2048, 2048, 2049, 2048, 2048, 2048, 2048, 2048, 2048]",323.0
1268,9905,22,21,2025-09-05T12:27:16.144000+00:00,27.901,28.862,28.144,305.0,310.0,False,84.907,"[None, 2048, 2048, 2048, 2048, 2048]","[2048, 2048, 2048, 2048, 2048, 2048, 2048]","[2048, 2048, 2048, 2048, 2048, 2048, 2048, 2048, 2048]",312.0
1268,9905,1,19,2025-09-05T12:27:23.575000+00:00,27.712,28.585,27.863,307.0,309.0,False,84.16,"[None, 2048, 2048, 2048, 2048, 2048]","[2048, 2048, 2048, 2048, 2048, 2048, 2048]","[2048, 2048, 2048, 2048, 2048, 2048, 2048, 2048, 2048]",312.0
1268,9905,30,24,2025-09-05T12:27:27.803000+00:00,27.634,28.196,27.629,311.0,314.0,False,83.459,"[None, 2048, 2048, 2048, 2049, 2048]","[2048, 2048, 2048, 2048, 2048, 2048, 2048]","[2048, 2048, 2048, 2048, 2048, 2048, 2048, 2048, 2048]",309.0
1268,9905,6,22,2025-09-05T12:27:35.606000+00:00,27.788,28.498,27.676,311.0,315.0,False,83.962,"[None, 2048, 2048, 2048, 2048, 2048]","[2048, 2048, 2048, 2048, 2048, 2048, 2048]","[2048, 2048, 2048, 2048, 2048, 2048, 2048, 2048, 2048]",308.0
1268,9905,18,23,2025-09-05T12:27:36.953000+00:00,27.489,28.327,28.495,316.0,314.0,False,84.311,"[None, 2048, 2048, 2048, 2049, 2049]","[2048, 2048, 2048, 2048, 2048, 2048, 2048]","[2048, 2048, 2048, 2048, 2048, 2048, 2048, 2048, 2048]",320.0
1268,9905,14,17,2025-09-05T12:27:40.169000+00:00,,43.823,42.577,238.0,140.0,True,413.168,"[None, 2064, 2048, 2048, 2048, 2048]","[2048, 2048, 2048, 2048, 2048, 2048, 2048]","[2048, 2048, 2048, 2048, 2048, 2048, 2048, 2048, 2048]",237.0
1268,9905,4,25,2025-09-05T12:27:40.256000+00:00,27.114,27.767,27.246,315.0,316.0,False,82.127,"[None, 2048, 2048, 2048, 2049, 2049]","[2048, 2048, 2048, 2048, 2048, 2048, 2048]","[2048, 2048, 2049, 2048, 2048, 2048, 2048, 2048, 2049]",322.0
1268,9905,16,21,2025-09-05T12:27:47.023000+00:00,27.646,28.554,28.03,310.0,310.0,False,84.23,"[None, 2048, 2048, 2048, 2048, 2048]","[2048, 2048, 2048, 2048, 2048, 2048, 2048]","[2048, 2048, 2048, 2048, 2048, 2048, 2048, 2048, 2048]",315.0
1268,9905,61,20,2025-09-05T12:27:50.704000+00:00,27.448,28.345,27.621,312.0,312.0,False,83.414,"[None, 2048, 2048, 2048, 2049, 2048]","[2048, 2048, 2048, 2048, 2048, 2048, 2048]","[2048, 2048, 2049, 2048, 2048, 2048, 2049, 2048, 2048]",
1268,9905,55,22,2025-09-05T12:27:59.652000+00:00,27.018,27.76,27.313,315.0,315.0,False,82.091,"[None, 2048, 2049, 2048, 2049, 2048]","[2048, 2048, 2048, 2048, 2048, 2048, 2048]","[2048, 2048, 2048, 2048, 2048, 2048, 2048, 2048, 2048]",334.0
1268,9905,12,23,2025-09-05T12:28:10.813000+00:00,69.972,37.672,60.495,206.0,283.0,True,168.139,"[None, 2064, 2048, 2048, 2048, 2048]","[2048, 2048, 2048, 2048, 2048, 2048, 2048]","[2048, 2048, 2048, 2048, 2048, 2048, 2048, 2048, 2048]",128.0
1268,9905,10,23,2025-09-05T12:28:14.200000+00:00,27.452,28.554,41.075,310.0,310.0,False,97.081,"[2048, 2048, 2048, 2048, 2049, 2048]","[2048, 2048, 2048, 2048, 2048, 2048, 2048]","[2048, 2048, 2049, 2048, 2048, 2048, 2048, 2048, 2048]",314.0
1268,9905,5,21,2025-09-05T12:28:15.801000+00:00,27.539,28.085,42.921,309.0,321.0,False,98.545,"[None, 2048, 2048, 2048, 2048, 2048]","[2048, 2048, 2048, 2048, 2048, 2048, 2048]","[2048, 2048, 2048, 2048, 2048, 2048, 2048, 2048, 2048]",314.0
1268,9905,87,21,2025-09-05T12:28:29.930000+00:00,28.289,28.793,45.263,316.0,316.0,False,102.345,"[None, 2048, 2048, 2048, 2048, 2048]","[2048, 2048, 2048, 2048, 2048, 2048, 2048]","[2048, 2048, 2048, 2048, 2048, 2048, 2048, 2048, 2048]",317.0
1268,9905,23,23,2025-09-05T12:28:30.345000+00:00,27.158,27.923,45.157,314.0,312.0,False,100.238,"[2049, 2049, 2048, 2048, 2048, 2048]","[2048, 2048, 2048, 2048, 2048, 2048, 2048]","[2048, 2048, 2048, 2048, 2048, 2048, 2048, 2048, 2048]",337.0
1268,9905,44,18,2025-09-05T12:28:31.831000+00:00,,35.127,48.362,330.0,181.0,True,223.718,"[None, 2064, 2048, 2048, 2048, 2051]","[2048, 2048, 2048, 2048, 2048, 2048, 2048]","[2048, 2048, 2048, 2048, 2048, 2048, 2048, 2048, 2048]",272.0
1268,9905,27,24,2025-09-05T12:28:35.117000+00:00,51.586,52.293,43.455,218.0,149.0,True,147.334,"[None, 2064, 2048, 2048, 2048, 2048]","[2048, 2048, 2048, 2048, 2048, 2048, 2048]","[2048, 2048, 2048, 2048, 2048, 2048, 2048, 2048, 2048]",230.0
1268,9905,63,20,2025-09-05T12:28:39.459000+00:00,27.233,,,261.0,,False,,"[None, 2048, 2048, 2048, 2049, 2048]",[2052],,338.0
1268,9905,22,22,2025-09-05T12:28:41.134000+00:00,27.761,39.006,46.487,309.0,193.0,False,113.254,"[None, 2048, 2048, 2048, 2048, 2048]","[2048, 2048, 2048, 2048, 2048, 2048, 2048]","[2048, 2048, 2048, 2048, 2048, 2048, 2048, 2048, 2048]",323.0
1268,9905,31,20,2025-09-05T12:28:44.424000+00:00,27.576,44.868,43.567,312.0,148.0,False,116.011,"[2048, 2048, 2048, 2048, 2048, 2048]","[2048, 2048, 2048, 2048, 2048, 2048, 2048]","[2048, 2048, 2048, 2048, 2048, 2048, 2048, 2048, 2048]",318.0
1268,9905,1,20,2025-09-05T12:28:47.761000+00:00,27.618,44.78,45.381,309.0,157.0,False,117.779,"[None, 2048, 2048, 2048, 2048, 2048]","[2048, 2048, 2048, 2048, 2048, 2048, 2048]","[2048, 2048, 2048, 2048, 2048, 2048, 2048, 2048, 2048]",317.0
1268,9905,30,25,2025-09-05T12:28:51.269000+00:00,27.93,46.568,44.764,307.0,191.0,False,119.262,"[None, 2048, 2048, 2048, 2049, 2048]","[2048, 2048, 2048, 2048, 2048, 2048, 2048]","[2048, 2048, 2048, 2048, 2048, 2048, 2048, 2048, 2048]",301.0
1268,9905,89,24,2025-09-05T12:28:57.434000+00:00,78.386,44.341,45.18,162.0,200.0,True,167.907,"[None, 2064, 2048, 2048, 2048, 2048]","[2048, 2048, 2048, 2048, 2048, 2048, 2048]","[2048, 2048, 2048, 2048, 2048, 2048, 2048, 2048, 2048]",226.0
1268,9905,6,23,2025-09-05T12:28:59.625000+00:00,27.784,43.677,42.814,250.0,256.0,False,114.275,"[None, 2048, 2048, 2048, 2048, 2048]","[2048, 2048, 2048, 2048, 2048, 2048, 2048]","[2048, 2048, 2048, 2048, 2048, 2048, 2048, 2048, 2048]",317.0
1268,9905,18,24,2025-09-05T12:29:01.217000+00:00,27.687,44.458,42.706,243.0,252.0,False,114.851,"[None, 2048, 2048, 2048, 2048, 2048]","[2048, 2048, 2048, 2048, 2048, 2048, 2048]","[2048, 2048, 2048, 2048, 2048, 2048, 2048, 2048, 2048]",321.0
1268,9905,4,26,2025-09-05T12:29:02.312000+00:00,27.645,47.195,40.439,210.0,209.0,False,115.279,"[None, 2048, 2048, 2048, 2048, 2048]","[2048, 2048, 2048, 2048, 2048, 2048, 2048]","[2048, 2048, 2048, 2048, 2048, 2048, 2048, 2048, 2048]",326.0
1268,9905,16,22,2025-09-05T12:29:11.204000+00:00,33.295,45.063,38.849,174.0,200.0,False,117.207,"[None, 2048, 2048, 2048, 2048, 2048]","[2048, 2048, 2048, 2048, 2048, 2048, 2048]","[2048, 2048, 2048, 2048, 2048, 2048, 2048, 2048, 2048]",
1268,9905,61,21,2025-09-05T12:29:14.131000+00:00,38.419,45.839,42.808,134.0,191.0,False,127.066,"[None, 2048, 2048, 2048, 2048, 2048]","[2048, 2048, 2048, 2048, 2048, 2048, 2048]","[2048, 2048, 2048, 2048, 2048, 2048, 2048, 2048, 2048]",321.0
1268,9905,55,23,2025-09-05T12:29:21.877000+00:00,40.128,46.437,36.627,182.0,259.0,False,123.192,"[None, 2048, 2048, 2048, 2048, 2048]","[2048, 2048, 2048, 2048, 2048, 2048, 2048]","[2048, 2048, 2048, 2048, 2048, 2048, 2048, 2048, 2048]",325.0
1268,9905,14,18,2025-09-05T12:29:40.294000+00:00,41.374,47.174,40.162,89.0,304.0,False,128.71,"[2048, 2048, 2048, 2048, 2048, 2048]","[2048, 2048, 2048, 2048, 2048, 2048, 2048]","[2048, 2048, 2048, 2048, 2048, 2048, 2048, 2048, 2048]",266.0
1268,9905,10,24,2025-09-05T12:29:51.326000+00:00,39.838,48.966,35.084,161.0,260.0,False,123.888,"[None, 2048, 2048, 2048, 2048, 2048]","[2048, 2048, 2048, 2048, 2048, 2048, 2048]","[2048, 2048, 2048, 2048, 2048, 2048, 2048, 2048, 2048]",195.0
1268,9905,5,22,2025-09-05T12:29:54.328000+00:00,40.282,47.411,34.33,193.0,256.0,False,122.023,"[None, 2048, 2048, 2048, 2048, 2048]","[2048, 2048, 2048, 2048, 2048, 2048, 2048]","[2048, 2048, 2048, 2048, 2048, 2048, 2048, 2048, 2048]",147.0
1268,9905,23,24,2025-09-05T12:30:10.579000+00:00,35.736,39.686,38.656,210.0,208.0,False,114.078,"[2048, 2048, 2048, 2048, 2048, 2048]","[2048, 2048, 2048, 2048, 2048, 2048, 2048]","[2048, 2048, 2048, 2048, 2048, 2048, 2048, 2048, 2048]",240.0
1268,9905,87,22,2025-09-05T12:30:12.199000+00:00,34.771,39.701,47.489,226.0,202.0,False,121.961,"[None, 2048, 2048, 2048, 2048, 2048]","[2048, 2048, 2048, 2048, 2048, 2048, 2048]","[2048, 2048, 2048, 2048, 2048, 2048, 2048, 2048, 2048]",213.0
1268,9905,12,24,2025-09-05T12:30:31.278000+00:00,34.192,51.99,45.793,145.0,190.0,False,131.975,"[2048, 2048, 2048, 2048, 2048, 2048]","[2048, 2048, 2048, 2048, 2048, 2048, 2048]","[2048, 2048, 2048, 2048, 2048, 2048, 2048, 2048, 2048]",255.0
1268,9905,44,19,2025-09-05T12:30:31.720000+00:00,35.106,56.721,48.371,169.0,235.0,False,140.198,"[2048, 2048, 2048, 2048, 2048, 2048]","[2048, 2048, 2048, 2048, 2048, 2048, 2048]","[2048, 2048, 2048, 2048, 2048, 2048, 2048, 2048, 2048]",277.0
1268,9905,22,23,2025-09-05T12:30:34.394000+00:00,40.294,51.284,52.987,147.0,170.0,False,144.565,"[None, 2048, 2048, 2048, 2048, 2048]","[2048, 2048, 2048, 2048, 2048, 2048, 2048]","[2048, 2048, 2048, 2048, 2048, 2048, 2048, 2048, 2048]",186.0
1268,9905,31,21,2025-09-05T12:30:40.505000+00:00,40.514,51.528,54.826,144.0,132.0,False,146.868,"[None, 2048, 2048, 2048, 2048, 2048]","[2048, 2048, 2048, 2048, 2048, 2048, 2048]","[2048, 2048, 2048, 2048, 2048, 2048, 2048, 2048, 2048]",192.0
1268,9905,27,25,2025-09-05T12:30:41.450000+00:00,40.345,52.756,54.102,149.0,194.0,False,147.203,"[2048, 2048, 2048, 2048, 2048, 2048]","[2048, 2048, 2048, 2048, 2048, 2048, 2048]","[2048, 2048, 2048, 2048, 2048, 2048, 2048, 2048, 2048]",157.0
1268,9905,1,21,2025-09-05T12:30:45.611000+00:00,40.431,50.122,53.927,185.0,215.0,False,144.48,"[None, 2048, 2048, 2048, 2048, 2048]","[2048, 2048, 2048, 2048, 2048, 2048, 2048]","[2048, 2048, 2048, 2048, 2048, 2048, 2048, 2048, 2048]",185.0
1268,9905,30,26,2025-09-05T12:30:50.627000+00:00,44.773,46.812,52.129,227.0,176.0,False,143.714,"[None, 2048, 2048, 2048, 2048, 2048]","[2048, 2048, 2048, 2048, 2048, 2048, 2048]","[2048, 2048, 2048, 2048, 2048, 2048, 2048, 2048, 2048]",149.0
1268,9905,6,24,2025-09-05T12:30:53.851000+00:00,43.773,46.239,56.396,172.0,114.0,False,146.408,"[None, 2048, 2048, 2048, 2048, 2048]","[2048, 2048, 2048, 2048, 2048, 2048, 2048]","[2048, 2048, 2048, 2048, 2048, 2048, 2048, 2048, 2048]",117.0
1268,9905,18,25,2025-09-05T12:30:56.094000+00:00,44.032,45.27,58.48,196.0,161.0,False,147.782,"[None, 2048, 2048, 2048, 2048, 2048]","[2048, 2048, 2048, 2048, 2048, 2048, 2048]","[2048, 2048, 2048, 2048, 2048, 2048, 2048, 2048, 2048]",116.0
1268,9905,4,27,2025-09-05T12:30:57.594000+00:00,44.882,47.246,56.127,182.0,222.0,False,148.255,"[None, 2048, 2048, 2048, 2048, 2048]","[2048, 2048, 2048, 2048, 2048, 2048, 2048]","[2048, 2048, 2048, 2048, 2048, 2048, 2048, 2048, 2048]",168.0
1268,9905,16,23,2025-09-05T12:31:08.468000+00:00,40.494,47.293,54.115,160.0,170.0,False,141.902,"[None, 2048, 2048, 2048, 2048, 2048]","[2048, 2048, 2048, 2048, 2048, 2048, 2048]","[2048, 2048, 2048, 2048, 2048, 2048, 2048, 2048, 2048]",184.0
1268,9905,89,25,2025-09-05T12:31:19.866000+00:00,37.968,44.267,55.66,172.0,181.0,False,137.895,"[2048, 2048, 2048, 2048, 2048, 2048]","[2048, 2048, 2048, 2048, 2048, 2048, 2048]","[2048, 2048, 2048, 2048, 2048, 2048, 2048, 2048, 2048]",215.0
1268,9905,61,22,2025-09-05T12:31:21.133000+00:00,38.422,44.567,60.05,162.0,148.0,False,143.039,"[None, 2048, 2048, 2048, 2048, 2048]","[2048, 2048, 2048, 2048, 2048, 2048, 2048]","[2048, 2048, 2048, 2048, 2048, 2048, 2048, 2048, 2048]",169.0
1268,9905,55,24,2025-09-05T12:31:25.045000+00:00,37.956,44.185,58.57,208.0,215.0,False,140.711,"[None, 2048, 2048, 2048, 2048, 2048]","[2048, 2048, 2048, 2048, 2048, 2048, 2048]","[2048, 2048, 2048, 2048, 2048, 2048, 2048, 2048, 2048]",198.0
1268,9905,14,19,2025-09-05T12:31:48.898000+00:00,35.744,45.603,44.108,137.0,290.0,False,125.455,"[None, 2048, 2048, 2048, 2048, 2048]","[2048, 2048, 2048, 2048, 2048, 2048, 2048]","[2048, 2048, 2048, 2048, 2048, 2048, 2048, 2048, 2048]",282.0
1268,9905,10,25,2025-09-05T12:31:55.163000+00:00,37.727,39.771,44.974,170.0,301.0,False,122.472,"[None, 2048, 2048, 2048, 2048, 2048]","[2048, 2048, 2048, 2048, 2048, 2048, 2048]","[2048, 2048, 2048, 2048, 2048, 2048, 2048, 2048, 2048]",206.0
1268,9905,5,23,2025-09-05T12:31:56.374000+00:00,38.312,39.652,45.434,179.0,293.0,False,123.398,"[None, 2048, 2048, 2048, 2048, 2048]","[2048, 2048, 2048, 2048, 2048, 2048, 2048]","[2048, 2048, 2048, 2048, 2048, 2048, 2048, 2048, 2048]",205.0
1268,9905,23,25,2025-09-05T12:32:04.629000+00:00,58.414,40.804,41.161,299.0,302.0,False,140.379,"[None, 2048, 2048, 2048, 2048, 2048]","[2048, 2048, 2048, 2048, 2048, 2048, 2048]","[2048, 2048, 2048, 2048, 2048, 2048, 2048, 2064, 2064]",249.0
1268,9905,87,23,2025-09-05T12:32:14.183000+00:00,59.673,39.197,41.041,196.0,239.0,False,139.911,"[None, 2048, 2048, 2048, 2048, 2048]","[2048, 2048, 2048, 2048, 2048, 2048, 2048]","[2048, 2048, 2048, 2048, 2048, 2048, 2048, 2064, 2064]",254.0
1268,9905,12,25,2025-09-05T12:32:43.106000+00:00,68.843,52.22,38.701,173.0,217.0,False,159.764,"[None, 2048, 2048, 2048, 2048, 2048]","[2048, 2048, 2048, 2048, 2048, 2048, 2048]","[2048, 2048, 2048, 2048, 2048, 2048, 2048, 2064, 2064]",284.0
1268,9905,44,20,2025-09-05T12:32:51.935000+00:00,69.089,43.827,45.363,226.0,235.0,False,158.279,"[None, 2048, 2048, 2048, 2048, 2048]","[2048, 2048, 2048, 2048, 2048, 2048, 2048]","[2048, 2048, 2048, 2048, 2048, 2048, 2048, 2064, 2064]",289.0
1268,9905,22,24,2025-09-05T12:32:58.955000+00:00,66.794,41.644,47.494,126.0,217.0,False,155.932,"[None, 2048, 2048, 2048, 2048, 2048]","[2048, 2048, 2048, 2048, 2048, 2048, 2048]","[2048, 2048, 2048, 2048, 2048, 2048, 2048, 2064, 2064]",282.0
1268,9905,31,22,2025-09-05T12:33:07.394000+00:00,65.788,46.708,47.38,142.0,193.0,False,159.876,"[None, 2048, 2048, 2048, 2048, 2048]","[2048, 2048, 2048, 2048, 2048, 2048, 2048]","[2048, 2048, 2048, 2048, 2048, 2048, 2048, 2064, 2064]",168.0
1268,9905,27,26,2025-09-05T12:33:08.702000+00:00,66.49,47.278,45.696,136.0,198.0,False,159.464,"[None, 2048, 2048, 2048, 2048, 2048]","[2048, 2048, 2048, 2048, 2048, 2048, 2048]","[2048, 2048, 2048, 2048, 2048, 2048, 2048, 2064, 2064]",291.0
1268,9905,1,22,2025-09-05T12:33:10.187000+00:00,73.69,39.846,46.2,162.0,207.0,False,159.736,"[None, 2048, 2048, 2048, 2048, 2048]","[2048, 2048, 2048, 2048, 2048, 2048, 2048]","[2048, 2048, 2048, 2048, 2048, 2048, 2048, 2064, 2064]",287.0
1268,9905,30,27,2025-09-05T12:33:14.378000+00:00,72.027,41.671,48.901,158.0,233.0,False,162.599,"[None, 2048, 2048, 2048, 2048, 2048]","[2048, 2048, 2048, 2048, 2048, 2048, 2048]","[2048, 2048, 2048, 2048, 2048, 2048, 2048, 2064, 2064]",294.0
1268,9905,6,25,2025-09-05T12:33:20.466000+00:00,69.1,48.729,45.474,127.0,275.0,False,163.303,"[None, 2048, 2048, 2048, 2048, 2048]","[2048, 2048, 2048, 2048, 2048, 2048, 2048]","[2048, 2048, 2048, 2048, 2048, 2048, 2048, 2064, 2064]",290.0
1268,9905,18,26,2025-09-05T12:33:23.716000+00:00,71.046,45.447,45.28,194.0,265.0,False,161.773,"[None, 2048, 2048, 2048, 2048, 2048]","[2048, 2048, 2048, 2048, 2048, 2048, 2048]","[2048, 2048, 2048, 2048, 2048, 2048, 2048, 2064, 2064]",256.0
1268,9905,4,28,2025-09-05T12:33:25.898000+00:00,73.84,42.823,43.543,167.0,251.0,False,160.206,"[None, 2048, 2048, 2048, 2048, 2048]","[2048, 2048, 2048, 2048, 2048, 2048, 2048]","[2048, 2048, 2048, 2048, 2048, 2048, 2048, 2064, 2064]",294.0
1268,9905,16,24,2025-09-05T12:33:30.459000+00:00,73.753,44.751,47.878,173.0,199.0,False,166.382,"[None, 2048, 2048, 2048, 2048, 2048]","[2048, 2048, 2048, 2048, 2048, 2048, 2048]","[2048, 2048, 2048, 2048, 2048, 2048, 2048, 2064, 2064]",294.0
1268,9905,89,26,2025-09-05T12:33:37.761000+00:00,81.415,49.788,44.513,170.0,159.0,False,175.716,"[None, 2048, 2048, 2048, 2048, 2048]","[2048, 2048, 2048, 2048, 2048, 2048, 2048]","[2048, 2048, 2048, 2048, 2048, 2048, 2048, 2064, 2064]",183.0
1268,9905,61,23,2025-09-05T12:33:44.126000+00:00,70.715,49.12,46.456,178.0,170.0,False,166.291,"[None, 2048, 2048, 2048, 2048, 2048]","[2048, 2048, 2048, 2048, 2048, 2048, 2048]","[2048, 2048, 2048, 2048, 2048, 2048, 2048, 2064, 2064]",236.0
1268,9905,55,25,2025-09-05T12:33:45.824000+00:00,73.966,51.567,45.465,221.0,228.0,False,170.998,"[None, 2048, 2048, 2048, 2048, 2048]","[2048, 2048, 2048, 2048, 2048, 2048, 2048]","[2048, 2048, 2048, 2048, 2048, 2048, 2048, 2064, 2064]",188.0
1268,9905,14,20,2025-09-05T12:33:54.405000+00:00,68.65,53.856,48.83,165.0,197.0,False,171.336,"[None, 2048, 2048, 2048, 2048, 2048]","[2048, 2048, 2048, 2048, 2048, 2048, 2048]","[2048, 2048, 2048, 2048, 2048, 2048, 2048, 2064, 2064]",293.0
1268,9905,10,26,2025-09-05T12:33:57.815000+00:00,69.165,57.977,54.688,156.0,141.0,False,181.83,"[None, 2048, 2048, 2048, 2048, 2048]","[2048, 2048, 2048, 2048, 2048, 2048, 2048]","[2048, 2048, 2048, 2048, 2048, 2048, 2048, 2064, 2064]",282.0
1268,9905,5,24,2025-09-05T12:33:59.975000+00:00,69.241,56.531,57.224,138.0,130.0,False,182.996,"[None, 2048, 2048, 2048, 2048, 2048]","[2048, 2048, 2048, 2048, 2048, 2048, 2048]","[2048, 2048, 2048, 2048, 2048, 2048, 2048, 2064, 2064]",285.0
