meeting_key,session_key,driver_number,lap_number,date_start,duration_sector_1,duration_sector_2,duration_sector_3,i1_speed,i2_speed,is_pit_out_lap,lap_duration,segments_sector_1,segments_sector_2,segments_sector_3,st_speed
1266,9922,27,1,,,35.97,25.295,220.0,215,True,,"[2064, 2064, 2051, 2049, 2049, 2049, 2049]","[2049, 2049, 2049, 2051, 2051, 2051, 2051, 2051]","[2051, 2051, 2051, 2051, 2051, 2051]",
1266,9922,31,1,2025-08-01T15:00:06.569000+00:00,,36.698,28.504,240.0,196,True,,"[2064, 2064, 2049, 2049, 2049, 2049, 2049]","[2049, 2049, 2049, 2049, 2049, 2049, 2049, 2049]","[2049, 2049, 2049, 2049, 2049, 2049]",
1266,9922,43,1,2025-08-01T15:00:13.621000+00:00,,37.79,25.55,244.0,197,True,,"[2064, 2064, 2049, 2049, 2049, 2049, 2049]","[2049, 2049, 2049, 2049, 2049, 2049, 2049, 2049]","[2049, 2049, 2049, 2049, 2051, 2051]",
1266,9922,87,1,2025-08-01T15:00:31.387000+00:00,,36.587,24.702,238.0,219,True,,"[2064, 2064, 2049, 2049, 2049, 2049, 2049]","[2049, 2049, 2049, 2049, 2049, 2049, 2049, 2049]","[2049, 2049, 2051, 2051, 2049, 2049]",
1266,9922,14,1,2025-08-01T15:00:37.996000+00:00,,35.296,26.262,244.0,199,True,,"[2064, 2064, 2049, 2049, 2049, 2049, 2049]","[2049, 2049, 2049, 2049, 2049, 2049, 2049, 2049]","[2049, 2049, 2049, 2049, 2051, 2051]",
1266,9922,18,1,2025-08-01T15:00:47.796000+00:00,,34.613,24.903,235.0,223,True,,"[2064, 2064, 2049, 2049, 2049, 2049, 2049]","[2049, 2049, 2049, 2049, 2049, 2049, 2049, 2051]","[2051, 2051, 2049, 2051, 2049, 2049]",
1266,9922,10,1,2025-08-01T15:00:54.608000+00:00,,37.319,24.977,242.0,204,True,,"[2064, 2064, 2049, 2049, 2049, 2049, 2049]","[2049, 2049, 2049, 2049, 2049, 2049, 2049, 2049]","[2049, 2049, 2049, 2049, 2049, 2049]",
1266,9922,55,1,2025-08-01T15:00:59.779000+00:00,,33.227,27.644,259.0,209,True,,"[2064, 2064, 2049, 2049, 2049, 2049, 2049]","[2049, 2049, 2049, 2049, 2049, 2049, 2049, 2049]","[2049, 2049, 2049, 2049, 2049, 2049]",
1266,9922,22,1,2025-08-01T15:01:07.748000+00:00,,36.678,24.717,136.0,209,True,,"[2064, 2064, 2049, 2049, 2049, 2049, 2049]","[2049, 2049, 2049, 2049, 2049, 2049, 2049, 2049]","[2049, 2049, 2049, 2049, 2049, 2049]",
1266,9922,23,1,2025-08-01T15:01:12.655000+00:00,,38.076,25.258,256.0,221,True,,"[2064, 2064, 2049, 2049, 2049, 2049, 2049]","[2049, 2049, 2049, 2049, 2049, 2049, 2049, 2049]","[2049, 2049, 2049, 2049, 2049, 2051]",
1266,9922,6,1,2025-08-01T15:01:32.421000+00:00,,36.296,27.904,259.0,224,True,,"[2064, 2064, 2049, 2049, 2049, 2049, 2049]","[2049, 2049, 2049, 2049, 2049, 2049, 2049, 2049]","[2049, 2049, 2049, 2049, 2049, 2051]",
1266,9922,27,2,2025-08-01T15:01:38.281000+00:00,28.978,28.212,22.297,278.0,247,False,79.487,"[2049, 2049, 2049, 2049, 2049, 2049, 2049]","[2049, 2049, 2051, 2049, 2049, 2049, 2049, 2049]","[2049, 2049, 2051, 2049, 2049, 2049]",299.0
1266,9922,31,2,2025-08-01T15:01:52.616000+00:00,28.861,27.882,22.289,277.0,246,False,79.032,"[2049, 2049, 2049, 2049, 2049, 2049, 2049]","[2049, 2049, 2049, 2049, 2049, 2051, 2051, 2049]","[2049, 2049, 2049, 2049, 2049, 2049]",300.0
1266,9922,43,2,2025-08-01T15:02:05.850000+00:00,28.429,27.535,22.245,278.0,248,False,78.209,"[2049, 2049, 2049, 2049, 2049, 2049, 2049]","[2049, 2049, 2049, 2051, 2051, 2049, 2049, 2051]","[2049, 2051, 2049, 2051, 2048, 2049]",303.0
1266,9922,63,1,2025-08-01T15:02:12.225000+00:00,,41.33,26.392,120.0,193,True,,"[2064, 2064, 2049, 2049, 2049, 2049, 2049]","[2049, 2049, 2049, 2049, 2049, 2049, 2049, 2049]","[2049, 2049, 2049, 2049, 2049, 2049]",
1266,9922,87,2,2025-08-01T15:02:12.662000+00:00,28.498,27.835,21.994,279.0,250,False,78.327,"[2049, 2049, 2049, 2049, 2049, 2051, 2049]","[2049, 2049, 2049, 2049, 2049, 2049, 2049, 2049]","[2049, 2049, 2051, 2051, 2049, 2049]",303.0
1266,9922,5,1,2025-08-01T15:02:20.115000+00:00,,33.304,30.959,229.0,224,True,,"[2064, 2064, 2049, 2049, 2049, 2049, 2049]","[2049, 2049, 2049, 2049, 2049, 2049, 2049, 2049]","[2049, 2049, 2049, 2049, 2049, 2049]",
1266,9922,14,2,2025-08-01T15:02:24.006000+00:00,28.387,27.764,21.989,277.0,249,False,78.14,"[2049, 2049, 2049, 2051, 2049, 2049, 2049]","[2049, 2051, 2049, 2049, 2049, 2051, 2049, 2049]","[2049, 2049, 2049, 2051, 2048, 2048]",303.0
1266,9922,18,2,2025-08-01T15:02:29.037000+00:00,28.342,27.666,21.997,278.0,252,False,78.005,"[2049, 2049, 2049, 2049, 2049, 2049, 2049]","[2051, 2049, 2049, 2049, 2049, 2049, 2049, 2051]","[2051, 2051, 2051, 2049, 2049, 2049]",306.0
1266,9922,10,2,2025-08-01T15:02:43.678000+00:00,28.5,28.007,22.214,280.0,248,False,78.721,"[2049, 2051, 2049, 2049, 2049, 2049, 2051]","[2049, 2049, 2049, 2049, 2049, 2049, 2049, 2049]","[2049, 2049, 2049, 2049, 2048]",306.0
1266,9922,55,2,2025-08-01T15:02:52.451000+00:00,28.533,27.641,21.816,275.0,252,False,77.99,"[2049, 2049, 2049, 2049, 2049, 2049, 2049]","[2049, 2049, 2049, 2049, 2049, 2049, 2049, 2049]","[2049, 2051, 2051, 2049, 2048, 2049]",304.0
1266,9922,27,3,2025-08-01T15:02:57.657000+00:00,43.505,47.029,31.191,163.0,154,False,121.725,"[2048, 2048, 2048, 2048, 2048, 2048, 2048]","[2048, 2048, 2048, 2048, 2048, 2048, 2048, 2048]","[2048, 2048, 2048, 2048, 2048, 2048]",207.0
1266,9922,22,2,2025-08-01T15:03:08.742000+00:00,28.206,27.506,21.933,277.0,248,False,77.645,"[2049, 2049, 2051, 2049, 2049, 2049, 2049]","[2049, 2049, 2051, 2049, 2049, 2049, 2049, 2049]","[2049, 2051, 2049, 2049, 2048, 2048]",304.0
1266,9922,31,3,2025-08-01T15:03:11.528000+00:00,48.896,51.851,30.785,154.0,134,False,131.532,"[2048, 2048, 2048, 2048, 2048, 2048, 2048]","[2048, 2048, 2048, 2048, 2048, 2048, 2048, 2048]","[2048, 2048, 2048, 2048, 2048, 2048]",243.0
1266,9922,23,2,2025-08-01T15:03:16.591000+00:00,28.324,27.563,21.9,277.0,248,False,77.787,"[2049, 2049, 2049, 2049, 2051, 2051, 2049]","[2049, 2049, 2049, 2049, 2049, 2049, 2049, 2049]","[2049, 2049, 2049, 2049, 2048, 2048]",304.0
1266,9922,43,3,2025-08-01T15:03:23.925000+00:00,54.43,55.764,44.537,95.0,125,False,154.731,"[2048, 2048, 2048, 2048, 2048, 2048, 2048]","[2048, 2048, 2048, 2048, 2048, 2048, 2048, 2048]","[2048, 2048, 2048, 2064, 2064, 2064]",220.0
1266,9922,87,3,2025-08-01T15:03:30.972000+00:00,58.343,54.82,28.864,109.0,143,False,142.027,"[2048, 2048, 2048, 2048, 2048, 2048, 2048]","[2048, 2048, 2048, 2048, 2048, 2048, 2048, 2048]","[2048, 2048, 2048, 2048, 2048, 2048]",200.0
1266,9922,6,2,2025-08-01T15:03:34.722000+00:00,28.287,27.353,21.826,277.0,251,False,77.466,"[2051, 2049, 2049, 2049, 2049, 2049, 2049]","[2049, 2051, 2049, 2051, 2049, 2049, 2051, 2049]","[2049, 2049, 2049, 2051, 2048, 2048]",305.0
1266,9922,14,3,2025-08-01T15:03:42.084000+00:00,41.162,50.534,28.242,176.0,201,False,119.938,"[2048, 2048, 2048, 2048, 2048, 2048, 2048]","[2048, 2048, 2048, 2048, 2048, 2048, 2048, 2048]","[2048, 2048, 2048, 2048, 2051, 2049]",190.0
1266,9922,18,3,2025-08-01T15:03:46.866000+00:00,44.515,59.828,28.482,183.0,163,False,132.825,"[2048, 2048, 2048, 2048, 2048, 2048, 2048]","[2048, 2048, 2048, 2048, 2048, 2048, 2048, 2048]","[2048, 2048, 2048, 2048, 2048, 2048]",257.0
1266,9922,12,1,2025-08-01T15:03:56.803000+00:00,,38.331,29.731,229.0,202,True,,"[2064, 2064, 2049, 2049, 2049, 2049, 2049]","[2049, 2049, 2049, 2049, 2049, 2049, 2049, 2049]","[2049, 2049, 2049, 2049, 2049, 2049]",
1266,9922,63,2,2025-08-01T15:03:59.913000+00:00,28.311,27.334,21.797,280.0,250,False,77.442,"[2049, 2049, 2049, 2049, 2049, 2049, 2049]","[2049, 2049, 2049, 2049, 2049, 2051, 2051, 2049]","[2049, 2049, 2049, 2049, 2049]",305.0
1266,9922,10,3,2025-08-01T15:04:02.225000+00:00,45.841,45.189,32.566,156.0,148,False,123.596,"[2048, 2048, 2048, 2048, 2048, 2048, 2048]","[2048, 2048, 2048, 2048, 2048, 2048, 2048, 2048]","[2048, 2048, 2048, 2048, 2048, 2048]",251.0
1266,9922,5,2,2025-08-01T15:04:05.319000+00:00,28.666,28.222,22.324,276.0,245,False,79.212,"[2049, 2049, 2049, 2049, 2049, 2049, 2049]","[2049, 2049, 2049, 2049, 2049, 2049, 2049, 2049]","[2049, 2049, 2049, 2049, 2049, 2049]",303.0
1266,9922,55,3,2025-08-01T15:04:10.320000+00:00,52.104,56.213,28.359,132.0,203,False,136.676,"[2048, 2048, 2048, 2048, 2048, 2048, 2048]","[2048, 2048, 2048, 2048, 2048, 2048, 2048, 2048]","[2048, 2048, 2048, 2048, 2049, 2049]",137.0
1266,9922,22,3,2025-08-01T15:04:26.275000+00:00,51.373,56.568,41.392,114.0,118,False,149.333,"[2048, 2048, 2048, 2048, 2048, 2048, 2048]","[2048, 2048, 2048, 2048, 2048, 2048, 2048, 2048]","[2048, 2048, 2048, 2048, 2048, 2048]",249.0
1266,9922,23,3,2025-08-01T15:04:34.244000+00:00,50.621,60.144,37.761,136.0,120,False,148.526,"[2048, 2048, 2048, 2048, 2048, 2048, 2048]","[2048, 2048, 2048, 2048, 2048, 2048, 2048, 2048]","[2048, 2048, 2048, 2048, 2048, 2048]",250.0
1266,9922,6,3,2025-08-01T15:04:52.081000+00:00,48.523,47.054,34.022,144.0,152,False,129.599,"[2048, 2048, 2048, 2048, 2048, 2048, 2048]","[2048, 2048, 2048, 2048, 2048, 2048, 2048, 2048]","[2048, 2048, 2048, 2064, 2064, 2064]",221.0
1266,9922,27,4,2025-08-01T15:04:59.456000+00:00,28.588,27.678,22.024,277.0,248,False,78.29,"[2049, 2049, 2049, 2049, 2049, 2049, 2048]","[2049, 2049, 2048, 2049, 2049, 2049, 2049, 2049]","[2049, 2049, 2049, 2049, 2049, 2049]",301.0
1266,9922,16,1,2025-08-01T15:05:14.897000+00:00,,35.005,27.344,236.0,207,True,,"[2064, 2064, 2049, 2049, 2049, 2049, 2049]","[2049, 2049, 2049, 2049, 2049, 2049, 2049, 2049]","[2049, 2049, 2049, 2049, 2049, 2049]",
1266,9922,63,3,2025-08-01T15:05:17.272000+00:00,47.983,53.303,38.578,149.0,170,False,139.864,"[2048, 2048, 2048, 2048, 2048, 2048, 2048]","[2048, 2048, 2048, 2048, 2048, 2048, 2048, 2048]","[2048, 2048, 2048, 2064, 2064, 2064]",197.0
1266,9922,44,1,2025-08-01T15:05:22.819000+00:00,,40.55,26.093,233.0,206,True,,"[2064, 2064, 2049, 2049, 2049, 2049, 2049]","[2049, 2049, 2049, 2049, 2049, 2049, 2049, 2049]","[2049, 2049, 2049, 2049, 2049, 2049]",
1266,9922,31,4,2025-08-01T15:05:23.085000+00:00,28.528,27.616,22.002,277.0,248,False,78.146,"[2049, 2049, 2049, 2049, 2049, 2048, 2049]","[2049, 2049, 2049, 2049, 2049, 2048, 2048, 2048]","[2049, 2049, 2049, 2049, 2048]",302.0
1266,9922,5,3,2025-08-01T15:05:24.382000+00:00,45.117,49.252,29.865,76.0,185,False,124.234,"[2048, 2048, 2048, 2048, 2048, 2048, 2048]","[2048, 2048, 2048, 2048, 2048, 2048, 2048, 2048]","[2048, 2048, 2048, 2048, 2048, 2048]",278.0
1266,9922,30,1,2025-08-01T15:05:27.132000+00:00,,43.542,25.114,219.0,206,True,,"[2064, 2064, 2049, 2049, 2049, 2049, 2049]","[2049, 2049, 2049, 2049, 2049, 2049, 2049, 2049]","[2049, 2049, 2049, 2049, 2049, 2049]",
1266,9922,14,4,2025-08-01T15:05:42.069000+00:00,28.42,27.517,22.073,277.0,248,False,78.01,"[2049, 2049, 2049, 2048, 2049, 2049, 2049]","[2049, 2048, 2049, 2049, 2049, 2049, 2049, 2049]","[2048, 2048, 2049, 2048, 2048]",304.0
1266,9922,12,2,2025-08-01T15:05:46.278000+00:00,28.276,27.592,21.895,280.0,249,False,77.763,"[2049, 2049, 2049, 2049, 2049, 2049, 2049]","[2049, 2049, 2049, 2049, 2049, 2049, 2049, 2049]","[2049, 2049, 2049, 2049, 2049, 2049]",306.0
1266,9922,87,4,2025-08-01T15:05:52.997000+00:00,28.303,34.538,39.386,279.0,151,False,102.227,"[None, 2049, 2049, 2049, 2049, 2049, 2049]","[2049, 2048, 2049, 2049, 2048, 2048, 2048, 2048]","[2048, 2048, 2048, 2048, 2048, 2048]",303.0
1266,9922,18,4,2025-08-01T15:05:59.872000+00:00,28.185,27.509,21.974,278.0,249,False,77.668,"[None, 2051, 2049, 2051, 2048, 2049, 2049]","[2051, 2049, 2049, 2049, 2048, 2049, 2049, 2048]","[2048, 2049, 2048, 2049, 2049, 2049]",306.0
1266,9922,81,1,2025-08-01T15:06:00.888000+00:00,,42.604,30.386,238.0,117,True,,"[2064, 2064, 2049, 2049, 2049, 2049, 2049]","[2049, 2049, 2049, 2049, 2049, 2049, 2049, 2049]","[2049, 2049, 2049, 2049, 2049]",
1266,9922,10,4,2025-08-01T15:06:05.904000+00:00,41.375,41.839,27.638,171.0,192,False,110.852,"[None, 2048, 2048, 2048, 2048, 2048, 2048]","[2048, 2048, 2048, 2048, 2048, 2048, 2048, 2048]","[2048, 2048, 2048, 2048, 2048, 2048]",236.0
1266,9922,27,5,2025-08-01T15:06:17.741000+00:00,44.967,46.177,36.874,149.0,136,False,128.018,"[2048, 2048, 2048, 2048, 2048, 2048, 2048]","[2048, 2048, 2048, 2048, 2048, 2048, 2048, 2048]","[2048, 2048, 2048, 2064, 2064, 2064]",192.0
1266,9922,55,4,2025-08-01T15:06:26.997000+00:00,28.294,27.548,21.896,274.0,250,False,77.738,"[2051, 2049, 2049, 2049, 2049, 2049, 2049]","[2049, 2048, 2049, 2049, 2048, 2049, 2049, 2048]","[2048, 2051, 2048, 2048, 2049, 2048]",305.0
1266,9922,4,1,2025-08-01T15:06:27.763000+00:00,,40.177,32.858,210.0,205,True,,"[2064, 2064, 2049, 2049, 2049, 2049, 2049]","[2049, 2049, 2049, 2049, 2049, 2049, 2049, 2049]","[2049, 2049, 2049, 2049, 2049, 2049]",
1266,9922,43,4,2025-08-01T15:06:30.091000+00:00,71.544,42.541,32.384,233.0,213,True,146.469,"[2064, 2064, 2048, 2048, 2048, 2048, 2048]","[2048, 2048, 2048, 2048, 2048, 2048, 2048, 2048]","[2048, 2048, 2048, 2048, 2048, 2048]",
1266,9922,31,5,2025-08-01T15:06:41.144000+00:00,46.748,47.323,29.503,176.0,171,False,123.574,"[2048, 2048, 2048, 2048, 2048, 2048, 2048]","[2048, 2048, 2048, 2048, 2048, 2048, 2048, 2048]","[2048, 2048, 2048, 2048, 2048, 2048]",232.0
1266,9922,1,1,2025-08-01T15:06:50.017000+00:00,,38.535,28.081,188.0,231,True,,"[2064, 2064, 2049, 2049, 2049, 2049, 2049]","[2049, 2049, 2049, 2049, 2049, 2049, 2049, 2049]","[2049, 2049, 2049, 2049, 2049, 2049]",
1266,9922,16,2,2025-08-01T15:06:54.844000+00:00,28.229,27.213,21.739,282.0,251,False,77.181,"[2049, 2049, 2051, 2049, 2049, 2049, 2051]","[2049, 2049, 2049, 2051, 2049, 2051, 2051, 2051]","[2049, 2051, 2049, 2049, 2049, 2049]",303.0
1266,9922,22,4,2025-08-01T15:06:55.708000+00:00,53.306,43.748,29.338,143.0,194,False,126.392,"[None, 2048, 2048, 2048, 2048, 2048, 2048]","[2048, 2048, 2048, 2048, 2048, 2048, 2048, 2048]","[2048, 2048, 2048, 2048, 2049, 2049]",176.0
1266,9922,14,5,2025-08-01T15:06:59.958000+00:00,55.586,47.448,28.764,135.0,188,False,131.798,"[2048, 2048, 2048, 2048, 2048, 2048, 2048]","[2048, 2048, 2048, 2048, 2048, 2048, 2048, 2048]","[2048, 2048, 2048, 2048, 2048, 2049]",119.0
1266,9922,23,4,2025-08-01T15:07:02.934000+00:00,29.39,53.348,29.956,154.0,129,False,112.694,"[2049, 2049, 2049, 2048, 2048, 2048, 2048]","[2048, 2048, 2048, 2048, 2048, 2048, 2048, 2048]","[2048, 2048, 2048, 2048, 2048, 2048]",304.0
1266,9922,12,3,2025-08-01T15:07:03.850000+00:00,53.209,47.631,35.58,174.0,106,False,136.42,"[2048, 2048, 2048, 2048, 2048, 2048, 2048]","[2048, 2048, 2048, 2048, 2048, 2048, 2048, 2048]","[2048, 2048, 2048, 2064, 2064, 2064]",190.0
1266,9922,44,2,2025-08-01T15:07:10.764000+00:00,28.179,27.427,21.952,281.0,252,False,77.558,"[2049, 2049, 2049, 2049, 2049, 2049, 2049]","[2049, 2049, 2051, 2049, 2049, 2049, 2049, 2049]","[2051, 2049, 2049, 2049, 2048, 2049]",305.0
1266,9922,18,5,2025-08-01T15:07:17.467000+00:00,45.808,61.617,30.871,184.0,168,False,138.296,"[None, 2048, 2048, 2048, 2048, 2048, 2048]","[2048, 2048, 2048, 2048, 2048, 2048, 2048, 2048]","[2048, 2048, 2048, 2048, 2048, 2048]",283.0
1266,9922,30,2,2025-08-01T15:07:24.123000+00:00,28.385,27.673,21.811,278.0,247,False,77.869,"[2049, 2049, 2049, 2049, 2049, 2049, 2049]","[2049, 2049, 2049, 2049, 2049, 2049, 2049, 2049]","[2049, 2049, 2051, 2049, 2048]",300.0
1266,9922,5,4,2025-08-01T15:07:28.707000+00:00,38.04,43.744,29.635,169.0,203,False,111.419,"[None, 2048, 2048, 2048, 2048, 2048, 2048]","[2048, 2048, 2048, 2048, 2048, 2048, 2048, 2048]","[2048, 2048, 2048, 2048, 2049, 2048]",264.0
1266,9922,6,4,2025-08-01T15:07:30.982000+00:00,70.945,45.638,31.899,188.0,186,True,148.482,"[2064, 2064, 2048, 2048, 2048, 2048, 2048]","[2048, 2048, 2048, 2048, 2048, 2048, 2048, 2048]","[2048, 2048, 2048, 2048, 2048, 2048]",
1266,9922,87,5,2025-08-01T15:07:35.217000+00:00,51.02,45.615,31.322,146.0,172,False,127.957,"[None, 2048, 2048, 2048, 2048, 2048, 2048]","[2048, 2048, 2048, 2048, 2048, 2048, 2048, 2048]","[2048, 2048, 2048, 2048, 2048, 2048]",172.0
1266,9922,55,5,2025-08-01T15:07:44.704000+00:00,48.453,43.45,38.415,162.0,141,False,130.318,"[2048, 2048, 2048, 2048, 2048, 2048, 2048]","[2048, 2048, 2048, 2048, 2048, 2048, 2048, 2048]","[2048, 2048, 2048, 2064, 2064, 2064]",145.0
1266,9922,81,2,2025-08-01T15:07:50.079000+00:00,28.405,27.563,21.606,274.0,251,False,77.574,"[2049, 2049, 2049, 2049, 2049, 2049, 2049]","[2049, 2049, 2049, 2049, 2049, 2051, 2049, 2049]","[2049, 2049, 2051, 2051, 2048, 2049]",300.0
1266,9922,10,5,2025-08-01T15:07:56.876000+00:00,28.345,28.052,22.381,283.0,248,False,78.778,"[2049, 2051, 2049, 2049, 2049, 2049, 2051]","[2049, 2049, 2048, 2048, 2048, 2048, 2048, 2048]","[2049, 2048, 2048, 2048, 2049, 2049]",307.0
1266,9922,63,4,2025-08-01T15:08:06.126000+00:00,77.685,51.854,30.756,152.0,129,True,160.295,"[2064, 2064, 2048, 2048, 2048, 2048, 2048]","[2048, 2048, 2048, 2048, 2048, 2048, 2048, 2048]","[2048, 2048, 2048, 2048, 2048, 2048]",
1266,9922,16,3,2025-08-01T15:08:11.864000+00:00,44.633,54.204,38.735,147.0,133,False,137.572,"[2048, 2048, 2048, 2048, 2048, 2048, 2048]","[2048, 2048, 2048, 2048, 2048, 2048, 2048, 2048]","[2048, 2048, 2048, 2064, 2064, 2064]",258.0
1266,9922,43,5,2025-08-01T15:08:25.222000+00:00,28.44,27.445,22.173,277.0,245,False,78.058,"[2048, 2048, 2048, 2048, 2049, 2049, 2048]","[2049, 2049, 2049, 2048, 2049, 2049, 2049, 2048]","[2048, 2049, 2049, 2048, 2049, 2051]",302.0
1266,9922,44,3,2025-08-01T15:08:28.285000+00:00,65.652,65.175,44.422,96.0,106,False,175.249,"[2048, 2048, 2048, 2048, 2048, 2048, 2048]","[2048, 2048, 2048, 2048, 2048, 2048, 2048, 2048]","[2048, 2048, 2048, 2064, 2064, 2064]",186.0
1266,9922,4,2,2025-08-01T15:08:33.363000+00:00,28.331,26.901,21.684,275.0,254,False,76.916,"[2049, 2049, 2049, 2049, 2051, 2049, 2049]","[2051, 2051, 2051, 2051, 2051, 2049, 2049, 2051]","[2049, 2051, 2049, 2049, 2049]",300.0
1266,9922,1,2,2025-08-01T15:08:39.394000+00:00,28.385,27.478,22.057,277.0,249,False,77.92,"[2049, 2049, 2049, 2049, 2049, 2049, 2049]","[2049, 2049, 2049, 2049, 2049, 2049, 2049, 2049]","[2049, 2049, 2049, 2049, 2048, 2048]",305.0
1266,9922,27,6,2025-08-01T15:08:40.535000+00:00,58.416,43.132,26.86,94.0,185,True,128.408,"[2064, 2064, 2048, 2048, 2048, 2048, 2048]","[2048, 2048, 2048, 2048, 2048, 2048, 2048, 2048]","[2048, 2048, 2048, 2048, 2048, 2048]",
1266,9922,30,3,2025-08-01T15:08:41.769000+00:00,44.921,44.457,36.054,155.0,174,False,125.432,"[2048, 2048, 2048, 2048, 2048, 2048, 2048]","[2048, 2048, 2048, 2048, 2048, 2048, 2048, 2048]","[2048, 2048, 2048, 2064, 2064, 2064]",292.0
1266,9922,31,6,2025-08-01T15:08:45.019000+00:00,28.322,27.678,22.049,280.0,248,False,78.049,"[2049, 2049, 2049, 2049, 2048, 2049, 2049]","[2048, 2049, 2048, 2048, 2048, 2048, 2049, 2049]","[2049, 2049, 2048, 2048, 2048, 2048]",305.0
1266,9922,23,5,2025-08-01T15:08:55.706000+00:00,28.361,27.45,21.981,279.0,250,False,77.792,"[2048, 2048, 2048, 2048, 2048, 2048, 2049]","[2049, 2049, 2048, 2049, 2049, 2048, 2049, 2049]","[2049, 2048, 2048, 2048, 2048, 2048]",
1266,9922,22,5,2025-08-01T15:09:02.003000+00:00,38.428,43.818,27.181,,186,False,109.427,"[2049, 2049, 2048, 2048, 2048, 2048, 2048]","[2048, 2048, 2048, 2048, 2048, 2048, 2048, 2048]","[2048, 2048, 2048, 2048, 2048, 2049]",304.0
1266,9922,81,3,2025-08-01T15:09:07.378000+00:00,51.706,41.164,31.395,114.0,193,False,124.265,"[2048, 2048, 2048, 2048, 2048, 2048, 2048]","[2048, 2048, 2048, 2048, 2048, 2048, 2048, 2048]","[2048, 2048, 2048, 2064, 2064, 2064]",173.0
1266,9922,14,6,2025-08-01T15:09:11.894000+00:00,28.385,27.663,22.404,278.0,249,False,78.452,"[2049, 2049, 2048, 2048, 2048, 2048, 2049]","[2049, 2049, 2048, 2048, 2049, 2048, 2048, 2048]","[2048, 2048, 2048, 2048, 2048, 2048]",304.0
1266,9922,10,6,2025-08-01T15:09:15.566000+00:00,38.21,42.24,29.103,243.0,197,False,109.553,"[2048, 2048, 2048, 2048, 2048, 2048, 2048]","[2048, 2048, 2048, 2048, 2048, 2048, 2048, 2048]","[2048, 2048, 2048, 2064, 2064, 2064]",294.0
1266,9922,5,5,2025-08-01T15:09:20.160000+00:00,28.627,27.869,22.064,276.0,247,False,78.56,"[None, 2048, 2048, 2049, 2049, 2049, 2049]","[2049, 2049, 2049, 2049, 2049, 2049, 2049, 2049]","[2049, 2049, 2049, 2049, 2049]",302.0
1266,9922,6,5,2025-08-01T15:09:30.222000+00:00,28.368,27.339,21.84,280.0,251,False,77.547,"[2048, 2048, 2048, 2048, 2048, 2049, 2049]","[2049, 2049, 2048, 2048, 2049, 2048, 2049, 2048]","[2049, 2049, 2049, 2048, 2048, 2048]",302.0
1266,9922,18,6,2025-08-01T15:09:35.816000+00:00,28.349,27.488,22.181,279.0,252,False,78.018,"[None, 2048, 2048, 2048, 2048, 2048, 2049]","[2048, 2049, 2048, 2048, 2049, 2048, 2048, 2048]","[2051, 2048, 2048, 2048, 2048, 2048]",304.0
1266,9922,87,6,2025-08-01T15:09:43.191000+00:00,39.551,35.779,24.606,217.0,215,False,99.936,"[None, 2048, 2048, 2048, 2048, 2048, 2048]","[2048, 2048, 2048, 2048, 2048, 2048, 2048, 2048]","[2048, 2048, 2048, 2048, 2048, 2048]",299.0
1266,9922,43,6,2025-08-01T15:09:43.269000+00:00,49.292,52.711,40.462,125.0,138,False,142.465,"[2051, 2048, 2048, 2048, 2048, 2048, 2048]","[2048, 2048, 2048, 2048, 2048, 2048, 2048, 2048]","[2048, 2048, 2048, 2064, 2064, 2064]",304.0
1266,9922,4,3,2025-08-01T15:09:50.144000+00:00,44.848,53.898,38.286,142.0,133,False,137.032,"[2048, 2048, 2048, 2048, 2048, 2048, 2048]","[2048, 2048, 2048, 2048, 2048, 2048, 2048, 2048]","[2048, 2048, 2048, 2048, 2048, 2048]",238.0
1266,9922,1,3,2025-08-01T15:09:57.066000+00:00,50.551,50.117,31.213,132.0,171,False,131.881,"[2048, 2048, 2048, 2048, 2048, 2048, 2048]","[2048, 2048, 2048, 2048, 2048, 2048, 2048, 2048]","[2048, 2048, 2048, 2064, 2064, 2064]",204.0
1266,9922,31,7,2025-08-01T15:10:02.910000+00:00,33.408,50.446,35.5,203.0,123,False,119.354,"[2048, 2048, 2048, 2048, 2048, 2048, 2048]","[2048, 2048, 2048, 2048, 2048, 2048, 2048, 2048]","[2048, 2048, 2048, 2048, 2048, 2048]",291.0
1266,9922,23,6,2025-08-01T15:10:13.441000+00:00,52.906,49.827,36.474,131.0,135,False,139.207,"[None, 2048, 2048, 2048, 2048, 2048, 2048]","[2048, 2048, 2048, 2048, 2048, 2048, 2048, 2048]","[2048, 2048, 2048, 2064, 2064, 2064]",177.0
1266,9922,12,4,2025-08-01T15:10:16.113000+00:00,98.796,40.522,29.606,199.0,210,True,168.924,"[2064, 2064, 2048, 2048, 2048, 2048, 2048]","[2048, 2048, 2048, 2048, 2048, 2048, 2048, 2048]","[2048, 2048, 2048, 2048, 2049, 2048]",
1266,9922,63,5,2025-08-01T15:10:17.472000+00:00,28.45,27.45,22.187,279.0,253,False,78.087,"[2049, 2048, 2048, 2048, 2049, 2049, 2048]","[2049, 2048, 2049, 2048, 2048, 2048, 2048, 2049]","[2051, 2049, 2048, 2048, 2048, 2048]",304.0
1266,9922,55,6,2025-08-01T15:10:19.957000+00:00,71.431,33.414,37.737,233.0,214,True,142.582,"[2064, 2064, 2048, 2048, 2048, 2048, 2048]","[2048, 2048, 2048, 2048, 2048, 2048, 2048, 2048]","[2048, 2048, 2048, 2048, 2051, 2049]",
1266,9922,14,7,2025-08-01T15:10:30.363000+00:00,37.452,43.567,36.829,160.0,165,False,117.848,"[2048, 2048, 2048, 2048, 2048, 2048, 2048]","[2048, 2048, 2048, 2048, 2048, 2048, 2048, 2048]","[2048, 2048, 2048, 2064, 2064, 2064]",285.0
1266,9922,27,7,2025-08-01T15:10:34.222000+00:00,28.438,27.41,21.871,277.0,248,False,77.719,"[2049, 2048, 2049, 2049, 2049, 2049, 2049]","[2049, 2049, 2049, 2049, 2049, 2049, 2049, 2048]","[2049, 2048, 2051, 2048, 2048]",301.0
1266,9922,5,6,2025-08-01T15:10:38.660000+00:00,42.125,42.973,31.176,153.0,157,False,116.274,"[None, 2048, 2048, 2048, 2048, 2048, 2048]","[2048, 2048, 2048, 2048, 2048, 2048, 2048, 2048]","[2048, 2048, 2048, 2048, 2048, 2048]",284.0
1266,9922,16,4,2025-08-01T15:10:45.832000+00:00,65.908,43.195,28.102,176.0,130,True,137.205,"[2064, 2064, 2048, 2048, 2048, 2048, 2048]","[2048, 2048, 2048, 2048, 2048, 2048, 2048, 2048]","[2048, 2048, 2048, 2048, 2048, 2048]",
1266,9922,6,6,2025-08-01T15:10:47.707000+00:00,48.932,51.483,34.763,147.0,141,False,135.178,"[None, 2048, 2048, 2048, 2048, 2048, 2048]","[2048, 2048, 2048, 2048, 2048, 2048, 2048, 2048]","[2048, 2048, 2048, 2048, 2048, 2048]",145.0
1266,9922,22,6,2025-08-01T15:10:51.410000+00:00,28.668,40.567,34.272,211.0,180,False,103.507,"[None, 2048, 2049, 2048, 2048, 2048, 2048]","[2048, 2048, 2048, 2048, 2048, 2048, 2048, 2048]","[2048, 2048, 2048, 2064, 2064, 2064]",
1266,9922,18,7,2025-08-01T15:10:53.926000+00:00,36.035,39.488,35.497,195.0,178,False,111.02,"[None, 2048, 2048, 2048, 2048, 2048, 2048]","[2048, 2048, 2048, 2048, 2048, 2048, 2048, 2048]","[2048, 2048, 2048, 2064, 2064, 2064]",287.0
1266,9922,30,4,2025-08-01T15:11:05.531000+00:00,58.291,41.276,27.873,200.0,172,True,127.44,"[2064, 2064, 2048, 2048, 2048, 2048, 2048]","[2048, 2048, 2048, 2048, 2048, 2048, 2048, 2048]","[2048, 2048, 2048, 2048, 2048, 2049]",
1266,9922,87,7,2025-08-01T15:11:23.129000+00:00,28.293,27.601,21.918,278.0,250,False,77.812,"[None, 2048, 2051, 2049, 2048, 2049, 2048]","[2049, 2049, 2048, 2048, 2049, 2049, 2049, 2049]","[2048, 2049, 2048, 2049, 2048]",300.0
1266,9922,81,4,2025-08-01T15:11:26.201000+00:00,53.346,40.509,25.286,203.0,193,True,119.141,"[2064, 2064, 2048, 2048, 2048, 2048, 2048]","[2048, 2048, 2048, 2048, 2048, 2048, 2048, 2048]","[2048, 2048, 2048, 2048, 2049, 2049]",
1266,9922,63,6,2025-08-01T15:11:35.674000+00:00,38.81,36.962,30.11,177.0,204,False,105.882,"[2048, 2048, 2048, 2048, 2048, 2048, 2048]","[2048, 2048, 2048, 2048, 2048, 2048, 2048, 2048]","[2048, 2048, 2048, 2064, 2064, 2064]",258.0
1266,9922,44,4,2025-08-01T15:11:38.174000+00:00,58.885,40.204,27.46,214.0,204,True,126.549,"[2064, 2064, 2048, 2048, 2048, 2048, 2048]","[2048, 2048, 2048, 2048, 2048, 2048, 2048, 2048]","[2048, 2048, 2048, 2048, 2048, 2048]",
1266,9922,27,8,2025-08-01T15:11:51.815000+00:00,42.418,42.321,37.762,173.0,124,False,122.501,"[2048, 2048, 2048, 2048, 2048, 2048, 2048]","[2048, 2048, 2048, 2048, 2048, 2048, 2048, 2048]","[2048, 2048, 2048, 2064, 2064, 2064]",211.0
1266,9922,31,8,2025-08-01T15:12:02.239000+00:00,42.864,44.019,26.682,154.0,183,False,113.565,"[None, 2048, 2048, 2048, 2048, 2048, 2048]","[2048, 2048, 2048, 2048, 2048, 2048, 2048, 2048]","[2048, 2048, 2048, 2048, 2048, 2048]",240.0
1266,9922,4,4,2025-08-01T15:12:07.377000+00:00,53.277,45.949,29.198,208.0,193,False,128.424,"[None, 2048, 2048, 2048, 2048, 2048, 2048]","[2048, 2048, 2048, 2048, 2048, 2048, 2048, 2048]","[2048, 2048, 2048, 2048, 2048, 2048]",132.0
1266,9922,12,5,2025-08-01T15:12:09.358000+00:00,28.256,27.169,21.722,279.0,254,False,77.147,"[2049, 2048, 2048, 2049, 2049, 2049, 2048]","[2049, 2049, 2049, 2049, 2049, 2049, 2049, 2049]","[2051, 2049, 2048, 2049, 2049, 2048]",304.0
1266,9922,55,7,2025-08-01T15:12:17.645000+00:00,29.806,31.443,27.982,249.0,211,False,89.231,"[2049, 2048, 2048, 2048, 2048, 2048, 2048]","[2048, 2048, 2048, 2048, 2048, 2048, 2048, 2048]","[2048, 2048, 2048, 2048, 2048, 2048]",306.0
1266,9922,43,7,2025-08-01T15:12:31.630000+00:00,63.656,43.276,28.891,239.0,204,True,135.823,"[2064, 2064, 2048, 2048, 2048, 2048, 2048]","[2048, 2048, 2048, 2048, 2048, 2048, 2048, 2048]","[2048, 2048, 2048, 2048, 2048, 2048]",
1266,9922,1,4,2025-08-01T15:12:33.458000+00:00,67.269,39.319,36.224,121.0,221,True,142.812,"[2064, 2064, 2048, 2048, 2048, 2048, 2048]","[2048, 2048, 2048, 2048, 2048, 2048, 2048, 2048]","[2048, 2048, 2048, 2048, 2048, 2048]",
1266,9922,5,7,2025-08-01T15:12:34.989000+00:00,37.296,40.604,32.022,217.0,216,False,109.922,"[None, 2048, 2048, 2048, 2048, 2048, 2048]","[2048, 2048, 2048, 2048, 2048, 2048, 2048, 2048]","[2048, 2048, 2048, 2048, 2048, 2049]",221.0
1266,9922,87,8,2025-08-01T15:12:40.848000+00:00,37.351,37.644,28.515,248.0,211,False,103.51,"[None, 2048, 2048, 2048, 2048, 2048, 2048]","[2048, 2048, 2048, 2048, 2048, 2048, 2048, 2048]","[2048, 2048, 2048, 2064, 2064, 2064]",232.0
1266,9922,16,5,2025-08-01T15:12:46.848000+00:00,28.101,27.312,21.73,283.0,255,False,77.143,"[2049, 2049, 2048, 2049, 2049, 2051, 2051]","[2049, 2048, 2048, 2048, 2049, 2048, 2048, 2051]","[2051, 2048, 2048, 2049, 2049]",304.0
1266,9922,30,5,2025-08-01T15:12:54.739000+00:00,28.331,27.794,24.623,279.0,247,False,80.748,"[2049, 2049, 2048, 2049, 2048, 2048, 2049]","[2049, 2049, 2048, 2049, 2048, 2048, 2049, 2048]","[2049, 2048, 2048, 2048, 2048, 2048]",303.0
1266,9922,23,7,2025-08-01T15:12:56.255000+00:00,63.621,40.737,25.018,231.0,182,True,129.376,"[2064, 2064, 2048, 2048, 2048, 2048, 2048]","[2048, 2048, 2048, 2048, 2048, 2048, 2048, 2048]","[2048, 2048, 2048, 2048, 2048, 2049]",
1266,9922,6,7,2025-08-01T15:13:02.895000+00:00,43.858,47.792,27.738,169.0,147,False,119.388,"[None, 2048, 2048, 2048, 2048, 2048, 2048]","[2048, 2048, 2048, 2048, 2048, 2048, 2048, 2048]","[2048, 2048, 2048, 2048, 2048, 2048]",215.0
1266,9922,22,7,2025-08-01T15:13:03.130000+00:00,68.108,38.863,26.453,162.0,201,True,133.424,"[2064, 2064, 2048, 2048, 2048, 2048, 2048]","[2048, 2048, 2048, 2048, 2048, 2048, 2048, 2048]","[2048, 2048, 2048, 2048, 2049, 2049]",
1266,9922,81,5,2025-08-01T15:13:10.692000+00:00,28.243,26.929,21.525,276.0,253,False,76.697,"[2049, 2048, 2049, 2049, 2048, 2049, 2049]","[2051, 2051, 2051, 2051, 2049, 2048, 2048, 2049]","[2049, 2051, 2048, 2048, 2048]",301.0
1266,9922,12,6,2025-08-01T15:13:26.425000+00:00,37.456,36.226,30.962,216.0,216,False,104.644,"[2048, 2048, 2048, 2048, 2048, 2048, 2048]","[2048, 2048, 2048, 2048, 2048, 2048, 2048, 2048]","[2048, 2048, 2048, 2064, 2064, 2064]",277.0
1266,9922,44,5,2025-08-01T15:13:30.175000+00:00,34.06,43.452,25.83,171.0,180,False,103.342,"[2048, 2048, 2048, 2049, 2048, 2048, 2048]","[2048, 2048, 2048, 2048, 2048, 2048, 2048, 2048]","[2048, 2048, 2048, 2048, 2048, 2048]",303.0
1266,9922,55,8,2025-08-01T15:13:47.003000+00:00,28.152,27.529,22.042,277.0,249,False,77.723,"[2048, 2048, 2049, 2049, 2049, 2049, 2049]","[2049, 2048, 2049, 2048, 2048, 2049, 2049, 2048]","[2048, 2048, 2048, 2048, 2048]",305.0
1266,9922,31,9,2025-08-01T15:13:55.753000+00:00,28.829,30.547,27.984,268.0,225,False,87.36,"[None, 2048, 2049, 2048, 2048, 2048, 2048]","[2048, 2048, 2048, 2048, 2048, 2048, 2048, 2048]","[2048, 2048, 2048, 2064, 2064, 2064]",289.0
1266,9922,16,6,2025-08-01T15:14:03.785000+00:00,43.087,44.298,34.928,136.0,163,False,122.313,"[2048, 2048, 2048, 2048, 2048, 2048, 2048]","[2048, 2048, 2048, 2048, 2048, 2048, 2048, 2048]","[2048, 2048, 2048, 2064, 2064, 2064]",294.0
1266,9922,27,9,2025-08-01T15:14:09.146000+00:00,59.832,41.768,38.108,158.0,192,True,139.708,"[2064, 2064, 2048, 2048, 2048, 2048, 2048]","[2048, 2048, 2048, 2048, 2048, 2048, 2048, 2048]","[2048, 2048, 2048, 2048, 2048, 2048]",
1266,9922,30,6,2025-08-01T15:14:15.559000+00:00,46.437,44.605,35.76,174.0,127,False,126.802,"[2048, 2048, 2048, 2048, 2048, 2048, 2048]","[2048, 2048, 2048, 2048, 2048, 2048, 2048, 2048]","[2048, 2048, 2048, 2064, 2064, 2064]",237.0
1266,9922,4,5,2025-08-01T15:14:15.747000+00:00,33.928,42.96,35.613,87.0,190,False,112.501,"[None, 2048, 2048, 2049, 2048, 2048, 2048]","[2048, 2048, 2048, 2048, 2048, 2048, 2048, 2048]","[2048, 2048, 2048, 2048, 2049, 2049]",299.0
1266,9922,43,8,2025-08-01T15:14:21.528000+00:00,28.371,27.698,22.05,279.0,247,False,78.119,"[2048, 2049, 2048, 2049, 2048, 2049, 2049]","[2049, 2048, 2049, 2048, 2048, 2048, 2048, 2048]","[2048, 2048, 2049, 2049, 2048, 2048]",305.0
1266,9922,5,8,2025-08-01T15:14:24.841000+00:00,28.4,28.064,22.056,279.0,243,False,78.52,"[2049, 2049, 2049, 2049, 2048, 2049, 2049]","[2049, 2048, 2048, 2048, 2049, 2048, 2049, 2048]","[2048, 2048, 2049, 2048, 2048, 2048]",305.0
1266,9922,81,6,2025-08-01T15:14:27.309000+00:00,51.861,41.698,31.782,168.0,194,False,125.341,"[2048, 2048, 2048, 2048, 2048, 2048, 2048]","[2048, 2048, 2048, 2048, 2048, 2048, 2048, 2048]","[2048, 2048, 2048, 2064, 2064, 2064]",157.0
1266,9922,1,5,2025-08-01T15:14:31.841000+00:00,28.317,27.406,21.892,277.0,249,False,77.615,"[2049, 2048, 2049, 2051, 2048, 2049, 2049]","[2049, 2048, 2049, 2049, 2049, 2049, 2049, 2048]","[2049, 2049, 2049, 2048, 2048]",305.0
1266,9922,23,8,2025-08-01T15:14:42.060000+00:00,35.106,38.321,26.616,135.0,211,False,100.043,"[2049, 2049, 2049, 2049, 2048, 2048, 2048]","[2048, 2048, 2048, 2048, 2048, 2048, 2048, 2048]","[2048, 2048, 2048, 2048, 2049, 2049]",305.0
1266,9922,22,8,2025-08-01T15:14:48.388000+00:00,28.635,43.457,28.417,208.0,180,False,100.509,"[2049, 2049, 2048, 2049, 2048, 2048, 2048]","[2048, 2048, 2048, 2048, 2048, 2048, 2048, 2048]","[2048, 2048, 2048, 2048, 2048, 2048]",306.0
1266,9922,6,8,2025-08-01T15:15:02.347000+00:00,28.277,27.314,21.775,281.0,252,False,77.366,"[2049, 2048, 2048, 2049, 2048, 2049, 2049]","[2049, 2048, 2049, 2048, 2048, 2049, 2049, 2048]","[2049, 2048, 2049, 2048, 2048, 2048]",305.0
1266,9922,55,9,2025-08-01T15:15:04.616000+00:00,50.514,42.501,28.469,139.0,173,False,121.484,"[None, 2048, 2048, 2048, 2048, 2048, 2048]","[2048, 2048, 2048, 2048, 2048, 2048, 2048, 2048]","[2048, 2048, 2048, 2064, 2064, 2064]",167.0
1266,9922,44,6,2025-08-01T15:15:13.530000+00:00,28.148,27.329,21.973,283.0,253,False,77.45,"[None, 2049, 2049, 2048, 2048, 2049, 2049]","[2049, 2049, 2049, 2048, 2049, 2048, 2049, 2049]","[2049, 2048, 2048, 2049, 2048]",305.0
1266,9922,43,9,2025-08-01T15:15:39.766000+00:00,36.582,34.599,28.805,191.0,199,False,99.986,"[None, 2048, 2048, 2048, 2048, 2048, 2048]","[2048, 2048, 2048, 2048, 2048, 2048, 2048, 2048]","[2048, 2048, 2048, 2064, 2064, 2064]",221.0
1266,9922,5,9,2025-08-01T15:15:43.297000+00:00,43.184,47.784,28.703,142.0,160,False,119.671,"[2048, 2048, 2048, 2048, 2048, 2048, 2048]","[2048, 2048, 2048, 2048, 2048, 2048, 2048, 2048]","[2048, 2048, 2048, 2048, 2048, 2048]",255.0
1266,9922,1,6,2025-08-01T15:15:50.047000+00:00,32.93,31.496,27.004,246.0,224,False,91.43,"[2048, 2048, 2048, 2048, 2048, 2048, 2048]","[2048, 2048, 2048, 2048, 2048, 2048, 2048, 2048]","[2048, 2048, 2048, 2064, 2064, 2064]",214.0
1266,9922,4,6,2025-08-01T15:16:08.173000+00:00,28.098,26.898,21.529,274.0,253,False,76.525,"[2049, 2048, 2051, 2048, 2048, 2049, 2048]","[2051, 2051, 2049, 2048, 2048, 2051, 2048, 2049]","[2048, 2048, 2049, 2049, 2048, 2048]",
1266,9922,27,10,2025-08-01T15:16:14.022000+00:00,28.372,27.478,21.801,278.0,249,False,77.651,"[2049, 2049, 2049, 2048, 2048, 2049, 2049]","[2049, 2049, 2048, 2048, 2048, 2048, 2049, 2049]","[2048, 2049, 2048, 2049, 2048, 2048]",302.0
1266,9922,6,9,2025-08-01T15:16:19.655000+00:00,38.023,37.914,29.71,195.0,199,False,105.647,"[2048, 2048, 2048, 2048, 2048, 2048, 2048]","[2048, 2048, 2048, 2048, 2048, 2048, 2048, 2048]","[2048, 2048, 2048, 2064, 2064, 2064]",105.0
1266,9922,23,9,2025-08-01T15:16:22.047000+00:00,28.21,27.349,21.862,277.0,250,False,77.421,"[None, 2049, 2048, 2048, 2048, 2048, 2048]","[2049, 2049, 2048, 2048, 2049, 2049, 2049, 2049]","[2048, 2049, 2049, 2048, 2048]",306.0
1266,9922,16,7,2025-08-01T15:16:24.148000+00:00,65.616,43.952,26.752,166.0,201,True,136.32,"[2064, 2064, 2048, 2048, 2048, 2048, 2048]","[2048, 2048, 2048, 2048, 2048, 2048, 2048, 2048]","[2048, 2048, 2048, 2048, 2048, 2048]",
1266,9922,22,9,2025-08-01T15:16:28.956000+00:00,28.156,27.357,21.982,279.0,252,False,77.495,"[2048, 2048, 2049, 2048, 2048, 2048, 2049]","[2049, 2049, 2048, 2048, 2048, 2049, 2049, 2049]","[2049, 2048, 2049, 2048, 2048, 2048]",304.0
1266,9922,44,7,2025-08-01T15:16:30.815000+00:00,48.996,55.626,34.792,90.0,154,False,139.414,"[None, 2048, 2048, 2048, 2048, 2048, 2048]","[2048, 2048, 2048, 2048, 2048, 2048, 2048, 2048]","[2048, 2048, 2048, 2064, 2064, 2064]",236.0
1266,9922,30,7,2025-08-01T15:16:39.878000+00:00,58.221,42.624,27.534,178.0,160,True,128.379,"[2064, 2064, 2048, 2048, 2048, 2048, 2048]","[2048, 2048, 2048, 2048, 2048, 2048, 2048, 2048]","[2048, 2048, 2048, 2048, 2049, 2049]",
1266,9922,81,7,2025-08-01T15:16:56.300000+00:00,60.206,40.498,26.067,213.0,189,True,126.771,"[2064, 2064, 2048, 2048, 2048, 2048, 2048]","[2048, 2048, 2048, 2048, 2048, 2048, 2048, 2048]","[2048, 2048, 2048, 2048, 2048, 2048]",
1266,9922,4,7,2025-08-01T15:17:24.737000+00:00,34.063,35.172,27.406,200.0,206,False,96.641,"[2048, 2048, 2048, 2048, 2048, 2048, 2048]","[2048, 2048, 2048, 2048, 2048, 2048, 2048, 2048]","[2048, 2048, 2048, 2064, 2064, 2064]",300.0
1266,9922,27,11,2025-08-01T15:17:31.753000+00:00,33.125,32.25,31.825,236.0,199,False,97.2,"[2048, 2048, 2048, 2048, 2048, 2048, 2048]","[2048, 2048, 2048, 2048, 2048, 2048, 2048, 2048]","[2048, 2048, 2048, 2064, 2064, 2064]",287.0
1266,9922,23,10,2025-08-01T15:17:39.351000+00:00,32.803,32.502,27.845,226.0,223,False,93.15,"[2048, 2048, 2048, 2048, 2048, 2048, 2048]","[2048, 2048, 2048, 2048, 2048, 2048, 2048, 2048]","[2048, 2048, 2048, 2064, 2064, 2064]",289.0
1266,9922,5,10,2025-08-01T15:17:43.101000+00:00,28.385,27.905,27.451,278.0,248,False,83.741,"[None, 2048, 2049, 2048, 2049, 2048, 2048]","[2048, 2049, 2048, 2048, 2048, 2049, 2048, 2049]","[2049, 2049, 2048, 2064, 2064, 2064]",303.0
1266,9922,22,10,2025-08-01T15:17:46.351000+00:00,39.295,47.66,40.081,152.0,148,False,127.036,"[None, 2048, 2048, 2048, 2048, 2048, 2048]","[2048, 2048, 2048, 2048, 2048, 2048, 2048, 2048]","[2048, 2048, 2048, 2064, 2064, 2064]",292.0
1266,9922,16,8,2025-08-01T15:18:22.560000+00:00,28.128,27.058,21.817,282.0,248,False,77.003,"[2048, 2048, 2049, 2048, 2049, 2048, 2048]","[2049, 2049, 2049, 2049, 2049, 2048, 2051, 2048]","[2048, 2048, 2049, 2048, 2048]",302.0
1266,9922,30,8,2025-08-01T15:18:30.747000+00:00,28.133,27.515,21.795,280.0,251,False,77.443,"[2049, 2049, 2049, 2049, 2049, 2049, 2049]","[2048, 2049, 2048, 2049, 2048, 2049, 2049, 2049]","[2049, 2051, 2049, 2048, 2049]",303.0
1266,9922,81,8,2025-08-01T15:18:39.513000+00:00,28.235,27.064,21.704,274.0,251,False,77.003,"[2048, 2048, 2049, 2049, 2048, 2048, 2048]","[2048, 2051, 2048, 2048, 2048, 2048, 2048, 2048]","[2048, 2048, 2048, 2048, 2048, 2048]",299.0
1266,9922,44,8,2025-08-01T15:19:16.462000+00:00,74.422,36.153,24.245,195.0,215,True,134.82,"[2064, 2064, 2048, 2048, 2048, 2048, 2048]","[2048, 2048, 2048, 2048, 2048, 2048, 2048, 2048]","[2048, 2048, 2048, 2048, 2048, 2048]",
1266,9922,16,9,2025-08-01T15:19:39.549000+00:00,34.209,37.086,27.772,197.0,203,False,99.067,"[None, 2048, 2048, 2048, 2048, 2048, 2048]","[2048, 2048, 2048, 2048, 2048, 2048, 2048, 2048]","[2048, 2048, 2048, 2064, 2064, 2064]",291.0
1266,9922,30,9,2025-08-01T15:19:47.999000+00:00,33.438,34.329,29.958,198.0,202,False,97.725,"[2048, 2048, 2048, 2048, 2048, 2048, 2048]","[2048, 2048, 2048, 2048, 2048, 2048, 2048, 2048]","[2048, 2048, 2048, 2064, 2064, 2064]",292.0
1266,9922,81,9,2025-08-01T15:19:56.614000+00:00,33.403,35.298,29.897,231.0,186,False,98.598,"[None, 2048, 2048, 2048, 2048, 2048, 2048]","[2048, 2048, 2048, 2048, 2048, 2048, 2048, 2048]","[2048, 2048, 2048, 2064, 2064, 2064]",288.0
1266,9922,22,11,2025-08-01T15:20:19.826000+00:00,67.51,36.862,23.94,185.0,211,True,128.312,"[2064, 2064, 2048, 2048, 2048, 2048, 2048]","[2048, 2048, 2048, 2048, 2048, 2048, 2048, 2048]","[2048, 2048, 2048, 2048, 2048, 2048]",
1266,9922,14,8,2025-08-01T15:20:37.458000+00:00,,37.7,25.763,229.0,210,True,586.996,"[2064, 2064, 2048, 2048, 2048, 2048, 2048]","[2048, 2048, 2048, 2048, 2048, 2048, 2048, 2048]","[2048, 2048, 2048, 2048, 2049, 2048]",
1266,9922,44,9,2025-08-01T15:21:05.249000+00:00,28.162,30.356,26.613,281.0,229,False,85.131,"[2048, 2048, 2051, 2048, 2049, 2048, 2048]","[2051, 2049, 2048, 2048, 2048, 2048, 2048, 2048]","[2048, 2048, 2048, 2064, 2064, 2064]",300.0
1266,9922,22,12,2025-08-01T15:22:01.709000+00:00,28.302,27.45,31.619,276.0,250,False,87.371,"[2048, 2048, 2048, 2048, 2048, 2048, 2048]","[2048, 2049, 2049, 2048, 2048, 2048, 2048, 2048]","[2048, 2048, 2048, 2064, 2064, 2064]",301.0
1266,9922,63,7,2025-08-01T15:22:13.902000+00:00,,45.661,27.766,180.0,188,True,649.336,"[2064, 2064, 2048, 2048, 2048, 2048, 2048]","[2048, 2048, 2048, 2048, 2048, 2048, 2048, 2048]","[2048, 2048, 2048, 2048, 2048, 2048]",
1266,9922,14,9,2025-08-01T15:22:15.187000+00:00,28.44,27.627,22.142,273.0,249,False,78.209,"[2048, 2048, 2049, 2048, 2048, 2048, 2048]","[2049, 2048, 2048, 2048, 2049, 2048, 2048, 2049]","[2048, 2049, 2048, 2048, 2048, 2048]",299.0
1266,9922,55,10,2025-08-01T15:22:42.013000+00:00,,33.229,32.663,269.0,211,True,434.0,"[2064, 2064, 2048, 2048, 2048, 2048, 2048]","[2048, 2048, 2048, 2048, 2048, 2048, 2048, 2048]","[2048, 2048, 2048, 2048, 2051, 2051]",
1266,9922,14,10,2025-08-01T15:23:33.328000+00:00,39.188,44.438,30.504,176.0,202,False,114.13,"[None, 2048, 2048, 2048, 2048, 2048, 2048]","[2048, 2048, 2048, 2048, 2048, 2048, 2048, 2048]","[2048, 2048, 2048, 2048, 2048, 2048]",145.0
1266,9922,63,8,2025-08-01T15:24:10.836000+00:00,28.466,28.076,32.901,277.0,164,False,89.443,"[2048, 2048, 2048, 2048, 2048, 2048, 2048]","[2048, 2049, 2049, 2048, 2048, 2048, 2049, 2048]","[2048, 2048, 2048, 2064, 2064, 2064]",301.0
1266,9922,55,11,2025-08-01T15:24:20.087000+00:00,27.93,27.18,21.764,277.0,252,False,76.874,"[2049, 2049, 2049, 2049, 2049, 2051, 2049]","[2049, 2049, 2048, 2049, 2049, 2049, 2049, 2049]","[2049, 2048, 2048, 2049, 2048]",305.0
1266,9922,18,8,2025-08-01T15:24:28.863000+00:00,,45.089,25.506,158.0,187,True,813.602,"[2064, 2064, 2048, 2048, 2048, 2048, 2048]","[2048, 2048, 2048, 2048, 2048, 2048, 2048, 2048]","[2048, 2048, 2048, 2048, 2049]",
1266,9922,14,11,2025-08-01T15:25:27.540000+00:00,28.391,28.877,30.011,273.0,208,False,87.279,"[None, 2048, 2048, 2048, 2049, 2048, 2048]","[2049, 2049, 2048, 2048, 2048, 2048, 2048, 2048]","[2048, 2048, 2048, 2064, 2064, 2064]",299.0
1266,9922,55,12,2025-08-01T15:25:36.852000+00:00,49.994,45.765,38.032,138.0,127,False,133.791,"[2048, 2048, 2048, 2048, 2048, 2048, 2048]","[2048, 2048, 2048, 2048, 2048, 2048, 2048, 2048]","[2048, 2048, 2048, 2048, 2048, 2048]",124.0
1266,9922,4,8,2025-08-01T15:26:12.522000+00:00,,40.114,25.897,235.0,194,True,543.052,"[2064, 2064, 2048, 2048, 2048, 2048, 2048]","[2048, 2048, 2048, 2048, 2048, 2048, 2048, 2048]","[2048, 2048, 2048, 2048, 2049, 2049]",
1266,9922,27,12,2025-08-01T15:26:14.710000+00:00,,36.817,28.366,196.0,207,True,543.568,"[2064, 2064, 2048, 2048, 2048, 2048, 2048]","[2048, 2048, 2048, 2048, 2048, 2048, 2048, 2048]","[2048, 2048, 2048, 2048, 2049, 2049]",
1266,9922,18,9,2025-08-01T15:26:19.741000+00:00,27.876,26.953,21.392,277.0,252,False,76.221,"[2049, 2048, 2049, 2051, 2049, 2051, 2049]","[2051, 2051, 2049, 2049, 2051, 2049, 2049, 2048]","[2049, 2049, 2051, 2049, 2049]",306.0
1266,9922,81,10,2025-08-01T15:26:23.444000+00:00,,40.576,24.803,131.0,194,True,408.597,"[2064, 2064, 2048, 2048, 2048, 2048, 2048]","[2048, 2048, 2048, 2048, 2048, 2048, 2048, 2048]","[2048, 2048, 2048, 2048, 2051, 2051]",
1266,9922,12,7,2025-08-01T15:26:28.631000+00:00,,36.339,25.695,232.0,191,True,799.236,"[2064, 2064, 2048, 2048, 2048, 2048, 2048]","[2048, 2048, 2048, 2048, 2048, 2048, 2048, 2048]","[2048, 2048, 2048, 2048, 2049, 2049]",
1266,9922,43,10,2025-08-01T15:26:35.788000+00:00,,36.141,24.859,246.0,206,True,681.232,"[2064, 2064, 2048, 2048, 2048, 2048, 2048]","[2048, 2048, 2048, 2048, 2048, 2048, 2048, 2048]","[2048, 2048, 2048, 2048, 2049, 2048]",
1266,9922,31,10,2025-08-01T15:26:55.089000+00:00,,38.229,26.337,197.0,199,True,810.3,"[2064, 2064, 2048, 2048, 2048, 2048, 2048]","[2048, 2048, 2048, 2048, 2048, 2048, 2048, 2048]","[2048, 2048, 2048, 2048, 2049, 2049]",
1266,9922,6,10,2025-08-01T15:27:06.694000+00:00,,37.447,25.393,213.0,192,True,659.982,"[2064, 2064, 2048, 2048, 2048, 2048, 2048]","[2048, 2048, 2048, 2048, 2048, 2048, 2048, 2048]","[2048, 2048, 2048, 2048, 2049, 2049]",
1266,9922,23,11,2025-08-01T15:27:13.772000+00:00,,33.033,25.384,264.0,234,True,599.627,"[2064, 2064, 2048, 2048, 2048, 2048, 2048]","[2048, 2048, 2048, 2048, 2048, 2048, 2048, 2048]","[2048, 2048, 2048, 2048, 2049, 2049]",
1266,9922,30,10,2025-08-01T15:27:24.885000+00:00,,39.24,25.317,184.0,193,True,492.267,"[2064, 2064, 2048, 2048, 2048, 2048, 2048]","[2048, 2048, 2048, 2048, 2048, 2048, 2048, 2048]","[2048, 2048, 2048, 2048, 2048, 2048]",
1266,9922,87,9,2025-08-01T15:27:32.924000+00:00,,38.184,30.911,248.0,207,True,927.742,"[2064, 2064, 2048, 2048, 2048, 2048, 2048]","[2048, 2048, 2048, 2048, 2048, 2048, 2048, 2048]","[2048, 2048, 2048, 2048, 2048, 2048]",
1266,9922,18,10,2025-08-01T15:27:34.550000+00:00,46.383,52.267,37.691,138.0,139,False,136.341,"[2048, 2048, 2048, 2048, 2048, 2048, 2048]","[2048, 2048, 2048, 2048, 2048, 2048, 2048, 2048]","[2048, 2048, 2048, 2064, 2064, 2064]",265.0
1266,9922,5,11,2025-08-01T15:27:35.598000+00:00,,38.675,33.379,253.0,217,True,653.929,"[2064, 2064, 2048, 2048, 2048, 2048, 2048]","[2048, 2048, 2048, 2048, 2048, 2048, 2048, 2048]","[2048, 2048, 2048, 2048, 2049, 2049]",
1266,9922,10,7,2025-08-01T15:27:37.442000+00:00,,37.011,25.509,238.0,208,True,1120.908,"[2064, 2064, 2048, 2048, 2048, 2048, 2048]","[2048, 2048, 2048, 2048, 2048, 2048, 2048, 2048]","[2048, 2048, 2048, 2048, 2048, 2048]",
1266,9922,55,13,2025-08-01T15:27:50.768000+00:00,49.986,35.734,34.32,97.0,209,False,120.04,"[None, 2048, 2048, 2048, 2048, 2048, 2048]","[2048, 2048, 2048, 2048, 2048, 2048, 2048, 2048]","[2048, 2048, 2048, 2048, 2048, 2048]",245.0
1266,9922,4,9,2025-08-01T15:28:04.393000+00:00,33.436,42.465,34.69,181.0,202,False,110.591,"[2049, 2049, 2051, 2051, 2048, 2048, 2048]","[2048, 2048, 2048, 2048, 2048, 2048, 2048, 2048]","[2048, 2048, 2048, 2048, 2048, 2048]",304.0
1266,9922,27,13,2025-08-01T15:28:12.518000+00:00,28.073,27.334,21.451,281.0,252,False,76.858,"[2049, 2049, 2048, 2049, 2049, 2049, 2049]","[2048, 2049, 2049, 2048, 2049, 2048, 2049, 2049]","[2049, 2049, 2051, 2049, 2048, 2048]",305.0
1266,9922,16,10,2025-08-01T15:28:19.925000+00:00,,35.819,30.022,225.0,232,True,529.318,"[2064, 2064, 2048, 2048, 2048, 2048, 2048]","[2048, 2048, 2048, 2048, 2048, 2048, 2048, 2048]","[2048, 2048, 2048, 2048, 2049, 2049]",
1266,9922,81,11,2025-08-01T15:28:23.768000+00:00,27.859,26.714,21.342,276.0,256,False,75.915,"[2049, 2049, 2048, 2049, 2051, 2051, 2049]","[2051, 2051, 2051, 2049, 2049, 2048, 2051, 2051]","[2049, 2049, 2049, 2048, 2048, 2048]",306.0
1266,9922,12,8,2025-08-01T15:28:30.440000+00:00,27.843,26.971,21.706,282.0,254,False,76.52,"[2051, 2051, 2049, 2049, 2049, 2049, 2049]","[2049, 2049, 2049, 2051, 2049, 2048, 2049, 2048]","[2051, 2048, 2049, 2048, 2048, 2048]",309.0
1266,9922,44,10,2025-08-01T15:28:30.987000+00:00,,36.287,23.67,240.0,233,True,464.439,"[2064, 2064, 2048, 2048, 2048, 2048, 2048]","[2048, 2048, 2048, 2048, 2048, 2048, 2048, 2048]","[2048, 2048, 2048, 2048, 2049, 2049]",
1266,9922,43,11,2025-08-01T15:28:40.904000+00:00,28.149,27.192,21.822,277.0,253,False,77.163,"[2048, 2048, 2049, 2049, 2049, 2049, 2048]","[2049, 2049, 2049, 2049, 2048, 2049, 2049, 2049]","[2049, 2049, 2049, 2049, 2048]",303.0
1266,9922,1,7,2025-08-01T15:28:46.435000+00:00,,37.323,24.089,212.0,222,True,795.261,"[2064, 2064, 2048, 2048, 2048, 2048, 2048]","[2048, 2048, 2048, 2048, 2048, 2048, 2048, 2048]","[2048, 2048, 2048, 2048, 2049, 2049]",
1266,9922,31,11,2025-08-01T15:28:53.529000+00:00,27.914,27.124,21.666,282.0,250,False,76.704,"[2049, 2049, 2049, 2049, 2049, 2049, 2049]","[2049, 2049, 2049, 2049, 2049, 2049, 2049, 2049]","[2049, 2049, 2049, 2049, 2048, 2049]",306.0
1266,9922,6,11,2025-08-01T15:29:05.237000+00:00,27.915,27.003,21.509,279.0,254,False,76.427,"[2049, 2048, 2049, 2049, 2049, 2049, 2048]","[2049, 2049, 2049, 2049, 2049, 2048, 2049, 2049]","[2049, 2049, 2049, 2049, 2048]",304.0
1266,9922,23,12,2025-08-01T15:29:12.289000+00:00,27.971,27.265,21.785,277.0,250,False,77.021,"[2049, 2049, 2049, 2049, 2048, 2049, 2049]","[2049, 2049, 2049, 2048, 2049, 2048, 2049, 2048]","[2049, 2048, 2049, 2048, 2048]",306.0
1266,9922,63,9,2025-08-01T15:29:15.970000+00:00,,41.421,25.686,240.0,213,True,321.644,"[2064, 2064, 2048, 2048, 2048, 2048, 2048]","[2048, 2048, 2048, 2048, 2048, 2048, 2048, 2048]","[2048, 2048, 2048, 2048, 2048, 2049]",
1266,9922,27,14,2025-08-01T15:29:29.388000+00:00,45.473,46.288,41.811,132.0,135,False,133.572,"[2048, 2048, 2048, 2048, 2048, 2048, 2048]","[2048, 2048, 2048, 2048, 2048, 2048, 2048, 2048]","[2048, 2048, 2048, 2064, 2064, 2064]",212.0
1266,9922,30,11,2025-08-01T15:29:38.194000+00:00,28.002,27.243,21.567,278.0,252,False,76.812,"[2048, 2049, 2048, 2049, 2051, 2049, 2048]","[2049, 2049, 2049, 2048, 2049, 2049, 2049, 2049]","[2049, 2051, 2049, 2049, 2048]",304.0
1266,9922,81,12,2025-08-01T15:29:39.788000+00:00,53.196,41.573,32.483,197.0,170,False,127.252,"[2048, 2048, 2048, 2048, 2048, 2048, 2048]","[2048, 2048, 2048, 2048, 2048, 2048, 2048, 2048]","[2048, 2048, 2048, 2064, 2064, 2064]",162.0
1266,9922,10,8,2025-08-01T15:29:46.054000+00:00,28.443,28.155,27.691,277.0,250,False,84.289,"[2048, 2048, 2048, 2049, 2049, 2048, 2048]","[2048, 2048, 2048, 2048, 2048, 2048, 2048, 2049]","[2048, 2048, 2048, 2064, 2064, 2064]",302.0
1266,9922,12,9,2025-08-01T15:29:46.788000+00:00,52.779,45.709,38.381,119.0,137,False,136.869,"[2048, 2048, 2048, 2048, 2048, 2048, 2048]","[2048, 2048, 2048, 2048, 2048, 2048, 2048, 2048]","[2048, 2048, 2048, 2064, 2064, 2064]",221.0
1266,9922,55,14,2025-08-01T15:29:50.804000+00:00,32.338,37.405,31.772,237.0,214,False,101.515,"[None, 2049, 2048, 2048, 2048, 2048, 2048]","[2048, 2048, 2048, 2048, 2048, 2048, 2048, 2048]","[2048, 2048, 2048, 2048, 2048, 2048]",304.0
1266,9922,87,10,2025-08-01T15:29:52.225000+00:00,36.593,37.245,32.327,98.0,213,False,106.165,"[2048, 2048, 2048, 2048, 2048, 2048, 2048]","[2048, 2048, 2048, 2048, 2048, 2048, 2048, 2048]","[2048, 2048, 2048, 2048, 2048, 2049]",289.0
1266,9922,4,10,2025-08-01T15:29:55.007000+00:00,27.673,26.565,21.386,277.0,258,False,75.624,"[2049, 2049, 2048, 2048, 2049, 2049, 2049]","[2051, 2049, 2051, 2051, 2051, 2048, 2049, 2049]","[2049, 2051, 2049, 2048, 2048, 2048]",309.0
1266,9922,43,12,2025-08-01T15:29:57.944000+00:00,53.765,52.627,38.027,128.0,132,False,144.419,"[None, 2048, 2048, 2048, 2048, 2048, 2048]","[2048, 2048, 2048, 2048, 2048, 2048, 2048, 2048]","[2048, 2048, 2048, 2064, 2064, 2064]",225.0
1266,9922,5,12,2025-08-01T15:30:00.835000+00:00,27.984,31.427,23.921,281.0,220,False,83.332,"[2049, 2049, 2049, 2049, 2049, 2049, 2049]","[2049, 2049, 2049, 2049, 2048, 2048, 2048, 2048]","[2048, 2048, 2048, 2048, 2048, 2048]",309.0
1266,9922,16,11,2025-08-01T15:30:07.890000+00:00,35.842,41.51,25.171,181.0,193,False,102.523,"[2049, 2049, 2049, 2048, 2048, 2048, 2048]","[2048, 2048, 2048, 2048, 2048, 2048, 2048, 2048]","[2048, 2048, 2048, 2048, 2048, 2048]",311.0
1266,9922,31,12,2025-08-01T15:30:10.177000+00:00,44.664,50.894,39.03,157.0,178,False,134.588,"[2048, 2048, 2048, 2048, 2048, 2048, 2048]","[2048, 2048, 2048, 2048, 2048, 2048, 2048, 2048]","[2048, 2048, 2048, 2064, 2064, 2064]",249.0
1266,9922,44,11,2025-08-01T15:30:14.713000+00:00,27.77,26.851,21.851,285.0,258,False,76.472,"[2051, 2051, 2048, 2048, 2049, 2049, 2051]","[2049, 2048, 2049, 2049, 2049, 2049, 2049, 2049]","[2051, 2049, 2048, 2049, 2048]",312.0
1266,9922,6,12,2025-08-01T15:30:21.582000+00:00,35.806,42.917,24.906,180.0,229,False,103.629,"[2048, 2048, 2048, 2048, 2048, 2048, 2048]","[2048, 2048, 2048, 2048, 2048, 2048, 2048, 2048]","[2048, 2048, 2048, 2064, 2064, 2064]",258.0
1266,9922,23,13,2025-08-01T15:30:29.100000+00:00,49.359,51.472,33.633,161.0,153,False,134.464,"[2048, 2048, 2048, 2048, 2048, 2048, 2048]","[2048, 2048, 2048, 2048, 2048, 2048, 2048, 2048]","[2048, 2048, 2048, 2064, 2064, 2064]",179.0
1266,9922,1,8,2025-08-01T15:30:36.163000+00:00,28.022,26.963,21.806,275.0,255,False,76.791,"[2048, 2048, 2049, 2048, 2049, 2048, 2048]","[2049, 2049, 2048, 2049, 2049, 2049, 2049, 2049]","[2049, 2048, 2049, 2049, 2048, 2048]",303.0
1266,9922,18,11,2025-08-01T15:30:36.928000+00:00,88.726,47.016,25.927,176.0,187,True,161.669,"[2064, 2064, 2048, 2048, 2048, 2048, 2048]","[2048, 2048, 2048, 2048, 2048, 2048, 2048, 2048]","[2048, 2048, 2048, 2048, 2048, 2049]",
1266,9922,30,12,2025-08-01T15:30:54.881000+00:00,38.969,37.195,35.822,186.0,141,False,111.986,"[None, 2048, 2048, 2048, 2048, 2048, 2048]","[2048, 2048, 2048, 2048, 2048, 2048, 2048, 2048]","[2048, 2048, 2048, 2064, 2064, 2064]",292.0
1266,9922,63,10,2025-08-01T15:31:02.022000+00:00,27.759,26.992,21.666,280.0,255,False,76.417,"[2049, 2049, 2049, 2049, 2051, 2049, 2049]","[2049, 2049, 2049, 2048, 2049, 2049, 2049, 2049]","[2049, 2049, 2049, 2048, 2049]",310.0
1266,9922,4,11,2025-08-01T15:31:10.676000+00:00,43.416,45.683,36.31,176.0,158,False,125.409,"[2048, 2048, 2048, 2048, 2048, 2048, 2048]","[2048, 2048, 2048, 2048, 2048, 2048, 2048, 2048]","[2048, 2048, 2048, 2064, 2064, 2064]",214.0
1266,9922,22,13,2025-08-01T15:31:12.543000+00:00,,34.479,23.053,218.0,228,True,557.989,"[2064, 2064, 2048, 2048, 2048, 2048, 2048]","[2048, 2048, 2048, 2048, 2048, 2048, 2048, 2048]","[2048, 2048, 2048, 2048, 2049, 2049]",
1266,9922,5,13,2025-08-01T15:31:24.041000+00:00,37.487,40.702,36.006,195.0,146,False,114.195,"[2048, 2048, 2048, 2048, 2048, 2048, 2048]","[2048, 2048, 2048, 2048, 2048, 2048, 2048, 2048]","[2048, 2048, 2048, 2064, 2064, 2064]",253.0
1266,9922,44,12,2025-08-01T15:31:31.130000+00:00,55.217,60.846,42.883,110.0,103,False,158.946,"[2048, 2048, 2048, 2048, 2048, 2048, 2048]","[2048, 2048, 2048, 2048, 2048, 2048, 2048, 2048]","[2048, 2048, 2048, 2064, 2064, 2064]",186.0
1266,9922,55,15,2025-08-01T15:31:32.343000+00:00,28.184,27.421,28.553,273.0,250,False,84.158,"[None, 2048, 2049, 2048, 2048, 2048, 2048]","[2048, 2048, 2048, 2049, 2048, 2048, 2048, 2048]","[2048, 2048, 2048, 2064, 2064, 2064]",
1266,9922,10,9,2025-08-01T15:31:33.589000+00:00,60.307,39.395,28.958,229.0,207,True,128.66,"[2064, 2064, 2048, 2048, 2048, 2048, 2048]","[2048, 2048, 2048, 2048, 2048, 2048, 2048, 2048]","[2048, 2048, 2048, 2048, 2049, 2049]",
1266,9922,87,11,2025-08-01T15:31:38.370000+00:00,27.713,27.316,21.993,282.0,227,False,77.022,"[2049, 2049, 2049, 2049, 2049, 2049, 2049]","[2049, 2049, 2049, 2049, 2049, 2049, 2049, 2048]","[2048, 2048, 2049, 2049, 2048]",308.0
1266,9922,16,12,2025-08-01T15:31:50.492000+00:00,27.76,26.795,21.59,282.0,257,False,76.145,"[2048, 2048, 2049, 2049, 2049, 2049, 2048]","[2049, 2049, 2049, 2048, 2048, 2049, 2051, 2049]","[2049, 2048, 2049, 2049, 2048, 2048]",310.0
1266,9922,14,12,2025-08-01T15:31:51.929000+00:00,,38.841,26.55,183.0,206,True,398.051,"[2064, 2064, 2048, 2048, 2048, 2048, 2048]","[2048, 2048, 2048, 2048, 2048, 2048, 2048, 2048]","[2048, 2048, 2048, 2048, 2049, 2049]",
1266,9922,1,9,2025-08-01T15:31:52.836000+00:00,36.178,37.474,29.788,202.0,203,False,103.44,"[None, 2048, 2048, 2048, 2048, 2048, 2048]","[2048, 2048, 2048, 2048, 2048, 2048, 2048, 2048]","[2048, 2048, 2048, 2064, 2064, 2064]",197.0
1266,9922,81,13,2025-08-01T15:32:01.633000+00:00,54.411,42.085,27.062,176.0,163,True,123.558,"[2064, 2064, 2048, 2048, 2048, 2048, 2048]","[2048, 2048, 2048, 2048, 2048, 2048, 2048, 2048]","[2048, 2048, 2048, 2048, 2048, 2048]",
1266,9922,27,15,2025-08-01T15:32:11.180000+00:00,68.415,44.637,30.291,135.0,190,True,143.343,"[2064, 2064, 2048, 2048, 2048, 2048, 2048]","[2048, 2048, 2048, 2048, 2048, 2048, 2048, 2048]","[2048, 2048, 2048, 2048, 2048, 2049]",
1266,9922,63,11,2025-08-01T15:32:18.211000+00:00,51.051,48.215,42.049,178.0,137,False,141.315,"[2048, 2048, 2048, 2048, 2048, 2048, 2048]","[2048, 2048, 2048, 2048, 2048, 2048, 2048, 2048]","[2048, 2048, 2048, 2064, 2064, 2064]",198.0
1266,9922,18,12,2025-08-01T15:32:32.770000+00:00,27.722,26.9,21.497,277.0,256,False,76.119,"[2049, 2049, 2051, 2051, 2048, 2048, 2048]","[2049, 2048, 2049, 2048, 2049, 2049, 2049, 2049]","[2049, 2048, 2048, 2049, 2048]",308.0
1266,9922,43,13,2025-08-01T15:32:47.151000+00:00,69.071,45.401,25.349,228.0,214,True,139.821,"[2064, 2064, 2048, 2048, 2048, 2048, 2048]","[2048, 2048, 2048, 2048, 2048, 2048, 2048, 2048]","[2048, 2048, 2048, 2048, 2048, 2048]",
1266,9922,22,14,2025-08-01T15:32:47.192000+00:00,27.813,26.951,21.721,278.0,255,False,76.485,"[2049, 2049, 2049, 2049, 2049, 2049, 2049]","[2049, 2049, 2049, 2049, 2049, 2049, 2049, 2049]","[2049, 2049, 2049, 2049, 2048]",307.0
1266,9922,31,13,2025-08-01T15:32:50.138000+00:00,70.185,44.909,30.743,189.0,204,True,145.837,"[2064, 2064, 2048, 2048, 2048, 2048, 2048]","[2048, 2048, 2048, 2048, 2048, 2048, 2048, 2048]","[2048, 2048, 2048, 2048, 2048, 2048]",
1266,9922,87,12,2025-08-01T15:32:55.273000+00:00,55.573,54.639,39.134,121.0,139,False,149.346,"[2048, 2048, 2048, 2048, 2048, 2048, 2048]","[2048, 2048, 2048, 2048, 2048, 2048, 2048, 2048]","[2048, 2048, 2048, 2064, 2064, 2064]",165.0
1266,9922,16,13,2025-08-01T15:33:06.601000+00:00,43.555,45.362,37.53,164.0,160,False,126.447,"[None, 2048, 2048, 2048, 2048, 2048, 2048]","[2048, 2048, 2048, 2048, 2048, 2048, 2048, 2048]","[2048, 2048, 2048, 2064, 2064, 2064]",293.0
1266,9922,23,14,2025-08-01T15:33:15.567000+00:00,77.798,38.388,29.059,154.0,204,True,145.245,"[2064, 2064, 2048, 2048, 2048, 2048, 2048]","[2048, 2048, 2048, 2048, 2048, 2048, 2048, 2048]","[2048, 2048, 2048, 2048, 2048, 2048]",
1266,9922,10,10,2025-08-01T15:33:19.839000+00:00,28.105,27.146,21.792,277.0,244,False,77.043,"[2048, 2048, 2049, 2049, 2049, 2048, 2048]","[2049, 2049, 2049, 2049, 2049, 2049, 2049, 2049]","[2048, 2049, 2049, 2049, 2048, 2048]",304.0
1266,9922,14,13,2025-08-01T15:33:32.820000+00:00,27.68,26.985,21.568,281.0,255,False,76.233,"[2049, 2049, 2049, 2049, 2049, 2049, 2049]","[2049, 2049, 2049, 2049, 2049, 2049, 2049, 2049]","[2049, 2049, 2049, 2049, 2048]",309.0
1266,9922,12,10,2025-08-01T15:33:39.270000+00:00,,47.04,25.504,134.0,166,True,219.314,"[2064, 2064, 2048, 2048, 2048, 2048, 2048]","[2048, 2048, 2048, 2048, 2048, 2048, 2048, 2048]","[2048, 2048, 2048, 2048, 2048, 2048]",
1266,9922,5,14,2025-08-01T15:33:42.905000+00:00,66.382,39.355,24.967,163.0,212,True,130.704,"[2064, 2064, 2048, 2048, 2048, 2048, 2048]","[2048, 2048, 2048, 2048, 2048, 2048, 2048, 2048]","[2048, 2048, 2048, 2048, 2049, 2049]",
1266,9922,18,13,2025-08-01T15:33:49.366000+00:00,42.818,53.949,35.317,162.0,126,False,132.084,"[2048, 2048, 2048, 2048, 2048, 2048, 2048]","[2048, 2048, 2048, 2048, 2048, 2048, 2048, 2048]","[2048, 2048, 2048, 2048, 2048, 2048]",256.0
1266,9922,81,14,2025-08-01T15:33:50.476000+00:00,27.689,26.752,21.478,275.0,251,False,75.919,"[2049, 2049, 2049, 2049, 2051, 2048, 2048]","[2051, 2051, 2049, 2049, 2048, 2048, 2048, 2048]","[2048, 2048, 2048, 2051, 2048, 2048]",309.0
1266,9922,4,12,2025-08-01T15:33:55.193000+00:00,86.619,42.305,27.909,238.0,191,True,156.833,"[2064, 2064, 2048, 2048, 2048, 2048, 2048]","[2048, 2048, 2048, 2048, 2048, 2048, 2048, 2048]","[2048, 2048, 2048, 2048, 2049, 2049]",
1266,9922,22,15,2025-08-01T15:34:03.405000+00:00,46.724,45.618,39.174,147.0,134,False,131.516,"[2048, 2048, 2048, 2048, 2048, 2048, 2048]","[2048, 2048, 2048, 2048, 2048, 2048, 2048, 2048]","[2048, 2048, 2048, 2064, 2064, 2064]",263.0
1266,9922,27,16,2025-08-01T15:34:06.311000+00:00,27.888,27.185,21.607,279.0,250,False,76.68,"[2049, 2049, 2049, 2048, 2048, 2049, 2048]","[2048, 2049, 2049, 2049, 2048, 2049, 2049, 2049]","[2049, 2048, 2048, 2048, 2048]",309.0
1266,9922,44,13,2025-08-01T15:34:33.714000+00:00,61.228,32.675,26.547,224.0,224,True,120.45,"[2064, 2064, 2048, 2048, 2048, 2048, 2048]","[2048, 2048, 2048, 2048, 2048, 2048, 2048, 2048]","[2048, 2048, 2048, 2048, 2048, 2049]",
1266,9922,10,11,2025-08-01T15:34:36.051000+00:00,46.387,52.198,35.211,131.0,144,False,133.796,"[None, 2048, 2048, 2048, 2048, 2048, 2048]","[2048, 2048, 2048, 2048, 2048, 2048, 2048, 2048]","[2048, 2048, 2048, 2064, 2064, 2064]",287.0
1266,9922,43,14,2025-08-01T15:34:42.301000+00:00,28.039,27.313,21.807,276.0,254,False,77.159,"[2048, 2048, 2049, 2049, 2049, 2048, 2048]","[2048, 2049, 2049, 2049, 2048, 2048, 2048, 2048]","[2049, 2049, 2048, 2048, 2048]",304.0
1266,9922,14,14,2025-08-01T15:34:50.004000+00:00,55.454,46.896,37.917,164.0,169,False,140.267,"[2048, 2048, 2048, 2048, 2048, 2048, 2048]","[2048, 2048, 2048, 2048, 2048, 2048, 2048, 2048]","[2048, 2048, 2048, 2064, 2064, 2064]",117.0
1266,9922,31,14,2025-08-01T15:34:50.629000+00:00,27.916,27.285,22.115,282.0,246,False,77.316,"[2049, 2049, 2049, 2049, 2048, 2048, 2048]","[2048, 2049, 2048, 2048, 2049, 2048, 2048, 2048]","[2048, 2048, 2048, 2048, 2048, 2048]",308.0
1266,9922,63,12,2025-08-01T15:35:02.332000+00:00,70.643,52.574,30.385,162.0,143,True,153.602,"[2064, 2064, 2048, 2048, 2048, 2048, 2048]","[2048, 2048, 2048, 2048, 2048, 2048, 2048, 2048]","[2048, 2048, 2048, 2048, 2048, 2048]",
1266,9922,81,15,2025-08-01T15:35:06.489000+00:00,37.353,33.365,33.862,218.0,211,False,104.58,"[2048, 2048, 2048, 2048, 2048, 2048, 2048]","[2048, 2048, 2048, 2048, 2048, 2048, 2048, 2048]","[2048, 2048, 2048, 2064, 2064, 2064]",197.0
1266,9922,23,15,2025-08-01T15:35:08.910000+00:00,28.114,27.213,23.438,275.0,251,False,78.765,"[2048, 2048, 2048, 2048, 2049, 2048, 2048]","[2048, 2049, 2049, 2049, 2048, 2048, 2048, 2049]","[2048, 2048, 2048, 2048, 2048, 2048]",304.0
1266,9922,27,17,2025-08-01T15:35:22.864000+00:00,35.646,32.554,26.389,256.0,207,False,94.589,"[2048, 2048, 2048, 2048, 2048, 2048, 2048]","[2048, 2048, 2048, 2048, 2048, 2048, 2048, 2048]","[2048, 2048, 2048, 2064, 2064, 2064]",283.0
1266,9922,5,15,2025-08-01T15:35:29.035000+00:00,27.967,27.257,21.722,278.0,249,False,76.946,"[2048, 2048, 2049, 2048, 2049, 2048, 2048]","[2049, 2049, 2049, 2049, 2049, 2049, 2049, 2049]","[2049, 2049, 2049, 2049, 2048]",307.0
1266,9922,16,14,2025-08-01T15:35:40.114000+00:00,79.046,45.383,26.351,155.0,162,True,150.78,"[2064, 2064, 2048, 2048, 2048, 2048, 2048]","[2048, 2048, 2048, 2048, 2048, 2048, 2048, 2048]","[2048, 2048, 2048, 2048, 2048, 2048]",
1266,9922,12,11,2025-08-01T15:35:43.082000+00:00,27.92,27.093,21.56,281.0,255,False,76.573,"[2048, 2048, 2048, 2049, 2048, 2048, 2048]","[2048, 2048, 2048, 2048, 2048, 2048, 2048, 2049]","[2048, 2048, 2049, 2048, 2048, 2048]",308.0
1266,9922,4,13,2025-08-01T15:35:52.942000+00:00,27.703,26.609,33.135,277.0,256,False,87.447,"[2048, 2048, 2048, 2049, 2048, 2048, 2048]","[2048, 2049, 2048, 2048, 2048, 2048, 2049, 2048]","[2048, 2048, 2048, 2048, 2048]",306.0
1266,9922,43,15,2025-08-01T15:35:59.426000+00:00,53.792,36.37,27.254,197.0,200,False,117.416,"[None, 2048, 2048, 2048, 2048, 2048, 2048]","[2048, 2048, 2048, 2048, 2048, 2048, 2048, 2048]","[2048, 2048, 2048, 2064, 2064, 2064]",215.0
1266,9922,18,14,2025-08-01T15:36:00.864000+00:00,46.736,44.547,27.395,155.0,206,False,118.678,"[None, 2048, 2048, 2048, 2048, 2048, 2048]","[2048, 2048, 2048, 2048, 2048, 2048, 2048, 2048]","[2048, 2048, 2048, 2048, 2048, 2048]",272.0
1266,9922,31,15,2025-08-01T15:36:07.911000+00:00,37.649,35.302,29.567,225.0,180,False,102.518,"[2048, 2048, 2048, 2048, 2048, 2048, 2048]","[2048, 2048, 2048, 2048, 2048, 2048, 2048, 2048]","[2048, 2048, 2048, 2064, 2064, 2064]",285.0
1266,9922,44,14,2025-08-01T15:36:10.567000+00:00,27.637,26.959,21.733,283.0,255,False,76.329,"[2051, 2048, 2049, 2049, 2049, 2049, 2048]","[2048, 2049, 2049, 2048, 2048, 2049, 2048, 2048]","[2048, 2048, 2049, 2049, 2048, 2048]",313.0
1266,9922,87,13,2025-08-01T15:36:14.473000+00:00,91.256,36.67,34.462,230.0,198,True,162.388,"[2064, 2064, 2048, 2048, 2048, 2048, 2048]","[2048, 2048, 2048, 2048, 2048, 2048, 2048, 2048]","[2048, 2048, 2048, 2048, 2049, 2049]",
1266,9922,23,16,2025-08-01T15:36:27.702000+00:00,31.21,34.141,31.781,276.0,196,False,97.132,"[None, 2048, 2048, 2048, 2048, 2048, 2048]","[2048, 2048, 2048, 2048, 2048, 2048, 2048, 2048]","[2048, 2048, 2048, 2064, 2064, 2064]",258.0
1266,9922,22,16,2025-08-01T15:36:42.599000+00:00,71.846,40.684,26.945,182.0,161,True,139.475,"[2064, 2064, 2048, 2048, 2048, 2048, 2048]","[2048, 2048, 2048, 2048, 2048, 2048, 2048, 2048]","[2048, 2048, 2048, 2048, 2048, 2048]",
1266,9922,5,16,2025-08-01T15:36:45.771000+00:00,35.523,30.092,25.696,246.0,237,False,91.311,"[None, 2048, 2048, 2048, 2048, 2048, 2048]","[2048, 2048, 2048, 2048, 2048, 2048, 2048, 2048]","[2048, 2048, 2048, 2064, 2064, 2064]",237.0
1266,9922,12,12,2025-08-01T15:36:59.737000+00:00,42.613,39.66,31.812,156.0,169,False,114.085,"[None, 2048, 2048, 2048, 2048, 2048, 2048]","[2048, 2048, 2048, 2048, 2048, 2048, 2048, 2048]","[2048, 2048, 2048, 2064, 2064, 2064]",225.0
1266,9922,10,12,2025-08-01T15:37:04.365000+00:00,59.968,42.242,29.452,173.0,178,True,131.662,"[2064, 2064, 2048, 2048, 2048, 2048, 2048]","[2048, 2048, 2048, 2048, 2048, 2048, 2048, 2048]","[2048, 2048, 2048, 2048, 2048, 2048]",
1266,9922,63,13,2025-08-01T15:37:13.343000+00:00,27.984,27.051,21.608,281.0,254,False,76.643,"[2048, 2048, 2048, 2049, 2048, 2048, 2048]","[2048, 2048, 2048, 2049, 2049, 2048, 2048, 2048]","[2049, 2049, 2049, 2048, 2049, 2048]",308.0
1266,9922,4,14,2025-08-01T15:37:20.640000+00:00,39.529,32.104,25.568,228.0,217,False,97.201,"[None, 2048, 2048, 2048, 2048, 2048, 2048]","[2048, 2048, 2048, 2048, 2048, 2048, 2048, 2048]","[2048, 2048, 2048, 2064, 2064, 2064]",185.0
1266,9922,44,15,2025-08-01T15:37:26.937000+00:00,34.289,31.243,26.54,256.0,213,False,92.072,"[2048, 2048, 2048, 2048, 2048, 2048, 2048]","[2048, 2048, 2048, 2048, 2048, 2048, 2048, 2048]","[2048, 2048, 2048, 2064, 2064, 2064]",283.0
1266,9922,16,15,2025-08-01T15:37:43.852000+00:00,27.779,26.716,21.528,283.0,255,False,76.023,"[2048, 2048, 2048, 2049, 2049, 2049, 2049]","[2049, 2049, 2048, 2049, 2049, 2048, 2048, 2048]","[2048, 2049, 2049, 2048, 2048, 2048]",308.0
1266,9922,18,15,2025-08-01T15:37:59.652000+00:00,28.056,27.145,27.575,276.0,256,False,82.776,"[None, 2048, 2048, 2048, 2048, 2048, 2048]","[2048, 2048, 2048, 2048, 2049, 2048, 2048, 2049]","[2048, 2048, 2048, 2064, 2064, 2064]",302.0
1266,9922,87,14,2025-08-01T15:38:07.155000+00:00,27.682,27.293,21.592,281.0,251,False,76.567,"[2049, 2048, 2049, 2049, 2049, 2048, 2048]","[2048, 2048, 2048, 2048, 2048, 2048, 2048, 2049]","[2049, 2049, 2049, 2049, 2048]",307.0
1266,9922,6,13,2025-08-01T15:38:19.705000+00:00,,32.032,24.222,259.0,232,True,480.022,"[2064, 2064, 2048, 2048, 2048, 2048, 2048]","[2048, 2048, 2048, 2048, 2048, 2048, 2048, 2048]","[2048, 2048, 2048, 2048, 2048, 2048]",
1266,9922,14,15,2025-08-01T15:38:20.397000+00:00,,42.48,25.65,182.0,198,True,175.337,"[2064, 2064, 2048, 2048, 2048, 2048, 2048]","[2048, 2048, 2048, 2048, 2048, 2048, 2048, 2048]","[2048, 2048, 2048, 2048, 2048, 2048]",
1266,9922,63,14,2025-08-01T15:38:29.953000+00:00,38.839,33.875,27.079,240.0,217,False,99.793,"[None, 2048, 2048, 2048, 2048, 2048, 2048]","[2048, 2048, 2048, 2048, 2048, 2048, 2048, 2048]","[2048, 2048, 2048, 2064, 2064, 2064]",196.0
1266,9922,22,17,2025-08-01T15:38:34.641000+00:00,28.121,27.39,30.946,278.0,251,False,86.457,"[2048, 2048, 2048, 2048, 2048, 2048, 2048]","[2048, 2048, 2048, 2048, 2048, 2048, 2048, 2048]","[2048, 2048, 2048, 2064, 2064, 2064]",304.0
1266,9922,30,13,2025-08-01T15:38:59.094000+00:00,,30.663,23.261,268.0,234,True,472.329,"[2064, 2064, 2048, 2048, 2048, 2048, 2048]","[2048, 2048, 2048, 2048, 2048, 2048, 2048, 2048]","[2048, 2048, 2048, 2048, 2048, 2048]",
1266,9922,16,16,2025-08-01T15:38:59.844000+00:00,34.057,32.891,27.91,230.0,220,False,94.858,"[None, 2048, 2048, 2048, 2048, 2048, 2048]","[2048, 2048, 2048, 2048, 2048, 2048, 2048, 2048]","[2048, 2048, 2048, 2064, 2064, 2064]",265.0
1266,9922,10,13,2025-08-01T15:39:01.469000+00:00,28.017,27.416,21.647,277.0,249,False,77.08,"[2049, 2048, 2049, 2049, 2048, 2048, 2048]","[2048, 2048, 2048, 2048, 2049, 2048, 2048, 2049]","[2048, 2049, 2049, 2049, 2048, 2048]",305.0
1266,9922,87,15,2025-08-01T15:39:23.610000+00:00,41.838,49.996,34.931,142.0,148,False,126.765,"[2048, 2048, 2048, 2048, 2048, 2048, 2048]","[2048, 2048, 2048, 2048, 2048, 2048, 2048, 2048]","[2048, 2048, 2048, 2064, 2064, 2064]",218.0
1266,9922,55,16,2025-08-01T15:39:35.876000+00:00,,30.203,27.03,269.0,238,True,506.401,"[2064, 2064, 2048, 2048, 2048, 2048, 2048]","[2048, 2048, 2048, 2048, 2048, 2048, 2048, 2048]","[2048, 2048, 2048, 2064, 2064, 2064]",
1266,9922,14,16,2025-08-01T15:40:04.754000+00:00,27.651,26.978,21.626,279.0,256,False,76.255,"[2048, 2048, 2051, 2049, 2048, 2049, 2048]","[2049, 2048, 2048, 2049, 2049, 2048, 2048, 2049]","[2049, 2048, 2049, 2048, 2048, 2048]",308.0
1266,9922,6,14,2025-08-01T15:40:05.410000+00:00,30.334,30.049,23.395,273.0,237,False,83.778,"[2048, 2048, 2048, 2048, 2048, 2048, 2048]","[2048, 2048, 2048, 2048, 2048, 2048, 2048, 2048]","[2048, 2048, 2048, 2048, 2048, 2048]",300.0
1266,9922,10,14,2025-08-01T15:40:18.848000+00:00,34.5,34.863,28.628,198.0,199,False,97.991,"[2048, 2048, 2048, 2048, 2048, 2048, 2048]","[2048, 2048, 2048, 2048, 2048, 2048, 2048, 2048]","[2048, 2048, 2048, 2064, 2064, 2064]",285.0
1266,9922,30,14,2025-08-01T15:40:39.207000+00:00,29.977,29.514,23.001,271.0,236,False,82.492,"[2048, 2048, 2048, 2048, 2048, 2048, 2048]","[2048, 2048, 2048, 2048, 2048, 2048, 2048, 2048]","[2048, 2048, 2048, 2048, 2048, 2048]",283.0
1266,9922,1,10,2025-08-01T15:40:44.989000+00:00,,32.24,23.444,234.0,230,True,525.494,"[2064, 2064, 2048, 2048, 2048, 2048, 2048]","[2048, 2048, 2048, 2048, 2048, 2048, 2048, 2048]","[2048, 2048, 2048, 2048, 2048, 2048]",
1266,9922,14,17,2025-08-01T15:41:20.989000+00:00,41.668,29.014,29.593,239.0,233,False,100.275,"[None, 2048, 2048, 2048, 2048, 2048, 2048]","[2048, 2048, 2048, 2048, 2048, 2048, 2048, 2048]","[2048, 2048, 2048, 2064, 2064, 2064]",129.0
1266,9922,6,15,2025-08-01T15:41:29.223000+00:00,30.094,29.527,23.154,,239,False,82.775,"[None, 2048, 2048, 2048, 2048, 2048, 2048]","[2048, 2048, 2048, 2048, 2048, 2048, 2048, 2048]","[2048, 2048, 2048, 2048, 2048, 2048]",283.0
1266,9922,55,17,2025-08-01T15:41:49.974000+00:00,56.503,30.837,23.854,269.0,228,True,111.194,"[None, 2064, 2048, 2048, 2048, 2048, 2048]","[2048, 2048, 2048, 2048, 2048, 2048, 2048, 2048]","[2048, 2048, 2048, 2048, 2048, 2048]",
1266,9922,30,15,2025-08-01T15:42:01.746000+00:00,29.946,29.428,23.056,272.0,236,False,82.43,"[None, 2048, 2048, 2048, 2048, 2048, 2048]","[2048, 2048, 2048, 2048, 2048, 2048, 2048, 2048]","[2048, 2048, 2048, 2048, 2048, 2048]",
1266,9922,81,16,2025-08-01T15:42:20.398000+00:00,,29.995,23.029,267.0,239,True,427.111,"[2064, 2064, 2048, 2048, 2048, 2048, 2048]","[2048, 2048, 2048, 2048, 2048, 2048, 2048, 2048]","[2048, 2048, 2048, 2048, 2048, 2048]",
1266,9922,1,11,2025-08-01T15:42:21.893000+00:00,29.754,29.549,23.116,271.0,240,False,82.419,"[2048, 2048, 2048, 2048, 2048, 2048, 2048]","[2048, 2048, 2048, 2048, 2048, 2048, 2048, 2048]","[2048, 2048, 2048, 2048, 2048, 2048]",282.0
1266,9922,6,16,2025-08-01T15:42:51.990000+00:00,29.982,29.324,23.07,274.0,240,False,82.376,"[None, 2048, 2048, 2048, 2048, 2048, 2048]","[2048, 2048, 2048, 2048, 2048, 2048, 2048, 2048]","[2048, 2048, 2048, 2048, 2048, 2048]",
1266,9922,55,18,2025-08-01T15:43:14.131000+00:00,29.759,29.383,23.01,273.0,237,False,82.152,"[2048, 2048, 2048, 2048, 2048, 2048, 2048]","[2048, 2048, 2048, 2048, 2048, 2048, 2048, 2048]","[2048, 2048, 2048, 2048, 2048, 2048]",283.0
1266,9922,31,16,2025-08-01T15:43:15.303000+00:00,,30.398,23.246,271.0,235,True,421.566,"[2064, 2064, 2048, 2048, 2048, 2048, 2048]","[2048, 2048, 2048, 2048, 2048, 2048, 2048, 2048]","[2048, 2048, 2048, 2048, 2048, 2048]",
1266,9922,30,16,2025-08-01T15:43:24.190000+00:00,29.733,29.462,22.987,273.0,239,False,82.182,"[None, 2048, 2048, 2048, 2048, 2048, 2048]","[2048, 2048, 2048, 2048, 2048, 2048, 2048, 2048]","[2048, 2048, 2048, 2048, 2048, 2048]",284.0
1266,9922,23,17,2025-08-01T15:43:26.846000+00:00,,30.6,23.323,269.0,234,True,416.715,"[2064, 2064, 2048, 2048, 2048, 2048, 2048]","[2048, 2048, 2048, 2048, 2048, 2048, 2048, 2048]","[2048, 2048, 2048, 2048, 2048, 2048]",
1266,9922,27,18,2025-08-01T15:43:32.002000+00:00,,31.128,23.429,266.0,233,True,497.189,"[2064, 2064, 2048, 2048, 2048, 2048, 2048]","[2048, 2048, 2048, 2048, 2048, 2048, 2048, 2048]","[2048, 2048, 2048, 2048, 2048, 2048]",
1266,9922,1,12,2025-08-01T15:43:44.268000+00:00,29.757,29.253,22.993,274.0,242,False,82.003,"[None, 2048, 2048, 2048, 2048, 2048, 2048]","[2048, 2048, 2048, 2048, 2048, 2048, 2048, 2048]","[2048, 2048, 2048, 2048, 2048, 2048]",
1266,9922,81,17,2025-08-01T15:43:58.112000+00:00,29.679,29.306,22.843,271.0,238,False,81.828,"[2048, 2048, 2048, 2048, 2048, 2048, 2048]","[2048, 2048, 2048, 2048, 2048, 2048, 2048, 2048]","[2048, 2048, 2048, 2048, 2048, 2048]",282.0
1266,9922,5,17,2025-08-01T15:43:59.440000+00:00,,31.076,23.214,265.0,234,True,445.668,"[2064, 2064, 2048, 2048, 2048, 2048, 2048]","[2048, 2048, 2048, 2048, 2048, 2048, 2048, 2048]","[2048, 2048, 2048, 2048, 2048, 2048]",
1266,9922,12,13,2025-08-01T15:44:05.237000+00:00,,31.19,23.696,258.0,233,True,416.935,"[2064, 2064, 2048, 2048, 2048, 2048, 2048]","[2048, 2048, 2048, 2048, 2048, 2048, 2048, 2048]","[2048, 2048, 2048, 2048, 2048, 2048]",
1266,9922,43,16,2025-08-01T15:44:14.159000+00:00,,31.041,24.17,267.0,225,True,484.716,"[2064, 2064, 2048, 2048, 2048, 2048, 2048]","[2048, 2048, 2048, 2048, 2048, 2048, 2048, 2048]","[2048, 2048, 2048, 2048, 2048, 2048]",
1266,9922,6,17,2025-08-01T15:44:14.284000+00:00,29.859,29.241,23.218,,239,False,82.318,"[None, 2048, 2048, 2048, 2048, 2048, 2048]","[2048, 2048, 2048, 2048, 2048, 2048, 2048, 2048]","[2048, 2048, 2048, 2048, 2048, 2048]",284.0
1266,9922,44,16,2025-08-01T15:44:31.174000+00:00,,33.602,27.278,270.0,233,True,441.438,"[2064, 2064, 2048, 2048, 2048, 2048, 2048]","[2048, 2048, 2048, 2048, 2048, 2048, 2048, 2048]","[2048, 2048, 2048, 2048, 2048, 2048]",
1266,9922,55,19,2025-08-01T15:44:36.284000+00:00,30.235,38.756,24.102,268.0,233,False,93.093,"[None, 2048, 2048, 2048, 2048, 2048, 2048]","[2048, 2048, 2048, 2048, 2048, 2048, 2048, 2048]","[2048, 2048, 2048, 2048, 2048, 2048]",285.0
1266,9922,4,15,2025-08-01T15:44:40.178000+00:00,,30.676,22.902,255.0,240,True,448.855,"[2064, 2064, 2048, 2048, 2048, 2048, 2048]","[2048, 2048, 2048, 2048, 2048, 2048, 2048, 2048]","[2048, 2048, 2048, 2048, 2048, 2048]",
1266,9922,30,17,2025-08-01T15:44:46.339000+00:00,29.754,29.939,24.11,274.0,234,False,83.803,"[None, 2048, 2048, 2048, 2048, 2048, 2048]","[2048, 2048, 2048, 2048, 2048, 2048, 2048, 2048]","[2048, 2048, 2048, 2048, 2048, 2048]",286.0
1266,9922,31,17,2025-08-01T15:44:52.044000+00:00,29.606,29.616,23.176,273.0,235,False,82.398,"[2048, 2048, 2048, 2048, 2048, 2048, 2048]","[2048, 2048, 2048, 2048, 2048, 2048, 2048, 2048]","[2048, 2048, 2048, 2048, 2048, 2048]",286.0
1266,9922,23,18,2025-08-01T15:45:01.544000+00:00,29.514,29.501,23.079,272.0,237,False,82.094,"[2048, 2048, 2048, 2048, 2048, 2048, 2048]","[2048, 2048, 2048, 2048, 2048, 2048, 2048, 2048]","[2048, 2048, 2048, 2048, 2048, 2048]",287.0
1266,9922,18,16,2025-08-01T15:45:03.231000+00:00,,31.454,23.607,205.0,235,True,443.338,"[2064, 2064, 2048, 2048, 2048, 2048, 2048]","[2048, 2048, 2048, 2048, 2048, 2048, 2048, 2048]","[2048, 2048, 2048, 2048, 2048, 2048]",
1266,9922,1,13,2025-08-01T15:45:06.195000+00:00,29.636,29.499,27.641,,240,False,86.776,"[None, 2048, 2048, 2048, 2048, 2048, 2048]","[2048, 2048, 2048, 2048, 2048, 2048, 2048, 2048]","[2048, 2048, 2048, 2048, 2048, 2048]",287.0
1266,9922,27,19,2025-08-01T15:45:14.719000+00:00,29.774,29.534,23.115,273.0,234,False,82.423,"[2048, 2048, 2048, 2048, 2048, 2048, 2048]","[2048, 2048, 2048, 2048, 2048, 2048, 2048, 2048]","[2048, 2048, 2048, 2048, 2048, 2048]",283.0
1266,9922,63,15,2025-08-01T15:45:17.111000+00:00,,29.763,26.169,272.0,240,True,410.987,"[2064, 2064, 2048, 2048, 2048, 2048, 2048]","[2048, 2048, 2048, 2048, 2048, 2048, 2048, 2048]","[2048, 2048, 2048, 2048, 2048, 2048]",
1266,9922,22,18,2025-08-01T15:45:17.930000+00:00,,31.525,27.594,251.0,229,True,411.974,"[2064, 2064, 2048, 2048, 2048, 2048, 2048]","[2048, 2048, 2048, 2048, 2048, 2048, 2048, 2048]","[2048, 2048, 2048, 2048, 2048, 2048]",
1266,9922,81,18,2025-08-01T15:45:19.933000+00:00,30.011,29.362,23.032,266.0,238,False,82.405,"[None, 2048, 2048, 2048, 2048, 2048, 2048]","[2048, 2048, 2048, 2048, 2048, 2048, 2048, 2048]","[2048, 2048, 2048, 2048, 2048, 2048]",285.0
1266,9922,6,18,2025-08-01T15:45:36.674000+00:00,30.155,32.819,24.021,195.0,239,False,86.995,"[None, 2048, 2048, 2048, 2048, 2048, 2048]","[2048, 2048, 2048, 2048, 2048, 2048, 2048, 2048]","[2048, 2048, 2048, 2048, 2048, 2048]",285.0
1266,9922,5,18,2025-08-01T15:45:43.002000+00:00,29.604,29.33,22.94,270.0,238,False,81.874,"[2048, 2048, 2048, 2048, 2048, 2048, 2048]","[2048, 2048, 2048, 2048, 2048, 2048, 2048, 2048]","[2048, 2048, 2048, 2048, 2048, 2048]",284.0
1266,9922,12,14,2025-08-01T15:45:50.596000+00:00,29.749,29.609,22.971,270.0,239,False,82.329,"[2048, 2048, 2048, 2048, 2048, 2048, 2048]","[2048, 2048, 2048, 2048, 2048, 2048, 2048, 2048]","[2048, 2048, 2048, 2048, 2048, 2048]",285.0
1266,9922,16,17,2025-08-01T15:45:58.924000+00:00,,40.194,27.7,267.0,227,True,439.177,"[2064, 2064, 2048, 2048, 2048, 2048, 2048]","[2048, 2048, 2048, 2048, 2048, 2048, 2048, 2048]","[2048, 2048, 2048, 2048, 2048, 2048]",
1266,9922,43,17,2025-08-01T15:46:01.612000+00:00,29.708,29.255,22.964,270.0,238,False,81.927,"[2048, 2048, 2048, 2048, 2048, 2048, 2048]","[2048, 2048, 2048, 2048, 2048, 2048, 2048, 2048]","[2048, 2048, 2048, 2048, 2048, 2048]",285.0
1266,9922,55,20,2025-08-01T15:46:09.424000+00:00,29.694,29.433,23.018,275.0,235,False,82.145,"[None, 2048, 2048, 2048, 2048, 2048, 2048]","[2048, 2048, 2048, 2048, 2048, 2048, 2048, 2048]","[2048, 2048, 2048, 2048, 2048, 2048]",289.0
1266,9922,30,18,2025-08-01T15:46:10.190000+00:00,32.951,30.414,23.18,270.0,237,False,86.545,"[None, 2048, 2048, 2048, 2048, 2048, 2048]","[2048, 2048, 2048, 2048, 2048, 2048, 2048, 2048]","[2048, 2048, 2048, 2048, 2048, 2048]",287.0
1266,9922,31,18,2025-08-01T15:46:14.346000+00:00,29.537,30.219,26.582,275.0,236,False,86.338,"[None, 2048, 2048, 2048, 2048, 2048, 2048]","[2048, 2048, 2048, 2048, 2048, 2048, 2048, 2048]","[2048, 2048, 2048, 2048, 2048, 2048]",288.0
1266,9922,44,17,2025-08-01T15:46:20.495000+00:00,29.528,28.958,23.044,276.0,240,False,81.53,"[2048, 2048, 2048, 2048, 2048, 2048, 2048]","[2048, 2048, 2048, 2048, 2048, 2048, 2048, 2048]","[2048, 2048, 2048, 2048, 2048, 2048]",285.0
1266,9922,23,19,2025-08-01T15:46:23.663000+00:00,29.589,29.569,23.16,,238,False,82.318,"[None, 2048, 2048, 2048, 2048, 2048, 2048]","[2048, 2048, 2048, 2048, 2048, 2048, 2048, 2048]","[2048, 2048, 2048, 2048, 2048, 2048]",288.0
1266,9922,4,16,2025-08-01T15:46:26.441000+00:00,29.536,28.857,22.919,273.0,243,False,81.312,"[2048, 2048, 2048, 2048, 2048, 2048, 2048]","[2048, 2048, 2048, 2048, 2048, 2048, 2048, 2048]","[2048, 2048, 2048, 2048, 2048, 2048]",286.0
1266,9922,87,16,2025-08-01T15:46:27.785000+00:00,,30.361,32.945,267.0,233,True,392.741,"[2064, 2064, 2048, 2048, 2048, 2048, 2048]","[2048, 2048, 2048, 2048, 2048, 2048, 2048, 2048]","[2048, 2048, 2048, 2048, 2048, 2048]",
1266,9922,1,14,2025-08-01T15:46:32.994000+00:00,29.718,29.507,25.279,275.0,240,False,84.504,"[None, 2048, 2048, 2048, 2048, 2048, 2048]","[2048, 2048, 2048, 2048, 2048, 2048, 2048, 2048]","[2048, 2048, 2048, 2048, 2048, 2048]",286.0
1266,9922,27,20,2025-08-01T15:46:37.157000+00:00,29.59,29.638,23.205,272.0,236,False,82.433,"[None, 2048, 2048, 2048, 2048, 2048, 2048]","[2048, 2048, 2048, 2048, 2048, 2048, 2048, 2048]","[2048, 2048, 2048, 2048, 2048, 2048]",286.0
1266,9922,81,19,2025-08-01T15:46:42.269000+00:00,29.565,28.932,23.104,272.0,242,False,81.601,"[None, 2048, 2048, 2048, 2048, 2048, 2048]","[2048, 2048, 2048, 2048, 2048, 2048, 2048, 2048]","[2048, 2048, 2048, 2048, 2048]",286.0
1266,9922,18,17,2025-08-01T15:46:45.745000+00:00,29.805,29.538,23.187,272.0,238,False,82.53,"[2048, 2048, 2048, 2048, 2048, 2048, 2048]","[2048, 2048, 2048, 2048, 2048, 2048, 2048, 2048]","[2048, 2048, 2048, 2048, 2048, 2048]",285.0
1266,9922,22,19,2025-08-01T15:46:53.057000+00:00,29.96,29.743,23.134,268.0,238,False,82.837,"[2048, 2048, 2048, 2048, 2048, 2048, 2048]","[2048, 2048, 2048, 2048, 2048, 2048, 2048, 2048]","[2048, 2048, 2048, 2048, 2048, 2048]",286.0
1266,9922,63,16,2025-08-01T15:47:00.620000+00:00,29.649,29.128,23.14,275.0,240,False,81.917,"[2048, 2048, 2048, 2048, 2048, 2048, 2048]","[2048, 2048, 2048, 2048, 2048, 2048, 2048, 2048]","[2048, 2048, 2048, 2048, 2048, 2048]",286.0
1266,9922,6,19,2025-08-01T15:47:03.685000+00:00,29.879,29.153,23.33,276.0,242,False,82.362,"[None, 2048, 2048, 2048, 2048, 2048, 2048]","[2048, 2048, 2048, 2048, 2048, 2048, 2048, 2048]","[2048, 2048, 2048, 2048, 2048, 2048]",287.0
1266,9922,5,19,2025-08-01T15:47:04.860000+00:00,29.577,29.703,23.13,,236,False,82.41,"[None, 2048, 2048, 2048, 2048, 2048, 2048]","[2048, 2048, 2048, 2048, 2048, 2048, 2048, 2048]","[2048, 2048, 2048, 2048, 2048, 2048]",299.0
1266,9922,12,15,2025-08-01T15:47:13.007000+00:00,29.496,29.136,23.12,274.0,240,False,81.752,"[None, 2048, 2048, 2048, 2048, 2048, 2048]","[2048, 2048, 2048, 2048, 2048, 2048, 2048, 2048]","[2048, 2048, 2048, 2048, 2048, 2048]",287.0
1266,9922,43,18,2025-08-01T15:47:23.554000+00:00,29.729,29.48,23.193,269.0,241,False,82.402,"[None, 2048, 2048, 2048, 2048, 2048, 2048]","[2048, 2048, 2048, 2048, 2048, 2048, 2048, 2048]","[2048, 2048, 2048, 2048, 2048, 2048]",286.0
1266,9922,55,21,2025-08-01T15:47:31.592000+00:00,29.649,29.451,23.156,274.0,236,False,82.256,"[None, 2048, 2048, 2048, 2048, 2048, 2048]","[2048, 2048, 2048, 2048, 2048, 2048, 2048, 2048]","[2048, 2048, 2048, 2048, 2048, 2048]",286.0
1266,9922,30,19,2025-08-01T15:47:36.795000+00:00,29.806,29.475,23.714,275.0,237,False,82.995,"[None, 2048, 2048, 2048, 2048, 2048, 2048]","[2048, 2048, 2048, 2048, 2048, 2048, 2048, 2048]","[2048, 2048, 2048, 2048, 2048, 2048]",286.0
1266,9922,31,19,2025-08-01T15:47:40.826000+00:00,29.544,29.41,23.278,,237,False,82.232,"[None, 2048, 2048, 2048, 2048, 2048, 2048]","[2048, 2048, 2048, 2048, 2048, 2048, 2048, 2048]","[2048, 2048, 2048, 2048, 2048, 2048]",
1266,9922,44,18,2025-08-01T15:47:42.014000+00:00,29.521,32.308,29.876,277.0,116,False,91.705,"[None, 2048, 2048, 2048, 2048, 2048, 2048]","[2048, 2048, 2048, 2048, 2048, 2048, 2048, 2048]","[2048, 2048, 2048, 2048, 2048, 2048]",291.0
1266,9922,23,20,2025-08-01T15:47:46.030000+00:00,29.638,29.522,23.179,,239,False,82.339,"[None, 2048, 2048, 2048, 2048, 2048, 2048]","[2048, 2048, 2048, 2048, 2048, 2048, 2048, 2048]","[2048, 2048, 2048, 2048, 2048, 2048]",
1266,9922,4,17,2025-08-01T15:47:47.811000+00:00,29.525,28.768,22.933,275.0,244,False,81.226,"[None, 2048, 2048, 2048, 2048, 2048, 2048]","[2048, 2048, 2048, 2048, 2048, 2048, 2048, 2048]","[2048, 2048, 2048, 2048, 2048, 2048]",287.0
1266,9922,16,18,2025-08-01T15:47:53.896000+00:00,29.537,29.056,26.967,276.0,240,False,85.56,"[2048, 2048, 2048, 2048, 2048, 2048, 2048]","[2048, 2048, 2048, 2048, 2048, 2048, 2048, 2048]","[2048, 2048, 2048, 2048]",287.0
1266,9922,10,15,2025-08-01T15:47:55.157000+00:00,,31.399,23.851,266.0,229,True,458.596,"[2064, 2064, 2048, 2048, 2048, 2048, 2048]","[2048, 2048, 2048, 2048, 2048, 2048, 2048, 2048]","[2048, 2048, 2048, 2048, 2048, 2048]",
1266,9922,1,15,2025-08-01T15:47:57.598000+00:00,29.738,29.355,28.106,274.0,241,False,87.199,"[None, 2048, 2048, 2048, 2048, 2048, 2048]","[2048, 2048, 2048, 2048, 2048, 2048, 2048, 2048]","[2048, 2048, 2048, 2048, 2048, 2048]",287.0
1266,9922,27,21,2025-08-01T15:47:59.645000+00:00,29.537,29.43,23.452,271.0,239,False,82.419,"[None, 2048, 2048, 2048, 2048, 2048, 2048]","[2048, 2048, 2048, 2048, 2048, 2048, 2048, 2048]","[2048, 2048, 2048, 2048, 2048, 2048]",288.0
1266,9922,87,17,2025-08-01T15:48:03.255000+00:00,29.783,29.306,25.689,273.0,239,False,84.778,"[2048, 2048, 2048, 2048, 2048, 2048, 2048]","[2048, 2048, 2048, 2048, 2048, 2048, 2048, 2048]","[2048, 2048, 2048, 2048, 2048, 2048]",286.0
1266,9922,81,20,2025-08-01T15:48:03.864000+00:00,29.795,29.342,23.355,275.0,241,False,82.492,"[None, 2048, 2048, 2048, 2048, 2048, 2048]","[2048, 2048, 2048, 2048, 2048, 2048, 2048, 2048]","[2048, 2048, 2048, 2048, 2048, 2048]",290.0
1266,9922,18,18,2025-08-01T15:48:08.255000+00:00,29.914,29.505,23.134,270.0,237,False,82.553,"[None, 2048, 2048, 2048, 2048, 2048, 2048]","[2048, 2048, 2048, 2048, 2048, 2048, 2048, 2048]","[2048, 2048, 2048, 2048, 2048, 2048]",287.0
1266,9922,22,20,2025-08-01T15:48:15.802000+00:00,29.862,29.275,23.287,274.0,240,False,82.424,"[None, 2048, 2048, 2048, 2048, 2048, 2048]","[2048, 2048, 2048, 2048, 2048, 2048, 2048, 2048]","[2048, 2048, 2048, 2048, 2048, 2048]",
1266,9922,63,17,2025-08-01T15:48:22.614000+00:00,29.639,29.122,23.154,276.0,240,False,81.915,"[None, 2048, 2048, 2048, 2048, 2048, 2048]","[2048, 2048, 2048, 2048, 2048, 2048, 2048, 2048]","[2048, 2048, 2048, 2048, 2048, 2048]",287.0
1266,9922,6,20,2025-08-01T15:48:26.070000+00:00,29.843,29.212,23.269,278.0,241,False,82.324,"[None, 2048, 2048, 2048, 2048, 2048, 2048]","[2048, 2048, 2048, 2048, 2048, 2048, 2048, 2048]","[2048, 2048, 2048, 2048, 2048, 2048]",289.0
1266,9922,5,20,2025-08-01T15:48:27.257000+00:00,29.735,29.297,23.158,275.0,237,False,82.19,"[None, 2048, 2048, 2048, 2048, 2048, 2048]","[2048, 2048, 2048, 2048, 2048, 2048, 2048, 2048]","[2048, 2048, 2048, 2048, 2048, 2048]",288.0
1266,9922,12,16,2025-08-01T15:48:34.660000+00:00,29.685,29.234,23.093,,239,False,82.012,"[None, 2048, 2048, 2048, 2048, 2048, 2048]","[2048, 2048, 2048, 2048, 2048, 2048, 2048, 2048]","[2048, 2048, 2048, 2048, 2048, 2048]",
1266,9922,43,19,2025-08-01T15:48:45.896000+00:00,29.751,29.323,23.019,270.0,239,False,82.093,"[None, 2048, 2048, 2048, 2048, 2048, 2048]","[2048, 2048, 2048, 2048, 2048, 2048, 2048, 2048]","[2048, 2048, 2048, 2048, 2048, 2048]",287.0
1266,9922,55,22,2025-08-01T15:48:53.684000+00:00,29.778,29.365,23.071,273.0,236,False,82.214,"[None, 2048, 2048, 2048, 2048, 2048, 2048]","[2048, 2048, 2048, 2048, 2048, 2048, 2048, 2048]","[2048, 2048, 2048, 2048, 2048, 2048]",
1266,9922,30,20,2025-08-01T15:48:59.812000+00:00,29.976,29.621,23.066,274.0,239,False,82.663,"[None, 2048, 2048, 2048, 2048, 2048, 2048]","[2048, 2048, 2048, 2048, 2048, 2048, 2048, 2048]","[2048, 2048, 2048, 2048, 2048, 2048]",287.0
1266,9922,31,20,2025-08-01T15:49:02.952000+00:00,29.698,29.402,23.163,272.0,236,False,82.263,"[None, 2048, 2048, 2048, 2048, 2048, 2048]","[2048, 2048, 2048, 2048, 2048, 2048, 2048, 2048]","[2048, 2048, 2048, 2048, 2048, 2048]",289.0
1266,9922,23,21,2025-08-01T15:49:08.374000+00:00,29.848,29.482,23.114,,241,False,82.444,"[None, 2048, 2048, 2048, 2048, 2048, 2048]","[2048, 2048, 2048, 2048, 2048, 2048, 2048, 2048]","[2048, 2048, 2048, 2048, 2048, 2048]",
1266,9922,4,18,2025-08-01T15:49:09.015000+00:00,29.627,29.564,23.083,276.0,240,False,82.274,"[None, 2048, 2048, 2048, 2048, 2048, 2048]","[2048, 2048, 2048, 2048, 2048, 2048, 2048, 2048]","[2048, 2048, 2048, 2048, 2048, 2048]",302.0
1266,9922,44,19,2025-08-01T15:49:13.673000+00:00,29.438,28.873,22.965,,241,False,81.276,"[None, 2048, 2048, 2048, 2048, 2048, 2048]","[2048, 2048, 2048, 2048, 2048, 2048, 2048, 2048]","[2048, 2048, 2048, 2048, 2048, 2048]",289.0
1266,9922,16,19,2025-08-01T15:49:20.072000+00:00,29.549,29.001,23.085,,241,False,81.635,"[None, 2048, 2048, 2048, 2048, 2048, 2048]","[2048, 2048, 2048, 2048, 2048, 2048, 2048, 2048]","[2048, 2048, 2048, 2048, 2048, 2048]",288.0
1266,9922,27,22,2025-08-01T15:49:22.105000+00:00,29.639,29.103,23.024,273.0,239,False,81.766,"[None, 2048, 2048, 2048, 2048, 2048, 2048]","[2048, 2048, 2048, 2048, 2048, 2048, 2048, 2048]","[2048, 2048, 2048, 2048, 2048, 2048]",287.0
1266,9922,1,16,2025-08-01T15:49:24.840000+00:00,29.954,29.361,23.29,,242,False,82.605,"[None, 2048, 2048, 2048, 2048, 2048, 2048]","[2048, 2048, 2048, 2048, 2048, 2048, 2048, 2048]","[2048, 2048, 2048, 2048, 2048, 2048]",286.0
1266,9922,81,21,2025-08-01T15:49:26.386000+00:00,29.722,29.159,25.87,274.0,241,False,84.751,"[None, 2048, 2048, 2048, 2048, 2048, 2048]","[2048, 2048, 2048, 2048, 2048, 2048, 2048, 2048]","[2048, 2048, 2048, 2048, 2048, 2048]",288.0
1266,9922,87,18,2025-08-01T15:49:27.980000+00:00,30.242,29.674,25.643,,238,False,85.559,"[None, 2048, 2048, 2048, 2048, 2048, 2048]","[2048, 2048, 2048, 2048, 2048, 2048, 2048, 2048]","[2048, 2048, 2048, 2048, 2048, 2048]",283.0
1266,9922,18,19,2025-08-01T15:49:30.715000+00:00,30.021,29.567,24.132,267.0,234,False,83.72,"[None, 2048, 2048, 2048, 2048, 2048, 2048]","[2048, 2048, 2048, 2048, 2048, 2048, 2048, 2048]","[2048, 2048, 2048, 2048, 2048, 2048]",
1266,9922,10,16,2025-08-01T15:49:35.121000+00:00,29.633,29.839,23.306,272.0,236,False,82.778,"[2048, 2048, 2048, 2048, 2048, 2048, 2048]","[2048, 2048, 2048, 2048, 2048, 2048, 2048, 2048]","[2048, 2048, 2048, 2048, 2048]",286.0
1266,9922,22,21,2025-08-01T15:49:38.340000+00:00,29.971,29.525,25.536,275.0,238,False,85.032,"[None, 2048, 2048, 2048, 2048, 2048, 2048]","[2048, 2048, 2048, 2048, 2048, 2048, 2048, 2048]","[2048, 2048, 2048, 2048, 2048, 2048]",287.0
1266,9922,63,18,2025-08-01T15:49:44.512000+00:00,29.751,29.065,23.187,,243,False,82.003,"[None, 2048, 2048, 2048, 2048, 2048, 2048]","[2048, 2048, 2048, 2048, 2048, 2048, 2048, 2048]","[2048, 2048, 2048, 2048, 2048, 2048]",288.0
1266,9922,6,21,2025-08-01T15:49:48.371000+00:00,29.886,29.468,23.283,277.0,239,False,82.637,"[None, 2048, 2048, 2048, 2048, 2048, 2048]","[2048, 2048, 2048, 2048, 2048, 2048, 2048, 2048]","[2048, 2048, 2048, 2048, 2048, 2048]",
1266,9922,5,21,2025-08-01T15:49:49.449000+00:00,29.52,29.65,23.177,272.0,237,False,82.347,"[None, 2048, 2048, 2048, 2048, 2048, 2048]","[2048, 2048, 2048, 2048, 2048, 2048, 2048, 2048]","[2048, 2048, 2048, 2048, 2048, 2048]",300.0
1266,9922,12,17,2025-08-01T15:49:56.784000+00:00,29.631,29.14,23.049,275.0,241,False,81.82,"[None, 2048, 2048, 2048, 2048, 2048, 2048]","[2048, 2048, 2048, 2048, 2048, 2048, 2048, 2048]","[2048, 2048, 2048, 2048, 2048]",288.0
1266,9922,43,20,2025-08-01T15:50:08.058000+00:00,29.787,29.36,23.121,269.0,239,False,82.268,"[None, 2048, 2048, 2048, 2048, 2048, 2048]","[2048, 2048, 2048, 2048, 2048, 2048, 2048, 2048]","[2048, 2048, 2048, 2048, 2048, 2048]",
1266,9922,55,23,2025-08-01T15:50:15.943000+00:00,29.673,29.387,23.221,,237,False,82.281,"[None, 2048, 2048, 2048, 2048, 2048, 2048]","[2048, 2048, 2048, 2048, 2048, 2048, 2048, 2048]","[2048, 2048, 2048, 2048, 2048, 2048]",297.0
1266,9922,30,21,2025-08-01T15:50:22.358000+00:00,29.856,29.48,23.213,,237,False,82.549,"[None, 2048, 2048, 2048, 2048, 2048, 2048]","[2048, 2048, 2048, 2048, 2048, 2048, 2048, 2048]","[2048, 2048, 2048, 2048, 2048, 2048]",
1266,9922,31,21,2025-08-01T15:50:25.277000+00:00,29.692,29.31,23.275,273.0,238,False,82.277,"[None, 2048, 2048, 2048, 2048, 2048, 2048]","[2048, 2048, 2048, 2048, 2048, 2048, 2048, 2048]","[2048, 2048, 2048, 2048, 2048, 2048]",
1266,9922,23,22,2025-08-01T15:50:30.724000+00:00,29.526,29.519,23.216,,239,False,82.261,"[None, 2048, 2048, 2048, 2048, 2048, 2048]","[2048, 2048, 2048, 2048, 2048, 2048, 2048, 2048]","[2048, 2048, 2048, 2048, 2048, 2048]",301.0
1266,9922,4,19,2025-08-01T15:50:31.162000+00:00,29.502,29.448,24.45,275.0,241,False,83.4,"[None, 2048, 2048, 2048, 2048, 2048, 2048]","[2048, 2048, 2048, 2048, 2048, 2048, 2048, 2048]","[2048, 2048, 2048, 2048, 2048, 2048]",311.0
1266,9922,44,20,2025-08-01T15:50:35.006000+00:00,29.471,29.095,23.335,274.0,240,False,81.901,"[None, 2048, 2048, 2048, 2048, 2048, 2048]","[2048, 2048, 2048, 2048, 2048, 2048, 2048, 2048]","[2048, 2048, 2048, 2048, 2048, 2048]",290.0
1266,9922,16,20,2025-08-01T15:50:41.068000+00:00,29.656,29.118,23.08,274.0,243,False,81.854,"[None, 2048, 2048, 2048, 2048, 2048, 2048]","[2048, 2048, 2048, 2048, 2048, 2048, 2048, 2048]","[2048, 2048, 2048, 2048, 2048, 2048]",
1266,9922,27,23,2025-08-01T15:50:43.756000+00:00,29.683,29.025,23.043,272.0,240,False,81.751,"[None, 2048, 2048, 2048, 2048, 2048, 2048]","[2048, 2048, 2048, 2048, 2048, 2048, 2048, 2048]","[2048, 2048, 2048, 2048, 2048, 2048]",288.0
1266,9922,1,17,2025-08-01T15:50:47.303000+00:00,30.154,29.221,23.345,,244,False,82.72,"[None, 2048, 2048, 2048, 2048, 2048, 2048]","[2048, 2048, 2048, 2048, 2048, 2048, 2048, 2048]","[2048, 2048, 2048, 2048, 2048, 2048]",287.0
1266,9922,81,22,2025-08-01T15:50:51.193000+00:00,29.65,28.728,23.157,273.0,242,False,81.535,"[None, 2048, 2048, 2048, 2048, 2048, 2048]","[2048, 2048, 2048, 2048, 2048, 2048, 2048, 2048]","[2048, 2048, 2048, 2048, 2048, 2048]",286.0
1266,9922,87,19,2025-08-01T15:50:53.443000+00:00,29.74,29.457,23.214,274.0,239,False,82.411,"[None, 2048, 2048, 2048, 2048, 2048, 2048]","[2048, 2048, 2048, 2048, 2048, 2048, 2048, 2048]","[2048, 2048, 2048, 2048, 2048, 2048]",288.0
1266,9922,18,20,2025-08-01T15:50:54.521000+00:00,29.898,29.82,23.373,265.0,239,False,83.091,"[None, 2048, 2048, 2048, 2048, 2048, 2048]","[2048, 2048, 2048, 2048, 2048, 2048, 2048, 2048]","[2048, 2048, 2048, 2048, 2048, 2048]",288.0
1266,9922,10,17,2025-08-01T15:50:57.865000+00:00,29.818,29.608,23.292,273.0,237,False,82.718,"[None, 2048, 2048, 2048, 2048, 2048, 2048]","[2048, 2048, 2048, 2048, 2048, 2048, 2048, 2048]","[2048, 2048, 2048, 2048, 2048, 2048]",287.0
1266,9922,22,22,2025-08-01T15:51:03.305000+00:00,30.042,29.38,23.215,,240,False,82.637,"[None, 2048, 2048, 2048, 2048, 2048, 2048]","[2048, 2048, 2048, 2048, 2048, 2048, 2048, 2048]","[2048, 2048, 2048, 2048, 2048, 2048]",286.0
1266,9922,63,19,2025-08-01T15:51:06.477000+00:00,29.854,32.588,23.555,275.0,233,False,85.997,"[None, 2048, 2048, 2048, 2048, 2048, 2048]","[2048, 2048, 2048, 2048, 2048, 2048, 2048, 2048]","[2048, 2048, 2048, 2048, 2048, 2048]",
1266,9922,6,22,2025-08-01T15:51:11.008000+00:00,30.15,29.396,23.543,274.0,242,False,83.089,"[None, 2048, 2048, 2048, 2048, 2048, 2048]","[2048, 2048, 2048, 2048, 2048, 2048, 2048, 2048]","[2048, 2048, 2048, 2048, 2048, 2048]",286.0
1266,9922,5,22,2025-08-01T15:51:11.790000+00:00,29.849,29.798,25.727,273.0,233,False,85.374,"[None, 2048, 2048, 2048, 2048, 2048, 2048]","[2048, 2048, 2048, 2048, 2048, 2048, 2048, 2048]","[2048, 2048, 2048, 2048, 2048, 2048]",
1266,9922,12,18,2025-08-01T15:51:19.274000+00:00,29.612,29.16,23.217,,242,False,81.989,"[None, 2048, 2048, 2048, 2048, 2048, 2048]","[2048, 2048, 2048, 2048, 2048, 2048, 2048, 2048]","[2048, 2048, 2048, 2048, 2048, 2048]",
1266,9922,43,21,2025-08-01T15:51:30.352000+00:00,29.725,29.206,23.243,268.0,239,False,82.174,"[None, 2048, 2048, 2048, 2048, 2048, 2048]","[2048, 2048, 2048, 2048, 2048, 2048, 2048, 2048]","[2048, 2048, 2048, 2048, 2048, 2048]",
1266,9922,55,24,2025-08-01T15:51:38.180000+00:00,29.806,29.554,23.247,270.0,239,False,82.607,"[None, 2048, 2048, 2048, 2048, 2048, 2048]","[2048, 2048, 2048, 2048, 2048, 2048, 2048, 2048]","[2048, 2048, 2048, 2048, 2048, 2048]",287.0
1266,9922,30,22,2025-08-01T15:51:44.946000+00:00,29.898,29.324,23.196,273.0,240,False,82.418,"[None, 2048, 2048, 2048, 2048, 2048, 2048]","[2048, 2048, 2048, 2048, 2048, 2048, 2048, 2048]","[2048, 2048, 2048, 2048, 2048, 2048]",286.0
1266,9922,31,22,2025-08-01T15:51:47.462000+00:00,29.605,29.291,23.283,274.0,240,False,82.179,"[None, 2048, 2048, 2048, 2048, 2048, 2048]","[2048, 2048, 2048, 2048, 2048, 2048, 2048, 2048]","[2048, 2048, 2048, 2048, 2048, 2048]",288.0
1266,9922,23,23,2025-08-01T15:51:53.024000+00:00,29.567,29.294,23.347,273.0,238,False,82.208,"[None, 2048, 2048, 2048, 2048, 2048, 2048]","[2048, 2048, 2048, 2048, 2048, 2048, 2048, 2048]","[2048, 2048, 2048, 2048, 2048, 2048]",299.0
1266,9922,4,20,2025-08-01T15:51:54.556000+00:00,31.025,28.707,22.927,273.0,244,False,82.659,"[None, 2048, 2048, 2048, 2048, 2048, 2048]","[2048, 2048, 2048, 2048, 2048, 2048, 2048, 2048]","[2048, 2048, 2048, 2048, 2048, 2048]",263.0
1266,9922,44,21,2025-08-01T15:51:56.931000+00:00,29.767,29.303,26.214,275.0,240,False,85.284,"[None, 2048, 2048, 2048, 2048, 2048, 2048]","[2048, 2048, 2048, 2048, 2048, 2048, 2048, 2048]","[2048, 2048, 2048, 2048, 2048, 2048]",291.0
1266,9922,16,21,2025-08-01T15:52:02.881000+00:00,29.666,28.897,23.34,276.0,243,False,81.903,"[None, 2048, 2048, 2048, 2048, 2048, 2048]","[2048, 2048, 2048, 2048, 2048, 2048, 2048, 2048]","[2048, 2048, 2048, 2048, 2048, 2048]",289.0
1266,9922,27,24,2025-08-01T15:52:05.609000+00:00,29.624,29.128,23.125,271.0,240,False,81.877,"[None, 2048, 2048, 2048, 2048, 2048, 2048]","[2048, 2048, 2048, 2048, 2048, 2048, 2048, 2048]","[2048, 2048, 2048, 2048, 2048, 2048]",
1266,9922,1,18,2025-08-01T15:52:10.150000+00:00,29.832,29.202,23.361,,244,False,82.395,"[None, 2048, 2048, 2048, 2048, 2048, 2048]","[2048, 2048, 2048, 2048, 2048, 2048, 2048, 2048]","[2048, 2048, 2048, 2048, 2048, 2048]",
1266,9922,81,23,2025-08-01T15:52:12.722000+00:00,29.574,28.989,27.033,274.0,236,False,85.596,"[None, 2048, 2048, 2048, 2048, 2048, 2048]","[2048, 2048, 2048, 2048, 2048, 2048, 2048, 2048]","[2048, 2048, 2048, 2048, 2048, 2048]",288.0
1266,9922,87,20,2025-08-01T15:52:15.931000+00:00,29.746,29.532,32.604,273.0,238,False,91.882,"[None, 2048, 2048, 2048, 2048, 2048, 2048]","[2048, 2048, 2048, 2048, 2048, 2048, 2048, 2048]","[2048, 2048, 2048, 2048, 2048, 2048]",287.0
1266,9922,18,21,2025-08-01T15:52:17.631000+00:00,30.105,29.513,23.938,271.0,237,False,83.556,"[None, 2048, 2048, 2048, 2048, 2048, 2048]","[2048, 2048, 2048, 2048, 2048, 2048, 2048, 2048]","[2048, 2048, 2048, 2048, 2048, 2048]",287.0
1266,9922,10,18,2025-08-01T15:52:20.709000+00:00,29.757,29.576,23.565,,238,False,82.898,"[None, 2048, 2048, 2048, 2048, 2048, 2048]","[2048, 2048, 2048, 2048, 2048, 2048, 2048, 2048]","[2048, 2048, 2048, 2048, 2048, 2048]",288.0
1266,9922,22,23,2025-08-01T15:52:25.897000+00:00,29.947,29.329,23.404,,241,False,82.68,"[None, 2048, 2048, 2048, 2048, 2048, 2048]","[2048, 2048, 2048, 2048, 2048, 2048, 2048, 2048]","[2048, 2048, 2048, 2048, 2048, 2048]",288.0
1266,9922,63,20,2025-08-01T15:52:32.569000+00:00,29.923,29.081,23.263,,245,False,82.267,"[None, 2048, 2048, 2048, 2048, 2048, 2048]","[2048, 2048, 2048, 2048, 2048, 2048, 2048, 2048]","[2048, 2048, 2048, 2048, 2048, 2048]",287.0
1266,9922,6,23,2025-08-01T15:52:33.981000+00:00,30.071,29.587,24.473,276.0,241,False,84.131,"[None, 2048, 2048, 2048, 2048, 2048, 2048]","[2048, 2048, 2048, 2048, 2048, 2048, 2048, 2048]","[2048, 2048, 2048, 2048, 2048, 2048]",299.0
1266,9922,5,23,2025-08-01T15:52:37.101000+00:00,29.794,29.398,23.148,272.0,239,False,82.34,"[None, 2048, 2048, 2048, 2048, 2048, 2048]","[2048, 2048, 2048, 2048, 2048, 2048, 2048, 2048]","[2048, 2048, 2048, 2048, 2048, 2048]",287.0
1266,9922,12,19,2025-08-01T15:52:40.523000+00:00,31.702,31.017,23.359,252.0,238,False,86.078,"[None, 2048, 2048, 2048, 2048, 2048, 2048]","[2048, 2048, 2048, 2048, 2048, 2048, 2048, 2048]","[2048, 2048, 2048, 2048, 2048, 2048]",
1266,9922,14,18,2025-08-01T15:52:44.594000+00:00,,31.415,24.725,246.0,224,True,670.296,"[2064, 2064, 2048, 2048, 2048, 2048, 2048]","[2048, 2048, 2048, 2048, 2048, 2048, 2048, 2048]","[2048, 2048, 2048, 2048, 2048, 2048]",
1266,9922,43,22,2025-08-01T15:52:52.438000+00:00,29.803,29.428,23.279,267.0,238,False,82.51,"[None, 2048, 2048, 2048, 2048, 2048, 2048]","[2048, 2048, 2048, 2048, 2048, 2048, 2048, 2048]","[2048, 2048, 2048, 2048, 2048, 2048]",
1266,9922,55,25,2025-08-01T15:53:00.813000+00:00,29.882,29.701,23.396,269.0,240,False,82.979,"[None, 2048, 2048, 2048, 2048, 2048, 2048]","[2048, 2048, 2048, 2048, 2048, 2048, 2048, 2048]","[2048, 2048, 2048, 2048, 2048, 2048]",288.0
1266,9922,30,23,2025-08-01T15:53:07.344000+00:00,29.983,29.406,23.229,275.0,240,False,82.618,"[None, 2048, 2048, 2048, 2048, 2048, 2048]","[2048, 2048, 2048, 2048, 2048, 2048, 2048, 2048]","[2048, 2048, 2048, 2048, 2048, 2048]",
1266,9922,31,23,2025-08-01T15:53:09.734000+00:00,29.668,32.132,23.551,275.0,233,False,85.351,"[None, 2048, 2048, 2048, 2048, 2048, 2048]","[2048, 2048, 2048, 2048, 2048, 2048, 2048, 2048]","[2048, 2048, 2048, 2048, 2048, 2048]",289.0
1266,9922,23,24,2025-08-01T15:53:15.250000+00:00,29.743,29.281,23.422,274.0,237,False,82.446,"[None, 2048, 2048, 2048, 2048, 2048, 2048]","[2048, 2048, 2048, 2048, 2048, 2048, 2048, 2048]","[2048, 2048, 2048, 2048, 2048, 2048]",288.0
1266,9922,4,21,2025-08-01T15:53:17.297000+00:00,29.532,28.9,23.146,274.0,241,False,81.578,"[None, 2048, 2048, 2048, 2048, 2048, 2048]","[2048, 2048, 2048, 2048, 2048, 2048, 2048, 2048]","[2048, 2048, 2048, 2048, 2048, 2048]",288.0
1266,9922,44,22,2025-08-01T15:53:22.188000+00:00,29.522,29.154,23.295,276.0,240,False,81.971,"[None, 2048, 2048, 2048, 2048, 2048, 2048]","[2048, 2048, 2048, 2048, 2048, 2048, 2048, 2048]","[2048, 2048, 2048, 2048, 2048, 2048]",288.0
1266,9922,16,22,2025-08-01T15:53:24.797000+00:00,29.772,29.122,23.417,277.0,239,False,82.311,"[None, 2048, 2048, 2048, 2048, 2048, 2048]","[2048, 2048, 2048, 2048, 2048, 2048, 2048, 2048]","[2048, 2048, 2048, 2048, 2048, 2048]",
1266,9922,27,25,2025-08-01T15:53:27.500000+00:00,29.616,29.187,23.241,274.0,239,False,82.044,"[None, 2048, 2048, 2048, 2048, 2048, 2048]","[2048, 2048, 2048, 2048, 2048, 2048, 2048, 2048]","[2048, 2048, 2048, 2048, 2048, 2048]",
1266,9922,1,19,2025-08-01T15:53:32.500000+00:00,29.9,29.368,23.378,,242,False,82.646,"[None, 2048, 2048, 2048, 2048, 2048, 2048]","[2048, 2048, 2048, 2048, 2048, 2048, 2048, 2048]","[2048, 2048, 2048, 2048, 2048, 2048]",
1266,9922,81,24,2025-08-01T15:53:38.328000+00:00,29.733,29.024,23.093,272.0,242,False,81.85,"[None, 2048, 2048, 2048, 2048, 2048, 2048]","[2048, 2048, 2048, 2048, 2048, 2048, 2048, 2048]","[2048, 2048, 2048, 2048, 2048, 2048]",287.0
1266,9922,18,22,2025-08-01T15:53:41.188000+00:00,30.124,29.333,23.396,,241,False,82.853,"[None, 2048, 2048, 2048, 2048, 2048, 2048]","[2048, 2048, 2048, 2048, 2048, 2048, 2048, 2048]","[2048, 2048, 2048, 2048, 2048, 2048]",
1266,9922,10,19,2025-08-01T15:53:43.641000+00:00,29.927,29.72,23.41,275.0,237,False,83.057,"[None, 2048, 2048, 2048, 2048, 2048, 2048]","[2048, 2048, 2048, 2048, 2048, 2048, 2048, 2048]","[2048, 2048, 2048, 2048, 2048, 2048]",
1266,9922,87,21,2025-08-01T15:53:47.766000+00:00,29.915,29.515,23.54,274.0,237,False,82.97,"[None, 2048, 2048, 2048, 2048, 2048, 2048]","[2048, 2048, 2048, 2048, 2048, 2048, 2048, 2048]","[2048, 2048, 2048, 2048, 2048, 2048]",288.0
1266,9922,22,24,2025-08-01T15:53:48.659000+00:00,30.718,30.83,25.83,272.0,232,False,87.378,"[None, 2048, 2048, 2048, 2048, 2048, 2048]","[2048, 2048, 2048, 2048, 2048, 2048, 2048, 2048]","[2048, 2048, 2048, 2048, 2048, 2048]",297.0
1266,9922,63,21,2025-08-01T15:53:54.846000+00:00,29.834,29.311,26.29,276.0,242,False,85.435,"[None, 2048, 2048, 2048, 2048, 2048, 2048]","[2048, 2048, 2048, 2048, 2048, 2048, 2048, 2048]","[2048, 2048, 2048, 2048, 2048, 2048]",288.0
1266,9922,6,24,2025-08-01T15:53:58.251000+00:00,30.029,29.285,23.518,,241,False,82.832,"[None, 2048, 2048, 2048, 2048, 2048, 2048]","[2048, 2048, 2048, 2048, 2048, 2048, 2048, 2048]","[2048, 2048, 2048, 2048, 2048, 2048]",287.0
1266,9922,5,24,2025-08-01T15:53:59.462000+00:00,29.842,29.479,26.317,273.0,237,False,85.638,"[None, 2048, 2048, 2048, 2048, 2048, 2048]","[2048, 2048, 2048, 2048, 2048, 2048, 2048, 2048]","[2048, 2048, 2048, 2048, 2048, 2048]",289.0
1266,9922,12,20,2025-08-01T15:54:06.600000+00:00,29.808,29.217,23.421,271.0,241,False,82.446,"[None, 2048, 2048, 2048, 2048, 2048, 2048]","[2048, 2048, 2048, 2048, 2048, 2048, 2048, 2048]","[2048, 2048, 2048, 2048, 2048, 2048]",287.0
1266,9922,14,19,2025-08-01T15:54:11.446000+00:00,29.486,29.022,22.92,272.0,239,False,81.428,"[2048, 2048, 2048, 2048, 2048, 2048, 2048]","[2048, 2048, 2048, 2048, 2048, 2048, 2048, 2048]","[2048, 2048, 2048, 2048, 2048, 2048]",285.0
1266,9922,43,23,2025-08-01T15:54:15.004000+00:00,29.775,29.339,23.274,270.0,239,False,82.388,"[None, 2048, 2048, 2048, 2048, 2048, 2048]","[2048, 2048, 2048, 2048, 2048, 2048, 2048, 2048]","[2048, 2048, 2048, 2048, 2048, 2048]",288.0
1266,9922,55,26,2025-08-01T15:54:23.888000+00:00,29.972,29.584,23.44,273.0,238,False,82.996,"[None, 2048, 2048, 2048, 2048, 2048, 2048]","[2048, 2048, 2048, 2048, 2048, 2048, 2048, 2048]","[2048, 2048, 2048, 2048, 2048, 2048]",287.0
1266,9922,30,24,2025-08-01T15:54:29.898000+00:00,29.932,29.374,23.395,274.0,240,False,82.701,"[None, 2048, 2048, 2048, 2048, 2048, 2048]","[2048, 2048, 2048, 2048, 2048, 2048, 2048, 2048]","[2048, 2048, 2048, 2048, 2048, 2048]",287.0
1266,9922,31,24,2025-08-01T15:54:35.046000+00:00,29.718,29.301,23.262,,238,False,82.281,"[None, 2048, 2048, 2048, 2048, 2048, 2048]","[2048, 2048, 2048, 2048, 2048, 2048, 2048, 2048]","[2048, 2048, 2048, 2048, 2048, 2048]",288.0
1266,9922,23,25,2025-08-01T15:54:37.762000+00:00,29.786,29.392,23.61,,239,False,82.788,"[None, 2048, 2048, 2048, 2048, 2048, 2048]","[2048, 2048, 2048, 2048, 2048, 2048, 2048, 2048]","[2048, 2048, 2048, 2048, 2048, 2048]",297.0
1266,9922,4,22,2025-08-01T15:54:38.923000+00:00,29.64,29.245,23.592,275.0,244,False,82.477,"[None, 2048, 2048, 2048, 2048, 2048, 2048]","[2048, 2048, 2048, 2048, 2048, 2048, 2048, 2048]","[2048, 2048, 2048, 2048, 2048, 2048]",292.0
1266,9922,44,23,2025-08-01T15:54:44.182000+00:00,29.69,29.387,23.433,274.0,239,False,82.51,"[None, 2048, 2048, 2048, 2048, 2048, 2048]","[2048, 2048, 2048, 2048, 2048, 2048, 2048, 2048]","[2048, 2048, 2048, 2048, 2048, 2048]",290.0
1266,9922,16,23,2025-08-01T15:54:47.172000+00:00,33.968,32.305,23.813,238.0,239,False,90.086,"[None, 2048, 2048, 2048, 2048, 2048, 2048]","[2048, 2048, 2048, 2048, 2048, 2048, 2048, 2048]","[2048, 2048, 2048, 2048, 2048, 2048]",290.0
1266,9922,27,26,2025-08-01T15:54:49.491000+00:00,29.751,29.116,23.087,273.0,243,False,81.954,"[None, 2048, 2048, 2048, 2048, 2048, 2048]","[2048, 2048, 2048, 2048, 2048, 2048, 2048, 2048]","[2048, 2048, 2048, 2048, 2048, 2048]",291.0
1266,9922,1,20,2025-08-01T15:54:55.054000+00:00,30.96,29.958,23.684,,240,False,84.602,"[None, 2048, 2048, 2048, 2048, 2048, 2048]","[2048, 2048, 2048, 2048, 2048, 2048, 2048, 2048]","[2048, 2048, 2048, 2048]",
1266,9922,81,25,2025-08-01T15:55:00.226000+00:00,29.83,29.355,23.482,270.0,241,False,82.667,"[None, 2048, 2048, 2048, 2048, 2048, 2048]","[2048, 2048, 2048, 2048, 2048, 2048, 2048, 2048]","[2048, 2048, 2048, 2048, 2048, 2048]",
1266,9922,18,23,2025-08-01T15:55:04.038000+00:00,29.699,29.745,23.528,270.0,239,False,82.972,"[None, 2048, 2048, 2048, 2048, 2048, 2048]","[2048, 2048, 2048, 2048, 2048, 2048, 2048, 2048]","[2048, 2048, 2048, 2048, 2048, 2048]",
1266,9922,10,20,2025-08-01T15:55:06.632000+00:00,29.908,29.671,23.379,274.0,238,False,82.958,"[None, 2048, 2048, 2048, 2048, 2048, 2048]","[2048, 2048, 2048, 2048, 2048, 2048, 2048, 2048]","[2048, 2048, 2048, 2048, 2048, 2048]",289.0
1266,9922,87,22,2025-08-01T15:55:10.805000+00:00,29.876,29.703,23.524,269.0,236,False,83.103,"[None, 2048, 2048, 2048, 2048, 2048, 2048]","[2048, 2048, 2048, 2048, 2048, 2048, 2048, 2048]","[2048, 2048, 2048, 2048, 2048, 2048]",
1266,9922,22,25,2025-08-01T15:55:16.032000+00:00,30.0,29.503,23.461,273.0,241,False,82.964,"[None, 2048, 2048, 2048, 2048, 2048, 2048]","[2048, 2048, 2048, 2048, 2048, 2048, 2048, 2048]","[2048, 2048, 2048, 2048, 2048, 2048]",287.0
1266,9922,63,22,2025-08-01T15:55:20.179000+00:00,29.98,29.495,23.593,,241,False,83.068,"[None, 2048, 2048, 2048, 2048, 2048, 2048]","[2048, 2048, 2048, 2048, 2048, 2048, 2048, 2048]","[2048, 2048, 2048, 2048, 2048, 2048]",
1266,9922,6,25,2025-08-01T15:55:20.957000+00:00,29.924,29.981,23.728,278.0,241,False,83.633,"[None, 2048, 2048, 2048, 2048, 2048, 2048]","[2048, 2048, 2048, 2048, 2048, 2048, 2048, 2048]","[2048, 2048, 2048, 2048, 2048, 2048]",301.0
1266,9922,5,25,2025-08-01T15:55:25.118000+00:00,29.939,29.404,23.269,,239,False,82.612,"[None, 2048, 2048, 2048, 2048, 2048, 2048]","[2048, 2048, 2048, 2048, 2048, 2048, 2048, 2048]","[2048, 2048, 2048, 2048, 2048, 2048]",287.0
1266,9922,12,21,2025-08-01T15:55:29.032000+00:00,29.8,29.246,23.487,276.0,240,False,82.533,"[None, 2048, 2048, 2048, 2048, 2048, 2048]","[2048, 2048, 2048, 2048, 2048, 2048, 2048, 2048]","[2048, 2048, 2048, 2048, 2048, 2048]",
1266,9922,14,20,2025-08-01T15:55:32.881000+00:00,29.764,29.194,23.173,,238,False,82.131,"[None, 2048, 2048, 2048, 2048, 2048, 2048]","[2048, 2048, 2048, 2048, 2048, 2048, 2048, 2048]","[2048, 2048, 2048, 2048, 2048, 2048]",286.0
1266,9922,43,24,2025-08-01T15:55:37.381000+00:00,29.75,29.312,23.386,269.0,239,False,82.448,"[None, 2048, 2048, 2048, 2048, 2048, 2048]","[2048, 2048, 2048, 2048, 2048, 2048, 2048, 2048]","[2048, 2048, 2048, 2048, 2048, 2048]",
1266,9922,55,27,2025-08-01T15:55:46.795000+00:00,30.007,29.411,23.444,275.0,239,False,82.862,"[None, 2048, 2048, 2048, 2048, 2048, 2048]","[2048, 2048, 2048, 2048, 2048, 2048, 2048, 2048]","[2048, 2048, 2048, 2048, 2048, 2048]",286.0
1266,9922,30,25,2025-08-01T15:55:52.748000+00:00,30.014,29.353,23.324,275.0,242,False,82.691,"[None, 2048, 2048, 2048, 2048, 2048, 2048]","[2048, 2048, 2048, 2048, 2048, 2048, 2048, 2048]","[2048, 2048, 2048, 2048, 2048, 2048]",286.0
1266,9922,31,25,2025-08-01T15:55:57.342000+00:00,29.772,29.307,23.466,271.0,238,False,82.545,"[None, 2048, 2048, 2048, 2048, 2048, 2048]","[2048, 2048, 2048, 2048, 2048, 2048, 2048, 2048]","[2048, 2048, 2048, 2048, 2048, 2048]",289.0
1266,9922,23,26,2025-08-01T15:56:00.498000+00:00,29.904,29.468,23.577,272.0,239,False,82.949,"[None, 2048, 2048, 2048, 2048, 2048, 2048]","[2048, 2048, 2048, 2048, 2048, 2048, 2048, 2048]","[2048, 2048, 2048, 2048, 2048, 2048]",
1266,9922,4,23,2025-08-01T15:56:01.404000+00:00,29.815,31.557,26.343,,234,False,87.715,"[None, 2048, 2048, 2048, 2048, 2048, 2048]","[2048, 2048, 2048, 2048, 2048, 2048, 2048, 2048]","[2048, 2048, 2048, 2064, 2064, 2064]",
1266,9922,44,24,2025-08-01T15:56:06.638000+00:00,29.776,29.427,23.584,276.0,236,False,82.787,"[None, 2048, 2048, 2048, 2048, 2048, 2048]","[2048, 2048, 2048, 2048, 2048, 2048, 2048, 2048]","[2048, 2048, 2048, 2048, 2048, 2048]",288.0
1266,9922,27,27,2025-08-01T15:56:11.435000+00:00,29.872,29.534,23.152,275.0,240,False,82.558,"[None, 2048, 2048, 2048, 2048, 2048, 2048]","[2048, 2048, 2048, 2048, 2048, 2048, 2048, 2048]","[2048, 2048, 2048, 2048, 2048, 2048]",292.0
1266,9922,16,24,2025-08-01T15:56:17.185000+00:00,30.185,29.4,23.545,276.0,240,False,83.13,"[None, 2048, 2048, 2048, 2048, 2048, 2048]","[2048, 2048, 2048, 2048, 2048, 2048, 2048, 2048]","[2048, 2048, 2048, 2048, 2048, 2048]",289.0
1266,9922,1,21,2025-08-01T15:56:20.685000+00:00,30.153,29.647,23.608,275.0,240,False,83.408,"[None, 2048, 2048, 2048, 2048, 2048, 2048]","[2048, 2048, 2048, 2048, 2048, 2048, 2048, 2048]","[2048, 2048, 2048, 2048, 2048, 2048]",
1266,9922,81,26,2025-08-01T15:56:22.810000+00:00,30.015,29.627,23.556,268.0,240,False,83.198,"[None, 2048, 2048, 2048, 2048, 2048, 2048]","[2048, 2048, 2048, 2048, 2048, 2048, 2048, 2048]","[2048, 2048, 2048, 2048, 2048, 2048]",
1266,9922,18,24,2025-08-01T15:56:27.029000+00:00,29.9,29.494,23.559,271.0,240,False,82.953,"[None, 2048, 2048, 2048, 2048, 2048, 2048]","[2048, 2048, 2048, 2048, 2048, 2048, 2048, 2048]","[2048, 2048, 2048, 2048, 2048]",
1266,9922,10,21,2025-08-01T15:56:29.607000+00:00,29.902,29.718,23.449,275.0,235,False,83.069,"[None, 2048, 2048, 2048, 2048, 2048, 2048]","[2048, 2048, 2048, 2048, 2048, 2048, 2048, 2048]","[2048, 2048, 2048, 2048, 2048, 2048]",
1266,9922,87,23,2025-08-01T15:56:33.951000+00:00,30.039,29.669,23.674,270.0,238,False,83.382,"[None, 2048, 2048, 2048, 2048, 2048, 2048]","[2048, 2048, 2048, 2048, 2048, 2048, 2048, 2048]","[2048, 2048, 2048, 2048, 2048, 2048]",289.0
1266,9922,22,26,2025-08-01T15:56:38.916000+00:00,30.033,29.481,23.425,277.0,243,False,82.939,"[None, 2048, 2048, 2048, 2048, 2048, 2048]","[2048, 2048, 2048, 2048, 2048, 2048, 2048, 2048]","[2048, 2048, 2048, 2048, 2048, 2048]",
1266,9922,63,23,2025-08-01T15:56:43.314000+00:00,30.266,29.553,23.711,275.0,243,False,83.53,"[None, 2048, 2048, 2048, 2048, 2048, 2048]","[2048, 2048, 2048, 2048, 2048, 2048, 2048, 2048]","[2048, 2048, 2048, 2048, 2048, 2048]",287.0
1266,9922,6,26,2025-08-01T15:56:44.723000+00:00,30.193,29.686,26.044,277.0,241,False,85.923,"[None, 2048, 2048, 2048, 2048, 2048, 2048]","[2048, 2048, 2048, 2048, 2048, 2048, 2048, 2048]","[2048, 2048, 2048, 2064, 2064, 2064]",300.0
1266,9922,5,26,2025-08-01T15:56:47.733000+00:00,29.977,29.813,26.543,269.0,238,False,86.333,"[None, 2048, 2048, 2048, 2048, 2048, 2048]","[2048, 2048, 2048, 2048, 2048, 2048, 2048, 2048]","[2048, 2048, 2048, 2064, 2064, 2064]",290.0
1266,9922,12,22,2025-08-01T15:56:51.573000+00:00,29.929,29.414,23.429,,242,False,82.772,"[None, 2048, 2048, 2048, 2048, 2048, 2048]","[2048, 2048, 2048, 2048, 2048, 2048, 2048, 2048]","[2048, 2048, 2048, 2048, 2048, 2048]",288.0
1266,9922,14,21,2025-08-01T15:56:55.086000+00:00,29.866,29.091,23.198,273.0,240,False,82.155,"[None, 2048, 2048, 2048, 2048, 2048, 2048]","[2048, 2048, 2048, 2048, 2048, 2048, 2048, 2048]","[2048, 2048, 2048, 2048, 2048, 2048]",
1266,9922,43,25,2025-08-01T15:56:59.836000+00:00,29.792,29.304,23.337,272.0,242,False,82.433,"[None, 2048, 2048, 2048, 2048, 2048, 2048]","[2048, 2048, 2048, 2048, 2048, 2048, 2048, 2048]","[2048, 2048, 2048, 2048, 2048, 2048]",
1266,9922,55,28,2025-08-01T15:57:09.690000+00:00,29.882,29.544,23.554,273.0,238,False,82.98,"[None, 2048, 2048, 2048, 2048, 2048, 2048]","[2048, 2048, 2048, 2048, 2048, 2048, 2048, 2048]","[2048, 2048, 2048, 2048, 2048, 2048]",289.0
1266,9922,30,26,2025-08-01T15:57:15.322000+00:00,29.876,29.408,23.312,276.0,242,False,82.596,"[None, 2048, 2048, 2048, 2048, 2048, 2048]","[2048, 2048, 2048, 2048, 2048, 2048, 2048, 2048]","[2048, 2048, 2048, 2048, 2048, 2048]",290.0
1266,9922,31,26,2025-08-01T15:57:19.960000+00:00,29.484,33.398,35.369,273.0,165,False,98.251,"[None, 2048, 2048, 2048, 2048, 2048, 2048]","[2048, 2048, 2048, 2048, 2048, 2048, 2048, 2048]","[2048, 2048, 2048, 2064, 2064, 2064]",299.0
1266,9922,23,27,2025-08-01T15:57:23.526000+00:00,29.966,31.953,25.937,274.0,229,False,87.856,"[None, 2048, 2048, 2048, 2048, 2048, 2048]","[2048, 2048, 2048, 2048, 2048, 2048, 2048, 2048]","[2048, 2048, 2048, 2064, 2064, 2064]",288.0
1266,9922,44,25,2025-08-01T15:57:29.460000+00:00,29.808,29.505,23.615,,238,False,82.928,"[None, 2048, 2048, 2048, 2048, 2048, 2048]","[2048, 2048, 2048, 2048, 2048, 2048, 2048, 2048]","[2048, 2048, 2048, 2048, 2048, 2048]",289.0
1266,9922,27,28,2025-08-01T15:57:33.899000+00:00,29.683,29.176,26.076,272.0,241,False,84.935,"[None, 2048, 2048, 2048, 2048, 2048, 2048]","[2048, 2048, 2048, 2048, 2048, 2048, 2048, 2048]","[2048, 2048, 2048, 2064, 2064, 2064]",288.0
1266,9922,16,25,2025-08-01T15:57:40.333000+00:00,29.803,29.256,23.384,277.0,243,False,82.443,"[None, 2048, 2048, 2048, 2048, 2048, 2048]","[2048, 2048, 2048, 2048, 2048, 2048, 2048, 2048]","[2048, 2048, 2048, 2048, 2048, 2048]",290.0
1266,9922,1,22,2025-08-01T15:57:43.064000+00:00,30.125,29.455,23.641,,241,False,83.221,"[None, 2048, 2048, 2048, 2048, 2048, 2048]","[2048, 2048, 2048, 2048, 2048, 2048, 2048, 2048]","[2048, 2048, 2048, 2048, 2048, 2048]",285.0
1266,9922,81,27,2025-08-01T15:57:46.051000+00:00,30.426,29.276,25.475,269.0,243,False,85.177,"[None, 2048, 2048, 2048, 2048, 2048, 2048]","[2048, 2048, 2048, 2048, 2048, 2048, 2048, 2048]","[2048, 2048, 2048, 2064, 2064, 2064]",
1266,9922,4,24,2025-08-01T15:57:48.098000+00:00,49.809,28.535,24.265,272.0,245,True,102.609,"[2064, 2064, 2048, 2048, 2048, 2048, 2048]","[2048, 2048, 2048, 2048, 2048, 2048, 2048, 2048]","[2048, 2048, 2048, 2048, 2048, 2048]",
1266,9922,18,25,2025-08-01T15:57:50.033000+00:00,30.02,29.603,23.865,274.0,240,False,83.488,"[None, 2048, 2048, 2048, 2048, 2048, 2048]","[2048, 2048, 2048, 2048, 2048, 2048, 2048, 2048]","[2048, 2048, 2048, 2048, 2048, 2048]",
1266,9922,10,22,2025-08-01T15:57:52.682000+00:00,29.99,29.656,23.55,276.0,237,False,83.196,"[None, 2048, 2048, 2048, 2048, 2048, 2048]","[2048, 2048, 2048, 2048, 2048, 2048, 2048, 2048]","[2048, 2048, 2048, 2048, 2048, 2048]",
1266,9922,87,24,2025-08-01T15:57:57.228000+00:00,29.898,29.9,26.308,271.0,239,False,86.106,"[None, 2048, 2048, 2048, 2048, 2048, 2048]","[2048, 2048, 2048, 2048, 2048, 2048, 2048, 2048]","[2048, 2048, 2048, 2064, 2064, 2064]",
1266,9922,22,27,2025-08-01T15:58:01.979000+00:00,30.116,29.722,23.603,273.0,239,False,83.441,"[None, 2048, 2048, 2048, 2048, 2048, 2048]","[2048, 2048, 2048, 2048, 2048, 2048, 2048, 2048]","[2048, 2048, 2048, 2048, 2048, 2048]",289.0
1266,9922,63,24,2025-08-01T15:58:06.807000+00:00,30.127,29.81,26.077,276.0,241,False,86.014,"[None, 2048, 2048, 2048, 2048, 2048, 2048]","[2048, 2048, 2048, 2048, 2048, 2048, 2048, 2048]","[2048, 2048, 2048, 2064, 2064, 2064]",288.0
1266,9922,12,23,2025-08-01T15:58:14.291000+00:00,29.897,29.6,23.376,275.0,241,False,82.873,"[None, 2048, 2048, 2048, 2048, 2048, 2048]","[2048, 2048, 2048, 2048, 2048, 2048, 2048, 2048]","[2048, 2048, 2048, 2048, 2048, 2048]",287.0
1266,9922,14,22,2025-08-01T15:58:17.237000+00:00,29.907,29.295,23.217,275.0,240,False,82.419,"[None, 2048, 2048, 2048, 2048, 2048, 2048]","[2048, 2048, 2048, 2048, 2048, 2048, 2048, 2048]","[2048, 2048, 2048, 2048, 2048, 2048]",
1266,9922,43,26,2025-08-01T15:58:22.334000+00:00,29.936,29.46,23.412,271.0,242,False,82.808,"[None, 2048, 2048, 2048, 2048, 2048, 2048]","[2048, 2048, 2048, 2048, 2048, 2048, 2048, 2048]","[2048, 2048, 2048, 2048, 2048, 2048]",
1266,9922,6,27,2025-08-01T15:58:30.142000+00:00,47.739,29.33,22.708,275.0,241,True,99.777,"[2064, 2064, 2048, 2048, 2048, 2048, 2048]","[2048, 2048, 2048, 2048, 2048, 2048, 2048, 2048]","[2048, 2048, 2048, 2048, 2048, 2048]",
1266,9922,55,29,2025-08-01T15:58:32.671000+00:00,29.958,31.438,23.803,275.0,223,False,85.199,"[None, 2048, 2048, 2048, 2048, 2048, 2048]","[2048, 2048, 2048, 2048, 2048, 2048, 2048, 2048]","[2048, 2048, 2048, 2048, 2048, 2048]",286.0
1266,9922,5,27,2025-08-01T15:58:34.834000+00:00,50.79,29.971,28.883,273.0,234,True,109.644,"[2064, 2064, 2048, 2048, 2048, 2048, 2048]","[2048, 2048, 2048, 2048, 2048, 2048, 2048, 2048]","[2048, 2048, 2048, 2048, 2048, 2048]",
1266,9922,30,27,2025-08-01T15:58:37.935000+00:00,29.866,29.723,23.719,,236,False,83.308,"[None, 2048, 2048, 2048, 2048, 2048, 2048]","[2048, 2048, 2048, 2048, 2048, 2048, 2048, 2048]","[2048, 2048, 2048, 2048, 2048, 2048]",289.0
1266,9922,44,26,2025-08-01T15:58:52.308000+00:00,30.037,30.679,23.64,271.0,234,False,84.356,"[None, 2048, 2048, 2048, 2048, 2048, 2048]","[2048, 2048, 2048, 2048, 2048, 2048, 2048, 2048]","[2048, 2048, 2048, 2048, 2048, 2048]",290.0
1266,9922,16,26,2025-08-01T15:59:02.745000+00:00,29.67,29.173,23.379,280.0,241,False,82.222,"[None, 2048, 2048, 2048, 2048, 2048, 2048]","[2048, 2048, 2048, 2048, 2048, 2048, 2048, 2048]","[2048, 2048, 2048, 2048, 2048, 2048]",291.0
1266,9922,1,23,2025-08-01T15:59:06.386000+00:00,29.869,29.33,23.465,,243,False,82.664,"[None, 2048, 2048, 2048, 2048, 2048, 2048]","[2048, 2048, 2048, 2048, 2048, 2048, 2048, 2048]","[2048, 2048, 2048, 2048, 2048, 2048]",289.0
1266,9922,4,25,2025-08-01T15:59:11.689000+00:00,29.447,29.949,22.793,,244,False,82.189,"[2048, 2048, 2048, 2048, 2048, 2048, 2048]","[2048, 2048, 2048, 2048, 2048, 2048, 2048, 2048]","[2048, 2048, 2048, 2048, 2048, 2048]",285.0
1266,9922,18,26,2025-08-01T15:59:13.433000+00:00,30.117,30.436,23.802,273.0,235,False,84.355,"[None, 2048, 2048, 2048, 2048, 2048, 2048]","[2048, 2048, 2048, 2048, 2048, 2048, 2048, 2048]","[2048, 2048, 2048, 2048, 2048, 2048]",
1266,9922,10,23,2025-08-01T15:59:15.855000+00:00,29.842,30.555,23.812,277.0,233,False,84.209,"[None, 2048, 2048, 2048, 2048, 2048, 2048]","[2048, 2048, 2048, 2048, 2048, 2048, 2048, 2048]","[2048, 2048, 2048, 2048, 2048, 2048]",290.0
1266,9922,31,27,2025-08-01T15:59:18.371000+00:00,55.746,33.081,30.555,265.0,180,True,119.382,"[2064, 2064, 2048, 2048, 2048, 2048, 2048]","[2048, 2048, 2048, 2048, 2048, 2048, 2048, 2048]","[2048, 2048, 2048, 2048, 2048, 2048]",
1266,9922,27,29,2025-08-01T15:59:19.449000+00:00,51.183,32.887,23.518,270.0,234,True,107.588,"[2064, 2064, 2048, 2048, 2048, 2048, 2048]","[2048, 2048, 2048, 2048, 2048, 2048, 2048, 2048]","[2048, 2048, 2048, 2048, 2048, 2048]",
1266,9922,23,28,2025-08-01T15:59:20.355000+00:00,60.803,32.813,26.099,244.0,208,True,119.715,"[2064, 2064, 2048, 2048, 2048, 2048, 2048]","[2048, 2048, 2048, 2048, 2048, 2048, 2048, 2048]","[2048, 2048, 2048, 2048, 2048, 2048]",
1266,9922,22,28,2025-08-01T15:59:25.418000+00:00,30.164,32.043,24.471,,221,False,86.678,"[None, 2048, 2048, 2048, 2048, 2048, 2048]","[2048, 2048, 2048, 2048, 2048, 2048, 2048, 2048]","[2048, 2048, 2048, 2048, 2048, 2048]",287.0
1266,9922,81,28,2025-08-01T15:59:31.074000+00:00,48.219,30.116,23.397,267.0,242,True,101.732,"[2064, 2064, 2048, 2048, 2048, 2048, 2048]","[2048, 2048, 2048, 2048, 2048, 2048, 2048, 2048]","[2048, 2048, 2048, 2048, 2048, 2048]",
1266,9922,12,24,2025-08-01T15:59:37.261000+00:00,29.925,29.648,23.492,,242,False,83.065,"[None, 2048, 2048, 2048, 2048, 2048, 2048]","[2048, 2048, 2048, 2048, 2048, 2048, 2048, 2048]","[2048, 2048, 2048, 2048, 2048, 2048]",289.0
1266,9922,14,23,2025-08-01T15:59:39.730000+00:00,29.726,32.351,25.127,,214,False,87.204,"[None, 2048, 2048, 2048, 2048, 2048, 2048]","[2048, 2048, 2048, 2048, 2048, 2048, 2048, 2048]","[2048, 2048, 2048, 2048, 2048, 2048]",288.0
1266,9922,87,25,2025-08-01T15:59:44.558000+00:00,50.309,29.98,27.611,269.0,237,True,107.9,"[2064, 2064, 2048, 2048, 2048, 2048, 2048]","[2048, 2048, 2048, 2048, 2048, 2048, 2048, 2048]","[2048, 2048, 2048, 2048, 2048, 2048]",
1266,9922,43,27,2025-08-01T15:59:45.121000+00:00,30.018,31.727,24.717,272.0,226,False,86.462,"[None, 2048, 2048, 2048, 2048, 2048, 2048]","[2048, 2048, 2048, 2048, 2048, 2048, 2048, 2048]","[2048, 2048, 2048, 2048, 2048, 2048]",
1266,9922,6,28,2025-08-01T15:59:50.372000+00:00,29.265,29.696,22.959,276.0,244,False,81.92,"[2048, 2048, 2048, 2048, 2048, 2048, 2048]","[2048, 2048, 2048, 2048, 2048, 2048, 2048, 2048]","[2048, 2048, 2048, 2048, 2048]",288.0
1266,9922,63,25,2025-08-01T15:59:52.727000+00:00,49.555,32.375,25.704,263.0,219,True,107.634,"[2064, 2064, 2048, 2048, 2048, 2048, 2048]","[2048, 2048, 2048, 2048, 2048, 2048, 2048, 2048]","[2048, 2048, 2048, 2048, 2048, 2048]",
1266,9922,55,30,2025-08-01T15:59:57.883000+00:00,29.999,29.971,23.803,276.0,242,False,83.773,"[None, 2048, 2048, 2048, 2048, 2048, 2048]","[2048, 2048, 2048, 2048, 2048, 2048, 2048, 2048]","[2048, 2048, 2048, 2048, 2048, 2048]",287.0
1266,9922,30,28,2025-08-01T16:00:01.289000+00:00,45.088,51.074,45.083,129.0,131,False,141.245,"[None, 2048, 2048, 2048, 2048, 2048, 2048]","[2048, 2048, 2048, 2048, 2048, 2048, 2048, 2048]","[2048, 2048, 2048, 2048, 2048, 2048]",287.0
1266,9922,5,28,2025-08-01T16:00:03.711000+00:00,40.648,37.377,38.975,237.0,199,False,117.0,"[2048, 2048, 2048, 2048, 2048, 2048, 2048]","[2048, 2048, 2048, 2048, 2048, 2048, 2048, 2048]","[2048, 2048, 2048, 2048, 2048, 2048]",222.0
1266,9922,44,27,2025-08-01T16:00:16.727000+00:00,43.708,44.534,45.989,141.0,151,False,134.231,"[None, 2048, 2048, 2048, 2048, 2048, 2048]","[2048, 2048, 2048, 2048, 2048, 2048, 2048, 2048]","[2048, 2048, 2048, 2048, 2048, 2048]",201.0
1266,9922,16,27,2025-08-01T16:00:25.102000+00:00,34.62,43.561,42.766,162.0,153,False,120.947,"[None, 2048, 2048, 2048, 2048, 2048, 2048]","[2048, 2048, 2048, 2048, 2048, 2048, 2048, 2048]","[2048, 2048, 2048, 2048, 2048, 2048]",292.0
1266,9922,1,24,2025-08-01T16:00:29.024000+00:00,42.109,40.756,63.85,141.0,173,False,146.715,"[None, 2048, 2048, 2048, 2048, 2048, 2048]","[2048, 2048, 2048, 2048, 2048, 2048, 2048, 2048]","[2048, 2048, 2048, 2048, 2048, 2048]",182.0
1266,9922,4,26,2025-08-01T16:00:33.868000+00:00,37.098,38.005,41.776,209.0,184,False,116.879,"[None, 2048, 2048, 2048, 2048, 2048, 2048]","[2048, 2048, 2048, 2048, 2048, 2048, 2048, 2048]","[2048, 2048, 2048, 2048, 2048, 2048]",244.0
1266,9922,18,27,2025-08-01T16:00:37.774000+00:00,37.082,39.083,70.878,185.0,169,False,147.043,"[None, 2048, 2048, 2048, 2048, 2048, 2048]","[2048, 2048, 2048, 2048, 2048, 2048, 2048, 2048]","[2048, 2048, 2048, 2048, 2048, 2048]",285.0
1266,9922,10,24,2025-08-01T16:00:40.039000+00:00,36.182,41.007,41.704,183.0,156,False,118.893,"[None, 2048, 2048, 2048, 2048, 2048, 2048]","[2048, 2048, 2048, 2048, 2048, 2048, 2048, 2048]","[2048, 2048, 2048, 2048, 2048, 2048]",286.0
1266,9922,27,30,2025-08-01T16:00:46.540000+00:00,32.934,42.984,68.012,163.0,153,False,143.93,"[2048, 2048, 2048, 2048, 2048, 2048, 2048]","[2048, 2048, 2048, 2048, 2048, 2048, 2048, 2048]","[2048, 2048, 2048, 2048, 2048, 2048]",298.0
1266,9922,23,29,2025-08-01T16:00:50.993000+00:00,29.582,44.37,41.418,249.0,195,False,115.37,"[2048, 2048, 2048, 2048, 2048, 2048, 2048]","[2048, 2048, 2048, 2048, 2048, 2048, 2048, 2048]","[2048, 2048, 2048, 2048, 2048, 2048]",287.0
1266,9922,22,29,2025-08-01T16:00:52.099000+00:00,46.805,55.68,49.299,108.0,121,False,151.784,"[None, 2048, 2048, 2048, 2048, 2048, 2048]","[2048, 2048, 2048, 2048, 2048, 2048, 2048, 2048]","[2048, 2048, 2048, 2048, 2048, 2048]",295.0
1266,9922,81,29,2025-08-01T16:00:53.044000+00:00,42.919,44.338,44.115,159.0,161,False,131.372,"[2048, 2048, 2048, 2048, 2048, 2048, 2048]","[2048, 2048, 2048, 2048, 2048, 2048, 2048, 2048]","[2048, 2048, 2048, 2048, 2048, 2048]",254.0
1266,9922,31,28,2025-08-01T16:00:57.523000+00:00,33.315,36.257,54.559,254.0,166,False,124.131,"[2048, 2048, 2048, 2048, 2048, 2048, 2048]","[2048, 2048, 2048, 2048, 2048, 2048, 2048, 2048]","[2048, 2048, 2048, 2048, 2048, 2048]",266.0
1266,9922,12,25,2025-08-01T16:01:00.360000+00:00,46.381,55.235,57.795,107.0,125,False,159.411,"[None, 2048, 2048, 2048, 2048, 2048, 2048]","[2048, 2048, 2048, 2048, 2048, 2048, 2048, 2048]","[2048, 2048, 2048, 2048, 2048, 2048]",223.0
1266,9922,14,24,2025-08-01T16:01:06.780000+00:00,35.215,40.207,68.23,188.0,190,False,143.652,"[None, 2048, 2048, 2048, 2048, 2048, 2048]","[2048, 2048, 2048, 2048, 2048, 2048, 2048, 2048]","[2048, 2048, 2048, 2048, 2048, 2048]",258.0
1266,9922,87,26,2025-08-01T16:01:11.280000+00:00,31.774,40.477,72.633,186.0,205,False,144.884,"[2048, 2048, 2048, 2048, 2048, 2048, 2048]","[2048, 2048, 2048, 2048, 2048, 2048, 2048, 2048]","[2048, 2048, 2048, 2048, 2048, 2048]",298.0
1266,9922,43,28,2025-08-01T16:01:11.530000+00:00,31.035,40.143,58.488,212.0,207,False,129.666,"[None, 2048, 2048, 2048, 2048, 2048, 2048]","[2048, 2048, 2048, 2048, 2048, 2048, 2048, 2048]","[2048, 2048, 2048, 2048, 2048, 2048]",309.0
1266,9922,6,29,2025-08-01T16:01:12.171000+00:00,36.124,56.839,61.428,181.0,191,False,154.391,"[None, 2048, 2048, 2048, 2048, 2048, 2048]","[2048, 2048, 2048, 2048, 2048, 2048, 2048, 2048]","[2048, 2048, 2048, 2048, 2048, 2048]",260.0
1266,9922,63,26,2025-08-01T16:01:20.421000+00:00,35.744,41.626,38.856,192.0,199,False,116.226,"[2048, 2048, 2048, 2048, 2048, 2048, 2048]","[2048, 2048, 2048, 2048, 2048, 2048, 2048, 2048]","[2048, 2048, 2048, 2048, 2048, 2048]",230.0
1266,9922,55,31,2025-08-01T16:01:21.686000+00:00,41.503,43.67,59.136,174.0,137,False,144.309,"[None, 2048, 2048, 2048, 2048, 2048, 2048]","[2048, 2048, 2048, 2048, 2048, 2048, 2048, 2048]","[2048, 2048, 2048, 2048, 2048, 2048]",195.0
1266,9922,5,29,2025-08-01T16:02:00.685000+00:00,59.829,43.293,35.04,154.0,161,False,138.162,"[None, 2048, 2048, 2048, 2048, 2048, 2048]","[2048, 2048, 2048, 2048, 2048, 2048, 2048, 2048]","[2048, 2048, 2048, 2064, 2064, 2064]",242.0
1266,9922,30,29,2025-08-01T16:02:22.556000+00:00,55.183,33.026,35.127,197.0,218,False,123.336,"[None, 2048, 2048, 2048, 2048, 2048, 2048]","[2048, 2048, 2048, 2048, 2048, 2048, 2048, 2048]","[2048, 2048, 2048, 2064, 2064, 2064]",241.0
1266,9922,16,28,2025-08-01T16:02:25.957000+00:00,52.59,33.349,37.329,185.0,220,False,123.268,"[None, 2048, 2048, 2048, 2048, 2048, 2048]","[2048, 2048, 2048, 2048, 2048, 2048, 2048, 2048]","[2048, 2048, 2048, 2064, 2064, 2064]",249.0
1266,9922,44,28,2025-08-01T16:02:31.035000+00:00,70.671,57.06,38.753,62.0,226,False,166.484,"[None, 2048, 2048, 2048, 2048, 2048, 2048]","[2048, 2048, 2048, 2048, 2048, 2048, 2048, 2048]","[2048, 2048, 2048, 2064, 2064, 2064]",244.0
1266,9922,4,27,2025-08-01T16:02:31.604000+00:00,54.405,36.126,56.871,236.0,110,False,147.402,"[None, 2048, 2048, 2048, 2048, 2048, 2048]","[2048, 2048, 2048, 2048, 2048, 2048, 2048, 2048]","[2048, 2048, 2048, 2064, 2064, 2064]",249.0
1266,9922,10,25,2025-08-01T16:02:38.924000+00:00,48.838,33.902,39.535,274.0,150,False,122.275,"[None, 2048, 2048, 2048, 2048, 2048, 2048]","[2048, 2048, 2048, 2048, 2048, 2048, 2048, 2048]","[2048, 2048, 2048, 2064, 2064, 2064]",244.0
1266,9922,23,30,2025-08-01T16:02:46.425000+00:00,50.559,42.31,40.3,228.0,125,False,133.169,"[None, 2048, 2048, 2048, 2048, 2048, 2048]","[2048, 2048, 2048, 2048, 2048, 2048, 2048, 2048]","[2048, 2048, 2048, 2064, 2064, 2064]",247.0
1266,9922,1,25,2025-08-01T16:02:55.843000+00:00,35.222,35.379,38.559,206.0,165,False,109.16,"[None, 2048, 2048, 2048, 2048, 2048, 2048]","[2048, 2048, 2048, 2048, 2048, 2048, 2048, 2048]","[2048, 2048, 2048, 2064, 2064, 2064]",254.0
1266,9922,31,29,2025-08-01T16:03:01.656000+00:00,33.354,42.289,35.944,266.0,157,False,111.587,"[None, 2048, 2048, 2048, 2048, 2048, 2048]","[2048, 2048, 2048, 2048, 2048, 2048, 2048, 2048]","[2048, 2048, 2048, 2064, 2064, 2064]",256.0
1266,9922,81,30,2025-08-01T16:03:04.339000+00:00,68.243,44.033,35.158,103.0,160,False,147.434,"[None, 2048, 2048, 2048, 2048, 2048, 2048]","[2048, 2048, 2048, 2048, 2048, 2048, 2048, 2048]","[2048, 2048, 2048, 2064, 2064, 2064]",240.0
1266,9922,18,28,2025-08-01T16:03:04.884000+00:00,33.763,43.659,39.512,229.0,128,False,116.934,"[None, 2048, 2048, 2048, 2048, 2048, 2048]","[2048, 2048, 2048, 2048, 2048, 2048, 2048, 2048]","[2048, 2048, 2048, 2064, 2064, 2064]",255.0
1266,9922,27,31,2025-08-01T16:03:10.415000+00:00,33.229,43.444,39.985,181.0,128,False,116.658,"[None, 2048, 2048, 2048, 2048, 2048, 2048]","[2048, 2048, 2048, 2048, 2048, 2048, 2048, 2048]","[2048, 2048, 2048, 2064, 2064, 2064]",260.0
1266,9922,63,27,2025-08-01T16:03:16.759000+00:00,60.927,39.796,35.29,196.0,174,False,136.013,"[None, 2048, 2048, 2048, 2048, 2048, 2048]","[2048, 2048, 2048, 2048, 2048, 2048, 2048, 2048]","[2048, 2048, 2048, 2064, 2064, 2064]",245.0
1266,9922,43,29,2025-08-01T16:03:21.259000+00:00,31.872,39.681,35.856,265.0,189,False,107.409,"[None, 2048, 2048, 2048, 2048, 2048, 2048]","[2048, 2048, 2048, 2048, 2048, 2048, 2048, 2048]","[2048, 2048, 2048, 2064, 2064, 2064]",258.0
1266,9922,22,30,2025-08-01T16:03:24.025000+00:00,61.327,40.425,35.445,184.0,211,False,137.197,"[None, 2048, 2048, 2048, 2048, 2048, 2048]","[2048, 2048, 2048, 2048, 2048, 2048, 2048, 2048]","[2048, 2048, 2048, 2064, 2064, 2064]",249.0
1266,9922,14,25,2025-08-01T16:03:30.494000+00:00,31.536,42.045,38.322,236.0,211,False,111.903,"[None, 2048, 2048, 2048, 2048, 2048, 2048]","[2048, 2048, 2048, 2048, 2048, 2048, 2048, 2048]","[2048, 2048, 2048, 2064, 2064, 2064]",269.0
1266,9922,87,27,2025-08-01T16:03:36.183000+00:00,54.068,40.385,36.854,179.0,199,False,131.307,"[None, 2048, 2048, 2048, 2048, 2048, 2048]","[2048, 2048, 2048, 2048, 2048, 2048, 2048, 2048]","[2048, 2048, 2048, 2064, 2064, 2064]",245.0
1266,9922,12,26,2025-08-01T16:03:40.130000+00:00,73.266,38.856,38.511,169.0,179,False,150.633,"[None, 2048, 2048, 2048, 2048, 2048, 2048]","[2048, 2048, 2048, 2048, 2048, 2048, 2048, 2048]","[2048, 2048, 2048, 2064, 2064, 2064]",221.0
1266,9922,6,30,2025-08-01T16:03:46.700000+00:00,39.652,42.432,37.379,198.0,163,False,119.463,"[None, 2048, 2048, 2048, 2048, 2048, 2048]","[2048, 2048, 2048, 2048, 2048, 2048, 2048, 2048]","[2048, 2048, 2048, 2064, 2064, 2064]",252.0
1266,9922,55,32,2025-08-01T16:03:46.751000+00:00,67.324,39.668,38.489,159.0,174,False,145.481,"[None, 2048, 2048, 2048, 2048, 2048, 2048]","[2048, 2048, 2048, 2048, 2048, 2048, 2048, 2048]","[2048, 2048, 2048, 2064, 2064, 2064]",158.0
