meeting_key,session_key,driver_number,lap_number,date_start,duration_sector_1,duration_sector_2,duration_sector_3,i1_speed,i2_speed,is_pit_out_lap,lap_duration,segments_sector_1,segments_sector_2,segments_sector_3,st_speed
1265,9929,27,1,,,56.512,39.804,269.0,195.0,True,,"[2064, 2064, 2049, 2049, 2049, 2049, 2049, 2049]","[2049, 2049, 2049, 2049, 2049, 2049, 2049, 2049, 2049, 2049, 2049, 2049]","[2051, 2051, 2051, 2049, 2049, 2049, 2049, 2049]",249.0
1265,9929,6,1,2025-07-25T10:30:08.787000+00:00,,52.211,33.302,253.0,188.0,True,,"[2064, 2064, 2049, 2049, 2049, 2049, 2049, 2049]","[2049, 2049, 2051, 2051, 2051, 2049, 2049, 2049, 2049, 2051, 2051, 2051]","[2049, 2049, 2049, 2049, 2049, 2051, 2051, 2051]",273.0
1265,9929,5,1,2025-07-25T10:30:10.880000+00:00,,55.456,40.33,300.0,196.0,True,,"[2064, 2064, 2049, 2049, 2049, 2049, 2049, 2049]","[2049, 2049, 2049, 2049, 2049, 2049, 2049, 2049, 2049, 2049, 2049, 2049]","[2049, 2049, 2049, 2049, 2049, 2049, 2049, 2049]",246.0
1265,9929,30,1,2025-07-25T10:30:16.349000+00:00,,55.366,41.656,292.0,182.0,True,,"[2064, 2064, 2049, 2049, 2049, 2049, 2049, 2049]","[2049, 2049, 2049, 2049, 2049, 2049, 2049, 2049, 2049, 2049, 2049, 2049]","[2049, 2049, 2049, 2049, 2049, 2049, 2049, 2049]",260.0
1265,9929,63,1,2025-07-25T10:30:17.849000+00:00,,52.888,35.866,331.0,190.0,True,,"[2064, 2064, 2051, 2051, 2051, 2051, 2051, 2051]","[2051, 2049, 2049, 2049, 2049, 2051, 2051, 2051, 2051, 2049, 2049, 2049]","[2049, 2049, 2049, 2051, 2051, 2049, 2051]",290.0
1265,9929,12,1,2025-07-25T10:30:21.474000+00:00,,59.603,36.603,276.0,192.0,True,,"[2064, 2064, 2049, 2049, 2049, 2049, 2049, 2049]","[2049, 2049, 2049, 2049, 2049, 2049, 2049, 2049, 2049, 2049, 2049, 2049]","[2049, 2049, 2049, 2049, 2049, 2051, 2049, 2049]",196.0
1265,9929,55,1,2025-07-25T10:30:26.740000+00:00,,82.67,71.06,122.0,124.0,True,,"[2064, 2064, 2049, 2049, 2049, 2049, 2049, 2049]","[2049, 2049, 2049, 2049, 2049, 2049, 2049, 2049, 2049, 2049, 2049, 2049]","[2049, 2049, 2049, 2049, 2049, 2049, 2064, 2064]",112.0
1265,9929,18,1,2025-07-25T10:30:34.693000+00:00,,58.585,39.21,302.0,179.0,True,,"[2064, 2064, 2049, 2049, 2049, 2049, 2049, 2049]","[2049, 2049, 2049, 2049, 2049, 2049, 2049, 2049, 2049, 2049, 2049, 2049]","[2049, 2049, 2049, 2049, 2049, 2051, 2064, 2064]",164.0
1265,9929,31,1,2025-07-25T10:30:41.756000+00:00,,63.026,39.166,240.0,181.0,True,,"[2064, 2064, 2049, 2049, 2049, 2049, 2049, 2049]","[2049, 2049, 2049, 2049, 2049, 2049, 2049, 2049, 2049, 2049, 2049, 2049]","[2049, 2049, 2049, 2049, 2049, 2049, 2049, 2049]",187.0
1265,9929,87,1,2025-07-25T10:30:48.771000+00:00,,62.931,43.626,220.0,158.0,True,,"[2064, 2064, 2049, 2049, 2049, 2049, 2049, 2049]","[2049, 2049, 2049, 2049, 2049, 2049, 2049, 2049, 2049, 2049, 2049, 2049]","[2049, 2049, 2049, 2049, 2049, 2049, 2049, 2049]",216.0
1265,9929,10,1,2025-07-25T10:30:57.332000+00:00,,57.452,32.015,300.0,185.0,True,,"[2064, 2064, 2049, 2049, 2049, 2049, 2049, 2049]","[2049, 2049, 2049, 2049, 2049, 2049, 2049, 2049, 2049, 2049, 2049, 2049]","[2049, 2051, 2051, 2049, 2049, 2049, 2049, 2049]",274.0
1265,9929,43,1,2025-07-25T10:31:01.597000+00:00,,56.667,39.911,310.0,197.0,True,,"[2064, 2064, 2049, 2049, 2049, 2049, 2049, 2049]","[2049, 2049, 2049, 2049, 2049, 2049, 2049, 2049, 2049, 2049, 2049, 2051]","[2049, 2049, 2049, 2049, 2049, 2049, 2049, 2049]",239.0
1265,9929,14,1,2025-07-25T10:31:15.134000+00:00,,57.808,35.995,302.0,187.0,True,,"[2064, 2064, 2049, 2049, 2049, 2049, 2049, 2049]","[2049, 2049, 2049, 2049, 2049, 2049, 2049, 2049, 2049, 2049, 2049, 2049]","[2049, 2049, 2049, 2049, 2049, 2049, 2049, 2049]",244.0
1265,9929,81,1,2025-07-25T10:31:21.040000+00:00,,60.454,36.146,315.0,157.0,True,,"[2064, 2064, 2049, 2049, 2049, 2049, 2049, 2049]","[2049, 2049, 2049, 2049, 2049, 2049, 2049, 2049, 2049, 2049, 2049, 2049]","[2049, 2049, 2049, 2049, 2049, 2049, 2049, 2049]",248.0
1265,9929,4,1,2025-07-25T10:31:28.400000+00:00,,55.218,34.792,293.0,172.0,True,,"[2064, 2064, 2049, 2049, 2049, 2049, 2049, 2049]","[2049, 2049, 2049, 2049, 2049, 2049, 2049, 2049, 2049, 2049, 2049, 2049]","[2049, 2049, 2049, 2049, 2051, 2049, 2049, 2049]",260.0
1265,9929,16,1,2025-07-25T10:31:34.983000+00:00,,61.778,46.567,186.0,195.0,True,,"[2064, 2064, 2049, 2049, 2049, 2049, 2049, 2049]","[2049, 2049, 2049, 2049, 2049, 2049, 2049, 2049, 2049, 2049, 2049, 2049]","[2049, 2049, 2049, 2049, 2049, 2049, 2049, 2049]",204.0
1265,9929,44,1,2025-07-25T10:31:39.150000+00:00,,64.769,49.207,239.0,183.0,True,,"[2064, 2064, 2049, 2049, 2049, 2049, 2049, 2049]","[2049, 2049, 2049, 2049, 2049, 2049, 2049, 2049, 2049, 2049, 2049, 2049]","[2049, 2049, 2049, 2049, 2049, 2049, 2049, 2049]",206.0
1265,9929,22,1,2025-07-25T10:31:42.743000+00:00,,60.012,34.612,238.0,165.0,True,,"[2064, 2064, 2049, 2049, 2049, 2049, 2049, 2049]","[2049, 2049, 2049, 2049, 2049, 2049, 2049, 2049, 2049, 2049, 2049, 2049]","[2049, 2049, 2049, 2049, 2049, 2049, 2049, 2049]",224.0
1265,9929,23,1,2025-07-25T10:31:48.615000+00:00,,57.141,36.922,306.0,169.0,True,,"[2064, 2064, 2049, 2049, 2049, 2049, 2049, 2049]","[2049, 2049, 2049, 2049, 2049, 2049, 2049, 2049, 2049, 2049, 2049, 2049]","[2049, 2049, 2049, 2049, 2049, 2049, 2049, 2049]",250.0
1265,9929,6,2,2025-07-25T10:32:10.521000+00:00,31.876,47.065,33.084,323.0,204.0,False,112.025,"[2049, 2049, 2049, 2049, 2049, 2049, 2049, 2049]","[2049, 2049, 2049, 2049, 2049, 2049, 2049, 2051, 2049, 2049, 2049, 2049]","[2049, 2049, 2049, 2049, 2049, 2048, 2048]",306.0
1265,9929,1,1,2025-07-25T10:32:13.552000+00:00,,65.083,38.739,278.0,145.0,True,,"[2064, 2064, 2049, 2049, 2049, 2049, 2049, 2049]","[2049, 2049, 2049, 2049, 2049, 2049, 2049, 2049, 2049, 2049, 2049, 2049]","[2049, 2049, 2049, 2049, 2049, 2049, 2049, 2049]",226.0
1265,9929,63,2,2025-07-25T10:32:16.302000+00:00,30.863,47.533,28.96,338.0,211.0,False,107.356,"[2049, 2049, 2051, 2051, 2051, 2051, 2051, 2051]","[2049, 2049, 2049, 2049, 2049, 2049, 2051, 2049, 2051, 2049, 2049, 2049]","[2049, 2051, 2051, 2051, 2051, 2051, 2048, 2048]",312.0
1265,9929,27,2,2025-07-25T10:32:22.302000+00:00,31.476,47.065,29.211,333.0,208.0,False,107.752,"[2049, 2049, 2049, 2049, 2049, 2049, 2049, 2049]","[2049, 2049, 2049, 2051, 2049, 2049, 2049, 2049, 2049, 2049, 2051, 2049]","[2049, 2049, 2049, 2049, 2049, 2051, 2048, 2048]",306.0
1265,9929,30,2,2025-07-25T10:32:27.490000+00:00,31.623,47.281,29.22,325.0,207.0,False,108.124,"[2049, 2049, 2049, 2049, 2049, 2049, 2049, 2049]","[2049, 2049, 2049, 2049, 2049, 2049, 2049, 2049, 2049, 2049, 2049, 2049]","[2049, 2049, 2049, 2049, 2049, 2049, 2048, 2048]",308.0
1265,9929,5,2,2025-07-25T10:32:32.459000+00:00,31.361,47.572,29.103,335.0,208.0,False,108.036,"[2049, 2049, 2049, 2049, 2049, 2049, 2049, 2049]","[2049, 2049, 2049, 2049, 2049, 2049, 2049, 2049, 2049, 2049, 2049, 2049]","[2049, 2049, 2049, 2049, 2049, 2051, 2048]",304.0
1265,9929,12,2,2025-07-25T10:32:39.349000+00:00,30.974,46.513,28.631,336.0,212.0,False,106.118,"[2049, 2049, 2049, 2049, 2049, 2049, 2049, 2049]","[2051, 2049, 2051, 2049, 2051, 2051, 2049, 2049, 2049, 2049, 2049, 2051]","[2051, 2051, 2049, 2049, 2049, 2051, 2049, 2048]",309.0
1265,9929,10,2,2025-07-25T10:33:01.224000+00:00,31.278,47.616,29.001,327.0,203.0,False,107.895,"[2049, 2049, 2049, 2049, 2049, 2049, 2049, 2049]","[2049, 2049, 2049, 2049, 2049, 2049, 2049, 2049, 2049, 2049, 2049, 2049]","[2049, 2049, 2049, 2049, 2049, 2049, 2048, 2048]",308.0
1265,9929,31,2,2025-07-25T10:33:07.108000+00:00,31.489,46.618,29.225,327.0,209.0,False,107.332,"[2049, 2049, 2049, 2049, 2049, 2049, 2049, 2049]","[2049, 2049, 2049, 2049, 2049, 2049, 2049, 2049, 2049, 2049, 2049, 2049]","[2049, 2049, 2049, 2049, 2049, 2049, 2048, 2048]",302.0
1265,9929,87,2,2025-07-25T10:33:12.850000+00:00,31.156,47.465,28.811,336.0,208.0,False,107.432,"[2049, 2049, 2049, 2049, 2049, 2049, 2049, 2049]","[2049, 2049, 2049, 2049, 2049, 2049, 2049, 2049, 2049, 2049, 2049, 2049]","[2049, 2049, 2049, 2049, 2049, 2051, 2048, 2048]",310.0
1265,9929,43,2,2025-07-25T10:33:18.803000+00:00,31.498,48.276,29.265,327.0,207.0,False,109.039,"[2051, 2049, 2049, 2049, 2049, 2049, 2049, 2049]","[2049, 2049, 2049, 2049, 2049, 2049, 2049, 2049, 2049, 2049, 2049, 2049]","[2049, 2049, 2049, 2049, 2049, 2049, 2048]",306.0
1265,9929,14,2,2025-07-25T10:33:25.615000+00:00,30.843,48.252,28.912,338.0,205.0,False,108.007,"[2049, 2049, 2049, 2049, 2049, 2049, 2049, 2049]","[2049, 2049, 2049, 2049, 2049, 2049, 2049, 2049, 2049, 2049, 2049, 2049]","[2049, 2049, 2049, 2049, 2049, 2049, 2048, 2048]",311.0
1265,9929,4,2,2025-07-25T10:33:34.459000+00:00,31.177,46.009,28.896,331.0,210.0,False,106.082,"[2049, 2049, 2049, 2049, 2049, 2049, 2049, 2049]","[2049, 2049, 2049, 2051, 2049, 2049, 2049, 2049, 2049, 2051, 2051, 2051]","[2049, 2049, 2049, 2049, 2049, 2049, 2048, 2049]",307.0
1265,9929,81,2,2025-07-25T10:33:46.297000+00:00,31.325,46.862,28.942,330.0,209.0,False,107.129,"[2049, 2049, 2049, 2049, 2049, 2049, 2049, 2049]","[2049, 2049, 2049, 2049, 2049, 2049, 2049, 2049, 2049, 2049, 2049, 2049]","[2049, 2049, 2049, 2049, 2049, 2051, 2048]",306.0
1265,9929,22,2,2025-07-25T10:33:53.575000+00:00,30.7,46.918,28.537,341.0,209.0,False,106.155,"[2049, 2051, 2049, 2049, 2049, 2049, 2051, 2051]","[2049, 2049, 2049, 2049, 2049, 2049, 2049, 2049, 2049, 2049, 2049, 2049]","[2049, 2049, 2051, 2051, 2051, 2049, 2049, 2048]",314.0
1265,9929,23,2,2025-07-25T10:33:56.869000+00:00,31.103,47.073,29.058,328.0,208.0,False,107.234,"[2049, 2049, 2049, 2049, 2049, 2049, 2049, 2049]","[2049, 2051, 2049, 2049, 2049, 2049, 2049, 2049, 2049, 2049, 2049, 2049]","[2049, 2049, 2049, 2049, 2049, 2049, 2048, 2048]",307.0
1265,9929,6,3,2025-07-25T10:34:02.531000+00:00,31.278,46.745,29.074,327.0,205.0,False,107.097,"[2048, 2049, 2049, 2049, 2049, 2049, 2049, 2049]","[2049, 2049, 2048, 2049, 2048, 2051, 2049, 2049, 2049, 2049, 2049, 2049]","[2049, 2049, 2049, 2048, 2049, 2049, 2048, 2048]",310.0
1265,9929,63,3,2025-07-25T10:34:03.679000+00:00,46.076,91.534,51.604,208.0,79.0,False,189.214,"[2048, 2048, 2048, 2048, 2048, 2048, 2048, 2048]","[2048, 2048, 2048, 2048, 2048, 2048, 2048, 2048, 2048, 2048, 2048, 2048]","[2048, 2048, 2048, 2048, 2048, 2048, 2048, 2048]",207.0
1265,9929,16,2,2025-07-25T10:34:08.972000+00:00,31.534,57.679,33.285,335.0,152.0,False,122.498,"[2049, 2049, 2049, 2049, 2049, 2049, 2049, 2049]","[2049, 2049, 2049, 2049, 2049, 2049, 2049, 2049, 2048, 2048, 2048, 2048]","[2048, 2048, 2049, 2049, 2049, 2049, 2049]",306.0
1265,9929,27,3,2025-07-25T10:34:09.952000+00:00,42.411,75.249,43.75,223.0,137.0,False,161.41,"[2048, 2048, 2048, 2048, 2048, 2048, 2048, 2048]","[2048, 2048, 2048, 2048, 2048, 2048, 2048, 2048, 2048, 2048, 2048, 2048]","[2048, 2048, 2048, 2048, 2048, 2048, 2048, 2049]",245.0
1265,9929,44,2,2025-07-25T10:34:13.343000+00:00,31.859,46.833,29.19,334.0,208.0,False,107.882,"[2049, 2049, 2049, 2049, 2049, 2049, 2049, 2049]","[2049, 2049, 2049, 2049, 2049, 2049, 2049, 2049, 2049, 2049, 2049, 2049]","[2049, 2049, 2049, 2049, 2049, 2049, 2049, 2049]",302.0
1265,9929,30,3,2025-07-25T10:34:15.666000+00:00,31.02,82.126,53.339,331.0,115.0,False,166.485,"[None, 2049, 2049, 2049, 2049, 2049, 2049, 2049]","[2048, 2048, 2048, 2048, 2048, 2048, 2048, 2048, 2048, 2048, 2048, 2048]","[2048, 2048, 2048, 2048, 2048, 2048, 2048, 2049]",312.0
1265,9929,5,3,2025-07-25T10:34:20.424000+00:00,36.28,73.475,46.692,249.0,131.0,False,156.447,"[2048, 2048, 2048, 2048, 2048, 2048, 2048, 2048]","[2048, 2048, 2048, 2048, 2048, 2048, 2048, 2048, 2048, 2048, 2048, 2048]","[2048, 2048, 2048, 2048, 2048, 2048, 2048, 2048]",269.0
1265,9929,12,3,2025-07-25T10:34:25.398000+00:00,60.836,82.594,37.278,112.0,131.0,False,180.708,"[2048, 2048, 2048, 2048, 2048, 2048, 2048, 2048]","[2048, 2048, 2048, 2048, 2048, 2048, 2048, 2048, 2048, 2048, 2048, 2048]","[2048, 2048, 2048, 2048, 2048, 2048, 2049, 2049]",177.0
1265,9929,1,2,2025-07-25T10:34:32.179000+00:00,30.742,46.217,28.586,327.0,209.0,False,105.545,"[2049, 2049, 2049, 2051, 2051, 2051, 2049, 2049]","[2049, 2049, 2049, 2049, 2049, 2049, 2051, 2051, 2051, 2049, 2049, 2049]","[2049, 2051, 2051, 2049, 2049, 2049, 2048]",314.0
1265,9929,10,3,2025-07-25T10:34:49.125000+00:00,48.089,77.618,39.734,179.0,124.0,False,165.441,"[2048, 2048, 2048, 2048, 2048, 2048, 2048, 2048]","[2048, 2048, 2048, 2048, 2048, 2048, 2048, 2048, 2048, 2048, 2048, 2048]","[2048, 2048, 2048, 2048, 2048, 2048, 2048, 2048]",183.0
1265,9929,31,3,2025-07-25T10:34:54.326000+00:00,53.901,84.044,43.963,154.0,140.0,False,181.908,"[2048, 2048, 2048, 2048, 2048, 2048, 2048, 2048]","[2048, 2048, 2048, 2048, 2048, 2048, 2048, 2048, 2048, 2048, 2048, 2048]","[2048, 2048, 2048, 2048, 2048, 2048, 2048, 2048]",162.0
1265,9929,87,3,2025-07-25T10:35:00.188000+00:00,52.497,83.622,43.936,181.0,121.0,False,180.055,"[2048, 2048, 2048, 2048, 2048, 2048, 2048, 2048]","[2048, 2048, 2048, 2048, 2048, 2048, 2048, 2048, 2048, 2048, 2048, 2048]","[2048, 2048, 2048, 2048, 2048, 2048, 2049, 2049]",155.0
1265,9929,43,3,2025-07-25T10:35:07.619000+00:00,46.037,88.262,45.603,174.0,115.0,False,179.902,"[2048, 2048, 2048, 2048, 2048, 2048, 2048, 2048]","[2048, 2048, 2048, 2048, 2048, 2048, 2048, 2048, 2048, 2048, 2048, 2048]","[2048, 2048, 2048, 2048, 2048, 2048, 2048, 2048]",164.0
1265,9929,14,3,2025-07-25T10:35:13.563000+00:00,38.0,70.073,41.077,280.0,135.0,False,149.15,"[2048, 2048, 2048, 2048, 2048, 2048, 2048, 2048]","[2048, 2048, 2048, 2048, 2048, 2048, 2048, 2048, 2048, 2048, 2048, 2048]","[2048, 2048, 2048, 2048, 2048, 2048, 2049, 2049]",222.0
1265,9929,4,3,2025-07-25T10:35:20.549000+00:00,43.352,86.82,47.078,192.0,157.0,False,177.25,"[None, 2048, 2048, 2048, 2048, 2048, 2048, 2048]","[2048, 2048, 2048, 2048, 2048, 2048, 2048, 2048, 2048, 2048, 2048, 2048]","[2048, 2048, 2048, 2048, 2048, 2048, 2049, 2048]",172.0
1265,9929,81,3,2025-07-25T10:35:33.341000+00:00,41.712,82.09,48.066,181.0,129.0,False,171.868,"[2049, 2049, 2048, 2048, 2048, 2048, 2048, 2048]","[2048, 2048, 2048, 2048, 2048, 2048, 2048, 2048, 2048, 2048, 2048, 2048]","[2048, 2048, 2048, 2048, 2048, 2048, 2049, 2049]",186.0
1265,9929,22,3,2025-07-25T10:35:39.700000+00:00,45.668,81.488,48.179,177.0,129.0,False,175.335,"[2048, 2048, 2048, 2048, 2048, 2048, 2048, 2048]","[2048, 2048, 2048, 2048, 2048, 2048, 2048, 2048, 2048, 2048, 2048, 2048]","[2048, 2048, 2048, 2048, 2048, 2048, 2064, 2064]",199.0
1265,9929,23,3,2025-07-25T10:35:43.919000+00:00,42.946,82.771,38.896,124.0,146.0,False,164.613,"[2048, 2048, 2048, 2048, 2048, 2048, 2048, 2048]","[2048, 2048, 2048, 2048, 2048, 2048, 2048, 2048, 2048, 2048, 2048, 2048]","[2048, 2048, 2048, 2048, 2048, 2048, 2048, 2049]",180.0
1265,9929,6,4,2025-07-25T10:35:49.622000+00:00,42.778,77.959,48.978,183.0,137.0,False,169.715,"[None, 2048, 2048, 2048, 2048, 2048, 2048, 2048]","[2048, 2048, 2048, 2048, 2048, 2048, 2048, 2048, 2048, 2048, 2048, 2048]","[2048, 2048, 2048, 2048, 2048, 2048, 2049, 2049]",210.0
1265,9929,44,3,2025-07-25T10:36:01.251000+00:00,37.699,81.109,47.432,151.0,130.0,False,166.24,"[None, 2049, 2049, 2049, 2049, 2048, 2048, 2048]","[2048, 2048, 2048, 2048, 2048, 2048, 2048, 2048, 2048, 2048, 2048, 2048]","[2048, 2048, 2048, 2048, 2048, 2048, 2048, 2048]",
1265,9929,16,3,2025-07-25T10:36:11.261000+00:00,31.049,46.176,28.774,334.0,212.0,False,105.999,"[None, 2049, 2049, 2049, 2049, 2049, 2049, 2049]","[2051, 2049, 2049, 2051, 2048, 2051, 2049, 2049, 2049, 2049, 2049, 2049]","[2049, 2049, 2049, 2049, 2049, 2049, 2048, 2048]",308.0
1265,9929,1,3,2025-07-25T10:36:17.579000+00:00,41.697,62.06,38.533,225.0,166.0,False,142.29,"[2048, 2048, 2048, 2048, 2048, 2048, 2048, 2048]","[2048, 2048, 2048, 2048, 2048, 2048, 2048, 2048, 2048, 2048, 2048, 2048]","[2048, 2048, 2048, 2048, 2048, 2048, 2064, 2064]",215.0
1265,9929,27,4,2025-07-25T10:36:51.470000+00:00,31.086,46.219,28.917,333.0,208.0,False,106.222,"[2049, 2049, 2049, 2049, 2049, 2049, 2049, 2049]","[2049, 2049, 2049, 2049, 2049, 2049, 2049, 2049, 2049, 2049, 2049, 2049]","[2049, 2049, 2049, 2049, 2049, 2049, 2048]",309.0
1265,9929,5,4,2025-07-25T10:36:56.954000+00:00,31.161,47.729,29.41,337.0,207.0,False,108.3,"[None, 2048, 2049, 2049, 2049, 2049, 2049, 2049]","[2049, 2049, 2049, 2049, 2048, 2049, 2049, 2049, 2049, 2048, 2049, 2049]","[2048, 2048, 2048, 2049, 2049, 2048, 2048, 2048]",311.0
1265,9929,30,4,2025-07-25T10:37:02.079000+00:00,31.229,46.407,28.963,335.0,207.0,False,106.599,"[None, 2048, 2048, 2048, 2048, 2048, 2048, 2049]","[2049, 2049, 2049, 2049, 2048, 2049, 2049, 2049, 2049, 2049, 2049, 2049]","[2049, 2048, 2049, 2049, 2049, 2049, 2048, 2048]",310.0
1265,9929,63,4,2025-07-25T10:37:12.907000+00:00,30.851,46.152,28.751,336.0,215.0,False,105.754,"[2049, 2049, 2049, 2048, 2049, 2048, 2048, 2048]","[2049, 2049, 2051, 2049, 2048, 2049, 2049, 2049, 2049, 2049, 2049, 2051]","[2051, 2048, 2048, 2048, 2048, 2049, 2048, 2048]",312.0
1265,9929,12,4,2025-07-25T10:37:26.251000+00:00,31.01,46.035,28.524,334.0,212.0,False,105.569,"[2049, 2048, 2048, 2048, 2049, 2049, 2049, 2048]","[2049, 2049, 2049, 2049, 2048, 2049, 2048, 2049, 2049, 2049, 2049, 2049]","[2048, 2048, 2048, 2048, 2048, 2049, 2049]",311.0
1265,9929,10,4,2025-07-25T10:37:34.580000+00:00,31.167,47.056,28.808,329.0,207.0,False,107.031,"[2049, 2048, 2048, 2049, 2049, 2049, 2049, 2049]","[2049, 2048, 2049, 2049, 2049, 2049, 2049, 2049, 2049, 2049, 2049, 2049]","[2049, 2048, 2048, 2049, 2049, 2049, 2048, 2048]",312.0
1265,9929,14,4,2025-07-25T10:37:42.900000+00:00,30.688,46.383,28.627,338.0,211.0,False,105.698,"[2049, 2049, 2051, 2049, 2049, 2049, 2049, 2049]","[2049, 2049, 2049, 2049, 2048, 2049, 2049, 2049, 2049, 2049, 2049, 2049]","[2049, 2048, 2048, 2049, 2048, 2049, 2048, 2048]",313.0
1265,9929,31,4,2025-07-25T10:37:56.406000+00:00,31.229,45.524,28.872,327.0,208.0,False,105.625,"[2049, 2051, 2049, 2049, 2049, 2049, 2049, 2049]","[2049, 2051, 2049, 2049, 2048, 2049, 2049, 2049, 2049, 2049, 2049, 2049]","[2049, 2048, 2048, 2049, 2049, 2049, 2049, 2049]",305.0
1265,9929,16,4,2025-07-25T10:37:57.422000+00:00,42.73,79.291,38.249,181.0,137.0,False,160.27,"[2048, 2048, 2048, 2048, 2048, 2048, 2048, 2048]","[2048, 2048, 2048, 2048, 2048, 2048, 2048, 2048, 2048, 2048, 2048, 2048]","[2048, 2048, 2048, 2048, 2048, 2048, 2049, 2048]",203.0
1265,9929,87,4,2025-07-25T10:38:00.328000+00:00,30.956,46.386,28.639,338.0,207.0,False,105.981,"[2049, 2048, 2048, 2049, 2049, 2049, 2049, 2049]","[2049, 2049, 2049, 2049, 2048, 2049, 2049, 2049, 2049, 2049, 2049, 2049]","[2049, 2048, 2048, 2049, 2049, 2049, 2048, 2049]",312.0
1265,9929,43,4,2025-07-25T10:38:07.609000+00:00,31.283,47.038,28.938,327.0,210.0,False,107.259,"[None, 2049, 2049, 2049, 2049, 2049, 2049, 2049]","[2049, 2049, 2049, 2049, 2048, 2049, 2049, 2049, 2049, 2049, 2049, 2049]","[2049, 2048, 2048, 2048, 2049, 2049, 2048, 2048]",311.0
1265,9929,4,4,2025-07-25T10:38:17.734000+00:00,31.511,45.324,28.752,330.0,212.0,False,105.587,"[2051, 2048, 2048, 2049, 2049, 2049, 2049, 2049]","[2049, 2049, 2049, 2049, 2048, 2049, 2049, 2049, 2049, 2051, 2048, 2051]","[2049, 2048, 2048, 2048, 2049, 2049, 2049, 2049]",308.0
1265,9929,81,4,2025-07-25T10:38:25.313000+00:00,31.005,45.188,28.786,330.0,213.0,False,104.979,"[None, 2048, 2048, 2049, 2049, 2049, 2049, 2049]","[2049, 2049, 2049, 2049, 2049, 2051, 2049, 2051, 2051, 2049, 2049, 2049]","[2049, 2048, 2048, 2049, 2049, 2051, 2048, 2049]",308.0
1265,9929,23,4,2025-07-25T10:38:28.703000+00:00,31.087,66.578,38.861,335.0,151.0,False,136.526,"[2049, 2048, 2048, 2049, 2049, 2049, 2049, 2049]","[2049, 2048, 2048, 2048, 2048, 2048, 2048, 2048, 2048, 2048, 2048, 2048]","[2048, 2048, 2048, 2048, 2048, 2048, 2049, 2051]",306.0
1265,9929,27,5,2025-07-25T10:38:37.563000+00:00,50.577,75.811,47.674,171.0,127.0,False,174.062,"[2048, 2048, 2048, 2048, 2048, 2048, 2048, 2048]","[2048, 2048, 2048, 2048, 2048, 2048, 2048, 2048, 2048, 2048, 2048, 2048]","[2048, 2048, 2048, 2048, 2048, 2048, 2048, 2048]",199.0
1265,9929,6,5,2025-07-25T10:38:39.469000+00:00,31.01,46.107,28.92,334.0,203.0,False,106.037,"[2049, 2048, 2048, 2048, 2048, 2049, 2049, 2049]","[2049, 2048, 2049, 2051, 2048, 2049, 2049, 2049, 2049, 2049, 2049, 2049]","[2048, 2048, 2048, 2048, 2049, 2049, 2048]",309.0
1265,9929,5,5,2025-07-25T10:38:45.171000+00:00,44.642,76.887,38.482,160.0,151.0,False,160.011,"[None, 2048, 2048, 2048, 2048, 2048, 2048, 2048]","[2048, 2048, 2048, 2048, 2048, 2048, 2048, 2048, 2048, 2048, 2048, 2048]","[2048, 2048, 2048, 2048, 2048, 2048, 2048, 2049]",244.0
1265,9929,44,4,2025-07-25T10:38:47.532000+00:00,31.431,60.678,36.576,332.0,161.0,False,128.685,"[None, 2048, 2049, 2048, 2048, 2049, 2049, 2049]","[2051, 2048, 2048, 2048, 2048, 2048, 2048, 2048, 2048, 2048, 2048, 2048]","[2048, 2048, 2048, 2048, 2048, 2048, 2049, 2049]",303.0
1265,9929,30,5,2025-07-25T10:38:48.763000+00:00,36.826,75.466,37.223,250.0,127.0,False,149.515,"[2048, 2048, 2048, 2048, 2048, 2048, 2048, 2048]","[2048, 2048, 2048, 2048, 2048, 2048, 2048, 2048, 2048, 2048, 2048, 2048]","[2048, 2048, 2048, 2048, 2048, 2048, 2049, 2049]",245.0
1265,9929,22,4,2025-07-25T10:38:57.308000+00:00,56.969,66.209,35.377,252.0,143.0,True,158.555,"[2064, 2064, 2048, 2048, 2048, 2048, 2048, 2048]","[2048, 2048, 2048, 2048, 2048, 2048, 2048, 2048, 2048, 2048, 2048, 2048]","[2048, 2048, 2048, 2048, 2048, 2048, 2049, 2049]",215.0
1265,9929,63,5,2025-07-25T10:38:58.644000+00:00,56.417,86.667,38.062,199.0,122.0,False,181.146,"[2048, 2048, 2048, 2048, 2048, 2048, 2048, 2048]","[2048, 2048, 2048, 2048, 2048, 2048, 2048, 2048, 2048, 2048, 2048, 2048]","[2048, 2048, 2048, 2048, 2048, 2048, 2048, 2048]",152.0
1265,9929,1,4,2025-07-25T10:39:07.523000+00:00,64.326,77.358,39.211,199.0,126.0,True,180.895,"[2064, 2064, 2048, 2048, 2048, 2048, 2048, 2048]","[2048, 2048, 2048, 2048, 2048, 2048, 2048, 2048, 2048, 2048, 2048, 2048]","[2048, 2048, 2048, 2048, 2048, 2048, 2051, 2051]",187.0
1265,9929,12,5,2025-07-25T10:39:11.663000+00:00,63.169,89.731,39.607,112.0,134.0,False,192.507,"[2048, 2048, 2048, 2048, 2048, 2048, 2048, 2048]","[2048, 2048, 2048, 2048, 2048, 2048, 2048, 2048, 2048, 2048, 2048, 2048]","[2048, 2048, 2048, 2048, 2048, 2048, 2048, 2048]",125.0
1265,9929,10,5,2025-07-25T10:39:21.429000+00:00,52.773,81.331,42.15,155.0,120.0,False,176.254,"[2048, 2048, 2048, 2048, 2048, 2048, 2048, 2048]","[2048, 2048, 2048, 2048, 2048, 2048, 2048, 2048, 2048, 2048, 2048, 2048]","[2048, 2048, 2048, 2048, 2048, 2048, 2048, 2048]",150.0
1265,9929,14,5,2025-07-25T10:39:28.413000+00:00,42.066,78.586,41.367,250.0,132.0,False,162.019,"[2048, 2048, 2048, 2048, 2048, 2048, 2048, 2048]","[2048, 2048, 2048, 2048, 2048, 2048, 2048, 2048, 2048, 2048, 2048, 2048]","[2048, 2048, 2048, 2048, 2048, 2048, 2048, 2049]",204.0
1265,9929,31,5,2025-07-25T10:39:42.008000+00:00,63.871,83.596,42.757,134.0,149.0,False,190.224,"[2048, 2048, 2048, 2048, 2048, 2048, 2048, 2048]","[2048, 2048, 2048, 2048, 2048, 2048, 2048, 2048, 2048, 2048, 2048, 2048]","[2048, 2048, 2048, 2048, 2048, 2048, 2048, 2048]",156.0
1265,9929,87,5,2025-07-25T10:39:46.133000+00:00,61.565,85.732,42.113,151.0,114.0,False,189.41,"[2048, 2048, 2048, 2048, 2048, 2048, 2048, 2048]","[2048, 2048, 2048, 2048, 2048, 2048, 2048, 2048, 2048, 2048, 2048, 2048]","[2048, 2048, 2048, 2048, 2048, 2048, 2048, 2049]",129.0
1265,9929,43,5,2025-07-25T10:39:54.851000+00:00,58.625,83.9,44.854,148.0,135.0,False,187.379,"[None, 2048, 2048, 2048, 2048, 2048, 2048, 2048]","[2048, 2048, 2048, 2048, 2048, 2048, 2048, 2048, 2048, 2048, 2048, 2048]","[2048, 2048, 2048, 2048, 2048, 2048, 2048, 2048]",141.0
1265,9929,4,5,2025-07-25T10:40:03.323000+00:00,46.857,77.135,39.975,162.0,134.0,False,163.967,"[2049, 2049, 2048, 2048, 2048, 2048, 2048, 2048]","[2048, 2048, 2048, 2048, 2048, 2048, 2048, 2048, 2048, 2048, 2048, 2048]","[2048, 2048, 2048, 2048, 2048, 2048, 2048, 2049]",152.0
1265,9929,81,5,2025-07-25T10:40:10.354000+00:00,47.95,80.524,58.572,156.0,128.0,False,187.046,"[2048, 2049, 2048, 2048, 2048, 2048, 2048, 2048]","[2048, 2048, 2048, 2048, 2048, 2048, 2048, 2048, 2048, 2048, 2048, 2048]","[2048, 2048, 2048, 2048, 2048, 2048, 2048, 2048]",155.0
1265,9929,6,6,2025-07-25T10:40:25.307000+00:00,36.905,62.535,34.082,276.0,173.0,False,133.522,"[2048, 2048, 2048, 2048, 2048, 2048, 2048, 2048]","[2048, 2048, 2048, 2048, 2048, 2048, 2048, 2048, 2048, 2048, 2048, 2048]","[2048, 2048, 2048, 2048, 2048, 2048, 2049, 2048]",254.0
1265,9929,16,5,2025-07-25T10:40:37.628000+00:00,30.946,79.388,41.267,335.0,140.0,False,151.601,"[2049, 2049, 2049, 2048, 2048, 2049, 2049, 2049]","[2048, 2048, 2048, 2048, 2048, 2048, 2048, 2048, 2048, 2048, 2048, 2048]","[2048, 2048, 2048, 2048, 2048, 2048, 2048, 2049]",308.0
1265,9929,23,5,2025-07-25T10:40:45.125000+00:00,31.082,46.048,29.026,331.0,209.0,False,106.156,"[2048, 2048, 2049, 2048, 2049, 2048, 2048, 2048]","[2048, 2049, 2049, 2049, 2049, 2049, 2049, 2049, 2049, 2049, 2048, 2049]","[2048, 2048, 2048, 2048, 2049, 2049, 2048, 2048]",307.0
1265,9929,44,5,2025-07-25T10:40:56.246000+00:00,31.287,46.186,29.02,,205.0,False,106.493,"[2048, 2048, 2049, 2048, 2048, 2048, 2048, 2048]","[2048, 2049, 2049, 2049, 2049, 2049, 2049, 2049, 2049, 2049, 2048, 2048]","[2048, 2048, 2048, 2049, 2049, 2049, 2048, 2049]",
1265,9929,22,5,2025-07-25T10:41:13.525000+00:00,30.378,46.109,28.611,340.0,204.0,False,105.098,"[2049, 2049, 2049, 2049, 2051, 2051, 2051, 2049]","[2049, 2049, 2049, 2049, 2049, 2049, 2049, 2049, 2049, 2049, 2048, 2048]","[2048, 2048, 2048, 2048, 2051, 2049, 2048]",315.0
1265,9929,30,6,2025-07-25T10:41:18.231000+00:00,30.873,46.016,29.018,336.0,204.0,False,105.907,"[2049, 2048, 2049, 2048, 2048, 2048, 2048, 2049]","[2048, 2049, 2049, 2049, 2049, 2049, 2049, 2049, 2049, 2048, 2048, 2048]","[2048, 2048, 2048, 2048, 2049, 2048, 2048, 2048]",310.0
1265,9929,5,6,2025-07-25T10:41:25.209000+00:00,30.874,46.412,29.228,339.0,209.0,False,106.514,"[2049, 2049, 2049, 2049, 2048, 2049, 2049, 2049]","[2049, 2049, 2049, 2049, 2049, 2049, 2049, 2049, 2049, 2049, 2048, 2049]","[2049, 2049, 2049, 2048, 2049]",309.0
1265,9929,27,6,2025-07-25T10:41:31.795000+00:00,31.025,46.681,37.841,337.0,202.0,False,115.547,"[2049, 2048, 2049, 2049, 2048, 2048, 2049, 2049]","[2049, 2049, 2048, 2048, 2048, 2049, 2048, 2049, 2049, 2049, 2048, 2048]","[2048, 2049, 2048, 2048, 2048, 2048, 2064, 2064]",309.0
1265,9929,1,5,2025-07-25T10:41:40.906000+00:00,30.341,45.446,28.449,341.0,206.0,False,104.236,"[2049, 2051, 2049, 2051, 2049, 2048, 2048, 2051]","[2049, 2049, 2051, 2051, 2048, 2051, 2051, 2051, 2051, 2049, 2048, 2048]","[2048, 2048, 2048, 2048, 2049, 2049, 2048, 2048]",314.0
1265,9929,63,6,2025-07-25T10:41:59.749000+00:00,30.845,45.88,28.651,335.0,212.0,False,105.376,"[2049, 2048, 2051, 2048, 2049, 2048, 2048, 2048]","[2049, 2049, 2048, 2048, 2051, 2049, 2049, 2049, 2048, 2049, 2048, 2048]","[2048, 2048, 2048, 2048, 2048, 2049, 2048, 2048]",311.0
1265,9929,14,6,2025-07-25T10:42:10.500000+00:00,30.611,45.996,28.802,337.0,211.0,False,105.409,"[2051, 2049, 2049, 2048, 2048, 2048, 2048, 2048]","[2049, 2049, 2049, 2049, 2048, 2049, 2049, 2049, 2049, 2049, 2048, 2049]","[2048, 2048, 2048, 2048, 2049, 2049, 2048]",310.0
1265,9929,10,6,2025-07-25T10:42:17.859000+00:00,30.881,46.341,28.765,329.0,209.0,False,105.987,"[2049, 2049, 2049, 2049, 2049, 2048, 2048, 2048]","[2049, 2049, 2049, 2049, 2049, 2048, 2049, 2049, 2049, 2049, 2048, 2049]","[2049, 2049, 2048, 2048, 2049, 2049, 2048]",311.0
1265,9929,12,6,2025-07-25T10:42:24.332000+00:00,47.114,66.578,34.493,201.0,149.0,False,148.185,"[2049, 2048, 2048, 2048, 2048, 2048, 2048, 2048]","[2048, 2048, 2048, 2048, 2048, 2048, 2048, 2048, 2048, 2048, 2048, 2048]","[2048, 2048, 2048, 2048, 2048, 2048, 2049, 2048]",210.0
1265,9929,23,6,2025-07-25T10:42:31.324000+00:00,48.09,76.734,41.442,217.0,140.0,False,166.266,"[None, 2048, 2048, 2048, 2048, 2048, 2048, 2048]","[2048, 2048, 2048, 2048, 2048, 2048, 2048, 2048, 2048, 2048, 2048, 2048]","[2048, 2048, 2048, 2048, 2048, 2048, 2048, 2051]",203.0
1265,9929,6,7,2025-07-25T10:42:38.965000+00:00,30.846,45.755,28.851,334.0,203.0,False,105.452,"[2049, 2049, 2049, 2048, 2049, 2048, 2048, 2048]","[2048, 2049, 2049, 2048, 2049, 2049, 2049, 2049, 2048, 2049, 2048, 2049]","[2048, 2048, 2048, 2048, 2049, 2049, 2048, 2048]",310.0
1265,9929,44,6,2025-07-25T10:42:42.637000+00:00,66.152,83.81,36.878,119.0,175.0,False,186.84,"[None, 2048, 2048, 2048, 2048, 2048, 2048, 2048]","[2048, 2048, 2048, 2048, 2048, 2048, 2048, 2048, 2048, 2048, 2048, 2048]","[2048, 2048, 2048, 2048, 2048, 2048, 2049, 2049]",131.0
1265,9929,4,6,2025-07-25T10:42:47.293000+00:00,30.939,45.201,28.717,333.0,214.0,False,104.857,"[2048, 2048, 2049, 2049, 2049, 2048, 2049, 2049]","[2049, 2049, 2051, 2051, 2048, 2048, 2049, 2049, 2048, 2048, 2048, 2048]","[2048, 2048, 2048, 2049, 2049, 2049, 2048, 2048]",309.0
1265,9929,31,6,2025-07-25T10:42:52.293000+00:00,31.006,45.56,28.922,331.0,210.0,False,105.488,"[2049, 2049, 2049, 2049, 2049, 2048, 2049, 2049]","[2049, 2048, 2048, 2049, 2048, 2048, 2049, 2049, 2049, 2048, 2048, 2049]","[2048, 2049, 2049, 2049, 2049, 2048, 2048]",306.0
1265,9929,87,6,2025-07-25T10:42:55.632000+00:00,30.664,46.531,28.897,341.0,206.0,False,106.092,"[2049, 2049, 2049, 2048, 2049, 2048, 2048, 2049]","[2049, 2049, 2049, 2049, 2048, 2049, 2049, 2049, 2049, 2049, 2048, 2048]","[2048, 2049, 2049, 2049, 2049, 2048, 2048, 2048]",312.0
1265,9929,22,6,2025-07-25T10:42:58.546000+00:00,46.379,79.944,47.544,145.0,139.0,False,173.867,"[2048, 2048, 2048, 2048, 2048, 2048, 2048, 2048]","[2048, 2048, 2048, 2048, 2048, 2048, 2048, 2048, 2048, 2048, 2048, 2048]","[2048, 2048, 2048, 2048, 2048, 2048, 2064, 2064]",249.0
1265,9929,43,6,2025-07-25T10:43:02.296000+00:00,47.606,62.346,48.355,182.0,192.0,False,158.307,"[None, 2048, 2048, 2048, 2048, 2048, 2048, 2048]","[2048, 2048, 2048, 2048, 2048, 2048, 2048, 2048, 2048, 2048, 2048, 2048]","[2048, 2048, 2048, 2048, 2048, 2048, 2064, 2064]",163.0
1265,9929,30,7,2025-07-25T10:43:04.093000+00:00,49.122,75.547,44.87,168.0,126.0,False,169.539,"[2048, 2048, 2048, 2048, 2048, 2048, 2048, 2048]","[2048, 2048, 2048, 2048, 2048, 2048, 2048, 2048, 2048, 2048, 2048, 2048]","[2048, 2048, 2048, 2048, 2048, 2048, 2048, 2048]",222.0
1265,9929,16,6,2025-07-25T10:43:09.296000+00:00,30.687,45.651,28.644,339.0,212.0,False,104.982,"[None, 2048, 2049, 2051, 2049, 2049, 2049, 2049]","[2048, 2049, 2049, 2049, 2048, 2049, 2049, 2049, 2049, 2049, 2048, 2048]","[2049, 2049, 2049, 2049, 2049, 2049, 2048, 2048]",314.0
1265,9929,5,7,2025-07-25T10:43:11.609000+00:00,44.286,80.245,43.45,143.0,124.0,False,167.981,"[2048, 2048, 2048, 2048, 2048, 2048, 2048, 2048]","[2048, 2048, 2048, 2048, 2048, 2048, 2048, 2048, 2048, 2048, 2048, 2048]","[2048, 2048, 2048, 2048, 2048, 2048, 2048, 2048]",242.0
1265,9929,81,6,2025-07-25T10:43:17.390000+00:00,31.025,45.081,28.694,332.0,213.0,False,104.8,"[None, 2048, 2049, 2049, 2049, 2048, 2048, 2049]","[2048, 2048, 2049, 2049, 2049, 2051, 2049, 2049, 2048, 2048, 2048, 2048]","[2048, 2049, 2049, 2049, 2049, 2051, 2048, 2048]",308.0
1265,9929,1,6,2025-07-25T10:43:25.015000+00:00,36.013,63.001,39.18,229.0,164.0,False,138.194,"[2048, 2048, 2048, 2048, 2048, 2048, 2048, 2048]","[2048, 2048, 2048, 2048, 2048, 2048, 2048, 2048, 2048, 2048, 2048, 2048]","[2048, 2048, 2048, 2048, 2048, 2048, 2064, 2064]",246.0
1265,9929,63,7,2025-07-25T10:43:45.182000+00:00,53.393,90.268,39.105,189.0,91.0,False,182.766,"[2048, 2048, 2048, 2048, 2048, 2048, 2048, 2048]","[2048, 2048, 2048, 2048, 2048, 2048, 2048, 2048, 2048, 2048, 2048, 2048]","[2048, 2048, 2048, 2048, 2048, 2048, 2048, 2049]",153.0
1265,9929,14,7,2025-07-25T10:43:55.809000+00:00,35.96,64.169,49.038,325.0,132.0,False,149.167,"[2048, 2048, 2048, 2048, 2048, 2048, 2048, 2048]","[2048, 2048, 2048, 2048, 2048, 2048, 2048, 2048, 2048, 2048, 2048, 2048]","[2048, 2048, 2048, 2048, 2048, 2048, 2064, 2064]",299.0
1265,9929,10,7,2025-07-25T10:44:03.690000+00:00,45.549,69.874,35.986,198.0,146.0,False,151.409,"[2048, 2048, 2048, 2048, 2048, 2048, 2048, 2048]","[2048, 2048, 2048, 2048, 2048, 2048, 2048, 2048, 2048, 2048, 2048, 2048]","[2048, 2048, 2048, 2048, 2048, 2048, 2048, 2049]",179.0
1265,9929,6,8,2025-07-25T10:44:24.311000+00:00,39.614,68.047,43.651,183.0,168.0,False,151.312,"[2048, 2048, 2048, 2048, 2048, 2048, 2048, 2048]","[2048, 2048, 2048, 2048, 2048, 2048, 2048, 2048, 2048, 2048, 2048, 2048]","[2048, 2048, 2048, 2048, 2048, 2048, 2048, 2049]",228.0
1265,9929,4,7,2025-07-25T10:44:32.091000+00:00,30.987,56.935,46.319,311.0,166.0,False,134.241,"[None, 2049, 2049, 2049, 2049, 2049, 2048, 2048]","[2048, 2048, 2048, 2048, 2048, 2048, 2048, 2048, 2048, 2048, 2048, 2048]","[2048, 2048, 2048, 2048, 2048, 2048, 2064, 2064]",310.0
1265,9929,31,7,2025-07-25T10:44:37.609000+00:00,53.626,82.893,42.282,158.0,135.0,False,178.801,"[2048, 2048, 2048, 2048, 2048, 2048, 2048, 2048]","[2048, 2048, 2048, 2048, 2048, 2048, 2048, 2048, 2048, 2048, 2048, 2048]","[2048, 2048, 2048, 2048, 2048, 2048, 2048, 2049]",173.0
1265,9929,87,7,2025-07-25T10:44:41.829000+00:00,57.051,82.02,42.167,174.0,123.0,False,181.238,"[2048, 2048, 2048, 2048, 2048, 2048, 2048, 2048]","[2048, 2048, 2048, 2048, 2048, 2048, 2048, 2048, 2048, 2048, 2048, 2048]","[2048, 2048, 2048, 2048, 2048, 2048, 2048, 2051]",151.0
1265,9929,12,7,2025-07-25T10:44:52.487000+00:00,30.919,45.858,28.573,336.0,208.0,False,105.35,"[2048, 2049, 2051, 2051, 2048, 2048, 2048, 2048]","[2049, 2049, 2049, 2049, 2048, 2049, 2051, 2049, 2049, 2048, 2048, 2048]","[2048, 2051, 2049, 2049, 2049, 2048, 2049, 2049]",300.0
1265,9929,16,7,2025-07-25T10:44:54.194000+00:00,51.039,80.289,47.382,147.0,105.0,False,178.71,"[2048, 2048, 2048, 2048, 2048, 2048, 2048, 2048]","[2048, 2048, 2048, 2048, 2048, 2048, 2048, 2048, 2048, 2048, 2048, 2048]","[2048, 2048, 2048, 2048, 2048, 2048, 2048, 2049]",181.0
1265,9929,81,7,2025-07-25T10:45:02.044000+00:00,38.375,62.361,42.183,225.0,147.0,False,142.919,"[None, 2049, 2048, 2048, 2048, 2048, 2048, 2048]","[2048, 2048, 2048, 2048, 2048, 2048, 2048, 2048, 2048, 2048, 2048, 2048]","[2048, 2048, 2048, 2048, 2048, 2048, 2064, 2064]",198.0
1265,9929,23,7,2025-07-25T10:45:17.572000+00:00,30.853,45.726,28.838,331.0,211.0,False,105.417,"[2049, 2049, 2049, 2049, 2048, 2048, 2048, 2048]","[2048, 2048, 2049, 2049, 2048, 2049, 2048, 2049, 2049, 2049, 2049, 2049]","[2048, 2048, 2048, 2049, 2048, 2049, 2048, 2048]",306.0
1265,9929,44,7,2025-07-25T10:45:49.541000+00:00,30.832,45.437,29.195,336.0,209.0,False,105.464,"[2049, 2049, 2049, 2049, 2049, 2049, 2049, 2049]","[2048, 2048, 2049, 2048, 2049, 2049, 2049, 2049, 2049, 2049, 2049, 2049]","[2048, 2049, 2049, 2049, 2048, 2048, 2048, 2048]",306.0
1265,9929,30,8,2025-07-25T10:45:53.713000+00:00,31.007,45.804,28.926,337.0,204.0,False,105.737,"[None, 2048, 2049, 2048, 2048, 2048, 2048, 2048]","[2049, 2048, 2049, 2049, 2048, 2048, 2049, 2048, 2049, 2049, 2049, 2048]","[2048, 2048, 2048, 2048, 2049, 2048, 2048, 2048]",310.0
1265,9929,5,8,2025-07-25T10:45:59.745000+00:00,30.841,46.043,28.839,340.0,210.0,False,105.723,"[None, 2048, 2049, 2049, 2049, 2049, 2049, 2049]","[2048, 2048, 2049, 2049, 2048, 2049, 2049, 2049, 2049, 2049, 2049, 2048]","[2049, 2049, 2049, 2049, 2049, 2049, 2048]",311.0
1265,9929,1,7,2025-07-25T10:46:13.990000+00:00,66.835,68.112,36.04,205.0,155.0,True,170.987,"[2064, 2064, 2048, 2048, 2048, 2048, 2048, 2048]","[2048, 2048, 2048, 2048, 2048, 2048, 2048, 2048, 2048, 2048, 2048, 2048]","[2048, 2048, 2048, 2048, 2048, 2048, 2051, 2049]",203.0
1265,9929,22,7,2025-07-25T10:46:20.535000+00:00,67.465,67.8,34.124,191.0,146.0,True,169.389,"[2064, 2064, 2048, 2048, 2048, 2048, 2048, 2048]","[2048, 2048, 2048, 2048, 2048, 2048, 2048, 2048, 2048, 2048, 2048, 2048]","[2048, 2048, 2048, 2048, 2048, 2048, 2049, 2049]",181.0
1265,9929,10,8,2025-07-25T10:46:35.245000+00:00,36.811,58.773,42.254,312.0,164.0,False,137.838,"[2049, 2048, 2048, 2048, 2048, 2048, 2048, 2048]","[2048, 2048, 2048, 2048, 2048, 2048, 2048, 2048, 2048, 2048, 2048, 2048]","[2048, 2048, 2048, 2048, 2048, 2048, 2064, 2064]",253.0
1265,9929,12,8,2025-07-25T10:46:37.753000+00:00,38.074,66.582,40.637,182.0,173.0,False,145.293,"[None, 2048, 2048, 2048, 2048, 2048, 2048, 2048]","[2048, 2048, 2048, 2048, 2048, 2048, 2048, 2048, 2048, 2048, 2048, 2048]","[2048, 2048, 2048, 2048, 2048, 2048, 2064, 2064]",249.0
1265,9929,63,8,2025-07-25T10:46:47.884000+00:00,30.65,59.055,37.011,338.0,198.0,False,126.716,"[2049, 2048, 2049, 2051, 2051, 2049, 2049, 2049]","[2049, 2048, 2048, 2048, 2048, 2048, 2048, 2048, 2048, 2048, 2048, 2048]","[2048, 2048, 2048, 2048, 2048, 2048, 2064, 2064]",315.0
1265,9929,6,9,2025-07-25T10:46:55.736000+00:00,30.754,47.018,36.631,334.0,184.0,False,114.403,"[None, 2049, 2049, 2048, 2048, 2049, 2048, 2049]","[2049, 2049, 2049, 2048, 2048, 2048, 2048, 2048, 2049, 2049, 2048, 2048]","[2048, 2048, 2048, 2048, 2048, 2048, 2064, 2064]",310.0
1265,9929,23,8,2025-07-25T10:47:02.890000+00:00,40.776,73.007,37.772,231.0,178.0,False,151.555,"[2048, 2048, 2048, 2048, 2048, 2048, 2048, 2048]","[2048, 2048, 2048, 2048, 2048, 2048, 2048, 2048, 2048, 2048, 2048, 2048]","[2048, 2048, 2048, 2048, 2048, 2048, 2064, 2064]",249.0
1265,9929,18,2,2025-07-25T10:47:03.345000+00:00,,53.947,37.237,314.0,180.0,True,967.674,"[None, 2064, 2049, 2049, 2049, 2049, 2049, 2049]","[2049, 2049, 2049, 2049, 2049, 2049, 2049, 2049, 2049, 2049, 2048, 2049]","[2048, 2049, 2049, 2048, 2048, 2048, 2049, 2049]",253.0
1265,9929,44,8,2025-07-25T10:47:34.972000+00:00,57.459,97.75,38.458,168.0,167.0,False,193.667,"[2048, 2048, 2048, 2048, 2048, 2048, 2048, 2048]","[2048, 2048, 2048, 2048, 2048, 2048, 2048, 2048, 2048, 2048, 2048, 2048]","[2048, 2048, 2048, 2048, 2048, 2048, 2048, 2048]",218.0
1265,9929,31,8,2025-07-25T10:47:36.597000+00:00,30.682,45.1,28.521,331.0,213.0,False,104.303,"[2049, 2051, 2049, 2049, 2049, 2049, 2049, 2049]","[2048, 2048, 2049, 2049, 2048, 2049, 2049, 2049, 2049, 2048, 2049, 2051]","[2049, 2049, 2049, 2049, 2049, 2048, 2048, 2049]",308.0
1265,9929,30,9,2025-07-25T10:47:39.285000+00:00,43.552,67.107,44.586,155.0,177.0,False,155.245,"[None, 2048, 2048, 2048, 2048, 2048, 2048, 2048]","[2048, 2048, 2048, 2048, 2048, 2048, 2048, 2048, 2048, 2048, 2048, 2048]","[2048, 2048, 2048, 2048, 2048, 2048, 2064, 2064]",277.0
1265,9929,87,8,2025-07-25T10:47:42.972000+00:00,30.453,46.348,28.276,341.0,208.0,False,105.077,"[2049, 2048, 2049, 2049, 2049, 2049, 2049, 2051]","[2048, 2048, 2049, 2048, 2048, 2049, 2049, 2049, 2049, 2049, 2048, 2048]","[2049, 2051, 2051, 2051, 2051, 2048, 2048, 2048]",314.0
1265,9929,5,9,2025-07-25T10:47:45.353000+00:00,45.713,69.701,40.446,157.0,144.0,False,155.86,"[None, 2048, 2048, 2048, 2048, 2048, 2048, 2048]","[2048, 2048, 2048, 2048, 2048, 2048, 2048, 2048, 2048, 2048, 2048, 2048]","[2048, 2048, 2048, 2048, 2048, 2048, 2064, 2064]",213.0
1265,9929,16,8,2025-07-25T10:47:52.925000+00:00,33.152,66.213,34.258,231.0,144.0,False,133.623,"[None, 2048, 2049, 2049, 2048, 2048, 2048, 2048]","[2048, 2048, 2048, 2048, 2048, 2048, 2048, 2048, 2048, 2048, 2048, 2048]","[2048, 2048, 2048, 2048, 2048, 2048, 2049, 2051]",300.0
1265,9929,1,8,2025-07-25T10:48:34.275000+00:00,30.337,45.516,35.95,337.0,208.0,False,111.803,"[2048, 2049, 2051, 2049, 2049, 2048, 2048, 2048]","[2049, 2048, 2048, 2049, 2048, 2048, 2051, 2048, 2048, 2049, 2048, 2049]","[2048, 2048, 2048, 2048, 2048, 2048, 2064, 2064]",315.0
1265,9929,22,8,2025-07-25T10:48:41.991000+00:00,30.255,45.902,28.335,342.0,208.0,False,104.492,"[2049, 2049, 2049, 2051, 2051, 2051, 2048, 2049]","[2049, 2048, 2048, 2048, 2048, 2048, 2049, 2049, 2049, 2049, 2049, 2049]","[2048, 2048, 2048, 2049, 2049, 2049, 2048, 2048]",316.0
1265,9929,18,3,2025-07-25T10:49:04.878000+00:00,30.898,46.573,28.968,337.0,210.0,False,106.439,"[2049, 2049, 2049, 2049, 2049, 2049, 2049, 2049]","[2049, 2049, 2049, 2049, 2049, 2049, 2049, 2049, 2049, 2049, 2049, 2049]","[2049, 2049, 2049, 2049, 2049, 2049, 2048]",309.0
1265,9929,31,9,2025-07-25T10:49:20.750000+00:00,35.526,58.433,39.034,306.0,175.0,False,132.993,"[2048, 2048, 2048, 2048, 2048, 2048, 2048, 2048]","[2048, 2048, 2048, 2048, 2048, 2048, 2048, 2048, 2048, 2048, 2048, 2048]","[2048, 2048, 2048, 2048, 2048, 2048, 2064, 2064]",278.0
1265,9929,87,9,2025-07-25T10:49:27.985000+00:00,35.982,63.335,38.99,275.0,169.0,False,138.307,"[2048, 2048, 2048, 2048, 2048, 2048, 2048, 2048]","[2048, 2048, 2048, 2048, 2048, 2048, 2048, 2048, 2048, 2048, 2048, 2048]","[2048, 2048, 2048, 2048, 2048, 2048, 2064, 2064]",273.0
1265,9929,16,9,2025-07-25T10:50:06.634000+00:00,30.534,45.231,28.383,338.0,214.0,False,104.148,"[2049, 2049, 2049, 2049, 2049, 2049, 2049, 2048]","[2049, 2048, 2048, 2048, 2049, 2049, 2051, 2049, 2048, 2048, 2049, 2049]","[2051, 2048, 2049, 2049, 2048, 2051, 2048, 2048]",314.0
1265,9929,22,9,2025-07-25T10:50:26.361000+00:00,33.705,58.16,38.121,289.0,174.0,False,129.986,"[2048, 2048, 2048, 2048, 2048, 2048, 2048, 2048]","[2048, 2048, 2048, 2048, 2048, 2048, 2048, 2048, 2048, 2048, 2048, 2048]","[2048, 2048, 2048, 2048, 2048, 2048, 2064, 2064]",268.0
1265,9929,44,9,2025-07-25T10:50:48.606000+00:00,30.886,45.864,38.348,335.0,169.0,False,115.098,"[None, 2048, 2049, 2049, 2049, 2049, 2049, 2048]","[2048, 2048, 2049, 2049, 2048, 2049, 2049, 2048, 2048, 2048, 2048, 2048]","[2048, 2048, 2048, 2048, 2048, 2048, 2049, 2049]",309.0
1265,9929,18,4,2025-07-25T10:50:51.120000+00:00,38.188,72.1,39.008,259.0,133.0,False,149.296,"[2048, 2048, 2048, 2048, 2048, 2048, 2048, 2048]","[2048, 2048, 2048, 2048, 2048, 2048, 2048, 2048, 2048, 2048, 2048, 2048]","[2048, 2048, 2048, 2048, 2048, 2048, 2048, 2048]",210.0
1265,9929,16,10,2025-07-25T10:51:50.836000+00:00,37.399,61.069,41.408,239.0,170.0,False,139.876,"[2048, 2048, 2048, 2048, 2048, 2048, 2048, 2048]","[2048, 2048, 2048, 2048, 2048, 2048, 2048, 2048, 2048, 2048, 2048, 2048]","[2048, 2048, 2048, 2048, 2048, 2048, 2064, 2064]",231.0
1265,9929,43,7,2025-07-25T10:52:30.586000+00:00,,64.392,32.88,215.0,165.0,True,546.412,"[2064, 2064, 2048, 2048, 2048, 2048, 2048, 2048]","[2048, 2048, 2048, 2048, 2048, 2048, 2048, 2048, 2048, 2048, 2048, 2048]","[2048, 2048, 2048, 2048, 2048, 2048, 2048, 2048]",210.0
1265,9929,44,10,2025-07-25T10:52:43.735000+00:00,30.573,45.184,28.61,,201.0,False,104.367,"[2049, 2049, 2049, 2049, 2049, 2049, 2049, 2049]","[2048, 2049, 2048, 2048, 2048, 2049, 2049, 2049, 2048, 2049, 2049, 2048]","[2049, 2049, 2049, 2048, 2049, 2049, 2048, 2048]",308.0
1265,9929,18,5,2025-07-25T10:53:20.655000+00:00,30.87,45.833,28.543,335.0,211.0,False,105.246,"[2049, 2049, 2048, 2048, 2048, 2048, 2049, 2049]","[2049, 2048, 2049, 2049, 2049, 2049, 2049, 2049, 2049, 2049, 2049, 2049]","[2049, 2049, 2049, 2048, 2048, 2049, 2048]",308.0
1265,9929,14,8,2025-07-25T10:53:43.511000+00:00,,57.826,32.558,293.0,196.0,True,574.814,"[2064, 2064, 2048, 2048, 2048, 2048, 2048, 2048]","[2048, 2048, 2048, 2048, 2048, 2048, 2048, 2048, 2048, 2048, 2048, 2048]","[2048, 2048, 2048, 2048, 2048, 2048, 2049, 2049]",245.0
1265,9929,44,11,2025-07-25T10:54:28.048000+00:00,37.347,63.288,39.013,239.0,203.0,False,139.648,"[2048, 2048, 2048, 2048, 2048, 2048, 2048, 2048]","[2048, 2048, 2048, 2048, 2048, 2048, 2048, 2048, 2048, 2048, 2048, 2048]","[2048, 2048, 2048, 2048, 2048, 2048, 2064, 2064]",243.0
1265,9929,43,8,2025-07-25T10:54:47.047000+00:00,30.793,46.101,28.833,332.0,212.0,False,105.727,"[2048, 2049, 2049, 2049, 2049, 2049, 2049, 2049]","[2049, 2049, 2049, 2049, 2049, 2048, 2049, 2049, 2048, 2049, 2049, 2049]","[2049, 2049, 2049, 2049, 2049, 2049, 2048, 2048]",313.0
1265,9929,6,10,2025-07-25T10:54:47.177000+00:00,,47.904,29.594,320.0,203.0,True,481.152,"[2064, 2064, 2048, 2048, 2048, 2048, 2048, 2048]","[2048, 2048, 2048, 2048, 2048, 2048, 2048, 2048, 2048, 2048, 2048, 2048]","[2048, 2048, 2048, 2048, 2048, 2048, 2048, 2048]",305.0
1265,9929,18,6,2025-07-25T10:55:05.676000+00:00,47.853,73.851,36.312,190.0,142.0,False,158.016,"[2048, 2048, 2048, 2048, 2048, 2048, 2048, 2048]","[2048, 2048, 2048, 2048, 2048, 2048, 2048, 2048, 2048, 2048, 2048, 2048]","[2048, 2048, 2048, 2048, 2048, 2048, 2048, 2048]",164.0
1265,9929,30,10,2025-07-25T10:55:13.598000+00:00,,49.477,29.512,319.0,199.0,True,426.39,"[2064, 2064, 2048, 2048, 2048, 2048, 2048, 2048]","[2048, 2048, 2048, 2048, 2048, 2048, 2048, 2048, 2048, 2048, 2048, 2048]","[2048, 2048, 2048, 2048, 2048, 2048, 2048, 2048]",305.0
1265,9929,81,8,2025-07-25T10:55:34.645000+00:00,,55.623,32.251,324.0,181.0,True,608.81,"[2064, 2064, 2048, 2048, 2048, 2048, 2048, 2048]","[2048, 2048, 2048, 2048, 2048, 2048, 2048, 2048, 2048, 2048, 2048, 2048]","[2048, 2048, 2048, 2048, 2048, 2048, 2049, 2049]",261.0
1265,9929,14,9,2025-07-25T10:55:59.910000+00:00,30.619,65.639,35.003,336.0,149.0,False,131.261,"[2048, 2049, 2048, 2048, 2048, 2048, 2048, 2048]","[2048, 2049, 2048, 2048, 2048, 2048, 2048, 2048, 2048, 2048, 2048, 2048]","[2048, 2048, 2048, 2048, 2048, 2048, 2049, 2049]",312.0
1265,9929,23,9,2025-07-25T10:56:24.858000+00:00,,49.492,29.254,312.0,205.0,True,531.783,"[2064, 2064, 2048, 2048, 2048, 2048, 2048, 2048]","[2048, 2048, 2048, 2048, 2048, 2048, 2048, 2048, 2048, 2048, 2048, 2048]","[2048, 2048, 2048, 2048, 2048, 2048, 2048, 2048]",290.0
1265,9929,43,9,2025-07-25T10:56:32.650000+00:00,68.645,93.458,38.84,132.0,146.0,False,200.943,"[None, 2048, 2048, 2048, 2048, 2048, 2048, 2048]","[2048, 2048, 2048, 2048, 2048, 2048, 2048, 2048, 2048, 2048, 2048, 2048]","[2048, 2048, 2048, 2048, 2048, 2048, 2048, 2048]",140.0
1265,9929,6,11,2025-07-25T10:56:51.291000+00:00,31.664,47.529,29.129,315.0,204.0,False,108.322,"[2048, 2048, 2048, 2048, 2048, 2049, 2048, 2048]","[2048, 2048, 2048, 2048, 2048, 2048, 2048, 2048, 2048, 2048, 2048, 2048]","[2048, 2048, 2049, 2049, 2048, 2048, 2048, 2048]",309.0
1265,9929,5,10,2025-07-25T10:56:52.088000+00:00,,52.742,32.365,306.0,189.0,True,511.138,"[2064, 2064, 2048, 2048, 2048, 2048, 2048, 2048]","[2048, 2048, 2048, 2048, 2048, 2048, 2048, 2048, 2048, 2048, 2048, 2048]","[2048, 2048, 2048, 2048, 2048, 2048, 2048, 2049]",212.0
1265,9929,63,9,2025-07-25T10:57:01.088000+00:00,,59.854,29.075,172.0,200.0,True,626.241,"[2064, 2064, 2048, 2048, 2048, 2048, 2048, 2048]","[2048, 2048, 2048, 2048, 2048, 2048, 2048, 2048, 2048, 2048, 2048, 2048]","[2048, 2048, 2048, 2048, 2048, 2048, 2048, 2048]",304.0
1265,9929,30,11,2025-07-25T10:57:21.091000+00:00,31.537,47.837,29.394,313.0,203.0,False,108.768,"[2048, 2048, 2048, 2048, 2048, 2048, 2048, 2048]","[2048, 2048, 2048, 2048, 2048, 2048, 2048, 2048, 2048, 2048, 2048, 2048]","[2048, 2048, 2048, 2048, 2048, 2048, 2048, 2048]",310.0
1265,9929,10,9,2025-07-25T10:57:29.378000+00:00,,57.462,33.213,199.0,178.0,True,642.161,"[2064, 2064, 2048, 2048, 2048, 2048, 2048, 2048]","[2048, 2048, 2048, 2048, 2048, 2048, 2048, 2048, 2048, 2048, 2048, 2048]","[2048, 2048, 2048, 2048, 2048, 2048, 2049, 2048]",253.0
1265,9929,81,9,2025-07-25T10:57:33.871000+00:00,30.639,44.861,28.653,332.0,212.0,False,104.153,"[2049, 2049, 2049, 2049, 2049, 2049, 2049, 2049]","[2049, 2049, 2049, 2049, 2048, 2048, 2049, 2048, 2049, 2049, 2049, 2049]","[2048, 2048, 2049, 2049, 2049, 2048, 2048, 2048]",310.0
1265,9929,18,7,2025-07-25T10:57:43.839000+00:00,30.761,45.885,28.645,338.0,211.0,False,105.291,"[2049, 2049, 2048, 2048, 2049, 2049, 2049, 2049]","[2048, 2049, 2048, 2049, 2048, 2049, 2049, 2048, 2048, 2048, 2048, 2048]","[2048, 2048, 2048, 2048, 2048, 2049, 2048, 2048]",311.0
1265,9929,4,8,2025-07-25T10:57:44.932000+00:00,,55.64,38.692,308.0,167.0,True,796.354,"[2064, 2064, 2048, 2048, 2048, 2048, 2048, 2048]","[2048, 2048, 2048, 2048, 2048, 2048, 2048, 2048, 2048, 2048, 2048, 2048]","[2048, 2048, 2048, 2048, 2048, 2048, 2048, 2049]",306.0
1265,9929,27,7,2025-07-25T10:58:01.856000+00:00,,57.932,31.335,161.0,179.0,True,1003.932,"[2064, 2064, 2048, 2048, 2048, 2048, 2048, 2048]","[2048, 2048, 2048, 2048, 2048, 2048, 2048, 2048, 2048, 2048, 2048, 2048]","[2048, 2048, 2048, 2048, 2048, 2048, 2048, 2048]",256.0
1265,9929,14,10,2025-07-25T10:58:11.113000+00:00,30.927,45.918,28.626,339.0,209.0,False,105.471,"[None, 2048, 2048, 2048, 2048, 2049, 2049, 2049]","[2049, 2048, 2048, 2048, 2048, 2049, 2049, 2048, 2048, 2049, 2048, 2048]","[2048, 2049, 2049, 2049, 2049, 2048, 2048, 2048]",
1265,9929,12,9,2025-07-25T10:58:18.537000+00:00,,56.45,30.791,134.0,204.0,True,693.617,"[2064, 2064, 2048, 2048, 2048, 2048, 2048, 2048]","[2048, 2048, 2048, 2048, 2048, 2048, 2048, 2048, 2048, 2048, 2048, 2048]","[2048, 2048, 2048, 2048, 2048, 2048, 2048, 2048]",248.0
1265,9929,1,9,2025-07-25T10:58:20.739000+00:00,,50.462,30.624,282.0,195.0,True,607.929,"[2064, 2064, 2048, 2048, 2048, 2048, 2048, 2048]","[2048, 2048, 2048, 2048, 2048, 2048, 2048, 2048, 2048, 2048, 2048, 2048]","[2048, 2048, 2048, 2048, 2048, 2048, 2048, 2048]",271.0
1265,9929,23,10,2025-07-25T10:58:26.288000+00:00,31.268,47.235,29.063,311.0,208.0,False,107.566,"[2048, 2048, 2048, 2048, 2048, 2048, 2048, 2048]","[2048, 2048, 2048, 2048, 2048, 2048, 2048, 2048, 2048, 2048, 2048, 2048]","[2048, 2048, 2049, 2049, 2048, 2048, 2048, 2048]",306.0
1265,9929,6,12,2025-07-25T10:58:39.615000+00:00,31.348,47.367,28.896,320.0,204.0,False,107.611,"[None, 2048, 2048, 2048, 2049, 2049, 2049, 2048]","[2048, 2048, 2048, 2048, 2048, 2048, 2048, 2048, 2048, 2048, 2048, 2048]","[2048, 2049, 2049, 2049, 2049, 2048, 2048, 2048]",313.0
1265,9929,5,11,2025-07-25T10:58:52.495000+00:00,30.817,46.61,36.78,338.0,192.0,False,114.207,"[2049, 2049, 2049, 2048, 2048, 2048, 2048, 2048]","[2049, 2048, 2048, 2048, 2049, 2048, 2048, 2048, 2048, 2048, 2048, 2048]","[2048, 2048, 2048, 2048, 2048, 2048, 2064, 2064]",309.0
1265,9929,30,12,2025-07-25T10:59:09.895000+00:00,31.522,47.267,29.303,314.0,204.0,False,108.092,"[None, 2048, 2048, 2048, 2048, 2048, 2048, 2048]","[2048, 2048, 2048, 2048, 2048, 2048, 2048, 2048, 2048, 2048, 2048, 2048]","[2048, 2048, 2048, 2048, 2048, 2048, 2048, 2048]",309.0
1265,9929,22,10,2025-07-25T10:59:13.437000+00:00,,49.506,35.377,323.0,199.0,True,525.903,"[2064, 2064, 2048, 2048, 2048, 2048, 2048, 2048]","[2048, 2048, 2048, 2048, 2048, 2048, 2048, 2048, 2048, 2048, 2048, 2048]","[2048, 2048, 2048, 2048, 2048, 2048, 2048, 2048]",301.0
1265,9929,55,2,2025-07-25T10:59:16.710000+00:00,,51.924,39.08,310.0,192.0,True,1628.146,"[None, 2064, 2049, 2049, 2049, 2049, 2049, 2049]","[2049, 2049, 2049, 2049, 2049, 2049, 2049, 2049, 2049, 2049, 2049, 2049]","[2049, 2048, 2049, 2049, 2049, 2049, 2049, 2049]",278.0
1265,9929,81,10,2025-07-25T10:59:17.914000+00:00,34.509,49.8,28.867,184.0,210.0,False,113.176,"[2048, 2048, 2048, 2048, 2048, 2048, 2048, 2048]","[2048, 2048, 2048, 2048, 2048, 2048, 2048, 2048, 2048, 2048, 2048, 2048]","[2048, 2048, 2049, 2049, 2049, 2048, 2048, 2048]",290.0
1265,9929,63,10,2025-07-25T10:59:20.937000+00:00,30.94,47.288,28.998,320.0,205.0,False,107.226,"[2048, 2049, 2048, 2048, 2048, 2048, 2048, 2048]","[2048, 2048, 2048, 2048, 2048, 2048, 2048, 2048, 2048, 2048, 2048, 2048]","[2048, 2048, 2048, 2048, 2048, 2048, 2048, 2048]",311.0
1265,9929,18,8,2025-07-25T10:59:29.137000+00:00,48.391,74.399,38.433,198.0,80.0,False,161.223,"[2048, 2048, 2048, 2048, 2048, 2048, 2048, 2048]","[2048, 2048, 2048, 2048, 2048, 2048, 2048, 2048, 2048, 2048, 2048, 2048]","[2048, 2048, 2048, 2048, 2048, 2048, 2048, 2048]",168.0
1265,9929,10,10,2025-07-25T10:59:35.190000+00:00,30.789,65.034,33.432,331.0,161.0,False,129.255,"[2048, 2049, 2049, 2049, 2048, 2049, 2049, 2049]","[2049, 2048, 2048, 2048, 2048, 2048, 2048, 2048, 2048, 2048, 2048, 2048]","[2048, 2048, 2048, 2048, 2048, 2048, 2049, 2048]",311.0
1265,9929,43,10,2025-07-25T10:59:53.714000+00:00,48.662,67.821,34.428,149.0,167.0,False,150.911,"[None, 2048, 2048, 2048, 2048, 2048, 2048, 2048]","[2048, 2048, 2048, 2048, 2048, 2048, 2048, 2048, 2048, 2048, 2048, 2048]","[2048, 2048, 2048, 2048, 2048, 2048, 2048, 2048]",195.0
1265,9929,14,11,2025-07-25T10:59:56.605000+00:00,36.296,71.368,51.668,261.0,115.0,False,159.332,"[None, 2048, 2048, 2048, 2048, 2048, 2048, 2048]","[2048, 2048, 2048, 2048, 2048, 2048, 2048, 2048, 2048, 2048, 2048, 2048]","[2048, 2048, 2048, 2048, 2048, 2048, 2048, 2048]",265.0
1265,9929,4,9,2025-07-25T11:00:02.745000+00:00,30.639,45.079,28.558,338.0,212.0,False,104.276,"[2048, 2049, 2049, 2048, 2048, 2049, 2049, 2049]","[2048, 2051, 2048, 2048, 2048, 2049, 2049, 2049, 2049, 2048, 2048, 2048]","[2049, 2049, 2049, 2049, 2049, 2049, 2048, 2048]",310.0
1265,9929,27,8,2025-07-25T11:00:11.199000+00:00,30.764,46.414,28.941,338.0,206.0,False,106.119,"[2049, 2049, 2049, 2049, 2049, 2049, 2049, 2049]","[2049, 2048, 2048, 2049, 2048, 2048, 2048, 2048, 2048, 2049, 2048, 2048]","[2048, 2049, 2049, 2048, 2049, 2048, 2048]",312.0
1265,9929,23,11,2025-07-25T11:00:13.870000+00:00,31.178,47.359,29.064,313.0,207.0,False,107.601,"[None, 2048, 2048, 2049, 2049, 2049, 2048, 2048]","[2048, 2048, 2048, 2048, 2048, 2048, 2048, 2048, 2048, 2048, 2048, 2048]","[2048, 2049, 2049, 2049, 2048, 2048, 2048, 2048]",311.0
1265,9929,6,13,2025-07-25T11:00:27.200000+00:00,30.826,60.86,34.374,324.0,197.0,False,126.06,"[None, 2048, 2049, 2051, 2051, 2051, 2051, 2048]","[2048, 2048, 2048, 2048, 2048, 2048, 2048, 2048, 2048, 2048, 2048, 2048]","[2048, 2051, 2051, 2051, 2049, 2048, 2064, 2064]",319.0
1265,9929,1,10,2025-07-25T11:00:33.991000+00:00,31.055,48.654,29.074,324.0,202.0,False,108.783,"[2048, 2048, 2048, 2048, 2048, 2048, 2048, 2048]","[2048, 2048, 2048, 2048, 2048, 2048, 2048, 2048, 2048, 2048, 2048, 2048]","[2048, 2048, 2048, 2049, 2048, 2048, 2048, 2048]",314.0
1265,9929,12,10,2025-07-25T11:00:36.786000+00:00,31.065,48.083,29.205,321.0,208.0,False,108.353,"[2048, 2048, 2048, 2048, 2049, 2049, 2048, 2048]","[2048, 2048, 2048, 2048, 2048, 2048, 2048, 2048, 2048, 2048, 2048, 2048]","[2048, 2048, 2048, 2049, 2049, 2048, 2048, 2048]",311.0
1265,9929,30,13,2025-07-25T11:00:57.984000+00:00,31.348,47.297,29.037,,204.0,False,107.682,"[None, 2048, 2049, 2048, 2049, 2048, 2048, 2048]","[2048, 2048, 2048, 2048, 2048, 2048, 2048, 2048, 2048, 2048, 2048, 2048]","[2048, 2049, 2049, 2049, 2048, 2048, 2048, 2048]",312.0
1265,9929,63,11,2025-07-25T11:01:08.066000+00:00,31.083,47.011,28.906,321.0,206.0,False,107.0,"[None, 2048, 2048, 2048, 2048, 2048, 2048, 2048]","[2048, 2048, 2048, 2048, 2048, 2048, 2048, 2048, 2048, 2048, 2048, 2048]","[2048, 2048, 2048, 2049, 2049, 2048, 2048, 2048]",310.0
1265,9929,5,12,2025-07-25T11:01:08.681000+00:00,57.976,64.804,32.398,137.0,184.0,True,155.178,"[2064, 2064, 2048, 2048, 2048, 2048, 2048, 2048]","[2048, 2048, 2048, 2048, 2048, 2048, 2048, 2048, 2048, 2048, 2048, 2048]","[2048, 2048, 2048, 2048, 2048, 2048, 2048, 2049]",253.0
1265,9929,81,11,2025-07-25T11:01:11.186000+00:00,31.168,46.725,28.9,314.0,209.0,False,106.793,"[None, 2048, 2048, 2049, 2049, 2049, 2048, 2048]","[2048, 2048, 2048, 2048, 2048, 2048, 2048, 2048, 2048, 2048, 2048, 2048]","[2048, 2049, 2049, 2049, 2048, 2048, 2048, 2048]",312.0
1265,9929,55,3,2025-07-25T11:01:17.079000+00:00,31.157,46.634,28.968,334.0,209.0,False,106.759,"[2049, 2049, 2049, 2049, 2049, 2049, 2049, 2049]","[2049, 2049, 2049, 2049, 2049, 2049, 2049, 2049, 2049, 2049, 2049, 2049]","[2049, 2049, 2049, 2049, 2049, 2049, 2049]",306.0
1265,9929,22,11,2025-07-25T11:01:22.326000+00:00,31.231,48.532,29.12,,202.0,False,108.883,"[2048, 2048, 2048, 2048, 2048, 2048, 2048, 2048]","[2048, 2048, 2048, 2048, 2048, 2048, 2048, 2048, 2048, 2048, 2048, 2048]","[2048, 2048, 2048, 2048, 2048, 2048, 2048, 2048]",314.0
1265,9929,10,11,2025-07-25T11:01:44.415000+00:00,31.014,47.239,29.007,329.0,205.0,False,107.26,"[None, 2048, 2048, 2049, 2048, 2048, 2048, 2048]","[2048, 2048, 2048, 2048, 2048, 2048, 2048, 2048, 2048, 2048, 2048, 2048]","[2048, 2048, 2049, 2049, 2049, 2048, 2048, 2048]",309.0
1265,9929,4,10,2025-07-25T11:01:46.873000+00:00,40.16,72.738,46.758,185.0,138.0,False,159.656,"[None, 2048, 2048, 2048, 2048, 2048, 2048, 2048]","[2048, 2048, 2048, 2048, 2048, 2048, 2048, 2048, 2048, 2048, 2048, 2048]","[2048, 2048, 2048, 2048, 2048, 2048, 2048, 2048]",196.0
1265,9929,27,9,2025-07-25T11:01:57.238000+00:00,47.764,76.872,51.233,183.0,139.0,False,175.869,"[2048, 2048, 2048, 2048, 2048, 2048, 2048, 2048]","[2048, 2048, 2048, 2048, 2048, 2048, 2048, 2048, 2048, 2048, 2048, 2048]","[2048, 2048, 2048, 2048, 2048, 2048, 2048, 2048]",192.0
1265,9929,23,12,2025-07-25T11:02:01.521000+00:00,31.416,47.448,29.253,307.0,206.0,False,108.117,"[None, 2048, 2048, 2048, 2048, 2048, 2048, 2048]","[2048, 2048, 2048, 2048, 2048, 2048, 2048, 2048, 2048, 2048, 2048, 2048]","[2048, 2048, 2048, 2048, 2048, 2048, 2048, 2048]",309.0
1265,9929,44,12,2025-07-25T11:02:09.858000+00:00,,56.822,35.253,261.0,199.0,True,466.565,"[2064, 2064, 2048, 2048, 2048, 2048, 2048, 2048]","[2048, 2048, 2048, 2048, 2048, 2048, 2048, 2048, 2048, 2048, 2048, 2048]","[2048, 2048, 2048, 2048, 2048, 2048, 2048, 2048]",166.0
1265,9929,18,9,2025-07-25T11:02:10.367000+00:00,30.7,46.183,28.708,337.0,209.0,False,105.591,"[None, 2049, 2049, 2049, 2049, 2048, 2048, 2048]","[2048, 2048, 2048, 2048, 2048, 2049, 2049, 2049, 2049, 2048, 2048, 2048]","[2048, 2049, 2049, 2049, 2049, 2049, 2048, 2048]",310.0
1265,9929,1,11,2025-07-25T11:02:22.793000+00:00,31.097,48.762,29.017,325.0,204.0,False,108.876,"[None, 2048, 2048, 2048, 2048, 2048, 2048, 2048]","[2048, 2048, 2048, 2048, 2048, 2048, 2048, 2048, 2048, 2048, 2048, 2048]","[2048, 2048, 2048, 2048, 2048, 2048, 2048, 2048]",
1265,9929,43,11,2025-07-25T11:02:24.557000+00:00,30.656,70.019,53.613,338.0,89.0,False,154.288,"[None, 2049, 2049, 2049, 2049, 2049, 2048, 2049]","[2049, 2049, 2049, 2048, 2048, 2049, 2048, 2048, 2048, 2048, 2048, 2048]","[2048, 2048, 2048, 2048, 2048, 2048, 2048, 2048]",313.0
1265,9929,12,11,2025-07-25T11:02:25.068000+00:00,32.229,47.803,32.402,,209.0,False,112.434,"[None, 2048, 2048, 2048, 2048, 2048, 2048, 2048]","[2048, 2048, 2048, 2048, 2048, 2048, 2048, 2048, 2048, 2048, 2048, 2048]","[2048, 2048, 2048, 2048, 2048, 2048, 2048, 2048]",265.0
1265,9929,14,12,2025-07-25T11:02:35.932000+00:00,30.84,47.123,28.868,337.0,205.0,False,106.831,"[None, 2048, 2048, 2049, 2049, 2048, 2048, 2048]","[2049, 2048, 2048, 2048, 2048, 2048, 2048, 2048, 2048, 2048, 2048, 2048]","[2048, 2048, 2048, 2048, 2048, 2048, 2048, 2048]",313.0
1265,9929,30,14,2025-07-25T11:02:45.609000+00:00,31.286,47.403,29.093,313.0,202.0,False,107.782,"[None, 2048, 2049, 2049, 2049, 2049, 2048, 2048]","[2048, 2048, 2048, 2048, 2048, 2048, 2048, 2048, 2048, 2048, 2048, 2048]","[2048, 2049, 2049, 2049, 2048, 2048, 2048, 2048]",314.0
1265,9929,63,12,2025-07-25T11:02:55.202000+00:00,31.064,47.013,28.934,324.0,207.0,False,107.011,"[None, 2048, 2048, 2048, 2048, 2048, 2048, 2048]","[2048, 2048, 2048, 2048, 2048, 2048, 2048, 2048, 2048, 2048, 2048, 2048]","[2048, 2048, 2048, 2048, 2048, 2048, 2048, 2048]",313.0
1265,9929,81,12,2025-07-25T11:02:58.046000+00:00,31.069,46.334,32.046,317.0,209.0,False,109.449,"[None, 2048, 2048, 2049, 2049, 2049, 2048, 2048]","[2048, 2048, 2048, 2048, 2048, 2048, 2048, 2048, 2048, 2048, 2048, 2048]","[2048, 2048, 2048, 2048, 2048, 2048, 2048, 2048]",315.0
1265,9929,55,4,2025-07-25T11:03:03.680000+00:00,46.598,70.926,33.041,143.0,139.0,False,150.565,"[2048, 2048, 2048, 2048, 2048, 2048, 2048, 2048]","[2048, 2048, 2048, 2048, 2048, 2048, 2048, 2048, 2048, 2048, 2048, 2048]","[2048, 2048, 2048, 2048, 2048, 2048, 2049, 2049]",226.0
1265,9929,22,12,2025-07-25T11:03:11.132000+00:00,31.144,48.354,29.072,320.0,202.0,False,108.57,"[None, 2048, 2048, 2048, 2048, 2048, 2048, 2048]","[2048, 2048, 2048, 2048, 2048, 2048, 2048, 2048, 2048, 2048, 2048, 2048]","[2048, 2048, 2048, 2048, 2048, 2048, 2048, 2048]",316.0
1265,9929,5,13,2025-07-25T11:03:21.915000+00:00,30.649,46.31,28.918,336.0,209.0,False,105.877,"[2049, 2049, 2049, 2049, 2049, 2049, 2048, 2048]","[2048, 2048, 2048, 2048, 2048, 2048, 2048, 2048, 2048, 2049, 2048, 2048]","[2048, 2048, 2048, 2048, 2048, 2049, 2048, 2048]",313.0
1265,9929,16,11,2025-07-25T11:03:23.922000+00:00,,59.697,35.423,284.0,178.0,True,697.547,"[2064, 2064, 2048, 2048, 2048, 2048, 2048, 2048]","[2048, 2048, 2048, 2048, 2048, 2048, 2048, 2048, 2048, 2048, 2048, 2048]","[2048, 2048, 2048, 2048, 2048, 2048, 2048, 2048]",216.0
1265,9929,87,10,2025-07-25T11:03:30.474000+00:00,,50.122,31.282,310.0,202.0,True,829.878,"[2064, 2064, 2048, 2048, 2048, 2048, 2048, 2048]","[2048, 2048, 2048, 2048, 2048, 2048, 2048, 2048, 2048, 2048, 2048, 2048]","[2048, 2048, 2048, 2048, 2048, 2048, 2048, 2048]",307.0
1265,9929,10,12,2025-07-25T11:03:31.688000+00:00,31.196,47.943,36.684,310.0,198.0,False,115.823,"[None, 2048, 2049, 2049, 2049, 2049, 2048, 2048]","[2048, 2048, 2048, 2048, 2048, 2048, 2048, 2048, 2048, 2048, 2048, 2048]","[2048, 2048, 2048, 2048, 2048, 2048, 2064, 2064]",314.0
1265,9929,23,13,2025-07-25T11:03:49.680000+00:00,31.336,47.273,29.067,308.0,210.0,False,107.676,"[None, 2048, 2048, 2049, 2049, 2049, 2048, 2048]","[2048, 2048, 2049, 2048, 2048, 2048, 2048, 2048, 2048, 2048, 2048, 2048]","[2049, 2049, 2049, 2049, 2048, 2048, 2048, 2048]",312.0
1265,9929,18,10,2025-07-25T11:03:55.955000+00:00,41.613,49.593,36.878,256.0,200.0,False,128.084,"[None, 2048, 2048, 2048, 2048, 2048, 2048, 2048]","[2048, 2048, 2048, 2048, 2048, 2048, 2048, 2048, 2048, 2048, 2048, 2048]","[2048, 2048, 2048, 2048, 2048, 2048, 2064, 2064]",169.0
1265,9929,1,12,2025-07-25T11:04:11.734000+00:00,30.855,48.419,28.993,324.0,203.0,False,108.267,"[None, 2048, 2048, 2049, 2049, 2049, 2049, 2048]","[2048, 2048, 2048, 2048, 2048, 2048, 2048, 2048, 2048, 2048, 2048, 2048]","[2048, 2048, 2049, 2049, 2048, 2048, 2048, 2048]",318.0
1265,9929,12,12,2025-07-25T11:04:17.556000+00:00,31.254,47.596,28.935,325.0,208.0,False,107.785,"[None, 2048, 2048, 2048, 2049, 2048, 2048, 2048]","[2048, 2048, 2048, 2048, 2048, 2048, 2048, 2048, 2048, 2048, 2048, 2048]","[2048, 2048, 2048, 2048, 2048, 2048, 2048, 2048]",313.0
1265,9929,31,10,2025-07-25T11:04:21.027000+00:00,,47.834,29.335,304.0,207.0,True,885.55,"[2064, 2064, 2048, 2048, 2048, 2048, 2048, 2048]","[2048, 2048, 2048, 2048, 2048, 2048, 2048, 2048, 2048, 2048, 2048, 2048]","[2048, 2048, 2048, 2048, 2048, 2048, 2048, 2048]",304.0
1265,9929,14,13,2025-07-25T11:04:22.841000+00:00,30.986,47.437,28.877,318.0,207.0,False,107.3,"[None, 2048, 2048, 2049, 2049, 2049, 2048, 2048]","[2048, 2048, 2048, 2048, 2048, 2048, 2048, 2048, 2048, 2048, 2048, 2048]","[2048, 2049, 2049, 2048, 2048, 2048, 2048, 2048]",316.0
1265,9929,4,11,2025-07-25T11:04:26.627000+00:00,30.922,45.401,28.495,334.0,214.0,False,104.818,"[None, 2048, 2048, 2048, 2049, 2049, 2048, 2048]","[2049, 2048, 2048, 2048, 2048, 2049, 2049, 2048, 2048, 2048, 2048, 2048]","[2049, 2049, 2049, 2049, 2049, 2048, 2048, 2048]",312.0
1265,9929,30,15,2025-07-25T11:04:33.369000+00:00,31.128,47.742,34.933,316.0,204.0,False,113.803,"[None, 2048, 2049, 2049, 2049, 2049, 2049, 2048]","[2048, 2048, 2048, 2048, 2048, 2048, 2048, 2048, 2048, 2048, 2048, 2048]","[2049, 2049, 2049, 2049, 2048, 2048, 2064, 2064]",315.0
1265,9929,44,13,2025-07-25T11:04:34.385000+00:00,34.994,59.197,33.436,262.0,189.0,False,127.627,"[2048, 2048, 2048, 2048, 2048, 2048, 2048, 2048]","[2048, 2048, 2048, 2048, 2048, 2048, 2048, 2048, 2048, 2048, 2048, 2048]","[2048, 2048, 2048, 2048, 2048, 2048, 2049, 2048]",244.0
1265,9929,63,13,2025-07-25T11:04:42.151000+00:00,30.841,47.441,28.811,326.0,209.0,False,107.093,"[None, 2048, 2048, 2049, 2049, 2049, 2049, 2048]","[2048, 2048, 2048, 2048, 2048, 2048, 2048, 2048, 2048, 2048, 2048, 2048]","[2048, 2049, 2049, 2049, 2049, 2048, 2048, 2048]",317.0
1265,9929,81,13,2025-07-25T11:04:47.401000+00:00,31.071,46.421,28.848,315.0,210.0,False,106.34,"[None, 2048, 2048, 2048, 2048, 2049, 2048, 2048]","[2048, 2048, 2048, 2048, 2048, 2048, 2048, 2048, 2048, 2048, 2048, 2048]","[2048, 2049, 2048, 2048, 2048, 2048, 2048, 2048]",314.0
1265,9929,27,10,2025-07-25T11:04:53.276000+00:00,30.959,46.45,28.832,336.0,204.0,False,106.241,"[None, 2048, 2048, 2049, 2049, 2048, 2048, 2048]","[2048, 2049, 2048, 2049, 2048, 2049, 2048, 2048, 2048, 2049, 2048, 2048]","[2048, 2049, 2049, 2049, 2048, 2049, 2048, 2048]",311.0
1265,9929,43,12,2025-07-25T11:04:58.854000+00:00,30.724,45.405,28.718,332.0,208.0,False,104.847,"[None, 2049, 2048, 2048, 2048, 2049, 2049, 2048]","[2049, 2049, 2049, 2049, 2048, 2049, 2049, 2049, 2049, 2048, 2048, 2049]","[2048, 2049, 2049, 2049, 2048, 2048, 2049, 2048]",
1265,9929,22,13,2025-07-25T11:04:59.838000+00:00,30.97,48.904,28.87,327.0,204.0,False,108.744,"[None, 2048, 2048, 2051, 2051, 2051, 2051, 2048]","[2048, 2048, 2048, 2048, 2048, 2048, 2048, 2048, 2048, 2048, 2048, 2048]","[2048, 2049, 2049, 2049, 2048, 2048, 2048, 2048]",320.0
1265,9929,5,14,2025-07-25T11:05:07.771000+00:00,37.083,56.315,29.548,225.0,202.0,False,122.946,"[2048, 2048, 2048, 2048, 2048, 2048, 2048, 2048]","[2048, 2048, 2048, 2048, 2048, 2048, 2048, 2048, 2048, 2048, 2048, 2048]","[2048, 2048, 2048, 2048, 2048, 2048, 2048, 2048]",258.0
1265,9929,55,5,2025-07-25T11:05:34.327000+00:00,30.961,46.061,28.731,332.0,211.0,False,105.753,"[2049, 2049, 2049, 2049, 2049, 2049, 2049, 2048]","[2049, 2049, 2049, 2049, 2049, 2049, 2049, 2049, 2048, 2049, 2049, 2049]","[2049, 2049, 2049, 2048, 2048, 2049, 2048]",308.0
1265,9929,87,11,2025-07-25T11:05:36.234000+00:00,31.106,47.671,29.013,316.0,206.0,False,107.79,"[2048, 2048, 2048, 2048, 2048, 2048, 2048, 2048]","[2048, 2048, 2048, 2048, 2048, 2048, 2048, 2048, 2048, 2048, 2048, 2048]","[2048, 2048, 2048, 2048, 2048, 2048, 2048, 2048]",313.0
1265,9929,23,14,2025-07-25T11:05:37.353000+00:00,30.784,47.748,29.027,337.0,208.0,False,107.559,"[None, 2048, 2049, 2049, 2049, 2049, 2049, 2051]","[2048, 2048, 2048, 2048, 2048, 2048, 2048, 2048, 2048, 2048, 2048, 2048]","[2049, 2049, 2049, 2049, 2049, 2048, 2048, 2048]",316.0
1265,9929,16,12,2025-07-25T11:05:48.240000+00:00,30.55,45.821,28.537,340.0,206.0,False,104.908,"[2049, 2048, 2048, 2048, 2048, 2049, 2049, 2049]","[2048, 2049, 2048, 2048, 2048, 2048, 2048, 2048, 2048, 2048, 2048, 2048]","[2048, 2049, 2049, 2048, 2048, 2048, 2048, 2048]",313.0
1265,9929,1,13,2025-07-25T11:05:59.991000+00:00,30.774,48.249,28.964,,205.0,False,107.987,"[None, 2048, 2048, 2048, 2049, 2049, 2049, 2048]","[2048, 2048, 2048, 2048, 2048, 2048, 2048, 2048, 2048, 2048, 2048, 2048]","[2048, 2048, 2048, 2048, 2048, 2048, 2048, 2048]",
1265,9929,12,13,2025-07-25T11:06:05.241000+00:00,31.145,47.338,28.926,322.0,208.0,False,107.409,"[None, 2048, 2048, 2048, 2048, 2049, 2049, 2048]","[2048, 2048, 2048, 2048, 2048, 2048, 2048, 2048, 2048, 2048, 2048, 2048]","[2048, 2048, 2048, 2048, 2048, 2048, 2048]",312.0
1265,9929,14,14,2025-07-25T11:06:10.100000+00:00,30.917,47.23,28.785,321.0,207.0,False,106.932,"[None, 2048, 2048, 2048, 2048, 2048, 2048, 2048]","[2048, 2048, 2048, 2048, 2048, 2048, 2048, 2048, 2048, 2048, 2048, 2048]","[2048, 2049, 2049, 2049, 2048, 2048, 2048, 2048]",315.0
1265,9929,4,12,2025-07-25T11:06:11.522000+00:00,35.471,47.38,28.874,316.0,211.0,False,111.725,"[2049, 2048, 2048, 2048, 2048, 2048, 2048, 2048]","[2048, 2048, 2048, 2048, 2048, 2048, 2048, 2048, 2048, 2048, 2048, 2048]","[2048, 2048, 2048, 2048, 2048, 2048, 2048, 2048]",283.0
1265,9929,31,11,2025-07-25T11:06:19.419000+00:00,31.352,47.241,29.181,305.0,208.0,False,107.774,"[2048, 2048, 2048, 2048, 2048, 2048, 2048, 2048]","[2048, 2048, 2048, 2048, 2048, 2048, 2048, 2048, 2048, 2048, 2048, 2048]","[2048, 2048, 2048, 2048, 2048, 2048, 2048, 2048]",306.0
1265,9929,63,14,2025-07-25T11:06:29.254000+00:00,30.845,47.146,33.531,,206.0,False,111.522,"[None, 2048, 2048, 2048, 2048, 2048, 2048, 2048]","[2048, 2048, 2048, 2048, 2048, 2048, 2048, 2048, 2049, 2048, 2048, 2048]","[2048, 2048, 2049, 2049, 2048, 2048, 2064, 2064]",
1265,9929,81,14,2025-07-25T11:06:33.788000+00:00,30.94,46.078,28.69,317.0,211.0,False,105.708,"[None, 2048, 2048, 2048, 2048, 2048, 2048, 2048]","[2048, 2048, 2048, 2048, 2048, 2048, 2048, 2048, 2048, 2048, 2048, 2048]","[2049, 2049, 2049, 2049, 2048, 2048, 2048, 2048]",
1265,9929,27,11,2025-07-25T11:06:39.381000+00:00,41.442,56.306,31.905,260.0,172.0,False,129.653,"[None, 2048, 2048, 2048, 2048, 2048, 2048, 2048]","[2048, 2048, 2048, 2048, 2048, 2048, 2048, 2048, 2048, 2048, 2048, 2048]","[2048, 2048, 2048, 2048, 2048, 2048, 2048, 2048]",202.0
1265,9929,44,14,2025-07-25T11:06:41.981000+00:00,34.15,60.487,38.057,294.0,154.0,False,132.694,"[2051, 2048, 2048, 2048, 2048, 2048, 2048, 2048]","[2048, 2048, 2048, 2048, 2048, 2048, 2048, 2048, 2048, 2048, 2048, 2048]","[2048, 2048, 2048, 2048, 2048, 2048, 2048, 2048]",257.0
1265,9929,43,13,2025-07-25T11:06:43.700000+00:00,46.319,58.181,40.551,278.0,163.0,False,145.051,"[None, 2048, 2048, 2048, 2048, 2048, 2048, 2048]","[2048, 2048, 2048, 2048, 2048, 2048, 2048, 2048, 2048, 2048, 2048, 2048]","[2048, 2048, 2048, 2048, 2048, 2048, 2064, 2064]",193.0
1265,9929,22,14,2025-07-25T11:06:48.559000+00:00,30.954,48.617,28.998,322.0,202.0,False,108.569,"[None, 2048, 2048, 2048, 2048, 2048, 2048, 2048]","[2048, 2048, 2048, 2048, 2048, 2048, 2048, 2048, 2048, 2048, 2048, 2048]","[2048, 2048, 2048, 2048, 2048, 2048, 2048, 2048]",319.0
1265,9929,5,15,2025-07-25T11:07:10.654000+00:00,31.149,48.407,29.212,314.0,209.0,False,108.768,"[None, 2048, 2048, 2048, 2048, 2048, 2048, 2048]","[2048, 2048, 2048, 2048, 2048, 2048, 2048, 2048, 2048, 2048, 2048, 2048]","[2048, 2048, 2049, 2048, 2048, 2048, 2048, 2048]",311.0
1265,9929,55,6,2025-07-25T11:07:19.967000+00:00,55.543,81.151,39.336,125.0,113.0,False,176.03,"[2048, 2048, 2048, 2048, 2048, 2048, 2048, 2048]","[2048, 2048, 2048, 2048, 2048, 2048, 2048, 2048, 2048, 2048, 2048, 2048]","[2048, 2048, 2048, 2048, 2048, 2048, 2049, 2049]",180.0
1265,9929,87,12,2025-07-25T11:07:24.154000+00:00,31.277,47.708,29.112,312.0,199.0,False,108.097,"[None, 2048, 2048, 2048, 2048, 2048, 2048, 2048]","[2048, 2048, 2048, 2048, 2048, 2048, 2048, 2048, 2048, 2048, 2048, 2048]","[2048, 2048, 2048, 2048, 2048, 2048, 2048, 2048]",309.0
1265,9929,23,15,2025-07-25T11:07:24.873000+00:00,31.061,47.881,29.023,328.0,207.0,False,107.965,"[None, 2048, 2048, 2048, 2048, 2048, 2049, 2048]","[2048, 2048, 2048, 2048, 2048, 2048, 2048, 2048, 2048, 2048, 2048, 2048]","[2049, 2048, 2049, 2049, 2048, 2048, 2048, 2048]",314.0
1265,9929,16,13,2025-07-25T11:07:33.102000+00:00,50.796,65.805,32.87,127.0,128.0,False,149.471,"[2048, 2048, 2048, 2048, 2048, 2048, 2048, 2048]","[2048, 2048, 2048, 2048, 2048, 2048, 2048, 2048, 2048, 2048, 2048, 2048]","[2048, 2048, 2048, 2048, 2048, 2048, 2048, 2048]",168.0
1265,9929,1,14,2025-07-25T11:07:48.008000+00:00,31.074,48.283,28.973,322.0,203.0,False,108.33,"[None, 2048, 2048, 2048, 2048, 2048, 2048, 2048]","[2048, 2048, 2048, 2048, 2048, 2048, 2048, 2048, 2048, 2048, 2048, 2048]","[2048, 2048, 2048, 2048, 2048, 2048, 2048, 2048]",315.0
1265,9929,12,14,2025-07-25T11:07:52.633000+00:00,31.06,47.519,28.713,325.0,207.0,False,107.292,"[None, 2048, 2048, 2048, 2048, 2049, 2049, 2048]","[2048, 2048, 2048, 2048, 2048, 2048, 2048, 2048, 2048, 2048, 2048, 2048]","[2048, 2049, 2049, 2049, 2049, 2048, 2048, 2048]",313.0
1265,9929,14,15,2025-07-25T11:07:57.039000+00:00,31.038,47.935,28.802,,205.0,False,107.775,"[None, 2048, 2048, 2048, 2048, 2048, 2048, 2048]","[2048, 2048, 2048, 2048, 2048, 2048, 2048, 2048, 2048, 2048, 2048, 2048]","[2048, 2049, 2049, 2049, 2048, 2048, 2048, 2048]",314.0
1265,9929,4,13,2025-07-25T11:08:03.211000+00:00,30.986,46.204,28.823,314.0,211.0,False,106.013,"[2048, 2048, 2048, 2049, 2048, 2049, 2048, 2048]","[2048, 2048, 2048, 2048, 2048, 2048, 2048, 2048, 2048, 2048, 2048, 2048]","[2048, 2048, 2049, 2049, 2049, 2048, 2048, 2048]",312.0
1265,9929,31,12,2025-07-25T11:08:07.133000+00:00,31.473,46.692,29.202,304.0,209.0,False,107.367,"[None, 2048, 2048, 2048, 2048, 2048, 2048, 2048]","[2048, 2048, 2048, 2048, 2048, 2048, 2048, 2048, 2048, 2048, 2048, 2048]","[2048, 2048, 2048, 2048, 2048, 2048, 2048, 2048]",307.0
1265,9929,81,15,2025-07-25T11:08:19.587000+00:00,31.05,46.044,28.709,316.0,209.0,False,105.803,"[None, 2048, 2048, 2048, 2048, 2048, 2048, 2048]","[2048, 2048, 2048, 2048, 2048, 2048, 2048, 2048, 2048, 2048, 2048, 2048]","[2048, 2048, 2048, 2049, 2049, 2048, 2048, 2048]",312.0
1265,9929,22,15,2025-07-25T11:08:37.006000+00:00,31.221,48.442,28.922,320.0,202.0,False,108.585,"[None, 2048, 2048, 2048, 2048, 2048, 2048, 2048]","[2048, 2048, 2048, 2048, 2048, 2048, 2048, 2048, 2048, 2048, 2048, 2048]","[2048, 2048, 2048, 2048, 2048, 2048, 2048, 2048]",315.0
1265,9929,63,15,2025-07-25T11:08:44.937000+00:00,50.837,47.719,28.848,328.0,207.0,True,127.404,"[2064, 2064, 2048, 2048, 2048, 2048, 2048, 2048]","[2048, 2048, 2048, 2048, 2048, 2048, 2048, 2048, 2048, 2048, 2048, 2048]","[2048, 2048, 2048, 2048, 2049, 2048, 2048, 2048]",312.0
1265,9929,27,12,2025-07-25T11:08:49.160000+00:00,31.251,47.28,28.913,317.0,207.0,False,107.444,"[None, 2048, 2048, 2048, 2048, 2048, 2048, 2048]","[2048, 2048, 2048, 2048, 2048, 2048, 2048, 2048, 2048, 2048, 2048, 2048]","[2048, 2048, 2048, 2049, 2049, 2048, 2048, 2048]",310.0
1265,9929,44,15,2025-07-25T11:08:54.672000+00:00,30.729,55.737,33.964,338.0,142.0,False,120.43,"[2048, 2048, 2048, 2048, 2048, 2048, 2048, 2049]","[2048, 2048, 2048, 2048, 2048, 2048, 2048, 2048, 2048, 2048, 2048, 2048]","[2048, 2048, 2048, 2048, 2048, 2048, 2048, 2048]",309.0
1265,9929,5,16,2025-07-25T11:08:59.429000+00:00,31.197,47.334,28.985,315.0,209.0,False,107.516,"[None, 2048, 2048, 2048, 2048, 2048, 2048, 2048]","[2048, 2048, 2048, 2048, 2048, 2048, 2048, 2048, 2048, 2048, 2048, 2048]","[2048, 2048, 2049, 2049, 2048, 2048, 2048, 2048]",
1265,9929,87,13,2025-07-25T11:09:12.187000+00:00,31.33,47.739,29.129,322.0,203.0,False,108.198,"[None, 2048, 2048, 2048, 2048, 2048, 2048, 2048]","[2048, 2048, 2048, 2048, 2048, 2048, 2048, 2048, 2048, 2048, 2048, 2048]","[2048, 2048, 2048, 2048, 2048, 2048, 2048, 2048]",311.0
1265,9929,23,16,2025-07-25T11:09:12.826000+00:00,31.013,49.571,30.534,329.0,207.0,False,111.118,"[None, 2048, 2048, 2048, 2048, 2048, 2048, 2048]","[2048, 2048, 2048, 2048, 2048, 2048, 2048, 2048, 2048, 2048, 2048, 2048]","[2048, 2048, 2048, 2048, 2048, 2048, 2048, 2048]",315.0
1265,9929,1,15,2025-07-25T11:09:36.308000+00:00,31.245,48.244,28.94,323.0,202.0,False,108.429,"[None, 2048, 2048, 2048, 2048, 2048, 2048, 2048]","[2048, 2048, 2048, 2048, 2048, 2048, 2048, 2048, 2048, 2048, 2048, 2048]","[2048, 2048, 2048, 2048, 2048, 2048, 2048, 2048]",314.0
1265,9929,12,15,2025-07-25T11:09:39.972000+00:00,31.099,47.718,28.767,326.0,206.0,False,107.584,"[None, 2048, 2048, 2048, 2049, 2049, 2048, 2048]","[2048, 2048, 2048, 2048, 2048, 2048, 2048, 2048, 2048, 2048, 2048, 2048]","[2048, 2048, 2048, 2049, 2049, 2048, 2048, 2048]",315.0
1265,9929,14,16,2025-07-25T11:09:44.770000+00:00,36.116,53.173,44.652,262.0,185.0,False,133.941,"[None, 2048, 2048, 2048, 2048, 2048, 2048, 2048]","[2048, 2048, 2048, 2048, 2048, 2048, 2048, 2048, 2048, 2048, 2048, 2048]","[2048, 2048, 2048, 2048, 2048, 2048, 2064, 2064]",248.0
1265,9929,4,14,2025-07-25T11:09:49.189000+00:00,31.096,45.966,28.742,316.0,212.0,False,105.804,"[None, 2048, 2048, 2049, 2049, 2049, 2048, 2048]","[2048, 2048, 2048, 2048, 2048, 2048, 2048, 2048, 2048, 2048, 2048, 2048]","[2048, 2048, 2049, 2048, 2048, 2048, 2048, 2048]",313.0
1265,9929,31,13,2025-07-25T11:09:54.591000+00:00,31.546,47.101,29.302,306.0,209.0,False,107.949,"[None, 2048, 2048, 2048, 2048, 2048, 2048, 2048]","[2048, 2048, 2048, 2048, 2048, 2048, 2048, 2048, 2048, 2048, 2048, 2048]","[2048, 2048, 2048, 2048, 2048, 2048, 2048, 2048]",
1265,9929,16,14,2025-07-25T11:10:02.490000+00:00,31.167,46.701,28.814,319.0,208.0,False,106.682,"[None, 2048, 2048, 2048, 2048, 2048, 2048, 2048]","[2048, 2048, 2048, 2048, 2048, 2048, 2048, 2048, 2048, 2048, 2048, 2048]","[2048, 2048, 2048, 2048, 2048, 2048, 2048, 2048]",309.0
1265,9929,81,16,2025-07-25T11:10:05.271000+00:00,31.015,46.204,34.194,322.0,213.0,False,111.413,"[None, 2048, 2048, 2048, 2048, 2048, 2048, 2048]","[2048, 2048, 2048, 2048, 2048, 2048, 2048, 2048, 2048, 2048, 2048, 2048]","[2049, 2048, 2048, 2048, 2048, 2048, 2064, 2064]",315.0
1265,9929,55,7,2025-07-25T11:10:16.099000+00:00,30.845,45.608,28.773,335.0,213.0,False,105.226,"[2049, 2049, 2049, 2049, 2048, 2048, 2048, 2049]","[2049, 2049, 2049, 2049, 2048, 2049, 2049, 2049, 2049, 2049, 2049, 2049]","[2049, 2049, 2049, 2049, 2049, 2048, 2048]",308.0
1265,9929,22,16,2025-07-25T11:10:25.646000+00:00,31.176,48.614,29.047,325.0,200.0,False,108.837,"[None, 2048, 2048, 2048, 2048, 2048, 2048, 2048]","[2048, 2048, 2048, 2048, 2048, 2048, 2048, 2048, 2048, 2048, 2048, 2048]","[2048, 2048, 2048, 2048, 2048, 2048, 2048, 2048]",316.0
1265,9929,63,16,2025-07-25T11:10:28.130000+00:00,31.019,47.467,28.98,341.0,206.0,False,107.466,"[2048, 2048, 2048, 2048, 2048, 2048, 2048, 2049]","[2048, 2048, 2048, 2048, 2048, 2048, 2048, 2048, 2048, 2048, 2048, 2048]","[2048, 2048, 2048, 2048, 2049, 2048, 2048, 2048]",314.0
1265,9929,27,13,2025-07-25T11:10:36.568000+00:00,31.344,47.271,29.152,314.0,207.0,False,107.767,"[None, 2048, 2048, 2048, 2048, 2048, 2048, 2048]","[2048, 2048, 2048, 2048, 2048, 2048, 2048, 2048, 2048, 2048, 2048, 2048]","[2048, 2048, 2049, 2049, 2048, 2048, 2048, 2048]",
1265,9929,5,17,2025-07-25T11:10:46.959000+00:00,31.04,47.106,28.875,318.0,208.0,False,107.021,"[None, 2048, 2049, 2049, 2049, 2049, 2049, 2048]","[2048, 2048, 2048, 2048, 2048, 2048, 2048, 2048, 2048, 2048, 2048, 2048]","[2049, 2049, 2049, 2049, 2048, 2048, 2048, 2048]",315.0
1265,9929,44,16,2025-07-25T11:10:55.063000+00:00,30.666,47.551,29.261,,205.0,False,107.478,"[None, 2048, 2048, 2048, 2048, 2048, 2048, 2048]","[2048, 2049, 2048, 2048, 2048, 2048, 2048, 2048, 2048, 2048, 2048, 2048]","[2048, 2048, 2048, 2048, 2048, 2048, 2048, 2048]",307.0
1265,9929,87,14,2025-07-25T11:11:00.407000+00:00,31.241,47.699,28.986,328.0,205.0,False,107.926,"[None, 2048, 2048, 2048, 2048, 2048, 2048, 2048]","[2048, 2048, 2048, 2048, 2048, 2048, 2048, 2048, 2048, 2048, 2048, 2048]","[2048, 2048, 2048, 2048, 2048, 2048, 2048, 2048]",310.0
1265,9929,23,17,2025-07-25T11:11:03.878000+00:00,31.429,47.173,33.759,310.0,206.0,False,112.361,"[None, 2048, 2048, 2048, 2048, 2048, 2048, 2048]","[2048, 2048, 2048, 2048, 2048, 2048, 2048, 2048, 2048, 2048, 2048, 2048]","[2048, 2048, 2048, 2048, 2048, 2048, 2064, 2064]",310.0
1265,9929,1,16,2025-07-25T11:11:24.700000+00:00,31.172,48.278,35.213,,203.0,False,114.663,"[None, 2048, 2048, 2048, 2048, 2048, 2048, 2048]","[2048, 2048, 2048, 2048, 2048, 2048, 2048, 2048, 2048, 2048, 2048, 2048]","[2048, 2048, 2048, 2048, 2048, 2048, 2064, 2064]",313.0
1265,9929,12,16,2025-07-25T11:11:27.561000+00:00,31.049,47.745,28.71,,208.0,False,107.504,"[None, 2048, 2048, 2048, 2048, 2048, 2048, 2048]","[2048, 2048, 2048, 2048, 2048, 2048, 2048, 2048, 2048, 2048, 2048, 2048]","[2048, 2049, 2048, 2049, 2049, 2048, 2048, 2048]",314.0
1265,9929,4,15,2025-07-25T11:11:35.083000+00:00,31.192,46.043,28.808,312.0,211.0,False,106.043,"[None, 2048, 2048, 2048, 2048, 2048, 2048, 2048]","[2048, 2048, 2048, 2048, 2048, 2048, 2048, 2048, 2048, 2048, 2048, 2048]","[2048, 2049, 2048, 2048, 2048, 2048, 2048, 2048]",310.0
1265,9929,31,14,2025-07-25T11:11:42.421000+00:00,31.416,47.063,29.189,319.0,209.0,False,107.668,"[None, 2048, 2048, 2048, 2048, 2048, 2048, 2048]","[2048, 2048, 2048, 2048, 2048, 2048, 2048, 2048, 2048, 2048, 2048, 2048]","[2048, 2048, 2048, 2048, 2048, 2048, 2048, 2048]",306.0
1265,9929,16,15,2025-07-25T11:11:49.219000+00:00,31.274,47.019,29.008,311.0,211.0,False,107.301,"[None, 2048, 2048, 2048, 2048, 2048, 2048, 2048]","[2048, 2048, 2048, 2048, 2048, 2048, 2048, 2048, 2048, 2048, 2048, 2048]","[2048, 2048, 2048, 2048, 2048, 2048, 2048, 2048]",
1265,9929,55,8,2025-07-25T11:12:01.261000+00:00,51.882,76.856,42.207,154.0,116.0,False,170.945,"[2048, 2048, 2048, 2048, 2048, 2048, 2048, 2048]","[2048, 2048, 2048, 2048, 2048, 2048, 2048, 2048, 2048, 2048, 2048, 2048]","[2048, 2048, 2048, 2048, 2048, 2048, 2049, 2049]",205.0
1265,9929,22,17,2025-07-25T11:12:14.588000+00:00,31.268,49.323,34.017,323.0,191.0,False,114.608,"[None, 2048, 2048, 2048, 2048, 2048, 2048, 2048]","[2048, 2048, 2048, 2048, 2048, 2048, 2048, 2048, 2048, 2048, 2048, 2048]","[2048, 2048, 2048, 2048, 2048, 2048, 2064, 2064]",
1265,9929,63,17,2025-07-25T11:12:15.631000+00:00,30.924,63.242,28.891,,206.0,False,123.057,"[None, 2048, 2048, 2048, 2048, 2048, 2048, 2049]","[2048, 2048, 2048, 2048, 2048, 2048, 2048, 2048, 2048, 2048, 2048, 2048]","[2048, 2048, 2048, 2048, 2048, 2048, 2048, 2048]",
1265,9929,27,14,2025-07-25T11:12:24.210000+00:00,31.083,47.259,34.191,317.0,210.0,False,112.533,"[None, 2048, 2049, 2049, 2049, 2049, 2048, 2048]","[2048, 2048, 2048, 2048, 2048, 2048, 2048, 2048, 2048, 2048, 2048, 2048]","[2049, 2049, 2049, 2049, 2048, 2048, 2064, 2064]",314.0
1265,9929,5,18,2025-07-25T11:12:33.953000+00:00,31.212,47.296,28.968,314.0,205.0,False,107.476,"[None, 2048, 2048, 2048, 2048, 2048, 2048, 2048]","[2048, 2048, 2048, 2048, 2048, 2048, 2048, 2048, 2048, 2048, 2048, 2048]","[2048, 2048, 2048, 2048, 2048, 2048, 2048, 2048]",311.0
1265,9929,44,17,2025-07-25T11:12:42.631000+00:00,31.78,47.358,29.323,305.0,205.0,False,108.461,"[None, 2048, 2048, 2048, 2048, 2048, 2048, 2048]","[2048, 2048, 2048, 2048, 2048, 2048, 2048, 2048, 2048, 2048, 2048, 2048]","[2048, 2048, 2048, 2048, 2048, 2048, 2048, 2048]",303.0
1265,9929,87,15,2025-07-25T11:12:48.255000+00:00,31.099,47.434,29.042,327.0,202.0,False,107.575,"[None, 2048, 2048, 2048, 2048, 2048, 2048, 2048]","[2048, 2048, 2048, 2048, 2048, 2048, 2048, 2048, 2048, 2048, 2048, 2048]","[2048, 2048, 2048, 2048, 2048, 2048, 2048]",311.0
1265,9929,12,17,2025-07-25T11:13:15.044000+00:00,31.218,47.542,28.89,324.0,206.0,False,107.65,"[None, 2048, 2048, 2048, 2048, 2048, 2048, 2048]","[2048, 2048, 2048, 2048, 2048, 2048, 2048, 2048, 2048, 2048, 2048, 2048]","[2048, 2048, 2048, 2048, 2048, 2048, 2048, 2048]",312.0
1265,9929,4,16,2025-07-25T11:13:21.091000+00:00,31.066,45.939,33.667,314.0,211.0,False,110.672,"[None, 2048, 2048, 2048, 2048, 2048, 2048, 2048]","[2048, 2048, 2048, 2048, 2048, 2048, 2048, 2048, 2048, 2048, 2048, 2048]","[2048, 2048, 2048, 2048, 2048, 2048, 2064, 2064]",313.0
1265,9929,31,15,2025-07-25T11:13:30.240000+00:00,31.532,46.777,29.36,304.0,208.0,False,107.669,"[None, 2048, 2048, 2048, 2048, 2048, 2048, 2048]","[2048, 2048, 2048, 2048, 2048, 2048, 2048, 2048, 2048, 2048, 2048, 2048]","[2048, 2048, 2048, 2048, 2048, 2048, 2048, 2048]",307.0
1265,9929,16,16,2025-07-25T11:13:36.458000+00:00,31.196,46.835,34.152,316.0,210.0,False,112.183,"[None, 2048, 2048, 2048, 2048, 2048, 2048, 2048]","[2048, 2048, 2048, 2048, 2048, 2048, 2048, 2048, 2048, 2048, 2048, 2048]","[2048, 2048, 2048, 2048, 2048, 2048, 2064, 2064]",311.0
1265,9929,63,18,2025-07-25T11:14:18.726000+00:00,31.16,47.151,29.038,323.0,207.0,False,107.349,"[None, 2048, 2048, 2048, 2048, 2048, 2048, 2048]","[2048, 2048, 2048, 2048, 2048, 2048, 2048, 2048, 2048, 2048, 2048, 2048]","[2048, 2048, 2048, 2048, 2048, 2048, 2048, 2048]",311.0
1265,9929,5,19,2025-07-25T11:14:21.459000+00:00,31.226,47.533,34.388,,205.0,False,113.147,"[None, 2048, 2048, 2048, 2048, 2048, 2048, 2048]","[2048, 2048, 2048, 2048, 2048, 2048, 2048, 2048, 2048, 2048, 2048, 2048]","[2048, 2048, 2048, 2048, 2048, 2048, 2064, 2064]",313.0
1265,9929,44,18,2025-07-25T11:14:31.069000+00:00,31.467,46.906,33.769,312.0,206.0,False,112.142,"[None, 2048, 2048, 2048, 2048, 2048, 2048, 2048]","[2048, 2048, 2048, 2048, 2048, 2048, 2048, 2048, 2048, 2048, 2048, 2048]","[2048, 2048, 2048, 2048, 2048, 2048, 2064, 2064]",305.0
1265,9929,87,16,2025-07-25T11:14:35.787000+00:00,31.175,53.723,34.217,315.0,206.0,False,119.115,"[None, 2048, 2048, 2048, 2049, 2049, 2048, 2048]","[2048, 2048, 2048, 2048, 2048, 2048, 2048, 2048, 2048, 2048, 2048, 2048]","[2048, 2048, 2048, 2048, 2048, 2048, 2064, 2064]",314.0
1265,9929,10,13,2025-07-25T11:14:36.725000+00:00,,60.169,36.815,288.0,170.0,True,677.064,"[2064, 2064, 2048, 2048, 2048, 2048, 2048, 2048]","[2048, 2048, 2048, 2048, 2048, 2048, 2048, 2048, 2048, 2048, 2048, 2048]","[2048, 2048, 2048, 2048, 2048, 2048, 2049, 2049]",279.0
1265,9929,55,9,2025-07-25T11:14:52.362000+00:00,30.925,45.896,28.668,333.0,211.0,False,105.489,"[2049, 2048, 2049, 2049, 2049, 2049, 2049, 2048]","[2049, 2048, 2049, 2049, 2049, 2048, 2049, 2048, 2048, 2048, 2048, 2048]","[2048, 2049, 2048, 2049, 2048, 2048, 2048, 2048]",309.0
1265,9929,12,18,2025-07-25T11:15:02.730000+00:00,31.252,47.476,28.927,325.0,207.0,False,107.655,"[None, 2048, 2048, 2048, 2048, 2048, 2048, 2048]","[2048, 2048, 2048, 2048, 2048, 2048, 2048, 2048, 2048, 2048, 2048, 2048]","[2048, 2048, 2048, 2048, 2048, 2048, 2048, 2048]",
1265,9929,31,16,2025-07-25T11:15:17.776000+00:00,31.463,60.672,35.841,283.0,191.0,False,127.976,"[None, 2048, 2048, 2048, 2048, 2048, 2048, 2048]","[2048, 2048, 2048, 2048, 2048, 2048, 2048, 2048, 2048, 2048, 2048, 2048]","[2048, 2048, 2048, 2048, 2048, 2048, 2064, 2064]",308.0
1265,9929,18,11,2025-07-25T11:15:32.457000+00:00,,63.407,35.248,278.0,148.0,True,700.931,"[2064, 2064, 2048, 2048, 2048, 2048, 2048, 2048]","[2048, 2048, 2048, 2048, 2048, 2048, 2048, 2048, 2048, 2048, 2048, 2048]","[2048, 2048, 2048, 2048, 2048, 2048, 2048, 2049]",234.0
1265,9929,63,19,2025-07-25T11:16:06.034000+00:00,31.177,47.207,28.906,,207.0,False,107.29,"[None, 2048, 2048, 2048, 2048, 2048, 2048, 2048]","[2048, 2048, 2048, 2048, 2048, 2048, 2048, 2048, 2048, 2048, 2048, 2048]","[2048, 2048, 2048, 2048, 2048, 2048, 2048, 2048]",313.0
1265,9929,55,10,2025-07-25T11:16:37.863000+00:00,44.644,57.527,40.968,239.0,164.0,False,143.139,"[2048, 2048, 2048, 2048, 2048, 2048, 2048, 2048]","[2048, 2048, 2048, 2048, 2048, 2048, 2048, 2048, 2048, 2048, 2048, 2048]","[2048, 2048, 2048, 2048, 2048, 2048, 2064, 2064]",213.0
1265,9929,10,14,2025-07-25T11:16:44.601000+00:00,31.01,46.359,37.113,326.0,204.0,False,114.482,"[2048, 2048, 2048, 2048, 2048, 2048, 2048, 2048]","[2048, 2048, 2048, 2049, 2048, 2049, 2048, 2049, 2048, 2049, 2048, 2049]","[2048, 2048, 2048, 2048, 2048, 2048, 2064, 2064]",309.0
1265,9929,12,19,2025-07-25T11:16:50.365000+00:00,31.186,47.539,28.874,327.0,204.0,False,107.599,"[None, 2048, 2048, 2048, 2048, 2048, 2048, 2048]","[2048, 2048, 2048, 2048, 2048, 2048, 2048, 2048, 2048, 2048, 2048, 2048]","[2048, 2048, 2048, 2048, 2048, None, None, 2048]",313.0
1265,9929,18,12,2025-07-25T11:17:45.046000+00:00,30.272,44.493,28.347,339.0,212.0,False,103.112,"[2049, 2051, 2051, 2049, 2049, 2049, 2049, 2049]","[2049, 2051, 2051, 2049, 2049, 2051, 2049, 2049, 2049, 2049, 2049, 2049]","[2049, 2049, 2049, 2049, 2049, 2049, 2048, 2048]",313.0
1265,9929,63,20,2025-07-25T11:17:53.249000+00:00,31.18,46.834,28.881,325.0,208.0,False,106.895,"[None, 2048, 2048, 2048, 2048, 2048, 2048, 2048]","[2048, 2048, 2048, 2048, 2048, 2049, 2048, 2048, 2048, 2048, 2048, 2048]","[2048, 2048, 2048, 2048, 2048, 2048, 2048, 2048]",314.0
1265,9929,12,20,2025-07-25T11:18:37.964000+00:00,35.294,58.772,38.133,262.0,170.0,False,132.199,"[None, 2048, 2048, 2048, 2048, 2048, 2048, 2048]","[2048, 2048, 2048, 2048, 2048, 2048, 2048, 2048, 2048, 2048, 2048, 2048]","[2048, 2048, 2048, 2048, 2048, 2048, 2064, 2064]",251.0
1265,9929,81,17,2025-07-25T11:19:03.194000+00:00,,57.406,38.428,327.0,145.0,True,553.496,"[2064, 2064, 2048, 2048, 2048, 2048, 2048, 2048]","[2048, 2048, 2048, 2048, 2048, 2048, 2048, 2048, 2048, 2048, 2048, 2048]","[2048, 2048, 2048, 2048, 2048, 2048, 2049, 2049]",255.0
1265,9929,10,15,2025-07-25T11:19:12.984000+00:00,72.369,61.498,31.851,218.0,158.0,True,165.718,"[2064, 2064, 2048, 2048, 2048, 2048, 2048, 2048]","[2048, 2048, 2048, 2048, 2048, 2048, 2048, 2048, 2048, 2048, 2048, 2048]","[2048, 2048, 2048, 2048, 2048, 2048, 2049, 2051]",207.0
1265,9929,43,14,2025-07-25T11:19:25.256000+00:00,,50.016,29.472,308.0,200.0,True,729.792,"[2064, 2064, 2048, 2048, 2048, 2048, 2048, 2048]","[2048, 2048, 2048, 2048, 2048, 2048, 2048, 2048, 2048, 2048, 2048, 2048]","[2048, 2048, 2048, 2048, 2048, 2048, 2048, 2048]",291.0
1265,9929,18,13,2025-07-25T11:19:28.012000+00:00,49.523,78.363,46.599,157.0,118.0,False,174.485,"[2048, 2048, 2048, 2048, 2048, 2048, 2048, 2048]","[2048, 2048, 2048, 2048, 2048, 2048, 2048, 2048, 2048, 2048, 2048, 2048]","[2048, 2048, 2048, 2048, 2048, 2048, 2048, 2048]",188.0
1265,9929,63,21,2025-07-25T11:19:40.300000+00:00,31.014,46.944,35.497,,205.0,False,113.455,"[None, 2048, 2048, 2048, 2048, 2048, 2048, 2048]","[2048, 2048, 2048, 2048, 2048, 2048, 2048, 2048, 2048, 2048, 2048, 2048]","[2048, 2048, 2048, 2048, 2048, 2048, 2064, 2064]",
1265,9929,14,17,2025-07-25T11:19:46.202000+00:00,,65.433,36.119,328.0,153.0,True,599.29,"[2064, 2064, 2048, 2048, 2048, 2048, 2048, 2048]","[2048, 2048, 2048, 2048, 2048, 2048, 2048, 2048, 2048, 2048, 2048, 2048]","[2048, 2048, 2048, 2048, 2048, 2048, 2051, 2049]",250.0
1265,9929,23,18,2025-07-25T11:19:54.364000+00:00,,60.83,37.738,311.0,103.0,True,549.56,"[2064, 2064, 2048, 2048, 2048, 2048, 2048, 2048]","[2048, 2048, 2048, 2048, 2048, 2048, 2048, 2048, 2048, 2048, 2048, 2048]","[2048, 2048, 2048, 2048, 2048, 2048, 2051, 2051]",212.0
1265,9929,1,17,2025-07-25T11:20:08.692000+00:00,,68.813,38.802,210.0,144.0,True,555.502,"[2064, 2064, 2048, 2048, 2048, 2048, 2048, 2048]","[2048, 2048, 2048, 2048, 2048, 2048, 2048, 2048, 2048, 2048, 2048, 2048]","[2048, 2048, 2048, 2048, 2048, 2048, 2048, 2049]",192.0
1265,9929,22,18,2025-07-25T11:20:25.156000+00:00,,63.729,39.166,248.0,138.0,True,514.021,"[2064, 2064, 2048, 2048, 2048, 2048, 2048, 2048]","[2048, 2048, 2048, 2048, 2048, 2048, 2048, 2048, 2048, 2048, 2048, 2048]","[2048, 2048, 2048, 2048, 2048, 2048, 2048, 2048]",229.0
1265,9929,55,11,2025-07-25T11:21:06.835000+00:00,,67.129,34.947,308.0,124.0,True,262.561,"[2064, 2064, 2048, 2048, 2048, 2048, 2048, 2048]","[2048, 2048, 2048, 2048, 2048, 2048, 2048, 2048, 2048, 2048, 2048, 2048]","[2048, 2048, 2048, 2048, 2048, 2048, 2049, 2051]",196.0
1265,9929,81,18,2025-07-25T11:21:10.245000+00:00,30.391,43.553,28.179,334.0,218.0,False,102.123,"[2049, 2049, 2051, 2048, 2048, 2048, 2049, 2048]","[2051, 2051, 2051, 2049, 2051, 2051, 2051, 2051, 2049, 2051, 2051, 2051]","[2051, 2049, 2048, 2048, 2048, 2048, 2048]",312.0
1265,9929,16,17,2025-07-25T11:21:13.334000+00:00,,65.252,36.117,191.0,122.0,True,482.342,"[2064, 2064, 2048, 2048, 2048, 2048, 2048, 2048]","[2048, 2048, 2048, 2048, 2048, 2048, 2048, 2048, 2048, 2048, 2048, 2048]","[2048, 2048, 2048, 2048, 2048, 2048, 2049, 2049]",266.0
1265,9929,43,15,2025-07-25T11:21:18.543000+00:00,31.356,51.868,29.169,315.0,202.0,False,112.393,"[2048, 2048, 2048, 2048, 2048, 2048, 2048, 2048]","[2048, 2048, 2048, 2048, 2048, 2048, 2048, 2048, 2048, 2048, 2048, 2048]","[2048, 2048, 2048, 2049, 2048, 2048, 2048, 2048]",311.0
1265,9929,10,16,2025-07-25T11:21:24.779000+00:00,30.548,44.813,28.568,335.0,212.0,False,103.929,"[2049, 2049, 2049, 2048, 2048, 2048, 2048, 2049]","[2048, 2049, 2049, 2049, 2049, 2049, 2049, 2049, 2049, 2049, 2049, 2049]","[2049, 2048, 2048, 2048, 2049, 2049, 2048, 2048]",310.0
1265,9929,27,15,2025-07-25T11:21:25.116000+00:00,,61.096,36.031,230.0,192.0,True,560.754,"[2064, 2064, 2048, 2048, 2048, 2048, 2048, 2048]","[2048, 2048, 2048, 2048, 2048, 2048, 2048, 2048, 2048, 2048, 2048, 2048]","[2048, 2048, 2048, 2048, 2048, 2048, 2048, 2049]",239.0
1265,9929,12,21,2025-07-25T11:21:33.183000+00:00,75.539,57.471,40.172,299.0,180.0,True,173.182,"[2064, 2064, 2048, 2048, 2048, 2048, 2048, 2048]","[2048, 2048, 2048, 2048, 2048, 2048, 2048, 2048, 2048, 2048, 2048, 2048]","[2048, 2048, 2048, 2048, 2048, 2048, 2049, 2049]",209.0
1265,9929,30,16,2025-07-25T11:21:40.081000+00:00,,57.703,37.622,283.0,155.0,True,1040.591,"[2064, 2064, 2048, 2048, 2048, 2048, 2048, 2048]","[2048, 2048, 2048, 2048, 2048, 2048, 2048, 2048, 2048, 2048, 2048, 2048]","[2048, 2048, 2048, 2048, 2048, 2048, 2049, 2049]",258.0
1265,9929,6,14,2025-07-25T11:21:47.472000+00:00,,57.112,36.185,305.0,156.0,True,1281.474,"[2064, 2064, 2048, 2048, 2048, 2048, 2048, 2048]","[2048, 2048, 2048, 2048, 2048, 2048, 2048, 2048, 2048, 2048, 2048, 2048]","[2048, 2048, 2048, 2048, 2048, 2048, 2049, 2049]",274.0
1265,9929,5,20,2025-07-25T11:21:49.331000+00:00,,61.442,36.493,308.0,164.0,True,466.866,"[2064, 2064, 2048, 2048, 2048, 2048, 2048, 2048]","[2048, 2048, 2048, 2048, 2048, 2048, 2048, 2048, 2048, 2048, 2048, 2048]","[2048, 2048, 2048, 2048, 2048, 2048, 2049, 2049]",256.0
1265,9929,44,19,2025-07-25T11:21:54.409000+00:00,,65.72,35.542,225.0,165.0,True,473.063,"[2064, 2064, 2048, 2048, 2048, 2048, 2048, 2048]","[2048, 2048, 2048, 2048, 2048, 2048, 2048, 2048, 2048, 2048, 2048, 2048]","[2048, 2048, 2048, 2048, 2048, 2048, 2049, 2049]",207.0
1265,9929,14,18,2025-07-25T11:21:58.048000+00:00,30.141,44.697,28.282,342.0,204.0,False,103.12,"[2048, 2051, 2049, 2049, 2048, 2048, 2049, 2049]","[2049, 2049, 2049, 2049, 2049, 2049, 2049, 2049, 2049, 2049, 2049, 2048]","[2049, 2049, 2049, 2049, 2049, 2048, 2048]",314.0
1265,9929,63,22,2025-07-25T11:22:01.604000+00:00,63.495,61.831,32.695,235.0,156.0,True,158.021,"[2064, 2064, 2048, 2048, 2048, 2048, 2048, 2048]","[2048, 2048, 2048, 2048, 2048, 2048, 2048, 2048, 2048, 2048, 2048, 2048]","[2048, 2048, 2048, 2048, 2048, 2048, 2049, 2049]",230.0
1265,9929,23,19,2025-07-25T11:22:05.934000+00:00,30.326,44.485,28.45,336.0,213.0,False,103.261,"[2049, 2049, 2049, 2048, 2048, 2048, 2048, 2048]","[2049, 2049, 2049, 2049, 2049, 2049, 2049, 2049, 2049, 2049, 2049, 2049]","[2049, 2048, 2048, 2048, 2048, 2049, 2048]",310.0
1265,9929,18,14,2025-07-25T11:22:22.799000+00:00,30.298,60.346,48.771,340.0,146.0,False,139.415,"[None, 2048, 2049, 2049, 2049, 2048, 2048, 2049]","[2049, 2048, 2049, 2051, 2048, 2048, 2048, 2048, 2048, 2048, 2048, 2048]","[2048, 2048, 2048, 2048, 2048, 2048, 2064, 2064]",313.0
1265,9929,4,17,2025-07-25T11:22:23.268000+00:00,,63.825,35.1,199.0,157.0,True,571.424,"[2064, 2064, 2048, 2048, 2048, 2048, 2048, 2048]","[2048, 2048, 2048, 2048, 2048, 2048, 2048, 2048, 2048, 2048, 2048, 2048]","[2048, 2048, 2048, 2048, 2048, 2048, 2049, 2049]",306.0
1265,9929,1,18,2025-07-25T11:22:34.825000+00:00,30.009,44.672,27.972,346.0,210.0,False,102.653,"[2049, 2049, 2048, 2051, 2049, 2048, 2049, 2051]","[2049, 2049, 2049, 2048, 2049, 2049, 2049, 2051, 2051, 2049, 2049, 2049]","[2049, 2049, 2049, 2049, 2051, 2049, 2048]",319.0
1265,9929,22,19,2025-07-25T11:22:43.100000+00:00,42.48,70.817,38.756,193.0,151.0,False,152.053,"[2049, 2048, 2048, 2048, 2048, 2048, 2048, 2048]","[2048, 2048, 2048, 2048, 2048, 2048, 2048, 2048, 2048, 2048, 2048, 2048]","[2048, 2048, 2048, 2048, 2048, 2048, 2049, 2048]",197.0
1265,9929,31,17,2025-07-25T11:22:48.822000+00:00,,65.251,32.474,230.0,175.0,True,458.606,"[2064, 2064, 2048, 2048, 2048, 2048, 2048, 2048]","[2048, 2048, 2048, 2048, 2048, 2048, 2048, 2048, 2048, 2048, 2048, 2048]","[2048, 2048, 2048, 2048, 2048, 2048, 2049, 2049]",208.0
1265,9929,87,17,2025-07-25T11:22:50.635000+00:00,,65.61,35.546,276.0,168.0,True,514.165,"[2064, 2064, 2048, 2048, 2048, 2048, 2048, 2048]","[2048, 2048, 2048, 2048, 2048, 2048, 2048, 2048, 2048, 2048, 2048, 2048]","[2048, 2048, 2048, 2048, 2048, 2048, 2049, 2049]",214.0
1265,9929,81,19,2025-07-25T11:22:52.260000+00:00,41.632,64.737,44.825,241.0,88.0,False,151.194,"[2048, 2048, 2048, 2048, 2048, 2048, 2048, 2048]","[2048, 2048, 2048, 2048, 2048, 2048, 2048, 2048, 2048, 2048, 2048, 2048]","[2048, 2048, 2048, 2048, 2048, 2048, 2064, 2064]",220.0
1265,9929,10,17,2025-07-25T11:23:08.684000+00:00,48.774,67.905,44.172,223.0,140.0,False,160.851,"[2048, 2048, 2048, 2048, 2048, 2048, 2048, 2048]","[2048, 2048, 2048, 2048, 2048, 2048, 2048, 2048, 2048, 2048, 2048, 2048]","[2048, 2048, 2048, 2048, 2048, 2048, 2048, 2048]",178.0
1265,9929,43,16,2025-07-25T11:23:10.904000+00:00,31.238,47.91,29.053,,200.0,False,108.201,"[None, 2048, 2048, 2048, 2048, 2048, 2048, 2048]","[2048, 2048, 2048, 2048, 2048, 2048, 2048, 2048, 2048, 2048, 2048, 2048]","[2048, 2048, 2048, 2048, 2048, 2048, 2049, 2048]",313.0
1265,9929,55,12,2025-07-25T11:23:23.450000+00:00,30.204,44.758,28.255,338.0,214.0,False,103.217,"[2049, 2049, 2049, 2049, 2049, 2049, 2049, 2049]","[2049, 2049, 2049, 2049, 2049, 2049, 2049, 2049, 2049, 2049, 2049, 2048]","[2049, 2049, 2049, 2049, 2049, 2048, 2048]",313.0
1265,9929,16,18,2025-07-25T11:23:31.003000+00:00,30.157,44.657,28.158,341.0,216.0,False,102.972,"[2049, 2049, 2049, 2049, 2049, 2049, 2049, 2049]","[2049, 2049, 2049, 2049, 2048, 2049, 2048, 2049, 2048, 2049, 2049, 2048]","[2049, 2049, 2049, 2049, 2048, 2051, 2048]",314.0
1265,9929,27,16,2025-07-25T11:23:37.601000+00:00,30.178,44.858,28.434,341.0,212.0,False,103.47,"[2049, 2049, 2049, 2049, 2049, 2049, 2049, 2049]","[2049, 2049, 2049, 2049, 2049, 2049, 2049, 2049, 2049, 2049, 2049, 2049]","[2048, 2048, 2048, 2049, 2049, 2049, 2048]",316.0
1265,9929,14,19,2025-07-25T11:23:41.054000+00:00,49.158,62.908,43.002,187.0,171.0,False,155.068,"[None, 2048, 2048, 2048, 2048, 2048, 2048, 2048]","[2048, 2048, 2048, 2048, 2048, 2048, 2048, 2048, 2048, 2048, 2048, 2048]","[2048, 2048, 2048, 2048, 2048, 2048, 2064, 2064]",261.0
1265,9929,12,22,2025-07-25T11:23:43.398000+00:00,30.13,44.888,27.961,341.0,214.0,False,102.979,"[2049, 2049, 2049, 2049, 2049, 2049, 2049, 2049]","[2049, 2049, 2049, 2049, 2051, 2049, 2049, 2049, 2049, 2049, 2048, 2049]","[2049, 2049, 2049, 2049, 2048, 2051, 2048, 2048]",317.0
1265,9929,30,17,2025-07-25T11:23:47.824000+00:00,30.637,44.595,28.246,334.0,217.0,False,103.478,"[2049, 2049, 2049, 2048, 2048, 2048, 2049, 2049]","[2049, 2049, 2049, 2049, 2049, 2049, 2049, 2049, 2049, 2049, 2049, 2049]","[2049, 2049, 2049, 2049, 2048, 2048, 2049, 2049]",314.0
1265,9929,23,20,2025-07-25T11:23:48.965000+00:00,51.077,74.875,44.432,102.0,175.0,False,170.384,"[2048, 2048, 2048, 2048, 2048, 2048, 2048, 2048]","[2048, 2048, 2048, 2048, 2048, 2048, 2048, 2048, 2048, 2048, 2048, 2048]","[2048, 2048, 2048, 2048, 2048, 2048, 2048, 2048]",199.0
1265,9929,6,15,2025-07-25T11:23:54.765000+00:00,30.383,44.418,28.321,336.0,212.0,False,103.122,"[2049, 2049, 2049, 2048, 2048, 2048, 2048, 2049]","[2049, 2049, 2049, 2049, 2049, 2049, 2049, 2049, 2049, 2049, 2049, 2049]","[2049, 2048, 2048, 2048, 2048, 2049, 2048, 2048]",313.0
1265,9929,5,21,2025-07-25T11:24:01.501000+00:00,30.023,45.006,28.233,344.0,216.0,False,103.262,"[2049, 2049, 2049, 2049, 2049, 2049, 2049, 2049]","[2049, 2049, 2049, 2049, 2049, 2049, 2049, 2049, 2048, 2049, 2051, 2049]","[2049, 2049, 2049, 2049, 2049, 2049, 2048, 2048]",318.0
1265,9929,63,23,2025-07-25T11:24:11.642000+00:00,30.038,44.544,28.016,340.0,217.0,False,102.598,"[2049, 2049, 2051, 2051, 2048, 2048, 2048, 2048]","[2049, 2049, 2049, 2049, 2048, 2049, 2049, 2049, 2049, 2049, 2049, 2049]","[2051, 2049, 2049, 2049, 2048, 2049, 2048, 2048]",316.0
1265,9929,44,20,2025-07-25T11:24:16.246000+00:00,30.255,44.507,28.323,339.0,211.0,False,103.085,"[2051, 2051, 2049, 2049, 2049, 2049, 2049, 2049]","[2049, 2049, 2049, 2049, 2049, 2049, 2049, 2048, 2048, 2048, 2049, 2049]","[2049, 2049, 2049, 2049, 2049, 2049, 2048, 2048]",310.0
1265,9929,1,19,2025-07-25T11:24:17.382000+00:00,61.925,82.627,42.65,120.0,154.0,False,187.202,"[2048, 2048, 2048, 2048, 2048, 2048, 2048, 2048]","[2048, 2048, 2048, 2048, 2048, 2048, 2048, 2048, 2048, 2048, 2048, 2048]","[2048, 2048, 2048, 2048, 2048, 2048, 2064, 2064]",154.0
1265,9929,4,18,2025-07-25T11:24:43.234000+00:00,30.305,43.881,28.988,335.0,155.0,False,103.174,"[2049, 2049, 2049, 2049, 2048, 2049, 2049, 2048]","[2048, 2051, 2051, 2051, 2049, 2049, 2051, 2049, 2049, 2049, 2051, 2048]","[2048, 2048, 2048, 2048, 2048, 2049, 2048, 2048]",313.0
1265,9929,43,17,2025-07-25T11:24:59.195000+00:00,31.283,48.673,29.876,,195.0,False,109.832,"[None, 2048, 2048, 2048, 2048, 2049, 2048, 2048]","[2048, 2048, 2048, 2048, 2048, 2048, 2048, 2048, 2048, 2048, 2048, 2048]","[2048, 2048, 2048, 2048, 2048, 2048, 2048, 2048]",
1265,9929,31,18,2025-07-25T11:25:04.358000+00:00,30.378,44.815,28.377,333.0,202.0,False,103.57,"[2049, 2049, 2049, 2049, 2049, 2049, 2049, 2049]","[2048, 2049, 2048, 2049, 2049, 2049, 2049, 2049, 2049, 2048, 2049, 2048]","[2048, 2049, 2049, 2049, 2049, 2048, 2048, 2048]",312.0
1265,9929,55,13,2025-07-25T11:25:06.655000+00:00,55.022,82.61,52.083,151.0,122.0,False,189.715,"[2048, 2048, 2048, 2048, 2048, 2048, 2048, 2048]","[2048, 2048, 2048, 2048, 2048, 2048, 2048, 2048, 2048, 2048, 2048, 2048]","[2048, 2048, 2048, 2048, 2048, 2048, 2048, 2048]",194.0
1265,9929,87,18,2025-07-25T11:25:09.224000+00:00,30.252,,,341.0,,False,129.472,"[2049, 2049, 2049, 2049, 2049, 2049, 2049, 2049]","[2049, 2049, 2049, 2049, 2049, 2049, 2049, 2049, 2049, 2049, 2049]","[None, 2048, 2048, 2048, 2048, 2048, 2048, 2048]",315.0
1265,9929,16,19,2025-07-25T11:25:13.978000+00:00,54.92,86.716,53.433,146.0,125.0,False,195.069,"[2048, 2048, 2048, 2048, 2048, 2048, 2048, 2048]","[2048, 2048, 2048, 2048, 2048, 2048, 2048, 2048, 2048, 2048, 2048, 2048]","[2048, 2048, 2048, 2048, 2048, 2048, 2048, 2049]",167.0
1265,9929,22,20,2025-07-25T11:25:15.181000+00:00,30.283,45.221,44.684,339.0,206.0,False,120.188,"[None, 2048, 2048, 2048, 2048, 2048, 2048, 2049]","[2049, 2048, 2049, 2049, 2049, 2049, 2049, 2049, 2049, 2049, 2049, 2049]","[2048, 2048, 2048, 2048, 2048, 2048, 2048, 2048]",317.0
1265,9929,27,17,2025-07-25T11:25:20.869000+00:00,52.767,83.127,69.434,155.0,122.0,False,205.328,"[2048, 2048, 2048, 2048, 2048, 2048, 2048, 2048]","[2048, 2048, 2048, 2048, 2048, 2048, 2048, 2048, 2048, 2048, 2048, 2048]","[2048, 2048, 2048, 2048, 2048, 2048, 2048, 2048]",168.0
1265,9929,12,23,2025-07-25T11:25:26.337000+00:00,36.297,61.926,40.022,257.0,163.0,False,138.245,"[2048, 2048, 2048, 2048, 2048, 2048, 2048, 2048]","[2048, 2048, 2048, 2048, 2048, 2048, 2048, 2048, 2048, 2048, 2048, 2048]","[2048, 2048, 2048, 2048, 2048, 2048, 2064, 2064]",253.0
1265,9929,30,18,2025-07-25T11:25:31.259000+00:00,49.481,80.206,39.792,156.0,110.0,False,169.479,"[2048, 2048, 2048, 2048, 2048, 2048, 2048, 2048]","[2048, 2048, 2048, 2048, 2048, 2048, 2048, 2048, 2048, 2048, 2048, 2048]","[2048, 2048, 2048, 2048, 2048, 2048, 2049, 2049]",183.0
1265,9929,6,16,2025-07-25T11:25:37.905000+00:00,46.417,81.65,54.352,209.0,116.0,False,182.419,"[2048, 2048, 2048, 2048, 2048, 2048, 2048, 2048]","[2048, 2048, 2048, 2048, 2048, 2048, 2048, 2048, 2048, 2048, 2048, 2048]","[2048, 2048, 2048, 2048, 2048, 2048, 2048, 2049]",207.0
1265,9929,5,22,2025-07-25T11:25:44.620000+00:00,47.911,91.866,48.628,134.0,143.0,False,188.405,"[2048, 2048, 2048, 2048, 2048, 2048, 2048, 2048]","[2048, 2048, 2048, 2048, 2048, 2048, 2048, 2048, 2048, 2048, 2048, 2048]","[2048, 2048, 2048, 2048, 2048, 2048, 2048, 2049]",211.0
1265,9929,10,18,2025-07-25T11:25:49.662000+00:00,48.471,74.288,42.093,195.0,139.0,False,164.852,"[None, 2048, 2048, 2048, 2048, 2048, 2048, 2048]","[2048, 2048, 2048, 2048, 2048, 2048, 2048, 2048, 2048, 2048, 2048, 2048]","[2048, 2048, 2048, 2048, 2048, 2048, 2048, 2048]",181.0
1265,9929,63,24,2025-07-25T11:25:54.304000+00:00,42.073,75.552,48.015,240.0,127.0,False,165.64,"[2048, 2048, 2048, 2048, 2048, 2048, 2048, 2048]","[2048, 2048, 2048, 2048, 2048, 2048, 2048, 2048, 2048, 2048, 2048, 2048]","[2048, 2048, 2048, 2048, 2048, 2048, 2064, 2064]",213.0
1265,9929,44,21,2025-07-25T11:25:59.323000+00:00,67.495,,52.366,123.0,101.0,False,224.862,"[2048, 2048, 2048, 2048, 2048, 2048, 2048, 2048]","[2048, 2048, 2048, 2048, 2048, 2048, 2048, 2048, 2048, 2048, 2048, 2048]","[2048, 2048, 2048, 2048, 2048, 2048, 2049, 2049]",118.0
1265,9929,4,19,2025-07-25T11:26:26.394000+00:00,49.397,84.82,49.316,181.0,102.0,False,183.533,"[2048, 2048, 2048, 2048, 2048, 2048, 2048, 2048]","[2048, 2048, 2048, 2048, 2048, 2048, 2048, 2048, 2048, 2048, 2048, 2048]","[2048, 2048, 2048, 2048, 2048, 2048, 2048, 2048]",159.0
1265,9929,23,21,2025-07-25T11:26:39.520000+00:00,44.934,71.821,33.975,224.0,146.0,False,150.73,"[None, 2048, 2048, 2048, 2048, 2048, 2048, 2048]","[2048, 2048, 2048, 2048, 2048, 2048, 2048, 2048, 2048, 2048, 2048, 2048]","[2048, 2048, 2048, 2048, 2048, 2048, 2048, 2049]",264.0
1265,9929,31,19,2025-07-25T11:26:47.913000+00:00,54.006,83.294,43.424,148.0,153.0,False,180.724,"[2048, 2048, 2048, 2048, 2048, 2048, 2048, 2048]","[2048, 2048, 2048, 2048, 2048, 2048, 2048, 2048, 2048, 2048, 2048, 2048]","[2048, 2048, 2048, 2048, 2048, 2048, 2048, 2048]",192.0
1265,9929,43,18,2025-07-25T11:26:49.053000+00:00,31.425,48.111,29.352,314.0,192.0,False,108.888,"[None, 2048, 2048, 2048, 2048, 2049, 2048, 2048]","[2048, 2048, 2048, 2048, 2048, 2048, 2048, 2048, 2048, 2048, 2048, 2048]","[2048, 2048, 2048, 2048, 2048, 2048, 2048, 2048]",
1265,9929,22,21,2025-07-25T11:27:15.390000+00:00,59.144,79.712,34.539,142.0,137.0,False,173.395,"[2048, 2048, 2048, 2048, 2048, 2048, 2048, 2048]","[2048, 2048, 2048, 2048, 2048, 2048, 2048, 2048, 2048, 2048, 2048, 2048]","[2048, 2048, 2048, 2048, 2048, 2048, 2048, 2048]",151.0
1265,9929,81,20,2025-07-25T11:27:15.505000+00:00,,65.698,43.935,306.0,152.0,True,254.487,"[2064, 2064, 2048, 2048, 2048, 2048, 2048, 2048]","[2048, 2048, 2048, 2048, 2048, 2048, 2048, 2048, 2048, 2048, 2048, 2048]","[2048, 2048, 2048, 2048, 2048, 2048, 2048, 2048]",237.0
1265,9929,87,19,2025-07-25T11:27:18.604000+00:00,50.906,71.04,37.778,193.0,180.0,False,159.724,"[2048, 2048, 2048, 2048, 2048, 2048, 2048, 2048]","[2048, 2048, 2048, 2048, 2048, 2048, 2048, 2048, 2048, 2048, 2048, 2048]","[2048, 2048, 2048, 2048, 2048, 2048, 2048, 2049]",225.0
1265,9929,1,20,2025-07-25T11:27:46.947000+00:00,56.052,59.418,35.16,219.0,177.0,True,150.63,"[2064, 2064, 2048, 2048, 2048, 2048, 2048, 2048]","[2048, 2048, 2048, 2048, 2048, 2048, 2048, 2048, 2048, 2048, 2048, 2048]","[2048, 2048, 2048, 2048, 2048, 2048, 2051, 2051]",222.0
1265,9929,55,14,2025-07-25T11:28:16.468000+00:00,30.494,62.348,44.342,337.0,152.0,False,137.184,"[None, 2048, 2048, 2048, 2048, 2048, 2048, 2048]","[2049, 2048, 2048, 2048, 2048, 2048, 2048, 2048, 2048, 2048, 2048, 2048]","[2048, 2048, 2048, 2048, 2048, 2048, 2048, 2048]",310.0
1265,9929,30,19,2025-07-25T11:28:20.706000+00:00,30.673,62.249,41.513,338.0,173.0,False,134.435,"[None, 2049, 2048, 2048, 2048, 2048, 2049, 2049]","[2049, 2048, 2048, 2048, 2048, 2048, 2048, 2048, 2048, 2048, 2048, 2048]","[2048, 2048, 2048, 2048, 2048, 2048, 2048, 2048]",313.0
1265,9929,16,20,2025-07-25T11:28:29.148000+00:00,30.331,44.421,28.176,341.0,217.0,False,102.928,"[None, 2048, 2048, 2048, 2048, 2048, 2048, 2048]","[2048, 2048, 2049, 2049, 2049, 2049, 2048, 2048, 2049, 2048, 2049, 2049]","[2049, 2049, 2048, 2048, 2048, 2049, 2048]",313.0
1265,9929,10,19,2025-07-25T11:28:34.443000+00:00,30.591,46.575,28.773,334.0,205.0,False,105.939,"[None, 2049, 2048, 2048, 2048, 2048, 2048, 2048]","[2048, 2048, 2048, 2048, 2048, 2048, 2048, 2048, 2048, 2048, 2048, 2048]","[2048, 2048, 2048, 2048, 2048, 2048, 2048, 2048]",309.0
1265,9929,43,19,2025-07-25T11:28:37.904000+00:00,31.219,48.42,29.223,318.0,199.0,False,108.862,"[None, 2048, 2048, 2048, 2048, 2048, 2048, 2048]","[2048, 2048, 2048, 2048, 2048, 2048, 2048, 2048, 2048, 2048, 2048, 2048]","[2048, 2048, 2049, 2048, 2048, 2048, 2048, 2048]",315.0
1265,9929,6,17,2025-07-25T11:28:40.317000+00:00,30.492,48.096,29.247,341.0,202.0,False,107.835,"[None, 2048, 2048, 2048, 2048, 2048, 2048, 2049]","[2048, 2048, 2048, 2048, 2048, 2048, 2048, 2048, 2048, 2048, 2048, 2048]","[2048, 2048, 2048, 2048, 2048, 2048, 2048, 2048]",314.0
1265,9929,27,18,2025-07-25T11:28:46.395000+00:00,30.503,44.729,28.241,341.0,214.0,False,103.473,"[None, 2048, 2048, 2048, 2048, 2048, 2048, 2048]","[2048, 2048, 2049, 2049, 2048, 2049, 2049, 2048, 2049, 2049, 2049, 2049]","[2049, 2049, 2049, 2048, 2049, 2048, 2049, 2048]",315.0
1265,9929,5,23,2025-07-25T11:28:53.192000+00:00,30.277,45.167,28.337,342.0,215.0,False,103.781,"[None, 2048, 2048, 2048, 2048, 2048, 2048, 2048]","[2049, 2048, 2048, 2048, 2049, 2048, 2048, 2048, 2049, 2049, 2048, 2049]","[2049, 2049, 2048, 2048, 2048, 2048, 2048, 2048]",314.0
1265,9929,23,22,2025-07-25T11:29:10.207000+00:00,30.394,44.372,28.551,333.0,213.0,False,103.317,"[2049, 2048, 2049, 2048, 2048, 2048, 2048, 2048]","[2048, 2048, 2048, 2049, 2048, 2049, 2049, 2049, 2048, 2049, 2049, 2049]","[2049, 2048, 2048, 2048, 2048, 2049, 2048, 2048]",310.0
1265,9929,63,25,2025-07-25T11:29:12.878000+00:00,83.21,62.997,40.359,288.0,150.0,True,186.566,"[2064, 2064, 2048, 2048, 2048, 2048, 2048, 2048]","[2048, 2048, 2048, 2048, 2048, 2048, 2048, 2048, 2048, 2048, 2048, 2048]","[2048, 2048, 2048, 2048, 2048, 2048, 2048, 2048]",268.0
1265,9929,18,15,2025-07-25T11:29:18.207000+00:00,,49.91,32.78,303.0,199.0,True,392.986,"[2064, 2064, 2048, 2048, 2048, 2048, 2048, 2048]","[2048, 2048, 2048, 2048, 2048, 2048, 2048, 2048, 2048, 2048, 2048, 2048]","[2048, 2048, 2048, 2048, 2048, 2048, 2048, 2048]",259.0
1265,9929,4,20,2025-07-25T11:29:29.861000+00:00,30.506,43.726,28.294,334.0,215.0,False,102.526,"[None, 2048, 2049, 2049, 2048, 2048, 2048, 2048]","[2049, 2048, 2048, 2048, 2048, 2048, 2048, 2048, 2049, 2049, 2048, 2049]","[2049, 2049, 2048, 2048, 2048, 2048, 2048]",313.0
1265,9929,81,21,2025-07-25T11:29:38.096000+00:00,30.207,43.604,28.211,340.0,217.0,False,102.022,"[2049, 2049, 2049, 2049, 2048, 2048, 2049, 2049]","[2048, 2048, 2048, 2048, 2048, 2051, 2049, 2049, 2049, 2051, 2049, 2048]","[2048, 2049, 2049, 2048, 2048, 2049, 2048, 2048]",313.0
1265,9929,14,20,2025-07-25T11:29:38.927000+00:00,,53.065,30.516,267.0,192.0,True,315.066,"[2064, 2064, 2048, 2048, 2048, 2048, 2048, 2048]","[2048, 2048, 2048, 2048, 2048, 2048, 2048, 2048, 2048, 2048, 2048, 2048]","[2048, 2048, 2048, 2048, 2048, 2048, 2048, 2048]",291.0
1265,9929,44,22,2025-07-25T11:29:44.237000+00:00,30.477,47.696,33.999,338.0,206.0,False,112.172,"[None, 2048, 2048, 2048, 2048, 2048, 2048, 2048]","[2048, 2048, 2048, 2048, 2048, 2048, 2048, 2048, 2048, 2048, 2048, 2048]","[2048, 2048, 2048, 2048, 2048, 2048, 2048, 2048]",308.0
1265,9929,31,20,2025-07-25T11:29:48.677000+00:00,30.476,44.689,31.129,336.0,213.0,False,106.294,"[None, 2048, 2048, 2049, 2048, 2048, 2048, 2049]","[2049, 2048, 2048, 2049, 2048, 2049, 2048, 2048, 2048, 2049, 2048, 2048]","[2049, 2048, 2048, 2048, 2048, 2048, 2048, 2048]",310.0
1265,9929,1,21,2025-07-25T11:29:55.427000+00:00,29.916,44.485,28.025,345.0,211.0,False,102.426,"[2051, 2049, 2049, 2048, 2048, 2048, 2048, 2048]","[2049, 2049, 2048, 2048, 2048, 2049, 2049, 2051, 2051, 2048, 2049, 2049]","[2048, 2051, 2049, 2048, 2048, 2049, 2048, 2048]",318.0
1265,9929,87,20,2025-07-25T11:29:58.396000+00:00,30.171,52.826,32.314,345.0,188.0,False,115.311,"[2049, 2048, 2049, 2049, 2049, 2049, 2049, 2049]","[2048, 2048, 2048, 2048, 2048, 2048, 2048, 2048, 2048, 2048, 2048, 2048]","[2048, 2048, 2048, 2048, 2048, 2048, 2048, 2048]",315.0
1265,9929,22,22,2025-07-25T11:30:08.740000+00:00,30.058,45.22,38.602,341.0,211.0,False,113.88,"[None, 2048, 2048, 2050, 2048, 2048, 2048, 2048]","[2048, 2048, 2048, 2048, 2048, 2048, 2048, 2048, 2048, 2048, 2048, 2048]","[2048, 2048, 2048, 2048, 2048, 2048, 2048, 2048]",319.0
1265,9929,16,21,2025-07-25T11:30:11.896000+00:00,38.872,63.755,43.217,198.0,165.0,False,145.844,"[None, 2048, 2048, 2048, 2048, 2048, 2048, 2048]","[2048, 2048, 2048, 2048, 2048, 2048, 2048, 2048, 2048, 2048, 2048, 2048]","[2048, 2048, 2048, 2048, 2048, 2048, 2048, 2048]",222.0
1265,9929,10,20,2025-07-25T11:30:20.367000+00:00,36.423,61.774,42.026,273.0,164.0,False,140.223,"[None, 2048, 2048, 2048, 2048, 2048, 2048, 2048]","[2048, 2048, 2048, 2048, 2048, 2048, 2048, 2048, 2048, 2048, 2048, 2048]","[2048, 2048, 2048, 2048, 2048, 2048, 2048, 2048]",236.0
1265,9929,43,20,2025-07-25T11:30:26.800000+00:00,40.923,63.611,46.935,200.0,163.0,False,151.469,"[None, 2048, 2048, 2048, 2048, 2048, 2048, 2048]","[2048, 2048, 2048, 2048, 2048, 2048, 2048, 2048, 2048, 2048, 2048, 2048]","[2048, 2048, 2048, 2048, 2048, 2048, 2048, 2048]",204.0
1265,9929,6,18,2025-07-25T11:30:28.071000+00:00,41.806,66.331,46.665,208.0,147.0,False,154.802,"[None, 2048, 2048, 2048, 2048, 2048, 2048, 2048]","[2048, 2048, 2048, 2048, 2048, 2048, 2048, 2048, 2048, 2048, 2048, 2048]","[2048, 2048, 2048, 2048, 2048, 2048, 2048, 2048]",190.0
1265,9929,27,19,2025-07-25T11:30:29.825000+00:00,41.94,67.264,51.136,222.0,169.0,False,160.34,"[None, 2048, 2048, 2048, 2048, 2048, 2048, 2048]","[2048, 2048, 2048, 2048, 2048, 2048, 2048, 2048, 2048, 2048, 2048, 2048]","[2048, 2048, 2048, 2048, 2048, 2048, 2048, 2048]",244.0
1265,9929,55,15,2025-07-25T11:30:33.664000+00:00,43.712,63.18,44.087,214.0,150.0,False,150.979,"[None, 2048, 2048, 2048, 2048, 2048, 2048, 2048]","[2048, 2048, 2048, 2048, 2048, 2048, 2048, 2048, 2048, 2048, 2048, 2048]","[2048, 2048, 2048, 2048, 2048, 2048, 2048, 2048]",216.0
1265,9929,30,20,2025-07-25T11:30:35.207000+00:00,46.856,62.523,48.105,171.0,184.0,False,157.484,"[None, 2048, 2048, 2048, 2048, 2048, 2048, 2048]","[2048, 2048, 2048, 2048, 2048, 2048, 2048, 2048, 2048, 2048, 2048, 2048]","[2048, 2048, 2048, 2048, 2048, 2048, 2048, 2048]",206.0
1265,9929,5,24,2025-07-25T11:30:36.926000+00:00,47.416,70.109,48.133,256.0,145.0,False,165.658,"[None, 2048, 2048, 2048, 2048, 2048, 2048, 2048]","[2048, 2048, 2048, 2048, 2048, 2048, 2048, 2048, 2048, 2048, 2048, 2048]","[2048, 2048, 2048, 2048, 2048, 2048, 2048, 2048]",185.0
1265,9929,23,23,2025-07-25T11:30:53.529000+00:00,40.763,65.736,50.803,232.0,149.0,False,157.302,"[2048, 2048, 2048, 2048, 2048, 2048, 2048, 2048]","[2048, 2048, 2048, 2048, 2048, 2048, 2048, 2048, 2048, 2048, 2048, 2048]","[2048, 2048, 2048, 2048, 2048, 2048, 2048, 2048]",218.0
1265,9929,4,21,2025-07-25T11:31:12.236000+00:00,42.737,62.271,44.372,164.0,165.0,False,149.38,"[None, 2048, 2048, 2048, 2048, 2048, 2048, 2048]","[2048, 2048, 2048, 2048, 2048, 2048, 2048, 2048, 2048, 2048, 2048, 2048]","[2048, 2048, 2048, 2048, 2048, 2048, 2048]",204.0
1265,9929,18,16,2025-07-25T11:31:14.993000+00:00,39.024,53.43,47.16,290.0,190.0,False,139.614,"[2048, 2048, 2048, 2048, 2048, 2048, 2048, 2048]","[2048, 2048, 2048, 2048, 2048, 2048, 2048, 2048, 2048, 2048, 2048, 2048]","[2048, 2048, 2048, 2048, 2048, 2048, 2048, 2048]",215.0
1265,9929,81,22,2025-07-25T11:31:19.915000+00:00,42.81,63.262,55.488,225.0,141.0,False,161.56,"[2048, 2048, 2048, 2048, 2048, 2048, 2048, 2048]","[2048, 2048, 2048, 2048, 2048, 2048, 2048, 2048, 2048, 2048, 2048, 2048]","[2048, 2048, 2048, 2048, 2048, 2048, 2048, 2048]",201.0
1265,9929,14,21,2025-07-25T11:31:31.352000+00:00,35.443,59.921,41.163,222.0,120.0,False,136.527,"[2048, 2048, 2048, 2048, 2048, 2048, 2048, 2048]","[2048, 2048, 2048, 2048, 2048, 2048, 2048, 2048, 2048, 2048, 2048, 2048]","[2048, 2048, 2048, 2048, 2048, 2048, 2048, 2048]",258.0
1265,9929,31,21,2025-07-25T11:31:34.993000+00:00,48.907,66.18,44.759,184.0,183.0,False,159.846,"[None, 2048, 2048, 2048, 2048, 2048, 2048, 2048]","[2048, 2048, 2048, 2048, 2048, 2048, 2048, 2048, 2048, 2048, 2048, 2048]","[2048, 2048, 2048, 2048, 2048, 2048, 2048, 2048]",186.0
1265,9929,44,23,2025-07-25T11:31:36.399000+00:00,61.656,64.612,43.976,159.0,204.0,False,170.244,"[None, 2048, 2048, 2048, 2048, 2048, 2048, 2048]","[2048, 2048, 2048, 2048, 2048, 2048, 2048, 2048, 2048, 2048, 2048, 2048]","[2048, 2048, 2048, 2048, 2048, 2048, 2048, 2048]",139.0
1265,9929,1,22,2025-07-25T11:31:37.774000+00:00,55.94,65.878,40.369,182.0,165.0,False,162.187,"[2048, 2048, 2048, 2048, 2048, 2048, 2048, 2048]","[2048, 2048, 2048, 2048, 2048, 2048, 2048, 2048, 2048, 2048, 2048, 2048]","[2048, 2048, 2048, 2048, 2048, 2048, 2048, 2048]",136.0
1265,9929,63,26,2025-07-25T11:31:46.493000+00:00,46.946,57.014,39.916,259.0,178.0,False,143.876,"[2048, 2048, 2048, 2048, 2048, 2048, 2048, 2048]","[2048, 2048, 2048, 2048, 2048, 2048, 2048, 2048, 2048, 2048, 2048, 2048]","[2048, 2048, 2048, 2048, 2048, 2048, 2048, 2048]",196.0
1265,9929,87,21,2025-07-25T11:31:53.587000+00:00,42.704,65.09,43.53,208.0,165.0,False,151.324,"[2048, 2048, 2048, 2048, 2048, 2048, 2048, 2048]","[2048, 2048, 2048, 2048, 2048, 2048, 2048, 2048, 2048, 2048, 2048, 2048]","[2048, 2048, 2048, 2048, 2048, 2048, 2048, 2048]",199.0
1265,9929,22,23,2025-07-25T11:32:02.759000+00:00,59.266,71.044,42.682,173.0,152.0,False,172.992,"[None, 2048, 2048, 2048, 2048, 2048, 2048, 2048]","[2048, 2048, 2048, 2048, 2048, 2048, 2048, 2048, 2048, 2048, 2048, 2048]","[2048, 2048, 2048, 2048, 2048, 2048, 2064, 2064]",204.0
1265,9929,16,22,2025-07-25T11:32:37.842000+00:00,53.114,52.228,33.906,321.0,208.0,False,139.248,"[None, 2048, 2048, 2048, 2048, 2048, 2048, 2048]","[2048, 2048, 2048, 2048, 2048, 2048, 2048, 2048, 2048, 2048, 2048, 2048]","[2048, 2048, 2048, 2048, 2048, 2048, 2064, 2064]",310.0
1265,9929,10,21,2025-07-25T11:32:40.668000+00:00,55.151,48.887,35.32,314.0,191.0,False,139.358,"[None, 2048, 2048, 2048, 2048, 2048, 2048, 2048]","[2048, 2048, 2048, 2048, 2048, 2048, 2048, 2048, 2048, 2048, 2048, 2048]","[2048, 2048, 2048, 2048, 2048, 2048, 2064, 2064]",310.0
1265,9929,43,21,2025-07-25T11:32:58.278000+00:00,52.821,48.272,34.081,317.0,198.0,False,135.174,"[None, 2048, 2048, 2048, 2048, 2048, 2048, 2048]","[2048, 2048, 2048, 2048, 2048, 2048, 2048, 2048, 2048, 2048, 2048, 2048]","[2048, 2048, 2048, 2048, 2048, 2048, 2064, 2064]",312.0
1265,9929,6,19,2025-07-25T11:33:02.934000+00:00,52.018,45.717,37.22,327.0,212.0,False,134.955,"[None, 2048, 2048, 2048, 2048, 2048, 2048, 2048]","[2048, 2048, 2048, 2048, 2048, 2048, 2048, 2048, 2048, 2048, 2048, 2048]","[2048, 2048, 2048, 2048, 2048, 2048, 2064, 2064]",310.0
1265,9929,55,16,2025-07-25T11:33:04.622000+00:00,66.232,60.721,75.916,242.0,157.0,False,202.869,"[None, 2048, 2048, 2048, 2048, 2048, 2048, 2048]","[2048, 2048, 2048, 2048, 2048, 2048, 2048, 2048, 2048, 2048, 2048, 2048]","[2048, 2048, 2048, 2048, 2048, 2048, 2064, 2064]",255.0
1265,9929,27,20,2025-07-25T11:33:10.231000+00:00,59.665,49.086,35.892,299.0,203.0,False,144.643,"[None, 2048, 2048, 2048, 2048, 2048, 2048, 2048]","[2048, 2048, 2048, 2048, 2048, 2048, 2048, 2048, 2048, 2048, 2048, 2048]","[2048, 2048, 2048, 2048, 2048, 2048, 2064, 2064]",266.0
1265,9929,30,21,2025-07-25T11:33:12.721000+00:00,59.807,58.284,44.616,325.0,161.0,False,162.707,"[None, 2048, 2048, 2048, 2048, 2048, 2048, 2048]","[2048, 2048, 2048, 2048, 2048, 2048, 2048, 2048, 2048, 2048, 2048, 2048]","[2048, 2048, 2048, 2048, 2048, 2048, 2064, 2064]",310.0
1265,9929,5,25,2025-07-25T11:33:22.630000+00:00,55.076,62.007,41.432,196.0,191.0,False,158.515,"[None, 2048, 2048, 2048, 2048, 2048, 2048, 2048]","[2048, 2048, 2048, 2048, 2048, 2048, 2048, 2048, 2048, 2048, 2048, 2048]","[2048, 2048, 2048, 2048, 2048, 2048, 2064, 2064]",307.0
1265,9929,23,24,2025-07-25T11:33:30.896000+00:00,55.926,53.748,39.024,296.0,130.0,False,148.698,"[None, 2048, 2048, 2048, 2048, 2048, 2048, 2048]","[2048, 2048, 2048, 2048, 2048, 2048, 2048, 2048, 2048, 2048, 2048, 2048]","[2048, 2048, 2048, 2048, 2048, 2048, 2064, 2064]",255.0
1265,9929,18,17,2025-07-25T11:33:34.599000+00:00,53.642,55.672,39.512,221.0,154.0,False,148.826,"[None, 2048, 2048, 2048, 2048, 2048, 2048, 2048]","[2048, 2048, 2048, 2048, 2048, 2048, 2048, 2048, 2048, 2048, 2048, 2048]","[2048, 2048, 2048, 2048, 2048, 2048, 2064, 2064]",313.0
1265,9929,4,22,2025-07-25T11:33:41.668000+00:00,61.157,51.351,46.37,310.0,159.0,False,158.878,"[None, 2048, 2048, 2048, 2048, 2048, 2048, 2048]","[2048, 2048, 2048, 2048, 2048, 2048, 2048, 2048, 2048, 2048, 2048, 2048]","[2048, 2048, 2048, 2048, 2048, 2048, 2064, 2064]",307.0
1265,9929,14,22,2025-07-25T11:33:47.867000+00:00,61.871,48.739,40.933,322.0,177.0,False,151.543,"[None, 2048, 2048, 2048, 2048, 2048, 2048, 2048]","[2048, 2048, 2048, 2048, 2048, 2048, 2048, 2048, 2048, 2048, 2048, 2048]","[2048, 2048, 2048, 2048, 2048, 2048, 2064, 2064]",312.0
1265,9929,81,23,2025-07-25T11:34:01.625000+00:00,60.944,60.025,42.419,235.0,150.0,False,163.388,"[None, 2048, 2048, 2048, 2048, 2048, 2048, 2048]","[2048, 2048, 2048, 2048, 2048, 2048, 2048, 2048, 2048, 2048, 2048, 2048]","[2048, 2048, 2048, 2048, 2048, 2048, 2064, 2064]",248.0
1265,9929,63,27,2025-07-25T11:34:10.369000+00:00,59.514,53.936,36.173,324.0,178.0,False,149.623,"[None, 2048, 2048, 2048, 2048, 2048, 2048, 2048]","[2048, 2048, 2048, 2048, 2048, 2048, 2048, 2048, 2048, 2048, 2048, 2048]","[2048, 2048, 2048, 2048, 2048, 2048, 2064, 2064]",313.0
1265,9929,31,22,2025-07-25T11:34:14.850000+00:00,51.687,68.805,40.978,321.0,159.0,False,161.47,"[None, 2048, 2048, 2048, 2049, 2048, 2048, 2048]","[2048, 2048, 2048, 2048, 2048, 2048, 2048, 2048, 2048, 2048, 2048, 2048]","[2048, 2048, 2048, 2048, 2048, 2048, 2064, 2064]",310.0
1265,9929,1,23,2025-07-25T11:34:19.998000+00:00,56.45,62.873,40.379,235.0,149.0,False,159.702,"[None, 2048, 2048, 2048, 2048, 2048, 2048, 2048]","[2048, 2048, 2048, 2048, 2048, 2048, 2048, 2048, 2048, 2048, 2048, 2048]","[2048, 2048, 2048, 2048, 2048, 2048, 2064, 2064]",305.0
1265,9929,87,22,2025-07-25T11:34:24.949000+00:00,50.444,65.326,50.782,319.0,131.0,False,166.552,"[None, 2048, 2048, 2050, 2048, 2048, 2048, 2048]","[2048, 2048, 2048, 2048, 2048, 2048, 2048, 2048, 2048, 2048, 2048, 2048]","[2048, 2048, 2048, 2048, 2048, 2048, 2064, 2064]",310.0
1265,9929,44,24,2025-07-25T11:34:26.569000+00:00,50.969,48.98,34.024,318.0,213.0,False,133.973,"[None, 2048, 2048, 2048, 2048, 2048, 2048, 2048]","[2048, 2048, 2048, 2048, 2048, 2048, 2048, 2048, 2048, 2048, 2048, 2048]","[2048, 2048, 2048, 2048, 2048, 2048, 2064, 2064]",307.0
