meeting_key,session_key,driver_number,lap_number,date_start,duration_sector_1,duration_sector_2,duration_sector_3,i1_speed,i2_speed,is_pit_out_lap,lap_duration,segments_sector_1,segments_sector_2,segments_sector_3,st_speed
1263,9956,31,1,2025-06-13T17:30:03.601000+00:00,,29.757,37.525,226.0,248.0,True,,"[2064, 2064, 2049, 2049, 2049, 2049]","[2049, 2049, 2049, 2049, 2049, 2049]","[2049, 2049, 2049, 2049, 2049, 2051, 2051]",272.0
1263,9956,81,1,2025-06-13T17:30:13.226000+00:00,,33.38,38.86,178.0,256.0,True,,"[2064, 2064, 2049, 2049, 2049, 2049]","[2049, 2049, 2049, 2049, 2049, 2049]","[2049, 2049, 2049, 2049, 2049, 2049, 2049]",273.0
1263,9956,27,1,2025-06-13T17:30:15.819000+00:00,,29.136,,208.0,253.0,True,,"[2064, 2064, 2049, 2049, 2049, 2049]","[2049, 2049, 2049, 2049, 2049, 2049]","[2049, 2049, 2049, 2051]",273.0
1263,9956,44,1,2025-06-13T17:30:17.054000+00:00,37.478,27.239,36.494,233.0,257.0,True,101.211,"[2064, 2064, 2049, 2049, 2049, 2049]","[2049, 2049, 2049, 2049, 2049, 2049]","[2049, 2051, 2051, 2051, 2049, 2051, 2051]",237.0
1263,9956,43,1,2025-06-13T17:30:24.710000+00:00,39.238,29.346,37.976,187.0,250.0,True,106.56,"[2064, 2064, 2049, 2049, 2049, 2049]","[2049, 2049, 2049, 2049, 2049, 2049]","[2049, 2049, 2049, 2049, 2049, 2049, 2049]",201.0
1263,9956,30,1,2025-06-13T17:30:30.648000+00:00,41.029,29.907,35.089,188.0,264.0,True,106.025,"[2064, 2064, 2049, 2049, 2049, 2049]","[2049, 2049, 2049, 2049, 2049, 2049]","[2049, 2049, 2049, 2049, 2049, 2049, 2049]",272.0
1263,9956,4,1,2025-06-13T17:30:39.023000+00:00,37.717,27.078,40.442,231.0,260.0,True,105.237,"[2064, 2064, 2049, 2049, 2049, 2049]","[2049, 2049, 2049, 2049, 2049, 2049]","[2051, 2049, 2049, 2051, 2049, 2049, 2049]",240.0
1263,9956,10,1,2025-06-13T17:30:43.023000+00:00,32.346,26.731,42.943,230.0,275.0,True,102.02,"[2064, 2064, 2049, 2049, 2049, 2049]","[2049, 2051, 2049, 2049, 2051, 2051]","[2049, 2049, 2049, 2049, 2049, 2049, 2051]",291.0
1263,9956,16,1,2025-06-13T17:30:55.445000+00:00,28.753,27.348,42.688,217.0,255.0,True,98.789,"[2064, 2064, 2049, 2049, 2049, 2049]","[2049, 2049, 2049, 2049, 2049, 2049]","[2049, 2049, 2049, 2049, 2049, 2049, 2049]",176.0
1263,9956,87,1,2025-06-13T17:31:00.382000+00:00,29.318,27.839,40.76,196.0,254.0,True,97.917,"[2064, 2064, 2049, 2049, 2049, 2049]","[2049, 2049, 2049, 2049, 2049, 2049]","[2049, 2049, 2049, 2049, 2049, 2049, 2049]",272.0
1263,9956,5,1,2025-06-13T17:31:04.164000+00:00,31.289,28.542,43.979,193.0,254.0,True,103.81,"[2064, 2064, 2049, 2049, 2049, 2049]","[2049, 2049, 2049, 2049, 2049, 2049]","[2049, 2049, 2049, 2049, 2049, 2049]",110.0
1263,9956,23,1,2025-06-13T17:31:09.289000+00:00,27.734,27.043,39.254,227.0,263.0,True,94.031,"[2064, 2064, 2049, 2049, 2049, 2049]","[2049, 2049, 2049, 2049, 2049, 2049]","[2049, 2049, 2051, 2049, 2049, 2049, 2049]",171.0
1263,9956,22,1,2025-06-13T17:31:15.851000+00:00,30.298,27.087,41.688,213.0,255.0,True,99.073,"[2064, 2064, 2049, 2049, 2049, 2049]","[2049, 2049, 2049, 2049, 2049, 2049]","[2049, 2049, 2049, 2049, 2049, 2049, 2049]",111.0
1263,9956,1,1,2025-06-13T17:31:24.132000+00:00,32.96,26.138,41.001,249.0,268.0,True,100.099,"[2064, 2064, 2049, 2049, 2049, 2049]","[2049, 2049, 2049, 2049, 2049, 2049]","[2049, 2049, 2049, 2049, 2049, 2051, 2051]",200.0
1263,9956,6,1,2025-06-13T17:31:30.617000+00:00,32.541,28.202,39.659,213.0,263.0,True,100.402,"[2064, 2064, 2049, 2049, 2049, 2049]","[2049, 2049, 2049, 2049, 2049, 2049]","[2049, 2049, 2049, 2049, 2049, 2049, 2049]",194.0
1263,9956,31,2,2025-06-13T17:31:44.320000+00:00,25.551,27.843,,233.0,254.0,False,435.161,"[2049, 2049, 2049, 2049, 2049, 2049]","[2049, 2049, 2049, 2049, 2049, 2049]","[2049, 2049, 2049, 2049, 2049, 2064, 2064]",275.0
1263,9956,44,2,2025-06-13T17:31:56.055000+00:00,22.135,24.051,30.832,255.0,278.0,False,77.018,"[2049, 2049, 2049, 2051, 2049, 2049]","[2051, 2051, 2049, 2051, 2049, 2051]","[2049, 2051, 2051, 2051, 2049, 2051, 2051]",316.0
1263,9956,81,2,2025-06-13T17:32:01.023000+00:00,25.167,27.305,64.606,210.0,261.0,False,117.078,"[2049, 2049, 2049, 2049, 2049, 2049]","[2049, 2049, 2049, 2049, 2049, 2049]","[2049, 2049, 2049, 2049, 2049, 2064, 2064]",279.0
1263,9956,43,2,2025-06-13T17:32:07.976000+00:00,48.104,26.56,36.048,233.0,258.0,False,110.712,"[2049, 2049, 2048, 2049, 2049, 2049]","[2049, 2049, 2049, 2049, 2049, 2049]","[2049, 2048, 2048, 2048, 2049, 2049, 2049]",182.0
1263,9956,30,2,2025-06-13T17:32:13.492000+00:00,23.763,25.731,31.59,248.0,273.0,False,81.084,"[2049, 2049, 2049, 2049, 2049, 2049]","[2049, 2049, 2049, 2049, 2049, 2049]","[2049, 2049, 2049, 2049, 2049, 2049]",313.0
1263,9956,4,2,2025-06-13T17:32:20.742000+00:00,26.332,24.237,30.802,254.0,276.0,False,81.371,"[2049, 2049, 2048, 2049, 2049, 2051]","[2049, 2049, 2051, 2049, 2051, 2049]","[2049, 2049, 2049, 2049, 2049, 2051]",310.0
1263,9956,10,2,2025-06-13T17:32:23.539000+00:00,28.981,27.546,33.966,198.0,256.0,False,90.493,"[2049, 2049, 2048, 2049, 2049, 2048]","[2048, 2048, 2048, 2049, 2048, 2048]","[2048, 2049, 2049, 2049, 2048, 2049]",289.0
1263,9956,16,2,2025-06-13T17:32:32.852000+00:00,26.748,26.221,41.29,238.0,258.0,False,94.259,"[2049, 2049, 2048, 2049, 2049, 2049]","[2049, 2049, 2048, 2049, 2049, 2049]","[2048, 2049, 2048, 2048, 2048, 2048, 2049]",150.0
1263,9956,87,2,2025-06-13T17:32:36.852000+00:00,25.355,29.099,43.417,234.0,254.0,False,97.871,"[2049, 2049, 2048, 2049, 2049, 2049]","[2049, 2048, 2048, 2048, 2048, 2048]","[2048, 2049, 2049, 2048, 2048, 2049]",178.0
1263,9956,23,2,2025-06-13T17:32:42.070000+00:00,22.157,24.558,30.841,245.0,276.0,False,77.556,"[2049, 2049, 2049, 2049, 2049, 2049]","[2049, 2049, 2049, 2049, 2049, 2049]","[2051, 2049, 2049, 2049, 2049, 2049]",316.0
1263,9956,5,2,2025-06-13T17:32:46.551000+00:00,22.789,24.723,31.879,249.0,277.0,False,79.391,"[2049, 2049, 2049, 2049, 2049, 2049]","[2049, 2049, 2049, 2049, 2049, 2049]","[2049, 2049, 2051, 2051, 2051, 2048]",319.0
1263,9956,22,2,2025-06-13T17:32:53.117000+00:00,21.96,24.447,30.713,253.0,277.0,False,77.12,"[2049, 2049, 2049, 2049, 2049, 2049]","[2049, 2049, 2049, 2049, 2049, 2049]","[2049, 2049, 2049, 2049, 2049, 2049]",322.0
1263,9956,1,2,2025-06-13T17:33:00.571000+00:00,21.515,24.047,30.505,253.0,277.0,False,76.067,"[2049, 2051, 2049, 2049, 2051, 2049]","[2051, 2049, 2049, 2051, 2049, 2049]","[2049, 2049, 2049, 2049, 2049, 2049, 2049]",321.0
1263,9956,6,2,2025-06-13T17:33:07.321000+00:00,22.373,24.593,30.721,251.0,275.0,False,77.687,"[2049, 2049, 2049, 2049, 2049, 2049]","[2049, 2049, 2049, 2049, 2049, 2049]","[2049, 2049, 2049, 2049, 2049, 2049, 2049]",318.0
1263,9956,55,1,2025-06-13T17:33:07.680000+00:00,27.493,27.264,34.826,232.0,256.0,True,89.583,"[2064, 2064, 2049, 2049, 2049, 2049]","[2049, 2049, 2049, 2049, 2049, 2049]","[2049, 2049, 2049, 2049, 2049, 2049, 2049]",281.0
1263,9956,44,3,2025-06-13T17:33:13.024000+00:00,29.586,42.168,42.222,119.0,147.0,False,113.976,"[2048, 2048, 2048, 2048, 2048, 2048]","[2048, 2048, 2048, 2048, 2048, 2048]","[2048, 2048, 2048, 2048, 2048, 2048, 2048]",226.0
1263,9956,30,3,2025-06-13T17:33:34.477000+00:00,21.99,24.794,30.816,253.0,274.0,False,77.6,"[None, 2049, 2049, 2049, 2049, 2049]","[2049, 2049, 2049, 2049, 2049, 2049]","[2049, 2049, 2049, 2049, 2048, 2049]",315.0
1263,9956,4,3,2025-06-13T17:33:41.993000+00:00,26.159,37.343,34.126,194.0,98.0,False,97.628,"[2048, 2049, 2049, 2048, 2048, 2048]","[2048, 2048, 2048, 2048, 2048, 2048]","[2048, 2048, 2048, 2048, 2048, 2048, 2048]",302.0
1263,9956,63,1,2025-06-13T17:33:43.196000+00:00,27.178,26.692,36.834,233.0,272.0,True,90.704,"[2064, 2064, 2049, 2049, 2049, 2049]","[2049, 2049, 2049, 2049, 2049, 2049]","[2049, 2049, 2049, 2049, 2049, 2049, 2049]",288.0
1263,9956,12,1,2025-06-13T17:33:46.149000+00:00,35.11,29.841,36.304,203.0,261.0,True,101.255,"[2064, 2064, 2049, 2049, 2049, 2049]","[2049, 2049, 2049, 2049, 2049, 2049]","[2049, 2049, 2049, 2049, 2049, 2049, 2049]",283.0
1263,9956,10,3,2025-06-13T17:33:53.837000+00:00,21.294,23.917,30.909,254.0,275.0,False,76.12,"[2049, 2049, 2049, 2049, 2049, 2049]","[2051, 2049, 2049, 2049, 2051, 2049]","[2051, 2049, 2049, 2049, 2049, 2048]",312.0
1263,9956,43,3,2025-06-13T17:33:58.696000+00:00,22.11,24.737,32.162,246.0,270.0,False,79.009,"[None, 2049, 2049, 2049, 2049, 2049]","[2049, 2049, 2049, 2049, 2049, 2049]","[2049, 2049, 2049, 2049, 2049, 2048]",303.0
1263,9956,23,3,2025-06-13T17:33:59.446000+00:00,31.202,31.828,35.077,154.0,248.0,False,98.107,"[2048, 2048, 2048, 2048, 2048, 2048]","[2048, 2048, 2048, 2048, 2048, 2048]","[2048, 2048, 2048, 2048, 2048, 2048, 2048]",302.0
1263,9956,81,3,2025-06-13T17:33:59.446000+00:00,34.716,31.89,38.8,178.0,260.0,True,105.406,"[2064, 2064, 2048, 2048, 2048, 2048]","[2048, 2048, 2048, 2048, 2048, 2048]","[2048, 2048, 2048, 2048, 2048, 2049, 2049]",279.0
1263,9956,5,3,2025-06-13T17:34:05.868000+00:00,29.275,33.141,38.818,148.0,143.0,False,101.234,"[2048, 2048, 2048, 2048, 2048, 2048]","[2048, 2048, 2048, 2048, 2048, 2048]","[2048, 2048, 2048, 2048, 2048, 2049, 2049]",219.0
1263,9956,16,3,2025-06-13T17:34:07.044000+00:00,21.298,24.2,30.35,258.0,277.0,False,75.848,"[None, 2049, 2049, 2049, 2051, 2051]","[2049, 2049, 2049, 2051, 2049, 2049]","[2049, 2049, 2049, 2049, 2049, 2049]",320.0
1263,9956,22,3,2025-06-13T17:34:10.093000+00:00,37.9,47.275,36.986,112.0,152.0,False,122.161,"[2048, 2048, 2048, 2048, 2048, 2048]","[2048, 2048, 2048, 2048, 2048, 2048]","[2048, 2048, 2048, 2048, 2048, 2049, 2049]",275.0
1263,9956,87,3,2025-06-13T17:34:14.603000+00:00,21.87,24.831,32.083,253.0,274.0,False,78.784,"[None, 2049, 2049, 2049, 2049, 2049]","[2049, 2049, 2049, 2049, 2049, 2049]","[2049, 2049, 2049, 2049, 2049, 2048, 2048]",311.0
1263,9956,1,3,2025-06-13T17:34:16.525000+00:00,38.299,51.247,47.282,103.0,154.0,False,136.828,"[2048, 2048, 2048, 2048, 2048, 2048]","[2048, 2048, 2048, 2048, 2048, 2048]","[2048, 2048, 2048, 2048, 2048, 2048, 2048]",242.0
1263,9956,6,3,2025-06-13T17:34:25.056000+00:00,21.236,23.89,30.293,253.0,279.0,False,75.419,"[None, 2049, 2049, 2051, 2049, 2049]","[2049, 2051, 2051, 2049, 2049, 2051]","[2049, 2048, 2049, 2049, 2049, 2049, 2049]",322.0
1263,9956,55,2,2025-06-13T17:34:35.916000+00:00,21.494,24.277,30.471,254.0,277.0,False,76.242,"[2049, 2049, 2049, 2049, 2049, 2049]","[2049, 2049, 2049, 2049, 2049, 2049]","[2049, 2049, 2049, 2049, 2049, 2049]",316.0
1263,9956,30,4,2025-06-13T17:34:52.103000+00:00,31.955,40.264,43.157,139.0,145.0,False,115.376,"[2048, 2048, 2048, 2048, 2048, 2048]","[2048, 2048, 2048, 2048, 2048, 2048]","[2048, 2048, 2048, 2048, 2048, 2048, 2048]",139.0
1263,9956,27,2,2025-06-13T17:34:52.681000+00:00,28.804,27.942,36.904,222.0,257.0,True,93.65,"[None, 2064, 2048, 2049, 2049, 2049]","[2049, 2049, 2049, 2049, 2049, 2049]","[2049, 2049, 2048, 2048, 2048, 2049, 2049]",220.0
1263,9956,18,1,2025-06-13T17:34:58.369000+00:00,28.582,30.445,45.088,197.0,240.0,True,104.115,"[2064, 2064, 2049, 2049, 2049, 2049]","[2049, 2049, 2049, 2049, 2049, 2049]","[2049, 2049, 2049, 2049, 2049, 2049, 2049]",109.0
1263,9956,44,4,2025-06-13T17:35:07.072000+00:00,21.082,24.127,33.315,257.0,277.0,False,78.524,"[2049, 2049, 2049, 2049, 2049, 2049]","[2051, 2048, 2048, 2051, 2048, 2048]","[2049, 2048, 2049, 2049, 2049, 2048, 2048]",314.0
1263,9956,10,4,2025-06-13T17:35:10.010000+00:00,33.042,35.359,38.79,152.0,231.0,False,107.191,"[2048, 2048, 2048, 2048, 2048, 2048]","[2048, 2048, 2048, 2048, 2048, 2048]","[2048, 2048, 2048, 2048, 2048, 2048, 2049]",138.0
1263,9956,63,2,2025-06-13T17:35:12.510000+00:00,21.511,23.836,30.509,257.0,279.0,False,75.856,"[2049, 2049, 2049, 2049, 2049, 2051]","[2049, 2049, 2051, 2049, 2049, 2051]","[2049, 2049, 2051, 2049, 2049, 2049, 2051]",315.0
1263,9956,43,4,2025-06-13T17:35:17.557000+00:00,22.278,24.591,31.015,251.0,268.0,False,77.884,"[2048, 2048, 2049, 2048, 2049, 2049]","[2049, 2049, 2049, 2049, 2049, 2048]","[2048, 2048, 2048, 2048, 2048, 2049]",303.0
1263,9956,4,4,2025-06-13T17:35:19.760000+00:00,21.0,29.691,67.7,255.0,206.0,False,118.391,"[2051, 2049, 2049, 2049, 2049, 2049]","[2049, 2049, 2048, 2048, 2048, 2048]","[2048, 2048, 2048, 2048, 2048, 2064, 2064]",239.0
1263,9956,16,4,2025-06-13T17:35:22.838000+00:00,29.493,39.272,41.358,154.0,143.0,False,110.123,"[None, 2048, 2048, 2048, 2048, 2048]","[2048, 2048, 2048, 2048, 2048, 2048]","[2048, 2048, 2048, 2048, 2048, 2048, 2048]",222.0
1263,9956,12,2,2025-06-13T17:35:25.963000+00:00,21.418,36.999,41.451,255.0,196.0,False,99.868,"[2049, 2049, 2049, 2049, 2049, 2049]","[None, None, 2048, 2048, 2048, 2048]","[2048, 2049, 2049, 2048, 2048, 2049]",91.0
1263,9956,87,4,2025-06-13T17:35:33.479000+00:00,37.068,31.943,36.253,130.0,251.0,False,105.264,"[2048, 2048, 2048, 2048, 2048, 2048]","[2048, 2048, 2048, 2048, 2048, 2048]","[2048, 2048, 2048, 2048, 2048, 2049, 2049]",178.0
1263,9956,23,4,2025-06-13T17:35:37.635000+00:00,20.933,23.898,30.317,246.0,277.0,False,75.148,"[2049, 2049, 2049, 2049, 2051, 2049]","[2049, 2049, 2049, 2049, 2049, 2049]","[2051, 2049, 2049, 2048, 2049, 2051, 2049]",314.0
1263,9956,6,4,2025-06-13T17:35:40.479000+00:00,35.508,34.991,38.228,188.0,178.0,False,108.727,"[2048, 2048, 2048, 2048, 2048, 2048]","[2048, 2048, 2048, 2048, 2048, 2048]","[2048, 2048, 2048, 2048, 2048, 2049, 2049]",262.0
1263,9956,81,4,2025-06-13T17:35:43.494000+00:00,24.192,27.741,,211.0,263.0,False,962.843,"[2049, 2049, 2049, 2049, 2049, 2049]","[2049, 2049, 2048, 2048, 2049, 2049]","[2048, 2048, 2049, 2049, 2048, 2064, 2064]",269.0
1263,9956,5,4,2025-06-13T17:35:47.275000+00:00,21.781,24.364,30.58,255.0,278.0,False,76.725,"[2049, 2049, 2049, 2049, 2049, 2049]","[2049, 2049, 2049, 2049, 2049, 2049]","[2049, 2048, 2048, 2048, 2048, 2049]",316.0
1263,9956,55,3,2025-06-13T17:35:52.072000+00:00,33.147,37.451,37.937,162.0,246.0,False,108.535,"[2048, 2048, 2048, 2048, 2048, 2048]","[2048, 2048, 2048, 2048, 2048, 2048]","[2048, 2048, 2048, 2048, 2048, 2048, 2048]",294.0
1263,9956,22,4,2025-06-13T17:36:12.401000+00:00,21.063,23.918,30.214,257.0,278.0,False,75.195,"[2049, 2049, 2049, 2049, 2049, 2049]","[2049, 2049, 2049, 2049, 2049, 2049]","[2051, 2048, 2049, 2048, 2049, 2049, 2049]",320.0
1263,9956,27,3,2025-06-13T17:36:24.885000+00:00,22.229,24.778,30.717,254.0,276.0,False,77.724,"[2049, 2049, 2049, 2049, 2049, 2049]","[2049, 2049, 2049, 2049, 2049, 2049]","[2049, 2049, 2049, 2049, 2049, 2049, 2049]",319.0
1263,9956,44,5,2025-06-13T17:36:25.573000+00:00,34.836,38.804,41.464,150.0,195.0,False,115.104,"[2048, 2048, 2048, 2048, 2048, 2048]","[2048, 2048, 2048, 2048, 2048, 2048]","[2048, 2048, 2048, 2048, 2048, 2048]",207.0
1263,9956,63,3,2025-06-13T17:36:28.338000+00:00,36.624,48.977,35.024,131.0,185.0,False,120.625,"[2048, 2048, 2048, 2048, 2048, 2048]","[2048, 2048, 2048, 2048, 2048, 2048]","[2048, 2048, 2048, 2048, 2048, 2048, 2048]",193.0
1263,9956,1,4,2025-06-13T17:36:33.418000+00:00,20.807,23.611,30.06,257.0,280.0,False,74.478,"[2049, 2049, 2051, 2049, 2049, 2049]","[2049, 2049, 2049, 2049, 2049, 2049]","[2049, 2049, 2051, 2049, 2049, 2049, 2049]",321.0
1263,9956,43,5,2025-06-13T17:36:35.438000+00:00,30.735,41.725,45.217,110.0,108.0,False,117.677,"[None, 2048, 2048, 2048, 2048, 2048]","[2048, 2048, 2048, 2048, 2048, 2048]","[2048, 2048, 2048, 2048, 2048, 2048, 2049]",95.0
1263,9956,18,2,2025-06-13T17:36:41.080000+00:00,21.411,24.362,30.723,254.0,275.0,False,76.496,"[2049, 2049, 2049, 2049, 2049, 2049]","[2049, 2049, 2049, 2049, 2049, 2049]","[2049, 2049, 2049, 2049, 2049, 2049, 2049]",316.0
1263,9956,14,1,2025-06-13T17:36:42.419000+00:00,26.659,31.128,38.042,186.0,261.0,True,95.829,"[2064, 2064, 2049, 2049, 2049, 2049]","[2049, 2049, 2049, 2049, 2049, 2049]","[2049, 2049, 2049, 2049, 2049, 2049, 2049]",224.0
1263,9956,30,5,2025-06-13T17:36:47.617000+00:00,21.357,24.306,30.275,255.0,278.0,False,75.938,"[2049, 2049, 2049, 2049, 2049, 2049]","[2049, 2048, 2049, 2049, 2049, 2049]","[2049, 2049, 2049, 2049, 2049, 2049, 2049]",317.0
1263,9956,23,5,2025-06-13T17:36:52.732000+00:00,32.297,35.422,37.735,169.0,165.0,False,105.454,"[2048, 2048, 2048, 2048, 2048, 2048]","[2048, 2048, 2048, 2048, 2048, 2048]","[2048, 2048, 2048, 2048, 2048, 2048, 2048]",265.0
1263,9956,10,5,2025-06-13T17:36:57.325000+00:00,20.862,24.113,30.338,255.0,277.0,False,75.313,"[2049, 2051, 2049, 2049, 2049, 2049]","[2048, 2048, 2048, 2049, 2048, 2049]","[2049, 2048, 2049, 2049, 2048, 2051, 2049]",314.0
1263,9956,5,5,2025-06-13T17:37:03.825000+00:00,27.425,31.448,43.392,183.0,156.0,False,102.265,"[2048, 2048, 2048, 2048, 2048, 2048]","[2048, 2048, 2048, 2048, 2048, 2048]","[2048, 2048, 2048, 2048, 2048, 2048, 2049]",149.0
1263,9956,12,3,2025-06-13T17:37:05.607000+00:00,21.252,24.412,30.416,,278.0,False,76.08,"[None, 2048, 2049, 2051, 2049, 2049]","[2049, 2049, 2049, 2049, 2049, 2049]","[2049, 2049, 2049, 2049, 2049, 2049, 2049]",314.0
1263,9956,16,5,2025-06-13T17:37:12.982000+00:00,20.908,23.845,29.891,258.0,280.0,False,74.644,"[None, 2049, 2049, 2049, 2049, 2051]","[2049, 2049, 2049, 2048, 2049, 2051]","[2049, 2049, 2051, 2051, 2049, 2051, 2049]",322.0
1263,9956,87,5,2025-06-13T17:37:18.841000+00:00,21.388,23.996,30.669,255.0,276.0,False,76.053,"[2049, 2049, 2049, 2049, 2049, 2049]","[2049, 2049, 2049, 2049, 2049, 2049]","[2049, 2049, 2049, 2049, 2048, 2049, 2049]",312.0
1263,9956,4,5,2025-06-13T17:37:20.294000+00:00,28.911,29.492,36.274,242.0,261.0,True,94.677,"[2064, 2064, 2048, 2048, 2048, 2048]","[2048, 2048, 2048, 2048, 2048, 2048]","[2048, 2048, 2048, 2048, 2048, 2048, 2049]",120.0
1263,9956,22,5,2025-06-13T17:37:27.513000+00:00,38.473,54.512,42.356,109.0,106.0,False,135.341,"[2048, 2048, 2048, 2048, 2048, 2048]","[2048, 2048, 2048, 2048, 2048, 2048]","[2048, 2048, 2048, 2048, 2048, 2048, 2048]",272.0
1263,9956,6,5,2025-06-13T17:37:29.169000+00:00,21.027,23.673,30.145,255.0,279.0,False,74.845,"[2049, 2049, 2048, 2049, 2049, 2049]","[2049, 2048, 2049, 2049, 2048, 2049]","[2049, 2049, 2049, 2048, 2051, 2048, 2048]",319.0
1263,9956,55,4,2025-06-13T17:37:40.685000+00:00,20.98,24.171,30.299,256.0,277.0,False,75.45,"[2049, 2049, 2049, 2048, 2049, 2049]","[2049, 2049, 2049, 2049, 2048, 2048]","[2049, 2049, 2048, 2049, 2049, 2049, 2049]",316.0
1263,9956,27,4,2025-06-13T17:37:42.685000+00:00,30.569,36.808,37.677,168.0,168.0,False,105.054,"[2048, 2048, 2048, 2048, 2048, 2048]","[2048, 2048, 2048, 2048, 2048, 2048]","[2048, 2048, 2048, 2048, 2048, 2048, 2048]",277.0
1263,9956,1,5,2025-06-13T17:37:47.857000+00:00,37.407,44.682,43.783,110.0,213.0,False,125.872,"[2048, 2048, 2048, 2048, 2048, 2048]","[2048, 2048, 2048, 2048, 2048, 2048]","[2048, 2048, 2048, 2048, 2048, 2048, 2048]",181.0
1263,9956,18,3,2025-06-13T17:37:57.466000+00:00,31.342,42.911,47.624,132.0,122.0,False,121.877,"[2048, 2048, 2048, 2048, 2048, 2048]","[2048, 2048, 2048, 2048, 2048, 2048]","[2048, 2048, 2048, 2048, 2048, 2048, 2048]",103.0
1263,9956,30,6,2025-06-13T17:38:03.482000+00:00,32.03,41.924,47.857,167.0,114.0,False,121.811,"[2048, 2048, 2048, 2048, 2048, 2048]","[2048, 2048, 2048, 2048, 2048, 2048]","[2048, 2048, 2048, 2048, 2048, 2048, 2048]",194.0
1263,9956,10,6,2025-06-13T17:38:12.607000+00:00,31.591,41.591,49.699,147.0,153.0,False,122.881,"[2048, 2048, 2048, 2048, 2048, 2048]","[2048, 2048, 2048, 2048, 2048, 2048]","[2048, 2048, 2048, 2048, 2048, 2048, 2048]",159.0
1263,9956,14,2,2025-06-13T17:38:16.826000+00:00,21.357,24.147,30.741,252.0,275.0,False,76.245,"[2049, 2049, 2049, 2049, 2049, 2049]","[2049, 2049, 2049, 2049, 2049, 2049]","[2049, 2049, 2049, 2049, 2049, 2049]",314.0
1263,9956,44,6,2025-06-13T17:38:20.654000+00:00,20.994,23.607,30.492,255.0,280.0,False,75.093,"[2051, 2049, 2049, 2049, 2049, 2048]","[2048, 2049, 2049, 2049, 2049, 2049]","[2049, 2048, 2048, 2049, 2048, 2048, 2048]",319.0
1263,9956,12,4,2025-06-13T17:38:21.857000+00:00,30.658,35.472,42.099,157.0,240.0,False,108.229,"[2048, 2048, 2048, 2048, 2048, 2048]","[2048, 2048, 2048, 2048, 2048, 2048]","[2048, 2048, 2048, 2048, 2048, 2048, 2048]",184.0
1263,9956,16,6,2025-06-13T17:38:27.639000+00:00,33.157,37.266,47.32,158.0,185.0,False,117.743,"[2048, 2048, 2048, 2048, 2048, 2048]","[2048, 2048, 2048, 2048, 2048, 2048]","[2048, 2048, 2048, 2048, 2048, 2048, 2048]",243.0
1263,9956,63,4,2025-06-13T17:38:29.045000+00:00,21.027,23.694,30.056,256.0,279.0,False,74.777,"[2049, 2049, 2051, 2049, 2049, 2048]","[2049, 2049, 2051, 2049, 2051, 2051]","[2049, 2049, 2049, 2049, 2048, 2049, 2051]",316.0
1263,9956,43,6,2025-06-13T17:38:33.295000+00:00,21.41,24.398,31.115,253.0,274.0,False,76.923,"[2049, 2049, 2049, 2049, 2049, 2049]","[2049, 2048, 2049, 2049, 2049, 2049]","[2049, 2048, 2049, 2049, 2049, 2048]",314.0
1263,9956,87,6,2025-06-13T17:38:34.795000+00:00,36.382,38.199,41.697,140.0,239.0,False,116.278,"[2048, 2048, 2048, 2048, 2048, 2048]","[2048, 2048, 2048, 2048, 2048, 2048]","[2048, 2048, 2048, 2048, 2048, 2048, 2048]",129.0
1263,9956,23,6,2025-06-13T17:38:38.539000+00:00,20.749,36.773,42.59,255.0,135.0,False,100.112,"[2049, 2049, 2049, 2051, 2048, 2049]","[2049, 2048, 2048, 2048, 2048, 2048]","[2048, 2048, 2048, 2048, 2048, 2048, 2048]",163.0
1263,9956,6,6,2025-06-13T17:38:44.101000+00:00,35.029,34.211,63.331,162.0,221.0,False,132.571,"[2048, 2048, 2048, 2048, 2048, 2048]","[2048, 2048, 2048, 2048, 2048, 2048]","[2048, 2048, 2048, 2048, 2048, 2064, 2064]",227.0
1263,9956,5,6,2025-06-13T17:38:46.289000+00:00,21.397,24.115,31.415,256.0,279.0,False,76.927,"[2049, 2049, 2049, 2049, 2049, 2049]","[2049, 2049, 2049, 2049, 2049, 2049]","[2048, 2049, 2048, 2048, 2048, 2048, 2048]",317.0
1263,9956,4,6,2025-06-13T17:38:52.851000+00:00,20.624,23.464,30.993,257.0,278.0,False,75.081,"[2048, 2051, 2049, 2049, 2049, 2049]","[2049, 2051, 2049, 2051, 2049, 2049]","[2048, 2048, 2049, 2049, 2049, 2051, 2049]",314.0
1263,9956,55,5,2025-06-13T17:38:56.133000+00:00,33.925,41.626,38.517,148.0,149.0,False,114.068,"[2048, 2048, 2048, 2048, 2048, 2048]","[2048, 2048, 2048, 2048, 2048, 2048]","[2048, 2048, 2048, 2048, 2048, 2048, 2048]",292.0
1263,9956,31,3,2025-06-13T17:39:00.883000+00:00,48.831,29.28,35.358,224.0,257.0,True,113.469,"[2064, 2064, 2048, 2048, 2048, 2048]","[2048, 2048, 2049, 2048, 2049, 2049]","[2049, 2048, 2049, 2049, 2048, 2049, 2049]",292.0
1263,9956,27,5,2025-06-13T17:39:27.758000+00:00,21.472,24.09,30.554,256.0,278.0,False,76.116,"[2049, 2049, 2049, 2049, 2049, 2049]","[2049, 2049, 2049, 2049, 2049, 2049]","[2049, 2049, 2048, 2048, 2048, 2049, 2048]",314.0
1263,9956,14,3,2025-06-13T17:39:32.977000+00:00,25.84,30.157,36.422,209.0,259.0,False,92.419,"[2048, 2048, 2048, 2048, 2048, 2048]","[2048, 2048, 2048, 2048, 2048, 2048]","[2048, 2048, 2048, 2048, 2048, 2048, 2049]",293.0
1263,9956,44,7,2025-06-13T17:39:35.821000+00:00,37.166,50.369,37.874,95.0,172.0,False,125.409,"[2048, 2048, 2048, 2048, 2048, 2048]","[2048, 2048, 2048, 2048, 2048, 2048]","[2048, 2048, 2048, 2048, 2048, 2048, 2049]",156.0
1263,9956,22,6,2025-06-13T17:39:42.930000+00:00,30.808,38.769,35.33,97.0,196.0,False,104.907,"[2049, 2049, 2048, 2048, 2048, 2048]","[2048, 2048, 2048, 2048, 2048, 2048]","[2048, 2048, 2048, 2048, 2048, 2048, 2049]",300.0
1263,9956,63,5,2025-06-13T17:39:43.774000+00:00,34.601,48.961,44.763,118.0,188.0,False,128.325,"[2048, 2048, 2048, 2048, 2048, 2048]","[2048, 2048, 2048, 2048, 2048, 2048]","[2048, 2048, 2048, 2048, 2048, 2048, 2048]",250.0
1263,9956,43,7,2025-06-13T17:39:50.196000+00:00,31.78,40.811,43.525,134.0,173.0,False,116.116,"[2048, 2048, 2048, 2048, 2048, 2048]","[2048, 2048, 2048, 2048, 2048, 2048]","[2048, 2048, 2048, 2048, 2048, 2048, 2048]",145.0
1263,9956,1,6,2025-06-13T17:39:53.774000+00:00,20.76,23.708,29.837,256.0,280.0,False,74.305,"[2049, 2049, 2048, 2049, 2051, 2048]","[2049, 2048, 2048, 2049, 2048, 2048]","[2049, 2049, 2048, 2048, 2049, 2051]",322.0
1263,9956,18,4,2025-06-13T17:39:59.368000+00:00,21.036,24.185,30.422,255.0,277.0,False,75.643,"[None, 2049, 2049, 2049, 2049, 2049]","[2049, 2048, 2048, 2049, 2049, 2049]","[2049, 2049, 2049, 2049, 2049, 2048]",317.0
1263,9956,5,7,2025-06-13T17:40:03.087000+00:00,36.685,36.023,41.588,131.0,143.0,False,114.296,"[2048, 2048, 2048, 2048, 2048, 2048]","[2048, 2048, 2048, 2048, 2048, 2048]","[2048, 2048, 2048, 2048, 2048, 2048, 2049]",137.0
1263,9956,30,7,2025-06-13T17:40:05.305000+00:00,21.084,23.984,29.983,256.0,279.0,False,75.051,"[2049, 2049, 2049, 2049, 2049, 2049]","[2049, 2049, 2049, 2049, 2049, 2049]","[2049, 2049, 2049, 2049, 2048, 2049]",319.0
1263,9956,4,7,2025-06-13T17:40:07.790000+00:00,26.622,36.356,51.248,193.0,154.0,False,114.226,"[None, 2048, 2048, 2048, 2048, 2048]","[2048, 2048, 2048, 2048, 2048, 2048]","[2048, 2048, 2048, 2048, 2048, 2048, 2048]",82.0
1263,9956,12,5,2025-06-13T17:40:10.165000+00:00,21.095,23.969,30.172,256.0,280.0,False,75.236,"[2049, 2049, 2049, 2048, 2049, 2049]","[2049, 2049, 2049, 2049, 2049, 2049]","[2049, 2048, 2049, 2049, 2048, 2049]",318.0
1263,9956,10,7,2025-06-13T17:40:15.446000+00:00,29.549,42.384,40.755,162.0,193.0,False,112.688,"[None, 2048, 2048, 2048, 2048, 2048]","[2048, 2048, 2048, 2048, 2048, 2048]","[2048, 2048, 2048, 2048, 2048, 2048, 2048]",94.0
1263,9956,23,7,2025-06-13T17:40:18.477000+00:00,20.797,23.707,29.872,256.0,280.0,False,74.376,"[2048, 2048, 2048, 2048, 2048, 2049]","[2048, 2049, 2049, 2049, 2049, 2049]","[2049, 2049, 2049, 2049, 2049, 2051, 2051]",318.0
1263,9956,16,7,2025-06-13T17:40:25.384000+00:00,20.659,23.498,29.728,259.0,282.0,False,73.885,"[None, 2049, 2049, 2049, 2049, 2051]","[2049, 2049, 2051, 2049, 2049, 2051]","[2051, 2048, 2048, 2048, 2048, 2051, 2049]",320.0
1263,9956,87,7,2025-06-13T17:40:31.056000+00:00,21.575,24.149,30.491,253.0,276.0,False,76.215,"[2049, 2048, 2049, 2048, 2048, 2048]","[2048, 2048, 2049, 2049, 2048, 2048]","[2049, 2048, 2048, 2048, 2048, 2049, 2049]",313.0
1263,9956,27,6,2025-06-13T17:40:43.743000+00:00,35.293,36.918,60.315,213.0,157.0,False,132.526,"[2048, 2048, 2048, 2048, 2048, 2048]","[2048, 2048, 2048, 2048, 2048, 2048]","[2048, 2048, 2048, 2048, 2048, 2064, 2064]",264.0
1263,9956,55,6,2025-06-13T17:40:50.243000+00:00,20.909,23.843,30.036,255.0,279.0,False,74.788,"[2049, 2048, 2049, 2049, 2048, 2048]","[2049, 2048, 2049, 2049, 2049, 2049]","[2049, 2049, 2049, 2049, 2049, 2049, 2049]",318.0
1263,9956,31,4,2025-06-13T17:40:52.899000+00:00,23.26,26.672,33.636,238.0,257.0,False,83.568,"[2049, 2049, 2049, 2049, 2049, 2049]","[2049, 2049, 2049, 2049, 2049, 2049]","[2049, 2049, 2049, 2048, 2048, 2049, 2049]",291.0
1263,9956,6,7,2025-06-13T17:40:58.071000+00:00,31.373,26.453,34.614,247.0,268.0,True,92.44,"[2064, 2064, 2048, 2048, 2048, 2048]","[2048, 2048, 2048, 2048, 2048, 2048]","[2048, 2048, 2048, 2048, 2048, 2048, 2048]",195.0
1263,9956,14,4,2025-06-13T17:41:05.446000+00:00,20.939,23.863,30.037,253.0,277.0,False,74.839,"[2049, 2049, 2048, 2049, 2049, 2049]","[2049, 2048, 2049, 2049, 2049, 2049]","[2051, 2049, 2049, 2049, 2049, 2049, 2049]",318.0
1263,9956,1,7,2025-06-13T17:41:07.931000+00:00,35.992,49.299,47.677,103.0,127.0,False,132.968,"[2048, 2048, 2048, 2048, 2048, 2048]","[2048, 2048, 2048, 2048, 2048, 2048]","[2048, 2048, 2048, 2048, 2048, 2048, 2048]",225.0
1263,9956,18,5,2025-06-13T17:41:14.900000+00:00,37.333,46.083,47.656,144.0,207.0,False,131.072,"[None, 2048, 2048, 2048, 2048, 2048]","[2048, 2048, 2048, 2048, 2048, 2048]","[2048, 2048, 2048, 2048, 2048, 2048, 2048]",128.0
1263,9956,30,8,2025-06-13T17:41:20.322000+00:00,34.39,33.942,69.595,130.0,208.0,False,137.927,"[2048, 2048, 2048, 2048, 2048, 2048]","[2048, 2048, 2048, 2048, 2048, 2048]","[2048, 2048, 2048, 2048, 2048, 2064, 2064]",267.0
1263,9956,12,6,2025-06-13T17:41:25.290000+00:00,30.223,32.664,36.691,154.0,250.0,False,99.578,"[2048, 2048, 2048, 2048, 2048, 2048]","[2048, 2048, 2048, 2048, 2048, 2048]","[2048, 2048, 2048, 2048, 2048, 2048, 2048]",283.0
1263,9956,22,7,2025-06-13T17:41:27.868000+00:00,20.895,23.637,30.046,257.0,280.0,False,74.578,"[2049, 2048, 2048, 2049, 2049, 2049]","[2049, 2049, 2049, 2049, 2049, 2049]","[2049, 2049, 2048, 2048, 2049, 2049]",320.0
1263,9956,23,8,2025-06-13T17:41:32.681000+00:00,31.733,40.413,42.377,166.0,119.0,False,114.523,"[None, 2048, 2048, 2048, 2048, 2048]","[2048, 2048, 2048, 2048, 2048, 2048]","[2048, 2048, 2048, 2048, 2048, 2048, 2048]",267.0
1263,9956,16,8,2025-06-13T17:41:39.306000+00:00,29.181,42.583,54.498,131.0,108.0,False,126.262,"[None, 2048, 2048, 2048, 2048, 2048]","[2048, 2048, 2048, 2048, 2048, 2048]","[2048, 2048, 2048, 2048, 2048, 2048, 2048]",137.0
1263,9956,44,8,2025-06-13T17:41:41.275000+00:00,20.906,44.508,51.049,256.0,110.0,False,116.463,"[None, 2049, 2048, 2049, 2049, 2048]","[2048, 2048, 2048, 2048, 2048, 2048]","[2048, 2048, 2048, 2048, 2048, 2048, 2048]",87.0
1263,9956,43,8,2025-06-13T17:41:46.322000+00:00,21.496,24.293,30.624,252.0,277.0,False,76.413,"[2049, 2049, 2049, 2048, 2048, 2048]","[2048, 2049, 2049, 2048, 2049, 2049]","[2048, 2049, 2048, 2048, 2048, 2049, 2049]",311.0
1263,9956,87,8,2025-06-13T17:41:47.275000+00:00,34.492,38.092,52.003,142.0,236.0,False,124.587,"[2048, 2048, 2048, 2048, 2048, 2048]","[2048, 2048, 2048, 2048, 2048, 2048]","[2048, 2048, 2048, 2048, 2048, 2048, 2048]",206.0
1263,9956,63,6,2025-06-13T17:41:52.150000+00:00,20.804,23.442,29.785,257.0,281.0,False,74.031,"[2049, 2049, 2048, 2049, 2049, 2049]","[2049, 2049, 2049, 2049, 2051, 2051]","[2049, 2048, 2048, 2049, 2049, 2049, 2051]",318.0
1263,9956,5,8,2025-06-13T17:41:57.509000+00:00,21.711,24.657,45.073,255.0,186.0,False,91.441,"[None, 2048, 2048, 2049, 2048, 2048]","[2049, 2049, 2049, 2048, 2048, 2048]","[2048, 2048, 2048, 2048, 2048, 2048, 2048]",139.0
1263,9956,4,8,2025-06-13T17:42:02.134000+00:00,20.554,23.461,30.09,257.0,279.0,False,74.105,"[2051, 2048, 2048, 2049, 2051, 2049]","[2048, 2051, 2051, 2051, 2048, 2048]","[2049, 2049, 2049, 2048, 2049, 2049]",312.0
1263,9956,55,7,2025-06-13T17:42:04.947000+00:00,35.749,40.359,38.209,156.0,194.0,False,114.317,"[2048, 2048, 2048, 2048, 2048, 2048]","[2048, 2048, 2048, 2048, 2048, 2048]","[2048, 2048, 2048, 2048, 2048, 2048, 2048]",291.0
1263,9956,10,8,2025-06-13T17:42:08.166000+00:00,20.798,23.858,30.177,253.0,278.0,False,74.833,"[2049, 2048, 2049, 2051, 2049, 2048]","[2049, 2048, 2048, 2049, 2049, 2049]","[2049, 2049, 2048, 2048, 2048, 2048]",316.0
1263,9956,31,5,2025-06-13T17:42:16.422000+00:00,21.399,24.156,30.545,254.0,280.0,False,76.1,"[None, 2049, 2049, 2049, 2049, 2049]","[2049, 2049, 2049, 2049, 2049, 2049]","[2049, 2049, 2049, 2049, 2049, 2049, 2049]",315.0
1263,9956,14,5,2025-06-13T17:42:20.281000+00:00,30.564,37.304,,140.0,162.0,False,697.714,"[2048, 2048, 2048, 2048, 2048, 2048]","[2048, 2048, 2048, 2048, 2048, 2048]","[2048, 2048, 2048, 2048, 2048, 2064, 2064]",267.0
1263,9956,6,8,2025-06-13T17:42:29.109000+00:00,20.814,23.581,29.98,256.0,280.0,False,74.375,"[2049, 2051, 2049, 2048, 2049, 2049]","[2049, 2048, 2049, 2048, 2049, 2049]","[2051, 2049, 2049, 2048, 2048, 2049]",319.0
1263,9956,22,8,2025-06-13T17:42:42.288000+00:00,29.293,35.131,,167.0,157.0,False,719.746,"[2048, 2048, 2048, 2048, 2048, 2048]","[2048, 2048, 2048, 2048, 2048, 2048]","[2048, 2048, 2048, 2048, 2048, 2064, 2064]",
1263,9956,27,7,2025-06-13T17:42:57.867000+00:00,27.073,29.56,,218.0,259.0,True,733.546,"[2064, 2064, 2048, 2048, 2048, 2048]","[2048, 2048, 2048, 2048, 2048, 2048]","[2048, 2048, 2048, 2048, 2048, 2064, 2064]",
1263,9956,43,9,2025-06-13T17:43:02.610000+00:00,35.394,,,123.0,,False,647.75,"[2048, 2048, 2048, 2048, 2048, 2048]","[2048, 2048, 2048, 2048, 2048, 2048]","[2048, 2048, 2048, 2048, 2048, 2064, 2064]",
1263,9956,12,7,2025-06-13T17:43:04.820000+00:00,20.881,24.057,,258.0,280.0,False,683.38,"[2048, 2048, 2048, 2048, 2048, 2048]","[2048, 2048, 2048, 2048, 2048, 2048]","[2048, 2048, 2048, 2048, 2048, 2064, 2064]",315.0
1263,9956,63,7,2025-06-13T17:43:06.036000+00:00,32.063,30.661,,154.0,254.0,False,513.438,"[2048, 2048, 2048, 2048, 2048, 2048]","[2048, 2048, 2048, 2048, 2048, 2048]","[2048, 2048, 2048, 2048, 2048, 2064, 2064]",
1263,9956,4,9,2025-06-13T17:43:16.116000+00:00,26.346,30.305,,160.0,245.0,False,522.771,"[2048, 2048, 2048, 2048, 2048, 2048]","[2048, 2048, 2048, 2048, 2048, 2048]","[2048, 2048, 2048, 2048, 2048, 2064, 2064]",
1263,9956,1,8,2025-06-13T17:43:21.100000+00:00,20.604,23.624,,256.0,281.0,False,659.931,"[2049, 2049, 2049, 2049, 2048, 2048]","[2051, 2048, 2048, 2049, 2049, 2049]","[2048, 2049, 2048, 2048, 2048, 2064, 2064]",
1263,9956,10,9,2025-06-13T17:43:22.835000+00:00,34.598,,,187.0,,False,818.83,"[2048, 2048, 2048, 2048, 2048, 2048]","[2048, 2048, 2048, 2048, 2048, 2048]","[2048, 2048, 2048, 2048, 2048, 2064, 2064]",
1263,9956,18,6,2025-06-13T17:43:26.210000+00:00,20.771,23.889,,255.0,278.0,False,616.704,"[2049, 2049, 2049, 2049, 2049, 2049]","[2049, 2048, 2049, 2049, 2049, 2049]","[2049, 2048, 2048, 2048, 2048, 2064, 2064]",
1263,9956,23,9,2025-06-13T17:43:27.257000+00:00,26.568,,,207.0,,False,1043.06,"[None, 2048, 2048, 2048, 2048, 2048]","[2048, 2048, 2048, 2048, 2048, 2048]","[2048, 2048, 2048, 2048, 2048, 2064, 2064]",
1263,9956,5,9,2025-06-13T17:43:28.804000+00:00,31.789,,,177.0,,False,845.217,"[None, 2048, 2048, 2048, 2048, 2048]","[2048, 2048, 2048, 2048, 2048, 2048]","[2048, 2048, 2048, 2048, 2048, 2064, 2064]",
1263,9956,31,6,2025-06-13T17:43:32.491000+00:00,32.628,,,148.0,,False,581.745,"[2048, 2048, 2048, 2048, 2048, 2048]","[2048, 2048, 2048, 2048, 2048, 2048]","[2048, 2048, 2048, 2048, 2048, 2064, 2064]",
1263,9956,44,9,2025-06-13T17:43:37.694000+00:00,20.757,,,258.0,,False,625.124,"[2049, 2049, 2048, 2049, 2049, 2049]","[2048, 2049, 2049, 2051, 2048, 2048]","[2048, 2048, 2048, 2048, 2048, 2064, 2064]",
1263,9956,30,9,2025-06-13T17:43:39.601000+00:00,36.607,,,175.0,,True,587.342,"[2064, 2064, 2048, 2048, 2048, 2048]","[2048, 2048, 2048, 2048, 2048, 2048]","[2048, 2048, 2048, 2048, 2048, 2064, 2064]",
1263,9956,6,9,2025-06-13T17:43:43.304000+00:00,,,,,,False,589.76,"[2048, 2048, 2048, 2048, 2048, 2048]","[2048, 2048, 2048, 2048, 2048, 2048]","[2048, 2048, 2048, 2048, 2048, 2064, 2064]",
1263,9956,16,9,2025-06-13T17:43:45.663000+00:00,,,,,,False,,"[None, 0, 0, 0, 0, 0]",,,
1263,9956,87,9,2025-06-13T17:43:51.929000+00:00,,,,,,False,571.378,"[None, 2049, 2048, 2048, 2048, 2048]","[2048, 2048, 2048, 2048, 2048, 2048]","[2048, 2048, 2048, 2048, 2048, 2064, 2064]",
1263,9956,55,8,2025-06-13T17:43:59.351000+00:00,,,,,,False,594.814,"[2049, 2049, 2048, 2048, 2048, 2048]","[2048, 2048, 2048, 2048, 2048, 2048]","[2048, 2048, 2048, 2048, 2048, 2064, 2064]",
1263,9956,63,8,2025-06-13T17:53:02.692000+00:00,,28.531,32.171,241.0,256.0,True,169.402,"[2064, 2064, 2048, 2048, 2048, 2048]","[2048, 2048, 2048, 2048, 2048, 2048]","[2048, 2048, 2048, 2048, 2048, 2048, 2048]",278.0
1263,9956,81,5,2025-06-13T17:53:07.583000+00:00,,28.392,34.123,239.0,259.0,True,173.619,"[2064, 2064, 2048, 2048, 2048, 2049]","[2048, 2048, 2049, 2048, 2048, 2048]","[2048, 2048, 2048, 2049, 2048, 2049, 2049]",297.0
1263,9956,4,10,2025-06-13T17:53:14.177000+00:00,,27.441,36.099,241.0,259.0,True,167.895,"[2064, 2064, 2048, 2048, 2048, 2048]","[2048, 2048, 2048, 2048, 2048, 2048]","[2048, 2048, 2048, 2048, 2048, 2048, 2048]",298.0
1263,9956,31,7,2025-06-13T17:53:17.630000+00:00,37.515,29.749,34.486,235.0,252.0,True,101.75,"[2064, 2064, 2048, 2048, 2048, 2048]","[2048, 2048, 2048, 2048, 2048, 2048]","[2048, 2048, 2048, 2048, 2048, 2048, 2048]",288.0
1263,9956,87,10,2025-06-13T17:53:26.317000+00:00,36.701,27.736,33.655,216.0,253.0,True,98.092,"[2064, 2064, 2048, 2048, 2048, 2048]","[2048, 2048, 2048, 2048, 2048, 2048]","[2048, 2048, 2048, 2048, 2048, 2048, 2048]",274.0
1263,9956,30,10,2025-06-13T17:53:28.318000+00:00,36.29,28.348,34.768,204.0,266.0,True,99.406,"[None, 2064, 2048, 2048, 2048, 2048]","[2048, 2048, 2048, 2048, 2048, 2048]","[2048, 2048, 2048, 2048, 2048, 2048, 2048]",278.0
1263,9956,6,10,2025-06-13T17:53:38.849000+00:00,36.688,26.502,37.02,245.0,264.0,True,100.21,"[2064, 2064, 2048, 2048, 2048, 2048]","[2048, 2048, 2048, 2048, 2048, 2048]","[2048, 2048, 2048, 2048, 2048, 2048, 2048]",249.0
1263,9956,18,7,2025-06-13T17:53:46.974000+00:00,38.379,29.335,34.048,198.0,258.0,True,101.762,"[2064, 2064, 2048, 2048, 2048, 2048]","[2048, 2048, 2048, 2048, 2048, 2048]","[2048, 2048, 2048, 2048, 2048, 2048, 2048]",299.0
1263,9956,43,10,2025-06-13T17:53:54.458000+00:00,38.606,27.519,35.644,178.0,257.0,True,101.769,"[2064, 2064, 2048, 2048, 2048, 2048]","[2048, 2048, 2048, 2048, 2048, 2048]","[2048, 2048, 2048, 2048, 2048, 2048, 2048]",288.0
1263,9956,55,9,2025-06-13T17:53:57.083000+00:00,40.22,26.0,37.012,242.0,262.0,True,103.232,"[2064, 2064, 2048, 2048, 2048, 2048]","[2048, 2048, 2048, 2048, 2048, 2048]","[2048, 2048, 2048, 2048, 2048, 2048, 2048]",213.0
1263,9956,14,6,2025-06-13T17:54:00.208000+00:00,36.691,26.003,43.353,243.0,267.0,True,106.047,"[2064, 2064, 2048, 2048, 2048, 2048]","[2048, 2048, 2048, 2048, 2048, 2048]","[2048, 2048, 2048, 2048, 2048, 2048, 2048]",231.0
1263,9956,44,10,2025-06-13T17:54:07.365000+00:00,40.136,25.228,42.183,238.0,261.0,True,107.547,"[2064, 2064, 2048, 2048, 2048, 2048]","[2048, 2048, 2048, 2048, 2048, 2048]","[2048, 2048, 2048, 2048, 2048, 2048, 2048]",270.0
1263,9956,1,9,2025-06-13T17:54:24.474000+00:00,32.465,26.662,44.46,252.0,275.0,True,103.587,"[2064, 2064, 2048, 2048, 2048, 2048]","[2048, 2048, 2048, 2048, 2048, 2048]","[2048, 2048, 2048, 2048, 2048, 2048, 2048]",148.0
1263,9956,63,9,2025-06-13T17:54:28.943000+00:00,20.737,29.998,37.943,257.0,267.0,False,88.678,"[2049, 2048, 2051, 2048, 2048, 2048]","[2048, 2048, 2048, 2048, 2048, 2048]","[2048, 2048, 2048, 2048, 2048, 2048, 2048]",246.0
1263,9956,12,8,2025-06-13T17:54:35.177000+00:00,37.193,31.215,37.061,211.0,258.0,True,105.469,"[2064, 2064, 2048, 2048, 2048, 2048]","[2048, 2048, 2048, 2048, 2048, 2048]","[2048, 2048, 2048, 2048, 2048, 2048, 2048]",262.0
1263,9956,81,6,2025-06-13T17:54:40.021000+00:00,21.472,23.812,30.32,254.0,278.0,False,75.604,"[2049, 2049, 2049, 2049, 2049, 2049]","[2049, 2049, 2049, 2049, 2049, 2049]","[2049, 2049, 2049, 2049, 2049, 2049, 2049]",311.0
1263,9956,22,9,2025-06-13T17:54:45.381000+00:00,39.294,27.247,37.206,215.0,260.0,True,103.747,"[2064, 2064, 2048, 2048, 2048, 2048]","[2048, 2048, 2048, 2048, 2048, 2048]","[2048, 2048, 2048, 2048, 2048, 2048, 2048]",233.0
1263,9956,4,11,2025-06-13T17:54:46.943000+00:00,20.603,28.384,35.428,256.0,251.0,False,84.415,"[2049, 2048, 2049, 2048, 2051, 2048]","[2049, 2048, 2048, None, None, 2048]","[2048, 2048, 2048, 2048, 2048, 2048, 2048]",179.0
1263,9956,31,8,2025-06-13T17:54:56.099000+00:00,23.795,26.964,33.412,231.0,257.0,False,84.171,"[2048, 2048, 2048, 2048, 2048, 2048]","[2048, 2048, 2048, 2048, 2048, 2048]","[2048, 2048, 2048, 2048, 2048, 2049, 2049]",283.0
1263,9956,87,11,2025-06-13T17:55:01.396000+00:00,23.294,25.86,44.992,238.0,259.0,False,94.146,"[2048, 2048, 2048, 2048, 2048, 2048]","[2048, 2048, 2048, 2048, 2048, 2048]","[2048, 2048, 2048, 2048, 2048, 2048, 2048]",94.0
1263,9956,30,11,2025-06-13T17:55:05.084000+00:00,24.54,29.709,39.725,231.0,210.0,False,93.974,"[2048, 2048, 2048, 2048, 2048, 2048]","[2048, 2048, 2048, 2048, 2048, 2048]","[2048, 2048, 2048, 2048, 2048, 2048, 2048]",277.0
1263,9956,27,8,2025-06-13T17:55:11.365000+00:00,28.328,26.851,37.986,229.0,261.0,True,93.165,"[None, 2064, 2048, 2048, 2048, 2048]","[2048, 2048, 2048, 2048, 2048, 2048]","[2048, 2048, 2048, 2048, 2048, 2048, 2049]",106.0
1263,9956,6,11,2025-06-13T17:55:13.412000+00:00,21.297,24.063,31.813,255.0,278.0,False,77.173,"[2048, 2048, 2048, 2048, 2048, 2048]","[2048, 2048, 2048, 2048, 2048, 2048]","[2048, 2048, 2048, 2048, 2048, 2048, 2048]",295.0
1263,9956,18,8,2025-06-13T17:55:24.631000+00:00,20.78,23.822,30.334,254.0,278.0,False,74.936,"[2049, 2049, 2048, 2048, 2048, 2048]","[2048, 2049, 2049, 2049, 2049, 2048]","[2048, 2049, 2048, 2049, 2048, 2049, 2049]",318.0
1263,9956,43,11,2025-06-13T17:55:32.263000+00:00,22.592,24.376,30.969,251.0,274.0,False,77.937,"[2049, 2048, 2048, 2048, 2048, 2048]","[2048, 2049, 2049, 2048, 2048, 2048]","[2048, 2048, 2048, 2048, 2048, 2048, 2048]",311.0
1263,9956,55,10,2025-06-13T17:55:37.403000+00:00,21.773,31.354,37.961,243.0,265.0,False,91.088,"[2048, 2048, 2048, 2048, 2048, 2048]","[2048, 2048, 2048, 2048, 2048, 2048]","[2048, 2048, 2048, 2048, 2048, 2048, 2048]",286.0
1263,9956,14,7,2025-06-13T17:55:44.090000+00:00,20.828,23.928,30.406,251.0,277.0,False,75.162,"[2048, 2049, 2049, 2049, 2048, 2048]","[2049, 2048, 2049, 2048, 2048, 2048]","[2048, 2048, 2048, 2048, 2048, 2048, 2048]",315.0
1263,9956,44,11,2025-06-13T17:55:50.325000+00:00,20.775,23.241,,257.0,281.0,False,306.387,"[2048, 2048, 2048, 2049, 2048, 2048]","[2049, 2048, 2049, 2051, 2049, 2049]","[2048, 2048, 2048, 2048, 2048, 2064, 2064]",160.0
1263,9956,81,7,2025-06-13T17:55:55.481000+00:00,33.756,40.097,43.3,144.0,186.0,False,117.153,"[2048, 2048, 2048, 2048, 2048, 2048]","[2048, 2048, 2048, 2048, 2048, 2048]","[2048, 2048, 2048, 2048, 2048, 2048, 2049]",161.0
1263,9956,63,10,2025-06-13T17:55:57.700000+00:00,20.775,23.383,35.977,,281.0,False,80.135,"[2048, 2048, 2048, 2048, 2049, 2049]","[2048, 2049, 2048, 2049, 2051, 2048]","[2048, 2048, 2048, 2048, 2048, 2048, 2048]",222.0
1263,9956,1,10,2025-06-13T17:56:04.591000+00:00,20.644,23.483,44.801,257.0,281.0,False,88.928,"[2051, 2048, 2048, 2049, 2048, 2048]","[2048, 2049, 2049, 2049, 2049, 2049]","[2048, 2048, 2048, 2048, 2048, 2048, 2048]",187.0
1263,9956,4,12,2025-06-13T17:56:11.294000+00:00,20.681,23.478,30.742,255.0,278.0,False,74.901,"[None, 2049, 2048, 2049, 2048, 2048]","[2048, 2048, 2048, 2049, 2049, 2048]","[2048, 2048, 2048, 2048, 2048, 2048, 2048]",312.0
1263,9956,12,9,2025-06-13T17:56:13.685000+00:00,25.003,29.591,33.306,223.0,263.0,False,87.9,"[2048, 2048, 2048, 2048, 2048, 2048]","[2048, 2048, 2048, 2048, 2048, 2048]","[2048, 2048, 2048, 2048, 2048, 2048, 2048]",284.0
1263,9956,31,9,2025-06-13T17:56:20.294000+00:00,21.093,24.0,30.367,255.0,278.0,False,75.46,"[2049, 2049, 2049, 2049, 2049, 2049]","[2049, 2049, 2049, 2049, 2048, 2048]","[2048, 2049, 2048, 2048, 2048, 2049, 2049]",313.0
1263,9956,22,10,2025-06-13T17:56:25.888000+00:00,20.605,24.348,54.37,257.0,273.0,False,99.323,"[2049, 2049, 2048, 2049, 2049, 2049]","[2051, 2049, 2049, 2048, 2048, 2048]","[2048, 2048, 2048, 2048, 2048, 2048, 2048]",117.0
1263,9956,6,12,2025-06-13T17:56:30.560000+00:00,20.887,23.718,30.457,256.0,280.0,False,75.062,"[None, 2048, 2048, 2048, 2049, 2049]","[2048, 2048, 2048, 2048, 2048, 2048]","[2048, 2048, 2048, 2048, 2048, 2048, 2048]",319.0
1263,9956,87,12,2025-06-13T17:56:35.544000+00:00,21.12,23.942,30.252,255.0,277.0,False,75.314,"[None, 2049, 2049, 2049, 2049, 2048]","[2048, 2049, 2049, 2049, 2048, 2049]","[2049, 2049, 2048, 2049, 2048, 2048]",315.0
1263,9956,30,12,2025-06-13T17:56:38.935000+00:00,21.018,23.949,42.938,256.0,281.0,False,87.905,"[2049, 2049, 2048, 2048, 2049, 2049]","[2048, 2049, 2049, 2048, 2049, 2049]","[2048, 2048, 2048, 2048, 2048, 2048, 2048]",148.0
1263,9956,18,9,2025-06-13T17:56:39.435000+00:00,32.162,39.586,60.526,145.0,81.0,False,132.274,"[2048, 2048, 2048, 2048, 2048, 2048]","[2048, 2048, 2048, 2048, 2048, 2048]","[2048, 2048, 2048, 2048, 2048, 2048, 2048]",81.0
1263,9956,27,9,2025-06-13T17:56:43.122000+00:00,20.973,23.758,30.09,257.0,281.0,False,74.821,"[2049, 2049, 2049, 2049, 2049, 2048]","[2049, 2049, 2049, 2049, 2048, 2049]","[2049, 2049, 2049, 2049, 2048, 2049, 2049]",320.0
1263,9956,43,12,2025-06-13T17:56:50.263000+00:00,27.465,37.17,35.644,151.0,201.0,False,100.279,"[2048, 2048, 2048, 2048, 2048, 2048]","[2048, 2048, 2048, 2048, 2048, 2048]","[2048, 2048, 2048, 2048, 2048, 2048, 2048]",290.0
1263,9956,14,8,2025-06-13T17:56:59.279000+00:00,26.469,30.588,45.905,194.0,259.0,False,102.962,"[None, 2048, 2048, 2048, 2048, 2048]","[2048, 2048, 2048, 2048, 2048, 2048]","[2048, 2048, 2048, 2048, 2048, 2048, 2048]",67.0
1263,9956,10,10,2025-06-13T17:57:03.185000+00:00,29.283,25.61,39.525,240.0,275.0,True,94.418,"[2064, 2064, 2048, 2048, 2048, 2048]","[2048, 2048, 2048, 2048, 2048, 2048]","[2048, 2048, 2048, 2048, 2048, 2048, 2048]",102.0
1263,9956,55,11,2025-06-13T17:57:08.529000+00:00,20.591,23.738,29.955,258.0,280.0,False,74.284,"[2049, 2049, 2049, 2049, 2049, 2049]","[2049, 2048, 2049, 2049, 2048, 2048]","[2049, 2051, 2048, 2048, 2049, 2048, 2048]",315.0
1263,9956,63,11,2025-06-13T17:57:17.810000+00:00,20.655,23.435,51.71,258.0,281.0,False,95.8,"[None, 2048, 2048, 2048, 2051, 2051]","[2048, 2048, 2048, 2049, 2048, 2048]","[2048, 2048, 2048, 2048, 2048, 2064, 2064]",265.0
1263,9956,4,13,2025-06-13T17:57:26.263000+00:00,20.623,35.609,37.342,256.0,213.0,False,93.574,"[2048, 2048, 2048, 2048, 2048, 2049]","[2048, 2048, 2048, 2048, 2048, 2048]","[2048, 2048, 2048, 2048, 2048, 2048, 2048]",278.0
1263,9956,1,11,2025-06-13T17:57:33.435000+00:00,20.558,23.424,29.881,,281.0,False,73.863,"[2048, 2048, 2049, 2048, 2049, 2049]","[2048, 2049, 2049, 2049, 2049, 2049]","[2049, 2048, 2048, 2048, 2049, 2048, 2048]",320.0
1263,9956,5,10,2025-06-13T17:57:35.545000+00:00,29.877,27.78,34.322,210.0,260.0,True,91.979,"[2064, 2064, 2048, 2048, 2048, 2048]","[2048, 2048, 2048, 2048, 2048, 2048]","[2048, 2048, 2048, 2048, 2048, 2048, 2048]",261.0
1263,9956,31,10,2025-06-13T17:57:35.638000+00:00,24.015,28.69,,236.0,259.0,False,620.646,"[2048, 2048, 2048, 2048, 2048, 2048]","[2048, 2048, 2048, 2048, 2048, 2048]","[2048, 2048, 2048, 2048, 2048, 2064, 2064]",280.0
1263,9956,12,10,2025-06-13T17:57:41.670000+00:00,20.943,23.878,30.049,256.0,281.0,False,74.87,"[None, 2049, 2049, 2048, 2048, 2048]","[2049, 2048, 2049, 2048, 2048, 2049]","[2049, 2049, 2048, 2048, 2048, 2049, 2048]",315.0
1263,9956,6,13,2025-06-13T17:57:45.607000+00:00,30.501,36.523,35.969,156.0,186.0,False,102.993,"[None, 2048, 2048, 2048, 2048, 2048]","[2048, 2048, 2048, 2048, 2048, 2048]","[2048, 2048, 2048, 2048, 2048, 2048, 2048]",275.0
1263,9956,87,13,2025-06-13T17:57:50.748000+00:00,29.399,26.3,,229.0,258.0,False,318.877,"[None, 2048, 2048, 2048, 2048, 2048]","[2048, 2048, 2048, 2048, 2048, 2048]","[2048, 2048, 2048, 2048, 2048, 2064, 2064]",291.0
1263,9956,81,8,2025-06-13T17:57:52.748000+00:00,21.105,23.683,30.03,255.0,278.0,False,74.818,"[2049, 2049, 2048, 2049, 2049, 2049]","[2049, 2048, 2048, 2049, 2048, 2048]","[2049, 2048, 2049, 2049, 2049, 2048, 2048]",315.0
1263,9956,27,10,2025-06-13T17:57:57.935000+00:00,28.252,35.174,38.945,168.0,189.0,False,102.371,"[2048, 2048, 2048, 2048, 2048, 2048]","[2048, 2048, 2048, 2048, 2048, 2048]","[2048, 2048, 2048, 2048, 2048, 2048, 2048]",224.0
1263,9956,22,11,2025-06-13T17:58:05.295000+00:00,34.892,36.707,35.658,139.0,201.0,False,107.257,"[2048, 2048, 2048, 2048, 2048, 2048]","[2048, 2048, 2048, 2048, 2048, 2048]","[2048, 2048, 2048, 2048, 2048, 2048, 2048]",273.0
1263,9956,30,13,2025-06-13T17:58:06.889000+00:00,20.824,23.694,29.94,258.0,280.0,False,74.458,"[2048, 2049, 2048, 2048, 2049, 2049]","[2048, 2049, 2049, 2049, 2048, 2048]","[2049, 2048, 2049, 2049, 2048, 2049, 2048]",320.0
1263,9956,55,12,2025-06-13T17:58:22.639000+00:00,42.157,44.208,47.719,148.0,153.0,False,134.084,"[2048, 2048, 2048, 2048, 2048, 2048]","[2048, 2048, 2048, 2048, 2048, 2048]","[2048, 2048, 2048, 2048, 2048, 2048, 2048]",283.0
1263,9956,43,13,2025-06-13T17:58:30.530000+00:00,21.046,24.037,30.367,254.0,275.0,False,75.45,"[None, 2049, 2049, 2049, 2049, 2049]","[2049, 2048, 2049, 2049, 2048, 2048]","[2049, 2048, 2048, 2048, 2048, 2048, 2048]",312.0
1263,9956,10,11,2025-06-13T17:58:36.233000+00:00,24.976,31.678,32.51,159.0,259.0,False,89.164,"[2049, 2048, 2048, 2048, 2048, 2048]","[2048, 2048, 2048, 2048, 2048, 2048]","[2048, 2048, 2048, 2048, 2048, 2048, 2048]",292.0
1263,9956,14,9,2025-06-13T17:58:42.264000+00:00,20.762,23.519,30.043,254.0,279.0,False,74.324,"[None, 2049, 2048, 2048, 2049, 2049]","[2048, 2049, 2049, 2048, 2049, 2049]","[2048, 2049, 2049, 2048, 2049, 2048, 2048]",317.0
1263,9956,1,12,2025-06-13T17:58:47.233000+00:00,26.788,26.336,,239.0,260.0,False,325.586,"[None, 2048, 2048, 2048, 2048, 2048]","[2048, 2048, 2048, 2048, 2048, 2048]","[2048, 2048, 2048, 2048, 2051, 2064, 2064]",288.0
1263,9956,18,10,2025-06-13T17:58:51.858000+00:00,20.819,23.77,30.607,255.0,278.0,False,75.196,"[None, 2048, 2048, 2048, 2049, 2049]","[2049, 2049, 2049, 2048, 2048, 2049]","[2048, 2048, 2049, 2049, 2048, 2049, 2048]",321.0
1263,9956,63,12,2025-06-13T17:58:55.045000+00:00,26.822,27.265,32.34,240.0,272.0,True,86.427,"[2064, 2064, 2048, 2048, 2048, 2048]","[2048, 2048, 2048, 2048, 2048, 2048]","[2048, 2048, 2048, 2048, 2048, 2048, 2048]",290.0
1263,9956,12,11,2025-06-13T17:58:56.467000+00:00,26.259,29.038,36.1,189.0,208.0,False,91.397,"[None, 2048, 2048, 2048, 2048, 2048]","[2048, 2048, 2048, 2048, 2048, 2048]","[2048, 2048, 2048, 2048, 2048, 2048, 2048]",215.0
1263,9956,4,14,2025-06-13T17:58:59.842000+00:00,21.061,25.562,30.586,257.0,280.0,False,77.209,"[None, 2048, 2048, 2048, 2048, 2048]","[2048, 2048, 2048, 2048, 2049, 2049]","[2049, 2049, 2048, 2048, 2048, 2048, 2048]",298.0
1263,9956,5,11,2025-06-13T17:59:06.045000+00:00,21.362,24.041,30.114,251.0,282.0,False,75.517,"[2048, 2049, 2049, 2048, 2049, 2048]","[2048, 2048, 2048, 2049, 2049, 2049]","[2049, 2049, 2048, 2048, 2048, 2049, 2049]",320.0
1263,9956,81,9,2025-06-13T17:59:07.514000+00:00,29.861,37.066,37.345,159.0,168.0,False,104.272,"[2048, 2048, 2048, 2048, 2048, 2048]","[2048, 2048, 2048, 2048, 2048, 2048]","[2048, 2048, 2048, 2048, 2048, 2048, 2049]",281.0
1263,9956,30,14,2025-06-13T17:59:21.342000+00:00,31.729,34.061,49.518,173.0,232.0,False,115.308,"[None, 2048, 2048, 2048, 2048, 2048]","[2048, 2048, 2048, 2048, 2048, 2048]","[2048, 2048, 2048, 2048, 2048, 2048, 2048]",88.0
1263,9956,6,14,2025-06-13T17:59:28.655000+00:00,20.928,23.698,30.188,254.0,279.0,False,74.814,"[None, 2048, 2048, 2048, 2049, 2048]","[2049, 2048, 2048, 2048, 2048, 2048]","[2048, 2048, 2048, 2048, 2048, 2049, 2049]",318.0
1263,9956,27,11,2025-06-13T17:59:40.358000+00:00,21.029,23.869,85.907,256.0,279.0,False,130.805,"[None, 2048, 2049, 2048, 2049, 2048]","[2048, 2049, 2048, 2048, 2048, 2048]","[2048, 2048, 2048, 2048, 2048, 2064, 2064]",189.0
1263,9956,43,14,2025-06-13T17:59:45.858000+00:00,24.309,28.277,,233.0,258.0,False,478.949,"[None, 2048, 2048, 2048, 2048, 2048]","[2048, 2048, 2048, 2048, 2048, 2048]","[2048, 2048, 2048, 2048, 2049, 2064, 2064]",292.0
1263,9956,22,12,2025-06-13T17:59:52.515000+00:00,20.556,23.753,30.312,258.0,277.0,False,74.621,"[None, 2048, 2049, 2049, 2049, 2049]","[2048, 2049, 2049, 2049, 2048, 2048]","[2048, 2049, 2048, 2048, 2048, 2048, 2048]",320.0
1263,9956,14,10,2025-06-13T17:59:56.608000+00:00,23.607,25.851,,236.0,267.0,False,342.753,"[None, 2048, 2048, 2048, 2048, 2048]","[2048, 2048, 2048, 2048, 2048, 2048]","[2048, 2048, 2048, 2048, 2048, 2064, 2064]",206.0
1263,9956,10,12,2025-06-13T18:00:05.390000+00:00,20.537,23.497,30.354,255.0,278.0,False,74.388,"[None, 2048, 2049, 2049, 2049, 2049]","[2049, 2049, 2049, 2049, 2048, 2048]","[2048, 2049, 2048, 2048, 2048, 2048, 2048]",313.0
1263,9956,18,11,2025-06-13T18:00:07.030000+00:00,27.02,27.717,,200.0,254.0,False,571.98,"[None, 2048, 2048, 2048, 2048, 2048]","[2048, 2048, 2048, 2048, 2048, 2048]","[2048, 2048, 2048, 2048, 2048, 2064, 2064]",271.0
1263,9956,4,15,2025-06-13T18:00:16.937000+00:00,20.961,30.062,,256.0,266.0,False,709.514,"[None, 2048, 2048, 2048, 2048, 2048]","[2048, 2048, 2048, 2048, 2048, 2048]","[2048, 2048, 2048, 2048, 2048, 2064, 2064]",239.0
1263,9956,63,13,2025-06-13T18:00:20.046000+00:00,20.541,23.17,29.824,259.0,282.0,False,73.535,"[2049, 2049, 2048, 2049, 2048, 2048]","[2048, 2051, 2051, 2049, 2051, 2051]","[2048, 2051, 2048, 2048, 2049, 2049, 2048]",314.0
1263,9956,5,12,2025-06-13T18:00:21.609000+00:00,30.928,36.307,43.24,156.0,128.0,False,110.475,"[None, 2048, 2048, 2048, 2048, 2048]","[2048, 2048, 2048, 2048, 2048, 2048]","[2048, 2048, 2048, 2048, 2048, 2048, 2048]",246.0
1263,9956,12,12,2025-06-13T18:00:27.999000+00:00,22.935,29.007,56.329,195.0,165.0,False,108.271,"[2049, 2048, 2048, 2048, 2048, 2048]","[2048, 2048, 2048, 2048, 2048, 2048]","[2048, 2048, 2048, 2048, 2048, 2064, 2064]",273.0
1263,9956,55,13,2025-06-13T18:00:36.843000+00:00,20.496,23.463,30.623,258.0,280.0,False,74.582,"[2049, 2051, 2048, 2049, 2049, 2049]","[2049, 2049, 2049, 2049, 2049, 2049]","[2048, 2048, 2049, 2048, 2049, 2049, 2048]",316.0
1263,9956,6,15,2025-06-13T18:00:43.452000+00:00,22.252,26.329,,237.0,255.0,False,312.174,"[None, 2048, 2048, 2048, 2048, 2048]","[2048, 2048, 2048, 2048, 2048, 2048]","[2048, 2048, 2048, 2048, 2048, 2064, 2064]",274.0
1263,9956,23,10,2025-06-13T18:00:51.781000+00:00,25.919,25.644,36.148,243.0,269.0,True,87.711,"[2064, 2064, 2048, 2048, 2048, 2048]","[2048, 2048, 2048, 2048, 2048, 2048]","[2048, 2048, 2048, 2048, 2048, 2048, 2048]",148.0
1263,9956,81,10,2025-06-13T18:00:51.874000+00:00,20.858,23.596,30.058,254.0,278.0,False,74.512,"[None, 2049, 2049, 2049, 2049, 2048]","[2049, 2048, 2048, 2049, 2048, 2048]","[2048, 2048, 2048, 2048, 2049, 2049]",315.0
1263,9956,44,12,2025-06-13T18:00:58.906000+00:00,27.217,25.255,37.152,241.0,258.0,True,89.624,"[2064, 2064, 2048, 2048, 2048, 2048]","[2048, 2048, 2048, 2048, 2048, 2048]","[2048, 2048, 2048, 2048, 2048, 2048, 2048]",153.0
1263,9956,22,13,2025-06-13T18:01:07.187000+00:00,33.986,44.737,47.903,186.0,125.0,False,126.626,"[None, 2048, 2048, 2048, 2048, 2048]","[2048, 2048, 2048, 2048, 2048, 2048]","[2048, 2048, 2048, 2048, 2048, 2048, 2048]",201.0
1263,9956,30,15,2025-06-13T18:01:16.718000+00:00,20.679,23.65,29.976,257.0,280.0,False,74.305,"[2049, 2049, 2048, 2049, 2049, 2049]","[2048, 2048, 2048, 2048, 2049, 2049]","[2048, 2049, 2048, 2048, 2048, 2049]",316.0
1263,9956,10,13,2025-06-13T18:01:19.703000+00:00,39.192,51.356,52.775,108.0,146.0,False,143.323,"[2048, 2048, 2048, 2048, 2048, 2048]","[2048, 2048, 2048, 2048, 2048, 2048]","[2048, 2048, 2048, 2048, 2048, 2048, 2048]",180.0
1263,9956,63,14,2025-06-13T18:01:33.500000+00:00,31.501,41.979,43.194,145.0,147.0,False,116.674,"[2048, 2048, 2048, 2048, 2048, 2048]","[2048, 2048, 2048, 2048, 2048, 2048]","[2048, 2048, 2048, 2048, 2048, 2048, 2048]",218.0
1263,9956,55,14,2025-06-13T18:01:51.391000+00:00,35.767,43.103,41.39,135.0,148.0,False,120.26,"[2048, 2048, 2048, 2048, 2048, 2048]","[2048, 2048, 2048, 2048, 2048, 2048]","[2048, 2048, 2048, 2048, 2048, 2048, 2048]",261.0
1263,9956,27,12,2025-06-13T18:01:52.500000+00:00,26.708,29.553,34.369,201.0,255.0,True,90.63,"[2064, 2064, 2048, 2048, 2048, 2048]","[2048, 2048, 2048, 2048, 2048, 2048]","[2048, 2048, 2048, 2048, 2048, 2048, 2048]",281.0
1263,9956,81,11,2025-06-13T18:02:06.234000+00:00,30.731,40.28,41.814,198.0,179.0,False,112.825,"[None, 2048, 2048, 2048, 2048, 2048]","[2048, 2048, 2048, 2048, 2048, 2048]","[2048, 2048, 2048, 2048, 2048, 2048, 2049]",166.0
1263,9956,5,13,2025-06-13T18:02:12.094000+00:00,21.0,23.766,30.089,257.0,281.0,False,74.855,"[2049, 2049, 2049, 2049, 2049, 2049]","[2049, 2048, 2048, 2049, 2049, 2048]","[2048, 2049, 2048, 2048, 2048, 2049]",317.0
1263,9956,12,13,2025-06-13T18:02:17.609000+00:00,27.986,28.31,32.762,226.0,268.0,True,89.058,"[2064, 2064, 2048, 2048, 2048, 2048]","[2048, 2048, 2048, 2048, 2048, 2048]","[2048, 2048, 2048, 2048, 2048, 2048, 2048]",283.0
1263,9956,23,11,2025-06-13T18:02:18.172000+00:00,20.507,23.496,29.884,257.0,279.0,False,73.887,"[2049, 2051, 2048, 2048, 2049, 2048]","[2048, 2049, 2049, 2049, 2048, 2048]","[2049, 2048, 2048, 2048, 2048, 2048, 2048]",317.0
1263,9956,44,13,2025-06-13T18:02:26.391000+00:00,20.754,23.336,30.124,257.0,282.0,False,74.214,"[2049, 2049, 2048, 2051, 2048, 2048]","[2049, 2048, 2049, 2048, 2048, 2049]","[2049, 2048, 2048, 2048, 2049, 2048, 2048]",319.0
1263,9956,30,16,2025-06-13T18:02:30.844000+00:00,23.169,27.93,,232.0,243.0,False,321.855,"[2048, 2048, 2048, 2048, 2048, 2048]","[2048, 2048, 2048, 2048, 2048, 2048]","[2048, 2048, 2048, 2048, 2048, 2064, 2064]",208.0
1263,9956,87,14,2025-06-13T18:03:11.157000+00:00,27.909,26.795,37.198,231.0,255.0,True,91.902,"[2064, 2064, 2048, 2048, 2048, 2048]","[2048, 2048, 2048, 2048, 2048, 2048]","[2048, 2048, 2048, 2048, 2048, 2048, 2048]",276.0
1263,9956,22,14,2025-06-13T18:03:13.704000+00:00,34.179,33.064,34.164,135.0,255.0,False,101.407,"[None, 2048, 2048, 2048, 2048, 2048]","[2048, 2048, 2048, 2048, 2048, 2048]","[2048, 2048, 2048, 2048, 2048, 2048, 2048]",273.0
1263,9956,27,13,2025-06-13T18:03:21.657000+00:00,20.96,23.902,30.215,257.0,279.0,False,75.077,"[2048, 2049, 2048, 2048, 2049, 2049]","[2048, 2048, 2048, 2048, 2048, 2048]","[2048, 2049, 2048, 2048, 2049, 2048, 2048]",316.0
1263,9956,5,14,2025-06-13T18:03:26.844000+00:00,34.436,39.429,39.355,131.0,225.0,False,113.22,"[2048, 2048, 2048, 2048, 2048, 2048]","[2048, 2048, 2048, 2048, 2048, 2048]","[2048, 2048, 2048, 2048, 2048, 2048, 2048]",199.0
1263,9956,63,15,2025-06-13T18:03:30.235000+00:00,28.187,30.3,33.656,172.0,249.0,False,92.143,"[None, 2048, 2048, 2048, 2048, 2048]","[2048, 2048, 2048, 2048, 2048, 2048]","[2048, 2048, 2048, 2048, 2048, 2048, 2048]",274.0
1263,9956,23,12,2025-06-13T18:03:31.907000+00:00,35.003,37.56,40.982,117.0,109.0,False,113.545,"[2048, 2048, 2048, 2048, 2048, 2048]","[2048, 2048, 2048, 2048, 2048, 2048]","[2048, 2048, 2048, 2048, 2048, 2048, 2048]",256.0
1263,9956,44,14,2025-06-13T18:03:40.516000+00:00,36.925,56.974,44.317,102.0,125.0,False,138.216,"[2048, 2048, 2048, 2048, 2048, 2048]","[2048, 2048, 2048, 2048, 2048, 2048]","[2048, 2048, 2048, 2048, 2048, 2048, 2048]",98.0
1263,9956,10,14,2025-06-13T18:03:43.095000+00:00,34.522,30.626,43.001,140.0,269.0,False,108.149,"[None, 2048, 2048, 2048, 2048, 2048]","[2048, 2048, 2048, 2048, 2048, 2048]","[2048, 2048, 2048, 2048, 2048, 2048, 2048]",94.0
1263,9956,12,14,2025-06-13T18:03:45.313000+00:00,20.761,23.622,29.906,256.0,280.0,False,74.289,"[2049, 2049, 2048, 2048, 2048, 2048]","[2048, 2049, 2049, 2049, 2049, 2049]","[2049, 2049, 2048, 2048, 2049, 2049]",317.0
1263,9956,55,15,2025-06-13T18:03:51.704000+00:00,22.514,34.03,48.348,175.0,256.0,False,104.892,"[None, 2048, 2048, 2049, 2048, 2048]","[2048, 2048, 2048, 2048, 2048, 2048]","[2048, 2048, 2048, 2048, 2048, 2048, 2048]",288.0
1263,9956,81,12,2025-06-13T18:03:59.063000+00:00,20.731,23.998,,256.0,261.0,False,290.972,"[2049, 2048, 2049, 2048, 2049, 2049]","[2048, 2049, 2048, 2048, 2048, 2048]","[2048, 2048, 2048, 2048, 2048, 2064, 2064]",273.0
1263,9956,1,13,2025-06-13T18:04:14.360000+00:00,30.18,26.475,36.24,250.0,245.0,True,92.895,"[2064, 2064, 2048, 2048, 2048, 2048]","[2048, 2048, 2048, 2048, 2048, 2048]","[2048, 2048, 2048, 2048, 2048, 2048, 2048]",274.0
1263,9956,27,14,2025-06-13T18:04:36.689000+00:00,28.45,32.658,,188.0,166.0,False,580.156,"[None, 2048, 2048, 2048, 2048, 2048]","[2048, 2048, 2048, 2048, 2048, 2048]","[2048, 2048, 2048, 2048, 2048, 2064, 2064]",275.0
1263,9956,87,15,2025-06-13T18:04:41.595000+00:00,20.881,23.67,30.544,255.0,277.0,False,75.095,"[2049, 2049, 2049, 2049, 2049, 2049]","[2049, 2049, 2049, 2049, 2049, 2049]","[2048, 2049, 2048, 2048, 2048, 2049]",311.0
1263,9956,22,15,2025-06-13T18:04:55.220000+00:00,20.511,23.555,29.861,258.0,281.0,False,73.927,"[2049, 2048, 2049, 2049, 2048, 2048]","[2048, 2048, 2048, 2048, 2048, 2049]","[2049, 2049, 2048, 2048, 2049, 2049, 2049]",319.0
1263,9956,12,15,2025-06-13T18:04:59.392000+00:00,31.194,35.79,34.331,147.0,233.0,False,101.315,"[2048, 2048, 2048, 2048, 2048, 2048]","[2048, 2048, 2048, 2048, 2048, 2048]","[2048, 2048, 2048, 2048, 2048, 2048, 2048]",270.0
1263,9956,63,16,2025-06-13T18:05:02.376000+00:00,20.511,23.306,29.755,258.0,280.0,False,73.572,"[None, 2049, 2048, 2048, 2049, 2051]","[2049, 2048, 2048, 2048, 2048, 2048]","[2049, 2048, 2048, 2048, 2049, 2048, 2048]",317.0
1263,9956,5,15,2025-06-13T18:05:20.080000+00:00,20.902,23.695,29.995,258.0,280.0,False,74.592,"[2049, 2049, 2049, 2049, 2048, 2049]","[2049, 2048, 2049, 2049, 2048, 2048]","[2049, 2048, 2048, 2048, 2048, 2049]",315.0
1263,9956,23,13,2025-06-13T18:05:25.517000+00:00,20.447,23.405,54.946,257.0,280.0,False,98.798,"[2049, 2048, 2049, 2048, 2049, 2049]","[2048, 2049, 2049, 2049, 2048, 2048]","[2048, 2048, 2048, 2048, 2048, 2048, 2048]",97.0
1263,9956,10,15,2025-06-13T18:05:31.220000+00:00,20.439,23.418,30.155,256.0,277.0,False,74.012,"[None, 2049, 2049, 2048, 2049, 2048]","[2048, 2049, 2049, 2048, 2049, 2049]","[2049, 2049, 2048, 2048, 2048, 2049, 2049]",314.0
1263,9956,55,16,2025-06-13T18:05:36.642000+00:00,20.509,23.157,29.609,260.0,284.0,False,73.275,"[2049, 2048, 2048, 2049, 2049, 2049]","[2048, 2049, 2051, 2049, 2051, 2051]","[2048, 2049, 2051, 2049, 2049, 2048, 2051]",322.0
1263,9956,14,11,2025-06-13T18:05:40.814000+00:00,28.813,27.148,33.928,240.0,264.0,True,89.889,"[2064, 2064, 2048, 2048, 2048, 2048]","[2048, 2048, 2048, 2048, 2048, 2048]","[2048, 2048, 2048, 2048, 2048, 2048, 2048]",304.0
1263,9956,1,14,2025-06-13T18:05:45.877000+00:00,20.37,23.254,29.569,257.0,281.0,False,73.193,"[2051, 2049, 2049, 2048, 2049, 2049]","[2049, 2049, 2049, 2049, 2048, 2049]","[2049, 2049, 2049, 2049, 2048, 2051]",322.0
1263,9956,87,16,2025-06-13T18:05:56.564000+00:00,34.626,37.216,36.076,115.0,248.0,False,107.918,"[2048, 2048, 2048, 2048, 2048, 2048]","[2048, 2048, 2048, 2048, 2048, 2048]","[2048, 2048, 2048, 2048, 2048, 2048, 2048]",286.0
1263,9956,6,16,2025-06-13T18:05:57.002000+00:00,27.935,26.146,33.468,244.0,267.0,True,87.549,"[2064, 2064, 2048, 2048, 2048, 2048]","[2048, 2048, 2048, 2048, 2048, 2048]","[2048, 2048, 2048, 2048, 2048, 2048, 2048]",268.0
1263,9956,44,15,2025-06-13T18:05:58.861000+00:00,20.524,23.236,29.86,258.0,281.0,False,73.62,"[None, 2048, 2048, 2048, 2051, 2049]","[2051, 2048, 2048, 2048, 2049, 2048]","[2048, 2048, 2049, 2048, 2048, 2049, 2049]",319.0
1263,9956,22,16,2025-06-13T18:06:08.986000+00:00,32.182,45.449,55.087,128.0,122.0,False,132.718,"[2048, 2048, 2048, 2048, 2048, 2048]","[2048, 2048, 2048, 2048, 2048, 2048]","[2048, 2048, 2048, 2048, 2048, 2048, 2048]",163.0
1263,9956,63,17,2025-06-13T18:06:15.955000+00:00,28.38,30.334,,177.0,159.0,False,474.873,"[None, 2048, 2048, 2048, 2048, 2048]","[2048, 2048, 2048, 2048, 2048, 2048]","[2048, 2048, 2048, 2048, 2048, 2064, 2064]",248.0
1263,9956,5,16,2025-06-13T18:06:34.611000+00:00,32.526,35.02,39.618,150.0,198.0,False,107.164,"[2048, 2048, 2048, 2048, 2048, 2048]","[2048, 2048, 2048, 2048, 2048, 2048]","[2048, 2048, 2048, 2048, 2048, 2048, 2048]",204.0
1263,9956,12,16,2025-06-13T18:06:40.795000+00:00,20.716,23.574,29.961,257.0,281.0,False,74.251,"[None, 2049, 2048, 2048, 2048, 2049]","[2049, 2048, 2049, 2048, 2048, 2049]","[2048, 2049, 2049, 2048, 2049, 2048, 2048]",319.0
1263,9956,10,16,2025-06-13T18:06:45.265000+00:00,35.44,44.455,45.962,115.0,146.0,False,125.857,"[None, 2048, 2048, 2048, 2048, 2048]","[2048, 2048, 2048, 2048, 2048, 2048]","[2048, 2048, 2048, 2048, 2048, 2048, 2048]",273.0
1263,9956,55,17,2025-06-13T18:06:49.921000+00:00,35.053,43.762,47.606,159.0,144.0,False,126.421,"[2048, 2048, 2048, 2048, 2048, 2048]","[2048, 2048, 2048, 2048, 2048, 2048]","[2048, 2048, 2048, 2048, 2048, 2048, 2048]",204.0
1263,9956,1,15,2025-06-13T18:06:58.968000+00:00,37.3,47.01,48.844,141.0,116.0,False,133.154,"[2048, 2048, 2048, 2048, 2048, 2048]","[2048, 2048, 2048, 2048, 2048, 2048]","[2048, 2048, 2048, 2048, 2048, 2048, 2048]",235.0
1263,9956,23,14,2025-06-13T18:07:04.280000+00:00,34.873,34.285,37.813,137.0,259.0,False,106.971,"[2048, 2048, 2048, 2048, 2048, 2048]","[2048, 2048, 2048, 2048, 2048, 2048]","[2048, 2048, 2048, 2048, 2048, 2048, 2048]",138.0
1263,9956,14,12,2025-06-13T18:07:09.249000+00:00,20.528,23.46,39.294,255.0,279.0,False,83.282,"[2049, 2049, 2049, 2048, 2051, 2049]","[2049, 2048, 2049, 2049, 2048, 2049]","[2048, 2048, 2048, 2048, 2048, 2048, 2048]",263.0
1263,9956,44,16,2025-06-13T18:07:12.296000+00:00,28.417,25.202,,237.0,261.0,False,415.578,"[None, 2048, 2048, 2048, 2048, 2048]","[2048, 2048, 2048, 2048, 2048, 2048]","[2048, 2048, 2048, 2048, 2048, 2064, 2064]",293.0
1263,9956,6,17,2025-06-13T18:07:23.156000+00:00,20.655,33.251,46.155,256.0,218.0,False,100.061,"[2049, 2049, 2049, 2049, 2048, 2048]","[2048, 2048, 2048, 2048, 2048, 2048]","[2048, 2048, 2048, 2048, 2048, 2048, 2048]",78.0
1263,9956,87,17,2025-06-13T18:07:44.593000+00:00,20.904,23.59,30.203,255.0,279.0,False,74.697,"[None, 2049, 2048, 2048, 2049, 2048]","[2049, 2049, 2049, 2048, 2049, 2049]","[2049, 2048, 2049, 2048, 2048, 2049]",314.0
1263,9956,43,15,2025-06-13T18:07:46.343000+00:00,30.023,27.125,35.645,216.0,253.0,True,92.793,"[2064, 2064, 2048, 2048, 2048, 2048]","[2048, 2048, 2048, 2048, 2048, 2048]","[2048, 2048, 2048, 2048, 2048, 2048, 2048]",167.0
1263,9956,30,17,2025-06-13T18:07:54.500000+00:00,30.416,26.959,34.548,225.0,269.0,True,91.923,"[2064, 2064, 2048, 2048, 2048, 2048]","[2048, 2048, 2048, 2048, 2048, 2048]","[2048, 2048, 2048, 2048, 2048, 2048, 2048]",289.0
1263,9956,12,17,2025-06-13T18:07:55.125000+00:00,35.942,46.265,38.642,119.0,197.0,False,120.849,"[None, 2048, 2048, 2048, 2048, 2048]","[2048, 2048, 2048, 2048, 2048, 2048]","[2048, 2048, 2048, 2048, 2048, 2048, 2048]",255.0
1263,9956,31,11,2025-06-13T18:07:59.359000+00:00,33.975,26.653,32.998,192.0,258.0,True,93.626,"[2064, 2064, 2048, 2048, 2048, 2048]","[2048, 2048, 2048, 2048, 2048, 2048]","[2048, 2048, 2048, 2048, 2048, 2048, 2048]",290.0
1263,9956,22,17,2025-06-13T18:08:21.781000+00:00,31.734,27.525,39.716,175.0,263.0,False,98.975,"[None, 2048, 2048, 2048, 2048, 2048]","[2048, 2048, 2048, 2048, 2048, 2048]","[2048, 2048, 2048, 2048, 2048, 2048, 2048]",142.0
1263,9956,5,17,2025-06-13T18:08:21.859000+00:00,20.881,23.66,29.783,256.0,282.0,False,74.324,"[None, 2049, 2049, 2049, 2048, 2048]","[2048, 2049, 2049, 2048, 2048, 2049]","[2048, 2049, 2049, 2048, 2048, 2049, 2048]",318.0
1263,9956,14,13,2025-06-13T18:08:32.500000+00:00,27.851,28.595,44.459,188.0,258.0,False,100.905,"[2048, 2048, 2048, 2048, 2048, 2048]","[2048, 2048, 2048, 2048, 2048, 2048]","[2048, 2048, 2048, 2048, 2048, 2048, 2048]",245.0
1263,9956,10,17,2025-06-13T18:08:51.062000+00:00,31.313,32.611,34.146,142.0,139.0,False,98.07,"[None, 2048, 2048, 2048, 2048, 2048]","[2048, 2048, 2048, 2048, 2048, 2048]","[2048, 2048, 2048, 2048, 2048, 2048, 2049]",297.0
1263,9956,23,15,2025-06-13T18:08:51.328000+00:00,20.237,23.449,29.546,259.0,284.0,False,73.232,"[2049, 2048, 2051, 2049, 2051, 2049]","[2048, 2048, 2049, 2048, 2049, 2049]","[2051, 2049, 2049, 2049, 2049, 2049]",320.0
1263,9956,81,13,2025-06-13T18:08:53.328000+00:00,51.925,31.231,36.531,227.0,250.0,True,119.687,"[2064, 2064, 2048, 2048, 2048, 2048]","[2048, 2048, 2048, 2048, 2048, 2048]","[2048, 2048, 2048, 2048, 2048, 2048, 2048]",302.0
1263,9956,55,18,2025-06-13T18:08:56.359000+00:00,21.161,29.371,37.124,184.0,170.0,False,87.656,"[None, 2048, 2048, 2049, 2048, 2048]","[2048, 2048, 2048, 2048, 2048, 2048]","[2048, 2048, 2048, 2048, 2048, 2048, 2048]",298.0
1263,9956,87,18,2025-06-13T18:08:59.219000+00:00,37.297,39.397,40.684,134.0,153.0,False,117.378,"[None, 2048, 2048, 2048, 2048, 2048]","[2048, 2048, 2048, 2048, 2048, 2048]","[2048, 2048, 2048, 2048, 2048, 2048, 2048]",178.0
1263,9956,6,18,2025-06-13T18:09:03.297000+00:00,20.693,23.502,29.864,,281.0,False,74.059,"[None, 2048, 2049, 2048, 2049, 2048]","[2048, 2048, 2049, 2049, 2049, 2049]","[2048, 2049, 2049, 2048, 2048, 2049, 2049]",319.0
1263,9956,1,16,2025-06-13T18:09:12.219000+00:00,20.405,23.183,29.625,257.0,282.0,False,73.213,"[None, 2048, 2049, 2048, 2048, 2048]","[2048, 2049, 2049, 2049, 2048, 2049]","[2048, 2049, 2049, 2049, 2048, 2048, 2048]",325.0
1263,9956,43,16,2025-06-13T18:09:17.625000+00:00,21.054,23.692,32.767,254.0,276.0,False,77.513,"[2049, 2049, 2048, 2049, 2049, 2048]","[2049, 2049, 2049, 2049, 2049, 2048]","[2048, 2048, 2049, 2049, 2048, 2048, 2048]",317.0
1263,9956,30,18,2025-06-13T18:09:24.781000+00:00,20.601,23.675,29.949,257.0,281.0,False,74.225,"[2049, 2049, 2048, 2049, 2048, 2048]","[2048, 2048, 2048, 2048, 2049, 2049]","[2048, 2049, 2048, 2048, 2049, 2048, 2048]",319.0
1263,9956,31,12,2025-06-13T18:09:30.063000+00:00,20.854,23.664,30.223,256.0,280.0,False,74.741,"[2049, 2048, 2049, 2049, 2049, 2049]","[2049, 2049, 2049, 2049, 2049, 2049]","[2048, 2049, 2049, 2049, 2049, 2048, 2048]",316.0
1263,9956,5,18,2025-06-13T18:09:36.063000+00:00,23.735,26.237,,238.0,260.0,False,400.881,"[None, 2048, 2048, 2048, 2048, 2048]","[2048, 2048, 2048, 2048, 2048, 2048]","[2048, 2048, 2048, 2048, 2048, 2064, 2064]",289.0
1263,9956,18,12,2025-06-13T18:09:40.469000+00:00,31.371,30.103,32.789,166.0,248.0,True,94.263,"[2064, 2064, 2048, 2048, 2048, 2048]","[2048, 2048, 2048, 2048, 2048, 2048]","[2048, 2048, 2048, 2048, 2048, 2048, 2048]",302.0
1263,9956,12,18,2025-06-13T18:09:55.922000+00:00,31.74,33.135,32.922,148.0,262.0,False,97.797,"[None, 2048, 2048, 2048, 2048, 2048]","[2048, 2048, 2048, 2048, 2048, 2048]","[2048, 2048, 2048, 2048, 2048, 2048, 2048]",282.0
1263,9956,22,18,2025-06-13T18:10:00.844000+00:00,20.622,23.503,32.835,257.0,281.0,False,76.96,"[None, 2048, 2048, 2049, 2048, 2048]","[2051, 2048, 2048, 2048, 2048, 2049]","[2048, 2048, 2049, 2049, 2049, 2048, 2048]",324.0
1263,9956,23,16,2025-06-13T18:10:04.344000+00:00,32.871,39.23,38.922,129.0,176.0,False,111.023,"[2048, 2048, 2048, 2048, 2048, 2048]","[2048, 2048, 2048, 2048, 2048, 2048]","[2048, 2048, 2048, 2048, 2048, 2048, 2048]",284.0
1263,9956,14,14,2025-06-13T18:10:13.407000+00:00,20.454,23.549,29.969,254.0,279.0,False,73.972,"[2049, 2049, 2049, 2048, 2048, 2048]","[2048, 2048, 2048, 2048, 2048, 2048]","[2049, 2048, 2049, 2049, 2048, 2049]",317.0
1263,9956,6,19,2025-06-13T18:10:17.172000+00:00,31.771,35.33,36.913,140.0,226.0,False,104.014,"[2048, 2048, 2048, 2048, 2048, 2048]","[2048, 2048, 2048, 2048, 2048, 2048]","[2048, 2048, 2048, 2048, 2048, 2048, 2048]",269.0
1263,9956,55,19,2025-06-13T18:10:23.922000+00:00,20.461,23.418,,258.0,279.0,False,404.423,"[None, 2048, 2048, 2048, 2049, 2049]","[2049, 2048, 2048, 2049, 2048, 2048]","[2048, 2048, 2048, 2048, 2049, 2064, 2064]",283.0
1263,9956,1,17,2025-06-13T18:10:25.469000+00:00,32.395,44.368,,124.0,142.0,False,360.535,"[None, 2048, 2048, 2048, 2048, 2048]","[2048, 2048, 2048, 2048, 2048, 2048]","[2048, 2048, 2048, 2048, 2048, 2064, 2064]",235.0
1263,9956,10,18,2025-06-13T18:10:29.266000+00:00,20.541,23.481,30.028,256.0,277.0,False,74.05,"[None, 2048, 2048, 2048, 2048, 2048]","[2049, 2048, 2049, 2048, 2048, 2048]","[2048, 2048, 2048, 2048, 2048, 2049, 2049]",314.0
1263,9956,43,17,2025-06-13T18:10:35.110000+00:00,32.412,39.073,38.906,140.0,188.0,False,110.391,"[2048, 2048, 2048, 2048, 2048, 2048]","[2048, 2048, 2048, 2048, 2048, 2048]","[2048, 2048, 2048, 2048, 2048, 2048, 2048]",228.0
1263,9956,30,19,2025-06-13T18:10:38.985000+00:00,34.574,39.815,42.174,168.0,209.0,False,116.563,"[2048, 2048, 2048, 2048, 2048, 2048]","[2048, 2048, 2048, 2048, 2048, 2048]","[2048, 2048, 2048, 2048, 2048, 2048, 2048]",177.0
1263,9956,31,13,2025-06-13T18:10:44.641000+00:00,31.51,43.282,41.781,155.0,153.0,False,116.573,"[2048, 2048, 2048, 2048, 2048, 2048]","[2048, 2048, 2048, 2048, 2048, 2048]","[2048, 2048, 2048, 2048, 2048, 2048, 2048]",138.0
1263,9956,81,14,2025-06-13T18:10:49.891000+00:00,20.972,23.537,29.843,255.0,278.0,False,74.352,"[2049, 2048, 2048, 2048, 2048, 2048]","[2048, 2048, 2049, 2048, 2049, 2049]","[2048, 2051, 2049, 2049, 2048, 2048]",317.0
1263,9956,87,19,2025-06-13T18:10:56.704000+00:00,20.741,23.78,29.999,257.0,278.0,False,74.52,"[None, 2049, 2048, 2049, 2049, 2049]","[2048, 2048, 2049, 2048, 2048, 2048]","[2049, 2049, 2049, 2048, 2048, 2049, 2048]",313.0
1263,9956,18,13,2025-06-13T18:11:13.298000+00:00,20.623,23.739,30.059,254.0,279.0,False,74.421,"[2049, 2049, 2049, 2048, 2049, 2048]","[2048, 2048, 2048, 2049, 2048, 2049]","[2048, 2049, 2049, 2049, 2049, 2049]",319.0
1263,9956,22,19,2025-06-13T18:11:17.673000+00:00,27.522,30.447,,164.0,152.0,False,618.172,"[None, 2048, 2048, 2048, 2048, 2048]","[2048, 2048, 2048, 2048, 2048, 2048]","[2048, 2048, 2048, 2048, 2048, 2064, 2064]",204.0
1263,9956,14,15,2025-06-13T18:11:27.189000+00:00,35.793,32.925,36.179,115.0,252.0,False,104.897,"[2048, 2048, 2048, 2048, 2048, 2048]","[2048, 2048, 2048, 2048, 2048, 2048]","[2048, 2048, 2048, 2048, 2048, 2048, 2049]",297.0
1263,9956,12,19,2025-06-13T18:11:33.767000+00:00,20.616,23.56,29.826,258.0,281.0,False,74.002,"[None, 2049, 2048, 2048, 2049, 2049]","[2049, 2048, 2048, 2048, 2049, 2049]","[2049, 2048, 2048, 2048, 2048, 2049, 2049]",314.0
1263,9956,10,19,2025-06-13T18:11:43.220000+00:00,44.392,45.04,38.23,92.0,229.0,False,127.662,"[None, 2048, 2048, 2048, 2048, 2048]","[2048, 2048, 2048, 2048, 2048, 2048]","[2048, 2048, 2048, 2048, 2048, 2048, 2048]",248.0
1263,9956,23,17,2025-06-13T18:11:55.533000+00:00,32.335,28.474,33.183,155.0,263.0,False,93.992,"[None, 2048, 2048, 2048, 2048, 2048]","[2048, 2048, 2048, 2048, 2048, 2048]","[2048, 2048, 2048, 2048, 2048, 2048, 2048]",300.0
1263,9956,6,20,2025-06-13T18:12:01.392000+00:00,20.533,23.463,29.675,256.0,279.0,False,73.671,"[None, 2049, 2049, 2048, 2049, 2049]","[2048, 2049, 2048, 2049, 2049, 2048]","[2051, 2048, 2048, 2048, 2048, 2049, 2049]",320.0
1263,9956,81,15,2025-06-13T18:12:04.001000+00:00,34.143,34.92,45.024,188.0,166.0,False,114.087,"[2048, 2048, 2048, 2048, 2048, 2048]","[2048, 2048, 2048, 2048, 2048, 2048]","[2048, 2048, 2048, 2048, 2048, 2048, 2049]",238.0
1263,9956,4,16,2025-06-13T18:12:08.658000+00:00,54.108,27.277,39.539,240.0,266.0,True,120.924,"[2064, 2064, 2048, 2048, 2048, 2048]","[2048, 2048, 2048, 2048, 2048, 2048]","[2048, 2048, 2048, 2048, 2048, 2048, 2048]",155.0
1263,9956,87,20,2025-06-13T18:12:11.189000+00:00,31.983,36.6,41.069,132.0,147.0,False,109.652,"[None, 2048, 2048, 2048, 2048, 2048]","[2048, 2048, 2048, 2048, 2048, 2048]","[2048, 2048, 2048, 2048, 2048, 2048, 2048]",286.0
1263,9956,43,18,2025-06-13T18:12:25.689000+00:00,20.757,23.742,30.146,255.0,275.0,False,74.645,"[2049, 2048, 2048, 2049, 2049, 2049]","[2048, 2049, 2049, 2048, 2048, 2048]","[2049, 2049, 2048, 2048, 2048, 2049, 2049]",313.0
1263,9956,18,14,2025-06-13T18:12:27.533000+00:00,37.332,35.876,35.08,148.0,230.0,False,108.288,"[2048, 2048, 2048, 2048, 2048, 2048]","[2048, 2048, 2048, 2048, 2048, 2048]","[2048, 2048, 2048, 2048, 2048, 2048, 2048]",291.0
1263,9956,30,20,2025-06-13T18:12:35.548000+00:00,20.527,23.467,29.966,257.0,281.0,False,73.96,"[2049, 2048, 2049, 2049, 2048, 2048]","[2048, 2049, 2049, 2049, 2049, 2049]","[2049, 2048, 2048, 2048, 2048, 2048, 2048]",317.0
1263,9956,31,14,2025-06-13T18:12:41.345000+00:00,20.777,23.762,30.284,257.0,279.0,False,74.823,"[None, 2049, 2049, 2049, 2049, 2049]","[2048, 2048, 2048, 2048, 2049, 2048]","[2049, 2048, 2048, 2048, 2048, 2048, 2048]",314.0
1263,9956,12,20,2025-06-13T18:12:47.752000+00:00,24.695,30.037,,189.0,226.0,False,376.727,"[None, 2048, 2048, 2048, 2048, 2048]","[2048, 2048, 2048, 2048, 2048, 2048]","[2048, 2048, 2048, 2048, 2048, 2064, 2064]",269.0
1263,9956,14,16,2025-06-13T18:13:12.283000+00:00,20.43,23.306,,254.0,280.0,False,377.153,"[None, 2048, 2048, 2049, 2048, 2048]","[2049, 2048, 2049, 2049, 2049, 2049]","[2048, 2048, 2048, 2048, 2048, 2064, 2064]",194.0
1263,9956,6,21,2025-06-13T18:13:15.002000+00:00,30.803,34.827,41.368,152.0,215.0,False,106.998,"[None, 2048, 2048, 2048, 2048, 2048]","[2048, 2048, 2048, 2048, 2048, 2048]","[2048, 2048, 2048, 2048, 2048, 2048, 2048]",234.0
1263,9956,23,18,2025-06-13T18:13:29.549000+00:00,20.305,23.484,30.683,258.0,279.0,False,74.472,"[None, 2051, 2048, 2049, 2051, 2048]","[2048, 2048, 2048, 2048, 2048, 2048]","[2048, 2048, 2048, 2048, 2048, 2048, 2048]",314.0
1263,9956,43,19,2025-06-13T18:13:40.205000+00:00,29.888,46.0,54.136,164.0,104.0,False,130.024,"[2048, 2048, 2048, 2048, 2048, 2048]","[2048, 2048, 2048, 2048, 2048, 2048]","[2048, 2048, 2048, 2048, 2048, 2048, 2048]",129.0
1263,9956,30,21,2025-06-13T18:13:49.471000+00:00,36.66,41.703,47.419,131.0,206.0,False,125.782,"[2048, 2048, 2048, 2048, 2048, 2048]","[2048, 2048, 2048, 2048, 2048, 2048]","[2048, 2048, 2048, 2048, 2048, 2048, 2048]",97.0
1263,9956,10,20,2025-06-13T18:13:50.861000+00:00,20.468,23.356,29.993,256.0,276.0,False,73.817,"[None, 2048, 2049, 2048, 2048, 2049]","[2049, 2048, 2048, 2049, 2048, 2048]","[2048, 2049, 2048, 2048, 2048, 2048, 2048]",312.0
1263,9956,31,15,2025-06-13T18:13:56.174000+00:00,34.567,39.942,53.037,146.0,152.0,False,127.546,"[None, 2048, 2048, 2048, 2048, 2048]","[2048, 2048, 2048, 2048, 2048, 2048]","[2048, 2048, 2048, 2048, 2048, 2048, 2048]",141.0
1263,9956,81,16,2025-06-13T18:13:58.252000+00:00,28.278,35.091,43.021,192.0,175.0,False,106.39,"[None, 2048, 2048, 2048, 2048, 2048]","[2048, 2048, 2048, 2048, 2048, 2048]","[2048, 2048, 2048, 2048, 2048, 2048, 2048]",87.0
1263,9956,87,21,2025-06-13T18:14:00.830000+00:00,30.24,29.917,37.542,213.0,246.0,False,97.699,"[None, 2048, 2048, 2048, 2048, 2048]","[2048, 2048, 2048, 2048, 2048, 2048]","[2048, 2048, 2048, 2048, 2048, 2048, 2048]",183.0
1263,9956,4,17,2025-06-13T18:14:07.424000+00:00,20.492,28.677,37.101,254.0,226.0,False,86.27,"[2049, 2049, 2048, 2051, 2048, 2048]","[2048, 2048, 2048, 2048, 2048, 2048]","[2048, 2048, 2048, 2048, 2048, 2048, 2048]",247.0
1263,9956,44,17,2025-06-13T18:14:09.815000+00:00,37.79,24.682,32.023,248.0,274.0,True,94.495,"[2064, 2064, 2048, 2048, 2048, 2048]","[2048, 2048, 2048, 2048, 2048, 2048]","[2048, 2048, 2048, 2048, 2048, 2048, 2048]",286.0
1263,9956,63,18,2025-06-13T18:14:12.737000+00:00,46.882,25.568,33.53,241.0,273.0,True,105.98,"[2064, 2064, 2048, 2048, 2048, 2048]","[2048, 2048, 2048, 2048, 2048, 2048]","[2048, 2048, 2048, 2048, 2048, 2048, 2048]",291.0
1263,9956,18,15,2025-06-13T18:14:15.955000+00:00,20.556,23.616,30.031,257.0,277.0,False,74.203,"[None, 2049, 2049, 2048, 2049, 2049]","[2048, 2049, 2049, 2048, 2049, 2049]","[2048, 2049, 2049, 2048, 2048, 2049, 2048]",316.0
1263,9956,27,15,2025-06-13T18:14:19.299000+00:00,43.402,26.058,32.92,231.0,272.0,True,102.38,"[2064, 2064, 2048, 2048, 2048, 2048]","[2048, 2048, 2048, 2048, 2048, 2048]","[2048, 2048, 2048, 2048, 2048, 2048, 2048]",268.0
1263,9956,23,19,2025-06-13T18:14:43.956000+00:00,24.029,27.613,,196.0,255.0,False,394.526,"[None, 2048, 2048, 2048, 2048, 2048]","[2048, 2048, 2048, 2048, 2048, 2048]","[2048, 2048, 2048, 2048, 2048, 2064, 2064]",214.0
1263,9956,6,22,2025-06-13T18:15:02.018000+00:00,27.267,31.062,34.834,186.0,227.0,False,93.163,"[None, 2048, 2048, 2048, 2048, 2048]","[2048, 2048, 2048, 2048, 2048, 2048]","[2048, 2048, 2048, 2048, 2048, 2048, 2048]",268.0
1263,9956,10,21,2025-06-13T18:15:04.706000+00:00,27.008,36.939,,176.0,213.0,False,409.738,"[None, 2048, 2048, 2048, 2048, 2048]","[2048, 2048, 2048, 2048, 2048, 2048]","[2048, 2048, 2048, 2048, 2049, 2064, 2064]",290.0
1263,9956,18,16,2025-06-13T18:15:30.112000+00:00,39.001,50.589,38.775,126.0,159.0,False,128.365,"[None, 2048, 2048, 2048, 2048, 2048]","[2048, 2048, 2048, 2048, 2048, 2048]","[2048, 2048, 2048, 2048, 2048, 2048, 2048]",290.0
1263,9956,4,18,2025-06-13T18:15:33.706000+00:00,24.183,28.109,37.539,223.0,263.0,False,89.831,"[None, 2048, 2048, 2048, 2048, 2048]","[2048, 2048, 2048, 2048, 2048, 2048]","[2048, 2048, 2048, 2048, 2048, 2048, 2048]",254.0
1263,9956,87,22,2025-06-13T18:15:38.565000+00:00,20.734,23.702,30.091,257.0,279.0,False,74.527,"[2049, 2048, 2049, 2048, 2048, 2049]","[2048, 2048, 2048, 2048, 2048, 2048]","[2049, 2048, 2048, 2048, 2048, 2049, 2048]",310.0
1263,9956,44,18,2025-06-13T18:15:42.409000+00:00,21.441,24.295,31.233,254.0,280.0,False,76.969,"[2048, 2048, 2048, 2048, 2048, 2048]","[2048, 2048, 2048, 2048, 2048, 2048]","[2048, 2048, 2048, 2048, 2048, 2048, 2048]",296.0
1263,9956,81,17,2025-06-13T18:15:44.644000+00:00,20.785,32.153,49.415,255.0,178.0,False,102.353,"[None, 2048, 2048, 2048, 2049, 2048]","[2049, 2048, 2048, 2048, 2048, 2048]","[2048, 2048, 2048, 2048, 2048, 2064, 2064]",215.0
1263,9956,43,20,2025-06-13T18:15:50.315000+00:00,20.853,23.785,30.09,254.0,276.0,False,74.728,"[None, 2048, 2048, 2048, 2048, 2048]","[2048, 2048, 2048, 2048, 2048, 2048]","[2048, 2049, 2048, 2048, 2048, 2048, 2049]",314.0
1263,9956,30,22,2025-06-13T18:15:55.316000+00:00,20.464,23.498,29.775,257.0,282.0,False,73.737,"[2049, 2049, 2049, 2048, 2048, 2049]","[2048, 2048, 2049, 2049, 2048, 2049]","[2049, 2048, 2048, 2048, 2048, 2049, 2049]",319.0
1263,9956,63,19,2025-06-13T18:15:56.847000+00:00,21.742,24.943,31.354,248.0,275.0,False,78.039,"[2048, 2048, 2048, 2048, 2048, 2048]","[2048, 2048, 2048, 2048, 2048, 2048]","[2048, 2048, 2048, 2048, 2048, 2048, 2048]",296.0
1263,9956,27,16,2025-06-13T18:15:59.269000+00:00,21.844,24.806,31.48,248.0,277.0,False,78.13,"[2048, 2048, 2048, 2048, 2048, 2048]","[2048, 2048, 2048, 2048, 2048, 2048]","[2048, 2048, 2048, 2048, 2048, 2048, 2048]",298.0
1263,9956,31,16,2025-06-13T18:16:03.644000+00:00,20.795,23.672,30.138,257.0,279.0,False,74.605,"[None, 2049, 2048, 2049, 2049, 2048]","[2048, 2049, 2048, 2049, 2048, 2048]","[2049, 2048, 2048, 2048, 2048, 2049, 2048]",316.0
1263,9956,5,19,2025-06-13T18:16:18.706000+00:00,47.383,26.228,32.03,217.0,270.0,True,105.641,"[2064, 2064, 2048, 2048, 2048, 2048]","[2048, 2048, 2048, 2048, 2048, 2048]","[2048, 2048, 2048, 2048, 2048, 2048, 2048]",291.0
1263,9956,1,18,2025-06-13T18:16:27.394000+00:00,31.036,25.243,34.185,252.0,273.0,True,90.464,"[2064, 2064, 2048, 2048, 2048, 2048]","[2048, 2048, 2048, 2048, 2048, 2048]","[2048, 2048, 2048, 2048, 2048, 2048, 2048]",273.0
1263,9956,6,23,2025-06-13T18:16:35.113000+00:00,20.563,23.389,29.679,256.0,280.0,False,73.631,"[None, 2051, 2048, 2048, 2048, 2048]","[2049, 2048, 2048, 2049, 2049, 2049]","[2048, 2049, 2048, 2048, 2048, 2049, 2048]",318.0
1263,9956,87,23,2025-06-13T18:16:53.128000+00:00,24.843,30.111,,210.0,234.0,False,393.304,"[2048, 2048, 2048, 2048, 2048, 2048]","[2048, 2048, 2048, 2048, 2048, 2048]","[2048, 2048, 2048, 2048, 2049, 2064, 2064]",290.0
1263,9956,44,19,2025-06-13T18:16:59.472000+00:00,21.408,24.265,31.433,248.0,273.0,False,77.106,"[None, 2048, 2048, 2048, 2048, 2048]","[2048, 2048, 2048, 2048, 2048, 2048]","[2048, 2048, 2048, 2048, 2048, 2048, 2048]",289.0
1263,9956,4,19,2025-06-13T18:17:03.566000+00:00,20.598,23.38,30.002,257.0,279.0,False,73.98,"[2048, 2048, 2048, 2048, 2048, 2049]","[2048, 2048, 2048, 2048, 2048, 2048]","[2051, 2048, 2048, 2048, 2048, 2048, 2048]",313.0
1263,9956,43,21,2025-06-13T18:17:04.941000+00:00,32.431,43.001,39.565,143.0,126.0,False,114.997,"[None, 2048, 2048, 2048, 2048, 2048]","[2048, 2048, 2048, 2048, 2048, 2048]","[2048, 2048, 2048, 2048, 2048, 2048, 2048]",275.0
1263,9956,30,23,2025-06-13T18:17:08.957000+00:00,31.126,28.697,,133.0,257.0,False,385.688,"[2048, 2048, 2048, 2048, 2048, 2048]","[2048, 2048, 2048, 2048, 2048, 2048]","[2048, 2048, 2048, 2048, 2051, 2064, 2064]",303.0
1263,9956,55,20,2025-06-13T18:17:11.488000+00:00,60.807,25.551,33.651,239.0,271.0,True,120.009,"[2064, 2064, 2048, 2048, 2048, 2048]","[2048, 2048, 2048, 2048, 2048, 2048]","[2048, 2048, 2048, 2048, 2048, 2048, 2048]",294.0
1263,9956,63,20,2025-06-13T18:17:14.910000+00:00,21.738,24.504,31.413,250.0,275.0,False,77.655,"[None, 2048, 2048, 2048, 2048, 2048]","[2048, 2048, 2048, 2048, 2048, 2048]","[2048, 2048, 2048, 2048, 2048, 2048, 2048]",292.0
1263,9956,27,17,2025-06-13T18:17:17.426000+00:00,21.607,24.692,31.268,245.0,272.0,False,77.567,"[None, 2048, 2048, 2048, 2048, 2048]","[2048, 2048, 2048, 2048, 2048, 2048]","[2048, 2048, 2048, 2048, 2048, 2048, 2048]",293.0
1263,9956,31,17,2025-06-13T18:17:18.238000+00:00,32.906,29.162,,128.0,233.0,False,461.227,"[None, 2048, 2048, 2048, 2048, 2048]","[2048, 2048, 2048, 2048, 2048, 2048]","[2048, 2048, 2048, 2048, 2049, 2064, 2064]",291.0
1263,9956,81,18,2025-06-13T18:17:28.394000+00:00,34.176,28.35,36.811,168.0,265.0,True,99.337,"[2064, 2064, 2048, 2048, 2048, 2048]","[2048, 2048, 2048, 2048, 2048, 2048]","[2048, 2048, 2048, 2048, 2048, 2048, 2048]",138.0
1263,9956,18,17,2025-06-13T18:17:38.566000+00:00,20.541,23.651,30.035,255.0,280.0,False,74.227,"[None, 2049, 2049, 2049, 2048, 2048]","[2048, 2048, 2048, 2048, 2048, 2049]","[2048, 2048, 2048, 2048, 2049, 2048, 2048]",316.0
1263,9956,6,24,2025-06-13T18:17:48.738000+00:00,24.812,32.537,,234.0,198.0,False,356.643,"[None, 2048, 2048, 2048, 2048, 2048]","[2048, 2048, 2048, 2048, 2048, 2048]","[2048, 2048, 2048, 2048, 2048, 2064, 2064]",285.0
1263,9956,1,19,2025-06-13T18:17:56.410000+00:00,20.382,23.404,29.772,258.0,281.0,False,73.558,"[2048, 2049, 2048, 2048, 2048, 2049]","[2048, 2048, 2048, 2048, 2048, 2048]","[2049, 2048, 2048, 2048, 2048, 2048, 2048]",322.0
1263,9956,5,20,2025-06-13T18:18:02.785000+00:00,21.998,24.824,31.42,250.0,276.0,False,78.242,"[2048, 2048, 2048, 2048, 2048, 2048]","[2048, 2048, 2048, 2048, 2048, 2048]","[2048, 2048, 2048, 2048, 2048, 2048, 2048]",291.0
1263,9956,44,20,2025-06-13T18:18:16.629000+00:00,21.412,24.628,31.354,247.0,269.0,False,77.394,"[None, 2048, 2048, 2048, 2048, 2048]","[2048, 2048, 2048, 2048, 2048, 2048]","[2048, 2048, 2048, 2048, 2048, 2049, 2048]",286.0
1263,9956,4,20,2025-06-13T18:18:17.473000+00:00,29.417,36.601,40.668,173.0,176.0,False,106.686,"[None, 2048, 2048, 2048, 2048, 2048]","[2048, 2048, 2048, 2048, 2048, 2048]","[2048, 2048, 2048, 2048, 2048, 2048, 2048]",271.0
1263,9956,63,21,2025-06-13T18:18:32.551000+00:00,21.661,24.807,31.512,248.0,274.0,False,77.98,"[None, 2048, 2048, 2048, 2048, 2048]","[2048, 2048, 2048, 2048, 2048, 2048]","[2048, 2048, 2048, 2048, 2048, 2048, 2048]",292.0
1263,9956,27,18,2025-06-13T18:18:35.004000+00:00,21.544,24.804,31.212,250.0,272.0,False,77.56,"[None, 2048, 2048, 2048, 2048, 2048]","[2048, 2048, 2048, 2048, 2048, 2048]","[2048, 2048, 2048, 2048, 2048, 2048, 2048]",292.0
1263,9956,18,18,2025-06-13T18:18:52.786000+00:00,25.346,29.708,,214.0,235.0,False,312.579,"[None, 2048, 2048, 2048, 2048, 2048]","[2048, 2048, 2048, 2048, 2048, 2048]","[2048, 2048, 2048, 2048, 2048, 2064, 2064]",310.0
1263,9956,43,22,2025-06-13T18:18:59.957000+00:00,20.841,23.723,30.233,253.0,276.0,False,74.797,"[2049, 2049, 2048, 2049, 2048, 2048]","[2048, 2048, 2049, 2048, 2048, 2048]","[2048, 2049, 2048, 2048, 2048, 2048, 2048]",312.0
1263,9956,81,19,2025-06-13T18:19:06.333000+00:00,20.567,23.646,29.985,256.0,279.0,False,74.198,"[2048, 2049, 2049, 2048, 2049, 2048]","[2049, 2048, 2048, 2049, 2048, 2048]","[2049, 2048, 2048, 2048, 2048, 2048, 2048]",315.0
1263,9956,12,21,2025-06-13T18:19:06.989000+00:00,49.62,28.288,34.852,225.0,267.0,True,112.76,"[2064, 2064, 2048, 2048, 2048, 2048]","[2048, 2048, 2048, 2048, 2048, 2048]","[2048, 2048, 2048, 2048, 2048, 2048, 2048]",173.0
1263,9956,55,21,2025-06-13T18:19:08.379000+00:00,21.464,28.333,31.703,243.0,273.0,False,81.5,"[2048, 2048, 2048, 2048, 2048, 2048]","[2048, 2048, 2048, 2048, 2048, 2048]","[2048, 2048, 2048, 2048, 2048, 2048, 2048]",297.0
1263,9956,1,20,2025-06-13T18:19:09.958000+00:00,38.512,50.758,41.48,113.0,79.0,False,130.75,"[None, 2048, 2048, 2048, 2048, 2048]","[2048, 2048, 2048, 2048, 2048, 2048]","[2048, 2048, 2048, 2048, 2048, 2048, 2048]",277.0
1263,9956,5,21,2025-06-13T18:19:21.005000+00:00,21.592,24.608,31.295,247.0,271.0,False,77.495,"[None, 2048, 2048, 2048, 2048, 2048]","[2048, 2048, 2048, 2048, 2048, 2048]","[2048, 2048, 2048, 2048, 2048, 2048, 2048]",289.0
1263,9956,14,17,2025-06-13T18:19:32.083000+00:00,53.799,28.724,34.307,222.0,250.0,True,116.83,"[2064, 2064, 2048, 2048, 2048, 2048]","[2048, 2048, 2048, 2048, 2048, 2048]","[2048, 2048, 2048, 2048, 2048, 2048, 2048]",291.0
1263,9956,44,21,2025-06-13T18:19:33.911000+00:00,21.477,24.483,31.319,249.0,272.0,False,77.279,"[None, 2048, 2048, 2048, 2048, 2048]","[2048, 2048, 2048, 2048, 2048, 2048]","[2048, 2048, 2048, 2048, 2048, 2049, 2048]",290.0
1263,9956,63,22,2025-06-13T18:19:50.458000+00:00,21.974,24.869,31.923,249.0,274.0,False,78.766,"[None, 2048, 2048, 2048, 2048, 2048]","[2048, 2048, 2048, 2048, 2048, 2048]","[2048, 2048, 2048, 2048, 2048, 2048, 2048]",293.0
1263,9956,27,19,2025-06-13T18:19:52.536000+00:00,21.501,24.62,31.502,,272.0,False,77.623,"[None, 2048, 2048, 2048, 2048, 2048]","[2048, 2048, 2048, 2048, 2048, 2048]","[2048, 2048, 2048, 2048, 2048, 2048, 2048]",294.0
1263,9956,4,21,2025-06-13T18:20:04.239000+00:00,20.469,23.244,53.062,257.0,278.0,False,96.775,"[None, 2048, 2048, 2048, 2048, 2048]","[2049, 2048, 2048, 2049, 2049, 2048]","[2048, 2048, 2048, 2048, 2048, 2048, 2048]",151.0
1263,9956,43,23,2025-06-13T18:20:14.755000+00:00,32.341,37.737,38.561,130.0,89.0,False,108.639,"[2048, 2048, 2048, 2048, 2048, 2048]","[2048, 2048, 2048, 2048, 2048, 2048]","[2048, 2048, 2048, 2048, 2048, 2048, 2048]",241.0
1263,9956,81,20,2025-06-13T18:20:20.474000+00:00,28.351,40.9,44.11,151.0,187.0,False,113.361,"[None, 2048, 2048, 2048, 2048, 2048]","[2048, 2048, 2048, 2048, 2048, 2048]","[2048, 2048, 2048, 2048, 2048, 2048, 2048]",153.0
1263,9956,55,22,2025-06-13T18:20:29.880000+00:00,21.546,24.801,31.654,,273.0,False,78.001,"[None, 2048, 2048, 2048, 2048, 2048]","[2048, 2048, 2048, 2048, 2048, 2048]","[2048, 2048, 2048, 2048, 2048, 2048, 2048]",295.0
1263,9956,5,22,2025-06-13T18:20:38.489000+00:00,21.542,24.447,31.221,249.0,271.0,False,77.21,"[None, 2048, 2048, 2048, 2048, 2048]","[2048, 2048, 2048, 2048, 2048, 2048]","[2048, 2048, 2048, 2048, 2048, 2048, 2048]",288.0
1263,9956,44,22,2025-06-13T18:20:51.146000+00:00,21.754,24.377,31.352,247.0,275.0,False,77.483,"[None, 2048, 2048, 2048, 2048, 2048]","[2048, 2048, 2048, 2048, 2048, 2048]","[2048, 2048, 2048, 2048, 2048, 2048, 2048]",294.0
1263,9956,12,22,2025-06-13T18:20:57.302000+00:00,21.78,24.803,31.65,241.0,275.0,False,78.233,"[2048, 2048, 2048, 2048, 2048, 2048]","[2048, 2048, 2048, 2048, 2048, 2048]","[2048, 2048, 2048, 2048, 2048, 2048, 2048]",293.0
1263,9956,63,23,2025-06-13T18:21:09.318000+00:00,22.515,28.022,,227.0,259.0,False,216.329,"[None, 2048, 2048, 2048, 2048, 2048]","[2048, 2048, 2048, 2048, 2048, 2048]","[2048, 2048, 2048, 2048, 2048, 2064, 2064]",282.0
1263,9956,27,20,2025-06-13T18:21:10.255000+00:00,21.872,24.604,31.353,248.0,272.0,False,77.829,"[None, 2048, 2048, 2048, 2048, 2048]","[2048, 2048, 2048, 2048, 2048, 2048]","[2048, 2048, 2048, 2048, 2048, 2048, 2048]",291.0
1263,9956,1,21,2025-06-13T18:21:20.724000+00:00,22.701,24.776,30.922,182.0,281.0,False,78.399,"[None, 2048, 2048, 2049, 2048, 2048]","[2048, 2048, 2048, 2048, 2048, 2048]","[2048, 2048, 2048, 2048, 2048, 2048, 2048]",301.0
1263,9956,23,20,2025-06-13T18:21:20.802000+00:00,39.796,25.723,31.959,237.0,273.0,True,97.478,"[2064, 2064, 2048, 2048, 2048, 2048]","[2048, 2048, 2048, 2048, 2048, 2048]","[2048, 2048, 2048, 2048, 2048, 2048, 2048]",293.0
1263,9956,14,18,2025-06-13T18:21:26.193000+00:00,21.924,24.549,31.555,241.0,276.0,False,78.028,"[2048, 2048, 2048, 2048, 2048, 2048]","[2048, 2048, 2048, 2048, 2048, 2048]","[2048, 2048, 2048, 2048, 2048, 2048, 2048]",293.0
1263,9956,22,20,2025-06-13T18:21:37.724000+00:00,35.776,26.401,39.446,223.0,262.0,True,101.623,"[2064, 2064, 2048, 2048, 2048, 2048]","[2048, 2048, 2048, 2048, 2048, 2048]","[2048, 2048, 2048, 2048, 2048, 2048, 2048]",212.0
1263,9956,4,22,2025-06-13T18:21:40.896000+00:00,26.532,29.874,33.564,193.0,259.0,False,89.97,"[None, 2048, 2048, 2048, 2048, 2048]","[2048, 2048, 2048, 2048, 2048, 2048]","[2048, 2048, 2048, 2048, 2048, 2048, 2048]",263.0
1263,9956,55,23,2025-06-13T18:21:47.818000+00:00,21.609,24.742,31.385,,275.0,False,77.736,"[None, 2048, 2048, 2048, 2048, 2048]","[2048, 2048, 2048, 2048, 2048, 2048]","[2048, 2048, 2048, 2048, 2048, 2048, 2048]",295.0
1263,9956,5,23,2025-06-13T18:21:55.709000+00:00,21.517,24.5,31.25,,272.0,False,77.267,"[None, 2048, 2048, 2048, 2048, 2048]","[2048, 2048, 2048, 2048, 2048, 2048]","[2048, 2048, 2048, 2048, 2048, 2048, 2048]",291.0
1263,9956,10,22,2025-06-13T18:21:57.553000+00:00,48.092,25.666,32.66,237.0,260.0,True,106.418,"[2064, 2064, 2048, 2048, 2048, 2048]","[2048, 2048, 2048, 2048, 2048, 2048]","[2048, 2048, 2048, 2048, 2048, 2048, 2048]",277.0
1263,9956,43,24,2025-06-13T18:22:03.396000+00:00,20.914,23.503,,252.0,278.0,False,295.413,"[None, 2048, 2049, 2049, 2048, 2048]","[2048, 2049, 2049, 2049, 2049, 2049]","[2048, 2048, 2048, 2048, 2048, 2064, 2064]",227.0
1263,9956,44,23,2025-06-13T18:22:08.678000+00:00,21.561,24.756,31.311,252.0,276.0,False,77.628,"[None, 2048, 2048, 2048, 2048, 2048]","[2048, 2048, 2048, 2048, 2048, 2048]","[2048, 2048, 2048, 2048, 2048, 2048, 2048]",294.0
1263,9956,81,21,2025-06-13T18:22:13.865000+00:00,20.853,23.601,48.531,254.0,278.0,False,92.985,"[None, 2048, 2048, 2049, 2048, 2048]","[2048, 2048, 2049, 2048, 2048, 2048]","[2048, 2048, 2048, 2048, 2048, 2064, 2064]",289.0
1263,9956,12,23,2025-06-13T18:22:15.459000+00:00,21.821,24.849,31.464,243.0,276.0,False,78.134,"[None, 2048, 2048, 2048, 2048, 2048]","[2048, 2048, 2048, 2048, 2048, 2048]","[2048, 2048, 2048, 2048, 2048, 2048, 2048]",295.0
1263,9956,27,21,2025-06-13T18:22:28.021000+00:00,21.599,24.532,31.415,,271.0,False,77.546,"[None, 2048, 2048, 2048, 2048, 2048]","[2048, 2048, 2048, 2048, 2049, 2048]","[2048, 2048, 2048, 2048, 2048, 2048, 2048]",290.0
1263,9956,1,22,2025-06-13T18:22:39.022000+00:00,21.036,24.093,30.725,256.0,282.0,False,75.854,"[None, 2048, 2048, 2048, 2048, 2048]","[2048, 2048, 2048, 2048, 2048, 2048]","[2048, 2048, 2048, 2048, 2048, 2048, 2048]",299.0
1263,9956,14,19,2025-06-13T18:22:44.334000+00:00,21.583,24.716,31.668,242.0,277.0,False,77.967,"[None, 2048, 2048, 2048, 2048, 2048]","[2048, 2048, 2048, 2048, 2048, 2048]","[2048, 2048, 2048, 2048, 2048, 2048, 2048]",293.0
1263,9956,23,21,2025-06-13T18:22:55.975000+00:00,21.472,24.644,31.882,242.0,275.0,False,77.998,"[2048, 2048, 2048, 2048, 2048, 2048]","[2048, 2048, 2048, 2048, 2048, 2048]","[2048, 2048, 2048, 2048, 2048, 2048, 2048]",292.0
1263,9956,55,24,2025-06-13T18:23:05.569000+00:00,21.537,24.584,31.736,242.0,275.0,False,77.857,"[None, 2048, 2048, 2048, 2048, 2048]","[2048, 2048, 2048, 2048, 2048, 2048]","[2048, 2048, 2048, 2048, 2048, 2048, 2048]",294.0
1263,9956,4,23,2025-06-13T18:23:11.006000+00:00,20.503,23.154,29.994,257.0,279.0,False,73.651,"[None, 2048, 2048, 2048, 2048, 2049]","[2048, 2049, 2048, 2049, 2049, 2048]","[2048, 2049, 2048, 2048, 2049, 2048, 2048]",314.0
1263,9956,5,24,2025-06-13T18:23:12.944000+00:00,21.629,24.638,31.505,,272.0,False,77.772,"[None, 2048, 2048, 2048, 2048, 2048]","[2048, 2048, 2048, 2048, 2048, 2048]","[2048, 2048, 2048, 2048, 2048, 2048, 2048]",291.0
1263,9956,22,21,2025-06-13T18:23:17.475000+00:00,23.549,25.55,33.172,232.0,261.0,False,82.271,"[2048, 2048, 2048, 2048, 2048, 2048]","[2048, 2048, 2048, 2048, 2048, 2048]","[2048, 2048, 2048, 2048, 2048, 2048, 2048]",288.0
1263,9956,44,24,2025-06-13T18:23:26.288000+00:00,21.541,24.572,31.372,,277.0,False,77.485,"[None, 2048, 2048, 2048, 2048, 2048]","[2048, 2048, 2048, 2048, 2048, 2048]","[2048, 2048, 2048, 2048, 2048, 2048, 2048]",295.0
1263,9956,87,24,2025-06-13T18:23:28.350000+00:00,44.303,25.171,31.434,243.0,272.0,True,100.908,"[2064, 2064, 2048, 2048, 2048, 2048]","[2048, 2048, 2048, 2048, 2048, 2048]","[2048, 2048, 2048, 2048, 2048, 2048, 2048]",294.0
1263,9956,12,24,2025-06-13T18:23:33.678000+00:00,21.601,24.698,31.349,,276.0,False,77.648,"[None, 2048, 2048, 2048, 2048, 2048]","[2048, 2048, 2048, 2048, 2048, 2048]","[2048, 2048, 2048, 2048, 2048, 2048, 2048]",293.0
1263,9956,30,24,2025-06-13T18:23:37.709000+00:00,53.747,26.053,32.35,236.0,273.0,True,112.15,"[2064, 2064, 2048, 2048, 2048, 2048]","[2048, 2048, 2048, 2048, 2048, 2048]","[2048, 2048, 2048, 2048, 2048, 2048, 2048]",292.0
1263,9956,10,23,2025-06-13T18:23:40.834000+00:00,21.871,24.82,32.018,240.0,263.0,False,78.709,"[2048, 2048, 2048, 2048, 2048, 2048]","[2048, 2048, 2048, 2048, 2048, 2048]","[2048, 2048, 2048, 2048, 2048, 2048, 2048]",277.0
1263,9956,27,22,2025-06-13T18:23:45.506000+00:00,21.679,24.739,31.269,249.0,273.0,False,77.687,"[None, 2048, 2048, 2048, 2048, 2048]","[2048, 2048, 2048, 2048, 2048, 2048]","[2048, 2048, 2048, 2048, 2048, 2048, 2048]",292.0
1263,9956,6,25,2025-06-13T18:23:48.522000+00:00,49.475,28.544,32.586,156.0,274.0,True,110.605,"[2064, 2064, 2048, 2048, 2048, 2048]","[2048, 2048, 2048, 2048, 2048, 2048]","[2048, 2048, 2048, 2048, 2048, 2048, 2048]",294.0
1263,9956,81,22,2025-06-13T18:23:49.975000+00:00,28.061,24.096,30.926,252.0,280.0,True,83.083,"[2064, 2064, 2048, 2048, 2048, 2048]","[2048, 2048, 2048, 2048, 2049, 2049]","[2048, 2048, 2048, 2048, 2048, 2048, 2048]",296.0
1263,9956,1,23,2025-06-13T18:23:54.960000+00:00,21.01,24.301,30.577,257.0,285.0,False,75.888,"[None, 2048, 2048, 2048, 2048, 2048]","[2048, 2048, 2048, 2048, 2048, 2049]","[2048, 2048, 2048, 2048, 2048, 2048, 2048]",308.0
1263,9956,14,20,2025-06-13T18:24:02.272000+00:00,21.778,24.743,31.403,244.0,278.0,False,77.924,"[None, 2048, 2048, 2048, 2048, 2048]","[2048, 2048, 2048, 2048, 2048, 2048]","[2048, 2048, 2048, 2048, 2048, 2048, 2048]",294.0
1263,9956,18,19,2025-06-13T18:24:06.710000+00:00,26.205,25.305,32.013,248.0,278.0,True,83.523,"[2064, 2064, 2048, 2048, 2048, 2048]","[2048, 2048, 2048, 2048, 2048, 2048]","[2048, 2048, 2048, 2048, 2048, 2048, 2048]",298.0
1263,9956,23,22,2025-06-13T18:24:14.022000+00:00,21.704,24.688,31.204,241.0,276.0,False,77.596,"[None, 2048, 2048, 2048, 2048, 2048]","[2048, 2048, 2048, 2048, 2048, 2048]","[2048, 2048, 2048, 2048, 2048, 2048, 2048]",299.0
1263,9956,55,25,2025-06-13T18:24:23.460000+00:00,21.63,24.886,31.517,,275.0,False,78.033,"[None, 2048, 2048, 2048, 2048, 2048]","[2048, 2048, 2048, 2048, 2048, 2048]","[2048, 2048, 2048, 2048, 2048, 2048, 2048]",295.0
1263,9956,4,24,2025-06-13T18:24:24.569000+00:00,25.888,24.888,30.815,237.0,278.0,False,81.591,"[None, 2048, 2048, 2048, 2048, 2048]","[2048, 2048, 2048, 2048, 2048, 2048]","[2048, 2048, 2048, 2048, 2048, 2049, 2048]",293.0
1263,9956,5,25,2025-06-13T18:24:30.772000+00:00,21.714,24.869,31.93,248.0,272.0,False,78.513,"[None, 2048, 2048, 2048, 2048, 2048]","[2048, 2048, 2048, 2048, 2048, 2048]","[2048, 2048, 2048, 2048, 2048, 2048, 2048]",297.0
1263,9956,22,22,2025-06-13T18:24:39.851000+00:00,20.67,23.563,30.224,258.0,282.0,False,74.457,"[None, 2048, 2048, 2048, 2048, 2048]","[2048, 2048, 2048, 2048, 2048, 2049]","[2048, 2048, 2048, 2048, 2048, 2048, 2048]",319.0
1263,9956,44,25,2025-06-13T18:24:43.788000+00:00,21.895,25.279,32.764,242.0,273.0,False,79.938,"[None, 2048, 2048, 2048, 2048, 2048]","[2048, 2048, 2048, 2048, 2048, 2048]","[2048, 2048, 2048, 2048, 2048, 2048, 2048]",295.0
1263,9956,63,24,2025-06-13T18:24:48.007000+00:00,53.118,25.738,31.702,236.0,273.0,True,110.558,"[2064, 2064, 2048, 2048, 2048, 2048]","[2048, 2048, 2048, 2048, 2048, 2048]","[2048, 2048, 2048, 2048, 2048, 2048, 2048]",289.0
1263,9956,12,25,2025-06-13T18:24:51.241000+00:00,22.077,24.861,31.439,241.0,275.0,False,78.377,"[None, 2048, 2048, 2048, 2048, 2048]","[2048, 2048, 2048, 2048, 2048, 2048]","[2048, 2048, 2048, 2048, 2048, 2048, 2048]",294.0
1263,9956,10,24,2025-06-13T18:24:59.679000+00:00,21.936,24.913,31.993,246.0,264.0,False,78.842,"[None, 2048, 2048, 2048, 2048, 2048]","[2048, 2048, 2048, 2048, 2048, 2048]","[2048, 2048, 2048, 2048, 2048, 2048, 2048]",279.0
1263,9956,31,18,2025-06-13T18:25:00.976000+00:00,41.791,25.137,36.062,244.0,272.0,True,102.99,"[2064, 2064, 2048, 2048, 2048, 2048]","[2048, 2048, 2048, 2048, 2048, 2048]","[2048, 2048, 2048, 2048, 2048, 2048, 2048]",107.0
1263,9956,27,23,2025-06-13T18:25:03.241000+00:00,21.605,24.547,31.208,250.0,273.0,False,77.36,"[None, 2048, 2048, 2048, 2048, 2048]","[2048, 2048, 2048, 2048, 2048, 2048]","[2048, 2048, 2048, 2048, 2048, 2048, 2048]",293.0
1263,9956,87,25,2025-06-13T18:25:07.304000+00:00,21.56,24.579,31.356,251.0,273.0,False,77.495,"[2048, 2048, 2048, 2048, 2048, 2048]","[2048, 2048, 2048, 2048, 2048, 2048]","[2048, 2048, 2048, 2048, 2048, 2048, 2048]",295.0
1263,9956,81,23,2025-06-13T18:25:10.007000+00:00,21.087,23.896,31.013,254.0,281.0,False,75.996,"[2048, 2048, 2048, 2048, 2048, 2048]","[2048, 2048, 2048, 2048, 2048, 2049]","[2048, 2048, 2048, 2048, 2048, 2048, 2048]",299.0
1263,9956,1,24,2025-06-13T18:25:10.804000+00:00,21.241,24.073,30.698,256.0,285.0,False,76.012,"[None, 2048, 2048, 2048, 2048, 2048]","[2048, 2048, 2048, 2048, 2048, 2049]","[2048, 2048, 2048, 2048, 2048, 2048, 2048]",309.0
1263,9956,14,21,2025-06-13T18:25:20.226000+00:00,21.855,25.036,31.69,,279.0,False,78.581,"[None, 2048, 2048, 2048, 2048, 2048]","[2048, 2048, 2048, 2048, 2048, 2048]","[2048, 2048, 2048, 2048, 2048, 2048, 2048]",298.0
1263,9956,30,25,2025-06-13T18:25:26.851000+00:00,21.797,25.089,31.514,252.0,274.0,False,78.4,"[2048, 2048, 2048, 2048, 2048, 2048]","[2048, 2048, 2048, 2048, 2048, 2048]","[2048, 2048, 2048, 2048, 2048, 2048, 2048]",292.0
1263,9956,18,20,2025-06-13T18:25:28.929000+00:00,21.469,24.515,33.524,256.0,280.0,False,79.508,"[2048, 2048, 2048, 2048, 2048, 2048]","[2048, 2048, 2048, 2048, 2048, 2048]","[2048, 2048, 2048, 2048, 2048, 2048, 2048]",263.0
1263,9956,23,23,2025-06-13T18:25:31.663000+00:00,21.658,24.701,31.341,242.0,276.0,False,77.7,"[None, 2048, 2048, 2048, 2048, 2048]","[2048, 2048, 2048, 2048, 2048, 2048]","[2048, 2048, 2048, 2048, 2048, 2048, 2048]",299.0
1263,9956,6,26,2025-06-13T18:25:36.038000+00:00,22.251,24.968,31.896,249.0,275.0,False,79.115,"[2048, 2048, 2048, 2048, 2048, 2048]","[2048, 2048, 2048, 2048, 2048, 2048]","[2048, 2048, 2048, 2048, 2048, 2048, 2048]",293.0
1263,9956,55,26,2025-06-13T18:25:41.570000+00:00,21.808,24.856,31.561,,275.0,False,78.225,"[None, 2048, 2048, 2048, 2048, 2048]","[2048, 2048, 2048, 2048, 2048, 2048]","[2048, 2048, 2048, 2048, 2048, 2048, 2048]",295.0
1263,9956,4,25,2025-06-13T18:25:46.164000+00:00,21.15,24.023,30.724,248.0,279.0,False,75.897,"[None, 2048, 2048, 2048, 2048, 2048]","[2048, 2048, 2048, 2048, 2048, 2048]","[2048, 2048, 2048, 2048, 2048, 2048, 2048]",297.0
1263,9956,5,26,2025-06-13T18:25:49.242000+00:00,22.267,25.029,31.815,246.0,271.0,False,79.111,"[None, 2048, 2048, 2048, 2048, 2048]","[2048, 2048, 2048, 2048, 2048, 2048]","[2048, 2048, 2048, 2048, 2048, 2048, 2048]",289.0
1263,9956,22,23,2025-06-13T18:25:54.210000+00:00,33.084,47.995,37.068,123.0,179.0,False,118.147,"[None, 2048, 2048, 2048, 2048, 2048]","[2048, 2048, 2048, 2048, 2048, 2048]","[2048, 2048, 2048, 2048, 2048, 2048, 2048]",284.0
1263,9956,44,26,2025-06-13T18:26:03.820000+00:00,22.17,24.979,32.049,243.0,276.0,False,79.198,"[None, 2048, 2048, 2048, 2048, 2048]","[2048, 2048, 2048, 2048, 2048, 2048]","[2048, 2048, 2048, 2048, 2048, 2048, 2048]",292.0
1263,9956,12,26,2025-06-13T18:26:09.570000+00:00,21.783,24.822,31.617,243.0,275.0,False,78.222,"[None, 2048, 2048, 2048, 2048, 2048]","[2048, 2048, 2048, 2048, 2048, 2048]","[2048, 2048, 2048, 2048, 2048, 2048, 2048]",294.0
1263,9956,10,25,2025-06-13T18:26:18.523000+00:00,21.746,24.98,31.946,,265.0,False,78.672,"[None, 2048, 2048, 2048, 2048, 2048]","[2048, 2048, 2048, 2048, 2048, 2048]","[2048, 2048, 2048, 2048, 2048, 2048, 2048]",282.0
1263,9956,27,24,2025-06-13T18:26:20.633000+00:00,21.802,24.674,31.381,247.0,272.0,False,77.857,"[None, 2048, 2048, 2048, 2048, 2048]","[2048, 2048, 2048, 2048, 2048, 2048]","[2048, 2048, 2048, 2048, 2048, 2048, 2048]",294.0
1263,9956,87,26,2025-06-13T18:26:24.867000+00:00,21.567,25.406,35.289,248.0,194.0,False,82.262,"[None, 2048, 2048, 2048, 2048, 2048]","[2048, 2048, 2048, 2048, 2048, 2048]","[2048, 2048, 2048, 2048, 2048, 2048, 2048]",248.0
1263,9956,81,24,2025-06-13T18:26:25.945000+00:00,21.209,24.353,30.804,256.0,281.0,False,76.366,"[None, 2048, 2048, 2048, 2048, 2048]","[2048, 2048, 2048, 2048, 2048, 2048]","[2048, 2048, 2048, 2048, 2048, 2048, 2048]",298.0
1263,9956,1,25,2025-06-13T18:26:26.883000+00:00,21.466,24.346,47.904,255.0,284.0,False,93.716,"[None, 2048, 2048, 2048, 2048, 2048]","[2048, 2048, 2048, 2048, 2048, 2048]","[2048, 2048, 2048, 2048, 2051, 2064, 2064]",304.0
1263,9956,63,25,2025-06-13T18:26:36.148000+00:00,21.718,24.6,31.394,249.0,276.0,False,77.712,"[2048, 2048, 2048, 2048, 2048, 2048]","[2048, 2048, 2048, 2048, 2048, 2048]","[2048, 2048, 2048, 2048, 2048, 2048, 2048]",296.0
1263,9956,14,22,2025-06-13T18:26:38.758000+00:00,22.023,24.866,31.649,243.0,276.0,False,78.538,"[None, 2048, 2048, 2048, 2048, 2048]","[2048, 2048, 2048, 2048, 2048, 2048]","[2048, 2048, 2048, 2048, 2048, 2048, 2048]",299.0
1263,9956,31,19,2025-06-13T18:26:42.555000+00:00,21.576,24.763,31.326,251.0,276.0,False,77.665,"[2048, 2048, 2048, 2048, 2048, 2048]","[2048, 2048, 2048, 2048, 2048, 2048]","[2048, 2048, 2048, 2048, 2048, 2048, 2048]",297.0
1263,9956,30,26,2025-06-13T18:26:45.242000+00:00,21.643,25.129,31.749,250.0,275.0,False,78.521,"[None, 2048, 2048, 2048, 2048, 2048]","[2048, 2048, 2048, 2048, 2048, 2048]","[2048, 2048, 2048, 2048, 2048, 2048, 2048]",297.0
1263,9956,18,21,2025-06-13T18:26:48.398000+00:00,21.466,24.293,31.338,255.0,280.0,False,77.097,"[None, 2048, 2048, 2048, 2048, 2048]","[2048, 2048, 2048, 2048, 2048, 2048]","[2048, 2048, 2048, 2048, 2048, 2048, 2048]",302.0
1263,9956,23,24,2025-06-13T18:26:49.289000+00:00,21.85,24.86,32.296,243.0,276.0,False,79.006,"[None, 2048, 2048, 2048, 2048, 2048]","[2048, 2048, 2048, 2048, 2048, 2048]","[2048, 2048, 2048, 2048, 2048, 2048, 2048]",301.0
1263,9956,6,27,2025-06-13T18:26:55.227000+00:00,21.853,24.825,31.575,250.0,276.0,False,78.253,"[None, 2048, 2048, 2048, 2048, 2048]","[2048, 2048, 2048, 2048, 2048, 2048]","[2048, 2048, 2048, 2048, 2048, 2048, 2048]",297.0
1263,9956,55,27,2025-06-13T18:26:59.789000+00:00,21.729,24.782,47.872,243.0,275.0,False,94.383,"[None, 2048, 2048, 2048, 2048, 2048]","[2048, 2048, 2048, 2048, 2048, 2048]","[2048, 2048, 2048, 2048, 2049, 2064, 2064]",298.0
1263,9956,43,25,2025-06-13T18:27:00.164000+00:00,26.504,25.198,31.808,239.0,268.0,True,83.51,"[2064, 2064, 2048, 2048, 2048, 2048]","[2048, 2048, 2048, 2048, 2048, 2048]","[2048, 2048, 2048, 2048, 2048, 2048, 2048]",283.0
1263,9956,4,26,2025-06-13T18:27:02.055000+00:00,21.166,24.115,30.593,250.0,281.0,False,75.874,"[None, 2048, 2048, 2048, 2048, 2048]","[2048, 2048, 2048, 2048, 2048, 2048]","[2048, 2048, 2049, 2049, 2048, 2048, 2048]",320.0
1263,9956,5,27,2025-06-13T18:27:08.414000+00:00,21.948,25.1,59.602,249.0,272.0,False,106.65,"[None, 2048, 2048, 2048, 2048, 2048]","[2048, 2048, 2048, 2048, 2048, 2048]","[2048, 2048, 2048, 2048, 2049, 2064, 2064]",295.0
1263,9956,44,27,2025-06-13T18:27:22.883000+00:00,22.104,25.07,47.586,241.0,276.0,False,94.76,"[None, 2048, 2048, 2048, 2048, 2048]","[2048, 2048, 2048, 2048, 2048, 2048]","[2048, 2048, 2048, 2048, 2049, 2064, 2064]",295.0
1263,9956,12,27,2025-06-13T18:27:27.883000+00:00,21.855,24.994,48.547,242.0,275.0,False,95.396,"[None, 2048, 2048, 2048, 2048, 2048]","[2048, 2048, 2048, 2048, 2048, 2048]","[2048, 2048, 2048, 2048, 2049, 2064, 2064]",295.0
1263,9956,10,26,2025-06-13T18:27:37.133000+00:00,21.73,25.033,31.909,243.0,267.0,False,78.672,"[None, 2048, 2048, 2048, 2048, 2048]","[2048, 2048, 2048, 2048, 2048, 2048]","[2048, 2048, 2048, 2048, 2048, 2048, 2048]",284.0
1263,9956,27,25,2025-06-13T18:27:38.446000+00:00,21.81,24.735,47.829,249.0,273.0,False,94.374,"[None, 2048, 2048, 2048, 2048, 2048]","[2048, 2048, 2048, 2048, 2048, 2048]","[2048, 2048, 2048, 2048, 2049, 2064, 2064]",297.0
1263,9956,81,25,2025-06-13T18:27:42.383000+00:00,21.263,24.035,34.749,247.0,281.0,False,80.047,"[None, 2048, 2048, 2048, 2048, 2048]","[2048, 2048, 2048, 2048, 2048, 2048]","[2048, 2048, 2048, 2048, 2048, 2048, 2048]",159.0
1263,9956,87,27,2025-06-13T18:27:47.055000+00:00,21.761,24.526,31.09,253.0,277.0,False,77.377,"[None, 2048, 2048, 2048, 2048, 2048]","[2048, 2048, 2048, 2048, 2048, 2048]","[2048, 2048, 2048, 2048, 2048, 2048, 2048]",298.0
1263,9956,22,24,2025-06-13T18:27:52.383000+00:00,20.96,23.861,30.333,258.0,281.0,False,75.154,"[None, 2048, 2048, 2048, 2048, 2048]","[2048, 2048, 2048, 2048, 2048, 2049]","[2048, 2048, 2048, 2048, 2048, 2048, 2048]",322.0
1263,9956,63,26,2025-06-13T18:27:53.805000+00:00,21.85,24.649,31.086,252.0,277.0,False,77.585,"[None, 2048, 2048, 2048, 2048, 2048]","[2048, 2048, 2048, 2048, 2048, 2048]","[2048, 2048, 2048, 2048, 2048, 2048, 2048]",299.0
1263,9956,14,23,2025-06-13T18:27:57.305000+00:00,22.197,25.123,31.88,,277.0,False,79.2,"[None, 2048, 2048, 2048, 2048, 2048]","[2048, 2048, 2048, 2048, 2048, 2048]","[2048, 2048, 2048, 2048, 2048, 2048, 2048]",298.0
1263,9956,31,20,2025-06-13T18:28:00.118000+00:00,21.45,24.575,31.278,250.0,275.0,False,77.303,"[None, 2048, 2048, 2048, 2048, 2048]","[2048, 2048, 2048, 2048, 2048, 2048]","[2048, 2048, 2048, 2048, 2048, 2048, 2048]",299.0
1263,9956,1,26,2025-06-13T18:28:01.914000+00:00,31.319,34.37,57.058,233.0,188.0,True,122.747,"[2064, 2064, 2048, 2048, 2048, 2048]","[2048, 2048, 2048, 2048, 2048, 2048]","[2048, 2048, 2048, 2048, 2048, 2048, 2048]",154.0
1263,9956,30,27,2025-06-13T18:28:03.790000+00:00,21.755,24.974,31.782,251.0,276.0,False,78.511,"[None, 2048, 2048, 2048, 2048, 2048]","[2048, 2048, 2048, 2048, 2048, 2048]","[2048, 2048, 2048, 2048, 2048, 2048, 2048]",298.0
1263,9956,18,22,2025-06-13T18:28:05.540000+00:00,21.47,24.488,33.913,254.0,281.0,False,79.871,"[None, 2048, 2048, 2048, 2048, 2048]","[2048, 2048, 2048, 2048, 2048, 2048]","[2048, 2048, 2048, 2048, 2048, 2048, 2048]",306.0
1263,9956,23,25,2025-06-13T18:28:08.274000+00:00,22.005,25.042,31.781,,276.0,False,78.828,"[None, 2048, 2048, 2048, 2048, 2048]","[2048, 2048, 2048, 2048, 2048, 2048]","[2048, 2048, 2048, 2048, 2048, 2048, 2048]",300.0
1263,9956,6,28,2025-06-13T18:28:13.477000+00:00,21.739,24.711,31.52,252.0,277.0,False,77.97,"[None, 2048, 2048, 2048, 2048, 2048]","[2048, 2048, 2048, 2048, 2048, 2048]","[2048, 2048, 2048, 2048, 2048, 2048, 2048]",300.0
1263,9956,4,27,2025-06-13T18:28:18.008000+00:00,20.929,23.809,30.676,258.0,281.0,False,75.414,"[None, 2048, 2048, 2048, 2048, 2049]","[2048, 2048, 2048, 2048, 2048, 2049]","[2048, 2048, 2048, 2048, 2048, 2048, 2048]",301.0
1263,9956,43,26,2025-06-13T18:28:22.352000+00:00,21.626,24.518,31.446,244.0,272.0,False,77.59,"[2048, 2048, 2048, 2048, 2048, 2048]","[2048, 2048, 2048, 2048, 2048, 2048]","[2048, 2048, 2048, 2048, 2048, 2048, 2048]",282.0
1263,9956,55,28,2025-06-13T18:28:35.513000+00:00,24.282,24.96,31.842,241.0,275.0,True,81.084,"[2064, 2064, 2048, 2048, 2048, 2048]","[2048, 2048, 2048, 2048, 2048, 2048]","[2048, 2048, 2048, 2048, 2048, 2048, 2048]",296.0
1263,9956,10,27,2025-06-13T18:28:55.757000+00:00,21.842,24.866,31.862,250.0,267.0,False,78.57,"[None, 2048, 2048, 2048, 2048, 2048]","[2048, 2048, 2048, 2048, 2048, 2048]","[2048, 2048, 2048, 2048, 2048, 2048, 2048]",286.0
1263,9956,5,28,2025-06-13T18:28:56.840000+00:00,40.31,25.694,32.066,235.0,275.0,True,98.07,"[2064, 2064, 2048, 2048, 2048, 2048]","[2048, 2048, 2048, 2048, 2048, 2048]","[2048, 2048, 2048, 2048, 2048, 2048, 2048]",296.0
1263,9956,44,28,2025-06-13T18:28:59.171000+00:00,24.231,24.456,31.304,243.0,276.0,True,79.991,"[2064, 2064, 2048, 2048, 2048, 2048]","[2048, 2048, 2048, 2048, 2048, 2048]","[2048, 2048, 2048, 2048, 2048, 2048, 2048]",295.0
1263,9956,81,26,2025-06-13T18:29:02.359000+00:00,21.182,24.026,30.608,249.0,282.0,False,75.816,"[None, 2048, 2048, 2048, 2048, 2048]","[2048, 2048, 2048, 2048, 2048, 2049]","[2048, 2048, 2048, 2049, 2048, 2048, 2048]",318.0
1263,9956,87,28,2025-06-13T18:29:04.515000+00:00,21.418,24.544,30.831,,276.0,False,76.793,"[None, 2048, 2048, 2048, 2048, 2048]","[2048, 2048, 2048, 2048, 2048, 2048]","[2048, 2048, 2048, 2048, 2048, 2048, 2048]",316.0
1263,9956,12,28,2025-06-13T18:29:05.171000+00:00,56.556,28.655,31.659,212.0,273.0,True,116.87,"[2064, 2064, 2048, 2048, 2048, 2048]","[2048, 2048, 2048, 2048, 2048, 2048]","[2048, 2048, 2048, 2048, 2048, 2048, 2048]",301.0
1263,9956,22,25,2025-06-13T18:29:07.531000+00:00,23.978,28.35,39.035,203.0,257.0,False,91.363,"[None, 2048, 2048, 2048, 2048, 2048]","[2048, 2048, 2048, 2048, 2048, 2048]","[2048, 2048, 2048, 2048, 2048, 2048, 2048]",214.0
1263,9956,63,27,2025-06-13T18:29:11.452000+00:00,21.72,24.637,31.033,251.0,277.0,False,77.39,"[None, 2048, 2048, 2048, 2048, 2048]","[2048, 2048, 2048, 2048, 2048, 2048]","[2048, 2048, 2048, 2048, 2048, 2048, 2048]",298.0
1263,9956,27,26,2025-06-13T18:29:15.109000+00:00,44.689,27.804,34.422,221.0,257.0,True,106.915,"[2064, 2064, 2048, 2048, 2048, 2048]","[2048, 2048, 2048, 2048, 2048, 2048]","[2048, 2048, 2048, 2048, 2048, 2048, 2048]",262.0
1263,9956,14,24,2025-06-13T18:29:16.484000+00:00,22.055,24.993,32.274,,277.0,False,79.322,"[None, 2048, 2048, 2048, 2048, 2048]","[2048, 2048, 2048, 2048, 2048, 2048]","[2048, 2048, 2048, 2048, 2048, 2048, 2048]",301.0
1263,9956,31,21,2025-06-13T18:29:17.468000+00:00,21.679,24.939,32.141,,276.0,False,78.759,"[None, 2048, 2048, 2048, 2048, 2048]","[2048, 2048, 2048, 2048, 2048, 2048]","[2048, 2048, 2048, 2048, 2048, 2048, 2048]",289.0
1263,9956,30,28,2025-06-13T18:29:22.296000+00:00,21.793,25.162,31.927,,276.0,False,78.882,"[None, 2048, 2048, 2048, 2048, 2048]","[2048, 2048, 2048, 2048, 2048, 2048]","[2048, 2048, 2048, 2048, 2048, 2048, 2048]",301.0
1263,9956,18,23,2025-06-13T18:29:25.421000+00:00,21.551,24.259,31.07,,280.0,False,76.88,"[None, 2048, 2048, 2048, 2048, 2048]","[2048, 2048, 2048, 2048, 2048, 2048]","[2048, 2048, 2048, 2048, 2048, 2048, 2048]",306.0
1263,9956,23,26,2025-06-13T18:29:27.093000+00:00,22.074,25.339,31.817,,276.0,False,79.23,"[None, 2048, 2048, 2048, 2048, 2048]","[2048, 2048, 2048, 2048, 2048, 2048]","[2048, 2048, 2048, 2048, 2048, 2048, 2048]",300.0
1263,9956,6,29,2025-06-13T18:29:31.453000+00:00,21.842,25.184,32.127,249.0,277.0,False,79.153,"[None, 2048, 2048, 2048, 2048, 2048]","[2048, 2048, 2048, 2048, 2048, 2048]","[2048, 2048, 2048, 2048, 2048, 2048, 2048]",305.0
1263,9956,4,28,2025-06-13T18:29:33.359000+00:00,21.077,24.235,30.768,256.0,283.0,False,76.08,"[None, 2048, 2048, 2048, 2048, 2048]","[2048, 2048, 2048, 2048, 2048, 2049]","[2048, 2048, 2049, 2048, 2048, 2048, 2048]",299.0
1263,9956,43,27,2025-06-13T18:29:39.921000+00:00,22.066,24.738,31.638,248.0,269.0,False,78.442,"[None, 2048, 2048, 2048, 2048, 2048]","[2048, 2048, 2048, 2048, 2048, 2048]","[2048, 2048, 2048, 2048, 2048, 2048, 2048]",292.0
1263,9956,55,29,2025-06-13T18:29:55.218000+00:00,21.262,24.268,30.947,244.0,276.0,False,76.477,"[2048, 2048, 2048, 2048, 2048, 2048]","[2048, 2048, 2048, 2048, 2048, 2048]","[2048, 2048, 2048, 2048, 2048, 2048, 2048]",299.0
1263,9956,1,27,2025-06-13T18:30:03.344000+00:00,23.394,26.715,70.917,242.0,255.0,False,121.026,"[2048, 2048, 2048, 2048, 2048, 2048]","[2048, 2048, 2048, 2048, 2048, 2048]","[2048, 2048, 2048, 2048, 2048, 2048, 2048]",216.0
1263,9956,10,28,2025-06-13T18:30:14.297000+00:00,26.523,28.992,66.218,198.0,259.0,False,121.733,"[None, 2048, 2048, 2048, 2048, 2048]","[2048, 2048, 2048, 2048, 2048, 2048]","[2048, 2048, 2048, 2048, 2048, 2048, 2048]",227.0
1263,9956,44,29,2025-06-13T18:30:17.750000+00:00,25.939,31.579,79.211,139.0,238.0,False,136.729,"[2048, 2048, 2048, 2048, 2048, 2048]","[2048, 2048, 2048, 2048, 2048, 2048]","[2048, 2048, 2048, 2048, 2048, 2048, 2048]",185.0
1263,9956,81,27,2025-06-13T18:30:18.297000+00:00,28.159,36.621,78.239,165.0,183.0,False,143.019,"[None, 2048, 2048, 2048, 2048, 2048]","[2048, 2048, 2048, 2048, 2048, 2048]","[2048, 2048, 2048, 2048, 2048, 2048, 2048]",182.0
1263,9956,87,29,2025-06-13T18:30:21.250000+00:00,25.745,30.218,67.986,152.0,249.0,False,123.949,"[None, 2048, 2048, 2048, 2048, 2048]","[2048, 2048, 2048, 2048, 2048, 2048]","[2048, 2048, 2048, 2048, 2048, 2048, 2048]",206.0
1263,9956,63,28,2025-06-13T18:30:28.766000+00:00,31.41,45.716,93.8,129.0,106.0,False,170.926,"[None, 2048, 2048, 2048, 2048, 2048]","[2048, 2048, 2048, 2048, 2048, 2048]","[2048, 2048, 2048, 2048, 2048, 2048, 2048]",169.0
1263,9956,5,29,2025-06-13T18:30:33.094000+00:00,27.699,30.721,77.831,139.0,205.0,False,136.251,"[2048, 2048, 2048, 2048, 2048, 2048]","[2048, 2048, 2048, 2048, 2048, 2048]","[2048, 2048, 2048, 2048, 2048, 2048, 2048]",157.0
1263,9956,14,25,2025-06-13T18:30:35.828000+00:00,25.657,31.041,,157.0,224.0,False,,"[None, 2048, 2048, 2048, 2048, 2048]","[2048, 2048, 2048, 2048, 2048, 2048]","[2048, 2048, 2048, 2048]",195.0
1263,9956,31,22,2025-06-13T18:30:36.219000+00:00,27.742,31.822,74.079,184.0,207.0,False,133.643,"[None, 2048, 2048, 2048, 2048, 2048]","[2048, 2048, 2048, 2048, 2048, 2048]","[2048, 2048, 2048, 2048, 2048, 2048, 2048]",174.0
1263,9956,22,26,2025-06-13T18:30:38.953000+00:00,27.475,34.699,82.439,179.0,200.0,False,144.613,"[None, 2048, 2048, 2048, 2048, 2048]","[2048, 2048, 2048, 2048, 2048, 2048]","[2048, 2048, 2048, 2048, 2048, 2048, 2048]",148.0
1263,9956,30,29,2025-06-13T18:30:41.110000+00:00,23.205,35.365,78.437,189.0,201.0,False,137.007,"[None, 2048, 2048, 2048, 2048, 2048]","[2048, 2048, 2048, 2048, 2048, 2048]","[2048, 2048, 2048, 2048, 2048, 2048, 2048]",149.0
1263,9956,18,24,2025-06-13T18:30:42.172000+00:00,27.052,34.5,92.279,197.0,185.0,False,153.831,"[None, 2048, 2048, 2048, 2048, 2048]","[2048, 2048, 2048, 2048, 2048, 2048]","[2048, 2048, 2048, 2048, 2048, 2048, 2048]",158.0
1263,9956,23,27,2025-06-13T18:30:46.422000+00:00,23.934,36.398,78.435,196.0,142.0,False,138.767,"[None, 2048, 2048, 2048, 2048, 2048]","[2048, 2048, 2048, 2048, 2048, 2048]","[2048, 2048, 2048, 2048, 2048, 2048, 2048]",169.0
1263,9956,4,29,2025-06-13T18:30:49.469000+00:00,23.204,33.673,80.976,195.0,162.0,False,137.853,"[None, 2048, 2048, 2048, 2048, 2048]","[2048, 2048, 2048, 2048, 2048, 2048]","[2048, 2048, 2048, 2048, 2048, 2048, 2048]",186.0
1263,9956,6,30,2025-06-13T18:30:50.453000+00:00,28.036,31.004,94.179,213.0,166.0,False,153.219,"[None, 2048, 2048, 2048, 2048, 2048]","[2048, 2048, 2048, 2048, 2048, 2048]","[2048, 2048, 2048, 2048, 2048, 2048, 2048]",226.0
1263,9956,43,28,2025-06-13T18:30:58.407000+00:00,25.227,27.955,93.937,197.0,188.0,False,147.119,"[None, 2048, 2048, 2048, 2048, 2048]","[2048, 2048, 2048, 2048, 2048, 2048]","[2048, 2048, 2048, 2048, 2048, 2048, 2048]",205.0
1263,9956,27,27,2025-06-13T18:30:59.735000+00:00,24.212,28.512,87.494,219.0,235.0,False,140.218,"[2048, 2048, 2048, 2048, 2048, 2048]","[2048, 2048, 2048, 2048, 2048, 2048]","[2048, 2048, 2048, 2048, 2048, 2048, 2048]",172.0
1263,9956,12,29,2025-06-13T18:31:00.063000+00:00,26.061,28.655,93.638,176.0,233.0,False,148.354,"[2048, 2048, 2048, 2048, 2048, 2048]","[2048, 2048, 2048, 2048, 2048, 2048]","[2048, 2048, 2048, 2048, 2048, 2048, 2048]",210.0
1263,9956,55,30,2025-06-13T18:31:11.735000+00:00,29.506,37.274,76.314,150.0,182.0,False,143.094,"[None, 0, 0, 2048, 2048, 2048]","[2048, 2048, 2048, 2048, 2048, 2048]","[2048, 2048, 2048, 2048, 2048, 2048, 2048]",221.0
1263,9956,1,28,2025-06-13T18:32:04.351000+00:00,26.417,26.029,,220.0,245.0,False,,"[None, 2048, 2048, 2048, 2048, 2048]","[2048, 2048, 2048, 2048, 2048, 2048]","[2048, 2048, 2048, 2048]",284.0
1263,9956,10,29,2025-06-13T18:32:16.039000+00:00,24.23,25.67,,247.0,268.0,False,,"[None, 2048, 2048, 2048, 2048, 2048]","[2048, 2048, 2048, 2048, 2048, 2048]","[2048, 2048, 2048, 2048]",291.0
1263,9956,87,30,2025-06-13T18:32:25.117000+00:00,23.407,25.973,,239.0,256.0,False,,"[None, 2048, 2048, 2048, 2048, 2048]","[2048, 2048, 2048, 2048, 2048, 2048]","[2048, 2048, 2048, 2048]",289.0
1263,9956,44,30,2025-06-13T18:32:34.492000+00:00,24.021,24.784,,249.0,270.0,False,,"[None, 2048, 2048, 2048, 2048, 2048]","[2048, 2048, 2048, 2048, 2048, 2048]","[2048, 2048, 2048, 2048]",295.0
1263,9956,81,28,2025-06-13T18:32:41.195000+00:00,22.981,26.289,,232.0,267.0,False,,"[None, 2048, 2048, 2048, 2048, 2048]","[2048, 2048, 2048, 2048, 2048, 2048]","[2048, 2048, 2048, 2048]",239.0
1263,9956,5,30,2025-06-13T18:32:49.305000+00:00,24.134,24.756,,248.0,273.0,False,,"[None, 2048, 2048, 2048, 2048, 2048]","[2048, 2048, 2048, 2048, 2048, 2048]","[2048, 2048, 2048, 2048]",173.0
1263,9956,31,23,2025-06-13T18:32:49.773000+00:00,24.755,30.292,,244.0,135.0,False,,"[None, 2048, 2048, 2048, 2048, 2048]","[2048, 2048, 2048, 2048, 2048, 2048]","[2048, 2048, 2048, 2048]",116.0
1263,9956,30,30,2025-06-13T18:32:58.117000+00:00,25.15,29.494,,231.0,232.0,False,,"[None, 2048, 2048, 2048, 2048, 2048]","[2048, 2048, 2048, 2048, 2048, 2048]","[2048, 2048, 2048, 2048]",207.0
1263,9956,22,27,2025-06-13T18:33:03.524000+00:00,25.184,26.116,,221.0,233.0,False,,"[None, 2048, 2048, 2048, 2048, 2048]","[2048, 2048, 2048, 2048, 2048, 2048]","[2048, 2048, 2048, 2048]",245.0
1263,9956,23,28,2025-06-13T18:33:05.149000+00:00,25.792,26.146,,238.0,273.0,False,,"[None, 2048, 2048, 2048, 2048, 2048]","[2048, 2048, 2048, 2048, 2048, 2048]","[2048, 2048, 2048, 2048]",215.0
1263,9956,4,30,2025-06-13T18:33:07.352000+00:00,24.957,27.396,,203.0,208.0,False,,"[None, 2048, 2048, 2048, 2048, 2048]","[2048, 2048, 2048, 2048, 2048, 2048]","[2048, 2048, 2048, 2048]",238.0
1263,9956,18,25,2025-06-13T18:33:16.086000+00:00,23.724,26.21,,252.0,258.0,False,,"[None, 2048, 2048, 2048, 2048, 2048]","[2048, 2048, 2048, 2048, 2048, 2048]","[2048, 2048, 2048, 2048]",261.0
1263,9956,63,29,2025-06-13T18:33:19.727000+00:00,24.933,27.565,,230.0,262.0,False,,"[None, 2048, 2048, 2048, 2048, 2048]","[2048, 2048, 2048, 2048, 2048, 2048]","[2048, 2048, 2048, 2048]",271.0
1263,9956,27,28,2025-06-13T18:33:19.946000+00:00,23.748,25.98,,239.0,245.0,False,,"[None, 2048, 2048, 2048, 2048, 2048]","[2048, 2048, 2048, 2048, 2048, 2048]","[2048, 2048, 2048, 2048]",216.0
1263,9956,6,31,2025-06-13T18:33:23.649000+00:00,24.705,26.263,,238.0,261.0,False,,"[None, 2048, 2048, 2048, 2048, 2048]","[2048, 2048, 2048, 2048, 2048, 2048]","[2048, 2048, 2048, 2048]",316.0
1263,9956,43,29,2025-06-13T18:33:25.414000+00:00,25.091,26.566,,198.0,274.0,False,,"[None, 2048, 2048, 2048, 2048, 2048]","[2048, 2048, 2048, 2048, 2048, 2048]","[2048, 2048, 2048, 2048]",278.0
1263,9956,12,30,2025-06-13T18:33:28.492000+00:00,24.82,30.945,,170.0,230.0,False,,"[None, 2048, 2048, 2048, 2048, 2048]","[2048, 2048, 2048, 2048, 2048, 2048]","[2048, 2048, 2048, 2048]",205.0
1263,9956,55,31,2025-06-13T18:33:34.696000+00:00,27.503,27.714,,220.0,227.0,False,,"[None, 2048, 2048, 2048, 2048, 2048]","[2048, 2048, 2048, 2048, 2048, 2048]","[2048, 2048, 2048, 2048]",252.0
