meeting_key,session_key,driver_number,lap_number,date_start,duration_sector_1,duration_sector_2,duration_sector_3,i1_speed,i2_speed,is_pit_out_lap,lap_duration,segments_sector_1,segments_sector_2,segments_sector_3,st_speed
1261,9974,30,1,,,43.916,53.242,144.0,148.0,True,,"[2064, 2049, 2049, 2049, 2049, 2049]","[2049, 2049, 2049, 2049, 2049, 2049, 2049, 2049, 2049, 2049]","[2049, 2049, 2049, 2064, 2064]",247.0
1261,9974,44,1,2025-05-24T10:30:11.302000+00:00,29.669,47.454,,127.0,144.0,True,678.701,"[2064, 2049, 2049, 2049, 2049, 2049]","[2049, 2049, 2049, 2049, 2049, 2049, 2049, 2049, 2049, 2049]","[2049, 2049, 2049, 2064, 2064]",237.0
1261,9974,6,1,2025-05-24T10:30:14.364000+00:00,29.95,45.813,,148.0,139.0,True,345.566,"[2064, 2049, 2049, 2049, 2049, 2049]","[2049, 2049, 2049, 2049, 2049, 2049, 2049, 2049, 2049, 2049]","[2049, 2049, 2049, 2064, 2064]",255.0
1261,9974,43,1,2025-05-24T10:30:37.535000+00:00,31.181,41.806,23.444,166.0,162.0,True,96.431,"[2064, 2049, 2049, 2049, 2049, 2049]","[2049, 2049, 2049, 2049, 2049, 2049, 2051, 2049, 2049, 2049]","[2049, 2049, 2051, 2051, 2051]",269.0
1261,9974,14,1,2025-05-24T10:30:45.942000+00:00,25.636,39.637,42.641,175.0,169.0,True,107.914,"[2064, 2049, 2051, 2049, 2049, 2051]","[2051, 2051, 2049, 2049, 2051, 2051, 2049, 2051, 2051, 2049]","[2051, 2049, 2049, 2064, 2064]",272.0
1261,9974,18,1,2025-05-24T10:30:47.786000+00:00,26.673,40.306,46.455,155.0,167.0,True,113.434,"[2064, 2049, 2049, 2049, 2049, 2049]","[2049, 2049, 2051, 2051, 2049, 2049, 2049, 2049, 2049, 2051]","[2049, 2051, 2049, 2064, 2064]",262.0
1261,9974,30,2,2025-05-24T10:32:13.177000+00:00,27.548,40.908,22.2,161.0,170.0,True,90.656,"[None, 2049, 2049, 2049, 2049, 2049]","[2049, 2049, 2049, 2049, 2049, 2048, 2049, 2049, 2049, 2049]","[2049, 2049, 2049, 2051, 2051]",242.0
1261,9974,43,2,2025-05-24T10:32:13.490000+00:00,21.782,38.701,21.422,178.0,180.0,False,81.905,"[2051, 2051, 2049, 2051, 2051, 2049]","[2049, 2049, 2049, 2049, 2049, 2049, 2051, 2051, 2049, 2051]","[2051, 2051, 2051, 2051, 2051]",269.0
1261,9974,14,2,2025-05-24T10:32:33.974000+00:00,24.658,38.89,41.591,191.0,178.0,True,105.139,"[None, 2049, 2048, 2049, 2048, 2049]","[2049, 2048, 2048, 2049, 2048, 2048, 2049, 2049, 2049, 2049]","[2049, 2049, 2049, 2064, 2064]",268.0
1261,9974,18,2,2025-05-24T10:32:41.313000+00:00,25.187,38.51,41.829,177.0,182.0,True,105.526,"[None, 2049, 2048, 2049, 2049, 2049]","[2049, 2049, 2049, 2049, 2049, 2048, 2049, 2049, 2051, 2051]","[2049, 2049, 2049, 2064, 2064]",260.0
1261,9974,43,3,2025-05-24T10:33:35.262000+00:00,19.948,35.729,20.175,208.0,189.0,False,75.852,"[None, 2051, 2049, 2051, 2051, 2049]","[2049, 2049, 2051, 2051, 2049, 2049, 2049, 2051, 2049, 2049]","[2049, 2051, 2051, 2051]",271.0
1261,9974,30,3,2025-05-24T10:33:43.340000+00:00,20.116,35.778,20.181,211.0,195.0,False,76.075,"[2049, 2049, 2051, 2049, 2049, 2051]","[2051, 2051, 2049, 2049, 2051, 2051, 2051, 2049, 2051, 2051]","[2051, 2049, 2051, 2051, 2049]",273.0
1261,9974,14,3,2025-05-24T10:34:19.075000+00:00,24.938,39.839,,184.0,172.0,True,934.151,"[None, 2048, 2049, 2048, 2049, 2048]","[2049, 2048, 2048, 2048, 2048, 2048, 2048, 2048, 2048, 2048]","[2048, 2048, 2049, 2064, 2064]",265.0
1261,9974,18,3,2025-05-24T10:34:26.694000+00:00,24.896,37.98,,183.0,173.0,True,608.149,"[None, 2049, 2049, 2049, 2049, 2049]","[2049, 2049, 2049, 2049, 2049, 2048, 2049, 2048, 2048, 2048]","[2048, 2048, 2049, 2064, 2064]",261.0
1261,9974,43,4,2025-05-24T10:34:51.128000+00:00,33.99,62.174,25.375,87.0,164.0,False,121.539,"[2048, 2048, 2048, 2048, 2048, 2048]","[2048, 2048, 2048, 2048, 2048, 2048, 2048, 2048, 2048, 2048]","[2048, 2048, 2048, 2048, 2048]",128.0
1261,9974,30,4,2025-05-24T10:34:59.330000+00:00,19.772,35.431,19.968,212.0,195.0,False,75.171,"[2051, 2051, 2051, 2051, 2051, 2051]","[2051, 2051, 2048, 2051, 2051, 2048, 2051, 2049, 2051, 2051]","[2051, 2049, 2051, 2051]",271.0
1261,9974,6,2,2025-05-24T10:35:59.778000+00:00,27.66,41.597,21.877,160.0,172.0,True,91.134,"[None, 2048, 2049, 2049, 2049, 2049]","[2049, 2049, 2049, 2049, 2049, 2049, 2049, 2049, 2049, 2049]","[2049, 2049, 2049, 2049, 2049]",259.0
1261,9974,30,5,2025-05-24T10:36:14.566000+00:00,29.475,49.872,26.717,117.0,109.0,False,106.064,"[2048, 2048, 2048, 2048, 2048, 2048]","[2048, 2048, 2048, 2048, 2048, 2048, 2048, 2048, 2048, 2048]","[2048, 2048, 2048, 2048, 2048]",196.0
1261,9974,27,1,2025-05-24T10:36:36.378000+00:00,26.352,38.385,25.358,175.0,181.0,True,90.095,"[2064, 2049, 2049, 2049, 2049, 2049]","[2049, 2049, 2049, 2049, 2049, 2049, 2049, 2049, 2049, 2049]","[2049, 2049, 2049, 2049, 2051]",254.0
1261,9974,5,1,2025-05-24T10:36:41.450000+00:00,26.053,43.352,21.799,171.0,170.0,True,91.204,"[2064, 2049, 2049, 2049, 2049, 2049]","[2049, 2049, 2049, 2049, 2049, 2049, 2049, 2049, 2049, 2049]","[2049, 2049, 2049, 2049, 2049]",203.0
1261,9974,43,5,2025-05-24T10:36:52.778000+00:00,19.668,35.416,19.929,212.0,193.0,False,75.013,"[2049, 2049, 2049, 2051, 2051, 2049]","[2049, 2049, 2048, 2048, 2051, 2051, 2051, 2048, 2049, 2051]","[2051, 2048, 2051, 2049, 2051]",275.0
1261,9974,6,3,2025-05-24T10:37:30.359000+00:00,20.242,35.813,20.127,203.0,192.0,False,76.182,"[2049, 2049, 2049, 2049, 2049, 2049]","[2049, 2049, 2049, 2049, 2049, 2049, 2049, 2049, 2049, 2049]","[2049, 2049, 2049, 2049]",270.0
1261,9974,30,6,2025-05-24T10:38:00.541000+00:00,19.714,40.894,27.297,215.0,83.0,False,87.905,"[None, 2048, 2051, 2051, 2049, 2051]","[2049, 2048, 2049, 2049, 2049, 2048, 2051, 2048, 2048, 2048]","[2048, 2048, 2048, 2048, 2048]",272.0
1261,9974,27,2,2025-05-24T10:38:06.025000+00:00,19.72,34.965,19.38,215.0,194.0,False,74.065,"[2051, 2049, 2049, 2049, 2049, 2049]","[2051, 2049, 2049, 2051, 2051, 2049, 2049, 2051, 2051, 2051]","[2051, 2051, 2051, 2051]",272.0
1261,9974,43,6,2025-05-24T10:38:07.776000+00:00,30.204,58.153,31.59,94.0,131.0,False,119.947,"[2048, 2048, 2048, 2048, 2048, 2048]","[2048, 2048, 2048, 2048, 2048, 2048, 2048, 2048, 2048, 2048]","[2048, 2048, 2048, 2048, 2048]",152.0
1261,9974,5,2,2025-05-24T10:38:12.057000+00:00,22.03,39.093,22.309,181.0,175.0,False,83.432,"[2049, 2049, 2049, 2048, 2048, 2049]","[2049, 2049, 2049, 2049, 2049, 2049, 2049, 2049, 2049, 2049]","[2048, 2048, 2048, 2049]",238.0
1261,9974,6,4,2025-05-24T10:38:46.360000+00:00,19.696,35.174,19.746,207.0,197.0,False,74.616,"[None, 2049, 2049, 2049, 2051, 2049]","[2049, 2049, 2051, 2051, 2049, 2049, 2049, 2051, 2049, 2049]","[2049, 2049, 2049, 2051, 2049]",270.0
1261,9974,31,1,2025-05-24T10:39:11.544000+00:00,26.728,40.153,22.293,158.0,177.0,True,89.174,"[2064, 2049, 2049, 2049, 2049, 2049]","[2049, 2049, 2049, 2049, 2049, 2049, 2049, 2049, 2049, 2049]","[2049, 2049, 2049, 2049, 2049]",266.0
1261,9974,27,3,2025-05-24T10:39:20.029000+00:00,30.944,50.585,23.805,123.0,129.0,False,105.334,"[2048, 2048, 2048, 2048, 2048, 2048]","[2048, 2048, 2048, 2048, 2048, 2048, 2048, 2048, 2048, 2048]","[2048, 2048, 2048, 2048, 2048]",150.0
1261,9974,30,7,2025-05-24T10:39:28.559000+00:00,30.427,45.608,27.158,146.0,145.0,False,103.193,"[None, 2048, 2048, 2048, 2048, 2048]","[2048, 2048, 2048, 2048, 2048, 2048, 2048, 2048, 2048, 2048]","[2048, 2048, 2048, 2048, 2048]",230.0
1261,9974,5,3,2025-05-24T10:39:35.313000+00:00,19.634,35.257,19.757,212.0,194.0,False,74.648,"[2051, 2051, 2049, 2049, 2049, 2049]","[2049, 2049, 2049, 2049, 2049, 2049, 2049, 2049, 2049, 2049]","[2049, 2049, 2049, 2049]",270.0
1261,9974,6,5,2025-05-24T10:40:01.027000+00:00,32.842,50.024,25.842,80.0,119.0,False,108.708,"[2048, 2048, 2048, 2048, 2048, 2048]","[2048, 2048, 2048, 2048, 2048, 2048, 2048, 2048, 2048, 2048]","[2048, 2048, 2048, 2048, 2048]",223.0
1261,9974,43,7,2025-05-24T10:40:07.779000+00:00,26.34,41.021,23.238,159.0,178.0,False,90.599,"[None, 2048, 2048, 2048, 2048, 2048]","[2048, 2048, 2048, 2048, 2048, 2048, 2048, 2048, 2048, 2048]","[2048, 2048, 2048, 2048, 2048]",266.0
1261,9974,31,2,2025-05-24T10:40:40.217000+00:00,20.023,35.546,19.899,198.0,198.0,False,75.468,"[2049, 2049, 2049, 2049, 2049, 2049]","[2049, 2049, 2049, 2049, 2049, 2049, 2049, 2049, 2049, 2049]","[2051, 2049, 2049, 2049, 2051]",273.0
1261,9974,5,4,2025-05-24T10:40:50.030000+00:00,28.86,47.633,29.99,123.0,58.0,False,106.483,"[2048, 2048, 2048, 2048, 2048, 2048]","[2048, 2048, 2048, 2048, 2048, 2048, 2048, 2048, 2048, 2048]","[2048, 2048, 2048, 2048, 2048]",252.0
1261,9974,27,4,2025-05-24T10:41:05.377000+00:00,19.603,34.926,19.387,215.0,199.0,False,73.916,"[2049, 2049, 2049, 2049, 2049, 2049]","[2048, 2049, 2049, 2048, 2048, 2048, 2048, 2051, 2051, 2051]","[2051, 2048, 2048, 2049]",271.0
1261,9974,30,8,2025-05-24T10:41:11.711000+00:00,19.477,35.122,19.733,215.0,196.0,False,74.332,"[2049, 2049, 2049, 2049, 2049, 2049]","[2049, 2048, 2049, 2049, 2049, 2051, 2048, 2048, 2049, 2049]","[2048, 2049, 2049, 2049, 2049]",274.0
1261,9974,44,2,2025-05-24T10:41:29.773000+00:00,24.794,42.644,21.401,166.0,180.0,True,88.839,"[None, 2049, 2049, 2049, 2049, 2049]","[2049, 2049, 2049, 2049, 2048, 2049, 2049, 2049, 2049, 2049]","[2049, 2049, 2049, 2049, 2049]",260.0
1261,9974,43,8,2025-05-24T10:41:38.336000+00:00,19.364,35.325,19.765,215.0,193.0,False,74.454,"[2049, 2051, 2051, 2049, 2049, 2049]","[2049, 2048, 2048, 2048, 2049, 2048, 2048, 2049, 2049, 2049]","[2049, 2049, 2049, 2049, 2048]",273.0
1261,9974,6,6,2025-05-24T10:41:49.874000+00:00,19.338,34.925,19.702,214.0,197.0,False,73.965,"[2049, 2049, 2049, 2051, 2051, 2051]","[2049, 2048, 2051, 2051, 2049, 2049, 2049, 2048, 2049, 2049]","[2049, 2049, 2049, 2048, 2049]",273.0
1261,9974,31,3,2025-05-24T10:41:55.655000+00:00,30.826,53.092,24.113,100.0,127.0,False,108.031,"[2048, 2048, 2048, 2048, 2048, 2048]","[2048, 2048, 2048, 2048, 2048, 2048, 2048, 2048, 2048, 2048]","[2048, 2048, 2048, 2048, 2048]",162.0
1261,9974,27,5,2025-05-24T10:42:19.202000+00:00,29.601,49.972,26.256,117.0,138.0,False,105.829,"[2048, 2048, 2048, 2048, 2048, 2048]","[2048, 2048, 2048, 2048, 2048, 2048, 2048, 2048, 2048, 2048]","[2048, 2048, 2048, 2048, 2048]",181.0
1261,9974,30,9,2025-05-24T10:42:25.890000+00:00,29.182,48.4,25.695,77.0,125.0,False,103.277,"[2048, 2048, 2048, 2048, 2048, 2048]","[2048, 2048, 2048, 2048, 2048, 2048, 2048, 2048, 2048, 2048]","[2048, 2048, 2048, 2048, 2048]",205.0
1261,9974,5,5,2025-05-24T10:42:36.655000+00:00,19.521,35.099,19.553,213.0,192.0,False,74.173,"[None, 2048, 2049, 2049, 2049, 2049]","[2049, 2049, 2048, 2049, 2049, 2049, 2048, 2051, 2049, 2049]","[2049, 2049, 2049, 2048, 2048]",271.0
1261,9974,16,1,2025-05-24T10:42:41.816000+00:00,28.7,44.288,28.005,161.0,174.0,True,100.993,"[2064, 2049, 2049, 2049, 2049, 2049]","[2049, 2049, 2049, 2049, 2049, 2049, 2049, 2049, 2049, 2049]","[2049, 2049, 2049, 2049, 2049]",259.0
1261,9974,43,9,2025-05-24T10:42:52.790000+00:00,26.814,58.369,28.819,98.0,121.0,False,114.002,"[2048, 2048, 2048, 2048, 2048, 2048]","[2048, 2048, 2048, 2048, 2048, 2048, 2048, 2048, 2048, 2048]","[2048, 2048, 2048, 2048, 2048]",134.0
1261,9974,44,3,2025-05-24T10:42:58.071000+00:00,19.416,35.096,19.427,210.0,198.0,False,73.939,"[2049, 2049, 2051, 2049, 2051, 2049]","[2049, 2049, 2049, 2049, 2049, 2051, 2049, 2049, 2049, 2049]","[2049, 2051, 2051, 2049, 2049]",276.0
1261,9974,6,7,2025-05-24T10:43:03.727000+00:00,29.533,48.319,27.608,121.0,125.0,False,105.46,"[2048, 2048, 2048, 2048, 2048, 2048]","[2048, 2048, 2048, 2048, 2048, 2048, 2048, 2048, 2048, 2048]","[2048, 2048, 2048, 2048, 2048]",196.0
1261,9974,10,1,2025-05-24T10:43:40.227000+00:00,27.817,39.571,21.618,169.0,179.0,True,89.006,"[2064, 2049, 2049, 2049, 2049, 2049]","[2049, 2049, 2049, 2049, 2049, 2049, 2049, 2049, 2049, 2049]","[2049, 2049, 2049, 2049, 2049]",264.0
1261,9974,31,4,2025-05-24T10:43:43.743000+00:00,19.775,35.313,19.697,208.0,197.0,False,74.785,"[2049, 2049, 2049, 2049, 2049, 2049]","[2049, 2048, 2049, 2049, 2049, 2048, 2049, 2048, 2048, 2049]","[2048, 2049, 2049, 2049]",273.0
1261,9974,5,6,2025-05-24T10:43:50.774000+00:00,29.471,47.707,32.774,112.0,133.0,False,109.952,"[None, 2048, 2048, 2048, 2048, 2048]","[2048, 2048, 2048, 2048, 2048, 2048, 2048, 2048, 2048, 2048]","[2048, 2048, 2048, 2048, 2048]",236.0
1261,9974,87,1,2025-05-24T10:43:52.806000+00:00,26.988,39.763,21.155,168.0,182.0,True,87.906,"[2064, 2049, 2049, 2049, 2049, 2049]","[2049, 2049, 2049, 2049, 2049, 2049, 2049, 2049, 2049, 2049]","[2049, 2049, 2049, 2049, 2049]",260.0
1261,9974,27,6,2025-05-24T10:44:05.080000+00:00,26.68,40.926,42.568,174.0,156.0,False,110.174,"[None, 2048, 2048, 2048, 2048, 2048]","[2048, 2048, 2048, 2048, 2048, 2048, 2048, 2048, 2048, 2048]","[2048, 2048, 2048, 2048, 2048]",249.0
1261,9974,30,10,2025-05-24T10:44:09.346000+00:00,19.545,34.827,19.607,215.0,199.0,False,73.979,"[None, 2048, 2048, 2048, 2048, 2051]","[2049, 2049, 2048, 2049, 2049, 2051, 2051, 2049, 2049, 2049]","[2049, 2049, 2049, 2049, 2049]",277.0
1261,9974,44,4,2025-05-24T10:44:11.903000+00:00,38.277,58.061,28.526,97.0,106.0,False,124.864,"[2048, 2048, 2048, 2048, 2048, 2048]","[2048, 2048, 2048, 2048, 2048, 2048, 2048, 2048, 2048, 2048]","[2048, 2048, 2048, 2048, 2048]",149.0
1261,9974,16,2,2025-05-24T10:44:22.256000+00:00,19.73,34.911,19.751,214.0,198.0,False,74.392,"[2049, 2049, 2049, 2049, 2049, 2049]","[2049, 2051, 2049, 2049, 2049, 2049, 2049, 2049, 2049, 2049]","[2049, 2049, 2049, 2049]",276.0
1261,9974,18,4,2025-05-24T10:44:35.065000+00:00,24.626,38.321,29.133,179.0,179.0,True,92.08,"[None, 2048, 2048, 2049, 2049, 2048]","[2049, 2049, 2049, 2048, 2048, 2049, 2048, 2048, 2048, 2048]","[2048, 2048, 2048, 2049, 2049]",268.0
1261,9974,4,1,2025-05-24T10:44:43.369000+00:00,32.632,41.394,34.718,170.0,183.0,True,108.744,"[2064, 2049, 2049, 2049, 2049, 2049]","[2049, 2049, 2049, 2049, 2049, 2049, 2049, 2049, 2049, 2049]","[2049, 2049, 2049, 2049, 2049]",254.0
1261,9974,43,10,2025-05-24T10:44:46.762000+00:00,25.204,42.866,28.483,147.0,157.0,False,96.553,"[None, 2048, 2048, 2048, 2048, 2048]","[2048, 2048, 2048, 2048, 2048, 2048, 2048, 2048, 2048, 2048]","[2048, 2048, 2048, 2048, 2048]",271.0
1261,9974,6,8,2025-05-24T10:44:49.325000+00:00,26.117,46.359,34.997,120.0,76.0,False,107.473,"[None, 2048, 2048, 2048, 2048, 2048]","[2048, 2048, 2048, 2048, 2048, 2048, 2048, 2048, 2048, 2048]","[2048, 2048, 2048, 2048, 2048]",244.0
1261,9974,31,5,2025-05-24T10:44:58.346000+00:00,31.205,51.866,27.189,63.0,141.0,False,110.26,"[2048, 2048, 2048, 2048, 2048, 2048]","[2048, 2048, 2048, 2048, 2048, 2048, 2048, 2048, 2048, 2048]","[2048, 2048, 2048, 2048, 2048]",193.0
1261,9974,22,1,2025-05-24T10:44:58.797000+00:00,32.435,45.891,28.139,64.0,162.0,True,106.465,"[2064, 2049, 2049, 2049, 2049, 2049]","[2049, 2049, 2049, 2049, 2049, 2049, 2049, 2049, 2049, 2049]","[2049, 2049, 2049, 2049, 2049]",257.0
1261,9974,10,2,2025-05-24T10:45:08.815000+00:00,22.086,39.714,30.708,182.0,174.0,False,92.508,"[2049, 2049, 2049, 2049, 2048, 2049]","[2049, 2049, 2048, 2048, 2048, 2049, 2049, 2048, 2048, 2049]","[2048, 2048, 2048, 2048, 2049]",270.0
1261,9974,23,1,2025-05-24T10:45:18.081000+00:00,28.506,41.984,24.366,164.0,171.0,True,94.856,"[2064, 2049, 2049, 2049, 2049, 2049]","[2049, 2049, 2049, 2049, 2049, 2049, 2049, 2049, 2049, 2049]","[2049, 2049, 2049, 2049, 2049]",269.0
1261,9974,87,2,2025-05-24T10:45:20.300000+00:00,19.64,35.275,19.551,209.0,195.0,False,74.466,"[2049, 2049, 2049, 2049, 2049, 2049]","[2049, 2049, 2049, 2049, 2049, 2049, 2049, 2049, 2049, 2049]","[2049, 2049, 2049, 2049]",275.0
1261,9974,30,11,2025-05-24T10:45:23.331000+00:00,26.594,50.073,26.293,119.0,118.0,False,102.96,"[None, 2048, 2048, 2048, 2048, 2048]","[2048, 2048, 2048, 2048, 2048, 2048, 2048, 2048, 2048, 2048]","[2048, 2048, 2048, 2048, 2048]",239.0
1261,9974,16,3,2025-05-24T10:45:36.570000+00:00,27.95,51.122,23.338,107.0,142.0,False,102.41,"[2048, 2048, 2048, 2048, 2048, 2048]","[2048, 2048, 2048, 2048, 2048, 2048, 2048, 2048, 2048, 2048]","[2048, 2048, 2048, 2048, 2049]",163.0
1261,9974,5,7,2025-05-24T10:45:40.716000+00:00,29.687,49.964,26.289,129.0,47.0,False,105.94,"[None, 2048, 2048, 2048, 2048, 2048]","[2048, 2048, 2048, 2048, 2048, 2048, 2048, 2048, 2048, 2048]","[2048, 2048, 2048, 2048, 2048]",187.0
1261,9974,1,1,2025-05-24T10:45:42.953000+00:00,24.467,38.845,27.608,187.0,189.0,True,90.92,"[2064, 2049, 2049, 2049, 2049, 2049]","[2049, 2049, 2049, 2049, 2049, 2049, 2049, 2049, 2049, 2049]","[2049, 2049, 2049, 2049, 2049]",262.0
1261,9974,81,1,2025-05-24T10:45:48.884000+00:00,33.162,44.797,29.837,162.0,165.0,True,107.796,"[2064, 2049, 2049, 2049, 2049, 2049]","[2049, 2049, 2049, 2049, 2049, 2049, 2049, 2049, 2049, 2049]","[2049, 2049, 2049, 2049, 2049]",251.0
1261,9974,27,7,2025-05-24T10:45:55.403000+00:00,22.782,38.224,26.705,187.0,178.0,False,87.711,"[None, 2048, 2048, 2048, 2048, 2048]","[2048, 2048, 2048, 2048, 2048, 2048, 2048, 2048, 2048, 2048]","[2048, 2048, 2048, 2048, 2048]",255.0
1261,9974,55,1,2025-05-24T10:46:00.200000+00:00,27.5,47.963,27.125,145.0,189.0,True,102.588,"[2064, 2049, 2049, 2049, 2049, 2049]","[2049, 2049, 2049, 2049, 2049, 2049, 2049, 2049, 2049, 2049]","[2049, 2049, 2049, 2049, 2049]",269.0
1261,9974,18,5,2025-05-24T10:46:06.435000+00:00,19.22,34.774,19.442,216.0,201.0,False,73.436,"[2049, 2051, 2051, 2049, 2049, 2049]","[2049, 2049, 2049, 2049, 2051, 2051, 2049, 2049, 2051, 2049]","[2049, 2049, 2049, 2049, 2051]",279.0
1261,9974,44,5,2025-05-24T10:46:16.857000+00:00,19.165,34.726,19.524,219.0,200.0,False,73.415,"[2049, 2049, 2048, 2049, 2049, 2051]","[2049, 2048, 2049, 2049, 2049, 2049, 2049, 2048, 2048, 2049]","[2049, 2048, 2048, 2049]",277.0
1261,9974,43,11,2025-05-24T10:46:23.357000+00:00,19.252,35.219,19.848,216.0,195.0,False,74.319,"[2049, 2049, 2049, 2048, 2049, 2048]","[2049, 2049, 2048, 2049, 2049, 2049, 2049, 2048, 2048, 2049]","[2049, 2048, 2048, 2048]",276.0
1261,9974,4,2,2025-05-24T10:46:31.388000+00:00,19.496,34.346,19.128,217.0,204.0,False,72.97,"[2049, 2049, 2049, 2049, 2049, 2049]","[2051, 2051, 2049, 2051, 2049, 2049, 2049, 2049, 2049, 2051]","[2051, 2051, 2051, 2051]",273.0
1261,9974,87,3,2025-05-24T10:46:34.591000+00:00,35.557,61.585,31.536,70.0,64.0,False,128.678,"[2048, 2048, 2048, 2048, 2048, 2048]","[2048, 2048, 2048, 2048, 2048, 2048, 2048, 2048, 2048, 2048]","[2048, 2048, 2048, 2048, 2048]",145.0
1261,9974,6,9,2025-05-24T10:46:36.732000+00:00,19.269,34.741,19.574,212.0,199.0,False,73.584,"[2049, 2049, 2049, 2051, 2048, 2049]","[2049, 2049, 2048, 2048, 2049, 2049, 2049, 2048, 2049, 2049]","[2049, 2048, 2049, 2048, 2049]",275.0
1261,9974,10,3,2025-05-24T10:46:41.153000+00:00,19.232,35.211,19.589,214.0,200.0,False,74.032,"[2049, 2049, 2049, 2049, 2049, 2049]","[2049, 2049, 2049, 2049, 2049, 2049, 2049, 2049, 2049, 2049]","[2049, 2049, 2049, 2049, 2049]",274.0
1261,9974,22,2,2025-05-24T10:46:44.700000+00:00,20.732,36.351,20.321,192.0,191.0,False,77.404,"[2049, 2049, 2049, 2049, 2049, 2049]","[2049, 2049, 2049, 2049, 2049, 2049, 2049, 2049, 2049, 2049]","[2049, 2049, 2049, 2049]",273.0
1261,9974,31,6,2025-05-24T10:46:48.810000+00:00,19.57,35.086,19.701,211.0,198.0,False,74.357,"[2049, 2049, 2049, 2049, 2048, 2049]","[2049, 2048, 2049, 2049, 2049, 2049, 2048, 2049, 2049, 2049]","[2048, 2048, 2048, 2049]",277.0
1261,9974,23,2,2025-05-24T10:46:52.428000+00:00,20.939,42.728,21.024,186.0,184.0,False,84.691,"[2049, 2049, 2049, 2049, 2049, 2049]","[2049, 2049, 2049, 2048, 2048, 2048, 2049, 2048, 2048, 2049]","[2049, 2049, 2049, 2049]",264.0
1261,9974,30,12,2025-05-24T10:47:06.276000+00:00,19.407,34.77,19.625,216.0,200.0,False,73.802,"[2049, 2048, 2049, 2049, 2049, 2049]","[2049, 2049, 2051, 2048, 2049, 2049, 2048, 2049, 2049, 2049]","[2049, 2049, 2048, 2048, 2048]",276.0
1261,9974,1,2,2025-05-24T10:47:13.412000+00:00,19.08,34.62,19.387,215.0,198.0,False,73.087,"[2049, 2049, 2049, 2049, 2051, 2049]","[2049, 2049, 2049, 2049, 2049, 2049, 2049, 2049, 2049, 2049]","[2049, 2049, 2049, 2049, 2049]",276.0
1261,9974,16,4,2025-05-24T10:47:19.141000+00:00,19.007,34.451,19.254,218.0,201.0,False,72.712,"[2049, 2049, 2049, 2049, 2049, 2049]","[2049, 2049, 2048, 2049, 2049, 2049, 2049, 2049, 2049, 2051]","[2049, 2049, 2051, 2049, 2049]",277.0
1261,9974,18,6,2025-05-24T10:47:19.876000+00:00,36.391,49.803,25.602,85.0,123.0,False,111.796,"[2048, 2048, 2048, 2048, 2048, 2048]","[2048, 2048, 2048, 2048, 2048, 2048, 2048, 2048, 2048, 2048]","[2048, 2048, 2048, 2048, 2048]",228.0
1261,9974,27,8,2025-05-24T10:47:22.985000+00:00,19.286,34.66,19.229,217.0,198.0,False,73.175,"[2049, 2049, 2049, 2049, 2049, 2049]","[2048, 2049, 2049, 2049, 2048, 2049, 2049, 2048, 2048, 2048]","[2049, 2048, 2049, 2049, 2049]",275.0
1261,9974,5,8,2025-05-24T10:47:26.657000+00:00,19.394,34.906,19.49,217.0,197.0,False,73.79,"[2049, 2049, 2049, 2048, 2049, 2049]","[2048, 2049, 2048, 2049, 2049, 2049, 2049, 2048, 2049, 2049]","[2049, 2048, 2049, 2049, 2049]",275.0
1261,9974,44,6,2025-05-24T10:47:30.079000+00:00,37.273,57.027,32.814,87.0,117.0,False,127.114,"[2048, 2048, 2048, 2048, 2048, 2048]","[2048, 2048, 2048, 2048, 2048, 2048, 2048, 2048, 2048, 2048]","[2048, 2048, 2048, 2048, 2048]",127.0
1261,9974,12,1,2025-05-24T10:47:33.626000+00:00,27.968,41.972,21.599,161.0,171.0,True,91.539,"[2064, 2049, 2049, 2049, 2049, 2049]","[2049, 2049, 2049, 2049, 2049, 2049, 2049, 2049, 2049, 2049]","[2049, 2049, 2049, 2049, 2049]",256.0
1261,9974,81,2,2025-05-24T10:47:36.105000+00:00,19.332,34.54,19.404,218.0,200.0,False,73.276,"[2049, 2049, 2049, 2049, 2049, 2049]","[2049, 2049, 2049, 2051, 2049, 2049, 2049, 2049, 2049, 2049]","[2049, 2049, 2049, 2049, 2049]",273.0
1261,9974,43,12,2025-05-24T10:47:37.558000+00:00,32.1,56.705,48.612,99.0,110.0,False,137.417,"[2048, 2048, 2048, 2048, 2048, 2048]","[2048, 2048, 2048, 2048, 2048, 2048, 2048, 2048, 2048, 2048]","[2048, 2048, 2048, 2064, 2064]",177.0
1261,9974,55,2,2025-05-24T10:47:42.167000+00:00,23.394,47.278,27.398,131.0,176.0,False,98.07,"[2049, 2051, 2049, 2049, 2048, 2049]","[2048, 2048, 2049, 2048, 2048, 2048, 2048, 2049, 2049, 2048]","[2048, 2048, 2049, 2049, 2049]",244.0
1261,9974,4,3,2025-05-24T10:47:44.308000+00:00,23.333,50.971,28.037,116.0,138.0,False,102.341,"[2049, 2049, 2049, 2048, 2048, 2048]","[2048, 2048, 2048, 2048, 2048, 2048, 2048, 2048, 2048, 2048]","[2048, 2048, 2048, 2048, 2048]",207.0
1261,9974,6,10,2025-05-24T10:47:50.214000+00:00,30.212,52.85,27.018,59.0,136.0,False,110.08,"[2048, 2048, 2048, 2048, 2048, 2048]","[2048, 2048, 2048, 2048, 2048, 2048, 2048, 2048, 2048, 2048]","[2048, 2048, 2048, 2048, 2048]",218.0
1261,9974,10,4,2025-05-24T10:47:55.167000+00:00,32.547,50.414,33.101,142.0,121.0,False,116.062,"[2048, 2048, 2048, 2048, 2048, 2048]","[2048, 2048, 2048, 2048, 2048, 2048, 2048, 2048, 2048, 2048]","[2048, 2048, 2048, 2048, 2048]",160.0
1261,9974,22,3,2025-05-24T10:48:01.933000+00:00,19.28,34.441,19.44,217.0,199.0,False,73.161,"[None, 2049, 2049, 2049, 2049, 2049]","[2049, 2049, 2051, 2049, 2049, 2049, 2049, 2049, 2049, 2049]","[2049, 2049, 2049, 2049]",275.0
1261,9974,31,7,2025-05-24T10:48:03.011000+00:00,32.766,50.268,26.829,57.0,150.0,False,109.863,"[2048, 2048, 2048, 2048, 2048, 2048]","[2048, 2048, 2048, 2048, 2048, 2048, 2048, 2048, 2048, 2048]","[2048, 2048, 2048, 2048, 2048]",201.0
1261,9974,63,1,2025-05-24T10:48:10.871000+00:00,25.158,40.422,30.172,165.0,186.0,True,95.752,"[2064, 2049, 2049, 2049, 2049, 2049]","[2049, 2049, 2049, 2049, 2049, 2049, 2049, 2049, 2049, 2049]","[2049, 2049, 2049, 2049, 2049]",263.0
1261,9974,23,3,2025-05-24T10:48:17.027000+00:00,19.136,34.705,20.703,216.0,197.0,False,74.544,"[None, 2049, 2049, 2049, 2049, 2049]","[2049, 2049, 2049, 2049, 2049, 2049, 2049, 2051, 2049, 2049]","[2049, 2048, 2049, 2049, 2049]",279.0
1261,9974,30,13,2025-05-24T10:48:20.011000+00:00,25.801,50.691,28.002,121.0,110.0,False,104.494,"[2048, 2048, 2048, 2048, 2048, 2048]","[2048, 2048, 2048, 2048, 2048, 2048, 2048, 2048, 2048, 2048]","[2048, 2048, 2048, 2048, 2048]",212.0
1261,9974,1,3,2025-05-24T10:48:26.371000+00:00,29.307,55.93,24.89,127.0,123.0,False,110.127,"[2048, 2048, 2048, 2048, 2048, 2048]","[2048, 2048, 2048, 2048, 2048, 2048, 2048, 2048, 2048, 2048]","[2048, 2048, 2048, 2048, 2048]",185.0
1261,9974,16,5,2025-05-24T10:48:31.855000+00:00,29.059,54.928,27.822,119.0,125.0,False,111.809,"[2048, 2048, 2048, 2048, 2048, 2048]","[2048, 2048, 2048, 2048, 2048, 2048, 2048, 2048, 2048, 2048]","[2048, 2048, 2048, 2048, 2048]",185.0
1261,9974,27,9,2025-05-24T10:48:36.045000+00:00,26.862,53.142,28.307,61.0,142.0,False,108.311,"[2048, 2048, 2048, 2048, 2048, 2048]","[2048, 2048, 2048, 2048, 2048, 2048, 2048, 2048, 2048, 2048]","[2048, 2048, 2048, 2048, 2048]",157.0
1261,9974,5,9,2025-05-24T10:48:40.373000+00:00,28.949,51.693,27.651,81.0,152.0,False,108.293,"[2048, 2048, 2048, 2048, 2048, 2048]","[2048, 2048, 2048, 2048, 2048, 2048, 2048, 2048, 2048, 2048]","[2048, 2048, 2048, 2048, 2048]",200.0
1261,9974,87,4,2025-05-24T10:48:43.433000+00:00,22.385,40.882,21.621,173.0,157.0,False,84.888,"[None, 2048, 2048, 2048, 2048, 2048]","[2048, 2048, 2048, 2048, 2048, 2048, 2048, 2048, 2048, 2048]","[2048, 2048, 2048, 2048, 2048]",254.0
1261,9974,81,3,2025-05-24T10:48:49.413000+00:00,25.545,53.849,29.41,114.0,129.0,False,108.804,"[None, 2048, 2048, 2048, 2048, 2048]","[2048, 2048, 2048, 2048, 2048, 2048, 2048, 2048, 2048, 2048]","[2048, 2048, 2048, 2048, 2048]",236.0
1261,9974,12,2,2025-05-24T10:49:04.632000+00:00,19.491,34.856,19.717,216.0,194.0,False,74.064,"[2049, 2049, 2049, 2049, 2049, 2049]","[2049, 2049, 2049, 2049, 2049, 2049, 2049, 2049, 2049, 2049]","[2049, 2049, 2049, 2049, 2049]",275.0
1261,9974,18,7,2025-05-24T10:49:11.679000+00:00,18.867,34.517,19.557,219.0,198.0,False,72.941,"[2051, 2049, 2051, 2049, 2049, 2049]","[2049, 2049, 2049, 2049, 2048, 2051, 2049, 2048, 2051, 2048]","[2048, 2049, 2048, 2048, 2048]",280.0
1261,9974,22,4,2025-05-24T10:49:15.163000+00:00,31.433,51.1,26.798,107.0,154.0,False,109.331,"[2048, 2048, 2048, 2048, 2048, 2048]","[2048, 2048, 2048, 2048, 2048, 2048, 2048, 2048, 2048, 2048]","[2048, 2048, 2048, 2048, 2048]",199.0
1261,9974,55,3,2025-05-24T10:49:20.226000+00:00,19.247,34.599,19.486,216.0,200.0,False,73.332,"[None, 2048, 2048, 2049, 2049, 2049]","[2049, 2049, 2049, 2049, 2049, 2049, 2049, 2049, 2049, 2049]","[2049, 2049, 2049, 2049, 2049]",277.0
1261,9974,4,4,2025-05-24T10:49:26.661000+00:00,19.093,34.184,19.07,218.0,204.0,False,72.347,"[2048, 2048, 2048, 2049, 2051, 2048]","[2051, 2051, 2049, 2049, 2049, 2049, 2048, 2049, 2049, 2051]","[2051, 2051, 2049, 2048, 2049]",273.0
1261,9974,23,4,2025-05-24T10:49:31.682000+00:00,29.243,59.381,22.748,59.0,157.0,False,111.372,"[2048, 2048, 2048, 2048, 2048, 2048]","[2048, 2048, 2048, 2048, 2048, 2048, 2048, 2048, 2048, 2048]","[2048, 2048, 2048, 2048, 2048]",145.0
1261,9974,44,7,2025-05-24T10:49:37.373000+00:00,36.224,47.524,28.016,115.0,120.0,False,111.764,"[None, 2048, 2048, 2048, 2048, 2048]","[2048, 2048, 2048, 2048, 2048, 2048, 2048, 2048, 2048, 2048]","[2048, 2048, 2048, 2048, 2048]",233.0
1261,9974,6,11,2025-05-24T10:49:40.375000+00:00,19.171,34.739,19.426,213.0,197.0,False,73.336,"[2049, 2049, 2049, 2049, 2049, 2048]","[2048, 2049, 2048, 2048, 2049, 2049, 2048, 2049, 2049, 2048]","[2048, 2049, 2049, 2049, 2049]",275.0
1261,9974,63,2,2025-05-24T10:49:45.995000+00:00,19.216,34.668,19.399,215.0,200.0,False,73.283,"[2049, 2049, 2049, 2049, 2049, 2049]","[2049, 2049, 2049, 2049, 2049, 2049, 2049, 2049, 2049, 2049]","[2049, 2049, 2049, 2049, 2049]",276.0
1261,9974,10,5,2025-05-24T10:49:51.363000+00:00,30.046,50.743,28.977,167.0,171.0,False,109.766,"[None, 2048, 2048, 2048, 2048, 2048]","[2048, 2048, 2048, 2048, 2048, 2048, 2048, 2048, 2048, 2048]","[2048, 2048, 2048, 2048, 2048]",274.0
1261,9974,31,8,2025-05-24T10:49:53.005000+00:00,19.417,34.855,19.554,213.0,201.0,False,73.826,"[2049, 2048, 2048, 2049, 2049, 2049]","[2049, 2049, 2048, 2049, 2048, 2048, 2049, 2048, 2049, 2049]","[2049, 2049, 2049, 2048]",276.0
1261,9974,14,4,2025-05-24T10:49:53.293000+00:00,25.297,48.93,30.252,181.0,156.0,True,104.479,"[None, 2048, 2048, 2049, 2049, 2048]","[2049, 2049, 2048, 2048, 2048, 2048, 2049, 2049, 2048, 2048]","[2048, 2048, 2048, 2049, 2049]",254.0
1261,9974,43,13,2025-05-24T10:49:55.594000+00:00,32.734,45.997,33.282,99.0,168.0,True,112.013,"[2064, 2048, 2048, 2048, 2048, 2048]","[2048, 2048, 2048, 2048, 2048, 2048, 2048, 2048, 2048, 2048]","[2048, 2048, 2048, 2048, 2048]",276.0
1261,9974,30,14,2025-05-24T10:50:04.661000+00:00,19.305,34.636,19.46,215.0,201.0,False,73.401,"[2049, 2049, 2049, 2048, 2049, 2049]","[2048, 2049, 2048, 2049, 2049, 2048, 2049, 2049, 2049, 2049]","[2048, 2049, 2049, 2049, 2048]",276.0
1261,9974,87,5,2025-05-24T10:50:08.254000+00:00,19.615,37.931,54.891,212.0,151.0,False,112.437,"[None, 2048, 2049, 2049, 2049, 2049]","[2049, 2048, 2049, 2049, 2049, 2049, 2051, 2048, 2048, 2048]","[2048, 2048, 2048, 2064, 2064]",278.0
1261,9974,1,4,2025-05-24T10:50:16.566000+00:00,18.971,34.418,27.088,217.0,199.0,False,80.477,"[2049, 2049, 2049, 2051, 2048, 2049]","[2049, 2049, 2049, 2048, 2048, 2049, 2048, 2049, 2049, 2051]","[2048, 2048, 2048, 2048, 2048]",277.0
1261,9974,12,3,2025-05-24T10:50:18.578000+00:00,24.97,54.771,27.925,103.0,114.0,False,107.666,"[2048, 2048, 2048, 2048, 2048, 2048]","[2048, 2048, 2048, 2048, 2048, 2048, 2048, 2048, 2048, 2048]","[2048, 2048, 2048, 2048, 2048]",168.0
1261,9974,16,6,2025-05-24T10:50:23.636000+00:00,19.118,45.792,28.166,209.0,133.0,False,93.076,"[None, 2049, 2049, 2049, 2048, 2048]","[2048, 2048, 2048, 2048, 2048, 2048, 2048, 2048, 2048, 2048]","[2048, 2048, 2048, 2048, 2048]",205.0
1261,9974,27,10,2025-05-24T10:50:24.527000+00:00,23.66,44.901,28.617,113.0,175.0,False,97.178,"[None, 2048, 2048, 2048, 2048, 2048]","[2048, 2048, 2048, 2048, 2048, 2048, 2048, 2048, 2048, 2048]","[2048, 2048, 2048, 2048, 2048]",230.0
1261,9974,18,8,2025-05-24T10:50:24.683000+00:00,33.865,64.463,30.558,75.0,97.0,False,128.886,"[2048, 2048, 2048, 2048, 2048, 2048]","[2048, 2048, 2048, 2048, 2048, 2048, 2048, 2048, 2048, 2048]","[2048, 2048, 2048, 2048, 2048]",174.0
1261,9974,5,10,2025-05-24T10:50:28.808000+00:00,19.252,34.689,19.526,216.0,197.0,False,73.467,"[2049, 2048, 2049, 2049, 2049, 2048]","[2049, 2049, 2049, 2049, 2049, 2049, 2049, 2048, 2049, 2048]","[2049, 2049, 2048, 2048, 2049]",277.0
1261,9974,55,4,2025-05-24T10:50:33.511000+00:00,29.935,50.222,22.305,146.0,176.0,False,102.462,"[2048, 2048, 2048, 2048, 2048, 2048]","[2048, 2048, 2048, 2048, 2048, 2048, 2048, 2048, 2048, 2048]","[2048, 2048, 2048, 2048, 2048]",232.0
1261,9974,81,4,2025-05-24T10:50:38.261000+00:00,19.095,34.484,19.191,219.0,203.0,False,72.77,"[2048, 2048, 2049, 2049, 2049, 2049]","[2049, 2049, 2048, 2048, 2048, 2049, 2049, 2049, 2048, 2049]","[2049, 2049, 2049, 2049, 2049]",275.0
1261,9974,4,5,2025-05-24T10:50:38.996000+00:00,27.218,54.418,28.389,117.0,127.0,False,110.025,"[None, 2048, 2048, 2048, 2048, 2048]","[2048, 2048, 2048, 2048, 2048, 2048, 2048, 2048, 2048, 2048]","[2048, 2048, 2048, 2048, 2048]",192.0
1261,9974,6,12,2025-05-24T10:50:53.673000+00:00,29.536,48.102,29.265,59.0,121.0,False,106.903,"[2048, 2048, 2048, 2048, 2048, 2048]","[2048, 2048, 2048, 2048, 2048, 2048, 2048, 2048, 2048, 2048]","[2048, 2048, 2048, 2048, 2049]",221.0
1261,9974,63,3,2025-05-24T10:50:59.251000+00:00,31.004,56.138,25.538,112.0,107.0,False,112.68,"[2048, 2048, 2048, 2048, 2048, 2048]","[2048, 2048, 2048, 2048, 2048, 2048, 2048, 2048, 2048, 2048]","[2048, 2048, 2048, 2048, 2048]",212.0
1261,9974,22,5,2025-05-24T10:51:04.579000+00:00,19.243,34.424,19.223,217.0,204.0,False,72.89,"[2049, 2048, 2048, 2049, 2049, 2048]","[2049, 2048, 2048, 2048, 2048, 2048, 2049, 2048, 2049, 2051]","[2051, 2049, 2051, 2049, 2049]",274.0
1261,9974,31,9,2025-05-24T10:51:06.673000+00:00,30.457,51.486,27.104,107.0,134.0,False,109.047,"[2048, 2048, 2048, 2048, 2048, 2048]","[2048, 2048, 2048, 2048, 2048, 2048, 2048, 2048, 2048, 2048]","[2048, 2048, 2048, 2048, 2048]",196.0
1261,9974,30,15,2025-05-24T10:51:17.905000+00:00,29.519,50.5,25.635,77.0,121.0,False,105.654,"[2048, 2048, 2048, 2048, 2048, 2048]","[2048, 2048, 2048, 2048, 2048, 2048, 2048, 2048, 2048, 2048]","[2048, 2048, 2048, 2048, 2048]",176.0
1261,9974,23,5,2025-05-24T10:51:23.065000+00:00,19.055,34.481,19.219,216.0,201.0,False,72.755,"[2049, 2049, 2048, 2049, 2049, 2048]","[2048, 2049, 2049, 2049, 2049, 2048, 2049, 2048, 2048, 2049]","[2049, 2049, 2049, 2049]",277.0
1261,9974,44,8,2025-05-24T10:51:29.089000+00:00,19.035,34.346,19.245,218.0,201.0,False,72.626,"[2049, 2049, 2048, 2049, 2049, 2048]","[2049, 2049, 2049, 2049, 2048, 2049, 2048, 2049, 2049, 2049]","[2049, 2049, 2049, 2049, 2049]",278.0
1261,9974,1,5,2025-05-24T10:51:37.027000+00:00,29.509,50.456,21.255,91.0,166.0,False,101.22,"[2048, 2048, 2048, 2048, 2048, 2048]","[2048, 2048, 2048, 2048, 2048, 2048, 2048, 2048, 2048, 2048]","[2048, 2048, 2048, 2048, 2048]",151.0
1261,9974,14,5,2025-05-24T10:51:37.167000+00:00,23.13,43.158,27.317,89.0,163.0,False,93.605,"[2049, 2049, 2048, 2049, 2048, 2048]","[2048, 2048, 2048, 2048, 2048, 2048, 2048, 2048, 2048, 2048]","[2048, 2048, 2048, 2049, 2049]",261.0
1261,9974,10,6,2025-05-24T10:51:41.136000+00:00,19.168,34.859,19.363,216.0,204.0,False,73.39,"[None, 2049, 2049, 2049, 2049, 2049]","[2049, 2049, 2048, 2048, 2049, 2049, 2049, 2048, 2048, 2049]","[2049, 2049, 2049, 2049]",275.0
1261,9974,5,11,2025-05-24T10:51:42.168000+00:00,32.3,52.386,21.152,67.0,172.0,False,105.838,"[2048, 2048, 2048, 2048, 2048, 2048]","[2048, 2048, 2048, 2048, 2048, 2048, 2048, 2048, 2048, 2048]","[2048, 2048, 2048, 2048, 2048]",193.0
1261,9974,43,14,2025-05-24T10:51:47.089000+00:00,19.202,34.998,20.438,218.0,197.0,False,74.638,"[2048, 2048, 2049, 2048, 2049, 2049]","[2049, 2048, 2048, 2049, 2049, 2049, 2048, 2048, 2048, 2049]","[2048, 2049, 2048, 2048, 2048]",277.0
1261,9974,81,5,2025-05-24T10:51:50.980000+00:00,29.672,52.024,27.394,96.0,125.0,False,109.09,"[None, 2048, 2048, 2048, 2048, 2048]","[2048, 2048, 2048, 2048, 2048, 2048, 2048, 2048, 2048, 2048]","[2048, 2048, 2048, 2048, 2048]",219.0
1261,9974,16,7,2025-05-24T10:51:56.770000+00:00,18.799,34.278,19.122,220.0,207.0,False,72.199,"[2049, 2049, 2049, 2048, 2051, 2049]","[2049, 2049, 2049, 2048, 2048, 2048, 2049, 2048, 2048, 2051]","[2051, 2049, 2049, 2049, 2049]",276.0
1261,9974,87,6,2025-05-24T10:52:01.239000+00:00,27.076,42.066,23.76,182.0,58.0,True,92.902,"[2064, 2048, 2048, 2048, 2048, 2048]","[2048, 2048, 2048, 2048, 2048, 2048, 2048, 2048, 2048, 2048]","[2048, 2048, 2048, 2048, 2048]",261.0
1261,9974,27,11,2025-05-24T10:52:01.786000+00:00,19.247,34.511,19.21,217.0,201.0,False,72.968,"[2049, 2049, 2048, 2049, 2049, 2048]","[2049, 2049, 2049, 2048, 2049, 2049, 2049, 2048, 2049, 2048]","[2049, 2048, 2049, 2051, 2048]",276.0
1261,9974,12,4,2025-05-24T10:52:06.270000+00:00,19.232,34.622,19.619,218.0,199.0,False,73.473,"[2049, 2049, 2049, 2049, 2049, 2049]","[2049, 2049, 2049, 2048, 2049, 2049, 2049, 2049, 2049, 2049]","[2049, 2049, 2048, 2048]",276.0
1261,9974,55,5,2025-05-24T10:52:16.099000+00:00,19.171,34.527,19.467,216.0,198.0,False,73.165,"[2049, 2048, 2049, 2049, 2048, 2049]","[2048, 2049, 2048, 2049, 2049, 2049, 2049, 2048, 2048, 2048]","[2049, 2049, 2048, 2048, 2049]",279.0
1261,9974,22,6,2025-05-24T10:52:17.520000+00:00,30.918,53.284,31.369,74.0,114.0,False,115.571,"[2048, 2048, 2048, 2048, 2048, 2048]","[2048, 2048, 2048, 2048, 2048, 2048, 2048, 2048, 2048, 2048]","[2048, 2048, 2048, 2048, 2048]",159.0
1261,9974,4,6,2025-05-24T10:52:29.036000+00:00,19.048,34.082,18.996,219.0,205.0,False,72.126,"[None, 2048, 2048, 2049, 2049, 2048]","[2051, 2051, 2049, 2049, 2048, 2048, 2048, 2049, 2048, 2049]","[2049, 2048, 2051, 2049, 2048]",273.0
1261,9974,18,9,2025-05-24T10:52:33.567000+00:00,19.023,34.478,19.346,219.0,198.0,False,72.847,"[None, 2048, 2048, 2049, 2048, 2049]","[2048, 2048, 2048, 2049, 2049, 2048, 2049, 2049, 2051, 2049]","[2048, 2049, 2048, 2049]",279.0
1261,9974,23,6,2025-05-24T10:52:35.683000+00:00,35.789,64.791,25.255,76.0,124.0,False,125.835,"[2048, 2048, 2048, 2048, 2048, 2048]","[2048, 2048, 2048, 2048, 2048, 2048, 2048, 2048, 2048, 2048]","[2048, 2048, 2048, 2048, 2048]",169.0
1261,9974,6,13,2025-05-24T10:52:40.710000+00:00,18.859,39.537,28.398,221.0,118.0,False,86.794,"[2049, 2049, 2049, 2048, 2049, 2051]","[2049, 2048, 2048, 2049, 2051, 2049, 2051, 2048, 2048, 2048]","[2048, 2048, 2048, 2048, 2049]",277.0
1261,9974,44,9,2025-05-24T10:52:41.739000+00:00,31.046,54.941,33.805,86.0,117.0,False,119.792,"[2048, 2048, 2048, 2048, 2048, 2048]","[2048, 2048, 2048, 2048, 2048, 2048, 2048, 2048, 2048, 2048]","[2048, 2048, 2048, 2048, 2048]",173.0
1261,9974,63,4,2025-05-24T10:52:51.907000+00:00,19.066,34.261,19.114,220.0,204.0,False,72.441,"[2049, 2049, 2049, 2049, 2049, 2049]","[2049, 2048, 2051, 2049, 2049, 2049, 2048, 2049, 2049, 2049]","[2049, 2049, 2049, 2049, 2049]",276.0
1261,9974,10,7,2025-05-24T10:52:54.376000+00:00,35.793,50.59,31.086,77.0,119.0,False,117.469,"[None, 2048, 2048, 2048, 2048, 2048]","[2048, 2048, 2048, 2048, 2048, 2048, 2048, 2048, 2048, 2048]","[2048, 2048, 2048, 2048, 2048]",181.0
1261,9974,31,10,2025-05-24T10:52:55.876000+00:00,19.288,34.787,19.703,208.0,201.0,False,73.778,"[2049, 2048, 2049, 2049, 2049, 2048]","[2048, 2048, 2049, 2049, 2049, 2048, 2048, 2049, 2049, 2049]","[2049, 2048, 2048, 2048, 2049]",276.0
1261,9974,43,15,2025-05-24T10:53:01.720000+00:00,32.663,51.327,30.152,142.0,130.0,False,114.142,"[None, 2048, 2048, 2048, 2048, 2048]","[2048, 2048, 2048, 2048, 2048, 2048, 2048, 2048, 2048, 2048]","[2048, 2048, 2048, 2048, 2048]",203.0
1261,9974,30,16,2025-05-24T10:53:03.543000+00:00,19.231,34.593,19.362,218.0,201.0,False,73.186,"[2049, 2048, 2048, 2049, 2048, 2049]","[2049, 2049, 2048, 2049, 2049, 2048, 2048, 2048, 2048, 2048]","[2049, 2049, 2049, 2049, 2049]",276.0
1261,9974,16,8,2025-05-24T10:53:08.871000+00:00,28.997,52.98,36.216,87.0,130.0,False,118.193,"[2048, 2048, 2048, 2048, 2048, 2048]","[2048, 2048, 2048, 2048, 2048, 2048, 2048, 2048, 2048, 2048]","[2048, 2048, 2048, 2048, 2048]",196.0
1261,9974,14,6,2025-05-24T10:53:10.590000+00:00,19.611,34.499,19.263,213.0,197.0,False,73.373,"[None, 2049, 2049, 2049, 2049, 2049]","[2049, 2049, 2049, 2049, 2049, 2049, 2049, 2049, 2049, 2049]","[2049, 2049, 2049, 2049]",278.0
1261,9974,27,12,2025-05-24T10:53:14.652000+00:00,26.433,40.972,,140.0,167.0,False,767.382,"[2048, 2048, 2048, 2048, 2048, 2048]","[2048, 2048, 2048, 2048, 2048, 2048, 2048, 2048, 2048, 2048]","[2048, 2048, 2048, 2064, 2064]",251.0
1261,9974,1,6,2025-05-24T10:53:18.293000+00:00,18.725,34.208,19.028,219.0,203.0,False,71.961,"[2049, 2049, 2049, 2051, 2049, 2049]","[2049, 2049, 2049, 2049, 2049, 2048, 2048, 2048, 2048, 2049]","[2049, 2049, 2049, 2051, 2049]",276.0
1261,9974,12,5,2025-05-24T10:53:19.809000+00:00,27.5,61.749,24.683,77.0,113.0,False,113.932,"[2048, 2048, 2048, 2048, 2048, 2048]","[2048, 2048, 2048, 2048, 2048, 2048, 2048, 2048, 2048, 2048]","[2048, 2048, 2048, 2048, 2048]",149.0
1261,9974,5,12,2025-05-24T10:53:28.012000+00:00,19.708,47.042,25.529,141.0,166.0,False,92.279,"[2049, 2049, 2048, 2049, 2048, 2048]","[2048, 2048, 2048, 2048, 2048, 2048, 2048, 2048, 2048, 2048]","[2048, 2048, 2048, 2048, 2048]",213.0
1261,9974,55,6,2025-05-24T10:53:29.137000+00:00,28.784,45.404,46.047,94.0,143.0,False,120.235,"[2048, 2048, 2048, 2048, 2048, 2048]","[2048, 2048, 2048, 2048, 2048, 2048, 2048, 2048, 2048, 2048]","[2048, 2048, 2048, 2064, 2064]",225.0
1261,9974,87,7,2025-05-24T10:53:33.574000+00:00,19.242,34.801,19.471,214.0,203.0,False,73.514,"[2049, 2049, 2049, 2049, 2049, 2049]","[2048, 2048, 2049, 2049, 2049, 2048, 2048, 2048, 2049, 2049]","[2049, 2049, 2048, 2049, 2049]",277.0
1261,9974,81,6,2025-05-24T10:53:40.121000+00:00,18.973,34.086,19.3,216.0,204.0,False,72.359,"[2049, 2048, 2049, 2049, 2049, 2048]","[2049, 2049, 2051, 2051, 2049, 2049, 2049, 2049, 2048, 2049]","[2049, 2051, 2048, 2048]",276.0
1261,9974,4,7,2025-05-24T10:53:41.121000+00:00,24.083,49.211,49.079,118.0,126.0,False,122.373,"[2049, 2048, 2048, 2048, 2048, 2048]","[2048, 2048, 2048, 2048, 2048, 2048, 2048, 2048, 2048, 2048]","[2048, 2048, 2048, 2064, 2064]",196.0
1261,9974,18,10,2025-05-24T10:53:46.246000+00:00,31.367,53.562,23.145,114.0,135.0,False,108.074,"[None, 2048, 2048, 2048, 2048, 2048]","[2048, 2048, 2048, 2048, 2048, 2048, 2048, 2048, 2048, 2048]","[2048, 2048, 2048, 2048, 2048]",181.0
1261,9974,63,5,2025-05-24T10:54:04.289000+00:00,29.953,56.017,23.832,107.0,138.0,False,109.802,"[2048, 2048, 2048, 2048, 2048, 2048]","[2048, 2048, 2048, 2048, 2048, 2048, 2048, 2048, 2048, 2048]","[2048, 2048, 2048, 2048, 2048]",150.0
1261,9974,6,14,2025-05-24T10:54:07.368000+00:00,18.899,34.535,19.42,218.0,200.0,False,72.854,"[None, 2048, 2048, 2049, 2048, 2048]","[2048, 2049, 2048, 2048, 2048, 2048, 2048, 2048, 2049, 2049]","[2049, 2049, 2048, 2048, 2049]",277.0
1261,9974,31,11,2025-05-24T10:54:09.477000+00:00,31.321,50.418,27.43,88.0,156.0,False,109.169,"[2048, 2048, 2048, 2048, 2048, 2048]","[2048, 2048, 2048, 2048, 2048, 2048, 2048, 2048, 2048, 2048]","[2048, 2048, 2048, 2048, 2048]",180.0
1261,9974,22,7,2025-05-24T10:54:13.039000+00:00,26.391,42.037,21.548,166.0,176.0,False,89.976,"[None, 2048, 2048, 2048, 2048, 2048]","[2048, 2048, 2048, 2048, 2048, 2048, 2048, 2048, 2048, 2048]","[2048, 2048, 2048, 2048, 2049]",248.0
1261,9974,30,17,2025-05-24T10:54:16.711000+00:00,27.096,53.29,32.776,118.0,153.0,False,113.162,"[2048, 2048, 2048, 2048, 2048, 2048]","[2048, 2048, 2048, 2048, 2048, 2048, 2048, 2048, 2048, 2048]","[2048, 2048, 2048, 2048, 2048]",231.0
1261,9974,14,7,2025-05-24T10:54:23.883000+00:00,24.48,42.998,34.398,172.0,156.0,False,101.876,"[2048, 2048, 2048, 2048, 2048, 2048]","[2048, 2048, 2048, 2048, 2048, 2048, 2048, 2048, 2048, 2048]","[2048, 2048, 2048, 2048, 2048]",225.0
1261,9974,1,7,2025-05-24T10:54:30.149000+00:00,29.835,51.832,27.726,95.0,140.0,False,109.393,"[2048, 2048, 2048, 2048, 2048, 2048]","[2048, 2048, 2048, 2048, 2048, 2048, 2048, 2048, 2048, 2048]","[2048, 2048, 2048, 2048, 2048]",178.0
1261,9974,44,10,2025-05-24T10:54:41.633000+00:00,34.575,44.724,28.672,120.0,180.0,False,107.971,"[None, 2048, 2048, 2048, 2048, 2048]","[2048, 2048, 2048, 2048, 2048, 2048, 2048, 2048, 2048, 2048]","[2048, 2048, 2048, 2048, 2049]",246.0
1261,9974,23,7,2025-05-24T10:54:41.633000+00:00,23.734,52.592,26.024,136.0,179.0,False,102.35,"[None, 2048, 2048, 2048, 2048, 2048]","[2048, 2048, 2048, 2048, 2048, 2048, 2048, 2048, 2048, 2048]","[2048, 2048, 2048, 2048, 2048]",225.0
1261,9974,87,8,2025-05-24T10:54:47.102000+00:00,35.403,60.147,31.19,72.0,106.0,False,126.74,"[2048, 2048, 2048, 2048, 2048, 2048]","[2048, 2048, 2048, 2048, 2048, 2048, 2048, 2048, 2048, 2048]","[2048, 2048, 2048, 2048, 2048]",150.0
1261,9974,10,8,2025-05-24T10:54:51.992000+00:00,28.557,45.541,34.959,103.0,152.0,False,109.057,"[None, 2048, 2048, 2048, 2048, 2048]","[2048, 2048, 2048, 2048, 2048, 2048, 2048, 2048, 2048, 2048]","[2048, 2048, 2048, 2048, 2048]",270.0
1261,9974,81,7,2025-05-24T10:54:52.286000+00:00,33.261,51.003,43.478,96.0,162.0,False,127.742,"[2048, 2048, 2048, 2048, 2048, 2048]","[2048, 2048, 2048, 2048, 2048, 2048, 2048, 2048, 2048, 2048]","[2048, 2048, 2048, 2064, 2064]",194.0
1261,9974,43,16,2025-05-24T10:54:55.871000+00:00,27.538,47.66,38.171,136.0,176.0,False,113.369,"[None, 2048, 2048, 2048, 2048, 2048]","[2048, 2048, 2048, 2048, 2048, 2048, 2048, 2048, 2048, 2048]","[2048, 2048, 2048, 2048, 2048]",153.0
1261,9974,5,13,2025-05-24T10:55:00.300000+00:00,20.575,48.202,35.441,140.0,162.0,False,104.218,"[2048, 2048, 2048, 2048, 2048, 2048]","[2048, 2048, 2048, 2048, 2048, 2048, 2048, 2048, 2048, 2048]","[2048, 2048, 2048, 2048, 2048]",225.0
1261,9974,16,9,2025-05-24T10:55:07.144000+00:00,18.947,38.44,31.306,216.0,163.0,False,88.693,"[None, 2048, 2048, 2048, 2048, 2048]","[2048, 2048, 2048, 2048, 2048, 2048, 2048, 2048, 2048, 2048]","[2048, 2048, 2048, 2048, 2049]",255.0
1261,9974,12,6,2025-05-24T10:55:13.719000+00:00,19.117,34.569,19.246,218.0,199.0,False,72.932,"[2049, 2049, 2048, 2049, 2048, 2049]","[2049, 2049, 2048, 2048, 2049, 2049, 2048, 2048, 2049, 2049]","[2049, 2049, 2049, 2049]",278.0
1261,9974,6,15,2025-05-24T10:55:20.215000+00:00,28.801,49.776,25.502,139.0,117.0,False,104.079,"[2048, 2048, 2048, 2048, 2048, 2048]","[2048, 2048, 2048, 2048, 2048, 2048, 2048, 2048, 2048, 2048]","[2048, 2048, 2048, 2048, 2048]",221.0
1261,9974,55,7,2025-05-24T10:55:30.236000+00:00,37.773,48.569,21.054,170.0,182.0,True,107.396,"[2064, 2048, 2048, 2048, 2048, 2048]","[2048, 2048, 2048, 2048, 2048, 2048, 2048, 2048, 2048, 2048]","[2048, 2048, 2048, 2048, 2048]",252.0
1261,9974,18,11,2025-05-24T10:55:34.386000+00:00,18.789,34.518,19.485,216.0,198.0,False,72.792,"[None, 2051, 2049, 2049, 2049, 2048]","[2048, 2048, 2049, 2049, 2048, 2048, 2048, 2049, 2051, 2049]","[2049, 2048, 2049, 2048, 2048]",278.0
1261,9974,22,8,2025-05-24T10:55:43.072000+00:00,18.813,34.086,19.157,222.0,203.0,False,72.056,"[2049, 2049, 2049, 2049, 2049, 2049]","[2049, 2049, 2048, 2049, 2049, 2049, 2051, 2048, 2049, 2048]","[2049, 2048, 2049, 2048, 2049]",278.0
1261,9974,4,8,2025-05-24T10:55:44.322000+00:00,27.005,50.212,26.047,164.0,182.0,True,103.264,"[2064, 2048, 2048, 2048, 2048, 2048]","[2048, 2048, 2048, 2048, 2048, 2048, 2048, 2048, 2048, 2048]","[2048, 2048, 2048, 2048, 2048]",250.0
1261,9974,63,6,2025-05-24T10:55:54.228000+00:00,18.892,34.499,19.349,221.0,204.0,False,72.74,"[2049, 2049, 2049, 2049, 2049, 2049]","[2048, 2048, 2048, 2049, 2048, 2048, 2048, 2048, 2048, 2049]","[2048, 2048, 2048, 2048, 2049]",276.0
1261,9974,31,12,2025-05-24T10:55:58.749000+00:00,19.25,34.806,19.462,215.0,202.0,False,73.518,"[2049, 2049, 2049, 2049, 2048, 2048]","[2049, 2048, 2049, 2048, 2049, 2049, 2048, 2048, 2048, 2049]","[2049, 2049, 2049, 2049]",278.0
1261,9974,14,8,2025-05-24T10:56:06.007000+00:00,19.045,34.344,19.325,219.0,199.0,False,72.714,"[2049, 2049, 2049, 2049, 2049, 2049]","[2049, 2049, 2049, 2048, 2049, 2049, 2049, 2049, 2049, 2049]","[2048, 2048, 2048, 2048, 2049]",279.0
1261,9974,30,18,2025-05-24T10:56:10.013000+00:00,21.119,48.38,26.087,139.0,164.0,False,95.586,"[None, 2048, 2048, 2049, 2048, 2048]","[2048, 2048, 2048, 2048, 2048, 2048, 2048, 2048, 2048, 2048]","[2048, 2048, 2048, 2048, 2048]",235.0
1261,9974,1,8,2025-05-24T10:56:19.690000+00:00,18.64,34.048,18.965,220.0,205.0,False,71.653,"[2049, 2049, 2048, 2048, 2051, 2049]","[2049, 2049, 2048, 2049, 2048, 2048, 2049, 2051, 2048, 2049]","[2049, 2049, 2049, 2051, 2049]",275.0
1261,9974,23,8,2025-05-24T10:56:24.005000+00:00,18.799,34.257,19.117,220.0,202.0,False,72.173,"[2049, 2049, 2049, 2049, 2049, 2049]","[2049, 2048, 2048, 2049, 2049, 2049, 2049, 2048, 2049, 2049]","[2049, 2048, 2049, 2049, 2049]",279.0
1261,9974,12,7,2025-05-24T10:56:26.599000+00:00,28.132,50.777,29.624,77.0,157.0,False,108.533,"[2048, 2048, 2048, 2048, 2048, 2048]","[2048, 2048, 2048, 2048, 2048, 2048, 2048, 2048, 2048, 2048]","[2048, 2048, 2048, 2048, 2048]",190.0
1261,9974,44,11,2025-05-24T10:56:29.567000+00:00,18.647,34.123,19.106,220.0,203.0,False,71.876,"[2049, 2049, 2051, 2049, 2049, 2049]","[2048, 2049, 2049, 2049, 2049, 2049, 2051, 2048, 2049, 2049]","[2049, 2049, 2049, 2049]",280.0
1261,9974,16,10,2025-05-24T10:56:35.817000+00:00,18.682,33.797,19.053,221.0,209.0,False,71.532,"[2051, 2049, 2049, 2049, 2048, 2049]","[2049, 2048, 2049, 2049, 2051, 2051, 2048, 2049, 2049, 2051]","[2051, 2049, 2048, 2049, 2049]",281.0
1261,9974,10,9,2025-05-24T10:56:41.085000+00:00,19.09,34.6,19.317,218.0,205.0,False,73.007,"[None, 2049, 2049, 2049, 2048, 2049]","[2049, 2048, 2049, 2048, 2049, 2049, 2048, 2049, 2049, 2049]","[2049, 2049, 2049, 2048]",275.0
1261,9974,5,14,2025-05-24T10:56:44.532000+00:00,19.062,34.929,,216.0,181.0,False,603.718,"[None, 2048, 2049, 2048, 2049, 2049]","[2049, 2048, 2048, 2049, 2049, 2049, 2049, 2049, 2048, 2048]","[2048, 2048, 2048, 2064, 2064]",277.0
1261,9974,18,12,2025-05-24T10:56:47.191000+00:00,38.12,58.977,27.894,92.0,150.0,False,124.991,"[None, 2048, 2048, 2048, 2048, 2048]","[2048, 2048, 2048, 2048, 2048, 2048, 2048, 2048, 2048, 2048]","[2048, 2048, 2048, 2048, 2048]",169.0
1261,9974,43,17,2025-05-24T10:56:49.298000+00:00,19.273,34.757,19.619,214.0,200.0,False,73.649,"[2049, 2048, 2049, 2048, 2048, 2048]","[2049, 2049, 2048, 2049, 2049, 2049, 2048, 2049, 2048, 2049]","[2049, 2049, 2048, 2049, 2049]",277.0
1261,9974,87,9,2025-05-24T10:56:53.891000+00:00,19.221,34.732,19.602,219.0,202.0,False,73.555,"[None, 2048, 2048, 2049, 2049, 2049]","[2048, 2048, 2049, 2049, 2048, 2048, 2048, 2048, 2049, 2049]","[2048, 2048, 2048, 2048, 2048]",277.0
1261,9974,22,9,2025-05-24T10:56:54.935000+00:00,28.555,54.235,33.479,92.0,125.0,False,116.269,"[2048, 2048, 2048, 2048, 2048, 2048]","[2048, 2048, 2048, 2048, 2048, 2048, 2048, 2048, 2048, 2048]","[2048, 2048, 2048, 2048, 2048]",131.0
1261,9974,81,8,2025-05-24T10:57:00.861000+00:00,36.428,55.368,32.284,96.0,113.0,True,124.08,"[2064, 2048, 2048, 2048, 2048, 2048]","[2048, 2048, 2048, 2048, 2048, 2048, 2048, 2048, 2048, 2048]","[2048, 2048, 2048, 2048, 2048]",220.0
1261,9974,6,16,2025-05-24T10:57:04.349000+00:00,19.114,34.573,19.433,212.0,200.0,False,73.12,"[None, 2048, 2048, 2049, 2048, 2048]","[2048, 2048, 2048, 2048, 2048, 2048, 2048, 2048, 2048, 2049]","[2048, 2048, 2048, 2048, 2048]",275.0
1261,9974,63,7,2025-05-24T10:57:06.869000+00:00,28.758,52.584,31.942,97.0,108.0,False,113.284,"[2048, 2048, 2048, 2048, 2048, 2048]","[2048, 2048, 2048, 2048, 2048, 2048, 2048, 2048, 2048, 2048]","[2048, 2048, 2048, 2048, 2048]",121.0
1261,9974,31,13,2025-05-24T10:57:12.186000+00:00,30.812,52.945,35.224,108.0,131.0,False,118.981,"[2048, 2048, 2048, 2048, 2048, 2048]","[2048, 2048, 2048, 2048, 2048, 2048, 2048, 2048, 2048, 2048]","[2048, 2048, 2048, 2048, 2048]",162.0
1261,9974,55,8,2025-05-24T10:57:16.802000+00:00,18.949,34.467,19.091,219.0,202.0,False,72.507,"[2049, 2049, 2049, 2049, 2048, 2049]","[2049, 2048, 2048, 2048, 2049, 2049, 2048, 2049, 2049, 2049]","[2049, 2049, 2049, 2049, 2049]",278.0
1261,9974,14,9,2025-05-24T10:57:18.584000+00:00,32.864,55.075,31.843,128.0,133.0,False,119.782,"[2048, 2048, 2048, 2048, 2048, 2048]","[2048, 2048, 2048, 2048, 2048, 2048, 2048, 2048, 2048, 2048]","[2048, 2048, 2048, 2048, 2048]",230.0
1261,9974,4,9,2025-05-24T10:57:26.789000+00:00,19.296,39.169,32.332,220.0,133.0,False,90.797,"[2048, 2048, 2048, 2049, 2048, 2049]","[2048, 2051, 2049, 2048, 2048, 2048, 2048, 2048, 2048, 2048]","[2048, 2048, 2048, 2048, 2048]",259.0
1261,9974,1,9,2025-05-24T10:57:31.262000+00:00,32.817,48.149,32.951,84.0,139.0,False,113.917,"[2048, 2048, 2048, 2048, 2048, 2048]","[2048, 2048, 2048, 2048, 2048, 2048, 2048, 2048, 2048, 2048]","[2048, 2048, 2048, 2048, 2048]",201.0
1261,9974,23,9,2025-05-24T10:57:36.132000+00:00,30.715,59.968,23.177,73.0,168.0,False,113.86,"[2048, 2048, 2048, 2048, 2048, 2048]","[2048, 2048, 2048, 2048, 2048, 2048, 2048, 2048, 2048, 2048]","[2048, 2048, 2048, 2048, 2049]",129.0
1261,9974,44,12,2025-05-24T10:57:41.210000+00:00,36.202,61.002,33.801,73.0,98.0,False,131.005,"[2048, 2048, 2048, 2048, 2048, 2048]","[2048, 2048, 2048, 2048, 2048, 2048, 2048, 2048, 2048, 2048]","[2048, 2048, 2048, 2048, 2048]",134.0
1261,9974,30,19,2025-05-24T10:57:45.507000+00:00,21.39,46.203,,138.0,146.0,False,358.984,"[2049, 2048, 2048, 2048, 2048, 2048]","[2048, 2048, 2048, 2048, 2048, 2048, 2048, 2048, 2048, 2048]","[2048, 2048, 2048, 2064, 2064]",178.0
1261,9974,16,11,2025-05-24T10:57:47.445000+00:00,29.152,53.121,51.253,113.0,132.0,False,133.526,"[2048, 2048, 2048, 2048, 2048, 2048]","[2048, 2048, 2048, 2048, 2048, 2048, 2048, 2048, 2048, 2048]","[2048, 2048, 2048, 2064, 2064]",182.0
1261,9974,10,10,2025-05-24T10:57:53.992000+00:00,31.862,50.834,23.076,122.0,119.0,False,105.772,"[None, 2048, 2048, 2048, 2048, 2048]","[2048, 2048, 2048, 2048, 2048, 2048, 2048, 2048, 2048, 2048]","[2048, 2048, 2048, 2048, 2048]",152.0
1261,9974,43,18,2025-05-24T10:58:02.832000+00:00,26.163,61.626,32.825,96.0,92.0,False,120.614,"[2048, 2048, 2048, 2048, 2048, 2048]","[2048, 2048, 2048, 2048, 2048, 2048, 2048, 2048, 2048, 2048]","[2048, 2048, 2048, 2048, 2048]",145.0
1261,9974,87,10,2025-05-24T10:58:07.371000+00:00,33.856,55.114,35.861,66.0,121.0,False,124.831,"[None, 2048, 2048, 2048, 2048, 2048]","[2048, 2048, 2048, 2048, 2048, 2048, 2048, 2048, 2048, 2048]","[2048, 2048, 2048, 2048, 2048]",153.0
1261,9974,12,8,2025-05-24T10:58:15.262000+00:00,28.754,43.845,27.179,132.0,143.0,False,99.778,"[None, 2048, 2048, 2048, 2048, 2048]","[2048, 2048, 2048, 2048, 2048, 2048, 2048, 2048, 2048, 2048]","[2048, 2048, 2048, 2048, 2048]",228.0
1261,9974,6,17,2025-05-24T10:58:17.559000+00:00,22.896,41.408,,160.0,155.0,False,433.956,"[None, 2048, 2048, 2048, 2048, 2048]","[2048, 2048, 2048, 2048, 2048, 2048, 2048, 2048, 2048, 2048]","[2048, 2048, 2048, 2064, 2064]",231.0
1261,9974,55,9,2025-05-24T10:58:29.309000+00:00,31.152,60.256,21.804,80.0,178.0,False,113.212,"[2048, 2048, 2048, 2048, 2048, 2048]","[2048, 2048, 2048, 2048, 2048, 2048, 2048, 2048, 2048, 2048]","[2048, 2048, 2048, 2048, 2048]",241.0
1261,9974,22,10,2025-05-24T10:58:51.293000+00:00,31.531,50.126,21.262,79.0,179.0,False,102.919,"[None, 2048, 2048, 2048, 2048, 2048]","[2048, 2048, 2048, 2048, 2048, 2048, 2048, 2048, 2048, 2048]","[2048, 2048, 2048, 2048, 2048]",229.0
1261,9974,18,13,2025-05-24T10:58:52.278000+00:00,18.937,34.507,19.364,216.0,200.0,False,72.808,"[None, 2048, 2048, 2048, 2049, 2048]","[2048, 2048, 2048, 2048, 2048, 2048, 2048, 2048, 2048, 2049]","[2048, 2048, 2048, 2048, 2048]",275.0
1261,9974,4,10,2025-05-24T10:58:57.528000+00:00,19.025,33.998,19.108,219.0,205.0,False,72.131,"[None, 2048, 2048, 2049, 2048, 2048]","[2051, 2048, 2049, 2049, 2048, 2048, 2049, 2049, 2049, 2049]","[2049, 2049, 2048, 2048, 2048]",273.0
1261,9974,63,8,2025-05-24T10:59:00.202000+00:00,30.689,50.351,22.841,95.0,179.0,False,103.881,"[None, 2048, 2048, 2048, 2048, 2048]","[2048, 2048, 2048, 2048, 2048, 2048, 2048, 2048, 2048, 2048]","[2048, 2048, 2048, 2048, 2048]",196.0
1261,9974,81,9,2025-05-24T10:59:04.286000+00:00,19.028,34.06,19.119,217.0,206.0,False,72.207,"[2049, 2048, 2048, 2048, 2048, 2048]","[2048, 2048, 2048, 2051, 2048, 2048, 2048, 2049, 2049, 2049]","[2049, 2048, 2049, 2049]",273.0
1261,9974,31,14,2025-05-24T10:59:11.337000+00:00,19.147,34.729,19.445,214.0,201.0,False,73.321,"[2049, 2048, 2048, 2049, 2049, 2048]","[2049, 2049, 2048, 2048, 2048, 2048, 2049, 2048, 2048, 2048]","[2048, 2049, 2048, 2049]",276.0
1261,9974,14,10,2025-05-24T10:59:18.425000+00:00,19.151,34.25,19.148,218.0,198.0,False,72.549,"[None, 2049, 2048, 2048, 2049, 2049]","[2049, 2048, 2048, 2048, 2049, 2048, 2049, 2049, 2051, 2049]","[2049, 2049, 2049, 2049, 2048]",278.0
1261,9974,1,10,2025-05-24T10:59:25.267000+00:00,18.515,33.774,18.944,222.0,206.0,False,71.233,"[2049, 2049, 2049, 2051, 2048, 2051]","[2048, 2049, 2049, 2048, 2049, 2049, 2049, 2048, 2049, 2049]","[2049, 2049, 2048, 2048, 2049]",280.0
1261,9974,23,10,2025-05-24T10:59:30.104000+00:00,18.681,34.135,19.164,221.0,205.0,False,71.98,"[2049, 2051, 2048, 2049, 2048, 2049]","[2048, 2049, 2048, 2049, 2048, 2049, 2048, 2048, 2048, 2049]","[2049, 2048, 2048, 2049, 2049]",280.0
1261,9974,10,11,2025-05-24T10:59:39.823000+00:00,19.106,34.443,19.126,219.0,207.0,False,72.675,"[None, 2048, 2048, 2048, 2049, 2049]","[2049, 2049, 2048, 2049, 2049, 2048, 2049, 2048, 2049, 2049]","[2049, 2048, 2049, 2049, 2049]",275.0
1261,9974,44,13,2025-05-24T10:59:52.339000+00:00,37.748,47.233,23.978,112.0,173.0,False,108.959,"[None, 2048, 2048, 2048, 2048, 2048]","[2048, 2048, 2048, 2048, 2048, 2048, 2048, 2048, 2048, 2048]","[2048, 2048, 2048, 2048, 2048]",234.0
1261,9974,12,9,2025-05-24T10:59:55.010000+00:00,18.881,34.01,19.366,220.0,202.0,False,72.257,"[2049, 2049, 2049, 2049, 2049, 2049]","[2049, 2048, 2051, 2049, 2051, 2048, 2051, 2048, 2049, 2049]","[2049, 2048, 2048, 2049]",278.0
1261,9974,16,12,2025-05-24T11:00:01.485000+00:00,33.182,50.852,30.355,63.0,166.0,True,114.389,"[2064, 2048, 2048, 2048, 2048, 2048]","[2048, 2048, 2048, 2048, 2048, 2048, 2048, 2048, 2048, 2048]","[2048, 2048, 2048, 2048, 2048]",213.0
1261,9974,43,19,2025-05-24T11:00:03.550000+00:00,19.198,34.895,19.503,219.0,200.0,False,73.596,"[2049, 2049, 2048, 2048, 2048, 2049]","[2048, 2049, 2048, 2049, 2048, 2048, 2048, 2048, 2048, 2048]","[2049, 2049, 2049, 2049, 2048]",275.0
1261,9974,18,14,2025-05-24T11:00:05.117000+00:00,27.933,59.9,28.074,64.0,149.0,False,115.907,"[None, 2048, 2048, 2048, 2048, 2048]","[2048, 2048, 2048, 2048, 2048, 2048, 2048, 2048, 2048, 2048]","[2048, 2048, 2048, 2048, 2048]",183.0
1261,9974,4,11,2025-05-24T11:00:09.737000+00:00,22.208,51.749,24.985,83.0,156.0,False,98.942,"[2051, 2049, 2048, 2048, 2048, 2048]","[2048, 2048, 2048, 2048, 2048, 2048, 2048, 2048, 2048, 2048]","[2048, 2048, 2048, 2048, 2048]",189.0
1261,9974,87,11,2025-05-24T11:00:12.203000+00:00,19.756,46.275,,132.0,161.0,False,905.348,"[None, 2049, 2048, 2049, 2048, 2048]","[2048, 2048, 2048, 2048, 2048, 2048, 2048, 2048, 2048, 2048]","[2048, 2048, 2048, 2064, 2064]",204.0
1261,9974,81,10,2025-05-24T11:00:16.320000+00:00,24.62,53.374,31.509,94.0,155.0,False,109.503,"[2048, 2048, 2048, 2048, 2048, 2048]","[2048, 2048, 2048, 2048, 2048, 2048, 2048, 2048, 2048, 2048]","[2048, 2048, 2048, 2048, 2048]",197.0
1261,9974,55,10,2025-05-24T11:00:22.546000+00:00,18.981,34.604,24.459,219.0,200.0,False,78.044,"[2049, 2048, 2049, 2048, 2048, 2049]","[2048, 2048, 2048, 2048, 2048, 2049, 2048, 2048, 2048, 2048]","[2049, 2048, 2048, 2048, 2048]",279.0
1261,9974,31,15,2025-05-24T11:00:24.580000+00:00,24.385,47.995,,155.0,67.0,False,789.095,"[2048, 2048, 2048, 2048, 2048, 2048]","[2048, 2048, 2048, 2048, 2048, 2048, 2048, 2048, 2048, 2048]","[2048, 2048, 2048, 2064, 2064]",216.0
1261,9974,14,11,2025-05-24T11:00:30.911000+00:00,29.345,53.304,27.363,88.0,131.0,False,110.012,"[None, 2048, 2048, 2048, 2048, 2048]","[2048, 2048, 2048, 2048, 2048, 2048, 2048, 2048, 2048, 2048]","[2048, 2048, 2048, 2048, 2048]",160.0
1261,9974,22,11,2025-05-24T11:00:34.271000+00:00,18.916,34.063,19.275,219.0,205.0,False,72.254,"[None, 2048, 2048, 2049, 2049, 2048]","[2048, 2048, 2048, 2049, 2049, 2049, 2048, 2049, 2048, 2049]","[2049, 2048, 2048, 2049, 2048]",281.0
1261,9974,1,11,2025-05-24T11:00:36.474000+00:00,22.634,42.243,,166.0,165.0,False,568.697,"[2048, 2048, 2048, 2048, 2048, 2048]","[2048, 2048, 2048, 2048, 2048, 2048, 2048, 2048, 2048, 2048]","[2048, 2048, 2048, 2064, 2064]",243.0
1261,9974,23,11,2025-05-24T11:00:42.021000+00:00,25.47,46.671,,157.0,107.0,False,355.719,"[2048, 2048, 2048, 2048, 2048, 2048]","[2048, 2048, 2048, 2048, 2048, 2048, 2048, 2048, 2048, 2048]","[2048, 2048, 2048, 2064, 2064]",210.0
1261,9974,63,9,2025-05-24T11:00:44.067000+00:00,18.773,34.149,19.233,217.0,202.0,False,72.155,"[2049, 2051, 2051, 2049, 2049, 2048]","[2048, 2048, 2048, 2049, 2049, 2051, 2049, 2048, 2049, 2048]","[2049, 2048, 2048, 2048]",281.0
1261,9974,10,12,2025-05-24T11:00:52.333000+00:00,23.497,41.239,,170.0,145.0,False,893.169,"[None, 2048, 2048, 2048, 2048, 2048]","[2048, 2048, 2048, 2048, 2048, 2048, 2048, 2048, 2048, 2048]","[2048, 2048, 2048, 2064, 2064]",260.0
1261,9974,12,10,2025-05-24T11:01:07.086000+00:00,27.174,47.293,38.198,79.0,133.0,False,112.665,"[2048, 2048, 2048, 2048, 2048, 2048]","[2048, 2048, 2048, 2048, 2048, 2048, 2048, 2048, 2048, 2048]","[2048, 2048, 2048, 2064, 2064]",189.0
1261,9974,43,20,2025-05-24T11:01:16.980000+00:00,23.293,45.48,,168.0,139.0,False,456.721,"[2048, 2048, 2048, 2048, 2048, 2048]","[2048, 2048, 2048, 2048, 2048, 2048, 2048, 2048, 2048, 2048]","[2048, 2048, 2048, 2064, 2064]",193.0
1261,9974,55,11,2025-05-24T11:01:40.650000+00:00,40.22,58.367,22.546,82.0,172.0,False,121.133,"[2048, 2048, 2048, 2048, 2048, 2048]","[2048, 2048, 2048, 2048, 2048, 2048, 2048, 2048, 2048, 2048]","[2048, 2048, 2048, 2048, 2048]",240.0
1261,9974,44,14,2025-05-24T11:01:41.361000+00:00,18.679,34.077,18.987,219.0,206.0,False,71.743,"[None, 2048, 2048, 2049, 2051, 2048]","[2049, 2048, 2049, 2049, 2048, 2048, 2048, 2049, 2049, 2049]","[2049, 2051, 2049, 2048, 2048]",277.0
1261,9974,22,12,2025-05-24T11:01:46.571000+00:00,27.73,41.291,,115.0,162.0,False,505.533,"[None, 2048, 2048, 2048, 2048, 2048]","[2048, 2048, 2048, 2048, 2048, 2048, 2048, 2051, 2048, 2048]","[2048, 2048, 2048, 2064, 2064]",253.0
1261,9974,4,12,2025-05-24T11:01:48.602000+00:00,18.74,33.891,18.972,220.0,208.0,False,71.603,"[2048, 2048, 2048, 2049, 2049, 2048]","[2051, 2048, 2049, 2048, 2049, 2048, 2049, 2048, 2048, 2049]","[2049, 2049, 2048, 2048, 2048]",273.0
1261,9974,16,13,2025-05-24T11:01:55.290000+00:00,18.623,33.925,18.909,220.0,209.0,False,71.457,"[2048, 2049, 2051, 2049, 2048, 2048]","[2048, 2048, 2048, 2048, 2051, 2048, 2049, 2048, 2048, 2048]","[2048, 2049, 2049, 2049, 2048]",280.0
1261,9974,63,10,2025-05-24T11:01:56.071000+00:00,29.501,65.181,27.839,100.0,80.0,False,122.521,"[2048, 2048, 2048, 2048, 2048, 2048]","[2048, 2048, 2048, 2048, 2048, 2048, 2048, 2048, 2048, 2048]","[2048, 2048, 2048, 2048, 2048]",105.0
1261,9974,18,15,2025-05-24T11:02:01.009000+00:00,18.849,34.423,19.283,217.0,201.0,False,72.555,"[2049, 2048, 2048, 2048, 2048, 2048]","[2048, 2048, 2049, 2049, 2048, 2048, 2048, 2048, 2048, 2048]","[2048, 2048, 2049, 2049, 2048]",277.0
1261,9974,81,11,2025-05-24T11:02:06.024000+00:00,18.827,34.313,19.27,219.0,199.0,False,72.41,"[2049, 2049, 2049, 2049, 2048, 2048]","[2048, 2048, 2048, 2048, 2049, 2048, 2048, 2048, 2048, 2048]","[2048, 2048, 2049, 2048, 2048]",274.0
1261,9974,14,12,2025-05-24T11:02:21.040000+00:00,18.897,34.323,19.354,220.0,198.0,False,72.574,"[2049, 2049, 2048, 2049, 2049, 2049]","[2049, 2048, 2048, 2048, 2048, 2048, 2049, 2048, 2048, 2049]","[2048, 2048, 2048, 2048, 2048]",278.0
1261,9974,44,15,2025-05-24T11:02:53.056000+00:00,32.265,41.813,,124.0,184.0,False,474.998,"[None, 2048, 2048, 2048, 2048, 2048]","[2048, 2048, 2048, 2048, 2048, 2048, 2048, 2048, 2048, 2048]","[2048, 2048, 2048, 2064, 2064]",252.0
1261,9974,4,13,2025-05-24T11:03:00.103000+00:00,18.931,37.932,,188.0,169.0,False,639.652,"[2049, 2048, 2048, 2048, 2048, 2048]","[2048, 2048, 2048, 2048, 2048, 2048, 2048, 2048, 2048, 2048]","[2048, 2048, 2048, 2064, 2064]",257.0
1261,9974,12,11,2025-05-24T11:03:00.525000+00:00,33.905,41.975,21.924,77.0,175.0,True,97.804,"[2064, 2048, 2048, 2048, 2048, 2048]","[2048, 2048, 2048, 2048, 2048, 2048, 2048, 2048, 2048, 2048]","[2048, 2048, 2048, 2048, 2048]",258.0
1261,9974,16,14,2025-05-24T11:03:06.712000+00:00,23.715,42.406,,143.0,148.0,False,442.353,"[None, 2048, 2048, 2048, 2048, 2048]","[2048, 2048, 2048, 2048, 2048, 2048, 2048, 2048, 2048, 2048]","[2048, 2048, 2048, 2064, 2064]",252.0
1261,9974,18,16,2025-05-24T11:03:13.509000+00:00,24.061,41.662,,147.0,171.0,False,741.894,"[2048, 2048, 2048, 2048, 2048, 2048]","[2048, 2048, 2048, 2048, 2048, 2048, 2048, 2048, 2048, 2048]","[2048, 2048, 2048, 2064, 2064]",228.0
1261,9974,81,12,2025-05-24T11:03:18.384000+00:00,22.497,39.693,,175.0,162.0,False,639.447,"[2048, 2048, 2048, 2048, 2048, 2048]","[2048, 2048, 2048, 2048, 2048, 2048, 2048, 2048, 2048, 2048]","[2048, 2048, 2048, 2064, 2064]",240.0
1261,9974,14,13,2025-05-24T11:03:33.589000+00:00,22.208,44.835,,175.0,167.0,False,679.383,"[2048, 2048, 2048, 2048, 2048, 2048]","[2048, 2048, 2048, 2048, 2048, 2048, 2048, 2048, 2048, 2048]","[2048, 2048, 2048, 2064, 2064]",221.0
1261,9974,55,12,2025-05-24T11:03:41.776000+00:00,18.973,34.42,19.076,219.0,202.0,False,72.469,"[None, 2048, 2048, 2049, 2048, 2049]","[2048, 2048, 2048, 2048, 2048, 2048, 2048, 2048, 2048, 2048]","[2048, 2049, 2048, 2048]",276.0
1261,9974,30,20,2025-05-24T11:03:45.122000+00:00,27.191,42.025,22.157,164.0,170.0,True,91.373,"[2064, 2048, 2048, 2048, 2048, 2048]","[2048, 2048, 2048, 2048, 2048, 2048, 2048, 2048, 2048, 2048]","[2048, 2048, 2048, 2048, 2048]",263.0
1261,9974,63,11,2025-05-24T11:03:58.709000+00:00,18.939,34.211,19.08,220.0,205.0,False,72.23,"[None, 2048, 2048, 2048, 2048, 2048]","[2049, 2048, 2048, 2048, 2049, 2048, 2048, 2048, 2048, 2049]","[2049, 2049, 2048, 2049, 2048]",281.0
1261,9974,12,12,2025-05-24T11:04:37.631000+00:00,18.935,34.056,19.231,219.0,202.0,False,72.222,"[2048, 2048, 2048, 2049, 2048, 2048]","[2049, 2048, 2048, 2049, 2048, 2048, 2048, 2049, 2049, 2049]","[2048, 2048, 2048, 2048]",276.0
1261,9974,55,13,2025-05-24T11:04:54.151000+00:00,23.917,42.774,,143.0,156.0,False,382.093,"[None, 2048, 2048, 2048, 2048, 2048]","[2048, 2048, 2048, 2048, 2048, 2048, 2048, 2048, 2048, 2048]","[2048, 2048, 2048, 2064, 2064]",225.0
1261,9974,63,12,2025-05-24T11:05:10.997000+00:00,23.178,40.44,,84.0,182.0,False,417.32,"[None, 2048, 2048, 2048, 2048, 2048]","[2048, 2048, 2048, 2048, 2048, 2048, 2048, 2048, 2048, 2048]","[2048, 2048, 2048, 2064, 2064]",255.0
1261,9974,30,21,2025-05-24T11:05:15.888000+00:00,19.112,34.512,19.295,216.0,201.0,False,72.919,"[2048, 2048, 2048, 2049, 2049, 2048]","[2049, 2049, 2049, 2049, 2048, 2048, 2048, 2048, 2048, 2049]","[2048, 2049, 2049, 2049]",272.0
1261,9974,6,18,2025-05-24T11:05:31.997000+00:00,25.329,38.796,21.142,175.0,180.0,True,85.267,"[2064, 2048, 2048, 2048, 2048, 2048]","[2048, 2048, 2048, 2048, 2048, 2048, 2048, 2048, 2048, 2048]","[2048, 2048, 2048, 2048, 2048]",261.0
1261,9974,12,13,2025-05-24T11:05:49.794000+00:00,24.073,40.206,,167.0,160.0,False,416.516,"[None, 2048, 2048, 2048, 2048, 2048]","[2048, 2048, 2048, 2048, 2048, 2048, 2048, 2048, 2048, 2048]","[2048, 2048, 2048, 2064, 2064]",230.0
1261,9974,27,13,2025-05-24T11:06:02.622000+00:00,25.572,38.278,21.361,171.0,180.0,True,85.211,"[2064, 2048, 2048, 2048, 2048, 2048]","[2048, 2048, 2048, 2048, 2048, 2048, 2048, 2048, 2048, 2048]","[2048, 2048, 2048, 2048, 2049]",260.0
1261,9974,30,22,2025-05-24T11:06:28.685000+00:00,22.407,45.245,,167.0,153.0,False,317.219,"[None, 2048, 2048, 2048, 2048, 2048]","[2048, 2048, 2048, 2048, 2048, 2048, 2048, 2048, 2048, 2048]","[2048, 2048, 2048, 2064, 2064]",199.0
1261,9974,23,12,2025-05-24T11:06:38.311000+00:00,24.956,38.29,20.759,195.0,189.0,True,84.005,"[2064, 2048, 2048, 2048, 2048, 2048]","[2048, 2048, 2048, 2048, 2048, 2048, 2048, 2048, 2048, 2048]","[2048, 2048, 2048, 2048, 2048]",267.0
1261,9974,5,15,2025-05-24T11:06:48.888000+00:00,32.154,39.785,21.69,171.0,171.0,True,93.629,"[2064, 2048, 2048, 2048, 2048, 2048]","[2048, 2048, 2048, 2048, 2048, 2048, 2048, 2048, 2048, 2048]","[2048, 2048, 2048, 2048, 2048]",253.0
1261,9974,6,19,2025-05-24T11:06:56.723000+00:00,18.946,34.693,19.507,218.0,186.0,False,73.146,"[2049, 2048, 2048, 2049, 2049, 2048]","[2049, 2049, 2049, 2048, 2048, 2048, 2048, 2048, 2048, 2048]","[2048, 2048, 2049, 2048, 2048]",271.0
1261,9974,27,14,2025-05-24T11:07:27.352000+00:00,18.913,34.134,19.078,219.0,205.0,False,72.125,"[2049, 2049, 2049, 2049, 2049, 2049]","[2049, 2049, 2049, 2049, 2048, 2049, 2049, 2048, 2048, 2049]","[2049, 2049, 2049, 2049, 2049]",275.0
1261,9974,23,13,2025-05-24T11:08:01.828000+00:00,18.716,34.154,19.058,220.0,203.0,False,71.928,"[2051, 2048, 2048, 2048, 2049, 2049]","[2048, 2049, 2049, 2049, 2048, 2048, 2048, 2048, 2048, 2048]","[2048, 2049, 2049, 2048]",275.0
1261,9974,6,20,2025-05-24T11:08:09.828000+00:00,31.061,47.181,24.209,59.0,120.0,False,102.451,"[2048, 2048, 2048, 2048, 2048, 2048]","[2048, 2048, 2048, 2048, 2048, 2048, 2048, 2048, 2048, 2048]","[2048, 2048, 2048, 2048, 2048]",218.0
1261,9974,5,16,2025-05-24T11:08:21.882000+00:00,19.087,34.391,19.299,218.0,200.0,False,72.777,"[2048, 2048, 2049, 2048, 2049, 2049]","[2049, 2049, 2049, 2049, 2049, 2048, 2048, 2048, 2049, 2049]","[2049, 2049, 2048, 2049, 2049]",274.0
1261,9974,27,15,2025-05-24T11:08:39.269000+00:00,28.493,44.399,22.914,162.0,147.0,False,95.806,"[2048, 2048, 2048, 2048, 2048, 2048]","[2048, 2048, 2048, 2048, 2048, 2048, 2048, 2048, 2048, 2048]","[2048, 2048, 2048, 2048, 2048]",180.0
1261,9974,43,21,2025-05-24T11:08:54.473000+00:00,33.791,43.066,24.631,125.0,162.0,True,101.488,"[2064, 2048, 2048, 2048, 2048, 2048]","[2048, 2048, 2048, 2048, 2048, 2048, 2048, 2048, 2048, 2048]","[2048, 2048, 2048, 2048, 2048]",269.0
1261,9974,23,14,2025-05-24T11:09:13.536000+00:00,38.506,59.374,23.656,88.0,163.0,False,121.536,"[2048, 2048, 2048, 2048, 2048, 2048]","[2048, 2048, 2048, 2048, 2048, 2048, 2048, 2048, 2048, 2048]","[2048, 2048, 2048, 2048, 2048]",148.0
1261,9974,5,17,2025-05-24T11:09:34.569000+00:00,27.69,49.835,45.823,129.0,143.0,False,123.348,"[None, 2048, 2048, 2048, 2048, 2048]","[2048, 2048, 2048, 2048, 2048, 2048, 2048, 2048, 2048, 2048]","[2048, 2048, 2048, 2064, 2064]",207.0
1261,9974,6,21,2025-05-24T11:09:52.369000+00:00,18.867,34.309,19.187,218.0,202.0,False,72.363,"[2049, 2048, 2048, 2049, 2048, 2048]","[2048, 2048, 2048, 2049, 2048, 2048, 2048, 2048, 2049, 2048]","[2049, 2049, 2049, 2049, 2048]",276.0
1261,9974,1,12,2025-05-24T11:10:05.722000+00:00,27.19,40.146,20.093,100.0,192.0,True,87.429,"[2064, 2048, 2048, 2048, 2048, 2048]","[2048, 2048, 2048, 2048, 2048, 2048, 2048, 2048, 2048, 2048]","[2048, 2048, 2048, 2048, 2048]",262.0
1261,9974,22,13,2025-05-24T11:10:12.664000+00:00,29.014,39.325,21.146,165.0,188.0,True,89.485,"[2064, 2048, 2048, 2048, 2048, 2048]","[2048, 2048, 2048, 2048, 2048, 2048, 2048, 2048, 2048, 2048]","[2048, 2048, 2048, 2048, 2048]",262.0
1261,9974,27,16,2025-05-24T11:10:15.169000+00:00,18.966,34.094,19.16,220.0,203.0,False,72.22,"[None, 2049, 2049, 2048, 2048, 2049]","[2048, 2049, 2049, 2049, 2049, 2049, 2048, 2048, 2049, 2048]","[2048, 2049, 2048, 2048, 2048]",275.0
1261,9974,16,15,2025-05-24T11:10:29.612000+00:00,30.789,40.327,28.879,170.0,162.0,True,99.995,"[2064, 2048, 2048, 2048, 2048, 2048]","[2048, 2048, 2048, 2048, 2048, 2048, 2048, 2048, 2048, 2048]","[2048, 2048, 2048, 2048, 2048]",262.0
1261,9974,43,22,2025-05-24T11:10:35.273000+00:00,22.189,39.708,21.717,182.0,181.0,False,83.614,"[2048, 2048, 2048, 2048, 2048, 2048]","[2048, 2048, 2048, 2048, 2048, 2048, 2048, 2048, 2048, 2048]","[2048, 2048, 2048, 2048, 2048]",274.0
1261,9974,44,16,2025-05-24T11:10:48.651000+00:00,25.588,39.202,23.033,167.0,178.0,True,87.823,"[2064, 2048, 2048, 2048, 2048, 2048]","[2048, 2048, 2048, 2048, 2048, 2048, 2048, 2048, 2048, 2048]","[2048, 2048, 2048, 2048, 2048]",258.0
1261,9974,6,22,2025-05-24T11:11:04.609000+00:00,30.226,42.849,,109.0,146.0,False,267.032,"[2048, 2048, 2048, 2048, 2048, 2048]","[2048, 2048, 2048, 2048, 2048, 2048, 2048, 2048, 2048, 2048]","[2048, 2048, 2048, 2064, 2064]",232.0
1261,9974,23,15,2025-05-24T11:11:15.170000+00:00,18.675,33.998,18.995,220.0,205.0,False,71.668,"[None, 2048, 2048, 2049, 2048, 2048]","[2048, 2048, 2048, 2049, 2048, 2048, 2049, 2048, 2049, 2048]","[2048, 2048, 2048, 2048, 2048]",277.0
1261,9974,55,14,2025-05-24T11:11:16.841000+00:00,24.62,45.258,22.678,194.0,187.0,True,92.556,"[2064, 2048, 2048, 2048, 2048, 2048]","[2048, 2048, 2048, 2048, 2048, 2048, 2048, 2048, 2048, 2048]","[2048, 2048, 2048, 2048, 2048]",269.0
1261,9974,27,17,2025-05-24T11:11:27.382000+00:00,27.729,48.057,24.102,169.0,155.0,False,99.888,"[None, 2048, 2048, 2048, 2048, 2048]","[2048, 2048, 2048, 2048, 2048, 2048, 2048, 2048, 2048, 2048]","[2048, 2048, 2048, 2048, 2048]",70.0
1261,9974,1,13,2025-05-24T11:11:32.585000+00:00,18.5,33.862,18.935,222.0,206.0,False,71.297,"[2049, 2048, 2049, 2051, 2049, 2051]","[2048, 2049, 2049, 2048, 2048, 2048, 2048, 2048, 2048, 2048]","[2048, 2049, 2048, 2048, 2048]",277.0
1261,9974,5,18,2025-05-24T11:11:38.663000+00:00,27.596,43.107,21.82,167.0,172.0,True,92.523,"[2064, 2048, 2048, 2048, 2048, 2048]","[2048, 2048, 2048, 2048, 2048, 2048, 2048, 2048, 2048, 2048]","[2048, 2048, 2048, 2048, 2048]",228.0
1261,9974,22,14,2025-05-24T11:11:41.590000+00:00,20.598,37.877,20.623,189.0,194.0,False,79.098,"[2048, 2048, 2048, 2048, 2048, 2048]","[2048, 2048, 2048, 2048, 2048, 2048, 2048, 2048, 2048, 2048]","[2048, 2048, 2048, 2048, 2048]",244.0
1261,9974,30,23,2025-05-24T11:11:46.689000+00:00,28.852,41.469,21.754,169.0,178.0,True,92.075,"[2064, 2048, 2048, 2048, 2048, 2048]","[2048, 2048, 2048, 2048, 2048, 2048, 2048, 2048, 2048, 2048]","[2048, 2048, 2048, 2048, 2048]",255.0
1261,9974,43,23,2025-05-24T11:11:58.921000+00:00,18.976,34.72,19.399,217.0,199.0,False,73.095,"[2049, 2049, 2049, 2049, 2049, 2048]","[2049, 2048, 2048, 2048, 2048, 2048, 2048, 2049, 2049, 2049]","[2049, 2048, 2049, 2049, 2049]",277.0
1261,9974,63,13,2025-05-24T11:12:08.890000+00:00,24.12,39.412,28.472,196.0,189.0,True,92.004,"[2064, 2048, 2048, 2048, 2048, 2048]","[2048, 2048, 2048, 2048, 2048, 2048, 2048, 2048, 2048, 2048]","[2048, 2048, 2048, 2048, 2048]",265.0
1261,9974,16,16,2025-05-24T11:12:08.999000+00:00,18.635,42.767,24.801,219.0,156.0,False,86.203,"[2049, 2048, 2048, 2049, 2049, 2048]","[2048, 2051, 2048, 2048, 2048, 2048, 2048, 2048, 2048, 2048]","[2048, 2048, 2048, 2048, 2048]",183.0
1261,9974,44,17,2025-05-24T11:12:15.859000+00:00,18.686,33.957,19.038,221.0,205.0,False,71.681,"[2049, 2048, 2048, 2049, 2048, 2048]","[2048, 2049, 2048, 2048, 2048, 2048, 2048, 2049, 2049, 2048]","[2048, 2048, 2049, 2049, 2048]",280.0
1261,9974,23,16,2025-05-24T11:12:26.765000+00:00,,,34.22,,157.0,False,136.74,"[None, 2048, 2048, 2048, 2048, 0]","[None, 2048, 2048, 2048, 2048, 2048, 2048, 2048, 2048, 2048]","[2048, 2048, 2048, 2048, 2048]",210.0
1261,9974,1,14,2025-05-24T11:12:43.812000+00:00,33.166,58.021,35.298,81.0,104.0,False,126.485,"[2048, 2048, 2048, 2048, 2048, 2048]","[2048, 2048, 2048, 2048, 2048, 2048, 2048, 2048, 2048, 2048]","[2048, 2048, 2048, 2048, 2048]",137.0
1261,9974,12,14,2025-05-24T11:12:46.953000+00:00,27.257,39.525,20.71,186.0,183.0,True,87.492,"[2064, 2048, 2048, 2048, 2048, 2048]","[2048, 2048, 2048, 2048, 2048, 2048, 2048, 2048, 2048, 2048]","[2048, 2048, 2048, 2048, 2048]",258.0
1261,9974,55,15,2025-05-24T11:12:48.875000+00:00,18.839,34.046,19.008,219.0,206.0,False,71.893,"[2049, 2048, 2048, 2049, 2049, 2049]","[2049, 2048, 2051, 2049, 2048, 2048, 2048, 2048, 2049, 2049]","[2049, 2048, 2049, 2049, 2048]",274.0
1261,9974,22,15,2025-05-24T11:13:00.703000+00:00,18.653,48.365,33.641,220.0,126.0,False,100.659,"[2049, 2048, 2048, 2049, 2048, 2048]","[2048, 2048, 2048, 2048, 2048, 2048, 2048, 2048, 2048, 2048]","[2048, 2048, 2048, 2048, 2048]",160.0
1261,9974,27,18,2025-05-24T11:13:07.328000+00:00,27.031,46.371,34.443,147.0,166.0,False,107.845,"[None, 2048, 2048, 2048, 2048, 2048]","[2048, 2048, 2048, 2048, 2048, 2048, 2048, 2048, 2048, 2048]","[2048, 2048, 2048, 2048, 2048]",199.0
1261,9974,5,19,2025-05-24T11:13:10.547000+00:00,19.001,34.365,19.294,217.0,203.0,False,72.66,"[2048, 2049, 2049, 2049, 2049, 2048]","[2048, 2049, 2049, 2049, 2049, 2049, 2048, 2048, 2049, 2049]","[2049, 2049, 2049, 2048, 2048]",277.0
1261,9974,43,24,2025-05-24T11:13:11.968000+00:00,33.207,56.737,26.714,109.0,163.0,False,116.658,"[2048, 2048, 2048, 2048, 2048, 2048]","[2048, 2048, 2048, 2048, 2048, 2048, 2048, 2048, 2048, 2048]","[2048, 2048, 2048, 2048, 2048]",171.0
1261,9974,30,24,2025-05-24T11:13:18.203000+00:00,19.089,34.368,19.391,219.0,203.0,False,72.848,"[2048, 2048, 2048, 2048, 2048, 2049]","[2048, 2049, 2049, 2049, 2049, 2048, 2049, 2048, 2048, 2049]","[2048, 2048, 2048, 2049, 2049]",275.0
1261,9974,44,18,2025-05-24T11:13:27.590000+00:00,27.816,58.864,32.28,93.0,95.0,False,118.96,"[2048, 2048, 2048, 2048, 2048, 2048]","[2048, 2048, 2048, 2048, 2048, 2048, 2048, 2048, 2048, 2048]","[2048, 2048, 2048, 2048, 2048]",141.0
1261,9974,31,16,2025-05-24T11:13:34.279000+00:00,28.121,40.869,31.148,169.0,171.0,True,100.138,"[2064, 2048, 2048, 2048, 2048, 2048]","[2048, 2048, 2048, 2048, 2048, 2048, 2048, 2048, 2048, 2048]","[2048, 2048, 2048, 2048, 2048]",268.0
1261,9974,16,17,2025-05-24T11:13:35.326000+00:00,18.659,33.779,19.044,222.0,211.0,False,71.482,"[2048, 2048, 2048, 2049, 2048, 2048]","[2048, 2048, 2049, 2048, 2048, 2048, 2048, 2048, 2048, 2051]","[2051, 2048, 2048, 2048, 2048]",280.0
1261,9974,63,14,2025-05-24T11:13:40.264000+00:00,18.847,38.922,25.366,220.0,117.0,False,83.135,"[2049, 2048, 2048, 2049, 2048, 2048]","[2048, 2048, 2048, 2049, 2048, 2048, 2048, 2048, 2048, 2048]","[2048, 2048, 2048, 2048, 2048]",277.0
1261,9974,4,14,2025-05-24T11:13:40.826000+00:00,26.508,40.334,34.996,200.0,190.0,True,101.838,"[2064, 2048, 2048, 2048, 2048, 2048]","[2048, 2048, 2048, 2048, 2048, 2048, 2048, 2048, 2048, 2048]","[2048, 2048, 2048, 2048, 2049]",240.0
1261,9974,81,13,2025-05-24T11:13:58.387000+00:00,29.477,46.944,23.594,162.0,130.0,True,100.015,"[2064, 2048, 2048, 2048, 2048, 2048]","[2048, 2048, 2048, 2048, 2048, 2048, 2048, 2048, 2048, 2048]","[2048, 2048, 2048, 2048, 2048]",239.0
1261,9974,55,16,2025-05-24T11:14:00.741000+00:00,,,23.192,,172.0,False,119.636,"[2048, 2048, 2048, 2048, 2048, 0]","[None, 2048, 2048, 2048, 2048, 2048, 2048, 2048, 2048, 2048]","[2048, 2048, 2048, 2048]",164.0
1261,9974,12,15,2025-05-24T11:14:13.900000+00:00,18.936,34.237,19.219,217.0,196.0,False,72.392,"[2049, 2048, 2048, 2049, 2048, 2048]","[2048, 2049, 2048, 2048, 2048, 2048, 2048, 2048, 2048, 2048]","[2048, 2049, 2048, 2048, 2048]",274.0
1261,9974,5,20,2025-05-24T11:14:23.181000+00:00,30.057,49.405,26.908,95.0,122.0,False,106.37,"[None, 2048, 2048, 2048, 2048, 2048]","[2048, 2048, 2048, 2048, 2048, 2048, 2048, 2048, 2048, 2048]","[2048, 2048, 2048, 2048]",180.0
1261,9974,30,25,2025-05-24T11:14:30.869000+00:00,27.469,48.551,27.09,144.0,120.0,False,103.11,"[None, 2048, 2048, 2048, 2048, 2048]","[2048, 2048, 2048, 2048, 2048, 2048, 2048, 2048, 2048, 2048]","[2048, 2048, 2048, 2048, 2048]",224.0
1261,9974,22,16,2025-05-24T11:14:41.322000+00:00,33.878,41.754,27.332,121.0,170.0,False,102.964,"[2048, 2048, 2048, 2048, 2048, 2048]","[2048, 2048, 2048, 2048, 2048, 2048, 2048, 2048, 2048, 2048]","[2048, 2048, 2048, 2048, 2048]",257.0
1261,9974,23,17,2025-05-24T11:14:43.724000+00:00,25.778,45.732,24.327,75.0,182.0,False,95.837,"[None, 2048, 2048, 2048, 2048, 2048]","[2048, 2048, 2048, 2048, 2048, 2048, 2048, 2048, 2048, 2048]","[2048, 2048, 2048, 2048, 2048]",259.0
1261,9974,16,18,2025-05-24T11:14:46.771000+00:00,35.129,55.547,28.343,54.0,111.0,False,119.019,"[None, 2048, 2048, 2048, 2048, 2048]","[2048, 2048, 2048, 2048, 2048, 2048, 2048, 2048, 2048, 2048]","[2048, 2048, 2048, 2048, 2048]",226.0
1261,9974,1,15,2025-05-24T11:14:50.368000+00:00,23.867,44.271,37.413,112.0,172.0,False,105.551,"[None, 2048, 2048, 2048, 2048, 2048]","[2048, 2048, 2048, 2048, 2048, 2048, 2048, 2048, 2048, 2048]","[2048, 2048, 2048, 2048, 2048]",183.0
1261,9974,14,14,2025-05-24T11:14:53.497000+00:00,26.395,50.697,27.175,173.0,168.0,True,104.267,"[2064, 2048, 2048, 2048, 2048, 2048]","[2048, 2048, 2048, 2048, 2048, 2048, 2048, 2048, 2048, 2048]","[2048, 2048, 2048, 2048, 2048]",213.0
1261,9974,27,19,2025-05-24T11:14:55.191000+00:00,21.48,41.616,31.456,171.0,164.0,False,94.552,"[None, 2048, 2048, 2048, 2048, 2048]","[2048, 2048, 2048, 2048, 2048, 2048, 2048, 2048, 2048, 2048]","[2048, 2048, 2048, 2048, 2048]",257.0
1261,9974,63,15,2025-05-24T11:15:03.348000+00:00,18.947,43.156,49.212,218.0,159.0,False,111.315,"[2048, 2048, 2048, 2048, 2048, 2048]","[2048, 2048, 2048, 2048, 2048, 2048, 2048, 2048, 2048, 2048]","[2048, 2048, 2048, 2064, 2064]",188.0
1261,9974,43,25,2025-05-24T11:15:08.644000+00:00,19.065,53.823,35.543,220.0,83.0,False,108.431,"[None, 2048, 2048, 2049, 2048, 2048]","[2048, 2048, 2048, 2048, 2048, 2048, 2048, 2048, 2048, 2048]","[2048, 2048, 2048, 2048, 2048]",126.0
1261,9974,31,17,2025-05-24T11:15:13.798000+00:00,19.23,34.66,19.449,212.0,199.0,False,73.339,"[2048, 2048, 2049, 2049, 2048, 2048]","[2048, 2049, 2048, 2048, 2048, 2049, 2048, 2048, 2049, 2048]","[2048, 2048, 2048, 2049, 2049]",281.0
1261,9974,87,12,2025-05-24T11:15:18.126000+00:00,26.566,38.696,27.993,182.0,187.0,True,93.255,"[2064, 2048, 2048, 2048, 2048, 2048]","[2048, 2048, 2048, 2048, 2048, 2048, 2048, 2048, 2048, 2048]","[2048, 2048, 2048, 2048, 2049]",261.0
1261,9974,4,15,2025-05-24T11:15:21.686000+00:00,18.756,33.805,18.918,224.0,209.0,False,71.479,"[2048, 2048, 2049, 2049, 2049, 2051]","[2048, 2048, 2049, 2049, 2049, 2049, 2049, 2048, 2048, 2048]","[2049, 2048, 2048, 2049, 2051]",280.0
1261,9974,12,16,2025-05-24T11:15:26.412000+00:00,29.821,52.258,43.758,64.0,144.0,False,125.837,"[2048, 2048, 2048, 2048, 2048, 2048]","[2048, 2048, 2048, 2048, 2048, 2048, 2048, 2048, 2048, 2048]","[2048, 2048, 2048, 2064, 2064]",183.0
1261,9974,44,19,2025-05-24T11:15:26.600000+00:00,38.236,47.252,32.638,109.0,59.0,False,118.126,"[None, 2048, 2048, 2048, 2048, 2048]","[2048, 2048, 2048, 2048, 2048, 2048, 2048, 2048, 2048, 2048]","[2048, 2048, 2048, 2048]",252.0
1261,9974,6,23,2025-05-24T11:15:32.256000+00:00,31.185,40.677,24.03,170.0,170.0,True,95.892,"[2064, 2048, 2048, 2048, 2048, 2048]","[2048, 2048, 2048, 2048, 2048, 2048, 2048, 2048, 2048, 2048]","[2048, 2048, 2048, 2048, 2048]",251.0
1261,9974,18,17,2025-05-24T11:15:36.178000+00:00,31.2,51.231,32.568,157.0,171.0,True,114.999,"[2064, 2048, 2048, 2048, 2048, 2048]","[2048, 2048, 2048, 2048, 2048, 2048, 2048, 2048, 2048, 2048]","[2048, 2048, 2048, 2048, 2048]",253.0
1261,9974,81,14,2025-05-24T11:15:37.944000+00:00,21.954,45.65,28.916,154.0,103.0,False,96.52,"[2048, 2048, 2048, 2048, 2048, 2048]","[2048, 2048, 2048, 2048, 2048, 2048, 2048, 2048, 2048, 2048]","[2048, 2048, 2048, 2048, 2048]",221.0
1261,9974,10,13,2025-05-24T11:15:46.355000+00:00,23.582,41.673,28.042,193.0,176.0,True,93.297,"[2064, 2048, 2048, 2048, 2048, 2048]","[2048, 2048, 2048, 2048, 2048, 2048, 2048, 2048, 2048, 2048]","[2048, 2048, 2048, 2048, 2049]",264.0
1261,9974,55,17,2025-05-24T11:16:00.356000+00:00,18.84,34.264,25.585,220.0,199.0,False,78.689,"[2049, 2049, 2048, 2048, 2048, 2049]","[2048, 2048, 2048, 2048, 2049, 2049, 2049, 2048, 2048, 2048]","[2048, 2048, 2048, 2048, 2048]",281.0
1261,9974,5,21,2025-05-24T11:16:09.514000+00:00,28.547,50.105,22.461,102.0,72.0,False,101.113,"[None, 2048, 2048, 2048, 2048, 2048]","[2048, 2048, 2048, 2048, 2048, 2048, 2048, 2048, 2048, 2048]","[2048, 2048, 2048, 2048, 2048]",205.0
1261,9974,30,26,2025-05-24T11:16:14.072000+00:00,18.915,34.166,19.188,220.0,203.0,False,72.269,"[2049, 2049, 2049, 2049, 2048, 2048]","[2048, 2048, 2048, 2049, 2049, 2049, 2048, 2049, 2049, 2048]","[2049, 2048, 2048, 2049]",279.0
1261,9974,23,18,2025-05-24T11:16:19.485000+00:00,18.54,34.049,19.088,223.0,205.0,False,71.677,"[2051, 2048, 2049, 2049, 2049, 2049]","[2049, 2048, 2048, 2048, 2048, 2048, 2049, 2048, 2048, 2049]","[2048, 2048, 2048, 2048, 2049]",278.0
1261,9974,22,17,2025-05-24T11:16:24.439000+00:00,18.766,34.112,19.074,221.0,203.0,False,71.952,"[None, 2049, 2048, 2048, 2048, 2049]","[2049, 2048, 2048, 2048, 2048, 2048, 2051, 2048, 2048, 2048]","[2048, 2049, 2048, 2049]",278.0
1261,9974,31,18,2025-05-24T11:16:27.251000+00:00,29.921,52.211,26.254,84.0,172.0,False,108.386,"[None, 2048, 2048, 2048, 2048, 2048]","[2048, 2048, 2048, 2048, 2048, 2048, 2048, 2048, 2048, 2048]","[2048, 2048, 2048, 2048, 2048]",236.0
1261,9974,27,20,2025-05-24T11:16:29.673000+00:00,18.957,34.112,19.26,219.0,203.0,False,72.329,"[None, 2048, 2049, 2049, 2048, 2048]","[2048, 2048, 2048, 2049, 2049, 2049, 2049, 2048, 2049, 2048]","[2049, 2048, 2048, 2048, 2048]",279.0
1261,9974,4,16,2025-05-24T11:16:33.126000+00:00,25.466,47.562,22.671,103.0,161.0,False,95.699,"[None, 2048, 2048, 2048, 2048, 2048]","[2048, 2048, 2048, 2048, 2048, 2048, 2048, 2048, 2048, 2048]","[2048, 2048, 2048, 2048, 2048]",208.0
1261,9974,1,16,2025-05-24T11:16:35.939000+00:00,18.623,33.774,18.99,221.0,202.0,False,71.387,"[None, 2048, 2049, 2048, 2048, 2048]","[2049, 2049, 2048, 2048, 2048, 2048, 2049, 2048, 2048, 2048]","[2048, 2048, 2048, 2048, 2048]",280.0
1261,9974,14,15,2025-05-24T11:16:37.236000+00:00,22.364,39.874,22.807,155.0,176.0,False,85.045,"[2048, 2048, 2048, 2048, 2048, 2048]","[2048, 2048, 2048, 2048, 2048, 2048, 2048, 2048, 2048, 2048]","[2048, 2048, 2048, 2048, 2048]",261.0
1261,9974,16,19,2025-05-24T11:16:45.786000+00:00,18.527,33.888,19.029,223.0,210.0,False,71.444,"[None, 2048, 2048, 2049, 2049, 2049]","[2048, 2048, 2048, 2048, 2048, 2051, 2048, 2048, 2048, 2048]","[2048, 2048, 2048, 2048, 2048]",282.0
1261,9974,87,13,2025-05-24T11:16:50.923000+00:00,18.995,34.174,19.167,220.0,201.0,False,72.336,"[2049, 2049, 2049, 2049, 2049, 2049]","[2049, 2049, 2049, 2049, 2049, 2049, 2048, 2048, 2048, 2048]","[2049, 2048, 2049, 2049, 2049]",281.0
1261,9974,63,16,2025-05-24T11:16:55.442000+00:00,31.792,45.951,22.445,85.0,90.0,True,100.188,"[2064, 2048, 2048, 2048, 2048, 2048]","[2048, 2048, 2048, 2048, 2048, 2048, 2048, 2049, 2048, 2048]","[2048, 2048, 2048, 2048, 2048]",226.0
1261,9974,43,26,2025-05-24T11:16:57.210000+00:00,19.032,34.531,19.448,218.0,202.0,False,73.011,"[None, 2048, 2048, 2048, 2049, 2048]","[2048, 2049, 2048, 2049, 2049, 2049, 2048, 2048, 2049, 2049]","[2049, 2049, 2048, 2048, 2049]",279.0
1261,9974,6,24,2025-05-24T11:17:07.580000+00:00,18.922,34.21,19.156,219.0,201.0,False,72.288,"[2048, 2048, 2048, 2048, 2048, 2048]","[2048, 2048, 2048, 2048, 2048, 2049, 2049, 2048, 2048, 2049]","[2049, 2049, 2048, 2049, 2049]",278.0
1261,9974,81,15,2025-05-24T11:17:14.423000+00:00,18.737,34.194,18.952,224.0,208.0,False,71.883,"[None, 2048, 2049, 2049, 2048, 2049]","[2048, 2048, 2048, 2048, 2049, 2049, 2049, 2048, 2048, 2049]","[2049, 2048, 2049, 2048, 2049]",279.0
1261,9974,10,14,2025-05-24T11:17:18.926000+00:00,18.929,34.251,19.27,221.0,195.0,False,72.45,"[2049, 2048, 2049, 2049, 2048, 2049]","[2049, 2048, 2049, 2051, 2048, 2049, 2048, 2049, 2049, 2048]","[2048, 2049, 2048, 2048, 2048]",278.0
1261,9974,55,18,2025-05-24T11:17:19.051000+00:00,32.316,51.184,30.949,97.0,156.0,False,114.449,"[2048, 2048, 2048, 2048, 2048, 2048]","[2048, 2048, 2048, 2048, 2048, 2048, 2048, 2048, 2048, 2048]","[2048, 2048, 2048, 2048, 2048]",203.0
1261,9974,44,20,2025-05-24T11:17:24.632000+00:00,18.599,33.789,19.128,224.0,208.0,False,71.516,"[None, 2048, 2048, 2049, 2048, 2051]","[2049, 2048, 2048, 2048, 2049, 2049, 2048, 2049, 2048, 2049]","[2049, 2048, 2049, 2048, 2048]",281.0
1261,9974,30,27,2025-05-24T11:17:26.191000+00:00,27.67,43.252,55.999,117.0,158.0,False,126.921,"[2048, 2048, 2048, 2048, 2048, 2048]","[2048, 2048, 2048, 2048, 2048, 2048, 2048, 2048, 2048, 2048]","[2048, 2048, 2048, 2064, 2064]",245.0
1261,9974,18,18,2025-05-24T11:17:30.464000+00:00,26.881,43.674,27.419,136.0,157.0,False,97.974,"[2048, 2048, 2048, 2048, 2048, 2048]","[2048, 2048, 2048, 2048, 2048, 2048, 2048, 2048, 2048, 2048]","[2048, 2048, 2048, 2048, 2048]",245.0
1261,9974,23,19,2025-05-24T11:17:31.151000+00:00,29.582,64.442,32.991,79.0,130.0,False,127.015,"[2048, 2048, 2048, 2048, 2048, 2048]","[2048, 2048, 2048, 2048, 2048, 2048, 2048, 2048, 2048, 2048]","[2048, 2048, 2048, 2048, 2048]",206.0
1261,9974,12,17,2025-05-24T11:17:32.745000+00:00,38.328,42.556,23.512,83.0,172.0,True,104.396,"[2064, 2048, 2048, 2048, 2048, 2048]","[2048, 2048, 2048, 2048, 2048, 2048, 2048, 2048, 2048, 2048]","[2048, 2048, 2048, 2048, 2048]",239.0
1261,9974,22,18,2025-05-24T11:17:36.198000+00:00,33.365,53.81,,76.0,124.0,False,348.108,"[None, 2048, 2048, 2048, 2048, 2048]","[2048, 2048, 2048, 2048, 2048, 2048, 2048, 2048, 2048, 2048]","[2048, 2048, 2048, 2064, 2064]",198.0
1261,9974,27,21,2025-05-24T11:17:42.089000+00:00,25.151,46.752,28.196,153.0,170.0,False,100.099,"[None, 2048, 2048, 2048, 2048, 2048]","[2048, 2048, 2048, 2048, 2048, 2048, 2048, 2048, 2048, 2048]","[2048, 2048, 2048, 2048, 2049]",182.0
1261,9974,1,17,2025-05-24T11:17:47.245000+00:00,28.149,48.591,38.695,132.0,129.0,False,115.435,"[None, 2048, 2048, 2048, 2048, 2048]","[2048, 2048, 2048, 2048, 2048, 2048, 2048, 2048, 2048, 2048]","[2048, 2048, 2048, 2064, 2064]",187.0
1261,9974,5,22,2025-05-24T11:17:50.823000+00:00,18.9,34.381,19.32,218.0,201.0,False,72.601,"[2049, 2049, 2049, 2048, 2048, 2049]","[2049, 2048, 2048, 2048, 2049, 2049, 2048, 2048, 2048, 2048]","[2048, 2048, 2049, 2049]",277.0
1261,9974,16,20,2025-05-24T11:17:57.214000+00:00,24.605,51.047,48.061,85.0,127.0,False,123.713,"[None, 2048, 2048, 2048, 2048, 2048]","[2048, 2048, 2048, 2048, 2048, 2048, 2048, 2049, 2048, 2048]","[2048, 2048, 2048, 2064, 2064]",207.0
1261,9974,14,16,2025-05-24T11:18:02.214000+00:00,18.845,34.322,19.402,220.0,196.0,False,72.569,"[2049, 2049, 2049, 2049, 2048, 2048]","[2048, 2048, 2049, 2049, 2048, 2049, 2049, 2048, 2048, 2048]","[2048, 2048, 2048, 2048, 2048]",280.0
1261,9974,87,14,2025-05-24T11:18:03.167000+00:00,33.529,53.348,23.17,98.0,138.0,False,110.047,"[2048, 2048, 2048, 2048, 2048, 2048]","[2048, 2048, 2048, 2048, 2048, 2048, 2048, 2048, 2048, 2048]","[2048, 2048, 2048, 2048, 2048]",170.0
1261,9974,4,17,2025-05-24T11:18:08.902000+00:00,18.596,33.776,19.118,222.0,206.0,False,71.49,"[2049, 2049, 2048, 2049, 2048, 2048]","[2051, 2049, 2049, 2048, 2048, 2048, 2048, 2048, 2048, 2048]","[2048, 2048, 2051, 2048, 2048]",278.0
1261,9974,43,27,2025-05-24T11:18:10.058000+00:00,31.018,56.393,29.722,126.0,112.0,False,117.133,"[None, 2048, 2048, 2048, 2048, 2048]","[2048, 2048, 2048, 2048, 2048, 2048, 2048, 2048, 2048, 2048]","[2048, 2048, 2048, 2048, 2048]",145.0
1261,9974,31,19,2025-05-24T11:18:15.605000+00:00,19.217,34.309,19.397,215.0,200.0,False,72.923,"[None, 2049, 2049, 2048, 2048, 2048]","[2048, 2049, 2049, 2049, 2049, 2049, 2049, 2048, 2049, 2049]","[2049, 2048, 2049, 2049, 2049]",281.0
1261,9974,6,25,2025-05-24T11:18:19.808000+00:00,29.127,49.356,29.502,133.0,130.0,False,107.985,"[None, 2048, 2048, 2048, 2048, 2048]","[2048, 2048, 2048, 2048, 2048, 2048, 2048, 2048, 2048, 2048]","[2048, 2048, 2048, 2048, 2048]",204.0
1261,9974,81,16,2025-05-24T11:18:26.214000+00:00,27.311,52.813,28.284,86.0,111.0,False,108.408,"[None, 2048, 2048, 2048, 2048, 2048]","[2048, 2048, 2048, 2048, 2048, 2048, 2048, 2048, 2048, 2048]","[2048, 2048, 2048, 2048, 2048]",176.0
1261,9974,10,15,2025-05-24T11:18:31.417000+00:00,34.456,58.952,22.722,98.0,142.0,False,116.13,"[2048, 2048, 2048, 2048, 2048, 2048]","[2048, 2048, 2048, 2048, 2048, 2048, 2048, 2048, 2048, 2048]","[2048, 2048, 2048, 2048, 2048]",167.0
1261,9974,63,17,2025-05-24T11:18:34.964000+00:00,18.783,34.166,19.117,221.0,203.0,False,72.066,"[2049, 2048, 2048, 2048, 2048, 2048]","[2049, 2048, 2048, 2048, 2049, 2048, 2048, 2048, 2051, 2048]","[2048, 2048, 2048, 2048, 2048]",280.0
1261,9974,44,21,2025-05-24T11:18:36.136000+00:00,36.884,65.113,35.085,80.0,101.0,False,137.082,"[None, 2048, 2048, 2048, 2048, 2048]","[2048, 2048, 2048, 2048, 2048, 2048, 2048, 2048, 2048, 2048]","[2048, 2048, 2048, 2048, 2048]",151.0
1261,9974,5,23,2025-05-24T11:19:03.146000+00:00,24.97,47.495,28.686,106.0,115.0,False,101.151,"[2048, 2048, 2048, 2048, 2048, 2048]","[2048, 2048, 2048, 2048, 2048, 2048, 2048, 2048, 2048, 2048]","[2048, 2048, 2048, 2048, 2048]",252.0
1261,9974,18,19,2025-05-24T11:19:08.428000+00:00,18.86,34.223,19.129,217.0,200.0,False,72.212,"[None, 2048, 2048, 2048, 2049, 2048]","[2049, 2048, 2049, 2049, 2049, 2048, 2048, 2048, 2048, 2048]","[2048, 2049, 2049, 2049]",278.0
1261,9974,55,19,2025-05-24T11:19:13.483000+00:00,32.599,53.952,29.461,156.0,183.0,False,116.012,"[None, 2048, 2048, 2048, 2048, 2048]","[2048, 2048, 2048, 2048, 2048, 2048, 2048, 2048, 2048, 2048]","[2048, 2048, 2048, 2048, 2048]",260.0
1261,9974,14,17,2025-05-24T11:19:14.869000+00:00,33.962,45.963,28.658,95.0,108.0,False,108.583,"[2048, 2048, 2048, 2048, 2048, 2048]","[2048, 2048, 2048, 2048, 2048, 2048, 2048, 2048, 2048, 2048]","[2048, 2048, 2048, 2048, 2048]",252.0
1261,9974,12,18,2025-05-24T11:19:16.615000+00:00,18.86,34.129,19.024,220.0,201.0,False,72.013,"[2048, 2048, 2049, 2049, 2048, 2049]","[2048, 2048, 2048, 2048, 2048, 2048, 2048, 2049, 2048, 2048]","[2048, 2049, 2049, 2049, 2051]",278.0
1261,9974,4,18,2025-05-24T11:19:20.357000+00:00,19.232,51.333,45.491,138.0,122.0,False,116.056,"[2048, 2049, 2048, 2048, 2048, 2048]","[2048, 2048, 2048, 2048, 2048, 2048, 2048, 2048, 2048, 2048]","[2048, 2048, 2048, 2064, 2064]",199.0
1261,9974,27,22,2025-05-24T11:19:22.073000+00:00,19.45,45.218,25.075,172.0,126.0,False,89.743,"[None, 2048, 2049, 2048, 2048, 2048]","[2048, 2048, 2048, 2048, 2048, 2048, 2048, 2048, 2048, 2048]","[2048, 2048, 2048, 2048, 2048]",185.0
1261,9974,31,20,2025-05-24T11:19:28.493000+00:00,31.899,49.322,35.018,70.0,153.0,False,116.239,"[None, 2048, 2048, 2048, 2048, 2048]","[2048, 2048, 2048, 2048, 2048, 2048, 2048, 2048, 2048, 2048]","[2048, 2048, 2048, 2048, 2048]",247.0
1261,9974,30,28,2025-05-24T11:19:34.429000+00:00,32.15,43.617,30.891,127.0,160.0,True,106.658,"[2064, 2048, 2048, 2048, 2048, 2048]","[2048, 2048, 2048, 2048, 2048, 2048, 2048, 2048, 2048, 2048]","[2048, 2048, 2048, 2048, 2048]",266.0
1261,9974,23,20,2025-05-24T11:19:38.242000+00:00,25.891,42.718,27.309,124.0,162.0,False,95.918,"[None, 2048, 2048, 2048, 2048, 2048]","[2048, 2048, 2048, 2048, 2048, 2048, 2048, 2048, 2048, 2048]","[2048, 2048, 2048, 2048, 2048]",258.0
1261,9974,1,18,2025-05-24T11:19:43.242000+00:00,29.385,48.602,37.147,122.0,129.0,True,115.134,"[2064, 2048, 2048, 2048, 2048, 2048]","[2048, 2048, 2048, 2048, 2048, 2048, 2048, 2048, 2048, 2048]","[2048, 2048, 2048, 2064, 2064]",187.0
1261,9974,63,18,2025-05-24T11:19:46.945000+00:00,31.147,54.935,41.952,125.0,124.0,False,128.034,"[2048, 2048, 2048, 2048, 2048, 2048]","[2048, 2048, 2048, 2048, 2048, 2048, 2048, 2048, 2048, 2048]","[2048, 2048, 2048, 2064, 2064]",162.0
1261,9974,87,15,2025-05-24T11:19:53.210000+00:00,18.957,40.582,57.737,220.0,114.0,False,117.276,"[2049, 2049, 2048, 2049, 2048, 2049]","[2048, 2048, 2049, 2049, 2048, 2049, 2049, 2048, 2048, 2048]","[2048, 2048, 2048, 2064, 2064]",281.0
1261,9974,16,21,2025-05-24T11:20:01.476000+00:00,31.666,50.003,26.184,63.0,141.0,True,107.853,"[2064, 2048, 2048, 2048, 2048, 2048]","[2048, 2048, 2048, 2048, 2048, 2048, 2048, 2048, 2048, 2048]","[2048, 2048, 2048, 2048, 2048]",235.0
1261,9974,43,28,2025-05-24T11:20:07.257000+00:00,27.287,49.062,31.026,111.0,134.0,False,107.375,"[None, 2048, 2048, 2048, 2048, 2048]","[2048, 2048, 2048, 2048, 2048, 2048, 2048, 2048, 2048, 2048]","[2048, 2048, 2048, 2048, 2048]",268.0
1261,9974,6,26,2025-05-24T11:20:07.820000+00:00,29.689,59.437,26.075,169.0,108.0,False,115.201,"[None, 2048, 2048, 2048, 2048, 2048]","[2048, 2048, 2048, 2048, 2048, 2048, 2048, 2048, 2048, 2048]","[2048, 2048, 2048, 2048, 2048]",230.0
1261,9974,81,17,2025-05-24T11:20:14.664000+00:00,18.716,33.77,18.919,219.0,209.0,False,71.405,"[2049, 2049, 2049, 2048, 2048, 2048]","[2049, 2049, 2049, 2051, 2048, 2048, 2048, 2049, 2049, 2049]","[2049, 2049, 2048, 2048, 2049]",278.0
1261,9974,18,20,2025-05-24T11:20:20.474000+00:00,35.108,54.758,22.675,97.0,153.0,False,112.541,"[None, 2048, 2048, 2048, 2048, 2048]","[2048, 2048, 2048, 2048, 2048, 2048, 2048, 2048, 2048, 2048]","[2048, 2048, 2048, 2048, 2048]",179.0
1261,9974,10,16,2025-05-24T11:20:27.521000+00:00,18.792,34.17,19.232,221.0,210.0,False,72.194,"[2049, 2049, 2049, 2048, 2049, 2049]","[2049, 2048, 2048, 2048, 2049, 2049, 2049, 2048, 2048, 2049]","[2049, 2048, 2048, 2048, 2049]",279.0
1261,9974,12,19,2025-05-24T11:20:28.459000+00:00,28.276,46.48,37.773,87.0,150.0,False,112.529,"[None, 2048, 2048, 2048, 2048, 2048]","[2048, 2048, 2048, 2048, 2048, 2048, 2048, 2048, 2048, 2048]","[2048, 2048, 2048, 2064, 2064]",190.0
1261,9974,5,24,2025-05-24T11:20:44.475000+00:00,24.167,42.16,27.838,161.0,157.0,False,94.165,"[None, 2048, 2048, 2048, 2048, 2048]","[2048, 2048, 2048, 2048, 2048, 2048, 2048, 2048, 2048, 2048]","[2048, 2048, 2048, 2048, 2048]",256.0
1261,9974,27,23,2025-05-24T11:20:51.928000+00:00,19.019,34.423,22.155,218.0,198.0,False,75.597,"[None, 2049, 2048, 2048, 2048, 2048]","[2048, 2048, 2048, 2048, 2049, 2048, 2048, 2048, 2049, 2048]","[2048, 2048, 2048, 2048, 2048]",277.0
1261,9974,44,22,2025-05-24T11:20:53.240000+00:00,29.104,46.793,25.561,68.0,182.0,False,101.458,"[None, 2048, 2048, 2048, 2048, 2048]","[2048, 2048, 2048, 2048, 2048, 2048, 2048, 2048, 2048, 2048]","[2048, 2048, 2048, 2048, 2048]",217.0
1261,9974,14,18,2025-05-24T11:21:03.475000+00:00,18.852,34.117,19.132,221.0,199.0,False,72.101,"[None, 2049, 2048, 2049, 2048, 2048]","[2049, 2048, 2048, 2048, 2049, 2048, 2048, 2048, 2048, 2048]","[2049, 2049, 2049, 2048, 2048]",278.0
1261,9974,55,20,2025-05-24T11:21:09.584000+00:00,18.758,34.209,19.158,223.0,197.0,False,72.125,"[None, 2049, 2049, 2048, 2049, 2049]","[2048, 2048, 2048, 2048, 2048, 2048, 2048, 2049, 2049, 2048]","[2048, 2048, 2048, 2048, 2048]",278.0
1261,9974,23,21,2025-05-24T11:21:14.084000+00:00,18.618,34.101,19.108,223.0,199.0,False,71.827,"[None, 2048, 2051, 2048, 2048, 2048]","[2049, 2048, 2048, 2049, 2048, 2049, 2048, 2048, 2048, 2048]","[2048, 2048, 2048, 2048, 2048]",281.0
1261,9974,4,19,2025-05-24T11:21:17.115000+00:00,27.482,43.618,23.543,88.0,170.0,True,94.643,"[2064, 2048, 2048, 2048, 2048, 2048]","[2048, 2048, 2048, 2048, 2048, 2048, 2048, 2048, 2048, 2048]","[2048, 2048, 2048, 2048, 2048]",253.0
1261,9974,30,29,2025-05-24T11:21:19.959000+00:00,18.821,33.944,19.049,221.0,205.0,False,71.814,"[2049, 2049, 2049, 2049, 2049, 2049]","[2049, 2048, 2048, 2048, 2049, 2049, 2048, 2049, 2049, 2048]","[2049, 2049, 2049, 2049, 2049]",280.0
1261,9974,31,21,2025-05-24T11:21:24.850000+00:00,19.077,34.235,19.233,217.0,200.0,False,72.545,"[None, 2049, 2049, 2048, 2048, 2049]","[2049, 2049, 2048, 2049, 2048, 2048, 2048, 2049, 2048, 2048]","[2049, 2048, 2049, 2049, 2049]",280.0
1261,9974,81,18,2025-05-24T11:21:26.006000+00:00,26.35,48.611,38.337,135.0,60.0,False,113.298,"[2048, 2048, 2048, 2048, 2048, 2048]","[2048, 2048, 2048, 2048, 2048, 2048, 2048, 2048, 2048, 2048]","[2048, 2048, 2048, 2064, 2064]",192.0
1261,9974,1,19,2025-05-24T11:21:38.412000+00:00,29.398,45.277,20.355,107.0,190.0,True,95.03,"[None, 2048, 2048, 2048, 2048, 2048]","[2048, 2048, 2048, 2048, 2048, 2048, 2048, 2048, 2048, 2048]","[2048, 2048, 2048, 2048, 2048]",249.0
1261,9974,10,17,2025-05-24T11:21:39.694000+00:00,34.4,49.723,27.516,84.0,152.0,False,111.639,"[2048, 2048, 2048, 2048, 2048, 2048]","[2048, 2048, 2048, 2048, 2048, 2048, 2048, 2049, 2048, 2048]","[2048, 2048, 2048, 2048, 2048]",163.0
1261,9974,16,22,2025-05-24T11:21:48.803000+00:00,18.561,33.722,18.896,222.0,210.0,False,71.179,"[2048, 2048, 2048, 2049, 2048, 2048]","[2049, 2048, 2048, 2048, 2048, 2048, 2048, 2048, 2048, 2048]","[2048, 2048, 2049, 2049, 2048]",280.0
1261,9974,87,16,2025-05-24T11:21:51.178000+00:00,31.475,45.963,25.939,65.0,174.0,True,103.377,"[2064, 2048, 2048, 2048, 2048, 2048]","[2048, 2048, 2048, 2048, 2048, 2048, 2048, 2048, 2048, 2048]","[2048, 2048, 2048, 2048, 2048]",239.0
1261,9974,43,29,2025-05-24T11:21:54.584000+00:00,18.931,34.577,19.343,219.0,201.0,False,72.851,"[None, 2048, 2048, 2049, 2049, 2048]","[2049, 2048, 2048, 2048, 2048, 2048, 2048, 2048, 2048, 2049]","[2048, 2048, 2049, 2049]",276.0
1261,9974,63,19,2025-05-24T11:21:55.647000+00:00,32.268,49.424,23.419,182.0,177.0,True,105.111,"[2064, 2048, 2048, 2048, 2048, 2048]","[2048, 2048, 2048, 2048, 2048, 2048, 2048, 2048, 2048, 2048]","[2048, 2048, 2048, 2048, 2048]",256.0
1261,9974,6,27,2025-05-24T11:22:03.038000+00:00,18.822,34.244,19.205,218.0,201.0,False,72.271,"[None, 2048, 2048, 2049, 2048, 2048]","[2048, 2048, 2049, 2048, 2048, 2048, 2048, 2048, 2048, 2049]","[2049, 2048, 2048, 2048, 2048]",277.0
1261,9974,27,24,2025-05-24T11:22:07.475000+00:00,29.552,47.403,24.545,105.0,130.0,False,101.5,"[None, 2048, 2048, 2048, 2048, 2048]","[2048, 2048, 2048, 2048, 2048, 2048, 2048, 2048, 2048, 2048]","[2048, 2048, 2048, 2048, 2048]",166.0
1261,9974,18,21,2025-05-24T11:22:13.168000+00:00,18.74,34.252,19.21,218.0,202.0,False,72.202,"[None, 2048, 2049, 2049, 2049, 2048]","[2048, 2049, 2048, 2051, 2048, 2048, 2049, 2048, 2048, 2049]","[2048, 2048, 2048, 2048, 2048]",279.0
1261,9974,14,19,2025-05-24T11:22:15.458000+00:00,27.425,50.502,26.28,158.0,121.0,False,104.207,"[None, 2048, 2048, 2048, 2048, 2048]","[2048, 2048, 2048, 2048, 2048, 2048, 2048, 2048, 2048, 2048]","[2048, 2048, 2048, 2048, 2048]",218.0
1261,9974,5,25,2025-05-24T11:22:18.635000+00:00,18.843,41.58,32.563,219.0,127.0,False,92.986,"[None, 2049, 2049, 2049, 2049, 2048]","[2048, 2048, 2048, 2048, 2048, 2049, 2048, 2048, 2048, 2048]","[2048, 2048, 2048, 2048, 2048]",279.0
1261,9974,55,21,2025-05-24T11:22:21.645000+00:00,29.608,54.083,27.124,100.0,144.0,False,110.815,"[None, 2048, 2048, 2048, 2048, 2048]","[2048, 2048, 2048, 2048, 2048, 2048, 2048, 2048, 2048, 2048]","[2048, 2048, 2048, 2048, 2048]",194.0
1261,9974,12,20,2025-05-24T11:22:21.788000+00:00,33.384,51.482,25.155,103.0,160.0,True,110.021,"[2064, 2048, 2048, 2048, 2048, 2048]","[2048, 2048, 2048, 2048, 2048, 2048, 2048, 2048, 2048, 2048]","[2048, 2048, 2048, 2048, 2048]",189.0
1261,9974,23,22,2025-05-24T11:22:25.835000+00:00,27.414,59.115,24.855,79.0,112.0,False,111.384,"[None, 2048, 2048, 2048, 2048, 2048]","[2048, 2048, 2048, 2048, 2048, 2048, 2048, 2048, 2048, 2048]","[2048, 2048, 2048, 2048, 2048]",154.0
1261,9974,30,30,2025-05-24T11:22:31.679000+00:00,26.636,54.674,50.398,124.0,128.0,False,131.708,"[2048, 2048, 2048, 2048, 2048, 2048]","[2048, 2048, 2048, 2048, 2048, 2048, 2048, 2048, 2048, 2048]","[2048, 2048, 2048, 2064, 2064]",171.0
1261,9974,44,23,2025-05-24T11:22:34.710000+00:00,21.299,44.1,25.279,131.0,169.0,False,90.678,"[None, 2049, 2048, 2048, 2048, 2048]","[2048, 2048, 2048, 2048, 2048, 2048, 2048, 2048, 2048, 2048]","[2048, 2048, 2048, 2048, 2048]",229.0
1261,9974,31,22,2025-05-24T11:22:37.241000+00:00,33.035,48.07,24.648,55.0,172.0,False,105.753,"[None, 2048, 2048, 2048, 2048, 2048]","[2048, 2048, 2048, 2048, 2048, 2048, 2048, 2048, 2048, 2048]","[2048, 2048, 2048, 2048, 2048]",253.0
1261,9974,4,20,2025-05-24T11:22:51.033000+00:00,18.607,33.657,18.983,222.0,208.0,False,71.247,"[2048, 2048, 2048, 2049, 2051, 2048]","[2051, 2051, 2049, 2049, 2048, 2048, 2048, 2048, 2048, 2049]","[2048, 2048, 2051, 2048, 2048]",276.0
1261,9974,16,23,2025-05-24T11:22:59.971000+00:00,24.013,55.297,32.661,128.0,96.0,False,111.971,"[None, 2048, 2048, 2048, 2048, 2048]","[2048, 2048, 2048, 2048, 2048, 2048, 2048, 2048, 2048, 2048]","[2048, 2048, 2048, 2048, 2048]",142.0
1261,9974,43,30,2025-05-24T11:23:07.382000+00:00,32.593,52.625,54.626,138.0,105.0,False,139.844,"[None, 2048, 2048, 2048, 2048, 2048]","[2048, 2048, 2048, 2048, 2048, 2048, 2048, 2048, 2048, 2048]","[2048, 2048, 2048, 2064, 2064]",163.0
1261,9974,1,20,2025-05-24T11:23:12.929000+00:00,23.747,40.139,21.643,165.0,152.0,False,85.529,"[2048, 2048, 2048, 2048, 2048, 2048]","[2048, 2048, 2048, 2048, 2048, 2048, 2048, 2048, 2048, 2048]","[2048, 2048, 2048, 2048, 2048]",257.0
1261,9974,6,28,2025-05-24T11:23:15.179000+00:00,28.433,53.802,57.364,112.0,129.0,False,139.599,"[None, 2048, 2048, 2048, 2048, 2048]","[2048, 2048, 2048, 2048, 2048, 2048, 2048, 2048, 2048, 2048]","[2048, 2048, 2048, 2064, 2064]",217.0
1261,9974,81,19,2025-05-24T11:23:19.944000+00:00,42.215,58.349,33.209,94.0,123.0,True,133.773,"[2064, 2048, 2048, 2048, 2048, 2048]","[2048, 2048, 2048, 2048, 2048, 2048, 2048, 2048, 2048, 2048]","[2048, 2048, 2048, 2048, 2048]",204.0
1261,9974,22,19,2025-05-24T11:23:24.913000+00:00,35.257,50.834,29.545,116.0,149.0,True,115.636,"[2064, 2048, 2048, 2048, 2048, 2048]","[2048, 2048, 2048, 2048, 2048, 2048, 2048, 2048, 2048, 2048]","[2048, 2048, 2048, 2048, 2048]",243.0
1261,9974,18,22,2025-05-24T11:23:25.335000+00:00,34.006,56.142,27.183,103.0,118.0,False,117.331,"[None, 2048, 2048, 2048, 2048, 2048]","[2048, 2048, 2048, 2048, 2048, 2048, 2048, 2048, 2048, 2048]","[2048, 2048, 2048, 2048, 2048]",207.0
1261,9974,10,18,2025-05-24T11:23:31.304000+00:00,28.59,49.582,27.339,117.0,162.0,False,105.511,"[None, 2048, 2048, 2048, 2048, 2048]","[2048, 2048, 2048, 2048, 2048, 2048, 2048, 2048, 2048, 2048]","[2048, 2048, 2048, 2048, 2048]",223.0
1261,9974,87,17,2025-05-24T11:23:33.841000+00:00,18.893,34.266,19.092,219.0,204.0,False,72.251,"[2049, 2049, 2048, 2049, 2048, 2049]","[2048, 2048, 2049, 2048, 2048, 2048, 2048, 2049, 2049, 2049]","[2049, 2049, 2049, 2049]",279.0
1261,9974,63,20,2025-05-24T11:23:40.144000+00:00,18.781,34.341,46.391,217.0,178.0,False,99.513,"[2049, 2048, 2051, 2049, 2048, 2048]","[2048, 2048, 2049, 2049, 2048, 2048, 2048, 2048, 2048, 2048]","[2048, 2048, 2048, 2064, 2064]",280.0
1261,9974,27,25,2025-05-24T11:23:49.035000+00:00,19.032,39.1,,217.0,164.0,False,,"[None, 2049, 2048, 2048, 2048, 2048]","[2048, 2048, 2048, 2048, 2048, 2048, 2048, 2048, 2048, 2048]",[2048],199.0
1261,9974,5,26,2025-05-24T11:23:51.582000+00:00,23.872,49.92,22.538,150.0,169.0,False,96.33,"[None, 2048, 2048, 2048, 2048, 2048]","[2048, 2048, 2048, 2048, 2048, 2048, 2048, 2048, 2048, 2048]","[2048, 2048, 2048, 2048, 2048]",179.0
1261,9974,14,20,2025-05-24T11:23:59.676000+00:00,18.85,34.217,28.277,220.0,200.0,False,81.344,"[None, 2048, 2048, 2049, 2048, 2048]","[2048, 2048, 2048, 2048, 2048, 2049, 2048, 2048, 2048, 2049]","[2048, 2048, 2048, 2048, 2048]",280.0
1261,9974,4,21,2025-05-24T11:24:02.207000+00:00,18.579,52.742,32.571,220.0,155.0,False,103.892,"[2049, 2048, 2049, 2048, 2049, 2048]","[2048, 2048, 2048, 2048, 2048, 2048, 2048, 2048, 2048, 2048]","[2048, 2048, 2048, 2048, 2048]",212.0
1261,9974,44,24,2025-05-24T11:24:05.426000+00:00,18.494,44.811,32.712,222.0,120.0,False,96.017,"[2049, 2048, 2049, 2049, 2048, 2048]","[2048, 2048, 2048, 2048, 2048, 2048, 2048, 2048, 2048, 2048]","[2048, 2048, 2048, 2048, 2048]",149.0
1261,9974,12,21,2025-05-24T11:24:11.104000+00:00,18.818,34.088,19.239,220.0,201.0,False,72.145,"[2048, 2049, 2049, 2049, 2048, 2048]","[2048, 2048, 2049, 2048, 2048, 2049, 2048, 2048, 2048, 2048]","[2048, 2048, 2048, 2048, 2048]",280.0
1261,9974,55,22,2025-05-24T11:24:12.494000+00:00,29.391,53.603,23.5,84.0,183.0,False,106.494,"[None, 2048, 2048, 2048, 2048, 2048]","[2048, 2048, 2048, 2048, 2048, 2048, 2048, 2048, 2048, 2048]","[2048, 2048, 2048, 2048, 2048]",259.0
1261,9974,23,23,2025-05-24T11:24:17.366000+00:00,23.098,47.146,23.569,95.0,175.0,False,93.813,"[None, 2048, 2048, 2048, 2048, 2048]","[2048, 2048, 2048, 2048, 2048, 2048, 2048, 2048, 2048, 2048]","[2048, 2048, 2048, 2048, 2048]",218.0
1261,9974,31,23,2025-05-24T11:24:23.017000+00:00,19.002,34.258,19.239,214.0,206.0,False,72.499,"[2049, 2049, 2049, 2048, 2048, 2048]","[2049, 2048, 2049, 2048, 2049, 2048, 2048, 2048, 2048, 2049]","[2049, 2049, 2048, 2048]",280.0
1261,9974,1,21,2025-05-24T11:24:38.363000+00:00,18.519,33.833,19.0,223.0,205.0,False,71.352,"[None, 2049, 2048, 2048, 2048, 2048]","[2049, 2048, 2048, 2048, 2048, 2048, 2048, 2048, 2048, 2048]","[2048, 2048, 2048, 2051, 2048]",280.0
1261,9974,30,31,2025-05-24T11:24:44.082000+00:00,26.805,43.568,23.391,90.0,160.0,True,93.764,"[2064, 2048, 2048, 2048, 2048, 2048]","[2048, 2048, 2048, 2048, 2048, 2048, 2048, 2048, 2048, 2048]","[2048, 2048, 2048, 2048, 2048]",230.0
1261,9974,87,18,2025-05-24T11:24:46.020000+00:00,34.626,57.294,25.403,91.0,176.0,False,117.323,"[2048, 2048, 2048, 2048, 2048, 2048]","[2048, 2048, 2048, 2048, 2048, 2048, 2048, 2049, 2048, 2048]","[2048, 2048, 2048, 2048, 2048]",166.0
1261,9974,16,24,2025-05-24T11:24:51.942000+00:00,18.396,33.66,18.897,222.0,211.0,False,70.953,"[2051, 2049, 2049, 2049, 2051, 2048]","[2048, 2048, 2049, 2048, 2048, 2048, 2049, 2048, 2048, 2051]","[2048, 2048, 2048, 2049]",280.0
1261,9974,10,19,2025-05-24T11:25:16.935000+00:00,18.858,34.313,19.338,218.0,204.0,False,72.509,"[None, 2048, 2048, 2049, 2049, 2048]","[2048, 2048, 2049, 2048, 2048, 2048, 2048, 2048, 2049, 2048]","[2048, 2048, 2048, 2048, 2048]",274.0
1261,9974,22,20,2025-05-24T11:25:19.904000+00:00,21.832,45.019,22.976,131.0,184.0,False,89.827,"[2048, 2048, 2048, 2048, 2048, 2048]","[2048, 2048, 2048, 2048, 2048, 2048, 2048, 2048, 2048, 2048]","[2048, 2048, 2048, 2048, 2048]",263.0
1261,9974,14,21,2025-05-24T11:25:21.060000+00:00,37.602,66.334,35.572,104.0,99.0,False,139.508,"[None, 2048, 2048, 2048, 2048, 2048]","[2048, 2048, 2048, 2048, 2048, 2048, 2048, 2048, 2048, 2048]","[2048, 2048, 2048, 2048, 2048]",233.0
1261,9974,63,21,2025-05-24T11:25:21.529000+00:00,44.802,52.327,27.56,115.0,163.0,True,124.689,"[2064, 2048, 2048, 2048, 2048, 2048]","[2048, 2048, 2048, 2048, 2048, 2048, 2048, 2048, 2048, 2048]","[2048, 2048, 2048, 2048, 2048]",213.0
1261,9974,18,23,2025-05-24T11:25:22.701000+00:00,18.883,34.25,19.191,217.0,203.0,False,72.324,"[None, 2049, 2049, 2049, 2048, 2048]","[2049, 2048, 2048, 2048, 2048, 2048, 2048, 2049, 2051, 2049]","[2048, 2049, 2048, 2048, 2048]",278.0
1261,9974,12,22,2025-05-24T11:25:23.217000+00:00,28.843,47.673,37.61,102.0,130.0,False,114.126,"[None, 2048, 2048, 2048, 2048, 2048]","[2048, 2048, 2048, 2048, 2048, 2048, 2048, 2048, 2048, 2048]","[2048, 2048, 2048, 2064, 2064]",185.0
1261,9974,5,27,2025-05-24T11:25:27.935000+00:00,18.879,34.347,19.381,219.0,201.0,False,72.607,"[None, 2049, 2049, 2048, 2048, 2048]","[2048, 2048, 2048, 2048, 2048, 2048, 2048, 2048, 2049, 2048]","[2048, 2048, 2048, 2048, 2049]",277.0
1261,9974,43,31,2025-05-24T11:25:28.060000+00:00,33.914,48.624,25.888,162.0,124.0,True,108.426,"[2064, 2048, 2048, 2048, 2048, 2048]","[2048, 2048, 2048, 2048, 2048, 2048, 2048, 2048, 2048, 2048]","[2048, 2048, 2048, 2048, 2048]",220.0
1261,9974,81,20,2025-05-24T11:25:33.217000+00:00,18.683,33.792,18.923,220.0,208.0,False,71.398,"[2048, 2049, 2049, 2048, 2049, 2048]","[2048, 2049, 2048, 2048, 2049, 2049, 2049, 2048, 2048, 2049]","[2048, 2048, 2048, 2049]",280.0
1261,9974,6,29,2025-05-24T11:25:35.514000+00:00,36.689,48.748,36.474,115.0,129.0,True,121.911,"[2064, 2048, 2048, 2048, 2048, 2048]","[2048, 2048, 2048, 2048, 2048, 2048, 2048, 2048, 2048, 2048]","[2048, 2048, 2048, 2048, 2048]",247.0
1261,9974,31,24,2025-05-24T11:25:35.514000+00:00,32.13,50.4,29.761,71.0,148.0,False,112.291,"[2048, 2048, 2048, 2048, 2048, 2048]","[2048, 2048, 2048, 2048, 2048, 2048, 2048, 2048, 2048, 2048]","[2048, 2048, 2048, 2048, 2048]",178.0
1261,9974,44,25,2025-05-24T11:25:41.373000+00:00,35.774,44.432,31.057,74.0,179.0,False,111.263,"[2048, 2048, 2048, 2048, 2048, 2048]","[2048, 2048, 2048, 2048, 2048, 2048, 2048, 2048, 2048, 2048]","[2048, 2048, 2048, 2048, 2048]",243.0
1261,9974,4,22,2025-05-24T11:25:46.279000+00:00,18.909,41.693,23.444,214.0,151.0,False,84.046,"[2048, 2048, 2048, 2048, 2048, 2048]","[2048, 2048, 2048, 2048, 2048, 2048, 2048, 2048, 2048, 2048]","[2048, 2048, 2048, 2048, 2048]",140.0
1261,9974,1,22,2025-05-24T11:25:49.748000+00:00,28.808,56.18,30.668,85.0,110.0,False,115.656,"[None, 2048, 2048, 2048, 2048, 2048]","[2048, 2048, 2048, 2048, 2048, 2048, 2048, 2048, 2048, 2048]","[2048, 2048, 2048, 2048, 2048]",172.0
1261,9974,23,24,2025-05-24T11:25:51.061000+00:00,18.847,37.382,,218.0,173.0,False,,"[None, 2048, 2051, 2048, 2048, 2048]","[2048, 2048, 2048, 2048, 2048, 2048, 2048, 2048, 2048, 2048]",[2048],254.0
1261,9974,55,23,2025-05-24T11:25:58.982000+00:00,19.571,54.213,30.514,138.0,148.0,False,104.298,"[2049, 2048, 2049, 2048, 2048, 2048]","[2048, 2048, 2048, 2048, 2048, 2048, 2048, 2048, 2048, 2048]","[2048, 2048, 2048, 2048, 2048]",245.0
1261,9974,16,25,2025-05-24T11:26:02.770000+00:00,30.367,59.472,,52.0,113.0,False,,"[2048, 2048, 2048, 2048, 2048, 2048]","[2048, 2048, 2048, 2048, 2048, 2048, 2048, 2048, 2048, 2048]",[2048],160.0
1261,9974,30,32,2025-05-24T11:26:17.276000+00:00,18.791,36.677,27.481,222.0,123.0,False,82.949,"[2048, 2048, 2048, 2049, 2049, 2049]","[2049, 2048, 2049, 2048, 2048, 2048, 2048, 2048, 2048, 2048]","[2048, 2048, 2048, 2048, 2048]",279.0
1261,9974,10,20,2025-05-24T11:26:29.391000+00:00,27.64,44.168,,167.0,141.0,False,,"[None, 2048, 2048, 2048, 2048, 2048]","[2048, 2048, 2048, 2048, 2048, 2048, 2048, 2048, 2048, 2048]",[2048],161.0
1261,9974,18,24,2025-05-24T11:26:34.960000+00:00,36.413,,,81.0,,False,,"[None, 2048, 2048, 2048, 2048, 2048]","[2048, 2048, 2048, 2048, 2048, 2048, 2048, 2048, 2048, 2048]",[2048],151.0
1261,9974,5,28,2025-05-24T11:26:40.604000+00:00,35.971,,,123.0,,False,,"[None, 2048, 2048, 2048, 2048, 2048]","[2048, 2048, 2048, 2048, 2048, 2048, 2048, 2048, 2048, 2048]",[2048],222.0
1261,9974,87,19,2025-05-24T11:26:43.526000+00:00,18.807,34.381,19.082,221.0,205.0,False,72.27,"[2049, 2048, 2048, 2049, 2049, 2049]","[2048, 2048, 2048, 2048, 2048, 2048, 2048, 2048, 2049, 2049]","[2049, 2049, 2049, 2048, 2048]",280.0
1261,9974,81,21,2025-05-24T11:26:44.416000+00:00,27.66,,,90.0,,False,,"[None, 2048, 2048, 2048, 2048, 2048]","[2048, 2048, 2048, 2048, 2048, 2048, 2048, 2048, 2048, 2048]",[2048],231.0
1261,9974,22,21,2025-05-24T11:26:49.760000+00:00,21.6,38.87,,186.0,185.0,False,,"[None, 2048, 2048, 2048, 2048, 2048]","[2048, 2048, 2048, 2048, 2048, 2048, 2048, 2048, 2048, 2048]",[2048],246.0
1261,9974,4,23,2025-05-24T11:27:10.354000+00:00,18.557,33.985,,222.0,208.0,False,,"[None, 2048, 2048, 2048, 2049, 2048]","[2048, 2048, 2048, 2048, 2048, 2048, 2048, 2048, 2048, 2049]",[2048],276.0
1261,9974,43,32,2025-05-24T11:27:15.745000+00:00,19.083,,,218.0,,False,,"[2048, 2048, 2048, 2048, 2049, 2048]","[2048, 2048, 2049, 2049, 2048, 2048, 2048, 2048, 2048, 2048]",[2048],277.0
1261,9974,12,23,2025-05-24T11:27:18.042000+00:00,36.122,,,120.0,,True,,"[2064, 2048, 2048, 2048, 2048, 2048]","[0, 0, 0, 0, 0, 0, 0, 0, 0, 0]","[0, 0, 0, 0, 0]",
1261,9974,63,22,2025-05-24T11:27:24.323000+00:00,18.664,,,222.0,,False,,"[2048, 2051, 2048, 2048, 2048, 2049]","[2048, 2048, 2049, 2049, 2048, 2048, 2048, 2048, 2048, 2048]",[2048],
1261,9974,31,25,2025-05-24T11:27:27.823000+00:00,25.042,,,101.0,,False,,"[None, 2048, 2048, 2048, 2048, 2048]","[2048, 2048, 2048, 2048, 2048, 2048, 2048, 2048, 2048, 2048]",[2048],
1261,9974,44,26,2025-05-24T11:27:32.792000+00:00,,,,,,False,,"[None, 0, 0, 0, 0, 0]",,,
1261,9974,6,30,2025-05-24T11:27:36.917000+00:00,22.081,,,116.0,,False,,"[2048, 2048, 2048, 2048, 2048, 2048]","[2048, 2048, 2048, 2048, 2048, 2048, 2048, 2048, 2048, 2048]",[2048],
1261,9974,30,33,2025-05-24T11:27:40.214000+00:00,,,,,,False,,"[None, 2048, 2048, 2048, 2048, 2048]","[2048, 2048, 2048, 2048, 2048, 2048, 2048, 2048, 2048, 2048]",[2048],
1261,9974,14,22,2025-05-24T11:27:40.620000+00:00,,,,,,False,,"[None, 2048, 2048, 2048, 2048, 2048]","[2048, 2048, 2048, 2048, 2048, 2048, 2048, 2048, 2048, 2048]",[2048],
1261,9974,55,24,2025-05-24T11:27:43.323000+00:00,,,,,,False,,"[2048, 2048, 2049, 2048, 2048, 2048]","[2048, 2048, 2048, 2048, 2048, 2048, 2048, 2048, 2048, 2048]",[2048],
1261,9974,1,23,2025-05-24T11:27:45.448000+00:00,,,,,,False,,"[None, 2048, 2048, 2048, 2048, 2048]","[2048, 2048, 2048, 2048, 2048, 2048, 2048, 2048, 2048, 2048]",[2048],
1261,9974,87,20,2025-05-24T11:27:55.729000+00:00,,,,,,False,,"[2048, 2048, 2048, 2048, 2048, 2048]","[2048, 2048, 2048, 2048, 2048, 2048, 2048, 2048, 2048, 2048]",[2048],
