meeting_key,session_key,driver_number,lap_number,date_start,duration_sector_1,duration_sector_2,duration_sector_3,i1_speed,i2_speed,is_pit_out_lap,lap_duration,segments_sector_1,segments_sector_2,segments_sector_3,st_speed
1256,9999,87,1,,,53.758,25.931,237.0,198,True,,"[2064, 2064, 2049, 2049, 2049, 2049, 2049, 2049, 2049]","[2049, 2049, 2049, 2049, 2049, 2049, 2049, 2049, 2049, 2049, 2049]","[2049, 2049, 2049, 2064, 2064, 2064]",224
1256,9999,81,1,2025-04-04T02:30:06.679000+00:00,,49.273,20.636,258.0,282,True,,"[2064, 2064, 2049, 2049, 2051, 2049, 2049, 2049, 2049]","[2051, 2051, 2049, 2049, 2049, 2049, 2051, 2049, 2049, 2051, 2051]","[2051, 2051, 2051, 2051, 2051, 2051]",258
1256,9999,16,1,2025-04-04T02:30:12.754000+00:00,,51.555,20.788,253.0,199,True,,"[2064, 2064, 2049, 2049, 2049, 2049, 2049, 2049, 2049]","[2049, 2049, 2049, 2051, 2049, 2049, 2049, 2049, 2049, 2049, 2049]","[2049, 2051, 2051, 2051, 2051, 2051]",251
1256,9999,44,1,2025-04-04T02:30:24.005000+00:00,,52.423,21.406,244.0,267,True,,"[2064, 2064, 2049, 2049, 2049, 2049, 2049, 2049, 2049]","[2049, 2049, 2049, 2049, 2049, 2049, 2049, 2049, 2049, 2049, 2049]","[2049, 2049, 2049, 2049, 2049, 2049]",215
1256,9999,6,1,2025-04-04T02:30:28.961000+00:00,,51.141,26.737,249.0,240,True,,"[2064, 2064, 2049, 2049, 2049, 2049, 2049, 2049, 2049]","[2049, 2049, 2049, 2049, 2049, 2049, 2049, 2049, 2049, 2049, 2049]","[2049, 2049, 2049, 2049, 2049, 2049]",237
1256,9999,30,1,2025-04-04T02:30:34.779000+00:00,,49.797,30.381,213.0,269,True,,"[2064, 2064, 2049, 2049, 2049, 2049, 2049, 2049, 2049]","[2049, 2049, 2049, 2049, 2049, 2049, 2049, 2049, 2049, 2049, 2049]","[2049, 2049, 2049, 2049, 2049, 2049]",268
1256,9999,1,1,2025-04-04T02:30:43.207000+00:00,,60.664,23.599,243.0,236,True,,"[2064, 2064, 2049, 2049, 2049, 2049, 2049, 2049, 2049]","[2049, 2049, 2049, 2049, 2049, 2049, 2049, 2049, 2049, 2049, 2049]","[2049, 2049, 2049, 2049, 2049, 2049]",224
1256,9999,55,1,2025-04-04T02:30:46.132000+00:00,,50.357,24.626,268.0,277,True,,"[2064, 2064, 2049, 2049, 2049, 2049, 2049, 2049, 2049]","[2049, 2049, 2049, 2049, 2049, 2049, 2049, 2051, 2049, 2049, 2049]","[2049, 2049, 2049, 2049, 2049, 2049]",270
1256,9999,22,1,2025-04-04T02:31:00.024000+00:00,,51.024,21.182,203.0,278,True,,"[2064, 2064, 2049, 2049, 2049, 2049, 2049, 2049, 2049]","[2049, 2049, 2049, 2049, 2049, 2049, 2049, 2049, 2051, 2051, 2049]","[2049, 2049, 2049, 2051, 2051, 2051]",279
1256,9999,23,1,2025-04-04T02:31:09.952000+00:00,,48.495,23.364,269.0,281,True,,"[2064, 2064, 2049, 2049, 2049, 2049, 2049, 2049, 2049]","[2049, 2049, 2049, 2049, 2049, 2049, 2049, 2049, 2049, 2049, 2049]","[2051, 2049, 2049, 2049, 2049, 2049]",280
1256,9999,27,1,2025-04-04T02:31:12.557000+00:00,,49.395,25.314,247.0,278,True,,"[2064, 2064, 2049, 2049, 2049, 2049, 2049, 2049, 2049]","[2049, 2049, 2049, 2049, 2049, 2049, 2049, 2049, 2049, 2049, 2049]","[2049, 2049, 2049, 2064, 2064, 2064]",278
1256,9999,5,1,2025-04-04T02:31:18.707000+00:00,,49.611,21.879,239.0,275,True,,"[2064, 2064, 2049, 2049, 2049, 2049, 2049, 2049, 2049]","[2049, 2049, 2049, 2049, 2049, 2049, 2049, 2049, 2049, 2049, 2049]","[2049, 2049, 2049, 2049, 2049, 2049]",266
1256,9999,31,1,2025-04-04T02:31:22.725000+00:00,,53.951,27.979,225.0,275,True,,"[2064, 2064, 2049, 2049, 2049, 2049, 2049, 2049, 2049]","[2049, 2049, 2049, 2049, 2049, 2049, 2049, 2049, 2049, 2049, 2049]","[2049, 2049, 2049, 2049, 2049, 2049]",179
1256,9999,62,1,2025-04-04T02:31:31.957000+00:00,,54.934,25.465,212.0,269,True,,"[2064, 2064, 2049, 2049, 2049, 2049, 2049, 2049, 2049]","[2049, 2049, 2049, 2049, 2049, 2049, 2049, 2049, 2049, 2049, 2049]","[2049, 2049, 2049, 2049, 2049, 2049]",226
1256,9999,14,1,2025-04-04T02:31:37.308000+00:00,,50.249,22.032,256.0,282,True,,"[2064, 2064, 2049, 2049, 2049, 2049, 2049, 2049, 2049]","[2049, 2049, 2049, 2049, 2049, 2049, 2049, 2049, 2049, 2049, 2049]","[2049, 2049, 2049, 2049, 2049]",238
1256,9999,12,1,2025-04-04T02:31:38.124000+00:00,,55.171,19.749,226.0,284,True,,"[2064, 2064, 2049, 2049, 2049, 2049, 2049, 2049, 2049]","[2049, 2049, 2049, 2049, 2049, 2049, 2049, 2049, 2049, 2049, 2049]","[2049, 2049, 2049, 2049, 2049, 2049]",265
1256,9999,81,2,2025-04-04T02:31:59.553000+00:00,32.502,42.186,17.927,274.0,302,False,92.615,"[2049, 2049, 2049, 2049, 2049, 2049, 2049, 2049, 2049]","[2049, 2049, 2049, 2049, 2049, 2049, 2049, 2049, 2049, 2049, 2049]","[2049, 2051, 2051, 2049, 2049, 2048]",302
1256,9999,16,2,2025-04-04T02:32:10.644000+00:00,32.688,42.161,17.922,275.0,303,False,92.771,"[2049, 2049, 2049, 2049, 2049, 2049, 2049, 2049, 2049]","[2049, 2049, 2049, 2049, 2051, 2051, 2051, 2049, 2049, 2051, 2051]","[2051, 2049, 2051, 2048, 2048]",303
1256,9999,18,1,2025-04-04T02:32:12.350000+00:00,,52.256,24.642,251.0,163,True,,"[2064, 2064, 2049, 2049, 2049, 2049, 2049, 2049, 2049]","[2049, 2049, 2049, 2049, 2049, 2049, 2049, 2049, 2049, 2049, 2049]","[2049, 2049, 2049, 2049, 2049, 2049]",235
1256,9999,44,2,2025-04-04T02:32:25.105000+00:00,32.214,41.545,18.143,275.0,303,False,91.902,"[2049, 2049, 2049, 2049, 2049, 2049, 2049, 2049, 2049]","[2049, 2049, 2051, 2049, 2049, 2049, 2049, 2051, 2049, 2049, 2049]","[2049, 2051, 2049, 2049, 2048, 2049]",301
1256,9999,6,2,2025-04-04T02:32:30.981000+00:00,33.794,42.867,18.25,271.0,301,False,94.911,"[2049, 2049, 2049, 2049, 2049, 2049, 2049, 2049, 2049]","[2049, 2049, 2049, 2049, 2049, 2049, 2049, 2049, 2049, 2049, 2049]","[2049, 2049, 2049, 2049, 2049]",301
1256,9999,30,2,2025-04-04T02:32:37.922000+00:00,33.319,42.613,18.299,272.0,300,False,94.231,"[2049, 2049, 2049, 2049, 2049, 2049, 2049, 2049, 2049]","[2049, 2049, 2049, 2049, 2049, 2049, 2049, 2049, 2049, 2049, 2049]","[2049, 2049, 2049, 2049, 2049, 2049]",301
1256,9999,55,2,2025-04-04T02:32:45.513000+00:00,32.463,41.5,18.15,275.0,305,False,92.113,"[2051, 2049, 2049, 2049, 2049, 2049, 2049, 2049, 2049]","[2049, 2051, 2049, 2049, 2049, 2049, 2051, 2049, 2049, 2049, 2051]","[2051, 2049, 2049, 2049, 2049, 2051]",305
1256,9999,4,1,2025-04-04T02:32:46.539000+00:00,,46.226,20.231,256.0,286,True,,"[2064, 2064, 2049, 2049, 2049, 2049, 2049, 2049, 2049]","[2049, 2049, 2049, 2049, 2049, 2049, 2049, 2049, 2049, 2049, 2049]","[2049, 2049, 2049, 2049, 2049, 2049]",266
1256,9999,63,1,2025-04-04T02:32:50.365000+00:00,,43.978,18.67,274.0,278,True,,"[2064, 2064, 2049, 2049, 2049, 2049, 2049, 2049, 2049]","[2049, 2049, 2049, 2049, 2049, 2049, 2049, 2049, 2049, 2049, 2049]","[2049, 2049, 2049, 2051, 2051, 2051]",285
1256,9999,1,2,2025-04-04T02:32:53.895000+00:00,31.57,41.266,17.902,276.0,303,False,90.738,"[2049, 2049, 2051, 2051, 2051, 2051, 2051, 2051, 2049]","[2051, 2049, 2049, 2051, 2049, 2049, 2049, 2049, 2051, 2049, 2049]","[2049, 2051, 2051, 2048, 2049, 2048]",304
1256,9999,22,2,2025-04-04T02:33:01.314000+00:00,32.506,42.081,17.984,276.0,303,False,92.571,"[2049, 2051, 2049, 2049, 2049, 2049, 2049, 2049, 2049]","[2049, 2049, 2049, 2049, 2049, 2049, 2049, 2049, 2049, 2051, 2049]","[2049, 2049, 2049, 2048, 2048]",303
1256,9999,23,2,2025-04-04T02:33:06.020000+00:00,32.936,42.407,18.008,275.0,302,False,93.351,"[2049, 2049, 2049, 2049, 2049, 2049, 2049, 2049, 2049]","[2049, 2049, 2049, 2049, 2049, 2049, 2049, 2049, 2049, 2049, 2049]","[2049, 2049, 2049, 2049, 2051, 2049]",301
1256,9999,5,2,2025-04-04T02:33:13.837000+00:00,33.809,42.637,18.269,270.0,301,False,94.715,"[2049, 2049, 2049, 2049, 2049, 2049, 2049, 2049, 2049]","[2049, 2049, 2049, 2049, 2049, 2049, 2049, 2049, 2049, 2049, 2049]","[2049, 2049, 2049, 2049, 2049]",297
1256,9999,14,2,2025-04-04T02:33:29.230000+00:00,32.239,42.091,17.987,277.0,302,False,92.317,"[2049, 2049, 2049, 2049, 2049, 2049, 2049, 2049, 2049]","[2049, 2049, 2049, 2049, 2049, 2049, 2049, 2049, 2049, 2049, 2049]","[2049, 2049, 2051, 2049, 2049]",301
1256,9999,81,3,2025-04-04T02:33:32.258000+00:00,56.193,64.436,20.857,92.0,208,False,141.486,"[2048, 2048, 2048, 2048, 2048, 2048, 2048, 2048, 2048]","[2048, 2048, 2048, 2048, 2048, 2048, 2048, 2048, 2048, 2048, 2048]","[2048, 2048, 2048, 2048, 2048, 2049]",241
1256,9999,31,2,2025-04-04T02:33:36.073000+00:00,34.062,43.22,18.465,271.0,297,False,95.747,"[2049, 2049, 2049, 2049, 2049, 2049, 2049, 2049, 2049]","[2049, 2049, 2049, 2049, 2049, 2049, 2049, 2049, 2049, 2049, 2049]","[2049, 2049, 2049, 2048, 2049]",295
1256,9999,62,2,2025-04-04T02:33:41.812000+00:00,32.887,42.21,18.308,273.0,302,False,93.405,"[2049, 2049, 2049, 2049, 2049, 2049, 2049, 2049, 2049]","[2049, 2049, 2049, 2049, 2049, 2049, 2049, 2049, 2049, 2049, 2049]","[2049, 2049, 2049, 2049, 2049]",299
1256,9999,16,3,2025-04-04T02:33:43.226000+00:00,56.096,65.275,27.85,161.0,271,False,149.221,"[2048, 2048, 2048, 2048, 2048, 2048, 2048, 2048, 2048]","[2048, 2048, 2048, 2048, 2048, 2048, 2048, 2048, 2048, 2048, 2048]","[2048, 2048, 2048, 2049, 2049]",281
1256,9999,12,2,2025-04-04T02:33:53.989000+00:00,33.864,42.476,17.892,276.0,306,False,94.232,"[2049, 2049, 2049, 2049, 2049, 2049, 2049, 2049, 2049]","[2049, 2049, 2049, 2049, 2049, 2049, 2049, 2049, 2049, 2049, 2051]","[2049, 2049, 2049, 2051, 2049, 2051]",300
1256,9999,44,3,2025-04-04T02:33:57.013000+00:00,63.384,73.006,24.099,88.0,195,False,160.489,"[2048, 2048, 2048, 2048, 2048, 2048, 2048, 2048, 2048]","[2048, 2048, 2048, 2048, 2048, 2048, 2048, 2048, 2048, 2048, 2048]","[2048, 2048, 2048, 2049, 2049, 2049]",176
1256,9999,6,3,2025-04-04T02:34:05.819000+00:00,32.545,41.715,17.832,275.0,303,False,92.092,"[None, 2049, 2049, 2049, 2049, 2049, 2049, 2049, 2049]","[2049, 2049, 2049, 2049, 2049, 2049, 2049, 2049, 2049, 2049, 2049]","[2049, 2049, 2051, 2049, 2051]",301
1256,9999,18,2,2025-04-04T02:34:10.521000+00:00,33.071,42.752,18.561,277.0,303,False,94.384,"[2049, 2049, 2049, 2049, 2049, 2049, 2049, 2049, 2049]","[2049, 2049, 2049, 2049, 2049, 2049, 2049, 2049, 2049, 2049, 2049]","[2049, 2049, 2049, 2049, 2049]",302
1256,9999,10,1,2025-04-04T02:34:11.079000+00:00,,47.499,22.994,256.0,230,True,,"[2064, 2064, 2049, 2049, 2049, 2049, 2049, 2049, 2049]","[2049, 2049, 2049, 2049, 2049, 2049, 2049, 2049, 2049, 2049, 2049]","[2049, 2049, 2049, 2049, 2049, 2049]",222
1256,9999,30,3,2025-04-04T02:34:12.082000+00:00,46.867,64.402,19.729,118.0,251,False,130.998,"[2048, 2048, 2048, 2048, 2048, 2048, 2048, 2048, 2048]","[2048, 2048, 2048, 2048, 2048, 2048, 2048, 2048, 2048, 2048, 2048]","[2048, 2048, 2048, 2049, 2049, 2049]",266
1256,9999,55,3,2025-04-04T02:34:17.648000+00:00,50.479,70.428,26.273,195.0,273,False,147.18,"[2048, 2048, 2048, 2048, 2048, 2048, 2048, 2048, 2048]","[2048, 2048, 2048, 2048, 2048, 2048, 2048, 2048, 2048, 2048, 2048]","[2048, 2048, 2048, 2049, 2049, 2051]",271
1256,9999,1,3,2025-04-04T02:34:24.560000+00:00,67.148,80.79,30.984,137.0,215,False,178.922,"[2048, 2048, 2048, 2048, 2048, 2048, 2048, 2048, 2048]","[2048, 2048, 2048, 2048, 2048, 2048, 2048, 2048, 2048, 2048, 2048]","[2048, 2048, 2048, 2049, 2048, 2049]",207
1256,9999,63,2,2025-04-04T02:34:29.705000+00:00,31.655,41.229,21.038,281.0,309,False,93.922,"[2051, 2051, 2049, 2049, 2051, 2049, 2049, 2049, 2051]","[2049, 2051, 2049, 2049, 2049, 2051, 2049, 2049, 2049, 2051, 2051]","[2051, 2049, 2048, 2064, 2064, 2064]",297
1256,9999,22,3,2025-04-04T02:34:34.290000+00:00,62.856,82.773,34.016,131.0,154,False,179.645,"[2048, 2048, 2048, 2048, 2048, 2048, 2048, 2048, 2048]","[2048, 2048, 2048, 2048, 2048, 2048, 2048, 2048, 2048, 2048, 2048]","[2048, 2048, 2048, 2048, 2049]",257
1256,9999,23,3,2025-04-04T02:34:39.268000+00:00,50.937,58.438,23.742,219.0,284,False,133.117,"[2048, 2048, 2048, 2048, 2048, 2048, 2048, 2048, 2048]","[2048, 2048, 2048, 2048, 2048, 2048, 2048, 2048, 2048, 2048, 2048]","[2048, 2048, 2048, 2048, 2048, 2049]",214
1256,9999,5,3,2025-04-04T02:34:48.469000+00:00,49.376,67.06,23.181,152.0,270,False,139.617,"[None, 2048, 2048, 2048, 2048, 2048, 2048, 2048, 2048]","[2048, 2048, 2048, 2048, 2048, 2048, 2048, 2048, 2048, 2048, 2048]","[2048, 2048, 2048, 2049, 2048, 2049]",204
1256,9999,4,2,2025-04-04T02:34:56.276000+00:00,32.108,41.484,17.791,277.0,303,False,91.383,"[2049, 2049, 2049, 2049, 2049, 2049, 2049, 2049, 2049]","[2049, 2049, 2049, 2049, 2049, 2049, 2049, 2049, 2051, 2049, 2049]","[2049, 2049, 2051, 2049, 2049]",302
1256,9999,14,3,2025-04-04T02:35:01.475000+00:00,47.642,57.992,29.456,197.0,233,False,135.09,"[2048, 2048, 2048, 2048, 2048, 2048, 2048, 2048, 2048]","[2048, 2048, 2048, 2048, 2048, 2048, 2048, 2048, 2048, 2048, 2048]","[2048, 2048, 2048, 2049, 2049, 2049]",169
1256,9999,31,3,2025-04-04T02:35:11.760000+00:00,52.022,64.975,23.323,158.0,261,False,140.32,"[2048, 2048, 2048, 2048, 2048, 2048, 2048, 2048, 2048]","[2048, 2048, 2048, 2048, 2048, 2048, 2048, 2048, 2048, 2048, 2048]","[2048, 2048, 2048, 2048, 2048, 2048]",256
1256,9999,62,3,2025-04-04T02:35:15.102000+00:00,38.53,59.856,33.986,220.0,190,False,132.372,"[None, 2049, 2049, 2048, 2048, 2048, 2048, 2048, 2048]","[2048, 2048, 2048, 2048, 2048, 2048, 2048, 2048, 2048, 2048, 2048]","[2048, 2048, 2048, 2048, 2048, 2049]",127
1256,9999,12,3,2025-04-04T02:35:28.175000+00:00,48.856,72.029,21.643,137.0,210,False,142.528,"[2048, 2048, 2048, 2048, 2048, 2048, 2048, 2048, 2048]","[2048, 2048, 2048, 2048, 2048, 2048, 2048, 2048, 2048, 2048, 2048]","[2048, 2048, 2048, 2048, 2048, 2048]",215
1256,9999,6,4,2025-04-04T02:35:37.946000+00:00,56.245,64.673,21.569,184.0,250,False,142.487,"[2048, 2048, 2048, 2048, 2048, 2048, 2048, 2048, 2048]","[2048, 2048, 2048, 2048, 2048, 2048, 2048, 2048, 2048, 2048, 2048]","[2048, 2048, 2048, 2048, 2048, 2049]",186
1256,9999,18,3,2025-04-04T02:35:44.749000+00:00,52.944,66.245,22.909,173.0,284,False,142.098,"[2048, 2048, 2048, 2048, 2048, 2048, 2048, 2048, 2048]","[2048, 2048, 2048, 2048, 2048, 2048, 2048, 2048, 2048, 2048, 2048]","[2048, 2048, 2048, 2048, 2048, 2049]",230
1256,9999,81,4,2025-04-04T02:35:53.629000+00:00,31.79,41.451,18.32,278.0,302,False,91.561,"[2049, 2049, 2049, 2051, 2049, 2049, 2049, 2049, 2049]","[2049, 2049, 2049, 2049, 2049, 2049, 2049, 2049, 2049, 2049, 2049]","[2048, 2048, 2048, 2049, 2049, 2049]",301
1256,9999,10,2,2025-04-04T02:35:58.986000+00:00,32.106,41.77,17.937,276.0,304,False,91.813,"[2049, 2051, 2049, 2049, 2049, 2049, 2049, 2049, 2049]","[2049, 2049, 2049, 2049, 2049, 2049, 2049, 2049, 2049, 2049, 2049]","[2049, 2049, 2049, 2048, 2049, 2049]",304
1256,9999,16,4,2025-04-04T02:36:12.491000+00:00,31.861,41.205,17.703,278.0,303,False,90.769,"[2049, 2049, 2049, 2049, 2049, 2049, 2049, 2049, 2049]","[2049, 2049, 2049, 2049, 2048, 2048, 2051, 2049, 2049, 2049, 2048]","[2048, 2048, 2051, 2051, 2051, 2048]",302
1256,9999,30,4,2025-04-04T02:36:23.075000+00:00,32.503,41.744,17.897,269.0,304,False,92.144,"[2049, 2049, 2049, 2049, 2049, 2049, 2049, 2048, 2048]","[2049, 2049, 2049, 2049, 2049, 2049, 2049, 2049, 2049, 2049, 2049]","[2049, 2051, 2049, 2048, 2049, 2048]",304
1256,9999,4,3,2025-04-04T02:36:27.541000+00:00,50.225,69.745,23.513,163.0,129,False,143.483,"[2048, 2048, 2048, 2048, 2048, 2048, 2048, 2048, 2048]","[2048, 2048, 2048, 2048, 2048, 2048, 2048, 2048, 2048, 2048, 2048]","[2048, 2048, 2048, 2048, 2048, 2048]",241
1256,9999,63,3,2025-04-04T02:36:29.401000+00:00,81.107,70.136,25.287,129.0,156,True,176.53,"[2064, 2064, 2048, 2048, 2048, 2048, 2048, 2048, 2048]","[2048, 2048, 2048, 2048, 2048, 2048, 2048, 2048, 2048, 2048, 2048]","[2048, 2048, 2048, 2049, 2049, 2051]",210
1256,9999,44,4,2025-04-04T02:36:37.597000+00:00,31.779,41.266,17.849,277.0,302,False,90.894,"[2049, 2049, 2049, 2049, 2049, 2049, 2048, 2048, 2049]","[2049, 2049, 2049, 2049, 2048, 2048, 2049, 2051, 2049, 2049, 2049]","[2049, 2048, 2049, 2049, 2049, 2049]",302
1256,9999,55,4,2025-04-04T02:36:44.783000+00:00,31.849,41.168,17.813,278.0,306,False,90.83,"[2049, 2049, 2049, 2049, 2049, 2049, 2049, 2049, 2049]","[2049, 2049, 2049, 2049, 2048, 2049, 2048, 2049, 2049, 2048, 2049]","[2051, 2049, 2049, 2048, 2049, 2051]",305
1256,9999,23,4,2025-04-04T02:36:52.526000+00:00,31.788,41.376,17.722,280.0,304,False,90.886,"[2049, 2049, 2049, 2049, 2051, 2049, 2049, 2049, 2049]","[2049, 2049, 2049, 2049, 2049, 2049, 2049, 2049, 2049, 2049, 2049]","[2049, 2049, 2049, 2049, 2049, 2048]",305
1256,9999,5,4,2025-04-04T02:37:08.289000+00:00,32.442,41.968,18.134,274.0,300,False,92.544,"[None, 2049, 2049, 2049, 2049, 2049, 2049, 2049, 2049]","[2049, 2049, 2049, 2049, 2049, 2049, 2049, 2049, 2049, 2048, 2048]","[2049, 2048, 2049, 2049, 2049]",299
1256,9999,14,4,2025-04-04T02:37:16.610000+00:00,31.412,41.698,17.637,278.0,302,False,90.747,"[2049, 2049, 2049, 2049, 2049, 2049, 2049, 2049, 2049]","[2049, 2049, 2051, 2048, 2049, 2049, 2049, 2049, 2049, 2049, 2049]","[2049, 2049, 2051, 2049, 2049, 2049]",303
1256,9999,1,4,2025-04-04T02:37:23.540000+00:00,31.066,40.904,17.72,280.0,305,False,89.69,"[2049, 2049, 2051, 2051, 2048, 2051, 2051, 2051, 2049]","[2051, 2049, 2049, 2048, 2049, 2048, 2051, 2051, 2051, 2049, 2049]","[2049, 2049, 2049, 2049, 2049]",305
1256,9999,81,5,2025-04-04T02:37:25.199000+00:00,49.817,63.279,23.177,174.0,160,False,136.273,"[2048, 2048, 2048, 2048, 2048, 2048, 2048, 2048, 2048]","[2048, 2048, 2048, 2048, 2048, 2048, 2048, 2048, 2048, 2048, 2048]","[2048, 2048, 2048, 2049, 2049, 2049]",229
1256,9999,62,4,2025-04-04T02:37:27.535000+00:00,32.148,41.52,17.997,273.0,304,False,91.665,"[None, 2049, 2049, 2049, 2049, 2049, 2049, 2049, 2049]","[2049, 2051, 2049, 2048, 2049, 2049, 2049, 2049, 2049, 2049, 2049]","[2049, 2049, 2049, 2049, 2049]",305
1256,9999,10,3,2025-04-04T02:37:30.669000+00:00,56.087,65.305,23.547,151.0,172,False,144.939,"[2048, 2048, 2048, 2048, 2048, 2048, 2048, 2048, 2048]","[2048, 2048, 2048, 2048, 2048, 2048, 2048, 2048, 2048, 2048, 2048]","[2048, 2048, 2048, 2049, 2048, 2049]",252
1256,9999,31,4,2025-04-04T02:37:32.136000+00:00,32.643,42.088,18.111,272.0,299,False,92.842,"[2049, 2049, 2049, 2049, 2049, 2049, 2049, 2049, 2049]","[2049, 2049, 2049, 2049, 2049, 2049, 2049, 2049, 2049, 2049, 2049]","[2049, 2049, 2049, 2049, 2049]",299
1256,9999,22,4,2025-04-04T02:37:34.049000+00:00,48.806,61.34,23.245,104.0,273,False,133.391,"[2049, 2048, 2048, 2048, 2048, 2048, 2048, 2048, 2048]","[2048, 2048, 2048, 2048, 2048, 2048, 2048, 2048, 2048, 2048, 2048]","[2048, 2048, 2048, 2048, 2049, 2048]",258
1256,9999,16,5,2025-04-04T02:37:43.339000+00:00,55.688,73.697,20.917,97.0,222,False,150.302,"[2048, 2048, 2048, 2048, 2048, 2048, 2048, 2048, 2048]","[2048, 2048, 2048, 2048, 2048, 2048, 2048, 2048, 2048, 2048, 2048]","[2048, 2048, 2048, 2048, 2048, 2048]",243
1256,9999,12,4,2025-04-04T02:37:50.779000+00:00,32.583,41.614,17.667,277.0,306,False,91.864,"[2049, 2049, 2049, 2049, 2049, 2049, 2049, 2049, 2049]","[2049, 2049, 2049, 2049, 2051, 2051, 2049, 2049, 2049, 2049, 2049]","[2049, 2049, 2049, 2049, 2049]",303
1256,9999,30,5,2025-04-04T02:37:55.188000+00:00,47.295,47.229,23.193,248.0,279,False,117.717,"[2048, 2048, 2048, 2048, 2048, 2048, 2048, 2048, 2048]","[2048, 2048, 2048, 2048, 2048, 2048, 2048, 2048, 2048, 2048, 2048]","[2048, 2048, 2048, 2064, 2064, 2064]",274
1256,9999,6,5,2025-04-04T02:38:00.538000+00:00,31.98,41.323,17.733,277.0,303,False,91.036,"[2049, 2049, 2049, 2049, 2049, 2049, 2049, 2049, 2049]","[2049, 2049, 2049, 2048, 2049, 2049, 2049, 2049, 2049, 2049, 2048]","[2048, 2049, 2049, 2049, 2049, 2048]",301
1256,9999,18,4,2025-04-04T02:38:07.010000+00:00,32.079,42.031,18.124,278.0,302,False,92.234,"[2049, 2049, 2049, 2049, 2049, 2049, 2049, 2049, 2049]","[2049, 2049, 2048, 2049, 2049, 2049, 2049, 2049, 2049, 2049, 2048]","[2048, 2049, 2049, 2049, 2049, 2049]",303
1256,9999,44,5,2025-04-04T02:38:08.460000+00:00,83.817,94.896,23.736,92.0,272,False,202.449,"[2048, 2048, 2048, 2048, 2048, 2048, 2048, 2048, 2048]","[2048, 2048, 2048, 2048, 2048, 2048, 2048, 2048, 2048, 2048, 2048]","[2048, 2048, 2048, 2049, 2048, 2048]",144
1256,9999,55,5,2025-04-04T02:38:15.633000+00:00,56.724,63.928,24.563,164.0,254,False,145.215,"[2048, 2048, 2048, 2048, 2048, 2048, 2048, 2048, 2048]","[2048, 2048, 2048, 2048, 2048, 2048, 2048, 2048, 2048, 2048, 2048]","[2048, 2048, 2048, 2049, 2049, 2051]",253
1256,9999,23,5,2025-04-04T02:38:23.418000+00:00,52.068,69.389,24.861,176.0,240,False,146.318,"[2048, 2048, 2048, 2048, 2048, 2048, 2048, 2048, 2048]","[2048, 2048, 2048, 2048, 2048, 2048, 2048, 2048, 2048, 2048, 2048]","[2048, 2048, 2048, 2064, 2064, 2064]",239
1256,9999,5,5,2025-04-04T02:38:40.672000+00:00,51.935,69.563,22.2,164.0,247,False,143.698,"[2048, 2048, 2048, 2048, 2048, 2048, 2048, 2048, 2048]","[2048, 2048, 2048, 2048, 2048, 2048, 2048, 2048, 2048, 2048, 2048]","[2048, 2048, 2048, 2048, 2048]",219
1256,9999,14,5,2025-04-04T02:38:47.316000+00:00,53.533,63.897,29.205,218.0,225,False,146.635,"[2048, 2048, 2048, 2048, 2048, 2048, 2048, 2048, 2048]","[2048, 2048, 2048, 2048, 2048, 2048, 2048, 2048, 2048, 2048, 2048]","[2048, 2048, 2048, 2048, 2048, 2048]",137
1256,9999,4,4,2025-04-04T02:38:51.211000+00:00,31.416,41.034,17.783,277.0,300,False,90.233,"[2049, 2049, 2049, 2049, 2049, 2049, 2049, 2049, 2048]","[2049, 2049, 2049, 2049, 2049, 2049, 2049, 2051, 2048, 2048, 2048]","[2048, 2049, 2048, 2049, 2049, 2048]",301
1256,9999,1,5,2025-04-04T02:38:53.072000+00:00,53.131,66.143,30.255,136.0,159,False,149.529,"[2048, 2048, 2048, 2048, 2048, 2048, 2048, 2048, 2048]","[2048, 2048, 2048, 2048, 2048, 2048, 2048, 2048, 2048, 2048, 2048]","[2048, 2048, 2048, 2064, 2064, 2064]",182
1256,9999,62,5,2025-04-04T02:38:59.067000+00:00,48.364,81.455,26.898,132.0,113,False,156.717,"[2048, 2048, 2048, 2048, 2048, 2048, 2048, 2048, 2048]","[2048, 2048, 2048, 2048, 2048, 2048, 2048, 2048, 2048, 2048, 2048]","[2048, 2048, 2048, 2048, 2048, 2048]",208
1256,9999,63,4,2025-04-04T02:39:00.066000+00:00,31.231,40.755,17.72,278.0,306,False,89.706,"[2051, 2051, 2049, 2049, 2051, 2051, 2049, 2049, 2048]","[2049, 2049, 2049, 2049, 2051, 2049, 2049, 2049, 2049, 2048, 2048]","[2048, 2049, 2049, 2051, 2049, 2051]",303
1256,9999,31,5,2025-04-04T02:39:04.793000+00:00,55.693,71.167,30.835,128.0,182,False,157.695,"[2048, 2048, 2048, 2048, 2048, 2048, 2048, 2048, 2048]","[2048, 2048, 2048, 2048, 2048, 2048, 2048, 2048, 2048, 2048, 2048]","[2048, 2048, 2048, 2048, 2048, 2048]",142
1256,9999,12,5,2025-04-04T02:39:22.593000+00:00,52.18,72.075,28.38,149.0,241,False,152.635,"[2048, 2048, 2048, 2048, 2048, 2048, 2048, 2048, 2048]","[2048, 2048, 2048, 2048, 2048, 2048, 2048, 2048, 2048, 2048, 2048]","[2048, 2048, 2048, 2048, 2048, 2048]",211
1256,9999,6,6,2025-04-04T02:39:31.475000+00:00,56.802,59.327,20.982,162.0,266,False,137.111,"[2048, 2048, 2048, 2048, 2048, 2048, 2048, 2048, 2048]","[2048, 2048, 2048, 2048, 2048, 2048, 2048, 2048, 2048, 2048, 2048]","[2048, 2048, 2048, 2048, 2048, 2049]",276
1256,9999,18,5,2025-04-04T02:39:39.162000+00:00,59.179,68.194,22.36,171.0,282,False,149.733,"[2048, 2048, 2048, 2048, 2048, 2048, 2048, 2048, 2048]","[2048, 2048, 2048, 2048, 2048, 2048, 2048, 2048, 2048, 2048, 2048]","[2048, 2048, 2048, 2048, 2048, 2048]",247
1256,9999,81,6,2025-04-04T02:39:41.583000+00:00,31.491,41.483,17.808,277.0,303,False,90.782,"[2049, 2049, 2049, 2051, 2049, 2049, 2049, 2048, 2049]","[2049, 2051, 2051, 2048, 2049, 2049, 2049, 2049, 2049, 2049, 2049]","[2048, 2049, 2049, 2048, 2049]",301
1256,9999,22,5,2025-04-04T02:39:46.986000+00:00,31.663,41.421,17.635,279.0,302,False,90.719,"[2048, 2049, 2049, 2049, 2049, 2049, 2049, 2049, 2049]","[2049, 2049, 2049, 2051, 2049, 2049, 2049, 2049, 2048, 2048, 2048]","[2048, 2049, 2049, 2051, 2049, 2048]",302
1256,9999,10,4,2025-04-04T02:39:55.736000+00:00,31.704,41.562,17.823,275.0,306,False,91.089,"[2049, 2048, 2049, 2049, 2049, 2049, 2049, 2049, 2049]","[2049, 2049, 2048, 2048, 2049, 2049, 2049, 2049, 2049, 2049, 2049]","[2049, 2049, 2049, 2049, 2049, 2048]",305
1256,9999,16,6,2025-04-04T02:40:13.579000+00:00,31.644,41.094,17.823,278.0,302,False,90.561,"[None, 2048, 2049, 2049, 2049, 2049, 2049, 2049, 2048]","[2049, 2049, 2048, 2048, 2048, 2049, 2051, 2051, 2048, 2048, 2048]","[2048, 2049, 2048, 2048, 2048, 2048]",302
1256,9999,27,2,2025-04-04T02:40:14.147000+00:00,,45.874,25.329,254.0,279,True,531.248,"[None, 2064, 2049, 2049, 2049, 2049, 2049, 2049, 2049]","[2049, 2049, 2049, 2049, 2049, 2049, 2049, 2049, 2049, 2049, 2049]","[2049, 2048, 2048, 2049, 2049, 2049]",281
1256,9999,4,5,2025-04-04T02:40:21.279000+00:00,54.356,77.913,28.627,163.0,126,False,160.896,"[2048, 2048, 2048, 2048, 2048, 2048, 2048, 2048, 2048]","[2048, 2048, 2048, 2048, 2048, 2048, 2048, 2048, 2048, 2048, 2048]","[2048, 2048, 2048, 2048, 2048, 2048]",133
1256,9999,30,6,2025-04-04T02:40:25.045000+00:00,75.73,53.808,20.075,221.0,267,True,149.613,"[2064, 2064, 2048, 2048, 2048, 2048, 2048, 2048, 2048]","[2048, 2048, 2048, 2048, 2048, 2048, 2048, 2048, 2048, 2048, 2048]","[2048, 2048, 2048, 2049, 2048, 2049]",260
1256,9999,63,5,2025-04-04T02:40:29.706000+00:00,63.816,73.695,22.042,124.0,259,False,159.553,"[2048, 2048, 2048, 2048, 2048, 2048, 2048, 2048, 2048]","[2048, 2048, 2048, 2048, 2048, 2048, 2048, 2048, 2048, 2048, 2048]","[2048, 2048, 2048, 2048, 2048, 2051]",190
1256,9999,55,6,2025-04-04T02:40:40.915000+00:00,31.61,40.91,17.766,280.0,307,False,90.286,"[None, 2048, 2049, 2049, 2049, 2048, 2049, 2049, 2049]","[2049, 2049, 2049, 2048, 2049, 2049, 2049, 2049, 2049, 2049, 2049]","[2048, 2048, 2049, 2049, 2049]",304
1256,9999,5,6,2025-04-04T02:41:04.822000+00:00,32.017,41.548,18.029,277.0,300,False,91.594,"[None, 2048, 2049, 2049, 2049, 2049, 2049, 2049, 2049]","[2049, 2049, 2049, 2049, 2049, 2049, 2049, 2049, 2049, 2049, 2048]","[2048, 2048, 2049, 2049, 2051]",301
1256,9999,81,7,2025-04-04T02:41:12.140000+00:00,41.433,55.064,25.558,226.0,235,False,122.055,"[2048, 2048, 2048, 2048, 2048, 2048, 2048, 2048, 2048]","[2048, 2048, 2048, 2048, 2048, 2048, 2048, 2048, 2048, 2048, 2048]","[2048, 2048, 2048, 2064, 2064, 2064]",191
1256,9999,14,6,2025-04-04T02:41:14.078000+00:00,31.21,41.342,17.696,279.0,303,False,90.248,"[None, 2048, 2049, 2049, 2049, 2051, 2049, 2049, 2049]","[2049, 2048, 2048, 2048, 2048, 2049, 2048, 2049, 2049, 2049, 2048]","[2049, 2049, 2048, 2049, 2048, 2048]",303
1256,9999,22,6,2025-04-04T02:41:17.562000+00:00,61.372,71.702,30.175,111.0,161,False,163.249,"[None, 2048, 2048, 2048, 2048, 2048, 2048, 2048, 2048]","[2048, 2048, 2048, 2048, 2048, 2048, 2048, 2048, 2048, 2048, 2048]","[2048, 2048, 2048, 2048, 2048, 2048]",135
1256,9999,10,5,2025-04-04T02:41:26.814000+00:00,51.207,61.479,21.846,199.0,269,False,134.532,"[2048, 2048, 2048, 2048, 2048, 2048, 2048, 2048, 2048]","[2048, 2048, 2048, 2048, 2048, 2048, 2048, 2048, 2048, 2048, 2048]","[2048, 2048, 2048, 2049, 2048, 2049]",259
1256,9999,44,6,2025-04-04T02:41:30.816000+00:00,31.434,40.944,17.893,278.0,301,False,90.271,"[None, 2048, 2049, 2049, 2049, 2049, 2049, 2049, 2049]","[2049, 2049, 2051, 2048, 2049, 2048, 2049, 2048, 2049, 2048, 2048]","[2049, 2048, 2048, 2048, 2048, 2048]",301
1256,9999,23,6,2025-04-04T02:41:31.926000+00:00,90.208,51.552,18.763,121.0,289,True,160.523,"[2064, 2064, 2048, 2048, 2048, 2048, 2048, 2048, 2048]","[2048, 2048, 2048, 2048, 2048, 2048, 2048, 2048, 2048, 2048, 2048]","[2048, 2048, 2048, 2049, 2048, 2049]",294
1256,9999,62,6,2025-04-04T02:41:35.947000+00:00,35.269,59.453,23.768,244.0,251,False,118.49,"[None, 2048, 2048, 2049, 2048, 2048, 2048, 2048, 2048]","[2048, 2048, 2048, 2048, 2048, 2048, 2048, 2048, 2048, 2048, 2048]","[2048, 2048, 2048, 2049, 2048, 2049]",275
1256,9999,31,6,2025-04-04T02:41:42.613000+00:00,32.21,41.759,18.027,273.0,297,False,91.996,"[2049, 2048, 2049, 2049, 2049, 2049, 2049, 2048, 2049]","[2049, 2049, 2049, 2049, 2048, 2049, 2048, 2049, 2049, 2048, 2048]","[2048, 2048, 2049, 2049, 2049]",297
1256,9999,16,7,2025-04-04T02:41:44.162000+00:00,52.521,68.574,20.404,145.0,264,False,141.499,"[None, 2048, 2048, 2048, 2048, 2048, 2048, 2048, 2048]","[2048, 2048, 2048, 2048, 2048, 2048, 2048, 2048, 2048, 2048, 2048]","[2048, 2048, 2048, 2048, 2048, 2049]",240
1256,9999,6,7,2025-04-04T02:41:48.686000+00:00,31.514,41.064,17.771,280.0,303,False,90.349,"[2049, 2049, 2049, 2049, 2049, 2049, 2049, 2049, 2049]","[2049, 2049, 2049, 2049, 2048, 2049, 2049, 2049, 2049, 2049, 2049]","[2049, 2051, 2048, 2048, 2048, 2048]",302
1256,9999,12,6,2025-04-04T02:41:55.306000+00:00,32.169,41.049,17.597,278.0,306,False,90.815,"[None, 2049, 2048, 2049, 2049, 2048, 2049, 2049, 2049]","[2049, 2049, 2049, 2049, 2048, 2048, 2049, 2049, 2049, 2049, 2048]","[2049, 2049, 2049, 2048, 2049, 2048]",305
1256,9999,27,3,2025-04-04T02:42:02.794000+00:00,32.613,42.085,18.169,274.0,299,False,92.867,"[2049, 2049, 2049, 2049, 2049, 2049, 2049, 2049, 2049]","[2049, 2049, 2049, 2049, 2049, 2049, 2049, 2049, 2049, 2049, 2049]","[2049, 2049, 2049, 2049, 2049]",299
1256,9999,18,6,2025-04-04T02:42:09.030000+00:00,31.603,41.717,18.059,278.0,303,False,91.379,"[2049, 2048, 2049, 2049, 2049, 2049, 2049, 2049, 2049]","[2049, 2049, 2049, 2048, 2048, 2048, 2049, 2049, 2049, 2049, 2049]","[2049, 2049, 2049, 2049, 2049, 2049]",303
1256,9999,55,7,2025-04-04T02:42:11.033000+00:00,45.098,51.062,24.482,204.0,262,False,120.642,"[None, 2048, 2048, 2048, 2048, 2048, 2048, 2048, 2048]","[2048, 2048, 2048, 2048, 2048, 2048, 2048, 2048, 2048, 2048, 2048]","[2048, 2048, 2048, 2064, 2064, 2064]",237
1256,9999,87,2,2025-04-04T02:42:16.274000+00:00,,49.858,21.606,247.0,280,True,733.376,"[None, 2064, 2049, 2049, 2049, 2049, 2048, 2048, 2049]","[2049, 2049, 2048, 2049, 2049, 2049, 2049, 2049, 2049, 2049, 2049]","[2049, 2049, 2049, 2049, 2049, 2049]",247
1256,9999,30,7,2025-04-04T02:42:22.542000+00:00,31.872,41.364,17.827,279.0,304,False,91.063,"[2048, 2048, 2049, 2049, 2049, 2048, 2049, 2049, 2049]","[2049, 2049, 2049, 2048, 2049, 2049, 2051, 2049, 2048, 2049, 2049]","[2048, 2048, 2049, 2049, 2049, 2048]",304
1256,9999,5,7,2025-04-04T02:42:35.938000+00:00,43.827,50.478,21.993,247.0,274,False,116.298,"[None, 2048, 2048, 2048, 2048, 2048, 2048, 2048, 2048]","[2048, 2048, 2048, 2048, 2048, 2048, 2048, 2048, 2048, 2048, 2048]","[2048, 2048, 2048, 2064, 2064, 2064]",276
1256,9999,14,7,2025-04-04T02:42:44.205000+00:00,43.394,54.66,28.778,231.0,282,False,126.832,"[None, 2048, 2048, 2048, 2048, 2048, 2048, 2048, 2048]","[2048, 2048, 2048, 2048, 2048, 2048, 2048, 2048, 2048, 2048, 2048]","[2048, 2048, 2048, 2064, 2064, 2064]",187
1256,9999,44,7,2025-04-04T02:43:01.171000+00:00,72.367,85.724,30.592,113.0,270,False,188.683,"[None, 2048, 2048, 2048, 2048, 2048, 2048, 2048, 2048]","[2048, 2048, 2048, 2048, 2048, 2048, 2048, 2048, 2048, 2048, 2048]","[2048, 2048, 2048, 2048, 2048, 2048]",163
1256,9999,4,6,2025-04-04T02:43:02.285000+00:00,31.396,40.941,17.796,274.0,303,False,90.133,"[None, 2048, 2048, 2049, 2049, 2049, 2049, 2049, 2048]","[2048, 2048, 2048, 2049, 2049, 2048, 2048, 2048, 2048, 2049, 2048]","[2048, 2048, 2048, 2048, 2049]",301
1256,9999,63,6,2025-04-04T02:43:09.299000+00:00,31.221,40.554,17.841,277.0,308,False,89.616,"[None, 2048, 2049, 2049, 2051, 2051, 2048, 2048, 2048]","[2049, 2049, 2049, 2049, 2048, 2048, 2048, 2049, 2051, 2051, 2048]","[2049, 2048, 2048, 2048, 2048, 2048]",303
1256,9999,31,7,2025-04-04T02:43:14.534000+00:00,51.762,75.369,25.594,126.0,160,False,152.725,"[None, 2048, 2048, 2048, 2048, 2048, 2048, 2048, 2048]","[2048, 2048, 2048, 2048, 2048, 2048, 2048, 2048, 2048, 2048, 2048]","[2048, 2048, 2048, 2048, 2048, 2048]",157
1256,9999,6,8,2025-04-04T02:43:19.010000+00:00,55.144,55.971,24.519,140.0,272,False,135.634,"[2048, 2048, 2048, 2048, 2048, 2048, 2048, 2048, 2048]","[2048, 2048, 2048, 2048, 2048, 2048, 2048, 2048, 2048, 2048, 2048]","[2048, 2048, 2048, 2064, 2064, 2064]",249
1256,9999,12,7,2025-04-04T02:43:26.054000+00:00,55.633,77.192,24.548,167.0,277,False,157.373,"[None, 2048, 2048, 2048, 2048, 2048, 2048, 2048, 2048]","[2048, 2048, 2048, 2048, 2048, 2048, 2048, 2048, 2048, 2048, 2048]","[2048, 2048, 2048, 2048, 2048, 2048]",233
1256,9999,23,7,2025-04-04T02:43:30.269000+00:00,31.505,41.199,17.65,277.0,305,False,90.354,"[2048, 2048, 2049, 2049, 2049, 2049, 2049, 2048, 2048]","[2049, 2049, 2048, 2048, 2049, 2049, 2048, 2049, 2049, 2049, 2049]","[2048, 2048, 2049, 2051, 2051]",303
1256,9999,62,7,2025-04-04T02:43:35.075000+00:00,31.781,41.338,17.996,273.0,302,False,91.115,"[None, 2048, 2049, 2049, 2049, 2049, 2049, 2048, 2048]","[2048, 2048, 2049, 2049, 2049, 2049, 2049, 2049, 2048, 2049, 2048]","[2048, 2048, 2049, 2049, 2049]",302
1256,9999,27,4,2025-04-04T02:43:35.515000+00:00,47.623,65.769,25.088,174.0,172,False,138.48,"[2048, 2048, 2048, 2048, 2048, 2048, 2048, 2048, 2048]","[2048, 2048, 2048, 2048, 2048, 2048, 2048, 2048, 2048, 2048, 2048]","[2048, 2048, 2048, 2048, 2048, 2048]",250
1256,9999,18,7,2025-04-04T02:43:40.416000+00:00,50.819,69.45,28.135,196.0,286,False,148.404,"[2048, 2048, 2048, 2048, 2048, 2048, 2048, 2048, 2048]","[2048, 2048, 2048, 2048, 2048, 2048, 2048, 2048, 2048, 2048, 2048]","[2048, 2048, 2048, 2064, 2064, 2064]",188
1256,9999,10,6,2025-04-04T02:43:41.403000+00:00,31.431,41.278,17.84,275.0,306,False,90.549,"[2049, 2051, 2049, 2048, 2048, 2049, 2049, 2049, 2048]","[2049, 2049, 2049, 2048, 2049, 2048, 2048, 2049, 2048, 2049, 2049]","[2049, 2049, 2048, 2049, 2049, 2048]",305
1256,9999,30,8,2025-04-04T02:43:53.515000+00:00,45.978,74.123,25.132,185.0,182,False,145.233,"[None, 2048, 2048, 2048, 2048, 2048, 2048, 2048, 2048]","[2048, 2048, 2048, 2048, 2048, 2048, 2048, 2048, 2048, 2048, 2048]","[2048, 2048, 2048, 2048, 2048, 2048]",203
1256,9999,22,7,2025-04-04T02:44:00.946000+00:00,57.308,62.148,25.242,147.0,264,False,144.698,"[None, 2048, 2048, 2048, 2048, 2048, 2048, 2048, 2048]","[2048, 2048, 2048, 2048, 2048, 2048, 2048, 2048, 2048, 2048, 2048]","[2048, 2048, 2048, 2048, 2048]",184
1256,9999,16,8,2025-04-04T02:44:05.806000+00:00,31.206,40.93,17.867,277.0,303,False,90.003,"[None, 2048, 2049, 2049, 2049, 2049, 2049, 2049, 2048]","[2049, 2049, 2049, 2048, 2049, 2049, 2048, 2051, 2048, 2049, 2048]","[2048, 2049, 2048, 2048, 2048, 2048]",301
1256,9999,87,3,2025-04-04T02:44:17.909000+00:00,33.295,42.86,18.345,272.0,299,False,94.5,"[2049, 2049, 2049, 2049, 2049, 2049, 2049, 2049, 2049]","[2049, 2049, 2049, 2049, 2049, 2049, 2049, 2049, 2049, 2049, 2049]","[2049, 2049, 2049, 2049, 2049, 2048]",297
1256,9999,55,8,2025-04-04T02:44:29.389000+00:00,52.98,45.732,22.5,253.0,289,True,121.212,"[2064, 2064, 2048, 2048, 2048, 2048, 2048, 2048, 2048]","[2048, 2048, 2048, 2048, 2048, 2048, 2048, 2048, 2048, 2048, 2048]","[2048, 2048, 2048, 2064, 2064, 2064]",291
1256,9999,4,7,2025-04-04T02:44:32.337000+00:00,42.139,49.863,25.213,229.0,255,False,117.215,"[None, 2048, 2048, 2048, 2048, 2048, 2048, 2048, 2048]","[2048, 2048, 2048, 2048, 2048, 2048, 2048, 2048, 2048, 2048, 2048]","[2048, 2048, 2048, 2064, 2064, 2064]",207
1256,9999,63,7,2025-04-04T02:44:38.914000+00:00,62.95,72.521,26.16,124.0,256,False,161.631,"[None, 2048, 2048, 2048, 2048, 2048, 2048, 2048, 2048]","[2048, 2048, 2048, 2048, 2048, 2048, 2048, 2048, 2048, 2048, 2048]","[2048, 2048, 2048, 2048, 2049, 2051]",147
1256,9999,23,8,2025-04-04T02:45:00.465000+00:00,53.657,64.657,24.876,158.0,161,False,143.19,"[None, 2048, 2048, 2048, 2048, 2048, 2048, 2048, 2048]","[2048, 2048, 2048, 2048, 2048, 2048, 2048, 2048, 2048, 2048, 2048]","[2048, 2048, 2048, 2048, 2048, 2048]",243
1256,9999,62,8,2025-04-04T02:45:05.408000+00:00,47.106,75.55,24.071,163.0,133,False,146.727,"[None, 2048, 2048, 2048, 2048, 2048, 2048, 2048, 2048]","[2048, 2048, 2048, 2048, 2048, 2048, 2048, 2048, 2048, 2048, 2048]","[2048, 2048, 2048, 2048, 2048, 2049]",192
1256,9999,10,7,2025-04-04T02:45:11.977000+00:00,53.104,61.016,21.119,145.0,277,False,135.239,"[2048, 2048, 2048, 2048, 2048, 2048, 2048, 2048, 2048]","[2048, 2048, 2048, 2048, 2048, 2048, 2048, 2048, 2048, 2048, 2048]","[2048, 2048, 2048, 2048, 2048, 2049]",229
1256,9999,16,9,2025-04-04T02:45:35.715000+00:00,42.182,56.559,26.194,104.0,199,False,124.935,"[None, 2048, 2048, 2048, 2048, 2048, 2048, 2048, 2048]","[2048, 2048, 2048, 2048, 2048, 2048, 2048, 2048, 2048, 2048, 2048]","[2048, 2048, 2048, 2064, 2064, 2064]",200
1256,9999,14,8,2025-04-04T02:45:47.257000+00:00,,83.92,22.424,241.0,254,True,207.841,"[2064, 2064, 2048, 2048, 2048, 2048, 2048, 2048, 2048]","[2048, 2048, 2048, 2048, 2048, 2048, 2048, 2048, 2048, 2048, 2048]","[2048, 2048, 2048, 2048, 2048, 2048]",244
1256,9999,31,8,2025-04-04T02:45:47.456000+00:00,32.007,41.827,18.089,274.0,298,False,91.923,"[2048, 2048, 2048, 2049, 2049, 2049, 2049, 2049, 2049]","[2049, 2049, 2048, 2048, 2049, 2048, 2048, 2048, 2049, 2048, 2048]","[2048, 2048, 2048, 2049, 2049, 2049]",297
1256,9999,87,4,2025-04-04T02:45:52.266000+00:00,53.155,80.171,25.073,134.0,169,False,158.399,"[2048, 2048, 2048, 2048, 2048, 2048, 2048, 2048, 2048]","[2048, 2048, 2048, 2048, 2048, 2048, 2048, 2048, 2048, 2048, 2048]","[2048, 2048, 2048, 2049, 2048, 2048]",186
1256,9999,27,5,2025-04-04T02:45:54.049000+00:00,32.357,41.41,17.915,276.0,302,False,91.682,"[None, 2048, 2049, 2049, 2049, 2049, 2049, 2049, 2049]","[2049, 2049, 2049, 2049, 2049, 2048, 2048, 2049, 2049, 2049, 2049]","[2049, 2049, 2049, 2049, 2049, 2049]",302
1256,9999,12,8,2025-04-04T02:46:03.510000+00:00,31.933,41.04,17.618,279.0,307,False,90.591,"[None, 2048, 2049, 2049, 2049, 2049, 2049, 2049, 2049]","[2048, 2049, 2049, 2048, 2049, 2051, 2048, 2048, 2049, 2049, 2049]","[2051, 2049, 2048, 2048, 2048]",306
1256,9999,6,9,2025-04-04T02:46:04.507000+00:00,76.254,50.29,19.501,180.0,270,True,146.045,"[2064, 2064, 2048, 2048, 2048, 2048, 2048, 2048, 2048]","[2048, 2048, 2048, 2048, 2048, 2048, 2048, 2048, 2048, 2048, 2048]","[2048, 2048, 2048, 2048, 2048, 2049]",272
1256,9999,44,8,2025-04-04T02:46:09.840000+00:00,31.365,40.925,17.709,278.0,302,False,89.999,"[None, 2048, 2048, 2049, 2049, 2049, 2049, 2048, 2048]","[2049, 2048, 2048, 2048, 2048, 2049, 2049, 2049, 2048, 2048, 2049]","[2049, 2049, 2049, 2048, 2048]",304
1256,9999,30,9,2025-04-04T02:46:18.902000+00:00,31.71,41.135,17.855,280.0,304,False,90.7,"[None, 2048, 2049, 2048, 2049, 2049, 2049, 2049, 2049]","[2049, 2049, 2049, 2049, 2048, 2048, 2048, 2048, 2049, 2049, 2049]","[2049, 2049, 2048, 2048, 2048, 2048]",304
1256,9999,22,8,2025-04-04T02:46:25.622000+00:00,31.334,40.783,17.959,280.0,303,False,90.076,"[None, 2048, 2049, 2049, 2049, 2049, 2049, 2049, 2051]","[2049, 2049, 2051, 2048, 2049, 2048, 2048, 2049, 2049, 2049, 2049]","[2048, 2049, 2048, 2048, 2048, 2048]",303
1256,9999,55,9,2025-04-04T02:46:51.084000+00:00,72.871,47.35,25.026,252.0,281,True,145.247,"[None, 2064, 2048, 2048, 2048, 2048, 2048, 2048, 2048]","[2048, 2048, 2048, 2048, 2048, 2048, 2048, 2048, 2048, 2048, 2048]","[2048, 2048, 2048, 2048, 2048, 2051]",289
1256,9999,18,8,2025-04-04T02:47:03.048000+00:00,97.128,67.996,19.357,253.0,281,True,184.481,"[2064, 2064, 2048, 2048, 2048, 2048, 2048, 2048, 2048]","[2048, 2048, 2048, 2048, 2048, 2048, 2048, 2048, 2048, 2048, 2048]","[2048, 2048, 2048, 2048, 2048, 2048]",268
1256,9999,31,9,2025-04-04T02:47:19.298000+00:00,45.795,58.035,25.72,172.0,236,False,129.55,"[None, 2048, 2048, 2048, 2048, 2048, 2048, 2048, 2048]","[2048, 2048, 2048, 2048, 2048, 2048, 2048, 2048, 2048, 2048, 2048]","[2048, 2048, 2048, 2064, 2064, 2064]",209
1256,9999,63,8,2025-04-04T02:47:20.588000+00:00,30.986,40.587,17.603,278.0,305,False,89.176,"[None, 2048, 2051, 2051, 2048, 2048, 2049, 2049, 2048]","[2049, 2051, 2049, 2048, 2051, 2048, 2048, 2049, 2048, 2048, 2048]","[2048, 2049, 2049, 2049, 2051, 2048]",302
1256,9999,23,9,2025-04-04T02:47:23.807000+00:00,31.263,41.025,17.688,278.0,305,False,89.976,"[None, 2048, 2049, 2048, 2048, 2049, 2049, 2049, 2048]","[2049, 2049, 2048, 2048, 2049, 2049, 2049, 2049, 2049, 2048, 2048]","[2048, 2048, 2048, 2048, 2048, 2048]",303
1256,9999,27,6,2025-04-04T02:47:25.620000+00:00,50.896,65.894,22.478,155.0,191,False,139.268,"[None, 2048, 2048, 2048, 2048, 2048, 2048, 2048, 2048]","[2048, 2048, 2048, 2048, 2048, 2048, 2048, 2048, 2048, 2048, 2048]","[2048, 2048, 2048, 2048, 2048, 2048]",242
1256,9999,10,8,2025-04-04T02:47:27.190000+00:00,31.253,41.158,17.882,277.0,306,False,90.293,"[2049, 2051, 2049, 2049, 2048, 2048, 2049, 2048, 2049]","[2049, 2049, 2049, 2048, 2049, 2049, 2049, 2049, 2049, 2048, 2049]","[2048, 2049, 2048, 2048, 2048]",305
1256,9999,62,9,2025-04-04T02:47:32.223000+00:00,31.754,41.488,18.004,274.0,302,False,91.246,"[2049, 2048, 2049, 2048, 2048, 2049, 2049, 2049, 2049]","[2048, 2048, 2048, 2048, 2049, 2049, 2049, 2049, 2049, 2048, 2048]","[2048, 2048, 2049, 2048, 2048, 2048]",302
1256,9999,12,9,2025-04-04T02:47:35.018000+00:00,43.283,59.455,25.118,181.0,237,False,127.856,"[None, 2048, 2048, 2048, 2048, 2048, 2048, 2048, 2048]","[2048, 2048, 2048, 2048, 2048, 2048, 2048, 2048, 2048, 2048, 2048]","[2048, 2048, 2048, 2064, 2064, 2064]",239
1256,9999,44,9,2025-04-04T02:47:39.765000+00:00,40.471,50.279,24.388,249.0,199,False,115.138,"[None, 2048, 2048, 2048, 2048, 2048, 2048, 2048, 2048]","[2048, 2048, 2048, 2048, 2048, 2048, 2048, 2048, 2048, 2048, 2048]","[2048, 2048, 2048, 2064, 2064, 2064]",199
1256,9999,30,10,2025-04-04T02:47:49.474000+00:00,47.66,66.433,23.568,199.0,196,False,137.661,"[None, 2048, 2048, 2048, 2048, 2048, 2048, 2048, 2048]","[2048, 2048, 2048, 2048, 2048, 2048, 2048, 2048, 2048, 2048, 2048]","[2048, 2048, 2048, 2048, 2048, 2048]",202
1256,9999,22,9,2025-04-04T02:47:55.629000+00:00,45.328,53.07,22.34,239.0,278,False,120.738,"[None, 2048, 2048, 2048, 2048, 2048, 2048, 2048, 2048]","[2048, 2048, 2048, 2048, 2048, 2048, 2048, 2048, 2048, 2048, 2048]","[2048, 2048, 2048, 2064, 2064, 2064]",267
1256,9999,6,10,2025-04-04T02:48:00.727000+00:00,31.441,40.988,17.882,278.0,302,False,90.311,"[2048, 2048, 2049, 2049, 2049, 2049, 2049, 2049, 2048]","[2049, 2049, 2049, 2048, 2049, 2048, 2049, 2049, 2051, 2048, 2048]","[2048, 2048, 2048, 2049, 2049]",302
1256,9999,14,9,2025-04-04T02:48:18.949000+00:00,31.628,41.286,17.977,277.0,302,False,90.891,"[2048, 2048, 2049, 2049, 2049, 2048, 2048, 2048, 2048]","[2048, 2049, 2048, 2048, 2048, 2049, 2049, 2049, 2048, 2048, 2048]","[2048, 2048, 2048, 2048, 2048, 2048]",301
1256,9999,87,5,2025-04-04T02:48:30.772000+00:00,33.02,41.974,18.09,273.0,299,False,93.084,"[None, 2048, 2049, 2048, 2049, 2049, 2049, 2049, 2049]","[2049, 2049, 2049, 2048, 2049, 2048, 2048, 2049, 2049, 2049, 2048]","[2048, 2048, 2049, 2049, 2049, 2048]",297
1256,9999,1,6,2025-04-04T02:48:36.158000+00:00,,52.418,20.668,214.0,207,True,551.276,"[2064, 2064, 2048, 2048, 2048, 2048, 2048, 2048, 2048]","[2048, 2048, 2048, 2048, 2048, 2048, 2048, 2048, 2048, 2048, 2048]","[2048, 2048, 2048, 2048, 2048]",253
1256,9999,55,10,2025-04-04T02:48:38.211000+00:00,31.39,40.901,17.814,281.0,307,False,90.105,"[2049, 2048, 2049, 2048, 2049, 2049, 2049, 2049, 2049]","[2049, 2049, 2049, 2048, 2048, 2049, 2049, 2048, 2049, 2049, 2049]","[2048, 2048, 2048, 2048, 2048, 2048]",304
1256,9999,63,9,2025-04-04T02:48:49.729000+00:00,39.053,50.758,22.082,249.0,239,False,111.893,"[None, 2048, 2048, 2048, 2048, 2048, 2048, 2048, 2048]","[2048, 2048, 2048, 2048, 2048, 2048, 2048, 2048, 2048, 2048, 2048]","[2048, 2048, 2048, 2064, 2064, 2064]",268
1256,9999,23,10,2025-04-04T02:48:53.801000+00:00,45.104,54.821,22.531,206.0,240,False,122.456,"[None, 2048, 2048, 2048, 2048, 2048, 2048, 2048, 2048]","[2048, 2048, 2048, 2048, 2048, 2048, 2048, 2048, 2048, 2048, 2048]","[2048, 2048, 2048, 2064, 2064, 2064]",239
1256,9999,10,9,2025-04-04T02:48:57.323000+00:00,40.802,47.513,23.618,248.0,240,False,111.933,"[2048, 2048, 2048, 2048, 2048, 2048, 2048, 2048, 2048]","[2048, 2048, 2048, 2048, 2048, 2048, 2048, 2048, 2048, 2048, 2048]","[2048, 2048, 2048, 2064, 2064, 2064]",234
1256,9999,62,10,2025-04-04T02:49:04.059000+00:00,41.421,50.646,26.1,135.0,278,False,118.167,"[2048, 2048, 2048, 2048, 2048, 2048, 2048, 2048, 2048]","[2048, 2048, 2048, 2048, 2048, 2048, 2048, 2048, 2048, 2048, 2048]","[2048, 2048, 2048, 2064, 2064, 2064]",230
1256,9999,18,9,2025-04-04T02:49:13.269000+00:00,31.51,41.352,18.097,278.0,304,False,90.959,"[2048, 2048, 2048, 2049, 2048, 2048, 2049, 2049, 2049]","[2049, 2049, 2048, 2048, 2049, 2048, 2048, 2049, 2049, 2049, 2049]","[2048, 2048, 2049, 2048, 2048]",301
1256,9999,6,11,2025-04-04T02:49:30.812000+00:00,49.883,53.979,19.51,175.0,266,False,123.372,"[None, 2048, 2048, 2048, 2048, 2048, 2048, 2048, 2048]","[2048, 2048, 2048, 2048, 2048, 2048, 2048, 2048, 2048, 2048, 2048]","[2048, 2048, 2048, 2048, 2048, 2049]",249
1256,9999,27,7,2025-04-04T02:49:45.058000+00:00,31.939,41.472,18.201,275.0,299,False,91.612,"[None, 2048, 2049, 2049, 2049, 2049, 2049, 2049, 2048]","[2049, 2049, 2048, 2048, 2048, 2048, 2048, 2049, 2049, 2048, 2048]","[2048, 2048, 2048, 2048, 2049, 2048]",298
1256,9999,14,10,2025-04-04T02:49:49.853000+00:00,51.37,62.01,22.42,221.0,254,False,135.8,"[None, 2048, 2048, 2048, 2048, 2048, 2048, 2048, 2048]","[2048, 2048, 2048, 2048, 2048, 2048, 2048, 2048, 2048, 2048, 2048]","[2048, 2048, 2048, 2048, 2048, 2049]",105
1256,9999,87,6,2025-04-04T02:50:03.741000+00:00,62.642,70.86,21.017,120.0,220,False,154.519,"[None, 2048, 2048, 2048, 2048, 2048, 2048, 2048, 2048]","[2048, 2048, 2048, 2048, 2048, 2048, 2048, 2048, 2048, 2048, 2048]","[2048, 2048, 2048, 2048, 2048]",243
1256,9999,30,11,2025-04-04T02:50:07.251000+00:00,42.139,60.485,22.052,185.0,277,False,124.676,"[None, 2048, 2048, 2048, 2048, 2048, 2048, 2048, 2048]","[2048, 2048, 2048, 2048, 2048, 2048, 2048, 2048, 2048, 2048, 2048]","[2048, 2048, 2048, 2048, 2048, 2048]",280
1256,9999,55,11,2025-04-04T02:50:08.196000+00:00,39.402,50.083,22.964,239.0,240,False,112.449,"[2048, 2048, 2048, 2048, 2048, 2048, 2048, 2048, 2048]","[2048, 2048, 2048, 2048, 2048, 2048, 2048, 2048, 2048, 2048, 2048]","[2048, 2048, 2048, 2064, 2064, 2064]",239
1256,9999,1,7,2025-04-04T02:50:35.188000+00:00,31.06,40.766,17.7,278.0,303,False,89.526,"[2048, 2048, 2048, 2051, 2049, 2049, 2049, 2048, 2048]","[2048, 2048, 2048, 2049, 2049, 2049, 2048, 2049, 2051, 2049, 2048]","[2048, 2048, 2049, 2049, 2049, 2048]",302
1256,9999,18,10,2025-04-04T02:50:44.023000+00:00,55.662,61.495,19.27,164.0,294,False,136.427,"[None, 2048, 2048, 2048, 2048, 2048, 2048, 2048, 2048]","[2048, 2048, 2048, 2048, 2048, 2048, 2048, 2048, 2048, 2048, 2048]","[2048, 2048, 2048, 2048, 2048, 2048]",274
1256,9999,27,8,2025-04-04T02:51:16.561000+00:00,38.273,46.717,23.105,253.0,283,False,108.095,"[None, 2048, 2048, 2048, 2048, 2048, 2048, 2048, 2048]","[2048, 2048, 2048, 2048, 2048, 2048, 2048, 2048, 2048, 2048, 2048]","[2048, 2048, 2048, 2064, 2064, 2064]",279
1256,9999,6,12,2025-04-04T02:51:34.467000+00:00,31.156,40.917,17.901,277.0,304,False,89.974,"[None, 2048, 2048, 2048, 2049, 2049, 2049, 2049, 2048]","[2049, 2048, 2048, 2048, 2049, 2048, 2048, 2049, 2048, 2049, 2049]","[2048, 2048, 2048, 2049, 2051, 2048]",301
1256,9999,1,8,2025-04-04T02:52:03.789000+00:00,44.094,44.368,22.174,258.0,280,False,110.636,"[None, 2048, 2048, 2048, 2048, 2048, 2048, 2048, 2048]","[2048, 2048, 2048, 2048, 2048, 2048, 2048, 2048, 2048, 2048, 2048]","[2048, 2048, 2048, 2064, 2064, 2064]",282
1256,9999,14,11,2025-04-04T02:52:05.629000+00:00,30.932,41.263,17.94,277.0,304,False,90.135,"[2049, 2048, 2049, 2049, 2051, 2051, 2051, 2051, 2048]","[2049, 2048, 2048, 2048, 2048, 2048, 2048, 2049, 2048, 2048, 2048]","[2049, 2048, 2048, 2048, 2048, 2048]",302
1256,9999,30,12,2025-04-04T02:52:11.927000+00:00,31.534,40.959,17.827,278.0,306,False,90.32,"[None, 2048, 2049, 2049, 2049, 2048, 2049, 2049, 2048]","[2049, 2049, 2049, 2049, 2048, 2048, 2048, 2048, 2048, 2048, 2049]","[2049, 2048, 2048, 2049, 2048]",304
1256,9999,87,7,2025-04-04T02:52:38.329000+00:00,31.928,41.358,17.914,273.0,299,False,91.2,"[2049, 2049, 2049, 2049, 2049, 2049, 2049, 2049, 2049]","[2049, 2049, 2049, 2049, 2048, 2048, 2049, 2049, 2049, 2048, 2048]","[2049, 2049, 2049, 2048, 2049, 2048]",299
1256,9999,18,11,2025-04-04T02:53:00.699000+00:00,43.207,57.082,19.946,209.0,284,False,120.235,"[2049, 2048, 2049, 2048, 2048, 2048, 2048, 2048, 2048]","[2048, 2048, 2048, 2048, 2048, 2048, 2048, 2048, 2048, 2048, 2048]","[2048, 2048, 2048, 2048, 2048, 2048]",252
1256,9999,6,13,2025-04-04T02:53:04.872000+00:00,37.704,44.124,20.382,248.0,300,False,102.21,"[None, 2048, 2048, 2048, 2048, 2048, 2048, 2048, 2048]","[2048, 2048, 2048, 2048, 2048, 2048, 2048, 2048, 2048, 2048, 2048]","[2048, 2048, 2048, 2064, 2064, 2064]",300
1256,9999,14,12,2025-04-04T02:53:35.782000+00:00,37.064,45.527,24.871,234.0,287,False,107.462,"[2048, 2048, 2048, 2048, 2048, 2048, 2048, 2048, 2048]","[2048, 2048, 2048, 2048, 2048, 2048, 2048, 2048, 2048, 2048, 2048]","[2048, 2048, 2048, 2064, 2064, 2064]",265
1256,9999,30,13,2025-04-04T02:53:42.117000+00:00,34.415,48.571,24.693,258.0,200,False,107.679,"[None, 2048, 2048, 2048, 2048, 2048, 2048, 2048, 2048]","[2048, 2048, 2048, 2048, 2048, 2048, 2048, 2048, 2048, 2048, 2048]","[2048, 2048, 2048, 2064, 2064, 2064]",199
1256,9999,87,8,2025-04-04T02:54:09.533000+00:00,60.363,75.982,23.505,119.0,204,False,159.85,"[2048, 2048, 2048, 2048, 2048, 2048, 2048, 2048, 2048]","[2048, 2048, 2048, 2048, 2048, 2048, 2048, 2048, 2048, 2048, 2048]","[2048, 2048, 2048, 2048, 2048, 2049]",219
1256,9999,63,10,2025-04-04T02:54:50.064000+00:00,,51.254,21.244,257.0,255,True,357.27,"[2064, 2064, 2048, 2048, 2048, 2048, 2048, 2048, 2048]","[2048, 2048, 2048, 2048, 2048, 2048, 2048, 2048, 2048, 2048, 2048]","[2048, 2048, 2048, 2048, 2048, 2051]",204
1256,9999,18,12,2025-04-04T02:55:00.881000+00:00,31.383,50.883,25.685,278.0,285,False,107.951,"[None, 2049, 2049, 2048, 2048, 2049, 2049, 2048, 2049]","[2049, 2049, 2048, 2048, 2048, 2048, 2048, 2048, 2048, 2048, 2048]","[2048, 2048, 2048, 2064, 2064, 2064]",228
1256,9999,4,8,2025-04-04T02:55:11.841000+00:00,,44.757,26.909,256.0,286,True,629.62,"[2064, 2064, 2048, 2048, 2048, 2048, 2048, 2048, 2048]","[2048, 2048, 2048, 2048, 2048, 2048, 2048, 2048, 2048, 2048, 2048]","[2048, 2048, 2048, 2048, 2048]",178
1256,9999,81,8,2025-04-04T02:55:42.617000+00:00,,50.988,21.302,250.0,282,True,862.431,"[2064, 2064, 2048, 2048, 2048, 2048, 2048, 2048, 2048]","[2048, 2048, 2048, 2048, 2048, 2048, 2048, 2048, 2048, 2048, 2048]","[2048, 2048, 2048, 2048, 2048, 2048]",198
1256,9999,5,8,2025-04-04T02:55:52.376000+00:00,,48.62,22.846,249.0,277,True,790.861,"[2064, 2064, 2048, 2048, 2048, 2048, 2048, 2048, 2048]","[2048, 2048, 2048, 2048, 2048, 2048, 2048, 2048, 2048, 2048, 2048]","[2048, 2048, 2048, 2048, 2048, 2049]",230
1256,9999,55,12,2025-04-04T02:56:00.128000+00:00,,50.291,20.776,246.0,286,True,353.991,"[2064, 2064, 2048, 2048, 2048, 2048, 2048, 2048, 2048]","[2048, 2048, 2048, 2048, 2048, 2048, 2048, 2048, 2048, 2048, 2048]","[2048, 2048, 2048, 2048, 2048, 2048]",277
1256,9999,12,10,2025-04-04T02:56:08.143000+00:00,,51.193,19.232,193.0,287,True,501.159,"[2064, 2064, 2048, 2048, 2048, 2048, 2048, 2048, 2048]","[2048, 2048, 2048, 2048, 2048, 2048, 2048, 2048, 2048, 2048, 2048]","[2048, 2048, 2048, 2048, 2048, 2048]",288
1256,9999,63,11,2025-04-04T02:56:39.016000+00:00,30.947,40.141,17.721,281.0,307,False,88.809,"[2048, 2048, 2048, 2049, 2049, 2051, 2048, 2049, 2051]","[2051, 2051, 2051, 2049, 2051, 2048, 2049, 2049, 2049, 2048, 2048]","[2049, 2048, 2048, 2048, 2048, 2048]",305
1256,9999,87,9,2025-04-04T02:56:49.349000+00:00,31.709,41.021,17.836,277.0,299,False,90.566,"[2049, 2049, 2049, 2049, 2049, 2049, 2048, 2049, 2049]","[2049, 2049, 2049, 2049, 2048, 2049, 2049, 2049, 2049, 2049, 2049]","[2049, 2049, 2049, 2049, 2049, 2048]",300
1256,9999,4,9,2025-04-04T02:56:59.148000+00:00,31.177,40.637,24.655,279.0,303,False,96.469,"[2048, 2049, 2049, 2048, 2048, 2049, 2049, 2049, 2049]","[2049, 2048, 2048, 2051, 2049, 2049, 2049, 2049, 2049, 2048, 2048]","[2049, 2048, 2048, 2064, 2064, 2064]",303
1256,9999,23,11,2025-04-04T02:57:19.370000+00:00,,49.464,19.4,263.0,288,True,495.329,"[2064, 2064, 2048, 2048, 2048, 2048, 2048, 2048, 2048]","[2048, 2048, 2048, 2048, 2048, 2048, 2048, 2048, 2048, 2048, 2048]","[2048, 2048, 2048, 2048, 2048, 2048]",255
1256,9999,81,9,2025-04-04T02:57:36.836000+00:00,31.599,40.697,17.544,279.0,305,False,89.84,"[2048, 2049, 2049, 2048, 2048, 2048, 2048, 2049, 2049]","[2049, 2048, 2048, 2049, 2049, 2049, 2048, 2049, 2049, 2049, 2049]","[2049, 2048, 2051, 2049, 2049, 2048]",301
1256,9999,22,10,2025-04-04T02:57:38.125000+00:00,,54.956,20.128,170.0,275,True,587.202,"[2064, 2064, 2048, 2048, 2048, 2048, 2048, 2048, 2048]","[2048, 2048, 2048, 2048, 2048, 2048, 2048, 2048, 2048, 2048, 2048]","[2048, 2048, 2048, 2048, 2048, 2048]",262
1256,9999,5,9,2025-04-04T02:57:43.271000+00:00,31.607,40.872,17.954,278.0,304,False,90.433,"[2049, 2049, 2049, 2049, 2049, 2049, 2049, 2049, 2049]","[2049, 2049, 2049, 2049, 2049, 2049, 2049, 2049, 2048, 2049, 2049]","[2049, 2049, 2048, 2048, 2048, 2048]",300
1256,9999,55,13,2025-04-04T02:57:54.833000+00:00,31.383,40.68,17.624,281.0,306,False,89.687,"[2048, 2048, 2049, 2048, 2048, 2048, 2049, 2049, 2051]","[2048, 2049, 2048, 2049, 2049, 2048, 2048, 2049, 2048, 2048, 2048]","[2048, 2049, 2049, 2048, 2048]",303
1256,9999,31,10,2025-04-04T02:57:56.056000+00:00,,54.545,21.082,234.0,279,True,625.265,"[2064, 2064, 2048, 2048, 2048, 2048, 2048, 2048, 2048]","[2048, 2048, 2048, 2048, 2048, 2048, 2048, 2048, 2048, 2048, 2048]","[2048, 2048, 2048, 2048, 2048, 2048]",246
1256,9999,16,10,2025-04-04T02:58:00.113000+00:00,,46.964,25.586,249.0,292,True,740.436,"[2064, 2064, 2048, 2048, 2048, 2048, 2048, 2048, 2048]","[2048, 2048, 2048, 2048, 2048, 2048, 2048, 2048, 2048, 2048, 2048]","[2048, 2048, 2048, 2048, 2048, 2049]",285
1256,9999,12,11,2025-04-04T02:58:03.158000+00:00,31.353,40.472,17.459,280.0,307,False,89.284,"[2048, 2049, 2049, 2049, 2049, 2049, 2049, 2049, 2049]","[2049, 2049, 2049, 2051, 2048, 2051, 2048, 2049, 2049, 2049, 2049]","[2048, 2048, 2051, 2049, 2049]",303
1256,9999,63,12,2025-04-04T02:58:07.614000+00:00,70.221,70.21,26.342,150.0,180,False,166.773,"[None, 2048, 2048, 2048, 2048, 2048, 2048, 2048, 2048]","[2048, 2048, 2048, 2048, 2048, 2048, 2048, 2048, 2048, 2048, 2048]","[2048, 2048, 2048, 2048, 2048, 2048]",171
1256,9999,87,10,2025-04-04T02:58:19.804000+00:00,35.403,43.066,26.335,274.0,288,False,104.804,"[2048, 2048, 2048, 2048, 2048, 2048, 2048, 2048, 2048]","[2048, 2048, 2048, 2048, 2048, 2048, 2048, 2048, 2048, 2048, 2048]","[2048, 2048, 2048, 2064, 2064, 2064]",281
1256,9999,81,10,2025-04-04T02:59:06.605000+00:00,47.504,50.851,27.993,227.0,226,False,126.348,"[None, 2048, 2048, 2048, 2048, 2048, 2048, 2048, 2048]","[2048, 2048, 2048, 2048, 2048, 2048, 2048, 2048, 2048, 2048, 2048]","[2048, 2048, 2048, 2064, 2064, 2064]",193
1256,9999,23,12,2025-04-04T02:59:11.624000+00:00,31.157,40.822,17.654,281.0,307,False,89.633,"[2048, 2048, 2048, 2049, 2048, 2051, 2048, 2049, 2049]","[2049, 2049, 2048, 2048, 2048, 2048, 2048, 2049, 2049, 2048, 2049]","[2049, 2049, 2048, 2048, 2048, 2048]",303
1256,9999,5,10,2025-04-04T02:59:13.564000+00:00,48.186,64.259,30.405,169.0,188,False,142.85,"[2048, 2048, 2048, 2048, 2048, 2048, 2048, 2048, 2048]","[2048, 2048, 2048, 2048, 2048, 2048, 2048, 2048, 2048, 2048, 2048]","[2048, 2048, 2048, 2064, 2064, 2064]",174
1256,9999,55,14,2025-04-04T02:59:24.413000+00:00,46.198,60.649,28.762,204.0,243,False,135.609,"[None, 2048, 2048, 2048, 2048, 2048, 2048, 2048, 2048]","[2048, 2048, 2048, 2048, 2048, 2048, 2048, 2048, 2048, 2048, 2048]","[2048, 2048, 2048, 2064, 2064, 2064]",193
1256,9999,12,12,2025-04-04T02:59:32.255000+00:00,52.426,70.138,31.626,136.0,178,False,154.19,"[None, 2048, 2048, 2048, 2048, 2048, 2048, 2048, 2048]","[2048, 2048, 2048, 2048, 2048, 2048, 2048, 2048, 2048, 2048, 2048]","[2048, 2048, 2048, 2064, 2064, 2064]",165
1256,9999,22,11,2025-04-04T02:59:43.747000+00:00,31.061,40.567,17.544,282.0,304,False,89.172,"[2048, 2048, 2049, 2049, 2049, 2049, 2048, 2048, 2051]","[2049, 2049, 2048, 2051, 2049, 2048, 2048, 2049, 2049, 2048, 2049]","[2049, 2049, 2049, 2048, 2051]",302
1256,9999,31,11,2025-04-04T02:59:54.121000+00:00,31.88,41.643,18.031,277.0,300,False,91.554,"[2049, 2049, 2049, 2048, 2049, 2048, 2048, 2049, 2049]","[2048, 2049, 2048, 2048, 2049, 2049, 2049, 2048, 2049, 2049, 2049]","[2049, 2049, 2048, 2048, 2048, 2049]",300
1256,9999,16,11,2025-04-04T03:00:01.017000+00:00,43.49,77.342,24.323,159.0,190,False,145.155,"[2049, 2049, 2049, 2048, 2048, 2048, 2048, 2048, 2048]","[2048, 2048, 2048, 2048, 2048, 2048, 2048, 2048, 2048, 2048, 2048]","[2048, 2048, 2048, 2048, 2048, 2048]",253
1256,9999,1,9,2025-04-04T03:00:11.631000+00:00,,58.46,20.794,176.0,192,True,502.869,"[2064, 2064, 2048, 2048, 2048, 2048, 2048, 2048, 2048]","[2048, 2048, 2048, 2048, 2048, 2048, 2048, 2048, 2048, 2048, 2048]","[2048, 2048, 2048, 2048, 2048, 2049]",230
1256,9999,44,10,2025-04-04T03:00:28.543000+00:00,,53.704,24.604,238.0,283,True,778.0,"[2064, 2064, 2048, 2048, 2048, 2048, 2048, 2048, 2048]","[2048, 2048, 2048, 2048, 2048, 2048, 2048, 2048, 2048, 2048, 2048]","[2048, 2048, 2048, 2049, 2049, 2048]",210
1256,9999,23,13,2025-04-04T03:00:41.159000+00:00,59.897,60.151,29.818,148.0,274,False,149.866,"[None, 2048, 2048, 2048, 2048, 2048, 2048, 2048, 2048]","[2048, 2048, 2048, 2048, 2048, 2048, 2048, 2048, 2048, 2048, 2048]","[2048, 2048, 2048, 2064, 2064, 2064]",158
1256,9999,63,13,2025-04-04T03:00:54.512000+00:00,45.58,55.236,21.378,214.0,257,False,122.194,"[None, 2048, 2048, 2048, 2048, 2048, 2048, 2048, 2048]","[2048, 2048, 2048, 2048, 2048, 2048, 2048, 2048, 2048, 2048, 2048]","[2048, 2048, 2048, 2048, 2048, 2048]",196
1256,9999,22,12,2025-04-04T03:01:12.679000+00:00,57.177,71.087,33.418,135.0,146,False,161.682,"[None, 2048, 2048, 2048, 2048, 2048, 2048, 2048, 2048]","[2048, 2048, 2048, 2048, 2048, 2048, 2048, 2048, 2048, 2048, 2048]","[2048, 2048, 2048, 2048, 2048, 2048]",96
1256,9999,31,12,2025-04-04T03:01:25.690000+00:00,47.729,56.812,29.343,192.0,230,False,133.884,"[2048, 2048, 2048, 2048, 2048, 2048, 2048, 2048, 2048]","[2048, 2048, 2048, 2048, 2048, 2048, 2048, 2048, 2048, 2048, 2048]","[2048, 2048, 2048, 2064, 2064, 2064]",204
1256,9999,81,11,2025-04-04T03:01:39.625000+00:00,72.471,55.155,21.128,205.0,281,True,148.754,"[2064, 2064, 2048, 2048, 2048, 2048, 2048, 2048, 2048]","[2048, 2048, 2048, 2048, 2048, 2048, 2048, 2048, 2048, 2048, 2048]","[2048, 2048, 2048, 2048, 2048, 2048]",225
1256,9999,30,14,2025-04-04T03:01:59.030000+00:00,,52.286,22.096,225.0,276,True,504.251,"[2064, 2064, 2048, 2048, 2048, 2048, 2048, 2048, 2048]","[2048, 2048, 2048, 2048, 2048, 2048, 2048, 2048, 2048, 2048, 2048]","[2048, 2048, 2048, 2048, 2048, 2049]",282
1256,9999,6,14,2025-04-04T03:02:07.933000+00:00,,52.035,21.994,217.0,271,True,557.046,"[2064, 2064, 2048, 2048, 2048, 2048, 2048, 2048, 2048]","[2048, 2048, 2048, 2048, 2048, 2048, 2048, 2048, 2048, 2048, 2048]","[2048, 2048, 2048, 2048, 2048]",243
1256,9999,5,11,2025-04-04T03:02:09.823000+00:00,81.1,54.056,25.722,169.0,277,True,160.878,"[2064, 2064, 2048, 2048, 2048, 2048, 2048, 2048, 2048]","[2048, 2048, 2048, 2048, 2048, 2048, 2048, 2048, 2048, 2048, 2048]","[2048, 2048, 2048, 2048, 2048, 2049]",188
1256,9999,55,15,2025-04-04T03:02:12.592000+00:00,80.758,50.35,21.045,240.0,289,True,152.153,"[2064, 2064, 2048, 2048, 2048, 2048, 2048, 2048, 2048]","[2048, 2048, 2048, 2048, 2048, 2048, 2048, 2048, 2048, 2048, 2048]","[2048, 2048, 2048, 2049, 2049, 2051]",281
1256,9999,4,10,2025-04-04T03:02:16.130000+00:00,,51.256,28.355,264.0,167,True,351.259,"[2064, 2064, 2048, 2048, 2048, 2048, 2048, 2048, 2048]","[2048, 2048, 2048, 2048, 2048, 2048, 2048, 2048, 2048, 2048, 2048]","[2048, 2048, 2048, 2048, 2049, 2049]",242
1256,9999,1,10,2025-04-04T03:02:16.957000+00:00,30.95,40.619,17.496,278.0,303,False,89.065,"[2049, 2048, 2051, 2048, 2049, 2049, 2048, 2048, 2048]","[2048, 2049, 2048, 2048, 2049, 2049, 2048, 2049, 2051, 2049, 2048]","[2048, 2049, 2049, 2049, 2051, 2048]",304
1256,9999,16,12,2025-04-04T03:02:26.234000+00:00,31.128,40.275,17.562,278.0,305,False,88.965,"[2048, 2048, 2048, 2048, 2049, 2051, 2049, 2049, 2048]","[2049, 2049, 2049, 2049, 2048, 2048, 2048, 2048, 2049, 2049, 2049]","[2049, 2049, 2049, 2048, 2049, 2048]",305
1256,9999,44,11,2025-04-04T03:02:32.951000+00:00,31.211,40.528,17.674,277.0,305,False,89.413,"[2049, 2049, 2049, 2048, 2049, 2049, 2048, 2049, 2048]","[2048, 2049, 2048, 2051, 2049, 2049, 2049, 2049, 2049, 2049, 2049]","[2049, 2048, 2049, 2048, 2048, 2048]",304
1256,9999,12,13,2025-04-04T03:02:35.878000+00:00,81.039,57.34,21.55,111.0,200,True,159.929,"[2064, 2064, 2048, 2048, 2048, 2048, 2048, 2048, 2048]","[2048, 2048, 2048, 2048, 2048, 2048, 2048, 2048, 2048, 2048, 2048]","[2048, 2048, 2048, 2049, 2048, 2048]",265
1256,9999,10,10,2025-04-04T03:02:49.932000+00:00,,51.189,20.041,189.0,255,True,829.837,"[2064, 2064, 2048, 2048, 2048, 2048, 2048, 2048, 2048]","[2048, 2048, 2048, 2048, 2048, 2048, 2048, 2048, 2048, 2048, 2048]","[2048, 2048, 2048, 2048, 2048, 2048]",240
1256,9999,63,14,2025-04-04T03:02:56.665000+00:00,30.902,40.227,17.583,279.0,307,False,88.712,"[None, 2048, 2048, 2051, 2048, 2049, 2049, 2049, 2048]","[2048, 2048, 2048, 2048, 2048, 2048, 2048, 2049, 2051, 2051, 2048]","[2048, 2049, 2048, 2048, 2048, 2048]",305
1256,9999,62,11,2025-04-04T03:02:59.915000+00:00,,50.723,20.552,235.0,269,True,834.011,"[2064, 2064, 2048, 2048, 2048, 2048, 2048, 2048, 2048]","[2048, 2048, 2048, 2048, 2048, 2048, 2048, 2048, 2048, 2048, 2048]","[2048, 2048, 2048, 2048, 2048, 2049]",252
1256,9999,23,14,2025-04-04T03:03:36.550000+00:00,81.914,54.474,21.06,140.0,290,True,157.448,"[2064, 2064, 2048, 2048, 2048, 2048, 2048, 2048, 2048]","[2048, 2048, 2048, 2048, 2048, 2048, 2048, 2048, 2048, 2048, 2048]","[2048, 2048, 2048, 2048, 2048, 2048]",220
1256,9999,81,12,2025-04-04T03:03:41.650000+00:00,31.216,40.819,17.673,278.0,304,False,89.708,"[2048, 2048, 2048, 2049, 2049, 2049, 2049, 2049, 2048]","[2048, 2048, 2048, 2048, 2048, 2048, 2048, 2048, 2049, 2048, 2048]","[2048, 2048, 2048, 2049, 2051, 2049]",300
1256,9999,1,11,2025-04-04T03:03:46.016000+00:00,50.68,57.426,30.765,198.0,257,False,138.871,"[2048, 2048, 2048, 2048, 2048, 2048, 2048, 2048, 2048]","[2048, 2048, 2048, 2048, 2048, 2048, 2048, 2048, 2048, 2048, 2048]","[2048, 2048, 2048, 2064, 2064, 2064]",206
1256,9999,30,15,2025-04-04T03:03:54.187000+00:00,31.303,40.489,17.744,280.0,305,False,89.536,"[2049, 2048, 2049, 2049, 2048, 2049, 2049, 2049, 2049]","[2049, 2049, 2049, 2049, 2048, 2048, 2048, 2049, 2049, 2049, 2048]","[2048, 2048, 2049, 2049, 2049, 2048]",300
1256,9999,22,13,2025-04-04T03:03:54.484000+00:00,66.034,63.118,27.552,142.0,274,False,156.704,"[None, 2048, 2048, 2048, 2048, 2048, 2048, 2048, 2048]","[2048, 2048, 2048, 2048, 2048, 2048, 2048, 2048, 2048, 2048, 2048]","[2048, 2048, 2048, 2048, 2048, 2048]",228
1256,9999,16,13,2025-04-04T03:03:55.078000+00:00,49.731,70.118,26.78,168.0,152,False,146.629,"[None, 2048, 2048, 2048, 2048, 2048, 2048, 2048, 2048]","[2048, 2048, 2048, 2048, 2048, 2048, 2048, 2048, 2048, 2048, 2048]","[2048, 2048, 2048, 2049, 2048, 2049]",143
1256,9999,44,12,2025-04-04T03:04:02.322000+00:00,67.309,,29.163,102.0,226,False,201.354,"[2048, 2048, 2048, 2048, 2048, 2048, 2048, 2048, 2048]","[2048, 2048, 2048, 2048, 2048, 2048, 2048, 2048, 2048, 2048, 2048]","[2048, 2048, 2048, 2048, 2048, 2048]",156
1256,9999,6,15,2025-04-04T03:04:03.763000+00:00,31.345,40.647,17.77,276.0,303,False,89.762,"[2049, 2049, 2051, 2049, 2048, 2048, 2048, 2048, 2048]","[2048, 2049, 2048, 2049, 2049, 2048, 2048, 2048, 2049, 2049, 2048]","[2048, 2048, 2048, 2048, 2048]",300
1256,9999,31,13,2025-04-04T03:04:08.450000+00:00,80.448,57.519,28.089,201.0,207,True,166.056,"[2064, 2064, 2048, 2048, 2048, 2048, 2048, 2048, 2048]","[2048, 2048, 2048, 2048, 2048, 2048, 2048, 2048, 2048, 2048, 2048]","[2048, 2048, 2048, 2048, 2048, 2048]",190
1256,9999,55,16,2025-04-04T03:04:12.261000+00:00,31.305,40.664,17.481,278.0,309,False,89.45,"[2048, 2048, 2049, 2048, 2048, 2048, 2049, 2048, 2048]","[2048, 2048, 2049, 2048, 2049, 2048, 2048, 2048, 2049, 2049, 2051]","[2049, 2049, 2049, 2048, 2049]",305
1256,9999,5,12,2025-04-04T03:04:17.340000+00:00,31.595,40.779,17.773,277.0,305,False,90.147,"[2049, 2048, 2049, 2049, 2049, 2048, 2048, 2049, 2048]","[2049, 2048, 2048, 2048, 2048, 2049, 2048, 2049, 2049, 2049, 2049]","[2048, 2049, 2049, 2049, 2049, 2048]",300
1256,9999,63,15,2025-04-04T03:04:25.255000+00:00,45.139,56.651,28.168,154.0,206,False,129.958,"[None, 2048, 2048, 2048, 2048, 2048, 2048, 2048, 2048]","[2048, 2048, 2048, 2048, 2048, 2048, 2048, 2048, 2048, 2048, 2048]","[2048, 2048, 2048, 2064, 2064, 2064]",208
1256,9999,4,11,2025-04-04T03:04:26.961000+00:00,31.048,40.364,28.001,277.0,307,False,99.413,"[2049, 2048, 2049, 2049, 2049, 2049, 2051, 2048, 2048]","[2049, 2049, 2049, 2048, 2049, 2049, 2048, 2049, 2049, 2049, 2049]","[2049, 2049, 2048, 2048, 2048, 2048]",304
1256,9999,10,11,2025-04-04T03:04:39.156000+00:00,31.294,40.79,17.738,279.0,307,False,89.822,"[2048, 2048, 2049, 2048, 2048, 2048, 2049, 2049, 2049]","[2049, 2049, 2048, 2049, 2048, 2048, 2048, 2049, 2049, 2049, 2049]","[2049, 2048, 2049, 2048, 2049, 2048]",306
1256,9999,12,14,2025-04-04T03:04:46.610000+00:00,31.512,40.594,17.393,277.0,309,False,89.499,"[2048, 2048, 2049, 2049, 2049, 2048, 2048, 2048, 2048]","[2048, 2049, 2051, 2048, 2048, 2048, 2048, 2048, 2049, 2049, 2049]","[2048, 2049, 2048, 2051, 2049, 2048]",305
1256,9999,62,12,2025-04-04T03:04:55.781000+00:00,31.344,41.04,17.869,275.0,307,False,90.253,"[2049, 2049, 2048, 2048, 2048, 2049, 2049, 2049, 2049]","[2049, 2049, 2049, 2048, 2048, 2048, 2048, 2049, 2049, 2049, 2049]","[2049, 2048, 2049, 2048, 2048, 2051]",305
1256,9999,14,13,2025-04-04T03:05:01.524000+00:00,,54.866,24.865,202.0,284,True,702.514,"[2064, 2064, 2048, 2048, 2048, 2048, 2048, 2048, 2048]","[2048, 2048, 2048, 2048, 2048, 2048, 2048, 2048, 2048, 2048, 2048]","[2048, 2048, 2048, 2048, 2048, 2048]",214
1256,9999,18,13,2025-04-04T03:05:07.055000+00:00,,55.083,24.982,237.0,284,True,624.379,"[2064, 2064, 2048, 2048, 2048, 2048, 2048, 2048, 2048]","[2048, 2048, 2048, 2048, 2048, 2048, 2048, 2048, 2048, 2048, 2048]","[2048, 2048, 2048, 2048, 2048, 2048]",153
1256,9999,81,13,2025-04-04T03:05:11.311000+00:00,41.012,50.814,26.489,228.0,243,False,118.315,"[None, 2048, 2048, 2048, 2048, 2048, 2048, 2048, 2048]","[2048, 2048, 2048, 2048, 2048, 2048, 2048, 2048, 2048, 2048, 2048]","[2048, 2048, 2048, 2064, 2064, 2064]",205
1256,9999,30,16,2025-04-04T03:05:23.661000+00:00,49.061,56.087,24.826,191.0,267,False,129.974,"[2048, 2048, 2048, 2048, 2048, 2048, 2048, 2048, 2048]","[2048, 2048, 2048, 2048, 2048, 2048, 2048, 2048, 2048, 2048, 2048]","[2048, 2048, 2048, 2064, 2064, 2064]",241
1256,9999,6,16,2025-04-04T03:05:33.184000+00:00,56.163,58.184,30.214,147.0,257,False,144.561,"[2048, 2048, 2048, 2048, 2048, 2048, 2048, 2048, 2048]","[2048, 2048, 2048, 2048, 2048, 2048, 2048, 2048, 2048, 2048, 2048]","[2048, 2048, 2048, 2064, 2064, 2064]",219
1256,9999,55,17,2025-04-04T03:05:41.562000+00:00,49.406,55.835,25.907,178.0,251,False,131.148,"[None, 2048, 2048, 2048, 2048, 2048, 2048, 2048, 2048]","[2048, 2048, 2048, 2048, 2048, 2048, 2048, 2048, 2048, 2048, 2048]","[2048, 2048, 2048, 2064, 2064, 2064]",219
1256,9999,5,13,2025-04-04T03:05:47.367000+00:00,38.505,45.7,23.47,253.0,280,False,107.675,"[2048, 2048, 2048, 2048, 2048, 2048, 2048, 2048, 2048]","[2048, 2048, 2048, 2048, 2048, 2048, 2048, 2048, 2048, 2048, 2048]","[2048, 2048, 2048, 2064, 2064, 2064]",274
1256,9999,23,15,2025-04-04T03:05:48.584000+00:00,31.207,56.733,29.939,277.0,247,False,117.879,"[2048, 2049, 2049, 2048, 2048, 2048, 2048, 2048, 2048]","[2048, 2049, 2049, 2048, 2048, 2048, 2048, 2048, 2048, 2048, 2048]","[2048, 2048, 2048, 2048, 2048, 2048]",149
1256,9999,27,9,2025-04-04T03:05:56.304000+00:00,,49.553,27.691,251.0,280,True,885.771,"[2064, 2064, 2048, 2048, 2048, 2048, 2048, 2048, 2048]","[2048, 2048, 2048, 2048, 2048, 2048, 2048, 2048, 2048, 2048, 2048]","[2048, 2048, 2048, 2048, 2048, 2048]",150
1256,9999,4,12,2025-04-04T03:06:06.423000+00:00,61.09,75.125,28.9,124.0,174,False,165.115,"[2048, 2048, 2048, 2048, 2048, 2048, 2048, 2048, 2048]","[2048, 2048, 2048, 2048, 2048, 2048, 2048, 2048, 2048, 2048, 2048]","[2048, 2048, 2048, 2048, 2049, 2048]",154
1256,9999,10,12,2025-04-04T03:06:09.002000+00:00,56.051,67.689,27.452,145.0,208,False,151.192,"[None, 2048, 2048, 2048, 2048, 2048, 2048, 2048, 2048]","[2048, 2048, 2048, 2048, 2048, 2048, 2048, 2048, 2048, 2048, 2048]","[2048, 2048, 2048, 2048, 2048, 2048]",162
1256,9999,12,15,2025-04-04T03:06:16.059000+00:00,52.027,56.939,24.563,138.0,258,False,133.529,"[None, 2048, 2048, 2048, 2048, 2048, 2048, 2048, 2048]","[2048, 2048, 2048, 2048, 2048, 2048, 2048, 2048, 2048, 2048, 2048]","[2048, 2048, 2048, 2064, 2064, 2064]",221
1256,9999,16,14,2025-04-04T03:06:21.907000+00:00,30.933,40.315,17.787,278.0,307,False,89.035,"[None, 2048, 2049, 2049, 2049, 2051, 2051, 2049, 2048]","[2048, 2051, 2049, 2048, 2048, 2048, 2048, 2051, 2049, 2048, 2049]","[2049, 2048, 2048, 2048, 2048, 2049]",304
1256,9999,31,14,2025-04-04T03:06:25.720000+00:00,31.834,41.26,17.854,273.0,303,False,90.948,"[2048, 2049, 2049, 2049, 2049, 2048, 2048, 2049, 2048]","[2049, 2049, 2049, 2048, 2049, 2049, 2048, 2049, 2049, 2049, 2049]","[2049, 2049, 2049, 2049, 2049]",298
1256,9999,62,13,2025-04-04T03:06:25.916000+00:00,45.274,55.739,24.266,178.0,303,False,125.279,"[2048, 2048, 2048, 2048, 2048, 2048, 2048, 2048, 2048]","[2048, 2048, 2048, 2048, 2048, 2048, 2048, 2048, 2048, 2048, 2048]","[2048, 2048, 2048, 2064, 2064, 2064]",285
1256,9999,22,14,2025-04-04T03:06:31.262000+00:00,31.094,40.457,19.338,278.0,307,False,90.889,"[None, 2048, 2048, 2048, 2049, 2048, 2049, 2049, 2048]","[2048, 2049, 2048, 2049, 2048, 2048, 2048, 2048, 2048, 2049, 2049]","[2049, 2049, 2048, 2048, 2048, 2048]",303
1256,9999,14,14,2025-04-04T03:07:05.800000+00:00,30.964,40.69,17.568,275.0,304,False,89.222,"[2048, 2048, 2049, 2049, 2048, 2049, 2048, 2048, 2048]","[2049, 2049, 2048, 2049, 2048, 2048, 2048, 2049, 2049, 2049, 2049]","[2049, 2051, 2048, 2048, 2049, 2048]",302
1256,9999,18,14,2025-04-04T03:07:13.288000+00:00,31.37,40.767,17.654,275.0,305,False,89.791,"[2048, 2048, 2048, 2048, 2049, 2049, 2048, 2048, 2048]","[2048, 2049, 2048, 2049, 2049, 2048, 2048, 2049, 2049, 2049, 2049]","[2049, 2049, 2049, 2049, 2049]",303
1256,9999,44,13,2025-04-04T03:07:23.730000+00:00,46.172,49.247,19.488,242.0,280,False,114.907,"[None, 2048, 2048, 2048, 2048, 2048, 2048, 2048, 2048]","[2048, 2048, 2048, 2048, 2048, 2048, 2048, 2048, 2048, 2048, 2048]","[2048, 2048, 2048, 2049, 2049, 2049]",279
1256,9999,23,16,2025-04-04T03:07:46.405000+00:00,51.057,50.349,24.307,241.0,268,False,125.713,"[None, 2048, 2048, 2048, 2048, 2048, 2048, 2048, 2048]","[2048, 2048, 2048, 2048, 2048, 2048, 2048, 2048, 2048, 2048, 2048]","[2048, 2048, 2048, 2048, 2048, 2048]",174
1256,9999,27,10,2025-04-04T03:07:50.596000+00:00,31.149,41.005,17.869,277.0,302,False,90.023,"[2049, 2049, 2049, 2049, 2049, 2049, 2049, 2051, 2049]","[2049, 2049, 2048, 2049, 2048, 2048, 2048, 2049, 2049, 2049, 2049]","[2048, 2048, 2049, 2049, 2049]",302
1256,9999,16,15,2025-04-04T03:07:50.862000+00:00,37.942,53.643,25.712,214.0,199,False,117.297,"[2051, 2049, 2048, 2048, 2048, 2048, 2048, 2048, 2048]","[2048, 2048, 2048, 2048, 2048, 2048, 2048, 2048, 2048, 2048, 2048]","[2048, 2048, 2048, 2064, 2064, 2064]",199
1256,9999,31,15,2025-04-04T03:07:56.505000+00:00,42.075,55.305,27.628,209.0,198,False,125.008,"[2049, 2048, 2048, 2048, 2048, 2048, 2048, 2048, 2048]","[2048, 2048, 2048, 2048, 2048, 2048, 2048, 2048, 2048, 2048, 2048]","[2048, 2048, 2048, 2064, 2064, 2064]",199
1256,9999,22,15,2025-04-04T03:08:02.069000+00:00,47.684,51.672,23.496,194.0,271,False,122.852,"[None, 2048, 2048, 2048, 2048, 2048, 2048, 2048, 2048]","[2048, 2048, 2048, 2048, 2048, 2048, 2048, 2048, 2048, 2048, 2048]","[2048, 2048, 2048, 2064, 2064, 2064]",261
1256,9999,30,17,2025-04-04T03:08:04.109000+00:00,72.449,51.125,27.475,224.0,244,True,151.049,"[2064, 2064, 2048, 2048, 2048, 2048, 2048, 2048, 2048]","[2048, 2048, 2048, 2048, 2048, 2048, 2048, 2048, 2048, 2048, 2048]","[2048, 2048, 2048, 2048, 2048, 2048]",166
1256,9999,55,18,2025-04-04T03:08:18.554000+00:00,72.376,58.119,23.749,209.0,259,True,154.244,"[2064, 2064, 2048, 2048, 2048, 2048, 2048, 2048, 2048]","[2048, 2048, 2048, 2048, 2048, 2048, 2048, 2048, 2048, 2048, 2048]","[2048, 2048, 2048, 2048, 2048, 2048]",286
1256,9999,6,17,2025-04-04T03:08:26.040000+00:00,72.871,47.632,19.171,232.0,260,True,139.674,"[2064, 2064, 2048, 2048, 2048, 2048, 2048, 2048, 2048]","[2048, 2048, 2048, 2048, 2048, 2048, 2048, 2048, 2048, 2048, 2048]","[2048, 2048, 2048, 2048, 2048, 2048]",269
1256,9999,14,15,2025-04-04T03:08:34.952000+00:00,55.322,61.739,28.188,193.0,259,False,145.249,"[None, 2048, 2048, 2048, 2048, 2048, 2048, 2048, 2048]","[2048, 2048, 2048, 2048, 2048, 2048, 2048, 2048, 2048, 2048, 2048]","[2048, 2048, 2048, 2064, 2064, 2064]",165
1256,9999,10,13,2025-04-04T03:08:40.294000+00:00,48.27,55.947,24.359,184.0,273,False,128.576,"[None, 2048, 2048, 2048, 2048, 2048, 2048, 2048, 2048]","[2048, 2048, 2048, 2048, 2048, 2048, 2048, 2048, 2048, 2048, 2048]","[2048, 2048, 2048, 2049, 2048, 2049]",139
1256,9999,18,15,2025-04-04T03:08:42.847000+00:00,59.634,69.531,32.793,153.0,220,False,161.958,"[None, 2048, 2048, 2048, 2048, 2048, 2048, 2048, 2048]","[2048, 2048, 2048, 2048, 2048, 2048, 2048, 2048, 2048, 2048, 2048]","[2048, 2048, 2048, 2064, 2064, 2064]",129
1256,9999,4,13,2025-04-04T03:08:51.517000+00:00,30.82,40.108,17.621,278.0,306,False,88.549,"[None, 2048, 2048, 2051, 2049, 2049, 2048, 2049, 2048]","[2048, 2051, 2049, 2048, 2049, 2048, 2048, 2051, 2051, 2049, 2048]","[2048, 2049, 2049, 2049, 2049, 2048]",307
1256,9999,87,11,2025-04-04T03:08:56.557000+00:00,,51.554,25.366,244.0,127,True,649.348,"[2064, 2064, 2048, 2048, 2048, 2048, 2048, 2048, 2048]","[2048, 2048, 2048, 2048, 2048, 2048, 2048, 2048, 2048, 2048, 2048]","[2048, 2048, 2048, 2048, 2048, 2049]",200
1256,9999,62,14,2025-04-04T03:09:04.210000+00:00,90.193,58.501,24.104,150.0,276,True,172.798,"[2064, 2064, 2048, 2048, 2048, 2048, 2048, 2048, 2048]","[2048, 2048, 2048, 2048, 2048, 2048, 2048, 2048, 2048, 2048, 2048]","[2048, 2048, 2048, 2048, 2048, 2048]",257
1256,9999,44,14,2025-04-04T03:09:18.602000+00:00,30.973,40.379,17.699,278.0,305,False,89.051,"[2049, 2048, 2049, 2049, 2049, 2051, 2049, 2048, 2048]","[2048, 2049, 2049, 2048, 2048, 2049, 2049, 2049, 2049, 2049, 2049]","[2049, 2048, 2048, 2048, 2048, 2048]",302
1256,9999,27,11,2025-04-04T03:09:20.405000+00:00,49.45,63.021,27.824,159.0,211,False,140.295,"[2048, 2048, 2048, 2048, 2048, 2048, 2048, 2048, 2048]","[2048, 2048, 2048, 2048, 2048, 2048, 2048, 2048, 2048, 2048, 2048]","[2048, 2048, 2048, 2064, 2064, 2064]",203
1256,9999,23,17,2025-04-04T03:09:52.158000+00:00,31.193,40.499,17.7,278.0,307,False,89.392,"[2049, 2048, 2048, 2048, 2048, 2048, 2048, 2051, 2048]","[2048, 2048, 2048, 2048, 2049, 2048, 2048, 2049, 2049, 2049, 2049]","[2049, 2049, 2048, 2049, 2051, 2049]",305
1256,9999,30,18,2025-04-04T03:10:04.761000+00:00,31.262,40.99,26.382,278.0,304,False,98.634,"[2048, 2048, 2049, 2048, 2048, 2049, 2049, 2049, 2048]","[2048, 2048, 2048, 2048, 2049, 2048, 2048, 2048, 2048, 2048, 2048]","[2048, 2048, 2048, 2064, 2064, 2064]",176
1256,9999,6,18,2025-04-04T03:10:17.682000+00:00,31.009,40.545,17.671,278.0,302,False,89.225,"[2048, 2048, 2048, 2049, 2048, 2049, 2049, 2049, 2048]","[2049, 2049, 2049, 2048, 2049, 2049, 2048, 2049, 2048, 2048, 2048]","[2048, 2048, 2049, 2049, 2049, 2048]",301
1256,9999,4,14,2025-04-04T03:10:19.963000+00:00,34.357,46.993,21.876,257.0,291,False,103.226,"[None, 2048, 2048, 2048, 2048, 2048, 2048, 2048, 2048]","[2048, 2048, 2048, 2048, 2048, 2048, 2048, 2048, 2048, 2048, 2048]","[2048, 2048, 2048, 2064, 2064, 2064]",274
1256,9999,55,19,2025-04-04T03:10:27.136000+00:00,31.13,40.74,17.463,279.0,307,False,89.333,"[2048, 2048, 2048, 2049, 2048, 2049, 2049, 2049, 2048]","[2049, 2048, 2049, 2048, 2048, 2048, 2048, 2049, 2048, 2048, 2048]","[2048, 2051, 2049, 2049, 2049, 2048]",305
1256,9999,44,15,2025-04-04T03:10:47.622000+00:00,35.32,45.978,21.655,260.0,283,False,102.953,"[2048, 2048, 2048, 2048, 2048, 2048, 2048, 2048, 2048]","[2048, 2048, 2048, 2048, 2048, 2048, 2048, 2048, 2048, 2048, 2048]","[2048, 2048, 2048, 2064, 2064, 2064]",249
1256,9999,10,14,2025-04-04T03:10:48.914000+00:00,31.13,40.835,17.582,275.0,306,False,89.547,"[2049, 2048, 2048, 2048, 2049, 2049, 2049, 2048, 2048]","[2048, 2049, 2048, 2049, 2048, 2048, 2048, 2048, 2049, 2049, 2048]","[2048, 2048, 2049, 2049, 2049, 2048]",306
1256,9999,87,12,2025-04-04T03:10:54.126000+00:00,31.588,41.135,17.684,276.0,300,False,90.407,"[2049, 2048, 2049, 2049, 2048, 2049, 2049, 2049, 2048]","[2049, 2049, 2048, 2049, 2049, 2048, 2048, 2048, 2048, 2048, 2048]","[2049, 2049, 2049, 2048, 2049, 2048]",302
1256,9999,23,18,2025-04-04T03:11:21.525000+00:00,45.379,47.61,23.564,254.0,240,False,116.553,"[2048, 2048, 2048, 2048, 2048, 2048, 2048, 2048, 2048]","[2048, 2048, 2048, 2048, 2048, 2048, 2048, 2048, 2048, 2048, 2048]","[2048, 2048, 2048, 2064, 2064, 2064]",240
1256,9999,62,15,2025-04-04T03:11:24.094000+00:00,30.916,40.799,17.679,276.0,306,False,89.394,"[2049, 2049, 2049, 2049, 2049, 2049, 2051, 2049, 2049]","[2049, 2049, 2049, 2048, 2049, 2048, 2048, 2049, 2049, 2049, 2049]","[2048, 2049, 2049, 2049, 2049]",305
1256,9999,14,16,2025-04-04T03:11:32.933000+00:00,77.71,55.086,22.598,211.0,283,True,155.394,"[2064, 2064, 2048, 2048, 2048, 2048, 2048, 2048, 2048]","[2048, 2048, 2048, 2048, 2048, 2048, 2048, 2048, 2048, 2048, 2048]","[2048, 2048, 2048, 2048, 2048, 2049]",223
1256,9999,6,19,2025-04-04T03:11:46.759000+00:00,42.277,47.546,22.46,232.0,299,False,112.283,"[None, 2048, 2048, 2048, 2048, 2048, 2048, 2048, 2048]","[2048, 2048, 2048, 2048, 2048, 2048, 2048, 2048, 2048, 2048, 2048]","[2048, 2048, 2048, 2064, 2064, 2064]",298
1256,9999,18,16,2025-04-04T03:11:51.661000+00:00,78.564,54.816,19.642,226.0,284,True,153.022,"[2064, 2064, 2048, 2048, 2048, 2048, 2048, 2048, 2048]","[2048, 2048, 2048, 2048, 2048, 2048, 2048, 2048, 2048, 2048, 2048]","[2048, 2048, 2048, 2048, 2048, 2048]",256
1256,9999,55,20,2025-04-04T03:11:56.419000+00:00,39.832,47.392,22.251,244.0,241,False,109.475,"[None, 2048, 2048, 2048, 2048, 2048, 2048, 2048, 2048]","[2048, 2048, 2048, 2048, 2048, 2048, 2048, 2048, 2048, 2048, 2048]","[2048, 2048, 2048, 2064, 2064, 2064]",239
1256,9999,63,16,2025-04-04T03:12:04.887000+00:00,,42.478,20.324,264.0,303,True,447.153,"[2064, 2064, 2048, 2048, 2048, 2048, 2048, 2048, 2048]","[2048, 2048, 2048, 2048, 2048, 2048, 2048, 2048, 2048, 2048, 2048]","[2048, 2048, 2048, 2048, 2048, 2048]",301
1256,9999,27,12,2025-04-04T03:12:12.645000+00:00,72.762,48.367,27.77,192.0,214,True,148.899,"[2064, 2064, 2048, 2048, 2048, 2048, 2048, 2048, 2048]","[2048, 2048, 2048, 2048, 2048, 2048, 2048, 2048, 2048, 2048, 2048]","[2048, 2048, 2048, 2048, 2048, 2048]",199
1256,9999,10,15,2025-04-04T03:12:18.316000+00:00,42.404,52.395,25.954,207.0,240,False,120.753,"[2048, 2048, 2048, 2048, 2048, 2048, 2048, 2048, 2048]","[2048, 2048, 2048, 2048, 2048, 2048, 2048, 2048, 2048, 2048, 2048]","[2048, 2048, 2048, 2064, 2064, 2064]",225
1256,9999,5,14,2025-04-04T03:12:24.229000+00:00,,44.343,18.818,260.0,300,True,407.613,"[2064, 2064, 2048, 2048, 2048, 2048, 2048, 2048, 2048]","[2048, 2048, 2048, 2048, 2048, 2048, 2048, 2048, 2048, 2048, 2048]","[2048, 2048, 2048, 2048, 2048, 2048]",292
1256,9999,87,13,2025-04-04T03:12:24.503000+00:00,45.738,65.253,28.168,156.0,239,False,139.159,"[2048, 2048, 2048, 2048, 2048, 2048, 2048, 2048, 2048]","[2048, 2048, 2048, 2048, 2048, 2048, 2048, 2048, 2048, 2048, 2048]","[2048, 2048, 2048, 2064, 2064, 2064]",191
1256,9999,62,16,2025-04-04T03:12:53.299000+00:00,39.881,50.722,24.546,235.0,240,False,115.149,"[2048, 2048, 2048, 2048, 2048, 2048, 2048, 2048, 2048]","[2048, 2048, 2048, 2048, 2048, 2048, 2048, 2048, 2048, 2048, 2048]","[2048, 2048, 2048, 2064, 2064, 2064]",220
1256,9999,12,16,2025-04-04T03:13:08.682000+00:00,,45.502,18.314,263.0,302,True,398.974,"[2064, 2064, 2048, 2048, 2048, 2048, 2048, 2048, 2048]","[2048, 2048, 2048, 2048, 2048, 2048, 2048, 2048, 2048, 2048, 2048]","[2048, 2048, 2048, 2048, 2048, 2048]",302
1256,9999,14,17,2025-04-04T03:13:35.611000+00:00,30.895,40.808,17.962,275.0,305,False,89.665,"[2048, 2048, 2048, 2049, 2048, 2049, 2049, 2048, 2048]","[2049, 2048, 2048, 2048, 2048, 2048, 2048, 2049, 2049, 2049, 2049]","[2049, 2049, 2048, 2048, 2048, 2048]",304
1256,9999,18,17,2025-04-04T03:13:58.009000+00:00,31.158,40.807,17.793,275.0,306,False,89.758,"[2048, 2048, 2048, 2049, 2048, 2049, 2049, 2049, 2048]","[2049, 2048, 2049, 2048, 2048, 2048, 2048, 2049, 2049, 2049, 2049]","[2049, 2051, 2048, 2048, 2048, 2048]",305
1256,9999,63,17,2025-04-04T03:14:02.525000+00:00,32.819,42.294,18.225,269.0,302,False,93.338,"[2048, 2048, 2048, 2048, 2048, 2048, 2048, 2048, 2048]","[2048, 2048, 2048, 2048, 2048, 2048, 2048, 2048, 2048, 2048, 2048]","[2048, 2048, 2048, 2048, 2048, 2048]",304
1256,9999,27,13,2025-04-04T03:14:09.806000+00:00,31.39,41.23,21.347,275.0,286,False,93.967,"[2048, 2048, 2049, 2048, 2049, 2048, 2048, 2048, 2048]","[2048, 2049, 2049, 2048, 2049, 2048, 2048, 2048, 2049, 2048, 2048]","[2048, 2048, 2048, 2064, 2064, 2064]",285
1256,9999,5,15,2025-04-04T03:14:22.763000+00:00,33.467,42.495,18.26,271.0,300,False,94.222,"[2048, 2048, 2048, 2048, 2048, 2048, 2048, 2048, 2048]","[2048, 2048, 2048, 2048, 2048, 2048, 2048, 2048, 2048, 2048, 2048]","[2048, 2048, 2048, 2048, 2048, 2048]",299
1256,9999,1,12,2025-04-04T03:14:28.717000+00:00,,44.376,19.215,265.0,298,True,614.83,"[2064, 2064, 2048, 2048, 2048, 2048, 2048, 2048, 2048]","[2048, 2048, 2048, 2048, 2048, 2048, 2048, 2048, 2048, 2048, 2048]","[2048, 2048, 2048, 2048, 2048, 2048]",281
1256,9999,81,14,2025-04-04T03:14:46.885000+00:00,,43.218,18.357,268.0,300,True,577.754,"[2064, 2064, 2048, 2048, 2048, 2048, 2048, 2048, 2048]","[2048, 2048, 2048, 2048, 2048, 2048, 2048, 2048, 2048, 2048, 2048]","[2048, 2048, 2048, 2048, 2048, 2048]",290
1256,9999,14,18,2025-04-04T03:15:05.295000+00:00,37.647,56.138,29.098,186.0,282,False,122.883,"[None, 2048, 2048, 2048, 2048, 2048, 2048, 2048, 2048]","[2048, 2048, 2048, 2048, 2048, 2048, 2048, 2048, 2048, 2048, 2048]","[2048, 2048, 2048, 2064, 2064, 2064]",201
1256,9999,12,17,2025-04-04T03:15:08.498000+00:00,34.465,42.709,18.262,269.0,301,False,95.436,"[2048, 2048, 2048, 2048, 2048, 2048, 2048, 2048, 2048]","[2048, 2048, 2048, 2048, 2048, 2048, 2048, 2048, 2048, 2048, 2048]","[2048, 2048, 2048, 2048, 2048, 2048]",302
1256,9999,16,16,2025-04-04T03:15:25.413000+00:00,,43.151,21.399,263.0,299,True,449.207,"[2064, 2064, 2048, 2048, 2048, 2048, 2048, 2048, 2048]","[2048, 2048, 2048, 2048, 2048, 2048, 2048, 2048, 2048, 2048, 2048]","[2048, 2048, 2048, 2048, 2048, 2048]",299
1256,9999,18,18,2025-04-04T03:15:27.580000+00:00,53.195,50.398,22.303,222.0,284,False,125.896,"[None, 2048, 2048, 2048, 2048, 2048, 2048, 2048, 2048]","[2048, 2048, 2048, 2048, 2048, 2048, 2048, 2048, 2048, 2048, 2048]","[2048, 2048, 2048, 2064, 2064, 2064]",270
1256,9999,63,18,2025-04-04T03:15:35.825000+00:00,32.588,42.634,18.325,271.0,303,False,93.547,"[None, 2048, 2048, 2048, 2048, 2048, 2048, 2048, 2048]","[2048, 2048, 2048, 2048, 2048, 2048, 2048, 2048, 2048, 2048, 2048]","[2048, 2048, 2048, 2048, 2048, 2048]",303
1256,9999,5,16,2025-04-04T03:15:57.025000+00:00,33.319,42.49,18.928,264.0,302,False,94.737,"[None, 2048, 2048, 2048, 2048, 2048, 2048, 2048, 2048]","[2048, 2048, 2048, 2048, 2048, 2048, 2048, 2048, 2048, 2048, 2048]","[2048, 2048, 2048, 2048, 2048, 2048]",296
1256,9999,1,13,2025-04-04T03:16:19.858000+00:00,33.81,42.82,18.344,270.0,300,False,94.974,"[2048, 2048, 2048, 2048, 2048, 2048, 2048, 2048, 2048]","[2048, 2048, 2048, 2048, 2048, 2048, 2048, 2048, 2048, 2048, 2048]","[2048, 2048, 2048, 2048, 2048, 2048]",287
1256,9999,12,18,2025-04-04T03:16:44.051000+00:00,33.24,42.485,18.285,272.0,302,False,94.01,"[None, 2048, 2048, 2048, 2048, 2048, 2048, 2048, 2048]","[2048, 2048, 2048, 2048, 2048, 2048, 2048, 2048, 2048, 2048, 2048]","[2048, 2048, 2048, 2048, 2048, 2048]",302
1256,9999,81,15,2025-04-04T03:16:47.549000+00:00,33.466,42.509,18.119,267.0,302,False,94.094,"[2048, 2048, 2048, 2048, 2048, 2048, 2048, 2048, 2048]","[2048, 2048, 2048, 2048, 2048, 2048, 2048, 2048, 2048, 2048, 2048]","[2048, 2048, 2048, 2048, 2048, 2048]",302
1256,9999,63,19,2025-04-04T03:17:09.417000+00:00,32.599,42.327,18.329,273.0,302,False,93.255,"[None, 2048, 2048, 2048, 2048, 2048, 2048, 2048, 2048]","[2048, 2048, 2048, 2048, 2048, 2048, 2048, 2048, 2048, 2048, 2048]","[2048, 2048, 2048, 2048, 2048, 2048]",303
1256,9999,16,17,2025-04-04T03:17:17.416000+00:00,33.036,42.259,18.209,273.0,300,False,93.504,"[2048, 2048, 2048, 2048, 2048, 2048, 2048, 2048, 2048]","[2048, 2048, 2048, 2048, 2048, 2048, 2048, 2048, 2048, 2048, 2048]","[2048, 2048, 2048, 2048, 2048, 2048]",301
1256,9999,4,15,2025-04-04T03:17:22.038000+00:00,,42.395,18.445,264.0,300,True,435.319,"[2064, 2064, 2048, 2048, 2048, 2048, 2048, 2048, 2048]","[2048, 2048, 2048, 2048, 2048, 2048, 2048, 2048, 2048, 2048, 2048]","[2048, 2048, 2048, 2048, 2048, 2048]",289
1256,9999,5,17,2025-04-04T03:17:31.867000+00:00,33.309,42.538,18.495,268.0,299,False,94.342,"[None, 2048, 2048, 2048, 2048, 2048, 2048, 2048, 2048]","[2048, 2048, 2048, 2048, 2048, 2048, 2048, 2048, 2048, 2048, 2048]","[2048, 2048, 2048, 2048, 2048, 2048]",296
1256,9999,22,16,2025-04-04T03:17:50.299000+00:00,,47.125,18.351,265.0,299,True,573.247,"[2064, 2064, 2048, 2048, 2048, 2048, 2048, 2048, 2048]","[2048, 2048, 2048, 2048, 2048, 2048, 2048, 2048, 2048, 2048, 2048]","[2048, 2048, 2048, 2048, 2048, 2048]",296
1256,9999,1,14,2025-04-04T03:17:54.816000+00:00,33.725,42.635,18.373,273.0,301,False,94.733,"[None, 2048, 2048, 2048, 2048, 2048, 2048, 2048, 2048]","[2048, 2048, 2048, 2048, 2048, 2048, 2048, 2048, 2048, 2048, 2048]","[2048, 2048, 2048, 2048, 2048, 2048]",289
1256,9999,30,19,2025-04-04T03:17:58.078000+00:00,,44.067,21.356,264.0,295,True,489.466,"[2064, 2064, 2048, 2048, 2048, 2048, 2048, 2048, 2048]","[2048, 2048, 2048, 2048, 2048, 2048, 2048, 2048, 2048, 2048, 2048]","[2048, 2048, 2048, 2064, 2064, 2064]",292
1256,9999,44,16,2025-04-04T03:18:17.349000+00:00,,44.237,18.613,257.0,297,True,457.244,"[2064, 2064, 2048, 2048, 2048, 2048, 2048, 2048, 2048]","[2048, 2048, 2048, 2048, 2048, 2048, 2048, 2048, 2048, 2048, 2048]","[2048, 2048, 2048, 2048, 2048, 2048]",294
1256,9999,12,19,2025-04-04T03:18:18.005000+00:00,33.369,42.92,18.175,274.0,302,False,94.464,"[None, 2048, 2048, 2048, 2048, 2048, 2048, 2048, 2048]","[2048, 2048, 2048, 2048, 2048, 2048, 2048, 2048, 2048, 2048, 2048]","[2048, 2048, 2048, 2048, 2048, 2048]",302
1256,9999,81,16,2025-04-04T03:18:21.626000+00:00,32.957,42.288,18.27,271.0,302,False,93.515,"[None, 2048, 2048, 2048, 2048, 2048, 2048, 2048, 2048]","[2048, 2048, 2048, 2048, 2048, 2048, 2048, 2048, 2048, 2048, 2048]","[2048, 2048, 2048, 2048, 2048, 2048]",303
1256,9999,63,20,2025-04-04T03:18:42.638000+00:00,32.589,42.278,18.323,275.0,302,False,93.19,"[None, 2048, 2048, 2048, 2048, 2048, 2048, 2048, 2048]","[2048, 2048, 2048, 2048, 2048, 2048, 2048, 2048, 2048, 2048, 2048]","[2048, 2048, 2048, 2048, 2048, 2048]",302
1256,9999,16,18,2025-04-04T03:18:50.817000+00:00,32.863,42.124,18.236,267.0,301,False,93.223,"[None, 2048, 2048, 2048, 2048, 2048, 2048, 2048, 2048]","[2048, 2048, 2048, 2048, 2048, 2048, 2048, 2048, 2048, 2048, 2048]","[2048, 2048, 2048, 2048, 2048, 2048]",298
1256,9999,6,20,2025-04-04T03:18:51.062000+00:00,,43.194,20.907,268.0,299,True,426.979,"[2064, 2064, 2048, 2048, 2048, 2048, 2048, 2048, 2048]","[2048, 2048, 2048, 2048, 2048, 2048, 2048, 2048, 2048, 2048, 2048]","[2048, 2048, 2048, 2064, 2064, 2064]",295
1256,9999,5,18,2025-04-04T03:19:06.129000+00:00,33.299,42.436,18.464,267.0,301,False,94.199,"[None, 2048, 2048, 2048, 2048, 2048, 2048, 2048, 2048]","[2048, 2048, 2048, 2048, 2048, 2048, 2048, 2048, 2048, 2048, 2048]","[2048, 2048, 2048, 2048, 2048, 2048]",294
1256,9999,4,16,2025-04-04T03:19:18.493000+00:00,33.016,42.29,18.233,268.0,302,False,93.539,"[2048, 2048, 2048, 2048, 2048, 2048, 2048, 2048, 2048]","[2048, 2048, 2048, 2048, 2048, 2048, 2048, 2048, 2048, 2048, 2048]","[2048, 2048, 2048, 2048, 2048, 2048]",300
1256,9999,1,15,2025-04-04T03:19:29.428000+00:00,33.443,42.466,18.374,275.0,301,False,94.283,"[None, 2048, 2048, 2048, 2048, 2048, 2048, 2048, 2048]","[2048, 2048, 2048, 2048, 2048, 2048, 2048, 2048, 2048, 2048, 2048]","[2048, 2048, 2048, 2048, 2048, 2048]",286
1256,9999,22,17,2025-04-04T03:19:38.277000+00:00,33.74,42.485,18.253,274.0,300,False,94.478,"[2048, 2048, 2048, 2048, 2048, 2048, 2048, 2048, 2048]","[2048, 2048, 2048, 2048, 2048, 2048, 2048, 2048, 2048, 2048, 2048]","[2048, 2048, 2048, 2048, 2048, 2048]",298
1256,9999,12,20,2025-04-04T03:19:52.463000+00:00,33.08,42.432,18.142,276.0,303,False,93.654,"[None, 2048, 2048, 2048, 2048, 2048, 2048, 2048, 2048]","[2048, 2048, 2048, 2048, 2048, 2048, 2048, 2048, 2048, 2048, 2048]","[2048, 2048, 2048, 2048, 2048, 2048]",301
1256,9999,81,17,2025-04-04T03:19:55.053000+00:00,32.741,42.272,18.137,276.0,303,False,93.15,"[None, 2048, 2048, 2048, 2048, 2048, 2048, 2048, 2048]","[2048, 2048, 2048, 2048, 2048, 2048, 2048, 2048, 2048, 2048, 2048]","[2048, 2048, 2048, 2048, 2048, 2048]",302
1256,9999,44,17,2025-04-04T03:20:07.885000+00:00,33.726,42.454,18.296,272.0,300,False,94.476,"[2048, 2048, 2048, 2048, 2048, 2048, 2048, 2048, 2048]","[2048, 2048, 2048, 2048, 2048, 2048, 2048, 2048, 2048, 2048, 2048]","[2048, 2048, 2048, 2048, 2048, 2048]",295
1256,9999,63,21,2025-04-04T03:20:15.882000+00:00,32.376,42.254,18.317,276.0,303,False,92.947,"[None, 2048, 2048, 2048, 2048, 2048, 2048, 2048, 2048]","[2048, 2048, 2048, 2048, 2048, 2048, 2048, 2048, 2048, 2048, 2048]","[2048, 2048, 2048, 2048, 2048, 2048]",303
1256,9999,10,16,2025-04-04T03:20:18.633000+00:00,,42.863,18.259,269.0,301,True,474.349,"[2064, 2064, 2048, 2048, 2048, 2048, 2048, 2048, 2048]","[2048, 2048, 2048, 2048, 2048, 2048, 2048, 2048, 2048, 2048, 2048]","[2048, 2048, 2048, 2048, 2048, 2048]",303
1256,9999,30,20,2025-04-04T03:20:20.433000+00:00,60.274,43.343,18.593,272.0,298,True,122.21,"[None, 2064, 2048, 2048, 2048, 2048, 2048, 2048, 2048]","[2048, 2048, 2048, 2048, 2048, 2048, 2048, 2048, 2048, 2048, 2048]","[2048, 2048, 2048, 2048, 2048, 2048]",294
1256,9999,16,19,2025-04-04T03:20:24.162000+00:00,32.857,42.702,24.058,271.0,301,False,99.617,"[None, 2048, 2048, 2048, 2048, 2048, 2048, 2048, 2048]","[2048, 2048, 2048, 2048, 2048, 2048, 2048, 2048, 2048, 2048, 2048]","[2048, 2048, 2048, 2048, 2048, 2048]",297
1256,9999,5,19,2025-04-04T03:20:40.328000+00:00,33.167,42.866,18.526,270.0,302,False,94.559,"[None, 2048, 2048, 2048, 2048, 2048, 2048, 2048, 2048]","[2048, 2048, 2048, 2048, 2048, 2048, 2048, 2048, 2048, 2048, 2048]","[2048, 2048, 2048, 2048, 2048, 2048]",296
1256,9999,62,17,2025-04-04T03:20:40.570000+00:00,,42.767,18.526,274.0,299,True,463.311,"[2064, 2064, 2048, 2048, 2048, 2048, 2048, 2048, 2048]","[2048, 2048, 2048, 2048, 2048, 2048, 2048, 2048, 2048, 2048, 2048]","[2048, 2048, 2048, 2048, 2048, 2048]",301
1256,9999,4,17,2025-04-04T03:20:52.093000+00:00,32.97,42.083,18.262,273.0,301,False,93.315,"[None, 2048, 2048, 2048, 2048, 2048, 2048, 2048, 2048]","[2048, 2048, 2048, 2048, 2048, 2048, 2048, 2048, 2048, 2048, 2048]","[2048, 2048, 2048, 2048, 2048, 2048]",303
1256,9999,1,16,2025-04-04T03:21:03.801000+00:00,33.276,42.481,18.3,277.0,300,False,94.057,"[None, 2048, 2048, 2048, 2048, 2048, 2048, 2048, 2048]","[2048, 2048, 2048, 2048, 2048, 2048, 2048, 2048, 2048, 2048, 2048]","[2048, 2048, 2048, 2048, 2048, 2048]",291
1256,9999,6,21,2025-04-04T03:21:07.822000+00:00,54.536,42.672,18.411,273.0,298,True,115.619,"[None, 2064, 2048, 2048, 2048, 2048, 2048, 2048, 2048]","[2048, 2048, 2048, 2048, 2048, 2048, 2048, 2048, 2048, 2048, 2048]","[2048, 2048, 2048, 2048, 2048, 2048]",297
1256,9999,22,18,2025-04-04T03:21:12.766000+00:00,33.281,42.77,18.452,276.0,300,False,94.503,"[None, 2048, 2048, 2048, 2048, 2048, 2048, 2048, 2048]","[2048, 2048, 2048, 2048, 2048, 2048, 2048, 2048, 2048, 2048, 2048]","[2048, 2048, 2048, 2048, 2048, 2048]",300
1256,9999,55,21,2025-04-04T03:21:16.298000+00:00,,44.692,18.691,270.0,297,True,564.55,"[2064, 2064, 2048, 2048, 2048, 2048, 2048, 2048, 2048]","[2048, 2048, 2048, 2048, 2048, 2048, 2048, 2048, 2048, 2048, 2048]","[2048, 2048, 2048, 2048, 2048, 2048]",295
1256,9999,12,21,2025-04-04T03:21:26.100000+00:00,33.013,42.537,18.366,,300,False,93.916,"[None, 2048, 2048, 2048, 2048, 2048, 2048, 2048, 2048]","[2048, 2048, 2048, 2048, 2048, 2048, 2048, 2048, 2048, 2048, 2048]","[2048, 2048, 2048, 2048, 2048, 2048]",302
1256,9999,81,18,2025-04-04T03:21:28.302000+00:00,32.54,42.262,18.287,277.0,302,False,93.089,"[None, 2048, 2048, 2048, 2048, 2048, 2048, 2048, 2048]","[2048, 2048, 2048, 2048, 2048, 2048, 2049, 2048, 2048, 2048, 2048]","[2048, 2048, 2048, 2048, 2048, 2048]",305
1256,9999,44,18,2025-04-04T03:21:42.338000+00:00,33.451,42.602,18.25,270.0,298,False,94.303,"[None, 2048, 2048, 2048, 2048, 2048, 2048, 2048, 2048]","[2048, 2048, 2048, 2048, 2048, 2048, 2048, 2048, 2048, 2048, 2048]","[2048, 2048, 2048, 2048, 2048, 2048]",298
1256,9999,63,22,2025-04-04T03:21:48.763000+00:00,32.496,42.152,18.29,277.0,302,False,92.938,"[None, 2048, 2048, 2048, 2048, 2048, 2048, 2048, 2048]","[2048, 2048, 2048, 2048, 2048, 2048, 2048, 2048, 2048, 2048, 2048]","[2048, 2048, 2048, 2048, 2048, 2048]",303
1256,9999,30,21,2025-04-04T03:21:55.029000+00:00,33.484,42.908,18.524,273.0,298,False,94.916,"[2048, 2048, 2048, 2048, 2048, 2048, 2048, 2048, 2048]","[2048, 2048, 2048, 2048, 2048, 2048, 2048, 2048, 2048, 2048, 2048]","[2048, 2048, 2048, 2048, 2048, 2048]",293
1256,9999,27,14,2025-04-04T03:21:58.119000+00:00,,43.085,18.43,267.0,299,True,477.414,"[2064, 2064, 2048, 2048, 2048, 2048, 2048, 2048, 2048]","[2048, 2048, 2048, 2048, 2048, 2048, 2048, 2048, 2048, 2048, 2048]","[2048, 2048, 2048, 2048, 2048, 2048]",296
1256,9999,16,20,2025-04-04T03:22:03.778000+00:00,32.838,42.514,18.367,269.0,300,False,93.719,"[None, 2048, 2048, 2048, 2048, 2048, 2048, 2048, 2048]","[2048, 2048, 2048, 2048, 2048, 2048, 2048, 2048, 2048, 2048, 2048]","[2048, 2048, 2048, 2048, 2048, 2048]",298
1256,9999,18,19,2025-04-04T03:22:06.210000+00:00,,46.137,18.624,268.0,299,True,391.76,"[2064, 2064, 2048, 2048, 2048, 2048, 2048, 2048, 2048]","[2048, 2048, 2048, 2048, 2048, 2048, 2048, 2048, 2048, 2048, 2048]","[2048, 2048, 2048, 2048, 2048, 2048]",295
1256,9999,10,17,2025-04-04T03:22:13.451000+00:00,33.268,42.639,18.422,,304,False,94.329,"[2048, 2048, 2048, 2048, 2048, 2048, 2048, 2048, 2048]","[2048, 2048, 2048, 2048, 2048, 2048, 2048, 2048, 2048, 2048, 2048]","[2048, 2048, 2048, 2048, 2048, 2048]",300
1256,9999,5,20,2025-04-04T03:22:14.809000+00:00,33.326,42.812,18.512,268.0,303,False,94.65,"[None, 2048, 2048, 2048, 2048, 2048, 2048, 2048, 2048]","[2048, 2048, 2048, 2048, 2048, 2048, 2048, 2048, 2048, 2048, 2048]","[2048, 2048, 2048, 2048, 2048, 2048]",298
1256,9999,14,19,2025-04-04T03:22:18.282000+00:00,,43.421,18.962,270.0,300,True,406.324,"[2064, 2064, 2048, 2048, 2048, 2048, 2048, 2048, 2048]","[2048, 2048, 2048, 2048, 2048, 2048, 2048, 2048, 2048, 2048, 2048]","[2048, 2048, 2048, 2048, 2048, 2048]",287
1256,9999,4,18,2025-04-04T03:22:25.395000+00:00,32.708,42.335,18.204,275.0,303,False,93.247,"[None, 2048, 2048, 2048, 2048, 2048, 2048, 2048, 2048]","[2048, 2048, 2048, 2048, 2048, 2048, 2048, 2048, 2048, 2048, 2048]","[2048, 2048, 2048, 2048, 2048, 2048]",303
1256,9999,23,19,2025-04-04T03:22:26.153000+00:00,,42.688,18.197,272.0,303,True,652.076,"[2064, 2064, 2048, 2048, 2048, 2048, 2048, 2048, 2048]","[2048, 2048, 2048, 2048, 2048, 2048, 2048, 2048, 2048, 2048, 2048]","[2048, 2048, 2048, 2048, 2048, 2048]",300
1256,9999,62,18,2025-04-04T03:22:31.972000+00:00,33.322,42.721,18.454,269.0,304,False,94.497,"[2048, 2048, 2048, 2048, 2048, 2048, 2048, 2048, 2048]","[2048, 2048, 2048, 2048, 2048, 2048, 2048, 2048, 2048, 2048, 2048]","[2048, 2048, 2048, 2048, 2048, 2048]",300
1256,9999,1,17,2025-04-04T03:22:37.815000+00:00,33.088,42.558,21.364,278.0,305,False,97.01,"[None, 2048, 2048, 2048, 2048, 2048, 2048, 2048, 2048]","[2048, 2048, 2048, 2048, 2048, 2048, 2048, 2048, 2048, 2048, 2048]","[2049, 2048, 2048, 2048, 2048, 2048]",294
1256,9999,31,16,2025-04-04T03:22:39.672000+00:00,,54.068,19.734,187.0,281,True,882.396,"[2064, 2064, 2048, 2048, 2048, 2048, 2048, 2048, 2048]","[2048, 2048, 2048, 2048, 2048, 2048, 2048, 2048, 2048, 2048, 2048]","[2048, 2048, 2048, 2048, 2048, 2048]",253
1256,9999,6,22,2025-04-04T03:22:41.718000+00:00,33.409,42.678,18.412,275.0,301,False,94.499,"[2048, 2048, 2048, 2048, 2048, 2048, 2048, 2048, 2048]","[2048, 2048, 2048, 2048, 2048, 2048, 2048, 2048, 2048, 2048, 2048]","[2048, 2048, 2048, 2048, 2048, 2048]",297
1256,9999,22,19,2025-04-04T03:22:47.191000+00:00,33.474,42.844,18.375,,302,False,94.693,"[None, 2048, 2048, 2048, 2048, 2048, 2048, 2048, 2048]","[2048, 2048, 2048, 2048, 2048, 2048, 2048, 2048, 2048, 2048, 2048]","[2048, 2048, 2048, 2048, 2048, 2048]",301
1256,9999,12,22,2025-04-04T03:23:00.089000+00:00,32.9,43.179,18.339,277.0,303,False,94.418,"[None, 2048, 2048, 2048, 2048, 2048, 2048, 2048, 2048]","[2048, 2048, 2048, 2048, 2048, 2048, 2048, 2048, 2048, 2048, 2048]","[2048, 2048, 2048, 2048, 2048, 2048]",304
1256,9999,81,19,2025-04-04T03:23:01.360000+00:00,32.696,42.71,18.242,280.0,305,False,93.648,"[None, 2048, 2048, 2048, 2048, 2048, 2048, 2048, 2049]","[2048, 2048, 2048, 2048, 2048, 2048, 2049, 2048, 2048, 2048, 2048]","[2049, 2048, 2048, 2048, 2048, 2048]",307
1256,9999,55,22,2025-04-04T03:23:10.464000+00:00,33.271,42.211,18.524,274.0,303,False,94.006,"[2048, 2048, 2048, 2048, 2048, 2048, 2048, 2048, 2048]","[2048, 2048, 2048, 2048, 2048, 2048, 2048, 2048, 2048, 2048, 2048]","[2048, 2048, 2048, 2048, 2048, 2048]",300
1256,9999,44,19,2025-04-04T03:23:16.607000+00:00,32.966,42.45,18.201,269.0,300,False,93.617,"[None, 2048, 2048, 2048, 2048, 2048, 2048, 2048, 2048]","[2048, 2048, 2048, 2048, 2048, 2048, 2048, 2048, 2048, 2048, 2048]","[2048, 2048, 2048, 2048, 2048, 2048]",300
1256,9999,63,23,2025-04-04T03:23:21.764000+00:00,32.42,44.058,18.254,276.0,301,False,94.732,"[None, 2048, 2048, 2048, 2048, 2048, 2048, 2048, 2048]","[2048, 2048, 2048, 2048, 2048, 2048, 2048, 2048, 2048, 2048, 2048]","[2048, 2048, 2048, 2048, 2048, 2048]",305
1256,9999,30,22,2025-04-04T03:23:30+00:00,33.239,42.755,18.79,276.0,298,False,94.784,"[None, 2048, 2048, 2048, 2048, 2048, 2048, 2048, 2048]","[2048, 2048, 2048, 2048, 2048, 2048, 2048, 2048, 2048, 2048, 2048]","[2048, 2048, 2048, 2048, 2048, 2048]",297
1256,9999,16,21,2025-04-04T03:23:37.411000+00:00,32.664,42.58,18.28,272.0,301,False,93.524,"[None, 2048, 2048, 2048, 2048, 2048, 2048, 2048, 2048]","[2048, 2048, 2048, 2048, 2048, 2048, 2048, 2048, 2048, 2048, 2048]","[2048, 2048, 2048, 2048, 2048, 2048]",301
1256,9999,27,15,2025-04-04T03:23:41.132000+00:00,33.005,42.104,18.238,274.0,299,False,93.347,"[2048, 2048, 2048, 2048, 2048, 2048, 2048, 2048, 2048]","[2048, 2048, 2048, 2048, 2048, 2048, 2048, 2048, 2048, 2048, 2048]","[2048, 2048, 2048, 2048, 2048, 2048]",301
1256,9999,10,18,2025-04-04T03:23:47.741000+00:00,33.018,42.576,18.171,,304,False,93.765,"[None, 2048, 2048, 2048, 2048, 2048, 2048, 2048, 2048]","[2048, 2048, 2048, 2048, 2048, 2048, 2048, 2048, 2048, 2048, 2048]","[2048, 2048, 2048, 2048, 2048, 2048]",303
1256,9999,5,21,2025-04-04T03:23:49.458000+00:00,32.979,42.693,18.32,270.0,302,False,93.992,"[None, 2048, 2048, 2048, 2048, 2048, 2048, 2048, 2048]","[2048, 2048, 2048, 2048, 2048, 2048, 2048, 2048, 2048, 2048, 2048]","[2048, 2048, 2048, 2048, 2048, 2048]",300
1256,9999,14,20,2025-04-04T03:23:54.598000+00:00,32.924,42.286,18.111,275.0,301,False,93.321,"[2048, 2048, 2048, 2048, 2048, 2048, 2048, 2048, 2048]","[2048, 2048, 2048, 2048, 2048, 2048, 2048, 2048, 2048, 2048, 2048]","[2048, 2048, 2048, 2048, 2048, 2048]",300
1256,9999,4,19,2025-04-04T03:23:58.742000+00:00,32.493,42.22,18.227,,302,False,92.94,"[None, 2048, 2048, 2048, 2048, 2048, 2048, 2048, 2048]","[2048, 2048, 2048, 2048, 2048, 2048, 2048, 2048, 2048, 2048, 2048]","[2048, 2048, 2048, 2048, 2048, 2048]",305
1256,9999,18,20,2025-04-04T03:24:05.328000+00:00,33.053,42.364,18.452,273.0,301,False,93.869,"[2048, 2048, 2048, 2048, 2048, 2048, 2048, 2048, 2048]","[2048, 2048, 2048, 2048, 2048, 2048, 2048, 2048, 2048, 2048, 2048]","[2048, 2048, 2048, 2048, 2048, 2048]",301
1256,9999,62,19,2025-04-04T03:24:06.366000+00:00,33.585,42.889,18.659,,302,False,95.133,"[None, 2048, 2048, 2048, 2048, 2048, 2048, 2048, 2048]","[2048, 2048, 2048, 2048, 2048, 2048, 2048, 2048, 2048, 2048, 2048]","[2048, 2048, 2048, 2048, 2048, 2048]",300
1256,9999,23,20,2025-04-04T03:24:10.146000+00:00,33.207,42.608,18.295,271.0,303,False,94.11,"[2048, 2048, 2048, 2048, 2048, 2048, 2048, 2048, 2048]","[2048, 2048, 2048, 2048, 2048, 2048, 2048, 2048, 2048, 2048, 2048]","[2048, 2048, 2048, 2048, 2048, 2048]",303
1256,9999,1,18,2025-04-04T03:24:14.841000+00:00,33.065,42.541,18.38,276.0,303,False,93.986,"[None, 2048, 2048, 2048, 2048, 2048, 2048, 2048, 2048]","[2048, 2048, 2048, 2048, 2048, 2048, 2048, 2048, 2048, 2048, 2048]","[2048, 2048, 2048, 2048, 2048, 2048]",293
1256,9999,6,23,2025-04-04T03:24:16.196000+00:00,33.469,42.741,18.409,273.0,302,False,94.619,"[None, 2048, 2048, 2048, 2048, 2048, 2048, 2048, 2048]","[2048, 2048, 2048, 2048, 2048, 2048, 2048, 2048, 2048, 2048, 2048]","[2048, 2048, 2048, 2048, 2048, 2048]",299
1256,9999,22,20,2025-04-04T03:24:21.821000+00:00,33.628,42.802,18.408,274.0,302,False,94.838,"[None, 2048, 2048, 2048, 2048, 2048, 2048, 2048, 2048]","[2048, 2048, 2048, 2048, 2048, 2048, 2048, 2048, 2048, 2048, 2048]","[2048, 2048, 2048, 2048, 2048, 2048]",302
1256,9999,12,23,2025-04-04T03:24:35.017000+00:00,33.294,42.828,18.333,275.0,303,False,94.455,"[None, 2048, 2048, 2048, 2048, 2048, 2048, 2048, 2048]","[2048, 2048, 2048, 2048, 2048, 2048, 2048, 2048, 2048, 2048, 2048]","[2048, 2048, 2048, 2048, 2048, 2048]",304
1256,9999,81,20,2025-04-04T03:24:35.049000+00:00,36.187,42.825,18.254,273.0,303,False,97.266,"[2049, 2051, 2048, 2048, 2048, 2048, 2048, 2048, 2048]","[2048, 2048, 2048, 2048, 2048, 2048, 2048, 2048, 2048, 2048, 2048]","[2048, 2048, 2048, 2048, 2048, 2048]",304
1256,9999,31,17,2025-04-04T03:24:43.997000+00:00,31.492,40.987,17.811,276.0,304,False,90.29,"[2048, 2049, 2049, 2049, 2049, 2049, 2048, 2048, 2048]","[2048, 2049, 2049, 2049, 2048, 2049, 2049, 2049, 2048, 2049, 2049]","[2049, 2049, 2048, 2048, 2048, 2048]",303
1256,9999,55,23,2025-04-04T03:24:44.425000+00:00,33.06,42.732,18.163,275.0,302,False,93.955,"[None, 2048, 2048, 2048, 2048, 2048, 2048, 2048, 2048]","[2048, 2048, 2048, 2048, 2048, 2048, 2048, 2048, 2048, 2048, 2048]","[2048, 2048, 2048, 2048, 2048, 2048]",303
1256,9999,44,20,2025-04-04T03:24:50.226000+00:00,32.852,42.593,18.252,267.0,302,False,93.697,"[None, 2048, 2048, 2048, 2048, 2048, 2048, 2048, 2048]","[2048, 2048, 2048, 2048, 2048, 2048, 2048, 2048, 2048, 2048, 2048]","[2048, 2048, 2048, 2048, 2048, 2048]",300
1256,9999,63,24,2025-04-04T03:24:56.430000+00:00,32.39,42.768,18.352,277.0,304,False,93.51,"[None, 2048, 2048, 2048, 2048, 2048, 2048, 2048, 2048]","[2048, 2048, 2048, 2048, 2048, 2048, 2048, 2048, 2048, 2048, 2048]","[2048, 2048, 2048, 2048, 2048, 2048]",307
1256,9999,30,23,2025-04-04T03:25:04.735000+00:00,33.0,42.829,18.551,273.0,299,False,94.38,"[None, 2048, 2048, 2048, 2048, 2048, 2048, 2048, 2048]","[2048, 2048, 2048, 2048, 2048, 2048, 2048, 2048, 2048, 2048, 2048]","[2048, 2048, 2048, 2048, 2048, 2048]",298
1256,9999,16,22,2025-04-04T03:25:11.017000+00:00,32.421,42.549,18.324,270.0,302,False,93.294,"[None, 2048, 2048, 2048, 2048, 2048, 2048, 2048, 2048]","[2048, 2048, 2048, 2048, 2048, 2048, 2048, 2048, 2048, 2048, 2048]","[2048, 2048, 2048, 2048, 2048, 2048]",303
1256,9999,27,16,2025-04-04T03:25:14.419000+00:00,32.734,42.385,18.149,273.0,301,False,93.268,"[None, 2048, 2048, 2048, 2048, 2048, 2048, 2048, 2048]","[2048, 2048, 2048, 2048, 2048, 2048, 2048, 2048, 2048, 2048, 2048]","[2048, 2048, 2048, 2048, 2048, 2048]",302
1256,9999,10,19,2025-04-04T03:25:21.525000+00:00,33.063,42.904,18.251,270.0,306,False,94.218,"[None, 2048, 2048, 2048, 2048, 2048, 2048, 2048, 2048]","[2048, 2048, 2048, 2048, 2048, 2048, 2048, 2048, 2048, 2048, 2048]","[2048, 2048, 2048, 2048, 2048, 2048]",305
1256,9999,5,22,2025-04-04T03:25:23.543000+00:00,32.822,43.021,18.337,,303,False,94.18,"[None, 2048, 2048, 2048, 2048, 2048, 2048, 2048, 2048]","[2048, 2048, 2048, 2048, 2048, 2048, 2048, 2048, 2048, 2048, 2048]","[2048, 2048, 2048, 2048, 2048, 2048]",300
1256,9999,14,21,2025-04-04T03:25:27.854000+00:00,32.777,42.421,18.221,270.0,304,False,93.419,"[None, 2048, 2048, 2048, 2048, 2048, 2048, 2048, 2048]","[2048, 2048, 2048, 2048, 2048, 2048, 2048, 2048, 2048, 2048, 2048]","[2048, 2048, 2048, 2048, 2048, 2048]",302
1256,9999,4,20,2025-04-04T03:25:31.558000+00:00,32.365,42.332,18.171,274.0,304,False,92.868,"[None, 2048, 2048, 2048, 2048, 2048, 2048, 2048, 2048]","[2048, 2048, 2048, 2048, 2048, 2048, 2048, 2048, 2048, 2048, 2048]","[2048, 2048, 2048, 2048, 2048, 2048]",306
1256,9999,18,21,2025-04-04T03:25:39.286000+00:00,32.603,42.551,18.325,271.0,302,False,93.479,"[None, 2048, 2048, 2048, 2048, 2048, 2048, 2048, 2048]","[2048, 2048, 2048, 2048, 2048, 2048, 2048, 2048, 2048, 2048, 2048]","[2048, 2048, 2048, 2048, 2048, 2048]",304
1256,9999,62,20,2025-04-04T03:25:41.554000+00:00,33.373,42.93,18.42,271.0,303,False,94.723,"[None, 2048, 2048, 2048, 2048, 2048, 2048, 2048, 2048]","[2048, 2048, 2048, 2048, 2048, 2048, 2048, 2048, 2048, 2048, 2048]","[2048, 2048, 2048, 2048, 2048, 2048]",303
1256,9999,23,21,2025-04-04T03:25:44.244000+00:00,33.1,42.694,18.642,,304,False,94.436,"[None, 2048, 2048, 2048, 2048, 2048, 2048, 2048, 2048]","[2048, 2048, 2048, 2048, 2048, 2048, 2048, 2048, 2048, 2048, 2048]","[2048, 2048, 2048, 2048, 2048, 2048]",305
1256,9999,1,19,2025-04-04T03:25:48.876000+00:00,32.96,42.9,18.423,,301,False,94.283,"[None, 2048, 2048, 2048, 2048, 2048, 2048, 2048, 2048]","[2048, 2048, 2048, 2048, 2048, 2048, 2048, 2048, 2048, 2048, 2048]","[2048, 2048, 2048, 2048, 2048, 2048]",294
1256,9999,6,24,2025-04-04T03:25:50.841000+00:00,33.295,42.874,18.486,274.0,301,False,94.655,"[None, 2048, 2048, 2048, 2048, 2048, 2048, 2048, 2048]","[2048, 2048, 2048, 2048, 2048, 2048, 2048, 2048, 2048, 2048, 2048]","[2048, 2048, 2048, 2048, 2048, 2048]",299
1256,9999,22,21,2025-04-04T03:25:56.747000+00:00,33.476,42.9,18.862,,303,False,95.238,"[None, 2048, 2048, 2048, 2048, 2048, 2048, 2048, 2048]","[2048, 2048, 2048, 2048, 2048, 2048, 2048, 2048, 2048, 2048, 2048]","[2048, 2048, 2048, 2048, 2048, 2048]",305
1256,9999,12,24,2025-04-04T03:26:08.994000+00:00,33.068,54.261,19.413,,300,False,106.742,"[None, 2048, 2048, 2048, 2048, 2048, 2048, 2048, 2048]","[2048, 2048, 2048, 2048, 2048, 2048, 2048, 2048, 2048, 2048, 2048]","[2048, 2048, 2048, 2048, 2048, 2048]",266
1256,9999,81,21,2025-04-04T03:26:12.335000+00:00,32.392,42.641,18.327,272.0,302,False,93.36,"[2048, 2048, 2048, 2048, 2048, 2048, 2048, 2048, 2048]","[2048, 2048, 2048, 2048, 2048, 2048, 2048, 2048, 2048, 2048, 2048]","[2048, 2048, 2048, 2048, 2048, 2048]",304
1256,9999,31,18,2025-04-04T03:26:14.210000+00:00,50.431,65.844,34.652,188.0,121,False,150.927,"[None, 2048, 2048, 2048, 2048, 2048, 2048, 2048, 2048]","[2048, 2048, 2048, 2048, 2048, 2048, 2048, 2048, 2048, 2048, 2048]","[2048, 2048, 2048, 2048, 2048, 2048]",192
1256,9999,55,24,2025-04-04T03:26:18.476000+00:00,32.939,43.287,18.415,273.0,301,False,94.641,"[None, 2048, 2048, 2048, 2048, 2048, 2048, 2048, 2048]","[2048, 2048, 2048, 2048, 2048, 2048, 2048, 2048, 2048, 2048, 2048]","[2048, 2048, 2048, 2048, 2048, 2048]",303
1256,9999,44,21,2025-04-04T03:26:24.029000+00:00,32.519,42.449,18.46,269.0,302,False,93.428,"[None, 2048, 2048, 2048, 2048, 2048, 2048, 2048, 2048]","[2048, 2048, 2048, 2048, 2048, 2048, 2048, 2048, 2048, 2048, 2048]","[2048, 2048, 2048, 2048, 2048, 2048]",301
1256,9999,63,25,2025-04-04T03:26:30.021000+00:00,32.319,42.752,18.448,,303,False,93.519,"[None, 2048, 2048, 2048, 2048, 2048, 2048, 2048, 2048]","[2048, 2048, 2048, 2048, 2048, 2048, 2048, 2048, 2048, 2048, 2048]","[2048, 2048, 2048, 2048, 2048]",304
1256,9999,30,24,2025-04-04T03:26:39.165000+00:00,33.126,43.001,18.57,,298,False,94.697,"[None, 2048, 2048, 2048, 2048, 2048, 2048, 2048, 2048]","[2048, 2048, 2048, 2048, 2048, 2048, 2048, 2048, 2048, 2048, 2048]","[2048, 2048, 2048, 2048, 2048, 2048]",298
1256,9999,16,23,2025-04-04T03:26:44.200000+00:00,32.371,42.751,18.408,272.0,300,False,93.53,"[None, 2048, 2048, 2048, 2048, 2048, 2048, 2048, 2048]","[2048, 2048, 2048, 2048, 2048, 2048, 2048, 2048, 2048, 2048, 2048]","[2048, 2048, 2048, 2048, 2048, 2048]",304
1256,9999,27,17,2025-04-04T03:26:47.739000+00:00,32.777,42.782,18.345,265.0,299,False,93.904,"[None, 2048, 2048, 2048, 2048, 2048, 2048, 2048, 2048]","[2048, 2048, 2048, 2048, 2048, 2048, 2048, 2048, 2048, 2048, 2048]","[2048, 2048, 2048, 2048, 2048, 2048]",292
1256,9999,10,20,2025-04-04T03:26:55.816000+00:00,32.853,42.912,18.269,,304,False,94.034,"[None, 2048, 2048, 2048, 2048, 2048, 2048, 2048, 2048]","[2048, 2048, 2048, 2048, 2048, 2048, 2048, 2048, 2048, 2048, 2048]","[2048, 2048, 2048, 2048, 2048, 2048]",305
1256,9999,5,23,2025-04-04T03:26:57.738000+00:00,32.681,42.83,18.353,267.0,301,False,93.864,"[None, 2048, 2048, 2048, 2048, 2048, 2048, 2048, 2048]","[2048, 2048, 2048, 2048, 2048, 2048, 2048, 2048, 2048, 2048, 2048]","[2048, 2048, 2048, 2048, 2048, 2048]",302
1256,9999,14,22,2025-04-04T03:27:01.284000+00:00,32.61,42.476,18.164,,302,False,93.25,"[None, 2048, 2048, 2048, 2048, 2048, 2048, 2048, 2048]","[2048, 2048, 2048, 2048, 2048, 2048, 2048, 2048, 2048, 2048, 2048]","[2048, 2048, 2048, 2048, 2048, 2048]",301
1256,9999,4,21,2025-04-04T03:27:04.535000+00:00,32.423,42.501,18.247,,301,False,93.171,"[None, 2048, 2048, 2048, 2048, 2048, 2048, 2048, 2048]","[2048, 2048, 2048, 2048, 2048, 2048, 2049, 2048, 2048, 2048, 2048]","[2048, 2048, 2048, 2048, 2048, 2048]",303
1256,9999,18,22,2025-04-04T03:27:12.782000+00:00,32.885,42.249,18.41,270.0,301,False,93.544,"[None, 2048, 2048, 2048, 2048, 2048, 2048, 2048, 2048]","[2048, 2048, 2048, 2048, 2048, 2048, 2048, 2048, 2048, 2048, 2048]","[2048, 2048, 2048, 2048, 2048, 2048]",302
1256,9999,62,21,2025-04-04T03:27:16.319000+00:00,33.317,42.854,18.367,270.0,302,False,94.538,"[None, 2048, 2048, 2048, 2048, 2048, 2048, 2048, 2048]","[2048, 2048, 2048, 2048, 2048, 2048, 2048, 2048, 2048, 2048, 2048]","[2048, 2048, 2048, 2048, 2048, 2048]",302
1256,9999,23,22,2025-04-04T03:27:18.764000+00:00,33.015,42.646,18.335,270.0,304,False,93.996,"[None, 2048, 2048, 2048, 2048, 2048, 2048, 2048, 2048]","[2048, 2048, 2048, 2048, 2048, 2048, 2048, 2048, 2048, 2048, 2048]","[2048, 2048, 2048, 2048, 2048, 2048]",305
1256,9999,1,20,2025-04-04T03:27:23.060000+00:00,33.131,43.137,18.611,274.0,300,False,94.879,"[None, 2048, 2048, 2048, 2048, 2048, 2048, 2048, 2048]","[2048, 2048, 2048, 2048, 2048, 2048, 2048, 2048, 2048, 2048, 2048]","[2048, 2048, 2048, 2048, 2048, 2048]",296
1256,9999,6,25,2025-04-04T03:27:25.463000+00:00,33.36,43.203,18.63,273.0,300,False,95.193,"[None, 2048, 2048, 2048, 2048, 2048, 2048, 2048, 2048]","[2048, 2048, 2048, 2048, 2048, 2048, 2048, 2048, 2048, 2048, 2048]","[2048, 2048, 2048, 2048, 2048, 2048]",299
1256,9999,22,22,2025-04-04T03:27:32.032000+00:00,34.108,43.274,18.674,273.0,301,False,96.056,"[None, 2048, 2048, 2048, 2048, 2048, 2048, 2048, 2048]","[2048, 2048, 2048, 2048, 2048, 2048, 2048, 2048, 2048, 2048, 2048]","[2048, 2048, 2048, 2048, 2048, 2048]",301
1256,9999,87,14,2025-04-04T03:27:41.583000+00:00,,47.902,19.417,205.0,280,True,882.618,"[2064, 2064, 2048, 2048, 2048, 2048, 2048, 2048, 2048]","[2048, 2048, 2048, 2048, 2048, 2048, 2048, 2048, 2048, 2048, 2048]","[2048, 2048, 2048, 2048, 2048, 2048]",273
1256,9999,81,22,2025-04-04T03:27:45.630000+00:00,32.56,42.36,18.282,274.0,302,False,93.202,"[None, 2048, 2048, 2048, 2048, 2048, 2048, 2048, 2048]","[2048, 2048, 2048, 2048, 2048, 2048, 2048, 2048, 2048, 2048, 2048]","[2048, 2048, 2048, 2048, 2048, 2048]",302
1256,9999,55,25,2025-04-04T03:27:53.086000+00:00,33.006,42.614,18.431,271.0,302,False,94.051,"[None, 2048, 2048, 2048, 2048, 2048, 2048, 2048, 2048]","[2048, 2048, 2048, 2048, 2048, 2048, 2048, 2048, 2048, 2048, 2048]","[2048, 2048, 2048, 2048, 2048, 2048]",304
1256,9999,12,25,2025-04-04T03:27:55.649000+00:00,34.248,42.986,18.355,273.0,302,False,95.589,"[None, 2048, 2048, 2048, 2048, 2048, 2048, 2048, 2048]","[2048, 2048, 2048, 2048, 2048, 2048, 2048, 2048, 2048, 2048, 2048]","[2048, 2048, 2048, 2048, 2048, 2048]",303
1256,9999,44,22,2025-04-04T03:27:57.431000+00:00,33.292,43.111,22.096,266.0,303,False,98.499,"[None, 2048, 2048, 2048, 2048, 2048, 2048, 2048, 2048]","[2048, 2048, 2048, 2048, 2048, 2048, 2048, 2048, 2048, 2048, 2048]","[2048, 2048, 2048, 2048, 2048]",206
1256,9999,63,26,2025-04-04T03:28:03.760000+00:00,32.377,42.925,18.615,276.0,302,False,93.917,"[None, 2048, 2048, 2048, 2048, 2048, 2048, 2048, 2048]","[2048, 2048, 2048, 2048, 2048, 2048, 2048, 2048, 2048, 2048, 2048]","[2048, 2048, 2048, 2048, 2048, 2048]",302
1256,9999,30,25,2025-04-04T03:28:13.815000+00:00,33.144,43.015,18.567,272.0,297,False,94.726,"[None, 2048, 2048, 2048, 2048, 2048, 2048, 2048, 2048]","[2048, 2048, 2048, 2048, 2048, 2048, 2048, 2048, 2048, 2048, 2048]","[2048, 2048, 2048, 2048, 2048, 2048]",298
1256,9999,16,24,2025-04-04T03:28:17.899000+00:00,32.558,42.872,18.439,,299,False,93.869,"[None, 2048, 2048, 2048, 2048, 2048, 2048, 2048, 2048]","[2048, 2048, 2048, 2048, 2048, 2048, 2048, 2048, 2048, 2048, 2048]","[2048, 2048, 2048, 2048, 2048, 2048]",302
1256,9999,27,18,2025-04-04T03:28:21.657000+00:00,32.616,42.345,18.481,266.0,298,False,93.442,"[None, 2048, 2048, 2048, 2048, 2048, 2048, 2048, 2048]","[2048, 2048, 2048, 2048, 2048, 2048, 2048, 2048, 2048, 2048, 2048]","[2048, 2048, 2048, 2048, 2048, 2048]",289
1256,9999,10,21,2025-04-04T03:28:29.909000+00:00,32.938,42.96,18.33,273.0,304,False,94.228,"[None, 2048, 2048, 2048, 2048, 2048, 2048, 2048, 2048]","[2048, 2048, 2048, 2048, 2048, 2048, 2048, 2048, 2048, 2048, 2048]","[2048, 2048, 2048, 2048, 2048, 2048]",303
1256,9999,5,24,2025-04-04T03:28:31.646000+00:00,32.674,43.001,18.433,268.0,301,False,94.108,"[None, 2048, 2048, 2048, 2048, 2048, 2048, 2048, 2048]","[2048, 2048, 2048, 2048, 2048, 2049, 2048, 2048, 2048, 2048, 2048]","[2048, 2048, 2048, 2048, 2048, 2048]",296
1256,9999,14,23,2025-04-04T03:28:34.538000+00:00,33.059,42.564,18.457,,301,False,94.08,"[None, 2048, 2048, 2048, 2048, 2048, 2048, 2048, 2048]","[2048, 2048, 2048, 2048, 2048, 2048, 2048, 2048, 2048, 2048, 2048]","[2048, 2048, 2048, 2048, 2048, 2048]",298
1256,9999,4,22,2025-04-04T03:28:37.661000+00:00,33.722,42.42,18.305,275.0,302,False,94.447,"[None, 2048, 2048, 2048, 2048, 2048, 2048, 2048, 2048]","[2048, 2048, 2048, 2048, 2048, 2048, 2048, 2048, 2048, 2048, 2048]","[2048, 2048, 2048, 2048, 2048, 2048]",302
1256,9999,31,19,2025-04-04T03:28:45.270000+00:00,31.285,40.916,17.922,277.0,302,False,90.123,"[None, 2049, 2049, 2049, 2049, 2049, 2049, 2049, 2049]","[2049, 2048, 2048, 2049, 2048, 2049, 2049, 2049, 2049, 2048, 2048]","[2048, 2048, 2048, 2048, 2048, 2048]",298
1256,9999,18,23,2025-04-04T03:28:46.259000+00:00,33.095,47.444,23.766,273.0,183,False,104.305,"[None, 2048, 2048, 2048, 2048, 2048, 2048, 2048, 2048]","[2048, 2048, 2048, 2048, 2048, 2048, 2049, 2048, 2048, 2048, 2048]","[2048, 2048, 2048, 2048, 2048, 2048]",199
1256,9999,62,22,2025-04-04T03:28:50.896000+00:00,33.004,43.002,18.569,272.0,301,False,94.575,"[None, 2048, 2048, 2048, 2048, 2048, 2048, 2048, 2048]","[2048, 2048, 2048, 2048, 2048, 2049, 2048, 2048, 2048, 2048, 2048]","[2048, 2048, 2048, 2048, 2048, 2048]",298
1256,9999,23,23,2025-04-04T03:28:52.641000+00:00,33.014,42.764,19.329,,303,False,95.107,"[None, 2048, 2048, 2048, 2048, 2048, 2048, 2048, 2048]","[2048, 2048, 2048, 2048, 2048, 2048, 2048, 2048, 2048, 2048, 2048]","[2048, 2048, 2048, 2048, 2048, 2048]",233
1256,9999,1,21,2025-04-04T03:28:57.947000+00:00,33.006,42.925,18.33,277.0,300,False,94.261,"[None, 2048, 2048, 2048, 2048, 2048, 2048, 2048, 2048]","[2048, 2048, 2048, 2048, 2048, 2048, 2049, 2048, 2048, 2048, 2048]","[2048, 2048, 2048, 2048, 2048, 2048]",300
1256,9999,6,26,2025-04-04T03:29:00.719000+00:00,33.166,42.952,18.526,276.0,300,False,94.644,"[None, 2048, 2048, 2048, 2048, 2048, 2048, 2048, 2048]","[2048, 2048, 2048, 2048, 2048, 2048, 2048, 2048, 2048, 2048, 2048]","[2048, 2048, 2048, 2048, 2048, 2048]",297
1256,9999,22,23,2025-04-04T03:29:08.035000+00:00,33.71,43.051,18.578,276.0,300,False,95.339,"[None, 2048, 2048, 2048, 2048, 2048, 2048, 2048, 2048]","[2048, 2048, 2048, 2048, 2048, 2048, 2048, 2048, 2048, 2048, 2048]","[2048, 2048, 2048, 2048, 2048, 2048]",299
1256,9999,81,23,2025-04-04T03:29:18.938000+00:00,32.408,42.326,18.201,275.0,301,False,92.935,"[None, 2048, 2048, 2048, 2048, 2048, 2048, 2048, 2048]","[2048, 2048, 2048, 2048, 2048, 2048, 2048, 2048, 2048, 2048, 2048]","[2048, 2048, 2048, 2048, 2048]",302
1256,9999,87,15,2025-04-04T03:29:26.316000+00:00,31.374,40.922,17.781,278.0,301,False,90.077,"[2048, 2048, 2049, 2049, 2049, 2048, 2049, 2049, 2049]","[2049, 2049, 2048, 2048, 2048, 2049, 2049, 2049, 2049, 2049, 2049]","[2049, 2048, 2048, 2048, 2048, 2048]",301
1256,9999,55,26,2025-04-04T03:29:27.101000+00:00,33.051,42.79,18.241,269.0,302,False,94.082,"[None, 2048, 2048, 2048, 2048, 2048, 2048, 2048, 2048]","[2048, 2048, 2048, 2048, 2048, 2048, 2048, 2048, 2048, 2048, 2048]","[2048, 2048, 2048, 2048, 2048, 2048]",303
1256,9999,12,26,2025-04-04T03:29:31.217000+00:00,33.009,42.724,18.194,276.0,303,False,93.927,"[None, 2048, 2048, 2048, 2048, 2048, 2048, 2048, 2048]","[2048, 2048, 2048, 2048, 2048, 2048, 2049, 2048, 2048, 2048, 2048]","[2048, 2048, 2048, 2048, 2048]",303
1256,9999,44,23,2025-04-04T03:29:35.842000+00:00,32.386,42.451,18.255,275.0,301,False,93.092,"[None, 2048, 2048, 2048, 2048, 2048, 2048, 2048, 2048]","[2048, 2048, 2048, 2048, 2048, 2048, 2048, 2048, 2048, 2048, 2048]","[2048, 2048, 2048, 2048, 2048, 2048]",303
1256,9999,63,27,2025-04-04T03:29:37.478000+00:00,34.688,51.694,24.036,240.0,240,False,110.418,"[None, 2048, 2048, 2048, 2048, 2048, 2048, 2048, 2048]","[2048, 2048, 2048, 2048, 2048, 2048, 2048, 2048, 2048, 2048, 2048]","[2048, 2048, 2048, 2048, 2048, 2048]",195
1256,9999,30,26,2025-04-04T03:29:48.574000+00:00,33.008,42.909,18.453,274.0,300,False,94.37,"[None, 2048, 2048, 2048, 2048, 2048, 2048, 2048, 2048]","[2048, 2048, 2048, 2048, 2048, 2048, 2048, 2048, 2048, 2048, 2048]","[2048, 2048, 2048, 2048, 2048, 2048]",301
1256,9999,16,25,2025-04-04T03:29:51.705000+00:00,32.546,42.866,18.454,273.0,301,False,93.866,"[None, 2048, 2048, 2048, 2048, 2048, 2048, 2048, 2048]","[2048, 2048, 2048, 2048, 2048, 2048, 2048, 2048, 2048, 2048, 2048]","[2048, 2048, 2048, 2048, 2048, 2048]",303
1256,9999,27,19,2025-04-04T03:29:55.068000+00:00,32.222,42.237,18.356,273.0,301,False,92.815,"[None, 2048, 2048, 2048, 2048, 2048, 2048, 2048, 2048]","[2049, 2048, 2048, 2048, 2048, 2048, 2048, 2048, 2048, 2048, 2048]","[2048, 2048, 2048, 2048, 2048, 2048]",302
1256,9999,10,22,2025-04-04T03:30:04.045000+00:00,41.374,51.61,33.059,221.0,271,False,126.043,"[None, 2048, 2048, 2048, 2048, 2048, 2048, 2048, 2048]","[2048, 2048, 2048, 2048, 2048, 2048, 2048, 2048, 2048, 2048, 2048]","[2048, 2048, 2048, 2048, 2048, 2048]",206
1256,9999,5,25,2025-04-04T03:30:05.701000+00:00,40.717,49.158,32.012,253.0,278,False,121.887,"[None, 2048, 2048, 2048, 2048, 2048, 2048, 2048, 2048]","[2048, 2048, 2048, 2048, 2048, 2048, 2048, 2048, 2048, 2048, 2048]","[2048, 2048, 2048, 2048, 2048, 2048]",229
1256,9999,14,24,2025-04-04T03:30:08.624000+00:00,45.113,52.868,34.51,187.0,200,False,132.491,"[None, 2048, 2048, 2048, 2048, 2048, 2048, 2048, 2048]","[2048, 2048, 2048, 2048, 2048, 2048, 2048, 2048, 2048, 2048, 2048]","[2048, 2048, 2048, 2048, 2048, 2048]",135
1256,9999,4,23,2025-04-04T03:30:12.194000+00:00,38.73,60.424,32.846,191.0,179,False,132.0,"[None, 2048, 2048, 2048, 2048, 2048, 2048, 2048, 2048]","[2048, 2048, 2048, 2048, 2048, 2048, 2048, 2048, 2048, 2048, 2048]","[2048, 2048, 2048, 2048, 2048, 2048]",232
1256,9999,31,20,2025-04-04T03:30:15.357000+00:00,45.856,60.978,32.33,182.0,199,False,139.164,"[None, 2048, 2048, 2048, 2048, 2048, 2048, 2048, 2048]","[2048, 2048, 2048, 2048, 2048, 2048, 2048, 2048, 2048, 2048, 2048]","[2048, 2048, 2048, 2048, 2048, 2048]",180
1256,9999,62,23,2025-04-04T03:30:25.323000+00:00,42.909,56.836,33.905,199.0,240,False,133.65,"[None, 2048, 2048, 2048, 2048, 2048, 2048, 2048, 2048]","[2048, 2048, 2048, 2048, 2048, 2048, 2048, 2048, 2048, 2048, 2048]","[2048, 2048, 2048, 2048, 2048, 2048]",179
1256,9999,23,24,2025-04-04T03:30:27.795000+00:00,42.178,57.554,36.513,191.0,202,False,136.245,"[None, 2048, 2048, 2048, 2048, 2048, 2048, 2048, 2048]","[2048, 2048, 2048, 2048, 2048, 2048, 2048, 2048, 2048, 2048, 2048]","[2048, 2048, 2048, 2048, 2048, 2048]",145
1256,9999,18,24,2025-04-04T03:30:30.521000+00:00,45.784,56.941,35.251,199.0,200,False,137.976,"[None, 2048, 2048, 2048, 2048, 2048, 2048, 2048, 2048]","[2048, 2048, 2048, 2048, 2048, 2048, 2048, 2048, 2048, 2048, 2048]","[2048, 2048, 2048, 2048, 2048, 2048]",156
1256,9999,1,22,2025-04-04T03:30:32.352000+00:00,49.542,63.608,32.705,164.0,177,False,145.855,"[None, 2048, 2048, 2048, 2048, 2048, 2048, 2048, 2048]","[2048, 2048, 2048, 2048, 2048, 2048, 2048, 2048, 2048, 2048, 2048]","[2048, 2048, 2048, 2048, 2048, 2048]",162
1256,9999,6,27,2025-04-04T03:30:35.267000+00:00,55.053,57.535,32.028,186.0,226,False,144.616,"[None, 2048, 2048, 2048, 2048, 2048, 2048, 2048, 2048]","[2048, 2048, 2048, 2048, 2048, 2048, 2048, 2048, 2048, 2048, 2048]","[2048, 2048, 2048, 2048, 2048, 2048]",151
1256,9999,22,24,2025-04-04T03:30:43.427000+00:00,50.266,61.361,35.705,154.0,186,False,147.332,"[None, 2048, 2048, 2048, 2048, 2048, 2048, 2048, 2048]","[2048, 2048, 2048, 2048, 2048, 2048, 2048, 2048, 2048, 2048, 2048]","[2048, 2048, 2048, 2048, 2048, 2048]",160
1256,9999,81,24,2025-04-04T03:30:51.704000+00:00,36.615,53.835,34.613,229.0,238,False,125.063,"[None, 2048, 2048, 2048, 2048, 2048, 2048, 2048, 2048]","[2048, 2048, 2048, 2048, 2048, 2048, 2048, 2048, 2048, 2048, 2048]","[2048, 2048, 2048, 2048, 2048, 2048]",204
1256,9999,87,16,2025-04-04T03:30:56.413000+00:00,47.712,49.438,29.003,231.0,278,False,126.153,"[None, 2048, 2048, 2048, 2048, 2048, 2048, 2048, 2048]","[2048, 2048, 2048, 2048, 2048, 2048, 2048, 2048, 2048, 2048, 2048]","[2048, 2048, 2048, 2048, 2048, 2048]",277
1256,9999,55,27,2025-04-04T03:31:01.217000+00:00,44.535,67.358,33.404,154.0,170,False,145.297,"[None, 2048, 2048, 2048, 2048, 2048, 2048, 2048, 2048]","[2048, 2048, 2048, 2048, 2048, 2048, 2048, 2048, 2048, 2048, 2048]","[2048, 2048, 2048, 2048, 2048, 2048]",169
1256,9999,12,27,2025-04-04T03:31:05.176000+00:00,40.837,48.021,32.901,155.0,291,False,121.759,"[None, 2048, 2048, 2048, 2048, 2048, 2048, 2048, 2048]","[2048, 2048, 2048, 2048, 2048, 2048, 2048, 2048, 2048, 2048, 2048]","[2048, 2048, 2048, 2048, 2048, 2048]",266
1256,9999,44,24,2025-04-04T03:31:09.007000+00:00,52.143,60.73,30.013,164.0,241,False,142.886,"[None, 2048, 2048, 2048, 2048, 2048, 2048, 2048, 2048]","[2048, 2048, 2048, 2048, 2048, 2048, 2048, 2048, 2048, 2048, 2048]","[2048, 2048, 2048, 2048, 2048, 2048]",203
1256,9999,30,27,2025-04-04T03:31:22.810000+00:00,40.464,63.357,35.814,201.0,209,False,139.635,"[None, 2048, 2048, 2048, 2048, 2048, 2048, 2048, 2048]","[2048, 2048, 2048, 2048, 2048, 2048, 2048, 2048, 2048, 2048, 2048]","[2048, 2048, 2048, 2048, 2048, 2048]",176
1256,9999,16,26,2025-04-04T03:31:25.539000+00:00,48.579,77.279,38.509,151.0,152,False,164.367,"[None, 2048, 2048, 2048, 2048, 2048, 2048, 2048, 2048]","[2048, 2048, 2048, 2048, 2048, 2048, 2048, 2048, 2048, 2048, 2048]","[2048, 2048, 2048, 2048, 2048, 2048]",146
1256,9999,63,28,2025-04-04T03:31:27.902000+00:00,48.84,61.567,30.264,238.0,264,False,140.671,"[None, 2048, 2048, 2048, 2048, 2048, 2048, 2048, 2048]","[2048, 2048, 2048, 2048, 2048, 2048, 2048, 2048, 2048, 2048, 2048]","[2048, 2048, 2048, 2048, 2048, 2048]",270
1256,9999,27,20,2025-04-04T03:31:28.024000+00:00,38.256,58.089,31.177,193.0,210,False,127.522,"[None, 2048, 2048, 2048, 2048, 2048, 2048, 2048, 2048]","[2048, 2048, 2048, 2048, 2048, 2048, 2048, 2048, 2048, 2048, 2048]","[2048, 2048, 2048, 2048, 2048, 2048]",192
1256,9999,5,26,2025-04-04T03:32:07.560000+00:00,76.673,50.171,25.829,248.0,275,False,152.673,"[None, 2048, 2048, 2048, 2048, 2048, 2048, 2048, 2048]","[2048, 2048, 2048, 2048, 2048, 2048, 2048, 2048, 2048, 2048, 2048]","[2048, 2048, 2048, 2064, 2064, 2064]",206
1256,9999,10,23,2025-04-04T03:32:10.041000+00:00,71.976,43.145,20.888,270.0,301,False,136.009,"[None, 2048, 2048, 2048, 2048, 2048, 2048, 2048, 2048]","[2048, 2048, 2048, 2048, 2048, 2048, 2048, 2048, 2048, 2048, 2048]","[2048, 2048, 2048, 2064, 2064, 2064]",306
1256,9999,14,25,2025-04-04T03:32:20.990000+00:00,76.03,46.183,23.59,269.0,266,False,145.803,"[None, 2048, 2048, 2048, 2048, 2048, 2048, 2048, 2048]","[2048, 2048, 2048, 2048, 2048, 2048, 2048, 2048, 2048, 2048, 2048]","[2048, 2048, 2048, 2064, 2064, 2064]",192
1256,9999,4,24,2025-04-04T03:32:24.090000+00:00,86.704,52.673,22.591,212.0,240,False,161.968,"[None, 2048, 2048, 2048, 2048, 2048, 2048, 2048, 2048]","[2048, 2048, 2048, 2048, 2048, 2048, 2048, 2048, 2048, 2048, 2048]","[2048, 2048, 2048, 2064, 2064, 2064]",246
1256,9999,31,21,2025-04-04T03:32:34.559000+00:00,75.275,45.319,21.76,272.0,279,False,142.354,"[None, 2048, 2048, 2048, 2048, 2048, 2048, 2048, 2048]","[2048, 2048, 2048, 2048, 2048, 2048, 2048, 2048, 2048, 2048, 2048]","[2048, 2048, 2048, 2064, 2064, 2064]",281
1256,9999,62,24,2025-04-04T03:32:39.088000+00:00,78.958,48.943,24.649,266.0,276,False,152.55,"[None, 2048, 2048, 2048, 2048, 2048, 2048, 2048, 2048]","[2048, 2048, 2048, 2048, 2048, 2048, 2048, 2048, 2048, 2048, 2048]","[2048, 2048, 2048, 2064, 2064, 2064]",205
1256,9999,23,25,2025-04-04T03:32:44.022000+00:00,61.029,42.655,20.622,270.0,301,False,124.306,"[None, 2048, 2048, 2048, 2048, 2048, 2048, 2048, 2048]","[2048, 2048, 2048, 2048, 2048, 2048, 2048, 2048, 2048, 2048, 2048]","[2048, 2048, 2048, 2064, 2064, 2064]",302
1256,9999,18,25,2025-04-04T03:32:48.584000+00:00,67.276,49.06,25.258,252.0,240,False,141.594,"[None, 2048, 2048, 2048, 2048, 2048, 2048, 2048, 2048]","[2048, 2048, 2048, 2048, 2048, 2048, 2048, 2048, 2048, 2048, 2048]","[2048, 2048, 2048, 2064, 2064, 2064]",211
1256,9999,81,25,2025-04-04T03:32:56.785000+00:00,63.856,54.183,24.905,240.0,240,False,142.944,"[None, 2048, 2048, 2048, 2048, 2048, 2048, 2048, 2048]","[2048, 2048, 2048, 2048, 2048, 2048, 2048, 2048, 2048, 2048, 2048]","[2048, 2048, 2048, 2064, 2064, 2064]",252
1256,9999,1,23,2025-04-04T03:32:58.146000+00:00,66.6,44.674,24.165,257.0,282,False,135.439,"[None, 2048, 2048, 2048, 2048, 2048, 2048, 2048, 2048]","[2048, 2048, 2048, 2048, 2048, 2048, 2048, 2048, 2048, 2048, 2048]","[2048, 2048, 2048, 2064, 2064, 2064]",278
1256,9999,6,28,2025-04-04T03:32:59.883000+00:00,67.896,47.805,26.677,272.0,262,False,142.378,"[None, 2048, 2048, 2048, 2048, 2048, 2048, 2048, 2048]","[2048, 2048, 2048, 2048, 2048, 2048, 2048, 2048, 2048, 2048, 2048]","[2048, 2048, 2048, 2064, 2064, 2064]",217
1256,9999,87,17,2025-04-04T03:33:02.549000+00:00,66.289,47.288,29.209,278.0,236,False,142.786,"[None, 2048, 2048, 2048, 2048, 2048, 2048, 2048, 2048]","[2048, 2048, 2048, 2048, 2048, 2048, 2048, 2048, 2048, 2048, 2048]","[2048, 2048, 2048, 2064, 2064, 2064]",87
1256,9999,12,28,2025-04-04T03:33:06.940000+00:00,74.043,45.206,22.928,257.0,287,False,142.177,"[None, 2048, 2048, 2048, 2048, 2048, 2048, 2048, 2048]","[2048, 2048, 2048, 2048, 2048, 2048, 2048, 2048, 2048, 2048, 2048]","[2048, 2048, 2048, 2064, 2064, 2064]",245
1256,9999,22,25,2025-04-04T03:33:10.651000+00:00,84.901,54.837,24.034,179.0,277,False,163.772,"[None, 2048, 2048, 2048, 2048, 2048, 2048, 2048, 2048]","[2048, 2048, 2048, 2048, 2048, 2048, 2048, 2048, 2048, 2048, 2048]","[2048, 2048, 2048, 2064, 2064, 2064]",226
1256,9999,55,28,2025-04-04T03:33:26.563000+00:00,67.289,50.092,24.305,265.0,174,False,141.686,"[None, 2048, 2048, 2048, 2048, 2048, 2048, 2048, 2048]","[2048, 2048, 2048, 2048, 2048, 2048, 2048, 2048, 2048, 2048, 2048]","[2048, 2048, 2048, 2064, 2064, 2064]",239
1256,9999,44,25,2025-04-04T03:33:31.868000+00:00,64.948,45.185,20.723,263.0,294,False,130.856,"[None, 2048, 2048, 2048, 2048, 2048, 2048, 2048, 2048]","[2048, 2048, 2048, 2048, 2048, 2048, 2048, 2048, 2048, 2048, 2048]","[2048, 2048, 2048, 2064, 2064, 2064]",286
1256,9999,27,21,2025-04-04T03:33:35.435000+00:00,66.869,44.72,22.936,257.0,281,False,134.525,"[None, 2048, 2048, 2048, 2048, 2048, 2048, 2048, 2048]","[2048, 2048, 2048, 2048, 2048, 2048, 2048, 2048, 2048, 2048, 2048]","[2048, 2048, 2048, 2064, 2064, 2064]",282
1256,9999,30,28,2025-04-04T03:33:42.641000+00:00,72.138,60.865,32.108,190.0,200,False,165.111,"[None, 2048, 2048, 2048, 2048, 2048, 2048, 2048, 2048]","[2048, 2048, 2048, 2048, 2048, 2048, 2048, 2048, 2048, 2048, 2048]","[2048, 2048, 2048, 2064, 2064, 2064]",157
1256,9999,63,29,2025-04-04T03:33:48.579000+00:00,73.81,47.37,26.536,266.0,269,False,147.716,"[None, 2048, 2048, 2048, 2048, 2048, 2048, 2048, 2048]","[2048, 2048, 2048, 2048, 2048, 2048, 2048, 2048, 2048, 2048, 2048]","[2048, 2048, 2048, 2064, 2064, 2064]",270
1256,9999,16,27,2025-04-04T03:34:09.877000+00:00,70.226,46.739,22.091,273.0,276,False,139.056,"[None, 2048, 2048, 2048, 2048, 2048, 2048, 2048, 2048]","[2048, 2048, 2048, 2048, 2048, 2048, 2048, 2048, 2048, 2048, 2048]","[2048, 2048, 2048, 2064, 2064, 2064]",283
